tree
version=v4
num_class=1
num_tree_per_iteration=1
label_index=0
max_feature_idx=8
objective=regression
feature_names=Column_0 Column_1 Column_2 Column_3 Column_4 Column_5 Column_6 Column_7 Column_8
feature_infos=none [0.49990000000000001:15.0001] [1:52] [0.88888888888888884:141.90909090909091] [0.33333333333333331:25.63636363636364] [3:35682] [0.69230769230769229:1243.333333333333] [32.549999999999997:41.950000000000003] [-124.34999999999999:-114.31]
tree_sizes=3002 3074 3153 3077 3104 3154 3160 3100 3117 3138 3129 3113 2971 3140 3166 3018 3042 3061 2991 3033 2873 3141 2866 2962 2665 3240 2476 2963 2867 2901 2424 2483 2481 3150

Tree=0
num_leaves= 32
num_cat= 0
full_tree_array_lgbids= 0 1 2 5 3 4 10 9 11 6 7 15 12 19 22 14 13 24 20 25 8 18 16 27 17 26 21 30 29 23 28 -1 -16 -11 -15 -7 -26 -13 -22 -3 -27 -8 -10 -5 -20 -9 -18 -2 -29 -17 -19 -6 -28 -14 -23 -4 -32 -21 -31 -12 -25 -24 -30
split_feature= 1 1 1 6 6 3 2 1 7 1 1 1 1 6 3 2 6 6 2 2 6 2 1 2 7 1 6 1 5 7 4
split_gain= 6988.21 1685.71 1292.68 976.883 432.028 318.946 234.616 213.54 187.966 181.765 156.823 137.683 121.627 113.539 112.066 108.437 106.244 96.2393 86.1363 74.1112 67.7939 44.5337 34.2941 38.0105 34.2259 31.7661 31.4795 29.1576 26.7249 17.0661 10.2271
threshold= 5.0387000000000013 3.0679500000000002 6.8672000000000013 2.3489548886254448 2.671038674349933 4.3101408005062494 24.500000000000004 4.0775500000000013 37.815000000000005 2.2210000000000005 7.852450000000001 2.4115000000000006 5.7307500000000013 2.4907552973342448 3.449226804123712 19.500000000000004 2.9005380231986346 2.0653737590585881 43.500000000000007 26.500000000000004 2.2906328481453726 27.500000000000004 8.7395500000000013 28.500000000000004 35.335000000000008 3.5330000000000008 2.9742256672023202 5.6402500000000009 139.50000000000003 37.645000000000003 1.0103851166134901
decision_type= 2 2 2 2 2 2 2 2 2 2 2 2 2 2 2 2 2 2 2 2 2 2 2 2 2 2 2 2 2 2 2
left_child=1 5 4 6 15 9 25 18 -8 14 19 24 26 -11 -1 27 -9 -17 -5 30 -13 -14 23 -12 -7 -3 -6 -2 -24 -21 -4
right_child=2 3 10 7 12 11 8 16 -10 13 22 20 21 -15 -16 17 -18 -19 -20 29 -22 -23 28 -25 -26 -27 -28 -29 -30 -31 -32
leaf_value= 2.0405687631288161 2.122367892078735 2.0619325518895399 2.1860943173854421 2.0293758741925956 2.1246833370498446 1.9807571227445304 2.1984147209355398 2.1002101309481218 2.0795283240852767 2.0970408790997888 2.2611911907323741 2.043693994763716 2.1410397950488846 2.0327038778370752 1.9814897297846104 2.3293276008777508 2.055796547371648 2.2183144165789459 2.080533949453383 2.3136092887030801 1.9920349409095919 2.1974100577568745 2.2256631944098948 2.3423931801380187 1.9518240180001829 2.1119780300641722 2.0841198818403921 2.1915848606410337 2.348659992346585 2.2369779892674675 2.2272434057145407
leaf_weight=503 128 198 107 2717 312 636 733 1016 163 430 147 309 586 767 899 91 1158 572 377 129 1491 187 19 97 1194 369 516 120 346 39 156
leaf_count=503 128 198 107 2717 312 636 733 1016 163 430 147 309 586 767 899 91 1158 572 377 129 1491 187 19 97 1194 369 516 120 346 39 156
model_size=3504
internal_value=2.07195 2.03789 2.19622 2.07259 2.15739 2.00039 2.1449 2.05251 2.17679 2.02716 2.28999 1.98123 2.12609 2.05582 2.00269 2.2124 2.07655 2.23355 2.03561 2.24376 2.0009 2.15468 2.32271 2.29347 1.96188 2.0945 2.0994 2.15586 2.34226 2.29582 2.2105
internal_weight=0 12960 3552 6731 2512 6229 1463 5268 896 2599 1040 3630 1601 1197 1402 911 2174 663 3094 431 1800 773 609 244 1830 567 828 248 365 168 263
internal_count=16512 12960 3552 6731 2512 6229 1463 5268 896 2599 1040 3630 1601 1197 1402 911 2174 663 3094 431 1800 773 609 244 1830 567 828 248 365 168 263
is_linear=0
shrinkage=1


Tree=1
num_leaves= 31
num_cat= 0
full_tree_array_lgbids= 0 1 2 5 3 4 12 13 6 7 9 18 16 19 23 14 29 8 10 27 11 17 15 24 20 22 21 26 25 -14 28 -1 -16 -15 -31 -7 -10 -8 -12 -3 -29 -9 -13 -5 -19 -11 -17 -2 -26 -20 -22 -6 -24 -18 -23 -4 -28 -21 -27 -2147483648 -2147483648 -25 -30
split_feature= 1 1 1 6 6 6 7 2 8 1 8 6 1 7 8 6 1 2 2 2 6 2 6 5 1 7 1 7 6 7
split_gain= 5661.41 1464.43 948.499 834.671 324.734 312.788 226.802 222.08 180.629 175.164 142.396 140.254 127.125 118.721 135.232 109.72 84.7806 82.228 81.5566 81.3329 63.3686 40.678 28.8355 20.5148 19.9625 15.6627 15.2978 14.0256 11.6348 7.9269
threshold= 5.1326000000000009 3.1792500000000001 6.8672000000000013 2.2982753493904258 2.6585924622132828 2.1628386478062818 34.455000000000005 19.500000000000004 -117.77499999999999 4.1119000000000012 -121.63499999999998 1.9628175980828908 8.4454500000000028 37.935000000000009 -118.24499999999999 2.8335312747426764 5.8308000000000009 47.500000000000007 21.500000000000004 26.500000000000004 2.2038024706228287 27.500000000000004 3.1262267671728927 70.000000000000014 5.6402500000000009 37.645000000000003 7.3930000000000016 37.955000000000005 3.1747392355722384 38.815000000000005
decision_type= 2 2 2 2 2 2 2 2 2 2 2 2 2 2 2 2 2 2 2 2 2 2 2 2 2 2 2 2 2 2
left_child=1 5 4 7 18 13 8 27 -7 17 -8 -9 19 14 -1 -11 22 -5 24 26 -20 -18 -6 -14 -2 -21 -4 -3 -25 -15
right_child=2 3 12 9 16 6 10 11 -10 15 -12 -13 23 29 -16 -17 21 -19 20 25 -22 -23 -24 28 -26 -27 -28 -29 -30 -31
leaf_value= 0.044230430953254636 0.051710352190187048 0.021716185106585423 0.11257013540252361 -0.033517635639986235 0.048827385960445342 -0.032418481581660212 -0.062115720910071164 0.16254536505971776 -0.086464694131891839 0.033086021130256597 -0.10739158312721281 0.077517444901220187 0.10762568108427029 -0.060880741065378358 -0.039420649286328324 -0.010822406174656622 0.064840007462105109 0.030431795661703398 0.22015546661538954 0.22502748265708844 0.13662539405426799 0.12128281233978436 0.010032595539933747 0.25069624308012767 0.11076683308929205 0.16209582549591478 0.15471344836835946 -0.036636348605155945 0.20779113991926593 -0.10328082793857903
leaf_weight=447 107 300 153 2681 418 1871 1128 305 928 1009 1827 539 11.999999999999998 181 343 1321 524 219 117 194 423 172 367 331 131 52 215 50 83 64
leaf_count=447 107 300 153 2681 418 1871 1128 305 928 1009 1827 539 12 181 343 1321 524 219 117 194 423 172 367 331 131 52 215 50 83 64
model_size=3392
internal_value=0 -0.02926 0.117191 0.00497081 0.0807981 -0.0616504 -0.0707621 0.0804366 -0.0503373 -0.0122579 -0.0901086 0.108244 0.19624 -0.0109948 0.00791104 0.00819202 0.0532941 -0.0286884 0.133154 0.167054 0.154724 0.0787885 0.0306902 0.238307 0.0842162 0.211725 0.137192 0.0133801 0.242094 -0.0719567
internal_weight=0 13213 3299 6424 2259 6789 5754 1194 2799 5230 2955 844 1040 1035 790 2330 1481 2900 778 614 540 696 785 426 238 246 368 350 414 245
internal_count=16512 13213 3299 6424 2259 6789 5754 1194 2799 5230 2955 844 1040 1035 790 2330 1481 2900 778 614 540 696 785 426 238 246 368 350 414 245
is_linear=0
shrinkage=0.1


Tree=2
num_leaves= 32
num_cat= 0
full_tree_array_lgbids= 0 1 2 6 3 4 8 13 10 5 9 17 16 11 22 19 28 21 15 7 29 14 12 25 18 20 27 26 30 23 24 -1 -21 -15 -30 -8 -23 -12 -17 -3 -9 -7 -31 -5 -16 -11 -14 -2 -27 -19 -20 -6 -22 -18 -29 -4 -28 -13 -32 -10 -25 -24 -26
split_feature= 1 1 1 6 6 7 3 8 1 1 1 2 2 6 3 6 6 2 6 8 2 6 2 1 5 5 6 1 8 8 6
split_gain= 4598.37 1128.17 865.276 696.226 244.927 233.319 211.078 190.609 188.384 154.737 110.598 102.457 87.016 81.3471 76.8945 69.3959 57.0445 53.2252 58.2336 46.6276 32.0916 26.8909 24.2771 20.0609 18.2867 17.9063 17.6758 16.2422 15.7851 13.0606 12.466
threshold= 5.0387000000000013 2.8762500000000002 6.3963500000000009 2.4136952392348086 2.5827178004959954 37.995000000000012 3.8792159595040387 -122.35499999999998 7.852450000000001 3.8346500000000003 2.2948000000000004 26.500000000000004 42.500000000000007 3.0973600929976173 5.1947827066293142 2.2906328481453726 3.0375944537846187 21.500000000000004 2.0653737590585881 -117.145 20.500000000000004 2.1718174014038287 20.500000000000004 9.1688500000000008 139.50000000000003 358.50000000000006 2.6585924622132828 5.6851000000000012 -117.79499999999999 -122.27499999999999 2.2820667453403218
decision_type= 2 2 2 2 2 2 2 2 2 2 2 2 2 2 2 2 2 2 2 2 2 2 2 2 2 2 2 2 2 2 2
left_child=1 6 4 5 17 7 13 -3 11 14 21 26 -11 19 -5 -12 20 25 -19 -1 -6 -8 23 -10 -24 -2 -4 -18 -15 -7 -13
right_child=2 3 8 9 16 29 10 -9 22 12 15 30 -14 28 -16 -17 27 18 -20 -21 -22 -23 24 -25 -26 -27 -28 -29 -30 -31 -32
leaf_value= 0.0049431311228497277 -0.032807712559588253 0.15525302710059363 0.14084475033302257 -0.021756683590240855 0.028230403204931018 -0.0085063570053042735 -0.060645489713293081 0.050020475173194502 0.14853231923033794 -0.0097105011414146177 -0.017268745650373115 0.22271335677554213 0.048191479024689475 -0.047618668565411859 -0.05477748556130882 -0.06618015511440789 0.0064548819710920071 0.21353098875597906 0.11639004326505781 -0.07594990942899775 0.072191242709795947 -0.094691603641533117 0.10804279883702597 0.2121658910191461 0.22251148384886901 0.079527981925297891 0.091775990409602978 0.037027274828742698 -0.098404657180820199 -0.05778816729577671 0.16594247938094972
leaf_weight=605 15.999999999999998 195 94 1556 249 85 273 1509 120 2424 363 48 293 699 1309 1511 434 76 348 82 529 1819 14.999999999999998 89 385 179 397 309 70 167 264
leaf_count=605 16 195 94 1556 249 85 273 1509 120 2424 363 48 293 699 1309 1511 434 76 348 82 529 1819 15 89 385 179 397 309 70 167 264
model_size=3504
internal_value=0 -0.027629 0.100809 -0.00259932 0.0607028 0.0487636 -0.0624268 0.0620629 0.161592 -0.0205975 -0.0743991 0.12973 -0.00346638 -0.0298153 -0.0368437 -0.0567059 0.0390936 0.113801 0.133802 -0.00471222 0.0581215 -0.0902487 0.203603 0.17563 0.218219 0.0703107 0.10117 0.0191694 -0.0522416 -0.0411653 0.174676
internal_weight=0 12960 3552 7538 2140 1956 5422 1704 1412 5582 3966 803 2717 1456 2865 1874 1521 619 424 687 778 2092 609 209 400 195 491 743 769 252 312
internal_count=16512 12960 3552 7538 2140 1956 5422 1704 1412 5582 3966 803 2717 1456 2865 1874 1521 619 424 687 778 2092 609 209 400 195 491 743 769 252 312
is_linear=0
shrinkage=0.1


Tree=3
num_leaves= 31
num_cat= 0
full_tree_array_lgbids= 0 1 3 4 2 5 18 12 7 6 9 15 16 20 24 13 28 10 11 23 8 14 17 26 19 21 22 25 27 -20 29 -1 -15 -14 -30 -6 -12 -9 -13 -3 -25 -8 -10 -4 -16 -11 -19 -2 -28 -17 -21 -7 -23 -18 -24 -5 -27 -22 -29 -2147483648 -2147483648 -26 -31
split_feature= 1 1 6 1 6 6 2 7 6 1 8 8 7 8 8 2 1 2 1 6 2 7 2 8 5 8 4 7 7 6
split_gain= 3751.29 1110.91 608.943 493.037 211.246 182.383 182.042 173.234 167.353 148.504 143.8 110.415 87.1333 101.149 84.5559 65.7449 63.3834 54.3196 45.2262 38.1865 36.664 18.4158 16.6036 15.7653 15.4892 13.6697 12.8515 7.58245 6.13365 5.2465
threshold= 5.3736000000000006 3.1913000000000005 2.4136952392348086 7.3930000000000016 2.1628386478062818 2.7472725830126556 19.500000000000004 34.455000000000005 1.9628175980828908 4.5301500000000017 -118.29499999999999 -121.63499999999998 37.935000000000009 -118.25499999999998 -122.38499999999998 21.500000000000004 6.2770500000000009 18.500000000000004 8.7395500000000013 2.2038024706228287 28.500000000000004 37.955000000000005 26.500000000000004 -117.26499999999999 70.000000000000014 -117.71499999999999 1.0671403331650682 37.805000000000007 38.515000000000008 3.3334890965732087
decision_type= 2 2 2 2 2 2 2 2 2 2 2 2 2 2 2 2 2 2 2 2 2 2 2 2 2 2 2 2 2 2
left_child=1 4 6 5 12 15 23 10 -8 14 -6 -9 13 -1 -4 26 21 -11 20 -17 25 -7 -18 -3 -20 -5 -2 -22 -14 -26
right_child=3 2 9 18 7 16 8 11 -10 17 -12 -13 28 -15 -16 19 22 -19 24 -21 27 -23 -24 -25 29 -27 -28 -29 -30 -31
leaf_value= 0.039451119854282381 0.050074562027042073 0.014673601934889589 0.030514567816019827 0.13942493334412576 0.005603701120295318 0.041814640331748476 0.14168041119293776 -0.049775768694974729 0.057326321117961099 -0.011524787454914474 -0.050956955529434571 -0.089487059237286545 -0.040077449281091748 -0.032641468240347297 -0.026036457895962137 0.19169570167078495 0.074722188845143797 0.028210208805655102 0.084323451295495039 0.12229882029350847 0.19785748734412825 -0.0098791204986628158 0.1249871934029986 -0.035042475343216216 0.20684665706422597 0.083465739440614903 0.097836052051910732 0.13821679582553251 -0.074009032937504313 0.16504856269610557
leaf_weight=445 133 394 290 205 564 668 320 1141 901 515 2266 1841 98 350 3289 97 350 1076 11.999999999999998 480 136 80 85 80 315 59 107 28 149 38
leaf_count=445 133 394 290 205 564 668 320 1141 901 515 2266 1841 98 350 3289 97 350 1076 12 480 136 80 85 80 315 59 107 28 149 38
model_size=3392
internal_value=0 -0.0215082 0.00693386 0.105646 -0.0499958 0.0791724 0.0589774 -0.0574411 0.0794339 -0.0101288 -0.0396848 -0.0742924 -0.00846804 0.00771224 -0.0214542 0.115577 0.0540309 0.0153482 0.172416 0.133965 0.150199 0.0362859 0.0845441 0.0062827 0.198467 0.126919 0.0713682 0.187675 -0.0605463 0.202347
internal_weight=0 13719 6865 2793 6854 2000 1695 5812 1221 5170 2830 2982 1042 795 3579 817 1183 1591 793 577 428 748 435 474 365 264 240 164 247 353
internal_count=16512 13719 6865 2793 6854 2000 1695 5812 1221 5170 2830 2982 1042 795 3579 817 1183 1591 793 577 428 748 435 474 365 264 240 164 247 353
is_linear=0
shrinkage=0.1


Tree=4
num_leaves= 31
num_cat= 0
full_tree_array_lgbids= 0 1 3 4 2 7 19 11 5 8 13 17 16 22 24 12 27 6 10 23 9 14 15 26 18 20 21 28 29 25 -26 -1 -14 -13 -29 -6 -8 -7 -12 -3 -25 -10 -11 -4 -16 -15 -17 -2 -28 -19 -20 -9 -22 -18 -23 -5 -30 -24 -31 -21 -27 -2147483648 -2147483648
split_feature= 1 1 6 1 6 7 8 6 2 6 8 7 8 6 7 8 1 2 4 2 2 2 1 8 7 5 5 7 4 3
split_gain= 3059.47 1019.32 453.178 313.165 266.952 148.287 164.504 136.554 133.541 132.43 131.222 120.309 115.095 103.858 109.717 47.0684 44.6542 33.449 26.5409 26.1178 24.8936 20.3653 17.0955 12.5412 12.4022 11.9479 9.82921 9.51793 5.98647 2.45784
threshold= 5.6042500000000013 3.5488500000000003 2.4136952392348086 7.7055000000000016 2.2352443515477258 34.455000000000005 -117.77499999999999 2.6529733204757315 19.500000000000004 1.9628175980828908 -121.63499999999998 37.915000000000006 -122.31499999999998 2.9742256672023202 37.915000000000006 -121.48499999999999 6.3350000000000009 21.500000000000004 1.0435797675926601 18.500000000000004 36.500000000000007 25.500000000000004 8.7395500000000013 -117.98499999999999 37.975000000000001 139.50000000000003 565.50000000000011 39.505000000000003 1.0003353454057682 6.7403703703703712
decision_type= 2 2 2 2 2 2 2 2 2 2 2 2 2 2 2 2 2 2 2 2 2 2 2 2 2 2 2 2 2 2
left_child=1 4 8 7 11 6 -6 17 23 -10 -7 12 -1 14 -4 -15 20 26 -19 22 -9 -18 28 -3 25 -21 -2 -13 -5 -24
right_child=3 2 13 19 5 10 -8 16 9 -11 -12 27 -14 15 -16 -17 21 18 -20 24 -22 -23 29 -25 -26 -27 -28 -29 -30 -31
leaf_value= 0.12221329533233401 0.028301499305026873 0.030065627903550985 0.024989935387350698 0.071385632569973295 -0.01853103332494694 -0.039557564729227793 -0.066178408721960041 0.038478877448761661 0.1500604770951352 0.063741580624560895 -0.079747494244217509 -0.046868625673093543 0.0036107076454320389 0.010885972737028085 -0.028745861697969922 -0.024781538724009646 0.070774336081202927 0.11809887295596214 0.17224842198446497 0.084594182962817815 0.1151922637358942 0.11436277262430308 0.10993223860859871 -0.0078481021603303298 0.062439170777797703 0.18124780129463092 0.095506151175086818 -0.093185839004683912 0.12314968413540295 0.1694644680754705
leaf_weight=89 28 230 1823 39 2253 1361 1075 589 236 736 2043 293 1099 483 484 1690 373 253 147 13.999999999999998 47 158 9.9999999999999982 154 9.9999999999999982 439 141 57 70 88
leaf_count=89 28 230 1823 39 2253 1361 1075 589 236 736 2043 293 1099 483 484 1690 373 253 147 14 47 158 10 154 10 439 141 57 70 88
model_size=3392
internal_value=0 -0.0177795 0.0142316 0.104238 -0.0403692 -0.0489682 -0.0339219 0.0817999 0.0649222 0.0846997 -0.0636786 -0.00273014 0.0124959 -0.00111143 0.0137164 -0.0168536 0.0621647 0.122071 0.137999 0.162378 0.0441479 0.0837442 0.132448 0.0148606 0.175759 0.178261 0.0843717 -0.0544117 0.104629 0.16339
internal_weight=0 14106 5836 2406 8270 6732 3328 1736 1356 972 3404 1538 1188 4480 2307 2173 1167 569 400 670 636 531 207 384 463 453 169 350 109 98
internal_count=16512 14106 5836 2406 8270 6732 3328 1736 1356 972 3404 1538 1188 4480 2307 2173 1167 569 400 670 636 531 207 384 463 453 169 350 109 98
is_linear=0
shrinkage=0.1


Tree=5
num_leaves= 32
num_cat= 0
full_tree_array_lgbids= 0 2 1 5 3 4 10 18 15 6 7 11 13 12 23 19 29 30 17 21 9 8 20 22 14 24 16 27 26 25 28 -1 -21 -20 -31 -7 -32 -17 -19 -4 -23 -8 -11 -5 -10 -9 -22 -2 -24 -13 -16 -6 -26 -15 -18 -3 -29 -14 -28 -12 -27 -25 -30
split_feature= 1 1 1 6 6 3 2 7 8 7 1 2 2 2 6 1 8 3 8 7 7 1 1 8 1 7 7 6 1 7 6
split_gain= 2532.4 658.174 500.817 385.782 218.227 138.895 130.882 125.863 210.056 115.747 104.805 61.2941 60.9028 57.3336 51.3286 49.9702 48.8613 38.5737 30.6352 34.6109 21.0992 18.8351 18.6322 17.681 14.344 13.9547 13.1176 12.0485 10.9209 8.91728 7.81168
threshold= 4.5301500000000017 6.3350000000000009 2.5894500000000007 2.2634687595142249 2.5219735498882589 3.6482937607122259 24.500000000000004 37.935000000000009 -122.24499999999999 37.815000000000005 7.852450000000001 21.500000000000004 26.500000000000004 16.500000000000004 2.0653737590585881 1.9486000000000003 -117.65499999999999 4.4053436317780594 -118.27499999999999 37.935000000000009 39.355000000000011 3.3627000000000002 5.6402500000000009 -118.00499999999998 5.4090500000000015 38.275000000000013 37.615000000000002 3.102783329035586 10.027200000000002 34.115000000000002 2.0231950334409352
decision_type= 2 2 2 2 2 2 2 2 2 2 2 2 2 2 2 2 2 2 2 2 2 2 2 2 2 2 2 2 2 2 2
left_child=2 4 5 6 11 18 21 8 -5 -8 12 22 27 24 -13 30 -15 -17 19 -1 -9 -4 -2 25 -6 -12 -14 -3 -25 -20 -7
right_child=1 10 3 7 13 15 9 20 -10 -11 23 14 26 16 -16 17 -18 -19 29 -21 -22 -23 -24 28 -26 -27 -28 -29 -30 -31 -32
leaf_value= 0.012117743446681969 0.026387971632642556 0.086716340036793182 -0.02280445498773126 0.068901415246001643 -0.01534550204371116 -0.049344614402462655 0.078091628408663308 -0.044191697640284446 -0.018588063996571074 -0.014747681463675867 0.16130969908919029 0.15929502011873786 0.13896144098723559 0.036356463537148095 0.084308055511275515 -0.032343891037603385 -0.023574800258394431 -0.061684693709160313 -0.041331448148151761 -0.070271137153419358 -0.082670796677642489 0.015684306962861903 0.089867827136601727 0.09778046139813576 0.014511714554519382 0.038622040003538138 0.089891499487488105 0.055276955451519616 0.15771283166749139 0.013646502265972752 -0.07926172752628019
leaf_weight=397 204 304 244 293 404 104 728 1008 4591 166 453 117 261 1626 445 689 151 1357 380 60 173 289 63 97 292 9.9999999999999982 74 226 49 35 1222
leaf_count=397 204 304 244 293 404 104 728 1008 4591 166 453 117 261 1626 445 689 151 1357 380 60 173 289 63 97 292 10 74 226 49 35 1222
model_size=3504
internal_value=0 0.0613988 -0.0249864 -0.00942684 0.0365818 -0.052454 0.0374009 -0.0204447 -0.0133394 0.060853 0.116993 0.0810608 0.0945379 0.0216715 0.0999192 -0.0616787 0.0312638 -0.051804 -0.0167819 0.00130082 -0.0498283 -0.00193531 0.0413664 0.148887 -0.0028192 0.15866 0.128122 0.0733101 0.117895 -0.0366948 -0.0769153
internal_weight=0 4776 11736 7492 3302 4244 1427 6065 4884 894 1474 829 865 2473 562 3372 1777 2046 872 457 1181 533 267 609 696 463 335 530 146 415 1326
internal_count=16512 4776 11736 7492 3302 4244 1427 6065 4884 894 1474 829 865 2473 562 3372 1777 2046 872 457 1181 533 267 609 696 463 335 530 146 415 1326
is_linear=0
shrinkage=0.1


Tree=6
num_leaves= 32
num_cat= 0
full_tree_array_lgbids= 0 2 1 7 3 4 9 10 17 8 5 15 14 13 22 16 25 26 21 23 11 6 12 20 18 19 24 29 28 27 30 -1 -18 -12 -27 -9 -28 -19 -23 -4 -25 -10 -13 -5 -8 -7 -14 -2 -22 -17 -20 -6 -21 -16 -26 -3 -31 -15 -30 -11 -29 -24 -32
split_feature= 1 1 1 6 6 6 7 3 2 1 6 7 8 2 6 2 7 1 6 7 5 7 2 2 7 3 6 1 7 8 5
split_gain= 2051.86 481.785 454.294 319.298 170.233 120.027 131.085 119.351 98.7414 84.9814 55.4209 53.733 44.7818 42.7794 42.6372 39.2194 38.6355 35.1368 33.6862 32.587 19.841 18.9244 18.7828 15.166 14.3482 13.6078 13.3958 11.8573 10.7768 10.6734 9.32564
threshold= 4.6754000000000007 6.3350000000000009 2.7820000000000005 2.0653737590585881 2.5288691539219195 2.8079590171801518 37.935000000000009 4.2015099382944241 24.500000000000004 7.7055000000000016 3.0973600929976173 37.815000000000005 -122.38499999999998 26.500000000000004 3.0375944537846187 21.500000000000004 37.915000000000006 2.2210000000000005 2.0653737590585881 37.955000000000005 374.50000000000006 39.285000000000004 18.500000000000004 16.500000000000004 37.775000000000013 3.0522493994321906 1.9139224725972623 8.7395500000000013 37.615000000000002 -122.21499999999999 139.50000000000003
decision_type= 2 2 2 2 2 2 2 2 2 2 2 2 2 2 2 2 2 2 2 2 2 2 2 2 2 2 2 2 2 2 2
left_child=2 4 7 8 15 6 -5 10 23 13 16 -10 -7 29 19 20 -1 26 -17 -6 -2 -19 27 -4 -16 -12 -9 -11 -15 -3 -24
right_child=1 9 3 5 14 12 -8 17 11 22 25 -13 -14 28 24 18 -18 21 -20 -21 -22 -23 30 -25 -26 -27 -28 -29 -30 -31 -32
leaf_value= 0.00063518148806396876 -0.049601518066430636 0.12282181248301641 -0.0091523677969496415 0.014145988078233342 0.041437028975974267 0.020198098520158789 -0.034518177096898313 -0.026211389813834102 0.097678374441017235 0.082681065084361433 -0.014401938209613397 -0.0029786853185449279 -0.028751953161978167 0.1231276332562023 0.010604784553332948 0.14550179829029367 -0.056761574735864996 -0.041817113313863681 0.079781015019075627 -0.0065733162661576099 0.052292475773720072 -0.080258654335488552 0.062272938589255013 0.035360831138379394 -0.026435008071481237 -0.046011706809321408 -0.069498946638094847 0.13223879371142508 0.076619160250909091 0.0608670820574604 0.14586568993483004
leaf_weight=828 22 32 167 2261 982 203 739 80 409 109 172 62 3040 240 900 100 140 1371 397 170 208 148 14.999999999999998 156 126 898 1459 98 69 463 448
leaf_count=828 22 32 167 2261 982 203 739 80 409 109 172 62 3040 240 900 100 140 1371 397 170 208 148 15 156 126 898 1459 98 69 463 448
model_size=3504
internal_value=0 0.0586889 -0.0211818 -0.00470043 0.0350417 -0.0123067 0.00215838 -0.0439407 0.0551053 0.105294 -0.0251307 0.0844284 -0.0256879 0.08327 0.0210226 0.0770411 -0.007666 -0.0564766 0.0930045 0.0343522 0.0425461 -0.0455626 0.131722 0.0123463 0.00605604 -0.0409305 -0.0672488 0.106143 0.112742 0.0648722 0.143158
internal_weight=0 4379 12133 7037 2905 6243 3000 5096 794 1474 2038 471 3243 804 2178 727 968 3058 497 1152 230 1519 670 323 1026 1070 1539 207 309 495 463
internal_count=16512 4379 12133 7037 2905 6243 3000 5096 794 1474 2038 471 3243 804 2178 727 968 3058 497 1152 230 1519 670 323 1026 1070 1539 207 309 495 463
is_linear=0
shrinkage=0.1


Tree=7
num_leaves= 31
num_cat= 0
full_tree_array_lgbids= 0 1 3 4 2 6 16 13 7 5 11 15 19 20 25 23 14 8 9 10 22 12 17 27 18 21 26 24 28 -18 29 -1 -25 -15 -16 -6 -10 -9 -11 -3 -12 -7 -24 -4 -14 -13 -19 -2 -29 -17 -20 -8 -23 -21 -28 -5 -26 -22 -30 -2147483648 -2147483648 -27 -31
split_feature= 1 1 6 1 6 7 6 7 8 8 2 8 7 2 7 2 1 7 6 2 2 1 8 8 4 5 3 4 7 4
split_gain= 1686.36 493.626 285.688 227.611 134.104 125.365 102.554 96.6433 131.129 125.101 95.4294 74.1512 82.0946 45.5553 42.0633 35.9209 26.0947 25.1498 25.0362 23.4905 19.6226 19.0323 17.9636 16.0128 10.0019 9.58744 7.49447 7.06993 6.3242 2.87341
threshold= 5.2771000000000017 3.3941500000000002 2.5102460737381374 7.2638000000000007 2.0376051459673437 37.935000000000009 2.7472725830126556 34.455000000000005 -118.30499999999999 -120.09499999999998 19.500000000000004 -117.79499999999999 37.915000000000006 27.500000000000004 37.975000000000001 16.500000000000004 9.1688500000000008 33.655000000000008 2.2038024706228287 40.500000000000007 28.500000000000004 6.0886500000000003 -122.35499999999998 -118.10499999999998 1.0076024985240879 70.000000000000014 6.6568740261296906 1.0671403331650682 37.645000000000003 0.88056399418835041
decision_type= 2 2 2 2 2 2 2 2 2 2 2 2 2 2 2 2 2 2 2 2 2 2 2 2 2 2 2 2 2 2
left_child=1 4 5 6 13 10 15 8 -6 -9 -3 12 -4 23 -15 27 20 -13 -17 21 24 -8 -7 -1 -5 -18 -21 -2 -22 -27
right_child=3 2 11 16 7 22 19 9 -10 -11 -12 17 -14 14 -16 18 25 -19 -20 26 28 -23 -24 -25 -26 29 -28 -29 -30 -31
leaf_value= -0.0012619384543763267 0.014335230146587658 0.0095141289986474826 0.0066557830519129836 0.060998965450209768 0.019040572992765206 0.013489708609387772 0.018152575185137215 -0.037127621829279978 -0.033366659706953378 -0.080929786088976066 0.06699119924107462 -0.018802332390623636 -0.032428590558988897 0.042895697639095509 -0.042237113157785694 0.12808220913441526 0.044225913782914482 -0.056632968688626655 0.078058621720937679 0.059092749793004863 0.13292530742701053 0.044099968870893583 -0.042744827908355487 -0.04059110098808516 0.097640813849688146 0.079350904598832137 0.14169482803344727 0.057553465738211101 0.087818210240867403 0.14155382103953804
leaf_weight=270 88 396 2665 132 584 91 686 2638 2713 874 1104 384 682 357 71 126 11.999999999999998 345 579 24 164 519 172 183 209 9.9999999999999982 25 82 45 282
leaf_count=270 88 396 2665 132 584 91 686 2638 2713 874 1104 384 682 357 71 126 12 345 579 24 164 519 172 183 209 10 25 82 45 282
model_size=3392
internal_value=0 -0.0150099 0.00692999 0.0680755 -0.0316688 0.0406133 0.0505478 -0.036434 -0.0240837 -0.0480283 0.0518173 -0.00763913 -0.00130823 0.00516008 0.0287732 0.0769316 0.111771 -0.0367057 0.086999 0.0321381 0.0985643 0.0293283 -0.0232873 -0.0171499 0.0834569 0.135666 0.101237 0.0351817 0.123213 0.139424
internal_weight=0 13529 5839 2983 7690 1763 2129 6809 3297 3512 1500 4076 3347 881 428 875 854 729 705 1254 550 1205 263 453 341 304 49 170 209 292
internal_count=16512 13529 5839 2983 7690 1763 2129 6809 3297 3512 1500 4076 3347 881 428 875 854 729 705 1254 550 1205 263 453 341 304 49 170 209 292
is_linear=0
shrinkage=0.1


Tree=8
num_leaves= 31
num_cat= 0
full_tree_array_lgbids= 0 2 1 7 4 3 11 21 16 12 5 8 15 13 25 29 22 17 19 24 14 6 10 28 9 18 23 20 27 26 -27 -1 -31 -23 -24 -9 -19 -18 -21 -4 -26 -14 -16 -6 -8 -7 -12 -2 -30 -10 -11 -5 -20 -17 -25 -3 -22 -15 -29 -13 -28 -2147483648 -2147483648
split_feature= 1 1 1 6 6 2 3 3 2 6 8 1 2 6 7 1 7 8 8 8 2 7 7 6 8 7 8 1 5 8
split_gain= 1398.04 436.064 217.454 189.1 188.788 92.576 85.6598 80.9652 76.0429 90.072 63.0723 60.235 47.1863 41.4633 40.5918 37.8923 33.5008 35.5605 30.8665 26.7917 25.1464 20.3687 17.3671 13.6502 13.5966 9.19239 9.00984 8.54665 7.8212 2.59915
threshold= 4.125700000000001 6.2770500000000009 2.5205000000000006 2.735488224282792 2.0376051459673437 51.500000000000007 5.0372251488776927 3.3654435698213785 16.500000000000004 2.0653737590585881 -122.33499999999999 8.0125000000000011 22.500000000000004 3.0089663118548242 37.815000000000005 5.3357000000000001 35.335000000000008 -118.31499999999998 -122.33499999999999 -119.84499999999998 18.500000000000004 34.045000000000009 37.935000000000009 3.1424162072895592 -118.29499999999999 38.035000000000004 -118.05499999999999 6.8672000000000013 1111.5000000000002 -118.33499999999999
decision_type= 2 2 2 2 2 2 2 2 2 2 2 2 2 2 2 2 2 2 2 2 2 2 2 2 2 2 2 2 2 2
left_child=2 3 7 8 12 6 -6 21 28 -10 -7 13 24 20 -14 18 17 -9 -5 -18 -3 29 -23 -17 -4 26 -13 -15 -2 -1
right_child=1 11 4 15 5 10 -8 16 9 -11 -12 25 14 27 -16 23 19 -19 -20 -21 -22 22 -24 -25 -26 -27 -28 -29 -30 -31
leaf_value= 0.01761468297668866 -0.010530385560814468 0.051229737188029839 0.021803364104528027 0.045571184147810265 -0.0070455506758917309 0.095537202478905695 -0.032091023454820809 0.00029756721351765288 0.1158633996358341 0.046759207246827299 0.0033178928582670375 0.12102993063018577 0.068006756670622379 0.024648339091258686 -0.013385108052249496 0.035892917081321155 -0.049168390090471942 -0.042168252085787589 -0.006916879375286982 -0.078630092192011392 0.096735707947890437 0.01797659225281208 -0.060303859621512169 0.0088141999881453503 -0.026717307282656078 0.011763414181768895 0.089707982747091186 0.057947222593091652 0.019740620436582795 -0.034304404906878201
leaf_weight=13.999999999999998 160 171 149 124 2663 113 2864 238 224 1274 225 403 408 172 74 427 1370 1345 1649 416 476 310 33 371 105 9.9999999999999982 135 169 235 185
leaf_count=14 160 171 149 124 2663 113 2864 238 224 1274 225 403 408 172 74 427 1370 1345 1649 416 476 310 33 371 105 10 135 169 235 185
model_size=3392
internal_value=0 0.0385271 -0.0219903 0.0226971 -0.0108967 -0.0169017 -0.0200237 -0.0407142 0.04674 0.0570925 0.0341486 0.0845328 0.036956 0.0696752 0.0555109 0.00499465 -0.0465172 -0.0357836 -0.00324597 -0.0560307 0.0847086 -0.0046439 0.0104452 0.0233037 0.00174561 0.11132 0.11317 0.0411513 0.00747895 -0.0306518
internal_weight=0 6000 10512 4464 6601 5865 5527 3911 1893 1498 338 1536 736 988 482 2571 3369 1583 1773 1786 647 542 343 798 254 548 538 341 395 199
internal_count=16512 6000 10512 4464 6601 5865 5527 3911 1893 1498 338 1536 736 988 482 2571 3369 1583 1773 1786 647 542 343 798 254 548 538 341 395 199
is_linear=0
shrinkage=0.1


Tree=9
num_leaves= 31
num_cat= 0
full_tree_array_lgbids= 0 2 1 7 3 6 13 12 17 4 8 10 18 14 26 15 24 21 29 5 25 9 22 11 16 20 19 23 28 27 -28 -1 -17 -14 -26 -9 -23 -19 -31 -4 -7 -6 -27 -5 -11 -10 -24 -2 -13 -12 -18 -8 -22 -20 -21 -3 -25 -16 -30 -15 -29 -2147483648 -2147483648
split_feature= 1 1 1 6 7 8 6 3 8 7 7 8 6 2 1 7 8 7 8 7 7 6 7 6 3 8 7 1 5 2
split_gain= 1135.48 276.32 234.514 185.857 115.216 129.727 106.649 75.0652 45.9818 60.7359 43.8179 53.391 42.791 42.2783 33.1471 29.6598 28.2874 25.1643 24.7536 61.0743 24.7815 17.4463 16.609 15.4004 13.8762 12.1437 9.47285 6.83496 1.67482 0.399657
threshold= 4.5301500000000017 6.3963500000000009 2.7820000000000005 2.5763869593405579 37.935000000000009 -122.40499999999999 2.735488224282792 4.3101408005062494 -117.79499999999999 37.895000000000003 37.925000000000004 -118.30499999999999 2.8335312747426764 29.500000000000004 9.1688500000000008 37.915000000000006 -122.38499999999998 39.285000000000004 -121.52499999999999 34.655000000000008 37.915000000000006 2.8751854599406532 33.715000000000011 2.6585924622132828 3.0522493994321906 -122.35499999999998 37.985000000000007 7.7055000000000016 170.50000000000003 18.500000000000004
decision_type= 2 2 2 2 2 2 2 2 2 2 2 2 2 2 2 2 2 2 2 2 2 2 2 2 2 2 2 2 2 2
left_child=2 6 7 4 5 -4 10 12 9 -5 11 -2 15 14 23 -1 -12 21 20 -20 -8 -9 -10 -3 -14 -6 27 -15 -16 -19
right_child=1 13 3 8 25 -7 18 17 22 -11 16 -13 24 26 28 -17 -18 29 19 -21 -22 -23 -24 -25 -26 -27 -28 -29 -30 -31
leaf_value= 0.0063136272393998676 0.070192480569928606 0.083977695499381777 0.11173297081241858 -0.005459703597153991 -0.00078241720145715661 0.019921498657169426 0.041302824015089126 -0.031522751650265267 -0.024769089114725369 -0.038553068023598334 0.057178147389952631 0.026372530777315731 -0.0055099423777251813 0.089310438365293357 0.060010391880165451 -0.041411310901706355 -0.031580942129208284 -0.059650313651614023 0.012888859641797343 -0.042838353046536819 -0.0055805088814210009 -0.048863267445552958 -0.055574019402440326 0.047589787149768886 -0.034905056209172662 -0.037052679703836994 -0.00033944472670555115 0.11382413989265117 0.1106611659711805 -0.072730664172593287
leaf_weight=744 754 158 169 2653 139 1874 422 1229 367 715 56 453 201 237 10.999999999999998 164 110 114 1166 241 162 1218 373 565 1171 350 9.9999999999999982 286 145 255
leaf_count=744 754 158 169 2653 139 1874 422 1229 367 715 56 453 201 237 11 164 110 114 1166 241 162 1218 373 565 1171 350 10 286 145 255
model_size=3392
internal_value=0 0.0411243 -0.0167357 -0.00432693 0.0170373 0.0275163 0.0255143 -0.032904 -0.017495 -0.0124852 0.0470502 0.0537464 -0.0193313 0.0783141 0.0646902 -0.0023063 -0.00163812 -0.0438932 0.010663 0.00334354 0.0282975 -0.040154 -0.0402964 0.0555418 -0.0305986 -0.0267427 0.100782 0.102716 0.10709 -0.0686896
internal_weight=0 4776 11736 6640 2532 2043 3364 5096 4108 3368 1373 1207 2280 1412 879 908 166 2816 1991 1407 584 2447 740 723 1372 489 533 523 156 369
internal_count=16512 4776 11736 6640 2532 2043 3364 5096 4108 3368 1373 1207 2280 1412 879 908 166 2816 1991 1407 584 2447 740 723 1372 489 533 523 156 369
is_linear=0
shrinkage=0.1


Tree=10
num_leaves= 31
num_cat= 0
full_tree_array_lgbids= 0 2 1 10 4 3 7 16 11 13 5 9 8 14 22 17 25 15 29 26 27 6 24 28 19 18 12 21 20 -9 23 -1 -19 -18 -27 -12 -17 -13 -31 -4 -28 -15 -29 -6 -8 -7 -26 -2 -30 -11 -21 -5 -20 -10 -14 -3 -23 -16 -22 -2147483648 -2147483648 -24 -25
split_feature= 1 1 6 6 1 7 8 1 8 2 2 7 7 3 6 1 8 7 7 7 2 7 3 8 8 6 4 1 4 7
split_gain= 931.993 293.88 149.699 132.763 112.59 80.7577 168.778 62.7408 58.8288 55.3856 54.0106 52.7717 46.482 45.2701 44.6645 32.3433 26.3314 62.5335 25.1174 21.3324 19.792 18.8603 13.8975 13.3584 13.0513 12.1998 11.8318 10.0223 8.17868 4.91035
threshold= 4.125700000000001 5.8308000000000009 2.0231950334409352 2.2982753493904258 2.2210000000000005 38.475000000000001 -122.35499999999998 7.7055000000000016 -122.19499999999998 16.500000000000004 27.500000000000004 37.815000000000005 37.615000000000002 3.4845502266762112 2.5949646725452555 3.4298000000000006 -118.19499999999998 34.965000000000011 37.615000000000002 38.435000000000009 32.500000000000007 37.615000000000002 5.396289833514504 -118.00499999999998 -121.34499999999998 1.5104297674263547 1.0291350557942953 1.8344000000000003 1.3812642694063928 38.455000000000005
decision_type= 2 2 2 2 2 2 2 2 2 2 2 2 2 2 2 2 2 2 2 2 2 2 2 2 2 2 2 2 2 2
left_child=2 3 10 9 13 6 -6 14 18 28 16 15 -10 26 21 -12 17 -1 -5 -11 -16 -3 -9 -24 -7 -18 -4 -15 -2 -13
right_child=1 7 4 8 5 24 -8 22 12 19 11 29 -14 27 20 -17 25 -19 -20 -21 -22 -23 23 -25 -26 -27 -28 -29 -30 -31
leaf_value= 0.074288667250310247 -0.00044492797165211024 0.091625564047324193 -0.031863300547480496 0.10193155197732484 0.05488040638284164 -0.052504003611463006 -0.01557396217505066 -0.033909076601266866 0.0084486694427198545 0.081523251720431775 0.039573267791115918 0.0014522325715095904 -0.025255579797602779 -0.053828238385419051 0.031565603937028709 0.10330331894469313 -0.08070995621383191 -0.016493078521172811 0.032893837021663784 -0.038791342894546693 0.067498863280750818 0.040840984924356095 0.097589794661978202 0.063669852239029587 -0.025622145291531413 -0.019762536931944932 0.0036590789472992005 -0.039205702861320572 0.098649218007922174 -0.043488257690998067
leaf_weight=114 140 296 168 67 364 601 5659 9.9999999999999982 2445 424 307 61 504 1044 824 112 44 238 300 15.999999999999998 200 104 493 167 287 184 257 1016 9.9999999999999982 56
leaf_count=114 140 296 168 67 364 601 5659 10 2445 424 307 61 504 1044 824 112 44 238 300 16 200 104 493 167 287 184 257 1016 10 56
model_size=3392
internal_value=0 0.0314632 -0.0179584 0.0152317 -0.0220847 -0.015492 -0.0113161 0.0617402 0.00742634 0.0591007 0.0167816 0.0398735 0.00268843 -0.0404194 0.0497742 0.0566085 -0.0045586 0.0129078 0.0454975 0.0771482 0.0385838 0.0784216 0.0871725 0.089007 -0.0438158 -0.0315243 -0.0103827 -0.0466163 0.00616135 -0.0200577
internal_weight=0 6000 10512 3906 9396 6911 6023 2094 3316 590 1116 536 2949 2485 1424 419 580 352 367 440 1024 400 670 660 888 228 425 2060 150 117
internal_count=16512 6000 10512 3906 9396 6911 6023 2094 3316 590 1116 536 2949 2485 1424 419 580 352 367 440 1024 400 670 660 888 228 425 2060 150 117
is_linear=0
shrinkage=0.1


Tree=11
num_leaves= 31
num_cat= 0
full_tree_array_lgbids= 0 1 7 3 2 13 19 9 4 11 8 16 24 20 23 10 27 5 6 26 12 15 14 17 18 29 25 22 21 -21 28 -1 -12 -11 -29 -5 -7 -6 -8 -3 -28 -13 -14 -4 -17 -10 -16 -2 -19 -18 -20 -15 -31 -26 -27 -9 -24 -22 -23 -2147483648 -2147483648 -25 -30
split_feature= 1 1 6 6 7 8 8 1 8 8 7 2 7 6 7 7 8 7 7 1 4 8 5 5 3 7 5 8 4 5
split_gain= 757.831 276.356 139.432 92.2016 65.9493 96.4202 87.3299 64.6366 57.4649 53.2797 75.3277 50.4547 52.7467 49.5348 46.9528 31.9732 23.4274 31.5184 18.0373 12.345 13.6308 9.61906 6.45477 6.36403 5.17525 5.18863 4.24846 3.45165 1.38569 0.786985
threshold= 5.6042500000000013 3.6530500000000008 2.3238229356603282 2.2982753493904258 34.455000000000005 -117.675 -120.09499999999998 7.2638000000000007 -122.24499999999999 -117.145 37.805000000000007 17.500000000000004 37.815000000000005 3.0089663118548242 34.525000000000013 37.895000000000003 -117.85499999999998 37.955000000000005 33.605000000000011 9.1688500000000008 1.0076024985240879 -117.83499999999999 431.50000000000006 70.000000000000014 5.9555396142196724 37.965000000000011 1118.5000000000002 -116.22499999999998 0.88056399418835041 805.50000000000011
decision_type= 2 2 2 2 2 2 2 2 2 2 2 2 2 2 2 2 2 2 2 2 2 2 2 2 2 2 2 2 2 2
left_child=1 3 11 9 5 -5 -6 13 15 10 -1 26 -13 16 -10 -4 17 -2 -18 20 22 -22 -9 -21 29 -26 -3 -11 -25 -15
right_child=7 2 8 4 6 -7 -8 19 14 27 -12 12 -14 24 -16 -17 18 -19 -20 23 21 -23 -24 28 25 -27 -28 -29 -30 -31
leaf_value= 0.020374041855388339 0.06803363453630068 -0.010391130069874936 0.059462529301757938 -0.0043896516006776349 -0.025753826577883828 -0.041273994560458466 -0.06258742134710156 -0.033263939619064334 0.0061859323945161193 -0.044637620753764762 -0.025304691362300982 0.070193516450283475 -0.0035649449713215106 -0.033509845513364549 -0.016509998205123298 0.0068294704314815786 0.050614611905628965 0.0018512624012957139 -0.015760511973941769 0.014045803248882294 0.086409456109505733 0.043868485677987339 0.048219972530813525 0.045795890409499412 0.023970676585626991 -0.014619889610406498 0.018978936785072533 -0.092573093555190347 0.095893094285741345 4.5216233384880156e-05
leaf_weight=1140 711 121 252 2406 2556 1020 874 11.999999999999998 2445 173 539 584 119 23 1505 226 93 83 81 11.999999999999998 274 75 189 9.9999999999999982 460 46 124 22 282 55
leaf_count=1140 711 121 252 2406 2556 1020 874 12 2445 173 539 584 119 23 1505 226 93 83 81 12 274 75 189 10 460 46 124 22 282 55
model_size=3392
internal_value=0 -0.00885375 0.00901598 -0.0198581 -0.025261 -0.015371 -0.0351394 0.0519081 0.00153683 -9.16421e-05 0.00571005 0.0439503 0.0577081 0.0396533 -0.0024615 0.0345774 0.0536737 0.0611153 0.0197158 0.0741793 0.0648741 0.0772674 0.0433553 0.0910143 0.016414 0.0204624 0.00447372 -0.0500457 0.0941774 -0.00984923
internal_weight=0 14106 5376 8730 6856 3426 3430 2406 4428 1874 1679 948 703 1552 3950 478 968 794 174 854 550 349 201 304 584 506 245 195 292 78
internal_count=16512 14106 5376 8730 6856 3426 3430 2406 4428 1874 1679 948 703 1552 3950 478 968 794 174 854 550 349 201 304 584 506 245 195 292 78
is_linear=0
shrinkage=0.1


Tree=12
num_leaves= 29
num_cat= 0
full_tree_array_lgbids= 0 2 1 3 14 5 7 15 4 16 27 9 8 12 18 26 19 6 13 17 22 -16 -29 24 11 10 20 23 25 21 -20 -1 -28 -17 -21 -5 -8 -6 -15 -4 -19 -18 -24 -2147483648 -2147483648 -2147483648 -2147483648 -2 -26 -11 -13 -7 -12 -10 -22 -3 -25 -14 -27 -9 -23 -2147483648 -2147483648
split_feature= 1 1 7 8 6 6 8 2 8 2 7 7 1 7 7 7 8 7 7 2 7 5 8 4 5 1 7 2
split_gain= 623.998 199.343 107.506 241.606 111.152 99.0268 88.306 46.4807 42.0385 36.5553 31.1455 30.4084 30.1779 29.6263 25.739 22.5058 18.6831 24.9888 15.0913 14.0488 13.609 10.8793 10.8705 10.4045 9.31168 8.41702 2.44737 1.17206
threshold= 4.0612500000000002 5.8308000000000009 37.925000000000004 -122.31499999999998 2.8941056667066012 2.4469862317432325 -117.77499999999999 26.500000000000004 -117.77499999999999 21.500000000000004 37.915000000000006 37.995000000000012 7.2638000000000007 34.435000000000009 39.355000000000011 37.755000000000003 -122.38499999999998 38.705000000000005 38.025000000000013 23.500000000000004 33.915000000000006 170.50000000000003 -121.19499999999998 0.97061363405465817 514.50000000000011 9.1688500000000008 37.615000000000002 24.500000000000004
decision_type= 2 2 2 2 2 2 2 2 2 2 2 2 2 2 2 2 2 2 2 2 2 2 2 2 2 2 2 2
left_child=2 5 3 15 6 9 -5 12 10 24 -7 -11 23 -6 16 26 17 -4 21 -17 -10 -9 -18 -3 -2 -14 -1 -16
right_child=1 7 14 4 13 8 -8 18 20 11 -12 -13 25 -15 27 19 22 -19 -20 -21 -22 -23 -24 -25 -26 -27 -28 -29
leaf_value= 0.076004012129627749 -0.029875963160768151 -0.0031891894162266103 0.015395683170296251 0.0081054959165840386 -0.019428951576395913 0.01405195726547624 -0.026937921952053197 0.0017396850287914279 -0.010443997698466724 0.059654508957344046 -0.014446991119898625 -0.029831673785866725 0.048484295998860033 -0.038439885879566316 -0.048977575617295661 -0.025116353258490567 -0.039098546956194774 -0.044857708976737097 -0.025874877803855473 0.10114734914455865 -0.045522694427199896 0.071929934039228385 -0.01538077723657824 0.030289059281414871 0.019799250793202144 0.079780041276336588 0.035651191548162771 -0.062120421146416777
leaf_weight=26 50 122 200 2756 2786 2179 989 25 354 615 485 42 320 1222 293 9.9999999999999982 1038 112 18 185 180 832 267 638 266 139 129 234
leaf_count=26 50 122 200 2756 2786 2179 989 25 354 615 485 42 320 1222 293 10 1038 112 18 185 180 832 267 638 266 139 129 234
model_size=3168
internal_value=0 0.024883 -0.0152134 -0.00991846 -0.0135954 0.0122102 -0.00114896 0.0501257 0.00366515 0.0402954 0.00886352 0.0539339 0.0373583 -0.0252252 -0.035225 0.071532 -0.028841 -0.00623374 0.0679125 0.0946723 -0.0222683 0.0698824 -0.0342459 0.0249149 0.0119392 0.0579617 0.0424201 -0.0548133
internal_weight=0 6265 10247 8103 7753 4171 3745 2094 3198 973 2664 657 1219 4008 2144 350 1617 312 875 195 534 857 1305 760 316 459 155 527
internal_count=16512 6265 10247 8103 7753 4171 3745 2094 3198 973 2664 657 1219 4008 2144 350 1617 312 875 195 534 857 1305 760 316 459 155 527
is_linear=0
shrinkage=0.1


Tree=13
num_leaves= 31
num_cat= 0
full_tree_array_lgbids= 0 1 2 8 3 6 14 16 15 7 4 10 23 21 20 29 18 27 19 17 12 5 9 11 13 24 25 26 28 22 -22 -1 -31 -18 -20 -10 -29 -17 -21 -3 -19 -9 -14 -5 -7 -6 -11 -2 -13 -12 -15 -8 -26 -25 -27 -4 -28 -23 -30 -16 -24 -2147483648 -2147483648
split_feature= 1 1 1 6 8 7 6 2 3 7 8 7 6 7 2 1 7 8 4 6 8 4 7 8 7 3 1 5 8 8
split_gain= 511.401 127.901 115.493 113.124 63.8295 87.8839 60.0809 39.3309 37.6666 35.4807 33.2949 45.341 24.781 23.96 20.602 19.4514 16.6407 14.3897 13.901 13.8317 10.0168 9.85871 8.58061 8.56772 8.48731 6.77049 4.89656 4.67554 3.84567 1.99738
threshold= 4.5993500000000003 2.5044000000000004 6.5626000000000007 2.0653737590585881 -117.75499999999998 34.525000000000013 2.9742256672023202 26.500000000000004 3.5590287573586119 33.645000000000003 -117.85499999999998 37.925000000000004 1.6949612205182323 33.935000000000009 21.500000000000004 1.9486000000000003 34.045000000000009 -118.29499999999999 0.99439121259388419 2.427860421729632 -117.18499999999999 1.0097363099187924 38.025000000000013 -117.63499999999998 37.815000000000005 6.7645078233313543 8.7395500000000013 41.500000000000007 -117.83499999999999 -117.12499999999999
decision_type= 2 2 2 2 2 2 2 2 2 2 2 2 2 2 2 2 2 2 2 2 2 2 2 2 2 2 2 2 2 2
left_child=1 8 6 7 5 -5 10 17 16 -6 11 -2 -9 -12 21 27 29 -3 -18 -17 22 26 -16 24 -8 -25 -4 -10 -23 -1
right_child=2 3 14 4 9 -7 23 12 15 -11 13 -13 -14 -15 20 19 18 -19 -20 -21 -22 28 -24 25 -26 -27 -28 -29 -30 -31
leaf_value= -0.02025453572919806 0.042744940215597826 0.021823939339020382 0.011938386350503248 0.010303172236579984 -0.012212996095528499 -0.01437377390123161 0.0093922319595972602 0.09543962381443287 0.026464049861981323 -0.047589189618507666 0.014390611522599085 -0.0032406766558158787 0.037350708476945084 -0.053011782154706977 0.067927011430934423 -0.0086772919188480638 -0.028750040663660249 -0.017232383658128552 0.017643936924865742 -0.029313702979887293 -0.039896019995212556 0.059595216480740391 -0.016117137564080102 -0.032993718417261848 -0.016835811069780372 0.0067186302677900702 0.0547487084821957 -0.040613202357918286 0.034499151254246053 -0.052086897215672903
leaf_weight=253 1388 255 165 2551 595 3422 943 94 12.999999999999998 575 261 261 418 70 726 484 88 169 337 1278 9.9999999999999982 203 13.999999999999998 131 164 81 41 1358 129 35
leaf_count=253 1388 255 165 2551 595 3422 943 94 13 575 261 261 418 70 726 484 88 169 337 1278 10 203 14 131 164 81 41 1358 129 35
model_size=3392
internal_value=0 -0.0109266 0.0284064 -0.00375015 -0.00805462 -0.00383453 0.0184441 0.0290991 -0.0260018 -0.0295987 0.0295602 0.0354664 0.0480155 0.000136329 0.0539233 -0.030792 -0.00495293 0.00625668 0.00803765 -0.0236451 0.0649205 0.0385925 0.066337 0.00175727 0.0055066 -0.0178206 0.0204589 -0.0399772 0.049844 -0.0241231
internal_weight=0 11925 4587 8079 7143 5973 3299 936 3846 1170 1980 1649 512 331 1288 3133 713 424 425 1762 750 538 740 1319 1107 212 206 1371 332 288
internal_count=16512 11925 4587 8079 7143 5973 3299 936 3846 1170 1980 1649 512 331 1288 3133 713 424 425 1762 750 538 740 1319 1107 212 206 1371 332 288
is_linear=0
shrinkage=0.1


Tree=14
num_leaves= 31
num_cat= 0
full_tree_array_lgbids= 0 3 1 4 17 2 11 13 5 23 25 9 8 14 18 16 29 6 7 24 28 26 -27 21 12 15 10 20 22 27 19 -1 -18 -15 -31 -6 -8 -7 -9 -5 -26 -25 -30 -19 -28 -2147483648 -2147483648 -2 -23 -11 -14 -4 -17 -10 -12 -3 -22 -16 -24 -13 -29 -20 -21
split_feature= 1 1 6 7 8 7 8 8 8 2 7 2 7 7 1 7 2 8 5 4 6 4 4 7 8 7 3 2 2 4
split_gain= 420.667 143.775 84.1866 73.0212 153.599 79.8845 189.686 146.297 46.8289 37.6171 33.7325 31.6679 26.9215 26.3922 20.2104 16.4513 13.6474 12.3528 10.7621 10.8013 8.78407 6.09208 6.02221 4.65529 10.3291 3.70397 3.78901 3.09543 1.71296 0.108299
threshold= 3.9221500000000007 5.8308000000000009 2.2634687595142249 38.475000000000001 -122.38499999999998 34.455000000000005 -118.30499999999999 -120.09499999999998 -122.27499999999999 16.500000000000004 37.615000000000002 26.500000000000004 37.805000000000007 38.235000000000007 7.2638000000000007 38.895000000000003 19.500000000000004 -121.36499999999999 170.50000000000003 1.1079358598254032 2.5219735498882589 1.3812642694063928 1.0404741288525896 38.815000000000005 -121.56499999999998 39.355000000000011 19.048314718787399 37.500000000000007 24.500000000000004 1.0291350557942953
decision_type= 2 2 2 2 2 2 2 2 2 2 2 2 2 2 2 2 2 2 2 2 2 2 2 2 2 2 2 2 2 2
left_child=3 2 9 4 13 6 -6 -7 15 21 -10 14 -11 16 20 -4 -1 23 27 -20 -3 -2 -16 24 -5 26 -19 -13 -25 -15
right_child=1 11 8 17 5 7 -8 -9 10 12 -12 18 -14 29 22 -17 -18 25 19 -21 -22 -23 -24 28 -26 -27 -28 -29 -30 -31
leaf_value= -0.029050441365689041 -0.0051923795538880921 0.048684323792833661 0.040865641327432575 -1.725019405117504e-05 0.033839797008554988 -0.010605103700376017 -0.015032154112975527 -0.057403619890571148 0.0049590487043113521 0.067778521924650323 -0.020311740243962945 0.041756019538099105 0.0045861056249807868 -0.008716132614369456 0.036978451301714545 -0.066181962285190826 0.069727576243988926 -0.015258036305272489 0.05390148519782232 0.092850970229218635 0.015538079663669027 0.075541877715537942 0.062392174797477551 -0.040376395524376572 -0.040975920213151065 -0.043608210553399855 0.050378392823040491 -0.037192841288116243 -0.053782877759434855 0.013960266824745174
leaf_weight=15.999999999999998 152 105 388 91 1008 2100 3854 991 2960 407 670 11.000000000000002 85 38 270 15.999999999999998 294 273 758 88 655 11.999999999999998 189 344 277 61 11.999999999999998 18 299 70
leaf_count=16 152 105 388 91 1008 2100 3854 991 2960 407 670 11 85 38 270 16 294 273 758 88 655 12 189 344 277 61 12 18 299 70
model_size=3392
internal_value=0 0.0191397 0.00937309 -0.0133474 -0.00983156 -0.0129487 -0.00489992 -0.0256091 0.00393329 0.0428246 0.000294743 0.0410142 0.0568611 0.0494763 0.0304066 0.0366261 0.0646294 -0.0350357 0.0557921 0.057953 0.0201175 0.000715005 0.0474429 -0.0408729 -0.0308476 -0.0179798 -0.0124944 -0.00724672 -0.0466105 0.00598153
internal_weight=0 6784 4690 9728 8371 7953 4862 3091 4034 656 3630 2094 492 418 1219 404 310 1357 875 846 760 164 459 1011 368 346 285 29 643 108
internal_count=16512 6784 4690 9728 8371 7953 4862 3091 4034 656 3630 2094 492 418 1219 404 310 1357 875 846 760 164 459 1011 368 346 285 29 643 108
is_linear=0
shrinkage=0.1


Tree=15
num_leaves= 30
num_cat= 0
full_tree_array_lgbids= 0 1 5 2 7 6 19 3 11 8 22 13 14 24 20 16 4 12 28 10 9 23 -24 18 15 21 17 25 -26 27 26 -1 -18 -5 -6 -4 -14 -13 -30 -3 -12 -10 -11 -9 -25 -2147483648 -2147483648 -2 -20 -15 -17 -8 -23 -16 -19 -7 -27 -2147483648 -2147483648 -21 -29 -22 -28
split_feature= 1 6 7 8 8 1 6 8 7 8 6 7 8 7 2 8 2 7 8 8 7 8 8 7 7 4 8 3 2
split_gain= 343.924 117.101 122.807 131.773 89.775 58.0992 39.0193 28.5208 34.4034 76.9572 45.2198 21.8916 20.3134 18.1977 16.7665 16.6036 16.3323 12.1631 11.7853 11.7161 12.4926 11.5804 10.7839 14.2702 10.3581 5.92102 3.37033 2.17766 0.469644
threshold= 5.0116000000000005 2.8396278889382178 37.945000000000007 -122.33499999999999 -117.145 6.8672000000000013 2.5498511575161031 -117.50499999999998 34.655000000000008 -121.56499999999998 3.442186331338819 39.355000000000011 -122.26499999999999 37.875000000000007 36.500000000000007 -122.40499999999999 19.500000000000004 33.985000000000007 -117.85499999999998 -117.71499999999999 33.565000000000005 -117.175 -116.31499999999998 33.855000000000011 38.155000000000008 1.0097363099187924 -117.46499999999999 8.4506421817118369 24.500000000000004
decision_type= 2 2 2 2 2 2 2 2 2 2 2 2 2 2 2 2 2 2 2 2 2 2 2 2 2 2 2 2 2
left_child=1 2 3 16 -5 6 13 8 10 -10 -3 12 -4 18 21 -15 -1 -16 -2 24 27 -8 23 -9 25 -7 -22 -21 -13
right_child=5 7 11 4 -6 19 14 22 9 -11 -12 28 -14 15 17 -17 -18 -19 -20 20 26 -23 -24 -25 -26 -27 -28 -29 -30
leaf_value= -0.021208514259196818 0.054077606601837483 0.0079391303671324191 0.0057474774369716932 0.010313025350510419 -0.032673927582301469 0.041983647436837634 0.010885436786583122 -0.01888604495803593 -0.0032844356733725275 -0.039261852115397913 -0.018097198073722866 -0.035827792392733197 -0.022928305019452085 0.064372051640280661 -0.01637035971789649 -0.031016780490485524 0.075269549067100469 0.053841657995087049 0.01592842347814109 0.036792262589389634 0.00079087121866461708 -0.022959609600172071 -0.067625453613306352 -0.046304118834302896 -0.018367774893894143 0.060442778929744083 -0.059689271863963868 0.091849383818251751 -0.048373057532925812
leaf_weight=20 473 1196 363 4073 560 337 1594 500 1076 1376 1602 225 937 28 33 65 323 152 110 55 41 120 95 350 23 552 18 13.999999999999998 201
leaf_count=20 473 1196 363 4073 560 337 1594 500 1076 1376 1602 225 937 28 33 65 323 152 110 55 41 120 95 350 23 552 18 14 201
model_size=3280
internal_value=0 -0.00765411 0.00155382 0.009565 0.00511711 0.0273071 0.0191678 -0.0176156 -0.0146771 -0.023474 -0.00696802 -0.0215421 -0.0149211 0.0401141 0.0117114 -0.00229756 0.069644 0.0413174 0.0468796 0.0474595 0.0177147 0.00851589 -0.0339406 -0.0301758 0.0516343 0.0534453 -0.0176607 0.0479633 -0.041747
internal_weight=0 12897 6702 4976 4633 3615 2575 6195 5250 2452 2798 1726 1300 676 1899 93 343 185 583 1040 128 1714 945 850 912 889 59 69 426
internal_count=16512 12897 6702 4976 4633 3615 2575 6195 5250 2452 2798 1726 1300 676 1899 93 343 185 583 1040 128 1714 945 850 912 889 59 69 426
is_linear=0
shrinkage=0.1


Tree=16
num_leaves= 30
num_cat= 0
full_tree_array_lgbids= 0 3 1 4 10 2 9 5 26 11 12 7 17 15 22 21 6 28 -28 14 23 13 27 24 8 20 18 16 19 25 -24 -1 -23 -7 -8 -6 -30 -2147483648 -2147483648 -5 -16 -13 -25 -12 -15 -14 -29 -2 -26 -9 -10 -4 -22 -19 -20 -3 -18 -17 -21 -11 -27 -2147483648 -2147483648
split_feature= 1 1 6 6 7 8 8 2 4 6 7 8 8 7 6 8 7 8 7 7 7 2 1 8 5 3 7 3 8
split_gain= 288.943 97.8294 67.2987 52.008 51.5738 71.6779 41.5854 38.8314 44.189 25.3663 23.8651 39.1266 38.5033 46.0901 37.8981 18.3647 26.1562 16.7994 23.497 16.478 16.002 12.6005 11.7435 9.5866 9.366 7.29106 6.77183 5.18402 3.38811
threshold= 3.8346500000000003 5.8308000000000009 2.9291766686969298 2.6067607057324289 37.895000000000003 -122.31499999999998 -117.145 21.500000000000004 1.0469524392733212 3.1424162072895592 34.655000000000008 -117.79499999999999 -120.62499999999999 37.895000000000003 3.442186331338819 -117.83499999999999 37.615000000000002 -121.48499999999999 34.525000000000013 33.935000000000009 37.915000000000006 23.500000000000004 10.398100000000001 -116.53499999999998 534.50000000000011 5.8828640355837019 39.82500000000001 6.9566301031144784 -122.26499999999999
decision_type= 2 2 2 2 2 2 2 2 2 2 2 2 2 2 2 2 2 2 2 2 2 2 2 2 2 2 2 2 2
left_child=3 2 7 4 5 21 -7 24 -9 15 11 14 13 -12 -5 16 -3 20 -19 -17 -4 -1 25 -13 -2 -11 28 -14 -6
right_child=1 9 17 10 26 6 -8 8 -10 22 12 23 27 -15 -16 19 -18 18 -20 -21 -22 -23 -24 -25 -26 -27 -28 -29 -30
leaf_value= -0.03290975126437843 -0.028942608122191096 0.053923058197465845 0.021693878284165042 0.010758087155750863 -0.0052242054728927415 0.0067364777874453141 -0.031540680636980518 0.013758900268407457 0.045292122437455479 -0.038040967356851876 0.0011130338999811007 -0.024686182723004647 -0.044716961997118401 -0.032009924994697722 -0.015827856896699698 0.026006613152744003 0.020688538980711976 -0.0050474803534654028 -0.035928968247310143 -0.047850686070925907 -0.019056465731098735 0.078680182080766006 0.072514764343698829 -0.058093739815756953 0.0046069729025441444 0.01384230557346673 -0.04036763209646204 -0.0031320163550285192 -0.021359269996354169
leaf_weight=11.999999999999998 106 956 366 988 246 2084 340 1184 744 34 827 884 793 902 1260 224 335 1241 328 38 145 151 36 109 850 471 174 39 645
leaf_count=12 106 956 366 988 246 2084 340 1184 744 34 827 884 793 902 1260 224 335 1241 328 38 145 151 36 109 850 471 174 39 645
model_size=3280
internal_value=0 0.0153428 0.00764787 -0.0114543 -0.00199482 0.00572121 0.00136757 0.0176269 0.0259273 0.0335841 -0.0174085 -0.0115609 -0.0248087 -0.0161668 -0.00414329 0.0402371 0.0452991 -0.00618839 -0.0115033 0.0152945 0.0101307 0.070465 0.0144859 -0.0283533 0.00088704 0.0103492 -0.0207379 -0.0427677 -0.0169045
internal_weight=0 7058 4964 9454 3652 2587 2424 2884 1928 2094 5802 3241 2561 1729 2248 1553 1291 2080 1569 262 511 163 541 993 956 505 1065 832 891
internal_count=16512 7058 4964 9454 3652 2587 2424 2884 1928 2094 5802 3241 2561 1729 2248 1553 1291 2080 1569 262 511 163 541 993 956 505 1065 832 891
is_linear=0
shrinkage=0.1


Tree=17
num_leaves= 30
num_cat= 0
full_tree_array_lgbids= 0 1 5 2 10 6 13 3 18 16 11 8 20 14 26 4 7 19 -20 22 24 12 25 21 9 23 28 15 17 -15 27 -1 -6 -5 -9 -4 -21 -2147483648 -2147483648 -3 -24 -18 -26 -12 -14 -13 -27 -2 -23 -10 -11 -8 -25 -22 -30 -7 -17 -16 -19 -2147483648 -2147483648 -28 -29
split_feature= 1 6 7 8 7 1 6 7 4 2 1 7 8 1 6 7 3 8 7 8 8 4 5 7 5 8 3 2 8
split_gain= 233.838 65.857 62.5125 75.9456 66.1637 57.588 38.295 34.7105 30.3757 26.216 20.1937 18.4898 39.2239 14.3334 12.6836 10.4921 9.59252 8.8438 7.96724 8.09264 6.48158 6.24785 5.42968 5.42641 4.59765 4.49534 3.31221 2.99605 1.9512
threshold= 4.405050000000001 2.6182831096480128 37.805000000000007 -117.895 34.525000000000013 6.2770500000000009 3.1336552646136835 33.855000000000011 0.96771928234867721 38.500000000000007 2.2210000000000005 38.415000000000006 -122.40499999999999 8.2050500000000017 2.5949646725452555 37.615000000000002 3.0522493994321906 -122.02499999999999 39.355000000000011 -122.38499999999998 -117.63499999999998 0.89316682724375618 1603.5000000000002 37.805000000000007 252.50000000000003 -121.24499999999999 5.5511074737062058 21.500000000000004 -116.86499999999999
decision_type= 2 2 2 2 2 2 2 2 2 2 2 2 2 2 2 2 2 2 2 2 2 2 2 2 2 2 2 2 2
left_child=1 2 3 4 -1 6 8 -5 21 -10 16 12 -12 14 15 -7 22 -16 19 -4 23 -2 -3 -8 -18 -13 -15 -28 -22
right_child=5 10 18 7 -6 13 20 -9 9 -11 11 25 -14 26 17 -17 24 -19 -20 -21 28 -23 -24 -25 -26 -27 27 -29 -30
leaf_value= 0.036861860026530469 -0.050519054309400013 -0.023173396461384579 0.0057816191756563939 -0.0033516768430976646 0.002001743656568421 0.057161455879291424 0.001347130712989818 -0.049211539917139925 0.016401162389483925 0.045238148215719066 0.037289901678551639 -0.033931799344153697 -0.010605429602573052 -0.018098278641700744 0.04728687875620697 0.012253532136637199 0.0050486563294494559 0.015016121935276848 -0.032236191825065048 -0.016853781813950908 -0.021982077926221769 -0.0056737639563878735 0.016635817066354915 -0.025209940006765963 -0.027110479646630006 -0.0074933417360072922 0.037681501811808522 0.057473797279073341 -0.075890998976926013
leaf_weight=1112 43 72 232 637 1108 224 707 234 1843 403 184 437 4385 9.9999999999999982 115 79 59 631 287 868 156 290 103 110 1592 102 170 307 11.999999999999998
leaf_count=1112 43 72 232 637 1108 224 707 234 1843 403 184 437 4385 10 115 79 59 631 287 868 156 290 103 110 1592 102 170 307 12
model_size=3280
internal_value=0 -0.00797711 0.00156728 0.00956254 0.0194632 0.0178499 0.0107969 -0.0156722 0.0173093 0.0215754 -0.0141409 -0.0108136 -0.00867662 0.0342153 0.0273454 0.0454528 -0.0234485 0.0199908 -0.0162506 -0.0120798 -0.00625438 -0.0114646 0.000257169 -0.00222848 -0.0259612 -0.0289286 0.049013 0.0504199 -0.0258327
internal_weight=0 11412 4478 3091 2220 5100 3564 871 2579 2246 6934 5108 4569 1536 1049 303 1826 746 1387 1100 985 333 175 817 1651 539 487 477 168
internal_count=16512 11412 4478 3091 2220 5100 3564 871 2579 2246 6934 5108 4569 1536 1049 303 1826 746 1387 1100 985 333 175 817 1651 539 487 477 168
is_linear=0
shrinkage=0.1


Tree=18
num_leaves= 29
num_cat= 0
full_tree_array_lgbids= 0 5 1 14 6 2 10 17 21 7 12 3 8 19 15 26 18 22 -23 11 27 13 16 4 9 24 23 20 -21 25 -17 -1 -28 -19 -20 -16 -24 -2147483648 -2147483648 -7 -13 -9 -29 -8 -15 -14 -18 -2 -6 -5 -11 -4 -26 -10 -25 -3 -22 -2147483648 -2147483648 -12 -27 -2147483648 -2147483648
split_feature= 1 6 7 8 7 1 3 6 8 7 3 8 2 7 3 1 8 5 6 8 7 8 5 2 7 8 1 5
split_gain= 194.091 65.7699 53.4444 59.4158 93.0534 39.1986 48.2324 36.468 27.4458 25.3477 23.5215 20.8756 17.253 16.925 13.1041 11.0614 9.71987 8.19255 10.7278 7.4404 6.21705 5.77098 8.2992 5.46704 5.36972 5.16209 3.30531 2.26618
threshold= 3.8346500000000003 3.1336552646136835 37.965000000000011 -118.24499999999999 34.165000000000006 2.2210000000000005 4.5952877783354031 3.5589256535947715 -122.40499999999999 34.235000000000007 6.1963000852514929 -118.22499999999998 49.500000000000007 34.455000000000005 3.6193833748516839 9.1688500000000008 -122.43499999999999 1794.5000000000002 2.8458125169197452 -117.79499999999999 37.795000000000009 -116.40499999999999 374.50000000000006 22.500000000000004 38.735000000000007 -117.63499999999998 1.5053500000000002 1564.5000000000002
decision_type= 2 2 2 2 2 2 2 2 2 2 2 2 2 2 2 2 2 2 2 2 2 2 2 2 2 2 2 2
left_child=5 2 3 4 -2 14 7 11 24 -5 19 -7 13 -8 17 25 -14 26 -19 20 -3 22 -16 -10 -4 -12 -1 -9
right_child=1 10 8 9 -6 6 12 27 23 -11 15 -13 16 -15 21 -17 -18 18 -20 -21 -22 -23 -24 -25 -26 -27 -28 -29
leaf_value= -0.027772560041860683 0.063695611871899441 -0.0071003399318413651 0.033523994389249148 0.010023753644485031 0.021028672189103797 0.0202776162719265 -0.0051235897715006017 -0.023088582210766619 -0.011409968877995023 -0.056278815593511347 0.0099921663329767298 -0.0019656784096649042 0.062265223314842355 -0.019413211982650655 0.00038079222675066357 0.051301411424719848 0.0048310122012557612 0.063077115085655569 0.00011919684641230689 -0.034497337487287998 -0.042537468052827397 -0.052457737168412157 -0.024328300845650311 -0.035698389805069099 -0.038752743388925287 -0.012447302859909542 -0.0062404829462814615 -0.0082143939696748321
leaf_weight=167 688 797 151 1636 2103 1276 1451 312 292 63 663 692 39 2328 172 64 237 37 171 172 65 81 1904 190 13.999999999999998 160 249 338
leaf_count=167 688 797 151 1636 2103 1276 1451 312 292 63 663 692 39 2328 172 64 237 37 171 172 65 81 1904 190 14 160 249 338
model_size=3168
internal_value=0 0.0125905 0.0185525 0.022472 0.0315464 -0.00939956 -0.00517325 0.00555152 -0.00864733 0.00756521 -0.0033529 0.0124563 -0.0120974 -0.0139265 -0.0195406 0.00892506 0.0129467 -0.0061501 0.0113184 -0.0138853 -0.00977251 -0.0234143 -0.0222811 -0.0209842 0.0273914 0.00562969 -0.0148844 -0.015354
internal_weight=0 7058 5137 4490 2791 9454 6673 2618 647 1699 1921 1968 4055 3779 2781 887 276 624 208 1034 862 2157 2076 482 165 823 416 650
internal_count=16512 7058 5137 4490 2791 9454 6673 2618 647 1699 1921 1968 4055 3779 2781 887 276 624 208 1034 862 2157 2076 482 165 823 416 650
is_linear=0
shrinkage=0.1


Tree=19
num_leaves= 30
num_cat= 0
full_tree_array_lgbids= 0 1 8 14 2 12 9 15 17 6 3 27 13 11 10 16 20 18 25 23 7 5 4 -2 28 26 24 22 19 21 -12 -1 -18 -17 -22 -16 -20 -19 -27 -3 -25 -8 -9 -4 -7 -5 -6 -2147483648 -2147483648 -29 -30 -14 -28 -15 -26 -10 -24 -13 -21 -11 -23 -2147483648 -2147483648
split_feature= 1 1 6 8 7 7 2 4 8 7 8 8 7 8 7 8 7 8 7 7 8 7 4 7 3 7 2 3 1
split_gain= 162.243 64.891 59.2734 51.8662 100.935 42.357 26.7545 21.3225 18.8935 30.9818 57.4436 26.8493 22.0974 26.8959 17.2413 37.9078 41.374 25.3309 34.1823 17.2274 15.2394 14.2366 12.5088 11.8624 8.91003 7.25875 1.82225 1.43219 4.24329
threshold= 5.5682000000000009 2.7820000000000005 2.0653737590585881 -121.85499999999998 34.525000000000013 37.595000000000006 28.500000000000004 0.9643231506439055 -122.02499999999999 34.595000000000006 -119.94499999999998 -118.03499999999998 37.615000000000002 -122.40499999999999 35.335000000000008 -118.36499999999999 34.165000000000006 -121.56499999999998 38.675000000000004 33.645000000000003 -116.40499999999999 37.955000000000005 1.1092413593450956 36.57500000000001 6.1963000852514929 37.465000000000011 17.500000000000004 6.3286213786213787 7.2638000000000007
decision_type= 2 2 2 2 2 2 2 2 2 2 2 2 2 2 2 2 2 2 2 2 2 2 2 2 2 2 2 2 2
left_child=1 14 6 5 -5 -4 23 -8 12 11 21 22 27 26 15 16 -1 18 -16 -13 -17 -11 -10 -3 -15 -19 -14 -2 -29
right_child=8 2 3 4 -6 -7 7 -9 9 10 -12 19 13 24 17 20 -18 25 -20 -21 -22 -23 -24 -25 -26 -27 -28 28 -30
leaf_value= 0.10625734884630551 0.049858217010321691 0.020796853093947697 0.037547379370229728 0.0023132003686521167 -0.025645508507489492 0.0034990684815370109 -0.058012794774203069 0.04847689262309484 0.03535462050006221 0.015645215343932314 -0.12089525144069622 0.031455138248815177 0.017455547954887154 -0.061599057110456323 0.0062133883082275149 -0.0098673611854116598 0.0087782174840061421 -0.03683699136750998 -0.030492641130844024 -0.0014350268301481688 -0.048694218488024743 -0.03275568105659827 0.07874763231185905 -0.014126433319567392 0.0066474044698686023 -0.020963613977717174 0.065339554225259985 0.10179198523388898 0.060131444780227666
leaf_weight=55 79 306 522 4260 1889 1359 21 423 658 375 39 295 15.999999999999998 26 683 2195 247 678 430 412 116 81 83 168 146 692 107 47 104
leaf_count=55 79 306 522 4260 1889 1359 21 423 658 375 39 295 16 26 683 2195 247 678 430 412 116 81 83 168 146 692 107 47 104
model_size=3280
internal_value=0 -0.00417278 0.0010106 -0.00177275 -0.00627584 0.0129479 0.0253574 0.0434402 0.0237449 0.0190356 -0.00303267 0.0265797 0.0411738 0.022507 -0.0132742 -0.00738424 0.026531 -0.0194726 -0.00796774 0.0122886 -0.0118163 0.00704769 0.0402151 0.00841898 -0.00366892 -0.0288192 0.0591107 0.0651161 0.0730986
internal_weight=0 14044 8948 8030 6149 1881 918 444 2468 1943 495 1448 525 295 5096 2613 302 2483 1113 707 2311 456 741 474 172 1370 123 230 151
internal_count=16512 14044 8948 8030 6149 1881 918 444 2468 1943 495 1448 525 295 5096 2613 302 2483 1113 707 2311 456 741 474 172 1370 123 230 151
is_linear=0
shrinkage=0.1


Tree=20
num_leaves= 27
num_cat= 0
full_tree_array_lgbids= 0 1 8 2 11 9 22 4 3 14 12 10 17 -10 24 6 7 5 16 20 23 13 21 19 15 18 -19 -2147483648 -2147483648 25 -26 -1 -8 -6 -9 -4 -7 -5 -18 -3 -22 -16 -25 -13 -15 -14 -23 -2 -21 -12 -17 -11 -20 -2147483648 -2147483648 -2147483648 -2147483648 -2147483648 -2147483648 -24 -27 -2147483648 -2147483648
split_feature= 1 6 7 8 8 7 7 8 1 4 8 8 7 8 7 7 1 4 6 7 8 8 3 6 2 4
split_gain= 131.852 58.3929 66.0713 147.194 137.989 92.7978 75.1944 45.5229 19.7094 18.9917 18.4554 17.9813 20.4515 20.9067 16.6895 13.6159 11.2316 8.47432 7.7504 6.07874 3.86018 3.60599 2.06867 1.41465 1.17286 1.47551
threshold= 5.2771000000000017 3.1100458715596333 34.455000000000005 -119.94499999999998 -118.35499999999998 37.805000000000007 34.155000000000008 -117.50499999999998 8.0125000000000011 1.0671403331650682 -122.24499999999999 -121.48499999999999 35.135000000000012 -117.79499999999999 37.895000000000003 37.945000000000007 3.3096500000000004 2.0155922038980516 2.5827178004959954 37.595000000000006 -122.24499999999999 -120.62499999999999 5.5511074737062058 4.7861775898520094 29.500000000000004 0.97468995028955063
decision_type= 2 2 2 2 2 2 2 2 2 2 2 2 2 2 2 2 2 2 2 2 2 2 2 2 2 2
left_child=1 2 4 5 6 -4 -1 -6 9 10 19 14 13 -13 20 -12 -5 18 -11 -2 -3 -14 -10 -16 25 -24
right_child=8 11 3 16 7 -7 -8 -9 22 17 15 12 21 -15 23 -17 -18 -19 -20 -21 -22 -23 24 -25 -26 -27
leaf_value= 0.07868529622761164 0.074220088228583336 0.028649193064222558 0.01704044206511806 -0.041547168208287175 0.010464298470633208 -0.013057278783236882 0.017808182562974822 -0.014292179330919389 -0.021550382375717166 0.049428217838762958 0.0091017227384442428 -0.007017576348942867 -0.021781352180839767 -0.026382987472384684 -0.02608389170539643 -0.028513036272590653 -0.07093161157643528 -0.058491324260830882 0.023430126863663987 0.028832323843861852 0.0056743193115896973 -0.037179820863554293 0.011107868838907136 0.028412655740976334 0.045789999949698484 0.036439915872292089
leaf_weight=393 50 139 1794 463 1933 2474 436 1268 9.9999999999999982 217 1548 2183 378 818 192 114 214 11.999999999999998 361 133 354 480 55 9.9999999999999982 236 247
leaf_count=393 50 139 1794 463 1933 2474 436 1268 10 217 1548 2183 378 818 192 114 214 12 361 133 354 480 55 10 236 247
model_size=2944
internal_value=0 -0.00421831 0.000517419 -0.00731018 0.0101223 -0.000406081 0.0466679 0.000657609 0.0191316 0.0151404 0.0099646 -0.0135515 -0.0163204 -0.0122961 0.00182297 0.00652165 -0.0508356 0.0313259 0.0331907 0.0412334 0.012152 -0.0303959 0.0368659 -0.023386 0.0379517 0.0318265
internal_weight=0 13529 8975 4945 4030 4268 829 3201 2983 2435 1845 4554 3859 3001 695 1662 677 590 578 183 493 858 548 202 538 302
internal_count=16512 13529 8975 4945 4030 4268 829 3201 2983 2435 1845 4554 3859 3001 695 1662 677 590 578 183 493 858 548 202 538 302
is_linear=0
shrinkage=0.1


Tree=21
num_leaves= 31
num_cat= 0
full_tree_array_lgbids= 0 5 1 11 6 2 10 17 23 7 12 3 18 19 15 -1 22 24 27 9 28 14 13 4 8 25 26 20 21 16 29 -2147483648 -2147483648 -19 -24 -13 -26 -25 -29 -7 -11 -9 -30 -8 -16 -14 -15 -2 -6 -5 -10 -4 -27 -20 -28 -3 -22 -21 -23 -12 -18 -17 -31
split_feature= 1 6 8 7 4 1 3 6 8 8 3 3 2 7 6 3 2 5 5 8 7 7 1 5 5 6 7 3 5 7
split_gain= 110.653 45.8168 40.7702 41.9626 35.8003 20.5191 25.5253 25.5904 16.6532 15.1595 14.5947 12.6432 9.63636 8.99609 8.79405 6.91244 6.83842 5.46329 4.58445 4.51555 5.72793 5.5264 3.17609 2.65062 3.26183 2.25775 2.2335 2.20607 1.9052 0.82339
threshold= 3.6530500000000008 3.1424162072895592 -117.16499999999998 37.965000000000011 1.0489629380026984 1.9486000000000003 4.4352710389939132 3.6049620168317569 -122.40499999999999 -122.38499999999998 6.1963000852514929 2.6633984153933228 51.500000000000007 37.795000000000009 1.6538990040802002 8.0108708495805292 43.500000000000007 198.50000000000003 1151.5000000000002 -121.36499999999999 37.815000000000005 34.525000000000013 1.0218000000000003 3199.5000000000005 494.50000000000006 2.9366774891774896 33.675000000000004 3.6193833748516839 1383.5000000000002 33.625000000000007
decision_type= 2 2 2 2 2 2 2 2 2 2 2 2 2 2 2 2 2 2 2 2 2 2 2 2 2 2 2 2 2 2
left_child=5 2 3 4 -2 11 7 9 -5 -7 19 17 14 -14 -8 16 -12 -1 25 20 -3 -21 -19 24 -13 -4 -20 -25 -9 -17
right_child=1 10 18 8 -6 6 12 28 -10 -11 15 23 13 -15 -16 29 -18 22 26 21 -22 -23 -24 27 -26 -27 -28 -29 -30 -31
leaf_value= -0.049816312243541085 0.011666258771513564 0.0061482181397052894 -0.046549063685259462 0.019382310711707061 0.029894384022586824 0.042399896159768108 -0.052202773472915104 -0.022663689388302561 -0.016002251968769816 0.0065794060382027078 0.00054949939009129786 -0.0082410147841580853 0.027079931452559932 -0.015706590047288364 -0.010594730128252294 0.058717637544586546 0.087978495521978894 0.066024356894195085 -0.0025195747651765503 -0.012710461690966485 -0.039745612996510971 -0.041104320526967962 0.013130530180703655 0.051714329900486133 -0.02332813884408097 -0.0025235611920715714 -0.041580629864086713 -0.009249560839750549 -0.0084090997110280799 0.023089092202183869
leaf_weight=14.999999999999998 2771 269 113 195 1882 140 60 263 558 1707 732 244 150 92 4096 21 10.999999999999998 20 123 798 39 97 95 13.999999999999998 1360 23 30 33 441 120
leaf_count=15 2771 269 113 195 1882 140 60 263 558 1707 732 244 150 92 4096 21 11 20 123 798 39 97 95 14 1360 23 30 33 441 120
model_size=3392
internal_value=0 0.00872665 0.013444 0.0154345 0.019039 -0.00777901 -0.00524005 0.00293927 -0.00683892 0.00929455 -0.00414591 -0.0176854 -0.00998436 0.010814 -0.0111954 0.00607891 0.00184387 0.0140049 -0.0237904 -0.0116594 0.000336986 -0.0157878 0.0223295 -0.0201807 -0.0210331 -0.0391036 -0.0101786 0.0089099 -0.0137343 0.0283955
internal_weight=0 7782 5695 5406 4653 8730 6949 2551 753 1847 2087 1781 4398 242 4156 884 743 130 289 1203 308 895 115 1651 1604 136 153 47 704 141
internal_count=16512 7782 5695 5406 4653 8730 6949 2551 753 1847 2087 1781 4398 242 4156 884 743 130 289 1203 308 895 115 1651 1604 136 153 47 704 141
is_linear=0
shrinkage=0.1


Tree=22
num_leaves= 27
num_cat= 0
full_tree_array_lgbids= 0 1 12 2 8 13 21 4 3 9 16 15 18 22 -23 5 7 6 10 11 14 17 24 20 -17 25 19 -14 23 -2147483648 -2147483648 -1 -7 -6 -9 -4 -8 -5 -12 -3 -13 -11 -16 -10 -19 -18 -26 -2 -22 -2147483648 -2147483648 -15 -27 -20 -21 -2147483648 -2147483648 -24 -25 -2147483648 -2147483648 -2147483648 -2147483648
split_feature= 1 8 7 8 8 7 7 7 7 8 1 4 6 4 8 1 5 4 2 5 8 1 4 1 8 3
split_gain= 94.1954 46.1941 80.632 136.388 91.614 103.27 69.3692 49.7123 41.9584 45.3513 24.1469 16.4445 13.0853 11.7403 10.2917 9.17974 8.83135 15.8483 6.92423 8.73 5.07677 4.84124 6.02832 3.26322 2.27357 0.85881
threshold= 5.6042500000000013 -117.77499999999999 34.525000000000013 -119.94499999999998 -118.36499999999999 34.155000000000008 37.895000000000003 34.045000000000009 33.695000000000007 -117.16499999999998 3.3096500000000004 1.1668343393695511 3.1424162072895592 1.0003353454057682 -116.22499999999998 8.4454500000000028 139.50000000000003 1.3223186760539911 12.500000000000002 198.50000000000003 -122.26499999999999 11.055650000000002 0.89316682724375618 6.785400000000001 -117.425 6.3892341673671602
decision_type= 2 2 2 2 2 2 2 2 2 2 2 2 2 2 2 2 2 2 2 2 2 2 2 2 2 2
left_child=1 2 4 6 5 -1 -4 -6 9 11 -5 -3 13 15 -11 20 17 -10 25 -20 -2 22 -14 -24 -18 -15
right_child=12 8 3 10 7 -7 -8 -9 16 14 -12 -13 21 18 -16 -17 24 -19 19 -21 -22 -23 23 -25 -26 -27
leaf_value= 0.076704579701533465 0.040854603537293366 0.013105003914429939 0.0092257909312287254 -0.031278369470679628 -0.0057873115853747468 0.012588280867152421 -0.013097990242903907 0.019564959265944343 0.10685637720993585 -0.013367048092518855 -0.066092475227667077 0.068449122273801441 -0.071778123768476351 -0.010946291650685927 -0.048152764195257484 0.037422497280068322 -0.024309185179371438 -0.056915896572172643 -0.044370119098354789 0.033794360290348047 -0.00018923172473769582 0.052885193460517455 -0.0022589439732691157 0.015853368451949613 -0.036887747284391176 0.015599020158600372
leaf_weight=387 43 420 2941 734 2654 746 2752 1138 14.000000000000002 788 297 68 12.999999999999998 46 111 118 365 11.999999999999998 17 1009 412 27 358 243 679 120
leaf_count=387 43 420 2941 734 2654 746 2752 1138 14 788 297 68 13 46 111 118 365 12 17 1009 412 27 358 243 679 120
model_size=2944
internal_value=0 -0.00314374 -0.000473816 -0.00765919 0.00933623 0.0344886 -0.00156554 0.00182104 -0.0158023 -0.00412368 -0.0413073 0.0208169 0.0184313 0.0231202 -0.0176621 0.0106364 -0.0309408 0.0312692 0.0291213 0.0324992 0.00368964 0.0055202 0.00343738 0.00506434 -0.0324901 0.00824309
internal_weight=0 14106 11649 6724 4925 1133 5693 3792 2457 1387 1031 488 2406 1765 899 573 1070 26 1192 1026 455 641 614 601 1044 166
internal_count=16512 14106 11649 6724 4925 1133 5693 3792 2457 1387 1031 488 2406 1765 899 573 1070 26 1192 1026 455 641 614 601 1044 166
is_linear=0
shrinkage=0.1


Tree=23
num_leaves= 29
num_cat= 0
full_tree_array_lgbids= 0 5 1 6 7 15 2 14 11 8 12 18 -17 3 16 21 20 25 17 10 9 13 27 23 19 -2147483648 -2147483648 22 4 24 26 -1 -23 -16 -22 -8 -27 -13 -19 -7 -12 -10 -11 -9 -15 -14 -29 -2 -25 -20 -21 -2147483648 -2147483648 -2147483648 -2147483648 -3 -24 -5 -6 -4 -26 -18 -28
split_feature= 1 8 7 8 8 6 2 8 7 8 6 3 7 8 4 7 3 7 2 7 2 6 7 3 5 8 7 6
split_gain= 76.8088 38.0571 45.9012 56.7318 31.567 18.6413 17.249 15.9963 32.1486 40.8097 33.3384 14.9273 12.7543 13.9603 11.9514 11.0192 10.6175 10.4204 8.04002 12.1807 6.67172 6.51405 6.35356 4.404 4.31112 2.3852 2.09734 0.659328
threshold= 3.8346500000000003 -122.33499999999999 37.57500000000001 -122.03499999999998 -117.71499999999999 1.9322222929778572 27.500000000000004 -117.56499999999998 34.655000000000008 -120.56499999999998 3.442186331338819 3.193182511128728 33.915000000000006 -117.145 1.1379611504291527 38.735000000000007 6.3471101137645007 37.815000000000005 47.500000000000007 37.765000000000008 24.500000000000004 1.6538990040802002 37.235000000000007 4.2015099382944241 484.50000000000006 -122.40499999999999 39.085000000000008 2.3722374117110965
decision_type= 2 2 2 2 2 2 2 2 2 2 2 2 2 2 2 2 2 2 2 2 2 2 2 2 2 2 2 2
left_child=5 15 3 22 -5 6 14 8 10 -10 -7 25 13 -9 21 18 24 -13 23 -20 -16 -1 -3 -2 -4 -8 -18 -14
right_child=1 2 16 4 -6 7 11 12 9 -11 -12 17 27 -15 20 -17 26 -19 19 -21 -22 -23 -24 -25 -26 -27 -28 -29
leaf_value= -0.035176222873698981 -0.042372584467132886 0.0029489591657634704 -0.046477623517815786 0.011387901894038467 -0.008487663134600169 0.011859393587040173 -0.075162601335482165 0.012846172464934226 -0.0051940761699053647 -0.027731092701192579 -0.0096283216568854944 0.04744691038669812 -0.048088132086354242 -0.018067734711867258 0.013346664057668262 -0.043105659704832808 0.00047766531974819814 -0.0049169618002552961 0.029132396774366499 0.084796899234558021 0.086690892279148113 -0.0022206096627571162 0.055933547423001856 0.029007329438176591 -0.018036341032865246 -0.0088322600032172526 -0.032730554608362064 -0.029063756348270811
leaf_weight=122 11.999999999999998 31 83 3880 1068 1746 10.999999999999998 217 3159 1132 1330 225 71 639 99 21 528 54 96 82 18 188 293 379 550 46 35 397
leaf_count=122 12 31 83 3880 1068 1746 11 217 3159 1132 1330 225 71 639 99 21 528 54 96 82 18 188 293 379 550 46 35 397
model_size=3168
internal_value=0 0.007971 0.00570952 0.00978759 0.00709786 -0.00595085 0.0096327 -0.00731896 -0.00541589 -0.0111395 0.00256854 0.0273124 -0.017908 -0.0102309 -0.0042792 0.032763 -0.0122667 0.037312 0.035563 0.0547756 0.0246304 -0.0151902 0.050864 0.0268166 -0.0217656 -0.0216329 -0.00158679 -0.0319499
internal_weight=0 7058 6468 5272 4948 9454 763 8691 7367 4291 3076 336 1324 856 427 590 1196 279 569 178 117 310 324 391 633 57 563 468
internal_count=16512 7058 6468 5272 4948 9454 763 8691 7367 4291 3076 336 1324 856 427 590 1196 279 569 178 117 310 324 391 633 57 563 468
is_linear=0
shrinkage=0.1


Tree=24
num_leaves= 24
num_cat= 0
full_tree_array_lgbids= 0 1 12 2 3 13 18 10 22 4 5 14 17 -14 19 16 11 -4 -24 7 9 6 8 15 -16 20 -19 -2147483648 -2147483648 21 -21 -1 -18 -12 -13 -2147483648 -2147483648 -2147483648 -2147483648 -3 -9 -6 -11 -5 -8 -7 -10 -2 -17 -2147483648 -2147483648 -15 -22 -2147483648 -2147483648 -2147483648 -2147483648 -2147483648 -2147483648 -20 -23 -2147483648 -2147483648
split_feature= 1 8 7 7 8 8 7 7 1 8 7 7 6 4 1 8 6 7 3 1 2 7 1
split_gain= 65.8754 35.8377 74.9136 47.7101 112.119 82.4944 77.1834 30.9355 27.985 20.6617 11.1779 22.4815 9.43929 9.113 8.7749 8.97244 7.5264 5.57004 4.2452 4.58041 2.8838 1.69413 0.705309
threshold= 5.6042500000000013 -122.38499999999998 38.705000000000005 34.655000000000008 -118.30499999999999 -119.94499999999998 37.595000000000006 34.165000000000006 3.5488500000000003 -116.53499999999998 37.745000000000012 38.005000000000003 3.1424162072895592 1.0411779658482612 8.4454500000000028 -122.33499999999999 2.2147445135257553 38.655000000000008 5.1709164990458518 10.027200000000002 11.500000000000002 38.235000000000007 3.2758000000000007
decision_type= 2 2 2 2 2 2 2 2 2 2 2 2 2 2 2 2 2 2 2 2 2 2 2
left_child=1 2 10 4 7 6 -5 -3 -7 -6 16 -12 13 14 15 -2 -1 20 -14 21 -15 -20 -4
right_child=12 3 22 5 9 8 -8 -9 -10 -11 11 -13 18 17 -16 -17 -18 -19 19 -21 -22 -23 -24
leaf_value= -0.067463729530572891 0.048314622792625626 0.036153718753191788 -0.022469961281515301 0.013830168832560275 -0.0045032429084944864 -0.027859995916541608 -0.01450318122444323 0.0088866795321812901 -0.06829296401139863 -0.037205270732024308 0.05612567866749283 0.016028349903914475 -0.067742883617227731 0.012218204480207835 0.033107933104386394 0.0055586016282876223 0.015648577952891141 -0.046980057035883267 0.0038646978724854032 0.039510235068749414 0.034381151423100685 -0.043329437971115117 -0.044219655570863138
leaf_weight=13.999999999999998 62 933 271 1448 5434 817 3040 822 232 216 335 270 10.999999999999998 108 214 812 216 11.999999999999998 566 49 557 14.999999999999998 58
leaf_count=14 62 933 271 1448 5434 817 3040 822 232 216 335 270 11 108 214 812 216 12 566 49 557 15 58
model_size=2608
internal_value=0 -0.0026392 0.0145286 -0.00418327 0.00115183 -0.0113183 -0.00536176 0.0233825 -0.0368023 -0.00575344 0.0306172 0.038231 0.0154732 0.0195469 0.0134138 0.00859164 0.0105896 0.0294034 0.00425633 0.00551346 0.0307818 0.00264626 -0.0263043
internal_weight=0 14106 1164 12942 7405 5537 4488 1755 1049 5650 835 605 2406 1765 1088 874 230 677 641 630 665 581 329
internal_count=16512 14106 1164 12942 7405 5537 4488 1755 1049 5650 835 605 2406 1765 1088 874 230 677 641 630 665 581 329
is_linear=0
shrinkage=0.1


Tree=25
num_leaves= 31
num_cat= 0
full_tree_array_lgbids= 0 1 13 2 9 18 14 4 3 12 10 22 19 15 16 5 7 6 8 21 28 11 25 27 29 20 24 26 23 17 -18 -1 -7 -6 -9 -4 -8 -5 -10 -3 -23 -14 -30 -11 -13 -12 -27 -2 -29 -24 -31 -20 -22 -21 -26 -15 -28 -17 -25 -16 -19 -2147483648 -2147483648
split_feature= 1 6 7 8 8 7 7 8 1 8 7 8 7 4 6 5 1 2 3 2 8 8 6 8 7 4 8 7 6 5
split_gain= 53.1066 32.8676 35.4962 87.8105 79.6192 57.2982 39.1396 23.1547 15.3441 10.3903 8.54513 10.5264 8.42356 7.43391 8.01086 8.71368 6.82448 5.66252 4.94525 5.45689 4.88468 3.84925 3.34753 3.09467 1.54002 1.25053 0.895691 0.727241 0.501465 0.310255
threshold= 5.6851000000000012 3.1336552646136835 34.655000000000008 -119.94499999999998 -118.36499999999999 34.115000000000002 37.595000000000006 -117.77499999999999 3.6670000000000003 -121.48499999999999 35.135000000000012 -118.46499999999999 37.895000000000003 0.96895480831013081 2.4530432249902163 405.50000000000006 8.2050500000000017 51.500000000000007 5.4549101278228429 35.500000000000007 -121.36499999999999 -121.60499999999998 2.6529733204757315 -117.11499999999999 34.015000000000008 1.0196292490795449 -118.675 34.145000000000003 4.7861775898520094 672.50000000000011
decision_type= 2 2 2 2 2 2 2 2 2 2 2 2 2 2 2 2 2 2 2 2 2 2 2 2 2 2 2 2 2 2
left_child=1 2 4 6 5 -1 -4 -6 -5 12 11 -11 21 18 15 26 17 -16 22 20 -20 -3 27 -17 -21 -12 -15 -2 -14 -24
right_child=13 9 3 8 7 -7 -8 -9 -10 10 25 -13 28 14 16 23 -18 -19 19 24 -22 -23 29 -25 -26 -27 -28 -29 -30 -31
leaf_value= 0.067582858682657829 0.026616243055711183 0.0082501967393086972 0.018240210730717708 -0.030740177338907507 0.0085137685640381058 0.014614260234906357 -0.0047321265444113777 -0.0081754619319339052 -0.069674435022801573 0.014548911140413909 -0.030100792799930789 -0.01062265424994603 -0.019035482160973723 -0.051777683993180584 0.0083251174224361416 0.040225865995658014 0.027596941655243398 0.045803046959271246 0.01799510562222598 -0.017333396058529616 -0.015205558438958487 0.082702368795871742 -0.10238709509372708 -0.029360361322760584 0.04342081335240177 -0.017484299535647427 0.0048834403045475488 -0.032375461856524151 0.027867647558450698 -0.042112266746434299
leaf_weight=339 12.000000000000002 513 990 510 1986 551 3500 1607 143 205 256 2836 189 15.000000000000002 1178 297 347 54 95 9.9999999999999982 154 9.9999999999999982 10.000000000000002 9.9999999999999982 56 587 15.999999999999998 14.999999999999998 9.9999999999999982 10.999999999999998
leaf_count=339 12 513 990 510 1986 551 3500 1607 143 205 256 2836 189 15 1178 297 347 54 95 10 154 10 10 10 56 587 16 15 10 11
model_size=3392
internal_value=0 -0.00230356 0.00109992 -0.00469484 0.00774781 0.0347899 0.000333044 0.00104937 -0.0392664 -0.00941643 -0.0116149 -0.00892579 0.00241045 0.014379 0.017116 0.0324111 0.013842 0.00996782 -7.502e-05 0.00516226 -0.00253864 0.00967376 -0.0344446 0.0379592 0.0342156 -0.0213156 -0.0225332 -0.00615693 -0.0166785 -0.0708146
internal_weight=0 14232 9626 5143 4483 890 4490 3593 653 4606 3884 3041 722 2280 1917 338 1579 1232 363 315 249 523 48 307 66 843 31 27 199 21
internal_count=16512 14232 9626 5143 4483 890 4490 3593 653 4606 3884 3041 722 2280 1917 338 1579 1232 363 315 249 523 48 307 66 843 31 27 199 21
is_linear=0
shrinkage=0.1


Tree=26
num_leaves= 22
num_cat= 0
full_tree_array_lgbids= 0 5 1 6 -7 11 2 7 8 -2147483648 -2147483648 15 -13 3 13 12 20 9 10 -2147483648 -2147483648 -2147483648 -2147483648 18 16 -2147483648 -2147483648 17 4 19 14 -1 -14 -9 -22 -8 -11 -10 -12 -2147483648 -2147483648 -2147483648 -2147483648 -2147483648 -2147483648 -2147483648 -2147483648 -2 -20 -17 -18 -2147483648 -2147483648 -2147483648 -2147483648 -3 -19 -5 -6 -4 -21 -15 -16
split_feature= 1 8 7 8 7 7 8 7 7 8 8 7 2 2 8 2 7 7 3 4 7
split_gain= 44.3236 27.7709 30.0644 39.4186 28.4533 12.5317 27.9608 21.1808 13.1224 32.6088 23.2613 10.6355 7.53607 7.29695 4.95936 4.65529 12.296 3.26717 3.06344 2.85848 2.70793
threshold= 3.6530500000000008 -122.33499999999999 37.57500000000001 -122.03499999999998 34.525000000000013 39.355000000000011 -122.38499999999998 38.305000000000007 35.335000000000008 -118.35499999999998 -121.56499999999998 38.735000000000007 19.500000000000004 22.500000000000004 -121.79499999999999 47.500000000000007 37.765000000000008 37.235000000000007 5.5768938063458622 1.0062015652943102 38.705000000000005
decision_type= 2 2 2 2 2 2 2 2 2 2 2 2 2 2 2 2 2 2 2 2 2
left_child=5 11 3 17 -5 6 7 12 9 -8 -10 15 -1 19 -15 18 -17 -3 -2 -4 -9
right_child=1 2 13 4 -6 -7 8 20 10 -11 -12 -13 -14 14 -16 16 -18 -19 -20 -21 -22
leaf_value= -0.02668314273224065 0.0089743418510023487 0.0047216129050973582 -0.016008183510690843 0.0084872821161375758 -0.010150467180547249 -0.021216900373127803 0.017937078598481256 0.0095545028103515509 0.00086070635114591978 -0.0056038187296903359 -0.017554261274139553 -0.03481534996099072 0.04545532444852339 -0.012189668299478673 -0.034319432193018307 0.019508639504404172 0.071397217424546786 0.044731070000527423 0.03027950100526431 0.0028017371852622347 -0.019421764195078253
leaf_weight=19 173 34 171 4370 1080 506 735 108 1166 3875 1981 32 241 473 188 115 94 304 257 491 99
leaf_count=19 173 34 171 4370 1080 506 735 108 1166 3875 1981 32 241 473 188 115 94 304 257 491 99
model_size=2384
internal_value=0 0.00558742 0.00369937 0.0068911 0.00479393 -0.00498068 -0.00398171 0.0204644 -0.00545346 -0.00185055 -0.0107313 0.0255963 0.0401837 -0.0102642 -0.0184838 0.0286216 0.0428461 0.0407065 0.0217079 -0.00205702 -0.00430371
internal_weight=0 7782 7111 5788 5450 8730 8224 467 7757 4610 3147 671 260 1323 661 639 209 338 430 662 207
internal_count=16512 7782 7111 5788 5450 8730 8224 467 7757 4610 3147 671 260 1323 661 639 209 338 430 662 207
is_linear=0
shrinkage=0.1


Tree=27
num_leaves= 29
num_cat= 0
full_tree_array_lgbids= 0 1 6 2 12 7 21 17 3 13 16 11 8 22 -23 18 20 4 5 14 23 19 26 25 15 9 10 24 27 -2147483648 -2147483648 -1 -20 -19 -22 -4 -6 -5 -7 -3 -16 -15 -25 -14 -21 -18 -28 -2 -27 -13 -17 -9 -11 -10 -12 -8 -26 -24 -29 -2147483648 -2147483648 -2147483648 -2147483648
split_feature= 3 6 2 7 8 8 8 7 8 7 1 8 8 7 8 7 7 8 7 8 7 8 7 2 7 4 5 8
split_gain= 38.2939 32.7549 23.1175 22.6039 35.908 30.7548 14.8044 16.0002 46.6223 22.0249 21.3122 15.4048 14.0095 13.7435 25.4437 9.98265 7.96932 6.76659 19.6051 6.40271 6.32096 4.75024 4.82652 3.98456 2.24391 2.12167 1.94737 0.0143924
threshold= 6.3286213786213787 2.4469862317432325 21.500000000000004 34.115000000000002 -118.36499999999999 -122.35499999999998 -117.175 34.655000000000008 -119.94499999999998 37.615000000000002 5.0602500000000008 -119.26499999999999 -117.79499999999999 37.915000000000006 -122.24499999999999 33.565000000000005 33.875000000000007 -118.31499999999998 34.155000000000008 -117.145 33.695000000000007 -116.22499999999998 33.845000000000006 32.500000000000007 33.005000000000003 1.0826163157780153 170.50000000000003 -117.08499999999999
decision_type= 2 2 2 2 2 2 2 2 2 2 2 2 2 2 2 2 2 2 2 2 2 2 2 2 2 2 2 2
left_child=1 2 17 4 -4 -5 7 11 9 -9 -10 25 13 14 -3 -13 19 18 -1 -14 -19 22 24 -15 -8 -2 -18 -24
right_child=6 12 3 5 -6 -7 21 8 10 -11 -12 15 16 23 -16 -17 26 20 -20 -21 -22 -23 27 -25 -26 -27 -28 -29
leaf_value= 0.050951232292378947 0.04949634104139275 0.022917712308794184 0.055451920602658293 0.0289670686087686 0.01156407225031247 -0.0042462710411904662 -0.012763272989729438 0.030547169110388496 -0.01902612793390035 0.0027288079368087918 -0.097227780241519221 0.044494030063491577 0.0060156199615448713 -0.0090696481846002548 -0.0034229888893216758 0.015452344709998718 0.032592574303800408 -0.0047830438428346257 -0.0052799622700460116 -0.014521872496150272 -0.030841305856268077 -0.051876313313841821 -0.057563844606989913 -0.022683128630731679 0.014261880532159986 0.11009360160678626 -0.025139125355513471 -0.023143536623480711
leaf_weight=75 18 417 268 385 716 1240 99 450 114 956 56 159 278 1024 6162 1044 10.999999999999998 259 650 611 215 35 21 433 116 24 633 43
leaf_count=75 18 417 268 385 716 1240 99 450 114 956 56 159 278 1024 6162 1044 11 259 650 611 215 35 21 433 116 24 633 43
model_size=3168
internal_value=0 -0.00238113 0.00565851 0.0111261 0.0235173 0.00362274 0.0101602 0.0125775 0.00554647 0.0116323 -0.0447867 0.0214779 -0.00558052 -0.00381345 -0.00175342 0.0192908 -0.0148435 -0.0062388 0.000537058 -0.00809957 -0.0166027 -0.0115569 -0.00649892 -0.0131154 0.00181774 0.0841233 -0.024153 -0.0344377
internal_weight=0 13377 3808 2609 984 1625 3135 2821 1576 1406 170 1245 9569 8036 6579 1203 1533 1199 725 889 474 314 279 1457 215 42 644 64
internal_count=16512 13377 3808 2609 984 1625 3135 2821 1576 1406 170 1245 9569 8036 6579 1203 1533 1199 725 889 474 314 279 1457 215 42 644 64
is_linear=0
shrinkage=0.1


Tree=28
num_leaves= 27
num_cat= 0
full_tree_array_lgbids= 0 1 14 3 2 21 15 7 9 4 11 23 25 16 17 12 8 10 18 6 5 13 20 24 -25 -23 -27 22 19 -17 -19 -1 -14 -9 -10 -5 -12 -11 -20 -3 -8 -6 -7 -4 -15 -13 -22 -2 -26 -2147483648 -2147483648 -2147483648 -2147483648 -2147483648 -2147483648 -16 -24 -18 -21 -2147483648 -2147483648 -2147483648 -2147483648
split_feature= 6 7 8 8 7 8 8 7 8 8 7 1 8 6 8 7 8 1 8 6 7 7 3 8 3 2
split_gain= 32.605 31.2556 84.5488 70.5654 48.1549 41.3001 32.1097 31.8365 31.076 21.6497 47.5586 17.803 11.7525 8.35615 8.24611 6.14406 9.16863 7.58073 5.61891 5.58228 5.25708 4.40517 2.95827 2.84105 1.61093 0.387248
threshold= 3.253673235601747 34.525000000000013 -119.94499999999998 -118.35499999999998 37.595000000000006 -122.40499999999999 -120.62499999999999 34.135000000000012 -119.34499999999998 -117.145 33.755000000000003 3.8136000000000005 -118.41499999999998 2.3055777777777782 -121.48499999999999 34.715000000000011 -118.77499999999999 6.0886500000000003 -116.22499999999998 3.9901635114651532 34.965000000000011 37.895000000000003 5.3413199426111921 -121.60499999999998 6.9972165015854344 11.500000000000002
decision_type= 2 2 2 2 2 2 2 2 2 2 2 2 2 2 2 2 2 2 2 2 2 2 2 2 2 2
left_child=1 3 4 7 6 -6 -3 12 -9 10 -5 13 -1 -4 21 16 22 -17 -11 -18 -13 23 -16 24 -2 -23
right_child=14 2 11 9 5 -7 -8 8 -10 18 -12 20 -14 -15 15 17 19 -19 -20 -21 -22 25 -24 -25 -26 -27
leaf_value= 0.061126707427453769 0.004614513331763795 0.023780662954051054 -0.055342882180460885 0.024075280780335943 0.013313571367916955 -0.0098219847892117903 -0.020805058545285686 0.062078946924014181 0.0043662825832537838 -0.010201934525183143 -0.0018465158689997983 -0.022139773024497808 0.031998895046611624 -0.018998111971922374 0.0032900601137606875 -0.017662197198450361 -0.0047781948614136951 -0.11020281423221936 -0.044607531251177307 -0.01537631624060665 -0.070469495112468541 0.019571636104956269 0.042732860018874996 0.07507589183747769 0.03269326925763618 -0.018641382672200748
leaf_weight=283 481 1283 89 1021 1101 2969 196 117 618 789 2598 37 360 524 63 713 1748 10.999999999999998 67 1030 152 15.999999999999998 57 9.9999999999999982 46 133
leaf_count=283 481 1283 89 1021 1101 2969 196 117 618 789 2598 37 360 524 63 713 1748 11 67 1030 152 16 57 10 46 133
model_size=2944
internal_value=0 0.00270765 -0.00228019 0.00811988 0.00214986 -0.00356345 0.0178721 0.0281423 0.0135532 0.00195432 0.0054666 -0.0329315 0.0448188 -0.0242749 -0.00767042 -0.00976041 -0.00743507 -0.0190682 -0.0128949 -0.00870766 -0.0610081 0.00336454 0.0220254 0.0083319 0.00706541 -0.014538
internal_weight=0 12204 6351 5853 5549 4070 1479 1378 735 4475 3619 802 643 613 4308 3622 2898 724 856 2778 189 686 120 537 527 149
internal_count=16512 12204 6351 5853 5549 4070 1479 1378 735 4475 3619 802 643 613 4308 3622 2898 724 856 2778 189 686 120 537 527 149
is_linear=0
shrinkage=0.1


Tree=29
num_leaves= 28
num_cat= 0
full_tree_array_lgbids= 0 1 5 12 2 6 21 14 13 3 9 11 7 22 -23 25 20 15 23 16 4 10 17 24 18 8 19 26 -24 -2147483648 -2147483648 -1 -27 -16 -22 -14 -17 -15 -25 -3 -18 -5 -6 -4 -12 -11 -19 -2 -26 -13 -20 -8 -10 -9 -21 -7 -28 -2147483648 -2147483648 -2147483648 -2147483648 -2147483648 -2147483648
split_feature= 3 4 6 2 7 8 7 8 7 8 7 4 8 7 7 8 8 7 1 1 8 8 7 8 8 8 4
split_gain= 29.4853 22.0167 20.6191 22.3123 20.5502 9.88315 10.7342 15.6263 10.1314 8.35926 8.58381 7.09308 5.8707 15.4852 9.04387 8.75953 3.92601 3.49289 3.34905 3.07967 2.82234 2.81651 3.45443 2.73321 1.91059 1.88545 1.62793
threshold= 6.3286213786213787 0.9926017150155082 2.5763869593405579 21.500000000000004 37.805000000000007 -117.175 33.655000000000008 -117.46499999999999 34.655000000000008 -117.79499999999999 34.655000000000008 1.242469606242061 -121.675 35.335000000000008 37.555000000000007 -118.34499999999998 -118.26499999999999 33.645000000000003 6.1634000000000002 5.7307500000000013 -122.425 -116.22499999999998 33.845000000000006 -121.03499999999998 -117.73499999999999 -122.04499999999999 1.0181992504140156
decision_type= 2 2 2 2 2 2 2 2 2 2 2 2 2 2 2 2 2 2 2 2 2 2 2 2 2 2 2
left_child=1 12 3 16 -5 6 11 8 -8 10 -4 24 14 15 25 -14 -3 -11 -13 -9 -16 22 26 -15 -2 -1 -7
right_child=5 2 9 4 -6 21 7 19 -10 17 -12 18 13 23 20 -17 -18 -19 -20 -21 -22 -23 -24 -25 -26 -27 -28
leaf_value= 0.03517210376859807 0.052815010496660292 2.7591282492024809e-05 0.0024512907352180206 0.016460545239692245 -0.0047983187756858222 -0.018887330915101551 0.019556329761932265 -0.023637287763024994 0.0052616779863906456 -0.0052408574422372995 -0.0061492770834193624 0.10674893256357831 0.0069783455731267062 -0.020180815635501868 0.0041553341638064017 -0.013121114011333127 -0.013240316059849867 -0.018967553422342732 0.02650593462555359 -0.08423577640205622 -0.017308610771100835 -0.04322370040097407 -0.029993925645248967 -0.039722557021811933 0.018509305473304836 0.0078410420096978288 0.0097740029112901548
leaf_weight=68 38 856 2793 2040 650 55 919 72 1575 540 2783 23 337 221 144 1131 514 569 11.999999999999998 15.999999999999998 315 35 64 248 166 168 160
leaf_count=68 38 856 2793 2040 650 55 919 72 1575 540 2783 23 337 221 144 1131 514 569 12 16 315 35 64 248 166 168 160
model_size=3056
internal_value=0 -0.00210474 -1.96262e-05 0.00583219 0.0113236 0.00898091 0.0110112 0.00898906 0.010529 -0.00357361 -0.00184128 0.032857 -0.0106171 -0.0138355 -0.00164726 -0.008507 -0.0049503 -0.0122837 0.079237 -0.0346552 -0.0105748 -0.00925925 -0.00499847 -0.0305142 0.0248996 0.0157161 0.00244203
internal_weight=0 13377 10745 4060 2690 3135 2821 2582 2494 6685 5576 239 2632 1937 695 1468 1370 1109 35 88 459 314 279 469 204 236 215
internal_count=16512 13377 10745 4060 2690 3135 2821 2582 2494 6685 5576 239 2632 1937 695 1468 1370 1109 35 88 459 314 279 469 204 236 215
is_linear=0
shrinkage=0.1


Tree=30
num_leaves= 20
num_cat= 0
full_tree_array_lgbids= 0 1 8 2 17 13 9 6 3 -3 -19 15 18 -10 10 7 14 5 4 -2147483648 -2147483648 -2147483648 -2147483648 16 -17 -15 -20 -2147483648 -2147483648 12 11 -1 -9 -8 -16 -4 -7 -5 -6 -2147483648 -2147483648 -2147483648 -2147483648 -2147483648 -2147483648 -2147483648 -2147483648 -2 -18 -2147483648 -2147483648 -2147483648 -2147483648 -2147483648 -2147483648 -2147483648 -2147483648 -2147483648 -2147483648 -11 -14 -12 -13
split_feature= 6 7 8 7 8 8 7 7 8 1 7 1 8 7 7 8 7 7 5
split_gain= 23.593 23.529 27.9827 33.2138 55.6259 51.9813 17.6716 6.40866 6.26514 3.95148 3.83926 5.25688 4.944 3.15749 2.00046 1.92126 1.32574 0.167859 0.0739082
threshold= 3.253673235601747 39.355000000000011 -122.35499999999998 34.525000000000013 -119.94499999999998 -118.35499999999998 38.415000000000006 37.765000000000008 -121.48499999999999 0.86630000000000018 36.095000000000006 6.0886500000000003 -117.50499999999998 37.895000000000003 38.705000000000005 -121.60499999999998 37.815000000000005 39.82500000000001 274.50000000000006
decision_type= 2 2 2 2 2 2 2 2 2 2 2 2 2 2 2 2 2 2 2
left_child=1 2 6 5 -5 -4 7 -1 13 -10 12 -12 -11 15 -8 16 -2 -3 -15
right_child=8 17 3 4 -6 -7 14 -9 9 10 11 -13 -14 18 -16 -17 -18 -19 -20
leaf_value= 0.015112028402755939 0.0055801354633674399 -0.010635002886897511 0.024217076956088174 0.00031614202564111396 -0.028978167574921221 0.0016307881836318959 0.0060464769613550315 0.036235252225461111 0.057721635298087048 -0.0047243642716829938 -0.0163370923147329 -0.10089545160531999 -0.016674746554687526 -0.052133677154779436 -0.019246323795412624 0.06795501071959735 0.061733064055442814 -0.023472303165465423 -0.0096187441427584581
leaf_weight=309 517 177 1378 4026 802 4475 134 450 12.999999999999998 2459 559 9.9999999999999982 581 10.999999999999998 105 9.9999999999999982 9.9999999999999982 348 138
leaf_count=309 517 177 1378 4026 802 4475 134 450 13 2459 559 10 581 11 105 10 10 348 138
model_size=2160
internal_value=0 0.00232836 0.00329361 0.00175089 -0.00455006 0.00694839 0.0198045 0.0276357 -0.00659594 -0.00847494 -0.00871339 -0.0178232 -0.0070083 0.00332501 -0.00506542 0.00778736 0.00664566 -0.0191443 -0.0127574
internal_weight=0 12204 11679 10681 4828 5853 998 759 4308 3622 3609 569 3040 686 239 537 527 525 149
internal_count=16512 12204 11679 10681 4828 5853 998 759 4308 3622 3609 569 3040 686 239 537 527 525 149
is_linear=0
shrinkage=0.1


Tree=31
num_leaves= 22
num_cat= 0
full_tree_array_lgbids= 0 1 7 14 2 8 -9 16 15 3 4 9 -10 -2147483648 -2147483648 20 19 17 18 12 6 5 11 10 13 -2147483648 -2147483648 -2147483648 -2147483648 -2147483648 -2147483648 -1 -22 -18 -21 -16 -19 -17 -20 -3 -14 -5 -8 -4 -7 -6 -13 -2 -12 -11 -15 -2147483648 -2147483648 -2147483648 -2147483648 -2147483648 -2147483648 -2147483648 -2147483648 -2147483648 -2147483648 -2147483648 -2147483648
split_feature= 3 4 8 7 7 8 7 8 7 2 8 6 1 7 8 7 7 8 1 8 8
split_gain= 23.2214 17.3838 15.5809 34.1968 17.8453 24.4047 15.2938 8.14537 7.93598 6.53146 5.37993 4.63927 4.2301 3.90336 3.8014 9.70942 6.99384 5.47022 2.51243 1.62802 1.23444
threshold= 6.3286213786213787 0.99160544721033084 -117.77499999999999 33.625000000000007 33.565000000000005 -117.24499999999999 34.525000000000013 -116.53499999999998 39.355000000000011 32.500000000000007 -121.81499999999998 2.4136952392348086 5.3357000000000001 37.595000000000006 -121.675 35.335000000000008 37.555000000000007 -118.34499999999998 2.8040500000000006 -122.425 -122.04499999999999
decision_type= 2 2 2 2 2 2 2 2 2 2 2 2 2 2 2 2 2 2 2 2 2
left_child=1 14 3 12 5 -4 -5 8 9 10 -2 -6 -3 -11 16 17 20 -16 -17 -18 -1
right_child=7 2 4 6 11 -7 -8 -9 -10 13 -12 -13 -14 -15 15 18 19 -19 -20 -21 -22
leaf_value= 0.031569090974517169 0.016953933899110946 0.1389726507521811 0.035630020468988215 0.0061461958036712824 -0.038156267116682796 -0.0073138916830013875 -0.0025994909949686594 -0.025277336519853824 -0.024770694033029568 0.025060706564061772 0.0037147723305301869 -0.016097923559623903 0.047666095535863533 0.0058893154291793683 0.0049133253517794802 -0.014061427082981229 0.0028391835071701322 -0.011916875533851817 -0.033850213868794499 -0.015949962418590459 0.0065514501736675043
leaf_weight=68 539 21 174 4076 167 773 4940 87 83 507 1696 632 10.999999999999998 223 334 180 141 1102 282 309 167
leaf_count=68 539 21 174 4076 167 773 4940 87 83 507 1696 632 11 223 334 180 141 1102 282 309 167
model_size=2384
internal_value=0 -0.00188401 -3.21325e-05 0.00173001 -0.0091638 0.000576542 0.0013543 0.00803905 0.00899001 0.00993508 0.00690757 -0.0207084 0.107586 0.0192042 -0.00962276 -0.0124174 -0.00187945 -0.00800233 -0.0261403 -0.0100627 0.0137906
internal_weight=0 13377 10794 9048 1746 947 9016 3135 3048 2965 2235 799 32 730 2583 1898 685 1436 462 450 235
internal_count=16512 13377 10794 9048 1746 947 9016 3135 3048 2965 2235 799 32 730 2583 1898 685 1436 462 450 235
is_linear=0
shrinkage=0.1


Tree=32
num_leaves= 22
num_cat= 0
full_tree_array_lgbids= 0 1 9 2 3 10 -11 6 -4 4 8 13 11 -2147483648 -2147483648 14 7 -2147483648 -2147483648 17 5 20 18 15 16 12 19 -2147483648 -2147483648 -2147483648 -2147483648 -1 -16 -8 -9 -2147483648 -2147483648 -2147483648 -2147483648 -3 -19 -6 -7 -5 -22 -10 -20 -2 -17 -15 -18 -12 -14 -13 -21 -2147483648 -2147483648 -2147483648 -2147483648 -2147483648 -2147483648 -2147483648 -2147483648
split_feature= 3 8 7 7 8 8 7 7 2 8 7 8 7 4 6 8 2 8 1 7 5
split_gain= 18.9891 16.3016 29.1396 20.1587 42.7927 16.7328 8.60169 14.5719 8.0807 5.77012 5.57965 11.9264 7.06817 4.57137 3.84132 3.43378 3.35784 3.21692 2.90287 2.57369 1.44502
threshold= 6.5207558992324239 -122.40499999999999 38.705000000000005 37.615000000000002 -122.01499999999999 -117.77499999999999 37.755000000000003 37.895000000000003 23.500000000000004 -116.53499999999998 33.645000000000003 -117.46499999999999 34.525000000000013 1.1118457480911583 2.3407828762060774 -117.145 3.5000000000000004 -122.13499999999998 5.0823000000000009 33.895000000000003 139.50000000000003
decision_type= 2 2 2 2 2 2 2 2 2 2 2 2 2 2 2 2 2 2 2 2 2
left_child=1 2 6 4 17 -6 14 -8 20 10 13 12 -12 15 -1 -2 -15 -3 -10 -13 -5
right_child=9 3 -4 8 5 -7 7 -9 18 -11 11 19 -14 16 -16 -17 -18 -19 -20 -21 -22
leaf_value= -0.029216516612186317 0.026474760208547006 0.044454344696139042 -0.018469492133688495 0.04073981925406877 0.00063273071911042428 -0.0097468777593350958 0.04795197090048145 0.012949633736452843 -0.013821739260613806 -0.023041112266480923 0.017907670989245693 0.010220078264659781 0.0042142229461214929 -0.022749635223299265 0.010873977297086543 -0.0057403793632302708 0.053289096397621673 0.02221077424532512 -0.037581190471114086 -0.032376303229988981 -0.0034109810464353508
leaf_weight=42 132 177 267 17 7449 2239 244 296 1658 75 751 31 1283 9.9999999999999982 217 82 85 239 88 110 1020
leaf_count=42 132 177 267 17 7449 2239 244 296 1658 75 751 31 1283 10 217 82 85 239 88 110 1020
model_size=2384
internal_value=0 -0.00152002 0.011008 -0.00255633 -0.000389277 -0.00176611 0.0208585 0.0287655 -0.0104241 0.00828796 0.00923389 0.00717744 0.00927016 0.0237088 0.00437282 0.0141306 0.045285 0.031675 -0.0150192 -0.0230111 -0.0026872
internal_weight=0 13953 1066 12887 10104 9688 799 540 2783 2559 2484 2175 2034 309 259 214 95 416 1746 141 1037
internal_count=16512 13953 1066 12887 10104 9688 799 540 2783 2559 2484 2175 2034 309 259 214 95 416 1746 141 1037
is_linear=0
shrinkage=0.1


Tree=33
num_leaves= 31
num_cat= 0
full_tree_array_lgbids= 0 1 14 4 2 21 15 6 8 3 11 22 24 16 20 29 7 9 10 12 5 13 19 -2 23 27 25 18 17 28 26 -1 -31 -8 -9 -6 -11 -10 -12 -3 -14 -5 -7 -4 -15 -13 -21 -2147483648 -2147483648 -24 -25 -23 -29 -26 -27 -16 -20 -18 -19 -17 -30 -22 -28
split_feature= 6 7 8 7 8 8 7 7 7 8 8 1 8 7 8 6 7 1 8 6 5 7 3 5 6 1 1 7 4 1
split_gain= 18.2345 16.0183 54.6603 43.9327 37.7552 21.944 17.1151 16.8693 16.3375 28.6662 22.1651 15.9289 13.034 8.85329 4.10509 2.7951 4.51165 5.23445 4.52932 2.68945 2.25192 2.04401 3.82339 1.90165 1.48416 3.93866 1.28432 1.22691 0.888597 0.686661
threshold= 3.253673235601747 34.655000000000008 -120.56499999999998 37.595000000000006 -118.27499999999999 -122.40499999999999 33.835000000000008 33.995000000000012 33.695000000000007 -117.16499999999998 -118.01499999999999 4.1408500000000013 -122.02499999999999 37.335000000000008 -121.48499999999999 4.0313335151349889 34.525000000000013 5.9398000000000009 -118.77499999999999 2.5498511575161031 2686.0000000000005 37.235000000000007 5.1709164990458518 1053.5000000000002 4.6231755593803792 3.1552000000000002 1.6111500000000001 37.765000000000008 1.0835581867240742 8.0125000000000011
decision_type= 2 2 2 2 2 2 2 2 2 2 2 2 2 2 2 2 2 2 2 2 2 2 2 2 2 2 2 2 2 2
left_child=1 4 3 12 6 -5 29 -8 9 -6 -10 13 -3 -4 21 16 18 -18 -16 -13 28 22 -2 -24 27 -26 -22 -23 -17 -1
right_child=14 2 11 5 8 -7 7 -9 10 -11 -12 19 -14 -15 15 20 17 -19 -20 -21 26 24 23 -25 25 -27 -28 -29 -30 -31
leaf_value= 0.058421317396388089 -0.0045386075906248555 0.033193179626911921 -0.02257709427893053 0.0096445536988224428 0.02201169038397599 -0.0077018150819008063 -0.0044565420616341769 0.019783641309194092 0.0059875185644944389 -0.0066999272054005798 -0.014198489397240119 -0.083365972744567057 0.010920019054128021 0.0043540227668114667 0.025670156407146424 -0.018685178268348208 -0.0124683641584723 -0.087123197890245002 -0.0033663403109728883 -0.043364358683985554 0.052661931565539402 0.0028134943007104484 0.079362949101548452 0.023275512107647958 0.056049505038255898 -0.0094303442441202989 -0.0023213926026134724 -0.013062609335472014 -0.0073928344433601863 0.020777592524176554
leaf_weight=119 45 463 685 1101 801 2803 404 1504 1051 688 1341 35 851 188 79 688 564 12.999999999999998 1776 149 10.999999999999998 348 19 32 27 27 179 188 312 21
leaf_count=119 45 463 685 1101 801 2803 404 1504 1051 688 1341 35 851 188 79 688 564 13 1776 149 11 348 19 32 27 27 179 188 312 21
model_size=3392
internal_value=0 0.00207171 -0.00164685 0.00262396 0.00600728 -0.00280982 0.0172571 0.014651 7.07348e-05 0.00874534 -0.00532914 -0.0227302 0.0187682 -0.0167775 -0.00586888 -0.00748582 -0.00498168 -0.0141504 -0.00212975 -0.0509734 -0.0126035 0.00266839 0.0213383 0.0441708 -0.000369419 0.0233096 0.000861852 -0.00275499 -0.015162 0.0527748
internal_weight=0 12204 6275 5218 5929 3904 2048 1908 3881 1489 2392 1057 1314 873 4308 3622 2432 577 1855 184 1190 686 96 51 590 54 190 536 1000 140
internal_count=16512 12204 6275 5218 5929 3904 2048 1908 3881 1489 2392 1057 1314 873 4308 3622 2432 577 1855 184 1190 686 96 51 590 54 190 536 1000 140
is_linear=0
shrinkage=0.1


end of trees

feature_importances:
Column_7=241
Column_8=221
Column_1=143
Column_6=120
Column_2=92
Column_3=50
Column_4=44
Column_5=41

parameters:
[boosting: gbdt]
[objective: regression]
[metric: rmse]
[tree_learner: serial]
[device_type: cpu]
[data_sample_strategy: bagging]
[data: data/california_housing.libsvm.train]
[valid: data/california_housing.libsvm.test]
[num_iterations: 50]
[learning_rate: 0.1]
[num_leaves: 255]
[num_threads: 0]
[seed: 42]
[deterministic: 0]
[force_col_wise: 0]
[force_row_wise: 0]
[histogram_pool_size: -1]
[max_depth: 5]
[min_data_in_leaf: 10]
[min_sum_hessian_in_leaf: 0.001]
[bagging_fraction: 1]
[pos_bagging_fraction: 1]
[neg_bagging_fraction: 1]
[bagging_freq: 0]
[bagging_seed: 400]
[feature_fraction: 1]
[feature_fraction_bynode: 1]
[feature_fraction_seed: 30056]
[extra_trees: 0]
[extra_seed: 12879]
[early_stopping_round: 0]
[early_stopping_min_delta: 0]
[first_metric_only: 0]
[max_delta_step: 0]
[lambda_l1: 0]
[lambda_l2: 0]
[linear_lambda: 0]
[min_gain_to_split: 0]
[drop_rate: 0.1]
[max_drop: 50]
[skip_drop: 0.5]
[xgboost_dart_mode: 0]
[uniform_drop: 0]
[drop_seed: 17869]
[top_rate: 0.2]
[other_rate: 0.1]
[min_data_per_group: 100]
[max_cat_threshold: 32]
[cat_l2: 10]
[cat_smooth: 10]
[max_cat_to_onehot: 4]
[top_k: 20]
[monotone_constraints: ]
[monotone_constraints_method: basic]
[monotone_penalty: 0]
[feature_contri: ]
[forcedsplits_filename: ]
[refit_decay_rate: 0.9]
[tinygbdt_penalty_feature: 0.0625]
[tinygbdt_penalty_split: 0.000976562]
[tinygbdt_forestsize: 64000]
[tinygbdt_precision: 7]
[cegb_tradeoff: 1]
[cegb_penalty_split: 0]
[cegb_penalty_feature_lazy: ]
[cegb_penalty_feature_coupled: ]
[path_smooth: 0]
[interaction_constraints: ]
[verbosity: 2]
[saved_feature_importance_type: 0]
[use_quantized_grad: 0]
[num_grad_quant_bins: 4]
[quant_train_renew_leaf: 0]
[stochastic_rounding: 1]
[linear_tree: 0]
[max_bin: 255]
[max_bin_by_feature: ]
[min_data_in_bin: 3]
[bin_construct_sample_cnt: 200000]
[data_random_seed: 175]
[is_enable_sparse: 1]
[enable_bundle: 1]
[use_missing: 1]
[zero_as_missing: 0]
[feature_pre_filter: 1]
[pre_partition: 0]
[two_round: 0]
[header: 0]
[label_column: ]
[weight_column: ]
[group_column: ]
[ignore_column: ]
[categorical_feature: ]
[forcedbins_filename: ]
[precise_float_parser: 0]
[parser_config_file: ]
[objective_seed: 16083]
[num_class: 1]
[is_unbalance: 0]
[scale_pos_weight: 1]
[sigmoid: 1]
[boost_from_average: 1]
[reg_sqrt: 0]
[alpha: 0.9]
[fair_c: 1]
[poisson_max_delta_step: 0.7]
[tweedie_variance_power: 1.5]
[lambdarank_truncation_level: 30]
[lambdarank_norm: 1]
[label_gain: ]
[lambdarank_position_bias_regularization: 0]
[eval_at: ]
[multi_error_top_k: 1]
[auc_mu_weights: ]
[num_machines: 1]
[local_listen_port: 12400]
[time_out: 120]
[machine_list_filename: ]
[machines: ]
[gpu_platform_id: -1]
[gpu_device_id: -1]
[gpu_use_dp: 0]
[num_gpu: 1]

end of parameters
