tree
version=v4
num_class=1
num_tree_per_iteration=1
label_index=0
max_feature_idx=21
objective=binary sigmoid:1
feature_names=Column_0 Column_1 Column_2 Column_3 Column_4 Column_5 Column_6 Column_7 Column_8 Column_9 Column_10 Column_11 Column_12 Column_13 Column_14 Column_15 Column_16 Column_17 Column_18 Column_19 Column_20 Column_21
feature_infos=[0:5] [0:3] [0:9] [0:1] [0:8] [0:1] [0:1] [0:1] [0:11] [0:1] [0:4] [0:3] [0:3] [0:8] [0:8] none [0:3] [0:2] [0:4] [0:8] [0:5] [0:6]
tree_sizes=4713 4710 4708 4701 4704 4710 4794 4710 4713 4796 4714 4701 4711 4709 4795 4796 4790 4785 4798 4615 4796 4716 4537 4717 4540 4450 4547 4455 2935 2832 2840 1888 2074 1719 1545 1543 1547 1547 621 1547 803 804 798 804 804 801 802 804 807 722 538 539 540 542 727

Tree=0
num_leaves= 17
num_cat= 0
full_tree_array_lgbids= 0 1 2 5 10 4 3 -1 -7 12 11 -2 -6 7 6 -2147483648 -2147483648 -2147483648 -2147483648 -3 -14 -12 -13 -2147483648 -2147483648 -2147483648 -2147483648 -4 13 8 -8 -2147483648 -2147483648 -2147483648 -2147483648 -2147483648 -2147483648 -2147483648 -2147483648 -2147483648 -2147483648 -2147483648 -2147483648 -2147483648 -2147483648 -2147483648 -2147483648 -2147483648 -2147483648 -2147483648 -2147483648 -2147483648 -2147483648 -2147483648 -2147483648 -2147483648 -2147483648 -9 14 -5 9 -2147483648 -2147483648 -2147483648 -2147483648 -2147483648 -2147483648 -2147483648 -2147483648 -2147483648 -2147483648 -2147483648 -2147483648 -2147483648 -2147483648 -2147483648 -2147483648 -2147483648 -2147483648 -2147483648 -2147483648 -2147483648 -2147483648 -2147483648 -2147483648 -2147483648 -2147483648 -2147483648 -2147483648 -2147483648 -2147483648 -2147483648 -2147483648 -2147483648 -2147483648 -2147483648 -2147483648 -2147483648 -2147483648 -2147483648 -2147483648 -2147483648 -2147483648 -2147483648 -2147483648 -2147483648 -2147483648 -2147483648 -2147483648 -2147483648 -2147483648 -2147483648 -2147483648 -2147483648 -2147483648 -2147483648 -2147483648 -15 -16 -2147483648 -2147483648 15 -11 -2147483648 -2147483648 -2147483648 -2147483648 -2147483648 -2147483648 -2147483648 -2147483648 -2147483648 -2147483648 -2147483648 -2147483648 -2147483648 -2147483648 -2147483648 -2147483648 -2147483648 -2147483648 -2147483648 -2147483648 -2147483648 -2147483648 -2147483648 -2147483648 -2147483648 -2147483648 -2147483648 -2147483648 -2147483648 -2147483648 -2147483648 -2147483648 -2147483648 -2147483648 -2147483648 -2147483648 -2147483648 -2147483648 -2147483648 -2147483648 -2147483648 -2147483648 -2147483648 -2147483648 -2147483648 -2147483648 -2147483648 -2147483648 -2147483648 -2147483648 -2147483648 -2147483648 -2147483648 -2147483648 -2147483648 -2147483648 -2147483648 -2147483648 -2147483648 -2147483648 -2147483648 -2147483648 -2147483648 -2147483648 -2147483648 -2147483648 -2147483648 -2147483648 -2147483648 -2147483648 -2147483648 -2147483648 -2147483648 -2147483648 -2147483648 -2147483648 -2147483648 -2147483648 -2147483648 -2147483648 -2147483648 -2147483648 -2147483648 -2147483648 -2147483648 -2147483648 -2147483648 -2147483648 -2147483648 -2147483648 -2147483648 -2147483648 -2147483648 -2147483648 -2147483648 -2147483648 -2147483648 -2147483648 -2147483648 -2147483648 -2147483648 -2147483648 -2147483648 -2147483648 -2147483648 -2147483648 -2147483648 -2147483648 -2147483648 -2147483648 -2147483648 -2147483648 -2147483648 -2147483648 -2147483648 -2147483648 -2147483648 -2147483648 -2147483648 -2147483648 -10 -17 -2147483648 -2147483648 -2147483648 -2147483648 -2147483648 -2147483648 -2147483648 -2147483648 -2147483648 -2147483648
split_feature= 8 20 19 7 4 10 9 13 21 3 21 1 12 17 19 1
split_gain= 2189.6 1173.92 1116.43 758.439 243.368 203.891 150.849 119.171 82.9296 180.342 29.0555 33.7572 18.7629 17.088 136.544 5.10576
threshold= 3.5000000000000004 3.5000000000000004 1.5000000000000002 1.0000000180025095e-35 4.5000000000000009 1.0000000180025095e-35 1.0000000180025095e-35 1.5000000000000002 1.5000000000000002 1.0000000180025095e-35 4.5000000000000009 1.5000000000000002 1.0000000180025095e-35 1.5000000000000002 6.5000000000000009 2.5000000000000004
decision_type= 2 2 2 2 2 2 2 2 2 2 2 2 2 2 2 2
left_child=1 5 4 7 -2 -1 8 -4 -5 15 12 -12 -3 -9 -15 -10
right_child=2 10 3 6 -6 -7 -8 13 9 -11 11 -13 -14 14 -16 -17
leaf_value= 0.13625295265526666 0.13625295265526666 -0.075779630963319758 0.13625295265526666 0.13625295265526666 -0.26425303862428545 -0.26425303862428545 -0.26425303862428545 -0.26425303862428545 -0.2642530386242854 0.13625295265526666 -0.26425303862428551 0.1362529526552666 0.13625295265526666 0.13625295265526666 -0.26425303862428545 -0.16041815199625342
leaf_weight=14.48168098926544 127.58860319852829 4.2446306347846976 7.7402088046073905 58.176408112049103 17.228206694126129 104.36797678470612 17.228206694126129 603.98597091436386 17.727575004100803 27.964625358581543 3.9949464797973615 4.4943147897720337 528.58135610818863 9.7376820445060712 68.413458466529846 6.7414721846580496
leaf_count=58 511 17 31 233 69 418 69 2419 71 112 16 18 2117 39 274 27
model_size=1824
internal_value=-0.0711178 0.0691485 -0.167321 -0.212646 0.0886066 -0.215452 0.0110948 -0.254106 0.053982 -0.0372996 0.131635 -0.0522205 0.134564 -0.258536 -0.21435 -0.235645
internal_weight=0 660.165 962.532 817.716 144.817 118.85 127.838 689.877 110.61 52.4337 541.315 8.48926 532.826 682.137 78.1511 24.469
internal_count=6499 2644 3855 3275 580 476 512 2763 443 210 2168 34 2134 2732 313 98
is_linear=0
shrinkage=1


Tree=1
num_leaves= 17
num_cat= 0
full_tree_array_lgbids= 0 1 2 5 10 4 3 -1 -7 12 11 -2 -6 7 6 -2147483648 -2147483648 -2147483648 -2147483648 -3 -14 -12 -13 -2147483648 -2147483648 -2147483648 -2147483648 -4 13 8 -8 -2147483648 -2147483648 -2147483648 -2147483648 -2147483648 -2147483648 -2147483648 -2147483648 -2147483648 -2147483648 -2147483648 -2147483648 -2147483648 -2147483648 -2147483648 -2147483648 -2147483648 -2147483648 -2147483648 -2147483648 -2147483648 -2147483648 -2147483648 -2147483648 -2147483648 -2147483648 -9 14 -5 9 -2147483648 -2147483648 -2147483648 -2147483648 -2147483648 -2147483648 -2147483648 -2147483648 -2147483648 -2147483648 -2147483648 -2147483648 -2147483648 -2147483648 -2147483648 -2147483648 -2147483648 -2147483648 -2147483648 -2147483648 -2147483648 -2147483648 -2147483648 -2147483648 -2147483648 -2147483648 -2147483648 -2147483648 -2147483648 -2147483648 -2147483648 -2147483648 -2147483648 -2147483648 -2147483648 -2147483648 -2147483648 -2147483648 -2147483648 -2147483648 -2147483648 -2147483648 -2147483648 -2147483648 -2147483648 -2147483648 -2147483648 -2147483648 -2147483648 -2147483648 -2147483648 -2147483648 -2147483648 -2147483648 -2147483648 -2147483648 -15 -16 -2147483648 -2147483648 15 -11 -2147483648 -2147483648 -2147483648 -2147483648 -2147483648 -2147483648 -2147483648 -2147483648 -2147483648 -2147483648 -2147483648 -2147483648 -2147483648 -2147483648 -2147483648 -2147483648 -2147483648 -2147483648 -2147483648 -2147483648 -2147483648 -2147483648 -2147483648 -2147483648 -2147483648 -2147483648 -2147483648 -2147483648 -2147483648 -2147483648 -2147483648 -2147483648 -2147483648 -2147483648 -2147483648 -2147483648 -2147483648 -2147483648 -2147483648 -2147483648 -2147483648 -2147483648 -2147483648 -2147483648 -2147483648 -2147483648 -2147483648 -2147483648 -2147483648 -2147483648 -2147483648 -2147483648 -2147483648 -2147483648 -2147483648 -2147483648 -2147483648 -2147483648 -2147483648 -2147483648 -2147483648 -2147483648 -2147483648 -2147483648 -2147483648 -2147483648 -2147483648 -2147483648 -2147483648 -2147483648 -2147483648 -2147483648 -2147483648 -2147483648 -2147483648 -2147483648 -2147483648 -2147483648 -2147483648 -2147483648 -2147483648 -2147483648 -2147483648 -2147483648 -2147483648 -2147483648 -2147483648 -2147483648 -2147483648 -2147483648 -2147483648 -2147483648 -2147483648 -2147483648 -2147483648 -2147483648 -2147483648 -2147483648 -2147483648 -2147483648 -2147483648 -2147483648 -2147483648 -2147483648 -2147483648 -2147483648 -2147483648 -2147483648 -2147483648 -2147483648 -2147483648 -2147483648 -2147483648 -2147483648 -2147483648 -2147483648 -2147483648 -2147483648 -2147483648 -2147483648 -10 -17 -2147483648 -2147483648 -2147483648 -2147483648 -2147483648 -2147483648 -2147483648 -2147483648 -2147483648 -2147483648
split_feature= 8 20 19 7 4 10 9 13 21 3 21 4 12 17 19 1
split_gain= 1789.78 954.769 916.059 625.654 197.972 167.442 123.242 97.9077 67.0075 147.021 23.2793 27.4838 15.1706 14.0844 112.147 4.20008
threshold= 3.5000000000000004 3.5000000000000004 1.5000000000000002 1.0000000180025095e-35 4.5000000000000009 1.0000000180025095e-35 1.0000000180025095e-35 1.5000000000000002 1.5000000000000002 1.0000000180025095e-35 4.5000000000000009 4.5000000000000009 1.0000000180025095e-35 1.5000000000000002 6.5000000000000009 2.5000000000000004
decision_type= 2 2 2 2 2 2 2 2 2 2 2 2 2 2 2 2
left_child=1 5 4 7 -2 -1 8 -4 -5 15 12 -12 -3 -9 -15 -10
right_child=2 10 3 6 -6 -7 -8 13 9 -11 11 -13 -14 14 -16 -17
leaf_value= 0.18726217829300001 0.18726217829300001 -0.0041963809298885936 0.18726217829300001 0.18726217829300001 -0.17677793099633521 -0.17677793099633521 -0.17677793099633521 -0.17677793099633521 -0.17677793099633518 0.18726217829300001 0.18726217829300007 -0.17677793099633518 0.18726217829300001 0.18726217829300001 -0.17677793099633521 -0.080806439333089508
leaf_weight=14.432910382747648 127.15891733765602 4.2439043670892707 7.7141417562961569 57.980484813451767 16.952329516410828 102.69672083854675 16.952329516410828 594.31427681446075 17.443701386451725 27.870447635650635 4.4791790843009931 3.9309749603271484 526.80122897028923 9.7048880159854871 67.317946195602417 6.7067594379186621
leaf_count=58 511 17 31 233 69 418 69 2419 71 112 18 16 2117 39 274 27
model_size=1824
internal_value=0 0.126905 -0.0878109 -0.129336 0.144439 -0.13192 0.0744698 -0.16744 0.11319 0.0306313 0.183103 0.0171068 0.185732 -0.171515 -0.130909 -0.150126
internal_weight=0 656.585 950.116 806.005 144.111 117.13 126.954 679.051 110.001 52.0209 539.455 8.41015 531.045 671.337 77.0228 24.1505
internal_count=6499 2644 3855 3275 580 476 512 2763 443 210 2168 34 2134 2732 313 98
is_linear=0
shrinkage=0.1


Tree=2
num_leaves= 17
num_cat= 0
full_tree_array_lgbids= 0 1 2 5 10 4 3 -1 -7 12 11 -2 -6 7 6 -2147483648 -2147483648 -2147483648 -2147483648 -3 -14 -12 -13 -2147483648 -2147483648 -2147483648 -2147483648 -4 13 8 -8 -2147483648 -2147483648 -2147483648 -2147483648 -2147483648 -2147483648 -2147483648 -2147483648 -2147483648 -2147483648 -2147483648 -2147483648 -2147483648 -2147483648 -2147483648 -2147483648 -2147483648 -2147483648 -2147483648 -2147483648 -2147483648 -2147483648 -2147483648 -2147483648 -2147483648 -2147483648 -9 14 -5 9 -2147483648 -2147483648 -2147483648 -2147483648 -2147483648 -2147483648 -2147483648 -2147483648 -2147483648 -2147483648 -2147483648 -2147483648 -2147483648 -2147483648 -2147483648 -2147483648 -2147483648 -2147483648 -2147483648 -2147483648 -2147483648 -2147483648 -2147483648 -2147483648 -2147483648 -2147483648 -2147483648 -2147483648 -2147483648 -2147483648 -2147483648 -2147483648 -2147483648 -2147483648 -2147483648 -2147483648 -2147483648 -2147483648 -2147483648 -2147483648 -2147483648 -2147483648 -2147483648 -2147483648 -2147483648 -2147483648 -2147483648 -2147483648 -2147483648 -2147483648 -2147483648 -2147483648 -2147483648 -2147483648 -2147483648 -2147483648 -15 -16 -2147483648 -2147483648 15 -11 -2147483648 -2147483648 -2147483648 -2147483648 -2147483648 -2147483648 -2147483648 -2147483648 -2147483648 -2147483648 -2147483648 -2147483648 -2147483648 -2147483648 -2147483648 -2147483648 -2147483648 -2147483648 -2147483648 -2147483648 -2147483648 -2147483648 -2147483648 -2147483648 -2147483648 -2147483648 -2147483648 -2147483648 -2147483648 -2147483648 -2147483648 -2147483648 -2147483648 -2147483648 -2147483648 -2147483648 -2147483648 -2147483648 -2147483648 -2147483648 -2147483648 -2147483648 -2147483648 -2147483648 -2147483648 -2147483648 -2147483648 -2147483648 -2147483648 -2147483648 -2147483648 -2147483648 -2147483648 -2147483648 -2147483648 -2147483648 -2147483648 -2147483648 -2147483648 -2147483648 -2147483648 -2147483648 -2147483648 -2147483648 -2147483648 -2147483648 -2147483648 -2147483648 -2147483648 -2147483648 -2147483648 -2147483648 -2147483648 -2147483648 -2147483648 -2147483648 -2147483648 -2147483648 -2147483648 -2147483648 -2147483648 -2147483648 -2147483648 -2147483648 -2147483648 -2147483648 -2147483648 -2147483648 -2147483648 -2147483648 -2147483648 -2147483648 -2147483648 -2147483648 -2147483648 -2147483648 -2147483648 -2147483648 -2147483648 -2147483648 -2147483648 -2147483648 -2147483648 -2147483648 -2147483648 -2147483648 -2147483648 -2147483648 -2147483648 -2147483648 -2147483648 -2147483648 -2147483648 -2147483648 -2147483648 -2147483648 -2147483648 -2147483648 -2147483648 -2147483648 -10 -17 -2147483648 -2147483648 -2147483648 -2147483648 -2147483648 -2147483648 -2147483648 -2147483648 -2147483648 -2147483648
split_feature= 8 20 19 7 4 10 9 13 21 3 21 4 12 17 19 1
split_gain= 1490.27 792.078 764.948 524.678 164.298 139.946 102.55 81.8574 55.4185 121.994 19.1136 22.8063 12.7483 11.801 93.6992 3.64452
threshold= 3.5000000000000004 3.5000000000000004 1.5000000000000002 1.0000000180025095e-35 4.5000000000000009 1.0000000180025095e-35 1.0000000180025095e-35 1.5000000000000002 1.5000000000000002 1.0000000180025095e-35 4.5000000000000009 4.5000000000000009 1.0000000180025095e-35 1.5000000000000002 6.5000000000000009 2.5000000000000004
decision_type= 2 2 2 2 2 2 2 2 2 2 2 2 2 2 2 2
left_child=1 5 4 7 -2 -1 8 -4 -5 15 12 -12 -3 -9 -15 -10
right_child=2 10 3 6 -6 -7 -8 13 9 -11 11 -13 -14 14 -16 -17
leaf_value= 0.17236010255125836 0.17236010255125836 -0.0037773991993575971 0.17236010255125836 0.17236010255125836 -0.16433727988382651 -0.16433727988382651 -0.16433727988382651 -0.16433727988382651 -0.16433727988382651 0.17236010255125836 0.17236010255125839 -0.16433727988382651 0.17236010255125836 0.17236010255125836 -0.16433727988382651 -0.073346872777648994
leaf_weight=14.127121359109877 124.46481059491634 4.2432112842798224 7.5507027953863135 56.752056494355202 16.43764516711235 99.578777968883514 16.43764516711235 576.27048781514168 16.91409865021706 27.279958486557007 4.3842790424823743 3.8116278648376465 515.63992960751057 9.4992712587118131 65.274127185344696 6.6527500748634329
leaf_count=58 511 17 31 233 69 418 69 2419 71 112 18 16 2117 39 274 27
model_size=1824
internal_value=0 0.116954 -0.0814531 -0.120077 0.133081 -0.122505 0.0686481 -0.155621 0.104241 0.0282102 0.168515 0.015774 0.170922 -0.159425 -0.121563 -0.138651
internal_weight=0 641.785 923.534 782.631 140.902 113.706 124.037 658.595 107.599 50.8468 528.079 8.19591 519.883 651.044 74.7734 23.5668
internal_count=6499 2644 3855 3275 580 476 512 2763 443 210 2168 34 2134 2732 313 98
is_linear=0
shrinkage=0.1


Tree=3
num_leaves= 17
num_cat= 0
full_tree_array_lgbids= 0 1 2 5 10 4 3 -1 -7 12 11 -2 -6 7 6 -2147483648 -2147483648 -2147483648 -2147483648 -3 -14 -12 -13 -2147483648 -2147483648 -2147483648 -2147483648 -4 13 8 -8 -2147483648 -2147483648 -2147483648 -2147483648 -2147483648 -2147483648 -2147483648 -2147483648 -2147483648 -2147483648 -2147483648 -2147483648 -2147483648 -2147483648 -2147483648 -2147483648 -2147483648 -2147483648 -2147483648 -2147483648 -2147483648 -2147483648 -2147483648 -2147483648 -2147483648 -2147483648 -9 14 -5 9 -2147483648 -2147483648 -2147483648 -2147483648 -2147483648 -2147483648 -2147483648 -2147483648 -2147483648 -2147483648 -2147483648 -2147483648 -2147483648 -2147483648 -2147483648 -2147483648 -2147483648 -2147483648 -2147483648 -2147483648 -2147483648 -2147483648 -2147483648 -2147483648 -2147483648 -2147483648 -2147483648 -2147483648 -2147483648 -2147483648 -2147483648 -2147483648 -2147483648 -2147483648 -2147483648 -2147483648 -2147483648 -2147483648 -2147483648 -2147483648 -2147483648 -2147483648 -2147483648 -2147483648 -2147483648 -2147483648 -2147483648 -2147483648 -2147483648 -2147483648 -2147483648 -2147483648 -2147483648 -2147483648 -2147483648 -2147483648 -15 -16 -2147483648 -2147483648 15 -11 -2147483648 -2147483648 -2147483648 -2147483648 -2147483648 -2147483648 -2147483648 -2147483648 -2147483648 -2147483648 -2147483648 -2147483648 -2147483648 -2147483648 -2147483648 -2147483648 -2147483648 -2147483648 -2147483648 -2147483648 -2147483648 -2147483648 -2147483648 -2147483648 -2147483648 -2147483648 -2147483648 -2147483648 -2147483648 -2147483648 -2147483648 -2147483648 -2147483648 -2147483648 -2147483648 -2147483648 -2147483648 -2147483648 -2147483648 -2147483648 -2147483648 -2147483648 -2147483648 -2147483648 -2147483648 -2147483648 -2147483648 -2147483648 -2147483648 -2147483648 -2147483648 -2147483648 -2147483648 -2147483648 -2147483648 -2147483648 -2147483648 -2147483648 -2147483648 -2147483648 -2147483648 -2147483648 -2147483648 -2147483648 -2147483648 -2147483648 -2147483648 -2147483648 -2147483648 -2147483648 -2147483648 -2147483648 -2147483648 -2147483648 -2147483648 -2147483648 -2147483648 -2147483648 -2147483648 -2147483648 -2147483648 -2147483648 -2147483648 -2147483648 -2147483648 -2147483648 -2147483648 -2147483648 -2147483648 -2147483648 -2147483648 -2147483648 -2147483648 -2147483648 -2147483648 -2147483648 -2147483648 -2147483648 -2147483648 -2147483648 -2147483648 -2147483648 -2147483648 -2147483648 -2147483648 -2147483648 -2147483648 -2147483648 -2147483648 -2147483648 -2147483648 -2147483648 -2147483648 -2147483648 -2147483648 -2147483648 -2147483648 -2147483648 -2147483648 -2147483648 -10 -17 -2147483648 -2147483648 -2147483648 -2147483648 -2147483648 -2147483648 -2147483648 -2147483648 -2147483648 -2147483648
split_feature= 8 20 19 7 4 10 9 13 21 3 21 1 12 17 19 1
split_gain= 1258.11 666.785 647.2 445.503 138.347 118.477 86.4662 69.3063 46.6009 102.537 15.9309 19.1775 11.0087 9.98465 79.2949 3.26856
threshold= 3.5000000000000004 3.5000000000000004 1.5000000000000002 1.0000000180025095e-35 4.5000000000000009 1.0000000180025095e-35 1.0000000180025095e-35 1.5000000000000002 1.5000000000000002 1.0000000180025095e-35 4.5000000000000009 1.5000000000000002 1.0000000180025095e-35 1.5000000000000002 6.5000000000000009 2.5000000000000004
decision_type= 2 2 2 2 2 2 2 2 2 2 2 2 2 2 2 2
left_child=1 5 4 7 -2 -1 8 -4 -5 15 12 -12 -3 -9 -15 -10
right_child=2 10 3 6 -6 -7 -8 13 9 -11 11 -13 -14 14 -16 -17
leaf_value= 0.1609037703805144 0.1609037703805144 -0.0034002145451034805 0.1609037703805144 0.1609037703805144 -0.15458733496862687 -0.15458733496862687 -0.15458733496862687 -0.15458733496862687 -0.15458733496862684 0.1609037703805144 -0.15458733496862687 0.16090377038051437 0.1609037703805144 0.1609037703805144 -0.15458733496862687 -0.066719728387848426
leaf_weight=13.6439371407032 120.20779101550579 4.2425556927919379 7.2924491614103308 54.810988858342171 15.761341184377669 95.481748044490814 15.761341184377669 552.56064239144325 16.21819165349007 26.34691309928894 3.654803752899169 4.2343253195285797 498.00370563566685 9.1743715256452543 62.588514268398285 6.5857289135456076
leaf_count=58 511 17 31 233 69 418 69 2419 71 112 16 18 2117 39 274 27
model_size=1824
internal_value=0 0.109272 -0.0764827 -0.112824 0.124333 -0.115142 0.0641111 -0.146362 0.0972673 0.0263026 0.157277 0.0147459 0.159516 -0.149951 -0.114254 -0.129211
internal_weight=0 619.261 887.308 751.339 135.969 109.126 119.723 631.616 103.962 49.1508 510.135 7.88913 502.246 624.324 71.7629 22.8039
internal_count=6499 2644 3855 3275 580 476 512 2763 443 210 2168 34 2134 2732 313 98
is_linear=0
shrinkage=0.1


Tree=4
num_leaves= 17
num_cat= 0
full_tree_array_lgbids= 0 1 2 5 10 4 3 -1 -7 12 11 -2 -6 7 6 -2147483648 -2147483648 -2147483648 -2147483648 -3 -14 -12 -13 -2147483648 -2147483648 -2147483648 -2147483648 -4 13 8 -8 -2147483648 -2147483648 -2147483648 -2147483648 -2147483648 -2147483648 -2147483648 -2147483648 -2147483648 -2147483648 -2147483648 -2147483648 -2147483648 -2147483648 -2147483648 -2147483648 -2147483648 -2147483648 -2147483648 -2147483648 -2147483648 -2147483648 -2147483648 -2147483648 -2147483648 -2147483648 -9 14 -5 9 -2147483648 -2147483648 -2147483648 -2147483648 -2147483648 -2147483648 -2147483648 -2147483648 -2147483648 -2147483648 -2147483648 -2147483648 -2147483648 -2147483648 -2147483648 -2147483648 -2147483648 -2147483648 -2147483648 -2147483648 -2147483648 -2147483648 -2147483648 -2147483648 -2147483648 -2147483648 -2147483648 -2147483648 -2147483648 -2147483648 -2147483648 -2147483648 -2147483648 -2147483648 -2147483648 -2147483648 -2147483648 -2147483648 -2147483648 -2147483648 -2147483648 -2147483648 -2147483648 -2147483648 -2147483648 -2147483648 -2147483648 -2147483648 -2147483648 -2147483648 -2147483648 -2147483648 -2147483648 -2147483648 -2147483648 -2147483648 -15 -16 -2147483648 -2147483648 15 -11 -2147483648 -2147483648 -2147483648 -2147483648 -2147483648 -2147483648 -2147483648 -2147483648 -2147483648 -2147483648 -2147483648 -2147483648 -2147483648 -2147483648 -2147483648 -2147483648 -2147483648 -2147483648 -2147483648 -2147483648 -2147483648 -2147483648 -2147483648 -2147483648 -2147483648 -2147483648 -2147483648 -2147483648 -2147483648 -2147483648 -2147483648 -2147483648 -2147483648 -2147483648 -2147483648 -2147483648 -2147483648 -2147483648 -2147483648 -2147483648 -2147483648 -2147483648 -2147483648 -2147483648 -2147483648 -2147483648 -2147483648 -2147483648 -2147483648 -2147483648 -2147483648 -2147483648 -2147483648 -2147483648 -2147483648 -2147483648 -2147483648 -2147483648 -2147483648 -2147483648 -2147483648 -2147483648 -2147483648 -2147483648 -2147483648 -2147483648 -2147483648 -2147483648 -2147483648 -2147483648 -2147483648 -2147483648 -2147483648 -2147483648 -2147483648 -2147483648 -2147483648 -2147483648 -2147483648 -2147483648 -2147483648 -2147483648 -2147483648 -2147483648 -2147483648 -2147483648 -2147483648 -2147483648 -2147483648 -2147483648 -2147483648 -2147483648 -2147483648 -2147483648 -2147483648 -2147483648 -2147483648 -2147483648 -2147483648 -2147483648 -2147483648 -2147483648 -2147483648 -2147483648 -2147483648 -2147483648 -2147483648 -2147483648 -2147483648 -2147483648 -2147483648 -2147483648 -2147483648 -2147483648 -2147483648 -2147483648 -2147483648 -2147483648 -2147483648 -2147483648 -10 -17 -2147483648 -2147483648 -2147483648 -2147483648 -2147483648 -2147483648 -2147483648 -2147483648 -2147483648 -2147483648
split_feature= 8 20 19 7 4 10 9 13 21 3 21 1 12 17 19 1
split_gain= 1073.48 567.637 553.176 381.97 117.788 101.295 73.6361 59.2434 39.676 87.0188 13.414 16.2758 9.69532 8.49728 67.7619 2.99002
threshold= 3.5000000000000004 3.5000000000000004 1.5000000000000002 1.0000000180025095e-35 4.5000000000000009 1.0000000180025095e-35 1.0000000180025095e-35 1.5000000000000002 1.5000000000000002 1.0000000180025095e-35 4.5000000000000009 1.5000000000000002 1.0000000180025095e-35 1.5000000000000002 6.5000000000000009 2.5000000000000004
decision_type= 2 2 2 2 2 2 2 2 2 2 2 2 2 2 2 2
left_child=1 5 4 7 -2 -1 8 -4 -5 15 12 -12 -3 -9 -15 -10
right_child=2 10 3 6 -6 -7 -8 13 9 -11 11 -13 -14 14 -16 -17
leaf_value= 0.15185187516794491 0.15185187516794491 -0.0030606570657631363 0.15185187516794491 0.15185187516794491 -0.14676872362570559 -0.14676872362570559 -0.14676872362570559 -0.14676872362570559 -0.14676872362570556 0.15185187516794491 -0.14676872362570559 0.15185187516794488 0.15185187516794491 0.15185187516794491 -0.14676872362570559 -0.060779122690496325
leaf_weight=13.042239397764204 114.90662641823292 4.2419396191835395 6.970852091908454 52.39382378757 14.980887696146963 90.75378343462944 14.980887696146963 525.19952662289143 15.415116325020792 25.185014009475708 3.4738290309905997 4.0475915372371674 476.04173801839352 8.7697816640138608 59.489322155714035 6.5104905366897574
leaf_count=58 511 17 31 233 69 418 69 2419 71 112 16 18 2117 39 274 27
model_size=1824
internal_value=0 0.103178 -0.0725023 -0.107006 0.11741 -0.109246 0.0604759 -0.13894 0.0916776 0.0247552 0.148378 0.0139315 0.150484 -0.142356 -0.108403 -0.121235
internal_weight=0 591.601 844.802 714.915 129.888 103.796 114.485 600.429 99.5044 47.1106 487.805 7.52142 480.284 593.459 68.2591 21.9256
internal_count=6499 2644 3855 3275 580 476 512 2763 443 210 2168 34 2134 2732 313 98
is_linear=0
shrinkage=0.1


Tree=5
num_leaves= 17
num_cat= 0
full_tree_array_lgbids= 0 1 2 5 10 4 3 -1 -7 12 11 -2 -6 7 6 -2147483648 -2147483648 -2147483648 -2147483648 -3 -14 -12 -13 -2147483648 -2147483648 -2147483648 -2147483648 -4 13 8 -8 -2147483648 -2147483648 -2147483648 -2147483648 -2147483648 -2147483648 -2147483648 -2147483648 -2147483648 -2147483648 -2147483648 -2147483648 -2147483648 -2147483648 -2147483648 -2147483648 -2147483648 -2147483648 -2147483648 -2147483648 -2147483648 -2147483648 -2147483648 -2147483648 -2147483648 -2147483648 -9 14 -5 9 -2147483648 -2147483648 -2147483648 -2147483648 -2147483648 -2147483648 -2147483648 -2147483648 -2147483648 -2147483648 -2147483648 -2147483648 -2147483648 -2147483648 -2147483648 -2147483648 -2147483648 -2147483648 -2147483648 -2147483648 -2147483648 -2147483648 -2147483648 -2147483648 -2147483648 -2147483648 -2147483648 -2147483648 -2147483648 -2147483648 -2147483648 -2147483648 -2147483648 -2147483648 -2147483648 -2147483648 -2147483648 -2147483648 -2147483648 -2147483648 -2147483648 -2147483648 -2147483648 -2147483648 -2147483648 -2147483648 -2147483648 -2147483648 -2147483648 -2147483648 -2147483648 -2147483648 -2147483648 -2147483648 -2147483648 -2147483648 -15 -16 -2147483648 -2147483648 15 -11 -2147483648 -2147483648 -2147483648 -2147483648 -2147483648 -2147483648 -2147483648 -2147483648 -2147483648 -2147483648 -2147483648 -2147483648 -2147483648 -2147483648 -2147483648 -2147483648 -2147483648 -2147483648 -2147483648 -2147483648 -2147483648 -2147483648 -2147483648 -2147483648 -2147483648 -2147483648 -2147483648 -2147483648 -2147483648 -2147483648 -2147483648 -2147483648 -2147483648 -2147483648 -2147483648 -2147483648 -2147483648 -2147483648 -2147483648 -2147483648 -2147483648 -2147483648 -2147483648 -2147483648 -2147483648 -2147483648 -2147483648 -2147483648 -2147483648 -2147483648 -2147483648 -2147483648 -2147483648 -2147483648 -2147483648 -2147483648 -2147483648 -2147483648 -2147483648 -2147483648 -2147483648 -2147483648 -2147483648 -2147483648 -2147483648 -2147483648 -2147483648 -2147483648 -2147483648 -2147483648 -2147483648 -2147483648 -2147483648 -2147483648 -2147483648 -2147483648 -2147483648 -2147483648 -2147483648 -2147483648 -2147483648 -2147483648 -2147483648 -2147483648 -2147483648 -2147483648 -2147483648 -2147483648 -2147483648 -2147483648 -2147483648 -2147483648 -2147483648 -2147483648 -2147483648 -2147483648 -2147483648 -2147483648 -2147483648 -2147483648 -2147483648 -2147483648 -2147483648 -2147483648 -2147483648 -2147483648 -2147483648 -2147483648 -2147483648 -2147483648 -2147483648 -2147483648 -2147483648 -2147483648 -2147483648 -2147483648 -2147483648 -2147483648 -2147483648 -2147483648 -10 -17 -2147483648 -2147483648 -2147483648 -2147483648 -2147483648 -2147483648 -2147483648 -2147483648 -2147483648 -2147483648
split_feature= 8 20 19 7 4 10 9 13 21 3 21 1 12 17 19 1
split_gain= 923.725 487.523 476.658 330.068 101.163 87.2872 63.2046 51.0289 34.1153 74.4084 11.3825 13.9132 8.67575 7.26423 58.3572 2.77815
threshold= 3.5000000000000004 3.5000000000000004 1.5000000000000002 1.0000000180025095e-35 4.5000000000000009 1.0000000180025095e-35 1.0000000180025095e-35 1.5000000000000002 1.5000000000000002 1.0000000180025095e-35 4.5000000000000009 1.5000000000000002 1.0000000180025095e-35 1.5000000000000002 6.5000000000000009 2.5000000000000004
decision_type= 2 2 2 2 2 2 2 2 2 2 2 2 2 2 2 2
left_child=1 5 4 7 -2 -1 8 -4 -5 15 12 -12 -3 -9 -15 -10
right_child=2 10 3 6 -6 -7 -8 13 9 -11 11 -13 -14 14 -16 -17
leaf_value= 0.14454675775689577 0.14454675775689577 -0.0027549883843111991 0.14454675775689577 0.14454675775689577 -0.14038449805642142 -0.14038449805642142 -0.14038449805642142 -0.14038449805642142 -0.14038449805642136 0.14454675775689577 -0.14038449805642142 0.14454675775689574 0.14454675775689577 0.14454675775689577 -0.14038449805642142 -0.055417087899252648
leaf_weight=12.365946739912031 108.9482548981905 4.2413643300533286 6.6093853265047064 49.676992937922478 14.139219447970389 85.654981583356857 14.139219447970389 495.69234557449818 14.54905189573765 23.879069566726685 3.2786595821380606 3.8377076089382172 451.35705600678921 8.3150331526994687 56.147045344114304 6.4306696057319632
leaf_count=58 511 17 31 233 69 418 69 2419 71 112 16 18 2117 39 274 27
model_size=1824
internal_value=0 0.098242 -0.0692534 -0.10225 0.111816 -0.104439 0.0574974 -0.132881 0.0870936 0.0234695 0.141178 0.013273 0.143175 -0.136155 -0.103631 -0.11434
internal_weight=0 560.736 798.526 675.439 123.087 98.0209 108.675 566.764 94.5358 44.8588 462.715 7.11637 455.598 560.154 64.4621 20.9797
internal_count=6499 2644 3855 3275 580 476 512 2763 443 210 2168 34 2134 2732 313 98
is_linear=0
shrinkage=0.1


Tree=6
num_leaves= 18
num_cat= 0
full_tree_array_lgbids= 0 1 2 5 11 4 3 -1 -7 14 12 -2 -6 7 6 -2147483648 -2147483648 -2147483648 -2147483648 -3 -16 -13 -14 -2147483648 -2147483648 -2147483648 -2147483648 -4 15 8 -8 -2147483648 -2147483648 -2147483648 -2147483648 -2147483648 -2147483648 -2147483648 -2147483648 -2147483648 -2147483648 -2147483648 -2147483648 -2147483648 -2147483648 -2147483648 -2147483648 -2147483648 -2147483648 -2147483648 -2147483648 -2147483648 -2147483648 -2147483648 -2147483648 -2147483648 -2147483648 -9 16 10 9 -2147483648 -2147483648 -2147483648 -2147483648 -2147483648 -2147483648 -2147483648 -2147483648 -2147483648 -2147483648 -2147483648 -2147483648 -2147483648 -2147483648 -2147483648 -2147483648 -2147483648 -2147483648 -2147483648 -2147483648 -2147483648 -2147483648 -2147483648 -2147483648 -2147483648 -2147483648 -2147483648 -2147483648 -2147483648 -2147483648 -2147483648 -2147483648 -2147483648 -2147483648 -2147483648 -2147483648 -2147483648 -2147483648 -2147483648 -2147483648 -2147483648 -2147483648 -2147483648 -2147483648 -2147483648 -2147483648 -2147483648 -2147483648 -2147483648 -2147483648 -2147483648 -2147483648 -2147483648 -2147483648 -2147483648 -2147483648 -17 -18 -5 -12 13 -11 -2147483648 -2147483648 -2147483648 -2147483648 -2147483648 -2147483648 -2147483648 -2147483648 -2147483648 -2147483648 -2147483648 -2147483648 -2147483648 -2147483648 -2147483648 -2147483648 -2147483648 -2147483648 -2147483648 -2147483648 -2147483648 -2147483648 -2147483648 -2147483648 -2147483648 -2147483648 -2147483648 -2147483648 -2147483648 -2147483648 -2147483648 -2147483648 -2147483648 -2147483648 -2147483648 -2147483648 -2147483648 -2147483648 -2147483648 -2147483648 -2147483648 -2147483648 -2147483648 -2147483648 -2147483648 -2147483648 -2147483648 -2147483648 -2147483648 -2147483648 -2147483648 -2147483648 -2147483648 -2147483648 -2147483648 -2147483648 -2147483648 -2147483648 -2147483648 -2147483648 -2147483648 -2147483648 -2147483648 -2147483648 -2147483648 -2147483648 -2147483648 -2147483648 -2147483648 -2147483648 -2147483648 -2147483648 -2147483648 -2147483648 -2147483648 -2147483648 -2147483648 -2147483648 -2147483648 -2147483648 -2147483648 -2147483648 -2147483648 -2147483648 -2147483648 -2147483648 -2147483648 -2147483648 -2147483648 -2147483648 -2147483648 -2147483648 -2147483648 -2147483648 -2147483648 -2147483648 -2147483648 -2147483648 -2147483648 -2147483648 -2147483648 -2147483648 -2147483648 -2147483648 -2147483648 -2147483648 -2147483648 -2147483648 -2147483648 -2147483648 -2147483648 -2147483648 -2147483648 -2147483648 -2147483648 -2147483648 -2147483648 -2147483648 -2147483648 -2147483648 -10 -15 -2147483648 -2147483648 -2147483648 -2147483648 -2147483648 -2147483648 -2147483648 -2147483648 -2147483648 -2147483648
split_feature= 8 20 19 7 4 10 9 13 14 20 10 21 1 1 12 17 19
split_gain= 800.309 421.705 413.429 287.045 87.4928 75.694 54.5896 44.2221 30.0811 32.6752 15.8515 9.71268 11.9343 8.88232 7.8399 6.22787 50.5398
threshold= 3.5000000000000004 3.5000000000000004 1.5000000000000002 1.0000000180025095e-35 4.5000000000000009 1.0000000180025095e-35 1.0000000180025095e-35 1.5000000000000002 6.5000000000000009 4.5000000000000009 3.5000000000000004 4.5000000000000009 1.5000000000000002 1.0000000180025095e-35 1.0000000180025095e-35 1.5000000000000002 6.5000000000000009
decision_type= 2 2 2 2 2 2 2 2 2 2 2 2 2 2 2 2 2
left_child=1 5 4 7 -2 -1 8 -4 10 13 -5 14 -13 -10 -3 -9 -17
right_child=2 11 3 6 -6 -7 -8 15 9 -11 -12 12 -14 -15 -16 16 -18
leaf_value= 0.13855140791954978 0.13855140791954978 -0.0024798143532451006 0.13855140791954978 -0.15063761588693428 -0.13509509769210032 -0.13509509769210032 -0.13509509769210032 -0.13509509769210032 0.058929975529655926 -0.13509509769210032 0.13855140791954976 -0.13509509769210032 0.13855140791954976 0.14227432453236805 0.13855140791954978 0.13855140791954978 -0.13509509769210032
leaf_weight=11.647865027189253 102.62170739471912 4.2408298254013053 6.2255830317735663 7.7796753048896772 13.268332377076147 80.379172950983047 13.268332377076147 465.16081188619137 17.843947470188141 5.3842508196830741 2.6107283681631088 3.0767147541046134 3.6148546636104584 55.668030887842178 425.1470734924078 7.8321851044893256 52.688740164041519
leaf_count=58 511 17 31 36 69 418 69 2419 90 28 13 16 18 276 2117 39 274
model_size=1936
internal_value=0 0.0941749 -0.0665603 -0.0983031 0.107221 -0.10046 0.0550106 -0.127863 0.083261 0.104495 -0.077975 0.135249 0.0127316 0.122044 0.137159 -0.131018 -0.0996817
internal_weight=0 528.107 750.352 634.462 115.89 92.027 102.555 531.907 89.2866 78.8962 10.3904 436.079 6.69157 73.512 429.388 525.682 60.5209
internal_count=6499 2644 3855 3275 580 476 512 2763 443 394 49 2168 34 366 2134 2732 313
is_linear=0
shrinkage=0.1


Tree=7
num_leaves= 17
num_cat= 0
full_tree_array_lgbids= 0 1 2 5 10 4 3 -1 -7 12 11 -2 -6 7 6 -2147483648 -2147483648 -2147483648 -2147483648 -3 -14 -12 -13 -2147483648 -2147483648 -2147483648 -2147483648 -4 13 8 -8 -2147483648 -2147483648 -2147483648 -2147483648 -2147483648 -2147483648 -2147483648 -2147483648 -2147483648 -2147483648 -2147483648 -2147483648 -2147483648 -2147483648 -2147483648 -2147483648 -2147483648 -2147483648 -2147483648 -2147483648 -2147483648 -2147483648 -2147483648 -2147483648 -2147483648 -2147483648 -9 14 -5 9 -2147483648 -2147483648 -2147483648 -2147483648 -2147483648 -2147483648 -2147483648 -2147483648 -2147483648 -2147483648 -2147483648 -2147483648 -2147483648 -2147483648 -2147483648 -2147483648 -2147483648 -2147483648 -2147483648 -2147483648 -2147483648 -2147483648 -2147483648 -2147483648 -2147483648 -2147483648 -2147483648 -2147483648 -2147483648 -2147483648 -2147483648 -2147483648 -2147483648 -2147483648 -2147483648 -2147483648 -2147483648 -2147483648 -2147483648 -2147483648 -2147483648 -2147483648 -2147483648 -2147483648 -2147483648 -2147483648 -2147483648 -2147483648 -2147483648 -2147483648 -2147483648 -2147483648 -2147483648 -2147483648 -2147483648 -2147483648 -15 -16 -2147483648 -2147483648 15 -11 -2147483648 -2147483648 -2147483648 -2147483648 -2147483648 -2147483648 -2147483648 -2147483648 -2147483648 -2147483648 -2147483648 -2147483648 -2147483648 -2147483648 -2147483648 -2147483648 -2147483648 -2147483648 -2147483648 -2147483648 -2147483648 -2147483648 -2147483648 -2147483648 -2147483648 -2147483648 -2147483648 -2147483648 -2147483648 -2147483648 -2147483648 -2147483648 -2147483648 -2147483648 -2147483648 -2147483648 -2147483648 -2147483648 -2147483648 -2147483648 -2147483648 -2147483648 -2147483648 -2147483648 -2147483648 -2147483648 -2147483648 -2147483648 -2147483648 -2147483648 -2147483648 -2147483648 -2147483648 -2147483648 -2147483648 -2147483648 -2147483648 -2147483648 -2147483648 -2147483648 -2147483648 -2147483648 -2147483648 -2147483648 -2147483648 -2147483648 -2147483648 -2147483648 -2147483648 -2147483648 -2147483648 -2147483648 -2147483648 -2147483648 -2147483648 -2147483648 -2147483648 -2147483648 -2147483648 -2147483648 -2147483648 -2147483648 -2147483648 -2147483648 -2147483648 -2147483648 -2147483648 -2147483648 -2147483648 -2147483648 -2147483648 -2147483648 -2147483648 -2147483648 -2147483648 -2147483648 -2147483648 -2147483648 -2147483648 -2147483648 -2147483648 -2147483648 -2147483648 -2147483648 -2147483648 -2147483648 -2147483648 -2147483648 -2147483648 -2147483648 -2147483648 -2147483648 -2147483648 -2147483648 -2147483648 -2147483648 -2147483648 -2147483648 -2147483648 -2147483648 -10 -17 -2147483648 -2147483648 -2147483648 -2147483648 -2147483648 -2147483648 -2147483648 -2147483648 -2147483648 -2147483648
split_feature= 8 20 19 7 4 10 9 13 21 3 21 1 12 17 19 1
split_gain= 696.964 366.859 360.132 251.303 76.0611 65.9409 47.0513 38.473 27.4713 56.7478 8.28047 10.2785 7.16279 5.30765 44.0055 2.75897
threshold= 3.5000000000000004 3.5000000000000004 1.5000000000000002 1.0000000180025095e-35 4.5000000000000009 1.0000000180025095e-35 1.0000000180025095e-35 1.5000000000000002 1.5000000000000002 1.0000000180025095e-35 4.5000000000000009 1.5000000000000002 1.0000000180025095e-35 1.5000000000000002 6.5000000000000009 2.5000000000000004
decision_type= 2 2 2 2 2 2 2 2 2 2 2 2 2 2 2 2
left_child=1 5 4 7 -2 -1 8 -4 -5 15 12 -12 -3 -9 -15 -10
right_child=2 10 3 6 -6 -7 -8 13 9 -11 11 -13 -14 14 -16 -17
leaf_value= 0.13356356395996258 0.13356356395996258 -0.0022321090491633213 0.13356356395996258 0.134254791362444 -0.13066022980921915 -0.13066022980921915 -0.13066022980921915 -0.13066022980921915 -0.13320973979727521 0.13343884967666281 -0.13066022980921915 0.13356356395996252 0.13356356395996258 0.13356356395996258 -0.13066022980921915 -0.044364780787842728
leaf_weight=10.912395119667051 96.14196389913559 4.240334838628768 5.8324870467185965 44.246965691447258 12.391892105340956 75.069723188877106 12.391892105340956 434.43459424376488 13.215802833437921 21.033169984817505 2.8734822273254386 3.3866053819656372 398.30242186784744 7.3376449942588797 49.208383142948151 6.2055435180664054
leaf_count=58 511 17 31 233 69 418 69 2419 71 112 16 18 2117 39 274 27
model_size=1824
internal_value=0 0.0907768 -0.064233 -0.0948664 0.103396 -0.0971263 0.0524454 -0.123656 0.0792339 0.019055 0.130298 0.0122805 0.132133 -0.126711 -0.0963735 -0.104822
internal_weight=0 494.785 702.44 593.906 108.534 85.9821 97.0934 496.813 84.7015 40.4545 408.803 6.26009 402.543 490.981 56.546 19.4213
internal_count=6499 2644 3855 3275 580 476 512 2763 443 210 2168 34 2134 2732 313 98
is_linear=0
shrinkage=0.1


Tree=8
num_leaves= 17
num_cat= 0
full_tree_array_lgbids= 0 1 2 5 10 4 3 -1 -7 12 11 -2 -6 7 6 -2147483648 -2147483648 -2147483648 -2147483648 -3 -14 -12 -13 -2147483648 -2147483648 -2147483648 -2147483648 -4 13 8 -8 -2147483648 -2147483648 -2147483648 -2147483648 -2147483648 -2147483648 -2147483648 -2147483648 -2147483648 -2147483648 -2147483648 -2147483648 -2147483648 -2147483648 -2147483648 -2147483648 -2147483648 -2147483648 -2147483648 -2147483648 -2147483648 -2147483648 -2147483648 -2147483648 -2147483648 -2147483648 -9 14 -5 9 -2147483648 -2147483648 -2147483648 -2147483648 -2147483648 -2147483648 -2147483648 -2147483648 -2147483648 -2147483648 -2147483648 -2147483648 -2147483648 -2147483648 -2147483648 -2147483648 -2147483648 -2147483648 -2147483648 -2147483648 -2147483648 -2147483648 -2147483648 -2147483648 -2147483648 -2147483648 -2147483648 -2147483648 -2147483648 -2147483648 -2147483648 -2147483648 -2147483648 -2147483648 -2147483648 -2147483648 -2147483648 -2147483648 -2147483648 -2147483648 -2147483648 -2147483648 -2147483648 -2147483648 -2147483648 -2147483648 -2147483648 -2147483648 -2147483648 -2147483648 -2147483648 -2147483648 -2147483648 -2147483648 -2147483648 -2147483648 -15 -16 -2147483648 -2147483648 15 -11 -2147483648 -2147483648 -2147483648 -2147483648 -2147483648 -2147483648 -2147483648 -2147483648 -2147483648 -2147483648 -2147483648 -2147483648 -2147483648 -2147483648 -2147483648 -2147483648 -2147483648 -2147483648 -2147483648 -2147483648 -2147483648 -2147483648 -2147483648 -2147483648 -2147483648 -2147483648 -2147483648 -2147483648 -2147483648 -2147483648 -2147483648 -2147483648 -2147483648 -2147483648 -2147483648 -2147483648 -2147483648 -2147483648 -2147483648 -2147483648 -2147483648 -2147483648 -2147483648 -2147483648 -2147483648 -2147483648 -2147483648 -2147483648 -2147483648 -2147483648 -2147483648 -2147483648 -2147483648 -2147483648 -2147483648 -2147483648 -2147483648 -2147483648 -2147483648 -2147483648 -2147483648 -2147483648 -2147483648 -2147483648 -2147483648 -2147483648 -2147483648 -2147483648 -2147483648 -2147483648 -2147483648 -2147483648 -2147483648 -2147483648 -2147483648 -2147483648 -2147483648 -2147483648 -2147483648 -2147483648 -2147483648 -2147483648 -2147483648 -2147483648 -2147483648 -2147483648 -2147483648 -2147483648 -2147483648 -2147483648 -2147483648 -2147483648 -2147483648 -2147483648 -2147483648 -2147483648 -2147483648 -2147483648 -2147483648 -2147483648 -2147483648 -2147483648 -2147483648 -2147483648 -2147483648 -2147483648 -2147483648 -2147483648 -2147483648 -2147483648 -2147483648 -2147483648 -2147483648 -2147483648 -2147483648 -2147483648 -2147483648 -2147483648 -2147483648 -2147483648 -10 -17 -2147483648 -2147483648 -2147483648 -2147483648 -2147483648 -2147483648 -2147483648 -2147483648 -2147483648 -2147483648
split_feature= 8 20 19 7 4 10 9 13 21 3 21 1 12 17 19 1
split_gain= 610.035 320.697 315.419 220.696 66.4448 57.702 40.9676 33.6182 24.0479 49.1782 7.0881 8.87156 6.59862 4.53539 38.4627 2.57682
threshold= 3.5000000000000004 3.5000000000000004 1.5000000000000002 1.0000000180025095e-35 4.5000000000000009 1.0000000180025095e-35 1.0000000180025095e-35 1.5000000000000002 1.5000000000000002 1.0000000180025095e-35 4.5000000000000009 1.5000000000000002 1.0000000180025095e-35 1.5000000000000002 6.5000000000000009 2.5000000000000004
decision_type= 2 2 2 2 2 2 2 2 2 2 2 2 2 2 2 2
left_child=1 5 4 7 -2 -1 8 -4 -5 15 12 -12 -3 -9 -15 -10
right_child=2 10 3 6 -6 -7 -8 13 9 -11 11 -13 -14 14 -16 -17
leaf_value= 0.12936717161346731 0.12936717161346731 -0.0020091349345018731 0.12936717161346731 0.12995337131205617 -0.12690484179902931 -0.12690484179902931 -0.12690484179902931 -0.12690484179902931 -0.12908167615800739 0.12926170076718183 -0.12690484179902931 0.12936717161346728 0.12936717161346731 0.12936717161346731 -0.12690484179902931 -0.040465639473856702
leaf_weight=10.177520692348478 89.667466789484024 4.2398781031370154 5.4397093355655661 41.292317882180214 11.527180284261702 69.83132404088974 11.527180284261702 404.11955228447914 12.320632472634317 19.614526033401489 2.6729693412780753 3.1585409045219421 371.47950527071953 6.8435052931308737 45.774599969387054 6.1273833513259879
leaf_count=58 511 17 31 233 69 418 69 2419 71 112 16 18 2117 39 274 27
model_size=1824
internal_value=0 0.0879038 -0.062311 -0.0920415 0.100175 -0.0943058 0.0506185 -0.120094 0.0764057 0.0183143 0.126112 0.0119006 0.127885 -0.123065 -0.0935741 -0.0996485
internal_weight=0 461.56 654.254 553.059 101.195 80.0088 90.882 462.177 79.3549 38.0625 381.551 5.83151 375.719 456.738 52.6181 18.448
internal_count=6499 2644 3855 3275 580 476 512 2763 443 210 2168 34 2134 2732 313 98
is_linear=0
shrinkage=0.1


Tree=9
num_leaves= 18
num_cat= 0
full_tree_array_lgbids= 0 1 2 5 12 4 3 -1 -7 14 13 -2 -6 7 6 -2147483648 -2147483648 -2147483648 -2147483648 -3 -16 -14 -15 -2147483648 -2147483648 -2147483648 -2147483648 -4 15 8 -8 -2147483648 -2147483648 -2147483648 -2147483648 -2147483648 -2147483648 -2147483648 -2147483648 -2147483648 -2147483648 -2147483648 -2147483648 -2147483648 -2147483648 -2147483648 -2147483648 -2147483648 -2147483648 -2147483648 -2147483648 -2147483648 -2147483648 -2147483648 -2147483648 -2147483648 -2147483648 -9 16 10 9 -2147483648 -2147483648 -2147483648 -2147483648 -2147483648 -2147483648 -2147483648 -2147483648 -2147483648 -2147483648 -2147483648 -2147483648 -2147483648 -2147483648 -2147483648 -2147483648 -2147483648 -2147483648 -2147483648 -2147483648 -2147483648 -2147483648 -2147483648 -2147483648 -2147483648 -2147483648 -2147483648 -2147483648 -2147483648 -2147483648 -2147483648 -2147483648 -2147483648 -2147483648 -2147483648 -2147483648 -2147483648 -2147483648 -2147483648 -2147483648 -2147483648 -2147483648 -2147483648 -2147483648 -2147483648 -2147483648 -2147483648 -2147483648 -2147483648 -2147483648 -2147483648 -2147483648 -2147483648 -2147483648 -2147483648 -2147483648 -17 -18 -5 -12 11 -11 -2147483648 -2147483648 -2147483648 -2147483648 -2147483648 -2147483648 -2147483648 -2147483648 -2147483648 -2147483648 -2147483648 -2147483648 -2147483648 -2147483648 -2147483648 -2147483648 -2147483648 -2147483648 -2147483648 -2147483648 -2147483648 -2147483648 -2147483648 -2147483648 -2147483648 -2147483648 -2147483648 -2147483648 -2147483648 -2147483648 -2147483648 -2147483648 -2147483648 -2147483648 -2147483648 -2147483648 -2147483648 -2147483648 -2147483648 -2147483648 -2147483648 -2147483648 -2147483648 -2147483648 -2147483648 -2147483648 -2147483648 -2147483648 -2147483648 -2147483648 -2147483648 -2147483648 -2147483648 -2147483648 -2147483648 -2147483648 -2147483648 -2147483648 -2147483648 -2147483648 -2147483648 -2147483648 -2147483648 -2147483648 -2147483648 -2147483648 -2147483648 -2147483648 -2147483648 -2147483648 -2147483648 -2147483648 -2147483648 -2147483648 -2147483648 -2147483648 -2147483648 -2147483648 -2147483648 -2147483648 -2147483648 -2147483648 -2147483648 -2147483648 -2147483648 -2147483648 -2147483648 -2147483648 -2147483648 -2147483648 -2147483648 -2147483648 -2147483648 -2147483648 -2147483648 -2147483648 -2147483648 -2147483648 -2147483648 -2147483648 -2147483648 -2147483648 -2147483648 -2147483648 -2147483648 -2147483648 -2147483648 -2147483648 -2147483648 -2147483648 -2147483648 -2147483648 -2147483648 -2147483648 -2147483648 -2147483648 -2147483648 -2147483648 -2147483648 -2147483648 -10 -13 -2147483648 -2147483648 -2147483648 -2147483648 -2147483648 -2147483648 -2147483648 -2147483648 -2147483648 -2147483648
split_feature= 8 20 19 7 4 10 9 13 14 20 6 1 21 1 12 17 19
split_gain= 536.035 281.464 277.297 194.54 58.2628 50.6647 35.7804 29.4661 22.3229 21.3465 10.6477 6.72077 6.06808 7.65677 6.11307 3.86447 33.7176
threshold= 3.5000000000000004 3.5000000000000004 1.5000000000000002 1.0000000180025095e-35 4.5000000000000009 1.0000000180025095e-35 1.0000000180025095e-35 1.5000000000000002 6.5000000000000009 4.5000000000000009 1.0000000180025095e-35 1.0000000180025095e-35 4.5000000000000009 1.5000000000000002 1.0000000180025095e-35 1.5000000000000002 6.5000000000000009
decision_type= 2 2 2 2 2 2 2 2 2 2 2 2 2 2 2 2 2
left_child=1 5 4 7 -2 -1 8 -4 10 11 -5 -10 14 -14 -3 -9 -17
right_child=2 12 3 6 -6 -7 -8 15 9 -11 -12 -13 13 -15 -16 16 -18
leaf_value= 0.12580350276737742 0.12580350276737742 -0.001808403393882229 0.12580350276737742 0.12577056612071005 -0.12369825373571018 -0.12369825373571018 -0.12369825373571018 -0.12369825373571018 0.05016245286561985 -0.12358650363105472 -0.13915572337706392 0.13045048253129171 -0.12369825373571018 0.1258035027673774 0.12580350276737742 0.12580350276737742 -0.12369825373571018
leaf_weight=9.456299960613249 83.313263446092606 4.2394580990076056 5.0542292892932883 2.1179187148809415 10.686567977070807 64.738919049501419 10.686567977070807 374.64939038455486 15.418921262025831 4.323939085006713 6.8314222097396851 45.412517458200455 2.4780447483062735 2.9347137808799744 345.15494856238365 6.3585465252399436 42.436516314744949
leaf_count=58 511 17 31 13 69 418 69 2419 90 28 36 276 16 18 2117 39 274
model_size=1936
internal_value=0 0.08545 -0.0606644 -0.089618 0.0974384 -0.0918989 0.0490261 -0.117053 0.0739345 0.0945917 -0.0764592 0.1101 0.122536 0.0115777 0.124255 -0.119952 -0.0911854
internal_weight=0 429.002 607.29 513.29 93.9998 74.1952 84.7913 428.499 74.1047 65.1554 8.94934 60.8314 354.807 5.41276 349.394 423.444 48.7951
internal_count=6499 2644 3855 3275 580 476 512 2763 443 394 49 366 2168 34 2134 2732 313
is_linear=0
shrinkage=0.1


Tree=10
num_leaves= 17
num_cat= 0
full_tree_array_lgbids= 0 1 2 5 11 4 3 -1 -7 13 12 -2 -6 7 6 -2147483648 -2147483648 -2147483648 -2147483648 -3 -15 -13 -14 -2147483648 -2147483648 -2147483648 -2147483648 -4 14 8 -8 -2147483648 -2147483648 -2147483648 -2147483648 -2147483648 -2147483648 -2147483648 -2147483648 -2147483648 -2147483648 -2147483648 -2147483648 -2147483648 -2147483648 -2147483648 -2147483648 -2147483648 -2147483648 -2147483648 -2147483648 -2147483648 -2147483648 -2147483648 -2147483648 -2147483648 -2147483648 -9 15 -5 9 -2147483648 -2147483648 -2147483648 -2147483648 -2147483648 -2147483648 -2147483648 -2147483648 -2147483648 -2147483648 -2147483648 -2147483648 -2147483648 -2147483648 -2147483648 -2147483648 -2147483648 -2147483648 -2147483648 -2147483648 -2147483648 -2147483648 -2147483648 -2147483648 -2147483648 -2147483648 -2147483648 -2147483648 -2147483648 -2147483648 -2147483648 -2147483648 -2147483648 -2147483648 -2147483648 -2147483648 -2147483648 -2147483648 -2147483648 -2147483648 -2147483648 -2147483648 -2147483648 -2147483648 -2147483648 -2147483648 -2147483648 -2147483648 -2147483648 -2147483648 -2147483648 -2147483648 -2147483648 -2147483648 -2147483648 -2147483648 -16 -17 -2147483648 -2147483648 10 -11 -2147483648 -2147483648 -2147483648 -2147483648 -2147483648 -2147483648 -2147483648 -2147483648 -2147483648 -2147483648 -2147483648 -2147483648 -2147483648 -2147483648 -2147483648 -2147483648 -2147483648 -2147483648 -2147483648 -2147483648 -2147483648 -2147483648 -2147483648 -2147483648 -2147483648 -2147483648 -2147483648 -2147483648 -2147483648 -2147483648 -2147483648 -2147483648 -2147483648 -2147483648 -2147483648 -2147483648 -2147483648 -2147483648 -2147483648 -2147483648 -2147483648 -2147483648 -2147483648 -2147483648 -2147483648 -2147483648 -2147483648 -2147483648 -2147483648 -2147483648 -2147483648 -2147483648 -2147483648 -2147483648 -2147483648 -2147483648 -2147483648 -2147483648 -2147483648 -2147483648 -2147483648 -2147483648 -2147483648 -2147483648 -2147483648 -2147483648 -2147483648 -2147483648 -2147483648 -2147483648 -2147483648 -2147483648 -2147483648 -2147483648 -2147483648 -2147483648 -2147483648 -2147483648 -2147483648 -2147483648 -2147483648 -2147483648 -2147483648 -2147483648 -2147483648 -2147483648 -2147483648 -2147483648 -2147483648 -2147483648 -2147483648 -2147483648 -2147483648 -2147483648 -2147483648 -2147483648 -2147483648 -2147483648 -2147483648 -2147483648 -2147483648 -2147483648 -2147483648 -2147483648 -2147483648 -2147483648 -2147483648 -2147483648 -2147483648 -2147483648 -2147483648 -2147483648 -2147483648 -2147483648 -2147483648 -2147483648 -2147483648 -2147483648 -2147483648 -2147483648 -10 -12 -2147483648 -2147483648 -2147483648 -2147483648 -2147483648 -2147483648 -2147483648 -2147483648 -2147483648 -2147483648
split_feature= 8 20 19 7 4 10 9 13 21 3 2 21 1 12 17 19
split_gain= 472.344 247.843 244.275 172.305 51.2305 44.5938 31.1019 25.8728 19.8627 38.2056 19.7648 5.17185 6.597 5.68712 3.26141 29.6229
threshold= 3.5000000000000004 3.5000000000000004 1.5000000000000002 1.0000000180025095e-35 4.5000000000000009 1.0000000180025095e-35 1.0000000180025095e-35 1.5000000000000002 1.5000000000000002 1.0000000180025095e-35 8.5000000000000018 4.5000000000000009 1.5000000000000002 1.0000000180025095e-35 1.5000000000000002 6.5000000000000009
decision_type= 2 2 2 2 2 2 2 2 2 2 2 2 2 2 2 2
left_child=1 5 4 7 -2 -1 8 -4 -5 10 -10 13 -13 -3 -9 -16
right_child=2 11 3 6 -6 -7 -8 14 9 -11 -12 12 -14 -15 15 -17
leaf_value= 0.12275322415096231 0.12275322415096231 -0.0016277265246940941 0.12275322415096231 0.12370827664218938 -0.12094088198253522 -0.12094088198253522 -0.12094088198253522 -0.12094088198253522 -0.12941535731888873 0.12256876657107972 0.23628703460487233 -0.12094088198253522 0.12275322415096229 0.12275322415096231 0.12275322415096231 -0.12094088198253522
leaf_weight=8.7580039203166944 77.161034539341927 4.2390727996826163 4.6810020953416815 35.966944381594658 9.8786517977714521 59.844586253166199 9.8786517977714521 346.32548838853836 15.194400012493134 16.825435161590576 1.7087274640798575 2.2907018661499015 2.7180012166500092 319.66714309155941 5.8890026360750189 39.228269457817078
leaf_count=58 511 17 31 233 69 418 69 2419 91 112 7 16 18 2117 39 274
model_size=1824
internal_value=0 0.0833354 -0.0591757 -0.0874029 0.0950949 -0.0898302 0.04718 -0.114438 0.0710095 0.0148134 -0.0924467 0.119453 0.0113011 0.121125 -0.117275 -0.0891323
internal_weight=0 397.518 562.738 475.698 87.0397 68.6026 79.5742 396.124 69.6955 33.7286 16.9031 328.915 5.0087 323.906 391.443 45.1173
internal_count=6499 2644 3855 3275 580 476 512 2763 443 210 98 2168 34 2134 2732 313
is_linear=0
shrinkage=0.1


Tree=11
num_leaves= 17
num_cat= 0
full_tree_array_lgbids= 0 1 2 5 11 4 3 -1 -7 13 12 -2 -6 7 6 -2147483648 -2147483648 -2147483648 -2147483648 -3 -15 -13 -14 -2147483648 -2147483648 -2147483648 -2147483648 -4 14 8 -8 -2147483648 -2147483648 -2147483648 -2147483648 -2147483648 -2147483648 -2147483648 -2147483648 -2147483648 -2147483648 -2147483648 -2147483648 -2147483648 -2147483648 -2147483648 -2147483648 -2147483648 -2147483648 -2147483648 -2147483648 -2147483648 -2147483648 -2147483648 -2147483648 -2147483648 -2147483648 -9 15 -5 9 -2147483648 -2147483648 -2147483648 -2147483648 -2147483648 -2147483648 -2147483648 -2147483648 -2147483648 -2147483648 -2147483648 -2147483648 -2147483648 -2147483648 -2147483648 -2147483648 -2147483648 -2147483648 -2147483648 -2147483648 -2147483648 -2147483648 -2147483648 -2147483648 -2147483648 -2147483648 -2147483648 -2147483648 -2147483648 -2147483648 -2147483648 -2147483648 -2147483648 -2147483648 -2147483648 -2147483648 -2147483648 -2147483648 -2147483648 -2147483648 -2147483648 -2147483648 -2147483648 -2147483648 -2147483648 -2147483648 -2147483648 -2147483648 -2147483648 -2147483648 -2147483648 -2147483648 -2147483648 -2147483648 -2147483648 -2147483648 -16 -17 -2147483648 -2147483648 10 -11 -2147483648 -2147483648 -2147483648 -2147483648 -2147483648 -2147483648 -2147483648 -2147483648 -2147483648 -2147483648 -2147483648 -2147483648 -2147483648 -2147483648 -2147483648 -2147483648 -2147483648 -2147483648 -2147483648 -2147483648 -2147483648 -2147483648 -2147483648 -2147483648 -2147483648 -2147483648 -2147483648 -2147483648 -2147483648 -2147483648 -2147483648 -2147483648 -2147483648 -2147483648 -2147483648 -2147483648 -2147483648 -2147483648 -2147483648 -2147483648 -2147483648 -2147483648 -2147483648 -2147483648 -2147483648 -2147483648 -2147483648 -2147483648 -2147483648 -2147483648 -2147483648 -2147483648 -2147483648 -2147483648 -2147483648 -2147483648 -2147483648 -2147483648 -2147483648 -2147483648 -2147483648 -2147483648 -2147483648 -2147483648 -2147483648 -2147483648 -2147483648 -2147483648 -2147483648 -2147483648 -2147483648 -2147483648 -2147483648 -2147483648 -2147483648 -2147483648 -2147483648 -2147483648 -2147483648 -2147483648 -2147483648 -2147483648 -2147483648 -2147483648 -2147483648 -2147483648 -2147483648 -2147483648 -2147483648 -2147483648 -2147483648 -2147483648 -2147483648 -2147483648 -2147483648 -2147483648 -2147483648 -2147483648 -2147483648 -2147483648 -2147483648 -2147483648 -2147483648 -2147483648 -2147483648 -2147483648 -2147483648 -2147483648 -2147483648 -2147483648 -2147483648 -2147483648 -2147483648 -2147483648 -2147483648 -2147483648 -2147483648 -2147483648 -2147483648 -2147483648 -10 -12 -2147483648 -2147483648 -2147483648 -2147483648 -2147483648 -2147483648 -2147483648 -2147483648 -2147483648 -2147483648
split_feature= 8 20 19 7 4 10 9 13 21 3 2 21 1 12 17 19
split_gain= 417.639 218.858 216.062 152.648 45.1644 39.3426 27.2896 22.7627 17.5075 33.4776 16.4524 4.39766 5.68711 5.33022 2.73566 26.088
threshold= 3.5000000000000004 3.5000000000000004 1.5000000000000002 1.0000000180025095e-35 4.5000000000000009 1.0000000180025095e-35 1.0000000180025095e-35 1.5000000000000002 1.5000000000000002 1.0000000180025095e-35 8.5000000000000018 4.5000000000000009 1.5000000000000002 1.0000000180025095e-35 1.5000000000000002 6.5000000000000009
decision_type= 2 2 2 2 2 2 2 2 2 2 2 2 2 2 2 2
left_child=1 5 4 7 -2 -1 8 -4 -5 10 -10 13 -13 -3 -9 -16
right_child=2 11 3 6 -6 -7 -8 14 9 -11 -12 12 -14 -15 15 -17
leaf_value= 0.120124818310304 0.120124818310304 -0.0014650731409505684 0.120124818310304 0.12095399486034689 -0.11855542649094364 -0.11855542649094364 -0.11855542649094364 -0.11855542649094364 -0.12593996998306398 0.11996535087794674 0.20760597461117897 -0.11855542649094364 0.12012481831030396 0.120124818310304 0.120124818310304 -0.11855542649094364
leaf_weight=8.0889927148818952 71.26681512594223 4.2387201786041251 4.3234271407127371 33.246943026781082 9.1091340333223325 55.18286994099617 9.1091340333223325 319.34775690734386 14.108153805136679 15.537578582763672 1.7476510852575309 2.1122629642486563 2.510377049446106 295.24823409318924 5.4391502737998954 36.172503262758255
leaf_count=58 511 17 31 233 69 418 69 2419 91 112 7 16 18 2117 39 274
model_size=1824
internal_value=0 0.0814985 -0.0579577 -0.0856081 0.0930748 -0.0880413 0.0459858 -0.112176 0.069173 0.0143347 -0.089176 0.116772 0.0110626 0.118404 -0.114959 -0.087357
internal_weight=0 367.381 519.408 439.032 80.3759 63.2719 73.7495 365.283 64.6403 31.3934 15.8558 304.11 4.62264 299.487 360.959 41.6117
internal_count=6499 2644 3855 3275 580 476 512 2763 443 210 98 2168 34 2134 2732 313
is_linear=0
shrinkage=0.1


Tree=12
num_leaves= 17
num_cat= 0
full_tree_array_lgbids= 0 1 2 5 11 4 3 -1 -7 12 13 -2 -6 7 6 -2147483648 -2147483648 -2147483648 -2147483648 -3 -14 -13 -15 -2147483648 -2147483648 -2147483648 -2147483648 -4 14 8 -8 -2147483648 -2147483648 -2147483648 -2147483648 -2147483648 -2147483648 -2147483648 -2147483648 -2147483648 -2147483648 -2147483648 -2147483648 -2147483648 -2147483648 -2147483648 -2147483648 -2147483648 -2147483648 -2147483648 -2147483648 -2147483648 -2147483648 -2147483648 -2147483648 -2147483648 -2147483648 -9 15 -5 9 -2147483648 -2147483648 -2147483648 -2147483648 -2147483648 -2147483648 -2147483648 -2147483648 -2147483648 -2147483648 -2147483648 -2147483648 -2147483648 -2147483648 -2147483648 -2147483648 -2147483648 -2147483648 -2147483648 -2147483648 -2147483648 -2147483648 -2147483648 -2147483648 -2147483648 -2147483648 -2147483648 -2147483648 -2147483648 -2147483648 -2147483648 -2147483648 -2147483648 -2147483648 -2147483648 -2147483648 -2147483648 -2147483648 -2147483648 -2147483648 -2147483648 -2147483648 -2147483648 -2147483648 -2147483648 -2147483648 -2147483648 -2147483648 -2147483648 -2147483648 -2147483648 -2147483648 -2147483648 -2147483648 -2147483648 -2147483648 -16 -17 -2147483648 -2147483648 10 -11 -2147483648 -2147483648 -2147483648 -2147483648 -2147483648 -2147483648 -2147483648 -2147483648 -2147483648 -2147483648 -2147483648 -2147483648 -2147483648 -2147483648 -2147483648 -2147483648 -2147483648 -2147483648 -2147483648 -2147483648 -2147483648 -2147483648 -2147483648 -2147483648 -2147483648 -2147483648 -2147483648 -2147483648 -2147483648 -2147483648 -2147483648 -2147483648 -2147483648 -2147483648 -2147483648 -2147483648 -2147483648 -2147483648 -2147483648 -2147483648 -2147483648 -2147483648 -2147483648 -2147483648 -2147483648 -2147483648 -2147483648 -2147483648 -2147483648 -2147483648 -2147483648 -2147483648 -2147483648 -2147483648 -2147483648 -2147483648 -2147483648 -2147483648 -2147483648 -2147483648 -2147483648 -2147483648 -2147483648 -2147483648 -2147483648 -2147483648 -2147483648 -2147483648 -2147483648 -2147483648 -2147483648 -2147483648 -2147483648 -2147483648 -2147483648 -2147483648 -2147483648 -2147483648 -2147483648 -2147483648 -2147483648 -2147483648 -2147483648 -2147483648 -2147483648 -2147483648 -2147483648 -2147483648 -2147483648 -2147483648 -2147483648 -2147483648 -2147483648 -2147483648 -2147483648 -2147483648 -2147483648 -2147483648 -2147483648 -2147483648 -2147483648 -2147483648 -2147483648 -2147483648 -2147483648 -2147483648 -2147483648 -2147483648 -2147483648 -2147483648 -2147483648 -2147483648 -2147483648 -2147483648 -2147483648 -2147483648 -2147483648 -2147483648 -2147483648 -2147483648 -10 -12 -2147483648 -2147483648 -2147483648 -2147483648 -2147483648 -2147483648 -2147483648 -2147483648 -2147483648 -2147483648
split_feature= 8 20 19 7 4 10 9 13 21 3 2 21 12 1 17 19
split_gain= 370.172 193.728 191.575 135.531 39.903 34.7774 23.9987 20.0576 15.4397 29.412 13.8975 3.72597 5.01622 4.88907 2.27613 23.0077
threshold= 3.5000000000000004 3.5000000000000004 1.5000000000000002 1.0000000180025095e-35 4.5000000000000009 1.0000000180025095e-35 1.0000000180025095e-35 1.5000000000000002 1.5000000000000002 1.0000000180025095e-35 8.5000000000000018 4.5000000000000009 1.0000000180025095e-35 1.5000000000000002 1.5000000000000002 6.5000000000000009
decision_type= 2 2 2 2 2 2 2 2 2 2 2 2 2 2 2 2
left_child=1 5 4 7 -2 -1 8 -4 -5 10 -10 12 -3 -13 -9 -16
right_child=2 11 3 6 -6 -7 -8 14 9 -11 -12 13 -14 -15 15 -17
leaf_value= 0.11784687452276783 0.11784687452276783 -0.0013186816803016483 0.11784687452276783 0.11857038910500804 -0.11648097729749039 -0.11648097729749039 -0.11648097729749039 -0.11648097729749039 -0.12294671671901324 0.117708294105995 0.18743277368081201 -0.11648097729749039 0.11784687452276783 0.11784687452276779 0.11784687452276783 -0.11648097729749039
leaf_weight=7.4533958137035361 65.666987255215645 4.2383979558944693 3.9837115556001654 30.6565892547369 8.3815043270587903 50.774910271167755 8.3815043270587903 293.83853575587273 13.060275807976721 14.314645051956177 1.7421326637268073 1.9435372352600087 272.0489472001791 2.3131228387355804 5.0117661505937567 33.283075153827667
leaf_count=58 511 17 31 233 69 418 69 2419 91 112 7 16 2117 18 39 274
model_size=1824
internal_value=0 0.0798908 -0.0569002 -0.0840496 0.0913234 -0.0864863 0.0449628 -0.11021 0.0676005 0.0139357 -0.0864174 0.114423 0.116019 0.0108557 -0.112945 -0.0858138
internal_weight=0 338.772 478.321 404.272 74.0485 58.2283 68.1551 336.117 59.7736 29.1171 14.8024 280.544 276.287 4.25666 332.133 38.2948
internal_count=6499 2644 3855 3275 580 476 512 2763 443 210 98 2168 2134 34 2732 313
is_linear=0
shrinkage=0.1


Tree=13
num_leaves= 17
num_cat= 0
full_tree_array_lgbids= 0 1 2 5 11 4 3 -1 -7 12 13 -2 -6 7 6 -2147483648 -2147483648 -2147483648 -2147483648 -3 -14 -13 -15 -2147483648 -2147483648 -2147483648 -2147483648 -4 14 8 -8 -2147483648 -2147483648 -2147483648 -2147483648 -2147483648 -2147483648 -2147483648 -2147483648 -2147483648 -2147483648 -2147483648 -2147483648 -2147483648 -2147483648 -2147483648 -2147483648 -2147483648 -2147483648 -2147483648 -2147483648 -2147483648 -2147483648 -2147483648 -2147483648 -2147483648 -2147483648 -9 15 -5 9 -2147483648 -2147483648 -2147483648 -2147483648 -2147483648 -2147483648 -2147483648 -2147483648 -2147483648 -2147483648 -2147483648 -2147483648 -2147483648 -2147483648 -2147483648 -2147483648 -2147483648 -2147483648 -2147483648 -2147483648 -2147483648 -2147483648 -2147483648 -2147483648 -2147483648 -2147483648 -2147483648 -2147483648 -2147483648 -2147483648 -2147483648 -2147483648 -2147483648 -2147483648 -2147483648 -2147483648 -2147483648 -2147483648 -2147483648 -2147483648 -2147483648 -2147483648 -2147483648 -2147483648 -2147483648 -2147483648 -2147483648 -2147483648 -2147483648 -2147483648 -2147483648 -2147483648 -2147483648 -2147483648 -2147483648 -2147483648 -16 -17 -2147483648 -2147483648 10 -11 -2147483648 -2147483648 -2147483648 -2147483648 -2147483648 -2147483648 -2147483648 -2147483648 -2147483648 -2147483648 -2147483648 -2147483648 -2147483648 -2147483648 -2147483648 -2147483648 -2147483648 -2147483648 -2147483648 -2147483648 -2147483648 -2147483648 -2147483648 -2147483648 -2147483648 -2147483648 -2147483648 -2147483648 -2147483648 -2147483648 -2147483648 -2147483648 -2147483648 -2147483648 -2147483648 -2147483648 -2147483648 -2147483648 -2147483648 -2147483648 -2147483648 -2147483648 -2147483648 -2147483648 -2147483648 -2147483648 -2147483648 -2147483648 -2147483648 -2147483648 -2147483648 -2147483648 -2147483648 -2147483648 -2147483648 -2147483648 -2147483648 -2147483648 -2147483648 -2147483648 -2147483648 -2147483648 -2147483648 -2147483648 -2147483648 -2147483648 -2147483648 -2147483648 -2147483648 -2147483648 -2147483648 -2147483648 -2147483648 -2147483648 -2147483648 -2147483648 -2147483648 -2147483648 -2147483648 -2147483648 -2147483648 -2147483648 -2147483648 -2147483648 -2147483648 -2147483648 -2147483648 -2147483648 -2147483648 -2147483648 -2147483648 -2147483648 -2147483648 -2147483648 -2147483648 -2147483648 -2147483648 -2147483648 -2147483648 -2147483648 -2147483648 -2147483648 -2147483648 -2147483648 -2147483648 -2147483648 -2147483648 -2147483648 -2147483648 -2147483648 -2147483648 -2147483648 -2147483648 -2147483648 -2147483648 -2147483648 -2147483648 -2147483648 -2147483648 -2147483648 -10 -12 -2147483648 -2147483648 -2147483648 -2147483648 -2147483648 -2147483648 -2147483648 -2147483648 -2147483648 -2147483648
split_feature= 8 20 19 7 4 10 9 13 21 3 2 12 1 21 17 19
split_gain= 328.784 171.827 170.212 120.551 35.3106 30.7836 21.1345 17.6873 13.6133 25.8884 11.8408 3.4171 16.5508 4.90476 1.86607 20.3103
threshold= 3.5000000000000004 3.5000000000000004 1.5000000000000002 1.0000000180025095e-35 4.5000000000000009 1.0000000180025095e-35 1.0000000180025095e-35 1.5000000000000002 1.5000000000000002 1.0000000180025095e-35 8.5000000000000018 1.0000000180025095e-35 2.5000000000000004 4.5000000000000009 1.5000000000000002 6.5000000000000009
decision_type= 2 2 2 2 2 2 2 2 2 2 2 2 2 2 2 2
left_child=1 5 4 7 -2 -1 8 -4 -5 10 -10 12 -3 -13 -9 -16
right_child=2 11 3 6 -6 -7 -8 14 9 -11 -12 13 -14 -15 15 -17
leaf_value= 0.11586288176687953 0.11586288176687953 0.17802489741405325 0.11586288176687953 0.11649689931399348 -0.11466884050498732 -0.11466884050498732 -0.11466884050498732 -0.11466884050498732 -0.1203531979913639 0.11574188153755477 0.17248918790366261 0.11586288176687953 -0.18995054229893427 -0.028597349999901392 0.11586288176687953 -0.11466884050498732
leaf_weight=6.8536426723003379 60.382955268025398 3.0578982084989539 3.6631538420915595 28.207487918436527 7.6975774168968192 46.631700873374939 7.6975774168968192 269.86144596338272 12.058919340372084 13.161142349243164 1.7054834812879569 250.15795753896236 2.2437021732330322 2.8484417647123328 4.6084838658571234 30.567191481590271
leaf_count=58 511 17 31 233 69 418 69 2419 91 112 7 2117 9 25 39 274
model_size=1824
internal_value=0 0.0784739 -0.0559776 -0.08269 0.0897976 -0.0851284 0.0440797 -0.108492 0.0662439 0.0135984 -0.0840685 0.112349 0.0222932 0.114236 -0.111186 -0.0844661
internal_weight=0 311.793 439.611 371.531 68.0805 53.4853 62.8306 308.7 55.133 26.9255 13.7644 258.308 5.3016 253.006 305.037 35.1757
internal_count=6499 2644 3855 3275 580 476 512 2763 443 210 98 2168 26 2142 2732 313
is_linear=0
shrinkage=0.1


Tree=14
num_leaves= 18
num_cat= 0
full_tree_array_lgbids= 0 1 2 5 11 4 3 -1 -7 12 13 -2 -6 7 6 -2147483648 -2147483648 -2147483648 -2147483648 -3 -14 -13 14 -2147483648 -2147483648 -2147483648 -2147483648 -4 15 8 -8 -2147483648 -2147483648 -2147483648 -2147483648 -2147483648 -2147483648 -2147483648 -2147483648 -2147483648 -2147483648 -2147483648 -2147483648 -2147483648 -2147483648 -15 -16 -2147483648 -2147483648 -2147483648 -2147483648 -2147483648 -2147483648 -2147483648 -2147483648 -2147483648 -2147483648 -9 16 -5 9 -2147483648 -2147483648 -2147483648 -2147483648 -2147483648 -2147483648 -2147483648 -2147483648 -2147483648 -2147483648 -2147483648 -2147483648 -2147483648 -2147483648 -2147483648 -2147483648 -2147483648 -2147483648 -2147483648 -2147483648 -2147483648 -2147483648 -2147483648 -2147483648 -2147483648 -2147483648 -2147483648 -2147483648 -2147483648 -2147483648 -2147483648 -2147483648 -2147483648 -2147483648 -2147483648 -2147483648 -2147483648 -2147483648 -2147483648 -2147483648 -2147483648 -2147483648 -2147483648 -2147483648 -2147483648 -2147483648 -2147483648 -2147483648 -2147483648 -2147483648 -2147483648 -2147483648 -2147483648 -2147483648 -2147483648 -2147483648 -17 -18 -2147483648 -2147483648 10 -11 -2147483648 -2147483648 -2147483648 -2147483648 -2147483648 -2147483648 -2147483648 -2147483648 -2147483648 -2147483648 -2147483648 -2147483648 -2147483648 -2147483648 -2147483648 -2147483648 -2147483648 -2147483648 -2147483648 -2147483648 -2147483648 -2147483648 -2147483648 -2147483648 -2147483648 -2147483648 -2147483648 -2147483648 -2147483648 -2147483648 -2147483648 -2147483648 -2147483648 -2147483648 -2147483648 -2147483648 -2147483648 -2147483648 -2147483648 -2147483648 -2147483648 -2147483648 -2147483648 -2147483648 -2147483648 -2147483648 -2147483648 -2147483648 -2147483648 -2147483648 -2147483648 -2147483648 -2147483648 -2147483648 -2147483648 -2147483648 -2147483648 -2147483648 -2147483648 -2147483648 -2147483648 -2147483648 -2147483648 -2147483648 -2147483648 -2147483648 -2147483648 -2147483648 -2147483648 -2147483648 -2147483648 -2147483648 -2147483648 -2147483648 -2147483648 -2147483648 -2147483648 -2147483648 -2147483648 -2147483648 -2147483648 -2147483648 -2147483648 -2147483648 -2147483648 -2147483648 -2147483648 -2147483648 -2147483648 -2147483648 -2147483648 -2147483648 -2147483648 -2147483648 -2147483648 -2147483648 -2147483648 -2147483648 -2147483648 -2147483648 -2147483648 -2147483648 -2147483648 -2147483648 -2147483648 -2147483648 -2147483648 -2147483648 -2147483648 -2147483648 -2147483648 -2147483648 -2147483648 -2147483648 -2147483648 -2147483648 -2147483648 -2147483648 -2147483648 -2147483648 -10 -12 -2147483648 -2147483648 -2147483648 -2147483648 -2147483648 -2147483648 -2147483648 -2147483648 -2147483648 -2147483648
split_feature= 8 20 19 7 4 10 9 13 21 3 2 12 1 21 1 17 19
split_gain= 292.463 152.568 151.489 107.383 31.2765 27.2671 18.6208 15.5935 11.9879 22.8096 10.1321 3.16244 13.6624 4.44297 2.51712 1.49038 17.9304
threshold= 3.5000000000000004 3.5000000000000004 1.5000000000000002 1.0000000180025095e-35 4.5000000000000009 1.0000000180025095e-35 1.0000000180025095e-35 1.5000000000000002 1.5000000000000002 1.0000000180025095e-35 8.5000000000000018 1.0000000180025095e-35 2.5000000000000004 4.5000000000000009 1.5000000000000002 1.5000000000000002 6.5000000000000009
decision_type= 2 2 2 2 2 2 2 2 2 2 2 2 2 2 2 2 2
left_child=1 5 4 7 -2 -1 8 -4 -5 10 -10 12 -3 -13 -15 -9 -17
right_child=2 11 3 6 -6 -7 -8 15 9 -11 -12 13 -14 14 -16 16 -18
leaf_value= 0.11412744279391081 0.11412744279391081 0.16767966274750057 0.11412744279391081 0.11468510718307981 -0.11307963800542431 -0.11307963800542431 -0.11307963800542431 -0.11307963800542431 -0.11809445395840464 0.11402136962574623 0.16100453604821652 0.11412744279391081 -0.17438910279418715 -0.11425529309140828 0.11632307232894823 0.11412744279391081 -0.11307963800542431
leaf_weight=6.2908793091773978 55.424815982580185 2.9285820424556723 3.3623665273189536 25.905645206570625 7.0579090341925612 42.756608352065086 7.0579090341925612 247.43597034364939 11.109291478991507 12.079141616821289 1.6473426520824439 229.61709478497505 2.2014718651771545 1.7472034692764273 1.0857069119811058 4.2300740182399741 28.027059063315392
leaf_count=58 511 17 31 233 69 418 69 2419 91 112 7 2117 9 16 9 39 274
model_size=1936
internal_value=0 0.077182 -0.0551695 -0.0814989 0.0884626 -0.0839378 0.0433128 -0.106985 0.0650663 0.01331 -0.0820527 0.110445 0.0208869 0.112421 -0.0258866 -0.109643 -0.0832846
internal_weight=0 286.628 403.338 340.855 62.4827 49.0475 57.7993 283.055 50.7414 24.8358 12.7566 237.58 5.13005 232.45 2.83291 279.693 32.2571
internal_count=6499 2644 3855 3275 580 476 512 2763 443 210 98 2168 26 2142 25 2732 313
is_linear=0
shrinkage=0.1


Tree=15
num_leaves= 18
num_cat= 0
full_tree_array_lgbids= 0 1 2 5 11 4 3 -1 -7 12 13 -2 -6 7 6 -2147483648 -2147483648 -2147483648 -2147483648 -3 -14 -13 14 -2147483648 -2147483648 -2147483648 -2147483648 -4 15 8 -8 -2147483648 -2147483648 -2147483648 -2147483648 -2147483648 -2147483648 -2147483648 -2147483648 -2147483648 -2147483648 -2147483648 -2147483648 -2147483648 -2147483648 -15 -16 -2147483648 -2147483648 -2147483648 -2147483648 -2147483648 -2147483648 -2147483648 -2147483648 -2147483648 -2147483648 -9 16 -5 9 -2147483648 -2147483648 -2147483648 -2147483648 -2147483648 -2147483648 -2147483648 -2147483648 -2147483648 -2147483648 -2147483648 -2147483648 -2147483648 -2147483648 -2147483648 -2147483648 -2147483648 -2147483648 -2147483648 -2147483648 -2147483648 -2147483648 -2147483648 -2147483648 -2147483648 -2147483648 -2147483648 -2147483648 -2147483648 -2147483648 -2147483648 -2147483648 -2147483648 -2147483648 -2147483648 -2147483648 -2147483648 -2147483648 -2147483648 -2147483648 -2147483648 -2147483648 -2147483648 -2147483648 -2147483648 -2147483648 -2147483648 -2147483648 -2147483648 -2147483648 -2147483648 -2147483648 -2147483648 -2147483648 -2147483648 -2147483648 -17 -18 -2147483648 -2147483648 10 -11 -2147483648 -2147483648 -2147483648 -2147483648 -2147483648 -2147483648 -2147483648 -2147483648 -2147483648 -2147483648 -2147483648 -2147483648 -2147483648 -2147483648 -2147483648 -2147483648 -2147483648 -2147483648 -2147483648 -2147483648 -2147483648 -2147483648 -2147483648 -2147483648 -2147483648 -2147483648 -2147483648 -2147483648 -2147483648 -2147483648 -2147483648 -2147483648 -2147483648 -2147483648 -2147483648 -2147483648 -2147483648 -2147483648 -2147483648 -2147483648 -2147483648 -2147483648 -2147483648 -2147483648 -2147483648 -2147483648 -2147483648 -2147483648 -2147483648 -2147483648 -2147483648 -2147483648 -2147483648 -2147483648 -2147483648 -2147483648 -2147483648 -2147483648 -2147483648 -2147483648 -2147483648 -2147483648 -2147483648 -2147483648 -2147483648 -2147483648 -2147483648 -2147483648 -2147483648 -2147483648 -2147483648 -2147483648 -2147483648 -2147483648 -2147483648 -2147483648 -2147483648 -2147483648 -2147483648 -2147483648 -2147483648 -2147483648 -2147483648 -2147483648 -2147483648 -2147483648 -2147483648 -2147483648 -2147483648 -2147483648 -2147483648 -2147483648 -2147483648 -2147483648 -2147483648 -2147483648 -2147483648 -2147483648 -2147483648 -2147483648 -2147483648 -2147483648 -2147483648 -2147483648 -2147483648 -2147483648 -2147483648 -2147483648 -2147483648 -2147483648 -2147483648 -2147483648 -2147483648 -2147483648 -2147483648 -2147483648 -2147483648 -2147483648 -2147483648 -2147483648 -10 -12 -2147483648 -2147483648 -2147483648 -2147483648 -2147483648 -2147483648 -2147483648 -2147483648 -2147483648 -2147483648
split_feature= 8 20 19 7 4 10 9 13 21 3 2 12 1 21 1 17 19
split_gain= 260.684 135.801 135.019 95.7658 27.717 24.1576 16.4028 13.7352 10.5353 20.1045 8.68277 2.87691 11.3531 3.77597 2.05196 1.14309 15.8206
threshold= 3.5000000000000004 3.5000000000000004 1.5000000000000002 1.0000000180025095e-35 4.5000000000000009 1.0000000180025095e-35 1.0000000180025095e-35 1.5000000000000002 1.5000000000000002 1.0000000180025095e-35 8.5000000000000018 1.0000000180025095e-35 2.5000000000000004 4.5000000000000009 1.5000000000000002 1.5000000000000002 6.5000000000000009
decision_type= 2 2 2 2 2 2 2 2 2 2 2 2 2 2 2 2 2
left_child=1 5 4 7 -2 -1 8 -4 -5 10 -10 12 -3 -13 -15 -9 -17
right_child=2 11 3 6 -6 -7 -8 15 9 -11 -12 13 -14 14 -16 16 -18
leaf_value= 0.11260371998545887 0.11260371998545887 0.15892116779204271 0.11260371998545887 0.11309581137879035 -0.11168115789146256 -0.11168115789146256 -0.11168115789146256 -0.11168115789146256 -0.11611854332319459 0.11251041394876204 0.15193243951143773 0.11260371998545887 -0.16248460918731719 -0.11271615625474785 0.11453059436226405 0.11260371998545876 -0.11168115789146256
leaf_weight=5.7652898132801047 50.794191285967827 2.7882375642657271 3.0814480036497107 23.752861097455025 6.4621228650212279 39.147353008389473 6.4621228650212279 226.54891609400511 10.214342236518858 11.068895697593689 1.5748375505208976 210.43307818472385 2.1300564408302307 1.6014131307601922 0.99697165936231602 3.8766603916883495 25.661183550953865
leaf_count=58 511 17 31 233 69 418 69 2419 91 112 7 2117 9 16 9 39 274
model_size=1936
internal_value=0 0.0760984 -0.054459 -0.0804519 0.0872902 -0.0828904 0.0426433 -0.10566 0.0640388 0.0130615 -0.0803114 0.108861 0.019724 0.110919 -0.0255241 -0.108286 -0.0822451
internal_weight=0 262.862 369.498 312.241 57.2563 44.9126 53.0731 259.168 46.6109 22.8581 11.7892 217.95 4.91829 213.031 2.59838 256.087 29.5378
internal_count=6499 2644 3855 3275 580 476 512 2763 443 210 98 2168 26 2142 25 2732 313
is_linear=0
shrinkage=0.1


Tree=16
num_leaves= 18
num_cat= 0
full_tree_array_lgbids= 0 1 2 5 11 4 3 -1 -7 12 13 -2 -6 7 6 -2147483648 -2147483648 -2147483648 -2147483648 -3 -14 -13 14 -2147483648 -2147483648 -2147483648 -2147483648 -4 15 8 -8 -2147483648 -2147483648 -2147483648 -2147483648 -2147483648 -2147483648 -2147483648 -2147483648 -2147483648 -2147483648 -2147483648 -2147483648 -2147483648 -2147483648 -15 -16 -2147483648 -2147483648 -2147483648 -2147483648 -2147483648 -2147483648 -2147483648 -2147483648 -2147483648 -2147483648 -9 16 -5 9 -2147483648 -2147483648 -2147483648 -2147483648 -2147483648 -2147483648 -2147483648 -2147483648 -2147483648 -2147483648 -2147483648 -2147483648 -2147483648 -2147483648 -2147483648 -2147483648 -2147483648 -2147483648 -2147483648 -2147483648 -2147483648 -2147483648 -2147483648 -2147483648 -2147483648 -2147483648 -2147483648 -2147483648 -2147483648 -2147483648 -2147483648 -2147483648 -2147483648 -2147483648 -2147483648 -2147483648 -2147483648 -2147483648 -2147483648 -2147483648 -2147483648 -2147483648 -2147483648 -2147483648 -2147483648 -2147483648 -2147483648 -2147483648 -2147483648 -2147483648 -2147483648 -2147483648 -2147483648 -2147483648 -2147483648 -2147483648 -17 -18 -2147483648 -2147483648 10 -11 -2147483648 -2147483648 -2147483648 -2147483648 -2147483648 -2147483648 -2147483648 -2147483648 -2147483648 -2147483648 -2147483648 -2147483648 -2147483648 -2147483648 -2147483648 -2147483648 -2147483648 -2147483648 -2147483648 -2147483648 -2147483648 -2147483648 -2147483648 -2147483648 -2147483648 -2147483648 -2147483648 -2147483648 -2147483648 -2147483648 -2147483648 -2147483648 -2147483648 -2147483648 -2147483648 -2147483648 -2147483648 -2147483648 -2147483648 -2147483648 -2147483648 -2147483648 -2147483648 -2147483648 -2147483648 -2147483648 -2147483648 -2147483648 -2147483648 -2147483648 -2147483648 -2147483648 -2147483648 -2147483648 -2147483648 -2147483648 -2147483648 -2147483648 -2147483648 -2147483648 -2147483648 -2147483648 -2147483648 -2147483648 -2147483648 -2147483648 -2147483648 -2147483648 -2147483648 -2147483648 -2147483648 -2147483648 -2147483648 -2147483648 -2147483648 -2147483648 -2147483648 -2147483648 -2147483648 -2147483648 -2147483648 -2147483648 -2147483648 -2147483648 -2147483648 -2147483648 -2147483648 -2147483648 -2147483648 -2147483648 -2147483648 -2147483648 -2147483648 -2147483648 -2147483648 -2147483648 -2147483648 -2147483648 -2147483648 -2147483648 -2147483648 -2147483648 -2147483648 -2147483648 -2147483648 -2147483648 -2147483648 -2147483648 -2147483648 -2147483648 -2147483648 -2147483648 -2147483648 -2147483648 -2147483648 -2147483648 -2147483648 -2147483648 -2147483648 -2147483648 -10 -12 -2147483648 -2147483648 -2147483648 -2147483648 -2147483648 -2147483648 -2147483648 -2147483648 -2147483648 -2147483648
split_feature= 8 20 19 7 4 10 9 13 21 3 2 12 1 21 1 17 19
split_gain= 232.679 121.036 120.481 85.4853 24.5634 21.397 14.4359 12.0783 9.23203 17.7157 7.43349 2.5641 9.46695 3.17073 1.62572 0.819236 13.942
threshold= 3.5000000000000004 3.5000000000000004 1.5000000000000002 1.0000000180025095e-35 4.5000000000000009 1.0000000180025095e-35 1.0000000180025095e-35 1.5000000000000002 1.5000000000000002 1.0000000180025095e-35 8.5000000000000018 1.0000000180025095e-35 2.5000000000000004 4.5000000000000009 1.5000000000000002 1.5000000000000002 6.5000000000000009
decision_type= 2 2 2 2 2 2 2 2 2 2 2 2 2 2 2 2 2
left_child=1 5 4 7 -2 -1 8 -4 -5 10 -10 12 -3 -13 -15 -9 -17
right_child=2 11 3 6 -6 -7 -8 15 9 -11 -12 13 -14 14 -16 16 -18
leaf_value= 0.11126147420147421 0.11126147420147421 0.1514745488932869 0.11126147420147421 0.11169692872822479 -0.11044680992112868 -0.11044680992112868 -0.11044680992112868 -0.11044680992112868 -0.11438339610026194 0.11117915335421805 0.14461237519808121 0.11126147420147421 -0.15311374537038583 -0.11136066726921245 0.1129581580396303 0.1112614742014741 -0.11044680992112868
leaf_weight=5.2763521671295157 46.48648202419281 2.640416905283927 2.8201192617416373 21.74782432615757 5.9091660529375067 35.797556668519974 5.9091660529375067 207.1633722037077 9.3753097429871541 10.129321455955505 1.4932841360569007 192.58685410022736 2.0390181094408035 1.4657505750656121 0.91400932520627964 3.5478919744491604 23.465384036302567
leaf_count=58 511 17 31 233 69 418 69 2419 91 112 7 2117 9 16 9 39 274
model_size=1936
internal_value=0 0.0751437 -0.0538325 -0.0795285 0.0862573 -0.0819662 0.0420565 -0.10449 0.0631385 0.0128459 -0.0787988 0.107467 0.0187532 0.109596 -0.0252051 -0.107088 -0.0813279
internal_weight=0 240.72 338.047 285.652 52.3956 41.0739 48.6549 236.997 42.7457 20.9979 10.8686 199.646 4.67944 194.967 2.37976 234.177 27.0133
internal_count=6499 2644 3855 3275 580 476 512 2763 443 210 98 2168 26 2142 25 2732 313
is_linear=0
shrinkage=0.1


Tree=17
num_leaves= 18
num_cat= 0
full_tree_array_lgbids= 0 1 2 5 11 4 3 -1 -7 12 13 -2 -6 7 6 -2147483648 -2147483648 -2147483648 -2147483648 -3 -14 -13 14 -2147483648 -2147483648 -2147483648 -2147483648 -4 15 8 -8 -2147483648 -2147483648 -2147483648 -2147483648 -2147483648 -2147483648 -2147483648 -2147483648 -2147483648 -2147483648 -2147483648 -2147483648 -2147483648 -2147483648 -15 -16 -2147483648 -2147483648 -2147483648 -2147483648 -2147483648 -2147483648 -2147483648 -2147483648 -2147483648 -2147483648 -9 16 -5 9 -2147483648 -2147483648 -2147483648 -2147483648 -2147483648 -2147483648 -2147483648 -2147483648 -2147483648 -2147483648 -2147483648 -2147483648 -2147483648 -2147483648 -2147483648 -2147483648 -2147483648 -2147483648 -2147483648 -2147483648 -2147483648 -2147483648 -2147483648 -2147483648 -2147483648 -2147483648 -2147483648 -2147483648 -2147483648 -2147483648 -2147483648 -2147483648 -2147483648 -2147483648 -2147483648 -2147483648 -2147483648 -2147483648 -2147483648 -2147483648 -2147483648 -2147483648 -2147483648 -2147483648 -2147483648 -2147483648 -2147483648 -2147483648 -2147483648 -2147483648 -2147483648 -2147483648 -2147483648 -2147483648 -2147483648 -2147483648 -17 -18 -2147483648 -2147483648 10 -11 -2147483648 -2147483648 -2147483648 -2147483648 -2147483648 -2147483648 -2147483648 -2147483648 -2147483648 -2147483648 -2147483648 -2147483648 -2147483648 -2147483648 -2147483648 -2147483648 -2147483648 -2147483648 -2147483648 -2147483648 -2147483648 -2147483648 -2147483648 -2147483648 -2147483648 -2147483648 -2147483648 -2147483648 -2147483648 -2147483648 -2147483648 -2147483648 -2147483648 -2147483648 -2147483648 -2147483648 -2147483648 -2147483648 -2147483648 -2147483648 -2147483648 -2147483648 -2147483648 -2147483648 -2147483648 -2147483648 -2147483648 -2147483648 -2147483648 -2147483648 -2147483648 -2147483648 -2147483648 -2147483648 -2147483648 -2147483648 -2147483648 -2147483648 -2147483648 -2147483648 -2147483648 -2147483648 -2147483648 -2147483648 -2147483648 -2147483648 -2147483648 -2147483648 -2147483648 -2147483648 -2147483648 -2147483648 -2147483648 -2147483648 -2147483648 -2147483648 -2147483648 -2147483648 -2147483648 -2147483648 -2147483648 -2147483648 -2147483648 -2147483648 -2147483648 -2147483648 -2147483648 -2147483648 -2147483648 -2147483648 -2147483648 -2147483648 -2147483648 -2147483648 -2147483648 -2147483648 -2147483648 -2147483648 -2147483648 -2147483648 -2147483648 -2147483648 -2147483648 -2147483648 -2147483648 -2147483648 -2147483648 -2147483648 -2147483648 -2147483648 -2147483648 -2147483648 -2147483648 -2147483648 -2147483648 -2147483648 -2147483648 -2147483648 -2147483648 -2147483648 -10 -12 -2147483648 -2147483648 -2147483648 -2147483648 -2147483648 -2147483648 -2147483648 -2147483648 -2147483648 -2147483648
split_feature= 8 20 19 7 4 10 9 13 21 3 2 12 1 21 1 17 19
split_gain= 207.934 108 107.619 76.3692 21.7667 18.9446 12.6913 10.6023 8.06558 15.6039 6.35031 2.2418 7.90645 2.62558 1.23963 0.522482 12.2701
threshold= 3.5000000000000004 3.5000000000000004 1.5000000000000002 1.0000000180025095e-35 4.5000000000000009 1.0000000180025095e-35 1.0000000180025095e-35 1.5000000000000002 1.5000000000000002 1.0000000180025095e-35 8.5000000000000018 1.0000000180025095e-35 2.5000000000000004 4.5000000000000009 1.5000000000000002 1.5000000000000002 6.5000000000000009
decision_type= 2 2 2 2 2 2 2 2 2 2 2 2 2 2 2 2 2
left_child=1 5 4 7 -2 -1 8 -4 -5 10 -10 12 -3 -13 -15 -9 -17
right_child=2 11 3 6 -6 -7 -8 15 9 -11 -12 13 -14 14 -16 16 -18
leaf_value= 0.1100756958889617 0.1100756958889617 0.14511605384181478 0.1100756958889617 0.11046197009015246 -0.10935442392955622 -0.10935442392955622 -0.10935442392955622 -0.10935442392955622 -0.11285458569186646 0.11000286796422667 0.13860566985808062 0.1100756958889617 -0.14557328904845077 -0.11016343609928402 0.11157407759859686 0.11007569588896156 -0.10935442392955622
leaf_weight=4.8230335712432852 42.492588877677917 2.4883524775505057 2.5778282880783072 19.886961922049522 5.397508665919303 32.697951048612595 5.397508665919303 189.22570236027241 8.5921464934945089 9.258371114730835 1.4066533148288733 176.04072535037994 1.9354837685823438 1.3399403095245355 0.83676237612962712 3.2430742979049709 21.43358513712883
leaf_count=58 511 17 31 233 69 418 69 2419 91 112 7 2117 9 16 9 39 274
model_size=1936
internal_value=0 0.0743004 -0.0532785 -0.0787119 0.0853446 -0.0811484 0.0415401 -0.103454 0.0623467 0.0126578 -0.0774786 0.106235 0.0179358 0.108427 -0.0249237 -0.106028 -0.0805163
internal_weight=0 220.162 308.912 261.022 47.8901 37.521 44.5416 216.48 39.1441 19.2572 9.9988 182.641 4.42384 178.217 2.1767 213.902 24.6767
internal_count=6499 2644 3855 3275 580 476 512 2763 443 210 98 2168 26 2142 25 2732 313
is_linear=0
shrinkage=0.1


Tree=18
num_leaves= 18
num_cat= 0
full_tree_array_lgbids= 0 1 2 5 11 4 3 -1 -7 12 13 -2 -6 7 6 -2147483648 -2147483648 -2147483648 -2147483648 -3 -14 -13 14 -2147483648 -2147483648 -2147483648 -2147483648 -4 15 8 -8 -2147483648 -2147483648 -2147483648 -2147483648 -2147483648 -2147483648 -2147483648 -2147483648 -2147483648 -2147483648 -2147483648 -2147483648 -2147483648 -2147483648 -15 -16 -2147483648 -2147483648 -2147483648 -2147483648 -2147483648 -2147483648 -2147483648 -2147483648 -2147483648 -2147483648 -9 16 -5 9 -2147483648 -2147483648 -2147483648 -2147483648 -2147483648 -2147483648 -2147483648 -2147483648 -2147483648 -2147483648 -2147483648 -2147483648 -2147483648 -2147483648 -2147483648 -2147483648 -2147483648 -2147483648 -2147483648 -2147483648 -2147483648 -2147483648 -2147483648 -2147483648 -2147483648 -2147483648 -2147483648 -2147483648 -2147483648 -2147483648 -2147483648 -2147483648 -2147483648 -2147483648 -2147483648 -2147483648 -2147483648 -2147483648 -2147483648 -2147483648 -2147483648 -2147483648 -2147483648 -2147483648 -2147483648 -2147483648 -2147483648 -2147483648 -2147483648 -2147483648 -2147483648 -2147483648 -2147483648 -2147483648 -2147483648 -2147483648 -17 -18 -2147483648 -2147483648 10 -11 -2147483648 -2147483648 -2147483648 -2147483648 -2147483648 -2147483648 -2147483648 -2147483648 -2147483648 -2147483648 -2147483648 -2147483648 -2147483648 -2147483648 -2147483648 -2147483648 -2147483648 -2147483648 -2147483648 -2147483648 -2147483648 -2147483648 -2147483648 -2147483648 -2147483648 -2147483648 -2147483648 -2147483648 -2147483648 -2147483648 -2147483648 -2147483648 -2147483648 -2147483648 -2147483648 -2147483648 -2147483648 -2147483648 -2147483648 -2147483648 -2147483648 -2147483648 -2147483648 -2147483648 -2147483648 -2147483648 -2147483648 -2147483648 -2147483648 -2147483648 -2147483648 -2147483648 -2147483648 -2147483648 -2147483648 -2147483648 -2147483648 -2147483648 -2147483648 -2147483648 -2147483648 -2147483648 -2147483648 -2147483648 -2147483648 -2147483648 -2147483648 -2147483648 -2147483648 -2147483648 -2147483648 -2147483648 -2147483648 -2147483648 -2147483648 -2147483648 -2147483648 -2147483648 -2147483648 -2147483648 -2147483648 -2147483648 -2147483648 -2147483648 -2147483648 -2147483648 -2147483648 -2147483648 -2147483648 -2147483648 -2147483648 -2147483648 -2147483648 -2147483648 -2147483648 -2147483648 -2147483648 -2147483648 -2147483648 -2147483648 -2147483648 -2147483648 -2147483648 -2147483648 -2147483648 -2147483648 -2147483648 -2147483648 -2147483648 -2147483648 -2147483648 -2147483648 -2147483648 -2147483648 -2147483648 -2147483648 -2147483648 -2147483648 -2147483648 -2147483648 -10 -12 -2147483648 -2147483648 -2147483648 -2147483648 -2147483648 -2147483648 -2147483648 -2147483648 -2147483648 -2147483648
split_feature= 8 20 19 7 4 10 9 13 21 3 20 12 1 21 4 17 19
split_gain= 186.013 96.4588 96.2094 68.2666 19.2794 16.7601 11.1387 9.28347 7.01879 13.7304 5.40255 1.91732 6.59772 2.13258 0.888229 0.24933 10.7777
threshold= 3.5000000000000004 3.5000000000000004 1.5000000000000002 1.0000000180025095e-35 4.5000000000000009 1.0000000180025095e-35 1.0000000180025095e-35 1.5000000000000002 1.5000000000000002 1.0000000180025095e-35 3.5000000000000004 1.0000000180025095e-35 2.5000000000000004 4.5000000000000009 4.5000000000000009 1.5000000000000002 6.5000000000000009
decision_type= 2 2 2 2 2 2 2 2 2 2 2 2 2 2 2 2 2
left_child=1 5 4 7 -2 -1 8 -4 -5 10 -10 12 -3 -13 -15 -9 -17
right_child=2 11 3 6 -6 -7 -8 15 9 -11 -12 13 -14 14 -16 16 -18
leaf_value= 0.10902547451640709 0.10902547451640709 0.13966310377231403 0.10902547451640709 0.10936885687081505 -0.10838542814819269 -0.10838542814819269 -0.10838542814819269 -0.10838542814819269 0.13360898226863058 0.10896088699216877 -0.11150363169842879 0.10902547451640709 -0.13939932361878057 0.11035214070974342 -0.10910325544238059 0.10902547451640698 -0.10838542814819269
leaf_weight=4.4039455801248542 38.800279162824154 2.33487445116043 2.3538329824805251 18.165100440382957 4.9252953529357901 29.837296485900879 4.9252953529357901 172.67086172103882 1.3178987801074979 8.4533276557922363 7.863856628537178 160.74401367455721 1.8247776031494138 0.76508764922618744 1.2236058712005615 2.9612737521529224 19.558419227600098
leaf_count=58 511 17 31 233 69 418 69 2419 7 112 91 2117 9 9 16 39 274
model_size=1936
internal_value=0 0.0735534 -0.0527874 -0.077988 0.0845361 -0.0804231 0.0410844 -0.102536 0.0616481 0.0124931 -0.0763215 0.105145 0.0172426 0.107392 -0.0246747 -0.105087 -0.0797965
internal_weight=0 201.134 281.995 238.27 43.7256 34.2412 40.7255 197.544 35.8002 17.6351 9.18176 166.892 4.15965 162.733 1.98869 195.191 22.5197
internal_count=6499 2644 3855 3275 580 476 512 2763 443 210 98 2168 26 2142 25 2732 313
is_linear=0
shrinkage=0.1


Tree=19
num_leaves= 16
num_cat= 0
full_tree_array_lgbids= 0 1 2 5 11 4 3 -1 -7 12 13 -2 -6 7 6 -2147483648 -2147483648 -2147483648 -2147483648 -3 -14 -13 14 -2147483648 -2147483648 -2147483648 -2147483648 -4 -9 8 -8 -2147483648 -2147483648 -2147483648 -2147483648 -2147483648 -2147483648 -2147483648 -2147483648 -2147483648 -2147483648 -2147483648 -2147483648 -2147483648 -2147483648 -15 -16 -2147483648 -2147483648 -2147483648 -2147483648 -2147483648 -2147483648 -2147483648 -2147483648 -2147483648 -2147483648 -2147483648 -2147483648 -5 9 -2147483648 -2147483648 -2147483648 -2147483648 -2147483648 -2147483648 -2147483648 -2147483648 -2147483648 -2147483648 -2147483648 -2147483648 -2147483648 -2147483648 -2147483648 -2147483648 -2147483648 -2147483648 -2147483648 -2147483648 -2147483648 -2147483648 -2147483648 -2147483648 -2147483648 -2147483648 -2147483648 -2147483648 -2147483648 -2147483648 -2147483648 -2147483648 -2147483648 -2147483648 -2147483648 -2147483648 -2147483648 -2147483648 -2147483648 -2147483648 -2147483648 -2147483648 -2147483648 -2147483648 -2147483648 -2147483648 -2147483648 -2147483648 -2147483648 -2147483648 -2147483648 -2147483648 -2147483648 -2147483648 -2147483648 -2147483648 -2147483648 -2147483648 -2147483648 -2147483648 10 -11 -2147483648 -2147483648 -2147483648 -2147483648 -2147483648 -2147483648 -2147483648 -2147483648 -2147483648 -2147483648 -2147483648 -2147483648 -2147483648 -2147483648 -2147483648 -2147483648 -2147483648 -2147483648 -2147483648 -2147483648 -2147483648 -2147483648 -2147483648 -2147483648 -2147483648 -2147483648 -2147483648 -2147483648 -2147483648 -2147483648 -2147483648 -2147483648 -2147483648 -2147483648 -2147483648 -2147483648 -2147483648 -2147483648 -2147483648 -2147483648 -2147483648 -2147483648 -2147483648 -2147483648 -2147483648 -2147483648 -2147483648 -2147483648 -2147483648 -2147483648 -2147483648 -2147483648 -2147483648 -2147483648 -2147483648 -2147483648 -2147483648 -2147483648 -2147483648 -2147483648 -2147483648 -2147483648 -2147483648 -2147483648 -2147483648 -2147483648 -2147483648 -2147483648 -2147483648 -2147483648 -2147483648 -2147483648 -2147483648 -2147483648 -2147483648 -2147483648 -2147483648 -2147483648 -2147483648 -2147483648 -2147483648 -2147483648 -2147483648 -2147483648 -2147483648 -2147483648 -2147483648 -2147483648 -2147483648 -2147483648 -2147483648 -2147483648 -2147483648 -2147483648 -2147483648 -2147483648 -2147483648 -2147483648 -2147483648 -2147483648 -2147483648 -2147483648 -2147483648 -2147483648 -2147483648 -2147483648 -2147483648 -2147483648 -2147483648 -2147483648 -2147483648 -2147483648 -2147483648 -2147483648 -2147483648 -2147483648 -2147483648 -2147483648 -2147483648 -2147483648 -10 -12 -2147483648 -2147483648 -2147483648 -2147483648 -2147483648 -2147483648 -2147483648 -2147483648 -2147483648 -2147483648
split_feature= 8 20 19 7 4 10 9 13 21 3 2 12 1 21 4
split_gain= 166.548 86.2159 86.0663 61.0494 17.0613 14.8092 9.7526 8.10176 6.07696 12.0629 4.567 1.59594 5.48717 1.68504 0.566937
threshold= 3.5000000000000004 3.5000000000000004 1.5000000000000002 1.0000000180025095e-35 4.5000000000000009 1.0000000180025095e-35 1.0000000180025095e-35 1.5000000000000002 1.5000000000000002 1.0000000180025095e-35 8.5000000000000018 1.0000000180025095e-35 2.5000000000000004 4.5000000000000009 4.5000000000000009
decision_type= 2 2 2 2 2 2 2 2 2 2 2 2 2 2 2
left_child=1 5 4 7 -2 -1 8 -4 -5 10 -10 12 -3 -13 -15
right_child=2 11 3 6 -6 -7 -8 -9 9 -11 -12 13 -14 14 -16
leaf_value= 0.10809320877587317 0.10809320877587328 0.13496671315732936 0.10809320877587328 0.10839904902884515 -0.1075240907530273 -0.1075240907530273 -0.1075240907530273 -0.10425105698317716 -0.11030677592390961 0.1080358211500748 0.12940558000335012 0.10809320877587328 -0.13427271426751705 0.10927053796566757 -0.10816232970028693
leaf_weight=4.0174633711576488 35.395237632095814 2.1823687925934783 2.1472649052739134 16.575984135270119 4.4904651269316664 27.203107580542564 4.4904651269316664 177.95969614386559 7.1887592300772685 7.7110292911529532 1.2291976511478422 146.63741304725409 1.7108637839555743 0.69878122955560562 1.1163027286529541
leaf_count=58 511 17 31 233 69 418 69 2732 91 112 7 2117 9 9 16
model_size=1712
internal_value=0 0.0728904 -0.0523511 -0.0773449 0.0838183 -0.0797785 0.0406811 -0.101719 0.06103 0.0123482 -0.0753038 0.104177 0.0166506 0.106473 -0.0244538
internal_weight=0 183.566 257.188 217.302 39.8857 31.2206 37.1954 180.107 32.705 16.129 8.41796 152.346 3.89323 148.452 1.81508
internal_count=6499 2644 3855 3275 580 476 512 2763 443 210 98 2168 26 2142 25
is_linear=0
shrinkage=0.1


Tree=20
num_leaves= 18
num_cat= 0
full_tree_array_lgbids= 0 1 2 5 11 4 3 -1 -7 12 13 -2 -6 7 6 -2147483648 -2147483648 -2147483648 -2147483648 -3 -14 -13 16 -2147483648 -2147483648 -2147483648 -2147483648 -4 14 8 -8 -2147483648 -2147483648 -2147483648 -2147483648 -2147483648 -2147483648 -2147483648 -2147483648 -2147483648 -2147483648 -2147483648 -2147483648 -2147483648 -2147483648 -15 -18 -2147483648 -2147483648 -2147483648 -2147483648 -2147483648 -2147483648 -2147483648 -2147483648 -2147483648 -2147483648 -9 15 -5 9 -2147483648 -2147483648 -2147483648 -2147483648 -2147483648 -2147483648 -2147483648 -2147483648 -2147483648 -2147483648 -2147483648 -2147483648 -2147483648 -2147483648 -2147483648 -2147483648 -2147483648 -2147483648 -2147483648 -2147483648 -2147483648 -2147483648 -2147483648 -2147483648 -2147483648 -2147483648 -2147483648 -2147483648 -2147483648 -2147483648 -2147483648 -2147483648 -2147483648 -2147483648 -2147483648 -2147483648 -2147483648 -2147483648 -2147483648 -2147483648 -2147483648 -2147483648 -2147483648 -2147483648 -2147483648 -2147483648 -2147483648 -2147483648 -2147483648 -2147483648 -2147483648 -2147483648 -2147483648 -2147483648 -2147483648 -2147483648 -16 -17 -2147483648 -2147483648 10 -11 -2147483648 -2147483648 -2147483648 -2147483648 -2147483648 -2147483648 -2147483648 -2147483648 -2147483648 -2147483648 -2147483648 -2147483648 -2147483648 -2147483648 -2147483648 -2147483648 -2147483648 -2147483648 -2147483648 -2147483648 -2147483648 -2147483648 -2147483648 -2147483648 -2147483648 -2147483648 -2147483648 -2147483648 -2147483648 -2147483648 -2147483648 -2147483648 -2147483648 -2147483648 -2147483648 -2147483648 -2147483648 -2147483648 -2147483648 -2147483648 -2147483648 -2147483648 -2147483648 -2147483648 -2147483648 -2147483648 -2147483648 -2147483648 -2147483648 -2147483648 -2147483648 -2147483648 -2147483648 -2147483648 -2147483648 -2147483648 -2147483648 -2147483648 -2147483648 -2147483648 -2147483648 -2147483648 -2147483648 -2147483648 -2147483648 -2147483648 -2147483648 -2147483648 -2147483648 -2147483648 -2147483648 -2147483648 -2147483648 -2147483648 -2147483648 -2147483648 -2147483648 -2147483648 -2147483648 -2147483648 -2147483648 -2147483648 -2147483648 -2147483648 -2147483648 -2147483648 -2147483648 -2147483648 -2147483648 -2147483648 -2147483648 -2147483648 -2147483648 -2147483648 -2147483648 -2147483648 -2147483648 -2147483648 -2147483648 -2147483648 -2147483648 -2147483648 -2147483648 -2147483648 -2147483648 -2147483648 -2147483648 -2147483648 -2147483648 -2147483648 -2147483648 -2147483648 -2147483648 -2147483648 -2147483648 -2147483648 -2147483648 -2147483648 -2147483648 -2147483648 -10 -12 -2147483648 -2147483648 -2147483648 -2147483648 -2147483648 -2147483648 -2147483648 -2147483648 -2147483648 -2147483648
split_feature= 8 20 19 7 4 10 9 13 21 3 20 12 1 21 17 19 4
split_gain= 148.917 77.0975 76.6981 54.1732 15.0709 13.055 8.50387 6.98162 5.21963 10.5665 3.81776 1.27356 4.5272 1.26944 0.2979 10.0674 0.264083
threshold= 3.5000000000000004 3.5000000000000004 1.5000000000000002 1.0000000180025095e-35 4.5000000000000009 1.0000000180025095e-35 1.0000000180025095e-35 1.5000000000000002 1.5000000000000002 1.0000000180025095e-35 3.5000000000000004 1.0000000180025095e-35 2.5000000000000004 4.5000000000000009 1.5000000000000002 6.5000000000000009 4.5000000000000009
decision_type= 2 2 2 2 2 2 2 2 2 2 2 2 2 2 2 2 2
left_child=1 5 4 7 -2 -1 8 -4 -5 10 -10 12 -3 -13 -9 -16 -15
right_child=2 11 3 6 -6 -7 -8 14 9 -11 -12 13 -14 16 15 -17 -18
leaf_value= 0.10726401292643045 0.10726401292643054 0.13090515811775102 0.10726401292643054 0.10753687001556499 -0.10675703993551194 -0.10675703993551194 -0.10675703993551194 -0.10677920161820161 0.12583625505612531 0.1072129150869154 -0.10924405234830417 0.10726401292643054 -0.12996639320213868 0.10831092369631656 0.10898247871954314 -0.10677920161820161 -0.10732554767956304
leaf_weight=3.6618147641420391 32.261850766837597 2.0327749587595454 1.9571768566966046 15.112669613212347 4.0908415876328936 24.782199762761593 4.0908415876328936 143.82708760350943 1.1421312391757963 7.0280413627624512 6.5646947771310806 133.65623889118433 1.5966690033674242 0.63759849965572235 2.9494948089122799 16.291286483407021 1.0175448656082153
leaf_count=58 511 17 31 233 69 418 69 2419 7 112 91 2117 9 9 39 274 16
model_size=1936
internal_value=0 0.0723007 -0.051733 -0.076383 0.0831798 -0.0792045 0.0403233 -0.100384 0.0604818 0.0122203 -0.0744058 0.103317 0.0161423 0.105655 -0.102877 -0.0737042 -0.0242575
internal_weight=0 167.385 235.316 198.963 36.3527 28.444 33.9384 165.025 29.8475 14.7349 7.70683 138.941 3.62944 135.311 163.068 19.2408 1.65514
internal_count=6499 2644 3855 3275 580 476 512 2763 443 210 98 2168 26 2142 2732 313 25
is_linear=0
shrinkage=0.1


Tree=21
num_leaves= 17
num_cat= 0
full_tree_array_lgbids= 0 1 2 5 11 4 3 -1 -7 12 13 -2 -6 7 6 -2147483648 -2147483648 -2147483648 -2147483648 -3 -14 -13 -15 -2147483648 -2147483648 -2147483648 -2147483648 -4 14 8 -8 -2147483648 -2147483648 -2147483648 -2147483648 -2147483648 -2147483648 -2147483648 -2147483648 -2147483648 -2147483648 -2147483648 -2147483648 -2147483648 -2147483648 -2147483648 -2147483648 -2147483648 -2147483648 -2147483648 -2147483648 -2147483648 -2147483648 -2147483648 -2147483648 -2147483648 -2147483648 -9 15 -5 9 -2147483648 -2147483648 -2147483648 -2147483648 -2147483648 -2147483648 -2147483648 -2147483648 -2147483648 -2147483648 -2147483648 -2147483648 -2147483648 -2147483648 -2147483648 -2147483648 -2147483648 -2147483648 -2147483648 -2147483648 -2147483648 -2147483648 -2147483648 -2147483648 -2147483648 -2147483648 -2147483648 -2147483648 -2147483648 -2147483648 -2147483648 -2147483648 -2147483648 -2147483648 -2147483648 -2147483648 -2147483648 -2147483648 -2147483648 -2147483648 -2147483648 -2147483648 -2147483648 -2147483648 -2147483648 -2147483648 -2147483648 -2147483648 -2147483648 -2147483648 -2147483648 -2147483648 -2147483648 -2147483648 -2147483648 -2147483648 -16 -17 -2147483648 -2147483648 10 -11 -2147483648 -2147483648 -2147483648 -2147483648 -2147483648 -2147483648 -2147483648 -2147483648 -2147483648 -2147483648 -2147483648 -2147483648 -2147483648 -2147483648 -2147483648 -2147483648 -2147483648 -2147483648 -2147483648 -2147483648 -2147483648 -2147483648 -2147483648 -2147483648 -2147483648 -2147483648 -2147483648 -2147483648 -2147483648 -2147483648 -2147483648 -2147483648 -2147483648 -2147483648 -2147483648 -2147483648 -2147483648 -2147483648 -2147483648 -2147483648 -2147483648 -2147483648 -2147483648 -2147483648 -2147483648 -2147483648 -2147483648 -2147483648 -2147483648 -2147483648 -2147483648 -2147483648 -2147483648 -2147483648 -2147483648 -2147483648 -2147483648 -2147483648 -2147483648 -2147483648 -2147483648 -2147483648 -2147483648 -2147483648 -2147483648 -2147483648 -2147483648 -2147483648 -2147483648 -2147483648 -2147483648 -2147483648 -2147483648 -2147483648 -2147483648 -2147483648 -2147483648 -2147483648 -2147483648 -2147483648 -2147483648 -2147483648 -2147483648 -2147483648 -2147483648 -2147483648 -2147483648 -2147483648 -2147483648 -2147483648 -2147483648 -2147483648 -2147483648 -2147483648 -2147483648 -2147483648 -2147483648 -2147483648 -2147483648 -2147483648 -2147483648 -2147483648 -2147483648 -2147483648 -2147483648 -2147483648 -2147483648 -2147483648 -2147483648 -2147483648 -2147483648 -2147483648 -2147483648 -2147483648 -2147483648 -2147483648 -2147483648 -2147483648 -2147483648 -2147483648 -10 -12 -2147483648 -2147483648 -2147483648 -2147483648 -2147483648 -2147483648 -2147483648 -2147483648 -2147483648 -2147483648
split_feature= 8 20 19 7 4 10 9 13 21 3 2 12 1 21 17 19
split_gain= 133.493 68.9624 68.6492 48.44 13.279 11.4727 7.37432 6.01459 4.43589 9.21839 3.14049 0.952706 3.68769 0.880933 0.0108578 8.78386
threshold= 3.5000000000000004 3.5000000000000004 1.5000000000000002 1.0000000180025095e-35 4.5000000000000009 1.0000000180025095e-35 1.0000000180025095e-35 1.5000000000000002 1.5000000000000002 1.0000000180025095e-35 8.5000000000000018 1.0000000180025095e-35 2.5000000000000004 4.5000000000000009 1.5000000000000002 6.5000000000000009
decision_type= 2 2 2 2 2 2 2 2 2 2 2 2 2 2 2 2
left_child=1 5 4 7 -2 -1 8 -4 -5 10 -10 12 -3 -13 -9 -16
right_child=2 11 3 6 -6 -7 -8 14 9 -11 -12 13 -14 -15 15 -17
leaf_value= 0.10652517821132974 0.10652517821132985 0.12737875662998754 0.10652517821132985 0.10676897128554258 -0.10607284898161794 -0.10607284898161794 -0.10607284898161794 -0.10609262175264345 -0.10829852687614912 0.10647960881464225 0.12278135927446135 0.10652517821132985 -0.12631424399268437 -0.024082756525551099 0.10805501007779383 -0.10609262175264343
leaf_weight=3.3351530358195332 29.383848298341036 1.8876124881207934 1.7825817950069893 13.767828945070509 3.7242023237049571 22.561109729111195 3.7242023237049571 130.9392873942852 5.9891876131296158 6.4007911086082458 1.0578223168849943 121.73308580741286 1.4843240082263947 1.5080925151705731 2.6905478015542039 14.83148604631424
leaf_count=58 511 17 31 233 69 418 69 2419 91 112 7 2117 9 25 39 274
model_size=1824
internal_value=0 0.0717754 -0.0513867 -0.0758723 0.0826108 -0.0786926 0.0400052 -0.0997351 0.0599946 0.0121071 -0.0736113 0.102551 0.0157033 0.104927 -0.102212 -0.0732098
internal_weight=0 152.509 214.292 181.184 33.1081 25.8963 30.9398 150.244 27.2156 13.4478 7.04701 126.613 3.37194 123.241 148.461 17.522
internal_count=6499 2644 3855 3275 580 476 512 2763 443 210 98 2168 26 2142 2732 313
is_linear=0
shrinkage=0.1


Tree=22
num_leaves= 15
num_cat= 0
full_tree_array_lgbids= 0 1 2 5 11 4 3 -1 -7 12 13 -2 -6 7 6 -2147483648 -2147483648 -2147483648 -2147483648 -3 -14 -13 -15 -2147483648 -2147483648 -2147483648 -2147483648 -4 -9 8 -8 -2147483648 -2147483648 -2147483648 -2147483648 -2147483648 -2147483648 -2147483648 -2147483648 -2147483648 -2147483648 -2147483648 -2147483648 -2147483648 -2147483648 -2147483648 -2147483648 -2147483648 -2147483648 -2147483648 -2147483648 -2147483648 -2147483648 -2147483648 -2147483648 -2147483648 -2147483648 -2147483648 -2147483648 -5 9 -2147483648 -2147483648 -2147483648 -2147483648 -2147483648 -2147483648 -2147483648 -2147483648 -2147483648 -2147483648 -2147483648 -2147483648 -2147483648 -2147483648 -2147483648 -2147483648 -2147483648 -2147483648 -2147483648 -2147483648 -2147483648 -2147483648 -2147483648 -2147483648 -2147483648 -2147483648 -2147483648 -2147483648 -2147483648 -2147483648 -2147483648 -2147483648 -2147483648 -2147483648 -2147483648 -2147483648 -2147483648 -2147483648 -2147483648 -2147483648 -2147483648 -2147483648 -2147483648 -2147483648 -2147483648 -2147483648 -2147483648 -2147483648 -2147483648 -2147483648 -2147483648 -2147483648 -2147483648 -2147483648 -2147483648 -2147483648 -2147483648 -2147483648 -2147483648 -2147483648 10 -11 -2147483648 -2147483648 -2147483648 -2147483648 -2147483648 -2147483648 -2147483648 -2147483648 -2147483648 -2147483648 -2147483648 -2147483648 -2147483648 -2147483648 -2147483648 -2147483648 -2147483648 -2147483648 -2147483648 -2147483648 -2147483648 -2147483648 -2147483648 -2147483648 -2147483648 -2147483648 -2147483648 -2147483648 -2147483648 -2147483648 -2147483648 -2147483648 -2147483648 -2147483648 -2147483648 -2147483648 -2147483648 -2147483648 -2147483648 -2147483648 -2147483648 -2147483648 -2147483648 -2147483648 -2147483648 -2147483648 -2147483648 -2147483648 -2147483648 -2147483648 -2147483648 -2147483648 -2147483648 -2147483648 -2147483648 -2147483648 -2147483648 -2147483648 -2147483648 -2147483648 -2147483648 -2147483648 -2147483648 -2147483648 -2147483648 -2147483648 -2147483648 -2147483648 -2147483648 -2147483648 -2147483648 -2147483648 -2147483648 -2147483648 -2147483648 -2147483648 -2147483648 -2147483648 -2147483648 -2147483648 -2147483648 -2147483648 -2147483648 -2147483648 -2147483648 -2147483648 -2147483648 -2147483648 -2147483648 -2147483648 -2147483648 -2147483648 -2147483648 -2147483648 -2147483648 -2147483648 -2147483648 -2147483648 -2147483648 -2147483648 -2147483648 -2147483648 -2147483648 -2147483648 -2147483648 -2147483648 -2147483648 -2147483648 -2147483648 -2147483648 -2147483648 -2147483648 -2147483648 -2147483648 -2147483648 -2147483648 -2147483648 -2147483648 -2147483648 -2147483648 -10 -12 -2147483648 -2147483648 -2147483648 -2147483648 -2147483648 -2147483648 -2147483648 -2147483648 -2147483648 -2147483648
split_feature= 8 20 19 7 4 10 9 13 21 3 2 12 1 21
split_gain= 119.658 61.6311 61.4529 43.3056 11.6688 10.0485 6.35623 5.14006 3.72411 8.00694 2.53145 0.636567 2.95324 0.651202
threshold= 3.5000000000000004 3.5000000000000004 1.5000000000000002 1.0000000180025095e-35 4.5000000000000009 1.0000000180025095e-35 1.0000000180025095e-35 1.5000000000000002 1.5000000000000002 1.0000000180025095e-35 8.5000000000000018 1.0000000180025095e-35 2.5000000000000004 4.5000000000000009
decision_type= 2 2 2 2 2 2 2 2 2 2 2 2 2 2
left_child=1 5 4 7 -2 -1 8 -4 -5 10 -10 12 -3 -13
right_child=2 11 3 6 -6 -7 -8 -9 9 -11 -12 13 -14 -15
leaf_value= 0.105865822596505 0.10586582259650511 0.12430569584559044 0.10586582259650512 0.1060839390012901 -0.10546166888562683 -0.10546166888562683 -0.10546166888562683 -0.10161772788894526 -0.10745581447229016 0.10582511908749588 0.12014912330990919 0.10586582259650512 -0.12319173683012681 -0.021784773762801753
leaf_weight=3.0356061831116703 26.744737233966593 1.7480227239429942 1.6224791668355454 12.533981092274193 3.3883290365338317 20.526399090886116 3.3883290365338317 135.07884694263339 5.4595675691962242 5.8256644606590271 0.97704161703586567 110.79962568357587 1.3753480017185211 1.5008618757128704
leaf_count=58 511 17 31 233 69 418 69 2732 91 112 7 2117 9 25
model_size=1600
internal_value=0 0.0712423 -0.0510775 -0.0754164 0.082103 -0.0782353 0.0397219 -0.0991551 0.0595608 0.0120067 -0.0729066 0.101756 0.0153224 0.10416
internal_weight=0 138.986 195.019 164.886 30.1331 23.562 28.1846 136.701 24.7963 12.2623 6.43661 115.424 3.12337 112.3
internal_count=6499 2644 3855 3275 580 476 512 2763 443 210 98 2168 26 2142
is_linear=0
shrinkage=0.1


Tree=23
num_leaves= 17
num_cat= 0
full_tree_array_lgbids= 0 1 2 5 11 4 3 -1 -7 12 13 -2 -6 7 6 -2147483648 -2147483648 -2147483648 -2147483648 -3 -14 -13 -15 -2147483648 -2147483648 -2147483648 -2147483648 -4 14 8 -8 -2147483648 -2147483648 -2147483648 -2147483648 -2147483648 -2147483648 -2147483648 -2147483648 -2147483648 -2147483648 -2147483648 -2147483648 -2147483648 -2147483648 -2147483648 -2147483648 -2147483648 -2147483648 -2147483648 -2147483648 -2147483648 -2147483648 -2147483648 -2147483648 -2147483648 -2147483648 -9 15 -5 9 -2147483648 -2147483648 -2147483648 -2147483648 -2147483648 -2147483648 -2147483648 -2147483648 -2147483648 -2147483648 -2147483648 -2147483648 -2147483648 -2147483648 -2147483648 -2147483648 -2147483648 -2147483648 -2147483648 -2147483648 -2147483648 -2147483648 -2147483648 -2147483648 -2147483648 -2147483648 -2147483648 -2147483648 -2147483648 -2147483648 -2147483648 -2147483648 -2147483648 -2147483648 -2147483648 -2147483648 -2147483648 -2147483648 -2147483648 -2147483648 -2147483648 -2147483648 -2147483648 -2147483648 -2147483648 -2147483648 -2147483648 -2147483648 -2147483648 -2147483648 -2147483648 -2147483648 -2147483648 -2147483648 -2147483648 -2147483648 -16 -17 -2147483648 -2147483648 10 -11 -2147483648 -2147483648 -2147483648 -2147483648 -2147483648 -2147483648 -2147483648 -2147483648 -2147483648 -2147483648 -2147483648 -2147483648 -2147483648 -2147483648 -2147483648 -2147483648 -2147483648 -2147483648 -2147483648 -2147483648 -2147483648 -2147483648 -2147483648 -2147483648 -2147483648 -2147483648 -2147483648 -2147483648 -2147483648 -2147483648 -2147483648 -2147483648 -2147483648 -2147483648 -2147483648 -2147483648 -2147483648 -2147483648 -2147483648 -2147483648 -2147483648 -2147483648 -2147483648 -2147483648 -2147483648 -2147483648 -2147483648 -2147483648 -2147483648 -2147483648 -2147483648 -2147483648 -2147483648 -2147483648 -2147483648 -2147483648 -2147483648 -2147483648 -2147483648 -2147483648 -2147483648 -2147483648 -2147483648 -2147483648 -2147483648 -2147483648 -2147483648 -2147483648 -2147483648 -2147483648 -2147483648 -2147483648 -2147483648 -2147483648 -2147483648 -2147483648 -2147483648 -2147483648 -2147483648 -2147483648 -2147483648 -2147483648 -2147483648 -2147483648 -2147483648 -2147483648 -2147483648 -2147483648 -2147483648 -2147483648 -2147483648 -2147483648 -2147483648 -2147483648 -2147483648 -2147483648 -2147483648 -2147483648 -2147483648 -2147483648 -2147483648 -2147483648 -2147483648 -2147483648 -2147483648 -2147483648 -2147483648 -2147483648 -2147483648 -2147483648 -2147483648 -2147483648 -2147483648 -2147483648 -2147483648 -2147483648 -2147483648 -2147483648 -2147483648 -2147483648 -10 -12 -2147483648 -2147483648 -2147483648 -2147483648 -2147483648 -2147483648 -2147483648 -2147483648 -2147483648 -2147483648
split_feature= 8 20 19 7 4 10 9 13 21 3 20 12 1 21 17 19
split_gain= 107.025 55.0811 54.7336 38.3357 10.2266 8.77194 5.44409 4.3109 3.08391 6.92336 1.98894 0.340597 2.3135 0.444802 0.0482698 8.113
threshold= 3.5000000000000004 3.5000000000000004 1.5000000000000002 1.0000000180025095e-35 4.5000000000000009 1.0000000180025095e-35 1.0000000180025095e-35 1.5000000000000002 1.5000000000000002 1.0000000180025095e-35 3.5000000000000004 1.0000000180025095e-35 2.5000000000000004 4.5000000000000009 1.5000000000000002 6.5000000000000009
decision_type= 2 2 2 2 2 2 2 2 2 2 2 2 2 2 2 2
left_child=1 5 4 7 -2 -1 8 -4 -5 10 -10 12 -3 -13 -9 -16
right_child=2 11 3 6 -6 -7 -8 14 9 -11 -12 13 -14 -15 15 -17
leaf_value= 0.10527657861010012 0.10527657861010026 0.12161845692589049 0.10527657861010027 0.10547193657487529 -0.10491500914327373 -0.10491500914327373 -0.10491500914327373 -0.10494990460882572 0.1178680138940062 0.10524017505070056 -0.10670354308027014 0.10527657861010027 -0.12050366754100877 -0.019690284224294412 0.10800331333049773 -0.10494990460882572
leaf_weight=2.7613188400864628 24.328171160072092 1.6148198992013922 1.4758773110806931 11.403661336749797 3.0810463540256015 18.664889506995678 3.0810463540256015 108.70982041582465 0.90028971433639338 5.2990819811820984 4.9730687066912651 100.78813766315579 1.2707897275686264 1.4947994947433461 2.6758430823683712 12.313555516302586
leaf_count=58 511 17 31 233 69 418 69 2419 7 112 91 2117 9 25 39 274
model_size=1824
internal_value=0 0.0707528 -0.0505293 -0.0745487 0.0816491 -0.0778264 0.0394692 -0.097919 0.0591738 0.0119175 -0.0722804 0.101023 0.0149906 0.10345 -0.100343 -0.0669344
internal_weight=0 126.595 178.241 150.832 27.4092 21.4262 25.6571 125.175 22.5761 11.1724 5.87336 105.169 2.88561 102.283 123.699 14.9894
internal_count=6499 2644 3855 3275 580 476 512 2763 443 210 98 2168 26 2142 2732 313
is_linear=0
shrinkage=0.1


Tree=24
num_leaves= 15
num_cat= 0
full_tree_array_lgbids= 0 1 2 5 11 4 3 -1 -7 12 13 -2 -6 7 6 -2147483648 -2147483648 -2147483648 -2147483648 -3 -14 -13 -15 -2147483648 -2147483648 -2147483648 -2147483648 -4 -9 8 -8 -2147483648 -2147483648 -2147483648 -2147483648 -2147483648 -2147483648 -2147483648 -2147483648 -2147483648 -2147483648 -2147483648 -2147483648 -2147483648 -2147483648 -2147483648 -2147483648 -2147483648 -2147483648 -2147483648 -2147483648 -2147483648 -2147483648 -2147483648 -2147483648 -2147483648 -2147483648 -2147483648 -2147483648 -5 9 -2147483648 -2147483648 -2147483648 -2147483648 -2147483648 -2147483648 -2147483648 -2147483648 -2147483648 -2147483648 -2147483648 -2147483648 -2147483648 -2147483648 -2147483648 -2147483648 -2147483648 -2147483648 -2147483648 -2147483648 -2147483648 -2147483648 -2147483648 -2147483648 -2147483648 -2147483648 -2147483648 -2147483648 -2147483648 -2147483648 -2147483648 -2147483648 -2147483648 -2147483648 -2147483648 -2147483648 -2147483648 -2147483648 -2147483648 -2147483648 -2147483648 -2147483648 -2147483648 -2147483648 -2147483648 -2147483648 -2147483648 -2147483648 -2147483648 -2147483648 -2147483648 -2147483648 -2147483648 -2147483648 -2147483648 -2147483648 -2147483648 -2147483648 -2147483648 -2147483648 10 -11 -2147483648 -2147483648 -2147483648 -2147483648 -2147483648 -2147483648 -2147483648 -2147483648 -2147483648 -2147483648 -2147483648 -2147483648 -2147483648 -2147483648 -2147483648 -2147483648 -2147483648 -2147483648 -2147483648 -2147483648 -2147483648 -2147483648 -2147483648 -2147483648 -2147483648 -2147483648 -2147483648 -2147483648 -2147483648 -2147483648 -2147483648 -2147483648 -2147483648 -2147483648 -2147483648 -2147483648 -2147483648 -2147483648 -2147483648 -2147483648 -2147483648 -2147483648 -2147483648 -2147483648 -2147483648 -2147483648 -2147483648 -2147483648 -2147483648 -2147483648 -2147483648 -2147483648 -2147483648 -2147483648 -2147483648 -2147483648 -2147483648 -2147483648 -2147483648 -2147483648 -2147483648 -2147483648 -2147483648 -2147483648 -2147483648 -2147483648 -2147483648 -2147483648 -2147483648 -2147483648 -2147483648 -2147483648 -2147483648 -2147483648 -2147483648 -2147483648 -2147483648 -2147483648 -2147483648 -2147483648 -2147483648 -2147483648 -2147483648 -2147483648 -2147483648 -2147483648 -2147483648 -2147483648 -2147483648 -2147483648 -2147483648 -2147483648 -2147483648 -2147483648 -2147483648 -2147483648 -2147483648 -2147483648 -2147483648 -2147483648 -2147483648 -2147483648 -2147483648 -2147483648 -2147483648 -2147483648 -2147483648 -2147483648 -2147483648 -2147483648 -2147483648 -2147483648 -2147483648 -2147483648 -2147483648 -2147483648 -2147483648 -2147483648 -2147483648 -2147483648 -10 -12 -2147483648 -2147483648 -2147483648 -2147483648 -2147483648 -2147483648 -2147483648 -2147483648 -2147483648 -2147483648
split_feature= 8 20 19 7 4 10 9 13 21 3 20 12 1 21
split_gain= 95.9704 49.2064 48.982 34.2349 8.91834 7.61132 4.6108 3.59453 2.49249 5.93772 1.4895 0.0496147 1.73851 0.243942
threshold= 3.5000000000000004 3.5000000000000004 1.5000000000000002 1.0000000180025095e-35 4.5000000000000009 1.0000000180025095e-35 1.0000000180025095e-35 1.5000000000000002 1.5000000000000002 1.0000000180025095e-35 3.5000000000000004 1.0000000180025095e-35 2.5000000000000004 4.5000000000000009
decision_type= 2 2 2 2 2 2 2 2 2 2 2 2 2 2
left_child=1 5 4 7 -2 -1 8 -4 -5 10 -10 12 -3 -13
right_child=2 11 3 6 -6 -7 -8 -9 9 -11 -12 13 -14 -15
leaf_value= 0.10474930962181393 0.10474930962181406 0.11926118969690339 0.10474930962181409 0.10492448350048292 -0.10442548272911378 -0.10442548272911378 -0.10442548272911378 -0.099866198084729227 0.1158813261766186 0.10471672449831959 -0.10603107403010328 0.10474930962181409 -0.11817596756445199 -0.017785210872638707
leaf_weight=2.5104792863130596 22.118188194930557 1.4885411057621232 1.3418078944087017 10.369548719376331 2.8002480491995803 16.963821515440941 2.8002480491995803 112.43586242571473 0.82786185294389536 4.8175522685050964 4.5268994756042957 91.632493950426579 1.171336904168129 1.4897095263004292
leaf_count=58 511 17 31 233 69 418 69 2732 7 112 91 2117 9 25
model_size=1600
internal_value=0 0.0703003 -0.0502815 -0.0741831 0.081243 -0.0774603 0.0392433 -0.0974531 0.0588281 0.011838 -0.0717228 0.100343 0.0147004 0.102789
internal_weight=0 115.256 162.038 137.12 24.9184 19.4743 23.3421 113.778 20.5419 10.1723 5.35476 95.7821 2.65988 93.1222
internal_count=6499 2644 3855 3275 580 476 512 2763 443 210 98 2168 26 2142
is_linear=0
shrinkage=0.1


Tree=25
num_leaves= 14
num_cat= 0
full_tree_array_lgbids= 0 1 2 5 -3 4 3 -1 -7 -2147483648 -2147483648 -2 -6 7 6 -2147483648 -2147483648 -2147483648 -2147483648 -2147483648 -2147483648 -2147483648 -2147483648 -2147483648 -2147483648 -2147483648 -2147483648 -4 11 8 -8 -2147483648 -2147483648 -2147483648 -2147483648 -2147483648 -2147483648 -2147483648 -2147483648 -2147483648 -2147483648 -2147483648 -2147483648 -2147483648 -2147483648 -2147483648 -2147483648 -2147483648 -2147483648 -2147483648 -2147483648 -2147483648 -2147483648 -2147483648 -2147483648 -2147483648 -2147483648 -9 12 -5 9 -2147483648 -2147483648 -2147483648 -2147483648 -2147483648 -2147483648 -2147483648 -2147483648 -2147483648 -2147483648 -2147483648 -2147483648 -2147483648 -2147483648 -2147483648 -2147483648 -2147483648 -2147483648 -2147483648 -2147483648 -2147483648 -2147483648 -2147483648 -2147483648 -2147483648 -2147483648 -2147483648 -2147483648 -2147483648 -2147483648 -2147483648 -2147483648 -2147483648 -2147483648 -2147483648 -2147483648 -2147483648 -2147483648 -2147483648 -2147483648 -2147483648 -2147483648 -2147483648 -2147483648 -2147483648 -2147483648 -2147483648 -2147483648 -2147483648 -2147483648 -2147483648 -2147483648 -2147483648 -2147483648 -2147483648 -2147483648 -13 -14 -2147483648 -2147483648 10 -11 -2147483648 -2147483648 -2147483648 -2147483648 -2147483648 -2147483648 -2147483648 -2147483648 -2147483648 -2147483648 -2147483648 -2147483648 -2147483648 -2147483648 -2147483648 -2147483648 -2147483648 -2147483648 -2147483648 -2147483648 -2147483648 -2147483648 -2147483648 -2147483648 -2147483648 -2147483648 -2147483648 -2147483648 -2147483648 -2147483648 -2147483648 -2147483648 -2147483648 -2147483648 -2147483648 -2147483648 -2147483648 -2147483648 -2147483648 -2147483648 -2147483648 -2147483648 -2147483648 -2147483648 -2147483648 -2147483648 -2147483648 -2147483648 -2147483648 -2147483648 -2147483648 -2147483648 -2147483648 -2147483648 -2147483648 -2147483648 -2147483648 -2147483648 -2147483648 -2147483648 -2147483648 -2147483648 -2147483648 -2147483648 -2147483648 -2147483648 -2147483648 -2147483648 -2147483648 -2147483648 -2147483648 -2147483648 -2147483648 -2147483648 -2147483648 -2147483648 -2147483648 -2147483648 -2147483648 -2147483648 -2147483648 -2147483648 -2147483648 -2147483648 -2147483648 -2147483648 -2147483648 -2147483648 -2147483648 -2147483648 -2147483648 -2147483648 -2147483648 -2147483648 -2147483648 -2147483648 -2147483648 -2147483648 -2147483648 -2147483648 -2147483648 -2147483648 -2147483648 -2147483648 -2147483648 -2147483648 -2147483648 -2147483648 -2147483648 -2147483648 -2147483648 -2147483648 -2147483648 -2147483648 -2147483648 -2147483648 -2147483648 -2147483648 -2147483648 -2147483648 -10 -12 -2147483648 -2147483648 -2147483648 -2147483648 -2147483648 -2147483648 -2147483648 -2147483648 -2147483648 -2147483648
split_feature= 8 20 19 7 4 10 9 13 21 3 20 17 19
split_gain= 85.8083 43.9444 43.5536 30.1979 7.74351 6.56833 3.862 2.90748 1.95921 5.05331 1.04215 0.106917 7.4235
threshold= 3.5000000000000004 3.5000000000000004 1.5000000000000002 1.0000000180025095e-35 4.5000000000000009 1.0000000180025095e-35 1.0000000180025095e-35 1.5000000000000002 1.5000000000000002 1.0000000180025095e-35 3.5000000000000004 1.5000000000000002 6.5000000000000009
decision_type= 2 2 2 2 2 2 2 2 2 2 2 2 2
left_child=1 5 4 7 -2 -1 8 -4 -5 10 -10 -9 -13
right_child=2 -3 3 6 -6 -7 -8 11 9 -11 -12 12 -14
leaf_value= 0.1042769941535199 0.10427699415352004 0.099706493154773757 0.10427699415352006 0.10443420406370685 -0.10398665302316219 -0.10398665302316219 -0.10398665302316219 -0.10403317429560904 0.11414360665476858 0.10424779079881213 -0.10542919779624552 0.10793846003788657 -0.10403317429560902
leaf_weight=2.2813395410776165 20.09938802570105 87.201221097260714 1.2193366512656201 9.4245564267039352 2.5439163185656062 15.41097132116556 2.5439163185656062 90.144393045455217 0.75989744067191889 4.3777095079421997 4.1182980202138424 2.6573484241962406 10.210650555789471
leaf_count=58 511 2168 31 233 69 418 69 2419 7 112 91 39 274
model_size=1488
internal_value=0 0.0698793 -0.0497387 -0.0733137 0.0808791 -0.077132 0.0390413 -0.0961922 0.058519 0.0117671 -0.0712254 -0.0985651 -0.0602593
internal_weight=0 104.894 148.099 125.456 22.6433 17.6923 21.2244 104.232 18.6805 9.2559 4.8782 103.012 12.868
internal_count=6499 2644 3855 3275 580 476 512 2763 443 210 98 2732 313
is_linear=0
shrinkage=0.1


Tree=26
num_leaves= 15
num_cat= 0
full_tree_array_lgbids= 0 2 1 5 11 4 3 -1 -7 12 13 -2 -6 7 6 -2147483648 -2147483648 -2147483648 -2147483648 -4 -14 -13 -15 -2147483648 -2147483648 -2147483648 -2147483648 -3 -9 8 -8 -2147483648 -2147483648 -2147483648 -2147483648 -2147483648 -2147483648 -2147483648 -2147483648 -2147483648 -2147483648 -2147483648 -2147483648 -2147483648 -2147483648 -2147483648 -2147483648 -2147483648 -2147483648 -2147483648 -2147483648 -2147483648 -2147483648 -2147483648 -2147483648 -2147483648 -2147483648 -2147483648 -2147483648 -5 9 -2147483648 -2147483648 -2147483648 -2147483648 -2147483648 -2147483648 -2147483648 -2147483648 -2147483648 -2147483648 -2147483648 -2147483648 -2147483648 -2147483648 -2147483648 -2147483648 -2147483648 -2147483648 -2147483648 -2147483648 -2147483648 -2147483648 -2147483648 -2147483648 -2147483648 -2147483648 -2147483648 -2147483648 -2147483648 -2147483648 -2147483648 -2147483648 -2147483648 -2147483648 -2147483648 -2147483648 -2147483648 -2147483648 -2147483648 -2147483648 -2147483648 -2147483648 -2147483648 -2147483648 -2147483648 -2147483648 -2147483648 -2147483648 -2147483648 -2147483648 -2147483648 -2147483648 -2147483648 -2147483648 -2147483648 -2147483648 -2147483648 -2147483648 -2147483648 -2147483648 10 -11 -2147483648 -2147483648 -2147483648 -2147483648 -2147483648 -2147483648 -2147483648 -2147483648 -2147483648 -2147483648 -2147483648 -2147483648 -2147483648 -2147483648 -2147483648 -2147483648 -2147483648 -2147483648 -2147483648 -2147483648 -2147483648 -2147483648 -2147483648 -2147483648 -2147483648 -2147483648 -2147483648 -2147483648 -2147483648 -2147483648 -2147483648 -2147483648 -2147483648 -2147483648 -2147483648 -2147483648 -2147483648 -2147483648 -2147483648 -2147483648 -2147483648 -2147483648 -2147483648 -2147483648 -2147483648 -2147483648 -2147483648 -2147483648 -2147483648 -2147483648 -2147483648 -2147483648 -2147483648 -2147483648 -2147483648 -2147483648 -2147483648 -2147483648 -2147483648 -2147483648 -2147483648 -2147483648 -2147483648 -2147483648 -2147483648 -2147483648 -2147483648 -2147483648 -2147483648 -2147483648 -2147483648 -2147483648 -2147483648 -2147483648 -2147483648 -2147483648 -2147483648 -2147483648 -2147483648 -2147483648 -2147483648 -2147483648 -2147483648 -2147483648 -2147483648 -2147483648 -2147483648 -2147483648 -2147483648 -2147483648 -2147483648 -2147483648 -2147483648 -2147483648 -2147483648 -2147483648 -2147483648 -2147483648 -2147483648 -2147483648 -2147483648 -2147483648 -2147483648 -2147483648 -2147483648 -2147483648 -2147483648 -2147483648 -2147483648 -2147483648 -2147483648 -2147483648 -2147483648 -2147483648 -2147483648 -2147483648 -2147483648 -2147483648 -2147483648 -2147483648 -10 -12 -2147483648 -2147483648 -2147483648 -2147483648 -2147483648 -2147483648 -2147483648 -2147483648 -2147483648 -2147483648
split_feature= 8 19 20 7 4 10 9 13 21 3 20 12 1 21
split_gain= 76.6366 38.9454 38.9324 26.9195 6.68026 5.62296 3.18123 2.32337 1.47077 4.25163 0.633539 0.0636558 1.15955 0.343933
threshold= 3.5000000000000004 1.5000000000000002 3.5000000000000004 1.0000000180025095e-35 4.5000000000000009 1.0000000180025095e-35 1.0000000180025095e-35 1.5000000000000002 1.5000000000000002 1.0000000180025095e-35 3.5000000000000004 1.0000000180025095e-35 2.5000000000000004 4.5000000000000009
decision_type= 2 2 2 2 2 2 2 2 2 2 2 2 2 2
left_child=2 4 5 7 -2 -1 8 -3 -5 10 -10 12 -4 -13
right_child=1 3 11 6 -6 -7 -8 -9 9 -11 -12 13 -14 -15
leaf_value= 0.10385346582430799 0.10385346582430816 0.10385346582430817 0.1156185211556839 0.10399466929928139 -0.10359291491265815 -0.10359291491265815 -0.10359291491265815 -0.098179100526711138 0.11261792836988685 0.10382726626461458 -0.10488991698332065 0.1038711287751843 -0.11784335128041389 -0.025633004296771778
leaf_weight=2.0722302719950703 18.257063258439306 1.1075713522732247 1.2741180621087542 8.5618951693177276 2.3101333491504183 13.994720868766306 2.3101333491504183 93.558125160634518 0.69641984254121592 3.9763405919075012 3.7445713393390179 75.957067560404539 1.1564019620418549 1.5133232921361912
leaf_count=58 511 31 17 233 69 418 69 2732 7 112 91 2117 9 25
model_size=1600
internal_value=0 -0.0495389 0.069059 -0.0730186 0.0805528 -0.0768376 0.0388604 -0.0958154 0.0582421 0.0117037 -0.0707811 0.0983968 0.00454115 0.101341
internal_weight=0 134.522 95.9679 113.955 20.5672 16.067 19.2894 94.6657 16.9792 8.41733 4.44099 79.9009 2.43052 77.4704
internal_count=6499 3855 2644 3275 580 476 512 2763 443 210 98 2168 26 2142
is_linear=0
shrinkage=0.1


Tree=27
num_leaves= 14
num_cat= 0
full_tree_array_lgbids= 0 1 2 5 -3 4 3 -1 -7 -2147483648 -2147483648 -2 -6 7 6 -2147483648 -2147483648 -2147483648 -2147483648 -2147483648 -2147483648 -2147483648 -2147483648 -2147483648 -2147483648 -2147483648 -2147483648 -4 11 8 -8 -2147483648 -2147483648 -2147483648 -2147483648 -2147483648 -2147483648 -2147483648 -2147483648 -2147483648 -2147483648 -2147483648 -2147483648 -2147483648 -2147483648 -2147483648 -2147483648 -2147483648 -2147483648 -2147483648 -2147483648 -2147483648 -2147483648 -2147483648 -2147483648 -2147483648 -2147483648 -9 12 -5 9 -2147483648 -2147483648 -2147483648 -2147483648 -2147483648 -2147483648 -2147483648 -2147483648 -2147483648 -2147483648 -2147483648 -2147483648 -2147483648 -2147483648 -2147483648 -2147483648 -2147483648 -2147483648 -2147483648 -2147483648 -2147483648 -2147483648 -2147483648 -2147483648 -2147483648 -2147483648 -2147483648 -2147483648 -2147483648 -2147483648 -2147483648 -2147483648 -2147483648 -2147483648 -2147483648 -2147483648 -2147483648 -2147483648 -2147483648 -2147483648 -2147483648 -2147483648 -2147483648 -2147483648 -2147483648 -2147483648 -2147483648 -2147483648 -2147483648 -2147483648 -2147483648 -2147483648 -2147483648 -2147483648 -2147483648 -2147483648 -13 -14 -2147483648 -2147483648 10 -11 -2147483648 -2147483648 -2147483648 -2147483648 -2147483648 -2147483648 -2147483648 -2147483648 -2147483648 -2147483648 -2147483648 -2147483648 -2147483648 -2147483648 -2147483648 -2147483648 -2147483648 -2147483648 -2147483648 -2147483648 -2147483648 -2147483648 -2147483648 -2147483648 -2147483648 -2147483648 -2147483648 -2147483648 -2147483648 -2147483648 -2147483648 -2147483648 -2147483648 -2147483648 -2147483648 -2147483648 -2147483648 -2147483648 -2147483648 -2147483648 -2147483648 -2147483648 -2147483648 -2147483648 -2147483648 -2147483648 -2147483648 -2147483648 -2147483648 -2147483648 -2147483648 -2147483648 -2147483648 -2147483648 -2147483648 -2147483648 -2147483648 -2147483648 -2147483648 -2147483648 -2147483648 -2147483648 -2147483648 -2147483648 -2147483648 -2147483648 -2147483648 -2147483648 -2147483648 -2147483648 -2147483648 -2147483648 -2147483648 -2147483648 -2147483648 -2147483648 -2147483648 -2147483648 -2147483648 -2147483648 -2147483648 -2147483648 -2147483648 -2147483648 -2147483648 -2147483648 -2147483648 -2147483648 -2147483648 -2147483648 -2147483648 -2147483648 -2147483648 -2147483648 -2147483648 -2147483648 -2147483648 -2147483648 -2147483648 -2147483648 -2147483648 -2147483648 -2147483648 -2147483648 -2147483648 -2147483648 -2147483648 -2147483648 -2147483648 -2147483648 -2147483648 -2147483648 -2147483648 -2147483648 -2147483648 -2147483648 -2147483648 -2147483648 -2147483648 -2147483648 -10 -12 -2147483648 -2147483648 -2147483648 -2147483648 -2147483648 -2147483648 -2147483648 -2147483648 -2147483648 -2147483648
split_feature= 8 20 19 7 4 10 9 13 21 3 2 17 19
split_gain= 68.4462 34.7042 34.5302 23.6164 5.70851 4.75671 2.5531 1.74119 1.01452 3.51553 0.251109 0.183544 6.71335
threshold= 3.5000000000000004 3.5000000000000004 1.5000000000000002 1.0000000180025095e-35 4.5000000000000009 1.0000000180025095e-35 1.0000000180025095e-35 1.5000000000000002 1.5000000000000002 1.0000000180025095e-35 8.5000000000000018 1.5000000000000002 6.5000000000000009
decision_type= 2 2 2 2 2 2 2 2 2 2 2 2 2
left_child=1 5 4 7 -2 -1 8 -4 -5 10 -10 -9 -13
right_child=2 -3 3 6 -6 -7 -8 11 9 -11 -12 12 -14
leaf_value= 0.10347335349041774 0.10347335349041771 0.097826836509217821 0.10347335349041774 0.10360027984458281 -0.10323934713330028 -0.10323934713330028 -0.10323934713330028 -0.10329478936860709 -0.10440623007547362 0.10344981884175208 0.11127401767619452 0.10786136067584154 -0.10329478936860706
leaf_weight=1.881568357348441 16.577266044914726 72.706769660115242 1.0056658461689938 7.7751115709543246 2.0970889013260594 12.704103779047726 2.0970889013260594 74.697477485984564 3.4031242355704308 3.6103997230529785 0.63736663013696659 2.6353038400411579 8.4609792605042458
leaf_count=58 511 2168 31 233 69 418 69 2419 91 112 7 39 274
model_size=1488
internal_value=0 0.0686864 -0.0489818 -0.0721169 0.08026 -0.0765732 0.0386982 -0.0944883 0.0579939 0.011647 -0.0703838 -0.0968088 -0.0531464
internal_weight=0 87.2924 122.997 104.323 18.6744 14.5857 17.5231 86.7994 15.426 7.65089 4.04049 85.7938 11.0963
internal_count=6499 2644 3855 3275 580 476 512 2763 443 210 98 2732 313
is_linear=0
shrinkage=0.1


Tree=28
num_leaves= 14
num_cat= 0
full_tree_array_lgbids= 0 2 1 5 10 4 3 -1 -7 11 12 -2 -6 7 6 -2147483648 -2147483648 -2147483648 -2147483648 -4 -13 -12 -14 -2147483648 -2147483648 -2147483648 -2147483648 -3 -9 8 -8 -2147483648 -2147483648 -2147483648 -2147483648 -2147483648 -2147483648 -2147483648 -2147483648 -2147483648 -2147483648 -2147483648 -2147483648 -2147483648 -2147483648 -2147483648 -2147483648 -2147483648 -2147483648 -2147483648 -2147483648 -2147483648 -2147483648 -2147483648 -2147483648 -2147483648 -2147483648 -2147483648 -2147483648 -5 9 -2147483648 -2147483648 -2147483648 -2147483648 -2147483648 -2147483648 -2147483648 -2147483648 -2147483648 -2147483648 -2147483648 -2147483648 -2147483648 -2147483648 -2147483648 -2147483648 -2147483648 -2147483648 -2147483648 -2147483648 -2147483648 -2147483648 -2147483648 -2147483648 -2147483648 -2147483648 -2147483648 -2147483648 -2147483648 -2147483648 -2147483648 -2147483648 -2147483648 -2147483648 -2147483648 -2147483648 -2147483648 -2147483648 -2147483648 -2147483648 -2147483648 -2147483648 -2147483648 -2147483648 -2147483648 -2147483648 -2147483648 -2147483648 -2147483648 -2147483648 -2147483648 -2147483648 -2147483648 -2147483648 -2147483648 -2147483648 -2147483648 -2147483648 -2147483648 -2147483648 -10 -11 -2147483648 -2147483648 -2147483648 -2147483648
split_feature= 8 19 20 7 4 10 9 13 21 3 12 21 21
split_gain= 61.0367 30.8287 30.6304 20.9919 4.84088 3.98363 1.99442 1.26347 0.609627 2.86031 0.0489857 0.61287 0.427727
threshold= 3.5000000000000004 1.5000000000000002 3.5000000000000004 1.0000000180025095e-35 4.5000000000000009 1.0000000180025095e-35 1.0000000180025095e-35 1.5000000000000002 1.5000000000000002 1.0000000180025095e-35 1.0000000180025095e-35 1.0000000180025095e-35 4.5000000000000009
decision_type= 2 2 2 2 2 2 2 2 2 2 2 2 2
left_child=2 4 5 7 -2 -1 8 -3 -5 -10 11 -4 -12
right_child=1 3 10 6 -6 -7 -8 -9 9 -11 12 -13 -14
leaf_value= 0.10313192461089341 0.10313192461089341 0.10313192461089341 -0.11748974576458558 0.10324608667866093 -0.10292161391218083 -0.10292161391218094 -0.10292161391218083 -0.096494201756583631 -0.070027960293864489 0.10311077688000381 0.10316403202000105 0.11270886723630986 -0.032353459994649614
leaf_weight=1.7078625038266171 15.046857576817274 0.91282306239008804 1.1403180956840508 7.0581162422895396 1.9030840359628207 11.528827928006647 1.9030840359628207 77.870630618184805 3.674091562628746 3.2770190536975861 62.936839755624533 1.084033779799938 1.5394857563078392
leaf_count=58 511 31 9 233 69 418 69 2732 98 112 2117 17 25
model_size=1488
internal_value=0 -0.0488198 0.0678129 -0.0718772 0.0799969 -0.0763356 0.0385526 -0.0941812 0.0577712 0.0115963 0.096419 -0.00530288 0.0999283
internal_weight=0 111.646 79.9374 94.6958 16.9499 13.2367 15.9123 78.7835 14.0092 6.95111 66.7007 2.22435 64.4763
internal_count=6499 3855 2644 3275 580 476 512 2763 443 210 2168 26 2142
is_linear=0
shrinkage=0.1


Tree=29
num_leaves= 13
num_cat= 0
full_tree_array_lgbids= 0 1 2 5 -3 4 3 -1 -7 -2147483648 -2147483648 -2 -6 7 6 -2147483648 -2147483648 -2147483648 -2147483648 -2147483648 -2147483648 -2147483648 -2147483648 -2147483648 -2147483648 -2147483648 -2147483648 -4 8 10 -8 -2147483648 -2147483648 -2147483648 -2147483648 -2147483648 -2147483648 -2147483648 -2147483648 -2147483648 -2147483648 -2147483648 -2147483648 -2147483648 -2147483648 -2147483648 -2147483648 -2147483648 -2147483648 -2147483648 -2147483648 -2147483648 -2147483648 -2147483648 -2147483648 -2147483648 -2147483648 -9 9 -5 11 -2147483648 -2147483648 -2147483648 -2147483648 -2147483648 -2147483648 -2147483648 -2147483648 -2147483648 -2147483648 -2147483648 -2147483648 -2147483648 -2147483648 -2147483648 -2147483648 -2147483648 -2147483648 -2147483648 -2147483648 -2147483648 -2147483648 -2147483648 -2147483648 -2147483648 -2147483648 -2147483648 -2147483648 -2147483648 -2147483648 -2147483648 -2147483648 -2147483648 -2147483648 -2147483648 -2147483648 -2147483648 -2147483648 -2147483648 -2147483648 -2147483648 -2147483648 -2147483648 -2147483648 -2147483648 -2147483648 -2147483648 -2147483648 -2147483648 -2147483648 -2147483648 -2147483648 -2147483648 -2147483648 -2147483648 -2147483648 -10 -11 -2147483648 -2147483648 -12 -13 -2147483648 -2147483648 -2147483648 -2147483648
split_feature= 8 20 19 7 4 10 9 19 19 4 21 3
split_gain= 54.3818 27.237 27.1848 18.3669 4.04445 3.27199 1.44672 1.42265 4.89498 0.733274 0.277816 2.15913
threshold= 3.5000000000000004 3.5000000000000004 1.5000000000000002 1.0000000180025095e-35 4.5000000000000009 1.0000000180025095e-35 1.0000000180025095e-35 4.5000000000000009 6.5000000000000009 4.5000000000000009 1.5000000000000002 1.0000000180025095e-35
decision_type= 2 2 2 2 2 2 2 2 2 2 2 2
left_child=1 5 4 7 -2 -1 10 -4 -9 -10 -5 -12
right_child=2 -3 3 6 -6 -7 -8 8 9 -11 11 -13
leaf_value= 0.10282502126035142 0.10282502126035142 0.095892724928561407 -0.10269811110015714 0.10292776497400308 -0.10263586569556574 -0.10263586569556582 -0.10263586569556574 0.10777250986430198 0.10282502126035131 -0.10269811110015713 -0.066059000372854781 0.1028060055424983
leaf_weight=1.5497152991592873 13.653526170179244 60.677817111834884 60.987516105175018 6.4051924441009724 1.726531499996782 10.459277782589195 1.726531499996782 2.6098156794905636 0.82829610817134369 7.9048416428267956 3.5139571242034435 2.973511815071106
leaf_count=58 511 2168 2384 233 69 418 69 39 31 309 98 112
model_size=1376
internal_value=0 0.0674732 -0.0481417 -0.0707656 0.0797604 -0.0761219 0.0380072 -0.0927504 -0.0392646 -0.0832052 0.0568415 0.0113398
internal_weight=0 72.6868 102.33 86.9497 15.3801 12.009 14.6192 72.3305 11.343 8.73314 12.8927 6.48747
internal_count=6499 2644 3855 3275 580 476 512 2763 379 340 443 210
is_linear=0
shrinkage=0.1


Tree=30
num_leaves= 13
num_cat= 0
full_tree_array_lgbids= 0 2 1 5 10 4 3 -1 -7 11 -12 -2 -6 6 8 -2147483648 -2147483648 -2147483648 -2147483648 -4 -13 -2147483648 -2147483648 -2147483648 -2147483648 -2147483648 -2147483648 -3 7 -5 -10 -2147483648 -2147483648 -2147483648 -2147483648 -2147483648 -2147483648 -2147483648 -2147483648 -2147483648 -2147483648 -2147483648 -2147483648 -2147483648 -2147483648 -2147483648 -2147483648 -2147483648 -2147483648 -2147483648 -2147483648 -2147483648 -2147483648 -2147483648 -2147483648 -2147483648 -2147483648 -8 9 -2147483648 -2147483648 -2147483648 -2147483648 -2147483648 -2147483648 -2147483648 -2147483648 -2147483648 -2147483648 -2147483648 -2147483648 -2147483648 -2147483648 -2147483648 -2147483648 -2147483648 -2147483648 -2147483648 -2147483648 -2147483648 -2147483648 -2147483648 -2147483648 -2147483648 -2147483648 -2147483648 -2147483648 -2147483648 -2147483648 -2147483648 -2147483648 -2147483648 -2147483648 -2147483648 -2147483648 -2147483648 -2147483648 -2147483648 -2147483648 -2147483648 -2147483648 -2147483648 -2147483648 -2147483648 -2147483648 -2147483648 -2147483648 -2147483648 -2147483648 -2147483648 -2147483648 -2147483648 -2147483648 -2147483648 -2147483648 -2147483648 -2147483648 -9 -11 -2147483648 -2147483648 -2147483648 -2147483648 -2147483648 -2147483648 -2147483648 -2147483648
split_feature= 8 19 20 7 4 10 19 19 9 4 21 12
split_gain= 48.3211 24.1445 23.8997 16.3205 3.31862 2.6223 0.960312 4.08106 0.94444 0.338199 0.0407177 0.40635
threshold= 3.5000000000000004 1.5000000000000002 3.5000000000000004 1.0000000180025095e-35 4.5000000000000009 1.0000000180025095e-35 4.5000000000000009 6.5000000000000009 1.0000000180025095e-35 4.5000000000000009 4.5000000000000009 1.0000000180025095e-35
decision_type= 2 2 2 2 2 2 2 2 2 2 2 2
left_child=2 4 5 6 -2 -1 -3 -8 -5 -9 11 -4
right_child=1 3 10 8 -6 -7 7 9 -10 -11 -12 -13
leaf_value= 0.10254897274617014 0.10254897274617014 -0.10243476799212817 -0.024016181388814121 0.05584766423188528 -0.10237875438803246 -0.10237875438803257 0.10697839911389757 0.10254897274617002 -0.10237875438803246 -0.10243476799212814 -0.025895520721368876 0.10259292801658802
leaf_weight=1.4058226719498623 12.385782506316897 55.31842640042305 1.8914673030376423 11.882931699976321 1.5659537985920913 9.4865027219057065 2.3780915513634664 0.75138797983527172 1.5659537985920913 7.1700477171689272 1.7163887247443188 52.152772456407547
leaf_count=58 511 2384 17 443 69 418 39 31 69 309 34 2117
model_size=1376
internal_value=0 -0.0479086 0.0665174 -0.0703989 0.0795477 -0.0759297 -0.0924981 -0.0391284 0.0374242 -0.082991 0.0943431 0.0981618
internal_weight=0 93.0186 66.653 79.0668 13.9517 10.8923 65.618 10.2995 13.4489 7.92144 55.7606 54.0442
internal_count=6499 3855 2644 3275 580 476 2763 379 512 340 2168 2134
is_linear=0
shrinkage=0.1


Tree=31
num_leaves= 11
num_cat= 0
full_tree_array_lgbids= 0 2 1 5 -4 4 3 -1 -7 -2147483648 -2147483648 -2 -6 8 6 -2147483648 -2147483648 -2147483648 -2147483648 -2147483648 -2147483648 -2147483648 -2147483648 -2147483648 -2147483648 -2147483648 -2147483648 -3 9 7 -8 -2147483648 -2147483648 -2147483648 -2147483648 -2147483648 -2147483648 -2147483648 -2147483648 -2147483648 -2147483648 -2147483648 -2147483648 -2147483648 -2147483648 -2147483648 -2147483648 -2147483648 -2147483648 -2147483648 -2147483648 -2147483648 -2147483648 -2147483648 -2147483648 -2147483648 -2147483648 -10 -11 -5 -9 -2147483648 -2147483648
split_feature= 8 19 20 7 4 10 4 20 19 19
split_gain= 42.9872 21.2645 21.0974 14.6307 2.6638 2.03586 0.555423 0.734216 0.541271 3.33444
threshold= 3.5000000000000004 1.5000000000000002 3.5000000000000004 1.0000000180025095e-35 4.5000000000000009 1.0000000180025095e-35 5.5000000000000009 3.5000000000000004 4.5000000000000009 6.5000000000000009
decision_type= 2 2 2 2 2 2 2 2 2 2
left_child=2 4 5 8 -2 -1 7 -5 -3 -10
right_child=1 3 -4 6 -6 -7 -8 -9 9 -11
leaf_value= 0.10230053385746335 0.10230053385746336 -0.10219771931981653 0.093520560451045842 0.1049326680354898 -0.10214726866567679 -0.10214726866567692 0.10238278407266879 -0.03848469197095386 0.10627041023361872 -0.082798220932182087
leaf_weight=1.2749728113412846 11.232950113713738 50.164373427629471 50.896071907132864 2.199614202603696 1.4199811387807137 8.6022045798599702 4.5234879795461884 6.2570341285318136 2.1653891801834089 7.183460796251893
leaf_count=58 511 2384 2168 72 69 418 199 241 39 340
model_size=1152
internal_value=0 -0.0473787 0.0660088 -0.0694989 0.0793563 -0.0757566 0.0349102 -0.00118116 -0.092271 -0.039006
internal_weight=0 85.1463 60.7732 72.4934 12.6529 9.87718 12.9801 8.45665 59.5132 9.34885
internal_count=6499 3855 2644 3275 580 476 512 313 2763 379
is_linear=0
shrinkage=0.1


Tree=32
num_leaves= 13
num_cat= 0
full_tree_array_lgbids= 0 2 1 5 10 4 3 -1 -7 11 -12 -2 -6 6 8 -2147483648 -2147483648 -2147483648 -2147483648 -4 -13 -2147483648 -2147483648 -2147483648 -2147483648 -2147483648 -2147483648 -3 7 9 -10 -2147483648 -2147483648 -2147483648 -2147483648 -2147483648 -2147483648 -2147483648 -2147483648 -2147483648 -2147483648 -2147483648 -2147483648 -2147483648 -2147483648 -2147483648 -2147483648 -2147483648 -2147483648 -2147483648 -2147483648 -2147483648 -2147483648 -2147483648 -2147483648 -2147483648 -2147483648 -8 -9 -5 -11 -2147483648 -2147483648
split_feature= 8 19 20 7 4 10 19 10 4 20 21 12
split_gain= 37.9104 18.653 18.3575 12.9734 2.05776 1.49132 0.317434 2.80115 0.206474 0.242536 0.0795936 0.524769
threshold= 3.5000000000000004 1.5000000000000002 3.5000000000000004 1.0000000180025095e-35 4.5000000000000009 1.0000000180025095e-35 4.5000000000000009 3.5000000000000004 5.5000000000000009 3.5000000000000004 4.5000000000000009 1.0000000180025095e-35
decision_type= 2 2 2 2 2 2 2 2 2 2 2 2
left_child=2 4 5 6 -2 -1 -3 -8 9 -5 11 -4
right_child=1 3 10 8 -6 -7 7 -9 -10 -11 -12 -13
leaf_value= 0.10207682855475966 0.10207682855475959 -0.10198421016814714 -0.030752536303709822 0.10446390529935518 -0.10193876027005018 -0.10193876027005029 0.060464147780261046 -0.10202307865027911 0.10215090620882883 -0.035105635627996366 -0.032255957435891429 0.10213118318486412
leaf_weight=1.1560426019132117 10.185133958235379 45.480787426233292 1.9062507152557362 1.9987693019211272 1.2873462885618217 7.7987065017223358 3.44644454307854 5.2672650087624788 4.1018390767276278 6.1777824908494949 1.7401896025985468 43.253828408196568
leaf_count=58 511 2384 17 72 69 418 108 271 199 241 34 2117
model_size=1376
internal_value=0 -0.0468014 0.064915 -0.0685451 0.0791839 -0.0756007 -0.0916572 -0.0377562 0.0334678 -0.00098767 0.0917438 0.096522
internal_weight=0 77.9454 55.855 66.4729 11.4725 8.95475 54.1945 8.71371 12.2784 8.17655 46.9003 45.1601
internal_count=6499 3855 2644 3275 580 476 2763 379 512 313 2168 2134
is_linear=0
shrinkage=0.1


Tree=33
num_leaves= 9
num_cat= 0
full_tree_array_lgbids= 0 2 1 5 -4 4 3 -1 -7 -2147483648 -2147483648 -2 -6 6 -5 -2147483648 -2147483648 -2147483648 -2147483648 -2147483648 -2147483648 -2147483648 -2147483648 -2147483648 -2147483648 -2147483648 -2147483648 -3 7 -2147483648 -2147483648 -2147483648 -2147483648 -2147483648 -2147483648 -2147483648 -2147483648 -2147483648 -2147483648 -2147483648 -2147483648 -2147483648 -2147483648 -2147483648 -2147483648 -2147483648 -2147483648 -2147483648 -2147483648 -2147483648 -2147483648 -2147483648 -2147483648 -2147483648 -2147483648 -2147483648 -2147483648 -8 -9 -2147483648 -2147483648 -2147483648 -2147483648
split_feature= 8 19 20 7 4 10 19 10
split_gain= 33.5798 16.298 16.0811 11.4748 1.49467 0.983543 0.0699128 2.10881
threshold= 3.5000000000000004 1.5000000000000002 3.5000000000000004 1.0000000180025095e-35 4.5000000000000009 1.0000000180025095e-35 4.5000000000000009 3.5000000000000004
decision_type= 2 2 2 2 2 2 2 2
left_child=2 4 5 6 -2 -1 -3 -8
right_child=1 3 -4 -5 -6 -7 7 -9
leaf_value= 0.1018752863209608 0.10187528632096073 -0.10179183495592579 0.090882304907639974 0.031999422992287592 -0.10175087166346947 -0.10175087166346962 0.056155387494836631 -0.10182686513516084
leaf_weight=1.0479945987462977 9.2331937924027407 41.226535618305206 42.840649623423815 11.646431801840661 1.1668805927038199 7.0689288079738617 3.3453293312340957 4.7747345641255379
leaf_count=58 511 2384 2168 512 69 418 108 271
model_size=928
internal_value=0 -0.0462269 0.064386 -0.0675845 0.0790286 -0.0754602 -0.0910876 -0.0367408
internal_weight=0 71.3931 50.9576 60.993 10.4001 8.11692 49.3466 8.12006
internal_count=6499 3855 2644 3275 580 476 2763 379
is_linear=0
shrinkage=0.1


Tree=34
num_leaves= 7
num_cat= 0
full_tree_array_lgbids= 0 2 1 -1 -4 3 -3 -2147483648 -2147483648 -2147483648 -2147483648 -2 4 -2147483648 -2147483648 -2147483648 -2147483648 -2147483648 -2147483648 -2147483648 -2147483648 -2147483648 -2147483648 -2147483648 -2147483648 -5 5 -2147483648 -2147483648 -2147483648 -2147483648 -2147483648 -2147483648 -2147483648 -2147483648 -2147483648 -2147483648 -2147483648 -2147483648 -2147483648 -2147483648 -2147483648 -2147483648 -2147483648 -2147483648 -2147483648 -2147483648 -2147483648 -2147483648 -2147483648 -2147483648 -2147483648 -2147483648 -6 -7 -2147483648 -2147483648 -2147483648 -2147483648 -2147483648 -2147483648 -2147483648 -2147483648
split_feature= 4 4 4 19 19 12
split_gain= 29.5926 48.3834 15.5827 1.03363 2.31621 2.11771
threshold= 2.5000000000000004 5.5000000000000009 1.0000000180025095e-35 4.5000000000000009 5.5000000000000009 2.5000000000000004
decision_type= 2 2 2 2 2 2
left_child=2 3 -1 -2 -5 -6
right_child=1 -3 -4 4 5 -7
leaf_value= -0.10167168783750652 -0.10238681382210657 0.10178023954384292 0.10202886267323795 0.10451623430865534 -0.099161908173008198 0.075265425289952378
leaf_weight=5.1394397094845763 42.19274815171957 19.285647246986628 33.130384233780205 2.0967574715614292 9.0240290202200395 2.0153314284980306
leaf_count=320 2523 1123 1885 58 516 74
model_size=704
internal_value=0 -0.038613 0.0746729 -0.0875491 -0.0398908 -0.0673187
internal_weight=0 74.6145 38.2698 55.3289 13.1361 11.0394
internal_count=6499 4294 2205 3171 648 590
is_linear=0
shrinkage=0.1


Tree=35
num_leaves= 7
num_cat= 0
full_tree_array_lgbids= 0 2 1 -1 -4 3 -3 -2147483648 -2147483648 -2147483648 -2147483648 -2 4 -2147483648 -2147483648 -2147483648 -2147483648 -2147483648 -2147483648 -2147483648 -2147483648 -2147483648 -2147483648 -2147483648 -2147483648 -5 5 -2147483648 -2147483648 -2147483648 -2147483648 -2147483648 -2147483648 -2147483648 -2147483648 -2147483648 -2147483648 -2147483648 -2147483648 -2147483648 -2147483648 -2147483648 -2147483648 -2147483648 -2147483648 -2147483648 -2147483648 -2147483648 -2147483648 -2147483648 -2147483648 -2147483648 -2147483648 -6 -7 -2147483648 -2147483648 -2147483648 -2147483648 -2147483648 -2147483648 -2147483648 -2147483648
split_feature= 4 4 4 19 19 12
split_gain= 26.3379 43.2455 13.7153 0.659682 1.6969 1.52447
threshold= 2.5000000000000004 5.5000000000000009 1.0000000180025095e-35 4.5000000000000009 5.5000000000000009 2.5000000000000004
decision_type= 2 2 2 2 2 2
left_child=2 3 -1 -2 -5 -6
right_child=1 -3 -4 4 5 -7
leaf_value= -0.10151011787791951 -0.1021697571576462 0.10160796631523324 0.10183494863274495 0.10407036644153791 -0.098379750565984705 0.071290082322406287
leaf_weight=4.6573824249207965 38.254561991430819 17.478454967960715 30.031789057888091 1.9049384240061016 8.2269977144896966 1.9200486391782767
leaf_count=320 2523 1123 1885 58 516 74
model_size=704
internal_value=0 -0.0384562 0.0745338 -0.0871199 -0.0393497 -0.0662744
internal_weight=0 67.785 34.6892 50.3065 12.052 10.147
internal_count=6499 4294 2205 3171 648 590
is_linear=0
shrinkage=0.1


Tree=36
num_leaves= 7
num_cat= 0
full_tree_array_lgbids= 0 2 1 -1 -4 3 -3 -2147483648 -2147483648 -2147483648 -2147483648 -2 4 -2147483648 -2147483648 -2147483648 -2147483648 -2147483648 -2147483648 -2147483648 -2147483648 -2147483648 -2147483648 -2147483648 -2147483648 -5 5 -2147483648 -2147483648 -2147483648 -2147483648 -2147483648 -2147483648 -2147483648 -2147483648 -2147483648 -2147483648 -2147483648 -2147483648 -2147483648 -2147483648 -2147483648 -2147483648 -2147483648 -2147483648 -2147483648 -2147483648 -2147483648 -2147483648 -2147483648 -2147483648 -2147483648 -2147483648 -6 -7 -2147483648 -2147483648 -2147483648 -2147483648 -2147483648 -2147483648 -2147483648 -2147483648
split_feature= 4 4 4 19 19 12
split_gain= 23.4254 38.6253 12.0475 0.343474 1.14688 0.993017
threshold= 2.5000000000000004 5.5000000000000009 1.0000000180025095e-35 4.5000000000000009 5.5000000000000009 2.5000000000000004
decision_type= 2 2 2 2 2 2
left_child=2 3 -1 -2 -5 -6
right_child=1 -3 -4 4 5 -7
leaf_value= -0.10136438092574018 -0.10197189917014765 0.10145261474809231 0.10165968317019523 0.10366992750640561 -0.097502318850994044 0.067193355805374763
leaf_weight=4.2199243782088187 34.677909228019416 15.838144789449869 27.218351973220706 1.7299779085442395 7.5077887428924441 1.8378308042883871
leaf_count=320 2523 1123 1885 58 516 74
model_size=704
internal_value=0 -0.0382932 0.074408 -0.0866679 -0.038751 -0.0651147
internal_weight=0 61.5917 31.4383 45.7535 11.0756 9.34562
internal_count=6499 4294 2205 3171 648 590
is_linear=0
shrinkage=0.1


Tree=37
num_leaves= 7
num_cat= 0
full_tree_array_lgbids= 0 2 1 -1 -4 3 -3 -2147483648 -2147483648 -2147483648 -2147483648 -2 4 -2147483648 -2147483648 -2147483648 -2147483648 -2147483648 -2147483648 -2147483648 -2147483648 -2147483648 -2147483648 -2147483648 -2147483648 -5 5 -2147483648 -2147483648 -2147483648 -2147483648 -2147483648 -2147483648 -2147483648 -2147483648 -2147483648 -2147483648 -2147483648 -2147483648 -2147483648 -2147483648 -2147483648 -2147483648 -2147483648 -2147483648 -2147483648 -2147483648 -2147483648 -2147483648 -2147483648 -2147483648 -2147483648 -2147483648 -6 -7 -2147483648 -2147483648 -2147483648 -2147483648 -2147483648 -2147483648 -2147483648 -2147483648
split_feature= 4 4 4 19 19 12
split_gain= 20.7924 34.4491 10.5381 0.0582147 0.645207 0.510087
threshold= 2.5000000000000004 5.5000000000000009 1.0000000180025095e-35 4.5000000000000009 5.5000000000000009 2.5000000000000004
decision_type= 2 2 2 2 2 2
left_child=2 3 -1 -2 -5 -6
right_child=1 -3 -4 4 5 -7
leaf_value= -0.10123288370084718 -0.10179159210401406 0.1013124720938494 0.1015012480477602 0.10331005073902827 -0.096509213768036742 0.063024732200410855
leaf_weight=3.8230528868734863 31.430625743232667 14.349760878831146 24.664669944904745 1.5705237071961136 6.859795612283051 1.7672711089253423
leaf_count=320 2523 1123 1885 58 516 74
model_size=704
internal_value=0 -0.0381215 0.0742943 -0.0861861 -0.0380875 -0.0638284
internal_weight=0 55.978 28.4877 41.6282 10.1976 8.62707
internal_count=6499 4294 2205 3171 648 590
is_linear=0
shrinkage=0.1


Tree=38
num_leaves= 4
num_cat= 0
full_tree_array_lgbids= 0 2 1 -1 -4 -2 -3
split_feature= 4 4 4
split_gain= 18.4107 30.6724 9.17101
threshold= 2.5000000000000004 5.5000000000000009 1.0000000180025095e-35
decision_type= 2 2 2
left_child=2 -2 -1
right_child=1 -3 -4
leaf_value= -0.10111421251865296 -0.085666991417837735 0.10118601930532854 0.10135799730038726
leaf_weight=3.4630947830155518 37.892532614059746 12.999601392075418 22.34745295997709
leaf_count=320 3171 1123 1885
model_size=368
internal_value=0 -0.0379383 0.0741916
internal_weight=0 50.8921 25.8105
internal_count=6499 4294 2205
is_linear=0
shrinkage=0.1


Tree=39
num_leaves= 7
num_cat= 0
full_tree_array_lgbids= 0 2 1 -1 -4 3 -3 -2147483648 -2147483648 -2147483648 -2147483648 -2 4 -2147483648 -2147483648 -2147483648 -2147483648 -2147483648 -2147483648 -2147483648 -2147483648 -2147483648 -2147483648 -2147483648 -2147483648 -5 5 -2147483648 -2147483648 -2147483648 -2147483648 -2147483648 -2147483648 -2147483648 -2147483648 -2147483648 -2147483648 -2147483648 -2147483648 -2147483648 -2147483648 -2147483648 -2147483648 -2147483648 -2147483648 -2147483648 -2147483648 -2147483648 -2147483648 -2147483648 -2147483648 -2147483648 -2147483648 -6 -7 -2147483648 -2147483648 -2147483648 -2147483648 -2147483648 -2147483648 -2147483648 -2147483648
split_feature= 4 4 4 19 19 12
split_gain= 16.1281 26.7611 7.9555 0.334889 0.13692 0.293422
threshold= 2.5000000000000004 5.5000000000000009 1.0000000180025095e-35 4.5000000000000009 5.5000000000000009 2.5000000000000004
decision_type= 2 2 2 2 2 2
left_child=2 3 -1 -2 -5 -6
right_child=1 -3 -4 4 5 -7
leaf_value= -0.10100707375489854 -0.10150032003254375 0.10107188462124553 0.10122847423492864 0.10325240098984255 -0.094227959150358545 0.064463309259040244
leaf_weight=3.1366923907771733 26.212008549831808 11.775132913142441 20.245368491858244 1.5447850059717874 5.8047167658805847 1.7903087139129636
leaf_count=320 2523 1123 1885 58 516 74
model_size=704
internal_value=0 -0.0369735 0.0740987 -0.0829542 -0.0297659 -0.0568211
internal_weight=0 47.127 23.3821 35.3518 9.13981 7.59503
internal_count=6499 4294 2205 3171 648 590
is_linear=0
shrinkage=0.1


Tree=40
num_leaves= 5
num_cat= 0
full_tree_array_lgbids= 0 2 1 -1 -4 3 -3 -2147483648 -2147483648 -2147483648 -2147483648 -2 -5 -2147483648 -2147483648
split_feature= 4 4 4 19
split_gain= 14.1927 23.7273 6.8319 0.050016
threshold= 2.5000000000000004 5.5000000000000009 1.0000000180025095e-35 4.5000000000000009
decision_type= 2 2 2 2
left_child=2 3 -1 -2
right_child=1 -3 -4 -5
leaf_value= -0.10091033532179272 -0.10136211245658738 0.10096884606222611 0.10111134019815018 -0.029100019961708502
leaf_weight=2.840779046528044 23.748303007334471 10.664900904521344 18.338909521698952 8.4591517029330117
leaf_count=320 2523 1123 1885 648
model_size=480
internal_value=0 -0.0367723 0.0740147 -0.0823828
internal_weight=0 42.8724 21.1797 32.2075
internal_count=6499 4294 2205 3171
is_linear=0
shrinkage=0.1


Tree=41
num_leaves= 5
num_cat= 0
full_tree_array_lgbids= 0 2 1 -1 -4 3 -3 -2147483648 -2147483648 -2147483648 -2147483648 -2 -5 -2147483648 -2147483648
split_feature= 4 4 4 19
split_gain= 12.3761 20.7036 5.8278 0.132002
threshold= 2.5000000000000004 5.5000000000000009 1.0000000180025095e-35 4.5000000000000009
decision_type= 2 2 2 2
left_child=2 3 -1 -2
right_child=1 -3 -4 -5
leaf_value= -0.10082296862934702 -0.10123632277552036 0.10087580062822039 0.10100540356794846 -0.026422238073971257
leaf_weight=2.5725572155788567 21.513695117086176 9.6584491860121471 16.610249568708241 8.3887414410710317
leaf_count=320 2523 1123 1885 648
model_size=480
internal_value=0 -0.0360283 0.0739387 -0.0802482
internal_weight=0 39.5609 19.1828 29.9024
internal_count=6499 4294 2205 3171
is_linear=0
shrinkage=0.1


Tree=42
num_leaves= 5
num_cat= 0
full_tree_array_lgbids= 0 2 1 -1 -4 3 -3 -2147483648 -2147483648 -2147483648 -2147483648 -2 -5 -2147483648 -2147483648
split_feature= 4 4 4 19
split_gain= 10.736 17.989 4.9173 0.189722
threshold= 2.5000000000000004 5.5000000000000009 1.0000000180025095e-35 4.5000000000000009
decision_type= 2 2 2 2
left_child=2 3 -1 -2
right_child=1 -3 -4 -5
leaf_value= -0.10074405179427037 -0.1011218939706176 0.10079176158809883 0.10090959035491039 -0.023956296782268512
leaf_weight=2.3294767225161204 19.487305149436001 8.7462424132972938 15.043120148126036 8.330284431576727
leaf_count=320 2523 1123 1885 648
model_size=480
internal_value=0 -0.0352427 0.07387 -0.0780138
internal_weight=0 36.5638 17.3726 27.8176
internal_count=6499 4294 2205 3171
is_linear=0
shrinkage=0.1


Tree=43
num_leaves= 5
num_cat= 0
full_tree_array_lgbids= 0 2 1 -1 -4 3 -3 -2147483648 -2147483648 -2147483648 -2147483648 -2 -5 -2147483648 -2147483648
split_feature= 4 4 4 19
split_gain= 9.2553 15.5539 4.09117 0.222618
threshold= 2.5000000000000004 5.5000000000000009 1.0000000180025095e-35 4.5000000000000009
decision_type= 2 2 2 2
left_child=2 3 -1 -2
right_child=1 -3 -4 -5
leaf_value= -0.10067275195359682 -0.10101782632656045 0.10071584925893846 0.10082292595881281 -0.021694151900010172
leaf_weight=2.1092145494185361 17.650084646418694 7.9195888452231875 13.622683114837855 8.2817458696663362
leaf_count=320 2523 1123 1885 648
model_size=480
internal_value=0 -0.0344154 0.0738079 -0.0756845
internal_weight=0 33.8514 15.7319 25.9318
internal_count=6499 4294 2205 3171
is_linear=0
shrinkage=0.1


Tree=44
num_leaves= 5
num_cat= 0
full_tree_array_lgbids= 0 2 1 -1 -4 3 -3 -2147483648 -2147483648 -2147483648 -2147483648 -2 -5 -2147483648 -2147483648
split_feature= 4 4 4 19
split_gain= 7.91846 13.3716 3.34112 0.230715
threshold= 2.5000000000000004 5.5000000000000009 1.0000000180025095e-35 4.5000000000000009
decision_type= 2 2 2 2
left_child=2 3 -1 -2
right_child=1 -3 -4 -5
leaf_value= -0.10060833137272929 -0.10092321892324063 0.10064726373958233 0.10074453053353619 -0.019625647768849716
leaf_weight=1.9096561493352027 15.984667458571499 7.170575121883302 12.335417828056961 8.2414239924401027
leaf_count=320 2523 1123 1885 648
model_size=480
internal_value=0 -0.0335471 0.0737517 -0.0732668
internal_weight=0 31.3967 14.2451 24.2261
internal_count=6499 4294 2205 3171
is_linear=0
shrinkage=0.1


Tree=45
num_leaves= 5
num_cat= 0
full_tree_array_lgbids= 0 2 1 -1 -4 3 -3 -2147483648 -2147483648 -2147483648 -2147483648 -2 -5 -2147483648 -2147483648
split_feature= 4 4 4 19
split_gain= 6.71158 11.4179 2.6597 0.214546
threshold= 2.5000000000000004 5.5000000000000009 1.0000000180025095e-35 4.5000000000000009
decision_type= 2 2 2 2
left_child=2 3 -1 -2
right_child=1 -3 -4 -5
leaf_value= -0.10055010681774335 -0.10083724508985702 0.100585292288337 0.10067361879778434 -0.017739286753330943
leaf_weight=1.7288779448717804 14.475230329670017 6.4919989057816556 11.16900987830013 8.2079009022563678
leaf_count=320 2523 1123 1885 648
model_size=480
internal_value=0 -0.0326389 0.0737009 -0.0707682
internal_weight=0 29.1751 12.8979 22.6831
internal_count=6499 4294 2205 3171
is_linear=0
shrinkage=0.1


Tree=46
num_leaves= 5
num_cat= 0
full_tree_array_lgbids= 0 2 1 -1 -4 3 -3 -2147483648 -2147483648 -2147483648 -2147483648 -2 -5 -2147483648 -2147483648
split_feature= 4 4 4 19
split_gain= 5.62206 9.67051 2.04019 0.175068
threshold= 2.5000000000000004 5.5000000000000009 1.0000000180025095e-35 4.5000000000000009
decision_type= 2 2 2 2
left_child=2 3 -1 -2
right_child=1 -3 -4 -5
leaf_value= -0.1004974878675049 -0.1007591329234267 0.10052928111354476 0.10060946514511381 -0.016022877946167965
leaf_weight=1.5651309033855767 13.10736758774147 5.8773098238743833 10.112254373263568 8.1800003843381983
leaf_count=320 2523 1123 1885 648
model_size=480
internal_value=0 -0.0316923 0.0736549 -0.0681979
internal_weight=0 27.1647 11.6774 21.2874
internal_count=6499 4294 2205 3171
is_linear=0
shrinkage=0.1


Tree=47
num_leaves= 5
num_cat= 0
full_tree_array_lgbids= 0 2 1 -1 -4 3 -3 -2147483648 -2147483648 -2147483648 -2147483648 -2 -5 -2147483648 -2147483648
split_feature= 4 4 4 19
split_gain= 4.63855 8.10936 1.47657 0.11359
threshold= 2.5000000000000004 5.5000000000000009 1.0000000180025095e-35 4.5000000000000009
decision_type= 2 2 2 2
left_child=2 3 -1 -2
right_child=1 -3 -4 -5
leaf_value= -0.10044992694534105 -0.10068819253785916 0.10047866798078738 0.10055142457967543 -0.014464014603147227
leaf_weight=1.4168254584073992 11.867968463338917 5.3205526247620574 9.1549588083289564 8.1567478906363231
leaf_count=320 2523 1123 1885 648
model_size=480
internal_value=0 -0.0307095 0.0736133 -0.0655662
internal_weight=0 25.3453 10.5718 20.0247
internal_count=6499 4294 2205 3171
is_linear=0
shrinkage=0.1


Tree=48
num_leaves= 5
num_cat= 0
full_tree_array_lgbids= 0 2 1 -1 -4 3 -3 -2147483648 -2147483648 -2147483648 -2147483648 -2 -5 -2147483648 -2147483648
split_feature= 4 4 4 19
split_gain= 3.75077 6.71602 0.963398 0.0317003
threshold= 2.5000000000000004 5.5000000000000009 1.0000000180025095e-35 4.5000000000000009
decision_type= 2 2 2 2
left_child=2 3 -1 -2
right_child=1 -3 -4 -5
leaf_value= -0.10040692739332265 -0.10062377912068594 0.10043290159817404 0.10049891736932111 -0.013050409931123344
leaf_weight=1.2825177642516781 10.745106725487863 4.8163171289488664 8.2878571951296163 8.1373382108286005
leaf_count=320 2523 1123 1885 648
model_size=480
internal_value=0 -0.0296932 0.0735757 -0.0628843
internal_weight=0 23.6988 9.57037 18.8824
internal_count=6499 4294 2205 3171
is_linear=0
shrinkage=0.1


Tree=49
num_leaves= 4
num_cat= 0
full_tree_array_lgbids= 0 -1 1 -2147483648 -2147483648 2 -3 -2147483648 -2147483648 -2147483648 -2147483648 -2 -4 -2147483648 -2147483648
split_feature= 8 4 4
split_gain= 2.96964 3.59798 0.322643
threshold= 1.0000000180025095e-35 2.5000000000000004 1.0000000180025095e-35
decision_type= 2 2 2
left_child=-1 2 -2
right_child=1 -3 -4
leaf_value= 0.10038616692656277 -0.10036805712636883 -0.053141063911192304 0.10047239122579817
leaf_weight=5.3571564992889789 1.1608966686762894 18.665451433043927 5.6886571149807423
leaf_count=1398 320 3370 1411
model_size=368
internal_value=0 -0.0210412 0.0664329
internal_weight=0 25.515 6.84955
internal_count=6499 5101 1731
is_linear=0
shrinkage=0.1


Tree=50
num_leaves= 3
num_cat= 0
full_tree_array_lgbids= 0 -1 1 -2147483648 -2147483648 -2 -3
split_feature= 8 4
split_gain= 2.24046 2.58356
threshold= 1.0000000180025095e-35 2.5000000000000004
decision_type= 2 2
left_child=-1 -2
right_child=1 -3
leaf_value= 0.1003492841387905 0.066404185251839734 -0.049239394506235969
leaf_weight=4.8490467891097095 6.2002681747544584 18.157855411060154
leaf_count=1398 1731 3370
model_size=256
internal_value=0 -0.0198028
internal_weight=0 24.3581
internal_count=6499 5101
is_linear=0
shrinkage=0.1


Tree=51
num_leaves= 3
num_cat= 0
full_tree_array_lgbids= 0 -1 1 -2147483648 -2147483648 -2 -3
split_feature= 8 19
split_gain= 1.59237 1.77609
threshold= 1.0000000180025095e-35 1.5000000000000002
decision_type= 2 2
left_child=-1 -2
right_child=1 -3
leaf_value= 0.1003159363301402 0.077125388400101538 -0.042226077973142026
leaf_weight=4.3889834876172271 4.7365702870301929 18.937013837043196
leaf_count=1398 1334 3767
model_size=256
internal_value=0 -0.0183464
internal_weight=0 23.6736
internal_count=6499 5101
is_linear=0
shrinkage=0.1


Tree=52
num_leaves= 3
num_cat= 0
full_tree_array_lgbids= 0 -1 1 -2147483648 -2147483648 -2 -3
split_feature= 8 4
split_gain= 1.01154 0.967933
threshold= 1.0000000180025095e-35 2.5000000000000004
decision_type= 2 2
left_child=-1 -2
right_child=1 -3
leaf_value= 0.10028577878616407 0.061906412131926436 -0.042285720875329717
leaf_weight=3.9724498358555165 5.6154702408239272 17.457250199979171
leaf_count=1398 1731 3370
model_size=256
internal_value=0 -0.0169273
internal_weight=0 23.0727
internal_count=6499 5101
is_linear=0
shrinkage=0.1


Tree=53
num_leaves= 3
num_cat= 0
full_tree_array_lgbids= 0 1 -2 -1 -3 -2147483648 -2147483648
split_feature= 7 19
split_gain= 0.506104 3.36713
threshold= 1.0000000180025095e-35 1.5000000000000002
decision_type= 2 2
left_child=1 -1
right_child=-2 -3
leaf_value= 0.093421069237942481 0.057798666831720781 -0.060446468780411378
leaf_weight=3.7832287880592075 8.5234652918297815 13.849355388898401
leaf_count=1296 2003 3200
model_size=256
internal_value=0 -0.0274328
internal_weight=0 17.6326
internal_count=6499 4496
is_linear=0
shrinkage=0.1


Tree=54
num_leaves= 4
num_cat= 0
full_tree_array_lgbids= 0 -1 1 -2147483648 -2147483648 2 -3 -2147483648 -2147483648 -2147483648 -2147483648 -2 -4 -2147483648 -2147483648
split_feature= 8 9 10
split_gain= 0.225726 0.205922 0.935288
threshold= 1.0000000180025095e-35 1.0000000180025095e-35 2.5000000000000004
decision_type= 2 2 2
left_child=-1 2 -2
right_child=1 -3 -4
leaf_value= 0.10024398801040352 0.048697779236990632 -0.078781416510783048 -0.07333921971225095
leaf_weight=3.3944173380732563 10.622025773394855 6.6862465336453161 4.3907888268586239
leaf_count=1398 2044 2304 753
model_size=368
internal_value=0 -0.0152772 0.0130057
internal_weight=0 21.6991 15.0128
internal_count=6499 5101 2797
is_linear=0
shrinkage=0.1


end of trees

feature_importances:
Column_4=92
Column_19=87
Column_21=58
Column_20=44
Column_8=39
Column_1=38
Column_10=38
Column_7=35
Column_12=34
Column_9=32
Column_13=29
Column_3=28
Column_17=24
Column_2=12
Column_14=2
Column_6=1

parameters:
[boosting: gbdt]
[objective: binary]
[metric: auc, binary_logloss, rmse, l1, l2, mape, huber]
[tree_learner: serial]
[device_type: cpu]
[data_sample_strategy: bagging]
[data: data/mushroom.libsvm.train]
[valid: data/mushroom.libsvm.test]
[num_iterations: 500]
[learning_rate: 0.1]
[num_leaves: 255]
[num_threads: 1]
[seed: 42]
[deterministic: 0]
[force_col_wise: 0]
[force_row_wise: 0]
[histogram_pool_size: -1]
[max_depth: 7]
[min_data_in_leaf: 10]
[min_sum_hessian_in_leaf: 0.001]
[bagging_fraction: 1]
[pos_bagging_fraction: 1]
[neg_bagging_fraction: 1]
[bagging_freq: 0]
[bagging_seed: 400]
[feature_fraction: 1]
[feature_fraction_bynode: 1]
[feature_fraction_seed: 30056]
[extra_trees: 0]
[extra_seed: 12879]
[early_stopping_round: 0]
[early_stopping_min_delta: 0]
[first_metric_only: 0]
[max_delta_step: 0]
[lambda_l1: 0]
[lambda_l2: 0]
[linear_lambda: 0]
[min_gain_to_split: 0]
[drop_rate: 0.1]
[max_drop: 50]
[skip_drop: 0.5]
[xgboost_dart_mode: 0]
[uniform_drop: 0]
[drop_seed: 17869]
[top_rate: 0.2]
[other_rate: 0.1]
[min_data_per_group: 100]
[max_cat_threshold: 32]
[cat_l2: 10]
[cat_smooth: 10]
[max_cat_to_onehot: 4]
[top_k: 20]
[monotone_constraints: ]
[monotone_constraints_method: basic]
[monotone_penalty: 0]
[feature_contri: ]
[forcedsplits_filename: ]
[refit_decay_rate: 0.9]
[tinygbdt_penalty_feature: 0.00390625]
[tinygbdt_penalty_split: 0.0078125]
[tinygbdt_forestsize: 64000]
[tinygbdt_precision: 1]
[cegb_tradeoff: 1]
[cegb_penalty_split: 0]
[cegb_penalty_feature_lazy: ]
[cegb_penalty_feature_coupled: ]
[path_smooth: 0]
[interaction_constraints: ]
[verbosity: 1]
[saved_feature_importance_type: 0]
[use_quantized_grad: 0]
[num_grad_quant_bins: 4]
[quant_train_renew_leaf: 0]
[stochastic_rounding: 1]
[linear_tree: 0]
[max_bin: 255]
[max_bin_by_feature: ]
[min_data_in_bin: 3]
[bin_construct_sample_cnt: 200000]
[data_random_seed: 175]
[is_enable_sparse: 1]
[enable_bundle: 1]
[use_missing: 1]
[zero_as_missing: 0]
[feature_pre_filter: 1]
[pre_partition: 0]
[two_round: 0]
[header: 0]
[label_column: ]
[weight_column: ]
[group_column: ]
[ignore_column: ]
[categorical_feature: ]
[forcedbins_filename: ]
[precise_float_parser: 0]
[parser_config_file: ]
[objective_seed: 16083]
[num_class: 1]
[is_unbalance: 0]
[scale_pos_weight: 1]
[sigmoid: 1]
[boost_from_average: 1]
[reg_sqrt: 0]
[alpha: 0.9]
[fair_c: 1]
[poisson_max_delta_step: 0.7]
[tweedie_variance_power: 1.5]
[lambdarank_truncation_level: 30]
[lambdarank_norm: 1]
[label_gain: ]
[lambdarank_position_bias_regularization: 0]
[eval_at: ]
[multi_error_top_k: 1]
[auc_mu_weights: ]
[num_machines: 1]
[local_listen_port: 12400]
[time_out: 120]
[machine_list_filename: ]
[machines: ]
[gpu_platform_id: -1]
[gpu_device_id: -1]
[gpu_use_dp: 0]
[num_gpu: 1]

end of parameters
