tree
version=v4
num_class=1
num_tree_per_iteration=1
label_index=0
max_feature_idx=8
objective=regression
feature_names=Column_0 Column_1 Column_2 Column_3 Column_4 Column_5 Column_6 Column_7 Column_8
feature_infos=none [0.49990000000000001:15.0001] [1:52] [0.88888888888888884:141.90909090909091] [0.33333333333333331:25.63636363636364] [3:35682] [0.69230769230769229:1243.333333333333] [32.549999999999997:41.950000000000003] [-124.34999999999999:-114.31]
tree_sizes=5817 5930 5728 5129 5197 4773 5127 4517 4642 4923 4511 4524 4656 4584 4294 4224 791 4146 1057 1574 4151 658 3894 1519 2629 925 2777 498 2830 379 377 4235

Tree=0
num_leaves= 40
num_cat= 0
full_tree_array_lgbids= 0 1 2 5 3 4 10 9 11 6 7 16 13 20 33 15 14 35 21 37 8 19 17 -2 18 -6 29 -4 -22 34 -35 -1 -17 27 -16 -7 -37 -13 31 -3 38 12 36 22 25 24 -19 -2147483648 -2147483648 -18 23 -2147483648 -2147483648 -15 -31 -2147483648 -2147483648 -2147483648 -2147483648 -12 -36 -2147483648 -2147483648 -2147483648 -2147483648 -2147483648 -2147483648 30 -29 -2147483648 -2147483648 -2147483648 -2147483648 -2147483648 -2147483648 -2147483648 -2147483648 32 -33 -2147483648 -2147483648 -39 -40 28 26 -10 -38 -5 -24 -21 -27 -9 -26 -2147483648 -2147483648 -2147483648 -2147483648 -2147483648 -2147483648 -2147483648 -2147483648 -20 -25 -2147483648 -2147483648 -2147483648 -2147483648 -2147483648 -2147483648 -2147483648 -2147483648 -2147483648 -2147483648 -2147483648 -2147483648 -2147483648 -2147483648 -2147483648 -2147483648 -2147483648 -2147483648 -2147483648 -2147483648 -2147483648 -2147483648 -2147483648 -2147483648 -2147483648 -2147483648 -2147483648 -2147483648 -2147483648 -2147483648 -2147483648 -2147483648 -11 -32 -2147483648 -2147483648 -2147483648 -2147483648 -2147483648 -2147483648 -2147483648 -2147483648 -2147483648 -2147483648 -2147483648 -2147483648 -2147483648 -2147483648 -2147483648 -2147483648 -2147483648 -2147483648 -23 -34 -2147483648 -2147483648 -2147483648 -2147483648 -2147483648 -2147483648 -2147483648 -2147483648 -2147483648 -2147483648 -8 -30 -14 -28 -2147483648 -2147483648 -2147483648 -2147483648 -2147483648 -2147483648 -2147483648 -2147483648 -2147483648 -2147483648 -2147483648 -2147483648 -2147483648 -2147483648 -2147483648 -2147483648 -2147483648 -2147483648 -2147483648 -2147483648 -2147483648 -2147483648 -2147483648 -2147483648 -2147483648 -2147483648 -2147483648 -2147483648 -2147483648 -2147483648 -2147483648 -2147483648 -2147483648 -2147483648 -2147483648 -2147483648 -2147483648 -2147483648 -2147483648 -2147483648 -2147483648 -2147483648 -2147483648 -2147483648 -2147483648 -2147483648 -2147483648 -2147483648 -2147483648 -2147483648 -2147483648 -2147483648 -2147483648 -2147483648 -2147483648 -2147483648 -2147483648 -2147483648 -2147483648 -2147483648 -2147483648 -2147483648 -2147483648 -2147483648 -2147483648 -2147483648 -2147483648 -2147483648 -2147483648 -2147483648 -2147483648 -2147483648 -2147483648 -2147483648 -2147483648 -2147483648 -2147483648 -2147483648 -2147483648 -2147483648 -2147483648 -2147483648 -2147483648 -2147483648
split_feature= 1 1 1 6 6 3 2 1 7 1 1 1 6 1 6 3 2 6 6 2 2 6 3 1 2 8 8 8 1 2 7 7 8 1 2 7 7 1 2
split_gain= 6956.71 1654.2 1261.18 945.378 400.519 287.44 203.104 182.028 156.445 150.247 125.314 106.165 97.9568 90.112 82.0099 80.5371 76.9222 74.7203 64.6885 54.6129 42.579 36.2588 35.8779 29.5592 27.8979 23.2935 19.7783 18.6228 13.904 12.9917 9.00567 8.21109 12.476 2.7619 6.40407 2.69077 0.367923 0.24557 5.13629
threshold= 5.0387000000000013 3.0679500000000002 6.8672000000000013 2.3489548886254448 2.671038674349933 4.3101408005062494 24.500000000000004 4.0775500000000013 37.815000000000005 2.2210000000000005 7.852450000000001 2.4115000000000006 1.9628175980828908 5.7307500000000013 2.4907552973342448 3.449226804123712 19.500000000000004 2.9005380231986346 2.0653737590585881 43.500000000000007 26.500000000000004 2.2906328481453726 5.1186051221335997 5.8308000000000009 41.500000000000007 -122.40499999999999 -117.88499999999998 -118.26499999999999 3.4298000000000006 27.500000000000004 37.815000000000005 34.525000000000013 -117.77499999999999 8.7395500000000013 28.500000000000004 35.335000000000008 37.995000000000012 3.5330000000000008 18.500000000000004
decision_type= 2 2 2 2 2 2 2 2 2 2 2 2 2 2 2 2 2 2 2 2 2 2 2 2 2 2 2 2 2 2 2 2 2 2 2 2 2 2 2
left_child=1 5 4 6 16 9 37 19 12 15 20 35 28 -6 27 -1 -2 24 -18 22 -4 -13 -5 -20 -9 -21 -14 30 -8 -15 -11 32 -23 34 -12 -7 -10 -3 -39
right_child=2 3 10 7 13 11 8 17 36 14 33 21 26 29 -16 -17 18 -19 23 25 -22 31 -24 -25 -26 -27 -28 -29 -30 -31 -32 -33 -34 -35 -36 -37 -38 38 -40
leaf_value= 2.0405687631288161 2.1558599736411375 2.0619325518895399 2.2105021416414852 2.0474118544579003 2.0994046620642437 1.9807571227445304 2.1965323452694219 2.0892426552552306 2.1212005317600884 2.1406373236940905 2.2611911907323741 2.043693994763716 2.1803908632616107 2.1410397950488846 2.0327038778370752 1.9814897297846104 2.3293276008777508 2.055796547371648 2.1893908157405639 2.1470309877511444 2.2958198799055269 2.0423423215696768 2.0155083659287123 2.255568014458782 2.1540272791155655 2.0584465939763881 2.0853910788377314 2.0508470150556986 2.2845502876908457 2.1974100577568745 2.0404662446165749 1.9795206760962585 1.9852344261613879 2.3422574193033054 2.3423931801380187 1.9518240180001829 2.0318246126680579 2.0905904528987551 2.1592166787599623
leaf_weight=503 248 198 263 1181 828 636 90 844 87 227 147 309 402 586 767 899 91 1158 322 94 168 272 1536 250 172 283 67 153 174 187 50 944 275 365 97 1194 76 254 115
leaf_count=503 248 198 263 1181 828 636 90 844 87 227 147 309 402 586 767 899 91 1158 322 94 168 272 1536 250 172 283 67 153 174 187 50 944 275 365 97 1194 76 254 115
model_size=4400
internal_value=2.07195 2.03789 2.19622 2.07259 2.15739 2.00039 2.1449 2.05251 2.17679 2.02716 2.28999 1.98123 2.19841 2.12609 2.05582 2.00269 2.2124 2.07655 2.23355 2.03561 2.24376 2.0009 2.02938 2.21831 2.10021 2.08053 2.16682 2.09704 2.25454 2.15468 2.12256 1.99203 2.01363 2.32271 2.29347 1.96188 2.07953 2.0945 2.11198
internal_weight=0 12960 3552 6731 2512 6229 1463 5268 896 2599 1040 3630 733 1601 1197 1402 911 2174 663 3094 431 1800 2717 572 1016 377 469 430 264 773 277 1491 547 609 244 1830 163 567 369
internal_count=16512 12960 3552 6731 2512 6229 1463 5268 896 2599 1040 3630 733 1601 1197 1402 911 2174 663 3094 431 1800 2717 572 1016 377 469 430 264 773 277 1491 547 609 244 1830 163 567 369
is_linear=0
shrinkage=1


Tree=1
num_leaves= 39
num_cat= 0
full_tree_array_lgbids= 0 1 2 5 3 4 14 16 6 7 10 19 15 21 -16 17 -18 9 12 8 -9 22 23 -2 24 28 25 -4 -23 -2147483648 -2147483648 26 -19 -2147483648 -2147483648 18 -11 13 35 29 11 -2147483648 -2147483648 31 34 33 -25 -2147483648 -2147483648 -21 36 -6 -30 -17 -27 -2147483648 -2147483648 -2147483648 -2147483648 -2147483648 -2147483648 -2147483648 -2147483648 -1 27 -2147483648 -2147483648 -2147483648 -2147483648 -2147483648 -2147483648 37 -20 -2147483648 -2147483648 20 -15 -14 -37 30 -31 -10 32 -2147483648 -2147483648 -2147483648 -2147483648 -5 -33 -24 -36 -12 -35 -2147483648 -2147483648 -2147483648 -2147483648 -2147483648 -2147483648 -2147483648 -2147483648 -26 -38 -2147483648 -2147483648 -2147483648 -2147483648 -2147483648 -2147483648 -2147483648 -2147483648 -2147483648 -2147483648 -2147483648 -2147483648 -2147483648 -2147483648 -2147483648 -2147483648 -2147483648 -2147483648 -2147483648 -2147483648 -2147483648 -2147483648 -2147483648 -2147483648 -2147483648 -2147483648 -28 -29 -2147483648 -2147483648 -2147483648 -2147483648 -2147483648 -2147483648 -2147483648 -2147483648 -2147483648 -2147483648 -2147483648 -2147483648 -7 -39 -2147483648 -2147483648 -2147483648 -2147483648 -2147483648 -2147483648 -8 -22 -2147483648 -2147483648 -2147483648 -2147483648 -2147483648 -2147483648 -3 -32 -2147483648 -2147483648 -2147483648 -2147483648 -13 -34 -2147483648 -2147483648 -2147483648 -2147483648 -2147483648 -2147483648 -2147483648 -2147483648 -2147483648 -2147483648 -2147483648 -2147483648 -2147483648 -2147483648 -2147483648 -2147483648 -2147483648 -2147483648 -2147483648 -2147483648 -2147483648 -2147483648 -2147483648 -2147483648 -2147483648 -2147483648 -2147483648 -2147483648 -2147483648 -2147483648 -2147483648 -2147483648 -2147483648 -2147483648 -2147483648 -2147483648 -2147483648 -2147483648 -2147483648 -2147483648 -2147483648 -2147483648 -2147483648 -2147483648 -2147483648 -2147483648 -2147483648 -2147483648 -2147483648 -2147483648 -2147483648 -2147483648 -2147483648 -2147483648 -2147483648 -2147483648 -2147483648 -2147483648 -2147483648 -2147483648 -2147483648 -2147483648 -2147483648 -2147483648 -2147483648 -2147483648 -2147483648 -2147483648 -2147483648 -2147483648 -2147483648 -2147483648 -2147483648 -2147483648 -2147483648 -2147483648 -2147483648 -2147483648 -2147483648 -2147483648 -2147483648 -2147483648 -2147483648 -2147483648 -2147483648 -2147483648 -2147483648 -2147483648
split_feature= 1 1 1 6 6 6 7 7 2 8 1 6 8 7 1 1 7 8 6 2 8 2 2 6 6 2 7 8 6 8 7 3 8 2 8 8 1 7
split_gain= 5628.55 1337.94 1015.17 761.098 323.977 256.932 178.397 166.485 165.864 133.409 110.755 109.016 96.1237 117.856 95.3796 88.5775 79.9535 89.1825 73.5442 53.8509 51.7448 49.5614 38.9207 34.8404 27.6696 24.3174 21.7157 34.5433 16.6069 15.7699 20.0015 14.0214 13.7478 10.9689 9.62533 7.19227 3.08667 2.65433
threshold= 5.0387000000000013 3.1261000000000005 6.8672000000000013 2.4136952392348086 2.5763869593405579 2.1628386478062818 34.455000000000005 37.935000000000009 24.500000000000004 -117.77499999999999 4.1119000000000012 1.9628175980828908 -121.63499999999998 37.915000000000006 8.4454500000000028 5.8308000000000009 37.945000000000007 -118.24499999999999 3.442186331338819 21.500000000000004 -122.33499999999999 26.500000000000004 44.500000000000007 2.9291766686969298 2.0653737590585881 27.500000000000004 34.655000000000008 -120.02499999999999 2.9742256672023202 -118.29499999999999 34.155000000000008 5.1514547869129546 -122.33499999999999 42.500000000000007 -122.40499999999999 -119.94499999999998 5.5682000000000009 34.045000000000009
decision_type= 2 2 2 2 2 2 2 2 2 2 2 2 2 2 2 2 2 2 2 2 2 2 2 2 2 2 2 2 2 2 2 2 2 2 2 2 2 2
left_child=1 5 4 7 19 16 9 8 29 18 22 -10 13 20 21 28 17 26 37 -2 -8 -4 31 33 -21 -17 -1 -28 -6 30 -3 -5 -13 -12 -24 -14 -26 -7
right_child=2 3 14 10 15 6 12 -9 11 -11 23 32 35 -15 -16 25 -18 -19 -20 24 -22 -23 34 -25 36 -27 27 -29 -30 -31 -32 -33 -34 -35 -36 -37 -38 -39
leaf_value= 0.088905597877718748 0.084744883563069862 0.14252384118082231 0.13719190780792143 -0.022923803746691784 0.055224303761497145 -0.026736455006591442 0.062057756344162808 -0.022662504690588784 0.16789762428889499 -0.086745621265224018 0.013343390117455334 0.15316060340404514 -0.095358169870277995 -0.097062197165715319 0.23830663572970623 0.066607736207544802 -0.073256532576079031 -0.039489628816489132 -0.056418129154610211 0.23644229949906817 -0.042830382573270646 0.2117248531396887 0.071997750654470102 -0.014707765010809351 0.11142210116402972 0.12715199083241441 0.035244025791172494 -0.10832091185607409 0.011700731284818239 -0.0032243517232512483 0.03469254737725308 -0.050192797519986655 0.069510652413419277 0.075361057274946672 -0.010309029325028999 -0.1259944115227056 0.17120754930751222 0.014766734939021312
leaf_weight=155 216 57 368 1109 470 441 95 236 258 899 770 75 1076 602 426 550 233 325 973 86 391 246 86 1060 180 215 223 38 574 254 215 1426 540 132 222 692 221 377
leaf_count=155 216 57 368 1109 470 441 95 236 258 899 770 75 1076 602 426 550 233 325 973 86 391 246 86 1060 180 215 223 38 574 254 215 1426 540 132 222 692 221 377
model_size=4288
internal_value=0 -0.0306532 0.111843 0.0020642 0.076901 -0.0629691 -0.0717957 0.062236 0.0765577 -0.0517111 -0.0184105 0.105774 -0.0907129 -0.0636789 0.19624 0.0534238 -0.0127098 0.00632856 -0.0341254 0.137314 -0.0223276 0.167054 -0.0327451 0.00236077 0.16063 0.0836234 0.042124 0.0143419 0.0312947 0.028068 0.0572895 -0.0382633 0.0797119 0.0224191 0.0126727 -0.107349 0.144371 -0.00760846
internal_weight=0 12960 3552 6440 2512 6520 5546 1635 1399 2690 4805 873 2856 1088 1040 1809 974 741 1791 703 486 614 2843 1962 487 765 416 261 1044 526 272 2535 615 902 308 1768 401 818
internal_count=16512 12960 3552 6440 2512 6520 5546 1635 1399 2690 4805 873 2856 1088 1040 1809 974 741 1791 703 486 614 2843 1962 487 765 416 261 1044 526 272 2535 615 902 308 1768 401 818
is_linear=0
shrinkage=0.1


Tree=2
num_leaves= 36
num_cat= 0
full_tree_array_lgbids= 0 1 3 4 2 5 26 14 7 6 8 18 17 30 -28 15 -16 9 11 -3 10 21 13 -2 24 -7 -19 -5 -32 -2147483648 -2147483648 28 -17 -2147483648 -2147483648 16 -11 12 34 -2147483648 -2147483648 19 -12 22 -23 31 25 -2147483648 -2147483648 -20 -26 -2147483648 -2147483648 -2147483648 -2147483648 -2147483648 -2147483648 -2147483648 -2147483648 -2147483648 -2147483648 -2147483648 -2147483648 -1 29 -2147483648 -2147483648 -2147483648 -2147483648 -2147483648 -2147483648 -6 33 -2147483648 -2147483648 20 -14 -13 -36 -2147483648 -2147483648 -2147483648 -2147483648 27 32 -2147483648 -2147483648 -4 23 -2147483648 -2147483648 -10 -33 -15 -27 -2147483648 -2147483648 -2147483648 -2147483648 -2147483648 -2147483648 -2147483648 -2147483648 -2147483648 -2147483648 -2147483648 -2147483648 -2147483648 -2147483648 -2147483648 -2147483648 -2147483648 -2147483648 -2147483648 -2147483648 -2147483648 -2147483648 -2147483648 -2147483648 -2147483648 -2147483648 -2147483648 -2147483648 -2147483648 -2147483648 -2147483648 -2147483648 -2147483648 -2147483648 -30 -31 -2147483648 -2147483648 -2147483648 -2147483648 -2147483648 -2147483648 -2147483648 -2147483648 -2147483648 -2147483648 -2147483648 -2147483648 -2147483648 -2147483648 -18 -35 -2147483648 -2147483648 -2147483648 -2147483648 -9 -22 -2147483648 -2147483648 -2147483648 -2147483648 -2147483648 -2147483648 -2147483648 -2147483648 -2147483648 -2147483648 -2147483648 -2147483648 -2147483648 -2147483648 -8 -29 -21 -34 -2147483648 -2147483648 -2147483648 -2147483648 -2147483648 -2147483648 -24 -25 -2147483648 -2147483648 -2147483648 -2147483648 -2147483648 -2147483648 -2147483648 -2147483648 -2147483648 -2147483648 -2147483648 -2147483648 -2147483648 -2147483648 -2147483648 -2147483648 -2147483648 -2147483648 -2147483648 -2147483648 -2147483648 -2147483648 -2147483648 -2147483648 -2147483648 -2147483648 -2147483648 -2147483648 -2147483648 -2147483648 -2147483648 -2147483648 -2147483648 -2147483648 -2147483648 -2147483648 -2147483648 -2147483648 -2147483648 -2147483648 -2147483648 -2147483648 -2147483648 -2147483648 -2147483648 -2147483648 -2147483648 -2147483648 -2147483648 -2147483648 -2147483648 -2147483648 -2147483648 -2147483648 -2147483648 -2147483648 -2147483648 -2147483648 -2147483648 -2147483648 -2147483648 -2147483648 -2147483648 -2147483648 -2147483648 -2147483648 -2147483648 -2147483648 -2147483648 -2147483648 -2147483648 -2147483648 -2147483648 -2147483648 -2147483648 -2147483648
split_feature= 1 1 6 1 6 6 2 7 1 8 7 8 7 6 7 8 6 1 2 1 8 7 8 8 6 8 1 8 7 8 2 2 6 7 8
split_gain= 4565.36 1260.76 691.458 646.369 219.867 210.369 164.924 144.985 135.319 108.698 84.6547 83.0977 101.696 81.2696 62.225 71.1735 60.9248 59.4303 46.2767 38.9348 28.9013 27.2193 65.9086 22.6351 22.2747 19.7676 19.6399 14.9229 14.5099 34.7466 10.6985 10.2591 2.20408 1.04681 0.92736
threshold= 5.2771000000000017 3.1792500000000001 2.2982753493904258 7.3930000000000016 2.1628386478062818 2.7472725830126556 19.500000000000004 34.455000000000005 4.0612500000000002 -117.77499999999999 37.815000000000005 -121.63499999999998 38.665000000000006 2.6829812717770039 37.935000000000009 -118.25499999999998 3.1336552646136835 6.2770500000000009 21.500000000000004 3.8769000000000005 -122.38499999999998 37.945000000000007 -122.19499999999998 -117.60499999999998 2.2038024706228287 -121.895 8.7395500000000013 -122.40499999999999 34.655000000000008 -122.31499999999998 28.500000000000004 20.500000000000004 1.9322222929778572 34.035000000000004 -119.84499999999998
decision_type= 2 2 2 2 2 2 2 2 2 2 2 2 2 2 2 2 2 2 2 2 2 2 2 2 2 2 2 2 2 2 2 2 2 2 2
left_child=1 4 6 5 14 18 -3 9 21 16 19 12 20 31 15 28 -6 -7 -2 27 -9 22 -4 -24 -20 -15 30 -8 -1 -30 -5 -10 -21 -18 -13
right_child=3 2 8 26 7 17 10 11 13 -11 -12 34 -14 25 -16 -17 33 -19 24 32 -22 -23 23 -25 -26 -27 -28 -29 29 -31 -32 -33 -34 -35 -36
leaf_value= 0.080786661256217474 0.077452010371302837 0.013771535054705032 0.057484799274545799 0.14288679715810401 0.0013357823758315566 0.036891070073128161 0.18162238215622695 0.028267984763801504 0.0015818753682721694 -0.077614761855687095 0.017357126251523591 -0.085819339476742598 -0.10090441670762487 0.02866164449651383 -0.064465695115718619 -0.034109802848837426 -0.058455091997050936 0.093361273326579189 0.2075931866273836 0.1921859975476734 -0.044323240790498451 -0.057066628259589094 -0.017303315064895533 -0.058487813347971221 0.12935704782915611 -0.012642234605520667 0.21944876598168728 0.073116730925074522 0.11975494829975829 -0.0095946997115635771 0.20833225766333141 0.054598096559385259 0.12648735593597429 -0.024236822117077464 -0.11373222338420058
leaf_weight=167 262 370 154 264 634 857 46 147 208 928 141 1134 415 380 245 348 783 435 108 122 566 530 1648 406 528 1596 365 330 49 226 164 571 238 454 693
leaf_count=167 262 370 154 264 634 857 46 147 208 928 141 1134 415 380 245 348 783 435 108 122 566 530 1648 406 528 1596 365 330 49 226 164 571 238 454 693
model_size=3952
internal_value=0 -0.0247785 0.00625238 0.11238 -0.0555854 0.0836716 0.0750414 -0.0637636 -0.00936385 -0.045714 0.100891 -0.0808604 -0.0556799 0.00806496 -0.0101192 0.00673513 -0.0298915 0.0559039 0.123623 0.116894 -0.029357 -0.0269009 -0.01966 -0.025444 0.142642 -0.00469918 0.191661 0.0863914 0.0388936 0.0134531 0.167964 0.0404423 0.148752 -0.0458964 -0.096407
internal_weight=0 13529 6740 2983 6789 2190 1247 5754 5493 2799 877 2955 1128 2755 1035 790 1871 1292 898 736 713 2738 2208 2054 636 1976 793 376 442 275 428 779 360 1237 1827
internal_count=16512 13529 6740 2983 6789 2190 1247 5754 5493 2799 877 2955 1128 2755 1035 790 1871 1292 898 736 713 2738 2208 2054 636 1976 793 376 442 275 428 779 360 1237 1827
is_linear=0
shrinkage=0.1


Tree=3
num_leaves= 27
num_cat= 0
full_tree_array_lgbids= 0 1 2 6 3 5 8 17 13 4 7 19 25 10 -10 23 -19 -8 21 9 -6 18 14 -2 20 -7 -27 -4 -12 -2147483648 -2147483648 24 -25 -2147483648 -2147483648 -2147483648 -2147483648 -15 -23 -3 11 -2147483648 -2147483648 -5 22 15 -16 -2147483648 -2147483648 -21 -22 -2147483648 -2147483648 -2147483648 -2147483648 -2147483648 -2147483648 -2147483648 -2147483648 -2147483648 -2147483648 -2147483648 -2147483648 -1 -26 -2147483648 -2147483648 -2147483648 -2147483648 -2147483648 -2147483648 -2147483648 -2147483648 -2147483648 -2147483648 -2147483648 -2147483648 -2147483648 -2147483648 -2147483648 -2147483648 -11 12 -2147483648 -2147483648 -2147483648 -2147483648 -2147483648 -2147483648 -20 -24 16 -17 -2147483648 -2147483648 -2147483648 -2147483648 -2147483648 -2147483648 -2147483648 -2147483648 -2147483648 -2147483648 -2147483648 -2147483648 -2147483648 -2147483648 -2147483648 -2147483648 -2147483648 -2147483648 -2147483648 -2147483648 -2147483648 -2147483648 -2147483648 -2147483648 -2147483648 -2147483648 -2147483648 -2147483648 -2147483648 -2147483648 -2147483648 -2147483648 -2147483648 -2147483648 -2147483648 -2147483648 -2147483648 -2147483648 -2147483648 -2147483648 -2147483648 -2147483648 -2147483648 -2147483648 -2147483648 -2147483648 -2147483648 -2147483648 -2147483648 -2147483648 -2147483648 -2147483648 -2147483648 -2147483648 -2147483648 -2147483648 -2147483648 -2147483648 -2147483648 -2147483648 -2147483648 -2147483648 -2147483648 -2147483648 -2147483648 -2147483648 -2147483648 -2147483648 -2147483648 -2147483648 -2147483648 -2147483648 -13 -14 -2147483648 -2147483648 -2147483648 -2147483648 -2147483648 -2147483648 -2147483648 -2147483648 -2147483648 -2147483648 -2147483648 -2147483648 -2147483648 -2147483648 -2147483648 -2147483648 -9 -18 -2147483648 -2147483648 -2147483648 -2147483648 -2147483648 -2147483648 -2147483648 -2147483648 -2147483648 -2147483648 -2147483648 -2147483648 -2147483648 -2147483648 -2147483648 -2147483648 -2147483648 -2147483648 -2147483648 -2147483648 -2147483648 -2147483648 -2147483648 -2147483648 -2147483648 -2147483648 -2147483648 -2147483648 -2147483648 -2147483648 -2147483648 -2147483648 -2147483648 -2147483648 -2147483648 -2147483648 -2147483648 -2147483648 -2147483648 -2147483648 -2147483648 -2147483648 -2147483648 -2147483648 -2147483648 -2147483648 -2147483648 -2147483648 -2147483648 -2147483648 -2147483648 -2147483648 -2147483648 -2147483648 -2147483648 -2147483648 -2147483648 -2147483648 -2147483648 -2147483648 -2147483648 -2147483648 -2147483648 -2147483648 -2147483648 -2147483648 -2147483648 -2147483648 -2147483648 -2147483648
split_feature= 1 1 1 6 7 6 3 1 1 8 2 2 1 1 6 7 8 6 3 2 6 6 2 7 8 6
split_gain= 3703.79 945.938 600.153 569.208 160.154 145.308 145.211 127.852 123.326 121.043 55.774 54.1547 56.9353 46.0962 35.7367 28.5728 25.9139 23.9556 22.9501 17.5256 23.3482 10.0028 7.57541 1.90729 4.26951 0.98053
threshold= 5.1326000000000009 2.7820000000000005 6.3963500000000009 2.4136952392348086 37.995000000000012 2.735488224282792 3.8792159595040387 3.8346500000000003 7.852450000000001 -122.35499999999998 26.500000000000004 19.500000000000004 3.8769000000000005 2.2210000000000005 3.016322398451238 37.875000000000007 -122.21499999999999 2.8941056667066012 4.8809487864875196 16.500000000000004 2.1628386478062818 2.2982753493904258 44.500000000000007 37.935000000000009 -118.21499999999999 3.1262267671728927
decision_type= 2 2 2 2 2 2 2 2 2 2 2 2 2 2 2 2 2 2 2 2 2 2 2 2 2 2
left_child=1 6 5 4 9 19 17 18 10 -3 -4 -11 -13 -8 15 16 -9 23 -5 -2 -21 -15 -20 24 -1 -7
right_child=2 3 8 7 -6 25 13 14 -10 11 -12 12 -14 21 -16 -17 -18 -19 22 20 -22 -23 -24 -25 -26 -27
leaf_value= 0.025033648318956443 0.04488049846519631 0.13544572498037222 0.090403503144720412 -0.017685872294439818 -0.034855178048889192 0.049171039840596092 -0.083928539333394447 0.093544746395722744 0.18402133289516609 0.0077460467197128305 0.15854686224021208 0.038392136645873855 0.096023293486875577 -0.023710099353689791 -0.018321548289664116 -0.025273891027253068 0.016085973657094361 -0.04466946133978985 -0.049706993298144923 0.17142959740012886 0.093024665944913487 -0.062376427510241118 0.0015728182016083829 -0.07164484263300451 -0.031044479130714144 0.014356865618886145
leaf_weight=329 163 213 491 1239 271 557 1893 107 609 451 312 739 426 358 1317 339 1151 833 1695 112 497 1432 169 67 184 558
leaf_count=329 163 213 491 1239 271 557 1893 107 609 451 312 739 426 358 1317 339 1151 833 1695 112 497 1432 169 67 184 558
model_size=2944
internal_value=0 -0.0237699 0.0952022 -0.00220501 0.043893 0.0573123 -0.0581189 -0.0182937 0.145838 0.055561 0.11688 0.0450317 0.0594658 -0.0696954 -0.00143208 0.0124962 0.0226743 -0.0279448 -0.0341284 0.0942343 0.107444 -0.0546432 -0.0450577 -0.00392469 0.00491986 0.0317483
internal_weight=0 13213 3299 8117 2100 1887 5096 6017 1412 1829 803 1616 1165 3683 2914 1597 1258 1413 3103 772 609 1790 1864 580 513 1115
internal_count=16512 13213 3299 8117 2100 1887 5096 6017 1412 1829 803 1616 1165 3683 2914 1597 1258 1413 3103 772 609 1790 1864 580 513 1115
is_linear=0
shrinkage=0.1


Tree=4
num_leaves= 28
num_cat= 0
full_tree_array_lgbids= 0 1 3 4 2 5 -5 13 6 11 10 -2 22 -2147483648 -2147483648 14 -15 7 8 -3 12 20 18 -2147483648 -2147483648 24 -24 -2147483648 -2147483648 -2147483648 -2147483648 16 -16 -2147483648 -2147483648 15 -9 9 26 -2147483648 -2147483648 -13 17 -4 -22 -12 21 -2147483648 -2147483648 -2147483648 -2147483648 -7 -26 -2147483648 -2147483648 -2147483648 -2147483648 -2147483648 -2147483648 -2147483648 -2147483648 -2147483648 -2147483648 -1 25 -2147483648 -2147483648 -2147483648 -2147483648 -2147483648 -2147483648 -6 -17 -2147483648 -2147483648 19 -11 -10 -28 -2147483648 -2147483648 -2147483648 -2147483648 -2147483648 -2147483648 -14 -19 -2147483648 -2147483648 -2147483648 -2147483648 -2147483648 -2147483648 23 -23 -2147483648 -2147483648 -2147483648 -2147483648 -2147483648 -2147483648 -2147483648 -2147483648 -2147483648 -2147483648 -2147483648 -2147483648 -2147483648 -2147483648 -2147483648 -2147483648 -2147483648 -2147483648 -2147483648 -2147483648 -2147483648 -2147483648 -2147483648 -2147483648 -2147483648 -2147483648 -2147483648 -2147483648 -2147483648 -2147483648 -2147483648 -2147483648 -2147483648 -2147483648 -18 -27 -2147483648 -2147483648 -2147483648 -2147483648 -2147483648 -2147483648 -2147483648 -2147483648 -2147483648 -2147483648 -2147483648 -2147483648 -2147483648 -2147483648 -2147483648 -2147483648 -2147483648 -2147483648 -2147483648 -2147483648 -8 -21 -2147483648 -2147483648 -2147483648 -2147483648 -2147483648 -2147483648 -2147483648 -2147483648 -2147483648 -2147483648 -2147483648 -2147483648 -2147483648 -2147483648 -2147483648 -2147483648 -2147483648 -2147483648 -2147483648 -2147483648 -2147483648 -2147483648 -2147483648 -2147483648 -2147483648 -2147483648 -2147483648 -2147483648 -2147483648 -2147483648 -2147483648 -2147483648 -2147483648 -2147483648 -20 -25 -2147483648 -2147483648 -2147483648 -2147483648 -2147483648 -2147483648 -2147483648 -2147483648 -2147483648 -2147483648 -2147483648 -2147483648 -2147483648 -2147483648 -2147483648 -2147483648 -2147483648 -2147483648 -2147483648 -2147483648 -2147483648 -2147483648 -2147483648 -2147483648 -2147483648 -2147483648 -2147483648 -2147483648 -2147483648 -2147483648 -2147483648 -2147483648 -2147483648 -2147483648 -2147483648 -2147483648 -2147483648 -2147483648 -2147483648 -2147483648 -2147483648 -2147483648 -2147483648 -2147483648 -2147483648 -2147483648 -2147483648 -2147483648 -2147483648 -2147483648 -2147483648 -2147483648 -2147483648 -2147483648 -2147483648 -2147483648 -2147483648 -2147483648 -2147483648 -2147483648 -2147483648 -2147483648 -2147483648 -2147483648 -2147483648 -2147483648
split_feature= 1 1 6 1 6 6 7 8 8 7 1 2 6 7 8 6 8 7 2 8 2 8 2 7 1 2 8
split_gain= 3027.56 967.703 420.957 285.384 224.537 107.443 104.19 100.503 87.7564 92.2411 84.2501 84.0365 80.1315 71.9994 59.58 55.3661 36.8588 27.9571 26.7196 26.1194 22.1737 12.1179 9.29576 7.06884 6.74446 4.14655 0.668196
threshold= 5.6042500000000013 3.4883000000000002 2.4136952392348086 7.7055000000000016 2.2352443515477258 2.6529733204757315 34.455000000000005 -117.77499999999999 -121.63499999999998 38.675000000000004 4.5301500000000017 20.500000000000004 1.9628175980828908 37.935000000000009 -117.145 3.4287187039764357 -122.33499999999999 37.935000000000009 16.500000000000004 -122.38499999999998 42.500000000000007 -117.65499999999999 36.500000000000007 37.915000000000006 6.3350000000000009 27.500000000000004 -120.09499999999998
decision_type= 2 2 2 2 2 2 2 2 2 2 2 2 2 2 2 2 2 2 2 2 2 2 2 2 2 2 2
left_child=1 4 11 5 13 -2 7 15 9 19 20 -3 -13 14 16 -6 -1 -14 -12 -8 -4 23 24 -20 -7 -18 -10
right_child=3 2 10 -5 6 22 8 -9 26 -11 18 12 17 -15 -16 -17 25 -19 21 -21 -22 -23 -24 -25 -26 -27 -28
leaf_value= 0.11587566192941488 0.12237519432818403 0.019027161174273059 -0.02077505519959269 0.16279530398936859 0.00017201084847329184 0.03889654819471746 0.029898418816946784 -0.064351784391887851 -0.068221052011616184 -0.084311050659019837 -0.012494623679938817 0.1406889112096249 0.073692949232463723 -0.052001804284311552 -0.060000378455428105 -0.040124226419218659 -0.0064629914674458472 -0.0071851328733043944 0.03983439444086561 -0.032507796637674426 0.022399723802579884 -0.029348021546217403 0.12926229479354481 -0.014285149418477281 0.077399110348092603 0.033935387545995635 -0.094518289916472126
leaf_weight=74 569 438 2425 670 1044 589 195 1041 1141 434 511 241 641 343 158 1136 431 109 1110 684 337 127 86 156 492 482 848
leaf_count=74 569 438 2425 670 1044 589 195 1041 1141 434 511 241 641 343 158 1136 431 109 1110 684 337 127 86 156 492 482 848
model_size=3056
internal_value=0 -0.0177805 0.0127545 0.104244 -0.0410124 0.0816466 -0.0495753 -0.0348934 -0.063897 -0.0403626 -0.00234785 0.0620671 0.0810898 -0.00347485 0.011062 -0.0208264 0.0224378 0.0619387 0.0167415 -0.0186634 -0.0155072 0.0274663 0.0617883 0.0331656 0.0564204 0.0148645 -0.0794327
internal_weight=0 14106 6095 2406 8011 1736 6523 3221 3302 1313 4666 1429 991 1488 1145 2180 987 750 1904 879 2762 1393 1167 1266 1081 913 1989
internal_count=16512 14106 6095 2406 8011 1736 6523 3221 3302 1313 4666 1429 991 1488 1145 2180 987 750 1904 879 2762 1393 1167 1266 1081 913 1989
is_linear=0
shrinkage=0.1


Tree=5
num_leaves= 22
num_cat= 0
full_tree_array_lgbids= 0 2 1 5 3 4 6 16 19 7 8 13 14 11 -8 -1 -18 -7 -21 -4 12 9 -10 -2 17 -6 18 -3 -13 -2147483648 -2147483648 -2147483648 -2147483648 -2147483648 -2147483648 -2147483648 -2147483648 -2147483648 -2147483648 -2147483648 -2147483648 20 -14 -5 10 -2147483648 -2147483648 -2147483648 -2147483648 -15 -19 -2147483648 -2147483648 -16 -20 -2147483648 -2147483648 -2147483648 -2147483648 -2147483648 -2147483648 -2147483648 -2147483648 -2147483648 -2147483648 -2147483648 -2147483648 -2147483648 -2147483648 -2147483648 -2147483648 -2147483648 -2147483648 -2147483648 -2147483648 -2147483648 -2147483648 -2147483648 -2147483648 -2147483648 -2147483648 -2147483648 -2147483648 -9 -22 -2147483648 -2147483648 -2147483648 -2147483648 15 -12 -2147483648 -2147483648 -2147483648 -2147483648 -2147483648 -2147483648 -2147483648 -2147483648 -2147483648 -2147483648 -2147483648 -2147483648 -2147483648 -2147483648 -2147483648 -2147483648 -2147483648 -2147483648 -2147483648 -2147483648 -2147483648 -2147483648 -2147483648 -2147483648 -2147483648 -2147483648 -2147483648 -2147483648 -2147483648 -2147483648 -2147483648 -2147483648 -2147483648 -2147483648 -2147483648 -2147483648 -2147483648 -2147483648 -2147483648 -2147483648 -2147483648 -2147483648 -2147483648 -2147483648 -2147483648 -2147483648 -2147483648 -2147483648 -2147483648 -2147483648 -2147483648 -2147483648 -2147483648 -2147483648 -2147483648 -2147483648 -2147483648 -2147483648 -2147483648 -2147483648 -2147483648 -2147483648 -2147483648 -2147483648 -2147483648 -2147483648 -2147483648 -2147483648 -2147483648 -2147483648 -2147483648 -2147483648 -2147483648 -2147483648 -2147483648 -2147483648 -2147483648 -2147483648 -2147483648 -2147483648 -2147483648 -2147483648 -2147483648 -2147483648 -2147483648 -2147483648 -2147483648 -2147483648 -11 -17 -2147483648 -2147483648 -2147483648 -2147483648 -2147483648 -2147483648 -2147483648 -2147483648 -2147483648 -2147483648 -2147483648 -2147483648 -2147483648 -2147483648 -2147483648 -2147483648 -2147483648 -2147483648 -2147483648 -2147483648 -2147483648 -2147483648 -2147483648 -2147483648 -2147483648 -2147483648 -2147483648 -2147483648 -2147483648 -2147483648 -2147483648 -2147483648 -2147483648 -2147483648 -2147483648 -2147483648 -2147483648 -2147483648 -2147483648 -2147483648 -2147483648 -2147483648 -2147483648 -2147483648 -2147483648 -2147483648 -2147483648 -2147483648 -2147483648 -2147483648 -2147483648 -2147483648 -2147483648 -2147483648 -2147483648 -2147483648 -2147483648 -2147483648 -2147483648 -2147483648 -2147483648 -2147483648 -2147483648 -2147483648 -2147483648 -2147483648 -2147483648 -2147483648 -2147483648 -2147483648 -2147483648 -2147483648 -2147483648 -2147483648
split_feature= 1 1 1 6 6 3 1 2 7 8 6 2 7 2 2 8 6 6 6 1 1
split_gain= 2449.9 639.332 443.083 338.944 178.302 93.1428 75.7636 65.004 54.7597 130.653 52.7302 36.1226 35.745 26.111 25.3335 18.8557 16.9527 14.7296 11.4379 8.03926 3.76531
threshold= 4.5301500000000017 6.3350000000000009 2.7820000000000005 2.2147445135257553 2.5219735498882589 4.2015099382944241 7.852450000000001 24.500000000000004 37.945000000000007 -122.24499999999999 2.8941056667066012 26.500000000000004 37.815000000000005 21.500000000000004 16.500000000000004 -117.69499999999998 2.5039907448682843 2.0653737590585881 2.9742256672023202 1.9486000000000003 3.4105000000000003
decision_type= 2 2 2 2 2 2 2 2 2 2 2 2 2 2 2 2 2 2 2 2 2
left_child=2 4 5 7 13 16 11 -4 9 -5 15 -3 20 -2 -6 -11 -1 -15 -16 -7 -9
right_child=1 6 3 8 14 19 -8 12 -10 10 -12 -13 -14 17 18 -17 -18 -19 -20 -21 -22
leaf_value= -0.004154141140768992 0.040640631691318999 0.071650027472719133 0.0083452582231421085 0.059161383416050407 -0.003498535784715439 -0.078010015971093277 0.14933966642676905 0.056616168263768821 -0.043806347267747764 0.007100152350516916 -0.03005409760259721 0.12973318091079372 -0.0016516551746269771 0.15475667722236652 0.046304768950422064 -0.03302341453027445 -0.038563801310372382 0.082882185305855921 0.0146284350470839 -0.052857546798538817 0.10787351205525919
leaf_weight=599 267 530 426 305 696 939 609 264 1043 1534 2246 335 113 117 901 409 1439 445 876 2119 300
leaf_count=599 267 530 426 305 696 939 609 264 1043 1534 2246 335 113 117 901 409 1439 445 876 2119 300
model_size=2384
internal_value=0 0.060788 -0.0247378 -0.00709113 0.0357178 -0.0477312 0.116949 0.0459448 -0.0176562 -0.0115871 -0.0167382 0.0941447 0.0696043 0.0794212 0.0210676 -0.00134583 -0.0284503 0.0978454 0.0306894 -0.060581 0.0838807
internal_weight=0 4776 11736 6640 3302 5096 1474 1103 5537 4494 4189 865 677 829 2473 1943 2038 562 1777 3058 564
internal_count=16512 4776 11736 6640 3302 5096 1474 1103 5537 4494 4189 865 677 829 2473 1943 2038 562 1777 3058 564
is_linear=0
shrinkage=0.1


Tree=6
num_leaves= 27
num_cat= 0
full_tree_array_lgbids= 0 1 3 4 2 7 -5 13 5 10 15 22 -9 -2147483648 -2147483648 14 -15 6 8 11 -12 -4 16 23 -24 -2147483648 -2147483648 -2147483648 -2147483648 -2147483648 -2147483648 18 -16 -2147483648 -2147483648 -6 19 9 -10 -3 12 -2147483648 -2147483648 -2147483648 -2147483648 17 -18 -2 -25 -2147483648 -2147483648 -2147483648 -2147483648 -2147483648 -2147483648 -2147483648 -2147483648 -2147483648 -2147483648 -2147483648 -2147483648 -2147483648 -2147483648 -1 25 -2147483648 -2147483648 -2147483648 -2147483648 -2147483648 -2147483648 -2147483648 -2147483648 24 -21 20 -11 -2147483648 -2147483648 -2147483648 -2147483648 -13 -14 -2147483648 -2147483648 -2147483648 -2147483648 -2147483648 -2147483648 -2147483648 -2147483648 21 -19 -2147483648 -2147483648 -2147483648 -2147483648 -2147483648 -2147483648 -2147483648 -2147483648 -2147483648 -2147483648 -2147483648 -2147483648 -2147483648 -2147483648 -2147483648 -2147483648 -2147483648 -2147483648 -2147483648 -2147483648 -2147483648 -2147483648 -2147483648 -2147483648 -2147483648 -2147483648 -2147483648 -2147483648 -2147483648 -2147483648 -2147483648 -2147483648 -2147483648 -2147483648 -2147483648 -2147483648 -20 -27 -2147483648 -2147483648 -2147483648 -2147483648 -2147483648 -2147483648 -2147483648 -2147483648 -2147483648 -2147483648 -2147483648 -2147483648 -2147483648 -2147483648 -2147483648 -2147483648 -8 -26 -2147483648 -2147483648 -7 -22 -2147483648 -2147483648 -2147483648 -2147483648 -2147483648 -2147483648 -2147483648 -2147483648 -2147483648 -2147483648 -2147483648 -2147483648 -2147483648 -2147483648 -2147483648 -2147483648 -2147483648 -2147483648 -2147483648 -2147483648 -2147483648 -2147483648 -2147483648 -2147483648 -2147483648 -2147483648 -2147483648 -2147483648 -2147483648 -2147483648 -17 -23 -2147483648 -2147483648 -2147483648 -2147483648 -2147483648 -2147483648 -2147483648 -2147483648 -2147483648 -2147483648 -2147483648 -2147483648 -2147483648 -2147483648 -2147483648 -2147483648 -2147483648 -2147483648 -2147483648 -2147483648 -2147483648 -2147483648 -2147483648 -2147483648 -2147483648 -2147483648 -2147483648 -2147483648 -2147483648 -2147483648 -2147483648 -2147483648 -2147483648 -2147483648 -2147483648 -2147483648 -2147483648 -2147483648 -2147483648 -2147483648 -2147483648 -2147483648 -2147483648 -2147483648 -2147483648 -2147483648 -2147483648 -2147483648 -2147483648 -2147483648 -2147483648 -2147483648 -2147483648 -2147483648 -2147483648 -2147483648 -2147483648 -2147483648 -2147483648 -2147483648 -2147483648 -2147483648 -2147483648 -2147483648 -2147483648 -2147483648 -2147483648 -2147483648 -2147483648 -2147483648
split_feature= 1 1 6 1 6 7 8 6 8 7 7 2 6 7 8 8 7 8 8 8 8 6 7 8 6 7
split_gain= 2018.36 639.316 264.221 169.409 161.899 76.6111 77.4838 69.915 65.6955 70.3383 64.0426 53.9876 57.6624 47.1758 42.2483 33.4826 29.3632 36.1672 22.3269 19.094 16.8918 13.7873 11.1112 13.5736 4.39364 1.73741
threshold= 5.6042500000000013 3.5488500000000003 2.5288691539219195 7.7055000000000016 2.2352443515477258 34.455000000000005 -118.29499999999999 3.0089663118548242 -121.63499999999998 37.895000000000003 37.935000000000009 17.500000000000004 2.0653737590585881 37.935000000000009 -117.145 -122.26499999999999 37.975000000000001 -117.79499999999999 -122.31499999999998 -117.675 -122.31499999999998 3.0298305221858191 37.955000000000005 -117.83499999999999 3.1424162072895592 34.455000000000005
decision_type= 2 2 2 2 2 2 2 2 2 2 2 2 2 2 2 2 2 2 2 2 2 2 2 2 2 2
left_child=1 4 10 7 13 6 -6 22 9 20 11 -3 -13 14 18 -4 17 21 -1 24 -7 -17 23 -2 -8 -20
right_child=3 2 15 -5 5 8 19 -9 -10 -11 -12 12 -14 -15 -16 16 -18 -19 25 -21 -22 -23 -24 -25 -26 -27
leaf_value= 0.09715413779355167 0.10259126172008846 0.010101961820963989 0.036683107608674596 0.13206372909928993 0.009245933484121718 0.050655783103149145 -0.0013358916697801886 0.035772917084435349 -0.066787695902870634 -0.057710171794866795 -0.012163791581693846 0.11022765893678838 0.049732583194149332 -0.042968495280607297 -0.051821209017739261 0.019136372920218553 -0.042871736909911626 -0.029952499934340921 0.029370310477956775 -0.054430892108418331 -0.017329392501005531 -0.0083510145268919506 0.018512989853226233 0.047067961606749878 -0.034899249721648359 -0.010569621666783602
leaf_weight=89 811 341 373 670 663 139 464 649 2043 728 253 351 850 349 162 1219 445 731 588 1005 494 1273 89 187 1196 350
leaf_count=89 811 341 373 670 663 139 464 649 2043 728 253 351 850 349 162 1219 445 731 588 1005 494 1273 89 187 1196 350
model_size=2944
internal_value=0 -0.0145576 0.0114352 0.0853492 -0.0329004 -0.0402425 -0.0273234 0.06732 -0.052873 -0.0319857 0.0453092 0.0547389 0.0674127 -0.000763295 0.0116249 -0.00361148 -0.00770905 -0.00285414 0.021633 -0.0364212 -0.00240058 0.00509486 0.0861554 0.0921876 -0.0255177 0.0144674
internal_weight=0 14106 5836 2406 8270 6732 3328 1736 3404 1361 1795 1542 1201 1538 1189 4041 3668 3223 1027 2665 633 2492 1087 998 1660 938
internal_count=16512 14106 5836 2406 8270 6732 3328 1736 3404 1361 1795 1542 1201 1538 1189 4041 3668 3223 1027 2665 633 2492 1087 998 1660 938
is_linear=0
shrinkage=0.1


Tree=7
num_leaves= 18
num_cat= 0
full_tree_array_lgbids= 0 1 2 5 3 4 8 -1 16 6 7 -2 -6 15 -10 -2147483648 -2147483648 -7 -18 -3 9 12 10 -2147483648 -2147483648 -2147483648 -2147483648 -4 -17 -2147483648 -2147483648 -2147483648 -2147483648 -2147483648 -2147483648 -2147483648 -2147483648 -2147483648 -2147483648 -2147483648 -2147483648 11 -11 -5 -14 -9 13 -2147483648 -2147483648 -2147483648 -2147483648 -2147483648 -2147483648 -2147483648 -2147483648 -2147483648 -2147483648 -2147483648 -2147483648 -2147483648 -2147483648 -2147483648 -2147483648 -2147483648 -2147483648 -2147483648 -2147483648 -2147483648 -2147483648 -2147483648 -2147483648 -2147483648 -2147483648 -2147483648 -2147483648 -2147483648 -2147483648 -2147483648 -2147483648 -2147483648 -2147483648 -2147483648 -2147483648 -8 -13 -2147483648 -2147483648 -2147483648 -2147483648 -2147483648 -2147483648 -2147483648 -2147483648 14 -15 -2147483648 -2147483648 -2147483648 -2147483648 -2147483648 -2147483648 -2147483648 -2147483648 -2147483648 -2147483648 -2147483648 -2147483648 -2147483648 -2147483648 -2147483648 -2147483648 -2147483648 -2147483648 -2147483648 -2147483648 -2147483648 -2147483648 -2147483648 -2147483648 -2147483648 -2147483648 -2147483648 -2147483648 -2147483648 -2147483648 -2147483648 -2147483648 -2147483648 -2147483648 -2147483648 -2147483648 -2147483648 -2147483648 -2147483648 -2147483648 -2147483648 -2147483648 -2147483648 -2147483648 -2147483648 -2147483648 -2147483648 -2147483648 -2147483648 -2147483648 -2147483648 -2147483648 -2147483648 -2147483648 -2147483648 -2147483648 -2147483648 -2147483648 -2147483648 -2147483648 -2147483648 -2147483648 -2147483648 -2147483648 -2147483648 -2147483648 -2147483648 -2147483648 -2147483648 -2147483648 -2147483648 -2147483648 -2147483648 -2147483648 -2147483648 -2147483648 -2147483648 -2147483648 -2147483648 -2147483648 -2147483648 -2147483648 -2147483648 -2147483648 -2147483648 -2147483648 -2147483648 -2147483648 -2147483648 -2147483648 -2147483648 -2147483648 -12 -16 -2147483648 -2147483648 -2147483648 -2147483648 -2147483648 -2147483648 -2147483648 -2147483648 -2147483648 -2147483648 -2147483648 -2147483648 -2147483648 -2147483648 -2147483648 -2147483648 -2147483648 -2147483648 -2147483648 -2147483648 -2147483648 -2147483648 -2147483648 -2147483648 -2147483648 -2147483648 -2147483648 -2147483648 -2147483648 -2147483648 -2147483648 -2147483648 -2147483648 -2147483648 -2147483648 -2147483648 -2147483648 -2147483648 -2147483648 -2147483648 -2147483648 -2147483648 -2147483648 -2147483648 -2147483648 -2147483648 -2147483648 -2147483648 -2147483648 -2147483648 -2147483648 -2147483648 -2147483648 -2147483648 -2147483648 -2147483648 -2147483648 -2147483648 -2147483648 -2147483648 -2147483648 -2147483648 -2147483648 -2147483648 -2147483648 -2147483648
split_feature= 1 1 1 6 6 3 2 1 2 7 8 8 3 7 8 1 1
split_gain= 1646.24 392.732 277.022 252.314 70.8872 60.9966 60.2153 52.4223 44.5448 42.1761 30.1574 15.7111 8.07151 6.80742 13.7971 6.74258 5.05239
threshold= 5.0116000000000005 2.5894500000000007 6.3963500000000009 2.2982753493904258 2.5288691539219195 3.6482937607122259 24.500000000000004 3.8346500000000003 21.500000000000004 37.815000000000005 -122.27499999999999 -122.40499999999999 4.7252880533656763 37.595000000000006 -117.79499999999999 8.7395500000000013 1.9486000000000003
decision_type= 2 2 2 2 2 2 2 2 2 2 2 2 2 2 2 2 2
left_child=1 5 4 6 -2 -1 -3 12 15 11 -9 -8 -5 14 -12 -4 -7
right_child=2 3 8 7 -6 16 9 10 -10 -11 13 -13 -14 -15 -16 -17 -18
leaf_value= -0.013513711176573946 0.073959437023858252 0.0024679959778050689 0.055657180128099448 -0.0089853869609950263 0.024049271933205121 -0.063688798869561788 0.1222362564128564 0.043239396466800063 0.11674809938788396 -0.0042287172603548747 0.0098421638451491964 0.053779432889486792 -0.030104474998414867 -0.029829903827039952 -0.025500474205054344 0.11967728425328049 -0.041827696040147112
leaf_weight=872 562 653 466 1444 1641 1326 122 304 822 204 1548 743 2611 524 500 124 2046
leaf_count=872 562 653 466 1444 1641 1326 122 304 822 204 1548 743 2611 524 500 124 2046
model_size=1936
internal_value=0 -0.0168856 0.0602416 -0.00415561 0.0367817 -0.0428404 0.0322996 -0.0132129 0.0968436 0.0505222 -2.29677e-07 0.0634346 -0.0225839 -0.00511098 0.00121359 0.0691123 -0.0504243
internal_weight=0 12897 3615 8653 2203 4244 1722 6931 1412 1069 2876 865 4055 2572 2048 590 3372
internal_count=16512 12897 3615 8653 2203 4244 1722 6931 1412 1069 2876 865 4055 2572 2048 590 3372
is_linear=0
shrinkage=0.1


Tree=8
num_leaves= 20
num_cat= 0
full_tree_array_lgbids= 0 2 1 8 3 4 9 -1 17 10 5 16 14 11 -11 -2147483648 -2147483648 18 -19 -4 13 6 -7 -2 -18 15 -16 -3 -13 -2147483648 -2147483648 -2147483648 -2147483648 -2147483648 -2147483648 -10 -20 -2147483648 -2147483648 -2147483648 -2147483648 -12 -15 7 -8 -2147483648 -2147483648 -2147483648 -2147483648 -2147483648 -2147483648 -6 -17 -2147483648 -2147483648 -2147483648 -2147483648 -2147483648 -2147483648 -2147483648 -2147483648 -2147483648 -2147483648 -2147483648 -2147483648 -2147483648 -2147483648 -2147483648 -2147483648 -2147483648 -2147483648 -2147483648 -2147483648 -2147483648 -2147483648 -2147483648 -2147483648 -2147483648 -2147483648 -2147483648 -2147483648 -2147483648 -2147483648 -2147483648 -2147483648 -2147483648 -2147483648 -5 12 -2147483648 -2147483648 -2147483648 -2147483648 -2147483648 -2147483648 -2147483648 -2147483648 -2147483648 -2147483648 -2147483648 -2147483648 -2147483648 -2147483648 -2147483648 -2147483648 -2147483648 -2147483648 -2147483648 -2147483648 -2147483648 -2147483648 -2147483648 -2147483648 -2147483648 -2147483648 -2147483648 -2147483648 -2147483648 -2147483648 -2147483648 -2147483648 -2147483648 -2147483648 -2147483648 -2147483648 -2147483648 -2147483648 -2147483648 -2147483648 -2147483648 -2147483648 -2147483648 -2147483648 -2147483648 -2147483648 -2147483648 -2147483648 -2147483648 -2147483648 -2147483648 -2147483648 -2147483648 -2147483648 -2147483648 -2147483648 -2147483648 -2147483648 -2147483648 -2147483648 -2147483648 -2147483648 -2147483648 -2147483648 -2147483648 -2147483648 -2147483648 -2147483648 -2147483648 -2147483648 -2147483648 -2147483648 -2147483648 -2147483648 -2147483648 -2147483648 -2147483648 -2147483648 -2147483648 -2147483648 -2147483648 -2147483648 -2147483648 -2147483648 -2147483648 -2147483648 -2147483648 -2147483648 -9 -14 -2147483648 -2147483648 -2147483648 -2147483648 -2147483648 -2147483648 -2147483648 -2147483648 -2147483648 -2147483648 -2147483648 -2147483648 -2147483648 -2147483648 -2147483648 -2147483648 -2147483648 -2147483648 -2147483648 -2147483648 -2147483648 -2147483648 -2147483648 -2147483648 -2147483648 -2147483648 -2147483648 -2147483648 -2147483648 -2147483648 -2147483648 -2147483648 -2147483648 -2147483648 -2147483648 -2147483648 -2147483648 -2147483648 -2147483648 -2147483648 -2147483648 -2147483648 -2147483648 -2147483648 -2147483648 -2147483648 -2147483648 -2147483648 -2147483648 -2147483648 -2147483648 -2147483648 -2147483648 -2147483648 -2147483648 -2147483648 -2147483648 -2147483648 -2147483648 -2147483648 -2147483648 -2147483648 -2147483648 -2147483648 -2147483648 -2147483648 -2147483648 -2147483648 -2147483648 -2147483648 -2147483648 -2147483648 -2147483648 -2147483648 -2147483648 -2147483648
split_feature= 1 1 1 6 6 6 7 8 3 2 2 1 7 7 7 8 2 7 8
split_gain= 1341.35 287.51 263.007 207.895 86.782 51.4354 49.588 64.0722 39.7015 34.5267 31.1081 19.4184 15.3562 5.13417 3.50862 11.3222 2.54175 2.12963 0.84259
threshold= 4.6754000000000007 6.3350000000000009 2.5205000000000006 2.0653737590585881 2.5163636904584812 2.8079590171801518 37.935000000000009 -122.31499999999998 3.3654435698213785 29.500000000000004 19.500000000000004 9.1688500000000008 34.525000000000013 37.815000000000005 37.955000000000005 -118.01499999999999 21.500000000000004 35.335000000000008 -118.35499999999998
decision_type= 2 2 2 2 2 2 2 2 2 2 2 2 2 2 2 2 2 2 2
left_child=2 4 8 10 16 6 7 -5 -1 11 -4 -3 -9 -12 15 -6 -2 18 -10
right_child=1 9 3 5 14 -7 -8 12 17 -11 13 -13 -14 -15 -16 -17 -18 -19 -20
leaf_value= -0.0058946862238170618 0.031828698139621074 0.058533451381488091 0.00012329559527583176 0.080558994540208317 0.033281159916047832 -0.022984891039410069 -0.027549115126150991 0.01357726398100028 0.0072217670985098396 0.11372085109164785 0.06782930485068886 0.1224486549408772 -0.016013324959839429 -0.00014511784871241876 -0.016331716645427312 0.0010666870251642229 0.080483266809023915 -0.055169505090394068 -0.039757984224830914
leaf_weight=542 224 764 273 172 1265 3823 897 1501 175 554 570 156 888 98 285 656 475 1786 1408
leaf_count=542 224 764 273 172 1265 3823 897 1501 175 554 570 156 888 98 285 656 475 1786 1408
model_size=2160
internal_value=0 0.048031 -0.0173352 -0.00655374 0.0287453 -0.0127135 -0.00135794 0.00781561 -0.0400008 0.08604 0.0411075 0.0693712 0.00257833 0.057857 0.0172919 0.0222803 0.0648915 -0.0454877 -0.0345644
internal_weight=0 4379 12133 8222 2905 7281 3458 2561 3911 1474 941 920 2389 668 2206 1921 699 3369 1583
internal_count=16512 4379 12133 8222 2905 7281 3458 2561 3911 1474 941 920 2389 668 2206 1921 699 3369 1583
is_linear=0
shrinkage=0.1


Tree=9
num_leaves= 24
num_cat= 0
full_tree_array_lgbids= 0 1 3 6 2 7 -5 -1 9 4 15 21 -9 -2147483648 -2147483648 -2147483648 -2147483648 10 11 5 -6 18 16 22 -23 -2147483648 -2147483648 -2147483648 -2147483648 -2147483648 -2147483648 -2147483648 -2147483648 -2147483648 -2147483648 -8 -12 12 -13 8 -7 -2147483648 -2147483648 -4 -20 17 19 -2 -24 -2147483648 -2147483648 -2147483648 -2147483648 -2147483648 -2147483648 -2147483648 -2147483648 -2147483648 -2147483648 -2147483648 -2147483648 -2147483648 -2147483648 -2147483648 -2147483648 -2147483648 -2147483648 -2147483648 -2147483648 -2147483648 -2147483648 -2147483648 -2147483648 -2147483648 -2147483648 14 -14 -2147483648 -2147483648 -3 13 -2147483648 -2147483648 -2147483648 -2147483648 -2147483648 -2147483648 -2147483648 -2147483648 -2147483648 -2147483648 20 -19 -18 -21 -2147483648 -2147483648 -2147483648 -2147483648 -2147483648 -2147483648 -2147483648 -2147483648 -2147483648 -2147483648 -2147483648 -2147483648 -2147483648 -2147483648 -2147483648 -2147483648 -2147483648 -2147483648 -2147483648 -2147483648 -2147483648 -2147483648 -2147483648 -2147483648 -2147483648 -2147483648 -2147483648 -2147483648 -2147483648 -2147483648 -2147483648 -2147483648 -2147483648 -2147483648 -2147483648 -2147483648 -2147483648 -2147483648 -2147483648 -2147483648 -2147483648 -2147483648 -2147483648 -2147483648 -2147483648 -2147483648 -2147483648 -2147483648 -2147483648 -2147483648 -2147483648 -2147483648 -2147483648 -2147483648 -2147483648 -2147483648 -11 -16 -2147483648 -2147483648 -2147483648 -2147483648 -2147483648 -2147483648 -2147483648 -2147483648 -10 -15 -2147483648 -2147483648 -2147483648 -2147483648 -2147483648 -2147483648 -2147483648 -2147483648 -2147483648 -2147483648 -2147483648 -2147483648 -2147483648 -2147483648 -2147483648 -2147483648 -2147483648 -2147483648 -2147483648 -2147483648 -17 -22 -2147483648 -2147483648 -2147483648 -2147483648 -2147483648 -2147483648 -2147483648 -2147483648 -2147483648 -2147483648 -2147483648 -2147483648 -2147483648 -2147483648 -2147483648 -2147483648 -2147483648 -2147483648 -2147483648 -2147483648 -2147483648 -2147483648 -2147483648 -2147483648 -2147483648 -2147483648 -2147483648 -2147483648 -2147483648 -2147483648 -2147483648 -2147483648 -2147483648 -2147483648 -2147483648 -2147483648 -2147483648 -2147483648 -2147483648 -2147483648 -2147483648 -2147483648 -2147483648 -2147483648 -2147483648 -2147483648 -2147483648 -2147483648 -2147483648 -2147483648 -2147483648 -2147483648 -2147483648 -2147483648 -2147483648 -2147483648 -2147483648 -2147483648 -2147483648 -2147483648 -2147483648 -2147483648 -2147483648 -2147483648 -2147483648 -2147483648 -2147483648 -2147483648 -2147483648 -2147483648
split_feature= 1 1 6 1 7 8 6 6 8 7 8 8 7 7 8 8 7 8 7 8 6 7 8
split_gain= 1096.97 319.931 182.527 116.101 53.1189 51.7408 47.6429 43.0932 35.4516 34.817 42.9772 29.6854 30.1918 27.575 18.1711 9.35135 67.6185 29.9359 23.8361 7.77053 7.5475 0.639629 6.30637
threshold= 5.3736000000000006 3.1792500000000001 2.6182831096480128 7.3930000000000016 37.895000000000003 -117.145 2.0376051459673437 3.0375944537846187 -122.29499999999999 34.455000000000005 -118.30499999999999 -120.09499999999998 37.895000000000003 34.525000000000013 -122.31499999999998 -121.48499999999999 34.525000000000013 -117.79499999999999 37.915000000000006 -119.94499999999998 3.253673235601747 37.955000000000005 -117.85499999999998
decision_type= 2 2 2 2 2 2 2 2 2 2 2 2 2 2 2 2 2 2 2 2 2 2 2
left_child=1 6 4 7 5 8 -1 21 -3 10 -8 12 14 -10 -11 18 17 20 -4 -18 -17 22 -2
right_child=3 2 15 -5 -6 -7 9 -9 13 11 -12 -13 -14 -15 -16 16 19 -19 -20 -21 -22 -23 -24
leaf_value= 0.0024255754307981165 0.0721425019874498 0.093741048394467397 0.02505346247917857 0.094759248633911428 -0.01179984840083214 -0.043281342712445908 0.014759454201022258 0.01684534268479183 0.046724360776435658 0.051127317596540281 -0.028306455277159248 -0.06620278740004254 -0.048188197867301552 0.0074277290028488653 -0.022542178278715408 0.019452639542932804 -0.030644592718104199 -0.029061082851297621 -0.022836048259883179 -0.079206639357171094 -0.012485733932678437 0.0059995410983964548 0.026153272219294272
leaf_weight=776 944 216 685 793 479 130 499 704 1215 107 2395 814 1316 588 882 944 549 766 395 258 705 116 236
leaf_count=776 944 216 685 793 479 130 499 704 1215 107 2395 814 1316 588 882 944 549 766 395 258 705 116 236
model_size=2608
internal_value=0 -0.0118065 0.00408214 0.0579928 0.0266769 0.0352532 -0.0280252 0.0434149 0.0403099 -0.031955 -0.0208808 -0.0422303 -0.0337645 0.0339088 -0.0145719 -0.00972054 -0.0155056 -0.00525877 0.00753832 -0.04617 0.00579797 0.0578477 0.0629447
internal_weight=0 13719 6930 2793 2628 2149 6789 2000 2019 6013 2894 3119 2305 1803 989 4302 3222 2415 1080 807 1649 1296 1180
internal_count=16512 13719 6930 2793 2628 2149 6789 2000 2019 6013 2894 3119 2305 1803 989 4302 3222 2415 1080 807 1649 1296 1180
is_linear=0
shrinkage=0.1


Tree=10
num_leaves= 18
num_cat= 0
full_tree_array_lgbids= 0 2 1 12 3 4 11 -1 -14 13 5 14 -6 -3 -13 -2147483648 -2147483648 -2147483648 -2147483648 -4 -15 6 7 -2 15 -2147483648 -2147483648 -2147483648 -2147483648 -2147483648 -2147483648 -2147483648 -2147483648 -2147483648 -2147483648 -2147483648 -2147483648 -2147483648 -2147483648 -2147483648 -2147483648 -2147483648 -2147483648 -5 -8 8 9 -2147483648 -2147483648 -16 -17 -2147483648 -2147483648 -2147483648 -2147483648 -2147483648 -2147483648 -2147483648 -2147483648 -2147483648 -2147483648 -2147483648 -2147483648 -2147483648 -2147483648 -2147483648 -2147483648 -2147483648 -2147483648 -2147483648 -2147483648 -2147483648 -2147483648 -2147483648 -2147483648 -2147483648 -2147483648 -2147483648 -2147483648 -2147483648 -2147483648 -2147483648 -2147483648 -2147483648 -2147483648 -2147483648 -2147483648 -2147483648 -2147483648 -2147483648 -2147483648 -7 16 10 -11 -2147483648 -2147483648 -2147483648 -2147483648 -2147483648 -2147483648 -2147483648 -2147483648 -2147483648 -2147483648 -2147483648 -2147483648 -2147483648 -2147483648 -2147483648 -2147483648 -2147483648 -2147483648 -2147483648 -2147483648 -2147483648 -2147483648 -2147483648 -2147483648 -2147483648 -2147483648 -2147483648 -2147483648 -2147483648 -2147483648 -2147483648 -2147483648 -2147483648 -2147483648 -2147483648 -2147483648 -2147483648 -2147483648 -2147483648 -2147483648 -2147483648 -2147483648 -2147483648 -2147483648 -2147483648 -2147483648 -2147483648 -2147483648 -2147483648 -2147483648 -2147483648 -2147483648 -2147483648 -2147483648 -2147483648 -2147483648 -2147483648 -2147483648 -2147483648 -2147483648 -2147483648 -2147483648 -2147483648 -2147483648 -2147483648 -2147483648 -2147483648 -2147483648 -2147483648 -2147483648 -2147483648 -2147483648 -2147483648 -2147483648 -2147483648 -2147483648 -2147483648 -2147483648 -2147483648 -2147483648 -2147483648 -2147483648 -2147483648 -2147483648 -2147483648 -2147483648 -2147483648 -2147483648 -2147483648 -2147483648 -10 -18 -9 -12 -2147483648 -2147483648 -2147483648 -2147483648 -2147483648 -2147483648 -2147483648 -2147483648 -2147483648 -2147483648 -2147483648 -2147483648 -2147483648 -2147483648 -2147483648 -2147483648 -2147483648 -2147483648 -2147483648 -2147483648 -2147483648 -2147483648 -2147483648 -2147483648 -2147483648 -2147483648 -2147483648 -2147483648 -2147483648 -2147483648 -2147483648 -2147483648 -2147483648 -2147483648 -2147483648 -2147483648 -2147483648 -2147483648 -2147483648 -2147483648 -2147483648 -2147483648 -2147483648 -2147483648 -2147483648 -2147483648 -2147483648 -2147483648 -2147483648 -2147483648 -2147483648 -2147483648 -2147483648 -2147483648 -2147483648 -2147483648 -2147483648 -2147483648 -2147483648 -2147483648 -2147483648 -2147483648 -2147483648 -2147483648 -2147483648 -2147483648
split_feature= 1 1 1 6 6 8 7 7 8 8 7 2 3 2 2 4 8
split_gain= 898.551 200.078 153.784 131.911 61.4736 31.3417 48.5805 42.8203 72.3051 71.7933 58.048 21.7045 21.0544 12.8728 4.85866 6.24081 3.90071
threshold= 4.5301500000000017 6.2770500000000009 2.5044000000000004 2.0376051459673437 2.735488224282792 -122.38499999999998 38.685000000000009 34.455000000000005 -118.30499999999999 -119.94499999999998 37.595000000000006 18.500000000000004 3.5590287573586119 28.500000000000004 21.500000000000004 1.0423757776567768 -117.75499999999998
decision_type= 2 2 2 2 2 2 2 2 2 2 2 2 2 2 2 2 2
left_child=2 4 12 13 14 6 -5 8 -7 10 -9 -3 -1 -4 -2 -16 -10
right_child=1 11 3 5 -6 7 -8 9 16 -11 -12 -13 -14 -15 15 -17 -18
leaf_value= -0.008244807324573061 0.017421188072298994 0.043766365568765009 0.011869046122823607 0.041231329018379462 0.0077920134251938042 0.027457959497300444 -0.046564595032583124 0.011503769351620868 -0.0044749263250012409 -0.066242140856815498 -0.031053974421322617 0.083469230306509129 -0.038955842007504182 0.058533174418504967 0.036986771895048384 0.079813438375505988 -0.028259987659360161
leaf_weight=713 415 545 428 450 1919 802 140 751 1697 542 1558 991 3133 428 541 365 1094
leaf_count=713 415 545 428 450 1919 802 140 751 1697 542 1558 991 3133 428 541 365 1094
model_size=1936
internal_value=0 0.0372477 -0.0151581 -0.00633307 0.0220137 -0.0113876 0.0203984 -0.0142978 -0.00458923 -0.0265331 -0.0172121 0.069382 -0.0332624 0.0352011 0.0426734 0.0542403 -0.0137981
internal_weight=0 4776 11736 7890 3240 7034 590 6444 3593 2851 2309 1536 3846 856 1321 906 2791
internal_count=16512 4776 11736 7890 3240 7034 590 6444 3593 2851 2309 1536 3846 856 1321 906 2791
is_linear=0
shrinkage=0.1


Tree=11
num_leaves= 18
num_cat= 0
full_tree_array_lgbids= 0 1 3 4 2 5 -5 -1 7 6 9 -2 -7 -2147483648 -2147483648 -2147483648 -2147483648 14 16 -3 8 13 10 -2147483648 -2147483648 -2147483648 -2147483648 -2147483648 -2147483648 -2147483648 -2147483648 -2147483648 -2147483648 -2147483648 -2147483648 -6 -16 -9 -18 -2147483648 -2147483648 -8 -10 -4 -15 11 12 -2147483648 -2147483648 -2147483648 -2147483648 -2147483648 -2147483648 -2147483648 -2147483648 -2147483648 -2147483648 -2147483648 -2147483648 -2147483648 -2147483648 -2147483648 -2147483648 -2147483648 -2147483648 -2147483648 -2147483648 -2147483648 -2147483648 -2147483648 -2147483648 -2147483648 -2147483648 -2147483648 -2147483648 -2147483648 -2147483648 -2147483648 -2147483648 -2147483648 -2147483648 -2147483648 -2147483648 -2147483648 -2147483648 -2147483648 -2147483648 -2147483648 -2147483648 -2147483648 -2147483648 -11 -13 15 -14 -2147483648 -2147483648 -2147483648 -2147483648 -2147483648 -2147483648 -2147483648 -2147483648 -2147483648 -2147483648 -2147483648 -2147483648 -2147483648 -2147483648 -2147483648 -2147483648 -2147483648 -2147483648 -2147483648 -2147483648 -2147483648 -2147483648 -2147483648 -2147483648 -2147483648 -2147483648 -2147483648 -2147483648 -2147483648 -2147483648 -2147483648 -2147483648 -2147483648 -2147483648 -2147483648 -2147483648 -2147483648 -2147483648 -2147483648 -2147483648 -2147483648 -2147483648 -2147483648 -2147483648 -2147483648 -2147483648 -2147483648 -2147483648 -2147483648 -2147483648 -2147483648 -2147483648 -2147483648 -2147483648 -2147483648 -2147483648 -2147483648 -2147483648 -2147483648 -2147483648 -2147483648 -2147483648 -2147483648 -2147483648 -2147483648 -2147483648 -2147483648 -2147483648 -2147483648 -2147483648 -2147483648 -2147483648 -2147483648 -2147483648 -2147483648 -2147483648 -2147483648 -2147483648 -2147483648 -2147483648 -2147483648 -2147483648 -2147483648 -2147483648 -2147483648 -2147483648 -2147483648 -2147483648 -2147483648 -2147483648 -2147483648 -2147483648 -12 -17 -2147483648 -2147483648 -2147483648 -2147483648 -2147483648 -2147483648 -2147483648 -2147483648 -2147483648 -2147483648 -2147483648 -2147483648 -2147483648 -2147483648 -2147483648 -2147483648 -2147483648 -2147483648 -2147483648 -2147483648 -2147483648 -2147483648 -2147483648 -2147483648 -2147483648 -2147483648 -2147483648 -2147483648 -2147483648 -2147483648 -2147483648 -2147483648 -2147483648 -2147483648 -2147483648 -2147483648 -2147483648 -2147483648 -2147483648 -2147483648 -2147483648 -2147483648 -2147483648 -2147483648 -2147483648 -2147483648 -2147483648 -2147483648 -2147483648 -2147483648 -2147483648 -2147483648 -2147483648 -2147483648 -2147483648 -2147483648 -2147483648 -2147483648 -2147483648 -2147483648 -2147483648 -2147483648 -2147483648 -2147483648 -2147483648 -2147483648
split_feature= 1 1 6 1 6 6 2 1 6 8 7 8 8 7 3 7 3
split_gain= 728.594 232.322 123.953 49.8544 33.5565 27.8267 25.1836 19.3742 16.2318 9.56195 56.2059 27.9096 25.6454 6.82479 4.65997 3.95274 3.02076
threshold= 5.6042500000000013 3.3277500000000004 2.4469862317432325 8.0125000000000011 2.0376051459673437 2.5949646725452555 16.500000000000004 2.2210000000000005 1.9628175980828908 -121.85499999999998 34.655000000000008 -118.22499999999998 -120.09499999999998 37.915000000000006 3.3133866958124387 37.275000000000013 4.6437571666840416
decision_type= 2 2 2 2 2 2 2 2 2 2 2 2 2 2 2 2 2
left_child=1 4 6 5 -1 -2 -3 14 -8 13 11 -11 15 -4 -6 -12 -9
right_child=3 2 9 -5 7 -7 8 16 -10 10 12 -13 -14 -15 -16 -17 -18
leaf_value= 0.0046527408534708216 0.070660144284094464 -0.0047882682363973609 0.029676309305613442 0.086366176626723204 -0.0050571108834908595 0.030363864746175487 0.074678408775149571 -0.0074349225988524798 0.030184785022128457 0.025274676362554756 0.020725161389058847 -0.0080085590676751642 -0.07388463417362226 -0.010747055729814948 -0.041791970746998468 -0.030924360733515701 -0.026559366330743014
leaf_weight=847 532 354 661 548 329 1326 334 1767 1041 768 182 2032 266 399 2143 639 2344
leaf_count=847 532 354 661 548 329 1326 334 1767 1041 768 182 2032 266 399 2143 639 2344
model_size=1936
internal_value=0 -0.0088744 0.00561615 0.0520292 -0.0218945 0.0419019 0.0316194 -0.0253101 0.0409927 -0.0034721 -0.00836235 0.00112056 -0.0327893 0.0144603 -0.0369029 -0.0194746 -0.0183393
internal_weight=0 14106 6676 2406 7430 1858 1729 6583 1375 4947 3887 2800 1087 1060 2472 821 4111
internal_count=16512 14106 6676 2406 7430 1858 1729 6583 1375 4947 3887 2800 1087 1060 2472 821 4111
is_linear=0
shrinkage=0.1


Tree=12
num_leaves= 20
num_cat= 0
full_tree_array_lgbids= 0 3 1 4 11 2 -3 5 -6 12 13 14 9 -2147483648 -2147483648 6 -7 -2147483648 -2147483648 16 -14 15 -15 -2 -16 17 -11 -2147483648 -2147483648 -2147483648 -2147483648 -1 7 -2147483648 -2147483648 -2147483648 -2147483648 -2147483648 -2147483648 -5 -18 -2147483648 -2147483648 -13 -17 -2147483648 -2147483648 -2147483648 -2147483648 -2147483648 -2147483648 -4 18 -2147483648 -2147483648 -2147483648 -2147483648 -2147483648 -2147483648 -2147483648 -2147483648 -2147483648 -2147483648 -2147483648 -2147483648 10 8 -2147483648 -2147483648 -2147483648 -2147483648 -2147483648 -2147483648 -2147483648 -2147483648 -2147483648 -2147483648 -2147483648 -2147483648 -2147483648 -2147483648 -2147483648 -2147483648 -2147483648 -2147483648 -2147483648 -2147483648 -2147483648 -2147483648 -2147483648 -2147483648 -2147483648 -2147483648 -2147483648 -2147483648 -2147483648 -2147483648 -2147483648 -2147483648 -2147483648 -2147483648 -2147483648 -2147483648 -2147483648 -2147483648 -19 -20 -2147483648 -2147483648 -2147483648 -2147483648 -2147483648 -2147483648 -2147483648 -2147483648 -2147483648 -2147483648 -2147483648 -2147483648 -2147483648 -2147483648 -2147483648 -2147483648 -2147483648 -2147483648 -2147483648 -2147483648 -2147483648 -2147483648 -2147483648 -2147483648 -8 -12 -9 -10 -2147483648 -2147483648 -2147483648 -2147483648 -2147483648 -2147483648 -2147483648 -2147483648 -2147483648 -2147483648 -2147483648 -2147483648 -2147483648 -2147483648 -2147483648 -2147483648 -2147483648 -2147483648 -2147483648 -2147483648 -2147483648 -2147483648 -2147483648 -2147483648 -2147483648 -2147483648 -2147483648 -2147483648 -2147483648 -2147483648 -2147483648 -2147483648 -2147483648 -2147483648 -2147483648 -2147483648 -2147483648 -2147483648 -2147483648 -2147483648 -2147483648 -2147483648 -2147483648 -2147483648 -2147483648 -2147483648 -2147483648 -2147483648 -2147483648 -2147483648 -2147483648 -2147483648 -2147483648 -2147483648 -2147483648 -2147483648 -2147483648 -2147483648 -2147483648 -2147483648 -2147483648 -2147483648 -2147483648 -2147483648 -2147483648 -2147483648 -2147483648 -2147483648 -2147483648 -2147483648 -2147483648 -2147483648 -2147483648 -2147483648 -2147483648 -2147483648 -2147483648 -2147483648 -2147483648 -2147483648 -2147483648 -2147483648 -2147483648 -2147483648 -2147483648 -2147483648 -2147483648 -2147483648 -2147483648 -2147483648 -2147483648 -2147483648 -2147483648 -2147483648 -2147483648 -2147483648 -2147483648 -2147483648 -2147483648 -2147483648 -2147483648 -2147483648 -2147483648 -2147483648 -2147483648 -2147483648 -2147483648 -2147483648 -2147483648 -2147483648 -2147483648 -2147483648 -2147483648 -2147483648 -2147483648 -2147483648 -2147483648 -2147483648 -2147483648 -2147483648
split_feature= 1 1 6 6 7 8 8 7 8 6 8 7 8 8 2 7 6 8 7
split_gain= 598.873 162.791 87.7704 73.2391 65.5633 52.7795 26.8633 54.3518 55.7193 17.9809 17.9061 13.7729 19.6687 17.6094 11.8124 9.71279 4.12454 1.20679 9.90169
threshold= 4.125700000000001 6.8672000000000013 2.4469862317432325 2.5763869593405579 37.935000000000009 -117.895 -122.40499999999999 34.595000000000006 -120.56499999999998 3.1424162072895592 -118.36499999999999 34.455000000000005 -117.79499999999999 -121.56499999999998 16.500000000000004 38.675000000000004 3.442186331338819 -122.21499999999999 37.615000000000002
decision_type= 2 2 2 2 2 2 2 2 2 2 2 2 2 2 2 2 2 2 2
left_child=3 2 14 4 5 6 -1 10 -9 17 -8 12 16 15 -2 -13 -5 -4 -19
right_child=1 -3 9 11 -6 -7 7 8 -10 -11 -12 13 -14 -15 -16 -17 -18 18 -20
leaf_value= 0.075527829627905579 0.008301914169137314 0.065454368640158259 0.049651875073476209 0.006436050283198414 -0.027508661147095406 -0.020296125827121911 0.066538576378221734 0.012021888197748746 -0.056274110658568549 -0.0066108718395228253 0.017527146888115946 -0.0050722494172309902 -0.033135036463804272 -0.042656940955033175 0.058394334641835466 -0.047532323331475577 -0.018225989895637326 0.020182406077427523 -0.015375216722144461
leaf_weight=175 233 1040 304 1178 1068 766 344 661 271 1331 579 925 1100 1782 837 328 1335 1827 428
leaf_count=175 233 1040 304 1178 1068 766 344 661 271 1331 579 925 1100 1782 837 328 1335 1827 428
model_size=2160
internal_value=0 0.0259118 0.0176206 -0.0147898 -0.00154634 0.0083706 0.0191877 0.0138726 -0.00783671 0.00940559 0.0357936 -0.0224873 -0.0147242 -0.0317289 0.0474864 -0.0161871 -0.00666535 0.0177362 0.0134336
internal_weight=0 6000 4960 10512 3864 2796 2030 1855 932 3890 923 6648 3613 3035 1070 1253 2513 2559 2255
internal_count=16512 6000 4960 10512 3864 2796 2030 1855 932 3890 923 6648 3613 3035 1070 1253 2513 2559 2255
is_linear=0
shrinkage=0.1


Tree=13
num_leaves= 19
num_cat= 0
full_tree_array_lgbids= 0 1 4 3 2 11 17 5 12 16 10 -2 -13 -6 -19 6 -7 13 14 -3 -18 -4 -12 -2147483648 -2147483648 -2147483648 -2147483648 -2147483648 -2147483648 -2147483648 -2147483648 7 -8 -2147483648 -2147483648 -5 -15 15 -16 -2147483648 -2147483648 -2147483648 -2147483648 -2147483648 -2147483648 -2147483648 -2147483648 -2147483648 -2147483648 -2147483648 -2147483648 -2147483648 -2147483648 -2147483648 -2147483648 -2147483648 -2147483648 -2147483648 -2147483648 -2147483648 -2147483648 -2147483648 -2147483648 9 8 -2147483648 -2147483648 -2147483648 -2147483648 -2147483648 -2147483648 -2147483648 -2147483648 -2147483648 -2147483648 -14 -17 -2147483648 -2147483648 -2147483648 -2147483648 -2147483648 -2147483648 -2147483648 -2147483648 -2147483648 -2147483648 -2147483648 -2147483648 -2147483648 -2147483648 -2147483648 -2147483648 -2147483648 -2147483648 -2147483648 -2147483648 -2147483648 -2147483648 -2147483648 -2147483648 -2147483648 -2147483648 -2147483648 -2147483648 -2147483648 -2147483648 -2147483648 -2147483648 -2147483648 -2147483648 -2147483648 -2147483648 -2147483648 -2147483648 -2147483648 -2147483648 -2147483648 -2147483648 -2147483648 -2147483648 -2147483648 -2147483648 -2147483648 -2147483648 -2147483648 -2147483648 -1 -11 -9 -10 -2147483648 -2147483648 -2147483648 -2147483648 -2147483648 -2147483648 -2147483648 -2147483648 -2147483648 -2147483648 -2147483648 -2147483648 -2147483648 -2147483648 -2147483648 -2147483648 -2147483648 -2147483648 -2147483648 -2147483648 -2147483648 -2147483648 -2147483648 -2147483648 -2147483648 -2147483648 -2147483648 -2147483648 -2147483648 -2147483648 -2147483648 -2147483648 -2147483648 -2147483648 -2147483648 -2147483648 -2147483648 -2147483648 -2147483648 -2147483648 -2147483648 -2147483648 -2147483648 -2147483648 -2147483648 -2147483648 -2147483648 -2147483648 -2147483648 -2147483648 -2147483648 -2147483648 -2147483648 -2147483648 -2147483648 -2147483648 -2147483648 -2147483648 -2147483648 -2147483648 -2147483648 -2147483648 -2147483648 -2147483648 -2147483648 -2147483648 -2147483648 -2147483648 -2147483648 -2147483648 -2147483648 -2147483648 -2147483648 -2147483648 -2147483648 -2147483648 -2147483648 -2147483648 -2147483648 -2147483648 -2147483648 -2147483648 -2147483648 -2147483648 -2147483648 -2147483648 -2147483648 -2147483648 -2147483648 -2147483648 -2147483648 -2147483648 -2147483648 -2147483648 -2147483648 -2147483648 -2147483648 -2147483648 -2147483648 -2147483648 -2147483648 -2147483648 -2147483648 -2147483648 -2147483648 -2147483648 -2147483648 -2147483648 -2147483648 -2147483648 -2147483648 -2147483648 -2147483648 -2147483648 -2147483648 -2147483648 -2147483648 -2147483648 -2147483648 -2147483648 -2147483648 -2147483648 -2147483648 -2147483648
split_feature= 1 1 6 6 2 7 8 7 8 8 8 1 7 8 8 7 2 5
split_gain= 488.036 146.272 65.0795 29.7684 26.3531 18.695 11.5677 15.9397 17.805 11.7366 6.14202 5.36206 4.70048 8.31368 2.60553 4.62 2.37334 0.487031
threshold= 5.6042500000000013 3.6530500000000008 2.3055777777777782 2.4839226633581473 26.500000000000004 38.475000000000001 -118.13499999999998 34.155000000000008 -121.87499999999999 -118.37499999999999 -122.24499999999999 9.1688500000000008 34.715000000000011 -117.79499999999999 -120.56499999999998 37.895000000000003 16.500000000000004 139.50000000000003
decision_type= 2 2 2 2 2 2 2 2 2 2 2 2 2 2 2 2 2 2
left_child=1 3 16 5 11 6 7 9 -9 -1 -4 -2 13 -5 15 -14 -3 -6
right_child=4 2 10 12 17 -7 -8 8 -10 -11 -12 -13 14 -15 -16 -17 -18 -19
leaf_value= 0.10051993401545399 0.024103190838429295 0.00053746655416840768 0.027986618268574022 -0.006832532712150158 -0.059311470996750437 -0.032040657603886434 -0.017803655977074343 0.021925026305428408 -0.020490211081351781 0.022372048289707892 -0.002386527276647185 0.080192576103723157 -0.0073144557996805103 -0.031715461967713708 -0.047880288848095719 -0.035946964145949306 0.048097029436620822 0.064631716281924587
leaf_weight=106 1264 209 489 2206 23 530 715 636 527 256 3978 139 862 992 858 1042 700 980
leaf_count=106 1264 209 489 2206 23 530 715 636 527 256 3978 139 862 992 858 1042 700 980
model_size=2048
internal_value=0 -0.00734355 0.00706326 -0.0162154 0.0430541 -0.00367611 0.00303514 0.0128055 0.00270505 0.0452551 0.000938404 0.0296602 -0.0220432 -0.0145511 -0.030718 -0.0229841 0.037162 0.0617895
internal_weight=0 14106 5376 8730 2406 2770 2240 1525 1163 362 4467 1403 5960 3198 2762 1904 909 1003
internal_count=16512 14106 5376 8730 2406 2770 2240 1525 1163 362 4467 1403 5960 3198 2762 1904 909 1003
is_linear=0
shrinkage=0.1


Tree=14
num_leaves= 15
num_cat= 0
full_tree_array_lgbids= 0 2 1 3 -4 5 -3 4 -5 -2147483648 -2147483648 10 -7 -2147483648 -2147483648 -1 6 -2147483648 -2147483648 -2147483648 -2147483648 -2147483648 -2147483648 11 -12 -2147483648 -2147483648 -2147483648 -2147483648 -2147483648 -2147483648 -2147483648 -2147483648 7 8 -2147483648 -2147483648 -2147483648 -2147483648 -2147483648 -2147483648 -2147483648 -2147483648 -2147483648 -2147483648 -2147483648 -2147483648 12 -13 -2147483648 -2147483648 -2147483648 -2147483648 -2147483648 -2147483648 -2147483648 -2147483648 -2147483648 -2147483648 -2147483648 -2147483648 -2147483648 -2147483648 -2147483648 -2147483648 -2147483648 -2147483648 -6 13 9 -10 -2147483648 -2147483648 -2147483648 -2147483648 -2147483648 -2147483648 -2147483648 -2147483648 -2147483648 -2147483648 -2147483648 -2147483648 -2147483648 -2147483648 -2147483648 -2147483648 -2147483648 -2147483648 -2147483648 -2147483648 -2147483648 -2147483648 -2147483648 -2147483648 -2 -14 -2147483648 -2147483648 -2147483648 -2147483648 -2147483648 -2147483648 -2147483648 -2147483648 -2147483648 -2147483648 -2147483648 -2147483648 -2147483648 -2147483648 -2147483648 -2147483648 -2147483648 -2147483648 -2147483648 -2147483648 -2147483648 -2147483648 -2147483648 -2147483648 -2147483648 -2147483648 -2147483648 -2147483648 -2147483648 -2147483648 -2147483648 -2147483648 -2147483648 -2147483648 -2147483648 -2147483648 -2147483648 -2147483648 -2147483648 -2147483648 -9 -15 -8 -11 -2147483648 -2147483648 -2147483648 -2147483648 -2147483648 -2147483648 -2147483648 -2147483648 -2147483648 -2147483648 -2147483648 -2147483648 -2147483648 -2147483648 -2147483648 -2147483648 -2147483648 -2147483648 -2147483648 -2147483648 -2147483648 -2147483648 -2147483648 -2147483648 -2147483648 -2147483648 -2147483648 -2147483648 -2147483648 -2147483648 -2147483648 -2147483648 -2147483648 -2147483648 -2147483648 -2147483648 -2147483648 -2147483648 -2147483648 -2147483648 -2147483648 -2147483648 -2147483648 -2147483648 -2147483648 -2147483648 -2147483648 -2147483648 -2147483648 -2147483648 -2147483648 -2147483648 -2147483648 -2147483648 -2147483648 -2147483648 -2147483648 -2147483648 -2147483648 -2147483648 -2147483648 -2147483648 -2147483648 -2147483648 -2147483648 -2147483648 -2147483648 -2147483648 -2147483648 -2147483648 -2147483648 -2147483648 -2147483648 -2147483648 -2147483648 -2147483648 -2147483648 -2147483648 -2147483648 -2147483648 -2147483648 -2147483648 -2147483648 -2147483648 -2147483648 -2147483648 -2147483648 -2147483648 -2147483648 -2147483648 -2147483648 -2147483648 -2147483648 -2147483648 -2147483648 -2147483648 -2147483648 -2147483648 -2147483648 -2147483648 -2147483648 -2147483648 -2147483648 -2147483648 -2147483648 -2147483648 -2147483648 -2147483648 -2147483648 -2147483648 -2147483648 -2147483648 -2147483648 -2147483648
split_feature= 1 1 6 7 8 6 7 8 8 7 7 8 7 8
split_gain= 397.701 76.4694 65.3885 65.1244 53.7006 34.947 23.1261 84.7159 41.7547 36.3059 7.47518 12.4845 19.4335 0.125635
threshold= 4.5301500000000017 7.2638000000000007 2.8079590171801518 38.475000000000001 -122.40499999999999 2.8629972339304532 34.455000000000005 -118.27499999999999 -120.09499999999998 37.595000000000006 37.925000000000004 -118.27499999999999 34.165000000000006 -117.145
decision_type= 2 2 2 2 2 2 2 2 2 2 2 2 2 2
left_child=2 5 3 4 -1 10 7 -6 9 -8 11 12 -2 -9
right_child=1 -3 -4 -5 6 -7 8 13 -10 -11 -12 -13 -14 -15
leaf_value= 0.049493610448697309 0.084400506494687361 0.057962279919487485 -0.019618213569299749 -0.02891397734131387 0.040144201029910592 0.0045789625976382477 0.027188983620110126 0.004123668866164493 -0.048888824013534948 -0.018133732036496871 -0.0071434514565266163 0.015443967630905107 0.035388796116122938 -0.027346543675428922
leaf_weight=404 309 854 5809 1061 888 1903 543 1172 437 931 249 659 802 491
leaf_count=404 309 854 5809 1061 888 1903 543 1172 437 931 249 659 802 491
model_size=1600
internal_value=0 0.0253505 -0.0103165 -0.00119989 0.00484298 0.0182494 0.00080021 0.0106052 -0.0122885 -0.00143751 0.0311344 0.0365193 0.0490203 -0.0051679
internal_weight=0 4776 11736 5927 4866 3922 4462 2551 1911 1474 2019 1770 1111 1663
internal_count=16512 4776 11736 5927 4866 3922 4462 2551 1911 1474 2019 1770 1111 1663
is_linear=0
shrinkage=0.1


Tree=15
num_leaves= 14
num_cat= 0
full_tree_array_lgbids= 0 1 10 -1 2 -2 -12 -2147483648 -2147483648 12 3 -2147483648 -2147483648 -2147483648 -2147483648 -2147483648 -2147483648 -2147483648 -2147483648 -3 -14 8 4 -2147483648 -2147483648 -2147483648 -2147483648 -2147483648 -2147483648 -2147483648 -2147483648 -2147483648 -2147483648 -2147483648 -2147483648 -2147483648 -2147483648 -2147483648 -2147483648 -2147483648 -2147483648 -2147483648 -2147483648 -4 9 5 6 -2147483648 -2147483648 -2147483648 -2147483648 -2147483648 -2147483648 -2147483648 -2147483648 -2147483648 -2147483648 -2147483648 -2147483648 -2147483648 -2147483648 -2147483648 -2147483648 -2147483648 -2147483648 -2147483648 -2147483648 -2147483648 -2147483648 -2147483648 -2147483648 -2147483648 -2147483648 -2147483648 -2147483648 -2147483648 -2147483648 -2147483648 -2147483648 -2147483648 -2147483648 -2147483648 -2147483648 -2147483648 -2147483648 -2147483648 -2147483648 -2147483648 -2147483648 11 -11 7 -7 -6 -8 -2147483648 -2147483648 -2147483648 -2147483648 -2147483648 -2147483648 -2147483648 -2147483648 -2147483648 -2147483648 -2147483648 -2147483648 -2147483648 -2147483648 -2147483648 -2147483648 -2147483648 -2147483648 -2147483648 -2147483648 -2147483648 -2147483648 -2147483648 -2147483648 -2147483648 -2147483648 -2147483648 -2147483648 -2147483648 -2147483648 -2147483648 -2147483648 -2147483648 -2147483648 -2147483648 -2147483648 -2147483648 -2147483648 -2147483648 -2147483648 -2147483648 -2147483648 -2147483648 -2147483648 -2147483648 -2147483648 -2147483648 -2147483648 -2147483648 -2147483648 -2147483648 -2147483648 -2147483648 -2147483648 -2147483648 -2147483648 -2147483648 -2147483648 -2147483648 -2147483648 -2147483648 -2147483648 -2147483648 -2147483648 -2147483648 -2147483648 -2147483648 -2147483648 -2147483648 -2147483648 -2147483648 -2147483648 -2147483648 -2147483648 -2147483648 -2147483648 -2147483648 -2147483648 -2147483648 -2147483648 -2147483648 -2147483648 -2147483648 -2147483648 -10 -13 -2147483648 -2147483648 -5 -9 -2147483648 -2147483648 -2147483648 -2147483648 -2147483648 -2147483648 -2147483648 -2147483648 -2147483648 -2147483648 -2147483648 -2147483648 -2147483648 -2147483648 -2147483648 -2147483648 -2147483648 -2147483648 -2147483648 -2147483648 -2147483648 -2147483648 -2147483648 -2147483648 -2147483648 -2147483648 -2147483648 -2147483648 -2147483648 -2147483648 -2147483648 -2147483648 -2147483648 -2147483648 -2147483648 -2147483648 -2147483648 -2147483648 -2147483648 -2147483648 -2147483648 -2147483648 -2147483648 -2147483648 -2147483648 -2147483648 -2147483648 -2147483648 -2147483648 -2147483648 -2147483648 -2147483648 -2147483648 -2147483648 -2147483648 -2147483648 -2147483648 -2147483648 -2147483648 -2147483648 -2147483648 -2147483648 -2147483648 -2147483648 -2147483648 -2147483648 -2147483648 -2147483648 -2147483648 -2147483648
split_feature= 1 1 6 8 7 8 8 7 7 8 2 7 2
split_gain= 323.542 101.874 57.3009 16.5718 69.5635 44.2688 26.5218 15.8381 10.3355 14.3457 8.56572 6.04302 3.91389
threshold= 5.8308000000000009 2.8762500000000002 2.0653737590585881 -121.85499999999998 34.655000000000008 -118.32499999999997 -119.94499999999998 34.165000000000006 37.595000000000006 -122.38499999999998 26.500000000000004 38.735000000000007 27.500000000000004
decision_type= 2 2 2 2 2 2 2 2 2 2 2 2 2
left_child=1 -1 12 8 5 7 -6 -5 -4 11 -2 -10 -3
right_child=10 2 3 4 6 -7 -8 -9 9 -11 -12 -13 -14
leaf_value= -0.018123566958924583 0.026514627373159634 0.011630950288924699 0.036063190041383246 0.05693488967837125 -0.015797612568141838 -0.0046848112515802459 -0.058948929289177859 0.009948373869306637 0.032798128547516757 -0.0153438629120501 0.055493792637677064 -0.038637342316139009 0.052819508829400133
leaf_weight=5422 1219 450 575 363 1361 3415 429 604 554 704 875 92 449
leaf_count=5422 1219 450 575 363 1361 3415 429 604 554 704 875 92 449
model_size=1488
internal_value=0 -0.00560954 0.00193281 -0.00142797 -0.00585095 0.00243668 -0.0261395 0.0275865 0.0127531 0.00282478 0.0386239 0.0226247 0.0322023
internal_weight=0 14418 8996 8097 6172 4382 1790 967 1925 1350 2094 646 899
internal_count=16512 14418 8996 8097 6172 4382 1790 967 1925 1350 2094 646 899
is_linear=0
shrinkage=0.1


Tree=16
num_leaves= 6
num_cat= 0
full_tree_array_lgbids= 0 2 1 -1 3 4 -3 -2147483648 -2147483648 -4 -5 -2 -6 -2147483648 -2147483648
split_feature= 1 1 1 6 6
split_gain= 259.02 48.5882 39.5388 24.0711 18.0798
threshold= 4.405050000000001 6.5626000000000007 2.2336500000000004 2.0231950334409352 2.3578464509898605
decision_type= 2 2 2 2 2
left_child=2 4 -1 -4 -2
right_child=1 -3 3 -5 -6
leaf_value= -0.02286292926797507 0.039752648303653632 0.041866142419738545 0.019906217814839845 -0.0070913211703886592 0.0074814003182511251
leaf_weight=2846 596 1288 894 7672 3216
leaf_count=2846 596 1288 894 7672 3216
model_size=592
internal_value=0 0.0199365 -0.0089096 -0.00427369 0.012527
internal_weight=0 5100 11412 8566 3812
internal_count=16512 5100 11412 8566 3812
is_linear=0
shrinkage=0.1


Tree=17
num_leaves= 13
num_cat= 0
full_tree_array_lgbids= 0 1 9 2 -3 11 -11 3 -4 -2147483648 -2147483648 -2 -13 -2147483648 -2147483648 -1 4 -2147483648 -2147483648 -2147483648 -2147483648 -2147483648 -2147483648 -2147483648 -2147483648 -2147483648 -2147483648 -2147483648 -2147483648 -2147483648 -2147483648 -2147483648 -2147483648 5 6 -2147483648 -2147483648 -2147483648 -2147483648 -2147483648 -2147483648 -2147483648 -2147483648 -2147483648 -2147483648 -2147483648 -2147483648 -2147483648 -2147483648 -2147483648 -2147483648 -2147483648 -2147483648 -2147483648 -2147483648 -2147483648 -2147483648 -2147483648 -2147483648 -2147483648 -2147483648 -2147483648 -2147483648 -2147483648 -2147483648 -2147483648 -2147483648 7 10 8 -8 -2147483648 -2147483648 -2147483648 -2147483648 -2147483648 -2147483648 -2147483648 -2147483648 -2147483648 -2147483648 -2147483648 -2147483648 -2147483648 -2147483648 -2147483648 -2147483648 -2147483648 -2147483648 -2147483648 -2147483648 -2147483648 -2147483648 -2147483648 -2147483648 -2147483648 -2147483648 -2147483648 -2147483648 -2147483648 -2147483648 -2147483648 -2147483648 -2147483648 -2147483648 -2147483648 -2147483648 -2147483648 -2147483648 -2147483648 -2147483648 -2147483648 -2147483648 -2147483648 -2147483648 -2147483648 -2147483648 -2147483648 -2147483648 -2147483648 -2147483648 -2147483648 -2147483648 -2147483648 -2147483648 -2147483648 -2147483648 -2147483648 -2147483648 -2147483648 -2147483648 -2147483648 -2147483648 -2147483648 -2147483648 -5 -9 -7 -12 -6 -10 -2147483648 -2147483648 -2147483648 -2147483648 -2147483648 -2147483648 -2147483648 -2147483648 -2147483648 -2147483648 -2147483648 -2147483648 -2147483648 -2147483648 -2147483648 -2147483648 -2147483648 -2147483648 -2147483648 -2147483648 -2147483648 -2147483648 -2147483648 -2147483648 -2147483648 -2147483648 -2147483648 -2147483648 -2147483648 -2147483648 -2147483648 -2147483648 -2147483648 -2147483648 -2147483648 -2147483648 -2147483648 -2147483648 -2147483648 -2147483648 -2147483648 -2147483648 -2147483648 -2147483648 -2147483648 -2147483648 -2147483648 -2147483648 -2147483648 -2147483648 -2147483648 -2147483648 -2147483648 -2147483648 -2147483648 -2147483648 -2147483648 -2147483648 -2147483648 -2147483648 -2147483648 -2147483648 -2147483648 -2147483648 -2147483648 -2147483648 -2147483648 -2147483648 -2147483648 -2147483648 -2147483648 -2147483648 -2147483648 -2147483648 -2147483648 -2147483648 -2147483648 -2147483648 -2147483648 -2147483648 -2147483648 -2147483648 -2147483648 -2147483648 -2147483648 -2147483648 -2147483648 -2147483648 -2147483648 -2147483648 -2147483648 -2147483648 -2147483648 -2147483648 -2147483648 -2147483648 -2147483648 -2147483648 -2147483648 -2147483648 -2147483648 -2147483648 -2147483648 -2147483648 -2147483648 -2147483648 -2147483648 -2147483648 -2147483648 -2147483648 -2147483648 -2147483648 -2147483648 -2147483648
split_feature= 1 6 7 8 7 8 8 7 7 6 8 1
split_gain= 208.329 51.8261 56.0538 35.2645 13.4477 80.555 38.2539 37.3453 24.5894 13.2798 5.35986 1.02334
threshold= 5.2771000000000017 2.8396278889382178 38.475000000000001 -122.35499999999998 34.455000000000005 -118.36499999999999 -121.52499999999999 34.155000000000008 37.595000000000006 3.1424162072895592 -117.145 8.2050500000000017
decision_type= 2 2 2 2 2 2 2 2 2 2 2 2
left_child=1 2 3 -1 5 7 8 -5 -6 11 -7 -2
right_child=9 -3 -4 4 6 10 -8 -9 -10 -11 -12 -13
leaf_value= 0.041182686090831949 0.027690234247260411 -0.013993973745772048 -0.023568491581189482 0.083220543001597341 0.033908777246712006 0.008452042811613443 -0.028284601420043472 0.016583729301842372 -0.01005090910076167 0.0049672653991612754 -0.022139658587163134 0.061501184074849828
leaf_weight=541 1809 6497 1157 315 521 1923 965 331 735 801 544 373
leaf_count=541 1809 6497 1157 315 521 1923 965 331 735 801 544 373
model_size=1376
internal_value=0 -0.00569224 0.00197789 0.00700889 0.00354282 0.0115365 -0.00766123 0.0490769 0.00818396 0.0258164 0.00170624 0.03347
internal_weight=0 13529 7032 5875 5334 3113 2221 646 1256 2983 2467 2182
internal_count=16512 13529 7032 5875 5334 3113 2221 646 1256 2983 2467 2182
is_linear=0
shrinkage=0.1


Tree=18
num_leaves= 7
num_cat= 0
full_tree_array_lgbids= 0 2 1 -1 4 3 -3 -2147483648 -2147483648 5 -6 -2 -5 -2147483648 -2147483648 -2147483648 -2147483648 -2147483648 -2147483648 -4 -7 -2147483648 -2147483648 -2147483648 -2147483648 -2147483648 -2147483648 -2147483648 -2147483648 -2147483648 -2147483648
split_feature= 1 1 1 6 7 8
split_gain= 168.894 31.2372 11.9994 8.8887 1.07507 23.7834
threshold= 4.125700000000001 5.8308000000000009 2.2210000000000005 2.2634687595142249 37.925000000000004 -122.40499999999999
decision_type= 2 2 2 2 2 2
left_child=2 3 -1 -2 5 -4
right_child=1 -3 4 -5 -6 -7
leaf_value= -0.019457732988542181 0.033651575442347557 0.028969283005075466 0.044211289923473757 0.0028679082052326375 -0.01791159753379502 -0.0030865448091536409
leaf_weight=2781 528 2094 272 3378 1552 5907
leaf_count=2781 528 2094 272 3378 1552 5907
model_size=704
internal_value=0 0.0146863 -0.00838256 0.00702914 -0.0043986 -0.00100449
internal_weight=0 6000 10512 3906 7731 6179
internal_count=16512 6000 10512 3906 7731 6179
is_linear=0
shrinkage=0.1


Tree=19
num_leaves= 9
num_cat= 0
full_tree_array_lgbids= 0 6 1 7 -8 2 -3 -1 -9 -2147483648 -2147483648 3 -4 -2147483648 -2147483648 -2147483648 -2147483648 -2147483648 -2147483648 -2147483648 -2147483648 -2147483648 -2147483648 5 4 -2147483648 -2147483648 -2147483648 -2147483648 -2147483648 -2147483648 -2147483648 -2147483648 -2147483648 -2147483648 -2147483648 -2147483648 -2147483648 -2147483648 -2147483648 -2147483648 -2147483648 -2147483648 -2147483648 -2147483648 -2147483648 -2147483648 -2 -7 -5 -6 -2147483648 -2147483648 -2147483648 -2147483648 -2147483648 -2147483648 -2147483648 -2147483648 -2147483648 -2147483648 -2147483648 -2147483648
split_feature= 1 6 7 8 7 1 6 7
split_gain= 131.77 34.8402 27.2252 18.4921 20.0778 8.75929 2.46164 5.65388
threshold= 3.8346500000000003 3.1336552646136835 37.965000000000011 -117.85499999999998 33.925000000000004 5.8308000000000009 2.8024658054711251 39.355000000000011
decision_type= 2 2 2 2 2 2 2 2
left_child=6 2 3 5 -5 -2 7 -1
right_child=1 -3 -4 4 -6 -7 -8 -9
leaf_value= 0.00038106443770044373 0.019545854574755064 -0.0045876664130289494 -0.011188322226678392 0.012985916678050227 -0.047266985207412904 0.042840703842744382 -0.014895135696589016 -0.032936328125770117
leaf_weight=4319 2426 1921 647 688 192 1184 4741 394
leaf_count=4319 2426 1921 647 688 192 1184 4741 394
model_size=928
internal_value=0 0.0116108 0.0176683 0.0218264 -0.000160171 0.027186 -0.00866818 -0.00240422
internal_weight=0 7058 5137 4490 880 3610 9454 4713
internal_count=16512 7058 5137 4490 880 3610 9454 4713
is_linear=0
shrinkage=0.1


Tree=20
num_leaves= 13
num_cat= 0
full_tree_array_lgbids= 0 1 -2 2 -3 -2147483648 -2147483648 3 -4 -2147483648 -2147483648 -2147483648 -2147483648 -2147483648 -2147483648 5 4 -2147483648 -2147483648 -2147483648 -2147483648 -2147483648 -2147483648 -2147483648 -2147483648 -2147483648 -2147483648 -2147483648 -2147483648 -2147483648 -2147483648 7 6 10 -6 -2147483648 -2147483648 -2147483648 -2147483648 -2147483648 -2147483648 -2147483648 -2147483648 -2147483648 -2147483648 -2147483648 -2147483648 -2147483648 -2147483648 -2147483648 -2147483648 -2147483648 -2147483648 -2147483648 -2147483648 -2147483648 -2147483648 -2147483648 -2147483648 -2147483648 -2147483648 -2147483648 -2147483648 8 9 11 -8 -5 -12 -2147483648 -2147483648 -2147483648 -2147483648 -2147483648 -2147483648 -2147483648 -2147483648 -2147483648 -2147483648 -2147483648 -2147483648 -2147483648 -2147483648 -2147483648 -2147483648 -2147483648 -2147483648 -2147483648 -2147483648 -2147483648 -2147483648 -2147483648 -2147483648 -2147483648 -2147483648 -2147483648 -2147483648 -2147483648 -2147483648 -2147483648 -2147483648 -2147483648 -2147483648 -2147483648 -2147483648 -2147483648 -2147483648 -2147483648 -2147483648 -2147483648 -2147483648 -2147483648 -2147483648 -2147483648 -2147483648 -2147483648 -2147483648 -2147483648 -2147483648 -2147483648 -2147483648 -2147483648 -2147483648 -2147483648 -2147483648 -2147483648 -2147483648 -1 -10 -9 -11 -7 -13 -2147483648 -2147483648 -2147483648 -2147483648 -2147483648 -2147483648 -2147483648 -2147483648 -2147483648 -2147483648 -2147483648 -2147483648 -2147483648 -2147483648 -2147483648 -2147483648 -2147483648 -2147483648 -2147483648 -2147483648 -2147483648 -2147483648 -2147483648 -2147483648 -2147483648 -2147483648 -2147483648 -2147483648 -2147483648 -2147483648 -2147483648 -2147483648 -2147483648 -2147483648 -2147483648 -2147483648 -2147483648 -2147483648 -2147483648 -2147483648 -2147483648 -2147483648 -2147483648 -2147483648 -2147483648 -2147483648 -2147483648 -2147483648 -2147483648 -2147483648 -2147483648 -2147483648 -2147483648 -2147483648 -2147483648 -2147483648 -2147483648 -2147483648 -2147483648 -2147483648 -2147483648 -2147483648 -2147483648 -2147483648 -2147483648 -2147483648 -2147483648 -2147483648 -2147483648 -2147483648 -2147483648 -2147483648 -2147483648 -2147483648 -2147483648 -2147483648 -2147483648 -2147483648 -2147483648 -2147483648 -2147483648 -2147483648 -2147483648 -2147483648 -2147483648 -2147483648 -2147483648 -2147483648 -2147483648 -2147483648 -2147483648 -2147483648 -2147483648 -2147483648 -2147483648 -2147483648 -2147483648 -2147483648 -2147483648 -2147483648 -2147483648 -2147483648 -2147483648 -2147483648 -2147483648 -2147483648 -2147483648 -2147483648 -2147483648 -2147483648 -2147483648 -2147483648 -2147483648 -2147483648 -2147483648 -2147483648 -2147483648 -2147483648 -2147483648 -2147483648 -2147483648 -2147483648
split_feature= 1 6 7 8 7 7 8 8 7 7 8 8
split_gain= 101.084 31.0378 40.8189 33.464 33.187 15.7076 114.625 21.8194 36.0833 13.4285 12.1434 7.2992
threshold= 5.8308000000000009 3.1336552646136835 37.925000000000004 -117.77499999999999 33.565000000000005 34.525000000000013 -120.56499999999998 -118.36499999999999 34.155000000000008 33.625000000000007 -117.16499999999998 -122.31499999999998
decision_type= 2 2 2 2 2 2 2 2 2 2 2 2
left_child=1 2 3 5 10 7 11 8 -1 -9 -5 -7
right_child=-2 -3 -4 4 -6 6 -8 9 -10 -11 -12 -13
leaf_value= 0.073710744429646827 0.023774547502048243 -0.0131972191160597 -0.014405991246371267 0.033592667496379687 -0.034315857629987456 0.042046581784862883 -0.035592022348678469 0.14625683640344786 0.016485410736281608 0.0096372127316244668 -0.011871037743303149 0.0082072822230810603
leaf_weight=387 2094 4666 2345 374 734 471 772 26 486 1972 568 1617
leaf_count=387 2094 4666 2345 374 734 471 772 26 486 1972 568 1617
model_size=1376
internal_value=0 -0.0034529 0.00120943 0.00615315 -0.0115554 0.0113319 0.00195737 0.0206706 0.0418533 0.011415 0.00617931 0.0158406
internal_weight=0 14418 9752 7407 1676 5731 2860 2871 873 1998 942 2088
internal_count=16512 14418 9752 7407 1676 5731 2860 2871 873 1998 942 2088
is_linear=0
shrinkage=0.1


Tree=21
num_leaves= 4
num_cat= 0
full_tree_array_lgbids= 0 -1 1 -2147483648 -2147483648 2 -3 -2147483648 -2147483648 -2147483648 -2147483648 -2 -4 -2147483648 -2147483648
split_feature= 1 4 1
split_gain= 78.7579 18.4783 9.48748
threshold= 3.8346500000000003 1.0411779658482612 8.4454500000000028
decision_type= 2 2 2
left_child=-1 2 -2
right_child=1 -3 -4
leaf_value= -0.0071568147507948378 -0.00064985662916608466 0.01961000751428248 0.041812537104191111
leaf_weight=9454 3778 3019 261
leaf_count=9454 3778 3019 261
model_size=368
internal_value=0 0.00958636 0.00209406
internal_weight=0 7058 4039
internal_count=16512 7058 4039
is_linear=0
shrinkage=0.1


Tree=22
num_leaves= 9
num_cat= 0
full_tree_array_lgbids= 0 1 -2 2 -3 -2147483648 -2147483648 3 -4 -2147483648 -2147483648 -2147483648 -2147483648 -2147483648 -2147483648 -1 4 -2147483648 -2147483648 -2147483648 -2147483648 -2147483648 -2147483648 -2147483648 -2147483648 -2147483648 -2147483648 -2147483648 -2147483648 -2147483648 -2147483648 -2147483648 -2147483648 5 -6 -2147483648 -2147483648 -2147483648 -2147483648 -2147483648 -2147483648 -2147483648 -2147483648 -2147483648 -2147483648 -2147483648 -2147483648 -2147483648 -2147483648 -2147483648 -2147483648 -2147483648 -2147483648 -2147483648 -2147483648 -2147483648 -2147483648 -2147483648 -2147483648 -2147483648 -2147483648 -2147483648 -2147483648 -2147483648 -2147483648 -2147483648 -2147483648 7 6 -2147483648 -2147483648 -2147483648 -2147483648 -2147483648 -2147483648 -2147483648 -2147483648 -2147483648 -2147483648 -2147483648 -2147483648 -2147483648 -2147483648 -2147483648 -2147483648 -2147483648 -2147483648 -2147483648 -2147483648 -2147483648 -2147483648 -2147483648 -2147483648 -2147483648 -2147483648 -2147483648 -2147483648 -2147483648 -2147483648 -2147483648 -2147483648 -2147483648 -2147483648 -2147483648 -2147483648 -2147483648 -2147483648 -2147483648 -2147483648 -2147483648 -2147483648 -2147483648 -2147483648 -2147483648 -2147483648 -2147483648 -2147483648 -2147483648 -2147483648 -2147483648 -2147483648 -2147483648 -2147483648 -2147483648 -2147483648 -2147483648 -2147483648 -2147483648 -2147483648 -2147483648 -2147483648 -2147483648 -2147483648 -2147483648 -2147483648 -5 -9 -7 -8 -2147483648 -2147483648 -2147483648 -2147483648 -2147483648 -2147483648 -2147483648 -2147483648 -2147483648 -2147483648 -2147483648 -2147483648 -2147483648 -2147483648 -2147483648 -2147483648 -2147483648 -2147483648 -2147483648 -2147483648 -2147483648 -2147483648 -2147483648 -2147483648 -2147483648 -2147483648 -2147483648 -2147483648 -2147483648 -2147483648 -2147483648 -2147483648 -2147483648 -2147483648 -2147483648 -2147483648 -2147483648 -2147483648 -2147483648 -2147483648 -2147483648 -2147483648 -2147483648 -2147483648 -2147483648 -2147483648 -2147483648 -2147483648 -2147483648 -2147483648 -2147483648 -2147483648 -2147483648 -2147483648 -2147483648 -2147483648 -2147483648 -2147483648 -2147483648 -2147483648 -2147483648 -2147483648 -2147483648 -2147483648 -2147483648 -2147483648 -2147483648 -2147483648 -2147483648 -2147483648 -2147483648 -2147483648 -2147483648 -2147483648 -2147483648 -2147483648 -2147483648 -2147483648 -2147483648 -2147483648 -2147483648 -2147483648 -2147483648 -2147483648 -2147483648 -2147483648 -2147483648 -2147483648 -2147483648 -2147483648 -2147483648 -2147483648 -2147483648 -2147483648 -2147483648 -2147483648 -2147483648 -2147483648 -2147483648 -2147483648 -2147483648 -2147483648 -2147483648 -2147483648 -2147483648 -2147483648 -2147483648 -2147483648 -2147483648 -2147483648 -2147483648 -2147483648 -2147483648 -2147483648 -2147483648 -2147483648
split_feature= 1 8 7 8 6 7 8 8
split_gain= 62.9448 17.2235 20.0153 39.9661 21.2021 4.09181 53.0341 41.6341
threshold= 5.8308000000000009 -116.53499999999998 37.915000000000006 -122.31499999999998 3.0375944537846187 34.655000000000008 -120.56499999999998 -118.35499999999998
decision_type= 2 2 2 2 2 2 2 2
left_child=1 2 3 -1 5 7 -7 -5
right_child=-2 -3 -4 4 -6 6 -8 -9
leaf_value= 0.035797872203620504 0.020162673496910182 -0.050306884034450619 -0.014795645975283746 0.03611990055608752 -0.009322504979861642 0.0078911174849769158 -0.03532534312292495 0.0034810199115486093
leaf_weight=580 2094 227 2758 928 4616 1511 680 3118
leaf_count=580 2094 227 2758 928 4616 1511 680 3118
model_size=928
internal_value=0 -0.00292833 -0.00217046 0.000875135 -0.000991187 0.00517482 -0.00552157 0.0109671
internal_weight=0 14418 14191 11433 10853 6237 2191 4046
internal_count=16512 14418 14191 11433 10853 6237 2191 4046
is_linear=0
shrinkage=0.1


Tree=23
num_leaves= 8
num_cat= 0
full_tree_array_lgbids= 0 2 1 3 -4 -2 -3 5 4 -2147483648 -2147483648 -2147483648 -2147483648 -2147483648 -2147483648 -1 -7 6 -6 -2147483648 -2147483648 -2147483648 -2147483648 -2147483648 -2147483648 -2147483648 -2147483648 -2147483648 -2147483648 -2147483648 -2147483648 -2147483648 -2147483648 -2147483648 -2147483648 -5 -8 -2147483648 -2147483648 -2147483648 -2147483648 -2147483648 -2147483648 -2147483648 -2147483648 -2147483648 -2147483648 -2147483648 -2147483648 -2147483648 -2147483648 -2147483648 -2147483648 -2147483648 -2147483648 -2147483648 -2147483648 -2147483648 -2147483648 -2147483648 -2147483648 -2147483648 -2147483648
split_feature= 1 4 8 7 8 8 7
split_gain= 46.5976 3.79942 0.230983 1.17207 44.9576 34.5337 16.5355
threshold= 4.5993500000000003 1.0385565016069338 -116.53499999999998 34.455000000000005 -121.63499999999998 -118.30499999999999 38.735000000000007
decision_type= 2 2 2 2 2 2 2
left_child=2 -2 3 5 6 -1 -5
right_child=1 -3 -4 4 -6 -7 -8
leaf_value= 0.021854821250897761 0.0036336733209907908 0.022214332603138442 -0.043947861776815367 0.0092570630799524954 -0.020536202985921206 -0.0040103328290730022 -0.024678266621283841
leaf_weight=1341 2693 1894 218 2321 2993 4503 549
leaf_count=1341 2693 1894 218 2321 2993 4503 549
model_size=816
internal_value=0 0.0113057 -0.0043488 -0.00361141 -0.00912973 0.00192484 0.0027656
internal_weight=0 4587 11925 11707 5863 5844 2870
internal_count=16512 4587 11925 11707 5863 5844 2870
is_linear=0
shrinkage=0.1


Tree=24
num_leaves= 13
num_cat= 0
full_tree_array_lgbids= 0 1 -2 2 5 -2147483648 -2147483648 6 3 10 -7 -2147483648 -2147483648 -2147483648 -2147483648 7 8 4 -5 -3 -12 -2147483648 -2147483648 -2147483648 -2147483648 -2147483648 -2147483648 -2147483648 -2147483648 -2147483648 -2147483648 -1 11 9 -10 -4 -6 -2147483648 -2147483648 -2147483648 -2147483648 -2147483648 -2147483648 -2147483648 -2147483648 -2147483648 -2147483648 -2147483648 -2147483648 -2147483648 -2147483648 -2147483648 -2147483648 -2147483648 -2147483648 -2147483648 -2147483648 -2147483648 -2147483648 -2147483648 -2147483648 -2147483648 -2147483648 -2147483648 -2147483648 -9 -13 -8 -11 -2147483648 -2147483648 -2147483648 -2147483648 -2147483648 -2147483648 -2147483648 -2147483648 -2147483648 -2147483648 -2147483648 -2147483648 -2147483648 -2147483648 -2147483648 -2147483648 -2147483648 -2147483648 -2147483648 -2147483648 -2147483648 -2147483648 -2147483648 -2147483648 -2147483648 -2147483648 -2147483648 -2147483648 -2147483648 -2147483648 -2147483648 -2147483648 -2147483648 -2147483648 -2147483648 -2147483648 -2147483648 -2147483648 -2147483648 -2147483648 -2147483648 -2147483648 -2147483648 -2147483648 -2147483648 -2147483648 -2147483648 -2147483648 -2147483648 -2147483648 -2147483648 -2147483648 -2147483648 -2147483648 -2147483648 -2147483648 -2147483648 -2147483648
split_feature= 1 8 7 8 7 7 8 7 7 7 8 8
split_gain= 35.0082 8.35641 33.8099 69.736 22.1358 15.0372 11.5726 43.8327 17.2941 21.0371 3.66737 1.00316
threshold= 5.6851000000000012 -117.77499999999999 34.655000000000008 -121.56499999999998 38.815000000000005 33.695000000000007 -118.36499999999999 34.155000000000008 34.045000000000009 33.695000000000007 -117.145 -119.30499999999999
decision_type= 2 2 2 2 2 2 2 2 2 2 2 2
left_child=1 2 6 4 -4 10 7 -1 9 -8 -3 -9
right_child=-2 5 3 -5 -6 -7 8 11 -10 -11 -12 -13
leaf_value= 0.062199714248214077 0.016224594900832338 0.01867390489905071 0.0099989505771414747 -0.020610045635089221 -0.023261131334367705 -0.030746229389254656 0.057758241100576674 0.050961996498067055 0.020841937836956863 -0.0076855225428443131 -0.015349649970990238 -0.0024014097409716883
leaf_weight=397 2280 541 3098 2991 615 1075 137 155 1180 2541 852 650
leaf_count=397 2280 541 3098 2991 615 1075 137 155 1180 2541 852 650
model_size=1376
internal_value=0 -0.00259922 -8.19926e-05 -0.00670846 0.00448994 -0.0145979 0.00869742 0.0258165 0.00336378 -0.00433758 -0.00213591 0.00787353
internal_weight=0 14232 11764 6704 3713 2468 5060 1202 3858 2678 1393 805
internal_count=16512 14232 11764 6704 3713 2468 5060 1202 3858 2678 1393 805
is_linear=0
shrinkage=0.1


Tree=25
num_leaves= 5
num_cat= 0
full_tree_array_lgbids= 0 1 -2 2 -3 -2147483648 -2147483648 3 -4 -2147483648 -2147483648 -2147483648 -2147483648 -2147483648 -2147483648 -1 -5 -2147483648 -2147483648 -2147483648 -2147483648 -2147483648 -2147483648 -2147483648 -2147483648 -2147483648 -2147483648 -2147483648 -2147483648 -2147483648 -2147483648
split_feature= 1 6 7 8
split_gain= 24.7306 14.9751 8.31386 14.9751
threshold= 6.8672000000000013 3.1336552646136835 37.805000000000007 -122.25499999999998
decision_type= 2 2 2 2
left_child=1 2 3 -1
right_child=-2 -3 -4 -5
leaf_value= 0.034950770220524202 0.02313824082809823 -0.0098108793147765345 -0.0084616337059437424 0.0039080115215862727
leaf_weight=555 1040 4954 2732 7231
leaf_count=555 1040 4954 2732 7231
model_size=480
internal_value=0 -0.00155531 0.00233308 0.00612079
internal_weight=0 15472 10518 7786
internal_count=16512 15472 10518 7786
is_linear=0
shrinkage=0.1


Tree=26
num_leaves= 15
num_cat= 0
full_tree_array_lgbids= 0 1 6 5 2 7 -8 11 -7 3 9 -2 -9 -2147483648 -2147483648 12 13 -2147483648 -2147483648 10 4 -4 -11 -2147483648 -2147483648 -2147483648 -2147483648 -2147483648 -2147483648 -2147483648 -2147483648 -1 -14 -13 -15 -2147483648 -2147483648 -2147483648 -2147483648 -3 -12 8 -6 -2147483648 -2147483648 -2147483648 -2147483648 -2147483648 -2147483648 -2147483648 -2147483648 -2147483648 -2147483648 -2147483648 -2147483648 -2147483648 -2147483648 -2147483648 -2147483648 -2147483648 -2147483648 -2147483648 -2147483648 -2147483648 -2147483648 -2147483648 -2147483648 -2147483648 -2147483648 -2147483648 -2147483648 -2147483648 -2147483648 -2147483648 -2147483648 -2147483648 -2147483648 -2147483648 -2147483648 -2147483648 -2147483648 -2147483648 -2147483648 -5 -10 -2147483648 -2147483648 -2147483648 -2147483648 -2147483648 -2147483648 -2147483648 -2147483648 -2147483648 -2147483648 -2147483648 -2147483648 -2147483648 -2147483648 -2147483648 -2147483648 -2147483648 -2147483648 -2147483648 -2147483648 -2147483648 -2147483648 -2147483648 -2147483648 -2147483648 -2147483648 -2147483648 -2147483648 -2147483648 -2147483648 -2147483648 -2147483648 -2147483648 -2147483648 -2147483648 -2147483648 -2147483648 -2147483648 -2147483648 -2147483648 -2147483648 -2147483648
split_feature= 8 7 8 7 8 3 7 8 7 1 8 8 7 7
split_gain= 18.4266 44.682 96.022 49.6388 38.5725 32.1265 25.4313 22.5075 10.9922 9.60408 9.12612 0.612626 32.6269 0.338417
threshold= -117.75499999999998 34.525000000000013 -121.56499999999998 37.615000000000002 -122.40499999999999 5.564198376726047 33.565000000000005 -117.16499999999998 38.705000000000005 5.5358500000000008 -122.02499999999999 -118.37499999999999 34.085000000000008 34.045000000000009
decision_type= 2 2 2 2 2 2 2 2 2 2 2 2 2 2
left_child=1 5 3 10 8 11 7 -2 -5 -4 -3 12 -1 -13
right_child=6 2 9 4 -6 -7 -8 -9 -10 -11 -12 13 -14 -15
leaf_value= 0.059382061348860239 0.027300225453120525 0.048946161415198523 -0.017302046344998486 0.028069908482665485 -0.015224953890729346 0.027620507021546031 -0.028327115241900763 -0.013638429497839721 -0.016049833933868062 -0.077822068825157159 0.013205121002342774 -0.0071818143832193997 0.0020498916848909932 0.014861616043425991
leaf_weight=314 535 544 3057 890 1852 1750 1298 944 319 126 930 2314 590 1049
leaf_count=314 535 544 3057 890 1852 1750 1298 944 319 126 930 2314 590 1049
model_size=1600
internal_value=0 0.00255098 -0.00416232 0.00674161 -0.00272274 0.0111621 -0.0126171 0.00117035 0.0164287 -0.0196977 0.0263958 0.00441212 0.0219639 -0.000305942
internal_weight=0 13735 7718 4535 3061 6017 2777 1479 1209 3183 1474 4267 904 3363
internal_count=16512 13735 7718 4535 3061 6017 2777 1479 1209 3183 1474 4267 904 3363
is_linear=0
shrinkage=0.1


Tree=27
num_leaves= 3
num_cat= 0
full_tree_array_lgbids= 0 1 -2 -1 -3 -2147483648 -2147483648
split_feature= 3 6
split_gain= 11.5136 0.685507
threshold= 6.3286213786213787 2.5763869593405579
decision_type= 2 2
left_child=1 -1
right_child=-2 -3
leaf_value= 0.0042921481472127923 0.010939576175117044 -0.0064331046877799712
leaf_weight=4826 3135 8551
leaf_count=4826 3135 8551
model_size=256
internal_value=0 -0.00256377
internal_weight=0 13377
internal_count=16512 13377
is_linear=0
shrinkage=0.1


Tree=28
num_leaves= 16
num_cat= 0
full_tree_array_lgbids= 0 1 7 5 2 9 -9 6 10 3 13 -2 -11 -2147483648 -2147483648 -1 8 -7 11 12 4 -4 -15 -2147483648 -2147483648 -2147483648 -2147483648 -2147483648 -2147483648 -2147483648 -2147483648 -2147483648 -2147483648 -8 -10 -2147483648 -2147483648 -12 -13 -3 -14 14 -6 -2147483648 -2147483648 -2147483648 -2147483648 -2147483648 -2147483648 -2147483648 -2147483648 -2147483648 -2147483648 -2147483648 -2147483648 -2147483648 -2147483648 -2147483648 -2147483648 -2147483648 -2147483648 -2147483648 -2147483648 -2147483648 -2147483648 -2147483648 -2147483648 -2147483648 -2147483648 -2147483648 -2147483648 -2147483648 -2147483648 -2147483648 -2147483648 -2147483648 -2147483648 -2147483648 -2147483648 -2147483648 -2147483648 -2147483648 -2147483648 -5 -16 -2147483648 -2147483648 -2147483648 -2147483648 -2147483648 -2147483648 -2147483648 -2147483648 -2147483648 -2147483648 -2147483648 -2147483648 -2147483648 -2147483648 -2147483648 -2147483648 -2147483648 -2147483648 -2147483648 -2147483648 -2147483648 -2147483648 -2147483648 -2147483648 -2147483648 -2147483648 -2147483648 -2147483648 -2147483648 -2147483648 -2147483648 -2147483648 -2147483648 -2147483648 -2147483648 -2147483648 -2147483648 -2147483648 -2147483648 -2147483648 -2147483648 -2147483648
split_feature= 8 7 8 7 8 8 7 7 8 8 7 7 8 1 7
split_gain= 8.93887 32.1893 69.7038 33.6661 23.2387 18.748 30.1795 14.9513 13.2234 12.9405 11.7546 15.8398 3.26609 2.40611 1.9462
threshold= -117.77499999999999 34.525000000000013 -121.56499999999998 37.595000000000006 -122.40499999999999 -118.35499999999998 34.165000000000006 33.565000000000005 -119.30499999999999 -117.145 33.625000000000007 34.045000000000009 -122.02499999999999 5.2493500000000006 38.705000000000005
decision_type= 2 2 2 2 2 2 2 2 2 2 2 2 2 2 2
left_child=1 5 3 12 14 6 -1 9 -8 -2 -7 -12 -3 -4 -5
right_child=7 2 13 4 -6 10 8 -9 -10 -11 11 -13 -14 -15 -16
leaf_value= 0.046172240225293634 0.023220124147889432 0.045791348553216676 -0.015008376080128158 0.024919819017394124 -0.013456372001126647 0.095725591832941229 0.060466873278500338 -0.025221210623260878 -0.0028440892138680359 -0.013339042911710475 -0.0041198930752679389 0.019790595802134749 0.011836459458531845 -0.061109023213121165 -0.014592135345282656
leaf_weight=795 596 514 2995 899 1879 55 142 1348 768 892 2930 1270 924 186 319
leaf_count=795 596 514 2995 899 1879 55 142 1348 768 892 2930 1270 924 186 319
model_size=1712
internal_value=0 0.00234406 -0.00380757 0.00593983 -0.00243348 0.0103082 0.0252839 -0.0113037 0.0070352 0.00130428 0.00430733 0.00311018 0.0239733 -0.017704 0.0145715
internal_weight=0 13676 7716 4535 3097 5960 1705 2836 910 1488 4255 4200 1438 3181 1218
internal_count=16512 13676 7716 4535 3097 5960 1705 2836 910 1488 4255 4200 1438 3181 1218
is_linear=0
shrinkage=0.1


Tree=29
num_leaves= 2
num_cat= 0
full_tree_array_lgbids= 0 -1 -2
split_feature= 3
split_gain= 3.61238
threshold= 6.3286213786213787
decision_type= 2
left_child=-1
right_child=-2
leaf_value= -0.0023373338657618711 0.0099733701190740237
leaf_weight=13377 3135
leaf_count=13377 3135
model_size=144
internal_value=0
internal_weight=0
internal_count=16512
is_linear=0
shrinkage=0.1


Tree=30
num_leaves= 2
num_cat= 0
full_tree_array_lgbids= 0 -1 -2
split_feature= 6
split_gain= 1.95319
threshold= 3.1424162072895592
decision_type= 2
left_child=-1
right_child=-2
leaf_value= 0.0031814086240309399 -0.00701292845813924
leaf_weight=11359 5153
leaf_count=11359 5153
model_size=144
internal_value=0
internal_weight=0
internal_count=16512
is_linear=0
shrinkage=0.1


Tree=31
num_leaves= 14
num_cat= 0
full_tree_array_lgbids= 0 1 6 5 2 11 -8 7 12 3 -4 -2 -13 -2147483648 -2147483648 8 -9 -7 -14 -3 4 -2147483648 -2147483648 -2147483648 -2147483648 -2147483648 -2147483648 -2147483648 -2147483648 -2147483648 -2147483648 9 -10 -2147483648 -2147483648 -2147483648 -2147483648 -2147483648 -2147483648 -2147483648 -2147483648 -5 -6 -2147483648 -2147483648 -2147483648 -2147483648 -2147483648 -2147483648 -2147483648 -2147483648 -2147483648 -2147483648 -2147483648 -2147483648 -2147483648 -2147483648 -2147483648 -2147483648 -2147483648 -2147483648 -2147483648 -2147483648 -1 10 -2147483648 -2147483648 -2147483648 -2147483648 -2147483648 -2147483648 -2147483648 -2147483648 -2147483648 -2147483648 -2147483648 -2147483648 -2147483648 -2147483648 -2147483648 -2147483648 -2147483648 -2147483648 -2147483648 -2147483648 -2147483648 -2147483648 -2147483648 -2147483648 -2147483648 -2147483648 -2147483648 -2147483648 -2147483648 -2147483648 -2147483648 -2147483648 -2147483648 -2147483648 -2147483648 -2147483648 -2147483648 -2147483648 -2147483648 -2147483648 -2147483648 -2147483648 -2147483648 -2147483648 -2147483648 -2147483648 -2147483648 -2147483648 -2147483648 -2147483648 -2147483648 -2147483648 -2147483648 -2147483648 -2147483648 -2147483648 -2147483648 -2147483648 -2147483648 -2147483648 -2147483648 -2147483648 -2147483648 -2147483648 -11 -12 -2147483648 -2147483648 -2147483648 -2147483648 -2147483648 -2147483648 -2147483648 -2147483648 -2147483648 -2147483648 -2147483648 -2147483648 -2147483648 -2147483648 -2147483648 -2147483648 -2147483648 -2147483648 -2147483648 -2147483648 -2147483648 -2147483648 -2147483648 -2147483648 -2147483648 -2147483648 -2147483648 -2147483648 -2147483648 -2147483648 -2147483648 -2147483648 -2147483648 -2147483648 -2147483648 -2147483648 -2147483648 -2147483648 -2147483648 -2147483648 -2147483648 -2147483648 -2147483648 -2147483648 -2147483648 -2147483648 -2147483648 -2147483648 -2147483648 -2147483648 -2147483648 -2147483648 -2147483648 -2147483648 -2147483648 -2147483648 -2147483648 -2147483648 -2147483648 -2147483648 -2147483648 -2147483648 -2147483648 -2147483648 -2147483648 -2147483648 -2147483648 -2147483648 -2147483648 -2147483648 -2147483648 -2147483648 -2147483648 -2147483648 -2147483648 -2147483648 -2147483648 -2147483648 -2147483648 -2147483648 -2147483648 -2147483648 -2147483648 -2147483648 -2147483648 -2147483648 -2147483648 -2147483648 -2147483648 -2147483648 -2147483648 -2147483648 -2147483648 -2147483648 -2147483648 -2147483648 -2147483648 -2147483648 -2147483648 -2147483648 -2147483648 -2147483648 -2147483648 -2147483648 -2147483648 -2147483648 -2147483648 -2147483648 -2147483648 -2147483648 -2147483648 -2147483648 -2147483648 -2147483648 -2147483648 -2147483648 -2147483648 -2147483648 -2147483648 -2147483648 -2147483648 -2147483648 -2147483648 -2147483648
split_feature= 8 7 8 7 8 8 7 7 7 8 7 8 7
split_gain= 0.913089 21.6697 61.8356 21.0498 13.3828 5.69051 5.27239 3.09551 17.7275 17.9378 26.3757 3.0629 1.14434
threshold= -117.77499999999999 35.335000000000008 -121.56499999999998 37.615000000000002 -122.40499999999999 -118.30499999999999 33.565000000000005 34.155000000000008 34.045000000000009 -118.38499999999998 33.885000000000012 -117.16499999999998 33.645000000000003
decision_type= 2 2 2 2 2 2 2 2 2 2 2 2 2
left_child=1 5 3 -3 -5 7 11 8 9 -1 -11 -2 -7
right_child=6 2 -4 4 -6 12 -8 -9 -10 10 -12 -13 -14
leaf_value= 0.048085923890560572 0.022140460527482312 0.021198148528232666 -0.01840663627995762 0.013028603241379498 -0.012661722945068893 0.065818636034170847 -0.022729875804778352 0.0071019577303303681 0.061777738344075954 0.0469236345867972 -0.028910077218706622 -0.011023351625046141 0.0010738032821090537
leaf_weight=329 544 1474 2815 1209 1852 88 1348 1302 393 159 323 944 3732
leaf_count=329 544 1474 2815 1209 1852 88 1348 1302 393 159 323 944 3732
model_size=1488
internal_value=0 0.00212061 -0.00384579 0.00519253 -0.00251484 0.00905281 -0.0102262 0.018942 0.0317457 0.0171926 -0.00389439 0.00110105 0.00256531
internal_weight=0 13676 7350 4535 3061 6326 2836 2506 1204 811 482 1488 3820
internal_count=16512 13676 7350 4535 3061 6326 2836 2506 1204 811 482 1488 3820
is_linear=0
shrinkage=0.1


end of trees

feature_importances:
Column_8=131
Column_7=118
Column_1=95
Column_6=82
Column_2=46
Column_3=16
Column_4=3
Column_5=1

parameters:
[boosting: gbdt]
[objective: regression]
[metric: rmse]
[tree_learner: serial]
[device_type: cpu]
[data_sample_strategy: bagging]
[data: data/california_housing.libsvm.train]
[valid: data/california_housing.libsvm.test]
[num_iterations: 200]
[learning_rate: 0.1]
[num_leaves: 255]
[num_threads: 0]
[seed: 42]
[deterministic: 0]
[force_col_wise: 0]
[force_row_wise: 0]
[histogram_pool_size: -1]
[max_depth: 7]
[min_data_in_leaf: 10]
[min_sum_hessian_in_leaf: 0.001]
[bagging_fraction: 1]
[pos_bagging_fraction: 1]
[neg_bagging_fraction: 1]
[bagging_freq: 0]
[bagging_seed: 400]
[feature_fraction: 1]
[feature_fraction_bynode: 1]
[feature_fraction_seed: 30056]
[extra_trees: 0]
[extra_seed: 12879]
[early_stopping_round: 0]
[early_stopping_min_delta: 0]
[first_metric_only: 0]
[max_delta_step: 0]
[lambda_l1: 0]
[lambda_l2: 0]
[linear_lambda: 0]
[min_gain_to_split: 0]
[drop_rate: 0.1]
[max_drop: 50]
[skip_drop: 0.5]
[xgboost_dart_mode: 0]
[uniform_drop: 0]
[drop_seed: 17869]
[top_rate: 0.2]
[other_rate: 0.1]
[min_data_per_group: 100]
[max_cat_threshold: 32]
[cat_l2: 10]
[cat_smooth: 10]
[max_cat_to_onehot: 4]
[top_k: 20]
[monotone_constraints: ]
[monotone_constraints_method: basic]
[monotone_penalty: 0]
[feature_contri: ]
[forcedsplits_filename: ]
[refit_decay_rate: 0.9]
[tinygbdt_penalty_feature: 4]
[tinygbdt_penalty_split: 0.00390625]
[tinygbdt_forestsize: 64000]
[tinygbdt_precision: 7]
[cegb_tradeoff: 1]
[cegb_penalty_split: 0]
[cegb_penalty_feature_lazy: ]
[cegb_penalty_feature_coupled: ]
[path_smooth: 0]
[interaction_constraints: ]
[verbosity: 2]
[saved_feature_importance_type: 0]
[use_quantized_grad: 0]
[num_grad_quant_bins: 4]
[quant_train_renew_leaf: 0]
[stochastic_rounding: 1]
[linear_tree: 0]
[max_bin: 255]
[max_bin_by_feature: ]
[min_data_in_bin: 3]
[bin_construct_sample_cnt: 200000]
[data_random_seed: 175]
[is_enable_sparse: 1]
[enable_bundle: 1]
[use_missing: 1]
[zero_as_missing: 0]
[feature_pre_filter: 1]
[pre_partition: 0]
[two_round: 0]
[header: 0]
[label_column: ]
[weight_column: ]
[group_column: ]
[ignore_column: ]
[categorical_feature: ]
[forcedbins_filename: ]
[precise_float_parser: 0]
[parser_config_file: ]
[objective_seed: 16083]
[num_class: 1]
[is_unbalance: 0]
[scale_pos_weight: 1]
[sigmoid: 1]
[boost_from_average: 1]
[reg_sqrt: 0]
[alpha: 0.9]
[fair_c: 1]
[poisson_max_delta_step: 0.7]
[tweedie_variance_power: 1.5]
[lambdarank_truncation_level: 30]
[lambdarank_norm: 1]
[label_gain: ]
[lambdarank_position_bias_regularization: 0]
[eval_at: ]
[multi_error_top_k: 1]
[auc_mu_weights: ]
[num_machines: 1]
[local_listen_port: 12400]
[time_out: 120]
[machine_list_filename: ]
[machines: ]
[gpu_platform_id: -1]
[gpu_device_id: -1]
[gpu_use_dp: 0]
[num_gpu: 1]

end of parameters
