tree
version=v4
num_class=1
num_tree_per_iteration=1
label_index=0
max_feature_idx=8
objective=regression
feature_names=Column_0 Column_1 Column_2 Column_3 Column_4 Column_5 Column_6 Column_7 Column_8
feature_infos=none [0.49990000000000001:15.0001] [1:52] [0.88888888888888884:141.90909090909091] [0.33333333333333331:25.63636363636364] [3:35682] [0.69230769230769229:1243.333333333333] [32.549999999999997:41.950000000000003] [-124.34999999999999:-114.31]
tree_sizes=7609 7024 6471 5911 5669 5407 5045 5133 5202 5280 4707 4860 4649 4503 4091 4451 4309 4377 729 987 4233 4093 3896 919 4242 560 496 2615 1506 379 4100 380

Tree=0
num_leaves= 68
num_cat= 0
full_tree_array_lgbids= 0 1 2 5 3 4 10 9 11 6 7 16 13 20 33 15 14 35 21 37 8 19 17 44 18 39 29 -4 64 34 46 45 53 27 52 49 58 54 31 -3 38 12 36 22 25 24 51 -2 -46 -18 23 -6 -41 63 60 -2147483648 -2147483648 -22 -66 -12 -36 -35 -48 -1 48 -17 59 30 -29 -16 -54 50 -51 -37 66 -13 -56 32 42 -2147483648 -2147483648 -39 55 28 26 57 -38 41 40 47 -27 43 65 -19 62 -2147483648 -2147483648 -2147483648 -2147483648 -2147483648 -2147483648 56 -25 -2147483648 -2147483648 -2147483648 -2147483648 -15 -65 61 -62 -2147483648 -2147483648 -2147483648 -2147483648 -2147483648 -2147483648 -2147483648 -2147483648 -2147483648 -2147483648 -2147483648 -2147483648 -2147483648 -2147483648 -2147483648 -2147483648 -2147483648 -2147483648 -47 -50 -2147483648 -2147483648 -55 -61 -11 -32 -2147483648 -2147483648 -2147483648 -2147483648 -2147483648 -2147483648 -7 -52 -2147483648 -2147483648 -2147483648 -2147483648 -60 -68 -2147483648 -2147483648 -2147483648 -2147483648 -23 -34 -33 -44 -2147483648 -2147483648 -2147483648 -2147483648 -2147483648 -2147483648 -40 -57 -8 -30 -14 -28 -10 -59 -2147483648 -2147483648 -5 -43 -24 -42 -21 -49 -2147483648 -2147483648 -9 -45 -26 -67 -2147483648 -2147483648 -53 -64 -2147483648 -2147483648 -2147483648 -2147483648 -2147483648 -2147483648 -2147483648 -2147483648 -2147483648 -2147483648 -2147483648 -2147483648 -20 -58 -2147483648 -2147483648 -2147483648 -2147483648 -2147483648 -2147483648 -2147483648 -2147483648 -2147483648 -2147483648 -2147483648 -2147483648 -2147483648 -2147483648 -31 -63 -2147483648 -2147483648 -2147483648 -2147483648 -2147483648 -2147483648 -2147483648 -2147483648 -2147483648 -2147483648 -2147483648 -2147483648 -2147483648 -2147483648 -2147483648 -2147483648 -2147483648 -2147483648 -2147483648 -2147483648 -2147483648 -2147483648 -2147483648 -2147483648 -2147483648 -2147483648 -2147483648 -2147483648 -2147483648 -2147483648 -2147483648 -2147483648 -2147483648 -2147483648
split_feature= 1 1 1 6 6 3 2 1 7 1 1 1 6 1 6 3 2 6 6 2 2 6 3 1 2 8 8 8 1 2 7 7 8 1 2 7 7 1 2 6 7 6 8 7 1 4 5 7 7 8 6 8 6 6 7 5 7 8 7 7 6 2 8 1 7 8 7
split_gain= 6972.71 1670.19 1277.17 961.354 416.484 303.416 219.057 197.981 172.363 166.177 141.279 122.095 113.851 106.053 97.8927 96.4199 92.8636 90.6266 80.4893 70.5191 58.45 52.1181 51.6435 45.3366 43.687 39.0591 35.6259 34.447 29.7516 28.8276 24.6775 23.9533 28.1127 18.633 22.0174 18.5501 16.2625 16.1635 20.7027 15.7734 14.531 14.3911 13.9371 13.6084 13.4076 11.7755 10.7317 10.423 9.72174 9.34084 14.4862 8.98009 8.12914 7.35687 7.00494 5.47303 4.50083 4.4999 3.32732 3.20259 3.04864 2.88718 2.41627 1.43671 1.25748 1.04343 0.0774139
threshold= 5.0387000000000013 3.0679500000000002 6.8672000000000013 2.3489548886254448 2.671038674349933 4.3101408005062494 24.500000000000004 4.0775500000000013 37.815000000000005 2.2210000000000005 7.852450000000001 2.4115000000000006 1.9628175980828908 5.7307500000000013 2.4907552973342448 3.449226804123712 19.500000000000004 2.9005380231986346 2.0653737590585881 43.500000000000007 26.500000000000004 2.2906328481453726 5.1186051221335997 5.8308000000000009 41.500000000000007 -122.40499999999999 -117.88499999999998 -118.26499999999999 3.4298000000000006 27.500000000000004 37.815000000000005 34.525000000000013 -117.77499999999999 8.7395500000000013 28.500000000000004 35.335000000000008 37.995000000000012 3.5330000000000008 18.500000000000004 2.9742256672023202 34.415000000000006 3.0817415934345274 -120.44499999999998 38.545000000000009 5.6402500000000009 1.0291350557942953 139.50000000000003 38.435000000000009 34.045000000000009 -117.35499999999998 2.254419630548663 -122.33499999999999 3.458170981799539 2.10671797776953 37.945000000000007 534.50000000000011 38.005000000000003 -122.425 36.835000000000008 35.335000000000008 3.458170981799539 40.500000000000007 -117.75499999999998 6.2770500000000009 37.645000000000003 -122.28499999999998 38.925000000000004
decision_type= 2 2 2 2 2 2 2 2 2 2 2 2 2 2 2 2 2 2 2 2 2 2 2 2 2 2 2 2 2 2 2 2 2 2 2 2 2 2 2 2 2 2 2 2 2 2 2 2 2 2 2 2 2 2 2 2 2 2 2 2 2 2 2 2 2 2 2
left_child=1 5 4 6 16 9 37 19 12 15 20 35 28 39 27 45 44 24 -18 22 -4 54 41 56 43 47 -14 30 -8 63 -11 32 -23 34 -12 49 57 -3 -39 -6 -24 -5 -33 -9 -2 -1 -35 -21 -47 50 -7 -19 -16 -17 -13 -40 -20 -10 -37 -55 61 -31 -53 -15 -22 -26 -60
right_child=2 3 10 7 13 11 8 17 36 14 33 21 26 29 52 53 18 51 23 25 64 31 40 -25 65 -27 -28 -29 -30 60 -32 42 -34 46 -36 58 -38 38 55 -41 -42 -43 -44 -45 -46 48 -48 -49 -50 -51 -52 62 -54 59 -56 -57 -58 -59 66 -61 -62 -63 -64 -65 -66 -67 -68
leaf_value= 2.0090854045861635 2.122367892078735 2.0619325518895399 2.2105021416414852 2.0623490992633817 2.1246833370498446 2.0841138599801572 2.1965323452694219 2.0954689418246426 2.2142838774901663 2.1406373236940905 2.2611911907323741 2.0627082295896169 2.1803908632616107 2.1259617740146308 2.0512620347066561 2.0262926385334912 2.3293276008777508 2.1135874555732319 2.1957668316364023 2.1654641714581091 2.3136092887030801 2.0423423215696768 2.0333915413355754 2.255568014458782 2.2091709412441252 2.0584465939763881 2.0853910788377314 2.0508470150556986 2.2845502876908457 2.1919918556662772 2.0404662446165749 1.9910892755883369 1.9852344261613879 2.2256631944098948 2.3423931801380187 1.930502243003837 2.0318246126680579 2.0905904528987551 2.0245249734293451 2.0841198818403921 2.0042626363250329 2.0299805008867327 1.9516641567416866 2.0321558591188165 2.1915848606410337 2.0195706739465327 2.348659992346585 1.9921922446126408 2.0794739076624724 1.9596066990438676 1.9888444208027325 2.0588902430478546 2.0155875827794167 1.9876247733728514 2.0039542439775833 2.1734629168237776 2.087710141191141 2.0951919498649194 1.9717715616073146 1.9546252503190962 2.0880122439150677 2.2838810687809143 2.0262876156140166 2.1613046553189226 2.2369779892674675 2.1356460584060457 1.9436251819951067
leaf_weight=181 128 198 263 636 312 39 90 761 19 227 147 209 402 336 368 104 91 71 303 84 129 272 593 250 43 283 67 153 174 144 50 667 275 19 97 320 76 254 10.999999999999998 516 943 545 277 83 120 114 346 9.9999999999999982 208 303 294 858 399 506 100 104 19 68 497 289 14.999999999999998 28 229 250 39 129 377
leaf_count=181 128 198 263 636 312 39 90 761 19 227 147 209 402 336 368 104 91 71 303 84 129 272 593 250 43 283 67 153 174 144 50 667 275 19 97 320 76 254 11 516 943 545 277 83 120 114 346 10 208 303 294 858 399 506 100 104 19 68 497 289 15 28 229 250 39 129 377
model_size=7536
internal_value=2.07195 2.03789 2.19622 2.07259 2.15739 2.00039 2.1449 2.05251 2.17679 2.02716 2.28999 1.98123 2.19841 2.12609 2.05582 2.00269 2.2124 2.07655 2.23355 2.03561 2.24376 2.0009 2.02938 2.21831 2.10021 2.08053 2.16682 2.09704 2.25454 2.15468 2.12256 1.99203 2.01363 2.32271 2.29347 1.96188 2.07953 2.0945 2.11198 2.0994 2.01551 2.04741 1.97952 2.08924 2.15586 2.04057 2.34226 2.14703 2.05827 1.98076 2 2.0558 2.0327 1.98149 2.04369 2.15922 2.18939 2.1212 1.95182 1.97563 2.19741 2.20695 2.05202 2.14104 2.29582 2.15403 1.95963
internal_weight=0 12960 3552 6731 2512 6229 1463 5268 896 2599 1040 3630 733 1601 1197 1402 911 2174 663 3094 431 1800 2717 572 1016 377 469 430 264 773 277 1491 547 609 244 1830 163 567 369 828 1536 1181 944 844 248 503 365 94 322 636 333 1158 767 899 309 115 322 87 1194 795 187 172 1087 586 168 172 874
internal_count=16512 12960 3552 6731 2512 6229 1463 5268 896 2599 1040 3630 733 1601 1197 1402 911 2174 663 3094 431 1800 2717 572 1016 377 469 430 264 773 277 1491 547 609 244 1830 163 567 369 828 1536 1181 944 844 248 503 365 94 322 636 333 1158 767 899 309 115 322 87 1194 795 187 172 1087 586 168 172 874
is_linear=0
shrinkage=1


Tree=1
num_leaves= 55
num_cat= 0
full_tree_array_lgbids= 0 1 2 5 3 4 12 16 6 7 10 19 15 21 48 17 -18 9 13 8 41 22 23 47 24 33 25 -4 -23 -14 -50 26 39 -2147483648 -2147483648 18 52 14 37 29 11 -9 -43 28 34 32 45 -2 -49 -21 35 49 -35 -17 -27 -2147483648 -2147483648 -2147483648 -2147483648 -2147483648 -2147483648 -2147483648 -2147483648 -1 27 -19 -41 -2147483648 -2147483648 -2147483648 -2147483648 36 53 -11 -54 20 44 43 -39 30 -31 40 31 -2147483648 -2147483648 -2147483648 -2147483648 42 38 -24 -36 51 -34 46 50 -2147483648 -2147483648 -2147483648 -2147483648 -2147483648 -2147483648 -26 -37 -6 -51 -2147483648 -2147483648 -2147483648 -2147483648 -2147483648 -2147483648 -2147483648 -2147483648 -2147483648 -2147483648 -2147483648 -2147483648 -2147483648 -2147483648 -2147483648 -2147483648 -2147483648 -2147483648 -2147483648 -2147483648 -2147483648 -2147483648 -2147483648 -2147483648 -28 -29 -2147483648 -2147483648 -2147483648 -2147483648 -2147483648 -2147483648 -2147483648 -2147483648 -2147483648 -2147483648 -2147483648 -2147483648 -7 -38 -20 -55 -2147483648 -2147483648 -2147483648 -2147483648 -8 -22 -16 -46 -15 -45 -2147483648 -2147483648 -3 -32 -2147483648 -2147483648 -10 -42 -13 -33 -2147483648 -2147483648 -2147483648 -2147483648 -2147483648 -2147483648 -2147483648 -2147483648 -5 -44 -30 -40 -2147483648 -2147483648 -2147483648 -2147483648 -12 -53 -2147483648 -2147483648 -25 -48 -47 -52 -2147483648 -2147483648 -2147483648 -2147483648 -2147483648 -2147483648 -2147483648 -2147483648 -2147483648 -2147483648 -2147483648 -2147483648 -2147483648 -2147483648 -2147483648 -2147483648 -2147483648 -2147483648 -2147483648 -2147483648 -2147483648 -2147483648 -2147483648 -2147483648 -2147483648 -2147483648 -2147483648 -2147483648 -2147483648 -2147483648 -2147483648 -2147483648 -2147483648 -2147483648 -2147483648 -2147483648 -2147483648 -2147483648 -2147483648 -2147483648 -2147483648 -2147483648 -2147483648 -2147483648 -2147483648 -2147483648 -2147483648 -2147483648 -2147483648 -2147483648 -2147483648 -2147483648 -2147483648 -2147483648 -2147483648 -2147483648 -2147483648 -2147483648 -2147483648 -2147483648 -2147483648 -2147483648 -2147483648 -2147483648
split_feature= 1 1 1 6 6 6 7 7 2 8 1 6 1 8 7 1 7 8 6 2 8 2 2 6 6 2 7 8 3 8 7 8 2 6 8 1 7 8 7 2 8 8 6 7 7 8 7 1 5 7 7 7 8 7
split_gain= 5642.79 1351.88 1029.41 774.713 338.495 256.306 182.449 181.214 174.605 139.352 128.759 121.167 109.61 101.877 127.374 100.586 88.2358 96.6791 78.3513 67.8422 66.4584 63.7176 52.7265 48.8209 41.7709 38.7472 33.7507 48.5369 30.9979 29.9342 35.5121 28.2717 25.0546 24.2544 23.5193 17.3424 15.6134 14.86 14.7807 11.1406 9.31817 9.03306 8.92854 7.75302 5.50673 5.41849 6.6657 5.08105 2.89952 2.32611 1.90576 1.74717 0.169793 0.0599518
threshold= 5.0387000000000013 3.1097000000000006 6.8672000000000013 2.4136952392348086 2.5763869593405579 2.1628386478062818 34.455000000000005 37.935000000000009 24.500000000000004 -117.77499999999999 4.1119000000000012 1.9628175980828908 8.4454500000000028 -121.63499999999998 37.895000000000003 5.8308000000000009 37.945000000000007 -118.24499999999999 3.442186331338819 21.500000000000004 -122.31499999999998 26.500000000000004 44.500000000000007 2.9291766686969298 2.0653737590585881 27.500000000000004 34.655000000000008 -122.35499999999998 4.7926201822371182 -118.29499999999999 34.155000000000008 -122.33499999999999 42.500000000000007 3.0298305221858191 -122.40499999999999 5.5682000000000009 34.045000000000009 -119.84499999999998 34.435000000000009 28.500000000000004 -122.40499999999999 -122.35499999999998 3.1424162072895592 35.955000000000005 38.665000000000006 -121.46499999999999 37.915000000000006 5.6402500000000009 70.000000000000014 37.925000000000004 34.655000000000008 37.765000000000008 -116.53499999999998 34.045000000000009
decision_type= 2 2 2 2 2 2 2 2 2 2 2 2 2 2 2 2 2 2 2 2 2 2 2 2 2 2 2 2 2 2 2 2 2 2 2 2 2 2 2 2 2 2 2 2 2 2 2 2 2 2 2 2 2 2
left_child=1 5 4 7 19 16 9 8 29 18 22 40 21 14 20 33 17 26 36 47 -8 -4 28 32 -21 -17 -1 -28 42 30 -3 -13 51 49 -24 -26 -7 43 -30 -19 -10 -9 -5 -15 -16 46 -25 -2 -14 -6 -47 -12 -11 -20
right_child=2 3 12 10 15 6 13 41 11 52 23 31 48 37 44 25 -18 39 53 24 -22 -23 34 45 35 -27 27 -29 38 -31 -32 -33 -34 -35 -36 -37 -38 -39 -40 -41 -42 -43 -44 -45 -46 50 -48 -49 -50 -51 -52 -53 -54 -55
leaf_value= 0.086202864185294242 0.052561869384212923 0.14056201121459405 0.13719190780792143 0.003463501515629647 0.06002034080122505 -0.028351806001327157 0.060784796580749881 0.0218875631841636 0.22363129605035315 -0.080996896015207098 0.021989094026629692 0.15200140062967937 0.10762568108427029 -0.044707256627197454 -0.068773736431244389 0.066276688345453957 -0.073267109796920901 -0.061340620267356552 -0.065391584283729015 0.23644229949906817 -0.044301032444726184 0.21172485594009238 0.071342117762799528 0.030825261473457551 0.11132478339597583 0.12698353916567082 0.12930870007087544 -0.01009390209148699 -0.032242693228385688 -0.0034293641628664775 0.0335429930962289 0.068133369838587768 0.075349674228522373 0.011278638908851377 -0.010588466849351155 0.1712761836686926 0.012950644588565173 -0.124426451343424 -0.058812452943845295 0.0027811432670732249 0.14707573651212263 -0.048305650459384765 -0.036037648941425721 -0.10077127668613467 -0.11124278846755625 -0.015255583482670965 -0.038743699169976435 0.11832615825927482 0.24209449534497904 0.004399986923513846 -0.055307762242806785 -0.0168532001542274 -0.12288267713440351 -0.035224680583242601
leaf_weight=152 110 60 368 359 444 431 96 86 61 764 598 75 11.999999999999998 91 196 550 231 215 673 86 381 246 86 188 180 215 41 214 855 256 218 552 132 521 226 221 368 662 1041 107 203 154 341 995 400 641 72 106 414 79 159 172 121 287
leaf_count=152 110 60 368 359 444 431 96 86 61 764 598 75 12 91 196 550 231 215 673 86 381 246 86 188 180 215 41 214 855 256 218 552 132 521 226 221 368 662 1041 107 203 154 341 995 400 641 72 106 414 79 159 172 121 287
model_size=6080
internal_value=0 -0.0306532 0.111843 0.00158447 0.076901 -0.0634427 -0.072104 0.0611526 0.0753514 -0.0523155 -0.0187812 0.103824 0.19624 -0.0906509 -0.0643244 0.0534143 -0.0141364 0.00460047 -0.0350039 0.137338 -0.0231517 0.167054 -0.0330448 0.0023597 0.160625 0.0833381 0.0399125 0.0123198 -0.0384579 0.027843 0.0566406 0.0781654 0.0223912 0.0314874 0.011995 0.144365 -0.0093289 -0.106811 -0.0468308 -0.0400331 0.164765 -0.0231531 -0.0157792 -0.0960735 -0.0972765 -0.014686 0.01156 0.0848351 0.238307 0.0516188 -0.023216 0.0133126 -0.0867237 -0.0563729
internal_weight=0 12960 3552 6535 2512 6425 5465 1665 1425 2644 4870 891 1040 2821 1073 1809 960 729 1759 703 477 614 2908 1962 487 765 407 255 2596 534 278 627 902 1044 312 401 799 1748 1896 322 264 240 700 1086 596 1060 260 216 426 523 800 770 885 960
internal_count=16512 12960 3552 6535 2512 6425 5465 1665 1425 2644 4870 891 1040 2821 1073 1809 960 729 1759 703 477 614 2908 1962 487 765 407 255 2596 534 278 627 902 1044 312 401 799 1748 1896 322 264 240 700 1086 596 1060 260 216 426 523 800 770 885 960
is_linear=0
shrinkage=0.1


Tree=2
num_leaves= 47
num_cat= 0
full_tree_array_lgbids= 0 1 2 5 3 4 23 16 7 6 8 14 13 27 -25 17 -18 9 11 -3 10 22 15 -2 20 36 38 -4 -29 -2147483648 -2147483648 24 37 -2147483648 -2147483648 18 -11 12 33 -2147483648 -2147483648 21 44 30 40 31 26 -2147483648 -2147483648 -16 29 -6 -38 -15 -40 -2147483648 -2147483648 -2147483648 -2147483648 -2147483648 -2147483648 -2147483648 -2147483648 -1 25 -19 -39 -2147483648 -2147483648 -2147483648 -2147483648 43 34 -2147483648 -2147483648 19 45 41 -35 -2147483648 -2147483648 -2147483648 -2147483648 32 28 -12 -46 39 -32 -24 -42 -10 42 -17 35 -2147483648 -2147483648 -2147483648 -2147483648 -2147483648 -2147483648 -22 -31 -2147483648 -2147483648 -2147483648 -2147483648 -2147483648 -2147483648 -2147483648 -2147483648 -2147483648 -2147483648 -2147483648 -2147483648 -2147483648 -2147483648 -2147483648 -2147483648 -2147483648 -2147483648 -2147483648 -2147483648 -2147483648 -2147483648 -2147483648 -2147483648 -2147483648 -2147483648 -26 -27 -2147483648 -2147483648 -2147483648 -2147483648 -2147483648 -2147483648 -2147483648 -2147483648 -2147483648 -2147483648 -2147483648 -2147483648 -7 -45 -20 -36 -2147483648 -2147483648 -2147483648 -2147483648 -9 -21 -14 -47 -13 -43 -2147483648 -2147483648 -2147483648 -2147483648 -2147483648 -2147483648 -2147483648 -2147483648 -2147483648 -2147483648 -8 -34 -23 -30 -2147483648 -2147483648 -2147483648 -2147483648 -5 -41 -2147483648 -2147483648 -2147483648 -2147483648 -2147483648 -2147483648 -2147483648 -2147483648 -33 -44 -2147483648 -2147483648 -28 -37 -2147483648 -2147483648 -2147483648 -2147483648 -2147483648 -2147483648 -2147483648 -2147483648 -2147483648 -2147483648 -2147483648 -2147483648 -2147483648 -2147483648 -2147483648 -2147483648 -2147483648 -2147483648 -2147483648 -2147483648 -2147483648 -2147483648 -2147483648 -2147483648 -2147483648 -2147483648 -2147483648 -2147483648 -2147483648 -2147483648 -2147483648 -2147483648 -2147483648 -2147483648 -2147483648 -2147483648 -2147483648 -2147483648 -2147483648 -2147483648 -2147483648 -2147483648 -2147483648 -2147483648 -2147483648 -2147483648 -2147483648 -2147483648 -2147483648 -2147483648 -2147483648 -2147483648 -2147483648 -2147483648 -2147483648 -2147483648 -2147483648 -2147483648 -2147483648 -2147483648 -2147483648 -2147483648 -2147483648 -2147483648
split_feature= 1 1 1 6 6 6 2 7 1 8 7 8 7 1 2 6 7 8 6 8 6 6 2 1 7 8 8 2 1 1 3 2 2 8 7 7 6 2 2 7 8 7 8 8 8 7
split_gain= 4571.25 1176.42 755.054 666.253 253.144 224.929 159.044 155.387 124.211 120.117 94.6534 90.9101 107.462 88.3388 80.0275 79.8738 72.5253 83.4738 68.769 51.7877 50.2866 42.3022 39.1847 32.9471 27.7225 43.6325 24.2546 23.6095 22.6015 22.3735 22.025 16.1192 11.8534 9.61809 9.3263 5.88154 5.37087 4.39425 3.58547 3.36172 2.70063 2.28158 2.04266 1.9331 1.84869 1.75146
threshold= 5.1326000000000009 3.1792500000000001 7.3930000000000016 2.2982753493904258 2.7472725830126556 2.1628386478062818 19.500000000000004 34.455000000000005 4.0612500000000002 -117.77499999999999 37.815000000000005 -121.63499999999998 37.915000000000006 6.2770500000000009 21.500000000000004 2.6829812717770039 37.935000000000009 -118.25499999999998 3.1336552646136835 -122.33499999999999 2.2038024706228287 1.9322222929778572 47.500000000000007 8.7395500000000013 34.655000000000008 -120.02499999999999 -121.895 28.500000000000004 3.8136000000000005 5.6042500000000013 5.1822875816993479 26.500000000000004 28.500000000000004 -119.94499999999998 34.035000000000004 34.655000000000008 3.1424162072895592 32.500000000000007 26.500000000000004 37.805000000000007 -122.29499999999999 35.645000000000003 -122.29499999999999 -118.395 -122.03499999999998 38.675000000000004
decision_type= 2 2 2 2 2 2 2 2 2 2 2 2 2 2 2 2 2 2 2 2 2 2 2 2 2 2 2 2 2 2 2 2 2 2 2 2 2 2 2 2 2 2 2 2 2 2
left_child=1 5 4 6 14 16 -3 9 22 18 21 12 19 36 -2 31 17 24 43 -9 -16 32 30 27 -1 -26 -17 -4 -23 -22 39 -10 -8 41 -20 -28 -6 -19 -15 -5 -24 -13 -33 -7 -12 -14
right_child=2 3 23 8 13 7 10 11 15 -11 44 33 45 38 20 26 -18 37 34 -21 29 28 40 -25 25 -27 35 -29 -30 -31 -32 42 -34 -35 -36 -37 -38 -39 -40 -41 -42 -43 -44 -45 -46 -47
leaf_value= 0.079770202234089038 0.069696007421495579 0.012906262232389835 0.1428474648206523 -0.012926653497714028 0.047829418741263979 0.039086678596293063 0.10083572531644353 0.05732021770261303 0.010407994223245676 -0.077461658079871626 0.041040505613992986 -0.038789454374320645 -0.060362194171175367 0.080706657916839633 0.20285627368025316 0.025806742017788098 -0.064430747510371159 -0.049544055125574561 -0.057213492146282824 -0.037337910849887065 0.087467355291031446 0.061337305652647306 0.068120955497026445 0.21951206399969858 0.031497055059691838 -0.10751857522286867 -0.0052237523257986146 0.20824634300590292 0.12234425876910489 0.1425091938183039 -0.043021747759836554 0.10989830801120171 0.17723832140517023 -0.11152723481032925 -0.025481827964771348 -0.034449881916848092 0.016625492257263907 0.012320070749534886 0.13888449970413658 -0.061848277082328498 -0.00044052452869856591 -0.089891024205683498 0.046967280402398705 -0.0084308900555138209 -0.044148300891352257 -0.099506536819655642
leaf_weight=167 310 350 264 1077 526 117 78 99 276 928 94 92 210 350 133 347 245 266 783 407 216 226 75 365 237 38 1024 164 228 387 1350 65 175 718 454 423 499 82 85 106 130 1017 357 517 43 412
leaf_count=167 310 350 264 1077 526 117 78 99 276 928 94 92 210 350 133 347 245 266 783 407 216 226 75 365 237 38 1024 164 228 387 1350 65 175 718 454 423 499 82 85 106 130 1017 357 517 43 412
model_size=5184
internal_value=0 -0.026347 0.105524 0.00458073 0.0782668 -0.0556119 0.0729608 -0.0636593 -0.0110303 -0.0457438 0.097865 -0.0806291 -0.0560236 0.0503472 0.117237 0.00634704 -0.0108727 0.00573702 -0.030012 -0.0188178 0.137261 0.114057 -0.0268464 0.19166 0.0377844 0.0122876 -0.00611287 0.167907 0.0919752 0.122793 -0.0310135 0.0383715 0.153683 -0.0958207 -0.0455674 -0.0137674 0.0326384 -0.0349669 0.0920747 -0.0173102 0.0246429 -0.0856518 0.0566604 0.000338125 0.0143024 -0.0862906
internal_weight=0 13213 3299 6424 2506 6789 1194 5754 5230 2799 844 2955 1128 1460 1046 2492 1035 790 1871 506 736 707 2738 793 442 275 1794 428 454 603 2533 698 253 1827 1237 1447 1025 348 435 1183 205 1109 422 634 137 622
internal_count=16512 13213 3299 6424 2506 6789 1194 5754 5230 2799 844 2955 1128 1460 1046 2492 1035 790 1871 506 736 707 2738 793 442 275 1794 428 454 603 2533 698 253 1827 1237 1447 1025 348 435 1183 205 1109 422 634 137 622
is_linear=0
shrinkage=0.1


Tree=3
num_leaves= 39
num_cat= 0
full_tree_array_lgbids= 0 1 3 4 2 5 27 11 7 6 8 23 17 29 -29 15 -13 10 13 -3 9 12 24 -2 28 32 36 -5 -31 -2147483648 -2147483648 -1 22 -2147483648 -2147483648 18 -12 14 37 -2147483648 -2147483648 16 -11 19 20 -10 30 -2147483648 -2147483648 -25 33 -7 -34 -19 -38 -2147483648 -2147483648 -2147483648 -2147483648 -2147483648 -2147483648 -2147483648 -2147483648 -2147483648 -2147483648 34 -24 -2147483648 -2147483648 -2147483648 -2147483648 35 -20 -2147483648 -2147483648 25 -16 -15 -39 -2147483648 -2147483648 -2147483648 -2147483648 31 26 -2147483648 -2147483648 -4 -21 21 -22 -2147483648 -2147483648 -26 -32 -2147483648 -2147483648 -2147483648 -2147483648 -2147483648 -2147483648 -30 -35 -2147483648 -2147483648 -2147483648 -2147483648 -2147483648 -2147483648 -2147483648 -2147483648 -2147483648 -2147483648 -2147483648 -2147483648 -2147483648 -2147483648 -2147483648 -2147483648 -2147483648 -2147483648 -2147483648 -2147483648 -2147483648 -2147483648 -2147483648 -2147483648 -2147483648 -2147483648 -2147483648 -2147483648 -17 -36 -2147483648 -2147483648 -2147483648 -2147483648 -2147483648 -2147483648 -2147483648 -2147483648 -2147483648 -2147483648 -6 -37 -2147483648 -2147483648 -2147483648 -2147483648 -2147483648 -2147483648 -9 -27 -2147483648 -2147483648 -2147483648 -2147483648 -2147483648 -2147483648 -2147483648 -2147483648 -2147483648 -2147483648 -2147483648 -2147483648 -2147483648 -2147483648 -8 -33 -18 -28 -2147483648 -2147483648 -2147483648 -2147483648 -2147483648 -2147483648 -2147483648 -2147483648 -14 -23 -2147483648 -2147483648 -2147483648 -2147483648 -2147483648 -2147483648 -2147483648 -2147483648 -2147483648 -2147483648 -2147483648 -2147483648 -2147483648 -2147483648 -2147483648 -2147483648 -2147483648 -2147483648 -2147483648 -2147483648 -2147483648 -2147483648 -2147483648 -2147483648 -2147483648 -2147483648 -2147483648 -2147483648 -2147483648 -2147483648 -2147483648 -2147483648 -2147483648 -2147483648 -2147483648 -2147483648 -2147483648 -2147483648 -2147483648 -2147483648 -2147483648 -2147483648 -2147483648 -2147483648 -2147483648 -2147483648 -2147483648 -2147483648 -2147483648 -2147483648 -2147483648 -2147483648 -2147483648 -2147483648 -2147483648 -2147483648 -2147483648 -2147483648 -2147483648 -2147483648 -2147483648 -2147483648 -2147483648 -2147483648 -2147483648 -2147483648 -2147483648 -2147483648 -2147483648 -2147483648 -2147483648 -2147483648 -2147483648 -2147483648
split_feature= 1 1 6 1 6 6 2 7 1 7 8 7 8 8 7 8 6 1 6 7 7 8 8 2 2 8 1 1 6 2 6 1 2 1 2 8 2 1
split_gain= 3711.14 1027.29 568 527.736 183.561 174.614 124.853 124.493 108.648 99.9098 96.5045 66.4712 58.6542 58.5764 66.8257 57.3385 55.5136 51.0038 50.5849 46.4661 38.9705 52.1589 35.6431 30.8267 27.4248 23.4908 22.2974 21.8386 17.3879 14.6063 12.7882 12.586 9.93644 7.5955 6.87969 6.82044 3.06183 2.7712
threshold= 5.2771000000000017 3.1913000000000005 2.3722374117110965 7.3930000000000016 2.2352443515477258 2.6585924622132828 19.500000000000004 34.455000000000005 4.5301500000000017 37.815000000000005 -117.77499999999999 37.935000000000009 -122.38499999999998 -121.63499999999998 37.915000000000006 -122.31499999999998 2.0231950334409352 6.2770500000000009 3.4287187039764357 38.735000000000007 37.945000000000007 -117.79499999999999 -117.145 21.500000000000004 20.500000000000004 -122.33499999999999 3.8769000000000005 8.7395500000000013 2.2038024706228287 20.500000000000004 2.735488224282792 3.8769000000000005 36.500000000000007 6.3350000000000009 27.500000000000004 -118.395 28.500000000000004 2.2210000000000005
decision_type= 2 2 2 2 2 2 2 2 2 2 2 2 2 2 2 2 2 2 2 2 2 2 2 2 2 2 2 2 2 2 2 2 2 2 2 2 2 2
left_child=1 4 6 5 11 23 -3 10 12 16 18 15 19 14 25 -1 31 32 35 -4 21 -14 34 -2 -10 -9 -18 29 -25 -5 -26 -8 -7 -30 -17 -6 -19 -15
right_child=3 2 8 27 7 17 9 13 24 -11 -12 -13 20 37 -16 22 26 36 -20 -21 -22 -23 -24 28 30 -27 -28 -29 33 -31 -32 -33 -34 -35 -36 -37 -38 -39
leaf_value= 0.11417599623091519 0.075928098334544253 0.012011678245008857 0.048373222263076637 0.11584176358423735 0.03468037621359215 0.033477839974247449 0.10423744030686438 0.041809092321352145 -0.0091167763210552449 0.0068882478432108962 -0.071354490615309255 -0.058376814496354561 -0.010061475478941373 -0.099822901575963602 -0.078080760020825826 -0.014594778623165831 0.040290111813833136 0.074141738100738597 -0.045054762197422382 -0.079164063109427085 -0.055220649379804213 -0.048160601853111759 -0.061652177352780141 0.18733523250040082 0.054985519315360658 -0.035351008509978195 0.098365955159120944 0.19756086509521695 0.10163513895120774 0.17458667641048997 0.015153300423286737 0.16532545220561146 0.10175491896471088 0.15683160154542453 0.024211353688537371 -0.013817536421187169 0.12845051707152058 -0.076631154636950832
leaf_weight=58 212 423 263 171 141 897 196 92 531 180 894 323 2224 779 590 350 233 386 1017 49 529 649 149 108 318 385 282 365 272 257 634 164 71 142 387 695 102 994
leaf_count=58 212 423 263 171 141 897 196 92 531 180 894 323 2224 779 590 350 233 386 1017 49 529 649 149 108 318 385 282 365 272 257 634 164 71 142 387 695 102 994
model_size=4288
internal_value=0 -0.0223229 0.00587888 0.101242 -0.0497881 0.0754423 0.061564 -0.0580078 -0.00995766 0.0814318 -0.0416181 -0.0135423 -0.019925 -0.0738608 -0.0523255 0.00179836 0.0967665 0.054241 -0.0272714 0.0283433 -0.0243518 -0.0186679 -0.00555819 0.117498 0.0150044 -0.020469 0.0720909 0.172494 0.134381 0.151116 0.0284586 0.132066 0.0384858 0.120567 0.00578239 -0.00563786 0.0854932 -0.0868209
internal_weight=0 13529 6675 2983 6854 2190 1478 5587 5197 1055 2747 1267 3714 2840 1067 944 875 1456 1853 312 3402 2873 886 734 1483 477 515 793 522 428 952 360 968 414 737 836 488 1773
internal_count=16512 13529 6675 2983 6854 2190 1478 5587 5197 1055 2747 1267 3714 2840 1067 944 875 1456 1853 312 3402 2873 886 734 1483 477 515 793 522 428 952 360 968 414 737 836 488 1773
is_linear=0
shrinkage=0.1


Tree=4
num_leaves= 35
num_cat= 0
full_tree_array_lgbids= 0 1 3 4 2 6 21 8 5 7 11 23 18 -5 -23 24 14 9 12 -3 10 15 16 -2 -25 30 -20 -2147483648 -2147483648 -2147483648 -2147483648 29 -26 -10 17 -6 20 22 33 -2147483648 -2147483648 13 -12 27 -17 25 -18 -2147483648 -2147483648 -2147483648 -2147483648 -8 -32 -2147483648 -2147483648 -2147483648 -2147483648 -2147483648 -2147483648 -2147483648 -2147483648 -2147483648 -2147483648 -1 -31 -2147483648 -2147483648 -2147483648 -2147483648 -16 19 -2147483648 -2147483648 32 -22 -7 -24 -14 -35 -2147483648 -2147483648 -2147483648 -2147483648 -9 31 -2147483648 -2147483648 28 -29 -2147483648 -2147483648 26 -27 -2147483648 -2147483648 -2147483648 -2147483648 -2147483648 -2147483648 -2147483648 -2147483648 -2147483648 -2147483648 -2147483648 -2147483648 -2147483648 -2147483648 -2147483648 -2147483648 -2147483648 -2147483648 -2147483648 -2147483648 -2147483648 -2147483648 -2147483648 -2147483648 -2147483648 -2147483648 -2147483648 -2147483648 -2147483648 -2147483648 -2147483648 -2147483648 -2147483648 -2147483648 -2147483648 -2147483648 -2147483648 -2147483648 -2147483648 -2147483648 -2147483648 -2147483648 -2147483648 -2147483648 -2147483648 -2147483648 -2147483648 -2147483648 -19 -21 -2147483648 -2147483648 -2147483648 -2147483648 -11 -34 -2147483648 -2147483648 -2147483648 -2147483648 -2147483648 -2147483648 -2147483648 -2147483648 -2147483648 -2147483648 -2147483648 -2147483648 -2147483648 -2147483648 -2147483648 -2147483648 -2147483648 -2147483648 -2147483648 -2147483648 -15 -33 -2147483648 -2147483648 -2147483648 -2147483648 -4 -30 -2147483648 -2147483648 -2147483648 -2147483648 -2147483648 -2147483648 -13 -28 -2147483648 -2147483648 -2147483648 -2147483648 -2147483648 -2147483648 -2147483648 -2147483648 -2147483648 -2147483648 -2147483648 -2147483648 -2147483648 -2147483648 -2147483648 -2147483648 -2147483648 -2147483648 -2147483648 -2147483648 -2147483648 -2147483648 -2147483648 -2147483648 -2147483648 -2147483648 -2147483648 -2147483648 -2147483648 -2147483648 -2147483648 -2147483648 -2147483648 -2147483648 -2147483648 -2147483648 -2147483648 -2147483648 -2147483648 -2147483648 -2147483648 -2147483648 -2147483648 -2147483648 -2147483648 -2147483648 -2147483648 -2147483648 -2147483648 -2147483648 -2147483648 -2147483648 -2147483648 -2147483648 -2147483648 -2147483648 -2147483648 -2147483648 -2147483648 -2147483648 -2147483648 -2147483648 -2147483648 -2147483648 -2147483648 -2147483648 -2147483648 -2147483648 -2147483648 -2147483648
split_feature= 1 1 6 1 6 1 6 2 1 3 7 1 3 6 2 2 6 8 1 7 7 2 6 7 7 7 8 8 7 8 6 8 8 2
split_gain= 3008.86 985.263 417.99 304.058 240.93 118.58 104.927 102.795 96.397 86.5214 81.1899 73.5769 54.469 52.126 33.9461 28.6518 28.4953 23.2718 19.9562 18.5937 12.0781 8.10625 7.18538 6.36233 6.24979 5.37139 8.2085 4.52276 10.4789 4.3847 2.73761 2.08908 1.75744 0.690075
threshold= 5.6042500000000013 3.5488500000000003 2.4469862317432325 7.7055000000000016 2.2352443515477258 2.5205000000000006 2.6529733204757315 20.500000000000004 2.5510500000000005 3.6193833748516839 37.965000000000011 4.5301500000000017 4.7252880533656763 1.9628175980828908 21.500000000000004 42.500000000000007 2.9742256672023202 -122.35499999999998 6.5626000000000007 34.455000000000005 35.335000000000008 18.500000000000004 3.2651338971106418 37.955000000000005 38.515000000000008 37.925000000000004 -117.90499999999999 -117.79499999999999 34.525000000000013 -117.145 3.1424162072895592 -117.16499999999998 -117.50499999999998 49.500000000000007
decision_type= 2 2 2 2 2 2 2 2 2 2 2 2 2 2 2 2 2 2 2 2 2 2 2 2 2 2 2 2 2 2 2 2 2 2
left_child=1 4 7 6 8 9 23 -3 24 -6 13 15 22 -9 -10 27 25 -16 30 -19 32 -5 -7 -2 29 26 -13 28 -4 -1 -8 -15 -11 -14
right_child=3 2 11 21 5 12 18 10 14 20 -12 16 33 31 17 -17 -18 19 -20 -21 -22 -23 -24 -25 -26 -27 -28 -29 -30 -31 -32 -33 -34 -35
leaf_value= -0.011328579816438604 0.12570308700960595 0.017075713080722813 0.00030918662865706063 0.13148384226513082 -0.025723427803620687 -0.0042888918413828431 0.063347463394940295 0.14085024370802526 -0.01689108769355922 -0.048936288134019408 -0.012612149770432544 0.049438762101740773 -0.049369924265320858 0.078196349607233095 0.11509409376287034 0.023496486452082424 -0.0012081226416629422 0.053157651947573728 0.087421786304260327 -0.0042231239574165016 -0.082838070876899636 0.1770017701995682 -0.033108192861292594 0.040030372343253254 -0.069339941791844495 -0.0067993620093272748 0.0017982062770031571 -0.041534832171742628 -0.026962966113611705 -0.065826679664501633 0.026870113374854006 -0.029690748018523058 -0.078010174966265167 -0.004248911652970931
leaf_weight=451 528 447 801 207 607 794 436 224 244 727 107 610 1989 683 70 303 931 298 415 207 1436 463 616 41 159 153 168 447 941 109 316 21 447 116
leaf_count=451 528 447 801 207 607 794 436 224 244 727 107 610 1989 683 70 303 931 298 415 207 1436 463 616 41 159 153 168 447 941 109 316 21 447 116
model_size=3840
internal_value=0 -0.0176926 0.0141093 0.103729 -0.0401347 -0.0486492 0.0808773 0.061146 -0.00286567 -0.0637292 0.0801793 -0.00190088 -0.0348477 0.0908783 0.0230793 -0.0146754 0.0151959 0.0400407 0.0620313 0.0296372 -0.0725681 0.162939 -0.0168795 0.11953 -0.0324191 0.0315998 0.0391513 -0.0199591 -0.0144228 -0.0219362 0.0480192 0.0749781 -0.0600062 -0.0468834
internal_weight=0 14106 5836 2406 8270 6732 1736 1482 1538 3217 1035 4354 3515 928 819 2492 1862 575 1167 505 2610 670 1410 569 719 931 778 2189 1742 560 752 704 1174 2105
internal_count=16512 14106 5836 2406 8270 6732 1736 1482 1538 3217 1035 4354 3515 928 819 2492 1862 575 1167 505 2610 670 1410 569 719 931 778 2189 1742 560 752 704 1174 2105
is_linear=0
shrinkage=0.1


Tree=5
num_leaves= 31
num_cat= 0
full_tree_array_lgbids= 0 1 2 6 3 4 8 17 13 5 9 22 16 12 -10 26 -19 -8 19 7 -7 18 14 -2 23 -6 25 -4 -14 -2147483648 -2147483648 27 -28 -2147483648 -2147483648 -2147483648 -2147483648 -15 29 28 10 -2147483648 -2147483648 -5 24 20 -16 -2147483648 -2147483648 -24 -25 -2147483648 -2147483648 -18 -27 -2147483648 -2147483648 -2147483648 -2147483648 -2147483648 -2147483648 -2147483648 -2147483648 -1 -29 -2147483648 -2147483648 -2147483648 -2147483648 -2147483648 -2147483648 -2147483648 -2147483648 -2147483648 -2147483648 -2147483648 -2147483648 -21 -31 -3 -30 11 15 -2147483648 -2147483648 -2147483648 -2147483648 -2147483648 -2147483648 -20 -26 21 -22 -2147483648 -2147483648 -2147483648 -2147483648 -2147483648 -2147483648 -2147483648 -2147483648 -2147483648 -2147483648 -2147483648 -2147483648 -2147483648 -2147483648 -2147483648 -2147483648 -2147483648 -2147483648 -2147483648 -2147483648 -2147483648 -2147483648 -2147483648 -2147483648 -2147483648 -2147483648 -2147483648 -2147483648 -2147483648 -2147483648 -2147483648 -2147483648 -2147483648 -2147483648 -2147483648 -2147483648 -2147483648 -2147483648 -2147483648 -2147483648 -2147483648 -2147483648 -2147483648 -2147483648 -2147483648 -2147483648 -2147483648 -2147483648 -2147483648 -2147483648 -2147483648 -2147483648 -2147483648 -2147483648 -2147483648 -2147483648 -2147483648 -2147483648 -2147483648 -2147483648 -2147483648 -2147483648 -2147483648 -2147483648 -2147483648 -2147483648 -2147483648 -2147483648 -2147483648 -2147483648 -9 -13 -12 -17 -2147483648 -2147483648 -2147483648 -2147483648 -2147483648 -2147483648 -2147483648 -2147483648 -2147483648 -2147483648 -2147483648 -2147483648 -2147483648 -2147483648 -2147483648 -2147483648 -11 -23 -2147483648 -2147483648 -2147483648 -2147483648 -2147483648 -2147483648 -2147483648 -2147483648 -2147483648 -2147483648 -2147483648 -2147483648 -2147483648 -2147483648 -2147483648 -2147483648 -2147483648 -2147483648 -2147483648 -2147483648 -2147483648 -2147483648 -2147483648 -2147483648 -2147483648 -2147483648 -2147483648 -2147483648 -2147483648 -2147483648 -2147483648 -2147483648 -2147483648 -2147483648 -2147483648 -2147483648 -2147483648 -2147483648 -2147483648 -2147483648 -2147483648 -2147483648 -2147483648 -2147483648 -2147483648 -2147483648 -2147483648 -2147483648 -2147483648 -2147483648 -2147483648 -2147483648 -2147483648 -2147483648 -2147483648 -2147483648 -2147483648 -2147483648 -2147483648 -2147483648 -2147483648 -2147483648 -2147483648 -2147483648 -2147483648 -2147483648 -2147483648 -2147483648 -2147483648 -2147483648
split_feature= 1 1 1 6 6 7 3 8 1 1 8 7 2 1 6 7 2 6 3 6 7 8 2 6 2 6 7 8 7 3
split_gain= 2447.45 611.127 441.991 369.859 119.365 109.953 106.898 100.803 82.9763 77.9069 45.4157 101.582 42.9815 36.3274 29.3549 22.6361 19.0223 18.8891 17.2355 15.1125 13.1096 20.7949 10.8018 13.6137 6.25322 6.18516 4.09441 7.58887 3.04097 1.32999
threshold= 5.0387000000000013 2.7820000000000005 6.3963500000000009 2.4136952392348086 2.5288691539219195 37.995000000000012 3.8792159595040387 -122.35499999999998 7.852450000000001 3.8346500000000003 -117.98499999999999 34.155000000000008 26.500000000000004 1.9486000000000003 3.016322398451238 33.695000000000007 16.500000000000004 2.8941056667066012 4.8809487864875196 2.2982753493904258 37.875000000000007 -122.21499999999999 16.500000000000004 2.0653737590585881 44.500000000000007 3.1519910337552743 37.935000000000009 -118.21499999999999 37.765000000000008 4.3645181386446135
decision_type= 2 2 2 2 2 2 2 2 2 2 2 2 2 2 2 2 2 2 2 2 2 2 2 2 2 2 2 2 2 2
left_child=1 6 4 5 22 7 17 28 12 18 11 -9 -4 -8 20 -12 -6 26 -5 -15 21 -11 -2 -24 -20 -18 27 -1 -3 -21
right_child=2 3 8 9 16 -7 13 10 -10 14 15 -13 -14 19 -16 -17 25 -19 24 29 -22 -23 23 -25 -26 -27 -28 -29 -30 -31
leaf_value= 0.024328304382605834 0.040773248338493807 0.074280427383491762 0.071861527708421663 -0.014106561363859283 0.0043603295947443011 -0.030256079979859459 -0.076084737810270406 0.08872919071354933 0.14974146089839638 0.082267105871237672 0.024954808595520277 0.02157106875723586 0.13038528172794778 -0.024508256695058895 -0.016707904132507632 -0.043741295379907667 0.050475061353513852 -0.03625935017991317 -0.041096692001959451 -0.035167938431213984 -0.019036864402623088 0.013134125830853747 0.15545215586396424 0.085674983959721951 0.0021467195873385702 0.015942968509157308 -0.060743748093607712 -0.026193653662314478 0.14655392654240132 -0.061015364611943734
leaf_weight=329 116 80 491 1239 467 268 1169 456 609 99 279 692 312 502 1241 145 775 833 1695 463 311 1066 95 339 169 348 67 184 124 1549
leaf_count=329 116 80 491 1239 467 268 1169 456 609 99 279 692 312 502 1241 145 775 833 1695 463 311 1066 95 339 169 348 67 184 124 1549
model_size=3392
internal_value=0 -0.020247 0.0738741 -0.00245036 0.0445066 0.0352319 -0.0477102 0.0451141 0.118383 -0.0156845 0.0356282 0.0482471 0.0946005 -0.0575731 -0.00165975 0.00146204 0.0293727 -0.0220025 -0.0279646 -0.0489653 0.0109925 0.0190089 0.0882572 0.100949 -0.037176 0.0397741 -0.00152664 0.00620737 0.118211 -0.0550674
internal_weight=0 12960 3552 7864 2140 2044 5096 1776 1412 5820 1572 1148 803 3683 2717 424 1590 1413 3103 2514 1476 1165 550 434 1864 1123 580 513 204 2012
internal_count=16512 12960 3552 7864 2140 2044 5096 1776 1412 5820 1572 1148 803 3683 2717 424 1590 1413 3103 2514 1476 1165 550 434 1864 1123 580 513 204 2012
is_linear=0
shrinkage=0.1


Tree=6
num_leaves= 26
num_cat= 0
full_tree_array_lgbids= 0 1 3 4 2 6 20 16 7 5 12 17 -8 22 -22 -1 23 9 11 8 -7 13 -14 -2 18 -2147483648 -2147483648 -5 -24 -2147483648 -2147483648 -2147483648 -2147483648 -18 -25 -6 -11 21 -13 -3 10 -2147483648 -2147483648 14 -15 -2147483648 -2147483648 -2147483648 -2147483648 24 -20 -2147483648 -2147483648 -2147483648 -2147483648 -2147483648 -2147483648 -2147483648 -2147483648 -2147483648 -2147483648 -2147483648 -2147483648 -2147483648 -2147483648 -2147483648 -2147483648 -2147483648 -2147483648 -2147483648 -2147483648 -2147483648 -2147483648 -2147483648 -2147483648 -9 -23 -2147483648 -2147483648 -2147483648 -2147483648 -10 19 -2147483648 -2147483648 -2147483648 -2147483648 -4 15 -2147483648 -2147483648 -2147483648 -2147483648 -2147483648 -2147483648 -2147483648 -2147483648 -2147483648 -2147483648 -19 -26 -2147483648 -2147483648 -2147483648 -2147483648 -2147483648 -2147483648 -2147483648 -2147483648 -2147483648 -2147483648 -2147483648 -2147483648 -2147483648 -2147483648 -2147483648 -2147483648 -2147483648 -2147483648 -2147483648 -2147483648 -2147483648 -2147483648 -2147483648 -2147483648 -2147483648 -2147483648 -2147483648 -2147483648 -2147483648 -2147483648 -2147483648 -2147483648 -2147483648 -2147483648 -2147483648 -2147483648 -2147483648 -2147483648 -2147483648 -2147483648 -2147483648 -2147483648 -2147483648 -2147483648 -2147483648 -2147483648 -2147483648 -2147483648 -2147483648 -2147483648 -2147483648 -2147483648 -2147483648 -2147483648 -2147483648 -2147483648 -2147483648 -2147483648 -2147483648 -2147483648 -2147483648 -2147483648 -2147483648 -2147483648 -12 -21 -2147483648 -2147483648 -2147483648 -2147483648 -2147483648 -2147483648 -2147483648 -2147483648 -2147483648 -2147483648 -16 -17 -2147483648 -2147483648 -2147483648 -2147483648 -2147483648 -2147483648 -2147483648 -2147483648 -2147483648 -2147483648 -2147483648 -2147483648 -2147483648 -2147483648 -2147483648 -2147483648 -2147483648 -2147483648 -2147483648 -2147483648 -2147483648 -2147483648 -2147483648 -2147483648 -2147483648 -2147483648 -2147483648 -2147483648 -2147483648 -2147483648 -2147483648 -2147483648 -2147483648 -2147483648 -2147483648 -2147483648 -2147483648 -2147483648 -2147483648 -2147483648 -2147483648 -2147483648 -2147483648 -2147483648 -2147483648 -2147483648 -2147483648 -2147483648 -2147483648 -2147483648 -2147483648 -2147483648 -2147483648 -2147483648 -2147483648 -2147483648 -2147483648 -2147483648 -2147483648 -2147483648 -2147483648 -2147483648 -2147483648 -2147483648 -2147483648 -2147483648 -2147483648 -2147483648 -2147483648 -2147483648 -2147483648 -2147483648 -2147483648 -2147483648 -2147483648 -2147483648
split_feature= 1 1 6 1 6 7 6 1 2 3 6 3 8 7 8 7 1 2 4 8 1 8 2 2 6
split_gain= 1997.18 582.581 307.534 240.296 116.869 97.7961 82.7982 75.3052 63.4975 49.1483 48.6027 44.3083 39.91 47.0955 41.7129 116.673 21.9225 21.4932 14.1023 11.8581 10.37 7.38244 6.40645 5.15314 2.4109
threshold= 5.3736000000000006 3.3277500000000004 2.5357030921530415 7.2638000000000007 2.0376051459673437 37.935000000000009 2.9432978723404259 2.2210000000000005 19.500000000000004 3.4845502266762112 2.0231950334409352 4.6437571666840416 -117.79499999999999 37.945000000000007 -121.28499999999998 34.655000000000008 2.5205000000000006 21.500000000000004 1.1022872587770287 -122.33499999999999 9.1688500000000008 -122.38499999999998 28.500000000000004 21.500000000000004 2.4530432249902163
decision_type= 2 2 2 2 2 2 2 2 2 2 2 2 2 2 2 2 2 2 2 2 2 2 2 2 2
left_child=1 4 5 6 16 8 17 9 -3 -6 -10 21 13 14 -4 -16 -1 -2 24 -12 22 -9 -5 -18 -19
right_child=3 2 12 20 7 -7 -8 11 10 -11 19 -13 -14 -15 15 -17 23 18 -20 -21 -22 -23 -24 -25 -26
leaf_value= -0.019616052282796111 0.048094744979004775 0.01306674148405104 0.029586538879203358 0.090902103253713978 -0.018221543143000365 -0.017230334812200737 0.030411230043613444 0.043059052900311409 0.10383315434817286 -0.063585637829422129 0.10841363689092838 -0.041675010791045727 -0.034675487801081539 -0.031440069484795011 0.0078130414615822635 -0.05756556731259739 -0.013127536169208942 0.11262804907547044 0.15633138314455372 0.043400129681476059 0.15042400134016615 -0.018738721276977087 0.13871682605674962 0.043615985067827594 0.07047900024990035
leaf_weight=429 350 448 734 341 424 308 840 84 336 2048 92 2344 766 697 1669 407 126 210 79 832 304 1683 209 292 460
leaf_count=429 350 448 734 341 424 308 840 84 336 2048 92 2344 766 697 1669 407 126 210 79 832 304 1683 209 292 460
model_size=2832
internal_value=0 -0.0157824 0.00705518 0.0775221 -0.035113 0.0404354 0.0571434 -0.0400358 0.0508342 -0.0558047 0.0642626 -0.0305538 -0.00869362 -0.00301866 0.00403107 -0.00500444 0.00314818 0.0775756 0.0913517 0.0498733 0.123792 -0.015801 0.109072 0.0265115 0.0836899
internal_weight=0 13719 6289 2793 7430 2016 1939 6583 1708 2472 1260 4111 4273 3507 2810 2076 847 1099 749 924 854 1767 550 418 670
internal_count=16512 13719 6289 2793 7430 2016 1939 6583 1708 2472 1260 4111 4273 3507 2810 2076 847 1099 749 924 854 1767 550 418 670
is_linear=0
shrinkage=0.1


Tree=7
num_leaves= 27
num_cat= 0
full_tree_array_lgbids= 0 2 1 5 3 4 6 17 23 8 7 16 13 12 -8 24 -19 -7 -25 -4 11 9 20 -2 18 -6 15 -3 -14 -2147483648 -2147483648 25 -26 -2147483648 -2147483648 -2147483648 -2147483648 -2147483648 -2147483648 -2147483648 -2147483648 19 -13 10 -11 -9 -22 -2147483648 -2147483648 -18 -20 -2147483648 -2147483648 21 -17 -2147483648 -2147483648 -2147483648 -2147483648 -2147483648 -2147483648 -2147483648 -2147483648 -1 -27 -2147483648 -2147483648 -2147483648 -2147483648 -2147483648 -2147483648 -2147483648 -2147483648 -2147483648 -2147483648 -2147483648 -2147483648 -2147483648 -2147483648 -2147483648 -2147483648 -2147483648 -2147483648 -10 -21 -2147483648 -2147483648 -5 14 -2147483648 -2147483648 -2147483648 -2147483648 -2147483648 -2147483648 -2147483648 -2147483648 -2147483648 -2147483648 -2147483648 -2147483648 -2147483648 -2147483648 -2147483648 -2147483648 -2147483648 -2147483648 -15 22 -2147483648 -2147483648 -2147483648 -2147483648 -2147483648 -2147483648 -2147483648 -2147483648 -2147483648 -2147483648 -2147483648 -2147483648 -2147483648 -2147483648 -2147483648 -2147483648 -2147483648 -2147483648 -2147483648 -2147483648 -2147483648 -2147483648 -2147483648 -2147483648 -2147483648 -2147483648 -2147483648 -2147483648 -2147483648 -2147483648 -2147483648 -2147483648 -2147483648 -2147483648 -2147483648 -2147483648 -2147483648 -2147483648 -2147483648 -2147483648 -2147483648 -2147483648 -2147483648 -2147483648 -2147483648 -2147483648 -2147483648 -2147483648 -2147483648 -2147483648 -2147483648 -2147483648 -2147483648 -2147483648 -2147483648 -2147483648 -2147483648 -2147483648 -2147483648 -2147483648 -2147483648 -2147483648 -2147483648 -2147483648 -2147483648 -2147483648 -2147483648 -2147483648 -12 -16 -2147483648 -2147483648 -2147483648 -2147483648 -2147483648 -2147483648 -2147483648 -2147483648 -2147483648 -2147483648 -2147483648 -2147483648 -2147483648 -2147483648 -2147483648 -2147483648 -2147483648 -2147483648 -2147483648 -2147483648 -2147483648 -2147483648 -2147483648 -2147483648 -2147483648 -2147483648 -2147483648 -2147483648 -2147483648 -2147483648 -2147483648 -2147483648 -2147483648 -2147483648 -2147483648 -2147483648 -2147483648 -2147483648 -23 -24 -2147483648 -2147483648 -2147483648 -2147483648 -2147483648 -2147483648 -2147483648 -2147483648 -2147483648 -2147483648 -2147483648 -2147483648 -2147483648 -2147483648 -2147483648 -2147483648 -2147483648 -2147483648 -2147483648 -2147483648 -2147483648 -2147483648 -2147483648 -2147483648 -2147483648 -2147483648 -2147483648 -2147483648 -2147483648 -2147483648 -2147483648 -2147483648 -2147483648 -2147483648 -2147483648 -2147483648
split_feature= 1 1 1 6 6 3 1 6 2 7 8 7 2 2 8 8 2 6 6 8 8 8 7 1 7 8
split_gain= 1652.21 416.945 288.834 222.073 125.304 69.9542 48.3221 47.2793 46.5524 39.6882 54.52 25.0338 22.0218 19.0547 17.4994 16.8324 16.6312 15.5522 9.21346 6.37982 5.04645 4.05098 21.6887 3.39978 1.48282 2.85386
threshold= 4.5301500000000017 6.3350000000000009 2.7820000000000005 2.2147445135257553 2.5163636904584812 4.2015099382944241 7.852450000000001 2.8079590171801518 24.500000000000004 37.945000000000007 -122.33499999999999 37.815000000000005 26.500000000000004 16.500000000000004 -117.69499999999998 -117.65499999999999 21.500000000000004 2.8335312747426764 2.0653737590585881 -122.40499999999999 -122.38499999999998 -122.23499999999999 37.515000000000008 2.1072500000000005 37.915000000000006 -117.18499999999999
decision_type= 2 2 2 2 2 2 2 2 2 2 2 2 2 2 2 2 2 2 2 2 2 2 2 2 2 2
left_child=2 4 5 8 16 17 12 9 -4 10 -5 19 -3 -6 -12 21 -2 24 -18 -10 -9 -15 -23 -7 25 -1
right_child=1 6 3 7 13 23 -8 20 11 -11 14 -13 -14 15 -16 -17 18 -19 -20 -21 -22 22 -24 -25 -26 -27
leaf_value= 0.012137230428489756 0.034660765199563077 0.058583353258513431 0.0052668309134339363 0.087087876246027332 -0.0034869519678732705 -0.06132390250690184 0.12173233272672948 0.013021284811064958 0.12469233192772751 -0.029412483508780909 0.0098181434930791137 -0.0028573352693110309 0.105773339821964 0.066205956462133481 -0.028042247703052949 -0.023896433685949407 0.12927912592123716 -0.033502631883562506 0.069471317395841045 0.059501252455282053 -0.027350690840224973 0.033641834462024407 -0.01315931751609843 -0.042181619302122005 -0.045779637156897479 -0.03920066790709708
leaf_weight=548 264 530 426 115 698 1251 609 188 83 634 1381 113 335 190 363 151 117 1238 433 481 2856 1198 251 1807 128 124
leaf_count=548 264 530 426 115 698 1251 609 188 83 634 1381 113 335 190 363 151 117 1238 433 481 2856 1198 251 1807 128 124
model_size=2944
internal_value=0 0.0499397 -0.0203231 -0.00602833 0.0296469 -0.038949 0.0953991 -0.0146141 0.0370719 -0.00210706 0.00720529 0.0570852 0.0768592 0.0174987 0.0019378 0.025682 0.0667779 -0.0223482 0.0821941 0.069095 -0.0248573 0.0302496 0.0255348 -0.0500126 -0.00508684 0.00266417
internal_weight=0 4776 11736 6640 3302 5096 1474 5537 1103 2493 1859 677 865 2488 1744 1790 814 2038 550 564 3044 1639 1449 3058 800 672
internal_count=16512 4776 11736 6640 3302 5096 1474 5537 1103 2493 1859 677 865 2488 1744 1790 814 2038 550 564 3044 1639 1449 3058 800 672
is_linear=0
shrinkage=0.1


Tree=8
num_leaves= 28
num_cat= 0
full_tree_array_lgbids= 0 1 3 4 2 11 -5 12 5 7 19 21 -13 -2147483648 -2147483648 13 -14 6 8 10 -9 -4 23 22 -23 -2147483648 -2147483648 -2147483648 -2147483648 -2147483648 -2147483648 -1 16 -2147483648 -2147483648 15 -8 9 26 14 -12 -2147483648 -2147483648 -2147483648 -2147483648 -21 -25 25 -24 -2147483648 -2147483648 -2147483648 -2147483648 -2147483648 -2147483648 -2147483648 -2147483648 -2147483648 -2147483648 -2147483648 -2147483648 -2147483648 -2147483648 -2147483648 -2147483648 24 -18 -2147483648 -2147483648 -2147483648 -2147483648 -6 -17 -2147483648 -2147483648 20 -11 -10 -28 17 18 -2147483648 -2147483648 -2147483648 -2147483648 -2147483648 -2147483648 -2147483648 -2147483648 -2147483648 -2147483648 -2147483648 -2147483648 -2147483648 -2147483648 -2 -27 -2147483648 -2147483648 -2147483648 -2147483648 -2147483648 -2147483648 -2147483648 -2147483648 -2147483648 -2147483648 -2147483648 -2147483648 -2147483648 -2147483648 -2147483648 -2147483648 -2147483648 -2147483648 -2147483648 -2147483648 -2147483648 -2147483648 -2147483648 -2147483648 -2147483648 -2147483648 -2147483648 -2147483648 -2147483648 -2147483648 -2147483648 -2147483648 -2147483648 -2147483648 -15 -26 -2147483648 -2147483648 -2147483648 -2147483648 -2147483648 -2147483648 -2147483648 -2147483648 -2147483648 -2147483648 -2147483648 -2147483648 -2147483648 -2147483648 -2147483648 -2147483648 -2147483648 -2147483648 -7 -22 -2147483648 -2147483648 -2147483648 -2147483648 -2147483648 -2147483648 -3 -19 -16 -20 -2147483648 -2147483648 -2147483648 -2147483648 -2147483648 -2147483648 -2147483648 -2147483648 -2147483648 -2147483648 -2147483648 -2147483648 -2147483648 -2147483648 -2147483648 -2147483648 -2147483648 -2147483648 -2147483648 -2147483648 -2147483648 -2147483648 -2147483648 -2147483648 -2147483648 -2147483648 -2147483648 -2147483648 -2147483648 -2147483648 -2147483648 -2147483648 -2147483648 -2147483648 -2147483648 -2147483648 -2147483648 -2147483648 -2147483648 -2147483648 -2147483648 -2147483648 -2147483648 -2147483648 -2147483648 -2147483648 -2147483648 -2147483648 -2147483648 -2147483648 -2147483648 -2147483648 -2147483648 -2147483648 -2147483648 -2147483648 -2147483648 -2147483648 -2147483648 -2147483648 -2147483648 -2147483648 -2147483648 -2147483648 -2147483648 -2147483648 -2147483648 -2147483648 -2147483648 -2147483648 -2147483648 -2147483648 -2147483648 -2147483648 -2147483648 -2147483648 -2147483648 -2147483648 -2147483648 -2147483648 -2147483648 -2147483648 -2147483648 -2147483648 -2147483648 -2147483648 -2147483648 -2147483648 -2147483648 -2147483648 -2147483648 -2147483648
split_feature= 1 1 6 1 6 7 8 7 8 7 8 6 7 8 6 6 8 2 2 8 8 7 8 1 7 4 8
split_gain= 1340.54 433.9 189.409 109.233 100 56.2701 58.7656 55.6358 52.6473 52.2205 51.8038 45.1129 42.8609 42.2426 33.1228 26.5479 23.8741 21.8143 13.9134 12.2459 11.9208 9.8148 15.3565 7.51935 7.21706 2.99303 1.6367
threshold= 5.6042500000000013 3.5488500000000003 2.6829812717770039 7.7055000000000016 2.2982753493904258 34.455000000000005 -117.77499999999999 37.935000000000009 -121.63499999999998 38.675000000000004 -117.16499999999998 3.0089663118548242 37.935000000000009 -122.31499999999998 2.0653737590585881 3.442186331338819 -117.145 16.500000000000004 20.500000000000004 -122.40499999999999 -122.38499999999998 37.955000000000005 -117.83499999999999 4.5993500000000003 34.455000000000005 1.0423757776567768 -120.09499999999998
decision_type= 2 2 2 2 2 2 2 2 2 2 2 2 2 2 2 2 2 2 2 2 2 2 2 2 2 2 2
left_child=1 4 7 11 12 6 15 10 9 20 14 21 13 -1 17 -6 24 -3 -16 -4 -7 22 25 -21 -15 -2 -10
right_child=3 2 19 -5 5 8 -8 -9 26 -11 -12 -13 -14 16 18 -17 -18 -19 -20 23 -22 -23 -24 -25 -26 -27 -28
leaf_value= 0.087689579514941829 0.071561535997853545 0.016915882367175072 0.03145108321045019 0.10752416159915948 0.004523123612894548 0.030448244873959415 -0.045639943685204375 -0.010315819476907165 -0.046963466517745509 -0.060199629190435006 -0.03661336468018915 0.029114064286844678 -0.037977536477281276 0.023243461867680663 0.0058103638436982595 -0.025846891911799848 -0.045155800627014804 0.092402664925287342 0.044252725263248242 -0.017376423194744021 -0.019153920764879866 0.01114377115612452 0.034223731347785537 0.0029465712544376656 -0.012284734734365173 0.1097836313842431 -0.070071619589853737
leaf_weight=96 520 104 237 670 1058 188 1032 369 1132 424 121 649 428 651 337 1148 189 363 1105 1914 673 89 187 1286 404 291 847
leaf_count=96 520 104 237 670 1058 188 1032 369 1132 424 121 649 428 651 337 1148 189 363 1105 1914 673 89 187 1286 404 291 847
model_size=3056
internal_value=0 -0.0118735 0.00957963 0.0696122 -0.0270125 -0.0334038 -0.022232 0.032481 -0.0444866 -0.0254404 0.0402604 0.0549802 -0.00350802 0.00750165 0.0451329 -0.0112814 0.00131352 0.0755919 0.0352686 -0.00640538 -0.00832325 0.0704238 0.0757103 -0.00920912 0.00963835 0.0852762 -0.0568536
internal_weight=0 14106 5836 2406 8270 6502 3238 2399 3264 1285 2030 1736 1768 1340 1909 2206 1244 467 1442 3437 861 1087 998 3200 1055 811 1979
internal_count=16512 14106 5836 2406 8270 6502 3238 2399 3264 1285 2030 1736 1768 1340 1909 2206 1244 467 1442 3437 861 1087 998 3200 1055 811 1979
is_linear=0
shrinkage=0.1


Tree=9
num_leaves= 29
num_cat= 0
full_tree_array_lgbids= 0 2 1 5 3 4 12 -1 18 11 6 21 19 22 -14 -2147483648 -2147483648 -7 27 -4 14 9 7 -2 -23 -6 24 -3 -24 -2147483648 -2147483648 -2147483648 -2147483648 -2147483648 -2147483648 -2147483648 -2147483648 -20 -29 -2147483648 -2147483648 -13 -16 13 20 8 10 -2147483648 -2147483648 -2147483648 -2147483648 -2147483648 -2147483648 25 -26 -2147483648 -2147483648 -2147483648 -2147483648 -2147483648 -2147483648 -2147483648 -2147483648 -2147483648 -2147483648 -2147483648 -2147483648 -2147483648 -2147483648 -2147483648 -2147483648 -2147483648 -2147483648 -2147483648 -2147483648 -2147483648 -2147483648 -2147483648 -2147483648 -2147483648 -2147483648 -2147483648 -2147483648 -2147483648 -2147483648 -2147483648 -2147483648 26 15 -11 -22 23 16 17 -12 -2147483648 -2147483648 -2147483648 -2147483648 -2147483648 -2147483648 -2147483648 -2147483648 -2147483648 -2147483648 -2147483648 -2147483648 -21 -27 -2147483648 -2147483648 -2147483648 -2147483648 -2147483648 -2147483648 -2147483648 -2147483648 -2147483648 -2147483648 -2147483648 -2147483648 -2147483648 -2147483648 -2147483648 -2147483648 -2147483648 -2147483648 -2147483648 -2147483648 -2147483648 -2147483648 -2147483648 -2147483648 -2147483648 -2147483648 -2147483648 -2147483648 -2147483648 -2147483648 -2147483648 -2147483648 -2147483648 -2147483648 -2147483648 -2147483648 -2147483648 -2147483648 -2147483648 -2147483648 -2147483648 -2147483648 -2147483648 -2147483648 -2147483648 -2147483648 -2147483648 -2147483648 -2147483648 -2147483648 -2147483648 -2147483648 -2147483648 -2147483648 -2147483648 -2147483648 -2147483648 -2147483648 -2147483648 -2147483648 -2147483648 -2147483648 -2147483648 -2147483648 -2147483648 -2147483648 -5 -28 -15 -17 -2147483648 -2147483648 -2147483648 -2147483648 -8 -25 -10 -18 -9 -19 -2147483648 -2147483648 -2147483648 -2147483648 -2147483648 -2147483648 -2147483648 -2147483648 -2147483648 -2147483648 -2147483648 -2147483648 -2147483648 -2147483648 -2147483648 -2147483648 -2147483648 -2147483648 -2147483648 -2147483648 -2147483648 -2147483648 -2147483648 -2147483648 -2147483648 -2147483648 -2147483648 -2147483648 -2147483648 -2147483648 -2147483648 -2147483648 -2147483648 -2147483648 -2147483648 -2147483648 -2147483648 -2147483648 -2147483648 -2147483648 -2147483648 -2147483648 -2147483648 -2147483648 -2147483648 -2147483648 -2147483648 -2147483648 -2147483648 -2147483648 -2147483648 -2147483648 -2147483648 -2147483648 -2147483648 -2147483648 -2147483648 -2147483648 -2147483648 -2147483648 -2147483648 -2147483648 -2147483648 -2147483648 -2147483648 -2147483648
split_feature= 1 1 1 6 6 3 8 7 8 7 8 2 2 8 7 7 8 7 1 2 7 5 1 6 8 7 7 3
split_gain= 1090.06 241.876 210.463 148.664 78.5917 39.2416 34.6397 98.027 71.4843 54.582 34.4685 32.8628 28.5981 14.6352 11.8535 11.8342 9.94063 7.89504 7.04255 4.61923 2.68556 2.62347 1.49134 1.14885 0.931359 3.05126 0.698395 0.088753
threshold= 4.6754000000000007 6.3350000000000009 2.6597500000000003 2.2038024706228287 2.5163636904584812 3.6482937607122259 -121.85499999999998 34.455000000000005 -118.28499999999998 37.895000000000003 -119.94499999999998 24.500000000000004 21.500000000000004 -122.29499999999999 37.815000000000005 37.555000000000007 -117.56499999999998 37.275000000000013 1.9486000000000003 16.500000000000004 38.735000000000007 358.50000000000006 8.7395500000000013 2.8195662241432546 -118.01499999999999 37.935000000000009 37.765000000000008 4.3645181386446135
decision_type= 2 2 2 2 2 2 2 2 2 2 2 2 2 2 2 2 2 2 2 2 2 2 2 2 2 2 2 2
left_child=2 4 5 11 21 -1 9 8 23 13 17 -4 22 26 -13 -15 -10 -9 -7 -6 -11 -2 -3 -8 25 -21 -5 -20
right_child=1 12 3 6 19 18 7 10 16 20 -12 14 -14 15 -16 -17 -18 -19 27 24 -22 -23 -24 -25 -26 -27 -28 -29
leaf_value= -0.0099833512855824879 -0.01630146036312605 0.04521037032317389 0.0023605142412726943 0.04338052873145154 -0.0033051028969325125 -0.051827576532988029 0.04283715807727205 0.0033600358627570263 -0.0062806672151541343 -0.0069090374117017506 -0.068174187309888348 0.056979612741092305 0.094082587959696901 0.038151854803883306 -0.0019954138266758659 -0.015737382206314224 -0.031043942618320847 -0.035634149161503231 -0.017349152348890721 0.035772716774713109 -0.05499696871210661 0.064376725420385708 0.09672972513719523 0.0064013605816456978 0.00017644967506580715 -0.0090519151766061418 0.12011011673840349 -0.039541173226481818
leaf_weight=923 45 495 472 220 625 1326 408 280 1653 402 479 622 855 254 127 251 863 930 747 1025 169 654 124 376 395 161 54 1577
leaf_count=923 45 495 472 220 625 1326 408 280 1653 402 479 622 855 254 127 251 863 930 747 1025 169 654 124 376 395 161 54 1577
model_size=3168
internal_value=0 0.0432511 -0.01561 -0.00478075 0.0256738 -0.0335128 -0.0114284 -0.0164648 -0.00523891 0.00718387 -0.0383981 0.0297314 0.077893 0.0279463 0.0469798 0.0113673 -0.0147746 -0.0266107 -0.0394629 0.0150561 -0.0211417 0.0591829 0.0555309 0.0253628 0.0223146 0.0296878 0.0585024 -0.032408
internal_weight=0 4379 12133 7560 2905 4573 6339 4989 3300 1350 1689 1221 1474 779 749 505 2516 1210 3650 2206 571 699 619 784 1581 1186 274 2324
internal_count=16512 4379 12133 7560 2905 4573 6339 4989 3300 1350 1689 1221 1474 779 749 505 2516 1210 3650 2206 571 699 619 784 1581 1186 274 2324
is_linear=0
shrinkage=0.1


Tree=10
num_leaves= 21
num_cat= 0
full_tree_array_lgbids= 0 3 1 11 4 2 10 12 -13 8 5 7 9 14 -12 18 -14 -2147483648 -2147483648 -5 -10 6 -7 -2 17 15 -11 -3 -16 -2147483648 -2147483648 -1 19 -2147483648 -2147483648 -2147483648 -2147483648 -2147483648 -2147483648 -2147483648 -2147483648 -2147483648 -2147483648 -6 13 -2147483648 -2147483648 -2147483648 -2147483648 -9 -19 -4 -17 -2147483648 -2147483648 -2147483648 -2147483648 -2147483648 -2147483648 -2147483648 -2147483648 -2147483648 -2147483648 -2147483648 -2147483648 -20 -21 -2147483648 -2147483648 -2147483648 -2147483648 -2147483648 -2147483648 -2147483648 -2147483648 -2147483648 -2147483648 -2147483648 -2147483648 -2147483648 -2147483648 -2147483648 -2147483648 -2147483648 -2147483648 -2147483648 -2147483648 -2147483648 -2147483648 16 -15 -2147483648 -2147483648 -2147483648 -2147483648 -2147483648 -2147483648 -2147483648 -2147483648 -2147483648 -2147483648 -2147483648 -2147483648 -2147483648 -2147483648 -2147483648 -2147483648 -2147483648 -2147483648 -2147483648 -2147483648 -2147483648 -2147483648 -2147483648 -2147483648 -2147483648 -2147483648 -2147483648 -2147483648 -2147483648 -2147483648 -2147483648 -2147483648 -2147483648 -2147483648 -2147483648 -2147483648 -2147483648 -2147483648 -2147483648 -2147483648 -2147483648 -2147483648 -2147483648 -2147483648 -2147483648 -2147483648 -2147483648 -2147483648 -2147483648 -2147483648 -2147483648 -2147483648 -2147483648 -2147483648 -2147483648 -2147483648 -2147483648 -2147483648 -2147483648 -2147483648 -2147483648 -2147483648 -2147483648 -2147483648 -2147483648 -2147483648 -2147483648 -2147483648 -2147483648 -2147483648 -2147483648 -2147483648 -2147483648 -2147483648 -2147483648 -2147483648 -2147483648 -2147483648 -2147483648 -2147483648 -2147483648 -2147483648 -2147483648 -2147483648 -2147483648 -2147483648 -2147483648 -2147483648 -8 -18 -2147483648 -2147483648 -2147483648 -2147483648 -2147483648 -2147483648 -2147483648 -2147483648 -2147483648 -2147483648 -2147483648 -2147483648 -2147483648 -2147483648 -2147483648 -2147483648 -2147483648 -2147483648 -2147483648 -2147483648 -2147483648 -2147483648 -2147483648 -2147483648 -2147483648 -2147483648 -2147483648 -2147483648 -2147483648 -2147483648 -2147483648 -2147483648 -2147483648 -2147483648 -2147483648 -2147483648 -2147483648 -2147483648 -2147483648 -2147483648 -2147483648 -2147483648 -2147483648 -2147483648 -2147483648 -2147483648 -2147483648 -2147483648 -2147483648 -2147483648 -2147483648 -2147483648 -2147483648 -2147483648 -2147483648 -2147483648 -2147483648 -2147483648 -2147483648 -2147483648 -2147483648 -2147483648 -2147483648 -2147483648 -2147483648 -2147483648 -2147483648 -2147483648 -2147483648 -2147483648 -2147483648 -2147483648 -2147483648 -2147483648
split_feature= 1 1 6 6 1 7 8 2 3 6 2 7 8 6 1 2 7 6 7 8
split_gain= 887.538 271.544 108.241 107.634 70.7338 23.5608 68.0378 22.5733 21.7366 19.5791 19.5571 17.965 45.7199 16.2342 8.93943 8.5596 7.90828 7.70485 5.08423 6.09806
threshold= 4.125700000000001 6.3350000000000009 2.4469862317432325 2.0376051459673437 2.3756000000000004 37.925000000000004 -122.29499999999999 16.500000000000004 3.3133866958124387 3.1336552646136835 29.500000000000004 37.935000000000009 -118.25499999999998 2.9137341371666818 9.1688500000000008 47.500000000000007 34.525000000000013 2.0653737590585881 34.155000000000008 -122.31499999999998
decision_type= 2 2 2 2 2 2 2 2 2 2 2 2 2 2 2 2 2 2 2 2
left_child=3 2 7 11 8 6 -6 -2 -5 15 14 12 18 16 -3 -4 -8 -9 -1 -20
right_child=1 10 9 4 5 -7 13 17 -10 -11 -12 -13 -14 -15 -16 -17 -18 -19 19 -21
leaf_value= 0.077511842843203047 0.0095935185626149187 0.047822332769793557 0.014984514218309467 -0.0034129660716865498 0.048493940645153 -0.031897847528131233 0.0054670246230761506 0.094499207421393838 -0.041169236791947714 -0.0059540533886809919 0.092602944290954697 -0.027765138365908104 -0.010585807713379306 -0.022539334207494263 0.099323815328833207 0.07348088388725256 -0.019270366518294179 0.049149544779517752 0.078198548026992609 0.012331092951514213
leaf_weight=193 220 764 2179 378 257 1317 1450 228 2636 1248 554 204 381 2436 156 104 873 547 97 290
leaf_count=193 220 764 2179 378 257 1317 1450 228 2636 1248 554 204 381 2436 156 104 873 547 97 290
model_size=2272
internal_value=0 0.0311228 0.0184277 -0.0177641 -0.0217354 -0.01474 -0.010235 0.0507952 -0.036434 0.00930688 0.0701037 0.0140977 0.0229843 -0.0134065 0.0565552 0.0176493 -0.00382946 0.0624911 0.0450363 0.0288405
internal_weight=0 6000 4526 10512 9347 6333 5016 995 3014 3531 1474 1165 961 4759 920 2283 2323 775 580 387
internal_count=16512 6000 4526 10512 9347 6333 5016 995 3014 3531 1474 1165 961 4759 920 2283 2323 775 580 387
is_linear=0
shrinkage=0.1


Tree=11
num_leaves= 23
num_cat= 0
full_tree_array_lgbids= 0 1 4 3 2 12 -6 5 7 11 9 -2 -14 -2147483648 -2147483648 6 -7 8 10 -3 18 19 -11 -2147483648 -2147483648 -2147483648 -2147483648 -2147483648 -2147483648 -2147483648 -2147483648 -1 14 -2147483648 -2147483648 16 -10 13 -12 -2147483648 -2147483648 -13 -20 20 -21 -2147483648 -2147483648 -2147483648 -2147483648 -2147483648 -2147483648 -2147483648 -2147483648 -2147483648 -2147483648 -2147483648 -2147483648 -2147483648 -2147483648 -2147483648 -2147483648 -2147483648 -2147483648 -2147483648 -2147483648 15 -16 -2147483648 -2147483648 -2147483648 -2147483648 17 -18 -2147483648 -2147483648 21 -15 -2147483648 -2147483648 -2147483648 -2147483648 -2147483648 -2147483648 -2147483648 -2147483648 -2147483648 -2147483648 -4 -22 -2147483648 -2147483648 -2147483648 -2147483648 -2147483648 -2147483648 -2147483648 -2147483648 -2147483648 -2147483648 -2147483648 -2147483648 -2147483648 -2147483648 -2147483648 -2147483648 -2147483648 -2147483648 -2147483648 -2147483648 -2147483648 -2147483648 -2147483648 -2147483648 -2147483648 -2147483648 -2147483648 -2147483648 -2147483648 -2147483648 -2147483648 -2147483648 -2147483648 -2147483648 -2147483648 -2147483648 -2147483648 -2147483648 -2147483648 -2147483648 -2147483648 -2147483648 -8 -17 -2147483648 -2147483648 -2147483648 -2147483648 -2147483648 -2147483648 -2147483648 -2147483648 -2147483648 -2147483648 -5 -19 -2147483648 -2147483648 -2147483648 -2147483648 -2147483648 -2147483648 -9 -23 -2147483648 -2147483648 -2147483648 -2147483648 -2147483648 -2147483648 -2147483648 -2147483648 -2147483648 -2147483648 -2147483648 -2147483648 -2147483648 -2147483648 -2147483648 -2147483648 -2147483648 -2147483648 -2147483648 -2147483648 -2147483648 -2147483648 -2147483648 -2147483648 -2147483648 -2147483648 -2147483648 -2147483648 -2147483648 -2147483648 -2147483648 -2147483648 -2147483648 -2147483648 -2147483648 -2147483648 -2147483648 -2147483648 -2147483648 -2147483648 -2147483648 -2147483648 -2147483648 -2147483648 -2147483648 -2147483648 -2147483648 -2147483648 -2147483648 -2147483648 -2147483648 -2147483648 -2147483648 -2147483648 -2147483648 -2147483648 -2147483648 -2147483648 -2147483648 -2147483648 -2147483648 -2147483648 -2147483648 -2147483648 -2147483648 -2147483648 -2147483648 -2147483648 -2147483648 -2147483648 -2147483648 -2147483648 -2147483648 -2147483648 -2147483648 -2147483648 -2147483648 -2147483648 -2147483648 -2147483648 -2147483648 -2147483648 -2147483648 -2147483648 -2147483648 -2147483648 -2147483648 -2147483648 -2147483648 -2147483648 -2147483648 -2147483648 -2147483648 -2147483648 -2147483648 -2147483648 -2147483648 -2147483648 -2147483648 -2147483648 -2147483648 -2147483648
split_feature= 1 1 6 6 1 7 8 7 8 6 8 2 6 7 8 7 7 8 7 7 8 8
split_gain= 735.167 230.148 99.217 55.8068 48.903 33.5113 28.6681 26.0077 26.5742 24.9191 17.9842 17.6258 17.3409 10.9935 6.98368 20.289 5.24461 11.022 4.94938 0.629295 7.9609 0.0234125
threshold= 5.6042500000000013 3.6530500000000008 2.3055777777777782 2.4839226633581473 7.7055000000000016 38.475000000000001 -122.35499999999998 34.455000000000005 -117.79499999999999 2.9742256672023202 -120.09499999999998 16.500000000000004 2.5949646725452555 37.915000000000006 -117.145 34.455000000000005 34.035000000000004 -118.38499999999998 37.815000000000005 37.925000000000004 -122.21499999999999 -122.31499999999998
decision_type= 2 2 2 2 2 2 2 2 2 2 2 2 2 2 2 2 2 2 2 2 2 2
left_child=1 3 11 5 12 6 -1 8 16 19 13 -3 -2 21 15 -8 17 -5 -13 20 -4 -9
right_child=4 2 9 7 -6 -7 14 10 -10 -11 -12 18 -14 -15 -16 -17 -18 -19 -20 -21 -22 -23
leaf_value= 0.05295065887789218 0.06642895218979869 0.0021015025354458386 0.057404118987819913 0.10997184921394697 0.080335829957899174 -0.035340945687435212 0.017537514561582045 0.030143766722979089 -0.036572492976406926 -0.010244337494895457 -0.056135893384491736 0.063676935609165819 0.03124591819136939 -0.040948059385187197 -0.034575420443021448 -0.014817625754706874 0.0060605906244274822 -0.020595722728857561 0.0084028107442389258 -0.0097208477433822632 0.012130986690205924 -0.020138241076638391
leaf_weight=191 483 209 182 22 670 530 927 116 961 2032 772 578 1253 1081 282 840 873 1268 122 486 1767 867
leaf_count=191 483 209 182 22 670 530 927 116 961 2032 772 578 1253 1081 282 840 873 1268 122 486 1767 867
model_size=2496
internal_value=0 -0.00886582 0.00829833 -0.0194356 0.0519789 -0.00525521 0.00186329 -0.0260262 -0.0171419 0.00141978 -0.0358127 0.0421008 0.0410347 -0.0282113 -0.00289888 0.00215646 -0.00850906 -0.018369 0.0540434 0.0111535 0.0163586 -0.0142047
internal_weight=0 14106 5376 8730 2406 2770 2240 5960 3124 4467 2836 909 1736 2064 2049 1767 2163 1290 700 2435 1949 983
internal_count=16512 14106 5376 8730 2406 2770 2240 5960 3124 4467 2836 909 1736 2064 2049 1767 2163 1290 700 2435 1949 983
is_linear=0
shrinkage=0.1


Tree=12
num_leaves= 20
num_cat= 0
full_tree_array_lgbids= 0 2 1 10 3 4 17 -1 -12 11 5 14 -6 18 -19 -2147483648 -2147483648 -2147483648 -2147483648 -4 -13 8 6 -2 15 -2147483648 -2147483648 -3 -20 -2147483648 -2147483648 -2147483648 -2147483648 -2147483648 -2147483648 -2147483648 -2147483648 -2147483648 -2147483648 -2147483648 -2147483648 -2147483648 -2147483648 12 -10 7 9 -2147483648 -2147483648 -16 -17 -2147483648 -2147483648 -2147483648 -2147483648 -2147483648 -2147483648 -2147483648 -2147483648 -2147483648 -2147483648 -2147483648 -2147483648 -2147483648 -2147483648 -2147483648 -2147483648 -2147483648 -2147483648 -2147483648 -2147483648 -2147483648 -2147483648 -2147483648 -2147483648 -2147483648 -2147483648 -2147483648 -2147483648 -2147483648 -2147483648 -2147483648 -2147483648 -2147483648 -2147483648 -2147483648 -2147483648 -5 13 -2147483648 -2147483648 -7 16 -8 -11 -2147483648 -2147483648 -2147483648 -2147483648 -2147483648 -2147483648 -2147483648 -2147483648 -2147483648 -2147483648 -2147483648 -2147483648 -2147483648 -2147483648 -2147483648 -2147483648 -2147483648 -2147483648 -2147483648 -2147483648 -2147483648 -2147483648 -2147483648 -2147483648 -2147483648 -2147483648 -2147483648 -2147483648 -2147483648 -2147483648 -2147483648 -2147483648 -2147483648 -2147483648 -2147483648 -2147483648 -2147483648 -2147483648 -2147483648 -2147483648 -2147483648 -2147483648 -2147483648 -2147483648 -2147483648 -2147483648 -2147483648 -2147483648 -2147483648 -2147483648 -2147483648 -2147483648 -2147483648 -2147483648 -2147483648 -2147483648 -2147483648 -2147483648 -2147483648 -2147483648 -2147483648 -2147483648 -2147483648 -2147483648 -2147483648 -2147483648 -2147483648 -2147483648 -2147483648 -2147483648 -2147483648 -2147483648 -2147483648 -2147483648 -2147483648 -2147483648 -2147483648 -2147483648 -2147483648 -2147483648 -2147483648 -2147483648 -14 -15 -2147483648 -2147483648 -2147483648 -2147483648 -2147483648 -2147483648 -9 -18 -2147483648 -2147483648 -2147483648 -2147483648 -2147483648 -2147483648 -2147483648 -2147483648 -2147483648 -2147483648 -2147483648 -2147483648 -2147483648 -2147483648 -2147483648 -2147483648 -2147483648 -2147483648 -2147483648 -2147483648 -2147483648 -2147483648 -2147483648 -2147483648 -2147483648 -2147483648 -2147483648 -2147483648 -2147483648 -2147483648 -2147483648 -2147483648 -2147483648 -2147483648 -2147483648 -2147483648 -2147483648 -2147483648 -2147483648 -2147483648 -2147483648 -2147483648 -2147483648 -2147483648 -2147483648 -2147483648 -2147483648 -2147483648 -2147483648 -2147483648 -2147483648 -2147483648 -2147483648 -2147483648 -2147483648 -2147483648 -2147483648 -2147483648 -2147483648 -2147483648 -2147483648 -2147483648 -2147483648 -2147483648 -2147483648 -2147483648 -2147483648 -2147483648
split_feature= 1 1 1 6 6 8 7 8 7 8 3 2 8 7 2 4 8 8 7
split_gain= 593.851 129.292 97.6635 80.324 55.8517 18.2215 67.5875 56.3393 25.7176 21.9443 10.4719 5.41544 2.74943 29.5585 2.2969 8.3575 1.13155 0.832549 0.33025
threshold= 4.5301500000000017 6.8672000000000013 2.5205000000000006 2.0653737590585881 2.735488224282792 -121.85499999999998 34.525000000000013 -118.30499999999999 38.675000000000004 -119.94499999999998 3.3654435698213785 26.500000000000004 -122.40499999999999 37.595000000000006 21.500000000000004 1.0423757776567768 -117.56499999999998 -117.97499999999998 38.155000000000008
decision_type= 2 2 2 2 2 2 2 2 2 2 2 2 2 2 2 2 2 2 2
left_child=2 4 10 11 14 8 7 -7 12 -8 -1 -4 -5 -14 -2 -16 -9 18 -3
right_child=1 17 3 5 -6 6 9 16 -10 -11 -12 -13 13 -15 15 -17 -18 -19 -20
leaf_value= -0.0027464948404911991 0.018171376613685356 0.077362054757049242 0.006539392285444548 0.034979849392718497 0.0085406740787923683 0.024458620542747705 -0.021867209663225126 -0.0050379314318989487 -0.040679783311308081 -0.057964674855043398 -0.030779619668434857 0.043979637256500601 0.03660023675251705 -0.015790572682251033 0.0328694806961322 0.069739503026330654 -0.025987090464682124 0.037273801375590748 -0.031844108422165333
leaf_weight=542 469 748 412 417 2210 789 1336 1822 207 511 3369 499 317 567 629 428 948 269 23
leaf_count=542 469 748 412 417 2210 789 1336 1822 207 511 3369 499 317 567 629 428 948 269 23
model_size=2160
internal_value=0 0.0303772 -0.0123621 -0.00509861 0.0208567 -0.0093342 -0.0135685 -0.00407896 0.00584543 -0.0318541 -0.0268947 0.0270473 0.013248 0.00299663 0.0386932 0.0477989 -0.0122075 0.0645779 0.0741043
internal_weight=0 4776 11736 7825 3736 6914 5406 3559 1508 1847 3911 911 1301 884 1526 1057 2770 1040 771
internal_count=16512 4776 11736 7825 3736 6914 5406 3559 1508 1847 3911 911 1301 884 1526 1057 2770 1040 771
is_linear=0
shrinkage=0.1


Tree=13
num_leaves= 18
num_cat= 0
full_tree_array_lgbids= 0 1 3 4 2 8 -5 -1 5 6 -4 14 -10 -2147483648 -2147483648 -2147483648 -2147483648 11 -7 7 -8 -2147483648 -2147483648 16 15 -2147483648 -2147483648 -2147483648 -2147483648 -2147483648 -2147483648 -2147483648 -2147483648 -2147483648 -2147483648 12 -13 -2147483648 -2147483648 9 10 -2147483648 -2147483648 -2147483648 -2147483648 -2147483648 -2147483648 -2 -18 -16 -17 -2147483648 -2147483648 -2147483648 -2147483648 -2147483648 -2147483648 -2147483648 -2147483648 -2147483648 -2147483648 -2147483648 -2147483648 -2147483648 -2147483648 -2147483648 -2147483648 -2147483648 -2147483648 -2147483648 -2147483648 13 -14 -2147483648 -2147483648 -2147483648 -2147483648 -2147483648 -2147483648 -3 -11 -9 -12 -2147483648 -2147483648 -2147483648 -2147483648 -2147483648 -2147483648 -2147483648 -2147483648 -2147483648 -2147483648 -2147483648 -2147483648 -2147483648 -2147483648 -2147483648 -2147483648 -2147483648 -2147483648 -2147483648 -2147483648 -2147483648 -2147483648 -2147483648 -2147483648 -2147483648 -2147483648 -2147483648 -2147483648 -2147483648 -2147483648 -2147483648 -2147483648 -2147483648 -2147483648 -2147483648 -2147483648 -2147483648 -2147483648 -2147483648 -2147483648 -2147483648 -2147483648 -2147483648 -2147483648 -2147483648 -2147483648 -2147483648 -2147483648 -2147483648 -2147483648 -2147483648 -2147483648 -2147483648 -2147483648 -2147483648 -2147483648 -2147483648 -2147483648 -2147483648 -2147483648 -6 -15 -2147483648 -2147483648 -2147483648 -2147483648 -2147483648 -2147483648 -2147483648 -2147483648 -2147483648 -2147483648 -2147483648 -2147483648 -2147483648 -2147483648 -2147483648 -2147483648 -2147483648 -2147483648 -2147483648 -2147483648 -2147483648 -2147483648 -2147483648 -2147483648 -2147483648 -2147483648 -2147483648 -2147483648 -2147483648 -2147483648 -2147483648 -2147483648 -2147483648 -2147483648 -2147483648 -2147483648 -2147483648 -2147483648 -2147483648 -2147483648 -2147483648 -2147483648 -2147483648 -2147483648 -2147483648 -2147483648 -2147483648 -2147483648 -2147483648 -2147483648 -2147483648 -2147483648 -2147483648 -2147483648 -2147483648 -2147483648 -2147483648 -2147483648 -2147483648 -2147483648 -2147483648 -2147483648 -2147483648 -2147483648 -2147483648 -2147483648 -2147483648 -2147483648 -2147483648 -2147483648 -2147483648 -2147483648 -2147483648 -2147483648 -2147483648 -2147483648 -2147483648 -2147483648 -2147483648 -2147483648 -2147483648 -2147483648 -2147483648 -2147483648 -2147483648 -2147483648 -2147483648 -2147483648 -2147483648 -2147483648 -2147483648 -2147483648 -2147483648 -2147483648 -2147483648 -2147483648 -2147483648 -2147483648 -2147483648 -2147483648 -2147483648 -2147483648 -2147483648 -2147483648 -2147483648 -2147483648 -2147483648 -2147483648 -2147483648 -2147483648
split_feature= 1 1 6 1 1 3 7 8 6 6 7 8 7 8 7 8 8
split_gain= 490.287 144.061 73.5572 23.5321 22.3793 18.2119 17.8276 24.4865 12.4355 6.72815 4.92929 3.63306 5.38049 4.96139 1.72567 14.5875 12.972
threshold= 5.6042500000000013 3.4883000000000002 2.7762783380468687 8.0125000000000011 2.2210000000000005 4.4053436317780594 37.935000000000009 -117.85499999999998 3.0089663118548242 2.0653737590585881 33.795000000000009 -118.29499999999999 34.165000000000006 -118.37499999999999 37.615000000000002 -122.40499999999999 -117.83499999999999
decision_type= 2 2 2 2 2 2 2 2 2 2 2 2 2 2 2 2 2
left_child=1 4 6 8 -1 11 7 9 14 -3 -9 12 13 -6 16 -16 -2
right_child=3 2 -4 -5 5 -7 -8 10 -10 -11 -12 -13 -14 -15 15 -17 -18
leaf_value= -0.027627281136477413 0.06606482134043179 0.055528754176160593 -0.0071215369293654452 0.069422377224324996 0.089208941945891684 -0.018007870582920891 -0.0088785743283114494 0.0087572709579586665 0.015997459011219021 0.024159795384926269 -0.052431124770544006 -0.011471902573477334 0.0029023796239233068 0.016004770301007384 0.080116005992749706 -0.0062336195142695099 0.015878235736254642
leaf_weight=2781 695 434 3143 548 98 3395 493 353 684 1561 111 916 672 149 77 198 204
leaf_count=2781 695 434 3143 548 98 3395 493 353 684 1561 111 916 672 149 77 198 204
model_size=1936
internal_value=0 -0.00730715 0.00530341 0.0428407 -0.0169016 -0.0111984 0.0185323 0.0240278 0.0350006 0.0309839 -0.00588047 0.00140018 0.0142302 0.0450493 0.0460723 0.0179443 0.0546765
internal_weight=0 14106 6095 2406 8011 5230 2952 2459 1858 1995 464 1835 919 247 1174 275 899
internal_count=16512 14106 6095 2406 8011 5230 2952 2459 1858 1995 464 1835 919 247 1174 275 899
is_linear=0
shrinkage=0.1


Tree=14
num_leaves= 12
num_cat= 0
full_tree_array_lgbids= 0 1 3 10 2 9 -5 -1 -12 4 -4 -2 -11 -2147483648 -2147483648 -2147483648 -2147483648 -2147483648 -2147483648 5 -6 -2147483648 -2147483648 -2147483648 -2147483648 -2147483648 -2147483648 -2147483648 -2147483648 -2147483648 -2147483648 -2147483648 -2147483648 -2147483648 -2147483648 -2147483648 -2147483648 -2147483648 -2147483648 -3 6 -2147483648 -2147483648 -2147483648 -2147483648 -2147483648 -2147483648 -2147483648 -2147483648 -2147483648 -2147483648 -2147483648 -2147483648 -2147483648 -2147483648 -2147483648 -2147483648 -2147483648 -2147483648 -2147483648 -2147483648 -2147483648 -2147483648 -2147483648 -2147483648 -2147483648 -2147483648 -2147483648 -2147483648 -2147483648 -2147483648 -2147483648 -2147483648 -2147483648 -2147483648 -2147483648 -2147483648 -2147483648 -2147483648 -2147483648 -2147483648 7 8 -2147483648 -2147483648 -2147483648 -2147483648 -2147483648 -2147483648 -2147483648 -2147483648 -2147483648 -2147483648 -2147483648 -2147483648 -2147483648 -2147483648 -2147483648 -2147483648 -2147483648 -2147483648 -2147483648 -2147483648 -2147483648 -2147483648 -2147483648 -2147483648 -2147483648 -2147483648 -2147483648 -2147483648 -2147483648 -2147483648 -2147483648 -2147483648 -2147483648 -2147483648 -2147483648 -2147483648 -2147483648 -2147483648 -2147483648 -2147483648 -2147483648 -2147483648 -2147483648 -2147483648 -2147483648 -2147483648 -2147483648 -2147483648 -2147483648 -2147483648 -2147483648 -2147483648 -2147483648 -2147483648 -2147483648 -2147483648 -2147483648 -2147483648 -2147483648 -2147483648 -2147483648 -2147483648 -2147483648 -2147483648 -2147483648 -2147483648 -2147483648 -2147483648 -2147483648 -2147483648 -2147483648 -2147483648 -2147483648 -2147483648 -2147483648 -2147483648 -2147483648 -2147483648 -2147483648 -2147483648 -7 -9 -8 -10 -2147483648 -2147483648 -2147483648 -2147483648 -2147483648 -2147483648 -2147483648 -2147483648 -2147483648 -2147483648 -2147483648 -2147483648 -2147483648 -2147483648 -2147483648 -2147483648 -2147483648 -2147483648 -2147483648 -2147483648 -2147483648 -2147483648 -2147483648 -2147483648 -2147483648 -2147483648 -2147483648 -2147483648 -2147483648 -2147483648 -2147483648 -2147483648 -2147483648 -2147483648 -2147483648 -2147483648 -2147483648 -2147483648 -2147483648 -2147483648 -2147483648 -2147483648 -2147483648 -2147483648 -2147483648 -2147483648 -2147483648 -2147483648 -2147483648 -2147483648 -2147483648 -2147483648 -2147483648 -2147483648 -2147483648 -2147483648 -2147483648 -2147483648 -2147483648 -2147483648 -2147483648 -2147483648 -2147483648 -2147483648 -2147483648 -2147483648 -2147483648 -2147483648 -2147483648 -2147483648 -2147483648 -2147483648 -2147483648 -2147483648 -2147483648 -2147483648 -2147483648 -2147483648 -2147483648 -2147483648 -2147483648 -2147483648 -2147483648 -2147483648 -2147483648 -2147483648 -2147483648 -2147483648
split_feature= 1 1 6 1 7 8 7 8 8 6 3
split_gain= 396.724 94.4479 61.1344 28.6677 20.7755 29.829 9.9153 71.3897 66.4497 6.18383 4.46797
threshold= 5.2771000000000017 2.8762500000000002 2.8079590171801518 6.8672000000000013 37.895000000000003 -122.29499999999999 34.525000000000013 -118.30499999999999 -120.47499999999998 3.0375944537846187 4.2015099382944241
decision_type= 2 2 2 2 2 2 2 2 2 2 2
left_child=1 10 4 9 5 -3 7 -7 -8 -2 -1
right_child=3 2 -4 -5 -6 6 8 -9 -10 -11 -12
leaf_value= -0.0095538131187442379 0.033693485181489242 0.057761659971966417 -0.010818677221797829 0.052793859024415302 -0.010530077571776538 0.048435575027032648 0.012447634565954407 0.0031469030678034147 -0.060265803903584249 0.0062558867138730453 -0.025192069111498128
leaf_weight=2109 1265 291 3821 1040 892 739 765 1369 230 678 3313
leaf_count=2109 1265 291 3821 1040 892 739 765 1369 230 678 3313
model_size=1264
internal_value=0 -0.00752231 0.000227082 0.0341164 0.0100745 0.0154897 0.0115254 0.0190237 -0.0043605 0.0241193 -0.0191092
internal_weight=0 13529 8107 2983 4286 3394 3103 2108 995 1943 5422
internal_count=16512 13529 8107 2983 4286 3394 3103 2108 995 1943 5422
is_linear=0
shrinkage=0.1


Tree=15
num_leaves= 17
num_cat= 0
full_tree_array_lgbids= 0 2 1 3 11 5 10 4 -5 13 12 -2 -7 -3 -12 -1 6 -2147483648 -2147483648 15 -15 14 -14 -2147483648 -2147483648 -2147483648 -2147483648 -2147483648 -2147483648 -2147483648 -2147483648 -2147483648 -2147483648 7 -8 -2147483648 -2147483648 -2147483648 -2147483648 -4 -17 -2147483648 -2147483648 -13 -16 -2147483648 -2147483648 -2147483648 -2147483648 -2147483648 -2147483648 -2147483648 -2147483648 -2147483648 -2147483648 -2147483648 -2147483648 -2147483648 -2147483648 -2147483648 -2147483648 -2147483648 -2147483648 -2147483648 -2147483648 -2147483648 -2147483648 9 8 -2147483648 -2147483648 -2147483648 -2147483648 -2147483648 -2147483648 -2147483648 -2147483648 -2147483648 -2147483648 -2147483648 -2147483648 -2147483648 -2147483648 -2147483648 -2147483648 -2147483648 -2147483648 -2147483648 -2147483648 -2147483648 -2147483648 -2147483648 -2147483648 -2147483648 -2147483648 -2147483648 -2147483648 -2147483648 -2147483648 -2147483648 -2147483648 -2147483648 -2147483648 -2147483648 -2147483648 -2147483648 -2147483648 -2147483648 -2147483648 -2147483648 -2147483648 -2147483648 -2147483648 -2147483648 -2147483648 -2147483648 -2147483648 -2147483648 -2147483648 -2147483648 -2147483648 -2147483648 -2147483648 -2147483648 -2147483648 -2147483648 -2147483648 -2147483648 -2147483648 -2147483648 -2147483648 -2147483648 -2147483648 -2147483648 -2147483648 -6 -11 -9 -10 -2147483648 -2147483648 -2147483648 -2147483648 -2147483648 -2147483648 -2147483648 -2147483648 -2147483648 -2147483648 -2147483648 -2147483648 -2147483648 -2147483648 -2147483648 -2147483648 -2147483648 -2147483648 -2147483648 -2147483648 -2147483648 -2147483648 -2147483648 -2147483648 -2147483648 -2147483648 -2147483648 -2147483648 -2147483648 -2147483648 -2147483648 -2147483648 -2147483648 -2147483648 -2147483648 -2147483648 -2147483648 -2147483648 -2147483648 -2147483648 -2147483648 -2147483648 -2147483648 -2147483648 -2147483648 -2147483648 -2147483648 -2147483648 -2147483648 -2147483648 -2147483648 -2147483648 -2147483648 -2147483648 -2147483648 -2147483648 -2147483648 -2147483648 -2147483648 -2147483648 -2147483648 -2147483648 -2147483648 -2147483648 -2147483648 -2147483648 -2147483648 -2147483648 -2147483648 -2147483648 -2147483648 -2147483648 -2147483648 -2147483648 -2147483648 -2147483648 -2147483648 -2147483648 -2147483648 -2147483648 -2147483648 -2147483648 -2147483648 -2147483648 -2147483648 -2147483648 -2147483648 -2147483648 -2147483648 -2147483648 -2147483648 -2147483648 -2147483648 -2147483648 -2147483648 -2147483648 -2147483648 -2147483648 -2147483648 -2147483648 -2147483648 -2147483648 -2147483648 -2147483648 -2147483648 -2147483648 -2147483648 -2147483648 -2147483648 -2147483648 -2147483648 -2147483648 -2147483648 -2147483648 -2147483648 -2147483648
split_feature= 1 1 6 7 8 6 8 7 8 8 2 7 8 8 7 6
split_gain= 323.111 66.3042 50.3662 36.7175 40.6331 17.506 11.9368 19.4885 50.8922 30.7605 10.8995 0.706332 22.1458 13.3819 9.15997 4.3422
threshold= 4.405050000000001 5.8308000000000009 2.5949646725452555 37.895000000000003 -122.31499999999998 2.2634687595142249 -117.145 34.595000000000006 -120.56499999999998 -118.36499999999999 26.500000000000004 34.455000000000005 -120.09499999999998 -117.79499999999999 37.915000000000006 3.7262884683064175
decision_type= 2 2 2 2 2 2 2 2 2 2 2 2 2 2 2 2
left_child=2 5 3 4 -1 -2 7 9 -9 -6 -3 13 14 15 -13 -4
right_child=1 10 11 -5 6 -7 -8 8 -10 -11 -12 12 -14 -15 -16 -17
leaf_value= 0.061140795445391111 0.042475579270918697 0.026580281595139761 0.0050201242055187591 -0.019007591857960398 0.051929238817926188 0.0058269210661797488 -0.026229961173858771 0.010239942190511164 -0.05080642792167285 0.0079198903339123654 0.053958482015558654 -0.0038570044479174907 -0.044158387055564741 -0.025861984963158322 -0.028563973813189709 -0.017208315914087609
leaf_weight=226 382 1219 1645 1178 408 2624 369 693 301 1131 875 1240 826 1189 1155 1051
leaf_count=226 382 1219 1645 1178 408 2624 369 693 301 1131 875 1240 826 1189 1155 1051
model_size=1824
internal_value=0 0.0217903 -0.00973804 0.000858358 0.00833984 0.0104842 0.00422785 0.00866485 -0.00824593 0.0195871 0.0380206 -0.0161591 -0.0230515 -0.0104447 -0.0157721 -0.00364534
internal_weight=0 5100 11412 4306 3128 3006 2902 2533 994 1539 2094 7106 3221 3885 2395 2696
internal_count=16512 5100 11412 4306 3128 3006 2902 2533 994 1539 2094 7106 3221 3885 2395 2696
is_linear=0
shrinkage=0.1


Tree=16
num_leaves= 15
num_cat= 0
full_tree_array_lgbids= 0 3 1 4 -5 2 -3 5 -6 -2147483648 -2147483648 -2 6 -2147483648 -2147483648 -1 9 -2147483648 -2147483648 -2147483648 -2147483648 -2147483648 -2147483648 -2147483648 -2147483648 -4 7 -2147483648 -2147483648 -2147483648 -2147483648 -2147483648 -2147483648 10 11 -2147483648 -2147483648 -2147483648 -2147483648 -2147483648 -2147483648 -2147483648 -2147483648 -2147483648 -2147483648 -2147483648 -2147483648 -2147483648 -2147483648 -2147483648 -2147483648 -2147483648 -2147483648 8 -9 -2147483648 -2147483648 -2147483648 -2147483648 -2147483648 -2147483648 -2147483648 -2147483648 -2147483648 -2147483648 -2147483648 -2147483648 -7 -12 12 -13 -2147483648 -2147483648 -2147483648 -2147483648 -2147483648 -2147483648 -2147483648 -2147483648 -2147483648 -2147483648 -2147483648 -2147483648 -2147483648 -2147483648 -2147483648 -2147483648 -2147483648 -2147483648 -2147483648 -2147483648 -2147483648 -2147483648 -2147483648 -2147483648 -2147483648 -2147483648 -2147483648 -2147483648 -2147483648 -2147483648 -2147483648 -2147483648 -2147483648 -2147483648 -2147483648 -2147483648 13 -10 -2147483648 -2147483648 -2147483648 -2147483648 -2147483648 -2147483648 -2147483648 -2147483648 -2147483648 -2147483648 -2147483648 -2147483648 -2147483648 -2147483648 -2147483648 -2147483648 -2147483648 -2147483648 -2147483648 -2147483648 -2147483648 -2147483648 -2147483648 -2147483648 -2147483648 -2147483648 -2147483648 -2147483648 -2147483648 -2147483648 -11 -14 -2147483648 -2147483648 -2147483648 -2147483648 -2147483648 -2147483648 -2147483648 -2147483648 -2147483648 -2147483648 -2147483648 -2147483648 -2147483648 -2147483648 -2147483648 -2147483648 -2147483648 -2147483648 -2147483648 -2147483648 -2147483648 -2147483648 -2147483648 -2147483648 -2147483648 -2147483648 -2147483648 -2147483648 -2147483648 -2147483648 -2147483648 -2147483648 -2147483648 -2147483648 -2147483648 -2147483648 -2147483648 -2147483648 -2147483648 -2147483648 -2147483648 -2147483648 -2147483648 -2147483648 -2147483648 -2147483648 -2147483648 -2147483648 -2147483648 -2147483648 -2147483648 -2147483648 -2147483648 -2147483648 -2147483648 -2147483648 -2147483648 -2147483648 -2147483648 -2147483648 -2147483648 -2147483648 -2147483648 -2147483648 -2147483648 -2147483648 -2147483648 -2147483648 -2147483648 -2147483648 -2147483648 -2147483648 -2147483648 -2147483648 -8 -15 -2147483648 -2147483648 -2147483648 -2147483648 -2147483648 -2147483648 -2147483648 -2147483648 -2147483648 -2147483648 -2147483648 -2147483648 -2147483648 -2147483648 -2147483648 -2147483648 -2147483648 -2147483648 -2147483648 -2147483648 -2147483648 -2147483648 -2147483648 -2147483648 -2147483648 -2147483648 -2147483648 -2147483648 -2147483648 -2147483648 -2147483648 -2147483648 -2147483648 -2147483648 -2147483648 -2147483648 -2147483648 -2147483648
split_feature= 1 1 6 6 7 8 8 7 8 7 8 8 7 7
split_gain= 258.59 63.2529 27.4282 25.9812 30.254 26.518 13.628 13.4817 6.90318 3.95767 41.6846 31.3728 19.5282 3.4427
threshold= 4.125700000000001 6.3963500000000009 2.3055777777777782 2.8024658054711251 38.475000000000001 -122.40499999999999 -122.24499999999999 37.615000000000002 -118.22499999999998 34.655000000000008 -118.11499999999999 -120.22499999999998 37.595000000000006 34.165000000000006
decision_type= 2 2 2 2 2 2 2 2 2 2 2 2 2 2
left_child=3 2 -2 4 5 -1 -4 8 13 10 -7 12 -11 -8
right_child=1 -3 6 -5 -6 9 7 -9 -10 11 -12 -13 -14 -15
leaf_value= 0.040722768389590269 0.037205069351641994 0.039611031968234157 0.036779092010766561 -0.017085081372986182 -0.024307673327481093 0.02603340640900019 0.047769543639052725 -0.021073257189998328 -0.0028460979568842295 0.025975788128481614 -0.00933225016603168 -0.044806235703055877 -0.014731874669080139 0.011213950070774296
leaf_weight=338 665 1412 394 5258 1011 1018 295 605 1524 433 1218 402 834 1105
leaf_count=338 665 1412 394 5258 1011 1018 295 605 1524 433 1218 402 834 1105
model_size=1600
internal_value=0 0.0174266 0.0105992 -0.00994671 -0.00280289 0.00232115 0.00608912 0.0026627 0.00757386 -0.00100273 0.00676893 -0.0114146 -0.000819943 0.0189167
internal_weight=0 6000 4588 10512 5254 4243 3923 3529 2924 3905 2236 1669 1267 1400
internal_count=16512 6000 4588 10512 5254 4243 3923 3529 2924 3905 2236 1669 1267 1400
is_linear=0
shrinkage=0.1


Tree=17
num_leaves= 16
num_cat= 0
full_tree_array_lgbids= 0 1 4 2 -3 5 12 3 -4 -2147483648 -2147483648 11 13 -6 -14 -1 6 -2147483648 -2147483648 -2147483648 -2147483648 -2147483648 -2147483648 -2 -13 -7 -15 -2147483648 -2147483648 -2147483648 -2147483648 -2147483648 -2147483648 7 8 -2147483648 -2147483648 -2147483648 -2147483648 -2147483648 -2147483648 -2147483648 -2147483648 -2147483648 -2147483648 -2147483648 -2147483648 -2147483648 -2147483648 -2147483648 -2147483648 -2147483648 -2147483648 -2147483648 -2147483648 -2147483648 -2147483648 -2147483648 -2147483648 -2147483648 -2147483648 -2147483648 -2147483648 -2147483648 -2147483648 -2147483648 -2147483648 10 14 9 -10 -2147483648 -2147483648 -2147483648 -2147483648 -2147483648 -2147483648 -2147483648 -2147483648 -2147483648 -2147483648 -2147483648 -2147483648 -2147483648 -2147483648 -2147483648 -2147483648 -2147483648 -2147483648 -2147483648 -2147483648 -2147483648 -2147483648 -2147483648 -2147483648 -2147483648 -2147483648 -2147483648 -2147483648 -2147483648 -2147483648 -2147483648 -2147483648 -2147483648 -2147483648 -2147483648 -2147483648 -2147483648 -2147483648 -2147483648 -2147483648 -2147483648 -2147483648 -2147483648 -2147483648 -2147483648 -2147483648 -2147483648 -2147483648 -2147483648 -2147483648 -2147483648 -2147483648 -2147483648 -2147483648 -2147483648 -2147483648 -2147483648 -2147483648 -2147483648 -2147483648 -2147483648 -2147483648 -2147483648 -2147483648 -5 -12 -9 -16 -8 -11 -2147483648 -2147483648 -2147483648 -2147483648 -2147483648 -2147483648 -2147483648 -2147483648 -2147483648 -2147483648 -2147483648 -2147483648 -2147483648 -2147483648 -2147483648 -2147483648 -2147483648 -2147483648 -2147483648 -2147483648 -2147483648 -2147483648 -2147483648 -2147483648 -2147483648 -2147483648 -2147483648 -2147483648 -2147483648 -2147483648 -2147483648 -2147483648 -2147483648 -2147483648 -2147483648 -2147483648 -2147483648 -2147483648 -2147483648 -2147483648 -2147483648 -2147483648 -2147483648 -2147483648 -2147483648 -2147483648 -2147483648 -2147483648 -2147483648 -2147483648 -2147483648 -2147483648 -2147483648 -2147483648 -2147483648 -2147483648 -2147483648 -2147483648 -2147483648 -2147483648 -2147483648 -2147483648 -2147483648 -2147483648 -2147483648 -2147483648 -2147483648 -2147483648 -2147483648 -2147483648 -2147483648 -2147483648 -2147483648 -2147483648 -2147483648 -2147483648 -2147483648 -2147483648 -2147483648 -2147483648 -2147483648 -2147483648 -2147483648 -2147483648 -2147483648 -2147483648 -2147483648 -2147483648 -2147483648 -2147483648 -2147483648 -2147483648 -2147483648 -2147483648 -2147483648 -2147483648 -2147483648 -2147483648 -2147483648 -2147483648 -2147483648 -2147483648 -2147483648 -2147483648 -2147483648 -2147483648 -2147483648 -2147483648 -2147483648 -2147483648 -2147483648 -2147483648 -2147483648 -2147483648
split_feature= 1 6 7 8 7 8 7 8 8 7 7 6 8 7 8
split_gain= 206.646 32.8358 40.8401 35.2509 27.0418 33.3502 14.2119 53.8209 48.286 48.1358 26.7907 13.8344 9.81103 6.27477 2.13582
threshold= 4.6754000000000007 3.1100458715596333 38.475000000000001 -122.41499999999998 37.955000000000005 -117.85499999999998 34.455000000000005 -118.35499999999998 -120.56499999999998 37.615000000000002 34.155000000000008 3.0228140180430265 -122.40499999999999 33.885000000000012 -117.77499999999999
decision_type= 2 2 2 2 2 2 2 2 2 2 2 2 2 2 2
left_child=1 2 3 -1 5 11 7 10 9 -8 -5 -2 -6 -7 -9
right_child=4 -3 -4 6 12 13 8 14 -10 -11 -12 -13 -14 -15 -16
leaf_value= 0.037784167276579711 0.038129957683855673 -0.01697477341353152 -0.022533075943808871 0.06763887235228204 0.038643603994877956 0.011825878437711393 0.028913713715537966 0.0089302301579693606 -0.035298255724209089 -0.013753656709476951 0.010842274494830769 0.01343550183684139 -0.032340802332690786 -0.033252747092644107 -0.011758066908805632
leaf_weight=463 2082 4151 1361 323 99 638 647 1492 824 1182 358 1022 309 229 1332
leaf_count=463 2082 4151 1361 323 99 638 647 1492 824 1182 358 1022 309 229 1332
model_size=1712
internal_value=0 -0.00716064 -0.00205685 0.0021522 0.0198402 0.0234318 -0.000526854 0.00667362 -0.0100397 0.00133972 0.037781 0.0299992 -0.0151166 -8.0702e-05 -0.000827848
internal_weight=0 12133 7982 6621 4379 3971 6158 3505 2653 1829 681 3104 408 867 2824
internal_count=16512 12133 7982 6621 4379 3971 6158 3505 2653 1829 681 3104 408 867 2824
is_linear=0
shrinkage=0.1


Tree=18
num_leaves= 5
num_cat= 0
full_tree_array_lgbids= 0 1 -2 3 2 -2147483648 -2147483648 -1 -5 -3 -4 -2147483648 -2147483648 -2147483648 -2147483648
split_feature= 1 1 6 1
split_gain= 173.646 45.9682 12.244 1.91923
threshold= 5.8308000000000009 3.6530500000000008 2.8876678809691012 1.9486000000000003
decision_type= 2 2 2 2
left_child=1 3 -3 -1
right_child=-2 2 -4 -5
leaf_value= -0.021621040113908967 0.029016463480523683 0.01215919508337592 -0.00484105793726302 -0.0070292516962539549
leaf_weight=1781 2094 3184 2504 6949
leaf_count=1781 2094 3184 2504 6949
model_size=480
internal_value=0 -0.00421421 0.00467526 -0.0100061
internal_weight=0 14418 5688 8730
internal_count=16512 14418 5688 8730
is_linear=0
shrinkage=0.1


Tree=19
num_leaves= 6
num_cat= 0
full_tree_array_lgbids= 0 1 -2 3 2 -2147483648 -2147483648 -1 -5 4 -4 -2147483648 -2147483648 -2147483648 -2147483648 -2147483648 -2147483648 -2147483648 -2147483648 -3 -6 -2147483648 -2147483648 -2147483648 -2147483648 -2147483648 -2147483648 -2147483648 -2147483648 -2147483648 -2147483648
split_feature= 1 1 6 6 2
split_gain= 135.189 32.8455 8.3003 3.8463 2.53017
threshold= 5.8308000000000009 3.8346500000000003 2.2634687595142249 2.5763869593405579 16.500000000000004
decision_type= 2 2 2 2 2
left_child=1 3 4 -1 -3
right_child=-2 2 -4 -5 -6
leaf_value= -0.00089623647983193147 0.026114816882137439 -0.010669108751442349 0.0017023294845941021 -0.012985848964498746 0.038165937668078381
leaf_weight=3497 2094 171 4259 5957 534
leaf_count=3497 2094 171 4259 5957 534
model_size=592
internal_value=0 -0.00379279 0.00519871 -0.00851395 0.0263208
internal_weight=0 14418 4964 9454 705
internal_count=16512 14418 4964 9454 705
is_linear=0
shrinkage=0.1


Tree=20
num_leaves= 14
num_cat= 0
full_tree_array_lgbids= 0 1 8 -1 2 9 -10 -2147483648 -2147483648 7 3 10 -11 -2147483648 -2147483648 -2147483648 -2147483648 -2147483648 -2147483648 -3 -9 4 -5 -2 11 -2147483648 -2147483648 -2147483648 -2147483648 -2147483648 -2147483648 -2147483648 -2147483648 -2147483648 -2147483648 -2147483648 -2147483648 -2147483648 -2147483648 -2147483648 -2147483648 -2147483648 -2147483648 -4 5 -2147483648 -2147483648 -2147483648 -2147483648 12 -13 -2147483648 -2147483648 -2147483648 -2147483648 -2147483648 -2147483648 -2147483648 -2147483648 -2147483648 -2147483648 -2147483648 -2147483648 -2147483648 -2147483648 -2147483648 -2147483648 -2147483648 -2147483648 -2147483648 -2147483648 -2147483648 -2147483648 -2147483648 -2147483648 -2147483648 -2147483648 -2147483648 -2147483648 -2147483648 -2147483648 -2147483648 -2147483648 -2147483648 -2147483648 -2147483648 -2147483648 -2147483648 -2147483648 6 -7 -2147483648 -2147483648 -2147483648 -2147483648 -2147483648 -2147483648 -2147483648 -2147483648 -12 -14 -2147483648 -2147483648 -2147483648 -2147483648 -2147483648 -2147483648 -2147483648 -2147483648 -2147483648 -2147483648 -2147483648 -2147483648 -2147483648 -2147483648 -2147483648 -2147483648 -2147483648 -2147483648 -2147483648 -2147483648 -2147483648 -2147483648 -2147483648 -2147483648 -2147483648 -2147483648 -2147483648 -2147483648 -2147483648 -2147483648 -2147483648 -2147483648 -2147483648 -2147483648 -2147483648 -2147483648 -2147483648 -2147483648 -2147483648 -2147483648 -2147483648 -2147483648 -2147483648 -2147483648 -2147483648 -2147483648 -2147483648 -2147483648 -2147483648 -2147483648 -2147483648 -2147483648 -2147483648 -2147483648 -2147483648 -2147483648 -2147483648 -2147483648 -2147483648 -2147483648 -2147483648 -2147483648 -2147483648 -2147483648 -2147483648 -2147483648 -2147483648 -2147483648 -2147483648 -2147483648 -2147483648 -2147483648 -2147483648 -2147483648 -2147483648 -2147483648 -2147483648 -2147483648 -6 -8 -2147483648 -2147483648 -2147483648 -2147483648 -2147483648 -2147483648 -2147483648 -2147483648 -2147483648 -2147483648 -2147483648 -2147483648 -2147483648 -2147483648 -2147483648 -2147483648 -2147483648 -2147483648 -2147483648 -2147483648 -2147483648 -2147483648 -2147483648 -2147483648 -2147483648 -2147483648 -2147483648 -2147483648 -2147483648 -2147483648 -2147483648 -2147483648 -2147483648 -2147483648 -2147483648 -2147483648 -2147483648 -2147483648 -2147483648 -2147483648 -2147483648 -2147483648 -2147483648 -2147483648 -2147483648 -2147483648 -2147483648 -2147483648 -2147483648 -2147483648 -2147483648 -2147483648 -2147483648 -2147483648 -2147483648 -2147483648 -2147483648 -2147483648 -2147483648 -2147483648 -2147483648 -2147483648 -2147483648 -2147483648 -2147483648 -2147483648 -2147483648 -2147483648 -2147483648 -2147483648 -2147483648 -2147483648 -2147483648 -2147483648
split_feature= 1 1 8 7 8 7 8 7 7 8 7 8 7
split_gain= 104.481 24.8679 20.9609 31.3153 31.1799 92.8146 64.4487 17.7883 1.11183 0.817058 1.76695 2.02288 1.21695
threshold= 5.6851000000000012 2.3096500000000004 -122.35499999999998 37.595000000000006 -121.32499999999997 35.335000000000008 -118.30499999999999 38.705000000000005 38.155000000000008 -118.02499999999999 34.155000000000008 -122.01499999999999 37.615000000000002
decision_type= 2 2 2 2 2 2 2 2 2 2 2 2 2
left_child=1 -1 7 4 -4 6 -6 -3 9 10 -2 12 -12
right_child=8 2 3 -5 5 -7 -8 -9 -10 -11 11 -13 -14
leaf_value= -0.015130204085321855 0.054457847441807566 0.031454917510416819 0.02524675754302811 -0.016653381465560155 0.022763161670277792 -0.04068922179618345 -0.0046249933870828753 -0.02391169427049732 -0.035114097220519946 0.0070636953263414626 0.067762978901065737 0.0085007616880213768 0.018091131245014238
leaf_weight=3126 439 801 948 2287 1716 709 4459 186 86 661 234 611 249
leaf_count=3126 439 801 948 2287 1716 709 4459 186 86 661 234 611 249
model_size=1488
internal_value=0 -0.00359131 -0.00034346 -0.00242734 0.00172676 -0.00151219 0.00298603 0.0210211 0.0224173 0.0246724 0.032265 0.0233594 0.0421558
internal_weight=0 14232 11106 10119 7832 6884 6175 987 2280 2194 1533 1094 483
internal_count=16512 14232 11106 10119 7832 6884 6175 987 2280 2194 1533 1094 483
is_linear=0
shrinkage=0.1


Tree=21
num_leaves= 12
num_cat= 0
full_tree_array_lgbids= 0 1 9 2 -3 10 -11 3 -4 -2147483648 -2147483648 -2 -12 -2147483648 -2147483648 -1 4 -2147483648 -2147483648 -2147483648 -2147483648 -2147483648 -2147483648 -2147483648 -2147483648 -2147483648 -2147483648 -2147483648 -2147483648 -2147483648 -2147483648 -2147483648 -2147483648 6 5 -2147483648 -2147483648 -2147483648 -2147483648 -2147483648 -2147483648 -2147483648 -2147483648 -2147483648 -2147483648 -2147483648 -2147483648 -2147483648 -2147483648 -2147483648 -2147483648 -2147483648 -2147483648 -2147483648 -2147483648 -2147483648 -2147483648 -2147483648 -2147483648 -2147483648 -2147483648 -2147483648 -2147483648 -2147483648 -2147483648 -2147483648 -2147483648 7 -8 8 -7 -2147483648 -2147483648 -2147483648 -2147483648 -2147483648 -2147483648 -2147483648 -2147483648 -2147483648 -2147483648 -2147483648 -2147483648 -2147483648 -2147483648 -2147483648 -2147483648 -2147483648 -2147483648 -2147483648 -2147483648 -2147483648 -2147483648 -2147483648 -2147483648 -2147483648 -2147483648 -2147483648 -2147483648 -2147483648 -2147483648 -2147483648 -2147483648 -2147483648 -2147483648 -2147483648 -2147483648 -2147483648 -2147483648 -2147483648 -2147483648 -2147483648 -2147483648 -2147483648 -2147483648 -2147483648 -2147483648 -2147483648 -2147483648 -2147483648 -2147483648 -2147483648 -2147483648 -2147483648 -2147483648 -2147483648 -2147483648 -2147483648 -2147483648 -2147483648 -2147483648 -2147483648 -2147483648 -2147483648 -2147483648 -5 -9 -2147483648 -2147483648 -6 -10 -2147483648 -2147483648 -2147483648 -2147483648 -2147483648 -2147483648 -2147483648 -2147483648 -2147483648 -2147483648 -2147483648 -2147483648 -2147483648 -2147483648 -2147483648 -2147483648 -2147483648 -2147483648 -2147483648 -2147483648 -2147483648 -2147483648 -2147483648 -2147483648 -2147483648 -2147483648 -2147483648 -2147483648 -2147483648 -2147483648 -2147483648 -2147483648 -2147483648 -2147483648 -2147483648 -2147483648 -2147483648 -2147483648 -2147483648 -2147483648 -2147483648 -2147483648 -2147483648 -2147483648 -2147483648 -2147483648 -2147483648 -2147483648 -2147483648 -2147483648 -2147483648 -2147483648 -2147483648 -2147483648 -2147483648 -2147483648 -2147483648 -2147483648 -2147483648 -2147483648 -2147483648 -2147483648 -2147483648 -2147483648 -2147483648 -2147483648 -2147483648 -2147483648 -2147483648 -2147483648 -2147483648 -2147483648 -2147483648 -2147483648 -2147483648 -2147483648 -2147483648 -2147483648 -2147483648 -2147483648 -2147483648 -2147483648 -2147483648 -2147483648 -2147483648 -2147483648 -2147483648 -2147483648 -2147483648 -2147483648 -2147483648 -2147483648 -2147483648 -2147483648 -2147483648 -2147483648 -2147483648 -2147483648 -2147483648 -2147483648 -2147483648 -2147483648 -2147483648 -2147483648 -2147483648 -2147483648 -2147483648 -2147483648 -2147483648 -2147483648 -2147483648 -2147483648 -2147483648 -2147483648
split_feature= 1 6 7 8 7 8 8 7 7 7 8
split_gain= 79.5502 17.6956 25.2798 18.0339 13.1347 45.0879 42.6265 38.1439 34.4589 2.29517 3.52663
threshold= 5.2771000000000017 3.1336552646136835 38.455000000000005 -122.35499999999998 34.655000000000008 -120.56499999999998 -118.36499999999999 34.155000000000008 37.595000000000006 37.955000000000005 -117.85499999999998
decision_type= 2 2 2 2 2 2 2 2 2 2 2
left_child=1 2 3 -1 6 8 7 -5 -6 10 -2
right_child=9 -3 -4 4 5 -7 -8 -9 -10 -11 -12
leaf_value= 0.029753225514654161 0.025930835893518845 -0.01224419151301223 -0.017283321863311833 0.06854994943017946 0.024396130055091201 -0.033666600496700887 0.0012704751141573501 0.010131848023108642 -0.01193202482229026 -0.018477554255410925 -0.00014686376338759745
leaf_weight=630 2148 4400 1472 335 781 808 3390 473 1240 225 610
leaf_count=630 2148 4400 1472 335 781 808 3390 473 1240 225 610
model_size=1264
internal_value=0 -0.00380312 0.000265313 0.0036389 0.00129765 -0.00811062 0.00763781 0.0343522 0.00210671 0.0172485 0.0201631
internal_weight=0 13529 9129 7657 7027 2829 4198 808 2021 2983 2758
internal_count=16512 13529 9129 7657 7027 2829 4198 808 2021 2983 2758
is_linear=0
shrinkage=0.1


Tree=22
num_leaves= 9
num_cat= 0
full_tree_array_lgbids= 0 1 -2 2 -3 -2147483648 -2147483648 3 -4 -2147483648 -2147483648 -2147483648 -2147483648 -2147483648 -2147483648 -1 4 -2147483648 -2147483648 -2147483648 -2147483648 -2147483648 -2147483648 -2147483648 -2147483648 -2147483648 -2147483648 -2147483648 -2147483648 -2147483648 -2147483648 -2147483648 -2147483648 5 -6 -2147483648 -2147483648 -2147483648 -2147483648 -2147483648 -2147483648 -2147483648 -2147483648 -2147483648 -2147483648 -2147483648 -2147483648 -2147483648 -2147483648 -2147483648 -2147483648 -2147483648 -2147483648 -2147483648 -2147483648 -2147483648 -2147483648 -2147483648 -2147483648 -2147483648 -2147483648 -2147483648 -2147483648 -2147483648 -2147483648 -2147483648 -2147483648 7 6 -2147483648 -2147483648 -2147483648 -2147483648 -2147483648 -2147483648 -2147483648 -2147483648 -2147483648 -2147483648 -2147483648 -2147483648 -2147483648 -2147483648 -2147483648 -2147483648 -2147483648 -2147483648 -2147483648 -2147483648 -2147483648 -2147483648 -2147483648 -2147483648 -2147483648 -2147483648 -2147483648 -2147483648 -2147483648 -2147483648 -2147483648 -2147483648 -2147483648 -2147483648 -2147483648 -2147483648 -2147483648 -2147483648 -2147483648 -2147483648 -2147483648 -2147483648 -2147483648 -2147483648 -2147483648 -2147483648 -2147483648 -2147483648 -2147483648 -2147483648 -2147483648 -2147483648 -2147483648 -2147483648 -2147483648 -2147483648 -2147483648 -2147483648 -2147483648 -2147483648 -2147483648 -2147483648 -2147483648 -2147483648 -2147483648 -2147483648 -5 -9 -7 -8 -2147483648 -2147483648 -2147483648 -2147483648 -2147483648 -2147483648 -2147483648 -2147483648 -2147483648 -2147483648 -2147483648 -2147483648 -2147483648 -2147483648 -2147483648 -2147483648 -2147483648 -2147483648 -2147483648 -2147483648 -2147483648 -2147483648 -2147483648 -2147483648 -2147483648 -2147483648 -2147483648 -2147483648 -2147483648 -2147483648 -2147483648 -2147483648 -2147483648 -2147483648 -2147483648 -2147483648 -2147483648 -2147483648 -2147483648 -2147483648 -2147483648 -2147483648 -2147483648 -2147483648 -2147483648 -2147483648 -2147483648 -2147483648 -2147483648 -2147483648 -2147483648 -2147483648 -2147483648 -2147483648 -2147483648 -2147483648 -2147483648 -2147483648 -2147483648 -2147483648 -2147483648 -2147483648 -2147483648 -2147483648 -2147483648 -2147483648 -2147483648 -2147483648 -2147483648 -2147483648 -2147483648 -2147483648 -2147483648 -2147483648 -2147483648 -2147483648 -2147483648 -2147483648 -2147483648 -2147483648 -2147483648 -2147483648 -2147483648 -2147483648 -2147483648 -2147483648 -2147483648 -2147483648 -2147483648 -2147483648 -2147483648 -2147483648 -2147483648 -2147483648 -2147483648 -2147483648 -2147483648 -2147483648 -2147483648 -2147483648 -2147483648 -2147483648 -2147483648 -2147483648 -2147483648 -2147483648 -2147483648 -2147483648 -2147483648 -2147483648 -2147483648 -2147483648 -2147483648 -2147483648 -2147483648 -2147483648
split_feature= 1 8 7 8 6 7 8 8
split_gain= 61.7136 15.3853 17.6935 32.9913 16.3501 6.44705 54.4834 33.8043
threshold= 5.8308000000000009 -116.53499999999998 37.925000000000004 -122.31499999999998 3.1336552646136835 34.655000000000008 -120.56499999999998 -118.36499999999999
decision_type= 2 2 2 2 2 2 2 2
left_child=1 2 3 -1 5 7 -7 -5
right_child=-2 -3 -4 4 -6 6 -8 -9
leaf_value= 0.032267579625788377 0.01944579657336705 -0.046678070979611332 -0.013861223054416519 0.032682789737710626 -0.0093709653676112541 0.0069629838196989466 -0.033231461191628425 0.0031952582153480825
leaf_weight=589 2094 227 2734 909 4075 1617 759 3508
leaf_count=589 2094 227 2734 909 4075 1617 759 3508
model_size=928
internal_value=0 -0.00282421 -0.00212272 0.000678451 -0.00103355 0.00396792 -0.00587691 0.00926367
internal_weight=0 14418 14191 11457 10868 6793 2376 4417
internal_count=16512 14418 14191 11457 10868 6793 2376 4417
is_linear=0
shrinkage=0.1


Tree=23
num_leaves= 5
num_cat= 0
full_tree_array_lgbids= 0 -1 1 -2147483648 -2147483648 -2 2 -2147483648 -2147483648 -2147483648 -2147483648 -2147483648 -2147483648 3 -4 -2147483648 -2147483648 -2147483648 -2147483648 -2147483648 -2147483648 -2147483648 -2147483648 -2147483648 -2147483648 -2147483648 -2147483648 -3 -5 -2147483648 -2147483648
split_feature= 1 4 1 6
split_gain= 46.7783 19.5974 7.92254 0.968001
threshold= 3.8346500000000003 1.0069504830917877 6.8672000000000013 3.1336552646136835
decision_type= 2 2 2 2
left_child=-1 -2 3 -3
right_child=1 2 -4 -5
leaf_value= -0.0058575886503791095 -0.0039270635021828653 0.01519937229999954 0.035601072467117377 -0.0045090922005956288
leaf_weight=9454 2346 3004 664 1044
leaf_count=9454 2346 3004 664 1044
model_size=480
internal_value=0 0.00784608 0.0137077 0.0101165
internal_weight=0 7058 4712 4048
internal_count=16512 7058 4712 4048
is_linear=0
shrinkage=0.1


Tree=24
num_leaves= 14
num_cat= 0
full_tree_array_lgbids= 0 1 -2 2 5 -2147483648 -2147483648 7 3 6 -7 -2147483648 -2147483648 -2147483648 -2147483648 -1 8 4 -5 -3 -8 -2147483648 -2147483648 -2147483648 -2147483648 -2147483648 -2147483648 -2147483648 -2147483648 -2147483648 -2147483648 -2147483648 -2147483648 9 11 -4 -6 -2147483648 -2147483648 -2147483648 -2147483648 -2147483648 -2147483648 -2147483648 -2147483648 -2147483648 -2147483648 -2147483648 -2147483648 -2147483648 -2147483648 -2147483648 -2147483648 -2147483648 -2147483648 -2147483648 -2147483648 -2147483648 -2147483648 -2147483648 -2147483648 -2147483648 -2147483648 -2147483648 -2147483648 -2147483648 -2147483648 -9 10 12 -13 -2147483648 -2147483648 -2147483648 -2147483648 -2147483648 -2147483648 -2147483648 -2147483648 -2147483648 -2147483648 -2147483648 -2147483648 -2147483648 -2147483648 -2147483648 -2147483648 -2147483648 -2147483648 -2147483648 -2147483648 -2147483648 -2147483648 -2147483648 -2147483648 -2147483648 -2147483648 -2147483648 -2147483648 -2147483648 -2147483648 -2147483648 -2147483648 -2147483648 -2147483648 -2147483648 -2147483648 -2147483648 -2147483648 -2147483648 -2147483648 -2147483648 -2147483648 -2147483648 -2147483648 -2147483648 -2147483648 -2147483648 -2147483648 -2147483648 -2147483648 -2147483648 -2147483648 -2147483648 -2147483648 -2147483648 -2147483648 -2147483648 -2147483648 -2147483648 -2147483648 -2147483648 -2147483648 -2147483648 -2147483648 -2147483648 -2147483648 -11 -12 -10 -14 -2147483648 -2147483648 -2147483648 -2147483648 -2147483648 -2147483648 -2147483648 -2147483648 -2147483648 -2147483648 -2147483648 -2147483648 -2147483648 -2147483648 -2147483648 -2147483648 -2147483648 -2147483648 -2147483648 -2147483648 -2147483648 -2147483648 -2147483648 -2147483648 -2147483648 -2147483648 -2147483648 -2147483648 -2147483648 -2147483648 -2147483648 -2147483648 -2147483648 -2147483648 -2147483648 -2147483648 -2147483648 -2147483648 -2147483648 -2147483648 -2147483648 -2147483648 -2147483648 -2147483648 -2147483648 -2147483648 -2147483648 -2147483648 -2147483648 -2147483648 -2147483648 -2147483648 -2147483648 -2147483648 -2147483648 -2147483648 -2147483648 -2147483648 -2147483648 -2147483648 -2147483648 -2147483648 -2147483648 -2147483648 -2147483648 -2147483648 -2147483648 -2147483648 -2147483648 -2147483648 -2147483648 -2147483648 -2147483648 -2147483648 -2147483648 -2147483648 -2147483648 -2147483648 -2147483648 -2147483648 -2147483648 -2147483648 -2147483648 -2147483648 -2147483648 -2147483648 -2147483648 -2147483648 -2147483648 -2147483648 -2147483648 -2147483648 -2147483648 -2147483648 -2147483648 -2147483648 -2147483648 -2147483648 -2147483648 -2147483648 -2147483648 -2147483648 -2147483648 -2147483648 -2147483648 -2147483648 -2147483648 -2147483648 -2147483648 -2147483648 -2147483648 -2147483648 -2147483648 -2147483648
split_feature= 1 8 7 8 7 7 8 7 8 7 8 7 7
split_gain= 33.6583 9.79435 35.7336 77.3771 32.9953 25.1033 31.1048 16.9543 18.4243 32.1737 16.6035 14.946 1.80045
threshold= 5.8308000000000009 -117.77499999999999 34.525000000000013 -121.56499999999998 38.815000000000005 33.565000000000005 -117.16499999999998 33.625000000000007 -118.35499999999998 34.165000000000006 -119.30499999999999 34.045000000000009 33.755000000000003
decision_type= 2 2 2 2 2 2 2 2 2 2 2 2 2
left_child=1 2 7 4 -4 6 -3 -1 9 -9 -11 12 -10
right_child=-2 5 3 -5 -6 -7 -8 8 11 10 -12 -13 -14
leaf_value= 0.13903584834878091 0.016190355856794042 0.031293708745345365 0.010610876485891398 -0.020083201603519573 -0.024147118367273665 -0.029096177159265435 -0.014594869522077043 0.050490889030949941 0.023121397135394586 0.064182624663023852 -0.0044705133697590998 0.018906845772735617 -0.0090839163673465586
leaf_weight=27 2094 426 3166 3088 615 1196 876 534 345 115 633 1116 2281
leaf_count=27 2094 426 3166 3088 615 1196 876 534 345 115 633 1116 2281
model_size=1488
internal_value=0 -0.00235141 2.93967e-05 -0.00629981 0.0049573 -0.0137122 0.000419366 0.00863666 0.00793587 0.0245814 0.00608445 0.00223317 -0.00485283
internal_weight=0 14418 11920 6869 3781 2498 1302 5051 5024 1282 748 3742 2626
internal_count=16512 14418 11920 6869 3781 2498 1302 5051 5024 1282 748 3742 2626
is_linear=0
shrinkage=0.1


Tree=25
num_leaves= 4
num_cat= 0
full_tree_array_lgbids= 0 1 2 -1 -3 -2 -4
split_feature= 3 6 1
split_gain= 23.929 10.4114 1.23774
threshold= 6.3286213786213787 2.4469862317432325 9.1688500000000008
decision_type= 2 2 2
left_child=1 -1 -2
right_child=2 -3 -4
leaf_value= 0.005907938617847398 0.008625237625526529 -0.0062012780638964499 0.043141012038038655
leaf_weight=3808 2851 9569 284
leaf_count=3808 2851 9569 284
model_size=368
internal_value=0 -0.00275418 0.011752
internal_weight=0 13377 3135
internal_count=16512 13377 3135
is_linear=0
shrinkage=0.1


Tree=26
num_leaves= 3
num_cat= 0
full_tree_array_lgbids= 0 -1 1 -2147483648 -2147483648 -2 -3
split_feature= 1 4
split_gain= 16.2468 10.0105
threshold= 3.8346500000000003 1.0411779658482612
decision_type= 2 2
left_child=-1 -2
right_child=1 -3
leaf_value= -0.0045525869820588665 -0.00037820154823719858 0.014762409138721523
leaf_weight=9454 4039 3019
leaf_count=9454 4039 3019
model_size=256
internal_value=0 0.00609807
internal_weight=0 7058
internal_count=16512 7058
is_linear=0
shrinkage=0.1


Tree=27
num_leaves= 13
num_cat= 0
full_tree_array_lgbids= 0 1 4 6 2 5 -6 -1 11 3 10 -2 -7 -2147483648 -2147483648 -2147483648 -2147483648 -8 -13 9 7 -4 -12 -2147483648 -2147483648 -2147483648 -2147483648 -2147483648 -2147483648 -2147483648 -2147483648 -2147483648 -2147483648 -2147483648 -2147483648 -2147483648 -2147483648 -2147483648 -2147483648 -3 -11 8 -9 -2147483648 -2147483648 -2147483648 -2147483648 -2147483648 -2147483648 -2147483648 -2147483648 -2147483648 -2147483648 -2147483648 -2147483648 -2147483648 -2147483648 -2147483648 -2147483648 -2147483648 -2147483648 -2147483648 -2147483648 -2147483648 -2147483648 -2147483648 -2147483648 -2147483648 -2147483648 -2147483648 -2147483648 -2147483648 -2147483648 -2147483648 -2147483648 -2147483648 -2147483648 -2147483648 -2147483648 -2147483648 -2147483648 -2147483648 -2147483648 -5 -10 -2147483648 -2147483648 -2147483648 -2147483648 -2147483648 -2147483648 -2147483648 -2147483648 -2147483648 -2147483648 -2147483648 -2147483648 -2147483648 -2147483648 -2147483648 -2147483648 -2147483648 -2147483648 -2147483648 -2147483648 -2147483648 -2147483648 -2147483648 -2147483648 -2147483648 -2147483648 -2147483648 -2147483648 -2147483648 -2147483648 -2147483648 -2147483648 -2147483648 -2147483648 -2147483648 -2147483648 -2147483648 -2147483648 -2147483648 -2147483648 -2147483648 -2147483648
split_feature= 8 7 8 7 7 8 3 8 7 8 1 6
split_gain= 15.1716 42.7607 99.3903 32.8147 32.6047 33.8416 28.6295 19.0087 13.2706 11.1693 5.94784 3.76826
threshold= -117.75499999999998 34.525000000000013 -121.63499999999998 37.595000000000006 33.565000000000005 -117.145 5.4549101278228429 -122.40499999999999 38.705000000000005 -122.02499999999999 5.8786000000000014 2.5557280883367839
decision_type= 2 2 2 2 2 2 2 2 2 2 2 2
left_child=1 6 3 9 5 -2 -1 8 -5 -3 -4 -8
right_child=4 2 10 7 -6 -7 11 -9 -10 -11 -12 -13
leaf_value= 0.0038366563745588704 0.027981715789783687 0.046970748520624397 -0.017294122753186619 0.02561313009740139 -0.027571096770983412 -0.014369126282860224 0.050721843858053423 -0.011460262422928053 -0.017093191224069711 0.011565934805021674 -0.081066852771263159 0.01818894732608374
leaf_weight=4100 587 514 3209 899 1298 892 399 1798 319 889 90 1518
leaf_count=4100 587 514 3209 899 1298 892 399 1798 319 889 90 1518
model_size=1376
internal_value=0 0.00234287 -0.00406839 0.0071041 -0.0115878 0.00243949 0.0105666 -0.00100533 0.0144281 0.0245368 -0.0190339 0.0249603
internal_weight=0 13735 7718 4419 2777 1479 6017 3016 1218 1403 3299 1917
internal_count=16512 13735 7718 4419 2777 1479 6017 3016 1218 1403 3299 1917
is_linear=0
shrinkage=0.1


Tree=28
num_leaves= 8
num_cat= 0
full_tree_array_lgbids= 0 1 -2 2 -3 -2147483648 -2147483648 4 3 -2147483648 -2147483648 -2147483648 -2147483648 -2147483648 -2147483648 -1 6 5 -5 -2147483648 -2147483648 -2147483648 -2147483648 -2147483648 -2147483648 -2147483648 -2147483648 -2147483648 -2147483648 -2147483648 -2147483648 -2147483648 -2147483648 -6 -8 -4 -7 -2147483648 -2147483648 -2147483648 -2147483648 -2147483648 -2147483648 -2147483648 -2147483648 -2147483648 -2147483648 -2147483648 -2147483648 -2147483648 -2147483648 -2147483648 -2147483648 -2147483648 -2147483648 -2147483648 -2147483648 -2147483648 -2147483648 -2147483648 -2147483648 -2147483648 -2147483648
split_feature= 6 7 8 7 7 8 3
split_gain= 9.4386 10.4741 12.7405 26.0072 9.55475 8.81405 3.9287
threshold= 3.1424162072895592 37.925000000000004 -117.77499999999999 33.565000000000005 33.625000000000007 -117.16499999999998 6.9566301031144784
decision_type= 2 2 2 2 2 2 2
left_child=1 2 4 5 -1 -4 -6
right_child=-2 -3 3 -5 6 -7 -8
leaf_value= 0.094430787942626271 -0.0072488701803081514 -0.0080186866854969046 0.029402756016503846 -0.026607562057406622 0.0071796654786272481 -0.0087291605521112783 0.031612950558759227
leaf_weight=55 5153 2472 476 817 6311 605 623
leaf_count=55 5153 2472 476 817 6311 605 623
model_size=816
internal_value=0 0.00328844 0.00643362 -0.00686186 0.0100443 0.00806158 0.00937493
internal_weight=0 11359 8887 1898 6989 1081 6934
internal_count=16512 11359 8887 1898 6989 1081 6934
is_linear=0
shrinkage=0.1


Tree=29
num_leaves= 2
num_cat= 0
full_tree_array_lgbids= 0 -1 -2
split_feature= 3
split_gain= 4.77852
threshold= 6.3286213786213787
decision_type= 2
left_child=-1
right_child=-2
leaf_value= -0.0022237449804233642 0.0094886878729258349
leaf_weight=13377 3135
leaf_count=13377 3135
model_size=144
internal_value=0
internal_weight=0
internal_count=16512
is_linear=0
shrinkage=0.1


Tree=30
num_leaves= 12
num_cat= 0
full_tree_array_lgbids= 0 1 -2 2 -3 -2147483648 -2147483648 -1 3 -2147483648 -2147483648 -2147483648 -2147483648 -2147483648 -2147483648 -2147483648 -2147483648 5 4 -2147483648 -2147483648 -2147483648 -2147483648 -2147483648 -2147483648 -2147483648 -2147483648 -2147483648 -2147483648 -2147483648 -2147483648 -2147483648 -2147483648 -2147483648 -2147483648 8 -7 6 7 -2147483648 -2147483648 -2147483648 -2147483648 -2147483648 -2147483648 -2147483648 -2147483648 -2147483648 -2147483648 -2147483648 -2147483648 -2147483648 -2147483648 -2147483648 -2147483648 -2147483648 -2147483648 -2147483648 -2147483648 -2147483648 -2147483648 -2147483648 -2147483648 -2147483648 -2147483648 -2147483648 -2147483648 -2147483648 -2147483648 -2147483648 -2147483648 9 10 -2147483648 -2147483648 -5 -8 -6 -9 -2147483648 -2147483648 -2147483648 -2147483648 -2147483648 -2147483648 -2147483648 -2147483648 -2147483648 -2147483648 -2147483648 -2147483648 -2147483648 -2147483648 -2147483648 -2147483648 -2147483648 -2147483648 -2147483648 -2147483648 -2147483648 -2147483648 -2147483648 -2147483648 -2147483648 -2147483648 -2147483648 -2147483648 -2147483648 -2147483648 -2147483648 -2147483648 -2147483648 -2147483648 -2147483648 -2147483648 -2147483648 -2147483648 -2147483648 -2147483648 -2147483648 -2147483648 -2147483648 -2147483648 -2147483648 -2147483648 -2147483648 -2147483648 -2147483648 -2147483648 -2147483648 -2147483648 -2147483648 -2147483648 -2147483648 -2147483648 -2147483648 -2147483648 -2147483648 -2147483648 -2147483648 -2147483648 -2147483648 -2147483648 -4 -11 -10 -12 -2147483648 -2147483648 -2147483648 -2147483648 -2147483648 -2147483648 -2147483648 -2147483648 -2147483648 -2147483648 -2147483648 -2147483648 -2147483648 -2147483648 -2147483648 -2147483648 -2147483648 -2147483648 -2147483648 -2147483648 -2147483648 -2147483648 -2147483648 -2147483648 -2147483648 -2147483648 -2147483648 -2147483648 -2147483648 -2147483648 -2147483648 -2147483648 -2147483648 -2147483648 -2147483648 -2147483648 -2147483648 -2147483648 -2147483648 -2147483648 -2147483648 -2147483648 -2147483648 -2147483648 -2147483648 -2147483648 -2147483648 -2147483648 -2147483648 -2147483648 -2147483648 -2147483648 -2147483648 -2147483648 -2147483648 -2147483648 -2147483648 -2147483648 -2147483648 -2147483648 -2147483648 -2147483648 -2147483648 -2147483648 -2147483648 -2147483648 -2147483648 -2147483648 -2147483648 -2147483648 -2147483648 -2147483648 -2147483648 -2147483648 -2147483648 -2147483648 -2147483648 -2147483648 -2147483648 -2147483648 -2147483648 -2147483648 -2147483648 -2147483648 -2147483648 -2147483648 -2147483648 -2147483648 -2147483648 -2147483648 -2147483648 -2147483648 -2147483648 -2147483648 -2147483648 -2147483648 -2147483648 -2147483648 -2147483648 -2147483648 -2147483648 -2147483648 -2147483648 -2147483648 -2147483648 -2147483648 -2147483648 -2147483648
split_feature= 8 7 8 7 8 8 7 1 7 7 8
split_gain= 2.19422 3.8505 17.0962 6.20408 76.4214 54.678 20.6897 16.3353 13.3596 14.9223 4.80297
threshold= -116.47499999999998 37.895000000000003 -122.23499999999999 34.655000000000008 -120.62499999999999 -118.30499999999999 37.485000000000007 5.0387000000000013 34.155000000000008 34.045000000000009 -119.30499999999999
decision_type= 2 2 2 2 2 2 2 2 2 2 2
left_child=1 2 -1 5 6 8 -5 -6 9 -4 -10
right_child=-2 -3 3 4 7 -7 -8 -9 10 -11 -12
leaf_value= 0.023445261625900386 -0.039055406885515703 -0.0091358035023526938 0.020634113953152556 0.017961386228450692 -0.024798734100602168 -0.0014407476496721249 -0.011853565490172914 -0.098437113269313203 0.046256667897843155 0.061892883373725373 -0.0017053404311186968
leaf_weight=1010 209 2987 811 1366 1247 6337 983 92 183 393 894
leaf_count=1010 209 2987 811 1366 1247 6337 983 92 183 393 894
model_size=1264
internal_value=0 0.00050068 0.0026623 0.000956567 -0.00734735 0.00451016 0.00548455 -0.0298583 0.0210428 0.0341015 0.00644419
internal_weight=0 16303 13316 12306 3688 8618 2349 1339 2281 1204 1077
internal_count=16512 16303 13316 12306 3688 8618 2349 1339 2281 1204 1077
is_linear=0
shrinkage=0.1


Tree=31
num_leaves= 2
num_cat= 0
full_tree_array_lgbids= 0 -1 -2
split_feature= 4
split_gain= 0.83145
threshold= 0.99160544721033084
decision_type= 2
left_child=-1
right_child=-2
leaf_value= -0.0091930370607229729 0.0020527347563599617
leaf_weight=3014 13498
leaf_count=3014 13498
model_size=144
internal_value=0
internal_weight=0
internal_count=16512
is_linear=0
shrinkage=0.1


end of trees

feature_importances:
Column_8=149
Column_7=148
Column_1=111
Column_6=101
Column_2=61
Column_3=23
Column_4=7
Column_5=4

parameters:
[boosting: gbdt]
[objective: regression]
[metric: rmse]
[tree_learner: serial]
[device_type: cpu]
[data_sample_strategy: bagging]
[data: data/california_housing.libsvm.train]
[valid: data/california_housing.libsvm.test]
[num_iterations: 50]
[learning_rate: 0.1]
[num_leaves: 255]
[num_threads: 0]
[seed: 42]
[deterministic: 0]
[force_col_wise: 0]
[force_row_wise: 0]
[histogram_pool_size: -1]
[max_depth: 7]
[min_data_in_leaf: 10]
[min_sum_hessian_in_leaf: 0.001]
[bagging_fraction: 1]
[pos_bagging_fraction: 1]
[neg_bagging_fraction: 1]
[bagging_freq: 0]
[bagging_seed: 400]
[feature_fraction: 1]
[feature_fraction_bynode: 1]
[feature_fraction_seed: 30056]
[extra_trees: 0]
[extra_seed: 12879]
[early_stopping_round: 0]
[early_stopping_min_delta: 0]
[first_metric_only: 0]
[max_delta_step: 0]
[lambda_l1: 0]
[lambda_l2: 0]
[linear_lambda: 0]
[min_gain_to_split: 0]
[drop_rate: 0.1]
[max_drop: 50]
[skip_drop: 0.5]
[xgboost_dart_mode: 0]
[uniform_drop: 0]
[drop_seed: 17869]
[top_rate: 0.2]
[other_rate: 0.1]
[min_data_per_group: 100]
[max_cat_threshold: 32]
[cat_l2: 10]
[cat_smooth: 10]
[max_cat_to_onehot: 4]
[top_k: 20]
[monotone_constraints: ]
[monotone_constraints_method: basic]
[monotone_penalty: 0]
[feature_contri: ]
[forcedsplits_filename: ]
[refit_decay_rate: 0.9]
[tinygbdt_penalty_feature: 2]
[tinygbdt_penalty_split: 0.015625]
[tinygbdt_forestsize: 64000]
[tinygbdt_precision: 7]
[cegb_tradeoff: 1]
[cegb_penalty_split: 0]
[cegb_penalty_feature_lazy: ]
[cegb_penalty_feature_coupled: ]
[path_smooth: 0]
[interaction_constraints: ]
[verbosity: 2]
[saved_feature_importance_type: 0]
[use_quantized_grad: 0]
[num_grad_quant_bins: 4]
[quant_train_renew_leaf: 0]
[stochastic_rounding: 1]
[linear_tree: 0]
[max_bin: 255]
[max_bin_by_feature: ]
[min_data_in_bin: 3]
[bin_construct_sample_cnt: 200000]
[data_random_seed: 175]
[is_enable_sparse: 1]
[enable_bundle: 1]
[use_missing: 1]
[zero_as_missing: 0]
[feature_pre_filter: 1]
[pre_partition: 0]
[two_round: 0]
[header: 0]
[label_column: ]
[weight_column: ]
[group_column: ]
[ignore_column: ]
[categorical_feature: ]
[forcedbins_filename: ]
[precise_float_parser: 0]
[parser_config_file: ]
[objective_seed: 16083]
[num_class: 1]
[is_unbalance: 0]
[scale_pos_weight: 1]
[sigmoid: 1]
[boost_from_average: 1]
[reg_sqrt: 0]
[alpha: 0.9]
[fair_c: 1]
[poisson_max_delta_step: 0.7]
[tweedie_variance_power: 1.5]
[lambdarank_truncation_level: 30]
[lambdarank_norm: 1]
[label_gain: ]
[lambdarank_position_bias_regularization: 0]
[eval_at: ]
[multi_error_top_k: 1]
[auc_mu_weights: ]
[num_machines: 1]
[local_listen_port: 12400]
[time_out: 120]
[machine_list_filename: ]
[machines: ]
[gpu_platform_id: -1]
[gpu_device_id: -1]
[gpu_use_dp: 0]
[num_gpu: 1]

end of parameters
