tree
version=v4
num_class=1
num_tree_per_iteration=1
label_index=0
max_feature_idx=21
objective=binary sigmoid:1
feature_names=Column_0 Column_1 Column_2 Column_3 Column_4 Column_5 Column_6 Column_7 Column_8 Column_9 Column_10 Column_11 Column_12 Column_13 Column_14 Column_15 Column_16 Column_17 Column_18 Column_19 Column_20 Column_21
feature_infos=[0:5] [0:3] [0:9] [0:1] [0:8] [0:1] [0:1] [0:1] [0:11] [0:1] [0:4] [0:3] [0:3] [0:8] [0:8] none [0:3] [0:2] [0:4] [0:8] [0:5] [0:6]
tree_sizes=4713 4708 4708 4702 4704 4709 4793 4711 4711 4795 4710 4701 4712 4709 4790 4796 4792 4790 4796 4790 4801 4802 4620 4804 4798 4536 4719 4719 4545 4713 4458 4553 4459 2841 4638 2838 2842 2157 1893 1544 1544 1548 1550 1549 621 1548 800 800 804 803 804 803 803 806 804 806 806 538 718 542 539 542 407

Tree=0
num_leaves= 17
num_cat= 0
full_tree_array_lgbids= 0 1 2 5 10 4 3 -1 -7 12 11 -2 -6 7 6 -2147483648 -2147483648 -2147483648 -2147483648 -3 -14 -12 -13 -2147483648 -2147483648 -2147483648 -2147483648 -4 13 8 -8 -2147483648 -2147483648 -2147483648 -2147483648 -2147483648 -2147483648 -2147483648 -2147483648 -2147483648 -2147483648 -2147483648 -2147483648 -2147483648 -2147483648 -2147483648 -2147483648 -2147483648 -2147483648 -2147483648 -2147483648 -2147483648 -2147483648 -2147483648 -2147483648 -2147483648 -2147483648 -9 14 -5 9 -2147483648 -2147483648 -2147483648 -2147483648 -2147483648 -2147483648 -2147483648 -2147483648 -2147483648 -2147483648 -2147483648 -2147483648 -2147483648 -2147483648 -2147483648 -2147483648 -2147483648 -2147483648 -2147483648 -2147483648 -2147483648 -2147483648 -2147483648 -2147483648 -2147483648 -2147483648 -2147483648 -2147483648 -2147483648 -2147483648 -2147483648 -2147483648 -2147483648 -2147483648 -2147483648 -2147483648 -2147483648 -2147483648 -2147483648 -2147483648 -2147483648 -2147483648 -2147483648 -2147483648 -2147483648 -2147483648 -2147483648 -2147483648 -2147483648 -2147483648 -2147483648 -2147483648 -2147483648 -2147483648 -2147483648 -2147483648 -15 -16 -2147483648 -2147483648 15 -11 -2147483648 -2147483648 -2147483648 -2147483648 -2147483648 -2147483648 -2147483648 -2147483648 -2147483648 -2147483648 -2147483648 -2147483648 -2147483648 -2147483648 -2147483648 -2147483648 -2147483648 -2147483648 -2147483648 -2147483648 -2147483648 -2147483648 -2147483648 -2147483648 -2147483648 -2147483648 -2147483648 -2147483648 -2147483648 -2147483648 -2147483648 -2147483648 -2147483648 -2147483648 -2147483648 -2147483648 -2147483648 -2147483648 -2147483648 -2147483648 -2147483648 -2147483648 -2147483648 -2147483648 -2147483648 -2147483648 -2147483648 -2147483648 -2147483648 -2147483648 -2147483648 -2147483648 -2147483648 -2147483648 -2147483648 -2147483648 -2147483648 -2147483648 -2147483648 -2147483648 -2147483648 -2147483648 -2147483648 -2147483648 -2147483648 -2147483648 -2147483648 -2147483648 -2147483648 -2147483648 -2147483648 -2147483648 -2147483648 -2147483648 -2147483648 -2147483648 -2147483648 -2147483648 -2147483648 -2147483648 -2147483648 -2147483648 -2147483648 -2147483648 -2147483648 -2147483648 -2147483648 -2147483648 -2147483648 -2147483648 -2147483648 -2147483648 -2147483648 -2147483648 -2147483648 -2147483648 -2147483648 -2147483648 -2147483648 -2147483648 -2147483648 -2147483648 -2147483648 -2147483648 -2147483648 -2147483648 -2147483648 -2147483648 -2147483648 -2147483648 -2147483648 -2147483648 -2147483648 -2147483648 -2147483648 -2147483648 -2147483648 -2147483648 -2147483648 -2147483648 -10 -17 -2147483648 -2147483648 -2147483648 -2147483648 -2147483648 -2147483648 -2147483648 -2147483648 -2147483648 -2147483648
split_feature= 8 20 19 7 4 10 9 13 21 3 21 1 12 17 19 1
split_gain= 2189.03 1173.35 1115.86 757.883 242.811 203.329 150.299 118.62 82.3963 179.821 28.493 33.2475 18.2532 16.5607 136.051 4.59013
threshold= 3.5000000000000004 3.5000000000000004 1.5000000000000002 1.0000000180025095e-35 4.5000000000000009 1.0000000180025095e-35 1.0000000180025095e-35 1.5000000000000002 1.5000000000000002 1.0000000180025095e-35 4.5000000000000009 1.5000000000000002 1.0000000180025095e-35 1.5000000000000002 6.5000000000000009 2.5000000000000004
decision_type= 2 2 2 2 2 2 2 2 2 2 2 2 2 2 2 2
left_child=1 5 4 7 -2 -1 8 -4 -5 15 12 -12 -3 -9 -15 -10
right_child=2 10 3 6 -6 -7 -8 13 9 -11 11 -13 -14 14 -16 -17
leaf_value= 0.13625295265526666 0.13625295265526666 -0.075779630963319758 0.13625295265526666 0.13625295265526666 -0.26425303862428545 -0.26425303862428545 -0.26425303862428545 -0.26425303862428545 -0.2642530386242854 0.13625295265526666 -0.26425303862428551 0.1362529526552666 0.13625295265526666 0.13625295265526666 -0.26425303862428545 -0.16041815199625342
leaf_weight=14.48168098926544 127.58860319852829 4.2446306347846976 7.7402088046073905 58.176408112049103 17.228206694126129 104.36797678470612 17.228206694126129 603.98597091436386 17.727575004100803 27.964625358581543 3.9949464797973615 4.4943147897720337 528.58135610818863 9.7376820445060712 68.413458466529846 6.7414721846580496
leaf_count=58 511 17 31 233 69 418 69 2419 71 112 16 18 2117 39 274 27
model_size=1824
internal_value=-0.0711178 0.0691485 -0.167321 -0.212646 0.0886066 -0.215452 0.0110948 -0.254106 0.053982 -0.0372996 0.131635 -0.0522205 0.134564 -0.258536 -0.21435 -0.235645
internal_weight=0 660.165 962.532 817.716 144.817 118.85 127.838 689.877 110.61 52.4337 541.315 8.48926 532.826 682.137 78.1511 24.469
internal_count=6499 2644 3855 3275 580 476 512 2763 443 210 2168 34 2134 2732 313 98
is_linear=0
shrinkage=1


Tree=1
num_leaves= 17
num_cat= 0
full_tree_array_lgbids= 0 1 2 5 10 4 3 -1 -7 12 11 -2 -6 7 6 -2147483648 -2147483648 -2147483648 -2147483648 -3 -14 -12 -13 -2147483648 -2147483648 -2147483648 -2147483648 -4 13 8 -8 -2147483648 -2147483648 -2147483648 -2147483648 -2147483648 -2147483648 -2147483648 -2147483648 -2147483648 -2147483648 -2147483648 -2147483648 -2147483648 -2147483648 -2147483648 -2147483648 -2147483648 -2147483648 -2147483648 -2147483648 -2147483648 -2147483648 -2147483648 -2147483648 -2147483648 -2147483648 -9 14 -5 9 -2147483648 -2147483648 -2147483648 -2147483648 -2147483648 -2147483648 -2147483648 -2147483648 -2147483648 -2147483648 -2147483648 -2147483648 -2147483648 -2147483648 -2147483648 -2147483648 -2147483648 -2147483648 -2147483648 -2147483648 -2147483648 -2147483648 -2147483648 -2147483648 -2147483648 -2147483648 -2147483648 -2147483648 -2147483648 -2147483648 -2147483648 -2147483648 -2147483648 -2147483648 -2147483648 -2147483648 -2147483648 -2147483648 -2147483648 -2147483648 -2147483648 -2147483648 -2147483648 -2147483648 -2147483648 -2147483648 -2147483648 -2147483648 -2147483648 -2147483648 -2147483648 -2147483648 -2147483648 -2147483648 -2147483648 -2147483648 -15 -16 -2147483648 -2147483648 15 -11 -2147483648 -2147483648 -2147483648 -2147483648 -2147483648 -2147483648 -2147483648 -2147483648 -2147483648 -2147483648 -2147483648 -2147483648 -2147483648 -2147483648 -2147483648 -2147483648 -2147483648 -2147483648 -2147483648 -2147483648 -2147483648 -2147483648 -2147483648 -2147483648 -2147483648 -2147483648 -2147483648 -2147483648 -2147483648 -2147483648 -2147483648 -2147483648 -2147483648 -2147483648 -2147483648 -2147483648 -2147483648 -2147483648 -2147483648 -2147483648 -2147483648 -2147483648 -2147483648 -2147483648 -2147483648 -2147483648 -2147483648 -2147483648 -2147483648 -2147483648 -2147483648 -2147483648 -2147483648 -2147483648 -2147483648 -2147483648 -2147483648 -2147483648 -2147483648 -2147483648 -2147483648 -2147483648 -2147483648 -2147483648 -2147483648 -2147483648 -2147483648 -2147483648 -2147483648 -2147483648 -2147483648 -2147483648 -2147483648 -2147483648 -2147483648 -2147483648 -2147483648 -2147483648 -2147483648 -2147483648 -2147483648 -2147483648 -2147483648 -2147483648 -2147483648 -2147483648 -2147483648 -2147483648 -2147483648 -2147483648 -2147483648 -2147483648 -2147483648 -2147483648 -2147483648 -2147483648 -2147483648 -2147483648 -2147483648 -2147483648 -2147483648 -2147483648 -2147483648 -2147483648 -2147483648 -2147483648 -2147483648 -2147483648 -2147483648 -2147483648 -2147483648 -2147483648 -2147483648 -2147483648 -2147483648 -2147483648 -2147483648 -2147483648 -2147483648 -2147483648 -10 -17 -2147483648 -2147483648 -2147483648 -2147483648 -2147483648 -2147483648 -2147483648 -2147483648 -2147483648 -2147483648
split_feature= 8 20 19 7 4 10 9 13 21 3 21 4 12 17 19 1
split_gain= 1789.34 954.329 915.619 625.214 197.532 167.002 122.803 97.4682 66.568 146.581 22.8398 27.0444 14.7311 13.645 111.708 3.76063
threshold= 3.5000000000000004 3.5000000000000004 1.5000000000000002 1.0000000180025095e-35 4.5000000000000009 1.0000000180025095e-35 1.0000000180025095e-35 1.5000000000000002 1.5000000000000002 1.0000000180025095e-35 4.5000000000000009 4.5000000000000009 1.0000000180025095e-35 1.5000000000000002 6.5000000000000009 2.5000000000000004
decision_type= 2 2 2 2 2 2 2 2 2 2 2 2 2 2 2 2
left_child=1 5 4 7 -2 -1 8 -4 -5 15 12 -12 -3 -9 -15 -10
right_child=2 10 3 6 -6 -7 -8 13 9 -11 11 -13 -14 14 -16 -17
leaf_value= 0.18726217829300001 0.18726217829300001 -0.0041963809298885936 0.18726217829300001 0.18726217829300001 -0.17677793099633521 -0.17677793099633521 -0.17677793099633521 -0.17677793099633521 -0.17677793099633518 0.18726217829300001 0.18726217829300007 -0.17677793099633518 0.18726217829300001 0.18726217829300001 -0.17677793099633521 -0.080806439333089508
leaf_weight=14.432910382747648 127.15891733765602 4.2439043670892707 7.7141417562961569 57.980484813451767 16.952329516410828 102.69672083854675 16.952329516410828 594.31427681446075 17.443701386451725 27.870447635650635 4.4791790843009931 3.9309749603271484 526.80122897028923 9.7048880159854871 67.317946195602417 6.7067594379186621
leaf_count=58 511 17 31 233 69 418 69 2419 71 112 18 16 2117 39 274 27
model_size=1824
internal_value=0 0.126905 -0.0878109 -0.129336 0.144439 -0.13192 0.0744698 -0.16744 0.11319 0.0306313 0.183103 0.0171068 0.185732 -0.171515 -0.130909 -0.150126
internal_weight=0 656.585 950.116 806.005 144.111 117.13 126.954 679.051 110.001 52.0209 539.455 8.41015 531.045 671.337 77.0228 24.1505
internal_count=6499 2644 3855 3275 580 476 512 2763 443 210 2168 34 2134 2732 313 98
is_linear=0
shrinkage=0.1


Tree=2
num_leaves= 17
num_cat= 0
full_tree_array_lgbids= 0 1 2 5 10 4 3 -1 -7 12 11 -2 -6 7 6 -2147483648 -2147483648 -2147483648 -2147483648 -3 -14 -12 -13 -2147483648 -2147483648 -2147483648 -2147483648 -4 13 8 -8 -2147483648 -2147483648 -2147483648 -2147483648 -2147483648 -2147483648 -2147483648 -2147483648 -2147483648 -2147483648 -2147483648 -2147483648 -2147483648 -2147483648 -2147483648 -2147483648 -2147483648 -2147483648 -2147483648 -2147483648 -2147483648 -2147483648 -2147483648 -2147483648 -2147483648 -2147483648 -9 14 -5 9 -2147483648 -2147483648 -2147483648 -2147483648 -2147483648 -2147483648 -2147483648 -2147483648 -2147483648 -2147483648 -2147483648 -2147483648 -2147483648 -2147483648 -2147483648 -2147483648 -2147483648 -2147483648 -2147483648 -2147483648 -2147483648 -2147483648 -2147483648 -2147483648 -2147483648 -2147483648 -2147483648 -2147483648 -2147483648 -2147483648 -2147483648 -2147483648 -2147483648 -2147483648 -2147483648 -2147483648 -2147483648 -2147483648 -2147483648 -2147483648 -2147483648 -2147483648 -2147483648 -2147483648 -2147483648 -2147483648 -2147483648 -2147483648 -2147483648 -2147483648 -2147483648 -2147483648 -2147483648 -2147483648 -2147483648 -2147483648 -15 -16 -2147483648 -2147483648 15 -11 -2147483648 -2147483648 -2147483648 -2147483648 -2147483648 -2147483648 -2147483648 -2147483648 -2147483648 -2147483648 -2147483648 -2147483648 -2147483648 -2147483648 -2147483648 -2147483648 -2147483648 -2147483648 -2147483648 -2147483648 -2147483648 -2147483648 -2147483648 -2147483648 -2147483648 -2147483648 -2147483648 -2147483648 -2147483648 -2147483648 -2147483648 -2147483648 -2147483648 -2147483648 -2147483648 -2147483648 -2147483648 -2147483648 -2147483648 -2147483648 -2147483648 -2147483648 -2147483648 -2147483648 -2147483648 -2147483648 -2147483648 -2147483648 -2147483648 -2147483648 -2147483648 -2147483648 -2147483648 -2147483648 -2147483648 -2147483648 -2147483648 -2147483648 -2147483648 -2147483648 -2147483648 -2147483648 -2147483648 -2147483648 -2147483648 -2147483648 -2147483648 -2147483648 -2147483648 -2147483648 -2147483648 -2147483648 -2147483648 -2147483648 -2147483648 -2147483648 -2147483648 -2147483648 -2147483648 -2147483648 -2147483648 -2147483648 -2147483648 -2147483648 -2147483648 -2147483648 -2147483648 -2147483648 -2147483648 -2147483648 -2147483648 -2147483648 -2147483648 -2147483648 -2147483648 -2147483648 -2147483648 -2147483648 -2147483648 -2147483648 -2147483648 -2147483648 -2147483648 -2147483648 -2147483648 -2147483648 -2147483648 -2147483648 -2147483648 -2147483648 -2147483648 -2147483648 -2147483648 -2147483648 -2147483648 -2147483648 -2147483648 -2147483648 -2147483648 -2147483648 -10 -17 -2147483648 -2147483648 -2147483648 -2147483648 -2147483648 -2147483648 -2147483648 -2147483648 -2147483648 -2147483648
split_feature= 8 20 19 7 4 10 9 13 21 3 21 4 12 17 19 1
split_gain= 1489.86 791.674 764.543 524.274 163.894 139.542 102.145 81.4531 55.0142 121.589 18.7093 22.402 12.344 11.3967 93.2949 3.24023
threshold= 3.5000000000000004 3.5000000000000004 1.5000000000000002 1.0000000180025095e-35 4.5000000000000009 1.0000000180025095e-35 1.0000000180025095e-35 1.5000000000000002 1.5000000000000002 1.0000000180025095e-35 4.5000000000000009 4.5000000000000009 1.0000000180025095e-35 1.5000000000000002 6.5000000000000009 2.5000000000000004
decision_type= 2 2 2 2 2 2 2 2 2 2 2 2 2 2 2 2
left_child=1 5 4 7 -2 -1 8 -4 -5 15 12 -12 -3 -9 -15 -10
right_child=2 10 3 6 -6 -7 -8 13 9 -11 11 -13 -14 14 -16 -17
leaf_value= 0.17236010255125836 0.17236010255125836 -0.0037773991993575971 0.17236010255125836 0.17236010255125836 -0.16433727988382651 -0.16433727988382651 -0.16433727988382651 -0.16433727988382651 -0.16433727988382651 0.17236010255125836 0.17236010255125839 -0.16433727988382651 0.17236010255125836 0.17236010255125836 -0.16433727988382651 -0.073346872777648994
leaf_weight=14.127121359109877 124.46481059491634 4.2432112842798224 7.5507027953863135 56.752056494355202 16.43764516711235 99.578777968883514 16.43764516711235 576.27048781514168 16.91409865021706 27.279958486557007 4.3842790424823743 3.8116278648376465 515.63992960751057 9.4992712587118131 65.274127185344696 6.6527500748634329
leaf_count=58 511 17 31 233 69 418 69 2419 71 112 18 16 2117 39 274 27
model_size=1824
internal_value=0 0.116954 -0.0814531 -0.120077 0.133081 -0.122505 0.0686481 -0.155621 0.104241 0.0282102 0.168515 0.015774 0.170922 -0.159425 -0.121563 -0.138651
internal_weight=0 641.785 923.534 782.631 140.902 113.706 124.037 658.595 107.599 50.8468 528.079 8.19591 519.883 651.044 74.7734 23.5668
internal_count=6499 2644 3855 3275 580 476 512 2763 443 210 2168 34 2134 2732 313 98
is_linear=0
shrinkage=0.1


Tree=3
num_leaves= 17
num_cat= 0
full_tree_array_lgbids= 0 1 2 5 10 4 3 -1 -7 12 11 -2 -6 7 6 -2147483648 -2147483648 -2147483648 -2147483648 -3 -14 -12 -13 -2147483648 -2147483648 -2147483648 -2147483648 -4 13 8 -8 -2147483648 -2147483648 -2147483648 -2147483648 -2147483648 -2147483648 -2147483648 -2147483648 -2147483648 -2147483648 -2147483648 -2147483648 -2147483648 -2147483648 -2147483648 -2147483648 -2147483648 -2147483648 -2147483648 -2147483648 -2147483648 -2147483648 -2147483648 -2147483648 -2147483648 -2147483648 -9 14 -5 9 -2147483648 -2147483648 -2147483648 -2147483648 -2147483648 -2147483648 -2147483648 -2147483648 -2147483648 -2147483648 -2147483648 -2147483648 -2147483648 -2147483648 -2147483648 -2147483648 -2147483648 -2147483648 -2147483648 -2147483648 -2147483648 -2147483648 -2147483648 -2147483648 -2147483648 -2147483648 -2147483648 -2147483648 -2147483648 -2147483648 -2147483648 -2147483648 -2147483648 -2147483648 -2147483648 -2147483648 -2147483648 -2147483648 -2147483648 -2147483648 -2147483648 -2147483648 -2147483648 -2147483648 -2147483648 -2147483648 -2147483648 -2147483648 -2147483648 -2147483648 -2147483648 -2147483648 -2147483648 -2147483648 -2147483648 -2147483648 -15 -16 -2147483648 -2147483648 15 -11 -2147483648 -2147483648 -2147483648 -2147483648 -2147483648 -2147483648 -2147483648 -2147483648 -2147483648 -2147483648 -2147483648 -2147483648 -2147483648 -2147483648 -2147483648 -2147483648 -2147483648 -2147483648 -2147483648 -2147483648 -2147483648 -2147483648 -2147483648 -2147483648 -2147483648 -2147483648 -2147483648 -2147483648 -2147483648 -2147483648 -2147483648 -2147483648 -2147483648 -2147483648 -2147483648 -2147483648 -2147483648 -2147483648 -2147483648 -2147483648 -2147483648 -2147483648 -2147483648 -2147483648 -2147483648 -2147483648 -2147483648 -2147483648 -2147483648 -2147483648 -2147483648 -2147483648 -2147483648 -2147483648 -2147483648 -2147483648 -2147483648 -2147483648 -2147483648 -2147483648 -2147483648 -2147483648 -2147483648 -2147483648 -2147483648 -2147483648 -2147483648 -2147483648 -2147483648 -2147483648 -2147483648 -2147483648 -2147483648 -2147483648 -2147483648 -2147483648 -2147483648 -2147483648 -2147483648 -2147483648 -2147483648 -2147483648 -2147483648 -2147483648 -2147483648 -2147483648 -2147483648 -2147483648 -2147483648 -2147483648 -2147483648 -2147483648 -2147483648 -2147483648 -2147483648 -2147483648 -2147483648 -2147483648 -2147483648 -2147483648 -2147483648 -2147483648 -2147483648 -2147483648 -2147483648 -2147483648 -2147483648 -2147483648 -2147483648 -2147483648 -2147483648 -2147483648 -2147483648 -2147483648 -2147483648 -2147483648 -2147483648 -2147483648 -2147483648 -2147483648 -10 -17 -2147483648 -2147483648 -2147483648 -2147483648 -2147483648 -2147483648 -2147483648 -2147483648 -2147483648 -2147483648
split_feature= 8 20 19 7 4 10 9 13 21 3 21 1 12 17 19 1
split_gain= 1257.73 666.41 646.825 445.128 137.972 118.102 86.0912 68.9313 46.2259 102.162 15.5559 18.8025 10.6337 9.60965 78.9199 2.89356
threshold= 3.5000000000000004 3.5000000000000004 1.5000000000000002 1.0000000180025095e-35 4.5000000000000009 1.0000000180025095e-35 1.0000000180025095e-35 1.5000000000000002 1.5000000000000002 1.0000000180025095e-35 4.5000000000000009 1.5000000000000002 1.0000000180025095e-35 1.5000000000000002 6.5000000000000009 2.5000000000000004
decision_type= 2 2 2 2 2 2 2 2 2 2 2 2 2 2 2 2
left_child=1 5 4 7 -2 -1 8 -4 -5 15 12 -12 -3 -9 -15 -10
right_child=2 10 3 6 -6 -7 -8 13 9 -11 11 -13 -14 14 -16 -17
leaf_value= 0.1609037703805144 0.1609037703805144 -0.0034002145451034805 0.1609037703805144 0.1609037703805144 -0.15458733496862687 -0.15458733496862687 -0.15458733496862687 -0.15458733496862687 -0.15458733496862684 0.1609037703805144 -0.15458733496862687 0.16090377038051437 0.1609037703805144 0.1609037703805144 -0.15458733496862687 -0.066719728387848426
leaf_weight=13.6439371407032 120.20779101550579 4.2425556927919379 7.2924491614103308 54.810988858342171 15.761341184377669 95.481748044490814 15.761341184377669 552.56064239144325 16.21819165349007 26.34691309928894 3.654803752899169 4.2343253195285797 498.00370563566685 9.1743715256452543 62.588514268398285 6.5857289135456076
leaf_count=58 511 17 31 233 69 418 69 2419 71 112 16 18 2117 39 274 27
model_size=1824
internal_value=0 0.109272 -0.0764827 -0.112824 0.124333 -0.115142 0.0641111 -0.146362 0.0972673 0.0263026 0.157277 0.0147459 0.159516 -0.149951 -0.114254 -0.129211
internal_weight=0 619.261 887.308 751.339 135.969 109.126 119.723 631.616 103.962 49.1508 510.135 7.88913 502.246 624.324 71.7629 22.8039
internal_count=6499 2644 3855 3275 580 476 512 2763 443 210 2168 34 2134 2732 313 98
is_linear=0
shrinkage=0.1


Tree=4
num_leaves= 17
num_cat= 0
full_tree_array_lgbids= 0 1 2 5 10 4 3 -1 -7 12 11 -2 -6 7 6 -2147483648 -2147483648 -2147483648 -2147483648 -3 -14 -12 -13 -2147483648 -2147483648 -2147483648 -2147483648 -4 13 8 -8 -2147483648 -2147483648 -2147483648 -2147483648 -2147483648 -2147483648 -2147483648 -2147483648 -2147483648 -2147483648 -2147483648 -2147483648 -2147483648 -2147483648 -2147483648 -2147483648 -2147483648 -2147483648 -2147483648 -2147483648 -2147483648 -2147483648 -2147483648 -2147483648 -2147483648 -2147483648 -9 14 -5 9 -2147483648 -2147483648 -2147483648 -2147483648 -2147483648 -2147483648 -2147483648 -2147483648 -2147483648 -2147483648 -2147483648 -2147483648 -2147483648 -2147483648 -2147483648 -2147483648 -2147483648 -2147483648 -2147483648 -2147483648 -2147483648 -2147483648 -2147483648 -2147483648 -2147483648 -2147483648 -2147483648 -2147483648 -2147483648 -2147483648 -2147483648 -2147483648 -2147483648 -2147483648 -2147483648 -2147483648 -2147483648 -2147483648 -2147483648 -2147483648 -2147483648 -2147483648 -2147483648 -2147483648 -2147483648 -2147483648 -2147483648 -2147483648 -2147483648 -2147483648 -2147483648 -2147483648 -2147483648 -2147483648 -2147483648 -2147483648 -15 -16 -2147483648 -2147483648 15 -11 -2147483648 -2147483648 -2147483648 -2147483648 -2147483648 -2147483648 -2147483648 -2147483648 -2147483648 -2147483648 -2147483648 -2147483648 -2147483648 -2147483648 -2147483648 -2147483648 -2147483648 -2147483648 -2147483648 -2147483648 -2147483648 -2147483648 -2147483648 -2147483648 -2147483648 -2147483648 -2147483648 -2147483648 -2147483648 -2147483648 -2147483648 -2147483648 -2147483648 -2147483648 -2147483648 -2147483648 -2147483648 -2147483648 -2147483648 -2147483648 -2147483648 -2147483648 -2147483648 -2147483648 -2147483648 -2147483648 -2147483648 -2147483648 -2147483648 -2147483648 -2147483648 -2147483648 -2147483648 -2147483648 -2147483648 -2147483648 -2147483648 -2147483648 -2147483648 -2147483648 -2147483648 -2147483648 -2147483648 -2147483648 -2147483648 -2147483648 -2147483648 -2147483648 -2147483648 -2147483648 -2147483648 -2147483648 -2147483648 -2147483648 -2147483648 -2147483648 -2147483648 -2147483648 -2147483648 -2147483648 -2147483648 -2147483648 -2147483648 -2147483648 -2147483648 -2147483648 -2147483648 -2147483648 -2147483648 -2147483648 -2147483648 -2147483648 -2147483648 -2147483648 -2147483648 -2147483648 -2147483648 -2147483648 -2147483648 -2147483648 -2147483648 -2147483648 -2147483648 -2147483648 -2147483648 -2147483648 -2147483648 -2147483648 -2147483648 -2147483648 -2147483648 -2147483648 -2147483648 -2147483648 -2147483648 -2147483648 -2147483648 -2147483648 -2147483648 -2147483648 -10 -17 -2147483648 -2147483648 -2147483648 -2147483648 -2147483648 -2147483648 -2147483648 -2147483648 -2147483648 -2147483648
split_feature= 8 20 19 7 4 10 9 13 21 3 21 1 12 17 19 1
split_gain= 1073.14 567.297 552.837 381.631 117.449 100.955 73.2963 58.9036 39.3361 86.679 13.0742 15.936 9.35548 8.15744 67.422 2.65017
threshold= 3.5000000000000004 3.5000000000000004 1.5000000000000002 1.0000000180025095e-35 4.5000000000000009 1.0000000180025095e-35 1.0000000180025095e-35 1.5000000000000002 1.5000000000000002 1.0000000180025095e-35 4.5000000000000009 1.5000000000000002 1.0000000180025095e-35 1.5000000000000002 6.5000000000000009 2.5000000000000004
decision_type= 2 2 2 2 2 2 2 2 2 2 2 2 2 2 2 2
left_child=1 5 4 7 -2 -1 8 -4 -5 15 12 -12 -3 -9 -15 -10
right_child=2 10 3 6 -6 -7 -8 13 9 -11 11 -13 -14 14 -16 -17
leaf_value= 0.15185187516794491 0.15185187516794491 -0.0030606570657631363 0.15185187516794491 0.15185187516794491 -0.14676872362570559 -0.14676872362570559 -0.14676872362570559 -0.14676872362570559 -0.14676872362570556 0.15185187516794491 -0.14676872362570559 0.15185187516794488 0.15185187516794491 0.15185187516794491 -0.14676872362570559 -0.060779122690496325
leaf_weight=13.042239397764204 114.90662641823292 4.2419396191835395 6.970852091908454 52.39382378757 14.980887696146963 90.75378343462944 14.980887696146963 525.19952662289143 15.415116325020792 25.185014009475708 3.4738290309905997 4.0475915372371674 476.04173801839352 8.7697816640138608 59.489322155714035 6.5104905366897574
leaf_count=58 511 17 31 233 69 418 69 2419 71 112 16 18 2117 39 274 27
model_size=1824
internal_value=0 0.103178 -0.0725023 -0.107006 0.11741 -0.109246 0.0604759 -0.13894 0.0916776 0.0247552 0.148378 0.0139315 0.150484 -0.142356 -0.108403 -0.121235
internal_weight=0 591.601 844.802 714.915 129.888 103.796 114.485 600.429 99.5044 47.1106 487.805 7.52142 480.284 593.459 68.2591 21.9256
internal_count=6499 2644 3855 3275 580 476 512 2763 443 210 2168 34 2134 2732 313 98
is_linear=0
shrinkage=0.1


Tree=5
num_leaves= 17
num_cat= 0
full_tree_array_lgbids= 0 1 2 5 10 4 3 -1 -7 12 11 -2 -6 7 6 -2147483648 -2147483648 -2147483648 -2147483648 -3 -14 -12 -13 -2147483648 -2147483648 -2147483648 -2147483648 -4 13 8 -8 -2147483648 -2147483648 -2147483648 -2147483648 -2147483648 -2147483648 -2147483648 -2147483648 -2147483648 -2147483648 -2147483648 -2147483648 -2147483648 -2147483648 -2147483648 -2147483648 -2147483648 -2147483648 -2147483648 -2147483648 -2147483648 -2147483648 -2147483648 -2147483648 -2147483648 -2147483648 -9 14 -5 9 -2147483648 -2147483648 -2147483648 -2147483648 -2147483648 -2147483648 -2147483648 -2147483648 -2147483648 -2147483648 -2147483648 -2147483648 -2147483648 -2147483648 -2147483648 -2147483648 -2147483648 -2147483648 -2147483648 -2147483648 -2147483648 -2147483648 -2147483648 -2147483648 -2147483648 -2147483648 -2147483648 -2147483648 -2147483648 -2147483648 -2147483648 -2147483648 -2147483648 -2147483648 -2147483648 -2147483648 -2147483648 -2147483648 -2147483648 -2147483648 -2147483648 -2147483648 -2147483648 -2147483648 -2147483648 -2147483648 -2147483648 -2147483648 -2147483648 -2147483648 -2147483648 -2147483648 -2147483648 -2147483648 -2147483648 -2147483648 -15 -16 -2147483648 -2147483648 15 -11 -2147483648 -2147483648 -2147483648 -2147483648 -2147483648 -2147483648 -2147483648 -2147483648 -2147483648 -2147483648 -2147483648 -2147483648 -2147483648 -2147483648 -2147483648 -2147483648 -2147483648 -2147483648 -2147483648 -2147483648 -2147483648 -2147483648 -2147483648 -2147483648 -2147483648 -2147483648 -2147483648 -2147483648 -2147483648 -2147483648 -2147483648 -2147483648 -2147483648 -2147483648 -2147483648 -2147483648 -2147483648 -2147483648 -2147483648 -2147483648 -2147483648 -2147483648 -2147483648 -2147483648 -2147483648 -2147483648 -2147483648 -2147483648 -2147483648 -2147483648 -2147483648 -2147483648 -2147483648 -2147483648 -2147483648 -2147483648 -2147483648 -2147483648 -2147483648 -2147483648 -2147483648 -2147483648 -2147483648 -2147483648 -2147483648 -2147483648 -2147483648 -2147483648 -2147483648 -2147483648 -2147483648 -2147483648 -2147483648 -2147483648 -2147483648 -2147483648 -2147483648 -2147483648 -2147483648 -2147483648 -2147483648 -2147483648 -2147483648 -2147483648 -2147483648 -2147483648 -2147483648 -2147483648 -2147483648 -2147483648 -2147483648 -2147483648 -2147483648 -2147483648 -2147483648 -2147483648 -2147483648 -2147483648 -2147483648 -2147483648 -2147483648 -2147483648 -2147483648 -2147483648 -2147483648 -2147483648 -2147483648 -2147483648 -2147483648 -2147483648 -2147483648 -2147483648 -2147483648 -2147483648 -2147483648 -2147483648 -2147483648 -2147483648 -2147483648 -2147483648 -10 -17 -2147483648 -2147483648 -2147483648 -2147483648 -2147483648 -2147483648 -2147483648 -2147483648 -2147483648 -2147483648
split_feature= 8 20 19 7 4 10 9 13 21 3 21 1 12 17 19 1
split_gain= 923.42 487.218 476.353 329.763 100.858 86.9825 62.8999 50.7242 33.8106 74.1037 11.0778 13.6085 8.37106 6.95954 58.0525 2.47346
threshold= 3.5000000000000004 3.5000000000000004 1.5000000000000002 1.0000000180025095e-35 4.5000000000000009 1.0000000180025095e-35 1.0000000180025095e-35 1.5000000000000002 1.5000000000000002 1.0000000180025095e-35 4.5000000000000009 1.5000000000000002 1.0000000180025095e-35 1.5000000000000002 6.5000000000000009 2.5000000000000004
decision_type= 2 2 2 2 2 2 2 2 2 2 2 2 2 2 2 2
left_child=1 5 4 7 -2 -1 8 -4 -5 15 12 -12 -3 -9 -15 -10
right_child=2 10 3 6 -6 -7 -8 13 9 -11 11 -13 -14 14 -16 -17
leaf_value= 0.14454675775689577 0.14454675775689577 -0.0027549883843111991 0.14454675775689577 0.14454675775689577 -0.14038449805642142 -0.14038449805642142 -0.14038449805642142 -0.14038449805642142 -0.14038449805642136 0.14454675775689577 -0.14038449805642142 0.14454675775689574 0.14454675775689577 0.14454675775689577 -0.14038449805642142 -0.055417087899252648
leaf_weight=12.365946739912031 108.9482548981905 4.2413643300533286 6.6093853265047064 49.676992937922478 14.139219447970389 85.654981583356857 14.139219447970389 495.69234557449818 14.54905189573765 23.879069566726685 3.2786595821380606 3.8377076089382172 451.35705600678921 8.3150331526994687 56.147045344114304 6.4306696057319632
leaf_count=58 511 17 31 233 69 418 69 2419 71 112 16 18 2117 39 274 27
model_size=1824
internal_value=0 0.098242 -0.0692534 -0.10225 0.111816 -0.104439 0.0574974 -0.132881 0.0870936 0.0234695 0.141178 0.013273 0.143175 -0.136155 -0.103631 -0.11434
internal_weight=0 560.736 798.526 675.439 123.087 98.0209 108.675 566.764 94.5358 44.8588 462.715 7.11637 455.598 560.154 64.4621 20.9797
internal_count=6499 2644 3855 3275 580 476 512 2763 443 210 2168 34 2134 2732 313 98
is_linear=0
shrinkage=0.1


Tree=6
num_leaves= 18
num_cat= 0
full_tree_array_lgbids= 0 1 2 5 11 4 3 -1 -7 14 12 -2 -6 7 6 -2147483648 -2147483648 -2147483648 -2147483648 -3 -16 -13 -14 -2147483648 -2147483648 -2147483648 -2147483648 -4 15 8 -8 -2147483648 -2147483648 -2147483648 -2147483648 -2147483648 -2147483648 -2147483648 -2147483648 -2147483648 -2147483648 -2147483648 -2147483648 -2147483648 -2147483648 -2147483648 -2147483648 -2147483648 -2147483648 -2147483648 -2147483648 -2147483648 -2147483648 -2147483648 -2147483648 -2147483648 -2147483648 -9 16 10 9 -2147483648 -2147483648 -2147483648 -2147483648 -2147483648 -2147483648 -2147483648 -2147483648 -2147483648 -2147483648 -2147483648 -2147483648 -2147483648 -2147483648 -2147483648 -2147483648 -2147483648 -2147483648 -2147483648 -2147483648 -2147483648 -2147483648 -2147483648 -2147483648 -2147483648 -2147483648 -2147483648 -2147483648 -2147483648 -2147483648 -2147483648 -2147483648 -2147483648 -2147483648 -2147483648 -2147483648 -2147483648 -2147483648 -2147483648 -2147483648 -2147483648 -2147483648 -2147483648 -2147483648 -2147483648 -2147483648 -2147483648 -2147483648 -2147483648 -2147483648 -2147483648 -2147483648 -2147483648 -2147483648 -2147483648 -2147483648 -17 -18 -5 -12 13 -11 -2147483648 -2147483648 -2147483648 -2147483648 -2147483648 -2147483648 -2147483648 -2147483648 -2147483648 -2147483648 -2147483648 -2147483648 -2147483648 -2147483648 -2147483648 -2147483648 -2147483648 -2147483648 -2147483648 -2147483648 -2147483648 -2147483648 -2147483648 -2147483648 -2147483648 -2147483648 -2147483648 -2147483648 -2147483648 -2147483648 -2147483648 -2147483648 -2147483648 -2147483648 -2147483648 -2147483648 -2147483648 -2147483648 -2147483648 -2147483648 -2147483648 -2147483648 -2147483648 -2147483648 -2147483648 -2147483648 -2147483648 -2147483648 -2147483648 -2147483648 -2147483648 -2147483648 -2147483648 -2147483648 -2147483648 -2147483648 -2147483648 -2147483648 -2147483648 -2147483648 -2147483648 -2147483648 -2147483648 -2147483648 -2147483648 -2147483648 -2147483648 -2147483648 -2147483648 -2147483648 -2147483648 -2147483648 -2147483648 -2147483648 -2147483648 -2147483648 -2147483648 -2147483648 -2147483648 -2147483648 -2147483648 -2147483648 -2147483648 -2147483648 -2147483648 -2147483648 -2147483648 -2147483648 -2147483648 -2147483648 -2147483648 -2147483648 -2147483648 -2147483648 -2147483648 -2147483648 -2147483648 -2147483648 -2147483648 -2147483648 -2147483648 -2147483648 -2147483648 -2147483648 -2147483648 -2147483648 -2147483648 -2147483648 -2147483648 -2147483648 -2147483648 -2147483648 -2147483648 -2147483648 -2147483648 -2147483648 -2147483648 -2147483648 -2147483648 -2147483648 -10 -15 -2147483648 -2147483648 -2147483648 -2147483648 -2147483648 -2147483648 -2147483648 -2147483648 -2147483648 -2147483648
split_feature= 8 20 19 7 4 10 9 13 14 20 10 21 1 1 12 17 19
split_gain= 800.039 421.436 413.16 286.776 87.2233 75.4245 54.32 43.9525 29.8116 32.4115 15.5878 9.44315 11.6823 8.62451 7.58795 5.95834 50.2937
threshold= 3.5000000000000004 3.5000000000000004 1.5000000000000002 1.0000000180025095e-35 4.5000000000000009 1.0000000180025095e-35 1.0000000180025095e-35 1.5000000000000002 6.5000000000000009 4.5000000000000009 3.5000000000000004 4.5000000000000009 1.5000000000000002 1.0000000180025095e-35 1.0000000180025095e-35 1.5000000000000002 6.5000000000000009
decision_type= 2 2 2 2 2 2 2 2 2 2 2 2 2 2 2 2 2
left_child=1 5 4 7 -2 -1 8 -4 10 13 -5 14 -13 -10 -3 -9 -17
right_child=2 11 3 6 -6 -7 -8 15 9 -11 -12 12 -14 -15 -16 16 -18
leaf_value= 0.13855140791954978 0.13855140791954978 -0.0024798143532451006 0.13855140791954978 -0.15063761588693428 -0.13509509769210032 -0.13509509769210032 -0.13509509769210032 -0.13509509769210032 0.058929975529655926 -0.13509509769210032 0.13855140791954976 -0.13509509769210032 0.13855140791954976 0.14227432453236805 0.13855140791954978 0.13855140791954978 -0.13509509769210032
leaf_weight=11.647865027189253 102.62170739471912 4.2408298254013053 6.2255830317735663 7.7796753048896772 13.268332377076147 80.379172950983047 13.268332377076147 465.16081188619137 17.843947470188141 5.3842508196830741 2.6107283681631088 3.0767147541046134 3.6148546636104584 55.668030887842178 425.1470734924078 7.8321851044893256 52.688740164041519
leaf_count=58 511 17 31 36 69 418 69 2419 90 28 13 16 18 276 2117 39 274
model_size=1936
internal_value=0 0.0941749 -0.0665603 -0.0983031 0.107221 -0.10046 0.0550106 -0.127863 0.083261 0.104495 -0.077975 0.135249 0.0127316 0.122044 0.137159 -0.131018 -0.0996817
internal_weight=0 528.107 750.352 634.462 115.89 92.027 102.555 531.907 89.2866 78.8962 10.3904 436.079 6.69157 73.512 429.388 525.682 60.5209
internal_count=6499 2644 3855 3275 580 476 512 2763 443 394 49 2168 34 366 2134 2732 313
is_linear=0
shrinkage=0.1


Tree=7
num_leaves= 17
num_cat= 0
full_tree_array_lgbids= 0 1 2 5 10 4 3 -1 -7 12 11 -2 -6 7 6 -2147483648 -2147483648 -2147483648 -2147483648 -3 -14 -12 -13 -2147483648 -2147483648 -2147483648 -2147483648 -4 13 8 -8 -2147483648 -2147483648 -2147483648 -2147483648 -2147483648 -2147483648 -2147483648 -2147483648 -2147483648 -2147483648 -2147483648 -2147483648 -2147483648 -2147483648 -2147483648 -2147483648 -2147483648 -2147483648 -2147483648 -2147483648 -2147483648 -2147483648 -2147483648 -2147483648 -2147483648 -2147483648 -9 14 -5 9 -2147483648 -2147483648 -2147483648 -2147483648 -2147483648 -2147483648 -2147483648 -2147483648 -2147483648 -2147483648 -2147483648 -2147483648 -2147483648 -2147483648 -2147483648 -2147483648 -2147483648 -2147483648 -2147483648 -2147483648 -2147483648 -2147483648 -2147483648 -2147483648 -2147483648 -2147483648 -2147483648 -2147483648 -2147483648 -2147483648 -2147483648 -2147483648 -2147483648 -2147483648 -2147483648 -2147483648 -2147483648 -2147483648 -2147483648 -2147483648 -2147483648 -2147483648 -2147483648 -2147483648 -2147483648 -2147483648 -2147483648 -2147483648 -2147483648 -2147483648 -2147483648 -2147483648 -2147483648 -2147483648 -2147483648 -2147483648 -15 -16 -2147483648 -2147483648 15 -11 -2147483648 -2147483648 -2147483648 -2147483648 -2147483648 -2147483648 -2147483648 -2147483648 -2147483648 -2147483648 -2147483648 -2147483648 -2147483648 -2147483648 -2147483648 -2147483648 -2147483648 -2147483648 -2147483648 -2147483648 -2147483648 -2147483648 -2147483648 -2147483648 -2147483648 -2147483648 -2147483648 -2147483648 -2147483648 -2147483648 -2147483648 -2147483648 -2147483648 -2147483648 -2147483648 -2147483648 -2147483648 -2147483648 -2147483648 -2147483648 -2147483648 -2147483648 -2147483648 -2147483648 -2147483648 -2147483648 -2147483648 -2147483648 -2147483648 -2147483648 -2147483648 -2147483648 -2147483648 -2147483648 -2147483648 -2147483648 -2147483648 -2147483648 -2147483648 -2147483648 -2147483648 -2147483648 -2147483648 -2147483648 -2147483648 -2147483648 -2147483648 -2147483648 -2147483648 -2147483648 -2147483648 -2147483648 -2147483648 -2147483648 -2147483648 -2147483648 -2147483648 -2147483648 -2147483648 -2147483648 -2147483648 -2147483648 -2147483648 -2147483648 -2147483648 -2147483648 -2147483648 -2147483648 -2147483648 -2147483648 -2147483648 -2147483648 -2147483648 -2147483648 -2147483648 -2147483648 -2147483648 -2147483648 -2147483648 -2147483648 -2147483648 -2147483648 -2147483648 -2147483648 -2147483648 -2147483648 -2147483648 -2147483648 -2147483648 -2147483648 -2147483648 -2147483648 -2147483648 -2147483648 -2147483648 -2147483648 -2147483648 -2147483648 -2147483648 -2147483648 -10 -17 -2147483648 -2147483648 -2147483648 -2147483648 -2147483648 -2147483648 -2147483648 -2147483648 -2147483648 -2147483648
split_feature= 8 20 19 7 4 10 9 13 21 3 21 1 12 17 19 1
split_gain= 696.759 366.654 359.927 251.098 75.8561 65.7359 46.8462 38.2679 27.2662 56.5428 8.07539 10.0734 6.95771 5.10257 43.8004 2.55389
threshold= 3.5000000000000004 3.5000000000000004 1.5000000000000002 1.0000000180025095e-35 4.5000000000000009 1.0000000180025095e-35 1.0000000180025095e-35 1.5000000000000002 1.5000000000000002 1.0000000180025095e-35 4.5000000000000009 1.5000000000000002 1.0000000180025095e-35 1.5000000000000002 6.5000000000000009 2.5000000000000004
decision_type= 2 2 2 2 2 2 2 2 2 2 2 2 2 2 2 2
left_child=1 5 4 7 -2 -1 8 -4 -5 15 12 -12 -3 -9 -15 -10
right_child=2 10 3 6 -6 -7 -8 13 9 -11 11 -13 -14 14 -16 -17
leaf_value= 0.13356356395996258 0.13356356395996258 -0.0022321090491633213 0.13356356395996258 0.134254791362444 -0.13066022980921915 -0.13066022980921915 -0.13066022980921915 -0.13066022980921915 -0.13320973979727521 0.13343884967666281 -0.13066022980921915 0.13356356395996252 0.13356356395996258 0.13356356395996258 -0.13066022980921915 -0.044364780787842728
leaf_weight=10.912395119667051 96.14196389913559 4.240334838628768 5.8324870467185965 44.246965691447258 12.391892105340956 75.069723188877106 12.391892105340956 434.43459424376488 13.215802833437921 21.033169984817505 2.8734822273254386 3.3866053819656372 398.30242186784744 7.3376449942588797 49.208383142948151 6.2055435180664054
leaf_count=58 511 17 31 233 69 418 69 2419 71 112 16 18 2117 39 274 27
model_size=1824
internal_value=0 0.0907768 -0.064233 -0.0948664 0.103396 -0.0971263 0.0524454 -0.123656 0.0792339 0.019055 0.130298 0.0122805 0.132133 -0.126711 -0.0963735 -0.104822
internal_weight=0 494.785 702.44 593.906 108.534 85.9821 97.0934 496.813 84.7015 40.4545 408.803 6.26009 402.543 490.981 56.546 19.4213
internal_count=6499 2644 3855 3275 580 476 512 2763 443 210 2168 34 2134 2732 313 98
is_linear=0
shrinkage=0.1


Tree=8
num_leaves= 17
num_cat= 0
full_tree_array_lgbids= 0 1 2 5 10 4 3 -1 -7 12 11 -2 -6 7 6 -2147483648 -2147483648 -2147483648 -2147483648 -3 -14 -12 -13 -2147483648 -2147483648 -2147483648 -2147483648 -4 13 8 -8 -2147483648 -2147483648 -2147483648 -2147483648 -2147483648 -2147483648 -2147483648 -2147483648 -2147483648 -2147483648 -2147483648 -2147483648 -2147483648 -2147483648 -2147483648 -2147483648 -2147483648 -2147483648 -2147483648 -2147483648 -2147483648 -2147483648 -2147483648 -2147483648 -2147483648 -2147483648 -9 14 -5 9 -2147483648 -2147483648 -2147483648 -2147483648 -2147483648 -2147483648 -2147483648 -2147483648 -2147483648 -2147483648 -2147483648 -2147483648 -2147483648 -2147483648 -2147483648 -2147483648 -2147483648 -2147483648 -2147483648 -2147483648 -2147483648 -2147483648 -2147483648 -2147483648 -2147483648 -2147483648 -2147483648 -2147483648 -2147483648 -2147483648 -2147483648 -2147483648 -2147483648 -2147483648 -2147483648 -2147483648 -2147483648 -2147483648 -2147483648 -2147483648 -2147483648 -2147483648 -2147483648 -2147483648 -2147483648 -2147483648 -2147483648 -2147483648 -2147483648 -2147483648 -2147483648 -2147483648 -2147483648 -2147483648 -2147483648 -2147483648 -15 -16 -2147483648 -2147483648 15 -11 -2147483648 -2147483648 -2147483648 -2147483648 -2147483648 -2147483648 -2147483648 -2147483648 -2147483648 -2147483648 -2147483648 -2147483648 -2147483648 -2147483648 -2147483648 -2147483648 -2147483648 -2147483648 -2147483648 -2147483648 -2147483648 -2147483648 -2147483648 -2147483648 -2147483648 -2147483648 -2147483648 -2147483648 -2147483648 -2147483648 -2147483648 -2147483648 -2147483648 -2147483648 -2147483648 -2147483648 -2147483648 -2147483648 -2147483648 -2147483648 -2147483648 -2147483648 -2147483648 -2147483648 -2147483648 -2147483648 -2147483648 -2147483648 -2147483648 -2147483648 -2147483648 -2147483648 -2147483648 -2147483648 -2147483648 -2147483648 -2147483648 -2147483648 -2147483648 -2147483648 -2147483648 -2147483648 -2147483648 -2147483648 -2147483648 -2147483648 -2147483648 -2147483648 -2147483648 -2147483648 -2147483648 -2147483648 -2147483648 -2147483648 -2147483648 -2147483648 -2147483648 -2147483648 -2147483648 -2147483648 -2147483648 -2147483648 -2147483648 -2147483648 -2147483648 -2147483648 -2147483648 -2147483648 -2147483648 -2147483648 -2147483648 -2147483648 -2147483648 -2147483648 -2147483648 -2147483648 -2147483648 -2147483648 -2147483648 -2147483648 -2147483648 -2147483648 -2147483648 -2147483648 -2147483648 -2147483648 -2147483648 -2147483648 -2147483648 -2147483648 -2147483648 -2147483648 -2147483648 -2147483648 -2147483648 -2147483648 -2147483648 -2147483648 -2147483648 -2147483648 -10 -17 -2147483648 -2147483648 -2147483648 -2147483648 -2147483648 -2147483648 -2147483648 -2147483648 -2147483648 -2147483648
split_feature= 8 20 19 7 4 10 9 13 21 3 21 1 12 17 19 1
split_gain= 609.877 320.538 315.261 220.538 66.2866 57.5438 40.8094 33.46 23.8896 49.02 6.92989 8.71336 6.44041 4.37718 38.3045 2.41861
threshold= 3.5000000000000004 3.5000000000000004 1.5000000000000002 1.0000000180025095e-35 4.5000000000000009 1.0000000180025095e-35 1.0000000180025095e-35 1.5000000000000002 1.5000000000000002 1.0000000180025095e-35 4.5000000000000009 1.5000000000000002 1.0000000180025095e-35 1.5000000000000002 6.5000000000000009 2.5000000000000004
decision_type= 2 2 2 2 2 2 2 2 2 2 2 2 2 2 2 2
left_child=1 5 4 7 -2 -1 8 -4 -5 15 12 -12 -3 -9 -15 -10
right_child=2 10 3 6 -6 -7 -8 13 9 -11 11 -13 -14 14 -16 -17
leaf_value= 0.12936717161346731 0.12936717161346731 -0.0020091349345018731 0.12936717161346731 0.12995337131205617 -0.12690484179902931 -0.12690484179902931 -0.12690484179902931 -0.12690484179902931 -0.12908167615800739 0.12926170076718183 -0.12690484179902931 0.12936717161346728 0.12936717161346731 0.12936717161346731 -0.12690484179902931 -0.040465639473856702
leaf_weight=10.177520692348478 89.667466789484024 4.2398781031370154 5.4397093355655661 41.292317882180214 11.527180284261702 69.83132404088974 11.527180284261702 404.11955228447914 12.320632472634317 19.614526033401489 2.6729693412780753 3.1585409045219421 371.47950527071953 6.8435052931308737 45.774599969387054 6.1273833513259879
leaf_count=58 511 17 31 233 69 418 69 2419 71 112 16 18 2117 39 274 27
model_size=1824
internal_value=0 0.0879038 -0.062311 -0.0920415 0.100175 -0.0943058 0.0506185 -0.120094 0.0764057 0.0183143 0.126112 0.0119006 0.127885 -0.123065 -0.0935741 -0.0996485
internal_weight=0 461.56 654.254 553.059 101.195 80.0088 90.882 462.177 79.3549 38.0625 381.551 5.83151 375.719 456.738 52.6181 18.448
internal_count=6499 2644 3855 3275 580 476 512 2763 443 210 2168 34 2134 2732 313 98
is_linear=0
shrinkage=0.1


Tree=9
num_leaves= 18
num_cat= 0
full_tree_array_lgbids= 0 1 2 5 12 4 3 -1 -7 14 13 -2 -6 7 6 -2147483648 -2147483648 -2147483648 -2147483648 -3 -16 -14 -15 -2147483648 -2147483648 -2147483648 -2147483648 -4 15 8 -8 -2147483648 -2147483648 -2147483648 -2147483648 -2147483648 -2147483648 -2147483648 -2147483648 -2147483648 -2147483648 -2147483648 -2147483648 -2147483648 -2147483648 -2147483648 -2147483648 -2147483648 -2147483648 -2147483648 -2147483648 -2147483648 -2147483648 -2147483648 -2147483648 -2147483648 -2147483648 -9 16 10 9 -2147483648 -2147483648 -2147483648 -2147483648 -2147483648 -2147483648 -2147483648 -2147483648 -2147483648 -2147483648 -2147483648 -2147483648 -2147483648 -2147483648 -2147483648 -2147483648 -2147483648 -2147483648 -2147483648 -2147483648 -2147483648 -2147483648 -2147483648 -2147483648 -2147483648 -2147483648 -2147483648 -2147483648 -2147483648 -2147483648 -2147483648 -2147483648 -2147483648 -2147483648 -2147483648 -2147483648 -2147483648 -2147483648 -2147483648 -2147483648 -2147483648 -2147483648 -2147483648 -2147483648 -2147483648 -2147483648 -2147483648 -2147483648 -2147483648 -2147483648 -2147483648 -2147483648 -2147483648 -2147483648 -2147483648 -2147483648 -17 -18 -5 -12 11 -11 -2147483648 -2147483648 -2147483648 -2147483648 -2147483648 -2147483648 -2147483648 -2147483648 -2147483648 -2147483648 -2147483648 -2147483648 -2147483648 -2147483648 -2147483648 -2147483648 -2147483648 -2147483648 -2147483648 -2147483648 -2147483648 -2147483648 -2147483648 -2147483648 -2147483648 -2147483648 -2147483648 -2147483648 -2147483648 -2147483648 -2147483648 -2147483648 -2147483648 -2147483648 -2147483648 -2147483648 -2147483648 -2147483648 -2147483648 -2147483648 -2147483648 -2147483648 -2147483648 -2147483648 -2147483648 -2147483648 -2147483648 -2147483648 -2147483648 -2147483648 -2147483648 -2147483648 -2147483648 -2147483648 -2147483648 -2147483648 -2147483648 -2147483648 -2147483648 -2147483648 -2147483648 -2147483648 -2147483648 -2147483648 -2147483648 -2147483648 -2147483648 -2147483648 -2147483648 -2147483648 -2147483648 -2147483648 -2147483648 -2147483648 -2147483648 -2147483648 -2147483648 -2147483648 -2147483648 -2147483648 -2147483648 -2147483648 -2147483648 -2147483648 -2147483648 -2147483648 -2147483648 -2147483648 -2147483648 -2147483648 -2147483648 -2147483648 -2147483648 -2147483648 -2147483648 -2147483648 -2147483648 -2147483648 -2147483648 -2147483648 -2147483648 -2147483648 -2147483648 -2147483648 -2147483648 -2147483648 -2147483648 -2147483648 -2147483648 -2147483648 -2147483648 -2147483648 -2147483648 -2147483648 -2147483648 -2147483648 -2147483648 -2147483648 -2147483648 -2147483648 -10 -13 -2147483648 -2147483648 -2147483648 -2147483648 -2147483648 -2147483648 -2147483648 -2147483648 -2147483648 -2147483648
split_feature= 8 20 19 7 4 10 9 13 14 20 6 1 21 1 12 17 19
split_gain= 535.924 281.352 277.186 194.429 58.1515 50.5534 35.6691 29.3547 22.2116 21.2352 10.5364 6.60944 5.95676 7.5513 6.0076 3.75314 33.6121
threshold= 3.5000000000000004 3.5000000000000004 1.5000000000000002 1.0000000180025095e-35 4.5000000000000009 1.0000000180025095e-35 1.0000000180025095e-35 1.5000000000000002 6.5000000000000009 4.5000000000000009 1.0000000180025095e-35 1.0000000180025095e-35 4.5000000000000009 1.5000000000000002 1.0000000180025095e-35 1.5000000000000002 6.5000000000000009
decision_type= 2 2 2 2 2 2 2 2 2 2 2 2 2 2 2 2 2
left_child=1 5 4 7 -2 -1 8 -4 10 11 -5 -10 14 -14 -3 -9 -17
right_child=2 12 3 6 -6 -7 -8 15 9 -11 -12 -13 13 -15 -16 16 -18
leaf_value= 0.12580350276737742 0.12580350276737742 -0.001808403393882229 0.12580350276737742 0.12577056612071005 -0.12369825373571018 -0.12369825373571018 -0.12369825373571018 -0.12369825373571018 0.05016245286561985 -0.12358650363105472 -0.13915572337706392 0.13045048253129171 -0.12369825373571018 0.1258035027673774 0.12580350276737742 0.12580350276737742 -0.12369825373571018
leaf_weight=9.456299960613249 83.313263446092606 4.2394580990076056 5.0542292892932883 2.1179187148809415 10.686567977070807 64.738919049501419 10.686567977070807 374.64939038455486 15.418921262025831 4.323939085006713 6.8314222097396851 45.412517458200455 2.4780447483062735 2.9347137808799744 345.15494856238365 6.3585465252399436 42.436516314744949
leaf_count=58 511 17 31 13 69 418 69 2419 90 28 36 276 16 18 2117 39 274
model_size=1936
internal_value=0 0.08545 -0.0606644 -0.089618 0.0974384 -0.0918989 0.0490261 -0.117053 0.0739345 0.0945917 -0.0764592 0.1101 0.122536 0.0115777 0.124255 -0.119952 -0.0911854
internal_weight=0 429.002 607.29 513.29 93.9998 74.1952 84.7913 428.499 74.1047 65.1554 8.94934 60.8314 354.807 5.41276 349.394 423.444 48.7951
internal_count=6499 2644 3855 3275 580 476 512 2763 443 394 49 366 2168 34 2134 2732 313
is_linear=0
shrinkage=0.1


Tree=10
num_leaves= 17
num_cat= 0
full_tree_array_lgbids= 0 1 2 5 11 4 3 -1 -7 13 12 -2 -6 7 6 -2147483648 -2147483648 -2147483648 -2147483648 -3 -15 -13 -14 -2147483648 -2147483648 -2147483648 -2147483648 -4 14 8 -8 -2147483648 -2147483648 -2147483648 -2147483648 -2147483648 -2147483648 -2147483648 -2147483648 -2147483648 -2147483648 -2147483648 -2147483648 -2147483648 -2147483648 -2147483648 -2147483648 -2147483648 -2147483648 -2147483648 -2147483648 -2147483648 -2147483648 -2147483648 -2147483648 -2147483648 -2147483648 -9 15 -5 9 -2147483648 -2147483648 -2147483648 -2147483648 -2147483648 -2147483648 -2147483648 -2147483648 -2147483648 -2147483648 -2147483648 -2147483648 -2147483648 -2147483648 -2147483648 -2147483648 -2147483648 -2147483648 -2147483648 -2147483648 -2147483648 -2147483648 -2147483648 -2147483648 -2147483648 -2147483648 -2147483648 -2147483648 -2147483648 -2147483648 -2147483648 -2147483648 -2147483648 -2147483648 -2147483648 -2147483648 -2147483648 -2147483648 -2147483648 -2147483648 -2147483648 -2147483648 -2147483648 -2147483648 -2147483648 -2147483648 -2147483648 -2147483648 -2147483648 -2147483648 -2147483648 -2147483648 -2147483648 -2147483648 -2147483648 -2147483648 -16 -17 -2147483648 -2147483648 10 -11 -2147483648 -2147483648 -2147483648 -2147483648 -2147483648 -2147483648 -2147483648 -2147483648 -2147483648 -2147483648 -2147483648 -2147483648 -2147483648 -2147483648 -2147483648 -2147483648 -2147483648 -2147483648 -2147483648 -2147483648 -2147483648 -2147483648 -2147483648 -2147483648 -2147483648 -2147483648 -2147483648 -2147483648 -2147483648 -2147483648 -2147483648 -2147483648 -2147483648 -2147483648 -2147483648 -2147483648 -2147483648 -2147483648 -2147483648 -2147483648 -2147483648 -2147483648 -2147483648 -2147483648 -2147483648 -2147483648 -2147483648 -2147483648 -2147483648 -2147483648 -2147483648 -2147483648 -2147483648 -2147483648 -2147483648 -2147483648 -2147483648 -2147483648 -2147483648 -2147483648 -2147483648 -2147483648 -2147483648 -2147483648 -2147483648 -2147483648 -2147483648 -2147483648 -2147483648 -2147483648 -2147483648 -2147483648 -2147483648 -2147483648 -2147483648 -2147483648 -2147483648 -2147483648 -2147483648 -2147483648 -2147483648 -2147483648 -2147483648 -2147483648 -2147483648 -2147483648 -2147483648 -2147483648 -2147483648 -2147483648 -2147483648 -2147483648 -2147483648 -2147483648 -2147483648 -2147483648 -2147483648 -2147483648 -2147483648 -2147483648 -2147483648 -2147483648 -2147483648 -2147483648 -2147483648 -2147483648 -2147483648 -2147483648 -2147483648 -2147483648 -2147483648 -2147483648 -2147483648 -2147483648 -2147483648 -2147483648 -2147483648 -2147483648 -2147483648 -2147483648 -10 -12 -2147483648 -2147483648 -2147483648 -2147483648 -2147483648 -2147483648 -2147483648 -2147483648 -2147483648 -2147483648
split_feature= 8 20 19 7 4 10 9 13 21 3 2 21 1 12 17 19
split_gain= 472.292 247.79 244.222 172.252 51.1777 44.541 31.0492 25.8201 19.81 38.1529 19.712 5.11911 6.55012 5.64025 3.20867 29.576
threshold= 3.5000000000000004 3.5000000000000004 1.5000000000000002 1.0000000180025095e-35 4.5000000000000009 1.0000000180025095e-35 1.0000000180025095e-35 1.5000000000000002 1.5000000000000002 1.0000000180025095e-35 8.5000000000000018 4.5000000000000009 1.5000000000000002 1.0000000180025095e-35 1.5000000000000002 6.5000000000000009
decision_type= 2 2 2 2 2 2 2 2 2 2 2 2 2 2 2 2
left_child=1 5 4 7 -2 -1 8 -4 -5 10 -10 13 -13 -3 -9 -16
right_child=2 11 3 6 -6 -7 -8 14 9 -11 -12 12 -14 -15 15 -17
leaf_value= 0.12275322415096231 0.12275322415096231 -0.0016277265246940941 0.12275322415096231 0.12370827664218938 -0.12094088198253522 -0.12094088198253522 -0.12094088198253522 -0.12094088198253522 -0.12941535731888873 0.12256876657107972 0.23628703460487233 -0.12094088198253522 0.12275322415096229 0.12275322415096231 0.12275322415096231 -0.12094088198253522
leaf_weight=8.7580039203166944 77.161034539341927 4.2390727996826163 4.6810020953416815 35.966944381594658 9.8786517977714521 59.844586253166199 9.8786517977714521 346.32548838853836 15.194400012493134 16.825435161590576 1.7087274640798575 2.2907018661499015 2.7180012166500092 319.66714309155941 5.8890026360750189 39.228269457817078
leaf_count=58 511 17 31 233 69 418 69 2419 91 112 7 16 18 2117 39 274
model_size=1824
internal_value=0 0.0833354 -0.0591757 -0.0874029 0.0950949 -0.0898302 0.04718 -0.114438 0.0710095 0.0148134 -0.0924467 0.119453 0.0113011 0.121125 -0.117275 -0.0891323
internal_weight=0 397.518 562.738 475.698 87.0397 68.6026 79.5742 396.124 69.6955 33.7286 16.9031 328.915 5.0087 323.906 391.443 45.1173
internal_count=6499 2644 3855 3275 580 476 512 2763 443 210 98 2168 34 2134 2732 313
is_linear=0
shrinkage=0.1


Tree=11
num_leaves= 17
num_cat= 0
full_tree_array_lgbids= 0 1 2 5 11 4 3 -1 -7 13 12 -2 -6 7 6 -2147483648 -2147483648 -2147483648 -2147483648 -3 -15 -13 -14 -2147483648 -2147483648 -2147483648 -2147483648 -4 14 8 -8 -2147483648 -2147483648 -2147483648 -2147483648 -2147483648 -2147483648 -2147483648 -2147483648 -2147483648 -2147483648 -2147483648 -2147483648 -2147483648 -2147483648 -2147483648 -2147483648 -2147483648 -2147483648 -2147483648 -2147483648 -2147483648 -2147483648 -2147483648 -2147483648 -2147483648 -2147483648 -9 15 -5 9 -2147483648 -2147483648 -2147483648 -2147483648 -2147483648 -2147483648 -2147483648 -2147483648 -2147483648 -2147483648 -2147483648 -2147483648 -2147483648 -2147483648 -2147483648 -2147483648 -2147483648 -2147483648 -2147483648 -2147483648 -2147483648 -2147483648 -2147483648 -2147483648 -2147483648 -2147483648 -2147483648 -2147483648 -2147483648 -2147483648 -2147483648 -2147483648 -2147483648 -2147483648 -2147483648 -2147483648 -2147483648 -2147483648 -2147483648 -2147483648 -2147483648 -2147483648 -2147483648 -2147483648 -2147483648 -2147483648 -2147483648 -2147483648 -2147483648 -2147483648 -2147483648 -2147483648 -2147483648 -2147483648 -2147483648 -2147483648 -16 -17 -2147483648 -2147483648 10 -11 -2147483648 -2147483648 -2147483648 -2147483648 -2147483648 -2147483648 -2147483648 -2147483648 -2147483648 -2147483648 -2147483648 -2147483648 -2147483648 -2147483648 -2147483648 -2147483648 -2147483648 -2147483648 -2147483648 -2147483648 -2147483648 -2147483648 -2147483648 -2147483648 -2147483648 -2147483648 -2147483648 -2147483648 -2147483648 -2147483648 -2147483648 -2147483648 -2147483648 -2147483648 -2147483648 -2147483648 -2147483648 -2147483648 -2147483648 -2147483648 -2147483648 -2147483648 -2147483648 -2147483648 -2147483648 -2147483648 -2147483648 -2147483648 -2147483648 -2147483648 -2147483648 -2147483648 -2147483648 -2147483648 -2147483648 -2147483648 -2147483648 -2147483648 -2147483648 -2147483648 -2147483648 -2147483648 -2147483648 -2147483648 -2147483648 -2147483648 -2147483648 -2147483648 -2147483648 -2147483648 -2147483648 -2147483648 -2147483648 -2147483648 -2147483648 -2147483648 -2147483648 -2147483648 -2147483648 -2147483648 -2147483648 -2147483648 -2147483648 -2147483648 -2147483648 -2147483648 -2147483648 -2147483648 -2147483648 -2147483648 -2147483648 -2147483648 -2147483648 -2147483648 -2147483648 -2147483648 -2147483648 -2147483648 -2147483648 -2147483648 -2147483648 -2147483648 -2147483648 -2147483648 -2147483648 -2147483648 -2147483648 -2147483648 -2147483648 -2147483648 -2147483648 -2147483648 -2147483648 -2147483648 -2147483648 -2147483648 -2147483648 -2147483648 -2147483648 -2147483648 -10 -12 -2147483648 -2147483648 -2147483648 -2147483648 -2147483648 -2147483648 -2147483648 -2147483648 -2147483648 -2147483648
split_feature= 8 20 19 7 4 10 9 13 21 3 2 21 1 12 17 19
split_gain= 417.639 218.858 216.062 152.648 45.1644 39.3426 27.2896 22.7627 17.5075 33.4776 16.4524 4.39766 5.68711 5.33022 2.73566 26.088
threshold= 3.5000000000000004 3.5000000000000004 1.5000000000000002 1.0000000180025095e-35 4.5000000000000009 1.0000000180025095e-35 1.0000000180025095e-35 1.5000000000000002 1.5000000000000002 1.0000000180025095e-35 8.5000000000000018 4.5000000000000009 1.5000000000000002 1.0000000180025095e-35 1.5000000000000002 6.5000000000000009
decision_type= 2 2 2 2 2 2 2 2 2 2 2 2 2 2 2 2
left_child=1 5 4 7 -2 -1 8 -4 -5 10 -10 13 -13 -3 -9 -16
right_child=2 11 3 6 -6 -7 -8 14 9 -11 -12 12 -14 -15 15 -17
leaf_value= 0.120124818310304 0.120124818310304 -0.0014650731409505684 0.120124818310304 0.12095399486034689 -0.11855542649094364 -0.11855542649094364 -0.11855542649094364 -0.11855542649094364 -0.12593996998306398 0.11996535087794674 0.20760597461117897 -0.11855542649094364 0.12012481831030396 0.120124818310304 0.120124818310304 -0.11855542649094364
leaf_weight=8.0889927148818952 71.26681512594223 4.2387201786041251 4.3234271407127371 33.246943026781082 9.1091340333223325 55.18286994099617 9.1091340333223325 319.34775690734386 14.108153805136679 15.537578582763672 1.7476510852575309 2.1122629642486563 2.510377049446106 295.24823409318924 5.4391502737998954 36.172503262758255
leaf_count=58 511 17 31 233 69 418 69 2419 91 112 7 16 18 2117 39 274
model_size=1824
internal_value=0 0.0814985 -0.0579577 -0.0856081 0.0930748 -0.0880413 0.0459858 -0.112176 0.069173 0.0143347 -0.089176 0.116772 0.0110626 0.118404 -0.114959 -0.087357
internal_weight=0 367.381 519.408 439.032 80.3759 63.2719 73.7495 365.283 64.6403 31.3934 15.8558 304.11 4.62264 299.487 360.959 41.6117
internal_count=6499 2644 3855 3275 580 476 512 2763 443 210 98 2168 34 2134 2732 313
is_linear=0
shrinkage=0.1


Tree=12
num_leaves= 17
num_cat= 0
full_tree_array_lgbids= 0 1 2 5 11 4 3 -1 -7 12 13 -2 -6 7 6 -2147483648 -2147483648 -2147483648 -2147483648 -3 -14 -13 -15 -2147483648 -2147483648 -2147483648 -2147483648 -4 14 8 -8 -2147483648 -2147483648 -2147483648 -2147483648 -2147483648 -2147483648 -2147483648 -2147483648 -2147483648 -2147483648 -2147483648 -2147483648 -2147483648 -2147483648 -2147483648 -2147483648 -2147483648 -2147483648 -2147483648 -2147483648 -2147483648 -2147483648 -2147483648 -2147483648 -2147483648 -2147483648 -9 15 -5 9 -2147483648 -2147483648 -2147483648 -2147483648 -2147483648 -2147483648 -2147483648 -2147483648 -2147483648 -2147483648 -2147483648 -2147483648 -2147483648 -2147483648 -2147483648 -2147483648 -2147483648 -2147483648 -2147483648 -2147483648 -2147483648 -2147483648 -2147483648 -2147483648 -2147483648 -2147483648 -2147483648 -2147483648 -2147483648 -2147483648 -2147483648 -2147483648 -2147483648 -2147483648 -2147483648 -2147483648 -2147483648 -2147483648 -2147483648 -2147483648 -2147483648 -2147483648 -2147483648 -2147483648 -2147483648 -2147483648 -2147483648 -2147483648 -2147483648 -2147483648 -2147483648 -2147483648 -2147483648 -2147483648 -2147483648 -2147483648 -16 -17 -2147483648 -2147483648 10 -11 -2147483648 -2147483648 -2147483648 -2147483648 -2147483648 -2147483648 -2147483648 -2147483648 -2147483648 -2147483648 -2147483648 -2147483648 -2147483648 -2147483648 -2147483648 -2147483648 -2147483648 -2147483648 -2147483648 -2147483648 -2147483648 -2147483648 -2147483648 -2147483648 -2147483648 -2147483648 -2147483648 -2147483648 -2147483648 -2147483648 -2147483648 -2147483648 -2147483648 -2147483648 -2147483648 -2147483648 -2147483648 -2147483648 -2147483648 -2147483648 -2147483648 -2147483648 -2147483648 -2147483648 -2147483648 -2147483648 -2147483648 -2147483648 -2147483648 -2147483648 -2147483648 -2147483648 -2147483648 -2147483648 -2147483648 -2147483648 -2147483648 -2147483648 -2147483648 -2147483648 -2147483648 -2147483648 -2147483648 -2147483648 -2147483648 -2147483648 -2147483648 -2147483648 -2147483648 -2147483648 -2147483648 -2147483648 -2147483648 -2147483648 -2147483648 -2147483648 -2147483648 -2147483648 -2147483648 -2147483648 -2147483648 -2147483648 -2147483648 -2147483648 -2147483648 -2147483648 -2147483648 -2147483648 -2147483648 -2147483648 -2147483648 -2147483648 -2147483648 -2147483648 -2147483648 -2147483648 -2147483648 -2147483648 -2147483648 -2147483648 -2147483648 -2147483648 -2147483648 -2147483648 -2147483648 -2147483648 -2147483648 -2147483648 -2147483648 -2147483648 -2147483648 -2147483648 -2147483648 -2147483648 -2147483648 -2147483648 -2147483648 -2147483648 -2147483648 -2147483648 -10 -12 -2147483648 -2147483648 -2147483648 -2147483648 -2147483648 -2147483648 -2147483648 -2147483648 -2147483648 -2147483648
split_feature= 8 20 19 7 4 10 9 13 21 3 2 21 12 1 17 19
split_gain= 370.219 193.775 191.622 135.578 39.9499 34.8243 24.0456 20.1044 15.4865 29.4589 13.9444 3.77285 5.0631 4.93595 2.32301 23.0546
threshold= 3.5000000000000004 3.5000000000000004 1.5000000000000002 1.0000000180025095e-35 4.5000000000000009 1.0000000180025095e-35 1.0000000180025095e-35 1.5000000000000002 1.5000000000000002 1.0000000180025095e-35 8.5000000000000018 4.5000000000000009 1.0000000180025095e-35 1.5000000000000002 1.5000000000000002 6.5000000000000009
decision_type= 2 2 2 2 2 2 2 2 2 2 2 2 2 2 2 2
left_child=1 5 4 7 -2 -1 8 -4 -5 10 -10 12 -3 -13 -9 -16
right_child=2 11 3 6 -6 -7 -8 14 9 -11 -12 13 -14 -15 15 -17
leaf_value= 0.11784687452276783 0.11784687452276783 -0.0013186816803016483 0.11784687452276783 0.11857038910500804 -0.11648097729749039 -0.11648097729749039 -0.11648097729749039 -0.11648097729749039 -0.12294671671901324 0.117708294105995 0.18743277368081201 -0.11648097729749039 0.11784687452276783 0.11784687452276779 0.11784687452276783 -0.11648097729749039
leaf_weight=7.4533958137035361 65.666987255215645 4.2383979558944693 3.9837115556001654 30.6565892547369 8.3815043270587903 50.774910271167755 8.3815043270587903 293.83853575587273 13.060275807976721 14.314645051956177 1.7421326637268073 1.9435372352600087 272.0489472001791 2.3131228387355804 5.0117661505937567 33.283075153827667
leaf_count=58 511 17 31 233 69 418 69 2419 91 112 7 16 2117 18 39 274
model_size=1824
internal_value=0 0.0798908 -0.0569002 -0.0840496 0.0913234 -0.0864863 0.0449628 -0.11021 0.0676005 0.0139357 -0.0864174 0.114423 0.116019 0.0108557 -0.112945 -0.0858138
internal_weight=0 338.772 478.321 404.272 74.0485 58.2283 68.1551 336.117 59.7736 29.1171 14.8024 280.544 276.287 4.25666 332.133 38.2948
internal_count=6499 2644 3855 3275 580 476 512 2763 443 210 98 2168 2134 34 2732 313
is_linear=0
shrinkage=0.1


Tree=13
num_leaves= 17
num_cat= 0
full_tree_array_lgbids= 0 1 2 5 11 4 3 -1 -7 12 13 -2 -6 7 6 -2147483648 -2147483648 -2147483648 -2147483648 -3 -14 -13 -15 -2147483648 -2147483648 -2147483648 -2147483648 -4 14 8 -8 -2147483648 -2147483648 -2147483648 -2147483648 -2147483648 -2147483648 -2147483648 -2147483648 -2147483648 -2147483648 -2147483648 -2147483648 -2147483648 -2147483648 -2147483648 -2147483648 -2147483648 -2147483648 -2147483648 -2147483648 -2147483648 -2147483648 -2147483648 -2147483648 -2147483648 -2147483648 -9 15 -5 9 -2147483648 -2147483648 -2147483648 -2147483648 -2147483648 -2147483648 -2147483648 -2147483648 -2147483648 -2147483648 -2147483648 -2147483648 -2147483648 -2147483648 -2147483648 -2147483648 -2147483648 -2147483648 -2147483648 -2147483648 -2147483648 -2147483648 -2147483648 -2147483648 -2147483648 -2147483648 -2147483648 -2147483648 -2147483648 -2147483648 -2147483648 -2147483648 -2147483648 -2147483648 -2147483648 -2147483648 -2147483648 -2147483648 -2147483648 -2147483648 -2147483648 -2147483648 -2147483648 -2147483648 -2147483648 -2147483648 -2147483648 -2147483648 -2147483648 -2147483648 -2147483648 -2147483648 -2147483648 -2147483648 -2147483648 -2147483648 -16 -17 -2147483648 -2147483648 10 -11 -2147483648 -2147483648 -2147483648 -2147483648 -2147483648 -2147483648 -2147483648 -2147483648 -2147483648 -2147483648 -2147483648 -2147483648 -2147483648 -2147483648 -2147483648 -2147483648 -2147483648 -2147483648 -2147483648 -2147483648 -2147483648 -2147483648 -2147483648 -2147483648 -2147483648 -2147483648 -2147483648 -2147483648 -2147483648 -2147483648 -2147483648 -2147483648 -2147483648 -2147483648 -2147483648 -2147483648 -2147483648 -2147483648 -2147483648 -2147483648 -2147483648 -2147483648 -2147483648 -2147483648 -2147483648 -2147483648 -2147483648 -2147483648 -2147483648 -2147483648 -2147483648 -2147483648 -2147483648 -2147483648 -2147483648 -2147483648 -2147483648 -2147483648 -2147483648 -2147483648 -2147483648 -2147483648 -2147483648 -2147483648 -2147483648 -2147483648 -2147483648 -2147483648 -2147483648 -2147483648 -2147483648 -2147483648 -2147483648 -2147483648 -2147483648 -2147483648 -2147483648 -2147483648 -2147483648 -2147483648 -2147483648 -2147483648 -2147483648 -2147483648 -2147483648 -2147483648 -2147483648 -2147483648 -2147483648 -2147483648 -2147483648 -2147483648 -2147483648 -2147483648 -2147483648 -2147483648 -2147483648 -2147483648 -2147483648 -2147483648 -2147483648 -2147483648 -2147483648 -2147483648 -2147483648 -2147483648 -2147483648 -2147483648 -2147483648 -2147483648 -2147483648 -2147483648 -2147483648 -2147483648 -2147483648 -2147483648 -2147483648 -2147483648 -2147483648 -2147483648 -10 -12 -2147483648 -2147483648 -2147483648 -2147483648 -2147483648 -2147483648 -2147483648 -2147483648 -2147483648 -2147483648
split_feature= 8 20 19 7 4 10 9 13 21 3 2 12 1 21 17 19
split_gain= 328.877 171.921 170.306 120.645 35.4044 30.8774 21.2283 17.781 13.7071 25.9821 11.9346 3.51085 16.6445 4.99851 1.95982 20.4041
threshold= 3.5000000000000004 3.5000000000000004 1.5000000000000002 1.0000000180025095e-35 4.5000000000000009 1.0000000180025095e-35 1.0000000180025095e-35 1.5000000000000002 1.5000000000000002 1.0000000180025095e-35 8.5000000000000018 1.0000000180025095e-35 2.5000000000000004 4.5000000000000009 1.5000000000000002 6.5000000000000009
decision_type= 2 2 2 2 2 2 2 2 2 2 2 2 2 2 2 2
left_child=1 5 4 7 -2 -1 8 -4 -5 10 -10 12 -3 -13 -9 -16
right_child=2 11 3 6 -6 -7 -8 14 9 -11 -12 13 -14 -15 15 -17
leaf_value= 0.11586288176687953 0.11586288176687953 0.17802489741405325 0.11586288176687953 0.11649689931399348 -0.11466884050498732 -0.11466884050498732 -0.11466884050498732 -0.11466884050498732 -0.1203531979913639 0.11574188153755477 0.17248918790366261 0.11586288176687953 -0.18995054229893427 -0.028597349999901392 0.11586288176687953 -0.11466884050498732
leaf_weight=6.8536426723003379 60.382955268025398 3.0578982084989539 3.6631538420915595 28.207487918436527 7.6975774168968192 46.631700873374939 7.6975774168968192 269.86144596338272 12.058919340372084 13.161142349243164 1.7054834812879569 250.15795753896236 2.2437021732330322 2.8484417647123328 4.6084838658571234 30.567191481590271
leaf_count=58 511 17 31 233 69 418 69 2419 91 112 7 2117 9 25 39 274
model_size=1824
internal_value=0 0.0784739 -0.0559776 -0.08269 0.0897976 -0.0851284 0.0440797 -0.108492 0.0662439 0.0135984 -0.0840685 0.112349 0.0222932 0.114236 -0.111186 -0.0844661
internal_weight=0 311.793 439.611 371.531 68.0805 53.4853 62.8306 308.7 55.133 26.9255 13.7644 258.308 5.3016 253.006 305.037 35.1757
internal_count=6499 2644 3855 3275 580 476 512 2763 443 210 98 2168 26 2142 2732 313
is_linear=0
shrinkage=0.1


Tree=14
num_leaves= 18
num_cat= 0
full_tree_array_lgbids= 0 1 2 5 11 4 3 -1 -7 12 13 -2 -6 7 6 -2147483648 -2147483648 -2147483648 -2147483648 -3 -14 -13 14 -2147483648 -2147483648 -2147483648 -2147483648 -4 15 8 -8 -2147483648 -2147483648 -2147483648 -2147483648 -2147483648 -2147483648 -2147483648 -2147483648 -2147483648 -2147483648 -2147483648 -2147483648 -2147483648 -2147483648 -15 -16 -2147483648 -2147483648 -2147483648 -2147483648 -2147483648 -2147483648 -2147483648 -2147483648 -2147483648 -2147483648 -9 16 -5 9 -2147483648 -2147483648 -2147483648 -2147483648 -2147483648 -2147483648 -2147483648 -2147483648 -2147483648 -2147483648 -2147483648 -2147483648 -2147483648 -2147483648 -2147483648 -2147483648 -2147483648 -2147483648 -2147483648 -2147483648 -2147483648 -2147483648 -2147483648 -2147483648 -2147483648 -2147483648 -2147483648 -2147483648 -2147483648 -2147483648 -2147483648 -2147483648 -2147483648 -2147483648 -2147483648 -2147483648 -2147483648 -2147483648 -2147483648 -2147483648 -2147483648 -2147483648 -2147483648 -2147483648 -2147483648 -2147483648 -2147483648 -2147483648 -2147483648 -2147483648 -2147483648 -2147483648 -2147483648 -2147483648 -2147483648 -2147483648 -17 -18 -2147483648 -2147483648 10 -11 -2147483648 -2147483648 -2147483648 -2147483648 -2147483648 -2147483648 -2147483648 -2147483648 -2147483648 -2147483648 -2147483648 -2147483648 -2147483648 -2147483648 -2147483648 -2147483648 -2147483648 -2147483648 -2147483648 -2147483648 -2147483648 -2147483648 -2147483648 -2147483648 -2147483648 -2147483648 -2147483648 -2147483648 -2147483648 -2147483648 -2147483648 -2147483648 -2147483648 -2147483648 -2147483648 -2147483648 -2147483648 -2147483648 -2147483648 -2147483648 -2147483648 -2147483648 -2147483648 -2147483648 -2147483648 -2147483648 -2147483648 -2147483648 -2147483648 -2147483648 -2147483648 -2147483648 -2147483648 -2147483648 -2147483648 -2147483648 -2147483648 -2147483648 -2147483648 -2147483648 -2147483648 -2147483648 -2147483648 -2147483648 -2147483648 -2147483648 -2147483648 -2147483648 -2147483648 -2147483648 -2147483648 -2147483648 -2147483648 -2147483648 -2147483648 -2147483648 -2147483648 -2147483648 -2147483648 -2147483648 -2147483648 -2147483648 -2147483648 -2147483648 -2147483648 -2147483648 -2147483648 -2147483648 -2147483648 -2147483648 -2147483648 -2147483648 -2147483648 -2147483648 -2147483648 -2147483648 -2147483648 -2147483648 -2147483648 -2147483648 -2147483648 -2147483648 -2147483648 -2147483648 -2147483648 -2147483648 -2147483648 -2147483648 -2147483648 -2147483648 -2147483648 -2147483648 -2147483648 -2147483648 -2147483648 -2147483648 -2147483648 -2147483648 -2147483648 -2147483648 -10 -12 -2147483648 -2147483648 -2147483648 -2147483648 -2147483648 -2147483648 -2147483648 -2147483648 -2147483648 -2147483648
split_feature= 8 20 19 7 4 10 9 13 21 3 2 12 1 21 1 17 19
split_gain= 292.61 152.715 151.636 107.529 31.423 27.4136 18.7673 15.74 12.1343 22.9561 10.2786 3.30892 13.8089 4.58945 2.6636 1.63686 18.0768
threshold= 3.5000000000000004 3.5000000000000004 1.5000000000000002 1.0000000180025095e-35 4.5000000000000009 1.0000000180025095e-35 1.0000000180025095e-35 1.5000000000000002 1.5000000000000002 1.0000000180025095e-35 8.5000000000000018 1.0000000180025095e-35 2.5000000000000004 4.5000000000000009 1.5000000000000002 1.5000000000000002 6.5000000000000009
decision_type= 2 2 2 2 2 2 2 2 2 2 2 2 2 2 2 2 2
left_child=1 5 4 7 -2 -1 8 -4 -5 10 -10 12 -3 -13 -15 -9 -17
right_child=2 11 3 6 -6 -7 -8 15 9 -11 -12 13 -14 14 -16 16 -18
leaf_value= 0.11412744279391081 0.11412744279391081 0.16767966274750057 0.11412744279391081 0.11468510718307981 -0.11307963800542431 -0.11307963800542431 -0.11307963800542431 -0.11307963800542431 -0.11809445395840464 0.11402136962574623 0.16100453604821652 0.11412744279391081 -0.17438910279418715 -0.11425529309140828 0.11632307232894823 0.11412744279391081 -0.11307963800542431
leaf_weight=6.2908793091773978 55.424815982580185 2.9285820424556723 3.3623665273189536 25.905645206570625 7.0579090341925612 42.756608352065086 7.0579090341925612 247.43597034364939 11.109291478991507 12.079141616821289 1.6473426520824439 229.61709478497505 2.2014718651771545 1.7472034692764273 1.0857069119811058 4.2300740182399741 28.027059063315392
leaf_count=58 511 17 31 233 69 418 69 2419 91 112 7 2117 9 16 9 39 274
model_size=1936
internal_value=0 0.077182 -0.0551695 -0.0814989 0.0884626 -0.0839378 0.0433128 -0.106985 0.0650663 0.01331 -0.0820527 0.110445 0.0208869 0.112421 -0.0258866 -0.109643 -0.0832846
internal_weight=0 286.628 403.338 340.855 62.4827 49.0475 57.7993 283.055 50.7414 24.8358 12.7566 237.58 5.13005 232.45 2.83291 279.693 32.2571
internal_count=6499 2644 3855 3275 580 476 512 2763 443 210 98 2168 26 2142 25 2732 313
is_linear=0
shrinkage=0.1


Tree=15
num_leaves= 18
num_cat= 0
full_tree_array_lgbids= 0 1 2 5 11 4 3 -1 -7 12 13 -2 -6 7 6 -2147483648 -2147483648 -2147483648 -2147483648 -3 -14 -13 14 -2147483648 -2147483648 -2147483648 -2147483648 -4 15 8 -8 -2147483648 -2147483648 -2147483648 -2147483648 -2147483648 -2147483648 -2147483648 -2147483648 -2147483648 -2147483648 -2147483648 -2147483648 -2147483648 -2147483648 -15 -16 -2147483648 -2147483648 -2147483648 -2147483648 -2147483648 -2147483648 -2147483648 -2147483648 -2147483648 -2147483648 -9 16 -5 9 -2147483648 -2147483648 -2147483648 -2147483648 -2147483648 -2147483648 -2147483648 -2147483648 -2147483648 -2147483648 -2147483648 -2147483648 -2147483648 -2147483648 -2147483648 -2147483648 -2147483648 -2147483648 -2147483648 -2147483648 -2147483648 -2147483648 -2147483648 -2147483648 -2147483648 -2147483648 -2147483648 -2147483648 -2147483648 -2147483648 -2147483648 -2147483648 -2147483648 -2147483648 -2147483648 -2147483648 -2147483648 -2147483648 -2147483648 -2147483648 -2147483648 -2147483648 -2147483648 -2147483648 -2147483648 -2147483648 -2147483648 -2147483648 -2147483648 -2147483648 -2147483648 -2147483648 -2147483648 -2147483648 -2147483648 -2147483648 -17 -18 -2147483648 -2147483648 10 -11 -2147483648 -2147483648 -2147483648 -2147483648 -2147483648 -2147483648 -2147483648 -2147483648 -2147483648 -2147483648 -2147483648 -2147483648 -2147483648 -2147483648 -2147483648 -2147483648 -2147483648 -2147483648 -2147483648 -2147483648 -2147483648 -2147483648 -2147483648 -2147483648 -2147483648 -2147483648 -2147483648 -2147483648 -2147483648 -2147483648 -2147483648 -2147483648 -2147483648 -2147483648 -2147483648 -2147483648 -2147483648 -2147483648 -2147483648 -2147483648 -2147483648 -2147483648 -2147483648 -2147483648 -2147483648 -2147483648 -2147483648 -2147483648 -2147483648 -2147483648 -2147483648 -2147483648 -2147483648 -2147483648 -2147483648 -2147483648 -2147483648 -2147483648 -2147483648 -2147483648 -2147483648 -2147483648 -2147483648 -2147483648 -2147483648 -2147483648 -2147483648 -2147483648 -2147483648 -2147483648 -2147483648 -2147483648 -2147483648 -2147483648 -2147483648 -2147483648 -2147483648 -2147483648 -2147483648 -2147483648 -2147483648 -2147483648 -2147483648 -2147483648 -2147483648 -2147483648 -2147483648 -2147483648 -2147483648 -2147483648 -2147483648 -2147483648 -2147483648 -2147483648 -2147483648 -2147483648 -2147483648 -2147483648 -2147483648 -2147483648 -2147483648 -2147483648 -2147483648 -2147483648 -2147483648 -2147483648 -2147483648 -2147483648 -2147483648 -2147483648 -2147483648 -2147483648 -2147483648 -2147483648 -2147483648 -2147483648 -2147483648 -2147483648 -2147483648 -2147483648 -10 -12 -2147483648 -2147483648 -2147483648 -2147483648 -2147483648 -2147483648 -2147483648 -2147483648 -2147483648 -2147483648
split_feature= 8 20 19 7 4 10 9 13 21 3 2 12 1 21 1 17 19
split_gain= 260.889 136.006 135.224 95.9709 27.922 24.3627 16.6079 13.9403 10.7404 20.3096 8.88785 3.08199 11.5582 3.98105 2.25704 1.34817 16.0256
threshold= 3.5000000000000004 3.5000000000000004 1.5000000000000002 1.0000000180025095e-35 4.5000000000000009 1.0000000180025095e-35 1.0000000180025095e-35 1.5000000000000002 1.5000000000000002 1.0000000180025095e-35 8.5000000000000018 1.0000000180025095e-35 2.5000000000000004 4.5000000000000009 1.5000000000000002 1.5000000000000002 6.5000000000000009
decision_type= 2 2 2 2 2 2 2 2 2 2 2 2 2 2 2 2 2
left_child=1 5 4 7 -2 -1 8 -4 -5 10 -10 12 -3 -13 -15 -9 -17
right_child=2 11 3 6 -6 -7 -8 15 9 -11 -12 13 -14 14 -16 16 -18
leaf_value= 0.11260371998545887 0.11260371998545887 0.15892116779204271 0.11260371998545887 0.11309581137879035 -0.11168115789146256 -0.11168115789146256 -0.11168115789146256 -0.11168115789146256 -0.11611854332319459 0.11251041394876204 0.15193243951143773 0.11260371998545887 -0.16248460918731719 -0.11271615625474785 0.11453059436226405 0.11260371998545876 -0.11168115789146256
leaf_weight=5.7652898132801047 50.794191285967827 2.7882375642657271 3.0814480036497107 23.752861097455025 6.4621228650212279 39.147353008389473 6.4621228650212279 226.54891609400511 10.214342236518858 11.068895697593689 1.5748375505208976 210.43307818472385 2.1300564408302307 1.6014131307601922 0.99697165936231602 3.8766603916883495 25.661183550953865
leaf_count=58 511 17 31 233 69 418 69 2419 91 112 7 2117 9 16 9 39 274
model_size=1936
internal_value=0 0.0760984 -0.054459 -0.0804519 0.0872902 -0.0828904 0.0426433 -0.10566 0.0640388 0.0130615 -0.0803114 0.108861 0.019724 0.110919 -0.0255241 -0.108286 -0.0822451
internal_weight=0 262.862 369.498 312.241 57.2563 44.9126 53.0731 259.168 46.6109 22.8581 11.7892 217.95 4.91829 213.031 2.59838 256.087 29.5378
internal_count=6499 2644 3855 3275 580 476 512 2763 443 210 98 2168 26 2142 25 2732 313
is_linear=0
shrinkage=0.1


Tree=16
num_leaves= 18
num_cat= 0
full_tree_array_lgbids= 0 1 2 5 11 4 3 -1 -7 12 13 -2 -6 7 6 -2147483648 -2147483648 -2147483648 -2147483648 -3 -14 -13 14 -2147483648 -2147483648 -2147483648 -2147483648 -4 15 8 -8 -2147483648 -2147483648 -2147483648 -2147483648 -2147483648 -2147483648 -2147483648 -2147483648 -2147483648 -2147483648 -2147483648 -2147483648 -2147483648 -2147483648 -15 -16 -2147483648 -2147483648 -2147483648 -2147483648 -2147483648 -2147483648 -2147483648 -2147483648 -2147483648 -2147483648 -9 16 -5 9 -2147483648 -2147483648 -2147483648 -2147483648 -2147483648 -2147483648 -2147483648 -2147483648 -2147483648 -2147483648 -2147483648 -2147483648 -2147483648 -2147483648 -2147483648 -2147483648 -2147483648 -2147483648 -2147483648 -2147483648 -2147483648 -2147483648 -2147483648 -2147483648 -2147483648 -2147483648 -2147483648 -2147483648 -2147483648 -2147483648 -2147483648 -2147483648 -2147483648 -2147483648 -2147483648 -2147483648 -2147483648 -2147483648 -2147483648 -2147483648 -2147483648 -2147483648 -2147483648 -2147483648 -2147483648 -2147483648 -2147483648 -2147483648 -2147483648 -2147483648 -2147483648 -2147483648 -2147483648 -2147483648 -2147483648 -2147483648 -17 -18 -2147483648 -2147483648 10 -11 -2147483648 -2147483648 -2147483648 -2147483648 -2147483648 -2147483648 -2147483648 -2147483648 -2147483648 -2147483648 -2147483648 -2147483648 -2147483648 -2147483648 -2147483648 -2147483648 -2147483648 -2147483648 -2147483648 -2147483648 -2147483648 -2147483648 -2147483648 -2147483648 -2147483648 -2147483648 -2147483648 -2147483648 -2147483648 -2147483648 -2147483648 -2147483648 -2147483648 -2147483648 -2147483648 -2147483648 -2147483648 -2147483648 -2147483648 -2147483648 -2147483648 -2147483648 -2147483648 -2147483648 -2147483648 -2147483648 -2147483648 -2147483648 -2147483648 -2147483648 -2147483648 -2147483648 -2147483648 -2147483648 -2147483648 -2147483648 -2147483648 -2147483648 -2147483648 -2147483648 -2147483648 -2147483648 -2147483648 -2147483648 -2147483648 -2147483648 -2147483648 -2147483648 -2147483648 -2147483648 -2147483648 -2147483648 -2147483648 -2147483648 -2147483648 -2147483648 -2147483648 -2147483648 -2147483648 -2147483648 -2147483648 -2147483648 -2147483648 -2147483648 -2147483648 -2147483648 -2147483648 -2147483648 -2147483648 -2147483648 -2147483648 -2147483648 -2147483648 -2147483648 -2147483648 -2147483648 -2147483648 -2147483648 -2147483648 -2147483648 -2147483648 -2147483648 -2147483648 -2147483648 -2147483648 -2147483648 -2147483648 -2147483648 -2147483648 -2147483648 -2147483648 -2147483648 -2147483648 -2147483648 -2147483648 -2147483648 -2147483648 -2147483648 -2147483648 -2147483648 -10 -12 -2147483648 -2147483648 -2147483648 -2147483648 -2147483648 -2147483648 -2147483648 -2147483648 -2147483648 -2147483648
split_feature= 8 20 19 7 4 10 9 13 21 3 2 12 1 21 1 17 19
split_gain= 232.949 121.306 120.751 85.7548 24.8329 21.6665 14.7054 12.3478 9.50156 17.9852 7.70302 2.83363 9.73648 3.44026 1.89525 1.08877 14.2115
threshold= 3.5000000000000004 3.5000000000000004 1.5000000000000002 1.0000000180025095e-35 4.5000000000000009 1.0000000180025095e-35 1.0000000180025095e-35 1.5000000000000002 1.5000000000000002 1.0000000180025095e-35 8.5000000000000018 1.0000000180025095e-35 2.5000000000000004 4.5000000000000009 1.5000000000000002 1.5000000000000002 6.5000000000000009
decision_type= 2 2 2 2 2 2 2 2 2 2 2 2 2 2 2 2 2
left_child=1 5 4 7 -2 -1 8 -4 -5 10 -10 12 -3 -13 -15 -9 -17
right_child=2 11 3 6 -6 -7 -8 15 9 -11 -12 13 -14 14 -16 16 -18
leaf_value= 0.11126147420147421 0.11126147420147421 0.1514745488932869 0.11126147420147421 0.11169692872822479 -0.11044680992112868 -0.11044680992112868 -0.11044680992112868 -0.11044680992112868 -0.11438339610026194 0.11117915335421805 0.14461237519808121 0.11126147420147421 -0.15311374537038583 -0.11136066726921245 0.1129581580396303 0.1112614742014741 -0.11044680992112868
leaf_weight=5.2763521671295157 46.48648202419281 2.640416905283927 2.8201192617416373 21.74782432615757 5.9091660529375067 35.797556668519974 5.9091660529375067 207.1633722037077 9.3753097429871541 10.129321455955505 1.4932841360569007 192.58685410022736 2.0390181094408035 1.4657505750656121 0.91400932520627964 3.5478919744491604 23.465384036302567
leaf_count=58 511 17 31 233 69 418 69 2419 91 112 7 2117 9 16 9 39 274
model_size=1936
internal_value=0 0.0751437 -0.0538325 -0.0795285 0.0862573 -0.0819662 0.0420565 -0.10449 0.0631385 0.0128459 -0.0787988 0.107467 0.0187532 0.109596 -0.0252051 -0.107088 -0.0813279
internal_weight=0 240.72 338.047 285.652 52.3956 41.0739 48.6549 236.997 42.7457 20.9979 10.8686 199.646 4.67944 194.967 2.37976 234.177 27.0133
internal_count=6499 2644 3855 3275 580 476 512 2763 443 210 98 2168 26 2142 25 2732 313
is_linear=0
shrinkage=0.1


Tree=17
num_leaves= 18
num_cat= 0
full_tree_array_lgbids= 0 1 2 5 11 4 3 -1 -7 12 13 -2 -6 7 6 -2147483648 -2147483648 -2147483648 -2147483648 -3 -14 -13 14 -2147483648 -2147483648 -2147483648 -2147483648 -4 15 8 -8 -2147483648 -2147483648 -2147483648 -2147483648 -2147483648 -2147483648 -2147483648 -2147483648 -2147483648 -2147483648 -2147483648 -2147483648 -2147483648 -2147483648 -15 -16 -2147483648 -2147483648 -2147483648 -2147483648 -2147483648 -2147483648 -2147483648 -2147483648 -2147483648 -2147483648 -9 16 -5 9 -2147483648 -2147483648 -2147483648 -2147483648 -2147483648 -2147483648 -2147483648 -2147483648 -2147483648 -2147483648 -2147483648 -2147483648 -2147483648 -2147483648 -2147483648 -2147483648 -2147483648 -2147483648 -2147483648 -2147483648 -2147483648 -2147483648 -2147483648 -2147483648 -2147483648 -2147483648 -2147483648 -2147483648 -2147483648 -2147483648 -2147483648 -2147483648 -2147483648 -2147483648 -2147483648 -2147483648 -2147483648 -2147483648 -2147483648 -2147483648 -2147483648 -2147483648 -2147483648 -2147483648 -2147483648 -2147483648 -2147483648 -2147483648 -2147483648 -2147483648 -2147483648 -2147483648 -2147483648 -2147483648 -2147483648 -2147483648 -17 -18 -2147483648 -2147483648 10 -11 -2147483648 -2147483648 -2147483648 -2147483648 -2147483648 -2147483648 -2147483648 -2147483648 -2147483648 -2147483648 -2147483648 -2147483648 -2147483648 -2147483648 -2147483648 -2147483648 -2147483648 -2147483648 -2147483648 -2147483648 -2147483648 -2147483648 -2147483648 -2147483648 -2147483648 -2147483648 -2147483648 -2147483648 -2147483648 -2147483648 -2147483648 -2147483648 -2147483648 -2147483648 -2147483648 -2147483648 -2147483648 -2147483648 -2147483648 -2147483648 -2147483648 -2147483648 -2147483648 -2147483648 -2147483648 -2147483648 -2147483648 -2147483648 -2147483648 -2147483648 -2147483648 -2147483648 -2147483648 -2147483648 -2147483648 -2147483648 -2147483648 -2147483648 -2147483648 -2147483648 -2147483648 -2147483648 -2147483648 -2147483648 -2147483648 -2147483648 -2147483648 -2147483648 -2147483648 -2147483648 -2147483648 -2147483648 -2147483648 -2147483648 -2147483648 -2147483648 -2147483648 -2147483648 -2147483648 -2147483648 -2147483648 -2147483648 -2147483648 -2147483648 -2147483648 -2147483648 -2147483648 -2147483648 -2147483648 -2147483648 -2147483648 -2147483648 -2147483648 -2147483648 -2147483648 -2147483648 -2147483648 -2147483648 -2147483648 -2147483648 -2147483648 -2147483648 -2147483648 -2147483648 -2147483648 -2147483648 -2147483648 -2147483648 -2147483648 -2147483648 -2147483648 -2147483648 -2147483648 -2147483648 -2147483648 -2147483648 -2147483648 -2147483648 -2147483648 -2147483648 -10 -12 -2147483648 -2147483648 -2147483648 -2147483648 -2147483648 -2147483648 -2147483648 -2147483648 -2147483648 -2147483648
split_feature= 8 20 19 7 4 10 9 13 21 3 2 12 1 21 1 17 19
split_gain= 208.268 108.334 107.953 76.7032 22.1007 19.2786 13.0253 10.9363 8.39957 15.9379 6.68429 2.57579 8.24044 2.95957 1.57362 0.856466 12.6041
threshold= 3.5000000000000004 3.5000000000000004 1.5000000000000002 1.0000000180025095e-35 4.5000000000000009 1.0000000180025095e-35 1.0000000180025095e-35 1.5000000000000002 1.5000000000000002 1.0000000180025095e-35 8.5000000000000018 1.0000000180025095e-35 2.5000000000000004 4.5000000000000009 1.5000000000000002 1.5000000000000002 6.5000000000000009
decision_type= 2 2 2 2 2 2 2 2 2 2 2 2 2 2 2 2 2
left_child=1 5 4 7 -2 -1 8 -4 -5 10 -10 12 -3 -13 -15 -9 -17
right_child=2 11 3 6 -6 -7 -8 15 9 -11 -12 13 -14 14 -16 16 -18
leaf_value= 0.1100756958889617 0.1100756958889617 0.14511605384181478 0.1100756958889617 0.11046197009015246 -0.10935442392955622 -0.10935442392955622 -0.10935442392955622 -0.10935442392955622 -0.11285458569186646 0.11000286796422667 0.13860566985808062 0.1100756958889617 -0.14557328904845077 -0.11016343609928402 0.11157407759859686 0.11007569588896156 -0.10935442392955622
leaf_weight=4.8230335712432852 42.492588877677917 2.4883524775505057 2.5778282880783072 19.886961922049522 5.397508665919303 32.697951048612595 5.397508665919303 189.22570236027241 8.5921464934945089 9.258371114730835 1.4066533148288733 176.04072535037994 1.9354837685823438 1.3399403095245355 0.83676237612962712 3.2430742979049709 21.43358513712883
leaf_count=58 511 17 31 233 69 418 69 2419 91 112 7 2117 9 16 9 39 274
model_size=1936
internal_value=0 0.0743004 -0.0532785 -0.0787119 0.0853446 -0.0811484 0.0415401 -0.103454 0.0623467 0.0126578 -0.0774786 0.106235 0.0179358 0.108427 -0.0249237 -0.106028 -0.0805163
internal_weight=0 220.162 308.912 261.022 47.8901 37.521 44.5416 216.48 39.1441 19.2572 9.9988 182.641 4.42384 178.217 2.1767 213.902 24.6767
internal_count=6499 2644 3855 3275 580 476 512 2763 443 210 98 2168 26 2142 25 2732 313
is_linear=0
shrinkage=0.1


Tree=18
num_leaves= 18
num_cat= 0
full_tree_array_lgbids= 0 1 2 5 11 4 3 -1 -7 12 13 -2 -6 7 6 -2147483648 -2147483648 -2147483648 -2147483648 -3 -14 -13 14 -2147483648 -2147483648 -2147483648 -2147483648 -4 15 8 -8 -2147483648 -2147483648 -2147483648 -2147483648 -2147483648 -2147483648 -2147483648 -2147483648 -2147483648 -2147483648 -2147483648 -2147483648 -2147483648 -2147483648 -15 -16 -2147483648 -2147483648 -2147483648 -2147483648 -2147483648 -2147483648 -2147483648 -2147483648 -2147483648 -2147483648 -9 16 -5 9 -2147483648 -2147483648 -2147483648 -2147483648 -2147483648 -2147483648 -2147483648 -2147483648 -2147483648 -2147483648 -2147483648 -2147483648 -2147483648 -2147483648 -2147483648 -2147483648 -2147483648 -2147483648 -2147483648 -2147483648 -2147483648 -2147483648 -2147483648 -2147483648 -2147483648 -2147483648 -2147483648 -2147483648 -2147483648 -2147483648 -2147483648 -2147483648 -2147483648 -2147483648 -2147483648 -2147483648 -2147483648 -2147483648 -2147483648 -2147483648 -2147483648 -2147483648 -2147483648 -2147483648 -2147483648 -2147483648 -2147483648 -2147483648 -2147483648 -2147483648 -2147483648 -2147483648 -2147483648 -2147483648 -2147483648 -2147483648 -17 -18 -2147483648 -2147483648 10 -11 -2147483648 -2147483648 -2147483648 -2147483648 -2147483648 -2147483648 -2147483648 -2147483648 -2147483648 -2147483648 -2147483648 -2147483648 -2147483648 -2147483648 -2147483648 -2147483648 -2147483648 -2147483648 -2147483648 -2147483648 -2147483648 -2147483648 -2147483648 -2147483648 -2147483648 -2147483648 -2147483648 -2147483648 -2147483648 -2147483648 -2147483648 -2147483648 -2147483648 -2147483648 -2147483648 -2147483648 -2147483648 -2147483648 -2147483648 -2147483648 -2147483648 -2147483648 -2147483648 -2147483648 -2147483648 -2147483648 -2147483648 -2147483648 -2147483648 -2147483648 -2147483648 -2147483648 -2147483648 -2147483648 -2147483648 -2147483648 -2147483648 -2147483648 -2147483648 -2147483648 -2147483648 -2147483648 -2147483648 -2147483648 -2147483648 -2147483648 -2147483648 -2147483648 -2147483648 -2147483648 -2147483648 -2147483648 -2147483648 -2147483648 -2147483648 -2147483648 -2147483648 -2147483648 -2147483648 -2147483648 -2147483648 -2147483648 -2147483648 -2147483648 -2147483648 -2147483648 -2147483648 -2147483648 -2147483648 -2147483648 -2147483648 -2147483648 -2147483648 -2147483648 -2147483648 -2147483648 -2147483648 -2147483648 -2147483648 -2147483648 -2147483648 -2147483648 -2147483648 -2147483648 -2147483648 -2147483648 -2147483648 -2147483648 -2147483648 -2147483648 -2147483648 -2147483648 -2147483648 -2147483648 -2147483648 -2147483648 -2147483648 -2147483648 -2147483648 -2147483648 -10 -12 -2147483648 -2147483648 -2147483648 -2147483648 -2147483648 -2147483648 -2147483648 -2147483648 -2147483648 -2147483648
split_feature= 8 20 19 7 4 10 9 13 21 3 20 12 1 21 4 17 19
split_gain= 186.411 96.8573 96.6079 68.665 19.6778 17.1586 11.5371 9.6819 7.41723 14.1288 5.80099 2.31576 6.99616 2.53102 1.28667 0.647768 11.1761
threshold= 3.5000000000000004 3.5000000000000004 1.5000000000000002 1.0000000180025095e-35 4.5000000000000009 1.0000000180025095e-35 1.0000000180025095e-35 1.5000000000000002 1.5000000000000002 1.0000000180025095e-35 3.5000000000000004 1.0000000180025095e-35 2.5000000000000004 4.5000000000000009 4.5000000000000009 1.5000000000000002 6.5000000000000009
decision_type= 2 2 2 2 2 2 2 2 2 2 2 2 2 2 2 2 2
left_child=1 5 4 7 -2 -1 8 -4 -5 10 -10 12 -3 -13 -15 -9 -17
right_child=2 11 3 6 -6 -7 -8 15 9 -11 -12 13 -14 14 -16 16 -18
leaf_value= 0.10902547451640709 0.10902547451640709 0.13966310377231403 0.10902547451640709 0.10936885687081505 -0.10838542814819269 -0.10838542814819269 -0.10838542814819269 -0.10838542814819269 0.13360898226863058 0.10896088699216877 -0.11150363169842879 0.10902547451640709 -0.13939932361878057 0.11035214070974342 -0.10910325544238059 0.10902547451640698 -0.10838542814819269
leaf_weight=4.4039455801248542 38.800279162824154 2.33487445116043 2.3538329824805251 18.165100440382957 4.9252953529357901 29.837296485900879 4.9252953529357901 172.67086172103882 1.3178987801074979 8.4533276557922363 7.863856628537178 160.74401367455721 1.8247776031494138 0.76508764922618744 1.2236058712005615 2.9612737521529224 19.558419227600098
leaf_count=58 511 17 31 233 69 418 69 2419 7 112 91 2117 9 9 16 39 274
model_size=1936
internal_value=0 0.0735534 -0.0527874 -0.077988 0.0845361 -0.0804231 0.0410844 -0.102536 0.0616481 0.0124931 -0.0763215 0.105145 0.0172426 0.107392 -0.0246747 -0.105087 -0.0797965
internal_weight=0 201.134 281.995 238.27 43.7256 34.2412 40.7255 197.544 35.8002 17.6351 9.18176 166.892 4.15965 162.733 1.98869 195.191 22.5197
internal_count=6499 2644 3855 3275 580 476 512 2763 443 210 98 2168 26 2142 25 2732 313
is_linear=0
shrinkage=0.1


Tree=19
num_leaves= 18
num_cat= 0
full_tree_array_lgbids= 0 1 2 5 11 4 3 -1 -7 12 13 -2 -6 7 6 -2147483648 -2147483648 -2147483648 -2147483648 -3 -14 -13 14 -2147483648 -2147483648 -2147483648 -2147483648 -4 15 8 -8 -2147483648 -2147483648 -2147483648 -2147483648 -2147483648 -2147483648 -2147483648 -2147483648 -2147483648 -2147483648 -2147483648 -2147483648 -2147483648 -2147483648 -15 -16 -2147483648 -2147483648 -2147483648 -2147483648 -2147483648 -2147483648 -2147483648 -2147483648 -2147483648 -2147483648 -9 16 -5 9 -2147483648 -2147483648 -2147483648 -2147483648 -2147483648 -2147483648 -2147483648 -2147483648 -2147483648 -2147483648 -2147483648 -2147483648 -2147483648 -2147483648 -2147483648 -2147483648 -2147483648 -2147483648 -2147483648 -2147483648 -2147483648 -2147483648 -2147483648 -2147483648 -2147483648 -2147483648 -2147483648 -2147483648 -2147483648 -2147483648 -2147483648 -2147483648 -2147483648 -2147483648 -2147483648 -2147483648 -2147483648 -2147483648 -2147483648 -2147483648 -2147483648 -2147483648 -2147483648 -2147483648 -2147483648 -2147483648 -2147483648 -2147483648 -2147483648 -2147483648 -2147483648 -2147483648 -2147483648 -2147483648 -2147483648 -2147483648 -17 -18 -2147483648 -2147483648 10 -11 -2147483648 -2147483648 -2147483648 -2147483648 -2147483648 -2147483648 -2147483648 -2147483648 -2147483648 -2147483648 -2147483648 -2147483648 -2147483648 -2147483648 -2147483648 -2147483648 -2147483648 -2147483648 -2147483648 -2147483648 -2147483648 -2147483648 -2147483648 -2147483648 -2147483648 -2147483648 -2147483648 -2147483648 -2147483648 -2147483648 -2147483648 -2147483648 -2147483648 -2147483648 -2147483648 -2147483648 -2147483648 -2147483648 -2147483648 -2147483648 -2147483648 -2147483648 -2147483648 -2147483648 -2147483648 -2147483648 -2147483648 -2147483648 -2147483648 -2147483648 -2147483648 -2147483648 -2147483648 -2147483648 -2147483648 -2147483648 -2147483648 -2147483648 -2147483648 -2147483648 -2147483648 -2147483648 -2147483648 -2147483648 -2147483648 -2147483648 -2147483648 -2147483648 -2147483648 -2147483648 -2147483648 -2147483648 -2147483648 -2147483648 -2147483648 -2147483648 -2147483648 -2147483648 -2147483648 -2147483648 -2147483648 -2147483648 -2147483648 -2147483648 -2147483648 -2147483648 -2147483648 -2147483648 -2147483648 -2147483648 -2147483648 -2147483648 -2147483648 -2147483648 -2147483648 -2147483648 -2147483648 -2147483648 -2147483648 -2147483648 -2147483648 -2147483648 -2147483648 -2147483648 -2147483648 -2147483648 -2147483648 -2147483648 -2147483648 -2147483648 -2147483648 -2147483648 -2147483648 -2147483648 -2147483648 -2147483648 -2147483648 -2147483648 -2147483648 -2147483648 -10 -12 -2147483648 -2147483648 -2147483648 -2147483648 -2147483648 -2147483648 -2147483648 -2147483648 -2147483648 -2147483648
split_feature= 8 20 19 7 4 10 9 13 21 3 2 12 1 21 4 17 19
split_gain= 167.011 86.6788 86.5292 61.5123 17.5242 15.2721 10.2155 8.56465 6.53985 12.5258 5.02989 2.05883 5.95006 2.14793 1.02983 0.459706 9.90476
threshold= 3.5000000000000004 3.5000000000000004 1.5000000000000002 1.0000000180025095e-35 4.5000000000000009 1.0000000180025095e-35 1.0000000180025095e-35 1.5000000000000002 1.5000000000000002 1.0000000180025095e-35 8.5000000000000018 1.0000000180025095e-35 2.5000000000000004 4.5000000000000009 4.5000000000000009 1.5000000000000002 6.5000000000000009
decision_type= 2 2 2 2 2 2 2 2 2 2 2 2 2 2 2 2 2
left_child=1 5 4 7 -2 -1 8 -4 -5 10 -10 12 -3 -13 -15 -9 -17
right_child=2 11 3 6 -6 -7 -8 15 9 -11 -12 13 -14 14 -16 16 -18
leaf_value= 0.10809320877587317 0.10809320877587328 0.13496671315732936 0.10809320877587328 0.10839904902884515 -0.1075240907530273 -0.1075240907530273 -0.1075240907530273 -0.1075240907530273 -0.11030677592390961 0.1080358211500748 0.12940558000335012 0.10809320877587328 -0.13427271426751705 0.10927053796566757 -0.10816232970028693 0.10809320877587313 -0.1075240907530273
leaf_weight=4.0174633711576488 35.395237632095814 2.1823687925934783 2.1472649052739134 16.575984135270119 4.4904651269316664 27.203107580542564 4.4904651269316664 157.42659626156092 7.1887592300772685 7.7110292911529532 1.2291976511478422 146.63741304725409 1.7108637839555743 0.69878122955560562 1.1163027286529541 2.701397784054282 17.831702098250389
leaf_count=58 511 17 31 233 69 418 69 2419 91 112 7 2117 9 9 16 39 274
model_size=1936
internal_value=0 0.0728904 -0.0523511 -0.0773449 0.0838183 -0.0797785 0.0406811 -0.101719 0.06103 0.0123482 -0.0753038 0.104177 0.0166506 0.106473 -0.0244538 -0.104251 -0.0791568
internal_weight=0 183.566 257.188 217.302 39.8857 31.2206 37.1954 180.107 32.705 16.129 8.41796 152.346 3.89323 148.452 1.81508 177.96 20.5331
internal_count=6499 2644 3855 3275 580 476 512 2763 443 210 98 2168 26 2142 25 2732 313
is_linear=0
shrinkage=0.1


Tree=20
num_leaves= 18
num_cat= 0
full_tree_array_lgbids= 0 1 2 5 11 4 3 -1 -7 12 13 -2 -6 7 6 -2147483648 -2147483648 -2147483648 -2147483648 -3 -14 -13 14 -2147483648 -2147483648 -2147483648 -2147483648 -4 15 8 -8 -2147483648 -2147483648 -2147483648 -2147483648 -2147483648 -2147483648 -2147483648 -2147483648 -2147483648 -2147483648 -2147483648 -2147483648 -2147483648 -2147483648 -15 -16 -2147483648 -2147483648 -2147483648 -2147483648 -2147483648 -2147483648 -2147483648 -2147483648 -2147483648 -2147483648 -9 16 -5 9 -2147483648 -2147483648 -2147483648 -2147483648 -2147483648 -2147483648 -2147483648 -2147483648 -2147483648 -2147483648 -2147483648 -2147483648 -2147483648 -2147483648 -2147483648 -2147483648 -2147483648 -2147483648 -2147483648 -2147483648 -2147483648 -2147483648 -2147483648 -2147483648 -2147483648 -2147483648 -2147483648 -2147483648 -2147483648 -2147483648 -2147483648 -2147483648 -2147483648 -2147483648 -2147483648 -2147483648 -2147483648 -2147483648 -2147483648 -2147483648 -2147483648 -2147483648 -2147483648 -2147483648 -2147483648 -2147483648 -2147483648 -2147483648 -2147483648 -2147483648 -2147483648 -2147483648 -2147483648 -2147483648 -2147483648 -2147483648 -17 -18 -2147483648 -2147483648 10 -11 -2147483648 -2147483648 -2147483648 -2147483648 -2147483648 -2147483648 -2147483648 -2147483648 -2147483648 -2147483648 -2147483648 -2147483648 -2147483648 -2147483648 -2147483648 -2147483648 -2147483648 -2147483648 -2147483648 -2147483648 -2147483648 -2147483648 -2147483648 -2147483648 -2147483648 -2147483648 -2147483648 -2147483648 -2147483648 -2147483648 -2147483648 -2147483648 -2147483648 -2147483648 -2147483648 -2147483648 -2147483648 -2147483648 -2147483648 -2147483648 -2147483648 -2147483648 -2147483648 -2147483648 -2147483648 -2147483648 -2147483648 -2147483648 -2147483648 -2147483648 -2147483648 -2147483648 -2147483648 -2147483648 -2147483648 -2147483648 -2147483648 -2147483648 -2147483648 -2147483648 -2147483648 -2147483648 -2147483648 -2147483648 -2147483648 -2147483648 -2147483648 -2147483648 -2147483648 -2147483648 -2147483648 -2147483648 -2147483648 -2147483648 -2147483648 -2147483648 -2147483648 -2147483648 -2147483648 -2147483648 -2147483648 -2147483648 -2147483648 -2147483648 -2147483648 -2147483648 -2147483648 -2147483648 -2147483648 -2147483648 -2147483648 -2147483648 -2147483648 -2147483648 -2147483648 -2147483648 -2147483648 -2147483648 -2147483648 -2147483648 -2147483648 -2147483648 -2147483648 -2147483648 -2147483648 -2147483648 -2147483648 -2147483648 -2147483648 -2147483648 -2147483648 -2147483648 -2147483648 -2147483648 -2147483648 -2147483648 -2147483648 -2147483648 -2147483648 -2147483648 -10 -12 -2147483648 -2147483648 -2147483648 -2147483648 -2147483648 -2147483648 -2147483648 -2147483648 -2147483648 -2147483648
split_feature= 8 20 19 7 4 10 9 13 21 3 20 12 1 21 4 17 19
split_gain= 149.755 77.6307 77.5559 55.1341 15.6041 13.5882 9.03708 7.56551 5.75283 11.0997 4.35096 1.80676 5.06041 1.80264 0.797286 0.287797 8.76849
threshold= 3.5000000000000004 3.5000000000000004 1.5000000000000002 1.0000000180025095e-35 4.5000000000000009 1.0000000180025095e-35 1.0000000180025095e-35 1.5000000000000002 1.5000000000000002 1.0000000180025095e-35 3.5000000000000004 1.0000000180025095e-35 2.5000000000000004 4.5000000000000009 4.5000000000000009 1.5000000000000002 6.5000000000000009
decision_type= 2 2 2 2 2 2 2 2 2 2 2 2 2 2 2 2 2
left_child=1 5 4 7 -2 -1 8 -4 -5 10 -10 12 -3 -13 -15 -9 -17
right_child=2 11 3 6 -6 -7 -8 15 9 -11 -12 13 -14 14 -16 16 -18
leaf_value= 0.10726401292643045 0.10726401292643054 0.13090515811775102 0.10726401292643054 0.10753687001556499 -0.10675703993551194 -0.10675703993551194 -0.10675703993551194 -0.10675703993551194 0.12583625505612531 0.1072129150869154 -0.10924405234830417 0.10726401292643054 -0.12996639320213868 0.10831092369631656 -0.10732554767956304 0.10726401292643038 -0.10675703993551194
leaf_weight=3.6618147641420391 32.261850766837597 2.0327749587595454 1.9571768566966046 15.112669613212347 4.0908415876328936 24.782199762761593 4.0908415876328936 143.41660580411553 1.1421312391757963 7.0280413627624512 6.5646947771310806 133.65623889118433 1.5966690033674242 0.63759849965572235 1.0175448656082153 2.4622547551989582 16.244791232049465
leaf_count=58 511 17 31 233 69 418 69 2419 7 112 91 2117 9 9 16 39 274
model_size=1936
internal_value=0 0.0723007 -0.0519628 -0.0767725 0.0831798 -0.0792045 0.0403233 -0.100992 0.0604818 0.0122203 -0.0744058 0.103317 0.0161423 0.105655 -0.0242575 -0.103507 -0.0785872
internal_weight=0 167.385 234.372 198.019 36.3527 28.444 33.9384 164.081 29.8475 14.7349 7.70683 138.941 3.62944 135.311 1.65514 162.124 18.707
internal_count=6499 2644 3855 3275 580 476 512 2763 443 210 98 2168 26 2142 25 2732 313
is_linear=0
shrinkage=0.1


Tree=21
num_leaves= 18
num_cat= 0
full_tree_array_lgbids= 0 1 2 5 11 4 3 -1 -7 12 13 -2 -6 7 6 -2147483648 -2147483648 -2147483648 -2147483648 -3 -14 -13 14 -2147483648 -2147483648 -2147483648 -2147483648 -4 15 8 -8 -2147483648 -2147483648 -2147483648 -2147483648 -2147483648 -2147483648 -2147483648 -2147483648 -2147483648 -2147483648 -2147483648 -2147483648 -2147483648 -2147483648 -15 -16 -2147483648 -2147483648 -2147483648 -2147483648 -2147483648 -2147483648 -2147483648 -2147483648 -2147483648 -2147483648 -9 16 -5 9 -2147483648 -2147483648 -2147483648 -2147483648 -2147483648 -2147483648 -2147483648 -2147483648 -2147483648 -2147483648 -2147483648 -2147483648 -2147483648 -2147483648 -2147483648 -2147483648 -2147483648 -2147483648 -2147483648 -2147483648 -2147483648 -2147483648 -2147483648 -2147483648 -2147483648 -2147483648 -2147483648 -2147483648 -2147483648 -2147483648 -2147483648 -2147483648 -2147483648 -2147483648 -2147483648 -2147483648 -2147483648 -2147483648 -2147483648 -2147483648 -2147483648 -2147483648 -2147483648 -2147483648 -2147483648 -2147483648 -2147483648 -2147483648 -2147483648 -2147483648 -2147483648 -2147483648 -2147483648 -2147483648 -2147483648 -2147483648 -17 -18 -2147483648 -2147483648 10 -11 -2147483648 -2147483648 -2147483648 -2147483648 -2147483648 -2147483648 -2147483648 -2147483648 -2147483648 -2147483648 -2147483648 -2147483648 -2147483648 -2147483648 -2147483648 -2147483648 -2147483648 -2147483648 -2147483648 -2147483648 -2147483648 -2147483648 -2147483648 -2147483648 -2147483648 -2147483648 -2147483648 -2147483648 -2147483648 -2147483648 -2147483648 -2147483648 -2147483648 -2147483648 -2147483648 -2147483648 -2147483648 -2147483648 -2147483648 -2147483648 -2147483648 -2147483648 -2147483648 -2147483648 -2147483648 -2147483648 -2147483648 -2147483648 -2147483648 -2147483648 -2147483648 -2147483648 -2147483648 -2147483648 -2147483648 -2147483648 -2147483648 -2147483648 -2147483648 -2147483648 -2147483648 -2147483648 -2147483648 -2147483648 -2147483648 -2147483648 -2147483648 -2147483648 -2147483648 -2147483648 -2147483648 -2147483648 -2147483648 -2147483648 -2147483648 -2147483648 -2147483648 -2147483648 -2147483648 -2147483648 -2147483648 -2147483648 -2147483648 -2147483648 -2147483648 -2147483648 -2147483648 -2147483648 -2147483648 -2147483648 -2147483648 -2147483648 -2147483648 -2147483648 -2147483648 -2147483648 -2147483648 -2147483648 -2147483648 -2147483648 -2147483648 -2147483648 -2147483648 -2147483648 -2147483648 -2147483648 -2147483648 -2147483648 -2147483648 -2147483648 -2147483648 -2147483648 -2147483648 -2147483648 -2147483648 -2147483648 -2147483648 -2147483648 -2147483648 -2147483648 -10 -12 -2147483648 -2147483648 -2147483648 -2147483648 -2147483648 -2147483648 -2147483648 -2147483648 -2147483648 -2147483648
split_feature= 8 20 19 7 4 10 9 13 21 3 2 12 1 21 1 17 19
split_gain= 134.38 69.5737 69.5544 49.4389 13.8904 12.084 7.98564 6.67185 5.04722 9.82971 3.75182 1.56403 4.29902 1.49226 0.587714 0.131822 7.75261
threshold= 3.5000000000000004 3.5000000000000004 1.5000000000000002 1.0000000180025095e-35 4.5000000000000009 1.0000000180025095e-35 1.0000000180025095e-35 1.5000000000000002 1.5000000000000002 1.0000000180025095e-35 8.5000000000000018 1.0000000180025095e-35 2.5000000000000004 4.5000000000000009 1.5000000000000002 1.5000000000000002 6.5000000000000009
decision_type= 2 2 2 2 2 2 2 2 2 2 2 2 2 2 2 2 2
left_child=1 5 4 7 -2 -1 8 -4 -5 10 -10 12 -3 -13 -15 -9 -17
right_child=2 11 3 6 -6 -7 -8 15 9 -11 -12 13 -14 14 -16 16 -18
leaf_value= 0.10652517821132974 0.10652517821132985 0.12737875662998754 0.10652517821132985 0.10676897128554258 -0.10607284898161794 -0.10607284898161794 -0.10607284898161794 -0.10607284898161794 -0.10829852687614912 0.10647960881464225 0.12278135927446135 0.10652517821132985 -0.12631424399268437 -0.10658004919637709 0.10745778600269394 0.10652517821132977 -0.10607284898161794
leaf_weight=3.3351530358195332 29.383848298341036 1.8876124881207934 1.7825817950069893 13.767828945070509 3.7242023237049571 22.561109729111195 3.7242023237049571 130.56297711655498 5.9891876131296158 6.4007911086082458 1.0578223168849943 121.73308580741286 1.4843240082263947 0.92682355642318615 0.58126895874738693 2.2426029033958921 14.788861401379108
leaf_count=58 511 17 31 233 69 418 69 2419 91 112 7 2117 9 16 9 39 274
model_size=1936
internal_value=0 0.0717754 -0.0516166 -0.0762621 0.0826108 -0.0786926 0.0400052 -0.100344 0.0599946 0.0121071 -0.0736113 0.102551 0.0157033 0.104927 -0.0240828 -0.102843 -0.0780792
internal_weight=0 152.509 213.425 180.317 33.1081 25.8963 30.9398 149.377 27.2156 13.4478 7.04701 126.613 3.37194 123.241 1.50809 147.594 17.0315
internal_count=6499 2644 3855 3275 580 476 512 2763 443 210 98 2168 26 2142 25 2732 313
is_linear=0
shrinkage=0.1


Tree=22
num_leaves= 16
num_cat= 0
full_tree_array_lgbids= 0 2 1 5 11 4 3 -1 -7 12 13 -2 -6 7 6 -2147483648 -2147483648 -2147483648 -2147483648 -4 -14 -13 14 -2147483648 -2147483648 -2147483648 -2147483648 -3 -9 8 -8 -2147483648 -2147483648 -2147483648 -2147483648 -2147483648 -2147483648 -2147483648 -2147483648 -2147483648 -2147483648 -2147483648 -2147483648 -2147483648 -2147483648 -15 -16 -2147483648 -2147483648 -2147483648 -2147483648 -2147483648 -2147483648 -2147483648 -2147483648 -2147483648 -2147483648 -2147483648 -2147483648 -5 9 -2147483648 -2147483648 -2147483648 -2147483648 -2147483648 -2147483648 -2147483648 -2147483648 -2147483648 -2147483648 -2147483648 -2147483648 -2147483648 -2147483648 -2147483648 -2147483648 -2147483648 -2147483648 -2147483648 -2147483648 -2147483648 -2147483648 -2147483648 -2147483648 -2147483648 -2147483648 -2147483648 -2147483648 -2147483648 -2147483648 -2147483648 -2147483648 -2147483648 -2147483648 -2147483648 -2147483648 -2147483648 -2147483648 -2147483648 -2147483648 -2147483648 -2147483648 -2147483648 -2147483648 -2147483648 -2147483648 -2147483648 -2147483648 -2147483648 -2147483648 -2147483648 -2147483648 -2147483648 -2147483648 -2147483648 -2147483648 -2147483648 -2147483648 -2147483648 -2147483648 10 -11 -2147483648 -2147483648 -2147483648 -2147483648 -2147483648 -2147483648 -2147483648 -2147483648 -2147483648 -2147483648 -2147483648 -2147483648 -2147483648 -2147483648 -2147483648 -2147483648 -2147483648 -2147483648 -2147483648 -2147483648 -2147483648 -2147483648 -2147483648 -2147483648 -2147483648 -2147483648 -2147483648 -2147483648 -2147483648 -2147483648 -2147483648 -2147483648 -2147483648 -2147483648 -2147483648 -2147483648 -2147483648 -2147483648 -2147483648 -2147483648 -2147483648 -2147483648 -2147483648 -2147483648 -2147483648 -2147483648 -2147483648 -2147483648 -2147483648 -2147483648 -2147483648 -2147483648 -2147483648 -2147483648 -2147483648 -2147483648 -2147483648 -2147483648 -2147483648 -2147483648 -2147483648 -2147483648 -2147483648 -2147483648 -2147483648 -2147483648 -2147483648 -2147483648 -2147483648 -2147483648 -2147483648 -2147483648 -2147483648 -2147483648 -2147483648 -2147483648 -2147483648 -2147483648 -2147483648 -2147483648 -2147483648 -2147483648 -2147483648 -2147483648 -2147483648 -2147483648 -2147483648 -2147483648 -2147483648 -2147483648 -2147483648 -2147483648 -2147483648 -2147483648 -2147483648 -2147483648 -2147483648 -2147483648 -2147483648 -2147483648 -2147483648 -2147483648 -2147483648 -2147483648 -2147483648 -2147483648 -2147483648 -2147483648 -2147483648 -2147483648 -2147483648 -2147483648 -2147483648 -2147483648 -2147483648 -2147483648 -2147483648 -2147483648 -2147483648 -2147483648 -10 -12 -2147483648 -2147483648 -2147483648 -2147483648 -2147483648 -2147483648 -2147483648 -2147483648 -2147483648 -2147483648
split_feature= 8 19 20 7 4 10 9 13 21 3 2 12 1 21 1
split_gain= 120.66 62.4083 62.3871 44.3463 12.3582 10.738 7.04568 5.87111 4.41357 8.6964 3.2209 1.33228 3.64269 1.21261 0.398311
threshold= 3.5000000000000004 1.5000000000000002 3.5000000000000004 1.0000000180025095e-35 4.5000000000000009 1.0000000180025095e-35 1.0000000180025095e-35 1.5000000000000002 1.5000000000000002 1.0000000180025095e-35 8.5000000000000018 1.0000000180025095e-35 2.5000000000000004 4.5000000000000009 1.5000000000000002
decision_type= 2 2 2 2 2 2 2 2 2 2 2 2 2 2 2
left_child=2 4 5 7 -2 -1 8 -3 -5 10 -10 12 -4 -13 -15
right_child=1 3 11 6 -6 -7 -8 -9 9 -11 -12 13 -14 14 -16
leaf_value= 0.105865822596505 0.10586582259650511 0.10586582259650512 0.12430569584559044 0.1060839390012901 -0.10546166888562683 -0.10546166888562683 -0.10546166888562683 -0.10224939155934248 -0.10745581447229016 0.10582511908749588 0.12014912330990919 0.10586582259650512 -0.12319173683012681 -0.10591482473766467 0.10669795694840332
leaf_weight=3.0356061831116703 26.744737233966593 1.6224791668355454 1.7480227239429942 12.533981092274193 3.3883290365338317 20.526399090886116 3.3883290365338317 134.28422832861543 5.4595675691962242 5.8256644606590271 0.97704161703586567 110.79962568357587 1.3753480017185211 0.84362268447875866 0.52950792387127876
leaf_count=58 511 31 17 233 69 418 69 2732 91 112 7 2117 9 16 9
model_size=1712
internal_value=0 -0.0513074 0.0713067 -0.0758064 0.082103 -0.0782353 0.0397219 -0.0997649 0.0595608 0.0120067 -0.0729066 0.101867 0.0153224 0.104277 -0.0239269
internal_weight=0 194.224 138.858 164.091 30.1331 23.562 28.1846 135.907 24.7963 12.2623 6.43661 115.296 3.12337 112.173 1.37313
internal_count=6499 3855 2644 3275 580 476 512 2763 443 210 98 2168 26 2142 25
is_linear=0
shrinkage=0.1


Tree=23
num_leaves= 18
num_cat= 0
full_tree_array_lgbids= 0 1 2 5 11 4 3 -1 -7 12 13 -2 -6 7 6 -2147483648 -2147483648 -2147483648 -2147483648 -3 -14 -13 16 -2147483648 -2147483648 -2147483648 -2147483648 -4 14 8 -8 -2147483648 -2147483648 -2147483648 -2147483648 -2147483648 -2147483648 -2147483648 -2147483648 -2147483648 -2147483648 -2147483648 -2147483648 -2147483648 -2147483648 -15 -18 -2147483648 -2147483648 -2147483648 -2147483648 -2147483648 -2147483648 -2147483648 -2147483648 -2147483648 -2147483648 -9 15 -5 9 -2147483648 -2147483648 -2147483648 -2147483648 -2147483648 -2147483648 -2147483648 -2147483648 -2147483648 -2147483648 -2147483648 -2147483648 -2147483648 -2147483648 -2147483648 -2147483648 -2147483648 -2147483648 -2147483648 -2147483648 -2147483648 -2147483648 -2147483648 -2147483648 -2147483648 -2147483648 -2147483648 -2147483648 -2147483648 -2147483648 -2147483648 -2147483648 -2147483648 -2147483648 -2147483648 -2147483648 -2147483648 -2147483648 -2147483648 -2147483648 -2147483648 -2147483648 -2147483648 -2147483648 -2147483648 -2147483648 -2147483648 -2147483648 -2147483648 -2147483648 -2147483648 -2147483648 -2147483648 -2147483648 -2147483648 -2147483648 -16 -17 -2147483648 -2147483648 10 -11 -2147483648 -2147483648 -2147483648 -2147483648 -2147483648 -2147483648 -2147483648 -2147483648 -2147483648 -2147483648 -2147483648 -2147483648 -2147483648 -2147483648 -2147483648 -2147483648 -2147483648 -2147483648 -2147483648 -2147483648 -2147483648 -2147483648 -2147483648 -2147483648 -2147483648 -2147483648 -2147483648 -2147483648 -2147483648 -2147483648 -2147483648 -2147483648 -2147483648 -2147483648 -2147483648 -2147483648 -2147483648 -2147483648 -2147483648 -2147483648 -2147483648 -2147483648 -2147483648 -2147483648 -2147483648 -2147483648 -2147483648 -2147483648 -2147483648 -2147483648 -2147483648 -2147483648 -2147483648 -2147483648 -2147483648 -2147483648 -2147483648 -2147483648 -2147483648 -2147483648 -2147483648 -2147483648 -2147483648 -2147483648 -2147483648 -2147483648 -2147483648 -2147483648 -2147483648 -2147483648 -2147483648 -2147483648 -2147483648 -2147483648 -2147483648 -2147483648 -2147483648 -2147483648 -2147483648 -2147483648 -2147483648 -2147483648 -2147483648 -2147483648 -2147483648 -2147483648 -2147483648 -2147483648 -2147483648 -2147483648 -2147483648 -2147483648 -2147483648 -2147483648 -2147483648 -2147483648 -2147483648 -2147483648 -2147483648 -2147483648 -2147483648 -2147483648 -2147483648 -2147483648 -2147483648 -2147483648 -2147483648 -2147483648 -2147483648 -2147483648 -2147483648 -2147483648 -2147483648 -2147483648 -2147483648 -2147483648 -2147483648 -2147483648 -2147483648 -2147483648 -10 -12 -2147483648 -2147483648 -2147483648 -2147483648 -2147483648 -2147483648 -2147483648 -2147483648 -2147483648 -2147483648
split_feature= 8 20 19 7 4 10 9 13 21 3 20 12 1 21 17 19 1
split_gain= 108.168 55.965 55.774 39.4657 10.9844 9.52975 6.20191 5.11278 3.84172 7.68117 2.74675 1.11049 3.07132 0.958148 0.259057 7.35128 0.224715
threshold= 3.5000000000000004 3.5000000000000004 1.5000000000000002 1.0000000180025095e-35 4.5000000000000009 1.0000000180025095e-35 1.0000000180025095e-35 1.5000000000000002 1.5000000000000002 1.0000000180025095e-35 3.5000000000000004 1.0000000180025095e-35 2.5000000000000004 4.5000000000000009 1.5000000000000002 6.5000000000000009 1.5000000000000002
decision_type= 2 2 2 2 2 2 2 2 2 2 2 2 2 2 2 2 2
left_child=1 5 4 7 -2 -1 8 -4 -5 10 -10 12 -3 -13 -9 -16 -15
right_child=2 11 3 6 -6 -7 -8 14 9 -11 -12 13 -14 16 15 -17 -18
leaf_value= 0.10527657861010012 0.10527657861010026 0.12161845692589049 0.10527657861010027 0.10547193657487529 -0.10491500914327373 -0.10491500914327373 -0.10491500914327373 -0.10493081973835215 0.1178680138940062 0.10524017505070056 -0.10670354308027014 0.10527657861010027 -0.12050366754100877 -0.10532039013512196 0.10649733302770051 -0.10493081973835212 0.10602010187684918
leaf_weight=2.7613188400864628 24.328171160072092 1.6148198992013922 1.4758773110806931 11.403661336749797 3.0810463540256015 18.664889506995678 3.0810463540256015 108.33010379970074 0.90028971433639338 5.2990819811820984 4.9730687066912651 100.78813766315579 1.2707897275686264 0.76742970943450817 2.2342021577060196 12.270545035600662 0.48202534765005112
leaf_count=58 511 17 31 233 69 418 69 2419 7 112 91 2117 9 16 39 274 9
model_size=1936
internal_value=0 0.0708879 -0.0508003 -0.0750077 0.0816491 -0.0778264 0.0394692 -0.0986352 0.0591738 0.0119175 -0.0722804 0.101257 0.0149906 0.103696 -0.101085 -0.072364 -0.0237877
internal_weight=0 126.349 177.377 149.968 27.4092 21.4262 25.6571 124.311 22.5761 11.1724 5.87336 104.923 2.88561 102.038 122.835 14.5047 1.24946
internal_count=6499 2644 3855 3275 580 476 512 2763 443 210 98 2168 26 2142 2732 313 25
is_linear=0
shrinkage=0.1


Tree=24
num_leaves= 18
num_cat= 0
full_tree_array_lgbids= 0 1 2 5 11 4 3 -1 -7 12 13 -2 -6 7 6 -2147483648 -2147483648 -2147483648 -2147483648 -3 -14 -13 16 -2147483648 -2147483648 -2147483648 -2147483648 -4 14 8 -8 -2147483648 -2147483648 -2147483648 -2147483648 -2147483648 -2147483648 -2147483648 -2147483648 -2147483648 -2147483648 -2147483648 -2147483648 -2147483648 -2147483648 -15 -18 -2147483648 -2147483648 -2147483648 -2147483648 -2147483648 -2147483648 -2147483648 -2147483648 -2147483648 -2147483648 -9 15 -5 9 -2147483648 -2147483648 -2147483648 -2147483648 -2147483648 -2147483648 -2147483648 -2147483648 -2147483648 -2147483648 -2147483648 -2147483648 -2147483648 -2147483648 -2147483648 -2147483648 -2147483648 -2147483648 -2147483648 -2147483648 -2147483648 -2147483648 -2147483648 -2147483648 -2147483648 -2147483648 -2147483648 -2147483648 -2147483648 -2147483648 -2147483648 -2147483648 -2147483648 -2147483648 -2147483648 -2147483648 -2147483648 -2147483648 -2147483648 -2147483648 -2147483648 -2147483648 -2147483648 -2147483648 -2147483648 -2147483648 -2147483648 -2147483648 -2147483648 -2147483648 -2147483648 -2147483648 -2147483648 -2147483648 -2147483648 -2147483648 -16 -17 -2147483648 -2147483648 10 -11 -2147483648 -2147483648 -2147483648 -2147483648 -2147483648 -2147483648 -2147483648 -2147483648 -2147483648 -2147483648 -2147483648 -2147483648 -2147483648 -2147483648 -2147483648 -2147483648 -2147483648 -2147483648 -2147483648 -2147483648 -2147483648 -2147483648 -2147483648 -2147483648 -2147483648 -2147483648 -2147483648 -2147483648 -2147483648 -2147483648 -2147483648 -2147483648 -2147483648 -2147483648 -2147483648 -2147483648 -2147483648 -2147483648 -2147483648 -2147483648 -2147483648 -2147483648 -2147483648 -2147483648 -2147483648 -2147483648 -2147483648 -2147483648 -2147483648 -2147483648 -2147483648 -2147483648 -2147483648 -2147483648 -2147483648 -2147483648 -2147483648 -2147483648 -2147483648 -2147483648 -2147483648 -2147483648 -2147483648 -2147483648 -2147483648 -2147483648 -2147483648 -2147483648 -2147483648 -2147483648 -2147483648 -2147483648 -2147483648 -2147483648 -2147483648 -2147483648 -2147483648 -2147483648 -2147483648 -2147483648 -2147483648 -2147483648 -2147483648 -2147483648 -2147483648 -2147483648 -2147483648 -2147483648 -2147483648 -2147483648 -2147483648 -2147483648 -2147483648 -2147483648 -2147483648 -2147483648 -2147483648 -2147483648 -2147483648 -2147483648 -2147483648 -2147483648 -2147483648 -2147483648 -2147483648 -2147483648 -2147483648 -2147483648 -2147483648 -2147483648 -2147483648 -2147483648 -2147483648 -2147483648 -2147483648 -2147483648 -2147483648 -2147483648 -2147483648 -2147483648 -10 -12 -2147483648 -2147483648 -2147483648 -2147483648 -2147483648 -2147483648 -2147483648 -2147483648 -2147483648 -2147483648
split_feature= 8 20 19 7 4 10 9 13 21 3 20 12 1 21 17 19 1
split_gain= 97.2112 50.2161 50.0682 35.4024 9.74841 8.4414 5.44088 4.46456 3.32256 6.7678 2.31957 0.897166 2.56859 0.723789 0.0959384 6.47804 0.0628953
threshold= 3.5000000000000004 3.5000000000000004 1.5000000000000002 1.0000000180025095e-35 4.5000000000000009 1.0000000180025095e-35 1.0000000180025095e-35 1.5000000000000002 1.5000000000000002 1.0000000180025095e-35 3.5000000000000004 1.0000000180025095e-35 2.5000000000000004 4.5000000000000009 1.5000000000000002 6.5000000000000009 1.5000000000000002
decision_type= 2 2 2 2 2 2 2 2 2 2 2 2 2 2 2 2 2
left_child=1 5 4 7 -2 -1 8 -4 -5 10 -10 12 -3 -13 -9 -16 -15
right_child=2 11 3 6 -6 -7 -8 14 9 -11 -12 13 -14 16 15 -17 -18
leaf_value= 0.10474930962181393 0.10474930962181406 0.11926118969690339 0.10474930962181409 0.10492448350048292 -0.10442548272911378 -0.10442548272911378 -0.10442548272911378 -0.1044396480989091 0.1158813261766186 0.10471672449831959 -0.10603107403010328 0.10474930962181409 -0.11817596756445199 -0.1047885414517698 0.105840957017177 -0.1044396480989091 0.10541451419535836
leaf_weight=2.5104792863130596 22.118188194930557 1.4885411057621232 1.3418078944087017 10.369548719376331 2.8002480491995803 16.963821515440941 2.8002480491995803 98.458598215132952 0.82786185294389536 4.8175522685050964 4.5268994756042957 91.632493950426579 1.171336904168129 0.69774359464645275 2.0334861986339066 11.152400128543377 0.43853222206234932
leaf_count=58 511 17 31 233 69 418 69 2419 7 112 91 2117 9 16 39 274 9
model_size=1936
internal_value=0 0.0705132 -0.0505528 -0.0746428 0.081243 -0.0774603 0.0392433 -0.0981708 0.0588281 0.011838 -0.0717228 0.10071 0.0147004 0.103176 -0.10061 -0.0720108 -0.0236632
internal_weight=0 114.903 161.247 136.328 24.9184 19.4743 23.3421 112.986 20.5419 10.1723 5.35476 95.4286 2.65988 92.7688 111.644 13.1859 1.13628
internal_count=6499 2644 3855 3275 580 476 512 2763 443 210 98 2168 26 2142 2732 313 25
is_linear=0
shrinkage=0.1


Tree=25
num_leaves= 15
num_cat= 0
full_tree_array_lgbids= 0 1 2 5 11 4 3 -1 -7 12 13 -2 -6 7 6 -2147483648 -2147483648 -2147483648 -2147483648 -3 -14 -13 -15 -2147483648 -2147483648 -2147483648 -2147483648 -4 -9 8 -8 -2147483648 -2147483648 -2147483648 -2147483648 -2147483648 -2147483648 -2147483648 -2147483648 -2147483648 -2147483648 -2147483648 -2147483648 -2147483648 -2147483648 -2147483648 -2147483648 -2147483648 -2147483648 -2147483648 -2147483648 -2147483648 -2147483648 -2147483648 -2147483648 -2147483648 -2147483648 -2147483648 -2147483648 -5 9 -2147483648 -2147483648 -2147483648 -2147483648 -2147483648 -2147483648 -2147483648 -2147483648 -2147483648 -2147483648 -2147483648 -2147483648 -2147483648 -2147483648 -2147483648 -2147483648 -2147483648 -2147483648 -2147483648 -2147483648 -2147483648 -2147483648 -2147483648 -2147483648 -2147483648 -2147483648 -2147483648 -2147483648 -2147483648 -2147483648 -2147483648 -2147483648 -2147483648 -2147483648 -2147483648 -2147483648 -2147483648 -2147483648 -2147483648 -2147483648 -2147483648 -2147483648 -2147483648 -2147483648 -2147483648 -2147483648 -2147483648 -2147483648 -2147483648 -2147483648 -2147483648 -2147483648 -2147483648 -2147483648 -2147483648 -2147483648 -2147483648 -2147483648 -2147483648 -2147483648 10 -11 -2147483648 -2147483648 -2147483648 -2147483648 -2147483648 -2147483648 -2147483648 -2147483648 -2147483648 -2147483648 -2147483648 -2147483648 -2147483648 -2147483648 -2147483648 -2147483648 -2147483648 -2147483648 -2147483648 -2147483648 -2147483648 -2147483648 -2147483648 -2147483648 -2147483648 -2147483648 -2147483648 -2147483648 -2147483648 -2147483648 -2147483648 -2147483648 -2147483648 -2147483648 -2147483648 -2147483648 -2147483648 -2147483648 -2147483648 -2147483648 -2147483648 -2147483648 -2147483648 -2147483648 -2147483648 -2147483648 -2147483648 -2147483648 -2147483648 -2147483648 -2147483648 -2147483648 -2147483648 -2147483648 -2147483648 -2147483648 -2147483648 -2147483648 -2147483648 -2147483648 -2147483648 -2147483648 -2147483648 -2147483648 -2147483648 -2147483648 -2147483648 -2147483648 -2147483648 -2147483648 -2147483648 -2147483648 -2147483648 -2147483648 -2147483648 -2147483648 -2147483648 -2147483648 -2147483648 -2147483648 -2147483648 -2147483648 -2147483648 -2147483648 -2147483648 -2147483648 -2147483648 -2147483648 -2147483648 -2147483648 -2147483648 -2147483648 -2147483648 -2147483648 -2147483648 -2147483648 -2147483648 -2147483648 -2147483648 -2147483648 -2147483648 -2147483648 -2147483648 -2147483648 -2147483648 -2147483648 -2147483648 -2147483648 -2147483648 -2147483648 -2147483648 -2147483648 -2147483648 -2147483648 -2147483648 -2147483648 -2147483648 -2147483648 -2147483648 -2147483648 -10 -12 -2147483648 -2147483648 -2147483648 -2147483648 -2147483648 -2147483648 -2147483648 -2147483648 -2147483648 -2147483648
split_feature= 8 20 19 7 4 10 9 13 21 3 20 12 1 21
split_gain= 87.3964 45.0683 44.9546 31.7579 8.63999 7.46481 4.75849 3.88247 2.85569 5.9498 1.93864 0.698248 2.12886 0.512682
threshold= 3.5000000000000004 3.5000000000000004 1.5000000000000002 1.0000000180025095e-35 4.5000000000000009 1.0000000180025095e-35 1.0000000180025095e-35 1.5000000000000002 1.5000000000000002 1.0000000180025095e-35 3.5000000000000004 1.0000000180025095e-35 2.5000000000000004 4.5000000000000009
decision_type= 2 2 2 2 2 2 2 2 2 2 2 2 2 2
left_child=1 5 4 7 -2 -1 8 -4 -5 10 -10 12 -3 -13
right_child=2 11 3 6 -6 -7 -8 -9 9 -11 -12 13 -14 -15
leaf_value= 0.1042769941535199 0.10427699415352004 0.11718733490571021 0.10427699415352006 0.10443420406370685 -0.10398665302316219 -0.10398665302316219 -0.10398665302316219 -0.10018329640353843 0.11414360665476858 0.10424779079881213 -0.10542919779624552 0.10427699415352006 -0.11615006865146066 -0.023551671263407806
leaf_weight=2.2813395410776165 20.09938802570105 1.3694962896406642 1.2193366512656201 9.4245564267039352 2.5439163185656062 15.41097132116556 2.5439163185656062 101.42829646542668 0.75989744067191889 4.3777095079421997 4.1182980202138424 83.268893249332905 1.0774026587605476 1.032826080918311
leaf_count=58 511 17 31 233 69 418 69 2732 7 112 91 2117 9 25
model_size=1600
internal_value=0 0.0701775 -0.0503311 -0.0743158 0.0808791 -0.077132 0.0390413 -0.0977545 0.058519 0.0117671 -0.0712254 0.100221 0.0144457 0.102711
internal_weight=0 104.441 146.515 123.872 22.6433 17.6923 21.2244 102.648 18.6805 9.2559 4.8782 86.7486 2.4469 84.3017
internal_count=6499 2644 3855 3275 580 476 512 2763 443 210 98 2168 26 2142
is_linear=0
shrinkage=0.1


Tree=26
num_leaves= 17
num_cat= 0
full_tree_array_lgbids= 0 1 2 5 11 4 3 -1 -7 12 13 -2 -6 7 6 -2147483648 -2147483648 -2147483648 -2147483648 -3 -14 -13 -15 -2147483648 -2147483648 -2147483648 -2147483648 -4 14 8 -8 -2147483648 -2147483648 -2147483648 -2147483648 -2147483648 -2147483648 -2147483648 -2147483648 -2147483648 -2147483648 -2147483648 -2147483648 -2147483648 -2147483648 -2147483648 -2147483648 -2147483648 -2147483648 -2147483648 -2147483648 -2147483648 -2147483648 -2147483648 -2147483648 -2147483648 -2147483648 -9 15 -5 9 -2147483648 -2147483648 -2147483648 -2147483648 -2147483648 -2147483648 -2147483648 -2147483648 -2147483648 -2147483648 -2147483648 -2147483648 -2147483648 -2147483648 -2147483648 -2147483648 -2147483648 -2147483648 -2147483648 -2147483648 -2147483648 -2147483648 -2147483648 -2147483648 -2147483648 -2147483648 -2147483648 -2147483648 -2147483648 -2147483648 -2147483648 -2147483648 -2147483648 -2147483648 -2147483648 -2147483648 -2147483648 -2147483648 -2147483648 -2147483648 -2147483648 -2147483648 -2147483648 -2147483648 -2147483648 -2147483648 -2147483648 -2147483648 -2147483648 -2147483648 -2147483648 -2147483648 -2147483648 -2147483648 -2147483648 -2147483648 -16 -17 -2147483648 -2147483648 10 -11 -2147483648 -2147483648 -2147483648 -2147483648 -2147483648 -2147483648 -2147483648 -2147483648 -2147483648 -2147483648 -2147483648 -2147483648 -2147483648 -2147483648 -2147483648 -2147483648 -2147483648 -2147483648 -2147483648 -2147483648 -2147483648 -2147483648 -2147483648 -2147483648 -2147483648 -2147483648 -2147483648 -2147483648 -2147483648 -2147483648 -2147483648 -2147483648 -2147483648 -2147483648 -2147483648 -2147483648 -2147483648 -2147483648 -2147483648 -2147483648 -2147483648 -2147483648 -2147483648 -2147483648 -2147483648 -2147483648 -2147483648 -2147483648 -2147483648 -2147483648 -2147483648 -2147483648 -2147483648 -2147483648 -2147483648 -2147483648 -2147483648 -2147483648 -2147483648 -2147483648 -2147483648 -2147483648 -2147483648 -2147483648 -2147483648 -2147483648 -2147483648 -2147483648 -2147483648 -2147483648 -2147483648 -2147483648 -2147483648 -2147483648 -2147483648 -2147483648 -2147483648 -2147483648 -2147483648 -2147483648 -2147483648 -2147483648 -2147483648 -2147483648 -2147483648 -2147483648 -2147483648 -2147483648 -2147483648 -2147483648 -2147483648 -2147483648 -2147483648 -2147483648 -2147483648 -2147483648 -2147483648 -2147483648 -2147483648 -2147483648 -2147483648 -2147483648 -2147483648 -2147483648 -2147483648 -2147483648 -2147483648 -2147483648 -2147483648 -2147483648 -2147483648 -2147483648 -2147483648 -2147483648 -2147483648 -2147483648 -2147483648 -2147483648 -2147483648 -2147483648 -10 -12 -2147483648 -2147483648 -2147483648 -2147483648 -2147483648 -2147483648 -2147483648 -2147483648 -2147483648 -2147483648
split_feature= 8 20 19 7 4 10 9 13 21 3 20 12 1 21 17 19
split_gain= 78.3563 40.4114 40.1579 28.2091 7.64706 6.58975 4.14803 3.32836 2.43757 5.21843 1.60034 0.511026 1.74477 0.410777 0.223738 6.1012
threshold= 3.5000000000000004 3.5000000000000004 1.5000000000000002 1.0000000180025095e-35 4.5000000000000009 1.0000000180025095e-35 1.0000000180025095e-35 1.5000000000000002 1.5000000000000002 1.0000000180025095e-35 3.5000000000000004 1.0000000180025095e-35 2.5000000000000004 4.5000000000000009 1.5000000000000002 6.5000000000000009
decision_type= 2 2 2 2 2 2 2 2 2 2 2 2 2 2 2 2
left_child=1 5 4 7 -2 -1 8 -4 -5 10 -10 12 -3 -13 -9 -16
right_child=2 11 3 6 -6 -7 -8 14 9 -11 -12 13 -14 -15 15 -17
leaf_value= 0.10385346582430799 0.10385346582430816 0.11535796942788296 0.10385346582430817 0.10399466929928139 -0.10359291491265815 -0.10359291491265815 -0.10359291491265815 -0.10361811402835304 0.11261792836988685 0.10382726626461458 -0.10488991698332065 0.10385346582430817 -0.11437908727122253 -0.021304672118774667 0.10580800298030069 -0.10361811402835303
leaf_weight=2.0722302719950703 18.257063258439306 1.2578120622783893 1.1075713522732247 8.5618951693177276 2.3101333491504183 13.994720868766306 2.3101333491504183 81.516678582876921 0.69641984254121592 3.9763405919075012 3.7445713393390179 75.636404927819967 0.98919171094894398 1.0278604812920082 2.023273587226865 9.2333898022770882
leaf_count=58 511 17 31 233 69 418 69 2419 7 112 91 2117 9 25 39 274
model_size=1824
internal_value=0 0.0698119 -0.0498582 -0.0735587 0.0805528 -0.0768376 0.0388604 -0.096657 0.0582421 0.0117037 -0.0707811 0.0996709 0.0142215 0.102175 -0.0990508 -0.0659758
internal_weight=0 94.9782 133.737 113.17 20.5672 16.067 19.2894 93.8809 16.9792 8.41733 4.44099 78.9113 2.247 76.6643 92.7733 11.2567
internal_count=6499 2644 3855 3275 580 476 512 2763 443 210 98 2168 26 2142 2732 313
is_linear=0
shrinkage=0.1


Tree=27
num_leaves= 17
num_cat= 0
full_tree_array_lgbids= 0 1 2 5 11 4 3 -1 -7 12 13 -2 -6 7 6 -2147483648 -2147483648 -2147483648 -2147483648 -3 -14 -13 -15 -2147483648 -2147483648 -2147483648 -2147483648 -4 14 8 -8 -2147483648 -2147483648 -2147483648 -2147483648 -2147483648 -2147483648 -2147483648 -2147483648 -2147483648 -2147483648 -2147483648 -2147483648 -2147483648 -2147483648 -2147483648 -2147483648 -2147483648 -2147483648 -2147483648 -2147483648 -2147483648 -2147483648 -2147483648 -2147483648 -2147483648 -2147483648 -9 15 -5 9 -2147483648 -2147483648 -2147483648 -2147483648 -2147483648 -2147483648 -2147483648 -2147483648 -2147483648 -2147483648 -2147483648 -2147483648 -2147483648 -2147483648 -2147483648 -2147483648 -2147483648 -2147483648 -2147483648 -2147483648 -2147483648 -2147483648 -2147483648 -2147483648 -2147483648 -2147483648 -2147483648 -2147483648 -2147483648 -2147483648 -2147483648 -2147483648 -2147483648 -2147483648 -2147483648 -2147483648 -2147483648 -2147483648 -2147483648 -2147483648 -2147483648 -2147483648 -2147483648 -2147483648 -2147483648 -2147483648 -2147483648 -2147483648 -2147483648 -2147483648 -2147483648 -2147483648 -2147483648 -2147483648 -2147483648 -2147483648 -16 -17 -2147483648 -2147483648 10 -11 -2147483648 -2147483648 -2147483648 -2147483648 -2147483648 -2147483648 -2147483648 -2147483648 -2147483648 -2147483648 -2147483648 -2147483648 -2147483648 -2147483648 -2147483648 -2147483648 -2147483648 -2147483648 -2147483648 -2147483648 -2147483648 -2147483648 -2147483648 -2147483648 -2147483648 -2147483648 -2147483648 -2147483648 -2147483648 -2147483648 -2147483648 -2147483648 -2147483648 -2147483648 -2147483648 -2147483648 -2147483648 -2147483648 -2147483648 -2147483648 -2147483648 -2147483648 -2147483648 -2147483648 -2147483648 -2147483648 -2147483648 -2147483648 -2147483648 -2147483648 -2147483648 -2147483648 -2147483648 -2147483648 -2147483648 -2147483648 -2147483648 -2147483648 -2147483648 -2147483648 -2147483648 -2147483648 -2147483648 -2147483648 -2147483648 -2147483648 -2147483648 -2147483648 -2147483648 -2147483648 -2147483648 -2147483648 -2147483648 -2147483648 -2147483648 -2147483648 -2147483648 -2147483648 -2147483648 -2147483648 -2147483648 -2147483648 -2147483648 -2147483648 -2147483648 -2147483648 -2147483648 -2147483648 -2147483648 -2147483648 -2147483648 -2147483648 -2147483648 -2147483648 -2147483648 -2147483648 -2147483648 -2147483648 -2147483648 -2147483648 -2147483648 -2147483648 -2147483648 -2147483648 -2147483648 -2147483648 -2147483648 -2147483648 -2147483648 -2147483648 -2147483648 -2147483648 -2147483648 -2147483648 -2147483648 -2147483648 -2147483648 -2147483648 -2147483648 -2147483648 -10 -12 -2147483648 -2147483648 -2147483648 -2147483648 -2147483648 -2147483648 -2147483648 -2147483648 -2147483648 -2147483648
split_feature= 8 20 19 7 4 10 9 13 21 3 2 12 1 21 17 19
split_gain= 70.4354 36.2275 36.0555 25.2919 6.74952 5.79772 3.59412 2.85724 2.05554 4.55655 1.29212 0.332152 1.40088 0.314272 0.0602821 5.35422
threshold= 3.5000000000000004 3.5000000000000004 1.5000000000000002 1.0000000180025095e-35 4.5000000000000009 1.0000000180025095e-35 1.0000000180025095e-35 1.5000000000000002 1.5000000000000002 1.0000000180025095e-35 8.5000000000000018 1.0000000180025095e-35 2.5000000000000004 4.5000000000000009 1.5000000000000002 6.5000000000000009
decision_type= 2 2 2 2 2 2 2 2 2 2 2 2 2 2 2 2
left_child=1 5 4 7 -2 -1 8 -4 -5 10 -10 12 -3 -13 -9 -16
right_child=2 11 3 6 -6 -7 -8 14 9 -11 -12 13 -14 -15 15 -17
leaf_value= 0.10347335349041774 0.10347335349041771 0.11374039516060175 0.10347335349041774 0.10360027984458281 -0.10323934713330028 -0.10323934713330028 -0.10323934713330028 -0.10326198751703944 -0.10440623007547362 0.10344981884175208 0.11127401767619452 0.10347335349041774 -0.11282499500646211 -0.019255766274966637 0.10522486816866937 -0.10326198751703941
leaf_weight=1.881568357348441 16.577266044914726 1.1534700524061912 1.0056658461689938 7.7751115709543246 2.0970889013260594 12.704103779047726 2.0970889013260594 74.000755123794079 3.4031242355704308 3.6103997230529785 0.63736663013696659 68.677245043218136 0.90675274282693852 1.0237379670143116 1.8403611592948408 8.382061555981636
leaf_count=58 511 17 31 233 69 418 69 2419 91 112 7 2117 9 25 39 274
model_size=1824
internal_value=0 0.0694706 -0.0496794 -0.0732949 0.08026 -0.0765732 0.0386982 -0.0963207 0.0579939 0.011647 -0.0703838 0.0991545 0.0140236 0.101671 -0.0987063 -0.0657277
internal_weight=0 86.3469 121.426 102.752 18.6744 14.5857 17.5231 85.2288 15.426 7.65089 4.04049 71.7612 2.06022 69.701 84.2232 10.2224
internal_count=6499 2644 3855 3275 580 476 512 2763 443 210 98 2168 26 2142 2732 313
is_linear=0
shrinkage=0.1


Tree=28
num_leaves= 15
num_cat= 0
full_tree_array_lgbids= 0 1 2 5 11 4 3 -1 -7 12 13 -2 -6 7 6 -2147483648 -2147483648 -2147483648 -2147483648 -3 -14 -13 -15 -2147483648 -2147483648 -2147483648 -2147483648 -4 -9 8 -8 -2147483648 -2147483648 -2147483648 -2147483648 -2147483648 -2147483648 -2147483648 -2147483648 -2147483648 -2147483648 -2147483648 -2147483648 -2147483648 -2147483648 -2147483648 -2147483648 -2147483648 -2147483648 -2147483648 -2147483648 -2147483648 -2147483648 -2147483648 -2147483648 -2147483648 -2147483648 -2147483648 -2147483648 -5 9 -2147483648 -2147483648 -2147483648 -2147483648 -2147483648 -2147483648 -2147483648 -2147483648 -2147483648 -2147483648 -2147483648 -2147483648 -2147483648 -2147483648 -2147483648 -2147483648 -2147483648 -2147483648 -2147483648 -2147483648 -2147483648 -2147483648 -2147483648 -2147483648 -2147483648 -2147483648 -2147483648 -2147483648 -2147483648 -2147483648 -2147483648 -2147483648 -2147483648 -2147483648 -2147483648 -2147483648 -2147483648 -2147483648 -2147483648 -2147483648 -2147483648 -2147483648 -2147483648 -2147483648 -2147483648 -2147483648 -2147483648 -2147483648 -2147483648 -2147483648 -2147483648 -2147483648 -2147483648 -2147483648 -2147483648 -2147483648 -2147483648 -2147483648 -2147483648 -2147483648 10 -11 -2147483648 -2147483648 -2147483648 -2147483648 -2147483648 -2147483648 -2147483648 -2147483648 -2147483648 -2147483648 -2147483648 -2147483648 -2147483648 -2147483648 -2147483648 -2147483648 -2147483648 -2147483648 -2147483648 -2147483648 -2147483648 -2147483648 -2147483648 -2147483648 -2147483648 -2147483648 -2147483648 -2147483648 -2147483648 -2147483648 -2147483648 -2147483648 -2147483648 -2147483648 -2147483648 -2147483648 -2147483648 -2147483648 -2147483648 -2147483648 -2147483648 -2147483648 -2147483648 -2147483648 -2147483648 -2147483648 -2147483648 -2147483648 -2147483648 -2147483648 -2147483648 -2147483648 -2147483648 -2147483648 -2147483648 -2147483648 -2147483648 -2147483648 -2147483648 -2147483648 -2147483648 -2147483648 -2147483648 -2147483648 -2147483648 -2147483648 -2147483648 -2147483648 -2147483648 -2147483648 -2147483648 -2147483648 -2147483648 -2147483648 -2147483648 -2147483648 -2147483648 -2147483648 -2147483648 -2147483648 -2147483648 -2147483648 -2147483648 -2147483648 -2147483648 -2147483648 -2147483648 -2147483648 -2147483648 -2147483648 -2147483648 -2147483648 -2147483648 -2147483648 -2147483648 -2147483648 -2147483648 -2147483648 -2147483648 -2147483648 -2147483648 -2147483648 -2147483648 -2147483648 -2147483648 -2147483648 -2147483648 -2147483648 -2147483648 -2147483648 -2147483648 -2147483648 -2147483648 -2147483648 -2147483648 -2147483648 -2147483648 -2147483648 -2147483648 -2147483648 -10 -12 -2147483648 -2147483648 -2147483648 -2147483648 -2147483648 -2147483648 -2147483648 -2147483648 -2147483648 -2147483648
split_feature= 8 20 19 7 4 10 9 13 21 3 2 12 1 21
split_gain= 63.3207 32.4703 32.3694 22.6691 5.94245 5.08519 3.09598 2.4331 1.71119 3.96187 1.01581 0.166975 1.0968 0.227763
threshold= 3.5000000000000004 3.5000000000000004 1.5000000000000002 1.0000000180025095e-35 4.5000000000000009 1.0000000180025095e-35 1.0000000180025095e-35 1.5000000000000002 1.5000000000000002 1.0000000180025095e-35 8.5000000000000018 1.0000000180025095e-35 2.5000000000000004 4.5000000000000009
decision_type= 2 2 2 2 2 2 2 2 2 2 2 2 2 2
left_child=1 5 4 7 -2 -1 8 -4 -5 10 -10 12 -3 -13
right_child=2 11 3 6 -6 -7 -8 -9 9 -11 -12 13 -14 -15
leaf_value= 0.10313192461089341 0.10313192461089341 0.1123069157535807 0.10313192461089341 0.10324608667866093 -0.10292161391218083 -0.10292161391218094 -0.10292161391218083 -0.098396827424801908 -0.10397202994586635 0.10311077688000381 0.11008679247917855 0.10313192461089341 -0.11145665110106139 -0.017391650649235642
leaf_weight=1.7078625038266171 15.046857576817274 1.0563411433249701 0.91282306239008804 7.0581162422895396 1.9030840359628207 11.528827928006647 1.9030840359628207 76.436093082651496 3.0914777815341954 3.2770190536975861 0.58261378109455098 62.336981389671564 0.83001936972141255 1.0203125849366177
leaf_count=58 511 17 31 233 69 418 69 2732 91 112 7 2117 9 25
model_size=1600
internal_value=0 0.0691496 -0.0495188 -0.0730579 0.0799969 -0.0763356 0.0385526 -0.0960185 0.0577712 0.0115963 -0.070028 0.0986657 0.0138485 0.101191
internal_weight=0 78.4803 110.211 93.2612 16.9499 13.2367 15.9123 77.3489 14.0092 6.95111 3.67409 65.2437 1.88636 63.3573
internal_count=6499 2644 3855 3275 580 476 512 2763 443 210 98 2168 26 2142
is_linear=0
shrinkage=0.1


Tree=29
num_leaves= 17
num_cat= 0
full_tree_array_lgbids= 0 1 2 5 13 4 3 -1 -7 14 15 -2 -6 7 6 -2147483648 -2147483648 -2147483648 -2147483648 -3 -16 -15 -17 -2147483648 -2147483648 -2147483648 -2147483648 -4 11 8 -8 -2147483648 -2147483648 -2147483648 -2147483648 -2147483648 -2147483648 -2147483648 -2147483648 -2147483648 -2147483648 -2147483648 -2147483648 -2147483648 -2147483648 -2147483648 -2147483648 -2147483648 -2147483648 -2147483648 -2147483648 -2147483648 -2147483648 -2147483648 -2147483648 -2147483648 -2147483648 -9 12 -5 9 -2147483648 -2147483648 -2147483648 -2147483648 -2147483648 -2147483648 -2147483648 -2147483648 -2147483648 -2147483648 -2147483648 -2147483648 -2147483648 -2147483648 -2147483648 -2147483648 -2147483648 -2147483648 -2147483648 -2147483648 -2147483648 -2147483648 -2147483648 -2147483648 -2147483648 -2147483648 -2147483648 -2147483648 -2147483648 -2147483648 -2147483648 -2147483648 -2147483648 -2147483648 -2147483648 -2147483648 -2147483648 -2147483648 -2147483648 -2147483648 -2147483648 -2147483648 -2147483648 -2147483648 -2147483648 -2147483648 -2147483648 -2147483648 -2147483648 -2147483648 -2147483648 -2147483648 -2147483648 -2147483648 -2147483648 -2147483648 -13 -14 -2147483648 -2147483648 10 -11 -2147483648 -2147483648 -2147483648 -2147483648 -2147483648 -2147483648 -2147483648 -2147483648 -2147483648 -2147483648 -2147483648 -2147483648 -2147483648 -2147483648 -2147483648 -2147483648 -2147483648 -2147483648 -2147483648 -2147483648 -2147483648 -2147483648 -2147483648 -2147483648 -2147483648 -2147483648 -2147483648 -2147483648 -2147483648 -2147483648 -2147483648 -2147483648 -2147483648 -2147483648 -2147483648 -2147483648 -2147483648 -2147483648 -2147483648 -2147483648 -2147483648 -2147483648 -2147483648 -2147483648 -2147483648 -2147483648 -2147483648 -2147483648 -2147483648 -2147483648 -2147483648 -2147483648 -2147483648 -2147483648 -2147483648 -2147483648 -2147483648 -2147483648 -2147483648 -2147483648 -2147483648 -2147483648 -2147483648 -2147483648 -2147483648 -2147483648 -2147483648 -2147483648 -2147483648 -2147483648 -2147483648 -2147483648 -2147483648 -2147483648 -2147483648 -2147483648 -2147483648 -2147483648 -2147483648 -2147483648 -2147483648 -2147483648 -2147483648 -2147483648 -2147483648 -2147483648 -2147483648 -2147483648 -2147483648 -2147483648 -2147483648 -2147483648 -2147483648 -2147483648 -2147483648 -2147483648 -2147483648 -2147483648 -2147483648 -2147483648 -2147483648 -2147483648 -2147483648 -2147483648 -2147483648 -2147483648 -2147483648 -2147483648 -2147483648 -2147483648 -2147483648 -2147483648 -2147483648 -2147483648 -2147483648 -2147483648 -2147483648 -2147483648 -2147483648 -2147483648 -10 -12 -2147483648 -2147483648 -2147483648 -2147483648 -2147483648 -2147483648 -2147483648 -2147483648 -2147483648 -2147483648
split_feature= 8 20 19 7 4 10 9 13 21 3 2 17 19 12 1 21
split_gain= 56.752 29.0957 28.8717 20.068 5.21828 4.44582 2.64974 2.0243 1.40271 3.42922 0.769844 0.19139 5.00039 0.0168568 0.829252 0.152113
threshold= 3.5000000000000004 3.5000000000000004 1.5000000000000002 1.0000000180025095e-35 4.5000000000000009 1.0000000180025095e-35 1.0000000180025095e-35 1.5000000000000002 1.5000000000000002 1.0000000180025095e-35 8.5000000000000018 1.5000000000000002 6.5000000000000009 1.0000000180025095e-35 2.5000000000000004 4.5000000000000009
decision_type= 2 2 2 2 2 2 2 2 2 2 2 2 2 2 2 2
left_child=1 5 4 7 -2 -1 8 -4 -5 10 -10 -9 -13 14 -3 -15
right_child=2 13 3 6 -6 -7 -8 11 9 -11 -12 12 -14 15 -16 -17
leaf_value= 0.10282502126035142 0.10282502126035142 0.11103406504456914 0.10282502126035142 0.10292776497400308 -0.10263586569556574 -0.10263586569556582 -0.10263586569556574 -0.10266625342761251 -0.10358194218366985 0.1028060055424983 0.10903531252055654 0.10518931657177505 -0.10266625342761251 0.10282502126035142 -0.11024832483834231 -0.015698786458106122
leaf_weight=1.5497152991592873 13.653526170179244 0.96621245704591163 0.8282961081713428 6.4051924441009724 1.726531499996782 10.459277782589195 1.726531499996782 61.19025987200439 2.8072822242975239 2.973511815071106 0.53199403733015049 1.8290737196803073 6.9310174472630024 56.564608419314027 0.75884179025888443 1.0174633748829354
leaf_count=58 511 17 31 233 69 418 69 2419 91 112 7 39 274 2117 9 25
model_size=1824
internal_value=0 0.068845 -0.049049 -0.0722949 0.0797604 -0.0761219 0.0384219 -0.09489 0.0575712 0.0115507 -0.069709 -0.0972312 -0.0592668 0.0981991 0.0136932 0.100731
internal_weight=0 71.3161 100.603 85.2232 15.3801 12.009 14.4445 70.7786 12.718 6.31279 3.33928 69.9504 8.76009 59.3071 1.72505 57.5821
internal_count=6499 2644 3855 3275 580 476 512 2763 443 210 98 2732 313 2168 26 2142
is_linear=0
shrinkage=0.1


Tree=30
num_leaves= 14
num_cat= 0
full_tree_array_lgbids= 0 1 2 5 -3 4 3 -1 -7 -2147483648 -2147483648 -2 -6 7 6 -2147483648 -2147483648 -2147483648 -2147483648 -2147483648 -2147483648 -2147483648 -2147483648 -2147483648 -2147483648 -2147483648 -2147483648 -4 11 8 -8 -2147483648 -2147483648 -2147483648 -2147483648 -2147483648 -2147483648 -2147483648 -2147483648 -2147483648 -2147483648 -2147483648 -2147483648 -2147483648 -2147483648 -2147483648 -2147483648 -2147483648 -2147483648 -2147483648 -2147483648 -2147483648 -2147483648 -2147483648 -2147483648 -2147483648 -2147483648 -9 12 -5 9 -2147483648 -2147483648 -2147483648 -2147483648 -2147483648 -2147483648 -2147483648 -2147483648 -2147483648 -2147483648 -2147483648 -2147483648 -2147483648 -2147483648 -2147483648 -2147483648 -2147483648 -2147483648 -2147483648 -2147483648 -2147483648 -2147483648 -2147483648 -2147483648 -2147483648 -2147483648 -2147483648 -2147483648 -2147483648 -2147483648 -2147483648 -2147483648 -2147483648 -2147483648 -2147483648 -2147483648 -2147483648 -2147483648 -2147483648 -2147483648 -2147483648 -2147483648 -2147483648 -2147483648 -2147483648 -2147483648 -2147483648 -2147483648 -2147483648 -2147483648 -2147483648 -2147483648 -2147483648 -2147483648 -2147483648 -2147483648 -13 -14 -2147483648 -2147483648 10 -11 -2147483648 -2147483648 -2147483648 -2147483648 -2147483648 -2147483648 -2147483648 -2147483648 -2147483648 -2147483648 -2147483648 -2147483648 -2147483648 -2147483648 -2147483648 -2147483648 -2147483648 -2147483648 -2147483648 -2147483648 -2147483648 -2147483648 -2147483648 -2147483648 -2147483648 -2147483648 -2147483648 -2147483648 -2147483648 -2147483648 -2147483648 -2147483648 -2147483648 -2147483648 -2147483648 -2147483648 -2147483648 -2147483648 -2147483648 -2147483648 -2147483648 -2147483648 -2147483648 -2147483648 -2147483648 -2147483648 -2147483648 -2147483648 -2147483648 -2147483648 -2147483648 -2147483648 -2147483648 -2147483648 -2147483648 -2147483648 -2147483648 -2147483648 -2147483648 -2147483648 -2147483648 -2147483648 -2147483648 -2147483648 -2147483648 -2147483648 -2147483648 -2147483648 -2147483648 -2147483648 -2147483648 -2147483648 -2147483648 -2147483648 -2147483648 -2147483648 -2147483648 -2147483648 -2147483648 -2147483648 -2147483648 -2147483648 -2147483648 -2147483648 -2147483648 -2147483648 -2147483648 -2147483648 -2147483648 -2147483648 -2147483648 -2147483648 -2147483648 -2147483648 -2147483648 -2147483648 -2147483648 -2147483648 -2147483648 -2147483648 -2147483648 -2147483648 -2147483648 -2147483648 -2147483648 -2147483648 -2147483648 -2147483648 -2147483648 -2147483648 -2147483648 -2147483648 -2147483648 -2147483648 -2147483648 -2147483648 -2147483648 -2147483648 -2147483648 -2147483648 -10 -12 -2147483648 -2147483648 -2147483648 -2147483648 -2147483648 -2147483648 -2147483648 -2147483648 -2147483648 -2147483648
split_feature= 8 20 19 7 4 10 9 13 21 3 2 17 19
split_gain= 51.0148 26.0575 25.9053 17.965 4.56276 3.86644 2.2444 1.68099 1.1209 2.94644 0.545347 0.0291986 4.36337
threshold= 3.5000000000000004 3.5000000000000004 1.5000000000000002 1.0000000180025095e-35 4.5000000000000009 1.0000000180025095e-35 1.0000000180025095e-35 1.5000000000000002 1.5000000000000002 1.0000000180025095e-35 8.5000000000000018 1.5000000000000002 6.5000000000000009
decision_type= 2 2 2 2 2 2 2 2 2 2 2 2 2
left_child=1 5 4 7 -2 -1 8 -4 -5 10 -10 -9 -13
right_child=2 -3 3 6 -6 -7 -8 11 9 -11 -12 12 -14
leaf_value= 0.10254897274617014 0.10254897274617014 0.097749418909204508 0.10254897274617014 0.10264149217245344 -0.10237875438803246 -0.10237875438803257 -0.10237875438803246 -0.10240610609731327 -0.10323124378041025 0.10253185908829249 0.10810195732688638 0.10467117737677077 -0.10240610609731325
leaf_weight=1.4058226719498623 12.385782506316897 53.903440471738577 0.75138797983527084 5.8109986241906846 1.5659537985920913 9.4865027219057065 1.5659537985920913 55.500724043697119 2.5483235567808156 2.6973721086978912 0.48531150817871083 1.6627887301146973 6.2865640297532082
leaf_count=58 511 2168 31 233 69 418 69 2419 91 112 7 39 274
model_size=1488
internal_value=0 0.0685535 -0.0489187 -0.0721025 0.0795477 -0.0759297 0.0383044 -0.0946442 0.0573915 0.0115099 -0.0694228 -0.0969794 -0.0590912
internal_weight=0 64.7958 91.2612 77.3094 13.9517 10.8923 13.108 64.2015 11.542 5.73101 3.03364 63.4501 7.94935
internal_count=6499 2644 3855 3275 580 476 512 2763 443 210 98 2732 313
is_linear=0
shrinkage=0.1


Tree=31
num_leaves= 15
num_cat= 0
full_tree_array_lgbids= 0 2 1 5 11 4 3 -1 -7 12 13 -2 -6 7 6 -2147483648 -2147483648 -2147483648 -2147483648 -4 -14 -13 -15 -2147483648 -2147483648 -2147483648 -2147483648 -3 -9 8 -8 -2147483648 -2147483648 -2147483648 -2147483648 -2147483648 -2147483648 -2147483648 -2147483648 -2147483648 -2147483648 -2147483648 -2147483648 -2147483648 -2147483648 -2147483648 -2147483648 -2147483648 -2147483648 -2147483648 -2147483648 -2147483648 -2147483648 -2147483648 -2147483648 -2147483648 -2147483648 -2147483648 -2147483648 -5 9 -2147483648 -2147483648 -2147483648 -2147483648 -2147483648 -2147483648 -2147483648 -2147483648 -2147483648 -2147483648 -2147483648 -2147483648 -2147483648 -2147483648 -2147483648 -2147483648 -2147483648 -2147483648 -2147483648 -2147483648 -2147483648 -2147483648 -2147483648 -2147483648 -2147483648 -2147483648 -2147483648 -2147483648 -2147483648 -2147483648 -2147483648 -2147483648 -2147483648 -2147483648 -2147483648 -2147483648 -2147483648 -2147483648 -2147483648 -2147483648 -2147483648 -2147483648 -2147483648 -2147483648 -2147483648 -2147483648 -2147483648 -2147483648 -2147483648 -2147483648 -2147483648 -2147483648 -2147483648 -2147483648 -2147483648 -2147483648 -2147483648 -2147483648 -2147483648 -2147483648 10 -11 -2147483648 -2147483648 -2147483648 -2147483648 -2147483648 -2147483648 -2147483648 -2147483648 -2147483648 -2147483648 -2147483648 -2147483648 -2147483648 -2147483648 -2147483648 -2147483648 -2147483648 -2147483648 -2147483648 -2147483648 -2147483648 -2147483648 -2147483648 -2147483648 -2147483648 -2147483648 -2147483648 -2147483648 -2147483648 -2147483648 -2147483648 -2147483648 -2147483648 -2147483648 -2147483648 -2147483648 -2147483648 -2147483648 -2147483648 -2147483648 -2147483648 -2147483648 -2147483648 -2147483648 -2147483648 -2147483648 -2147483648 -2147483648 -2147483648 -2147483648 -2147483648 -2147483648 -2147483648 -2147483648 -2147483648 -2147483648 -2147483648 -2147483648 -2147483648 -2147483648 -2147483648 -2147483648 -2147483648 -2147483648 -2147483648 -2147483648 -2147483648 -2147483648 -2147483648 -2147483648 -2147483648 -2147483648 -2147483648 -2147483648 -2147483648 -2147483648 -2147483648 -2147483648 -2147483648 -2147483648 -2147483648 -2147483648 -2147483648 -2147483648 -2147483648 -2147483648 -2147483648 -2147483648 -2147483648 -2147483648 -2147483648 -2147483648 -2147483648 -2147483648 -2147483648 -2147483648 -2147483648 -2147483648 -2147483648 -2147483648 -2147483648 -2147483648 -2147483648 -2147483648 -2147483648 -2147483648 -2147483648 -2147483648 -2147483648 -2147483648 -2147483648 -2147483648 -2147483648 -2147483648 -2147483648 -2147483648 -2147483648 -2147483648 -2147483648 -2147483648 -10 -12 -2147483648 -2147483648 -2147483648 -2147483648 -2147483648 -2147483648 -2147483648 -2147483648 -2147483648 -2147483648
split_feature= 8 19 20 7 4 10 9 13 21 3 20 12 1 21
split_gain= 45.6524 23.2351 23.1383 16.0714 3.97239 3.34446 1.87933 1.37158 0.866685 2.51192 0.343589 0.09251 0.578885 0.305422
threshold= 3.5000000000000004 1.5000000000000002 3.5000000000000004 1.0000000180025095e-35 4.5000000000000009 1.0000000180025095e-35 1.0000000180025095e-35 1.5000000000000002 1.5000000000000002 1.0000000180025095e-35 3.5000000000000004 1.0000000180025095e-35 2.5000000000000004 4.5000000000000009
decision_type= 2 2 2 2 2 2 2 2 2 2 2 2 2 2
left_child=2 4 5 7 -2 -1 8 -3 -5 10 -10 12 -4 -13
right_child=1 3 11 6 -6 -7 -8 -9 9 -11 -12 13 -14 -15
leaf_value= 0.10230053385746335 0.10230053385746336 0.10230053385746335 0.10899934979708646 0.10238388278186028 -0.10214726866567679 -0.10214726866567692 -0.10214726866567679 -0.096752702370464239 0.10727179263468752 0.10228513560474746 -0.10291574563598938 0.10231160695571349 -0.11012101724725408 -0.023603607560323273
leaf_weight=1.2749728113412846 11.232950113713738 0.6814509853720655 0.81406567245721706 5.2705646082758868 1.4199811387807137 8.6022045798599702 1.4199811387807137 57.539991235360503 0.44235251843929324 2.4462707340717316 2.3125270344316959 46.750281387940049 0.75114975124597549 1.032946504652499
leaf_count=58 511 31 17 233 69 418 69 2732 7 112 91 2117 9 25
model_size=1600
internal_value=0 -0.0488014 0.0678164 -0.0719293 0.0793563 -0.0757566 0.0381987 -0.0944229 0.0572298 0.0114732 -0.0691658 0.0965528 0.00384308 0.0995897
internal_weight=0 82.7661 59.2256 70.1131 12.6529 9.87718 11.8917 58.2214 10.4717 5.20115 2.75488 49.3484 1.56522 47.7832
internal_count=6499 3855 2644 3275 580 476 512 2763 443 210 98 2168 26 2142
is_linear=0
shrinkage=0.1


Tree=32
num_leaves= 14
num_cat= 0
full_tree_array_lgbids= 0 1 2 5 -3 4 3 -1 -7 -2147483648 -2147483648 -2 -6 7 6 -2147483648 -2147483648 -2147483648 -2147483648 -2147483648 -2147483648 -2147483648 -2147483648 -2147483648 -2147483648 -2147483648 -2147483648 -4 11 8 -8 -2147483648 -2147483648 -2147483648 -2147483648 -2147483648 -2147483648 -2147483648 -2147483648 -2147483648 -2147483648 -2147483648 -2147483648 -2147483648 -2147483648 -2147483648 -2147483648 -2147483648 -2147483648 -2147483648 -2147483648 -2147483648 -2147483648 -2147483648 -2147483648 -2147483648 -2147483648 -9 12 -5 9 -2147483648 -2147483648 -2147483648 -2147483648 -2147483648 -2147483648 -2147483648 -2147483648 -2147483648 -2147483648 -2147483648 -2147483648 -2147483648 -2147483648 -2147483648 -2147483648 -2147483648 -2147483648 -2147483648 -2147483648 -2147483648 -2147483648 -2147483648 -2147483648 -2147483648 -2147483648 -2147483648 -2147483648 -2147483648 -2147483648 -2147483648 -2147483648 -2147483648 -2147483648 -2147483648 -2147483648 -2147483648 -2147483648 -2147483648 -2147483648 -2147483648 -2147483648 -2147483648 -2147483648 -2147483648 -2147483648 -2147483648 -2147483648 -2147483648 -2147483648 -2147483648 -2147483648 -2147483648 -2147483648 -2147483648 -2147483648 -13 -14 -2147483648 -2147483648 10 -11 -2147483648 -2147483648 -2147483648 -2147483648 -2147483648 -2147483648 -2147483648 -2147483648 -2147483648 -2147483648 -2147483648 -2147483648 -2147483648 -2147483648 -2147483648 -2147483648 -2147483648 -2147483648 -2147483648 -2147483648 -2147483648 -2147483648 -2147483648 -2147483648 -2147483648 -2147483648 -2147483648 -2147483648 -2147483648 -2147483648 -2147483648 -2147483648 -2147483648 -2147483648 -2147483648 -2147483648 -2147483648 -2147483648 -2147483648 -2147483648 -2147483648 -2147483648 -2147483648 -2147483648 -2147483648 -2147483648 -2147483648 -2147483648 -2147483648 -2147483648 -2147483648 -2147483648 -2147483648 -2147483648 -2147483648 -2147483648 -2147483648 -2147483648 -2147483648 -2147483648 -2147483648 -2147483648 -2147483648 -2147483648 -2147483648 -2147483648 -2147483648 -2147483648 -2147483648 -2147483648 -2147483648 -2147483648 -2147483648 -2147483648 -2147483648 -2147483648 -2147483648 -2147483648 -2147483648 -2147483648 -2147483648 -2147483648 -2147483648 -2147483648 -2147483648 -2147483648 -2147483648 -2147483648 -2147483648 -2147483648 -2147483648 -2147483648 -2147483648 -2147483648 -2147483648 -2147483648 -2147483648 -2147483648 -2147483648 -2147483648 -2147483648 -2147483648 -2147483648 -2147483648 -2147483648 -2147483648 -2147483648 -2147483648 -2147483648 -2147483648 -2147483648 -2147483648 -2147483648 -2147483648 -2147483648 -2147483648 -2147483648 -2147483648 -2147483648 -2147483648 -10 -12 -2147483648 -2147483648 -2147483648 -2147483648 -2147483648 -2147483648 -2147483648 -2147483648 -2147483648 -2147483648
split_feature= 8 20 19 7 4 10 9 13 21 3 2 17 19
split_gain= 40.8639 20.6903 20.6626 14.1475 3.43472 2.86827 1.54465 1.06183 0.63158 2.11489 0.15641 0.156254 4.02529
threshold= 3.5000000000000004 3.5000000000000004 1.5000000000000002 1.0000000180025095e-35 4.5000000000000009 1.0000000180025095e-35 1.0000000180025095e-35 1.5000000000000002 1.5000000000000002 1.0000000180025095e-35 8.5000000000000018 1.5000000000000002 6.5000000000000009
decision_type= 2 2 2 2 2 2 2 2 2 2 2 2 2
left_child=1 5 4 7 -2 -1 8 -4 -5 10 -10 -9 -13
right_child=2 -3 3 6 -6 -7 -8 11 9 -11 -12 12 -14
leaf_value= 0.10207682855475966 0.10207682855475959 0.096127185954319613 0.10207682855475958 0.10215194792814704 -0.10193876027005018 -0.10193876027005029 -0.10193876027005018 -0.10197160291389594 -0.10263176896107831 0.10206294970101677 0.10653211696558043 0.10463433755436019 -0.10197160291389594
leaf_weight=1.1560426019132117 10.185133958235379 44.84617427084595 0.61788483895361324 4.7792807873338425 1.2873462885618217 7.7987065017223358 1.2873462885618217 45.866779021918774 2.0979558471590285 2.2180503904819489 0.40289410948753346 1.6508358791470517 5.1953275948762894
leaf_count=58 511 2168 31 233 69 418 69 2419 91 112 7 39 274
model_size=1488
internal_value=0 0.0675444 -0.0483097 -0.0711224 0.0791839 -0.0756007 0.0381036 -0.0932121 0.0570844 0.0114402 -0.0689349 -0.0955012 -0.0521521
internal_weight=0 53.8009 75.5888 64.1164 11.4725 8.95475 10.7855 53.3308 9.49818 4.7189 2.50085 52.7129 6.84616
internal_count=6499 2644 3855 3275 580 476 512 2763 443 210 98 2732 313
is_linear=0
shrinkage=0.1


Tree=33
num_leaves= 13
num_cat= 0
full_tree_array_lgbids= 0 2 1 5 10 4 3 -1 -7 11 -12 -2 -6 7 6 -2147483648 -2147483648 -2147483648 -2147483648 -4 -13 -2147483648 -2147483648 -2147483648 -2147483648 -2147483648 -2147483648 -3 -9 8 -8 -2147483648 -2147483648 -2147483648 -2147483648 -2147483648 -2147483648 -2147483648 -2147483648 -2147483648 -2147483648 -2147483648 -2147483648 -2147483648 -2147483648 -2147483648 -2147483648 -2147483648 -2147483648 -2147483648 -2147483648 -2147483648 -2147483648 -2147483648 -2147483648 -2147483648 -2147483648 -2147483648 -2147483648 -5 9 -2147483648 -2147483648 -2147483648 -2147483648 -2147483648 -2147483648 -2147483648 -2147483648 -2147483648 -2147483648 -2147483648 -2147483648 -2147483648 -2147483648 -2147483648 -2147483648 -2147483648 -2147483648 -2147483648 -2147483648 -2147483648 -2147483648 -2147483648 -2147483648 -2147483648 -2147483648 -2147483648 -2147483648 -2147483648 -2147483648 -2147483648 -2147483648 -2147483648 -2147483648 -2147483648 -2147483648 -2147483648 -2147483648 -2147483648 -2147483648 -2147483648 -2147483648 -2147483648 -2147483648 -2147483648 -2147483648 -2147483648 -2147483648 -2147483648 -2147483648 -2147483648 -2147483648 -2147483648 -2147483648 -2147483648 -2147483648 -2147483648 -2147483648 -2147483648 -2147483648 -10 -11 -2147483648 -2147483648 -2147483648 -2147483648
split_feature= 8 19 20 7 4 10 9 13 21 3 21 12
split_gain= 36.5039 18.5055 18.301 12.6242 2.94975 2.43862 1.24266 0.807102 0.419089 1.75689 0.176691 0.381298
threshold= 3.5000000000000004 1.5000000000000002 3.5000000000000004 1.0000000180025095e-35 4.5000000000000009 1.0000000180025095e-35 1.0000000180025095e-35 1.5000000000000002 1.5000000000000002 1.0000000180025095e-35 4.5000000000000009 1.0000000180025095e-35
decision_type= 2 2 2 2 2 2 2 2 2 2 2 2
left_child=2 4 5 7 -2 -1 8 -3 -5 -10 11 -4
right_child=1 3 10 6 -6 -7 -8 -9 9 -11 -12 -13
leaf_value= 0.1018752863209608 0.10187528632096073 0.10187528632096071 -0.014430343051212583 0.10194302239259526 -0.10175087166346947 -0.10175087166346962 -0.10175087166346947 -0.095315459886503195 -0.068727172150325241 0.10186278636493747 -0.018280883912700115 0.10189553949177493
leaf_weight=1.0479945987462977 9.2331937924027407 0.56013504415750404 1.31984532624483 4.3328832387924159 1.1668805927038199 7.0689288079738617 1.1668805927038199 47.785254258662462 2.2695201188325882 2.0107179582118988 1.1574516324326385 38.649405591189861
leaf_count=58 511 31 17 233 69 418 69 2732 98 112 34 2117
model_size=1376
internal_value=0 -0.0482141 0.0667191 -0.0709809 0.0790286 -0.0754602 0.038018 -0.0930308 0.0569534 0.0114105 0.0947802 0.0980543
internal_weight=0 68.5255 49.2436 58.1254 10.4001 8.11692 9.78 48.3454 8.61312 4.28024 41.1267 39.9693
internal_count=6499 3855 2644 3275 580 476 512 2763 443 210 2168 2134
is_linear=0
shrinkage=0.1


Tree=34
num_leaves= 16
num_cat= 0
full_tree_array_lgbids= 0 2 1 5 12 4 3 -1 -7 13 -14 -2 -6 6 8 -2147483648 -2147483648 -2147483648 -2147483648 -4 -15 -2147483648 -2147483648 -2147483648 -2147483648 -2147483648 -2147483648 -3 7 10 -10 -2147483648 -2147483648 -2147483648 -2147483648 -2147483648 -2147483648 -2147483648 -2147483648 -2147483648 -2147483648 -2147483648 -2147483648 -2147483648 -2147483648 -2147483648 -2147483648 -2147483648 -2147483648 -2147483648 -2147483648 -2147483648 -2147483648 -2147483648 -2147483648 -2147483648 -2147483648 -8 9 -5 11 -2147483648 -2147483648 -2147483648 -2147483648 -2147483648 -2147483648 -2147483648 -2147483648 -2147483648 -2147483648 -2147483648 -2147483648 -2147483648 -2147483648 -2147483648 -2147483648 -2147483648 -2147483648 -2147483648 -2147483648 -2147483648 -2147483648 -2147483648 -2147483648 -2147483648 -2147483648 -2147483648 -2147483648 -2147483648 -2147483648 -2147483648 -2147483648 -2147483648 -2147483648 -2147483648 -2147483648 -2147483648 -2147483648 -2147483648 -2147483648 -2147483648 -2147483648 -2147483648 -2147483648 -2147483648 -2147483648 -2147483648 -2147483648 -2147483648 -2147483648 -2147483648 -2147483648 -2147483648 -2147483648 -2147483648 -2147483648 -9 -11 -2147483648 -2147483648 14 -13 -2147483648 -2147483648 -2147483648 -2147483648 -2147483648 -2147483648 -2147483648 -2147483648 -2147483648 -2147483648 -2147483648 -2147483648 -2147483648 -2147483648 -2147483648 -2147483648 -2147483648 -2147483648 -2147483648 -2147483648 -2147483648 -2147483648 -2147483648 -2147483648 -2147483648 -2147483648 -2147483648 -2147483648 -2147483648 -2147483648 -2147483648 -2147483648 -2147483648 -2147483648 -2147483648 -2147483648 -2147483648 -2147483648 -2147483648 -2147483648 -2147483648 -2147483648 -2147483648 -2147483648 -2147483648 -2147483648 -2147483648 -2147483648 -2147483648 -2147483648 -2147483648 -2147483648 -2147483648 -2147483648 -2147483648 -2147483648 -2147483648 -2147483648 -2147483648 -2147483648 -2147483648 -2147483648 -2147483648 -2147483648 -2147483648 -2147483648 -2147483648 -2147483648 -2147483648 -2147483648 -2147483648 -2147483648 -2147483648 -2147483648 -2147483648 -2147483648 -2147483648 -2147483648 -2147483648 -2147483648 -2147483648 -2147483648 -2147483648 -2147483648 -2147483648 -2147483648 -2147483648 -2147483648 -2147483648 -2147483648 -2147483648 -2147483648 -2147483648 -2147483648 -2147483648 -2147483648 -2147483648 -2147483648 -2147483648 -2147483648 -2147483648 -2147483648 -2147483648 -2147483648 -2147483648 -2147483648 -2147483648 -2147483648 -2147483648 -2147483648 -2147483648 -2147483648 -2147483648 -2147483648 -2147483648 -2147483648 -2147483648 -2147483648 -2147483648 -2147483648 -12 -16 -2147483648 -2147483648 -2147483648 -2147483648 -2147483648 -2147483648 -2147483648 -2147483648 -2147483648 -2147483648
split_feature= 8 19 20 7 4 10 19 19 9 4 21 3 21 12 20
split_gain= 32.5387 16.3722 16.2737 11.0943 2.51034 2.049 0.972912 3.00836 0.949879 0.528384 0.254035 1.37528 0.0862584 0.300702 0.019174
threshold= 3.5000000000000004 1.5000000000000002 3.5000000000000004 1.0000000180025095e-35 4.5000000000000009 1.0000000180025095e-35 4.5000000000000009 6.5000000000000009 1.0000000180025095e-35 4.5000000000000009 1.5000000000000002 1.0000000180025095e-35 4.5000000000000009 1.0000000180025095e-35 3.5000000000000004
decision_type= 2 2 2 2 2 2 2 2 2 2 2 2 2 2 2
left_child=2 4 5 6 -2 -1 -3 -8 10 -9 -5 14 13 -4 -12
right_child=1 3 12 8 -6 -7 7 9 -10 -11 11 -13 -14 -15 -16
leaf_value= 0.10169365742564709 0.10169365742564712 -0.10161859780860433 -0.013004714445905792 0.10175474295874387 -0.10158148312983367 -0.10158148312983382 0.10459134684087285 0.10169365742564691 -0.10158148312983376 -0.10161859780860433 0.10628978035150201 0.10168239289427639 -0.016498218266828773 0.10171190819935197 -0.10221875644505185
leaf_weight=0.94987216591834922 8.3687013238668406 37.368016391992569 1.3181728869676579 3.9274399168789369 1.057508189231158 6.4063539579510689 1.6368680521845806 0.50769029557704914 1.0575081892311571 4.8434215877205133 0.38971806317567859 1.8224363625049593 1.1544348262250412 35.03135159984231 1.7819077484309671
leaf_count=58 511 2384 17 233 69 418 39 31 69 309 7 112 34 2117 91
model_size=1712
internal_value=0 -0.0475806 0.0662669 -0.0699322 0.0788886 -0.0753336 -0.0916818 -0.0385448 0.0375098 -0.0823292 0.0560783 0.0111637 0.0940412 0.0975518 -0.0648
internal_weight=0 62.7612 44.8602 53.335 9.42621 7.35623 44.356 6.98798 8.97901 5.35111 7.9215 3.99406 37.504 36.3495 2.17163
internal_count=6499 3855 2644 3275 580 476 2763 379 512 340 443 210 2168 2134 98
is_linear=0
shrinkage=0.1


Tree=35
num_leaves= 13
num_cat= 0
full_tree_array_lgbids= 0 2 1 5 -4 4 3 -1 -7 -2147483648 -2147483648 -2 -6 6 8 -2147483648 -2147483648 -2147483648 -2147483648 -2147483648 -2147483648 -2147483648 -2147483648 -2147483648 -2147483648 -2147483648 -2147483648 -3 7 10 -10 -2147483648 -2147483648 -2147483648 -2147483648 -2147483648 -2147483648 -2147483648 -2147483648 -2147483648 -2147483648 -2147483648 -2147483648 -2147483648 -2147483648 -2147483648 -2147483648 -2147483648 -2147483648 -2147483648 -2147483648 -2147483648 -2147483648 -2147483648 -2147483648 -2147483648 -2147483648 -8 9 -5 11 -2147483648 -2147483648 -2147483648 -2147483648 -2147483648 -2147483648 -2147483648 -2147483648 -2147483648 -2147483648 -2147483648 -2147483648 -2147483648 -2147483648 -2147483648 -2147483648 -2147483648 -2147483648 -2147483648 -2147483648 -2147483648 -2147483648 -2147483648 -2147483648 -2147483648 -2147483648 -2147483648 -2147483648 -2147483648 -2147483648 -2147483648 -2147483648 -2147483648 -2147483648 -2147483648 -2147483648 -2147483648 -2147483648 -2147483648 -2147483648 -2147483648 -2147483648 -2147483648 -2147483648 -2147483648 -2147483648 -2147483648 -2147483648 -2147483648 -2147483648 -2147483648 -2147483648 -2147483648 -2147483648 -2147483648 -2147483648 -9 -11 -2147483648 -2147483648 -12 -13 -2147483648 -2147483648 -2147483648 -2147483648
split_feature= 8 19 20 7 4 10 19 19 9 4 21 3
split_gain= 29.1313 14.6247 14.4369 9.85826 2.10402 1.68752 0.717893 2.5515 0.69406 0.315531 0.0681497 1.0796
threshold= 3.5000000000000004 1.5000000000000002 3.5000000000000004 1.0000000180025095e-35 4.5000000000000009 1.0000000180025095e-35 4.5000000000000009 6.5000000000000009 1.0000000180025095e-35 4.5000000000000009 1.5000000000000002 1.0000000180025095e-35
decision_type= 2 2 2 2 2 2 2 2 2 2 2 2
left_child=2 4 5 6 -2 -1 -3 -8 10 -9 -5 -12
right_child=1 3 -4 8 -6 -7 7 9 -10 -11 11 -13
leaf_value= 0.10152988912337245 0.10152988912337246 -0.10146220307247485 0.093267466440025135 0.10158500468475498 -0.10142871599443673 -0.10142871599443681 0.10413540213664414 0.10152988912337224 -0.10142871599443673 -0.10146220307247483 -0.064624738436613621 0.1015197256625458
leaf_weight=0.86079569533467193 7.5839069020003063 33.861445963382721 34.215483300387859 3.5593303171917778 0.95824080426245917 5.8049950171262026 1.4872535057365883 0.46008045785129059 0.95824080426245917 4.3889206387102604 1.9702010005712509 1.6515163332223892
leaf_count=58 511 2384 2168 233 69 418 39 31 69 309 98 112
model_size=1376
internal_value=0 -0.0475018 0.0657953 -0.0698153 0.0787624 -0.0752194 -0.0915321 -0.0384647 0.0374381 -0.082202 0.0559685 0.0111377
internal_weight=0 56.8791 40.8813 48.337 8.54215 6.66579 40.1977 6.33625 8.13929 4.849 7.18105 3.62172
internal_count=6499 3855 2644 3275 580 476 2763 379 512 340 443 210
is_linear=0
shrinkage=0.1


Tree=36
num_leaves= 13
num_cat= 0
full_tree_array_lgbids= 0 2 1 5 9 4 3 -1 -7 10 -11 -2 -6 6 8 -2147483648 -2147483648 -2147483648 -2147483648 -4 -12 -2147483648 -2147483648 -2147483648 -2147483648 -2147483648 -2147483648 -3 7 -5 -10 -2147483648 -2147483648 -2147483648 -2147483648 -2147483648 -2147483648 -2147483648 -2147483648 -2147483648 -2147483648 -2147483648 -2147483648 -2147483648 -2147483648 -2147483648 -2147483648 -2147483648 -2147483648 -2147483648 -2147483648 -2147483648 -2147483648 -2147483648 -2147483648 -2147483648 -2147483648 -8 11 -2147483648 -2147483648 -2147483648 -2147483648 -2147483648 -2147483648 -2147483648 -2147483648 -2147483648 -2147483648 -2147483648 -2147483648 -2147483648 -2147483648 -2147483648 -2147483648 -2147483648 -2147483648 -2147483648 -2147483648 -2147483648 -2147483648 -2147483648 -2147483648 -2147483648 -2147483648 -2147483648 -2147483648 -2147483648 -2147483648 -2147483648 -2147483648 -2147483648 -2147483648 -2147483648 -2147483648 -2147483648 -2147483648 -2147483648 -2147483648 -2147483648 -2147483648 -2147483648 -2147483648 -2147483648 -2147483648 -2147483648 -2147483648 -2147483648 -2147483648 -2147483648 -2147483648 -2147483648 -2147483648 -2147483648 -2147483648 -2147483648 -2147483648 -9 -13 -2147483648 -2147483648 -2147483648 -2147483648 -2147483648 -2147483648 -2147483648 -2147483648
split_feature= 8 19 20 7 4 10 19 19 9 21 12 4
split_gain= 25.8916 13.0241 12.6605 8.7929 1.7423 1.3662 0.492138 2.1432 0.45135 0.196245 0.477164 0.126519
threshold= 3.5000000000000004 1.5000000000000002 3.5000000000000004 1.0000000180025095e-35 4.5000000000000009 1.0000000180025095e-35 4.5000000000000009 6.5000000000000009 1.0000000180025095e-35 4.5000000000000009 1.0000000180025095e-35 4.5000000000000009
decision_type= 2 2 2 2 2 2 2 2 2 2 2 2
left_child=2 4 5 6 -2 -1 -3 -8 -5 10 -4 -9
right_child=1 3 9 8 -6 -7 7 11 -10 -11 -12 -13
leaf_value= 0.10138218346564346 0.10138218346564346 -0.10132112331087316 -0.020885922169231765 0.055021927470366806 -0.10129091468540444 -0.10129091468540452 0.10372641739772798 0.10138218346564323 -0.10129091468540444 -0.023917336617285141 0.10140864299315322 -0.10132112331087313
leaf_weight=0.77995715104043384 6.8716914514079681 30.679594904184341 1.3293272629380286 6.6154436711221924 0.86817171145230521 5.2593590635806322 1.350758023560046 0.41687364969402541 0.86817171145230521 1.1690912973135699 28.998268710449338 3.9765078965574503
leaf_count=58 511 2384 17 443 69 418 39 31 69 34 2117 309
model_size=1376
internal_value=0 -0.0473256 0.0647724 -0.069532 0.0786486 -0.0751164 -0.0913971 -0.0383924 0.0368881 0.0915953 0.0960482 -0.0820873
internal_weight=0 51.6472 37.536 43.9073 7.73986 6.03932 36.4237 5.74414 7.48362 31.4967 30.3276 4.39338
internal_count=6499 3855 2644 3275 580 476 2763 379 512 2168 2134 340
is_linear=0
shrinkage=0.1


Tree=37
num_leaves= 14
num_cat= 0
full_tree_array_lgbids= 0 2 1 5 10 4 3 -1 -7 12 11 -2 -6 6 8 -2147483648 -2147483648 -2147483648 -2147483648 -4 -14 -12 -13 -2147483648 -2147483648 -2147483648 -2147483648 -3 7 9 -10 -2147483648 -2147483648 -2147483648 -2147483648 -2147483648 -2147483648 -2147483648 -2147483648 -2147483648 -2147483648 -2147483648 -2147483648 -2147483648 -2147483648 -2147483648 -2147483648 -2147483648 -2147483648 -2147483648 -2147483648 -2147483648 -2147483648 -2147483648 -2147483648 -2147483648 -2147483648 -8 -9 -5 -11 -2147483648 -2147483648
split_feature= 8 19 20 7 4 10 19 19 4 20 12 21 1
split_gain= 23.0596 11.5024 11.1885 7.91472 1.4156 1.07591 0.287719 1.77512 0.272678 0.353394 0.0874129 0.406217 0.231925
threshold= 3.5000000000000004 1.5000000000000002 3.5000000000000004 1.0000000180025095e-35 4.5000000000000009 1.0000000180025095e-35 4.5000000000000009 6.5000000000000009 5.5000000000000009 3.5000000000000004 1.0000000180025095e-35 4.5000000000000009 2.5000000000000004
decision_type= 2 2 2 2 2 2 2 2 2 2 2 2 2
left_child=2 4 5 6 -2 -1 -3 -8 9 -5 12 -12 -4
right_child=1 3 10 8 -6 -7 7 -9 -10 -11 11 -13 -14
leaf_value= 0.10124892270984971 0.10124892270984971 -0.10119382500999569 0.10703378312556416 0.10264562981747921 -0.10116655887967979 -0.1011665588796799 0.10335926799589662 -0.081983732931109998 0.10129293397911149 -0.037966600738692617 0.10127280517016875 -0.033539106480759938 -0.11043919325054907
leaf_weight=0.70661601796746154 6.2255307789891949 27.793188914656639 0.65862276777625328 1.2336442954838265 0.78647071961313475 4.7644168231636286 1.2263367064297188 3.980063077993691 2.507600050419569 3.4791742423549294 26.272121743299071 1.0610273852944363 0.77030568569898605
leaf_count=58 511 2384 17 72 69 418 39 340 199 241 2117 25 9
model_size=1488
internal_value=0 -0.0468484 0.0642662 -0.0687098 0.0785459 -0.0750234 -0.0912753 -0.0383273 0.0344215 -0.00115944 0.0907615 0.0960396 -0.0102014
internal_weight=0 47.232 34.2331 40.22 7.012 5.47103 32.9996 5.2064 7.22042 4.71282 28.7621 27.3331 1.42893
internal_count=6499 3855 2644 3275 580 476 2763 379 512 313 2168 2142 26
is_linear=0
shrinkage=0.1


Tree=38
num_leaves= 11
num_cat= 0
full_tree_array_lgbids= 0 2 1 5 -4 4 3 -1 -7 -2147483648 -2147483648 -2 -6 6 8 -2147483648 -2147483648 -2147483648 -2147483648 -2147483648 -2147483648 -2147483648 -2147483648 -2147483648 -2147483648 -2147483648 -2147483648 -3 7 9 -10 -2147483648 -2147483648 -2147483648 -2147483648 -2147483648 -2147483648 -2147483648 -2147483648 -2147483648 -2147483648 -2147483648 -2147483648 -2147483648 -2147483648 -2147483648 -2147483648 -2147483648 -2147483648 -2147483648 -2147483648 -2147483648 -2147483648 -2147483648 -2147483648 -2147483648 -2147483648 -8 -9 -5 -11 -2147483648 -2147483648
split_feature= 8 19 20 7 4 10 19 10 4 20
split_gain= 20.5346 10.1208 9.90496 7.04772 1.1128 0.80595 0.188984 1.52178 0.108283 0.112127
threshold= 3.5000000000000004 1.5000000000000002 3.5000000000000004 1.0000000180025095e-35 4.5000000000000009 1.0000000180025095e-35 4.5000000000000009 3.5000000000000004 5.5000000000000009 3.5000000000000004
decision_type= 2 2 2 2 2 2 2 2 2 2
left_child=2 4 5 6 -2 -1 -3 -8 9 -5
right_child=1 3 -4 8 -6 -7 7 -9 -10 -11
leaf_value= 0.10112866489506633 0.10112866489506689 -0.10107893200908941 0.090315113930169624 0.10239388548244321 -0.1010543172087754 -0.1010543172087755 0.059448953921491632 -0.10109984896193458 0.10116838706953289 -0.034642986380276963
leaf_weight=0.640094224363568 5.6394508387893429 25.175449281930927 26.153899853117764 1.1188522242009629 0.71237832494080056 4.3155672438442707 1.9309866167604912 2.9161061262711883 2.2716215718537569 3.4341738577932119
leaf_count=58 511 2384 2168 72 69 418 108 271 199 241
model_size=1152
internal_value=0 -0.0463205 0.0639905 -0.0678293 0.0784532 -0.0749395 -0.0907561 -0.0371404 0.0330288 -0.000967798
internal_weight=0 43.199 31.1096 36.8472 6.35183 4.95566 30.0225 4.84709 6.82465 4.55303
internal_count=6499 3855 2644 3275 580 476 2763 379 512 313
is_linear=0
shrinkage=0.1


Tree=39
num_leaves= 7
num_cat= 0
full_tree_array_lgbids= 0 2 1 -1 -4 3 -3 -2147483648 -2147483648 -2147483648 -2147483648 -2 4 -2147483648 -2147483648 -2147483648 -2147483648 -2147483648 -2147483648 -2147483648 -2147483648 -2147483648 -2147483648 -2147483648 -2147483648 -5 5 -2147483648 -2147483648 -2147483648 -2147483648 -2147483648 -2147483648 -2147483648 -2147483648 -2147483648 -2147483648 -2147483648 -2147483648 -2147483648 -2147483648 -2147483648 -2147483648 -2147483648 -2147483648 -2147483648 -2147483648 -2147483648 -2147483648 -2147483648 -2147483648 -2147483648 -2147483648 -6 -7 -2147483648 -2147483648 -2147483648 -2147483648 -2147483648 -2147483648 -2147483648 -2147483648
split_feature= 4 4 4 19 19 12
split_gain= 18.1174 28.932 9.44805 0.742983 1.52726 1.39307
threshold= 2.5000000000000004 5.5000000000000009 1.0000000180025095e-35 4.5000000000000009 5.5000000000000009 2.5000000000000004
decision_type= 2 2 2 2 2 2
left_child=2 3 -1 -2 -5 -6
right_child=1 -3 -4 4 5 -7
leaf_value= -0.10098463107339545 -0.10138490857161442 0.10105178909526252 0.10124754540602482 0.10257192254830026 -0.098400579275558925 0.07618498666041261
leaf_weight=3.0855188444256809 25.640199647285044 11.56686463486403 20.16062546428293 1.2478733882307995 5.3484113719314337 1.1539572821930049
leaf_count=320 2523 1123 1885 58 516 74
model_size=704
internal_value=0 -0.0387268 0.0744048 -0.0871478 -0.0400472 -0.0674174
internal_weight=0 44.9573 23.2461 33.3904 7.75024 6.50237
internal_count=6499 4294 2205 3171 648 590
is_linear=0
shrinkage=0.1


Tree=40
num_leaves= 7
num_cat= 0
full_tree_array_lgbids= 0 2 1 -1 -4 3 -3 -2147483648 -2147483648 -2147483648 -2147483648 -2 4 -2147483648 -2147483648 -2147483648 -2147483648 -2147483648 -2147483648 -2147483648 -2147483648 -2147483648 -2147483648 -2147483648 -2147483648 -5 5 -2147483648 -2147483648 -2147483648 -2147483648 -2147483648 -2147483648 -2147483648 -2147483648 -2147483648 -2147483648 -2147483648 -2147483648 -2147483648 -2147483648 -2147483648 -2147483648 -2147483648 -2147483648 -2147483648 -2147483648 -2147483648 -2147483648 -2147483648 -2147483648 -2147483648 -2147483648 -6 -7 -2147483648 -2147483648 -2147483648 -2147483648 -2147483648 -2147483648 -2147483648 -2147483648
split_feature= 4 4 4 19 19 12
split_gain= 16.1968 25.937 8.37526 0.552871 1.1953 1.0739
threshold= 2.5000000000000004 5.5000000000000009 1.0000000180025095e-35 4.5000000000000009 5.5000000000000009 2.5000000000000004
decision_type= 2 2 2 2 2 2
left_child=2 3 -1 -2 -5 -6
right_child=1 -3 -4 4 5 -7
leaf_value= -0.10089006706559517 -0.10125595670425416 0.10095068916447392 0.10112883429500137 0.10232191975482768 -0.097720867184407298 0.072485961368199736
leaf_weight=2.7943767458200481 23.228256139904264 10.476079976186154 18.262412287294865 1.1317408317700017 4.8714537415653467 1.0947234686464069
leaf_count=320 2523 1123 1885 58 516 74
model_size=704
internal_value=0 -0.0386087 0.0743196 -0.086819 -0.0395734 -0.0664899
internal_weight=0 40.8023 21.0568 30.3262 7.09792 5.96618
internal_count=6499 4294 2205 3171 648 590
is_linear=0
shrinkage=0.1


Tree=41
num_leaves= 7
num_cat= 0
full_tree_array_lgbids= 0 2 1 -1 -4 3 -3 -2147483648 -2147483648 -2147483648 -2147483648 -2 4 -2147483648 -2147483648 -2147483648 -2147483648 -2147483648 -2147483648 -2147483648 -2147483648 -2147483648 -2147483648 -2147483648 -2147483648 -5 5 -2147483648 -2147483648 -2147483648 -2147483648 -2147483648 -2147483648 -2147483648 -2147483648 -2147483648 -2147483648 -2147483648 -2147483648 -2147483648 -2147483648 -2147483648 -2147483648 -2147483648 -2147483648 -2147483648 -2147483648 -2147483648 -2147483648 -2147483648 -2147483648 -2147483648 -2147483648 -6 -7 -2147483648 -2147483648 -2147483648 -2147483648 -2147483648 -2147483648 -2147483648 -2147483648
split_feature= 4 4 4 19 19 12
split_gain= 14.4679 23.2342 7.41069 0.388356 0.897184 0.786801
threshold= 2.5000000000000004 5.5000000000000009 1.0000000180025095e-35 4.5000000000000009 5.5000000000000009 2.5000000000000004
decision_type= 2 2 2 2 2 2
left_child=2 3 -1 -2 -5 -6
right_child=1 -3 -4 4 5 -7
leaf_value= -0.10080465191049631 -0.10113881344190197 0.10085940628328494 0.10102143625643784 0.10209668030377952 -0.096939423749885248 0.06861429231570719
leaf_weight=2.530490078963342 21.040901884436611 9.4872920298948866 16.541188745293766 1.0261855553835619 4.4416650980710983 1.0435902811586855
leaf_count=320 2523 1123 1885 58 516 74
model_size=704
internal_value=0 -0.0384822 0.0742425 -0.0864627 -0.0390385 -0.0654422
internal_weight=0 37.0396 19.0717 27.5523 6.51144 5.48526
internal_count=6499 4294 2205 3171 648 590
is_linear=0
shrinkage=0.1


Tree=42
num_leaves= 7
num_cat= 0
full_tree_array_lgbids= 0 2 1 -1 -4 3 -3 -2147483648 -2147483648 -2147483648 -2147483648 -2 4 -2147483648 -2147483648 -2147483648 -2147483648 -2147483648 -2147483648 -2147483648 -2147483648 -2147483648 -2147483648 -2147483648 -2147483648 -5 5 -2147483648 -2147483648 -2147483648 -2147483648 -2147483648 -2147483648 -2147483648 -2147483648 -2147483648 -2147483648 -2147483648 -2147483648 -2147483648 -2147483648 -2147483648 -2147483648 -2147483648 -2147483648 -2147483648 -2147483648 -2147483648 -2147483648 -2147483648 -2147483648 -2147483648 -2147483648 -6 -7 -2147483648 -2147483648 -2147483648 -2147483648 -2147483648 -2147483648 -2147483648 -2147483648
split_feature= 4 4 4 19 19 12
split_gain= 12.9046 20.7895 6.53837 0.241692 0.626138 0.526906
threshold= 2.5000000000000004 5.5000000000000009 1.0000000180025095e-35 4.5000000000000009 5.5000000000000009 2.5000000000000004
decision_type= 2 2 2 2 2 2
left_child=2 3 -1 -2 -5 -6
right_child=1 -3 -4 4 5 -7
leaf_value= -0.1007274900575431 -0.10103243667649804 0.10077695357159014 0.10092425687472464 0.10189366159109213 -0.096036408526189818 0.064617358015232038
leaf_weight=2.2913468349725017 19.057622126769278 8.5911230328492802 14.980765535496175 0.93028697371482749 4.0549231600016356 0.99969631247222412
leaf_count=320 2523 1123 1885 58 516 74
model_size=704
internal_value=0 -0.038345 0.0741728 -0.0860724 -0.0384354 -0.0642625
internal_weight=0 33.6337 17.2721 25.0425 5.98491 5.05462
internal_count=6499 4294 2205 3171 648 590
is_linear=0
shrinkage=0.1


Tree=43
num_leaves= 7
num_cat= 0
full_tree_array_lgbids= 0 2 1 -1 -4 3 -3 -2147483648 -2147483648 -2147483648 -2147483648 -2 4 -2147483648 -2147483648 -2147483648 -2147483648 -2147483648 -2147483648 -2147483648 -2147483648 -2147483648 -2147483648 -2147483648 -2147483648 -5 5 -2147483648 -2147483648 -2147483648 -2147483648 -2147483648 -2147483648 -2147483648 -2147483648 -2147483648 -2147483648 -2147483648 -2147483648 -2147483648 -2147483648 -2147483648 -2147483648 -2147483648 -2147483648 -2147483648 -2147483648 -2147483648 -2147483648 -2147483648 -2147483648 -2147483648 -2147483648 -6 -7 -2147483648 -2147483648 -2147483648 -2147483648 -2147483648 -2147483648 -2147483648 -2147483648
split_feature= 4 4 4 19 19 12
split_gain= 11.4906 18.5775 5.74919 0.111153 0.379634 0.291528
threshold= 2.5000000000000004 5.5000000000000009 1.0000000180025095e-35 4.5000000000000009 5.5000000000000009 2.5000000000000004
decision_type= 2 2 2 2 2 2
left_child=2 3 -1 -2 -5 -6
right_child=1 -3 -4 4 5 -7
leaf_value= -0.10065778308425294 -0.10093585393247434 0.10070247320000798 0.10083632943730894 0.10171061084748863 -0.094990278831886849 0.06054837195893218
leaf_weight=2.0746591226197753 17.259711826220162 7.7790267174132159 13.566375595983118 0.84319625981151958 3.7074725162237883 0.96222270186990488
leaf_count=320 2523 1123 1885 58 516 74
model_size=704
internal_value=0 -0.0381946 0.0741097 -0.0856413 -0.0377571 -0.0629405
internal_weight=0 30.5516 15.641 22.7726 5.51289 4.6697
internal_count=6499 4294 2205 3171 648 590
is_linear=0
shrinkage=0.1


Tree=44
num_leaves= 4
num_cat= 0
full_tree_array_lgbids= 0 2 1 -1 -4 -2 -3
split_feature= 4 4 4
split_gain= 10.2113 16.5753 5.03499
threshold= 2.5000000000000004 5.5000000000000009 1.0000000180025095e-35
decision_type= 2 2 2
left_child=2 -2 -1
right_child=1 -3 -4
leaf_value= -0.10059480087049054 -0.08516199310113623 0.10063517644626579 0.10075677238885242
leaf_weight=1.8783447681926162 20.720541436690841 7.0432218732312313 12.284563969355077
leaf_count=320 3171 1123 1885
model_size=368
internal_value=0 -0.0380282 0.0740527
internal_weight=0 27.7638 14.1629
internal_count=6499 4294 2205
is_linear=0
shrinkage=0.1


Tree=45
num_leaves= 7
num_cat= 0
full_tree_array_lgbids= 0 2 1 -1 -4 3 -3 -2147483648 -2147483648 -2147483648 -2147483648 -2 4 -2147483648 -2147483648 -2147483648 -2147483648 -2147483648 -2147483648 -2147483648 -2147483648 -2147483648 -2147483648 -2147483648 -2147483648 -5 5 -2147483648 -2147483648 -2147483648 -2147483648 -2147483648 -2147483648 -2147483648 -2147483648 -2147483648 -2147483648 -2147483648 -2147483648 -2147483648 -2147483648 -2147483648 -2147483648 -2147483648 -2147483648 -2147483648 -2147483648 -2147483648 -2147483648 -2147483648 -2147483648 -2147483648 -2147483648 -6 -7 -2147483648 -2147483648 -2147483648 -2147483648 -2147483648 -2147483648 -2147483648 -2147483648
split_feature= 4 4 4 19 19 12
split_gain= 8.9775 14.4926 4.39427 0.29548 0.135915 0.202887
threshold= 2.5000000000000004 5.5000000000000009 1.0000000180025095e-35 4.5000000000000009 5.5000000000000009 2.5000000000000004
decision_type= 2 2 2 2 2 2
left_child=2 3 -1 -2 -5 -6
right_child=1 -3 -4 4 5 -7
leaf_value= -0.10053787414738134 -0.10078050650914734 0.1005743642930239 0.10068478402840364 0.10168259215024729 -0.092514732352284787 0.062133588177531451
leaf_weight=1.7005100171081693 14.373649575747555 6.3766280622221521 11.123076552059501 0.82981494208797713 3.1415487206541002 0.97606338374316681
leaf_count=320 2523 1123 1885 58 516 74
model_size=704
internal_value=0 -0.0370801 0.0740011 -0.0825109 -0.0294326 -0.055856
internal_weight=0 25.6977 12.8236 19.3211 4.94743 4.11761
internal_count=6499 4294 2205 3171 648 590
is_linear=0
shrinkage=0.1


Tree=46
num_leaves= 5
num_cat= 0
full_tree_array_lgbids= 0 2 1 -1 -4 3 -3 -2147483648 -2147483648 -2147483648 -2147483648 -2 -5 -2147483648 -2147483648
split_feature= 4 4 4 19
split_gain= 7.93829 12.883 3.8087 0.164202
threshold= 2.5000000000000004 5.5000000000000009 1.0000000180025095e-35 4.5000000000000009
decision_type= 2 2 2 2
left_child=2 3 -1 -2
right_child=1 -3 -4 -5
leaf_value= -0.100486429818368 -0.10070722380182523 0.10051940911317477 0.10061963987155437 -0.028735871773959185
leaf_weight=1.5394327738322289 13.014798833522951 5.772805869113653 10.070760466624051 4.5840852474793783
leaf_count=320 2523 1123 1885 648
model_size=480
internal_value=0 -0.0368879 0.0739543 -0.0819604
internal_weight=0 23.3717 11.6102 17.5989
internal_count=6499 4294 2205 3171
is_linear=0
shrinkage=0.1


Tree=47
num_leaves= 5
num_cat= 0
full_tree_array_lgbids= 0 2 1 -1 -4 3 -3 -2147483648 -2147483648 -2147483648 -2147483648 -2 -5 -2147483648 -2147483648
split_feature= 4 4 4 19
split_gain= 6.95911 11.2756 3.28211 0.222407
threshold= 2.5000000000000004 5.5000000000000009 1.0000000180025095e-35 4.5000000000000009
decision_type= 2 2 2 2
left_child=2 3 -1 -2
right_child=1 -3 -4 -5
leaf_value= -0.10043992306059626 -0.10064074722737891 0.10046974080570431 0.1005607003118239 -0.026082715962252381
leaf_weight=1.3935484993271501 11.783660264685755 5.2259016484022132 9.1174706062301993 4.5473970421589902
leaf_count=320 2523 1123 1885 648
model_size=480
internal_value=0 -0.0361591 0.0739121 -0.07988
internal_weight=0 21.557 10.511 16.3311
internal_count=6499 4294 2205 3171
is_linear=0
shrinkage=0.1


Tree=48
num_leaves= 5
num_cat= 0
full_tree_array_lgbids= 0 2 1 -1 -4 3 -3 -2147483648 -2147483648 -2147483648 -2147483648 -2 -5 -2147483648 -2147483648
split_feature= 4 4 4 19
split_gain= 6.07536 9.83216 2.80522 0.267284
threshold= 2.5000000000000004 5.5000000000000009 1.0000000180025095e-35 4.5000000000000009
decision_type= 2 2 2 2
left_child=2 3 -1 -2
right_child=1 -3 -4 -5
leaf_value= -0.10039788015591099 -0.10058045713171443 0.1004248348356801 0.10050736614517108 -0.023640484367515761
leaf_weight=1.2614360004663492 10.668363037286328 4.7305981079116455 8.2539836452342552 4.5171535024419418
leaf_count=320 2523 1123 1885 648
model_size=480
internal_value=0 -0.0353858 0.0738738 -0.0776935
internal_weight=0 19.9161 9.51542 15.1855
internal_count=6499 4294 2205 3171
is_linear=0
shrinkage=0.1


Tree=49
num_leaves= 5
num_cat= 0
full_tree_array_lgbids= 0 2 1 -1 -4 3 -3 -2147483648 -2147483648 -2147483648 -2147483648 -2 -5 -2147483648 -2147483648
split_feature= 4 4 4 19
split_gain= 5.27792 8.53742 2.37322 0.29851
threshold= 2.5000000000000004 5.5000000000000009 1.0000000180025095e-35 4.5000000000000009
decision_type= 2 2 2 2
left_child=2 3 -1 -2
right_child=1 -3 -4 -5
leaf_value= -0.10035988107164343 -0.1005257813804354 0.10038424258408073 0.10045910056042891 -0.021401115484181287
leaf_weight=1.1418047272600249 9.6581175234168786 4.2820652234368017 7.4719189167954028 4.4922354836016885
leaf_count=320 2523 1123 1885 648
model_size=480
internal_value=0 -0.0345683 0.0738392 -0.0754065
internal_weight=0 18.4324 8.61372 14.1504
internal_count=6499 4294 2205 3171
is_linear=0
shrinkage=0.1


Tree=50
num_leaves= 5
num_cat= 0
full_tree_array_lgbids= 0 2 1 -1 -4 3 -3 -2147483648 -2147483648 -2147483648 -2147483648 -2 -5 -2147483648 -2147483648
split_feature= 4 4 4 19
split_gain= 4.55855 7.37737 1.98176 0.316086
threshold= 2.5000000000000004 5.5000000000000009 1.0000000180025095e-35 4.5000000000000009
decision_type= 2 2 2 2
left_child=2 3 -1 -2
right_child=1 -3 -4 -5
leaf_value= -0.10032551745420051 -0.1004762130291602 0.10034754504148072 0.10041542259624746 -0.019354404209579457
leaf_weight=1.0334835285320902 8.7431179310660827 3.8759177196770898 6.7636629303451627 4.4717094684019676
leaf_count=320 2523 1123 1885 648
model_size=480
internal_value=0 -0.0337074 0.0738079 -0.0730257
internal_weight=0 17.0907 7.79715 13.2148
internal_count=6499 4294 2205 3171
is_linear=0
shrinkage=0.1


Tree=51
num_leaves= 5
num_cat= 0
full_tree_array_lgbids= 0 2 1 -1 -4 3 -3 -2147483648 -2147483648 -2147483648 -2147483648 -2 -5 -2147483648 -2147483648
split_feature= 4 4 4 19
split_gain= 3.9098 6.33925 1.6269 0.320294
threshold= 2.5000000000000004 5.5000000000000009 1.0000000180025095e-35 4.5000000000000009
decision_type= 2 2 2 2
left_child=2 3 -1 -2
right_child=1 -3 -4 -5
leaf_value= -0.10029444284950713 -0.10043128120833994 0.10031436416720008 0.10037590538944399 -0.01748881668857984
leaf_weight=0.93540956685319798 7.9144599295686913 3.5081763977650544 6.1223022050689906 4.4547989340499043
leaf_count=320 2523 1123 1885 648
model_size=480
internal_value=0 -0.0328043 0.0737796 -0.0705595
internal_weight=0 15.8774 7.05771 12.3693
internal_count=6499 4294 2205 3171
is_linear=0
shrinkage=0.1


Tree=52
num_leaves= 5
num_cat= 0
full_tree_array_lgbids= 0 2 1 -1 -4 3 -3 -2147483648 -2147483648 -2147483648 -2147483648 -2 -5 -2147483648 -2147483648
split_feature= 4 4 4 19
split_gain= 3.32491 5.4114 1.30512 0.311654
threshold= 2.5000000000000004 5.5000000000000009 1.0000000180025095e-35 4.5000000000000009
decision_type= 2 2 2 2
left_child=2 3 -1 -2
right_child=1 -3 -4 -5
leaf_value= -0.10026634481304655 -0.10039055696114252 0.10028435832559722 0.10034014803711261 -0.015792118716923615
leaf_weight=0.8466186909936394 7.1640566075220686 3.1752308788709334 5.5415620165877044 4.4408619357272983
leaf_count=320 2523 1123 1885 648
model_size=480
internal_value=0 -0.0318609 0.073754 -0.0680172
internal_weight=0 14.7801 6.38818 11.6049
internal_count=6499 4294 2205 3171
is_linear=0
shrinkage=0.1


Tree=53
num_leaves= 5
num_cat= 0
full_tree_array_lgbids= 0 2 1 -1 -4 3 -3 -2147483648 -2147483648 -2147483648 -2147483648 -2 -5 -2147483648 -2147483648
split_feature= 4 4 4 19
split_gain= 2.79777 4.58319 1.01323 0.290882
threshold= 2.5000000000000004 5.5000000000000009 1.0000000180025095e-35 4.5000000000000009
decision_type= 2 2 2 2
left_child=2 3 -1 -2
right_child=1 -3 -4 -5
leaf_value= -0.10024093344148462 -0.10035365517178796 0.10025722206682185 0.10030778980808784 -0.014251867797732829
leaf_weight=0.76623660698533314 6.4845689625944924 2.8738057601731262 5.0157479827757925 4.4293682863935828
leaf_count=320 2523 1123 1885 648
model_size=480
internal_value=0 -0.0308794 0.0737308 -0.0654097
internal_weight=0 13.7877 5.78198 10.9139
internal_count=6499 4294 2205 3171
is_linear=0
shrinkage=0.1


Tree=54
num_leaves= 5
num_cat= 0
full_tree_array_lgbids= 0 2 1 -1 -4 3 -3 -2147483648 -2147483648 -2147483648 -2147483648 -2 -5 -2147483648 -2147483648
split_feature= 4 4 4 19
split_gain= 2.32285 3.84487 0.748342 0.258848
threshold= 2.5000000000000004 5.5000000000000009 1.0000000180025095e-35 4.5000000000000009
decision_type= 2 2 2 2
left_child=2 3 -1 -2
right_child=1 -3 -4 -5
leaf_value= -0.10021795804461345 -0.10032022406194048 0.1002326884718733 0.1002785091631774 -0.012855763120084466
leaf_weight=0.69347043754533189 5.8693368991371226 2.6009311887901267 4.539694300852716 4.4198814821429551
leaf_count=320 2523 1123 1885 648
model_size=480
internal_value=0 -0.0298628 0.0737098 -0.0627486
internal_weight=0 12.8901 5.23316 10.2892
internal_count=6499 4294 2205 3171
is_linear=0
shrinkage=0.1


Tree=55
num_leaves= 5
num_cat= 0
full_tree_array_lgbids= 0 2 1 -1 -4 3 -3 -2147483648 -2147483648 -2147483648 -2147483648 -2 -5 -2147483648 -2147483648
split_feature= 4 4 4 19
split_gain= 1.89511 3.18754 0.507862 0.216541
threshold= 2.5000000000000004 5.5000000000000009 1.0000000180025095e-35 4.5000000000000009
decision_type= 2 2 2 2
left_child=2 3 -1 -2
right_child=1 -3 -4 -5
leaf_value= -0.10019717206974524 -0.10028992181576053 0.10021049692521217 0.10025200625646172 -0.011591903695696994
leaf_weight=0.62760153715499001 5.3123186165466887 2.3539144736714652 4.1087158425943926 4.412042526062578
leaf_count=320 2523 1123 1885 648
model_size=480
internal_value=0 -0.0288145 0.0736908 -0.0600467
internal_weight=0 12.0783 4.73632 9.72436
internal_count=6499 4294 2205 3171
is_linear=0
shrinkage=0.1


Tree=56
num_leaves= 5
num_cat= 0
full_tree_array_lgbids= 0 2 1 -1 -4 3 -3 -2147483648 -2147483648 -2147483648 -2147483648 -2 -5 -2147483648 -2147483648
split_feature= 4 4 4 19
split_gain= 1.51001 2.60309 0.289444 0.165031
threshold= 2.5000000000000004 5.5000000000000009 1.0000000180025095e-35 4.5000000000000009
decision_type= 2 2 2 2
left_child=2 3 -1 -2
right_child=1 -3 -4 -5
leaf_value= -0.10017836881436351 -0.10026248239031342 0.10019042569999732 0.10022803127509246 -0.010448934363018737
leaf_weight=0.5679785123793416 4.8080332365352643 2.1303148565348229 3.7185638947412372 4.4055570373311639
leaf_count=320 2523 1123 1885 648
model_size=480
internal_value=0 -0.0277384 0.0736736 -0.0573174
internal_weight=0 11.3439 4.28654 9.21359
internal_count=6499 4294 2205 3171
is_linear=0
shrinkage=0.1


Tree=57
num_leaves= 3
num_cat= 0
full_tree_array_lgbids= 0 -1 1 -2147483648 -2147483648 -2 -3
split_feature= 8 19
split_gain= 1.17452 1.38488
threshold= 1.0000000180025095e-35 1.5000000000000002
decision_type= 2 2
left_child=-1 -2
right_child=1 -3
leaf_value= 0.10017201895599935 0.07953275838676642 -0.045221825952063525
leaf_weight=2.3965711388736972 2.4944460932165375 9.667997259879483
leaf_count=1398 1334 3767
model_size=256
internal_value=0 -0.0196354
internal_weight=0 12.1624
internal_count=6499 5101
is_linear=0
shrinkage=0.1


Tree=58
num_leaves= 4
num_cat= 0
full_tree_array_lgbids= 0 -1 1 -2147483648 -2147483648 2 -3 -2147483648 -2147483648 -2147483648 -2147483648 -2 -4 -2147483648 -2147483648
split_feature= 4 4 19
split_gain= 0.888475 1.70512 0.23945
threshold= 2.5000000000000004 5.5000000000000009 4.5000000000000009
decision_type= 2 2 2
left_child=-1 2 -2
right_child=1 -3 -4
leaf_value= 0.073027093177975136 -0.10024172495152706 0.10016076227642126 -0.0049242817135435775
leaf_weight=3.6237393997143963 4.1918452207464707 1.7931251840200264 4.3820723365060985
leaf_count=2205 2523 1123 648
model_size=368
internal_value=0 -0.0252893 -0.0515256
internal_weight=0 10.367 8.57392
internal_count=6499 4294 3171
is_linear=0
shrinkage=0.1


Tree=59
num_leaves= 3
num_cat= 0
full_tree_array_lgbids= 0 -1 1 -2147483648 -2147483648 -2 -3
split_feature= 8 19
split_gain= 0.615237 0.686033
threshold= 1.0000000180025095e-35 1.5000000000000002
decision_type= 2 2
left_child=-1 -2
right_child=1 -3
leaf_value= 0.10014212652696075 0.076933585448488384 -0.040060923749095333
leaf_weight=1.9809470479376621 2.1738098103087387 9.0833613141439837
leaf_count=1398 1334 3767
model_size=256
internal_value=0 -0.0174688
internal_weight=0 11.2572
internal_count=6499 5101
is_linear=0
shrinkage=0.1


Tree=60
num_leaves= 3
num_cat= 0
full_tree_array_lgbids= 0 -1 1 -2147483648 -2147483648 -2 -3
split_feature= 8 4
split_gain= 0.360848 0.320141
threshold= 1.0000000180025095e-35 2.5000000000000004
decision_type= 2 2
left_child=-1 -2
right_child=1 -3
leaf_value= 0.10012858124161964 0.061174889730363426 -0.04011246330817609
leaf_weight=1.7926651092711843 2.6080430923029772 8.3849663088330981
leaf_count=1398 1731 3370
model_size=256
internal_value=0 -0.0160825
internal_weight=0 10.993
internal_count=6499 5101
is_linear=0
shrinkage=0.1


Tree=61
num_leaves= 3
num_cat= 0
full_tree_array_lgbids= 0 1 -2 -1 -3 -2147483648 -2147483648
split_feature= 7 19
split_gain= 0.204547 1.39197
threshold= 1.0000000180025095e-35 1.5000000000000002
decision_type= 2 2
left_child=1 -1
right_child=-2 -3
leaf_value= 0.092787806248021062 0.058322409185522298 -0.057411285498473102
leaf_weight=1.7394277302082608 3.9180011398857468 6.7336488247383386
leaf_count=1296 2003 3200
model_size=256
internal_value=0 -0.0265771
internal_weight=0 8.47308
internal_count=6499 4496
is_linear=0
shrinkage=0.1


Tree=62
num_leaves= 2
num_cat= 0
full_tree_array_lgbids= 0 -1 -2
split_feature= 8
split_gain= 0.0176242
threshold= 1.0000000180025095e-35
decision_type= 2
left_child=-1
right_child=-2
leaf_value= 0.10010973613425987 -0.014431977292452741
leaf_weight=1.5305525944568223 10.381568180862812
leaf_count=1398 5101
model_size=144
internal_value=0
internal_weight=0
internal_count=6499
is_linear=0
shrinkage=0.1


end of trees

feature_importances:
Column_4=106
Column_19=104
Column_21=69
Column_20=51
Column_1=48
Column_8=43
Column_10=41
Column_12=41
Column_7=40
Column_9=37
Column_3=34
Column_13=34
Column_17=29
Column_2=16
Column_14=2
Column_6=1

parameters:
[boosting: gbdt]
[objective: binary]
[metric: auc, binary_logloss, rmse, l1, l2, mape, huber]
[tree_learner: serial]
[device_type: cpu]
[data_sample_strategy: bagging]
[data: data/mushroom.libsvm.train]
[valid: data/mushroom.libsvm.test]
[num_iterations: 100000]
[learning_rate: 0.1]
[num_leaves: 255]
[num_threads: 1]
[seed: 42]
[deterministic: 0]
[force_col_wise: 0]
[force_row_wise: 0]
[histogram_pool_size: -1]
[max_depth: 7]
[min_data_in_leaf: 10]
[min_sum_hessian_in_leaf: 0.001]
[bagging_fraction: 1]
[pos_bagging_fraction: 1]
[neg_bagging_fraction: 1]
[bagging_freq: 0]
[bagging_seed: 400]
[feature_fraction: 1]
[feature_fraction_bynode: 1]
[feature_fraction_seed: 30056]
[extra_trees: 0]
[extra_seed: 12879]
[early_stopping_round: 0]
[early_stopping_min_delta: 0]
[first_metric_only: 0]
[max_delta_step: 0]
[lambda_l1: 0]
[lambda_l2: 0]
[linear_lambda: 0]
[min_gain_to_split: 0]
[drop_rate: 0.1]
[max_drop: 50]
[skip_drop: 0.5]
[xgboost_dart_mode: 0]
[uniform_drop: 0]
[drop_seed: 17869]
[top_rate: 0.2]
[other_rate: 0.1]
[min_data_per_group: 100]
[max_cat_threshold: 32]
[cat_l2: 10]
[cat_smooth: 10]
[max_cat_to_onehot: 4]
[top_k: 20]
[monotone_constraints: ]
[monotone_constraints_method: basic]
[monotone_penalty: 0]
[feature_contri: ]
[forcedsplits_filename: ]
[refit_decay_rate: 0.9]
[tinygbdt_penalty_feature: 0.03125]
[tinygbdt_penalty_split: 0.00195312]
[tinygbdt_forestsize: 64000]
[tinygbdt_precision: 1]
[cegb_tradeoff: 1]
[cegb_penalty_split: 0]
[cegb_penalty_feature_lazy: ]
[cegb_penalty_feature_coupled: ]
[path_smooth: 0]
[interaction_constraints: ]
[verbosity: 1]
[saved_feature_importance_type: 0]
[use_quantized_grad: 0]
[num_grad_quant_bins: 4]
[quant_train_renew_leaf: 0]
[stochastic_rounding: 1]
[linear_tree: 0]
[max_bin: 255]
[max_bin_by_feature: ]
[min_data_in_bin: 3]
[bin_construct_sample_cnt: 200000]
[data_random_seed: 175]
[is_enable_sparse: 1]
[enable_bundle: 1]
[use_missing: 1]
[zero_as_missing: 0]
[feature_pre_filter: 1]
[pre_partition: 0]
[two_round: 0]
[header: 0]
[label_column: ]
[weight_column: ]
[group_column: ]
[ignore_column: ]
[categorical_feature: ]
[forcedbins_filename: ]
[precise_float_parser: 0]
[parser_config_file: ]
[objective_seed: 16083]
[num_class: 1]
[is_unbalance: 0]
[scale_pos_weight: 1]
[sigmoid: 1]
[boost_from_average: 1]
[reg_sqrt: 0]
[alpha: 0.9]
[fair_c: 1]
[poisson_max_delta_step: 0.7]
[tweedie_variance_power: 1.5]
[lambdarank_truncation_level: 30]
[lambdarank_norm: 1]
[label_gain: ]
[lambdarank_position_bias_regularization: 0]
[eval_at: ]
[multi_error_top_k: 1]
[auc_mu_weights: ]
[num_machines: 1]
[local_listen_port: 12400]
[time_out: 120]
[machine_list_filename: ]
[machines: ]
[gpu_platform_id: -1]
[gpu_device_id: -1]
[gpu_use_dp: 0]
[num_gpu: 1]

end of parameters
