tree
version=v4
num_class=1
num_tree_per_iteration=1
label_index=0
max_feature_idx=21
objective=binary sigmoid:1
feature_names=Column_0 Column_1 Column_2 Column_3 Column_4 Column_5 Column_6 Column_7 Column_8 Column_9 Column_10 Column_11 Column_12 Column_13 Column_14 Column_15 Column_16 Column_17 Column_18 Column_19 Column_20 Column_21
feature_infos=[0:5] [0:3] [0:9] [0:1] [0:8] [0:1] [0:1] [0:1] [0:11] [0:1] [0:4] [0:3] [0:3] [0:8] [0:8] none [0:3] [0:2] [0:4] [0:8] [0:5] [0:6]
tree_sizes=3093 4712 3087 3076 3083 3087 3171 3182 2914 4710 4541 4447 4721 4274 4714 4716 4279 4711 4545 4448 4720 2656 2825 2069 1891 1895 1543 1540 1545 1544 1544 1547 801 800 798 804 801 803 802 802 799 805 800 719 539 722 723 730 543

Tree=0
num_leaves= 16
num_cat= 0
full_tree_array_lgbids= 0 1 2 5 10 4 3 -1 -7 12 11 -2 -6 7 6 -2147483648 -2147483648 -2147483648 -2147483648 -3 -14 -12 -13 -2147483648 -2147483648 -2147483648 -2147483648 -4 13 8 -8 -2147483648 -2147483648 -2147483648 -2147483648 -2147483648 -2147483648 -2147483648 -2147483648 -2147483648 -2147483648 -2147483648 -2147483648 -2147483648 -2147483648 -2147483648 -2147483648 -2147483648 -2147483648 -2147483648 -2147483648 -2147483648 -2147483648 -2147483648 -2147483648 -2147483648 -2147483648 -9 14 -5 9 -2147483648 -2147483648 -2147483648 -2147483648 -2147483648 -2147483648 -2147483648 -2147483648 -2147483648 -2147483648 -2147483648 -2147483648 -2147483648 -2147483648 -2147483648 -2147483648 -2147483648 -2147483648 -2147483648 -2147483648 -2147483648 -2147483648 -2147483648 -2147483648 -2147483648 -2147483648 -2147483648 -2147483648 -2147483648 -2147483648 -2147483648 -2147483648 -2147483648 -2147483648 -2147483648 -2147483648 -2147483648 -2147483648 -2147483648 -2147483648 -2147483648 -2147483648 -2147483648 -2147483648 -2147483648 -2147483648 -2147483648 -2147483648 -2147483648 -2147483648 -2147483648 -2147483648 -2147483648 -2147483648 -2147483648 -2147483648 -15 -16 -2147483648 -2147483648 -10 -11 -2147483648 -2147483648 -2147483648 -2147483648
split_feature= 8 20 19 7 4 10 9 13 21 3 21 1 12 17 19
split_gain= 2184.43 1168.75 1111.27 753.283 238.211 198.731 145.697 114.018 77.7889 175.21 23.8954 28.6322 13.6379 11.9513 131.43
threshold= 3.5000000000000004 3.5000000000000004 1.5000000000000002 1.0000000180025095e-35 4.5000000000000009 1.0000000180025095e-35 1.0000000180025095e-35 1.5000000000000002 1.5000000000000002 1.0000000180025095e-35 4.5000000000000009 1.5000000000000002 1.0000000180025095e-35 1.5000000000000002 6.5000000000000009
decision_type= 2 2 2 2 2 2 2 2 2 2 2 2 2 2 2
left_child=1 5 4 7 -2 -1 8 -4 -5 -10 12 -12 -3 -9 -15
right_child=2 10 3 6 -6 -7 -8 13 9 -11 11 -13 -14 14 -16
leaf_value= 0.13625295265526666 0.13625295265526666 -0.075779630963319758 0.13625295265526666 0.13625295265526666 -0.26425303862428545 -0.26425303862428545 -0.26425303862428545 -0.26425303862428545 -0.23564546781860313 0.13625295265526666 -0.26425303862428551 0.1362529526552666 0.13625295265526666 0.13625295265526666 -0.26425303862428545
leaf_weight=14.48168098926544 127.58860319852829 4.2446306347846976 7.7402088046073905 58.176408112049103 17.228206694126129 104.36797678470612 17.228206694126129 603.98597091436386 24.46904718875885 27.964625358581543 3.9949464797973615 4.4943147897720337 528.58135610818863 9.7376820445060712 68.413458466529846
leaf_count=58 511 17 31 233 69 418 69 2419 98 112 16 18 2117 39 274
model_size=1712
internal_value=-0.0711178 0.0691485 -0.167321 -0.212646 0.0886066 -0.215452 0.0110948 -0.254106 0.053982 -0.0372996 0.131635 -0.0522205 0.134564 -0.258536 -0.21435
internal_weight=0 660.165 962.532 817.716 144.817 118.85 127.838 689.877 110.61 52.4337 541.315 8.48926 532.826 682.137 78.1511
internal_count=6499 2644 3855 3275 580 476 512 2763 443 210 2168 34 2134 2732 313
is_linear=0
shrinkage=1


Tree=1
num_leaves= 17
num_cat= 0
full_tree_array_lgbids= 0 1 2 5 10 4 3 -1 -7 12 11 -2 -6 7 6 -2147483648 -2147483648 -2147483648 -2147483648 -3 -14 -12 -13 -2147483648 -2147483648 -2147483648 -2147483648 -4 13 8 -8 -2147483648 -2147483648 -2147483648 -2147483648 -2147483648 -2147483648 -2147483648 -2147483648 -2147483648 -2147483648 -2147483648 -2147483648 -2147483648 -2147483648 -2147483648 -2147483648 -2147483648 -2147483648 -2147483648 -2147483648 -2147483648 -2147483648 -2147483648 -2147483648 -2147483648 -2147483648 -9 14 -5 9 -2147483648 -2147483648 -2147483648 -2147483648 -2147483648 -2147483648 -2147483648 -2147483648 -2147483648 -2147483648 -2147483648 -2147483648 -2147483648 -2147483648 -2147483648 -2147483648 -2147483648 -2147483648 -2147483648 -2147483648 -2147483648 -2147483648 -2147483648 -2147483648 -2147483648 -2147483648 -2147483648 -2147483648 -2147483648 -2147483648 -2147483648 -2147483648 -2147483648 -2147483648 -2147483648 -2147483648 -2147483648 -2147483648 -2147483648 -2147483648 -2147483648 -2147483648 -2147483648 -2147483648 -2147483648 -2147483648 -2147483648 -2147483648 -2147483648 -2147483648 -2147483648 -2147483648 -2147483648 -2147483648 -2147483648 -2147483648 -15 -16 -2147483648 -2147483648 15 -11 -2147483648 -2147483648 -2147483648 -2147483648 -2147483648 -2147483648 -2147483648 -2147483648 -2147483648 -2147483648 -2147483648 -2147483648 -2147483648 -2147483648 -2147483648 -2147483648 -2147483648 -2147483648 -2147483648 -2147483648 -2147483648 -2147483648 -2147483648 -2147483648 -2147483648 -2147483648 -2147483648 -2147483648 -2147483648 -2147483648 -2147483648 -2147483648 -2147483648 -2147483648 -2147483648 -2147483648 -2147483648 -2147483648 -2147483648 -2147483648 -2147483648 -2147483648 -2147483648 -2147483648 -2147483648 -2147483648 -2147483648 -2147483648 -2147483648 -2147483648 -2147483648 -2147483648 -2147483648 -2147483648 -2147483648 -2147483648 -2147483648 -2147483648 -2147483648 -2147483648 -2147483648 -2147483648 -2147483648 -2147483648 -2147483648 -2147483648 -2147483648 -2147483648 -2147483648 -2147483648 -2147483648 -2147483648 -2147483648 -2147483648 -2147483648 -2147483648 -2147483648 -2147483648 -2147483648 -2147483648 -2147483648 -2147483648 -2147483648 -2147483648 -2147483648 -2147483648 -2147483648 -2147483648 -2147483648 -2147483648 -2147483648 -2147483648 -2147483648 -2147483648 -2147483648 -2147483648 -2147483648 -2147483648 -2147483648 -2147483648 -2147483648 -2147483648 -2147483648 -2147483648 -2147483648 -2147483648 -2147483648 -2147483648 -2147483648 -2147483648 -2147483648 -2147483648 -2147483648 -2147483648 -2147483648 -2147483648 -2147483648 -2147483648 -2147483648 -2147483648 -10 -17 -2147483648 -2147483648 -2147483648 -2147483648 -2147483648 -2147483648 -2147483648 -2147483648 -2147483648 -2147483648
split_feature= 8 20 19 7 4 10 9 13 21 3 21 4 12 17 19 1
split_gain= 1784.69 949.699 910.975 620.609 192.901 162.371 118.165 92.8374 61.9473 141.913 18.209 22.4135 10.1003 9.01412 107.077 0.000576248
threshold= 3.5000000000000004 3.5000000000000004 1.5000000000000002 1.0000000180025095e-35 4.5000000000000009 1.0000000180025095e-35 1.0000000180025095e-35 1.5000000000000002 1.5000000000000002 1.0000000180025095e-35 4.5000000000000009 4.5000000000000009 1.0000000180025095e-35 1.5000000000000002 6.5000000000000009 2.5000000000000004
decision_type= 2 2 2 2 2 2 2 2 2 2 2 2 2 2 2 2
left_child=1 5 4 7 -2 -1 8 -4 -5 15 12 -12 -3 -9 -15 -10
right_child=2 10 3 6 -6 -7 -8 13 9 -11 11 -13 -14 14 -16 -17
leaf_value= 0.18726217829300001 0.18726217829300001 -0.0041963809298885936 0.18726217829300001 0.18726217829300001 -0.17677793099633521 -0.17677793099633521 -0.17677793099633521 -0.17677793099633521 -0.17900607078859812 0.18726217829300001 0.18726217829300007 -0.17677793099633518 0.18726217829300001 0.18726217829300001 -0.17677793099633521 -0.073856060654389002
leaf_weight=14.432910382747648 127.15891733765602 4.2439043670892707 7.7141417562961569 57.980484813451767 16.952329516410828 102.69672083854675 16.952329516410828 594.31427681446075 17.505853623151783 27.870447635650635 4.4791790843009931 3.9309749603271484 526.80122897028923 9.7048880159854871 67.317946195602417 6.657155603170394
leaf_count=58 511 17 31 233 69 418 69 2419 71 112 18 16 2117 39 274 27
model_size=1824
internal_value=0 0.126905 -0.0878094 -0.129334 0.144439 -0.13192 0.0744647 -0.16744 0.113179 0.0306294 0.183103 0.0171068 0.185732 -0.171515 -0.130909 -0.150036
internal_weight=0 656.585 950.129 806.018 144.111 117.13 126.966 679.051 110.014 52.0335 539.455 8.41015 531.045 671.337 77.0228 24.163
internal_count=6499 2644 3855 3275 580 476 512 2763 443 210 2168 34 2134 2732 313 98
is_linear=0
shrinkage=0.1


Tree=2
num_leaves= 16
num_cat= 0
full_tree_array_lgbids= 0 1 2 5 10 4 3 -1 -7 12 11 -2 -6 7 6 -2147483648 -2147483648 -2147483648 -2147483648 -3 -14 -12 -13 -2147483648 -2147483648 -2147483648 -2147483648 -4 13 8 -8 -2147483648 -2147483648 -2147483648 -2147483648 -2147483648 -2147483648 -2147483648 -2147483648 -2147483648 -2147483648 -2147483648 -2147483648 -2147483648 -2147483648 -2147483648 -2147483648 -2147483648 -2147483648 -2147483648 -2147483648 -2147483648 -2147483648 -2147483648 -2147483648 -2147483648 -2147483648 -9 14 -5 9 -2147483648 -2147483648 -2147483648 -2147483648 -2147483648 -2147483648 -2147483648 -2147483648 -2147483648 -2147483648 -2147483648 -2147483648 -2147483648 -2147483648 -2147483648 -2147483648 -2147483648 -2147483648 -2147483648 -2147483648 -2147483648 -2147483648 -2147483648 -2147483648 -2147483648 -2147483648 -2147483648 -2147483648 -2147483648 -2147483648 -2147483648 -2147483648 -2147483648 -2147483648 -2147483648 -2147483648 -2147483648 -2147483648 -2147483648 -2147483648 -2147483648 -2147483648 -2147483648 -2147483648 -2147483648 -2147483648 -2147483648 -2147483648 -2147483648 -2147483648 -2147483648 -2147483648 -2147483648 -2147483648 -2147483648 -2147483648 -15 -16 -2147483648 -2147483648 -10 -11 -2147483648 -2147483648 -2147483648 -2147483648
split_feature= 8 20 19 7 4 10 9 13 21 3 21 4 12 17 19
split_gain= 1485.19 787.023 759.864 519.673 159.243 134.891 97.4783 76.8027 50.3892 116.863 14.0589 17.7516 7.69359 6.7463 88.6445
threshold= 3.5000000000000004 3.5000000000000004 1.5000000000000002 1.0000000180025095e-35 4.5000000000000009 1.0000000180025095e-35 1.0000000180025095e-35 1.5000000000000002 1.5000000000000002 1.0000000180025095e-35 4.5000000000000009 4.5000000000000009 1.0000000180025095e-35 1.5000000000000002 6.5000000000000009
decision_type= 2 2 2 2 2 2 2 2 2 2 2 2 2 2 2
left_child=1 5 4 7 -2 -1 8 -4 -5 -10 12 -12 -3 -9 -15
right_child=2 10 3 6 -6 -7 -8 13 9 -11 11 -13 -14 14 -16
leaf_value= 0.17236010255125836 0.17236010255125836 -0.0037773991993575971 0.17236010255125836 0.17236010255125836 -0.16433727988382651 -0.16433727988382651 -0.16433727988382651 -0.16433727988382651 -0.13844064655780539 0.17236010255125836 0.17236010255125839 -0.16433727988382651 0.17236010255125836 0.17236010255125836 -0.16433727988382651
leaf_weight=14.127121359109877 124.46481059491634 4.2432112842798224 7.5507027953863135 56.752056494355202 16.43764516711235 99.578777968883514 16.43764516711235 576.27048781514168 23.599276050925255 27.279958486557007 4.3842790424823743 3.8116278648376465 515.63992960751057 9.4992712587118131 65.274127185344696
leaf_count=58 511 17 31 233 69 418 69 2419 98 112 18 16 2117 39 274
model_size=1712
internal_value=0 0.116954 -0.0814497 -0.120072 0.133081 -0.122505 0.068634 -0.155621 0.104214 0.0282016 0.168515 0.015774 0.170922 -0.159425 -0.121563
internal_weight=0 641.785 923.566 782.664 140.902 113.706 124.069 658.595 107.631 50.8792 528.079 8.19591 519.883 651.044 74.7734
internal_count=6499 2644 3855 3275 580 476 512 2763 443 210 2168 34 2134 2732 313
is_linear=0
shrinkage=0.1


Tree=3
num_leaves= 16
num_cat= 0
full_tree_array_lgbids= 0 1 2 5 10 4 3 -1 -7 12 11 -2 -6 7 6 -2147483648 -2147483648 -2147483648 -2147483648 -3 -14 -12 -13 -2147483648 -2147483648 -2147483648 -2147483648 -4 13 8 -8 -2147483648 -2147483648 -2147483648 -2147483648 -2147483648 -2147483648 -2147483648 -2147483648 -2147483648 -2147483648 -2147483648 -2147483648 -2147483648 -2147483648 -2147483648 -2147483648 -2147483648 -2147483648 -2147483648 -2147483648 -2147483648 -2147483648 -2147483648 -2147483648 -2147483648 -2147483648 -9 14 -5 9 -2147483648 -2147483648 -2147483648 -2147483648 -2147483648 -2147483648 -2147483648 -2147483648 -2147483648 -2147483648 -2147483648 -2147483648 -2147483648 -2147483648 -2147483648 -2147483648 -2147483648 -2147483648 -2147483648 -2147483648 -2147483648 -2147483648 -2147483648 -2147483648 -2147483648 -2147483648 -2147483648 -2147483648 -2147483648 -2147483648 -2147483648 -2147483648 -2147483648 -2147483648 -2147483648 -2147483648 -2147483648 -2147483648 -2147483648 -2147483648 -2147483648 -2147483648 -2147483648 -2147483648 -2147483648 -2147483648 -2147483648 -2147483648 -2147483648 -2147483648 -2147483648 -2147483648 -2147483648 -2147483648 -2147483648 -2147483648 -15 -16 -2147483648 -2147483648 -10 -11 -2147483648 -2147483648 -2147483648 -2147483648
split_feature= 8 20 19 7 4 10 9 13 21 3 21 1 12 17 19
split_gain= 1253 661.75 642.102 440.583 133.312 113.442 81.3988 64.2711 41.6139 97.3352 10.8958 14.1423 5.97356 4.94949 74.2598
threshold= 3.5000000000000004 3.5000000000000004 1.5000000000000002 1.0000000180025095e-35 4.5000000000000009 1.0000000180025095e-35 1.0000000180025095e-35 1.5000000000000002 1.5000000000000002 1.0000000180025095e-35 4.5000000000000009 1.5000000000000002 1.0000000180025095e-35 1.5000000000000002 6.5000000000000009
decision_type= 2 2 2 2 2 2 2 2 2 2 2 2 2 2 2
left_child=1 5 4 7 -2 -1 8 -4 -5 -10 12 -12 -3 -9 -15
right_child=2 10 3 6 -6 -7 -8 13 9 -11 11 -13 -14 14 -16
leaf_value= 0.1609037703805144 0.1609037703805144 -0.0034002145451034805 0.1609037703805144 0.1609037703805144 -0.15458733496862687 -0.15458733496862687 -0.15458733496862687 -0.15458733496862687 -0.12871413836695375 0.1609037703805144 -0.15458733496862687 0.16090377038051437 0.1609037703805144 0.1609037703805144 -0.15458733496862687
leaf_weight=13.6439371407032 120.20779101550579 4.2425556927919379 7.2924491614103308 54.810988858342171 15.761341184377669 95.481748044490814 15.761341184377669 552.56064239144325 22.881256029009819 26.34691309928894 3.654803752899169 4.2343253195285797 498.00370563566685 9.1743715256452543 62.588514268398285
leaf_count=58 511 17 31 233 69 418 69 2419 98 112 16 18 2117 39 274
model_size=1712
internal_value=0 0.109272 -0.0764745 -0.112811 0.124333 -0.115142 0.0640813 -0.146362 0.0972083 0.0262893 0.157277 0.0147459 0.159516 -0.149951 -0.114254
internal_weight=0 619.261 887.386 751.416 135.969 109.126 119.8 631.616 104.039 49.2282 510.135 7.88913 502.246 624.324 71.7629
internal_count=6499 2644 3855 3275 580 476 512 2763 443 210 2168 34 2134 2732 313
is_linear=0
shrinkage=0.1


Tree=4
num_leaves= 16
num_cat= 0
full_tree_array_lgbids= 0 1 2 5 10 4 3 -1 -7 12 11 -2 -6 7 6 -2147483648 -2147483648 -2147483648 -2147483648 -3 -14 -12 -13 -2147483648 -2147483648 -2147483648 -2147483648 -4 13 8 -8 -2147483648 -2147483648 -2147483648 -2147483648 -2147483648 -2147483648 -2147483648 -2147483648 -2147483648 -2147483648 -2147483648 -2147483648 -2147483648 -2147483648 -2147483648 -2147483648 -2147483648 -2147483648 -2147483648 -2147483648 -2147483648 -2147483648 -2147483648 -2147483648 -2147483648 -2147483648 -9 14 -5 9 -2147483648 -2147483648 -2147483648 -2147483648 -2147483648 -2147483648 -2147483648 -2147483648 -2147483648 -2147483648 -2147483648 -2147483648 -2147483648 -2147483648 -2147483648 -2147483648 -2147483648 -2147483648 -2147483648 -2147483648 -2147483648 -2147483648 -2147483648 -2147483648 -2147483648 -2147483648 -2147483648 -2147483648 -2147483648 -2147483648 -2147483648 -2147483648 -2147483648 -2147483648 -2147483648 -2147483648 -2147483648 -2147483648 -2147483648 -2147483648 -2147483648 -2147483648 -2147483648 -2147483648 -2147483648 -2147483648 -2147483648 -2147483648 -2147483648 -2147483648 -2147483648 -2147483648 -2147483648 -2147483648 -2147483648 -2147483648 -15 -16 -2147483648 -2147483648 -10 -11 -2147483648 -2147483648 -2147483648 -2147483648
split_feature= 8 20 19 7 4 10 9 13 21 3 21 1 12 17 19
split_gain= 1068.37 562.629 548.072 377.143 112.781 96.2871 68.5814 54.2356 34.7377 81.7602 8.40621 11.268 4.68751 3.48947 62.7541
threshold= 3.5000000000000004 3.5000000000000004 1.5000000000000002 1.0000000180025095e-35 4.5000000000000009 1.0000000180025095e-35 1.0000000180025095e-35 1.5000000000000002 1.5000000000000002 1.0000000180025095e-35 4.5000000000000009 1.5000000000000002 1.0000000180025095e-35 1.5000000000000002 6.5000000000000009
decision_type= 2 2 2 2 2 2 2 2 2 2 2 2 2 2 2
left_child=1 5 4 7 -2 -1 8 -4 -5 -10 12 -12 -3 -9 -15
right_child=2 10 3 6 -6 -7 -8 13 9 -11 11 -13 -14 14 -16
leaf_value= 0.15185187516794491 0.15185187516794491 -0.0030606570657631363 0.15185187516794491 0.15185187516794491 -0.14676872362570559 -0.14676872362570559 -0.14676872362570559 -0.14676872362570559 -0.12041324789923978 0.15185187516794491 -0.14676872362570559 0.15185187516794488 0.15185187516794491 0.15185187516794491 -0.14676872362570559
leaf_weight=13.042239397764204 114.90662641823292 4.2419396191835395 6.970852091908454 52.39382378757 14.980887696146963 90.75378343462944 14.980887696146963 525.19952662289143 22.055629283189774 25.185014009475708 3.4738290309905997 4.0475915372371674 476.04173801839352 8.7697816640138608 59.489322155714035
leaf_count=58 511 17 31 233 69 418 69 2419 98 112 16 18 2117 39 274
model_size=1712
internal_value=0 0.103178 -0.0724884 -0.106983 0.11741 -0.109246 0.060428 -0.13894 0.0915818 0.0247372 0.148378 0.0139315 0.150484 -0.142356 -0.108403
internal_weight=0 591.601 844.932 715.045 129.888 103.796 114.615 600.429 99.6345 47.2406 487.805 7.52142 480.284 593.459 68.2591
internal_count=6499 2644 3855 3275 580 476 512 2763 443 210 2168 34 2134 2732 313
is_linear=0
shrinkage=0.1


Tree=5
num_leaves= 16
num_cat= 0
full_tree_array_lgbids= 0 1 2 5 10 4 3 -1 -7 12 11 -2 -6 7 6 -2147483648 -2147483648 -2147483648 -2147483648 -3 -14 -12 -13 -2147483648 -2147483648 -2147483648 -2147483648 -4 13 8 -8 -2147483648 -2147483648 -2147483648 -2147483648 -2147483648 -2147483648 -2147483648 -2147483648 -2147483648 -2147483648 -2147483648 -2147483648 -2147483648 -2147483648 -2147483648 -2147483648 -2147483648 -2147483648 -2147483648 -2147483648 -2147483648 -2147483648 -2147483648 -2147483648 -2147483648 -2147483648 -9 14 -5 9 -2147483648 -2147483648 -2147483648 -2147483648 -2147483648 -2147483648 -2147483648 -2147483648 -2147483648 -2147483648 -2147483648 -2147483648 -2147483648 -2147483648 -2147483648 -2147483648 -2147483648 -2147483648 -2147483648 -2147483648 -2147483648 -2147483648 -2147483648 -2147483648 -2147483648 -2147483648 -2147483648 -2147483648 -2147483648 -2147483648 -2147483648 -2147483648 -2147483648 -2147483648 -2147483648 -2147483648 -2147483648 -2147483648 -2147483648 -2147483648 -2147483648 -2147483648 -2147483648 -2147483648 -2147483648 -2147483648 -2147483648 -2147483648 -2147483648 -2147483648 -2147483648 -2147483648 -2147483648 -2147483648 -2147483648 -2147483648 -15 -16 -2147483648 -2147483648 -10 -11 -2147483648 -2147483648 -2147483648 -2147483648
split_feature= 8 20 19 7 4 10 9 13 21 3 21 1 12 17 19
split_gain= 918.608 482.543 471.55 325.329 96.1824 82.3068 58.1641 46.0484 29.2234 69.1035 6.40207 8.93269 3.69528 2.28376 53.3767
threshold= 3.5000000000000004 3.5000000000000004 1.5000000000000002 1.0000000180025095e-35 4.5000000000000009 1.0000000180025095e-35 1.0000000180025095e-35 1.5000000000000002 1.5000000000000002 1.0000000180025095e-35 4.5000000000000009 1.5000000000000002 1.0000000180025095e-35 1.5000000000000002 6.5000000000000009
decision_type= 2 2 2 2 2 2 2 2 2 2 2 2 2 2 2
left_child=1 5 4 7 -2 -1 8 -4 -5 -10 12 -12 -3 -9 -15
right_child=2 10 3 6 -6 -7 -8 13 9 -11 11 -13 -14 14 -16
leaf_value= 0.14454675775689577 0.14454675775689577 -0.0027549883843111991 0.14454675775689577 0.14454675775689577 -0.14038449805642142 -0.14038449805642142 -0.14038449805642142 -0.14038449805642142 -0.11317002663562747 0.14454675775689577 -0.14038449805642142 0.14454675775689574 0.14454675775689577 0.14454675775689577 -0.14038449805642142
leaf_weight=12.365946739912031 108.9482548981905 4.2413643300533286 6.6093853265047064 49.676992937922478 14.139219447970389 85.654981583356857 14.139219447970389 495.69234557449818 21.166909918189049 23.879069566726685 3.2786595821380606 3.8377076089382172 451.35705600678921 8.3150331526994687 56.147045344114304
leaf_count=58 511 17 31 233 69 418 69 2419 98 112 16 18 2117 39 274
model_size=1712
internal_value=0 0.098242 -0.069233 -0.102217 0.111816 -0.104439 0.0574295 -0.132881 0.0869571 0.0234468 0.141178 0.013273 0.143175 -0.136155 -0.103631
internal_weight=0 560.736 798.713 675.626 123.087 98.0209 108.862 566.764 94.723 45.046 462.715 7.11637 455.598 560.154 64.4621
internal_count=6499 2644 3855 3275 580 476 512 2763 443 210 2168 34 2134 2732 313
is_linear=0
shrinkage=0.1


Tree=6
num_leaves= 17
num_cat= 0
full_tree_array_lgbids= 0 1 2 5 11 4 3 -1 -7 13 12 -2 -6 7 6 -2147483648 -2147483648 -2147483648 -2147483648 -3 -15 -13 -14 -2147483648 -2147483648 -2147483648 -2147483648 -4 14 8 -8 -2147483648 -2147483648 -2147483648 -2147483648 -2147483648 -2147483648 -2147483648 -2147483648 -2147483648 -2147483648 -2147483648 -2147483648 -2147483648 -2147483648 -2147483648 -2147483648 -2147483648 -2147483648 -2147483648 -2147483648 -2147483648 -2147483648 -2147483648 -2147483648 -2147483648 -2147483648 -9 15 9 10 -2147483648 -2147483648 -2147483648 -2147483648 -2147483648 -2147483648 -2147483648 -2147483648 -2147483648 -2147483648 -2147483648 -2147483648 -2147483648 -2147483648 -2147483648 -2147483648 -2147483648 -2147483648 -2147483648 -2147483648 -2147483648 -2147483648 -2147483648 -2147483648 -2147483648 -2147483648 -2147483648 -2147483648 -2147483648 -2147483648 -2147483648 -2147483648 -2147483648 -2147483648 -2147483648 -2147483648 -2147483648 -2147483648 -2147483648 -2147483648 -2147483648 -2147483648 -2147483648 -2147483648 -2147483648 -2147483648 -2147483648 -2147483648 -2147483648 -2147483648 -2147483648 -2147483648 -2147483648 -2147483648 -2147483648 -2147483648 -16 -17 -5 -11 -10 -12 -2147483648 -2147483648 -2147483648 -2147483648
split_feature= 8 20 19 7 4 10 9 13 1 21 14 21 1 12 17 19
split_gain= 795.189 416.752 408.32 282.389 82.5397 70.7409 49.565 39.269 25.5342 49.9426 19.8924 4.75956 6.99678 2.9024 1.27474 45.6101
threshold= 3.5000000000000004 3.5000000000000004 1.5000000000000002 1.0000000180025095e-35 4.5000000000000009 1.0000000180025095e-35 1.0000000180025095e-35 1.5000000000000002 1.0000000180025095e-35 1.5000000000000002 6.5000000000000009 4.5000000000000009 1.5000000000000002 1.0000000180025095e-35 1.5000000000000002 6.5000000000000009
decision_type= 2 2 2 2 2 2 2 2 2 2 2 2 2 2 2 2
left_child=1 5 4 7 -2 -1 8 -4 9 -5 -10 13 -13 -3 -9 -16
right_child=2 11 3 6 -6 -7 -8 14 10 -11 -12 12 -14 -15 15 -17
leaf_value= 0.13855140791954978 0.13855140791954978 -0.0024798143532451006 0.13855140791954978 0.13855140791954976 -0.13509509769210032 -0.13509509769210032 -0.13509509769210032 -0.13509509769210032 -0.082088402927164766 -0.14003606312689423 0.143556678209697 -0.13509509769210032 0.13855140791954976 0.13855140791954978 0.13855140791954978 -0.13509509769210032
leaf_weight=11.647865027189253 102.62170739471912 4.2408298254013053 6.2255830317735663 14.057768136262894 13.268332377076147 80.379172950983047 13.268332377076147 465.16081188619137 5.4664380848407736 14.495391026139259 55.51351498067379 3.0767147541046134 3.6148546636104584 425.1470734924078 7.8321851044893256 52.688740164041519
leaf_count=58 511 17 31 70 69 418 69 2419 26 71 276 16 18 2117 39 274
model_size=1824
internal_value=0 0.0941749 -0.0665327 -0.0982581 0.107221 -0.10046 0.0549211 -0.127863 0.0830804 -0.00287723 0.123329 0.135249 0.0127316 0.137159 -0.131018 -0.0996817
internal_weight=0 528.107 750.599 634.709 115.89 92.027 102.801 531.907 89.5331 28.5532 60.98 436.079 6.69157 429.388 525.682 60.5209
internal_count=6499 2644 3855 3275 580 476 512 2763 443 141 302 2168 34 2134 2732 313
is_linear=0
shrinkage=0.1


Tree=7
num_leaves= 17
num_cat= 0
full_tree_array_lgbids= 0 1 2 5 11 4 3 -1 -7 13 12 -2 -6 7 6 -2147483648 -2147483648 -2147483648 -2147483648 -3 -15 -13 -14 -2147483648 -2147483648 -2147483648 -2147483648 -4 14 8 -8 -2147483648 -2147483648 -2147483648 -2147483648 -2147483648 -2147483648 -2147483648 -2147483648 -2147483648 -2147483648 -2147483648 -2147483648 -2147483648 -2147483648 -2147483648 -2147483648 -2147483648 -2147483648 -2147483648 -2147483648 -2147483648 -2147483648 -2147483648 -2147483648 -2147483648 -2147483648 -9 15 9 10 -2147483648 -2147483648 -2147483648 -2147483648 -2147483648 -2147483648 -2147483648 -2147483648 -2147483648 -2147483648 -2147483648 -2147483648 -2147483648 -2147483648 -2147483648 -2147483648 -2147483648 -2147483648 -2147483648 -2147483648 -2147483648 -2147483648 -2147483648 -2147483648 -2147483648 -2147483648 -2147483648 -2147483648 -2147483648 -2147483648 -2147483648 -2147483648 -2147483648 -2147483648 -2147483648 -2147483648 -2147483648 -2147483648 -2147483648 -2147483648 -2147483648 -2147483648 -2147483648 -2147483648 -2147483648 -2147483648 -2147483648 -2147483648 -2147483648 -2147483648 -2147483648 -2147483648 -2147483648 -2147483648 -2147483648 -2147483648 -16 -17 -5 -11 -10 -12 -2147483648 -2147483648 -2147483648 -2147483648
split_feature= 8 20 19 7 4 10 9 13 1 21 14 21 1 12 17 19
split_gain= 692.175 361.957 355.431 246.305 71.1588 61.0386 42.3697 33.5706 21.2792 42.7086 16.7211 3.37812 5.37611 2.26044 0.405304 39.1032
threshold= 3.5000000000000004 3.5000000000000004 1.5000000000000002 1.0000000180025095e-35 4.5000000000000009 1.0000000180025095e-35 1.0000000180025095e-35 1.5000000000000002 1.0000000180025095e-35 1.5000000000000002 6.5000000000000009 4.5000000000000009 1.5000000000000002 1.0000000180025095e-35 1.5000000000000002 6.5000000000000009
decision_type= 2 2 2 2 2 2 2 2 2 2 2 2 2 2 2 2
left_child=1 5 4 7 -2 -1 8 -4 9 -5 -10 13 -13 -3 -9 -16
right_child=2 11 3 6 -6 -7 -8 14 10 -11 -12 12 -14 -15 15 -17
leaf_value= 0.13356356395996258 0.13356356395996258 -0.0022321090491633213 0.13356356395996258 0.13356356395996255 -0.13066022980921915 -0.13066022980921915 -0.13066022980921915 -0.13066022980921915 -0.075261158749408474 -0.13480441912368477 0.13826059193633586 -0.13066022980921915 0.13356356395996252 0.13356356395996258 0.13356356395996258 -0.13066022980921915
leaf_weight=10.912395119667051 96.14196389913559 4.240334838628768 5.8324870467185965 13.170132040977478 12.391892105340956 75.069723188877106 12.391892105340956 434.43459424376488 5.3711993694305411 13.598297029733658 52.053940877318382 2.8734822273254386 3.3866053819656372 398.30242186784744 7.3376449942588797 49.208383142948151
leaf_count=58 511 17 31 70 69 418 69 2419 26 71 276 16 18 2117 39 274
model_size=1824
internal_value=0 0.0907768 -0.0642688 -0.094935 0.103396 -0.0971263 0.0527986 -0.123656 0.0798007 -0.00276672 0.118289 0.130298 0.0122805 0.132133 -0.126711 -0.0963735
internal_weight=0 494.785 701.932 593.399 108.534 85.9821 96.5855 496.813 84.1936 26.7684 57.4251 408.803 6.26009 402.543 490.981 56.546
internal_count=6499 2644 3855 3275 580 476 512 2763 443 141 302 2168 34 2134 2732 313
is_linear=0
shrinkage=0.1


Tree=8
num_leaves= 14
num_cat= 0
full_tree_array_lgbids= 0 1 2 5 10 4 3 -1 -7 12 11 -2 -6 7 6 -2147483648 -2147483648 -2147483648 -2147483648 -3 -14 -12 -13 -2147483648 -2147483648 -2147483648 -2147483648 -4 -9 8 -8 -2147483648 -2147483648 -2147483648 -2147483648 -2147483648 -2147483648 -2147483648 -2147483648 -2147483648 -2147483648 -2147483648 -2147483648 -2147483648 -2147483648 -2147483648 -2147483648 -2147483648 -2147483648 -2147483648 -2147483648 -2147483648 -2147483648 -2147483648 -2147483648 -2147483648 -2147483648 -2147483648 -2147483648 -5 9 -2147483648 -2147483648 -2147483648 -2147483648 -2147483648 -2147483648 -2147483648 -2147483648 -2147483648 -2147483648 -2147483648 -2147483648 -2147483648 -2147483648 -2147483648 -2147483648 -2147483648 -2147483648 -2147483648 -2147483648 -2147483648 -2147483648 -2147483648 -2147483648 -2147483648 -2147483648 -2147483648 -2147483648 -2147483648 -2147483648 -2147483648 -2147483648 -2147483648 -2147483648 -2147483648 -2147483648 -2147483648 -2147483648 -2147483648 -2147483648 -2147483648 -2147483648 -2147483648 -2147483648 -2147483648 -2147483648 -2147483648 -2147483648 -2147483648 -2147483648 -2147483648 -2147483648 -2147483648 -2147483648 -2147483648 -2147483648 -2147483648 -2147483648 -2147483648 -2147483648 -10 -11 -2147483648 -2147483648 -2147483648 -2147483648
split_feature= 8 20 19 7 4 10 9 13 21 3 21 1 12
split_gain= 605.276 315.825 310.742 215.723 61.5737 52.8309 36.3023 28.7471 18.1645 42.5783 2.217 4.00046 1.72752
threshold= 3.5000000000000004 3.5000000000000004 1.5000000000000002 1.0000000180025095e-35 4.5000000000000009 1.0000000180025095e-35 1.0000000180025095e-35 1.5000000000000002 1.5000000000000002 1.0000000180025095e-35 4.5000000000000009 1.5000000000000002 1.0000000180025095e-35
decision_type= 2 2 2 2 2 2 2 2 2 2 2 2 2
left_child=1 5 4 7 -2 -1 8 -4 -5 -10 12 -12 -3
right_child=2 10 3 6 -6 -7 -8 -9 9 -11 11 -13 -14
leaf_value= 0.12936717161346731 0.12936717161346731 -0.0020091349345018731 0.12936717161346731 0.1296717895463608 -0.12690484179902931 -0.12690484179902931 -0.12690484179902931 -0.1230650032149089 -0.096403508944730418 0.12908362455750785 -0.12690484179902931 0.12936717161346728 0.12936717161346731
leaf_weight=10.177520692348478 89.667466789484024 4.2398781031370154 5.4397093355655661 40.972194984555244 11.527180284261702 69.83132404088974 11.527180284261702 456.73765754699707 18.320789366960526 19.548987150192261 2.6729693412780753 3.1585409045219421 371.47950527071953
leaf_count=58 511 17 31 233 69 418 69 2732 98 112 16 18 2117
model_size=1488
internal_value=0 0.0879038 -0.0623491 -0.0921141 0.100175 -0.0943058 0.0509836 -0.120094 0.076992 0.0199966 0.126112 0.0119006 0.127885
internal_weight=0 461.56 653.741 552.547 101.195 80.0088 90.3692 462.177 78.842 37.8698 381.551 5.83151 375.719
internal_count=6499 2644 3855 3275 580 476 512 2763 443 210 2168 34 2134
is_linear=0
shrinkage=0.1


Tree=9
num_leaves= 17
num_cat= 0
full_tree_array_lgbids= 0 1 2 5 11 4 3 -1 -7 13 12 -2 -6 7 6 -2147483648 -2147483648 -2147483648 -2147483648 -3 -15 -13 -14 -2147483648 -2147483648 -2147483648 -2147483648 -4 14 8 -8 -2147483648 -2147483648 -2147483648 -2147483648 -2147483648 -2147483648 -2147483648 -2147483648 -2147483648 -2147483648 -2147483648 -2147483648 -2147483648 -2147483648 -2147483648 -2147483648 -2147483648 -2147483648 -2147483648 -2147483648 -2147483648 -2147483648 -2147483648 -2147483648 -2147483648 -2147483648 -9 15 9 -10 -2147483648 -2147483648 -2147483648 -2147483648 -2147483648 -2147483648 -2147483648 -2147483648 -2147483648 -2147483648 -2147483648 -2147483648 -2147483648 -2147483648 -2147483648 -2147483648 -2147483648 -2147483648 -2147483648 -2147483648 -2147483648 -2147483648 -2147483648 -2147483648 -2147483648 -2147483648 -2147483648 -2147483648 -2147483648 -2147483648 -2147483648 -2147483648 -2147483648 -2147483648 -2147483648 -2147483648 -2147483648 -2147483648 -2147483648 -2147483648 -2147483648 -2147483648 -2147483648 -2147483648 -2147483648 -2147483648 -2147483648 -2147483648 -2147483648 -2147483648 -2147483648 -2147483648 -2147483648 -2147483648 -2147483648 -2147483648 -16 -17 10 -11 -2147483648 -2147483648 -2147483648 -2147483648 -2147483648 -2147483648 -2147483648 -2147483648 -2147483648 -2147483648 -2147483648 -2147483648 -2147483648 -2147483648 -2147483648 -2147483648 -2147483648 -2147483648 -2147483648 -2147483648 -2147483648 -2147483648 -2147483648 -2147483648 -2147483648 -2147483648 -2147483648 -2147483648 -2147483648 -2147483648 -2147483648 -2147483648 -2147483648 -2147483648 -2147483648 -2147483648 -2147483648 -2147483648 -2147483648 -2147483648 -2147483648 -2147483648 -2147483648 -2147483648 -2147483648 -2147483648 -2147483648 -2147483648 -2147483648 -2147483648 -2147483648 -2147483648 -2147483648 -2147483648 -2147483648 -2147483648 -2147483648 -2147483648 -2147483648 -2147483648 -2147483648 -2147483648 -2147483648 -2147483648 -2147483648 -2147483648 -2147483648 -2147483648 -2147483648 -2147483648 -2147483648 -2147483648 -2147483648 -2147483648 -2147483648 -2147483648 -2147483648 -2147483648 -2147483648 -2147483648 -2147483648 -2147483648 -2147483648 -2147483648 -2147483648 -2147483648 -2147483648 -2147483648 -2147483648 -2147483648 -2147483648 -2147483648 -2147483648 -2147483648 -2147483648 -2147483648 -2147483648 -2147483648 -2147483648 -2147483648 -2147483648 -2147483648 -2147483648 -2147483648 -2147483648 -2147483648 -2147483648 -2147483648 -2147483648 -2147483648 -2147483648 -2147483648 -2147483648 -2147483648 -2147483648 -2147483648 -2147483648 -2147483648 -5 -12 -2147483648 -2147483648 -2147483648 -2147483648 -2147483648 -2147483648 -2147483648 -2147483648 -2147483648 -2147483648 -2147483648 -2147483648 -2147483648 -2147483648
split_feature= 8 20 19 7 4 10 9 13 2 3 21 21 1 12 17 19
split_gain= 530.403 276.624 271.69 188.528 53.423 45.8248 31.1106 24.4875 16.3961 20.8974 30.0225 1.22824 2.82083 1.27713 0.694992 35.6076
threshold= 3.5000000000000004 3.5000000000000004 1.5000000000000002 1.0000000180025095e-35 4.5000000000000009 1.0000000180025095e-35 1.0000000180025095e-35 1.5000000000000002 4.5000000000000009 1.0000000180025095e-35 1.5000000000000002 4.5000000000000009 1.5000000000000002 1.0000000180025095e-35 1.5000000000000002 6.5000000000000009
decision_type= 2 2 2 2 2 2 2 2 2 2 2 2 2 2 2 2
left_child=1 5 4 7 -2 -1 8 -4 9 10 -5 13 -13 -3 -9 -16
right_child=2 11 3 6 -6 -7 -8 14 -10 -11 -12 12 -14 -15 15 -17
leaf_value= 0.12580350276737742 0.12580350276737742 -0.001808403393882229 0.12580350276737742 0.12671555275503477 -0.12369825373571018 -0.12369825373571018 -0.12369825373571018 -0.12378942775286861 0.13339273510662952 0.12555487514212599 -0.12927701180029214 -0.12369825373571018 0.1258035027673774 0.12580350276737742 0.13321304289532709 -0.12378942775286861
leaf_weight=9.456299960613249 83.313263446092606 4.2394580990076056 5.0542292892932883 8.2517217993736267 10.686567977070807 64.738919049501419 10.686567977070807 375.53694880008698 34.011135935783386 15.562446504831312 15.855090782046318 2.4780447483062735 2.9347137808799744 345.15494856238365 7.2992754578590384 42.537050008773804
leaf_count=58 511 17 31 50 69 418 69 2419 206 96 91 16 18 2117 39 274
model_size=1824
internal_value=0 0.08545 -0.0604818 -0.0893175 0.0974384 -0.0918989 0.0493652 -0.1165 0.0744662 0.0239446 -0.0416512 0.122536 0.0115777 0.124255 -0.119379 -0.0861476
internal_weight=0 429.002 608.794 514.794 93.9998 74.1952 84.367 430.428 73.6804 39.6693 24.1068 354.807 5.41276 349.394 425.373 49.8363
internal_count=6499 2644 3855 3275 580 476 512 2763 443 237 141 2168 34 2134 2732 313
is_linear=0
shrinkage=0.1


Tree=10
num_leaves= 15
num_cat= 0
full_tree_array_lgbids= 0 1 2 5 11 4 3 -1 -7 13 12 -2 -6 7 6 -2147483648 -2147483648 -2147483648 -2147483648 -3 -15 -13 -14 -2147483648 -2147483648 -2147483648 -2147483648 -4 -9 8 -8 -2147483648 -2147483648 -2147483648 -2147483648 -2147483648 -2147483648 -2147483648 -2147483648 -2147483648 -2147483648 -2147483648 -2147483648 -2147483648 -2147483648 -2147483648 -2147483648 -2147483648 -2147483648 -2147483648 -2147483648 -2147483648 -2147483648 -2147483648 -2147483648 -2147483648 -2147483648 -2147483648 -2147483648 9 -10 -2147483648 -2147483648 -2147483648 -2147483648 -2147483648 -2147483648 -2147483648 -2147483648 -2147483648 -2147483648 -2147483648 -2147483648 -2147483648 -2147483648 -2147483648 -2147483648 -2147483648 -2147483648 -2147483648 -2147483648 -2147483648 -2147483648 -2147483648 -2147483648 -2147483648 -2147483648 -2147483648 -2147483648 -2147483648 -2147483648 -2147483648 -2147483648 -2147483648 -2147483648 -2147483648 -2147483648 -2147483648 -2147483648 -2147483648 -2147483648 -2147483648 -2147483648 -2147483648 -2147483648 -2147483648 -2147483648 -2147483648 -2147483648 -2147483648 -2147483648 -2147483648 -2147483648 -2147483648 -2147483648 -2147483648 -2147483648 -2147483648 -2147483648 10 -11 -2147483648 -2147483648 -2147483648 -2147483648 -2147483648 -2147483648 -2147483648 -2147483648 -2147483648 -2147483648 -2147483648 -2147483648 -2147483648 -2147483648 -2147483648 -2147483648 -2147483648 -2147483648 -2147483648 -2147483648 -2147483648 -2147483648 -2147483648 -2147483648 -2147483648 -2147483648 -2147483648 -2147483648 -2147483648 -2147483648 -2147483648 -2147483648 -2147483648 -2147483648 -2147483648 -2147483648 -2147483648 -2147483648 -2147483648 -2147483648 -2147483648 -2147483648 -2147483648 -2147483648 -2147483648 -2147483648 -2147483648 -2147483648 -2147483648 -2147483648 -2147483648 -2147483648 -2147483648 -2147483648 -2147483648 -2147483648 -2147483648 -2147483648 -2147483648 -2147483648 -2147483648 -2147483648 -2147483648 -2147483648 -2147483648 -2147483648 -2147483648 -2147483648 -2147483648 -2147483648 -2147483648 -2147483648 -2147483648 -2147483648 -2147483648 -2147483648 -2147483648 -2147483648 -2147483648 -2147483648 -2147483648 -2147483648 -2147483648 -2147483648 -2147483648 -2147483648 -2147483648 -2147483648 -2147483648 -2147483648 -2147483648 -2147483648 -2147483648 -2147483648 -2147483648 -2147483648 -2147483648 -2147483648 -2147483648 -2147483648 -2147483648 -2147483648 -2147483648 -2147483648 -2147483648 -2147483648 -2147483648 -2147483648 -2147483648 -2147483648 -2147483648 -2147483648 -2147483648 -2147483648 -2147483648 -2147483648 -2147483648 -2147483648 -5 -12 -2147483648 -2147483648 -2147483648 -2147483648 -2147483648 -2147483648 -2147483648 -2147483648 -2147483648 -2147483648 -2147483648 -2147483648 -2147483648 -2147483648
split_feature= 8 20 19 7 4 10 9 13 2 3 21 21 1 12
split_gain= 467.132 243.038 239.155 165.952 46.4258 39.7891 26.7384 20.9404 13.7359 17.7289 25.7018 0.367159 1.80012 0.890249
threshold= 3.5000000000000004 3.5000000000000004 1.5000000000000002 1.0000000180025095e-35 4.5000000000000009 1.0000000180025095e-35 1.0000000180025095e-35 1.5000000000000002 4.5000000000000009 1.0000000180025095e-35 1.5000000000000002 4.5000000000000009 1.5000000000000002 1.0000000180025095e-35
decision_type= 2 2 2 2 2 2 2 2 2 2 2 2 2 2
left_child=1 5 4 7 -2 -1 8 -4 9 10 -5 13 -13 -3
right_child=2 11 3 6 -6 -7 -8 -9 -10 -11 -12 12 -14 -15
leaf_value= 0.12275322415096231 0.12275322415096231 -0.0016277265246940941 0.12275322415096231 0.1235525235721887 -0.12094088198253522 -0.12094088198253522 -0.12094088198253522 -0.11669207501903806 0.13000638119843747 0.12253959803304321 -0.12573771124236807 -0.12094088198253522 0.12275322415096229 0.12275322415096231
leaf_weight=8.7580039203166944 77.161034539341927 4.2390727996826163 4.6810020953416815 7.6476948857307443 9.8786517977714521 59.844586253166199 9.8786517977714521 393.30452153086662 31.534579589962959 14.410013511776922 14.729105249047279 2.2907018661499015 2.7180012166500092 319.66714309155941
leaf_count=58 511 17 31 50 69 418 69 2732 206 96 91 16 18 2117
model_size=1600
internal_value=0 0.0833354 -0.0590887 -0.0872712 0.0950949 -0.0898302 0.0481285 -0.113876 0.0725744 0.0233422 -0.0405381 0.119453 0.0113011 0.121125
internal_weight=0 397.518 563.225 476.186 87.0397 68.6026 78.2 397.986 68.3214 36.7868 22.3768 328.915 5.0087 323.906
internal_count=6499 2644 3855 3275 580 476 512 2763 443 237 141 2168 34 2134
is_linear=0
shrinkage=0.1


Tree=11
num_leaves= 14
num_cat= 0
full_tree_array_lgbids= 0 1 2 5 -3 4 3 -1 -7 -2147483648 -2147483648 -2 -6 7 6 -2147483648 -2147483648 -2147483648 -2147483648 -2147483648 -2147483648 -2147483648 -2147483648 -2147483648 -2147483648 -2147483648 -2147483648 -4 11 8 -8 -2147483648 -2147483648 -2147483648 -2147483648 -2147483648 -2147483648 -2147483648 -2147483648 -2147483648 -2147483648 -2147483648 -2147483648 -2147483648 -2147483648 -2147483648 -2147483648 -2147483648 -2147483648 -2147483648 -2147483648 -2147483648 -2147483648 -2147483648 -2147483648 -2147483648 -2147483648 -9 12 9 -10 -2147483648 -2147483648 -2147483648 -2147483648 -2147483648 -2147483648 -2147483648 -2147483648 -2147483648 -2147483648 -2147483648 -2147483648 -2147483648 -2147483648 -2147483648 -2147483648 -2147483648 -2147483648 -2147483648 -2147483648 -2147483648 -2147483648 -2147483648 -2147483648 -2147483648 -2147483648 -2147483648 -2147483648 -2147483648 -2147483648 -2147483648 -2147483648 -2147483648 -2147483648 -2147483648 -2147483648 -2147483648 -2147483648 -2147483648 -2147483648 -2147483648 -2147483648 -2147483648 -2147483648 -2147483648 -2147483648 -2147483648 -2147483648 -2147483648 -2147483648 -2147483648 -2147483648 -2147483648 -2147483648 -2147483648 -2147483648 -13 -14 10 -11 -2147483648 -2147483648 -2147483648 -2147483648 -2147483648 -2147483648 -2147483648 -2147483648 -2147483648 -2147483648 -2147483648 -2147483648 -2147483648 -2147483648 -2147483648 -2147483648 -2147483648 -2147483648 -2147483648 -2147483648 -2147483648 -2147483648 -2147483648 -2147483648 -2147483648 -2147483648 -2147483648 -2147483648 -2147483648 -2147483648 -2147483648 -2147483648 -2147483648 -2147483648 -2147483648 -2147483648 -2147483648 -2147483648 -2147483648 -2147483648 -2147483648 -2147483648 -2147483648 -2147483648 -2147483648 -2147483648 -2147483648 -2147483648 -2147483648 -2147483648 -2147483648 -2147483648 -2147483648 -2147483648 -2147483648 -2147483648 -2147483648 -2147483648 -2147483648 -2147483648 -2147483648 -2147483648 -2147483648 -2147483648 -2147483648 -2147483648 -2147483648 -2147483648 -2147483648 -2147483648 -2147483648 -2147483648 -2147483648 -2147483648 -2147483648 -2147483648 -2147483648 -2147483648 -2147483648 -2147483648 -2147483648 -2147483648 -2147483648 -2147483648 -2147483648 -2147483648 -2147483648 -2147483648 -2147483648 -2147483648 -2147483648 -2147483648 -2147483648 -2147483648 -2147483648 -2147483648 -2147483648 -2147483648 -2147483648 -2147483648 -2147483648 -2147483648 -2147483648 -2147483648 -2147483648 -2147483648 -2147483648 -2147483648 -2147483648 -2147483648 -2147483648 -2147483648 -2147483648 -2147483648 -2147483648 -2147483648 -2147483648 -2147483648 -5 -12 -2147483648 -2147483648 -2147483648 -2147483648 -2147483648 -2147483648 -2147483648 -2147483648 -2147483648 -2147483648 -2147483648 -2147483648 -2147483648 -2147483648
split_feature= 8 20 19 7 4 10 9 13 2 3 21 17 19
split_gain= 411.735 214.088 210.214 145.342 40.3948 34.5731 22.9707 17.7469 11.4449 14.9979 21.9939 1.06724 32.5308
threshold= 3.5000000000000004 3.5000000000000004 1.5000000000000002 1.0000000180025095e-35 4.5000000000000009 1.0000000180025095e-35 1.0000000180025095e-35 1.5000000000000002 4.5000000000000009 1.0000000180025095e-35 1.5000000000000002 1.5000000000000002 6.5000000000000009
decision_type= 2 2 2 2 2 2 2 2 2 2 2 2 2
left_child=1 5 4 7 -2 -1 8 -4 9 10 -5 -9 -13
right_child=2 -3 3 6 -6 -7 -8 11 -10 -11 -12 12 -14
leaf_value= 0.120124818310304 0.120124818310304 0.11677227374427138 0.120124818310304 0.12082864462393778 -0.11855542649094364 -0.11855542649094364 -0.11855542649094364 -0.11870441702852404 0.12707209721438345 0.11994012285508476 -0.12270560109990854 0.13266883522104395 -0.11870441702852404
leaf_weight=8.0889927148818952 71.26681512594223 304.10959428548813 4.3234271407127371 7.0678436458110836 9.1091340333223325 55.18286994099617 9.1091340333223325 321.10438218712807 29.158481627702713 13.306689560413359 13.639695689082144 7.2386974543333045 36.371476113796234
leaf_count=58 511 2168 31 50 69 418 69 2419 206 96 91 39 274
model_size=1488
internal_value=0 0.0814985 -0.0576421 -0.0850917 0.0930748 -0.0880413 0.0470606 -0.110976 0.0709415 0.0228239 -0.0395831 -0.113715 -0.0769799
internal_weight=0 367.381 521.696 441.32 80.3759 63.2719 72.2818 369.038 63.1727 34.0142 20.7075 364.715 43.6102
internal_count=6499 2644 3855 3275 580 476 512 2763 443 237 141 2732 313
is_linear=0
shrinkage=0.1


Tree=12
num_leaves= 17
num_cat= 0
full_tree_array_lgbids= 0 1 2 5 11 4 3 -1 -7 12 13 -2 -6 7 6 -2147483648 -2147483648 -2147483648 -2147483648 -3 -14 -13 -15 -2147483648 -2147483648 -2147483648 -2147483648 -4 14 8 -8 -2147483648 -2147483648 -2147483648 -2147483648 -2147483648 -2147483648 -2147483648 -2147483648 -2147483648 -2147483648 -2147483648 -2147483648 -2147483648 -2147483648 -2147483648 -2147483648 -2147483648 -2147483648 -2147483648 -2147483648 -2147483648 -2147483648 -2147483648 -2147483648 -2147483648 -2147483648 -9 15 9 -10 -2147483648 -2147483648 -2147483648 -2147483648 -2147483648 -2147483648 -2147483648 -2147483648 -2147483648 -2147483648 -2147483648 -2147483648 -2147483648 -2147483648 -2147483648 -2147483648 -2147483648 -2147483648 -2147483648 -2147483648 -2147483648 -2147483648 -2147483648 -2147483648 -2147483648 -2147483648 -2147483648 -2147483648 -2147483648 -2147483648 -2147483648 -2147483648 -2147483648 -2147483648 -2147483648 -2147483648 -2147483648 -2147483648 -2147483648 -2147483648 -2147483648 -2147483648 -2147483648 -2147483648 -2147483648 -2147483648 -2147483648 -2147483648 -2147483648 -2147483648 -2147483648 -2147483648 -2147483648 -2147483648 -2147483648 -2147483648 -16 -17 10 -11 -2147483648 -2147483648 -2147483648 -2147483648 -2147483648 -2147483648 -2147483648 -2147483648 -2147483648 -2147483648 -2147483648 -2147483648 -2147483648 -2147483648 -2147483648 -2147483648 -2147483648 -2147483648 -2147483648 -2147483648 -2147483648 -2147483648 -2147483648 -2147483648 -2147483648 -2147483648 -2147483648 -2147483648 -2147483648 -2147483648 -2147483648 -2147483648 -2147483648 -2147483648 -2147483648 -2147483648 -2147483648 -2147483648 -2147483648 -2147483648 -2147483648 -2147483648 -2147483648 -2147483648 -2147483648 -2147483648 -2147483648 -2147483648 -2147483648 -2147483648 -2147483648 -2147483648 -2147483648 -2147483648 -2147483648 -2147483648 -2147483648 -2147483648 -2147483648 -2147483648 -2147483648 -2147483648 -2147483648 -2147483648 -2147483648 -2147483648 -2147483648 -2147483648 -2147483648 -2147483648 -2147483648 -2147483648 -2147483648 -2147483648 -2147483648 -2147483648 -2147483648 -2147483648 -2147483648 -2147483648 -2147483648 -2147483648 -2147483648 -2147483648 -2147483648 -2147483648 -2147483648 -2147483648 -2147483648 -2147483648 -2147483648 -2147483648 -2147483648 -2147483648 -2147483648 -2147483648 -2147483648 -2147483648 -2147483648 -2147483648 -2147483648 -2147483648 -2147483648 -2147483648 -2147483648 -2147483648 -2147483648 -2147483648 -2147483648 -2147483648 -2147483648 -2147483648 -2147483648 -2147483648 -2147483648 -2147483648 -2147483648 -2147483648 -5 -12 -2147483648 -2147483648 -2147483648 -2147483648 -2147483648 -2147483648 -2147483648 -2147483648 -2147483648 -2147483648 -2147483648 -2147483648 -2147483648 -2147483648
split_feature= 8 20 19 7 4 10 9 13 2 3 21 21 12 1 17 19
split_gain= 363.667 188.268 185.882 128.427 35.1609 30.0352 19.6986 15.0894 9.4533 12.6271 18.7882 0.491319 1.53285 0.907325 0.336721 28.108
threshold= 3.5000000000000004 3.5000000000000004 1.5000000000000002 1.0000000180025095e-35 4.5000000000000009 1.0000000180025095e-35 1.0000000180025095e-35 1.5000000000000002 4.5000000000000009 1.0000000180025095e-35 1.5000000000000002 4.5000000000000009 1.0000000180025095e-35 1.5000000000000002 1.5000000000000002 6.5000000000000009
decision_type= 2 2 2 2 2 2 2 2 2 2 2 2 2 2 2 2
left_child=1 5 4 7 -2 -1 8 -4 9 10 -5 12 -3 -13 -9 -16
right_child=2 11 3 6 -6 -7 -8 14 -10 -11 -12 13 -14 -15 15 -17
leaf_value= 0.11784687452276783 0.11784687452276783 -0.013129881990107306 0.11784687452276783 0.11846908742374487 -0.11648097729749039 -0.11648097729749039 -0.11648097729749039 -0.11661082701140933 0.12450583259164238 0.11768636387543462 -0.12009081028349039 -0.12085377066563137 0.11790681125987131 0.11790681125987126 0.1286099016922598 -0.11661082701140933
leaf_weight=7.4533958137035361 65.666987255215645 4.2498021572828284 3.9837115556001654 6.5160446763038662 8.3815043270587903 50.774910271167755 8.3815043270587903 295.49457492679358 26.899448618292809 12.259066551923754 12.596527084708212 2.2844624519348136 272.68509896099567 2.3185317814350128 6.7457793205976477 33.470654621720314
leaf_count=58 511 17 31 50 69 418 69 2419 206 96 91 16 2117 18 39 274
model_size=1824
internal_value=0 0.0796341 -0.0565923 -0.0835469 0.0913234 -0.0864863 0.0461317 -0.108992 0.0695214 0.0223752 -0.0387586 0.113991 0.115896 -0.00058988 -0.111683 -0.0754783
internal_weight=0 339.766 480.396 406.347 74.0485 58.2283 66.6526 339.695 58.2711 31.3716 19.1126 281.538 276.935 4.60299 335.711 40.2164
internal_count=6499 2644 3855 3275 580 476 512 2763 443 237 141 2168 2134 34 2732 313
is_linear=0
shrinkage=0.1


Tree=13
num_leaves= 12
num_cat= 0
full_tree_array_lgbids= 0 1 2 5 -3 4 3 -1 -7 -2147483648 -2147483648 -2 -6 7 6 -2147483648 -2147483648 -2147483648 -2147483648 -2147483648 -2147483648 -2147483648 -2147483648 -2147483648 -2147483648 -2147483648 -2147483648 -4 -9 8 -8 -2147483648 -2147483648 -2147483648 -2147483648 -2147483648 -2147483648 -2147483648 -2147483648 -2147483648 -2147483648 -2147483648 -2147483648 -2147483648 -2147483648 -2147483648 -2147483648 -2147483648 -2147483648 -2147483648 -2147483648 -2147483648 -2147483648 -2147483648 -2147483648 -2147483648 -2147483648 -2147483648 -2147483648 9 -10 -2147483648 -2147483648 -2147483648 -2147483648 -2147483648 -2147483648 -2147483648 -2147483648 -2147483648 -2147483648 -2147483648 -2147483648 -2147483648 -2147483648 -2147483648 -2147483648 -2147483648 -2147483648 -2147483648 -2147483648 -2147483648 -2147483648 -2147483648 -2147483648 -2147483648 -2147483648 -2147483648 -2147483648 -2147483648 -2147483648 -2147483648 -2147483648 -2147483648 -2147483648 -2147483648 -2147483648 -2147483648 -2147483648 -2147483648 -2147483648 -2147483648 -2147483648 -2147483648 -2147483648 -2147483648 -2147483648 -2147483648 -2147483648 -2147483648 -2147483648 -2147483648 -2147483648 -2147483648 -2147483648 -2147483648 -2147483648 -2147483648 -2147483648 10 -11 -2147483648 -2147483648 -2147483648 -2147483648 -2147483648 -2147483648 -2147483648 -2147483648 -2147483648 -2147483648 -2147483648 -2147483648 -2147483648 -2147483648 -2147483648 -2147483648 -2147483648 -2147483648 -2147483648 -2147483648 -2147483648 -2147483648 -2147483648 -2147483648 -2147483648 -2147483648 -2147483648 -2147483648 -2147483648 -2147483648 -2147483648 -2147483648 -2147483648 -2147483648 -2147483648 -2147483648 -2147483648 -2147483648 -2147483648 -2147483648 -2147483648 -2147483648 -2147483648 -2147483648 -2147483648 -2147483648 -2147483648 -2147483648 -2147483648 -2147483648 -2147483648 -2147483648 -2147483648 -2147483648 -2147483648 -2147483648 -2147483648 -2147483648 -2147483648 -2147483648 -2147483648 -2147483648 -2147483648 -2147483648 -2147483648 -2147483648 -2147483648 -2147483648 -2147483648 -2147483648 -2147483648 -2147483648 -2147483648 -2147483648 -2147483648 -2147483648 -2147483648 -2147483648 -2147483648 -2147483648 -2147483648 -2147483648 -2147483648 -2147483648 -2147483648 -2147483648 -2147483648 -2147483648 -2147483648 -2147483648 -2147483648 -2147483648 -2147483648 -2147483648 -2147483648 -2147483648 -2147483648 -2147483648 -2147483648 -2147483648 -2147483648 -2147483648 -2147483648 -2147483648 -2147483648 -2147483648 -2147483648 -2147483648 -2147483648 -2147483648 -2147483648 -2147483648 -2147483648 -2147483648 -2147483648 -2147483648 -2147483648 -2147483648 -5 -12 -2147483648 -2147483648 -2147483648 -2147483648 -2147483648 -2147483648 -2147483648 -2147483648 -2147483648 -2147483648 -2147483648 -2147483648 -2147483648 -2147483648
split_feature= 8 20 19 7 4 10 9 13 2 3 21
split_gain= 322.479 166.451 164.644 113.638 30.5841 26.057 16.8309 12.7539 7.70069 10.5464 15.9893
threshold= 3.5000000000000004 3.5000000000000004 1.5000000000000002 1.0000000180025095e-35 4.5000000000000009 1.0000000180025095e-35 1.0000000180025095e-35 1.5000000000000002 4.5000000000000009 1.0000000180025095e-35 1.5000000000000002
decision_type= 2 2 2 2 2 2 2 2 2 2 2
left_child=1 5 4 7 -2 -1 8 -4 9 10 -5
right_child=2 -3 3 6 -6 -7 -8 -9 -10 -11 -12
leaf_value= 0.11586288176687953 0.11586288176687953 0.11191675896648208 0.11586288176687953 0.11641474137646078 -0.11466884050498732 -0.11466884050498732 -0.11466884050498732 -0.10990976549349832 0.12224251472097424 0.11572273023764582 -0.11782308623079965
leaf_weight=6.8536426723003379 60.382955268025398 259.24491659551859 3.6631538420915595 5.9946413710713413 7.6975774168968192 46.631700873374939 7.6975774168968192 308.4206755682826 24.767084613442421 11.270983144640924 11.605854623019694
leaf_count=58 511 2168 31 50 69 418 69 2732 206 96 91
model_size=1264
internal_value=0 0.0782167 -0.0556758 -0.082198 0.0897976 -0.0851284 0.0453184 -0.10726 0.0682779 0.0219849 -0.0380428
internal_weight=0 312.73 441.501 373.42 68.0805 53.4853 61.3361 312.084 53.6386 28.8715 17.6005
internal_count=6499 2644 3855 3275 580 476 512 2763 443 237 141
is_linear=0
shrinkage=0.1


Tree=14
num_leaves= 17
num_cat= 0
full_tree_array_lgbids= 0 1 2 5 13 4 3 -1 -7 14 15 -2 -6 7 6 -2147483648 -2147483648 -2147483648 -2147483648 -3 -16 -15 -17 -2147483648 -2147483648 -2147483648 -2147483648 -4 11 8 -8 -2147483648 -2147483648 -2147483648 -2147483648 -2147483648 -2147483648 -2147483648 -2147483648 -2147483648 -2147483648 -2147483648 -2147483648 -2147483648 -2147483648 -2147483648 -2147483648 -2147483648 -2147483648 -2147483648 -2147483648 -2147483648 -2147483648 -2147483648 -2147483648 -2147483648 -2147483648 -9 12 9 -10 -2147483648 -2147483648 -2147483648 -2147483648 -2147483648 -2147483648 -2147483648 -2147483648 -2147483648 -2147483648 -2147483648 -2147483648 -2147483648 -2147483648 -2147483648 -2147483648 -2147483648 -2147483648 -2147483648 -2147483648 -2147483648 -2147483648 -2147483648 -2147483648 -2147483648 -2147483648 -2147483648 -2147483648 -2147483648 -2147483648 -2147483648 -2147483648 -2147483648 -2147483648 -2147483648 -2147483648 -2147483648 -2147483648 -2147483648 -2147483648 -2147483648 -2147483648 -2147483648 -2147483648 -2147483648 -2147483648 -2147483648 -2147483648 -2147483648 -2147483648 -2147483648 -2147483648 -2147483648 -2147483648 -2147483648 -2147483648 -13 -14 10 -11 -2147483648 -2147483648 -2147483648 -2147483648 -2147483648 -2147483648 -2147483648 -2147483648 -2147483648 -2147483648 -2147483648 -2147483648 -2147483648 -2147483648 -2147483648 -2147483648 -2147483648 -2147483648 -2147483648 -2147483648 -2147483648 -2147483648 -2147483648 -2147483648 -2147483648 -2147483648 -2147483648 -2147483648 -2147483648 -2147483648 -2147483648 -2147483648 -2147483648 -2147483648 -2147483648 -2147483648 -2147483648 -2147483648 -2147483648 -2147483648 -2147483648 -2147483648 -2147483648 -2147483648 -2147483648 -2147483648 -2147483648 -2147483648 -2147483648 -2147483648 -2147483648 -2147483648 -2147483648 -2147483648 -2147483648 -2147483648 -2147483648 -2147483648 -2147483648 -2147483648 -2147483648 -2147483648 -2147483648 -2147483648 -2147483648 -2147483648 -2147483648 -2147483648 -2147483648 -2147483648 -2147483648 -2147483648 -2147483648 -2147483648 -2147483648 -2147483648 -2147483648 -2147483648 -2147483648 -2147483648 -2147483648 -2147483648 -2147483648 -2147483648 -2147483648 -2147483648 -2147483648 -2147483648 -2147483648 -2147483648 -2147483648 -2147483648 -2147483648 -2147483648 -2147483648 -2147483648 -2147483648 -2147483648 -2147483648 -2147483648 -2147483648 -2147483648 -2147483648 -2147483648 -2147483648 -2147483648 -2147483648 -2147483648 -2147483648 -2147483648 -2147483648 -2147483648 -2147483648 -2147483648 -2147483648 -2147483648 -2147483648 -2147483648 -5 -12 -2147483648 -2147483648 -2147483648 -2147483648 -2147483648 -2147483648 -2147483648 -2147483648 -2147483648 -2147483648 -2147483648 -2147483648 -2147483648 -2147483648
split_feature= 8 20 19 7 4 10 9 13 2 3 21 17 19 21 12 4
split_gain= 285.012 146.695 145.318 99.7469 26.589 22.5796 14.3309 10.6052 6.17597 8.73647 13.5579 0.779338 25.7259 0.61547 2.11203 0.0792467
threshold= 3.5000000000000004 3.5000000000000004 1.5000000000000002 1.0000000180025095e-35 4.5000000000000009 1.0000000180025095e-35 1.0000000180025095e-35 1.5000000000000002 4.5000000000000009 1.0000000180025095e-35 1.5000000000000002 1.5000000000000002 6.5000000000000009 4.5000000000000009 1.0000000180025095e-35 4.5000000000000009
decision_type= 2 2 2 2 2 2 2 2 2 2 2 2 2 2 2 2
left_child=1 5 4 7 -2 -1 8 -4 9 10 -5 -9 -13 14 -3 -15
right_child=2 13 3 6 -6 -7 -8 11 -10 -11 -12 12 -14 15 -16 -17
leaf_value= 0.11412744279391081 0.11412744279391081 -0.023068897123633216 0.11412744279391081 0.1146182506313376 -0.11307963800542431 -0.11307963800542431 -0.11307963800542431 -0.11324387096103945 0.12023133976253722 0.11400458387535323 -0.11584675750992807 0.12807985916117046 -0.11324387096103945 0.11423007597318027 0.11423007597318027 -0.1206682213370851
leaf_weight=6.2908793091773978 55.424815982580185 4.2365971058607093 3.3623665273189536 5.5048161745071438 7.0579090341925612 42.756608352065086 7.0579090341925612 249.81658635288477 22.765800885856152 10.344196677207949 10.671330720186232 6.6757164448499671 28.296711310744286 1.9629933089017857 230.8698241636157 2.2711052894592285
leaf_count=58 511 17 31 50 69 418 69 2419 206 96 91 39 274 18 2117 16
model_size=1824
internal_value=0 0.0766599 -0.0545863 -0.0805317 0.0884626 -0.0839378 0.044602 -0.105 0.0671824 0.0216437 -0.0374185 -0.107587 -0.0671788 0.109571 0.111756 -0.0117658
internal_weight=0 288.388 406.978 344.495 62.4827 49.0475 56.3441 288.151 49.2861 26.5203 16.1761 284.789 34.9724 239.341 235.106 4.2341
internal_count=6499 2644 3855 3275 580 476 512 2763 443 237 141 2732 313 2168 2134 34
is_linear=0
shrinkage=0.1


Tree=15
num_leaves= 17
num_cat= 0
full_tree_array_lgbids= 0 1 2 5 13 4 3 -1 -7 14 15 -2 -6 7 6 -2147483648 -2147483648 -2147483648 -2147483648 -3 -16 -15 -17 -2147483648 -2147483648 -2147483648 -2147483648 -4 11 8 -8 -2147483648 -2147483648 -2147483648 -2147483648 -2147483648 -2147483648 -2147483648 -2147483648 -2147483648 -2147483648 -2147483648 -2147483648 -2147483648 -2147483648 -2147483648 -2147483648 -2147483648 -2147483648 -2147483648 -2147483648 -2147483648 -2147483648 -2147483648 -2147483648 -2147483648 -2147483648 -9 12 9 -10 -2147483648 -2147483648 -2147483648 -2147483648 -2147483648 -2147483648 -2147483648 -2147483648 -2147483648 -2147483648 -2147483648 -2147483648 -2147483648 -2147483648 -2147483648 -2147483648 -2147483648 -2147483648 -2147483648 -2147483648 -2147483648 -2147483648 -2147483648 -2147483648 -2147483648 -2147483648 -2147483648 -2147483648 -2147483648 -2147483648 -2147483648 -2147483648 -2147483648 -2147483648 -2147483648 -2147483648 -2147483648 -2147483648 -2147483648 -2147483648 -2147483648 -2147483648 -2147483648 -2147483648 -2147483648 -2147483648 -2147483648 -2147483648 -2147483648 -2147483648 -2147483648 -2147483648 -2147483648 -2147483648 -2147483648 -2147483648 -13 -14 10 -11 -2147483648 -2147483648 -2147483648 -2147483648 -2147483648 -2147483648 -2147483648 -2147483648 -2147483648 -2147483648 -2147483648 -2147483648 -2147483648 -2147483648 -2147483648 -2147483648 -2147483648 -2147483648 -2147483648 -2147483648 -2147483648 -2147483648 -2147483648 -2147483648 -2147483648 -2147483648 -2147483648 -2147483648 -2147483648 -2147483648 -2147483648 -2147483648 -2147483648 -2147483648 -2147483648 -2147483648 -2147483648 -2147483648 -2147483648 -2147483648 -2147483648 -2147483648 -2147483648 -2147483648 -2147483648 -2147483648 -2147483648 -2147483648 -2147483648 -2147483648 -2147483648 -2147483648 -2147483648 -2147483648 -2147483648 -2147483648 -2147483648 -2147483648 -2147483648 -2147483648 -2147483648 -2147483648 -2147483648 -2147483648 -2147483648 -2147483648 -2147483648 -2147483648 -2147483648 -2147483648 -2147483648 -2147483648 -2147483648 -2147483648 -2147483648 -2147483648 -2147483648 -2147483648 -2147483648 -2147483648 -2147483648 -2147483648 -2147483648 -2147483648 -2147483648 -2147483648 -2147483648 -2147483648 -2147483648 -2147483648 -2147483648 -2147483648 -2147483648 -2147483648 -2147483648 -2147483648 -2147483648 -2147483648 -2147483648 -2147483648 -2147483648 -2147483648 -2147483648 -2147483648 -2147483648 -2147483648 -2147483648 -2147483648 -2147483648 -2147483648 -2147483648 -2147483648 -2147483648 -2147483648 -2147483648 -2147483648 -2147483648 -2147483648 -5 -12 -2147483648 -2147483648 -2147483648 -2147483648 -2147483648 -2147483648 -2147483648 -2147483648 -2147483648 -2147483648 -2147483648 -2147483648 -2147483648 -2147483648
split_feature= 8 20 19 7 4 10 9 13 2 3 21 17 19 12 1 21
split_gain= 253.457 129.993 129.024 88.4064 23.0646 19.5053 12.1195 8.80792 4.82082 7.1321 11.4132 0.0916594 22.1997 0.0643432 12.1383 1.93289
threshold= 3.5000000000000004 3.5000000000000004 1.5000000000000002 1.0000000180025095e-35 4.5000000000000009 1.0000000180025095e-35 1.0000000180025095e-35 1.5000000000000002 4.5000000000000009 1.0000000180025095e-35 1.5000000000000002 1.5000000000000002 6.5000000000000009 1.0000000180025095e-35 2.5000000000000004 4.5000000000000009
decision_type= 2 2 2 2 2 2 2 2 2 2 2 2 2 2 2 2
left_child=1 5 4 7 -2 -1 8 -4 9 10 -5 -9 -13 14 -3 -15
right_child=2 13 3 6 -6 -7 -8 11 -10 -11 -12 12 -14 15 -16 -17
leaf_value= 0.11260371998545887 0.11260371998545887 0.16698361998968916 0.11260371998545887 0.11304123533114284 -0.11168115789146256 -0.11168115789146256 -0.11168115789146256 -0.11182588766580215 0.11843230844754055 0.11249564268769784 -0.11411706953600641 0.12470418166949732 -0.11182588766580215 0.11269397740520654 -0.20934784978169479 -0.048891400147869801
leaf_weight=5.7652898132801047 50.794191285967827 2.895590364933013 3.0814480036497107 5.0468797758221635 6.4621228650212279 39.147353008389473 6.4621228650212279 228.76247733831406 20.896218247711658 9.4789104089140892 9.794642969965933 6.1954539120197287 25.911913514137268 211.60074442625046 2.2455138713121414 2.9932560324668875
leaf_count=58 511 17 31 50 69 418 69 2419 206 96 91 39 274 2117 9 25
model_size=1824
internal_value=0 0.0755358 -0.0538756 -0.0794836 0.0872902 -0.0828904 0.0439677 -0.103654 0.0662122 0.0213444 -0.0368716 -0.106208 -0.0661849 0.107917 0.00261085 0.11044
internal_weight=0 264.648 372.886 315.63 57.2563 44.9126 51.6788 263.951 45.2167 24.3204 14.8415 260.87 32.1074 219.735 5.1411 214.594
internal_count=6499 2644 3855 3275 580 476 512 2763 443 237 141 2732 313 2168 26 2142
is_linear=0
shrinkage=0.1


Tree=16
num_leaves= 12
num_cat= 0
full_tree_array_lgbids= 0 1 2 5 -3 4 3 -1 -7 -2147483648 -2147483648 -2 -6 7 6 -2147483648 -2147483648 -2147483648 -2147483648 -2147483648 -2147483648 -2147483648 -2147483648 -2147483648 -2147483648 -2147483648 -2147483648 -4 -9 8 -8 -2147483648 -2147483648 -2147483648 -2147483648 -2147483648 -2147483648 -2147483648 -2147483648 -2147483648 -2147483648 -2147483648 -2147483648 -2147483648 -2147483648 -2147483648 -2147483648 -2147483648 -2147483648 -2147483648 -2147483648 -2147483648 -2147483648 -2147483648 -2147483648 -2147483648 -2147483648 -2147483648 -2147483648 9 -10 -2147483648 -2147483648 -2147483648 -2147483648 -2147483648 -2147483648 -2147483648 -2147483648 -2147483648 -2147483648 -2147483648 -2147483648 -2147483648 -2147483648 -2147483648 -2147483648 -2147483648 -2147483648 -2147483648 -2147483648 -2147483648 -2147483648 -2147483648 -2147483648 -2147483648 -2147483648 -2147483648 -2147483648 -2147483648 -2147483648 -2147483648 -2147483648 -2147483648 -2147483648 -2147483648 -2147483648 -2147483648 -2147483648 -2147483648 -2147483648 -2147483648 -2147483648 -2147483648 -2147483648 -2147483648 -2147483648 -2147483648 -2147483648 -2147483648 -2147483648 -2147483648 -2147483648 -2147483648 -2147483648 -2147483648 -2147483648 -2147483648 -2147483648 10 -11 -2147483648 -2147483648 -2147483648 -2147483648 -2147483648 -2147483648 -2147483648 -2147483648 -2147483648 -2147483648 -2147483648 -2147483648 -2147483648 -2147483648 -2147483648 -2147483648 -2147483648 -2147483648 -2147483648 -2147483648 -2147483648 -2147483648 -2147483648 -2147483648 -2147483648 -2147483648 -2147483648 -2147483648 -2147483648 -2147483648 -2147483648 -2147483648 -2147483648 -2147483648 -2147483648 -2147483648 -2147483648 -2147483648 -2147483648 -2147483648 -2147483648 -2147483648 -2147483648 -2147483648 -2147483648 -2147483648 -2147483648 -2147483648 -2147483648 -2147483648 -2147483648 -2147483648 -2147483648 -2147483648 -2147483648 -2147483648 -2147483648 -2147483648 -2147483648 -2147483648 -2147483648 -2147483648 -2147483648 -2147483648 -2147483648 -2147483648 -2147483648 -2147483648 -2147483648 -2147483648 -2147483648 -2147483648 -2147483648 -2147483648 -2147483648 -2147483648 -2147483648 -2147483648 -2147483648 -2147483648 -2147483648 -2147483648 -2147483648 -2147483648 -2147483648 -2147483648 -2147483648 -2147483648 -2147483648 -2147483648 -2147483648 -2147483648 -2147483648 -2147483648 -2147483648 -2147483648 -2147483648 -2147483648 -2147483648 -2147483648 -2147483648 -2147483648 -2147483648 -2147483648 -2147483648 -2147483648 -2147483648 -2147483648 -2147483648 -2147483648 -2147483648 -2147483648 -2147483648 -2147483648 -2147483648 -2147483648 -2147483648 -2147483648 -5 -12 -2147483648 -2147483648 -2147483648 -2147483648 -2147483648 -2147483648 -2147483648 -2147483648 -2147483648 -2147483648 -2147483648 -2147483648 -2147483648 -2147483648
split_feature= 8 20 19 7 4 10 9 13 2 3 21
split_gain= 225.584 115.202 114.651 78.3936 19.9501 16.7837 10.1617 7.21421 3.61775 5.71002 9.51912
threshold= 3.5000000000000004 3.5000000000000004 1.5000000000000002 1.0000000180025095e-35 4.5000000000000009 1.0000000180025095e-35 1.0000000180025095e-35 1.5000000000000002 4.5000000000000009 1.0000000180025095e-35 1.5000000000000002
decision_type= 2 2 2 2 2 2 2 2 2 2 2
left_child=1 5 4 7 -2 -1 8 -4 9 10 -5
right_child=2 -3 3 6 -6 -7 -8 -9 -10 -11 -12
leaf_value= 0.11126147420147421 0.11126147420147421 0.10636018583568743 0.11126147420147421 0.11165225625796958 -0.11044680992112868 -0.11044680992112868 -0.11044680992112868 -0.10499285360289534 0.11681374646884379 0.11116612239748716 -0.11259763335377537
leaf_weight=5.2763521671295157 46.48648202419281 201.62664616107941 2.8201192617416373 4.6204982623457918 5.9091660529375067 35.797556668519974 5.9091660529375067 238.64489657431841 19.156252138316631 8.6741847917437553 8.9760081470012647
leaf_count=58 511 2168 31 50 69 418 69 2732 206 96 91
model_size=1264
internal_value=0 0.0744884 -0.0532484 -0.0785582 0.0862573 -0.0819662 0.0434035 -0.102467 0.0653488 0.0210809 -0.0363908
internal_weight=0 242.701 341.197 288.801 52.3956 41.0739 47.3361 241.465 41.4269 22.2707 13.5965
internal_count=6499 2644 3855 3275 580 476 512 2763 443 237 141
is_linear=0
shrinkage=0.1


Tree=17
num_leaves= 17
num_cat= 0
full_tree_array_lgbids= 0 1 2 5 13 4 3 -1 -7 14 15 -2 -6 7 6 -2147483648 -2147483648 -2147483648 -2147483648 -3 -16 -15 -17 -2147483648 -2147483648 -2147483648 -2147483648 -4 11 8 -8 -2147483648 -2147483648 -2147483648 -2147483648 -2147483648 -2147483648 -2147483648 -2147483648 -2147483648 -2147483648 -2147483648 -2147483648 -2147483648 -2147483648 -2147483648 -2147483648 -2147483648 -2147483648 -2147483648 -2147483648 -2147483648 -2147483648 -2147483648 -2147483648 -2147483648 -2147483648 -9 12 9 -10 -2147483648 -2147483648 -2147483648 -2147483648 -2147483648 -2147483648 -2147483648 -2147483648 -2147483648 -2147483648 -2147483648 -2147483648 -2147483648 -2147483648 -2147483648 -2147483648 -2147483648 -2147483648 -2147483648 -2147483648 -2147483648 -2147483648 -2147483648 -2147483648 -2147483648 -2147483648 -2147483648 -2147483648 -2147483648 -2147483648 -2147483648 -2147483648 -2147483648 -2147483648 -2147483648 -2147483648 -2147483648 -2147483648 -2147483648 -2147483648 -2147483648 -2147483648 -2147483648 -2147483648 -2147483648 -2147483648 -2147483648 -2147483648 -2147483648 -2147483648 -2147483648 -2147483648 -2147483648 -2147483648 -2147483648 -2147483648 -13 -14 10 -11 -2147483648 -2147483648 -2147483648 -2147483648 -2147483648 -2147483648 -2147483648 -2147483648 -2147483648 -2147483648 -2147483648 -2147483648 -2147483648 -2147483648 -2147483648 -2147483648 -2147483648 -2147483648 -2147483648 -2147483648 -2147483648 -2147483648 -2147483648 -2147483648 -2147483648 -2147483648 -2147483648 -2147483648 -2147483648 -2147483648 -2147483648 -2147483648 -2147483648 -2147483648 -2147483648 -2147483648 -2147483648 -2147483648 -2147483648 -2147483648 -2147483648 -2147483648 -2147483648 -2147483648 -2147483648 -2147483648 -2147483648 -2147483648 -2147483648 -2147483648 -2147483648 -2147483648 -2147483648 -2147483648 -2147483648 -2147483648 -2147483648 -2147483648 -2147483648 -2147483648 -2147483648 -2147483648 -2147483648 -2147483648 -2147483648 -2147483648 -2147483648 -2147483648 -2147483648 -2147483648 -2147483648 -2147483648 -2147483648 -2147483648 -2147483648 -2147483648 -2147483648 -2147483648 -2147483648 -2147483648 -2147483648 -2147483648 -2147483648 -2147483648 -2147483648 -2147483648 -2147483648 -2147483648 -2147483648 -2147483648 -2147483648 -2147483648 -2147483648 -2147483648 -2147483648 -2147483648 -2147483648 -2147483648 -2147483648 -2147483648 -2147483648 -2147483648 -2147483648 -2147483648 -2147483648 -2147483648 -2147483648 -2147483648 -2147483648 -2147483648 -2147483648 -2147483648 -2147483648 -2147483648 -2147483648 -2147483648 -2147483648 -2147483648 -5 -12 -2147483648 -2147483648 -2147483648 -2147483648 -2147483648 -2147483648 -2147483648 -2147483648 -2147483648 -2147483648 -2147483648 -2147483648 -2147483648 -2147483648
split_feature= 8 20 19 7 4 10 9 13 2 3 21 17 19 12 3 21
split_gain= 199.744 101.6 101.317 68.7363 17.2081 14.386 8.44202 5.71787 2.56535 4.46402 7.85932 0.56389 20.2485 0.520229 9.24155 2.18883
threshold= 3.5000000000000004 3.5000000000000004 1.5000000000000002 1.0000000180025095e-35 4.5000000000000009 1.0000000180025095e-35 1.0000000180025095e-35 1.5000000000000002 4.5000000000000009 1.0000000180025095e-35 1.5000000000000002 1.5000000000000002 6.5000000000000009 1.0000000180025095e-35 1.0000000180025095e-35 4.5000000000000009
decision_type= 2 2 2 2 2 2 2 2 2 2 2 2 2 2 2 2
left_child=1 5 4 7 -2 -1 8 -4 9 10 -5 -9 -13 14 -3 -15
right_child=2 13 3 6 -6 -7 -8 11 -10 -11 -12 12 -14 15 -16 -17
leaf_value= 0.1100756958889617 0.1100756958889617 -0.19864684028874308 0.1100756958889617 0.11042531313219886 -0.10935442392955622 -0.10935442392955622 -0.10935442392955622 -0.1095207297962103 0.1153504247619148 0.10999133773226484 -0.11125858006212289 0.12422199945129996 -0.1095207297962103 0.11019679501159951 0.15328629491488657 -0.053882468781392995
leaf_weight=4.8230335712432852 42.492588877677917 2.2498956620693198 2.5778282880783072 4.2248704433441189 5.397508665919303 32.697951048612595 5.397508665919303 192.00547274202108 17.541939847171307 7.928258202970027 8.2145605757832509 6.1217786371707943 21.748449578881264 177.76517422497272 2.6584873721003532 3.0375829562544814
leaf_count=58 511 9 31 50 69 418 69 2419 206 96 91 39 274 2117 17 25
model_size=1824
internal_value=0 0.0732031 -0.0523552 -0.0771687 0.0853446 -0.0811484 0.0428996 -0.100544 0.0645773 0.0208483 -0.0359669 -0.103013 -0.0581784 0.104388 -0.00803217 0.10744
internal_weight=0 223.232 313.651 265.761 47.8901 37.521 43.3071 222.454 37.9096 20.3677 12.4394 219.876 27.8702 185.711 4.90838 180.803
internal_count=6499 2644 3855 3275 580 476 512 2763 443 237 141 2732 313 2168 26 2142
is_linear=0
shrinkage=0.1


Tree=18
num_leaves= 15
num_cat= 0
full_tree_array_lgbids= 0 2 1 5 11 4 3 -1 -7 12 13 -2 -6 7 6 -2147483648 -2147483648 -2147483648 -2147483648 -4 -14 -13 -15 -2147483648 -2147483648 -2147483648 -2147483648 -3 -9 8 -8 -2147483648 -2147483648 -2147483648 -2147483648 -2147483648 -2147483648 -2147483648 -2147483648 -2147483648 -2147483648 -2147483648 -2147483648 -2147483648 -2147483648 -2147483648 -2147483648 -2147483648 -2147483648 -2147483648 -2147483648 -2147483648 -2147483648 -2147483648 -2147483648 -2147483648 -2147483648 -2147483648 -2147483648 9 -10 -2147483648 -2147483648 -2147483648 -2147483648 -2147483648 -2147483648 -2147483648 -2147483648 -2147483648 -2147483648 -2147483648 -2147483648 -2147483648 -2147483648 -2147483648 -2147483648 -2147483648 -2147483648 -2147483648 -2147483648 -2147483648 -2147483648 -2147483648 -2147483648 -2147483648 -2147483648 -2147483648 -2147483648 -2147483648 -2147483648 -2147483648 -2147483648 -2147483648 -2147483648 -2147483648 -2147483648 -2147483648 -2147483648 -2147483648 -2147483648 -2147483648 -2147483648 -2147483648 -2147483648 -2147483648 -2147483648 -2147483648 -2147483648 -2147483648 -2147483648 -2147483648 -2147483648 -2147483648 -2147483648 -2147483648 -2147483648 -2147483648 -2147483648 10 -11 -2147483648 -2147483648 -2147483648 -2147483648 -2147483648 -2147483648 -2147483648 -2147483648 -2147483648 -2147483648 -2147483648 -2147483648 -2147483648 -2147483648 -2147483648 -2147483648 -2147483648 -2147483648 -2147483648 -2147483648 -2147483648 -2147483648 -2147483648 -2147483648 -2147483648 -2147483648 -2147483648 -2147483648 -2147483648 -2147483648 -2147483648 -2147483648 -2147483648 -2147483648 -2147483648 -2147483648 -2147483648 -2147483648 -2147483648 -2147483648 -2147483648 -2147483648 -2147483648 -2147483648 -2147483648 -2147483648 -2147483648 -2147483648 -2147483648 -2147483648 -2147483648 -2147483648 -2147483648 -2147483648 -2147483648 -2147483648 -2147483648 -2147483648 -2147483648 -2147483648 -2147483648 -2147483648 -2147483648 -2147483648 -2147483648 -2147483648 -2147483648 -2147483648 -2147483648 -2147483648 -2147483648 -2147483648 -2147483648 -2147483648 -2147483648 -2147483648 -2147483648 -2147483648 -2147483648 -2147483648 -2147483648 -2147483648 -2147483648 -2147483648 -2147483648 -2147483648 -2147483648 -2147483648 -2147483648 -2147483648 -2147483648 -2147483648 -2147483648 -2147483648 -2147483648 -2147483648 -2147483648 -2147483648 -2147483648 -2147483648 -2147483648 -2147483648 -2147483648 -2147483648 -2147483648 -2147483648 -2147483648 -2147483648 -2147483648 -2147483648 -2147483648 -2147483648 -2147483648 -2147483648 -2147483648 -2147483648 -2147483648 -2147483648 -5 -12 -2147483648 -2147483648 -2147483648 -2147483648 -2147483648 -2147483648 -2147483648 -2147483648 -2147483648 -2147483648 -2147483648 -2147483648 -2147483648 -2147483648
split_feature= 8 19 20 7 4 10 9 13 2 3 21 12 3 21
split_gain= 178.053 90.1034 90.1032 60.9409 14.7598 12.2406 6.89957 4.46687 1.61485 3.34139 6.37268 0.0354447 6.75059 1.47664
threshold= 3.5000000000000004 1.5000000000000002 3.5000000000000004 1.0000000180025095e-35 4.5000000000000009 1.0000000180025095e-35 1.0000000180025095e-35 1.5000000000000002 4.5000000000000009 1.0000000180025095e-35 1.5000000000000002 1.0000000180025095e-35 1.0000000180025095e-35 4.5000000000000009
decision_type= 2 2 2 2 2 2 2 2 2 2 2 2 2 2
left_child=2 4 5 7 -2 -1 8 -3 9 10 -5 12 -4 -13
right_child=1 3 11 6 -6 -7 -8 -9 -10 -11 -12 13 -14 -15
leaf_value= 0.10902547451640709 0.10902547451640709 0.10902547451640709 -0.1808745653008903 0.1093386950498459 -0.10838542814819269 -0.10838542814819269 -0.10838542814819269 -0.1020484380479638 0.11402208718316593 0.10895065942820069 -0.11007513309988336 0.10913284143597238 0.14665875643571927 -0.049205981028490817
leaf_weight=4.4039455801248542 38.800279162824154 2.3538329824805251 2.2248435616493216 3.8588655441999453 4.9252953529357901 29.837296485900879 4.9252953529357901 200.7440994605422 16.048072770237923 7.2387972325086585 7.5086566433310509 162.33636468648911 2.508508674800396 2.9959452822804442
leaf_count=58 511 31 9 50 69 418 69 2732 206 96 91 2117 17 25
model_size=1600
internal_value=0 -0.0518588 0.0723446 -0.0764344 0.0845361 -0.0804231 0.0424481 -0.0996022 0.0638855 0.0206424 -0.035592 0.103103 -0.00729353 0.106264
internal_weight=0 286.403 204.307 242.678 43.7256 34.2412 39.5797 203.098 34.6544 18.6063 11.3675 170.066 4.73335 165.332
internal_count=6499 3855 2644 3275 580 476 512 2763 443 237 141 2168 26 2142
is_linear=0
shrinkage=0.1


Tree=19
num_leaves= 14
num_cat= 0
full_tree_array_lgbids= 0 1 2 5 -3 4 3 -1 -7 -2147483648 -2147483648 -2 -6 7 6 -2147483648 -2147483648 -2147483648 -2147483648 -2147483648 -2147483648 -2147483648 -2147483648 -2147483648 -2147483648 -2147483648 -2147483648 -4 8 10 -8 -2147483648 -2147483648 -2147483648 -2147483648 -2147483648 -2147483648 -2147483648 -2147483648 -2147483648 -2147483648 -2147483648 -2147483648 -2147483648 -2147483648 -2147483648 -2147483648 -2147483648 -2147483648 -2147483648 -2147483648 -2147483648 -2147483648 -2147483648 -2147483648 -2147483648 -2147483648 -9 9 11 -12 -2147483648 -2147483648 -2147483648 -2147483648 -2147483648 -2147483648 -2147483648 -2147483648 -2147483648 -2147483648 -2147483648 -2147483648 -2147483648 -2147483648 -2147483648 -2147483648 -2147483648 -2147483648 -2147483648 -2147483648 -2147483648 -2147483648 -2147483648 -2147483648 -2147483648 -2147483648 -2147483648 -2147483648 -2147483648 -2147483648 -2147483648 -2147483648 -2147483648 -2147483648 -2147483648 -2147483648 -2147483648 -2147483648 -2147483648 -2147483648 -2147483648 -2147483648 -2147483648 -2147483648 -2147483648 -2147483648 -2147483648 -2147483648 -2147483648 -2147483648 -2147483648 -2147483648 -2147483648 -2147483648 -2147483648 -2147483648 -10 -11 12 -13 -2147483648 -2147483648 -2147483648 -2147483648 -2147483648 -2147483648 -2147483648 -2147483648 -2147483648 -2147483648 -2147483648 -2147483648 -2147483648 -2147483648 -2147483648 -2147483648 -2147483648 -2147483648 -2147483648 -2147483648 -2147483648 -2147483648 -2147483648 -2147483648 -2147483648 -2147483648 -2147483648 -2147483648 -2147483648 -2147483648 -2147483648 -2147483648 -2147483648 -2147483648 -2147483648 -2147483648 -2147483648 -2147483648 -2147483648 -2147483648 -2147483648 -2147483648 -2147483648 -2147483648 -2147483648 -2147483648 -2147483648 -2147483648 -2147483648 -2147483648 -2147483648 -2147483648 -2147483648 -2147483648 -2147483648 -2147483648 -2147483648 -2147483648 -2147483648 -2147483648 -2147483648 -2147483648 -2147483648 -2147483648 -2147483648 -2147483648 -2147483648 -2147483648 -2147483648 -2147483648 -2147483648 -2147483648 -2147483648 -2147483648 -2147483648 -2147483648 -2147483648 -2147483648 -2147483648 -2147483648 -2147483648 -2147483648 -2147483648 -2147483648 -2147483648 -2147483648 -2147483648 -2147483648 -2147483648 -2147483648 -2147483648 -2147483648 -2147483648 -2147483648 -2147483648 -2147483648 -2147483648 -2147483648 -2147483648 -2147483648 -2147483648 -2147483648 -2147483648 -2147483648 -2147483648 -2147483648 -2147483648 -2147483648 -2147483648 -2147483648 -2147483648 -2147483648 -2147483648 -2147483648 -2147483648 -2147483648 -2147483648 -2147483648 -5 -14 -2147483648 -2147483648 -2147483648 -2147483648 -2147483648 -2147483648 -2147483648 -2147483648 -2147483648 -2147483648 -2147483648 -2147483648 -2147483648 -2147483648
split_feature= 8 20 19 7 4 10 9 19 19 4 2 3 21
split_gain= 158.236 79.9211 79.5422 53.2535 12.5848 10.3327 5.52906 4.26767 15.2773 3.10721 0.770966 2.3397 5.04981
threshold= 3.5000000000000004 3.5000000000000004 1.5000000000000002 1.0000000180025095e-35 4.5000000000000009 1.0000000180025095e-35 1.0000000180025095e-35 4.5000000000000009 6.5000000000000009 4.5000000000000009 4.5000000000000009 1.0000000180025095e-35 1.5000000000000002
decision_type= 2 2 2 2 2 2 2 2 2 2 2 2 2
left_child=1 5 4 7 -2 -1 10 -4 -9 -10 11 12 -5
right_child=2 -3 3 6 -6 -7 -8 8 9 -11 -12 -13 -14
leaf_value= 0.10809320877587317 0.10809320877587328 0.10193711698999355 -0.10770525038704266 0.10837418229646079 -0.1075240907530273 -0.1075240907530273 -0.1075240907530273 0.12369083526950056 0.1080932087758731 -0.10770525038704266 0.11281236889043107 0.108026724588923 -0.10902659533846622
leaf_weight=4.0174633711576488 35.395237632095814 155.58599144220352 158.35054659843445 3.5211301073432022 4.4904651269316664 27.203107580542564 4.4904651269316664 6.0390665531158474 2.147264905273917 20.524462625384331 14.668662913143633 6.6030873879790297 6.8561067804694176
leaf_count=58 511 2168 2384 50 69 418 69 39 31 309 206 96 91
model_size=1488
internal_value=0 0.0715674 -0.0510256 -0.0751221 0.0838183 -0.0797785 0.0420423 -0.0977577 -0.0428936 -0.0872667 0.0632633 0.0204597 -0.0352597
internal_weight=0 186.807 263.086 223.201 39.8857 31.2206 36.1395 187.061 28.7108 22.6717 31.649 16.9803 10.3772
internal_count=6499 2644 3855 3275 580 476 512 2763 379 340 443 237 141
is_linear=0
shrinkage=0.1


Tree=20
num_leaves= 17
num_cat= 0
full_tree_array_lgbids= 0 2 1 5 10 4 3 -1 -7 11 12 -2 -6 7 6 -2147483648 -2147483648 -2147483648 -2147483648 -4 -13 -12 -14 -2147483648 -2147483648 -2147483648 -2147483648 -3 8 13 -8 -2147483648 -2147483648 -2147483648 -2147483648 -2147483648 -2147483648 -2147483648 -2147483648 -2147483648 -2147483648 -2147483648 -2147483648 -2147483648 -2147483648 -2147483648 -2147483648 -2147483648 -2147483648 -2147483648 -2147483648 -2147483648 -2147483648 -2147483648 -2147483648 -2147483648 -2147483648 -9 9 14 -15 -2147483648 -2147483648 -2147483648 -2147483648 -2147483648 -2147483648 -2147483648 -2147483648 -2147483648 -2147483648 -2147483648 -2147483648 -2147483648 -2147483648 -2147483648 -2147483648 -2147483648 -2147483648 -2147483648 -2147483648 -2147483648 -2147483648 -2147483648 -2147483648 -2147483648 -2147483648 -2147483648 -2147483648 -2147483648 -2147483648 -2147483648 -2147483648 -2147483648 -2147483648 -2147483648 -2147483648 -2147483648 -2147483648 -2147483648 -2147483648 -2147483648 -2147483648 -2147483648 -2147483648 -2147483648 -2147483648 -2147483648 -2147483648 -2147483648 -2147483648 -2147483648 -2147483648 -2147483648 -2147483648 -2147483648 -2147483648 -10 -11 15 -16 -2147483648 -2147483648 -2147483648 -2147483648 -2147483648 -2147483648 -2147483648 -2147483648 -2147483648 -2147483648 -2147483648 -2147483648 -2147483648 -2147483648 -2147483648 -2147483648 -2147483648 -2147483648 -2147483648 -2147483648 -2147483648 -2147483648 -2147483648 -2147483648 -2147483648 -2147483648 -2147483648 -2147483648 -2147483648 -2147483648 -2147483648 -2147483648 -2147483648 -2147483648 -2147483648 -2147483648 -2147483648 -2147483648 -2147483648 -2147483648 -2147483648 -2147483648 -2147483648 -2147483648 -2147483648 -2147483648 -2147483648 -2147483648 -2147483648 -2147483648 -2147483648 -2147483648 -2147483648 -2147483648 -2147483648 -2147483648 -2147483648 -2147483648 -2147483648 -2147483648 -2147483648 -2147483648 -2147483648 -2147483648 -2147483648 -2147483648 -2147483648 -2147483648 -2147483648 -2147483648 -2147483648 -2147483648 -2147483648 -2147483648 -2147483648 -2147483648 -2147483648 -2147483648 -2147483648 -2147483648 -2147483648 -2147483648 -2147483648 -2147483648 -2147483648 -2147483648 -2147483648 -2147483648 -2147483648 -2147483648 -2147483648 -2147483648 -2147483648 -2147483648 -2147483648 -2147483648 -2147483648 -2147483648 -2147483648 -2147483648 -2147483648 -2147483648 -2147483648 -2147483648 -2147483648 -2147483648 -2147483648 -2147483648 -2147483648 -2147483648 -2147483648 -2147483648 -2147483648 -2147483648 -2147483648 -2147483648 -2147483648 -2147483648 -5 -17 -2147483648 -2147483648 -2147483648 -2147483648 -2147483648 -2147483648 -2147483648 -2147483648 -2147483648 -2147483648 -2147483648 -2147483648 -2147483648 -2147483648
split_feature= 8 19 20 7 4 10 9 19 19 4 12 3 21 2 3 21
split_gain= 140.563 70.7269 70.3146 47.1458 10.6412 8.62536 4.3016 3.23389 12.9454 2.13948 0.323499 4.84963 1.72791 0.0132372 1.44754 3.87354
threshold= 3.5000000000000004 1.5000000000000002 3.5000000000000004 1.0000000180025095e-35 4.5000000000000009 1.0000000180025095e-35 1.0000000180025095e-35 4.5000000000000009 6.5000000000000009 4.5000000000000009 1.0000000180025095e-35 1.0000000180025095e-35 4.5000000000000009 4.5000000000000009 1.0000000180025095e-35 1.5000000000000002
decision_type= 2 2 2 2 2 2 2 2 2 2 2 2 2 2 2 2
left_child=2 4 5 7 -2 -1 13 -3 -9 -10 11 -4 -12 14 15 -5
right_child=1 3 10 6 -6 -7 -8 8 9 -11 12 -13 -14 -15 -16 -17
leaf_value= 0.10726401292643045 0.10726401292643054 -0.10691849287386174 -0.17473601340565795 0.10751631254223314 -0.10675703993551194 -0.10675703993551194 -0.10675703993551194 0.1209344721657209 0.10726401292643034 -0.10691849287386174 0.10739502528354805 0.1373981138399262 -0.053783526373281522 0.11170790970217942 0.10720481213357369 -0.10809553100209796
leaf_weight=3.6618147641420391 32.261850766837597 144.28191983699799 2.2029649168252936 3.2101711109280604 4.0908415876328936 24.782199762761593 4.0908415876328936 5.5824694186449078 1.9571768566966081 18.700970314443111 135.73502549529076 2.2470944039523602 3.0366694778203955 13.397292185574768 6.0181840360164633 6.2543608918786049
leaf_count=58 511 2384 9 50 69 418 69 39 31 309 2117 17 25 206 96 91
model_size=1824
internal_value=0 -0.0506279 0.0703976 -0.0745318 0.0831798 -0.0792045 0.0416766 -0.0970009 -0.0424697 -0.0866266 0.100109 -0.0171213 0.103868 0.0627022 0.0202972 -0.0349645
internal_weight=0 239.846 171.666 203.493 36.3527 28.444 32.9708 170.523 26.2406 20.6581 143.222 4.45006 138.772 28.88 15.4827 9.46453
internal_count=6499 3855 2644 3275 580 476 512 2763 379 340 2168 26 2142 443 237 141
is_linear=0
shrinkage=0.1


Tree=21
num_leaves= 11
num_cat= 0
full_tree_array_lgbids= 0 2 1 5 -4 4 3 -1 -7 -2147483648 -2147483648 -2 -6 7 6 -2147483648 -2147483648 -2147483648 -2147483648 -2147483648 -2147483648 -2147483648 -2147483648 -2147483648 -2147483648 -2147483648 -2147483648 -3 8 -5 -8 -2147483648 -2147483648 -2147483648 -2147483648 -2147483648 -2147483648 -2147483648 -2147483648 -2147483648 -2147483648 -2147483648 -2147483648 -2147483648 -2147483648 -2147483648 -2147483648 -2147483648 -2147483648 -2147483648 -2147483648 -2147483648 -2147483648 -2147483648 -2147483648 -2147483648 -2147483648 -9 9 -2147483648 -2147483648 -2147483648 -2147483648 -2147483648 -2147483648 -2147483648 -2147483648 -2147483648 -2147483648 -2147483648 -2147483648 -2147483648 -2147483648 -2147483648 -2147483648 -2147483648 -2147483648 -2147483648 -2147483648 -2147483648 -2147483648 -2147483648 -2147483648 -2147483648 -2147483648 -2147483648 -2147483648 -2147483648 -2147483648 -2147483648 -2147483648 -2147483648 -2147483648 -2147483648 -2147483648 -2147483648 -2147483648 -2147483648 -2147483648 -2147483648 -2147483648 -2147483648 -2147483648 -2147483648 -2147483648 -2147483648 -2147483648 -2147483648 -2147483648 -2147483648 -2147483648 -2147483648 -2147483648 -2147483648 -2147483648 -2147483648 -2147483648 -10 -11 -2147483648 -2147483648 -2147483648 -2147483648 -2147483648 -2147483648 -2147483648 -2147483648
split_feature= 8 19 20 7 4 10 9 19 19 4
split_gain= 125.417 62.8605 62.3009 41.6909 8.89621 7.08984 3.19527 2.28849 10.8764 1.26028
threshold= 3.5000000000000004 1.5000000000000002 3.5000000000000004 1.0000000180025095e-35 4.5000000000000009 1.0000000180025095e-35 1.0000000180025095e-35 4.5000000000000009 6.5000000000000009 4.5000000000000009
decision_type= 2 2 2 2 2 2 2 2 2 2
left_child=2 4 5 7 -2 -1 -5 -3 -9 -10
right_child=1 3 -4 6 -6 -7 -8 8 9 -11
leaf_value= 0.10652517821132974 0.10652517821132985 -0.10621694558719133 0.099110372552031686 0.062195162191764068 -0.10607284898161794 -0.10607284898161794 -0.10607284898161794 0.1185498749668365 0.10652517821132963 -0.10621694558719133
leaf_weight=3.3351530358195332 29.383848298341036 131.36988657712936 130.86527391523123 26.333452142775062 3.7242023237049571 22.561109729111195 3.7242023237049571 5.1475815474987057 1.7825817950069929 17.027388822287321
leaf_count=58 511 2384 2168 443 69 418 69 39 31 309
model_size=1152
internal_value=0 -0.050273 0.0697382 -0.0740048 0.0826108 -0.0786926 0.0413464 -0.0963266 -0.0420937 -0.0860558
internal_weight=0 218.493 156.762 185.385 33.1081 25.8963 30.0577 155.327 23.9576 18.81
internal_count=6499 3855 2644 3275 580 476 512 2763 379 340
is_linear=0
shrinkage=0.1


Tree=22
num_leaves= 13
num_cat= 0
full_tree_array_lgbids= 0 2 1 5 9 4 3 -1 -7 10 -11 -2 -6 7 6 -2147483648 -2147483648 -2147483648 -2147483648 -4 -12 -2147483648 -2147483648 -2147483648 -2147483648 -2147483648 -2147483648 -3 8 -5 -8 -2147483648 -2147483648 -2147483648 -2147483648 -2147483648 -2147483648 -2147483648 -2147483648 -2147483648 -2147483648 -2147483648 -2147483648 -2147483648 -2147483648 -2147483648 -2147483648 -2147483648 -2147483648 -2147483648 -2147483648 -2147483648 -2147483648 -2147483648 -2147483648 -2147483648 -2147483648 -9 11 -2147483648 -2147483648 -2147483648 -2147483648 -2147483648 -2147483648 -2147483648 -2147483648 -2147483648 -2147483648 -2147483648 -2147483648 -2147483648 -2147483648 -2147483648 -2147483648 -2147483648 -2147483648 -2147483648 -2147483648 -2147483648 -2147483648 -2147483648 -2147483648 -2147483648 -2147483648 -2147483648 -2147483648 -2147483648 -2147483648 -2147483648 -2147483648 -2147483648 -2147483648 -2147483648 -2147483648 -2147483648 -2147483648 -2147483648 -2147483648 -2147483648 -2147483648 -2147483648 -2147483648 -2147483648 -2147483648 -2147483648 -2147483648 -2147483648 -2147483648 -2147483648 -2147483648 -2147483648 -2147483648 -2147483648 -2147483648 -2147483648 -2147483648 -10 -13 -2147483648 -2147483648 -2147483648 -2147483648 -2147483648 -2147483648 -2147483648 -2147483648
split_feature= 8 19 20 7 4 10 9 19 19 21 12 4
split_gain= 110.98 55.424 54.635 37.3275 7.35629 5.736 1.89174 1.4533 9.0666 0.525582 1.75943 0.492808
threshold= 3.5000000000000004 1.5000000000000002 3.5000000000000004 1.0000000180025095e-35 4.5000000000000009 1.0000000180025095e-35 1.0000000180025095e-35 4.5000000000000009 6.5000000000000009 4.5000000000000009 1.0000000180025095e-35 4.5000000000000009
decision_type= 2 2 2 2 2 2 2 2 2 2 2 2
left_child=2 4 5 7 -2 -1 -5 -3 -9 10 -4 -10
right_child=1 3 9 6 -6 -7 -8 8 11 -11 -12 -13
leaf_value= 0.105865822596505 0.10586582259650511 -0.10559045910749419 -0.040926475626955033 0.057705510389973493 -0.10546166888562683 -0.10546166888562683 -0.10546166888562683 0.11647612532336377 0.105865822596505 -0.038260695052366081 0.10601527556007835 -0.10559045910749416
leaf_weight=3.0356061831116703 26.744737233966593 119.53762537240982 3.7480688989162436 25.584928948432211 3.3883290365338317 20.526399090886116 3.3883290365338317 4.7363738939166096 1.6224791668355472 3.4889760836958876 113.30242671072483 15.493761006742716
leaf_count=58 511 2384 17 443 69 418 69 39 31 34 2117 309
model_size=1376
internal_value=0 -0.0495845 0.0685733 -0.0728767 0.082103 -0.0782353 0.0386236 -0.095725 -0.0417595 0.0972702 0.10131 -0.0855461
internal_weight=0 200.497 144.101 170.363 30.1331 23.562 28.9733 141.39 21.8526 120.539 117.05 17.1162
internal_count=6499 3855 2644 3275 580 476 512 2763 379 2168 2134 340
is_linear=0
shrinkage=0.1


Tree=23
num_leaves= 13
num_cat= 0
full_tree_array_lgbids= 0 2 1 5 10 4 3 -1 -7 11 -12 -2 -6 8 6 -2147483648 -2147483648 -2147483648 -2147483648 -4 -13 -2147483648 -2147483648 -2147483648 -2147483648 -2147483648 -2147483648 -3 9 -5 7 -2147483648 -2147483648 -2147483648 -2147483648 -2147483648 -2147483648 -2147483648 -2147483648 -2147483648 -2147483648 -2147483648 -2147483648 -2147483648 -2147483648 -2147483648 -2147483648 -2147483648 -2147483648 -2147483648 -2147483648 -2147483648 -2147483648 -2147483648 -2147483648 -2147483648 -2147483648 -10 -11 -2147483648 -2147483648 -8 -9
split_feature= 8 19 20 7 4 10 20 4 19 19 21 12
split_gain= 98.5418 48.7633 48.1963 33.457 5.9688 4.51413 1.61557 2.07753 0.688552 7.44877 0.0174815 1.21057
threshold= 3.5000000000000004 1.5000000000000002 3.5000000000000004 1.0000000180025095e-35 4.5000000000000009 1.0000000180025095e-35 3.5000000000000004 5.5000000000000009 4.5000000000000009 6.5000000000000009 4.5000000000000009 1.0000000180025095e-35
decision_type= 2 2 2 2 2 2 2 2 2 2 2 2
left_child=2 4 5 8 -2 -1 -5 -8 -3 -10 11 -4
right_child=1 3 10 6 -6 -7 7 -9 9 -11 -12 -13
leaf_value= 0.10527657861010012 0.10527657861010026 -0.10503025882061144 -0.03670390436252665 0.11061218175141573 -0.10491500914327373 -0.10491500914327373 -0.041996704472068894 0.10553503411916837 0.11466460191314792 -0.085090408310699014 -0.034607624679602787 0.10541019755136292
leaf_weight=2.7613188400864628 24.328171160072092 108.70956701040268 3.7606164664030066 9.2749979160726088 3.0810463540256015 18.664889506995678 13.538782786577942 5.2118534706532946 4.3498686924576768 15.56616934388876 3.472462370991706 103.07870671525598
leaf_count=58 511 2384 17 166 69 418 241 105 39 340 34 2117
model_size=1376
internal_value=0 -0.0488874 0.0678606 -0.0717273 0.0816491 -0.0778264 0.0359448 -0.00098936 -0.0951875 -0.0414618 0.0961578 0.100408
internal_weight=0 184.06 131.738 156.651 27.4092 21.4262 28.0256 18.7506 128.626 19.916 110.312 106.839
internal_count=6499 3855 2644 3275 580 476 512 346 2763 379 2168 2134
is_linear=0
shrinkage=0.1


Tree=24
num_leaves= 11
num_cat= 0
full_tree_array_lgbids= 0 2 1 5 -4 4 3 -1 -7 -2147483648 -2147483648 -2 -6 8 6 -2147483648 -2147483648 -2147483648 -2147483648 -2147483648 -2147483648 -2147483648 -2147483648 -2147483648 -2147483648 -2147483648 -2147483648 -3 9 -5 7 -2147483648 -2147483648 -2147483648 -2147483648 -2147483648 -2147483648 -2147483648 -2147483648 -2147483648 -2147483648 -2147483648 -2147483648 -2147483648 -2147483648 -2147483648 -2147483648 -2147483648 -2147483648 -2147483648 -2147483648 -2147483648 -2147483648 -2147483648 -2147483648 -2147483648 -2147483648 -10 -11 -2147483648 -2147483648 -8 -9
split_feature= 8 19 20 7 4 10 20 4 19 10
split_gain= 87.3443 42.7885 42.4237 29.7052 4.71131 3.40429 0.874378 1.02132 0.359299 6.21347
threshold= 3.5000000000000004 1.5000000000000002 3.5000000000000004 1.0000000180025095e-35 4.5000000000000009 1.0000000180025095e-35 3.5000000000000004 5.5000000000000009 4.5000000000000009 3.5000000000000004
decision_type= 2 2 2 2 2 2 2 2 2 2
left_child=2 4 5 8 -2 -1 -5 -8 -3 -10
right_child=1 3 -4 6 -6 -7 7 -9 9 -11
leaf_value= 0.10474930962181393 0.10474930962181406 -0.10452872777454265 0.095057863653727551 0.10969262233042505 -0.10442548272911378 -0.10442548272911378 -0.038334845179078314 0.10498072507698755 0.062853873081395395 -0.10461993206270395
leaf_weight=2.5104792863130596 22.118188194930557 98.812353670597076 100.95521830394864 8.4591368548572081 2.8002480491995803 16.963821515440941 13.358840476721527 4.7395091243088237 7.185075569897891 11.43869537115097
leaf_count=58 511 2384 2168 166 69 418 241 105 108 271
model_size=1152
internal_value=0 -0.0481673 0.0671605 -0.070562 0.081243 -0.0774603 0.0343915 -0.00080405 -0.0942967 -0.0400083
internal_weight=0 168.912 120.43 143.994 24.9184 19.4743 26.5575 18.0983 117.436 18.6238
internal_count=6499 3855 2644 3275 580 476 512 346 2763 379
is_linear=0
shrinkage=0.1


Tree=25
num_leaves= 11
num_cat= 0
full_tree_array_lgbids= 0 2 1 5 6 4 3 -1 -7 7 -8 -2 -6 -3 8 -2147483648 -2147483648 -2147483648 -2147483648 -4 -9 -2147483648 -2147483648 -2147483648 -2147483648 -2147483648 -2147483648 -2147483648 -2147483648 -5 9 -2147483648 -2147483648 -2147483648 -2147483648 -2147483648 -2147483648 -2147483648 -2147483648 -2147483648 -2147483648 -2147483648 -2147483648 -2147483648 -2147483648 -2147483648 -2147483648 -2147483648 -2147483648 -2147483648 -2147483648 -2147483648 -2147483648 -2147483648 -2147483648 -2147483648 -2147483648 -2147483648 -2147483648 -2147483648 -2147483648 -10 -11
split_feature= 8 19 20 7 4 10 21 12 20 4
split_gain= 76.9157 37.4737 36.8733 26.3757 3.58726 2.41208 0.267415 1.55911 0.210121 0.105469
threshold= 3.5000000000000004 1.5000000000000002 3.5000000000000004 1.0000000180025095e-35 4.5000000000000009 1.0000000180025095e-35 4.5000000000000009 1.0000000180025095e-35 3.5000000000000004 5.5000000000000009
decision_type= 2 2 2 2 2 2 2 2 2 2
left_child=2 4 5 -3 -2 -1 7 -4 -5 -10
right_child=1 3 6 8 -6 -7 -8 -9 9 -11
leaf_value= 0.1042769941535199 0.10427699415352004 -0.093488640427558445 -0.04273609281176749 0.10884856334065851 -0.10398665302316219 -0.10398665302316219 -0.040364068826505728 0.10442741948803401 -0.03491744980602584 0.10448441323005096
leaf_weight=2.2813395410776165 20.09938802570105 107.17165023088455 3.7420831471681586 7.7104759365320232 2.5439163185656062 15.41097132116556 3.4992465376853934 85.949415192008018 13.208046413958074 4.3078164122998706
leaf_count=58 511 2763 17 166 69 418 34 2117 241 105
model_size=1152
internal_value=0 -0.0474698 0.0659223 -0.0694206 0.0808791 -0.077132 0.0930812 0.0982875 0.0328301 -0.000633233
internal_weight=0 155.041 110.883 132.398 22.6433 17.6923 93.1907 89.6915 25.2263 17.5159
internal_count=6499 3855 2644 3275 580 476 2168 2134 512 346
is_linear=0
shrinkage=0.1


Tree=26
num_leaves= 7
num_cat= 0
full_tree_array_lgbids= 0 2 1 -1 -4 3 -3 -2147483648 -2147483648 -2147483648 -2147483648 -2 4 -2147483648 -2147483648 -2147483648 -2147483648 -2147483648 -2147483648 -2147483648 -2147483648 -2147483648 -2147483648 -2147483648 -2147483648 -5 5 -2147483648 -2147483648 -2147483648 -2147483648 -2147483648 -2147483648 -2147483648 -2147483648 -2147483648 -2147483648 -2147483648 -2147483648 -2147483648 -2147483648 -2147483648 -2147483648 -2147483648 -2147483648 -2147483648 -2147483648 -2147483648 -2147483648 -2147483648 -2147483648 -2147483648 -2147483648 -6 -7 -2147483648 -2147483648 -2147483648 -2147483648 -2147483648 -2147483648 -2147483648 -2147483648
split_feature= 4 4 4 19 19 12
split_gain= 67.8694 108.369 35.905 4.84005 6.09292 7.58525
threshold= 2.5000000000000004 5.5000000000000009 1.0000000180025095e-35 4.5000000000000009 5.5000000000000009 2.5000000000000004
decision_type= 2 2 2 2 2 2
left_child=2 3 -1 -2 -5 -6
right_child=1 -3 -4 4 5 -7
leaf_value= -0.10377827219399612 -0.10571709080966785 0.10399308472708675 0.10488901459182452 0.11209186703461778 -0.10162146519359516 0.088428044259836358
leaf_weight=11.191072709858416 91.873379465192556 41.455167822539806 71.769589602947235 4.7838058881461647 19.2664207816124 4.7844028025865546
leaf_count=320 2523 1123 1885 58 516 74
model_size=704
internal_value=0 -0.0394671 0.0767406 -0.0887362 -0.0346313 -0.0638151
internal_weight=0 162.163 82.9607 120.708 28.8346 24.0508
internal_count=6499 4294 2205 3171 648 590
is_linear=0
shrinkage=0.1


Tree=27
num_leaves= 7
num_cat= 0
full_tree_array_lgbids= 0 2 1 -1 -4 3 -3 -2147483648 -2147483648 -2147483648 -2147483648 -2 4 -2147483648 -2147483648 -2147483648 -2147483648 -2147483648 -2147483648 -2147483648 -2147483648 -2147483648 -2147483648 -2147483648 -2147483648 -5 5 -2147483648 -2147483648 -2147483648 -2147483648 -2147483648 -2147483648 -2147483648 -2147483648 -2147483648 -2147483648 -2147483648 -2147483648 -2147483648 -2147483648 -2147483648 -2147483648 -2147483648 -2147483648 -2147483648 -2147483648 -2147483648 -2147483648 -2147483648 -2147483648 -2147483648 -2147483648 -6 -7 -2147483648 -2147483648 -2147483648 -2147483648 -2147483648 -2147483648 -2147483648 -2147483648
split_feature= 4 4 4 19 19 12
split_gain= 60.4307 96.7824 31.6858 3.89619 4.71833 6.03084
threshold= 2.5000000000000004 5.5000000000000009 1.0000000180025095e-35 4.5000000000000009 5.5000000000000009 2.5000000000000004
decision_type= 2 2 2 2 2 2
left_child=2 3 -1 -2 -5 -6
right_child=1 -3 -4 4 5 -7
leaf_value= -0.10340592233245792 -0.10525442180323824 0.10359870782949741 0.1044353015721977 0.11082781993281024 -0.10066138122167351 0.084097933488678819
leaf_weight=10.160704392939804 83.477321073412895 37.645700234919786 65.20757182687521 4.3754043020308044 17.590972144156698 4.54064917564392
leaf_count=320 2523 1123 1885 58 516 74
model_size=704
internal_value=0 -0.0392215 0.0764154 -0.0881063 -0.0341025 -0.0627551
internal_weight=0 147.63 75.3683 109.984 26.507 22.1316
internal_count=6499 4294 2205 3171 648 590
is_linear=0
shrinkage=0.1


Tree=28
num_leaves= 7
num_cat= 0
full_tree_array_lgbids= 0 2 1 -1 -4 3 -3 -2147483648 -2147483648 -2147483648 -2147483648 -2 4 -2147483648 -2147483648 -2147483648 -2147483648 -2147483648 -2147483648 -2147483648 -2147483648 -2147483648 -2147483648 -2147483648 -2147483648 -5 5 -2147483648 -2147483648 -2147483648 -2147483648 -2147483648 -2147483648 -2147483648 -2147483648 -2147483648 -2147483648 -2147483648 -2147483648 -2147483648 -2147483648 -2147483648 -2147483648 -2147483648 -2147483648 -2147483648 -2147483648 -2147483648 -2147483648 -2147483648 -2147483648 -2147483648 -2147483648 -6 -7 -2147483648 -2147483648 -2147483648 -2147483648 -2147483648 -2147483648 -2147483648 -2147483648
split_feature= 4 4 4 19 19 12
split_gain= 53.763 86.3812 27.9068 3.06294 3.49397 4.64102
threshold= 2.5000000000000004 5.5000000000000009 1.0000000180025095e-35 4.5000000000000009 5.5000000000000009 2.5000000000000004
decision_type= 2 2 2 2 2 2
left_child=2 3 -1 -2 -5 -6
right_child=1 -3 -4 4 5 -7
leaf_value= -0.10307139638182437 -0.10482886388540813 0.10324454806496351 0.10402418625139348 0.10970633188750976 -0.099640881262621842 0.079654736428839371
leaf_weight=9.2221039943397027 75.824461782351136 34.174127573147416 59.223559780046344 3.9974277894943979 16.071892147883776 4.3260144852101794
leaf_count=320 2523 1123 1885 58 516 74
model_size=704
internal_value=0 -0.0389793 0.0761209 -0.0874765 -0.0335428 -0.0616156
internal_weight=0 134.394 68.4457 100.22 24.3953 20.3979
internal_count=6499 4294 2205 3171 648 590
is_linear=0
shrinkage=0.1


Tree=29
num_leaves= 7
num_cat= 0
full_tree_array_lgbids= 0 2 1 -1 -4 3 -3 -2147483648 -2147483648 -2147483648 -2147483648 -2 4 -2147483648 -2147483648 -2147483648 -2147483648 -2147483648 -2147483648 -2147483648 -2147483648 -2147483648 -2147483648 -2147483648 -2147483648 -5 5 -2147483648 -2147483648 -2147483648 -2147483648 -2147483648 -2147483648 -2147483648 -2147483648 -2147483648 -2147483648 -2147483648 -2147483648 -2147483648 -2147483648 -2147483648 -2147483648 -2147483648 -2147483648 -2147483648 -2147483648 -2147483648 -2147483648 -2147483648 -2147483648 -2147483648 -2147483648 -6 -7 -2147483648 -2147483648 -2147483648 -2147483648 -2147483648 -2147483648 -2147483648 -2147483648
split_feature= 4 4 4 19 19 12
split_gain= 47.7689 77.0271 24.5096 2.3191 2.39541 3.39485
threshold= 2.5000000000000004 5.5000000000000009 1.0000000180025095e-35 4.5000000000000009 5.5000000000000009 2.5000000000000004
decision_type= 2 2 2 2 2 2
left_child=2 3 -1 -2 -5 -6
right_child=1 -3 -4 4 5 -7
leaf_value= -0.10277065162834281 -0.10443684174791412 0.10292628314631042 0.10365142571902911 0.10870932887623011 -0.09853913974775412 0.075127522048181378
leaf_weight=8.3676795884966833 68.853272056207061 31.012772940099239 53.770601762458682 3.6484968345612314 14.696985533460976 4.1381242945790282
leaf_count=320 2523 1123 1885 58 516 74
model_size=704
internal_value=0 -0.0387374 0.0758542 -0.0868382 -0.0329447 -0.0603841
internal_weight=0 122.35 62.1383 91.3369 22.4836 18.8351
internal_count=6499 4294 2205 3171 648 590
is_linear=0
shrinkage=0.1


Tree=30
num_leaves= 7
num_cat= 0
full_tree_array_lgbids= 0 2 1 -1 -4 3 -3 -2147483648 -2147483648 -2147483648 -2147483648 -2 4 -2147483648 -2147483648 -2147483648 -2147483648 -2147483648 -2147483648 -2147483648 -2147483648 -2147483648 -2147483648 -2147483648 -2147483648 -5 5 -2147483648 -2147483648 -2147483648 -2147483648 -2147483648 -2147483648 -2147483648 -2147483648 -2147483648 -2147483648 -2147483648 -2147483648 -2147483648 -2147483648 -2147483648 -2147483648 -2147483648 -2147483648 -2147483648 -2147483648 -2147483648 -2147483648 -2147483648 -2147483648 -2147483648 -2147483648 -6 -7 -2147483648 -2147483648 -2147483648 -2147483648 -2147483648 -2147483648 -2147483648 -2147483648
split_feature= 4 4 4 19 19 12
split_gain= 42.3764 68.608 21.4536 1.656 1.40846 2.27713
threshold= 2.5000000000000004 5.5000000000000009 1.0000000180025095e-35 4.5000000000000009 5.5000000000000009 2.5000000000000004
decision_type= 2 2 2 2 2 2
left_child=2 3 -1 -2 -5 -6
right_child=1 -3 -4 4 5 -7
leaf_value= -0.10250010227993943 -0.10407529044376285 0.10264007970409697 0.10331325246503285 0.10782138440008215 -0.097334472378545686 0.070554048794392352
leaf_weight=7.5903563238680354 62.506459981203079 28.135778810828924 48.804806707426906 3.3270928412675884 13.454824171960356 3.9745557978749266
leaf_count=320 2523 1123 1885 58 516 74
model_size=704
internal_value=0 -0.0384922 0.0756124 -0.0861829 -0.0323015 -0.0590496
internal_weight=0 111.399 56.3952 83.2629 20.7565 17.4294
internal_count=6499 4294 2205 3171 648 590
is_linear=0
shrinkage=0.1


Tree=31
num_leaves= 7
num_cat= 0
full_tree_array_lgbids= 0 2 1 -1 -4 3 -3 -2147483648 -2147483648 -2147483648 -2147483648 -2 4 -2147483648 -2147483648 -2147483648 -2147483648 -2147483648 -2147483648 -2147483648 -2147483648 -2147483648 -2147483648 -2147483648 -2147483648 -5 5 -2147483648 -2147483648 -2147483648 -2147483648 -2147483648 -2147483648 -2147483648 -2147483648 -2147483648 -2147483648 -2147483648 -2147483648 -2147483648 -2147483648 -2147483648 -2147483648 -2147483648 -2147483648 -2147483648 -2147483648 -2147483648 -2147483648 -2147483648 -2147483648 -2147483648 -2147483648 -6 -7 -2147483648 -2147483648 -2147483648 -2147483648 -2147483648 -2147483648 -2147483648 -2147483648
split_feature= 4 4 4 19 19 12
split_gain= 37.5216 61.0254 18.7024 1.06561 0.520946 1.27421
threshold= 2.5000000000000004 5.5000000000000009 1.0000000180025095e-35 4.5000000000000009 5.5000000000000009 2.5000000000000004
decision_type= 2 2 2 2 2 2
left_child=2 3 -1 -2 -5 -6
right_child=1 -3 -4 4 5 -7
leaf_value= -0.10225657397127484 -0.1037416007947448 0.10238254872481685 0.10300632270603163 0.10702930318857112 -0.096004639392337388 0.065977746244718971
leaf_weight=6.8835618067532769 56.730873387306929 25.519081443548203 44.285303762182593 3.0316182523965862 12.334723617881538 3.8328897841274729
leaf_count=320 2523 1123 1885 58 516 74
model_size=704
internal_value=0 -0.0382406 0.0753931 -0.0855021 -0.0316072 -0.0576031
internal_weight=0 101.449 51.1689 75.9301 19.1992 16.1676
internal_count=6499 4294 2205 3171 648 590
is_linear=0
shrinkage=0.1


Tree=32
num_leaves= 5
num_cat= 0
full_tree_array_lgbids= 0 2 1 -1 -4 3 -3 -2147483648 -2147483648 -2147483648 -2147483648 -2 -5 -2147483648 -2147483648
split_feature= 4 4 4 19
split_gain= 33.1481 54.1918 16.2241 0.54054
threshold= 2.5000000000000004 5.5000000000000009 1.0000000180025095e-35 4.5000000000000009
decision_type= 2 2 2 2
left_child=2 3 -1 -2
right_child=1 -3 -4 -5
leaf_value= -0.10203726626263343 -0.10343349169062821 0.10215068579046793 0.1027276840073232 -0.030856638131210049
leaf_weight=6.241209475323557 51.477371647953987 23.14036076143384 40.174160748720169 17.797919182106853
leaf_count=320 2523 1123 1885 648
model_size=480
internal_value=0 -0.0379791 0.0751941 -0.0847873
internal_weight=0 92.4157 46.4154 69.2753
internal_count=6499 4294 2205 3171
is_linear=0
shrinkage=0.1


Tree=33
num_leaves= 5
num_cat= 0
full_tree_array_lgbids= 0 2 1 -1 -4 3 -3 -2147483648 -2147483648 -2147483648 -2147483648 -2 -5 -2147483648 -2147483648
split_feature= 4 4 4 19
split_gain= 29.0434 47.4145 13.998 0.769692
threshold= 2.5000000000000004 5.5000000000000009 1.0000000180025095e-35 4.5000000000000009
decision_type= 2 2 2 2
left_child=2 3 -1 -2
right_child=1 -3 -4 -5
leaf_value= -0.101839666730923 -0.1031489234173604 0.1019418427067935 0.10247467249797662 -0.028058638533429617
leaf_weight=5.6576794479042283 46.700633239001036 20.978975858539343 36.436270549893379 17.625072916969657
leaf_count=320 2523 1123 1885 648
model_size=480
internal_value=0 -0.0371963 0.0750136 -0.0825744
internal_weight=0 85.3047 42.0939 64.3257
internal_count=6499 4294 2205 3171
is_linear=0
shrinkage=0.1


Tree=34
num_leaves= 5
num_cat= 0
full_tree_array_lgbids= 0 2 1 -1 -4 3 -3 -2147483648 -2147483648 -2147483648 -2147483648 -2 -5 -2147483648 -2147483648
split_feature= 4 4 4 19
split_gain= 25.3529 41.348 11.991 0.94979
threshold= 2.5000000000000004 5.5000000000000009 1.0000000180025095e-35 4.5000000000000009
decision_type= 2 2 2 2
left_child=2 3 -1 -2
right_child=1 -3 -4 -5
leaf_value= -0.10166156132105245 -0.10288615866777871 0.10175364798338037 0.1022449112278177 -0.025475451314489347
leaf_weight=5.1277922373265019 42.358926271088421 19.01588393561542 33.039220094680786 17.479149501770735
leaf_count=320 2523 1123 1885 648
model_size=480
internal_value=0 -0.0363774 0.0748498 -0.0802739
internal_weight=0 78.854 38.167 59.8381
internal_count=6499 4294 2205 3171
is_linear=0
shrinkage=0.1


Tree=35
num_leaves= 5
num_cat= 0
full_tree_array_lgbids= 0 2 1 -1 -4 3 -3 -2147483648 -2147483648 -2147483648 -2147483648 -2 -5 -2147483648 -2147483648
split_feature= 4 4 4 19
split_gain= 22.0348 35.9219 10.1807 1.07953
threshold= 2.5000000000000004 5.5000000000000009 1.0000000180025095e-35 4.5000000000000009
decision_type= 2 2 2 2
left_child=2 3 -1 -2
right_child=1 -3 -4 -5
leaf_value= -0.10150096791364044 -0.10264358753440853 0.10158398452247892 0.10203624898842503 -0.023099976442445269
leaf_weight=4.6467857714742413 38.413924654945731 17.233557689934969 29.953148041851819 17.355827437713742
leaf_count=320 2523 1123 1885 648
model_size=480
internal_value=0 -0.0355218 0.0747011 -0.0778892
internal_weight=0 73.0033 34.5999 55.7698
internal_count=6499 4294 2205 3171
is_linear=0
shrinkage=0.1


Tree=36
num_leaves= 5
num_cat= 0
full_tree_array_lgbids= 0 2 1 -1 -4 3 -3 -2147483648 -2147483648 -2147483648 -2147483648 -2 -5 -2147483648 -2147483648
split_feature= 4 4 4 19
split_gain= 19.0514 31.0728 8.547 1.15878
threshold= 2.5000000000000004 5.5000000000000009 1.0000000180025095e-35 4.5000000000000009
decision_type= 2 2 2 2
left_child=2 3 -1 -2
right_child=1 -3 -4 -5
leaf_value= -0.10135611125309885 -0.10241977997148932 0.10143098410767769 0.10184675940577768 -0.020922820690406421
leaf_weight=4.2102889269590404 34.830457665026188 15.615892353467641 27.150590501725674 17.251459861174226
leaf_count=320 2523 1123 1885 648
model_size=480
internal_value=0 -0.0346295 0.0745662 -0.075425
internal_weight=0 67.6978 31.3609 52.0819
internal_count=6499 4294 2205 3171
is_linear=0
shrinkage=0.1


Tree=37
num_leaves= 5
num_cat= 0
full_tree_array_lgbids= 0 2 1 -1 -4 3 -3 -2147483648 -2147483648 -2147483648 -2147483648 -2 -5 -2147483648 -2147483648
split_feature= 4 4 4 19
split_gain= 16.3693 26.7434 7.07197 1.18844
threshold= 2.5000000000000004 5.5000000000000009 1.0000000180025095e-35 4.5000000000000009
decision_type= 2 2 2 2
left_child=2 3 -1 -2
right_child=1 -3 -4 -5
leaf_value= -0.10122540614984046 -0.10221341423105031 0.10129296038615153 0.10167469534421059 -0.018933059731579022
leaf_weight=3.8142957594245699 31.576304314658046 14.148117954842744 24.606331328861415 17.16298496350646
leaf_count=320 2523 1123 1885 648
model_size=480
internal_value=0 -0.0337009 0.0744437 -0.0728872
internal_weight=0 62.8874 28.4206 48.7393
internal_count=6499 4294 2205 3171
is_linear=0
shrinkage=0.1


Tree=38
num_leaves= 5
num_cat= 0
full_tree_array_lgbids= 0 2 1 -1 -4 3 -3 -2147483648 -2147483648 -2147483648 -2147483648 -2 -5 -2147483648 -2147483648
split_feature= 4 4 4 19
split_gain= 13.9585 22.882 5.7396 1.17028
threshold= 2.5000000000000004 5.5000000000000009 1.0000000180025095e-35 4.5000000000000009
decision_type= 2 2 2 2
left_child=2 3 -1 -2
right_child=1 -3 -4 -5
leaf_value= -0.10110745041291327 -0.10202326768621013 0.10116840689754614 0.10151845994446765 -0.017118893006170602
leaf_weight=3.4551391117274788 28.621968670748174 12.816705342382191 22.297252207063138 17.087839646264911
leaf_count=320 2523 1123 1885 648
model_size=480
internal_value=0 -0.0327371 0.0743326 -0.0702832
internal_weight=0 58.5265 25.7524 45.7098
internal_count=6499 4294 2205 3171
is_linear=0
shrinkage=0.1


Tree=39
num_leaves= 5
num_cat= 0
full_tree_array_lgbids= 0 2 1 -1 -4 3 -3 -2147483648 -2147483648 -2147483648 -2147483648 -2 -5 -2147483648 -2147483648
split_feature= 4 4 4 19
split_gain= 11.7917 19.4418 4.53559 1.1068
threshold= 2.5000000000000004 5.5000000000000009 1.0000000180025095e-35 4.5000000000000009
decision_type= 2 2 2 2
left_child=2 3 -1 -2
right_child=1 -3 -4 -5
leaf_value= -0.10100095823593405 -0.1018482364487342 0.10105598195768395 0.10137662396502951 -0.015468138378506874
leaf_weight=3.1294676447287229 25.940479035489261 11.609279586002229 20.202180587686598 17.023879613727331
leaf_count=320 2523 1123 1885 648
model_size=480
internal_value=0 -0.0317394 0.0742318 -0.0676216
internal_weight=0 54.5736 23.3316 42.9644
internal_count=6499 4294 2205 3171
is_linear=0
shrinkage=0.1


Tree=40
num_leaves= 5
num_cat= 0
full_tree_array_lgbids= 0 2 1 -1 -4 3 -3 -2147483648 -2147483648 -2147483648 -2147483648 -2 -5 -2147483648 -2147483648
split_feature= 4 4 4 19
split_gain= 9.8449 16.3804 3.44709 1.00105
threshold= 2.5000000000000004 5.5000000000000009 1.0000000180025095e-35 4.5000000000000009
decision_type= 2 2 2 2
left_child=2 3 -1 -2
right_child=1 -3 -4 -5
leaf_value= -0.10090480138617211 -0.10168723098862027 0.10095448948514224 0.10124787071521135 -0.013968596008738449
leaf_weight=2.834220644086602 23.50719335116446 10.514534014277158 18.301752161234617 16.969316625967622
leaf_count=320 2523 1123 1885 648
model_size=480
internal_value=0 -0.0307099 0.0741403 -0.0649122
internal_weight=0 50.991 21.136 40.4765
internal_count=6499 4294 2205 3171
is_linear=0
shrinkage=0.1


Tree=41
num_leaves= 5
num_cat= 0
full_tree_array_lgbids= 0 2 1 -1 -4 3 -3 -2147483648 -2147483648 -2147483648 -2147483648 -2 -5 -2147483648 -2147483648
split_feature= 4 4 4 19
split_gain= 8.09608 13.6592 2.46263 0.856563
threshold= 2.5000000000000004 5.5000000000000009 1.0000000180025095e-35 4.5000000000000009
decision_type= 2 2 2 2
left_child=2 3 -1 -2
right_child=1 -3 -4 -5
leaf_value= -0.10081796017267829 -0.10153929685035286 0.10086283473553048 0.10113101997122982 -0.012608338473548007
leaf_weight=2.5666054226458099 21.299604711588472 9.5221493700519186 16.578271320089698 16.922659521922469
leaf_count=320 2523 1123 1885 648
model_size=480
internal_value=0 -0.0296513 0.0740573 -0.0621657
internal_weight=0 47.7444 19.1449 38.2223
internal_count=6499 4294 2205 3171
is_linear=0
shrinkage=0.1


Tree=42
num_leaves= 5
num_cat= 0
full_tree_array_lgbids= 0 2 1 -1 -4 3 -3 -2147483648 -2147483648 -2147483648 -2147483648 -2 -5 -2147483648 -2147483648
split_feature= 4 4 4 19
split_gain= 6.5256 11.2434 1.57188 0.677167
threshold= 2.5000000000000004 5.5000000000000009 1.0000000180025095e-35 4.5000000000000009
decision_type= 2 2 2 2
left_child=2 3 -1 -2
right_child=1 -3 -4 -5
leaf_value= -0.10073952428309936 -0.10140348170551863 0.10078004593812906 0.1010249926694002 -0.01137589275790254
leaf_weight=2.3240768876858064 19.297182256821543 8.6227145674638432 15.01558388536796 16.882664589211345
leaf_count=320 2523 1123 1885 648
model_size=480
internal_value=0 -0.0285667 0.073982 -0.0593938
internal_weight=0 44.8026 17.3397 36.1798
internal_count=6499 4294 2205 3171
is_linear=0
shrinkage=0.1


Tree=43
num_leaves= 4
num_cat= 0
full_tree_array_lgbids= 0 -1 1 -2147483648 -2147483648 2 -3 -2147483648 -2147483648 -2147483648 -2147483648 -2 -4 -2147483648 -2147483648
split_feature= 8 4 4
split_gain= 5.13711 6.0665 0.46613
threshold= 1.0000000180025095e-35 2.5000000000000004 1.0000000180025095e-35
decision_type= 2 2 2
left_child=-1 2 -2
right_child=1 -3 -4
leaf_value= 0.10070233043680961 -0.10066866038199279 -0.05048890235679776 0.10100161106407733
leaf_weight=9.6819540057331306 2.1043167649768266 35.71898105321452 10.335165206342936
leaf_count=1398 320 3370 1411
model_size=368
internal_value=0 -0.0201705 0.0668862
internal_weight=0 48.1585 12.4395
internal_count=6499 5101 1731
is_linear=0
shrinkage=0.1


Tree=44
num_leaves= 3
num_cat= 0
full_tree_array_lgbids= 0 -1 1 -2147483648 -2147483648 -2 -3
split_feature= 8 4
split_gain= 3.86978 4.30651
threshold= 1.0000000180025095e-35 2.5000000000000004
decision_type= 2 2
left_child=-1 -2
right_child=1 -3
leaf_value= 0.10063504696020938 0.066826990332718744 -0.046684992592433611
leaf_weight=8.7661536410450918 11.265106121543793 34.815950298216194
leaf_count=1398 1731 3370
model_size=256
internal_value=0 -0.0189355
internal_weight=0 46.0811
internal_count=6499 5101
is_linear=0
shrinkage=0.1


Tree=45
num_leaves= 4
num_cat= 0
full_tree_array_lgbids= 0 -1 1 -2147483648 -2147483648 2 -3 -2147483648 -2147483648 -2147483648 -2147483648 -2 -4 -2147483648 -2147483648
split_feature= 8 4 4
split_gain= 2.73171 2.52319 0.03411
threshold= 1.0000000180025095e-35 2.5000000000000004 1.0000000180025095e-35
decision_type= 2 2 2
left_child=-1 2 -2
right_child=1 -3 -4
leaf_value= 0.10057425702413057 -0.10064640938130204 -0.043018694429230703 0.10085059370778092
leaf_weight=7.9364945897832504 2.0351941948756567 34.047131896484643 8.7649125559255463
leaf_count=1398 320 3370 1411
model_size=368
internal_value=0 -0.0175162 0.0628801
internal_weight=0 44.8472 10.8001
internal_count=6499 5101 1731
is_linear=0
shrinkage=0.1


Tree=46
num_leaves= 4
num_cat= 0
full_tree_array_lgbids= 0 -1 1 -2147483648 -2147483648 -2 2 -2147483648 -2147483648 -2147483648 -2147483648 -2147483648 -2147483648 -3 -4
split_feature= 8 4 12
split_gain= 1.72348 1.23632 0.0608475
threshold= 1.0000000180025095e-35 2.5000000000000004 2.5000000000000004
decision_type= 2 2 2
left_child=-1 -2 -3
right_child=1 2 -4
leaf_value= 0.10051930536307659 0.062832147152156737 -0.058070567250399344 0.069406204890441456
leaf_weight=7.1849632468074551 9.7793770120479149 28.533244661055505 4.8600853066891423
leaf_count=1398 1731 3230 140
model_size=368
internal_value=0 -0.0163335 -0.0395175
internal_weight=0 43.1727 33.3933
internal_count=6499 5101 3370
is_linear=0
shrinkage=0.1


Tree=47
num_leaves= 4
num_cat= 0
full_tree_array_lgbids= 0 -1 1 -2147483648 -2147483648 -2 2 -2147483648 -2147483648 -2147483648 -2147483648 -2147483648 -2147483648 -3 -4
split_feature= 8 19 9
split_gain= 0.830302 0.324607 0.422677
threshold= 1.0000000180025095e-35 1.5000000000000002 1.0000000180025095e-35
decision_type= 2 2 2
left_child=-1 -2 -3
right_child=1 2 -4
leaf_value= 0.10046964192259406 0.071649506724946133 -0.0029427725370523659 -0.10055711168957562
leaf_weight=6.5042735980823627 7.6113815694116047 23.045049404259771 11.071028215344993
leaf_count=1398 1334 1691 2076
model_size=368
internal_value=0 -0.0152354 -0.0346197
internal_weight=0 41.7275 34.1161
internal_count=6499 5101 3767
is_linear=0
shrinkage=0.1


Tree=48
num_leaves= 3
num_cat= 0
full_tree_array_lgbids= 0 1 -2 -1 -3 -2147483648 -2147483648
split_feature= 7 19
split_gain= 0.0877341 4.62903
threshold= 1.0000000180025095e-35 1.5000000000000002
decision_type= 2 2
left_child=1 -1
right_child=-2 -3
leaf_value= 0.093774668177501186 0.056224910891343655 -0.056221301127247242
leaf_weight=6.3142858957871821 14.802061123307793 25.065798961557448
leaf_count=1296 2003 3200
model_size=256
internal_value=0 -0.0260392
internal_weight=0 31.3801
internal_count=6499 4496
is_linear=0
shrinkage=0.1


end of trees

feature_importances:
Column_4=93
Column_19=76
Column_21=41
Column_8=31
Column_20=29
Column_7=27
Column_10=27
Column_12=27
Column_9=24
Column_3=22
Column_13=19
Column_1=14
Column_17=14
Column_2=12
Column_14=2

parameters:
[boosting: gbdt]
[objective: binary]
[metric: auc, binary_logloss, rmse, l1, l2, mape, huber]
[tree_learner: serial]
[device_type: cpu]
[data_sample_strategy: bagging]
[data: data/mushroom.libsvm.train]
[valid: data/mushroom.libsvm.test]
[num_iterations: 1000]
[learning_rate: 0.1]
[num_leaves: 255]
[num_threads: 1]
[seed: 42]
[deterministic: 0]
[force_col_wise: 0]
[force_row_wise: 0]
[histogram_pool_size: -1]
[max_depth: 7]
[min_data_in_leaf: 10]
[min_sum_hessian_in_leaf: 0.001]
[bagging_fraction: 1]
[pos_bagging_fraction: 1]
[neg_bagging_fraction: 1]
[bagging_freq: 0]
[bagging_seed: 400]
[feature_fraction: 1]
[feature_fraction_bynode: 1]
[feature_fraction_seed: 30056]
[extra_trees: 0]
[extra_seed: 12879]
[early_stopping_round: 0]
[early_stopping_min_delta: 0]
[first_metric_only: 0]
[max_delta_step: 0]
[lambda_l1: 0]
[lambda_l2: 0]
[linear_lambda: 0]
[min_gain_to_split: 0]
[drop_rate: 0.1]
[max_drop: 50]
[skip_drop: 0.5]
[xgboost_dart_mode: 0]
[uniform_drop: 0]
[drop_seed: 17869]
[top_rate: 0.2]
[other_rate: 0.1]
[min_data_per_group: 100]
[max_cat_threshold: 32]
[cat_l2: 10]
[cat_smooth: 10]
[max_cat_to_onehot: 4]
[top_k: 20]
[monotone_constraints: ]
[monotone_constraints_method: basic]
[monotone_penalty: 0]
[feature_contri: ]
[forcedsplits_filename: ]
[refit_decay_rate: 0.9]
[tinygbdt_penalty_feature: 0.25]
[tinygbdt_penalty_split: 0.00390625]
[tinygbdt_forestsize: 64000]
[tinygbdt_precision: 1]
[cegb_tradeoff: 1]
[cegb_penalty_split: 0]
[cegb_penalty_feature_lazy: ]
[cegb_penalty_feature_coupled: ]
[path_smooth: 0]
[interaction_constraints: ]
[verbosity: 1]
[saved_feature_importance_type: 0]
[use_quantized_grad: 0]
[num_grad_quant_bins: 4]
[quant_train_renew_leaf: 0]
[stochastic_rounding: 1]
[linear_tree: 0]
[max_bin: 255]
[max_bin_by_feature: ]
[min_data_in_bin: 3]
[bin_construct_sample_cnt: 200000]
[data_random_seed: 175]
[is_enable_sparse: 1]
[enable_bundle: 1]
[use_missing: 1]
[zero_as_missing: 0]
[feature_pre_filter: 1]
[pre_partition: 0]
[two_round: 0]
[header: 0]
[label_column: ]
[weight_column: ]
[group_column: ]
[ignore_column: ]
[categorical_feature: ]
[forcedbins_filename: ]
[precise_float_parser: 0]
[parser_config_file: ]
[objective_seed: 16083]
[num_class: 1]
[is_unbalance: 0]
[scale_pos_weight: 1]
[sigmoid: 1]
[boost_from_average: 1]
[reg_sqrt: 0]
[alpha: 0.9]
[fair_c: 1]
[poisson_max_delta_step: 0.7]
[tweedie_variance_power: 1.5]
[lambdarank_truncation_level: 30]
[lambdarank_norm: 1]
[label_gain: ]
[lambdarank_position_bias_regularization: 0]
[eval_at: ]
[multi_error_top_k: 1]
[auc_mu_weights: ]
[num_machines: 1]
[local_listen_port: 12400]
[time_out: 120]
[machine_list_filename: ]
[machines: ]
[gpu_platform_id: -1]
[gpu_device_id: -1]
[gpu_use_dp: 0]
[num_gpu: 1]

end of parameters
