tree
version=v4
num_class=1
num_tree_per_iteration=1
label_index=0
max_feature_idx=21
objective=binary sigmoid:1
feature_names=Column_0 Column_1 Column_2 Column_3 Column_4 Column_5 Column_6 Column_7 Column_8 Column_9 Column_10 Column_11 Column_12 Column_13 Column_14 Column_15 Column_16 Column_17 Column_18 Column_19 Column_20 Column_21
feature_infos=[0:5] [0:3] [0:9] [0:1] [0:8] [0:1] [0:1] [0:1] [0:11] [0:1] [0:4] [0:3] [0:3] [0:8] [0:8] none [0:3] [0:2] [0:4] [0:8] [0:5] [0:6]
tree_sizes=4712 4707 4708 4701 4705 4709 4794 4709 4711 4797 4715 4699 4713 4710 4790 4798 4616 4531 4712 4531 4454 4539 4453 4548 2831 2831 2836 1890 1338 1714 1542 1545 1546 1544 621 1547 805 802 804 805 804 803 619 721 723 538 814 539 725

Tree=0
num_leaves= 17
num_cat= 0
full_tree_array_lgbids= 0 1 2 5 10 4 3 -1 -7 12 11 -2 -6 7 6 -2147483648 -2147483648 -2147483648 -2147483648 -3 -14 -12 -13 -2147483648 -2147483648 -2147483648 -2147483648 -4 13 8 -8 -2147483648 -2147483648 -2147483648 -2147483648 -2147483648 -2147483648 -2147483648 -2147483648 -2147483648 -2147483648 -2147483648 -2147483648 -2147483648 -2147483648 -2147483648 -2147483648 -2147483648 -2147483648 -2147483648 -2147483648 -2147483648 -2147483648 -2147483648 -2147483648 -2147483648 -2147483648 -9 14 -5 9 -2147483648 -2147483648 -2147483648 -2147483648 -2147483648 -2147483648 -2147483648 -2147483648 -2147483648 -2147483648 -2147483648 -2147483648 -2147483648 -2147483648 -2147483648 -2147483648 -2147483648 -2147483648 -2147483648 -2147483648 -2147483648 -2147483648 -2147483648 -2147483648 -2147483648 -2147483648 -2147483648 -2147483648 -2147483648 -2147483648 -2147483648 -2147483648 -2147483648 -2147483648 -2147483648 -2147483648 -2147483648 -2147483648 -2147483648 -2147483648 -2147483648 -2147483648 -2147483648 -2147483648 -2147483648 -2147483648 -2147483648 -2147483648 -2147483648 -2147483648 -2147483648 -2147483648 -2147483648 -2147483648 -2147483648 -2147483648 -15 -16 -2147483648 -2147483648 15 -11 -2147483648 -2147483648 -2147483648 -2147483648 -2147483648 -2147483648 -2147483648 -2147483648 -2147483648 -2147483648 -2147483648 -2147483648 -2147483648 -2147483648 -2147483648 -2147483648 -2147483648 -2147483648 -2147483648 -2147483648 -2147483648 -2147483648 -2147483648 -2147483648 -2147483648 -2147483648 -2147483648 -2147483648 -2147483648 -2147483648 -2147483648 -2147483648 -2147483648 -2147483648 -2147483648 -2147483648 -2147483648 -2147483648 -2147483648 -2147483648 -2147483648 -2147483648 -2147483648 -2147483648 -2147483648 -2147483648 -2147483648 -2147483648 -2147483648 -2147483648 -2147483648 -2147483648 -2147483648 -2147483648 -2147483648 -2147483648 -2147483648 -2147483648 -2147483648 -2147483648 -2147483648 -2147483648 -2147483648 -2147483648 -2147483648 -2147483648 -2147483648 -2147483648 -2147483648 -2147483648 -2147483648 -2147483648 -2147483648 -2147483648 -2147483648 -2147483648 -2147483648 -2147483648 -2147483648 -2147483648 -2147483648 -2147483648 -2147483648 -2147483648 -2147483648 -2147483648 -2147483648 -2147483648 -2147483648 -2147483648 -2147483648 -2147483648 -2147483648 -2147483648 -2147483648 -2147483648 -2147483648 -2147483648 -2147483648 -2147483648 -2147483648 -2147483648 -2147483648 -2147483648 -2147483648 -2147483648 -2147483648 -2147483648 -2147483648 -2147483648 -2147483648 -2147483648 -2147483648 -2147483648 -2147483648 -2147483648 -2147483648 -2147483648 -2147483648 -2147483648 -10 -17 -2147483648 -2147483648 -2147483648 -2147483648 -2147483648 -2147483648 -2147483648 -2147483648 -2147483648 -2147483648
split_feature= 8 20 19 7 4 10 9 13 21 3 21 1 12 17 19 1
split_gain= 2189.52 1173.83 1116.34 758.334 243.262 203.794 150.736 119.057 82.7928 180.19 28.9579 33.5893 18.595 16.9435 136.352 4.9456
threshold= 3.5000000000000004 3.5000000000000004 1.5000000000000002 1.0000000180025095e-35 4.5000000000000009 1.0000000180025095e-35 1.0000000180025095e-35 1.5000000000000002 1.5000000000000002 1.0000000180025095e-35 4.5000000000000009 1.5000000000000002 1.0000000180025095e-35 1.5000000000000002 6.5000000000000009 2.5000000000000004
decision_type= 2 2 2 2 2 2 2 2 2 2 2 2 2 2 2 2
left_child=1 5 4 7 -2 -1 8 -4 -5 15 12 -12 -3 -9 -15 -10
right_child=2 10 3 6 -6 -7 -8 13 9 -11 11 -13 -14 14 -16 -17
leaf_value= 0.13625295265526666 0.13625295265526666 -0.075779630963319758 0.13625295265526666 0.13625295265526666 -0.26425303862428545 -0.26425303862428545 -0.26425303862428545 -0.26425303862428545 -0.2642530386242854 0.13625295265526666 -0.26425303862428551 0.1362529526552666 0.13625295265526666 0.13625295265526666 -0.26425303862428545 -0.16041815199625342
leaf_weight=14.48168098926544 127.58860319852829 4.2446306347846976 7.7402088046073905 58.176408112049103 17.228206694126129 104.36797678470612 17.228206694126129 603.98597091436386 17.727575004100803 27.964625358581543 3.9949464797973615 4.4943147897720337 528.58135610818863 9.7376820445060712 68.413458466529846 6.7414721846580496
leaf_count=58 511 17 31 233 69 418 69 2419 71 112 16 18 2117 39 274 27
model_size=1824
internal_value=-0.0711178 0.0691485 -0.167321 -0.212646 0.0886066 -0.215452 0.0110948 -0.254106 0.053982 -0.0372996 0.131635 -0.0522205 0.134564 -0.258536 -0.21435 -0.235645
internal_weight=0 660.165 962.532 817.716 144.817 118.85 127.838 689.877 110.61 52.4337 541.315 8.48926 532.826 682.137 78.1511 24.469
internal_count=6499 2644 3855 3275 580 476 512 2763 443 210 2168 34 2134 2732 313 98
is_linear=0
shrinkage=1


Tree=1
num_leaves= 17
num_cat= 0
full_tree_array_lgbids= 0 1 2 5 10 4 3 -1 -7 12 11 -2 -6 7 6 -2147483648 -2147483648 -2147483648 -2147483648 -3 -14 -12 -13 -2147483648 -2147483648 -2147483648 -2147483648 -4 13 8 -8 -2147483648 -2147483648 -2147483648 -2147483648 -2147483648 -2147483648 -2147483648 -2147483648 -2147483648 -2147483648 -2147483648 -2147483648 -2147483648 -2147483648 -2147483648 -2147483648 -2147483648 -2147483648 -2147483648 -2147483648 -2147483648 -2147483648 -2147483648 -2147483648 -2147483648 -2147483648 -9 14 -5 9 -2147483648 -2147483648 -2147483648 -2147483648 -2147483648 -2147483648 -2147483648 -2147483648 -2147483648 -2147483648 -2147483648 -2147483648 -2147483648 -2147483648 -2147483648 -2147483648 -2147483648 -2147483648 -2147483648 -2147483648 -2147483648 -2147483648 -2147483648 -2147483648 -2147483648 -2147483648 -2147483648 -2147483648 -2147483648 -2147483648 -2147483648 -2147483648 -2147483648 -2147483648 -2147483648 -2147483648 -2147483648 -2147483648 -2147483648 -2147483648 -2147483648 -2147483648 -2147483648 -2147483648 -2147483648 -2147483648 -2147483648 -2147483648 -2147483648 -2147483648 -2147483648 -2147483648 -2147483648 -2147483648 -2147483648 -2147483648 -15 -16 -2147483648 -2147483648 15 -11 -2147483648 -2147483648 -2147483648 -2147483648 -2147483648 -2147483648 -2147483648 -2147483648 -2147483648 -2147483648 -2147483648 -2147483648 -2147483648 -2147483648 -2147483648 -2147483648 -2147483648 -2147483648 -2147483648 -2147483648 -2147483648 -2147483648 -2147483648 -2147483648 -2147483648 -2147483648 -2147483648 -2147483648 -2147483648 -2147483648 -2147483648 -2147483648 -2147483648 -2147483648 -2147483648 -2147483648 -2147483648 -2147483648 -2147483648 -2147483648 -2147483648 -2147483648 -2147483648 -2147483648 -2147483648 -2147483648 -2147483648 -2147483648 -2147483648 -2147483648 -2147483648 -2147483648 -2147483648 -2147483648 -2147483648 -2147483648 -2147483648 -2147483648 -2147483648 -2147483648 -2147483648 -2147483648 -2147483648 -2147483648 -2147483648 -2147483648 -2147483648 -2147483648 -2147483648 -2147483648 -2147483648 -2147483648 -2147483648 -2147483648 -2147483648 -2147483648 -2147483648 -2147483648 -2147483648 -2147483648 -2147483648 -2147483648 -2147483648 -2147483648 -2147483648 -2147483648 -2147483648 -2147483648 -2147483648 -2147483648 -2147483648 -2147483648 -2147483648 -2147483648 -2147483648 -2147483648 -2147483648 -2147483648 -2147483648 -2147483648 -2147483648 -2147483648 -2147483648 -2147483648 -2147483648 -2147483648 -2147483648 -2147483648 -2147483648 -2147483648 -2147483648 -2147483648 -2147483648 -2147483648 -2147483648 -2147483648 -2147483648 -2147483648 -2147483648 -2147483648 -10 -17 -2147483648 -2147483648 -2147483648 -2147483648 -2147483648 -2147483648 -2147483648 -2147483648 -2147483648 -2147483648
split_feature= 8 20 19 7 4 10 9 13 21 3 21 4 12 17 19 1
split_gain= 1789.52 954.507 915.797 625.392 197.71 167.18 122.981 97.646 66.7457 146.759 23.0176 27.2221 14.9089 13.8227 111.885 3.93837
threshold= 3.5000000000000004 3.5000000000000004 1.5000000000000002 1.0000000180025095e-35 4.5000000000000009 1.0000000180025095e-35 1.0000000180025095e-35 1.5000000000000002 1.5000000000000002 1.0000000180025095e-35 4.5000000000000009 4.5000000000000009 1.0000000180025095e-35 1.5000000000000002 6.5000000000000009 2.5000000000000004
decision_type= 2 2 2 2 2 2 2 2 2 2 2 2 2 2 2 2
left_child=1 5 4 7 -2 -1 8 -4 -5 15 12 -12 -3 -9 -15 -10
right_child=2 10 3 6 -6 -7 -8 13 9 -11 11 -13 -14 14 -16 -17
leaf_value= 0.18726217829300001 0.18726217829300001 -0.0041963809298885936 0.18726217829300001 0.18726217829300001 -0.17677793099633521 -0.17677793099633521 -0.17677793099633521 -0.17677793099633521 -0.17677793099633518 0.18726217829300001 0.18726217829300007 -0.17677793099633518 0.18726217829300001 0.18726217829300001 -0.17677793099633521 -0.080806439333089508
leaf_weight=14.432910382747648 127.15891733765602 4.2439043670892707 7.7141417562961569 57.980484813451767 16.952329516410828 102.69672083854675 16.952329516410828 594.31427681446075 17.443701386451725 27.870447635650635 4.4791790843009931 3.9309749603271484 526.80122897028923 9.7048880159854871 67.317946195602417 6.7067594379186621
leaf_count=58 511 17 31 233 69 418 69 2419 71 112 18 16 2117 39 274 27
model_size=1824
internal_value=0 0.126905 -0.0878109 -0.129336 0.144439 -0.13192 0.0744698 -0.16744 0.11319 0.0306313 0.183103 0.0171068 0.185732 -0.171515 -0.130909 -0.150126
internal_weight=0 656.585 950.116 806.005 144.111 117.13 126.954 679.051 110.001 52.0209 539.455 8.41015 531.045 671.337 77.0228 24.1505
internal_count=6499 2644 3855 3275 580 476 512 2763 443 210 2168 34 2134 2732 313 98
is_linear=0
shrinkage=0.1


Tree=2
num_leaves= 17
num_cat= 0
full_tree_array_lgbids= 0 1 2 5 10 4 3 -1 -7 12 11 -2 -6 7 6 -2147483648 -2147483648 -2147483648 -2147483648 -3 -14 -12 -13 -2147483648 -2147483648 -2147483648 -2147483648 -4 13 8 -8 -2147483648 -2147483648 -2147483648 -2147483648 -2147483648 -2147483648 -2147483648 -2147483648 -2147483648 -2147483648 -2147483648 -2147483648 -2147483648 -2147483648 -2147483648 -2147483648 -2147483648 -2147483648 -2147483648 -2147483648 -2147483648 -2147483648 -2147483648 -2147483648 -2147483648 -2147483648 -9 14 -5 9 -2147483648 -2147483648 -2147483648 -2147483648 -2147483648 -2147483648 -2147483648 -2147483648 -2147483648 -2147483648 -2147483648 -2147483648 -2147483648 -2147483648 -2147483648 -2147483648 -2147483648 -2147483648 -2147483648 -2147483648 -2147483648 -2147483648 -2147483648 -2147483648 -2147483648 -2147483648 -2147483648 -2147483648 -2147483648 -2147483648 -2147483648 -2147483648 -2147483648 -2147483648 -2147483648 -2147483648 -2147483648 -2147483648 -2147483648 -2147483648 -2147483648 -2147483648 -2147483648 -2147483648 -2147483648 -2147483648 -2147483648 -2147483648 -2147483648 -2147483648 -2147483648 -2147483648 -2147483648 -2147483648 -2147483648 -2147483648 -15 -16 -2147483648 -2147483648 15 -11 -2147483648 -2147483648 -2147483648 -2147483648 -2147483648 -2147483648 -2147483648 -2147483648 -2147483648 -2147483648 -2147483648 -2147483648 -2147483648 -2147483648 -2147483648 -2147483648 -2147483648 -2147483648 -2147483648 -2147483648 -2147483648 -2147483648 -2147483648 -2147483648 -2147483648 -2147483648 -2147483648 -2147483648 -2147483648 -2147483648 -2147483648 -2147483648 -2147483648 -2147483648 -2147483648 -2147483648 -2147483648 -2147483648 -2147483648 -2147483648 -2147483648 -2147483648 -2147483648 -2147483648 -2147483648 -2147483648 -2147483648 -2147483648 -2147483648 -2147483648 -2147483648 -2147483648 -2147483648 -2147483648 -2147483648 -2147483648 -2147483648 -2147483648 -2147483648 -2147483648 -2147483648 -2147483648 -2147483648 -2147483648 -2147483648 -2147483648 -2147483648 -2147483648 -2147483648 -2147483648 -2147483648 -2147483648 -2147483648 -2147483648 -2147483648 -2147483648 -2147483648 -2147483648 -2147483648 -2147483648 -2147483648 -2147483648 -2147483648 -2147483648 -2147483648 -2147483648 -2147483648 -2147483648 -2147483648 -2147483648 -2147483648 -2147483648 -2147483648 -2147483648 -2147483648 -2147483648 -2147483648 -2147483648 -2147483648 -2147483648 -2147483648 -2147483648 -2147483648 -2147483648 -2147483648 -2147483648 -2147483648 -2147483648 -2147483648 -2147483648 -2147483648 -2147483648 -2147483648 -2147483648 -2147483648 -2147483648 -2147483648 -2147483648 -2147483648 -2147483648 -10 -17 -2147483648 -2147483648 -2147483648 -2147483648 -2147483648 -2147483648 -2147483648 -2147483648 -2147483648 -2147483648
split_feature= 8 20 19 7 4 10 9 13 21 3 21 4 12 17 19 1
split_gain= 1489.96 791.769 764.639 524.37 163.989 139.637 102.241 81.5488 55.1099 121.685 18.805 22.4977 12.4397 11.4924 93.3906 3.33593
threshold= 3.5000000000000004 3.5000000000000004 1.5000000000000002 1.0000000180025095e-35 4.5000000000000009 1.0000000180025095e-35 1.0000000180025095e-35 1.5000000000000002 1.5000000000000002 1.0000000180025095e-35 4.5000000000000009 4.5000000000000009 1.0000000180025095e-35 1.5000000000000002 6.5000000000000009 2.5000000000000004
decision_type= 2 2 2 2 2 2 2 2 2 2 2 2 2 2 2 2
left_child=1 5 4 7 -2 -1 8 -4 -5 15 12 -12 -3 -9 -15 -10
right_child=2 10 3 6 -6 -7 -8 13 9 -11 11 -13 -14 14 -16 -17
leaf_value= 0.17236010255125836 0.17236010255125836 -0.0037773991993575971 0.17236010255125836 0.17236010255125836 -0.16433727988382651 -0.16433727988382651 -0.16433727988382651 -0.16433727988382651 -0.16433727988382651 0.17236010255125836 0.17236010255125839 -0.16433727988382651 0.17236010255125836 0.17236010255125836 -0.16433727988382651 -0.073346872777648994
leaf_weight=14.127121359109877 124.46481059491634 4.2432112842798224 7.5507027953863135 56.752056494355202 16.43764516711235 99.578777968883514 16.43764516711235 576.27048781514168 16.91409865021706 27.279958486557007 4.3842790424823743 3.8116278648376465 515.63992960751057 9.4992712587118131 65.274127185344696 6.6527500748634329
leaf_count=58 511 17 31 233 69 418 69 2419 71 112 18 16 2117 39 274 27
model_size=1824
internal_value=0 0.116954 -0.0814531 -0.120077 0.133081 -0.122505 0.0686481 -0.155621 0.104241 0.0282102 0.168515 0.015774 0.170922 -0.159425 -0.121563 -0.138651
internal_weight=0 641.785 923.534 782.631 140.902 113.706 124.037 658.595 107.599 50.8468 528.079 8.19591 519.883 651.044 74.7734 23.5668
internal_count=6499 2644 3855 3275 580 476 512 2763 443 210 2168 34 2134 2732 313 98
is_linear=0
shrinkage=0.1


Tree=3
num_leaves= 17
num_cat= 0
full_tree_array_lgbids= 0 1 2 5 10 4 3 -1 -7 12 11 -2 -6 7 6 -2147483648 -2147483648 -2147483648 -2147483648 -3 -14 -12 -13 -2147483648 -2147483648 -2147483648 -2147483648 -4 13 8 -8 -2147483648 -2147483648 -2147483648 -2147483648 -2147483648 -2147483648 -2147483648 -2147483648 -2147483648 -2147483648 -2147483648 -2147483648 -2147483648 -2147483648 -2147483648 -2147483648 -2147483648 -2147483648 -2147483648 -2147483648 -2147483648 -2147483648 -2147483648 -2147483648 -2147483648 -2147483648 -9 14 -5 9 -2147483648 -2147483648 -2147483648 -2147483648 -2147483648 -2147483648 -2147483648 -2147483648 -2147483648 -2147483648 -2147483648 -2147483648 -2147483648 -2147483648 -2147483648 -2147483648 -2147483648 -2147483648 -2147483648 -2147483648 -2147483648 -2147483648 -2147483648 -2147483648 -2147483648 -2147483648 -2147483648 -2147483648 -2147483648 -2147483648 -2147483648 -2147483648 -2147483648 -2147483648 -2147483648 -2147483648 -2147483648 -2147483648 -2147483648 -2147483648 -2147483648 -2147483648 -2147483648 -2147483648 -2147483648 -2147483648 -2147483648 -2147483648 -2147483648 -2147483648 -2147483648 -2147483648 -2147483648 -2147483648 -2147483648 -2147483648 -15 -16 -2147483648 -2147483648 15 -11 -2147483648 -2147483648 -2147483648 -2147483648 -2147483648 -2147483648 -2147483648 -2147483648 -2147483648 -2147483648 -2147483648 -2147483648 -2147483648 -2147483648 -2147483648 -2147483648 -2147483648 -2147483648 -2147483648 -2147483648 -2147483648 -2147483648 -2147483648 -2147483648 -2147483648 -2147483648 -2147483648 -2147483648 -2147483648 -2147483648 -2147483648 -2147483648 -2147483648 -2147483648 -2147483648 -2147483648 -2147483648 -2147483648 -2147483648 -2147483648 -2147483648 -2147483648 -2147483648 -2147483648 -2147483648 -2147483648 -2147483648 -2147483648 -2147483648 -2147483648 -2147483648 -2147483648 -2147483648 -2147483648 -2147483648 -2147483648 -2147483648 -2147483648 -2147483648 -2147483648 -2147483648 -2147483648 -2147483648 -2147483648 -2147483648 -2147483648 -2147483648 -2147483648 -2147483648 -2147483648 -2147483648 -2147483648 -2147483648 -2147483648 -2147483648 -2147483648 -2147483648 -2147483648 -2147483648 -2147483648 -2147483648 -2147483648 -2147483648 -2147483648 -2147483648 -2147483648 -2147483648 -2147483648 -2147483648 -2147483648 -2147483648 -2147483648 -2147483648 -2147483648 -2147483648 -2147483648 -2147483648 -2147483648 -2147483648 -2147483648 -2147483648 -2147483648 -2147483648 -2147483648 -2147483648 -2147483648 -2147483648 -2147483648 -2147483648 -2147483648 -2147483648 -2147483648 -2147483648 -2147483648 -2147483648 -2147483648 -2147483648 -2147483648 -2147483648 -2147483648 -10 -17 -2147483648 -2147483648 -2147483648 -2147483648 -2147483648 -2147483648 -2147483648 -2147483648 -2147483648 -2147483648
split_feature= 8 20 19 7 4 10 9 13 21 3 21 1 12 17 19 1
split_gain= 1257.76 666.438 646.853 445.155 137.999 118.13 86.1185 68.9586 46.2533 102.189 15.5833 18.8298 10.6611 9.63699 78.9473 2.9209
threshold= 3.5000000000000004 3.5000000000000004 1.5000000000000002 1.0000000180025095e-35 4.5000000000000009 1.0000000180025095e-35 1.0000000180025095e-35 1.5000000000000002 1.5000000000000002 1.0000000180025095e-35 4.5000000000000009 1.5000000000000002 1.0000000180025095e-35 1.5000000000000002 6.5000000000000009 2.5000000000000004
decision_type= 2 2 2 2 2 2 2 2 2 2 2 2 2 2 2 2
left_child=1 5 4 7 -2 -1 8 -4 -5 15 12 -12 -3 -9 -15 -10
right_child=2 10 3 6 -6 -7 -8 13 9 -11 11 -13 -14 14 -16 -17
leaf_value= 0.1609037703805144 0.1609037703805144 -0.0034002145451034805 0.1609037703805144 0.1609037703805144 -0.15458733496862687 -0.15458733496862687 -0.15458733496862687 -0.15458733496862687 -0.15458733496862684 0.1609037703805144 -0.15458733496862687 0.16090377038051437 0.1609037703805144 0.1609037703805144 -0.15458733496862687 -0.066719728387848426
leaf_weight=13.6439371407032 120.20779101550579 4.2425556927919379 7.2924491614103308 54.810988858342171 15.761341184377669 95.481748044490814 15.761341184377669 552.56064239144325 16.21819165349007 26.34691309928894 3.654803752899169 4.2343253195285797 498.00370563566685 9.1743715256452543 62.588514268398285 6.5857289135456076
leaf_count=58 511 17 31 233 69 418 69 2419 71 112 16 18 2117 39 274 27
model_size=1824
internal_value=0 0.109272 -0.0764827 -0.112824 0.124333 -0.115142 0.0641111 -0.146362 0.0972673 0.0263026 0.157277 0.0147459 0.159516 -0.149951 -0.114254 -0.129211
internal_weight=0 619.261 887.308 751.339 135.969 109.126 119.723 631.616 103.962 49.1508 510.135 7.88913 502.246 624.324 71.7629 22.8039
internal_count=6499 2644 3855 3275 580 476 512 2763 443 210 2168 34 2134 2732 313 98
is_linear=0
shrinkage=0.1


Tree=4
num_leaves= 17
num_cat= 0
full_tree_array_lgbids= 0 1 2 5 10 4 3 -1 -7 12 11 -2 -6 7 6 -2147483648 -2147483648 -2147483648 -2147483648 -3 -14 -12 -13 -2147483648 -2147483648 -2147483648 -2147483648 -4 13 8 -8 -2147483648 -2147483648 -2147483648 -2147483648 -2147483648 -2147483648 -2147483648 -2147483648 -2147483648 -2147483648 -2147483648 -2147483648 -2147483648 -2147483648 -2147483648 -2147483648 -2147483648 -2147483648 -2147483648 -2147483648 -2147483648 -2147483648 -2147483648 -2147483648 -2147483648 -2147483648 -9 14 -5 9 -2147483648 -2147483648 -2147483648 -2147483648 -2147483648 -2147483648 -2147483648 -2147483648 -2147483648 -2147483648 -2147483648 -2147483648 -2147483648 -2147483648 -2147483648 -2147483648 -2147483648 -2147483648 -2147483648 -2147483648 -2147483648 -2147483648 -2147483648 -2147483648 -2147483648 -2147483648 -2147483648 -2147483648 -2147483648 -2147483648 -2147483648 -2147483648 -2147483648 -2147483648 -2147483648 -2147483648 -2147483648 -2147483648 -2147483648 -2147483648 -2147483648 -2147483648 -2147483648 -2147483648 -2147483648 -2147483648 -2147483648 -2147483648 -2147483648 -2147483648 -2147483648 -2147483648 -2147483648 -2147483648 -2147483648 -2147483648 -15 -16 -2147483648 -2147483648 15 -11 -2147483648 -2147483648 -2147483648 -2147483648 -2147483648 -2147483648 -2147483648 -2147483648 -2147483648 -2147483648 -2147483648 -2147483648 -2147483648 -2147483648 -2147483648 -2147483648 -2147483648 -2147483648 -2147483648 -2147483648 -2147483648 -2147483648 -2147483648 -2147483648 -2147483648 -2147483648 -2147483648 -2147483648 -2147483648 -2147483648 -2147483648 -2147483648 -2147483648 -2147483648 -2147483648 -2147483648 -2147483648 -2147483648 -2147483648 -2147483648 -2147483648 -2147483648 -2147483648 -2147483648 -2147483648 -2147483648 -2147483648 -2147483648 -2147483648 -2147483648 -2147483648 -2147483648 -2147483648 -2147483648 -2147483648 -2147483648 -2147483648 -2147483648 -2147483648 -2147483648 -2147483648 -2147483648 -2147483648 -2147483648 -2147483648 -2147483648 -2147483648 -2147483648 -2147483648 -2147483648 -2147483648 -2147483648 -2147483648 -2147483648 -2147483648 -2147483648 -2147483648 -2147483648 -2147483648 -2147483648 -2147483648 -2147483648 -2147483648 -2147483648 -2147483648 -2147483648 -2147483648 -2147483648 -2147483648 -2147483648 -2147483648 -2147483648 -2147483648 -2147483648 -2147483648 -2147483648 -2147483648 -2147483648 -2147483648 -2147483648 -2147483648 -2147483648 -2147483648 -2147483648 -2147483648 -2147483648 -2147483648 -2147483648 -2147483648 -2147483648 -2147483648 -2147483648 -2147483648 -2147483648 -2147483648 -2147483648 -2147483648 -2147483648 -2147483648 -2147483648 -10 -17 -2147483648 -2147483648 -2147483648 -2147483648 -2147483648 -2147483648 -2147483648 -2147483648 -2147483648 -2147483648
split_feature= 8 20 19 7 4 10 9 13 21 3 21 1 12 17 19 1
split_gain= 1073.09 567.242 552.782 381.576 117.394 100.9 73.2416 58.8489 39.2814 86.6243 13.0195 15.8813 9.30079 8.10275 67.3674 2.59549
threshold= 3.5000000000000004 3.5000000000000004 1.5000000000000002 1.0000000180025095e-35 4.5000000000000009 1.0000000180025095e-35 1.0000000180025095e-35 1.5000000000000002 1.5000000000000002 1.0000000180025095e-35 4.5000000000000009 1.5000000000000002 1.0000000180025095e-35 1.5000000000000002 6.5000000000000009 2.5000000000000004
decision_type= 2 2 2 2 2 2 2 2 2 2 2 2 2 2 2 2
left_child=1 5 4 7 -2 -1 8 -4 -5 15 12 -12 -3 -9 -15 -10
right_child=2 10 3 6 -6 -7 -8 13 9 -11 11 -13 -14 14 -16 -17
leaf_value= 0.15185187516794491 0.15185187516794491 -0.0030606570657631363 0.15185187516794491 0.15185187516794491 -0.14676872362570559 -0.14676872362570559 -0.14676872362570559 -0.14676872362570559 -0.14676872362570556 0.15185187516794491 -0.14676872362570559 0.15185187516794488 0.15185187516794491 0.15185187516794491 -0.14676872362570559 -0.060779122690496325
leaf_weight=13.042239397764204 114.90662641823292 4.2419396191835395 6.970852091908454 52.39382378757 14.980887696146963 90.75378343462944 14.980887696146963 525.19952662289143 15.415116325020792 25.185014009475708 3.4738290309905997 4.0475915372371674 476.04173801839352 8.7697816640138608 59.489322155714035 6.5104905366897574
leaf_count=58 511 17 31 233 69 418 69 2419 71 112 16 18 2117 39 274 27
model_size=1824
internal_value=0 0.103178 -0.0725023 -0.107006 0.11741 -0.109246 0.0604759 -0.13894 0.0916776 0.0247552 0.148378 0.0139315 0.150484 -0.142356 -0.108403 -0.121235
internal_weight=0 591.601 844.802 714.915 129.888 103.796 114.485 600.429 99.5044 47.1106 487.805 7.52142 480.284 593.459 68.2591 21.9256
internal_count=6499 2644 3855 3275 580 476 512 2763 443 210 2168 34 2134 2732 313 98
is_linear=0
shrinkage=0.1


Tree=5
num_leaves= 17
num_cat= 0
full_tree_array_lgbids= 0 1 2 5 10 4 3 -1 -7 12 11 -2 -6 7 6 -2147483648 -2147483648 -2147483648 -2147483648 -3 -14 -12 -13 -2147483648 -2147483648 -2147483648 -2147483648 -4 13 8 -8 -2147483648 -2147483648 -2147483648 -2147483648 -2147483648 -2147483648 -2147483648 -2147483648 -2147483648 -2147483648 -2147483648 -2147483648 -2147483648 -2147483648 -2147483648 -2147483648 -2147483648 -2147483648 -2147483648 -2147483648 -2147483648 -2147483648 -2147483648 -2147483648 -2147483648 -2147483648 -9 14 -5 9 -2147483648 -2147483648 -2147483648 -2147483648 -2147483648 -2147483648 -2147483648 -2147483648 -2147483648 -2147483648 -2147483648 -2147483648 -2147483648 -2147483648 -2147483648 -2147483648 -2147483648 -2147483648 -2147483648 -2147483648 -2147483648 -2147483648 -2147483648 -2147483648 -2147483648 -2147483648 -2147483648 -2147483648 -2147483648 -2147483648 -2147483648 -2147483648 -2147483648 -2147483648 -2147483648 -2147483648 -2147483648 -2147483648 -2147483648 -2147483648 -2147483648 -2147483648 -2147483648 -2147483648 -2147483648 -2147483648 -2147483648 -2147483648 -2147483648 -2147483648 -2147483648 -2147483648 -2147483648 -2147483648 -2147483648 -2147483648 -15 -16 -2147483648 -2147483648 15 -11 -2147483648 -2147483648 -2147483648 -2147483648 -2147483648 -2147483648 -2147483648 -2147483648 -2147483648 -2147483648 -2147483648 -2147483648 -2147483648 -2147483648 -2147483648 -2147483648 -2147483648 -2147483648 -2147483648 -2147483648 -2147483648 -2147483648 -2147483648 -2147483648 -2147483648 -2147483648 -2147483648 -2147483648 -2147483648 -2147483648 -2147483648 -2147483648 -2147483648 -2147483648 -2147483648 -2147483648 -2147483648 -2147483648 -2147483648 -2147483648 -2147483648 -2147483648 -2147483648 -2147483648 -2147483648 -2147483648 -2147483648 -2147483648 -2147483648 -2147483648 -2147483648 -2147483648 -2147483648 -2147483648 -2147483648 -2147483648 -2147483648 -2147483648 -2147483648 -2147483648 -2147483648 -2147483648 -2147483648 -2147483648 -2147483648 -2147483648 -2147483648 -2147483648 -2147483648 -2147483648 -2147483648 -2147483648 -2147483648 -2147483648 -2147483648 -2147483648 -2147483648 -2147483648 -2147483648 -2147483648 -2147483648 -2147483648 -2147483648 -2147483648 -2147483648 -2147483648 -2147483648 -2147483648 -2147483648 -2147483648 -2147483648 -2147483648 -2147483648 -2147483648 -2147483648 -2147483648 -2147483648 -2147483648 -2147483648 -2147483648 -2147483648 -2147483648 -2147483648 -2147483648 -2147483648 -2147483648 -2147483648 -2147483648 -2147483648 -2147483648 -2147483648 -2147483648 -2147483648 -2147483648 -2147483648 -2147483648 -2147483648 -2147483648 -2147483648 -2147483648 -10 -17 -2147483648 -2147483648 -2147483648 -2147483648 -2147483648 -2147483648 -2147483648 -2147483648 -2147483648 -2147483648
split_feature= 8 20 19 7 4 10 9 13 21 3 21 1 12 17 19 1
split_gain= 923.284 487.082 476.217 329.626 100.721 86.8458 62.7632 50.5875 33.6739 73.967 10.9411 13.4718 8.23434 6.82282 57.9158 2.33674
threshold= 3.5000000000000004 3.5000000000000004 1.5000000000000002 1.0000000180025095e-35 4.5000000000000009 1.0000000180025095e-35 1.0000000180025095e-35 1.5000000000000002 1.5000000000000002 1.0000000180025095e-35 4.5000000000000009 1.5000000000000002 1.0000000180025095e-35 1.5000000000000002 6.5000000000000009 2.5000000000000004
decision_type= 2 2 2 2 2 2 2 2 2 2 2 2 2 2 2 2
left_child=1 5 4 7 -2 -1 8 -4 -5 15 12 -12 -3 -9 -15 -10
right_child=2 10 3 6 -6 -7 -8 13 9 -11 11 -13 -14 14 -16 -17
leaf_value= 0.14454675775689577 0.14454675775689577 -0.0027549883843111991 0.14454675775689577 0.14454675775689577 -0.14038449805642142 -0.14038449805642142 -0.14038449805642142 -0.14038449805642142 -0.14038449805642136 0.14454675775689577 -0.14038449805642142 0.14454675775689574 0.14454675775689577 0.14454675775689577 -0.14038449805642142 -0.055417087899252648
leaf_weight=12.365946739912031 108.9482548981905 4.2413643300533286 6.6093853265047064 49.676992937922478 14.139219447970389 85.654981583356857 14.139219447970389 495.69234557449818 14.54905189573765 23.879069566726685 3.2786595821380606 3.8377076089382172 451.35705600678921 8.3150331526994687 56.147045344114304 6.4306696057319632
leaf_count=58 511 17 31 233 69 418 69 2419 71 112 16 18 2117 39 274 27
model_size=1824
internal_value=0 0.098242 -0.0692534 -0.10225 0.111816 -0.104439 0.0574974 -0.132881 0.0870936 0.0234695 0.141178 0.013273 0.143175 -0.136155 -0.103631 -0.11434
internal_weight=0 560.736 798.526 675.439 123.087 98.0209 108.675 566.764 94.5358 44.8588 462.715 7.11637 455.598 560.154 64.4621 20.9797
internal_count=6499 2644 3855 3275 580 476 512 2763 443 210 2168 34 2134 2732 313 98
is_linear=0
shrinkage=0.1


Tree=6
num_leaves= 18
num_cat= 0
full_tree_array_lgbids= 0 1 2 5 11 4 3 -1 -7 14 12 -2 -6 7 6 -2147483648 -2147483648 -2147483648 -2147483648 -3 -16 -13 -14 -2147483648 -2147483648 -2147483648 -2147483648 -4 15 8 -8 -2147483648 -2147483648 -2147483648 -2147483648 -2147483648 -2147483648 -2147483648 -2147483648 -2147483648 -2147483648 -2147483648 -2147483648 -2147483648 -2147483648 -2147483648 -2147483648 -2147483648 -2147483648 -2147483648 -2147483648 -2147483648 -2147483648 -2147483648 -2147483648 -2147483648 -2147483648 -9 16 10 9 -2147483648 -2147483648 -2147483648 -2147483648 -2147483648 -2147483648 -2147483648 -2147483648 -2147483648 -2147483648 -2147483648 -2147483648 -2147483648 -2147483648 -2147483648 -2147483648 -2147483648 -2147483648 -2147483648 -2147483648 -2147483648 -2147483648 -2147483648 -2147483648 -2147483648 -2147483648 -2147483648 -2147483648 -2147483648 -2147483648 -2147483648 -2147483648 -2147483648 -2147483648 -2147483648 -2147483648 -2147483648 -2147483648 -2147483648 -2147483648 -2147483648 -2147483648 -2147483648 -2147483648 -2147483648 -2147483648 -2147483648 -2147483648 -2147483648 -2147483648 -2147483648 -2147483648 -2147483648 -2147483648 -2147483648 -2147483648 -17 -18 -5 -12 13 -11 -2147483648 -2147483648 -2147483648 -2147483648 -2147483648 -2147483648 -2147483648 -2147483648 -2147483648 -2147483648 -2147483648 -2147483648 -2147483648 -2147483648 -2147483648 -2147483648 -2147483648 -2147483648 -2147483648 -2147483648 -2147483648 -2147483648 -2147483648 -2147483648 -2147483648 -2147483648 -2147483648 -2147483648 -2147483648 -2147483648 -2147483648 -2147483648 -2147483648 -2147483648 -2147483648 -2147483648 -2147483648 -2147483648 -2147483648 -2147483648 -2147483648 -2147483648 -2147483648 -2147483648 -2147483648 -2147483648 -2147483648 -2147483648 -2147483648 -2147483648 -2147483648 -2147483648 -2147483648 -2147483648 -2147483648 -2147483648 -2147483648 -2147483648 -2147483648 -2147483648 -2147483648 -2147483648 -2147483648 -2147483648 -2147483648 -2147483648 -2147483648 -2147483648 -2147483648 -2147483648 -2147483648 -2147483648 -2147483648 -2147483648 -2147483648 -2147483648 -2147483648 -2147483648 -2147483648 -2147483648 -2147483648 -2147483648 -2147483648 -2147483648 -2147483648 -2147483648 -2147483648 -2147483648 -2147483648 -2147483648 -2147483648 -2147483648 -2147483648 -2147483648 -2147483648 -2147483648 -2147483648 -2147483648 -2147483648 -2147483648 -2147483648 -2147483648 -2147483648 -2147483648 -2147483648 -2147483648 -2147483648 -2147483648 -2147483648 -2147483648 -2147483648 -2147483648 -2147483648 -2147483648 -2147483648 -2147483648 -2147483648 -2147483648 -2147483648 -2147483648 -10 -15 -2147483648 -2147483648 -2147483648 -2147483648 -2147483648 -2147483648 -2147483648 -2147483648 -2147483648 -2147483648
split_feature= 8 20 19 7 4 10 9 13 14 20 10 21 1 1 12 17 19
split_gain= 799.82 421.217 412.941 286.557 87.0045 75.2058 54.1013 43.7338 29.5928 32.1791 15.3554 9.2244 11.4226 8.37841 7.32818 5.73959 50.0203
threshold= 3.5000000000000004 3.5000000000000004 1.5000000000000002 1.0000000180025095e-35 4.5000000000000009 1.0000000180025095e-35 1.0000000180025095e-35 1.5000000000000002 6.5000000000000009 4.5000000000000009 3.5000000000000004 4.5000000000000009 1.5000000000000002 1.0000000180025095e-35 1.0000000180025095e-35 1.5000000000000002 6.5000000000000009
decision_type= 2 2 2 2 2 2 2 2 2 2 2 2 2 2 2 2 2
left_child=1 5 4 7 -2 -1 8 -4 10 13 -5 14 -13 -10 -3 -9 -17
right_child=2 11 3 6 -6 -7 -8 15 9 -11 -12 12 -14 -15 -16 16 -18
leaf_value= 0.13855140791954978 0.13855140791954978 -0.0024798143532451006 0.13855140791954978 -0.15063761588693428 -0.13509509769210032 -0.13509509769210032 -0.13509509769210032 -0.13509509769210032 0.058929975529655926 -0.13509509769210032 0.13855140791954976 -0.13509509769210032 0.13855140791954976 0.14227432453236805 0.13855140791954978 0.13855140791954978 -0.13509509769210032
leaf_weight=11.647865027189253 102.62170739471912 4.2408298254013053 6.2255830317735663 7.7796753048896772 13.268332377076147 80.379172950983047 13.268332377076147 465.16081188619137 17.843947470188141 5.3842508196830741 2.6107283681631088 3.0767147541046134 3.6148546636104584 55.668030887842178 425.1470734924078 7.8321851044893256 52.688740164041519
leaf_count=58 511 17 31 36 69 418 69 2419 90 28 13 16 18 276 2117 39 274
model_size=1936
internal_value=0 0.0941749 -0.0665603 -0.0983031 0.107221 -0.10046 0.0550106 -0.127863 0.083261 0.104495 -0.077975 0.135249 0.0127316 0.122044 0.137159 -0.131018 -0.0996817
internal_weight=0 528.107 750.352 634.462 115.89 92.027 102.555 531.907 89.2866 78.8962 10.3904 436.079 6.69157 73.512 429.388 525.682 60.5209
internal_count=6499 2644 3855 3275 580 476 512 2763 443 394 49 2168 34 366 2134 2732 313
is_linear=0
shrinkage=0.1


Tree=7
num_leaves= 17
num_cat= 0
full_tree_array_lgbids= 0 1 2 5 10 4 3 -1 -7 12 11 -2 -6 7 6 -2147483648 -2147483648 -2147483648 -2147483648 -3 -14 -12 -13 -2147483648 -2147483648 -2147483648 -2147483648 -4 13 8 -8 -2147483648 -2147483648 -2147483648 -2147483648 -2147483648 -2147483648 -2147483648 -2147483648 -2147483648 -2147483648 -2147483648 -2147483648 -2147483648 -2147483648 -2147483648 -2147483648 -2147483648 -2147483648 -2147483648 -2147483648 -2147483648 -2147483648 -2147483648 -2147483648 -2147483648 -2147483648 -9 14 -5 9 -2147483648 -2147483648 -2147483648 -2147483648 -2147483648 -2147483648 -2147483648 -2147483648 -2147483648 -2147483648 -2147483648 -2147483648 -2147483648 -2147483648 -2147483648 -2147483648 -2147483648 -2147483648 -2147483648 -2147483648 -2147483648 -2147483648 -2147483648 -2147483648 -2147483648 -2147483648 -2147483648 -2147483648 -2147483648 -2147483648 -2147483648 -2147483648 -2147483648 -2147483648 -2147483648 -2147483648 -2147483648 -2147483648 -2147483648 -2147483648 -2147483648 -2147483648 -2147483648 -2147483648 -2147483648 -2147483648 -2147483648 -2147483648 -2147483648 -2147483648 -2147483648 -2147483648 -2147483648 -2147483648 -2147483648 -2147483648 -15 -16 -2147483648 -2147483648 15 -11 -2147483648 -2147483648 -2147483648 -2147483648 -2147483648 -2147483648 -2147483648 -2147483648 -2147483648 -2147483648 -2147483648 -2147483648 -2147483648 -2147483648 -2147483648 -2147483648 -2147483648 -2147483648 -2147483648 -2147483648 -2147483648 -2147483648 -2147483648 -2147483648 -2147483648 -2147483648 -2147483648 -2147483648 -2147483648 -2147483648 -2147483648 -2147483648 -2147483648 -2147483648 -2147483648 -2147483648 -2147483648 -2147483648 -2147483648 -2147483648 -2147483648 -2147483648 -2147483648 -2147483648 -2147483648 -2147483648 -2147483648 -2147483648 -2147483648 -2147483648 -2147483648 -2147483648 -2147483648 -2147483648 -2147483648 -2147483648 -2147483648 -2147483648 -2147483648 -2147483648 -2147483648 -2147483648 -2147483648 -2147483648 -2147483648 -2147483648 -2147483648 -2147483648 -2147483648 -2147483648 -2147483648 -2147483648 -2147483648 -2147483648 -2147483648 -2147483648 -2147483648 -2147483648 -2147483648 -2147483648 -2147483648 -2147483648 -2147483648 -2147483648 -2147483648 -2147483648 -2147483648 -2147483648 -2147483648 -2147483648 -2147483648 -2147483648 -2147483648 -2147483648 -2147483648 -2147483648 -2147483648 -2147483648 -2147483648 -2147483648 -2147483648 -2147483648 -2147483648 -2147483648 -2147483648 -2147483648 -2147483648 -2147483648 -2147483648 -2147483648 -2147483648 -2147483648 -2147483648 -2147483648 -2147483648 -2147483648 -2147483648 -2147483648 -2147483648 -2147483648 -10 -17 -2147483648 -2147483648 -2147483648 -2147483648 -2147483648 -2147483648 -2147483648 -2147483648 -2147483648 -2147483648
split_feature= 8 20 19 7 4 10 9 13 21 3 21 1 12 17 19 1
split_gain= 696.39 366.285 359.557 250.729 75.4869 65.3667 46.4771 37.8988 26.897 56.1736 7.70625 9.70423 6.58857 4.73343 43.4313 2.18475
threshold= 3.5000000000000004 3.5000000000000004 1.5000000000000002 1.0000000180025095e-35 4.5000000000000009 1.0000000180025095e-35 1.0000000180025095e-35 1.5000000000000002 1.5000000000000002 1.0000000180025095e-35 4.5000000000000009 1.5000000000000002 1.0000000180025095e-35 1.5000000000000002 6.5000000000000009 2.5000000000000004
decision_type= 2 2 2 2 2 2 2 2 2 2 2 2 2 2 2 2
left_child=1 5 4 7 -2 -1 8 -4 -5 15 12 -12 -3 -9 -15 -10
right_child=2 10 3 6 -6 -7 -8 13 9 -11 11 -13 -14 14 -16 -17
leaf_value= 0.13356356395996258 0.13356356395996258 -0.0022321090491633213 0.13356356395996258 0.134254791362444 -0.13066022980921915 -0.13066022980921915 -0.13066022980921915 -0.13066022980921915 -0.13320973979727521 0.13343884967666281 -0.13066022980921915 0.13356356395996252 0.13356356395996258 0.13356356395996258 -0.13066022980921915 -0.044364780787842728
leaf_weight=10.912395119667051 96.14196389913559 4.240334838628768 5.8324870467185965 44.246965691447258 12.391892105340956 75.069723188877106 12.391892105340956 434.43459424376488 13.215802833437921 21.033169984817505 2.8734822273254386 3.3866053819656372 398.30242186784744 7.3376449942588797 49.208383142948151 6.2055435180664054
leaf_count=58 511 17 31 233 69 418 69 2419 71 112 16 18 2117 39 274 27
model_size=1824
internal_value=0 0.0907768 -0.064233 -0.0948664 0.103396 -0.0971263 0.0524454 -0.123656 0.0792339 0.019055 0.130298 0.0122805 0.132133 -0.126711 -0.0963735 -0.104822
internal_weight=0 494.785 702.44 593.906 108.534 85.9821 97.0934 496.813 84.7015 40.4545 408.803 6.26009 402.543 490.981 56.546 19.4213
internal_count=6499 2644 3855 3275 580 476 512 2763 443 210 2168 34 2134 2732 313 98
is_linear=0
shrinkage=0.1


Tree=8
num_leaves= 17
num_cat= 0
full_tree_array_lgbids= 0 1 2 5 10 4 3 -1 -7 12 11 -2 -6 7 6 -2147483648 -2147483648 -2147483648 -2147483648 -3 -14 -12 -13 -2147483648 -2147483648 -2147483648 -2147483648 -4 13 8 -8 -2147483648 -2147483648 -2147483648 -2147483648 -2147483648 -2147483648 -2147483648 -2147483648 -2147483648 -2147483648 -2147483648 -2147483648 -2147483648 -2147483648 -2147483648 -2147483648 -2147483648 -2147483648 -2147483648 -2147483648 -2147483648 -2147483648 -2147483648 -2147483648 -2147483648 -2147483648 -9 14 -5 9 -2147483648 -2147483648 -2147483648 -2147483648 -2147483648 -2147483648 -2147483648 -2147483648 -2147483648 -2147483648 -2147483648 -2147483648 -2147483648 -2147483648 -2147483648 -2147483648 -2147483648 -2147483648 -2147483648 -2147483648 -2147483648 -2147483648 -2147483648 -2147483648 -2147483648 -2147483648 -2147483648 -2147483648 -2147483648 -2147483648 -2147483648 -2147483648 -2147483648 -2147483648 -2147483648 -2147483648 -2147483648 -2147483648 -2147483648 -2147483648 -2147483648 -2147483648 -2147483648 -2147483648 -2147483648 -2147483648 -2147483648 -2147483648 -2147483648 -2147483648 -2147483648 -2147483648 -2147483648 -2147483648 -2147483648 -2147483648 -15 -16 -2147483648 -2147483648 15 -11 -2147483648 -2147483648 -2147483648 -2147483648 -2147483648 -2147483648 -2147483648 -2147483648 -2147483648 -2147483648 -2147483648 -2147483648 -2147483648 -2147483648 -2147483648 -2147483648 -2147483648 -2147483648 -2147483648 -2147483648 -2147483648 -2147483648 -2147483648 -2147483648 -2147483648 -2147483648 -2147483648 -2147483648 -2147483648 -2147483648 -2147483648 -2147483648 -2147483648 -2147483648 -2147483648 -2147483648 -2147483648 -2147483648 -2147483648 -2147483648 -2147483648 -2147483648 -2147483648 -2147483648 -2147483648 -2147483648 -2147483648 -2147483648 -2147483648 -2147483648 -2147483648 -2147483648 -2147483648 -2147483648 -2147483648 -2147483648 -2147483648 -2147483648 -2147483648 -2147483648 -2147483648 -2147483648 -2147483648 -2147483648 -2147483648 -2147483648 -2147483648 -2147483648 -2147483648 -2147483648 -2147483648 -2147483648 -2147483648 -2147483648 -2147483648 -2147483648 -2147483648 -2147483648 -2147483648 -2147483648 -2147483648 -2147483648 -2147483648 -2147483648 -2147483648 -2147483648 -2147483648 -2147483648 -2147483648 -2147483648 -2147483648 -2147483648 -2147483648 -2147483648 -2147483648 -2147483648 -2147483648 -2147483648 -2147483648 -2147483648 -2147483648 -2147483648 -2147483648 -2147483648 -2147483648 -2147483648 -2147483648 -2147483648 -2147483648 -2147483648 -2147483648 -2147483648 -2147483648 -2147483648 -2147483648 -2147483648 -2147483648 -2147483648 -2147483648 -2147483648 -10 -17 -2147483648 -2147483648 -2147483648 -2147483648 -2147483648 -2147483648 -2147483648 -2147483648 -2147483648 -2147483648
split_feature= 8 20 19 7 4 10 9 13 21 3 21 1 12 17 19 1
split_gain= 609.398 320.06 314.782 220.059 65.8081 57.0652 40.3309 32.9815 23.4111 48.5415 6.45138 8.23484 5.9619 3.89867 37.826 1.9401
threshold= 3.5000000000000004 3.5000000000000004 1.5000000000000002 1.0000000180025095e-35 4.5000000000000009 1.0000000180025095e-35 1.0000000180025095e-35 1.5000000000000002 1.5000000000000002 1.0000000180025095e-35 4.5000000000000009 1.5000000000000002 1.0000000180025095e-35 1.5000000000000002 6.5000000000000009 2.5000000000000004
decision_type= 2 2 2 2 2 2 2 2 2 2 2 2 2 2 2 2
left_child=1 5 4 7 -2 -1 8 -4 -5 15 12 -12 -3 -9 -15 -10
right_child=2 10 3 6 -6 -7 -8 13 9 -11 11 -13 -14 14 -16 -17
leaf_value= 0.12936717161346731 0.12936717161346731 -0.0020091349345018731 0.12936717161346731 0.12995337131205617 -0.12690484179902931 -0.12690484179902931 -0.12690484179902931 -0.12690484179902931 -0.12908167615800739 0.12926170076718183 -0.12690484179902931 0.12936717161346728 0.12936717161346731 0.12936717161346731 -0.12690484179902931 -0.040465639473856702
leaf_weight=10.177520692348478 89.667466789484024 4.2398781031370154 5.4397093355655661 41.292317882180214 11.527180284261702 69.83132404088974 11.527180284261702 404.11955228447914 12.320632472634317 19.614526033401489 2.6729693412780753 3.1585409045219421 371.47950527071953 6.8435052931308737 45.774599969387054 6.1273833513259879
leaf_count=58 511 17 31 233 69 418 69 2419 71 112 16 18 2117 39 274 27
model_size=1824
internal_value=0 0.0879038 -0.062311 -0.0920415 0.100175 -0.0943058 0.0506185 -0.120094 0.0764057 0.0183143 0.126112 0.0119006 0.127885 -0.123065 -0.0935741 -0.0996485
internal_weight=0 461.56 654.254 553.059 101.195 80.0088 90.882 462.177 79.3549 38.0625 381.551 5.83151 375.719 456.738 52.6181 18.448
internal_count=6499 2644 3855 3275 580 476 512 2763 443 210 2168 34 2134 2732 313 98
is_linear=0
shrinkage=0.1


Tree=9
num_leaves= 18
num_cat= 0
full_tree_array_lgbids= 0 1 2 5 12 4 3 -1 -7 14 13 -2 -6 7 6 -2147483648 -2147483648 -2147483648 -2147483648 -3 -16 -14 -15 -2147483648 -2147483648 -2147483648 -2147483648 -4 15 8 -8 -2147483648 -2147483648 -2147483648 -2147483648 -2147483648 -2147483648 -2147483648 -2147483648 -2147483648 -2147483648 -2147483648 -2147483648 -2147483648 -2147483648 -2147483648 -2147483648 -2147483648 -2147483648 -2147483648 -2147483648 -2147483648 -2147483648 -2147483648 -2147483648 -2147483648 -2147483648 -9 16 10 9 -2147483648 -2147483648 -2147483648 -2147483648 -2147483648 -2147483648 -2147483648 -2147483648 -2147483648 -2147483648 -2147483648 -2147483648 -2147483648 -2147483648 -2147483648 -2147483648 -2147483648 -2147483648 -2147483648 -2147483648 -2147483648 -2147483648 -2147483648 -2147483648 -2147483648 -2147483648 -2147483648 -2147483648 -2147483648 -2147483648 -2147483648 -2147483648 -2147483648 -2147483648 -2147483648 -2147483648 -2147483648 -2147483648 -2147483648 -2147483648 -2147483648 -2147483648 -2147483648 -2147483648 -2147483648 -2147483648 -2147483648 -2147483648 -2147483648 -2147483648 -2147483648 -2147483648 -2147483648 -2147483648 -2147483648 -2147483648 -17 -18 -5 -12 11 -11 -2147483648 -2147483648 -2147483648 -2147483648 -2147483648 -2147483648 -2147483648 -2147483648 -2147483648 -2147483648 -2147483648 -2147483648 -2147483648 -2147483648 -2147483648 -2147483648 -2147483648 -2147483648 -2147483648 -2147483648 -2147483648 -2147483648 -2147483648 -2147483648 -2147483648 -2147483648 -2147483648 -2147483648 -2147483648 -2147483648 -2147483648 -2147483648 -2147483648 -2147483648 -2147483648 -2147483648 -2147483648 -2147483648 -2147483648 -2147483648 -2147483648 -2147483648 -2147483648 -2147483648 -2147483648 -2147483648 -2147483648 -2147483648 -2147483648 -2147483648 -2147483648 -2147483648 -2147483648 -2147483648 -2147483648 -2147483648 -2147483648 -2147483648 -2147483648 -2147483648 -2147483648 -2147483648 -2147483648 -2147483648 -2147483648 -2147483648 -2147483648 -2147483648 -2147483648 -2147483648 -2147483648 -2147483648 -2147483648 -2147483648 -2147483648 -2147483648 -2147483648 -2147483648 -2147483648 -2147483648 -2147483648 -2147483648 -2147483648 -2147483648 -2147483648 -2147483648 -2147483648 -2147483648 -2147483648 -2147483648 -2147483648 -2147483648 -2147483648 -2147483648 -2147483648 -2147483648 -2147483648 -2147483648 -2147483648 -2147483648 -2147483648 -2147483648 -2147483648 -2147483648 -2147483648 -2147483648 -2147483648 -2147483648 -2147483648 -2147483648 -2147483648 -2147483648 -2147483648 -2147483648 -2147483648 -2147483648 -2147483648 -2147483648 -2147483648 -2147483648 -10 -13 -2147483648 -2147483648 -2147483648 -2147483648 -2147483648 -2147483648 -2147483648 -2147483648 -2147483648 -2147483648
split_feature= 8 20 19 7 4 10 9 13 14 20 6 1 21 1 12 17 19
split_gain= 535.336 280.764 276.598 193.841 57.5636 49.9655 35.0812 28.7668 21.6237 20.6473 9.94852 6.02155 5.36886 6.94973 5.40604 3.16525 33.0105
threshold= 3.5000000000000004 3.5000000000000004 1.5000000000000002 1.0000000180025095e-35 4.5000000000000009 1.0000000180025095e-35 1.0000000180025095e-35 1.5000000000000002 6.5000000000000009 4.5000000000000009 1.0000000180025095e-35 1.0000000180025095e-35 4.5000000000000009 1.5000000000000002 1.0000000180025095e-35 1.5000000000000002 6.5000000000000009
decision_type= 2 2 2 2 2 2 2 2 2 2 2 2 2 2 2 2 2
left_child=1 5 4 7 -2 -1 8 -4 10 11 -5 -10 14 -14 -3 -9 -17
right_child=2 12 3 6 -6 -7 -8 15 9 -11 -12 -13 13 -15 -16 16 -18
leaf_value= 0.12580350276737742 0.12580350276737742 -0.001808403393882229 0.12580350276737742 0.12577056612071005 -0.12369825373571018 -0.12369825373571018 -0.12369825373571018 -0.12369825373571018 0.05016245286561985 -0.12358650363105472 -0.13915572337706392 0.13045048253129171 -0.12369825373571018 0.1258035027673774 0.12580350276737742 0.12580350276737742 -0.12369825373571018
leaf_weight=9.456299960613249 83.313263446092606 4.2394580990076056 5.0542292892932883 2.1179187148809415 10.686567977070807 64.738919049501419 10.686567977070807 374.64939038455486 15.418921262025831 4.323939085006713 6.8314222097396851 45.412517458200455 2.4780447483062735 2.9347137808799744 345.15494856238365 6.3585465252399436 42.436516314744949
leaf_count=58 511 17 31 13 69 418 69 2419 90 28 36 276 16 18 2117 39 274
model_size=1936
internal_value=0 0.08545 -0.0606644 -0.089618 0.0974384 -0.0918989 0.0490261 -0.117053 0.0739345 0.0945917 -0.0764592 0.1101 0.122536 0.0115777 0.124255 -0.119952 -0.0911854
internal_weight=0 429.002 607.29 513.29 93.9998 74.1952 84.7913 428.499 74.1047 65.1554 8.94934 60.8314 354.807 5.41276 349.394 423.444 48.7951
internal_count=6499 2644 3855 3275 580 476 512 2763 443 394 49 366 2168 34 2134 2732 313
is_linear=0
shrinkage=0.1


Tree=10
num_leaves= 17
num_cat= 0
full_tree_array_lgbids= 0 1 2 5 11 4 3 -1 -7 13 12 -2 -6 7 6 -2147483648 -2147483648 -2147483648 -2147483648 -3 -15 -13 -14 -2147483648 -2147483648 -2147483648 -2147483648 -4 14 8 -8 -2147483648 -2147483648 -2147483648 -2147483648 -2147483648 -2147483648 -2147483648 -2147483648 -2147483648 -2147483648 -2147483648 -2147483648 -2147483648 -2147483648 -2147483648 -2147483648 -2147483648 -2147483648 -2147483648 -2147483648 -2147483648 -2147483648 -2147483648 -2147483648 -2147483648 -2147483648 -9 15 -5 9 -2147483648 -2147483648 -2147483648 -2147483648 -2147483648 -2147483648 -2147483648 -2147483648 -2147483648 -2147483648 -2147483648 -2147483648 -2147483648 -2147483648 -2147483648 -2147483648 -2147483648 -2147483648 -2147483648 -2147483648 -2147483648 -2147483648 -2147483648 -2147483648 -2147483648 -2147483648 -2147483648 -2147483648 -2147483648 -2147483648 -2147483648 -2147483648 -2147483648 -2147483648 -2147483648 -2147483648 -2147483648 -2147483648 -2147483648 -2147483648 -2147483648 -2147483648 -2147483648 -2147483648 -2147483648 -2147483648 -2147483648 -2147483648 -2147483648 -2147483648 -2147483648 -2147483648 -2147483648 -2147483648 -2147483648 -2147483648 -16 -17 -2147483648 -2147483648 10 -11 -2147483648 -2147483648 -2147483648 -2147483648 -2147483648 -2147483648 -2147483648 -2147483648 -2147483648 -2147483648 -2147483648 -2147483648 -2147483648 -2147483648 -2147483648 -2147483648 -2147483648 -2147483648 -2147483648 -2147483648 -2147483648 -2147483648 -2147483648 -2147483648 -2147483648 -2147483648 -2147483648 -2147483648 -2147483648 -2147483648 -2147483648 -2147483648 -2147483648 -2147483648 -2147483648 -2147483648 -2147483648 -2147483648 -2147483648 -2147483648 -2147483648 -2147483648 -2147483648 -2147483648 -2147483648 -2147483648 -2147483648 -2147483648 -2147483648 -2147483648 -2147483648 -2147483648 -2147483648 -2147483648 -2147483648 -2147483648 -2147483648 -2147483648 -2147483648 -2147483648 -2147483648 -2147483648 -2147483648 -2147483648 -2147483648 -2147483648 -2147483648 -2147483648 -2147483648 -2147483648 -2147483648 -2147483648 -2147483648 -2147483648 -2147483648 -2147483648 -2147483648 -2147483648 -2147483648 -2147483648 -2147483648 -2147483648 -2147483648 -2147483648 -2147483648 -2147483648 -2147483648 -2147483648 -2147483648 -2147483648 -2147483648 -2147483648 -2147483648 -2147483648 -2147483648 -2147483648 -2147483648 -2147483648 -2147483648 -2147483648 -2147483648 -2147483648 -2147483648 -2147483648 -2147483648 -2147483648 -2147483648 -2147483648 -2147483648 -2147483648 -2147483648 -2147483648 -2147483648 -2147483648 -2147483648 -2147483648 -2147483648 -2147483648 -2147483648 -2147483648 -10 -12 -2147483648 -2147483648 -2147483648 -2147483648 -2147483648 -2147483648 -2147483648 -2147483648 -2147483648 -2147483648
split_feature= 8 20 19 7 4 10 9 13 21 3 2 21 1 12 17 19
split_gain= 471.567 247.066 243.497 171.528 50.4531 43.8164 30.3246 25.0955 19.0854 37.4283 18.9874 4.3945 5.81184 4.90197 2.48406 28.8377
threshold= 3.5000000000000004 3.5000000000000004 1.5000000000000002 1.0000000180025095e-35 4.5000000000000009 1.0000000180025095e-35 1.0000000180025095e-35 1.5000000000000002 1.5000000000000002 1.0000000180025095e-35 8.5000000000000018 4.5000000000000009 1.5000000000000002 1.0000000180025095e-35 1.5000000000000002 6.5000000000000009
decision_type= 2 2 2 2 2 2 2 2 2 2 2 2 2 2 2 2
left_child=1 5 4 7 -2 -1 8 -4 -5 10 -10 13 -13 -3 -9 -16
right_child=2 11 3 6 -6 -7 -8 14 9 -11 -12 12 -14 -15 15 -17
leaf_value= 0.12275322415096231 0.12275322415096231 -0.0016277265246940941 0.12275322415096231 0.12370827664218938 -0.12094088198253522 -0.12094088198253522 -0.12094088198253522 -0.12094088198253522 -0.12941535731888873 0.12256876657107972 0.23628703460487233 -0.12094088198253522 0.12275322415096229 0.12275322415096231 0.12275322415096231 -0.12094088198253522
leaf_weight=8.7580039203166944 77.161034539341927 4.2390727996826163 4.6810020953416815 35.966944381594658 9.8786517977714521 59.844586253166199 9.8786517977714521 346.32548838853836 15.194400012493134 16.825435161590576 1.7087274640798575 2.2907018661499015 2.7180012166500092 319.66714309155941 5.8890026360750189 39.228269457817078
leaf_count=58 511 17 31 233 69 418 69 2419 91 112 7 16 18 2117 39 274
model_size=1824
internal_value=0 0.0833354 -0.0591757 -0.0874029 0.0950949 -0.0898302 0.04718 -0.114438 0.0710095 0.0148134 -0.0924467 0.119453 0.0113011 0.121125 -0.117275 -0.0891323
internal_weight=0 397.518 562.738 475.698 87.0397 68.6026 79.5742 396.124 69.6955 33.7286 16.9031 328.915 5.0087 323.906 391.443 45.1173
internal_count=6499 2644 3855 3275 580 476 512 2763 443 210 98 2168 34 2134 2732 313
is_linear=0
shrinkage=0.1


Tree=11
num_leaves= 17
num_cat= 0
full_tree_array_lgbids= 0 1 2 5 11 4 3 -1 -7 13 12 -2 -6 7 6 -2147483648 -2147483648 -2147483648 -2147483648 -3 -15 -13 -14 -2147483648 -2147483648 -2147483648 -2147483648 -4 14 8 -8 -2147483648 -2147483648 -2147483648 -2147483648 -2147483648 -2147483648 -2147483648 -2147483648 -2147483648 -2147483648 -2147483648 -2147483648 -2147483648 -2147483648 -2147483648 -2147483648 -2147483648 -2147483648 -2147483648 -2147483648 -2147483648 -2147483648 -2147483648 -2147483648 -2147483648 -2147483648 -9 15 -5 9 -2147483648 -2147483648 -2147483648 -2147483648 -2147483648 -2147483648 -2147483648 -2147483648 -2147483648 -2147483648 -2147483648 -2147483648 -2147483648 -2147483648 -2147483648 -2147483648 -2147483648 -2147483648 -2147483648 -2147483648 -2147483648 -2147483648 -2147483648 -2147483648 -2147483648 -2147483648 -2147483648 -2147483648 -2147483648 -2147483648 -2147483648 -2147483648 -2147483648 -2147483648 -2147483648 -2147483648 -2147483648 -2147483648 -2147483648 -2147483648 -2147483648 -2147483648 -2147483648 -2147483648 -2147483648 -2147483648 -2147483648 -2147483648 -2147483648 -2147483648 -2147483648 -2147483648 -2147483648 -2147483648 -2147483648 -2147483648 -16 -17 -2147483648 -2147483648 10 -11 -2147483648 -2147483648 -2147483648 -2147483648 -2147483648 -2147483648 -2147483648 -2147483648 -2147483648 -2147483648 -2147483648 -2147483648 -2147483648 -2147483648 -2147483648 -2147483648 -2147483648 -2147483648 -2147483648 -2147483648 -2147483648 -2147483648 -2147483648 -2147483648 -2147483648 -2147483648 -2147483648 -2147483648 -2147483648 -2147483648 -2147483648 -2147483648 -2147483648 -2147483648 -2147483648 -2147483648 -2147483648 -2147483648 -2147483648 -2147483648 -2147483648 -2147483648 -2147483648 -2147483648 -2147483648 -2147483648 -2147483648 -2147483648 -2147483648 -2147483648 -2147483648 -2147483648 -2147483648 -2147483648 -2147483648 -2147483648 -2147483648 -2147483648 -2147483648 -2147483648 -2147483648 -2147483648 -2147483648 -2147483648 -2147483648 -2147483648 -2147483648 -2147483648 -2147483648 -2147483648 -2147483648 -2147483648 -2147483648 -2147483648 -2147483648 -2147483648 -2147483648 -2147483648 -2147483648 -2147483648 -2147483648 -2147483648 -2147483648 -2147483648 -2147483648 -2147483648 -2147483648 -2147483648 -2147483648 -2147483648 -2147483648 -2147483648 -2147483648 -2147483648 -2147483648 -2147483648 -2147483648 -2147483648 -2147483648 -2147483648 -2147483648 -2147483648 -2147483648 -2147483648 -2147483648 -2147483648 -2147483648 -2147483648 -2147483648 -2147483648 -2147483648 -2147483648 -2147483648 -2147483648 -2147483648 -2147483648 -2147483648 -2147483648 -2147483648 -2147483648 -10 -12 -2147483648 -2147483648 -2147483648 -2147483648 -2147483648 -2147483648 -2147483648 -2147483648 -2147483648 -2147483648
split_feature= 8 20 19 7 4 10 9 13 21 3 2 21 1 12 17 19
split_gain= 416.791 218.01 215.215 151.801 44.3167 38.495 26.4419 21.915 16.6599 32.6299 15.6048 3.55001 4.83945 4.48256 1.88801 25.2403
threshold= 3.5000000000000004 3.5000000000000004 1.5000000000000002 1.0000000180025095e-35 4.5000000000000009 1.0000000180025095e-35 1.0000000180025095e-35 1.5000000000000002 1.5000000000000002 1.0000000180025095e-35 8.5000000000000018 4.5000000000000009 1.5000000000000002 1.0000000180025095e-35 1.5000000000000002 6.5000000000000009
decision_type= 2 2 2 2 2 2 2 2 2 2 2 2 2 2 2 2
left_child=1 5 4 7 -2 -1 8 -4 -5 10 -10 13 -13 -3 -9 -16
right_child=2 11 3 6 -6 -7 -8 14 9 -11 -12 12 -14 -15 15 -17
leaf_value= 0.120124818310304 0.120124818310304 -0.0014650731409505684 0.120124818310304 0.12095399486034689 -0.11855542649094364 -0.11855542649094364 -0.11855542649094364 -0.11855542649094364 -0.12593996998306398 0.11996535087794674 0.20760597461117897 -0.11855542649094364 0.12012481831030396 0.120124818310304 0.120124818310304 -0.11855542649094364
leaf_weight=8.0889927148818952 71.26681512594223 4.2387201786041251 4.3234271407127371 33.246943026781082 9.1091340333223325 55.18286994099617 9.1091340333223325 319.34775690734386 14.108153805136679 15.537578582763672 1.7476510852575309 2.1122629642486563 2.510377049446106 295.24823409318924 5.4391502737998954 36.172503262758255
leaf_count=58 511 17 31 233 69 418 69 2419 91 112 7 16 18 2117 39 274
model_size=1824
internal_value=0 0.0814985 -0.0579577 -0.0856081 0.0930748 -0.0880413 0.0459858 -0.112176 0.069173 0.0143347 -0.089176 0.116772 0.0110626 0.118404 -0.114959 -0.087357
internal_weight=0 367.381 519.408 439.032 80.3759 63.2719 73.7495 365.283 64.6403 31.3934 15.8558 304.11 4.62264 299.487 360.959 41.6117
internal_count=6499 2644 3855 3275 580 476 512 2763 443 210 98 2168 34 2134 2732 313
is_linear=0
shrinkage=0.1


Tree=12
num_leaves= 17
num_cat= 0
full_tree_array_lgbids= 0 1 2 5 11 4 3 -1 -7 12 13 -2 -6 7 6 -2147483648 -2147483648 -2147483648 -2147483648 -3 -14 -13 -15 -2147483648 -2147483648 -2147483648 -2147483648 -4 14 8 -8 -2147483648 -2147483648 -2147483648 -2147483648 -2147483648 -2147483648 -2147483648 -2147483648 -2147483648 -2147483648 -2147483648 -2147483648 -2147483648 -2147483648 -2147483648 -2147483648 -2147483648 -2147483648 -2147483648 -2147483648 -2147483648 -2147483648 -2147483648 -2147483648 -2147483648 -2147483648 -9 15 -5 9 -2147483648 -2147483648 -2147483648 -2147483648 -2147483648 -2147483648 -2147483648 -2147483648 -2147483648 -2147483648 -2147483648 -2147483648 -2147483648 -2147483648 -2147483648 -2147483648 -2147483648 -2147483648 -2147483648 -2147483648 -2147483648 -2147483648 -2147483648 -2147483648 -2147483648 -2147483648 -2147483648 -2147483648 -2147483648 -2147483648 -2147483648 -2147483648 -2147483648 -2147483648 -2147483648 -2147483648 -2147483648 -2147483648 -2147483648 -2147483648 -2147483648 -2147483648 -2147483648 -2147483648 -2147483648 -2147483648 -2147483648 -2147483648 -2147483648 -2147483648 -2147483648 -2147483648 -2147483648 -2147483648 -2147483648 -2147483648 -16 -17 -2147483648 -2147483648 10 -11 -2147483648 -2147483648 -2147483648 -2147483648 -2147483648 -2147483648 -2147483648 -2147483648 -2147483648 -2147483648 -2147483648 -2147483648 -2147483648 -2147483648 -2147483648 -2147483648 -2147483648 -2147483648 -2147483648 -2147483648 -2147483648 -2147483648 -2147483648 -2147483648 -2147483648 -2147483648 -2147483648 -2147483648 -2147483648 -2147483648 -2147483648 -2147483648 -2147483648 -2147483648 -2147483648 -2147483648 -2147483648 -2147483648 -2147483648 -2147483648 -2147483648 -2147483648 -2147483648 -2147483648 -2147483648 -2147483648 -2147483648 -2147483648 -2147483648 -2147483648 -2147483648 -2147483648 -2147483648 -2147483648 -2147483648 -2147483648 -2147483648 -2147483648 -2147483648 -2147483648 -2147483648 -2147483648 -2147483648 -2147483648 -2147483648 -2147483648 -2147483648 -2147483648 -2147483648 -2147483648 -2147483648 -2147483648 -2147483648 -2147483648 -2147483648 -2147483648 -2147483648 -2147483648 -2147483648 -2147483648 -2147483648 -2147483648 -2147483648 -2147483648 -2147483648 -2147483648 -2147483648 -2147483648 -2147483648 -2147483648 -2147483648 -2147483648 -2147483648 -2147483648 -2147483648 -2147483648 -2147483648 -2147483648 -2147483648 -2147483648 -2147483648 -2147483648 -2147483648 -2147483648 -2147483648 -2147483648 -2147483648 -2147483648 -2147483648 -2147483648 -2147483648 -2147483648 -2147483648 -2147483648 -2147483648 -2147483648 -2147483648 -2147483648 -2147483648 -2147483648 -10 -12 -2147483648 -2147483648 -2147483648 -2147483648 -2147483648 -2147483648 -2147483648 -2147483648 -2147483648 -2147483648
split_feature= 8 20 19 7 4 10 9 13 21 3 2 21 12 1 17 19
split_gain= 369.262 192.818 190.665 134.621 38.9929 33.8673 23.0885 19.1474 14.5295 28.5019 12.9874 2.81582 4.10606 3.97892 1.36598 22.0975
threshold= 3.5000000000000004 3.5000000000000004 1.5000000000000002 1.0000000180025095e-35 4.5000000000000009 1.0000000180025095e-35 1.0000000180025095e-35 1.5000000000000002 1.5000000000000002 1.0000000180025095e-35 8.5000000000000018 4.5000000000000009 1.0000000180025095e-35 1.5000000000000002 1.5000000000000002 6.5000000000000009
decision_type= 2 2 2 2 2 2 2 2 2 2 2 2 2 2 2 2
left_child=1 5 4 7 -2 -1 8 -4 -5 10 -10 12 -3 -13 -9 -16
right_child=2 11 3 6 -6 -7 -8 14 9 -11 -12 13 -14 -15 15 -17
leaf_value= 0.11784687452276783 0.11784687452276783 -0.0013186816803016483 0.11784687452276783 0.11857038910500804 -0.11648097729749039 -0.11648097729749039 -0.11648097729749039 -0.11648097729749039 -0.12294671671901324 0.117708294105995 0.18743277368081201 -0.11648097729749039 0.11784687452276783 0.11784687452276779 0.11784687452276783 -0.11648097729749039
leaf_weight=7.4533958137035361 65.666987255215645 4.2383979558944693 3.9837115556001654 30.6565892547369 8.3815043270587903 50.774910271167755 8.3815043270587903 293.83853575587273 13.060275807976721 14.314645051956177 1.7421326637268073 1.9435372352600087 272.0489472001791 2.3131228387355804 5.0117661505937567 33.283075153827667
leaf_count=58 511 17 31 233 69 418 69 2419 91 112 7 16 2117 18 39 274
model_size=1824
internal_value=0 0.0798908 -0.0569002 -0.0840496 0.0913234 -0.0864863 0.0449628 -0.11021 0.0676005 0.0139357 -0.0864174 0.114423 0.116019 0.0108557 -0.112945 -0.0858138
internal_weight=0 338.772 478.321 404.272 74.0485 58.2283 68.1551 336.117 59.7736 29.1171 14.8024 280.544 276.287 4.25666 332.133 38.2948
internal_count=6499 2644 3855 3275 580 476 512 2763 443 210 98 2168 2134 34 2732 313
is_linear=0
shrinkage=0.1


Tree=13
num_leaves= 17
num_cat= 0
full_tree_array_lgbids= 0 1 2 5 11 4 3 -1 -7 12 13 -2 -6 7 6 -2147483648 -2147483648 -2147483648 -2147483648 -3 -14 -13 -15 -2147483648 -2147483648 -2147483648 -2147483648 -4 14 8 -8 -2147483648 -2147483648 -2147483648 -2147483648 -2147483648 -2147483648 -2147483648 -2147483648 -2147483648 -2147483648 -2147483648 -2147483648 -2147483648 -2147483648 -2147483648 -2147483648 -2147483648 -2147483648 -2147483648 -2147483648 -2147483648 -2147483648 -2147483648 -2147483648 -2147483648 -2147483648 -9 15 -5 9 -2147483648 -2147483648 -2147483648 -2147483648 -2147483648 -2147483648 -2147483648 -2147483648 -2147483648 -2147483648 -2147483648 -2147483648 -2147483648 -2147483648 -2147483648 -2147483648 -2147483648 -2147483648 -2147483648 -2147483648 -2147483648 -2147483648 -2147483648 -2147483648 -2147483648 -2147483648 -2147483648 -2147483648 -2147483648 -2147483648 -2147483648 -2147483648 -2147483648 -2147483648 -2147483648 -2147483648 -2147483648 -2147483648 -2147483648 -2147483648 -2147483648 -2147483648 -2147483648 -2147483648 -2147483648 -2147483648 -2147483648 -2147483648 -2147483648 -2147483648 -2147483648 -2147483648 -2147483648 -2147483648 -2147483648 -2147483648 -16 -17 -2147483648 -2147483648 10 -11 -2147483648 -2147483648 -2147483648 -2147483648 -2147483648 -2147483648 -2147483648 -2147483648 -2147483648 -2147483648 -2147483648 -2147483648 -2147483648 -2147483648 -2147483648 -2147483648 -2147483648 -2147483648 -2147483648 -2147483648 -2147483648 -2147483648 -2147483648 -2147483648 -2147483648 -2147483648 -2147483648 -2147483648 -2147483648 -2147483648 -2147483648 -2147483648 -2147483648 -2147483648 -2147483648 -2147483648 -2147483648 -2147483648 -2147483648 -2147483648 -2147483648 -2147483648 -2147483648 -2147483648 -2147483648 -2147483648 -2147483648 -2147483648 -2147483648 -2147483648 -2147483648 -2147483648 -2147483648 -2147483648 -2147483648 -2147483648 -2147483648 -2147483648 -2147483648 -2147483648 -2147483648 -2147483648 -2147483648 -2147483648 -2147483648 -2147483648 -2147483648 -2147483648 -2147483648 -2147483648 -2147483648 -2147483648 -2147483648 -2147483648 -2147483648 -2147483648 -2147483648 -2147483648 -2147483648 -2147483648 -2147483648 -2147483648 -2147483648 -2147483648 -2147483648 -2147483648 -2147483648 -2147483648 -2147483648 -2147483648 -2147483648 -2147483648 -2147483648 -2147483648 -2147483648 -2147483648 -2147483648 -2147483648 -2147483648 -2147483648 -2147483648 -2147483648 -2147483648 -2147483648 -2147483648 -2147483648 -2147483648 -2147483648 -2147483648 -2147483648 -2147483648 -2147483648 -2147483648 -2147483648 -2147483648 -2147483648 -2147483648 -2147483648 -2147483648 -2147483648 -10 -12 -2147483648 -2147483648 -2147483648 -2147483648 -2147483648 -2147483648 -2147483648 -2147483648 -2147483648 -2147483648
split_feature= 8 20 19 7 4 10 9 13 21 3 2 12 1 21 17 19
split_gain= 327.811 170.854 169.239 119.578 34.338 29.8109 20.1619 16.7146 12.6407 24.9157 10.8681 2.44445 15.5781 3.93211 0.893412 19.3377
threshold= 3.5000000000000004 3.5000000000000004 1.5000000000000002 1.0000000180025095e-35 4.5000000000000009 1.0000000180025095e-35 1.0000000180025095e-35 1.5000000000000002 1.5000000000000002 1.0000000180025095e-35 8.5000000000000018 1.0000000180025095e-35 2.5000000000000004 4.5000000000000009 1.5000000000000002 6.5000000000000009
decision_type= 2 2 2 2 2 2 2 2 2 2 2 2 2 2 2 2
left_child=1 5 4 7 -2 -1 8 -4 -5 10 -10 12 -3 -13 -9 -16
right_child=2 11 3 6 -6 -7 -8 14 9 -11 -12 13 -14 -15 15 -17
leaf_value= 0.11586288176687953 0.11586288176687953 0.17802489741405325 0.11586288176687953 0.11649689931399348 -0.11466884050498732 -0.11466884050498732 -0.11466884050498732 -0.11466884050498732 -0.1203531979913639 0.11574188153755477 0.17248918790366261 0.11586288176687953 -0.18995054229893427 -0.028597349999901392 0.11586288176687953 -0.11466884050498732
leaf_weight=6.8536426723003379 60.382955268025398 3.0578982084989539 3.6631538420915595 28.207487918436527 7.6975774168968192 46.631700873374939 7.6975774168968192 269.86144596338272 12.058919340372084 13.161142349243164 1.7054834812879569 250.15795753896236 2.2437021732330322 2.8484417647123328 4.6084838658571234 30.567191481590271
leaf_count=58 511 17 31 233 69 418 69 2419 91 112 7 2117 9 25 39 274
model_size=1824
internal_value=0 0.0784739 -0.0559776 -0.08269 0.0897976 -0.0851284 0.0440797 -0.108492 0.0662439 0.0135984 -0.0840685 0.112349 0.0222932 0.114236 -0.111186 -0.0844661
internal_weight=0 311.793 439.611 371.531 68.0805 53.4853 62.8306 308.7 55.133 26.9255 13.7644 258.308 5.3016 253.006 305.037 35.1757
internal_count=6499 2644 3855 3275 580 476 512 2763 443 210 98 2168 26 2142 2732 313
is_linear=0
shrinkage=0.1


Tree=14
num_leaves= 18
num_cat= 0
full_tree_array_lgbids= 0 1 2 5 11 4 3 -1 -7 12 13 -2 -6 7 6 -2147483648 -2147483648 -2147483648 -2147483648 -3 -14 -13 14 -2147483648 -2147483648 -2147483648 -2147483648 -4 15 8 -8 -2147483648 -2147483648 -2147483648 -2147483648 -2147483648 -2147483648 -2147483648 -2147483648 -2147483648 -2147483648 -2147483648 -2147483648 -2147483648 -2147483648 -15 -16 -2147483648 -2147483648 -2147483648 -2147483648 -2147483648 -2147483648 -2147483648 -2147483648 -2147483648 -2147483648 -9 16 -5 9 -2147483648 -2147483648 -2147483648 -2147483648 -2147483648 -2147483648 -2147483648 -2147483648 -2147483648 -2147483648 -2147483648 -2147483648 -2147483648 -2147483648 -2147483648 -2147483648 -2147483648 -2147483648 -2147483648 -2147483648 -2147483648 -2147483648 -2147483648 -2147483648 -2147483648 -2147483648 -2147483648 -2147483648 -2147483648 -2147483648 -2147483648 -2147483648 -2147483648 -2147483648 -2147483648 -2147483648 -2147483648 -2147483648 -2147483648 -2147483648 -2147483648 -2147483648 -2147483648 -2147483648 -2147483648 -2147483648 -2147483648 -2147483648 -2147483648 -2147483648 -2147483648 -2147483648 -2147483648 -2147483648 -2147483648 -2147483648 -17 -18 -2147483648 -2147483648 10 -11 -2147483648 -2147483648 -2147483648 -2147483648 -2147483648 -2147483648 -2147483648 -2147483648 -2147483648 -2147483648 -2147483648 -2147483648 -2147483648 -2147483648 -2147483648 -2147483648 -2147483648 -2147483648 -2147483648 -2147483648 -2147483648 -2147483648 -2147483648 -2147483648 -2147483648 -2147483648 -2147483648 -2147483648 -2147483648 -2147483648 -2147483648 -2147483648 -2147483648 -2147483648 -2147483648 -2147483648 -2147483648 -2147483648 -2147483648 -2147483648 -2147483648 -2147483648 -2147483648 -2147483648 -2147483648 -2147483648 -2147483648 -2147483648 -2147483648 -2147483648 -2147483648 -2147483648 -2147483648 -2147483648 -2147483648 -2147483648 -2147483648 -2147483648 -2147483648 -2147483648 -2147483648 -2147483648 -2147483648 -2147483648 -2147483648 -2147483648 -2147483648 -2147483648 -2147483648 -2147483648 -2147483648 -2147483648 -2147483648 -2147483648 -2147483648 -2147483648 -2147483648 -2147483648 -2147483648 -2147483648 -2147483648 -2147483648 -2147483648 -2147483648 -2147483648 -2147483648 -2147483648 -2147483648 -2147483648 -2147483648 -2147483648 -2147483648 -2147483648 -2147483648 -2147483648 -2147483648 -2147483648 -2147483648 -2147483648 -2147483648 -2147483648 -2147483648 -2147483648 -2147483648 -2147483648 -2147483648 -2147483648 -2147483648 -2147483648 -2147483648 -2147483648 -2147483648 -2147483648 -2147483648 -2147483648 -2147483648 -2147483648 -2147483648 -2147483648 -2147483648 -10 -12 -2147483648 -2147483648 -2147483648 -2147483648 -2147483648 -2147483648 -2147483648 -2147483648 -2147483648 -2147483648
split_feature= 8 20 19 7 4 10 9 13 21 3 2 12 1 21 1 17 19
split_gain= 291.42 151.525 150.447 106.34 30.2335 26.2242 17.5779 14.5506 10.9449 21.7666 9.08914 2.11947 12.6194 3.4 1.47415 0.447411 16.8874
threshold= 3.5000000000000004 3.5000000000000004 1.5000000000000002 1.0000000180025095e-35 4.5000000000000009 1.0000000180025095e-35 1.0000000180025095e-35 1.5000000000000002 1.5000000000000002 1.0000000180025095e-35 8.5000000000000018 1.0000000180025095e-35 2.5000000000000004 4.5000000000000009 1.5000000000000002 1.5000000000000002 6.5000000000000009
decision_type= 2 2 2 2 2 2 2 2 2 2 2 2 2 2 2 2 2
left_child=1 5 4 7 -2 -1 8 -4 -5 10 -10 12 -3 -13 -15 -9 -17
right_child=2 11 3 6 -6 -7 -8 15 9 -11 -12 13 -14 14 -16 16 -18
leaf_value= 0.11412744279391081 0.11412744279391081 0.16767966274750057 0.11412744279391081 0.11468510718307981 -0.11307963800542431 -0.11307963800542431 -0.11307963800542431 -0.11307963800542431 -0.11809445395840464 0.11402136962574623 0.16100453604821652 0.11412744279391081 -0.17438910279418715 -0.11425529309140828 0.11632307232894823 0.11412744279391081 -0.11307963800542431
leaf_weight=6.2908793091773978 55.424815982580185 2.9285820424556723 3.3623665273189536 25.905645206570625 7.0579090341925612 42.756608352065086 7.0579090341925612 247.43597034364939 11.109291478991507 12.079141616821289 1.6473426520824439 229.61709478497505 2.2014718651771545 1.7472034692764273 1.0857069119811058 4.2300740182399741 28.027059063315392
leaf_count=58 511 17 31 233 69 418 69 2419 91 112 7 2117 9 16 9 39 274
model_size=1936
internal_value=0 0.077182 -0.0551695 -0.0814989 0.0884626 -0.0839378 0.0433128 -0.106985 0.0650663 0.01331 -0.0820527 0.110445 0.0208869 0.112421 -0.0258866 -0.109643 -0.0832846
internal_weight=0 286.628 403.338 340.855 62.4827 49.0475 57.7993 283.055 50.7414 24.8358 12.7566 237.58 5.13005 232.45 2.83291 279.693 32.2571
internal_count=6499 2644 3855 3275 580 476 512 2763 443 210 98 2168 26 2142 25 2732 313
is_linear=0
shrinkage=0.1


Tree=15
num_leaves= 18
num_cat= 0
full_tree_array_lgbids= 0 1 2 5 11 4 3 -1 -7 12 13 -2 -6 7 6 -2147483648 -2147483648 -2147483648 -2147483648 -3 -14 -13 14 -2147483648 -2147483648 -2147483648 -2147483648 -4 15 8 -8 -2147483648 -2147483648 -2147483648 -2147483648 -2147483648 -2147483648 -2147483648 -2147483648 -2147483648 -2147483648 -2147483648 -2147483648 -2147483648 -2147483648 -15 -16 -2147483648 -2147483648 -2147483648 -2147483648 -2147483648 -2147483648 -2147483648 -2147483648 -2147483648 -2147483648 -9 16 -5 9 -2147483648 -2147483648 -2147483648 -2147483648 -2147483648 -2147483648 -2147483648 -2147483648 -2147483648 -2147483648 -2147483648 -2147483648 -2147483648 -2147483648 -2147483648 -2147483648 -2147483648 -2147483648 -2147483648 -2147483648 -2147483648 -2147483648 -2147483648 -2147483648 -2147483648 -2147483648 -2147483648 -2147483648 -2147483648 -2147483648 -2147483648 -2147483648 -2147483648 -2147483648 -2147483648 -2147483648 -2147483648 -2147483648 -2147483648 -2147483648 -2147483648 -2147483648 -2147483648 -2147483648 -2147483648 -2147483648 -2147483648 -2147483648 -2147483648 -2147483648 -2147483648 -2147483648 -2147483648 -2147483648 -2147483648 -2147483648 -17 -18 -2147483648 -2147483648 10 -11 -2147483648 -2147483648 -2147483648 -2147483648 -2147483648 -2147483648 -2147483648 -2147483648 -2147483648 -2147483648 -2147483648 -2147483648 -2147483648 -2147483648 -2147483648 -2147483648 -2147483648 -2147483648 -2147483648 -2147483648 -2147483648 -2147483648 -2147483648 -2147483648 -2147483648 -2147483648 -2147483648 -2147483648 -2147483648 -2147483648 -2147483648 -2147483648 -2147483648 -2147483648 -2147483648 -2147483648 -2147483648 -2147483648 -2147483648 -2147483648 -2147483648 -2147483648 -2147483648 -2147483648 -2147483648 -2147483648 -2147483648 -2147483648 -2147483648 -2147483648 -2147483648 -2147483648 -2147483648 -2147483648 -2147483648 -2147483648 -2147483648 -2147483648 -2147483648 -2147483648 -2147483648 -2147483648 -2147483648 -2147483648 -2147483648 -2147483648 -2147483648 -2147483648 -2147483648 -2147483648 -2147483648 -2147483648 -2147483648 -2147483648 -2147483648 -2147483648 -2147483648 -2147483648 -2147483648 -2147483648 -2147483648 -2147483648 -2147483648 -2147483648 -2147483648 -2147483648 -2147483648 -2147483648 -2147483648 -2147483648 -2147483648 -2147483648 -2147483648 -2147483648 -2147483648 -2147483648 -2147483648 -2147483648 -2147483648 -2147483648 -2147483648 -2147483648 -2147483648 -2147483648 -2147483648 -2147483648 -2147483648 -2147483648 -2147483648 -2147483648 -2147483648 -2147483648 -2147483648 -2147483648 -2147483648 -2147483648 -2147483648 -2147483648 -2147483648 -2147483648 -10 -12 -2147483648 -2147483648 -2147483648 -2147483648 -2147483648 -2147483648 -2147483648 -2147483648 -2147483648 -2147483648
split_feature= 8 20 19 7 4 10 9 13 21 3 2 12 1 21 1 17 19
split_gain= 259.563 134.68 133.898 94.6447 26.5959 23.0365 15.2817 12.6141 9.41425 18.9834 7.56168 1.75582 10.232 2.65488 0.930871 0.0219957 14.6995
threshold= 3.5000000000000004 3.5000000000000004 1.5000000000000002 1.0000000180025095e-35 4.5000000000000009 1.0000000180025095e-35 1.0000000180025095e-35 1.5000000000000002 1.5000000000000002 1.0000000180025095e-35 8.5000000000000018 1.0000000180025095e-35 2.5000000000000004 4.5000000000000009 1.5000000000000002 1.5000000000000002 6.5000000000000009
decision_type= 2 2 2 2 2 2 2 2 2 2 2 2 2 2 2 2 2
left_child=1 5 4 7 -2 -1 8 -4 -5 10 -10 12 -3 -13 -15 -9 -17
right_child=2 11 3 6 -6 -7 -8 15 9 -11 -12 13 -14 14 -16 16 -18
leaf_value= 0.11260371998545887 0.11260371998545887 0.15892116779204271 0.11260371998545887 0.11309581137879035 -0.11168115789146256 -0.11168115789146256 -0.11168115789146256 -0.11168115789146256 -0.11611854332319459 0.11251041394876204 0.15193243951143773 0.11260371998545887 -0.16248460918731719 -0.11271615625474785 0.11453059436226405 0.11260371998545876 -0.11168115789146256
leaf_weight=5.7652898132801047 50.794191285967827 2.7882375642657271 3.0814480036497107 23.752861097455025 6.4621228650212279 39.147353008389473 6.4621228650212279 226.54891609400511 10.214342236518858 11.068895697593689 1.5748375505208976 210.43307818472385 2.1300564408302307 1.6014131307601922 0.99697165936231602 3.8766603916883495 25.661183550953865
leaf_count=58 511 17 31 233 69 418 69 2419 91 112 7 2117 9 16 9 39 274
model_size=1936
internal_value=0 0.0760984 -0.054459 -0.0804519 0.0872902 -0.0828904 0.0426433 -0.10566 0.0640388 0.0130615 -0.0803114 0.108861 0.019724 0.110919 -0.0255241 -0.108286 -0.0822451
internal_weight=0 262.862 369.498 312.241 57.2563 44.9126 53.0731 259.168 46.6109 22.8581 11.7892 217.95 4.91829 213.031 2.59838 256.087 29.5378
internal_count=6499 2644 3855 3275 580 476 512 2763 443 210 98 2168 26 2142 25 2732 313
is_linear=0
shrinkage=0.1


Tree=16
num_leaves= 16
num_cat= 0
full_tree_array_lgbids= 0 1 2 5 11 4 3 -1 -7 12 13 -2 -6 7 6 -2147483648 -2147483648 -2147483648 -2147483648 -3 -14 -13 14 -2147483648 -2147483648 -2147483648 -2147483648 -4 -9 8 -8 -2147483648 -2147483648 -2147483648 -2147483648 -2147483648 -2147483648 -2147483648 -2147483648 -2147483648 -2147483648 -2147483648 -2147483648 -2147483648 -2147483648 -15 -16 -2147483648 -2147483648 -2147483648 -2147483648 -2147483648 -2147483648 -2147483648 -2147483648 -2147483648 -2147483648 -2147483648 -2147483648 -5 9 -2147483648 -2147483648 -2147483648 -2147483648 -2147483648 -2147483648 -2147483648 -2147483648 -2147483648 -2147483648 -2147483648 -2147483648 -2147483648 -2147483648 -2147483648 -2147483648 -2147483648 -2147483648 -2147483648 -2147483648 -2147483648 -2147483648 -2147483648 -2147483648 -2147483648 -2147483648 -2147483648 -2147483648 -2147483648 -2147483648 -2147483648 -2147483648 -2147483648 -2147483648 -2147483648 -2147483648 -2147483648 -2147483648 -2147483648 -2147483648 -2147483648 -2147483648 -2147483648 -2147483648 -2147483648 -2147483648 -2147483648 -2147483648 -2147483648 -2147483648 -2147483648 -2147483648 -2147483648 -2147483648 -2147483648 -2147483648 -2147483648 -2147483648 -2147483648 -2147483648 10 -11 -2147483648 -2147483648 -2147483648 -2147483648 -2147483648 -2147483648 -2147483648 -2147483648 -2147483648 -2147483648 -2147483648 -2147483648 -2147483648 -2147483648 -2147483648 -2147483648 -2147483648 -2147483648 -2147483648 -2147483648 -2147483648 -2147483648 -2147483648 -2147483648 -2147483648 -2147483648 -2147483648 -2147483648 -2147483648 -2147483648 -2147483648 -2147483648 -2147483648 -2147483648 -2147483648 -2147483648 -2147483648 -2147483648 -2147483648 -2147483648 -2147483648 -2147483648 -2147483648 -2147483648 -2147483648 -2147483648 -2147483648 -2147483648 -2147483648 -2147483648 -2147483648 -2147483648 -2147483648 -2147483648 -2147483648 -2147483648 -2147483648 -2147483648 -2147483648 -2147483648 -2147483648 -2147483648 -2147483648 -2147483648 -2147483648 -2147483648 -2147483648 -2147483648 -2147483648 -2147483648 -2147483648 -2147483648 -2147483648 -2147483648 -2147483648 -2147483648 -2147483648 -2147483648 -2147483648 -2147483648 -2147483648 -2147483648 -2147483648 -2147483648 -2147483648 -2147483648 -2147483648 -2147483648 -2147483648 -2147483648 -2147483648 -2147483648 -2147483648 -2147483648 -2147483648 -2147483648 -2147483648 -2147483648 -2147483648 -2147483648 -2147483648 -2147483648 -2147483648 -2147483648 -2147483648 -2147483648 -2147483648 -2147483648 -2147483648 -2147483648 -2147483648 -2147483648 -2147483648 -2147483648 -2147483648 -2147483648 -2147483648 -2147483648 -2147483648 -2147483648 -10 -12 -2147483648 -2147483648 -2147483648 -2147483648 -2147483648 -2147483648 -2147483648 -2147483648 -2147483648 -2147483648
split_feature= 8 20 19 7 4 10 9 13 21 3 2 12 1 21 1
split_gain= 231.472 119.829 119.274 84.2783 23.3564 20.1899 13.2289 10.8713 8.025 16.5087 6.22646 1.35707 8.25992 1.9637 0.418692
threshold= 3.5000000000000004 3.5000000000000004 1.5000000000000002 1.0000000180025095e-35 4.5000000000000009 1.0000000180025095e-35 1.0000000180025095e-35 1.5000000000000002 1.5000000000000002 1.0000000180025095e-35 8.5000000000000018 1.0000000180025095e-35 2.5000000000000004 4.5000000000000009 1.5000000000000002
decision_type= 2 2 2 2 2 2 2 2 2 2 2 2 2 2 2
left_child=1 5 4 7 -2 -1 8 -4 -5 10 -10 12 -3 -13 -15
right_child=2 11 3 6 -6 -7 -8 -9 9 -11 -12 13 -14 14 -16
leaf_value= 0.11126147420147421 0.11126147420147421 0.1514745488932869 0.11126147420147421 0.11169692872822479 -0.11044680992112868 -0.11044680992112868 -0.11044680992112868 -0.10708781982580923 -0.11438339610026194 0.11117915335421805 0.14461237519808121 0.11126147420147421 -0.15311374537038583 -0.11136066726921245 0.1129581580396303
leaf_weight=5.2763521671295157 46.48648202419281 2.640416905283927 2.8201192617416373 21.74782432615757 5.9091660529375067 35.797556668519974 5.9091660529375067 234.17664821445942 9.3753097429871541 10.129321455955505 1.4932841360569007 192.58685410022736 2.0390181094408035 1.4657505750656121 0.91400932520627964
leaf_count=58 511 17 31 233 69 418 69 2732 91 112 7 2117 9 16 9
model_size=1712
internal_value=0 0.0751437 -0.0538325 -0.0795285 0.0862573 -0.0819662 0.0420565 -0.10449 0.0631385 0.0128459 -0.0787988 0.107467 0.0187532 0.109596 -0.0252051
internal_weight=0 240.72 338.047 285.652 52.3956 41.0739 48.6549 236.997 42.7457 20.9979 10.8686 199.646 4.67944 194.967 2.37976
internal_count=6499 2644 3855 3275 580 476 512 2763 443 210 98 2168 26 2142 25
is_linear=0
shrinkage=0.1


Tree=17
num_leaves= 15
num_cat= 0
full_tree_array_lgbids= 0 1 2 5 11 4 3 -1 -7 12 13 -2 -6 7 6 -2147483648 -2147483648 -2147483648 -2147483648 -3 -14 -13 -15 -2147483648 -2147483648 -2147483648 -2147483648 -4 -9 8 -8 -2147483648 -2147483648 -2147483648 -2147483648 -2147483648 -2147483648 -2147483648 -2147483648 -2147483648 -2147483648 -2147483648 -2147483648 -2147483648 -2147483648 -2147483648 -2147483648 -2147483648 -2147483648 -2147483648 -2147483648 -2147483648 -2147483648 -2147483648 -2147483648 -2147483648 -2147483648 -2147483648 -2147483648 -5 9 -2147483648 -2147483648 -2147483648 -2147483648 -2147483648 -2147483648 -2147483648 -2147483648 -2147483648 -2147483648 -2147483648 -2147483648 -2147483648 -2147483648 -2147483648 -2147483648 -2147483648 -2147483648 -2147483648 -2147483648 -2147483648 -2147483648 -2147483648 -2147483648 -2147483648 -2147483648 -2147483648 -2147483648 -2147483648 -2147483648 -2147483648 -2147483648 -2147483648 -2147483648 -2147483648 -2147483648 -2147483648 -2147483648 -2147483648 -2147483648 -2147483648 -2147483648 -2147483648 -2147483648 -2147483648 -2147483648 -2147483648 -2147483648 -2147483648 -2147483648 -2147483648 -2147483648 -2147483648 -2147483648 -2147483648 -2147483648 -2147483648 -2147483648 -2147483648 -2147483648 10 -11 -2147483648 -2147483648 -2147483648 -2147483648 -2147483648 -2147483648 -2147483648 -2147483648 -2147483648 -2147483648 -2147483648 -2147483648 -2147483648 -2147483648 -2147483648 -2147483648 -2147483648 -2147483648 -2147483648 -2147483648 -2147483648 -2147483648 -2147483648 -2147483648 -2147483648 -2147483648 -2147483648 -2147483648 -2147483648 -2147483648 -2147483648 -2147483648 -2147483648 -2147483648 -2147483648 -2147483648 -2147483648 -2147483648 -2147483648 -2147483648 -2147483648 -2147483648 -2147483648 -2147483648 -2147483648 -2147483648 -2147483648 -2147483648 -2147483648 -2147483648 -2147483648 -2147483648 -2147483648 -2147483648 -2147483648 -2147483648 -2147483648 -2147483648 -2147483648 -2147483648 -2147483648 -2147483648 -2147483648 -2147483648 -2147483648 -2147483648 -2147483648 -2147483648 -2147483648 -2147483648 -2147483648 -2147483648 -2147483648 -2147483648 -2147483648 -2147483648 -2147483648 -2147483648 -2147483648 -2147483648 -2147483648 -2147483648 -2147483648 -2147483648 -2147483648 -2147483648 -2147483648 -2147483648 -2147483648 -2147483648 -2147483648 -2147483648 -2147483648 -2147483648 -2147483648 -2147483648 -2147483648 -2147483648 -2147483648 -2147483648 -2147483648 -2147483648 -2147483648 -2147483648 -2147483648 -2147483648 -2147483648 -2147483648 -2147483648 -2147483648 -2147483648 -2147483648 -2147483648 -2147483648 -2147483648 -2147483648 -2147483648 -2147483648 -2147483648 -2147483648 -10 -12 -2147483648 -2147483648 -2147483648 -2147483648 -2147483648 -2147483648 -2147483648 -2147483648 -2147483648 -2147483648
split_feature= 8 20 19 7 4 10 9 13 21 3 2 12 1 21
split_gain= 206.232 106.707 105.89 74.5051 20.4737 17.6517 11.3983 9.24151 6.77261 14.3109 5.05734 0.948834 6.61349 1.33261
threshold= 3.5000000000000004 3.5000000000000004 1.5000000000000002 1.0000000180025095e-35 4.5000000000000009 1.0000000180025095e-35 1.0000000180025095e-35 1.5000000000000002 1.5000000000000002 1.0000000180025095e-35 8.5000000000000018 1.0000000180025095e-35 2.5000000000000004 4.5000000000000009
decision_type= 2 2 2 2 2 2 2 2 2 2 2 2 2 2
left_child=1 5 4 7 -2 -1 8 -4 -5 10 -10 12 -3 -13
right_child=2 11 3 6 -6 -7 -8 -9 9 -11 -12 13 -14 -15
leaf_value= 0.1100756958889617 0.1100756958889617 0.14511605384181478 0.1100756958889617 0.11046197009015246 -0.10935442392955622 -0.10935442392955622 -0.10935442392955622 -0.10540353510356544 -0.11285458569186646 0.11000286796422667 0.13860566985808062 0.1100756958889617 -0.14557328904845077 -0.024923678707633682
leaf_weight=4.8230335712432852 42.492588877677917 2.4883524775505057 2.5778282880783072 19.886961922049522 5.397508665919303 32.697951048612595 5.397508665919303 215.1065604314208 8.5921464934945089 9.258371114730835 1.4066533148288733 176.04072535037994 1.9354837685823438 2.1767026856541625
leaf_count=58 511 17 31 233 69 418 69 2732 91 112 7 2117 9 25
model_size=1600
internal_value=0 0.0743004 -0.0530505 -0.0783254 0.0853446 -0.0811484 0.0415401 -0.102852 0.0623467 0.0126578 -0.0774786 0.106235 0.0179358 0.108427
internal_weight=0 220.162 310.116 262.226 47.8901 37.521 44.5416 217.684 39.1441 19.2572 9.9988 182.641 4.42384 178.217
internal_count=6499 2644 3855 3275 580 476 512 2763 443 210 98 2168 26 2142
is_linear=0
shrinkage=0.1


Tree=18
num_leaves= 17
num_cat= 0
full_tree_array_lgbids= 0 1 2 5 11 4 3 -1 -7 12 13 -2 -6 7 6 -2147483648 -2147483648 -2147483648 -2147483648 -3 -14 -13 -15 -2147483648 -2147483648 -2147483648 -2147483648 -4 14 8 -8 -2147483648 -2147483648 -2147483648 -2147483648 -2147483648 -2147483648 -2147483648 -2147483648 -2147483648 -2147483648 -2147483648 -2147483648 -2147483648 -2147483648 -2147483648 -2147483648 -2147483648 -2147483648 -2147483648 -2147483648 -2147483648 -2147483648 -2147483648 -2147483648 -2147483648 -2147483648 -9 15 -5 9 -2147483648 -2147483648 -2147483648 -2147483648 -2147483648 -2147483648 -2147483648 -2147483648 -2147483648 -2147483648 -2147483648 -2147483648 -2147483648 -2147483648 -2147483648 -2147483648 -2147483648 -2147483648 -2147483648 -2147483648 -2147483648 -2147483648 -2147483648 -2147483648 -2147483648 -2147483648 -2147483648 -2147483648 -2147483648 -2147483648 -2147483648 -2147483648 -2147483648 -2147483648 -2147483648 -2147483648 -2147483648 -2147483648 -2147483648 -2147483648 -2147483648 -2147483648 -2147483648 -2147483648 -2147483648 -2147483648 -2147483648 -2147483648 -2147483648 -2147483648 -2147483648 -2147483648 -2147483648 -2147483648 -2147483648 -2147483648 -16 -17 -2147483648 -2147483648 10 -11 -2147483648 -2147483648 -2147483648 -2147483648 -2147483648 -2147483648 -2147483648 -2147483648 -2147483648 -2147483648 -2147483648 -2147483648 -2147483648 -2147483648 -2147483648 -2147483648 -2147483648 -2147483648 -2147483648 -2147483648 -2147483648 -2147483648 -2147483648 -2147483648 -2147483648 -2147483648 -2147483648 -2147483648 -2147483648 -2147483648 -2147483648 -2147483648 -2147483648 -2147483648 -2147483648 -2147483648 -2147483648 -2147483648 -2147483648 -2147483648 -2147483648 -2147483648 -2147483648 -2147483648 -2147483648 -2147483648 -2147483648 -2147483648 -2147483648 -2147483648 -2147483648 -2147483648 -2147483648 -2147483648 -2147483648 -2147483648 -2147483648 -2147483648 -2147483648 -2147483648 -2147483648 -2147483648 -2147483648 -2147483648 -2147483648 -2147483648 -2147483648 -2147483648 -2147483648 -2147483648 -2147483648 -2147483648 -2147483648 -2147483648 -2147483648 -2147483648 -2147483648 -2147483648 -2147483648 -2147483648 -2147483648 -2147483648 -2147483648 -2147483648 -2147483648 -2147483648 -2147483648 -2147483648 -2147483648 -2147483648 -2147483648 -2147483648 -2147483648 -2147483648 -2147483648 -2147483648 -2147483648 -2147483648 -2147483648 -2147483648 -2147483648 -2147483648 -2147483648 -2147483648 -2147483648 -2147483648 -2147483648 -2147483648 -2147483648 -2147483648 -2147483648 -2147483648 -2147483648 -2147483648 -2147483648 -2147483648 -2147483648 -2147483648 -2147483648 -2147483648 -10 -12 -2147483648 -2147483648 -2147483648 -2147483648 -2147483648 -2147483648 -2147483648 -2147483648 -2147483648 -2147483648
split_feature= 8 20 19 7 4 10 9 13 21 3 20 12 1 21 17 19
split_gain= 183.755 94.9969 93.995 65.7868 17.9161 15.3969 9.77539 7.78773 5.65551 12.3671 4.03927 0.545677 5.23444 0.958007 0.44856 14.3233
threshold= 3.5000000000000004 3.5000000000000004 1.5000000000000002 1.0000000180025095e-35 4.5000000000000009 1.0000000180025095e-35 1.0000000180025095e-35 1.5000000000000002 1.5000000000000002 1.0000000180025095e-35 3.5000000000000004 1.0000000180025095e-35 2.5000000000000004 4.5000000000000009 1.5000000000000002 6.5000000000000009
decision_type= 2 2 2 2 2 2 2 2 2 2 2 2 2 2 2 2
left_child=1 5 4 7 -2 -1 8 -4 -5 10 -10 12 -3 -13 -9 -16
right_child=2 11 3 6 -6 -7 -8 14 9 -11 -12 13 -14 -15 15 -17
leaf_value= 0.10902547451640709 0.10902547451640709 0.13966310377231403 0.10902547451640709 0.10936885687081505 -0.10838542814819269 -0.10838542814819269 -0.10838542814819269 -0.10844695164944303 0.13360898226863058 0.10896088699216877 -0.11150363169842879 0.10902547451640709 -0.13939932361878057 -0.022544864183366542 0.11392770090517067 -0.10844695164944303
leaf_weight=4.4039455801248542 38.800279162824154 2.33487445116043 2.3538329824805251 18.165100440382957 4.9252953529357901 29.837296485900879 4.9252953529357901 173.74039790779352 1.3178987801074979 8.4533276557922363 7.863856628537178 160.74401367455721 1.8247776031494138 2.1663187816739073 4.184901304543021 19.679565533995628
leaf_count=58 511 17 31 233 69 418 69 2419 7 112 91 2117 9 25 39 274
model_size=1824
internal_value=0 0.0734896 -0.0522937 -0.0771518 0.0845361 -0.0804231 0.0410844 -0.101233 0.0616481 0.0124931 -0.0763215 0.105034 0.0172426 0.107276 -0.103737 -0.0694511
internal_weight=0 201.311 284.41 240.684 43.7256 34.2412 40.7255 199.959 35.8002 17.6351 9.18176 167.07 4.15965 162.91 197.605 23.8645
internal_count=6499 2644 3855 3275 580 476 512 2763 443 210 98 2168 26 2142 2732 313
is_linear=0
shrinkage=0.1


Tree=19
num_leaves= 15
num_cat= 0
full_tree_array_lgbids= 0 1 2 5 11 4 3 -1 -7 12 13 -2 -6 7 6 -2147483648 -2147483648 -2147483648 -2147483648 -3 -14 -13 -15 -2147483648 -2147483648 -2147483648 -2147483648 -4 -9 8 -8 -2147483648 -2147483648 -2147483648 -2147483648 -2147483648 -2147483648 -2147483648 -2147483648 -2147483648 -2147483648 -2147483648 -2147483648 -2147483648 -2147483648 -2147483648 -2147483648 -2147483648 -2147483648 -2147483648 -2147483648 -2147483648 -2147483648 -2147483648 -2147483648 -2147483648 -2147483648 -2147483648 -2147483648 -5 9 -2147483648 -2147483648 -2147483648 -2147483648 -2147483648 -2147483648 -2147483648 -2147483648 -2147483648 -2147483648 -2147483648 -2147483648 -2147483648 -2147483648 -2147483648 -2147483648 -2147483648 -2147483648 -2147483648 -2147483648 -2147483648 -2147483648 -2147483648 -2147483648 -2147483648 -2147483648 -2147483648 -2147483648 -2147483648 -2147483648 -2147483648 -2147483648 -2147483648 -2147483648 -2147483648 -2147483648 -2147483648 -2147483648 -2147483648 -2147483648 -2147483648 -2147483648 -2147483648 -2147483648 -2147483648 -2147483648 -2147483648 -2147483648 -2147483648 -2147483648 -2147483648 -2147483648 -2147483648 -2147483648 -2147483648 -2147483648 -2147483648 -2147483648 -2147483648 -2147483648 10 -11 -2147483648 -2147483648 -2147483648 -2147483648 -2147483648 -2147483648 -2147483648 -2147483648 -2147483648 -2147483648 -2147483648 -2147483648 -2147483648 -2147483648 -2147483648 -2147483648 -2147483648 -2147483648 -2147483648 -2147483648 -2147483648 -2147483648 -2147483648 -2147483648 -2147483648 -2147483648 -2147483648 -2147483648 -2147483648 -2147483648 -2147483648 -2147483648 -2147483648 -2147483648 -2147483648 -2147483648 -2147483648 -2147483648 -2147483648 -2147483648 -2147483648 -2147483648 -2147483648 -2147483648 -2147483648 -2147483648 -2147483648 -2147483648 -2147483648 -2147483648 -2147483648 -2147483648 -2147483648 -2147483648 -2147483648 -2147483648 -2147483648 -2147483648 -2147483648 -2147483648 -2147483648 -2147483648 -2147483648 -2147483648 -2147483648 -2147483648 -2147483648 -2147483648 -2147483648 -2147483648 -2147483648 -2147483648 -2147483648 -2147483648 -2147483648 -2147483648 -2147483648 -2147483648 -2147483648 -2147483648 -2147483648 -2147483648 -2147483648 -2147483648 -2147483648 -2147483648 -2147483648 -2147483648 -2147483648 -2147483648 -2147483648 -2147483648 -2147483648 -2147483648 -2147483648 -2147483648 -2147483648 -2147483648 -2147483648 -2147483648 -2147483648 -2147483648 -2147483648 -2147483648 -2147483648 -2147483648 -2147483648 -2147483648 -2147483648 -2147483648 -2147483648 -2147483648 -2147483648 -2147483648 -2147483648 -2147483648 -2147483648 -2147483648 -2147483648 -2147483648 -10 -12 -2147483648 -2147483648 -2147483648 -2147483648 -2147483648 -2147483648 -2147483648 -2147483648 -2147483648 -2147483648
split_feature= 8 20 19 7 4 10 9 13 21 3 2 12 1 21
split_gain= 164.197 84.5801 83.8454 58.5863 15.6121 13.36 8.30339 6.53231 4.62774 10.6137 3.11778 0.130417 4.03795 0.595203
threshold= 3.5000000000000004 3.5000000000000004 1.5000000000000002 1.0000000180025095e-35 4.5000000000000009 1.0000000180025095e-35 1.0000000180025095e-35 1.5000000000000002 1.5000000000000002 1.0000000180025095e-35 8.5000000000000018 1.0000000180025095e-35 2.5000000000000004 4.5000000000000009
decision_type= 2 2 2 2 2 2 2 2 2 2 2 2 2 2
left_child=1 5 4 7 -2 -1 8 -4 -5 10 -10 12 -3 -13
right_child=2 11 3 6 -6 -7 -8 -9 9 -11 -12 13 -14 -15
leaf_value= 0.10809320877587317 0.10809320877587328 0.13496671315732936 0.10809320877587328 0.10839904902884515 -0.1075240907530273 -0.1075240907530273 -0.1075240907530273 -0.10289687419514776 -0.11030677592390961 0.1080358211500748 0.12940558000335012 0.10809320877587328 -0.13427271426751705 -0.020378177883396346
leaf_weight=4.0174633711576488 35.395237632095814 2.1823687925934783 2.1472649052739134 16.575984135270119 4.4904651269316664 27.203107580542564 4.4904651269316664 180.18822547793388 7.1887592300772685 7.7110292911529532 1.2291976511478422 146.63741304725409 1.7108637839555743 2.1574794054031363
leaf_count=58 511 17 31 233 69 418 69 2732 91 112 7 2117 9 25
model_size=1600
internal_value=0 0.072757 -0.0518563 -0.0765065 0.0838183 -0.0797785 0.0406811 -0.100412 0.06103 0.0123482 -0.0753038 0.103946 0.0166506 0.10623
internal_weight=0 183.909 259.417 219.531 39.8857 31.2206 37.1954 182.335 32.705 16.129 8.41796 152.688 3.89323 148.795
internal_count=6499 2644 3855 3275 580 476 512 2763 443 210 98 2168 26 2142
is_linear=0
shrinkage=0.1


Tree=20
num_leaves= 14
num_cat= 0
full_tree_array_lgbids= 0 1 2 5 -3 4 3 -1 -7 -2147483648 -2147483648 -2 -6 7 6 -2147483648 -2147483648 -2147483648 -2147483648 -2147483648 -2147483648 -2147483648 -2147483648 -2147483648 -2147483648 -2147483648 -2147483648 -4 11 8 -8 -2147483648 -2147483648 -2147483648 -2147483648 -2147483648 -2147483648 -2147483648 -2147483648 -2147483648 -2147483648 -2147483648 -2147483648 -2147483648 -2147483648 -2147483648 -2147483648 -2147483648 -2147483648 -2147483648 -2147483648 -2147483648 -2147483648 -2147483648 -2147483648 -2147483648 -2147483648 -9 12 -5 9 -2147483648 -2147483648 -2147483648 -2147483648 -2147483648 -2147483648 -2147483648 -2147483648 -2147483648 -2147483648 -2147483648 -2147483648 -2147483648 -2147483648 -2147483648 -2147483648 -2147483648 -2147483648 -2147483648 -2147483648 -2147483648 -2147483648 -2147483648 -2147483648 -2147483648 -2147483648 -2147483648 -2147483648 -2147483648 -2147483648 -2147483648 -2147483648 -2147483648 -2147483648 -2147483648 -2147483648 -2147483648 -2147483648 -2147483648 -2147483648 -2147483648 -2147483648 -2147483648 -2147483648 -2147483648 -2147483648 -2147483648 -2147483648 -2147483648 -2147483648 -2147483648 -2147483648 -2147483648 -2147483648 -2147483648 -2147483648 -13 -14 -2147483648 -2147483648 10 -11 -2147483648 -2147483648 -2147483648 -2147483648 -2147483648 -2147483648 -2147483648 -2147483648 -2147483648 -2147483648 -2147483648 -2147483648 -2147483648 -2147483648 -2147483648 -2147483648 -2147483648 -2147483648 -2147483648 -2147483648 -2147483648 -2147483648 -2147483648 -2147483648 -2147483648 -2147483648 -2147483648 -2147483648 -2147483648 -2147483648 -2147483648 -2147483648 -2147483648 -2147483648 -2147483648 -2147483648 -2147483648 -2147483648 -2147483648 -2147483648 -2147483648 -2147483648 -2147483648 -2147483648 -2147483648 -2147483648 -2147483648 -2147483648 -2147483648 -2147483648 -2147483648 -2147483648 -2147483648 -2147483648 -2147483648 -2147483648 -2147483648 -2147483648 -2147483648 -2147483648 -2147483648 -2147483648 -2147483648 -2147483648 -2147483648 -2147483648 -2147483648 -2147483648 -2147483648 -2147483648 -2147483648 -2147483648 -2147483648 -2147483648 -2147483648 -2147483648 -2147483648 -2147483648 -2147483648 -2147483648 -2147483648 -2147483648 -2147483648 -2147483648 -2147483648 -2147483648 -2147483648 -2147483648 -2147483648 -2147483648 -2147483648 -2147483648 -2147483648 -2147483648 -2147483648 -2147483648 -2147483648 -2147483648 -2147483648 -2147483648 -2147483648 -2147483648 -2147483648 -2147483648 -2147483648 -2147483648 -2147483648 -2147483648 -2147483648 -2147483648 -2147483648 -2147483648 -2147483648 -2147483648 -2147483648 -2147483648 -2147483648 -2147483648 -2147483648 -2147483648 -10 -12 -2147483648 -2147483648 -2147483648 -2147483648 -2147483648 -2147483648 -2147483648 -2147483648 -2147483648 -2147483648
split_feature= 8 20 19 7 4 10 9 13 21 3 20 17 19
split_gain= 146.375 75.3053 74.3604 51.5842 13.5435 11.5277 6.97653 5.32844 3.69228 9.03914 2.29041 0.483825 13.0363
threshold= 3.5000000000000004 3.5000000000000004 1.5000000000000002 1.0000000180025095e-35 4.5000000000000009 1.0000000180025095e-35 1.0000000180025095e-35 1.5000000000000002 1.5000000000000002 1.0000000180025095e-35 3.5000000000000004 1.5000000000000002 6.5000000000000009
decision_type= 2 2 2 2 2 2 2 2 2 2 2 2 2
left_child=1 5 4 7 -2 -1 8 -4 -5 10 -10 -9 -13
right_child=2 -3 3 6 -6 -7 -8 11 9 -11 -12 12 -14
leaf_value= 0.10726401292643045 0.10726401292643054 0.10295443078555824 0.10726401292643054 0.10753687001556499 -0.10675703993551194 -0.10675703993551194 -0.10675703993551194 -0.10683776389818317 0.12583625505612531 0.1072129150869154 -0.10924405234830417 0.11377490689158076 -0.10683776389818317
leaf_weight=3.6618147641420391 32.261850766837597 139.43562349304557 1.9571768566966046 15.112669613212347 4.0908415876328936 24.782199762761593 4.0908415876328936 144.91069070622325 1.1421312391757963 7.0280413627624512 6.5646947771310806 4.1501162722706821 16.414026148617268
leaf_count=58 511 2168 31 233 69 418 69 2419 7 112 91 39 274
model_size=1488
internal_value=0 0.0720911 -0.0511568 -0.0754081 0.0831798 -0.0792045 0.0403233 -0.0988667 0.0604818 0.0122203 -0.0744058 -0.101305 -0.0623152
internal_weight=0 167.88 237.723 201.37 36.3527 28.444 33.9384 167.432 29.8475 14.7349 7.70683 165.475 20.5641
internal_count=6499 2644 3855 3275 580 476 512 2763 443 210 98 2732 313
is_linear=0
shrinkage=0.1


Tree=21
num_leaves= 15
num_cat= 0
full_tree_array_lgbids= 0 1 2 5 11 4 3 -1 -7 12 13 -2 -6 7 6 -2147483648 -2147483648 -2147483648 -2147483648 -3 -14 -13 -15 -2147483648 -2147483648 -2147483648 -2147483648 -4 -9 8 -8 -2147483648 -2147483648 -2147483648 -2147483648 -2147483648 -2147483648 -2147483648 -2147483648 -2147483648 -2147483648 -2147483648 -2147483648 -2147483648 -2147483648 -2147483648 -2147483648 -2147483648 -2147483648 -2147483648 -2147483648 -2147483648 -2147483648 -2147483648 -2147483648 -2147483648 -2147483648 -2147483648 -2147483648 -5 9 -2147483648 -2147483648 -2147483648 -2147483648 -2147483648 -2147483648 -2147483648 -2147483648 -2147483648 -2147483648 -2147483648 -2147483648 -2147483648 -2147483648 -2147483648 -2147483648 -2147483648 -2147483648 -2147483648 -2147483648 -2147483648 -2147483648 -2147483648 -2147483648 -2147483648 -2147483648 -2147483648 -2147483648 -2147483648 -2147483648 -2147483648 -2147483648 -2147483648 -2147483648 -2147483648 -2147483648 -2147483648 -2147483648 -2147483648 -2147483648 -2147483648 -2147483648 -2147483648 -2147483648 -2147483648 -2147483648 -2147483648 -2147483648 -2147483648 -2147483648 -2147483648 -2147483648 -2147483648 -2147483648 -2147483648 -2147483648 -2147483648 -2147483648 -2147483648 -2147483648 10 -11 -2147483648 -2147483648 -2147483648 -2147483648 -2147483648 -2147483648 -2147483648 -2147483648 -2147483648 -2147483648 -2147483648 -2147483648 -2147483648 -2147483648 -2147483648 -2147483648 -2147483648 -2147483648 -2147483648 -2147483648 -2147483648 -2147483648 -2147483648 -2147483648 -2147483648 -2147483648 -2147483648 -2147483648 -2147483648 -2147483648 -2147483648 -2147483648 -2147483648 -2147483648 -2147483648 -2147483648 -2147483648 -2147483648 -2147483648 -2147483648 -2147483648 -2147483648 -2147483648 -2147483648 -2147483648 -2147483648 -2147483648 -2147483648 -2147483648 -2147483648 -2147483648 -2147483648 -2147483648 -2147483648 -2147483648 -2147483648 -2147483648 -2147483648 -2147483648 -2147483648 -2147483648 -2147483648 -2147483648 -2147483648 -2147483648 -2147483648 -2147483648 -2147483648 -2147483648 -2147483648 -2147483648 -2147483648 -2147483648 -2147483648 -2147483648 -2147483648 -2147483648 -2147483648 -2147483648 -2147483648 -2147483648 -2147483648 -2147483648 -2147483648 -2147483648 -2147483648 -2147483648 -2147483648 -2147483648 -2147483648 -2147483648 -2147483648 -2147483648 -2147483648 -2147483648 -2147483648 -2147483648 -2147483648 -2147483648 -2147483648 -2147483648 -2147483648 -2147483648 -2147483648 -2147483648 -2147483648 -2147483648 -2147483648 -2147483648 -2147483648 -2147483648 -2147483648 -2147483648 -2147483648 -2147483648 -2147483648 -2147483648 -2147483648 -2147483648 -2147483648 -10 -12 -2147483648 -2147483648 -2147483648 -2147483648 -2147483648 -2147483648 -2147483648 -2147483648 -2147483648 -2147483648
split_feature= 8 20 19 7 4 10 9 13 21 3 2 12 1 21
split_gain= 130.449 66.623 66.3316 45.893 11.697 9.89062 5.79229 4.31823 2.85386 7.63635 1.55846 0.137966 2.88277 0.671241
threshold= 3.5000000000000004 3.5000000000000004 1.5000000000000002 1.0000000180025095e-35 4.5000000000000009 1.0000000180025095e-35 1.0000000180025095e-35 1.5000000000000002 1.5000000000000002 1.0000000180025095e-35 8.5000000000000018 1.0000000180025095e-35 2.5000000000000004 4.5000000000000009
decision_type= 2 2 2 2 2 2 2 2 2 2 2 2 2 2
left_child=1 5 4 7 -2 -1 8 -4 -5 10 -10 12 -3 -13
right_child=2 11 3 6 -6 -7 -8 -9 9 -11 -12 13 -14 -15
leaf_value= 0.10652517821132974 0.10652517821132985 0.12809926863862417 0.10652517821132985 0.10676897128554258 -0.10607284898161794 -0.10607284898161794 -0.10607284898161794 -0.10063291295050886 -0.10829852687614912 0.10647960881464225 0.12278135927446135 0.10655335640474287 -0.13321598065332749 -0.028242993077248865
leaf_weight=3.3351530358195332 29.383848298341036 1.9185193665325633 1.7825817950069893 13.767828945070509 3.7242023237049571 22.561109729111195 3.7242023237049571 150.67895736545324 5.9891876131296158 6.4007911086082458 1.0578223168849943 122.19417438283563 1.68452288210392 2.1924221068620673
leaf_count=58 511 17 31 233 69 418 69 2732 91 112 7 2117 9 25
model_size=1600
internal_value=0 0.0711033 -0.0508086 -0.0748938 0.0826108 -0.0786926 0.0400052 -0.0982108 0.0599946 0.0121071 -0.0736113 0.101412 0.00592709 0.104177
internal_weight=0 153.886 216.509 183.401 33.1081 25.8963 30.9398 152.462 27.2156 13.4478 7.04701 127.99 3.60304 124.387
internal_count=6499 2644 3855 3275 580 476 512 2763 443 210 98 2168 26 2142
is_linear=0
shrinkage=0.1


Tree=22
num_leaves= 14
num_cat= 0
full_tree_array_lgbids= 0 1 2 5 -3 4 3 -1 -7 -2147483648 -2147483648 -2 -6 7 6 -2147483648 -2147483648 -2147483648 -2147483648 -2147483648 -2147483648 -2147483648 -2147483648 -2147483648 -2147483648 -2147483648 -2147483648 -4 11 8 -8 -2147483648 -2147483648 -2147483648 -2147483648 -2147483648 -2147483648 -2147483648 -2147483648 -2147483648 -2147483648 -2147483648 -2147483648 -2147483648 -2147483648 -2147483648 -2147483648 -2147483648 -2147483648 -2147483648 -2147483648 -2147483648 -2147483648 -2147483648 -2147483648 -2147483648 -2147483648 -9 12 -5 9 -2147483648 -2147483648 -2147483648 -2147483648 -2147483648 -2147483648 -2147483648 -2147483648 -2147483648 -2147483648 -2147483648 -2147483648 -2147483648 -2147483648 -2147483648 -2147483648 -2147483648 -2147483648 -2147483648 -2147483648 -2147483648 -2147483648 -2147483648 -2147483648 -2147483648 -2147483648 -2147483648 -2147483648 -2147483648 -2147483648 -2147483648 -2147483648 -2147483648 -2147483648 -2147483648 -2147483648 -2147483648 -2147483648 -2147483648 -2147483648 -2147483648 -2147483648 -2147483648 -2147483648 -2147483648 -2147483648 -2147483648 -2147483648 -2147483648 -2147483648 -2147483648 -2147483648 -2147483648 -2147483648 -2147483648 -2147483648 -13 -14 -2147483648 -2147483648 10 -11 -2147483648 -2147483648 -2147483648 -2147483648 -2147483648 -2147483648 -2147483648 -2147483648 -2147483648 -2147483648 -2147483648 -2147483648 -2147483648 -2147483648 -2147483648 -2147483648 -2147483648 -2147483648 -2147483648 -2147483648 -2147483648 -2147483648 -2147483648 -2147483648 -2147483648 -2147483648 -2147483648 -2147483648 -2147483648 -2147483648 -2147483648 -2147483648 -2147483648 -2147483648 -2147483648 -2147483648 -2147483648 -2147483648 -2147483648 -2147483648 -2147483648 -2147483648 -2147483648 -2147483648 -2147483648 -2147483648 -2147483648 -2147483648 -2147483648 -2147483648 -2147483648 -2147483648 -2147483648 -2147483648 -2147483648 -2147483648 -2147483648 -2147483648 -2147483648 -2147483648 -2147483648 -2147483648 -2147483648 -2147483648 -2147483648 -2147483648 -2147483648 -2147483648 -2147483648 -2147483648 -2147483648 -2147483648 -2147483648 -2147483648 -2147483648 -2147483648 -2147483648 -2147483648 -2147483648 -2147483648 -2147483648 -2147483648 -2147483648 -2147483648 -2147483648 -2147483648 -2147483648 -2147483648 -2147483648 -2147483648 -2147483648 -2147483648 -2147483648 -2147483648 -2147483648 -2147483648 -2147483648 -2147483648 -2147483648 -2147483648 -2147483648 -2147483648 -2147483648 -2147483648 -2147483648 -2147483648 -2147483648 -2147483648 -2147483648 -2147483648 -2147483648 -2147483648 -2147483648 -2147483648 -2147483648 -2147483648 -2147483648 -2147483648 -2147483648 -2147483648 -10 -12 -2147483648 -2147483648 -2147483648 -2147483648 -2147483648 -2147483648 -2147483648 -2147483648 -2147483648 -2147483648
split_feature= 8 20 19 7 4 10 9 13 21 3 2 17 19
split_gain= 116.243 59.2482 58.7026 40.2207 10.0008 8.38053 4.68826 3.30429 2.05615 6.33897 0.863477 0.54668 11.7422
threshold= 3.5000000000000004 3.5000000000000004 1.5000000000000002 1.0000000180025095e-35 4.5000000000000009 1.0000000180025095e-35 1.0000000180025095e-35 1.5000000000000002 1.5000000000000002 1.0000000180025095e-35 8.5000000000000018 1.5000000000000002 6.5000000000000009
decision_type= 2 2 2 2 2 2 2 2 2 2 2 2 2
left_child=1 5 4 7 -2 -1 8 -4 -5 10 -10 -9 -13
right_child=2 -3 3 6 -6 -7 -8 11 9 -11 -12 12 -14
leaf_value= 0.105865822596505 0.10586582259650511 0.10056564420029999 0.10586582259650512 0.1060839390012901 -0.10546166888562683 -0.10546166888562683 -0.10546166888562683 -0.10555662293482654 -0.10745581447229016 0.10582511908749588 0.12014912330990919 0.1135950603430273 -0.10555662293482654
leaf_weight=3.0356061831116703 26.744737233966593 116.75004646554589 1.6224791668355454 12.533981092274193 3.3883290365338317 20.526399090886116 3.3883290365338317 120.63565444201231 5.4595675691962242 5.8256644606590271 0.97704161703586567 4.1089119091629991 13.664394095540047
leaf_count=58 511 2168 31 233 69 418 69 2419 91 112 7 39 274
model_size=1488
internal_value=0 0.0705404 -0.0501348 -0.0738229 0.082103 -0.0782353 0.0397219 -0.0966764 0.0595608 0.0120067 -0.0729066 -0.0990507 -0.0548922
internal_weight=0 140.312 198.349 168.216 30.1331 23.562 28.1846 140.031 24.7963 12.2623 6.43661 138.409 17.7733
internal_count=6499 2644 3855 3275 580 476 512 2763 443 210 98 2732 313
is_linear=0
shrinkage=0.1


Tree=23
num_leaves= 15
num_cat= 0
full_tree_array_lgbids= 0 2 1 5 11 4 3 -1 -7 12 13 -2 -6 7 6 -2147483648 -2147483648 -2147483648 -2147483648 -4 -14 -13 -15 -2147483648 -2147483648 -2147483648 -2147483648 -3 -9 8 -8 -2147483648 -2147483648 -2147483648 -2147483648 -2147483648 -2147483648 -2147483648 -2147483648 -2147483648 -2147483648 -2147483648 -2147483648 -2147483648 -2147483648 -2147483648 -2147483648 -2147483648 -2147483648 -2147483648 -2147483648 -2147483648 -2147483648 -2147483648 -2147483648 -2147483648 -2147483648 -2147483648 -2147483648 -5 9 -2147483648 -2147483648 -2147483648 -2147483648 -2147483648 -2147483648 -2147483648 -2147483648 -2147483648 -2147483648 -2147483648 -2147483648 -2147483648 -2147483648 -2147483648 -2147483648 -2147483648 -2147483648 -2147483648 -2147483648 -2147483648 -2147483648 -2147483648 -2147483648 -2147483648 -2147483648 -2147483648 -2147483648 -2147483648 -2147483648 -2147483648 -2147483648 -2147483648 -2147483648 -2147483648 -2147483648 -2147483648 -2147483648 -2147483648 -2147483648 -2147483648 -2147483648 -2147483648 -2147483648 -2147483648 -2147483648 -2147483648 -2147483648 -2147483648 -2147483648 -2147483648 -2147483648 -2147483648 -2147483648 -2147483648 -2147483648 -2147483648 -2147483648 -2147483648 -2147483648 10 -11 -2147483648 -2147483648 -2147483648 -2147483648 -2147483648 -2147483648 -2147483648 -2147483648 -2147483648 -2147483648 -2147483648 -2147483648 -2147483648 -2147483648 -2147483648 -2147483648 -2147483648 -2147483648 -2147483648 -2147483648 -2147483648 -2147483648 -2147483648 -2147483648 -2147483648 -2147483648 -2147483648 -2147483648 -2147483648 -2147483648 -2147483648 -2147483648 -2147483648 -2147483648 -2147483648 -2147483648 -2147483648 -2147483648 -2147483648 -2147483648 -2147483648 -2147483648 -2147483648 -2147483648 -2147483648 -2147483648 -2147483648 -2147483648 -2147483648 -2147483648 -2147483648 -2147483648 -2147483648 -2147483648 -2147483648 -2147483648 -2147483648 -2147483648 -2147483648 -2147483648 -2147483648 -2147483648 -2147483648 -2147483648 -2147483648 -2147483648 -2147483648 -2147483648 -2147483648 -2147483648 -2147483648 -2147483648 -2147483648 -2147483648 -2147483648 -2147483648 -2147483648 -2147483648 -2147483648 -2147483648 -2147483648 -2147483648 -2147483648 -2147483648 -2147483648 -2147483648 -2147483648 -2147483648 -2147483648 -2147483648 -2147483648 -2147483648 -2147483648 -2147483648 -2147483648 -2147483648 -2147483648 -2147483648 -2147483648 -2147483648 -2147483648 -2147483648 -2147483648 -2147483648 -2147483648 -2147483648 -2147483648 -2147483648 -2147483648 -2147483648 -2147483648 -2147483648 -2147483648 -2147483648 -2147483648 -2147483648 -2147483648 -2147483648 -2147483648 -2147483648 -10 -12 -2147483648 -2147483648 -2147483648 -2147483648 -2147483648 -2147483648 -2147483648 -2147483648 -2147483648 -2147483648
split_feature= 8 19 20 7 4 10 9 13 21 3 20 12 1 21
split_gain= 103.486 52.2881 52.2418 35.6748 8.48052 7.02584 3.698 2.45649 1.33781 5.17726 0.242848 0.0594683 1.79789 0.690392
threshold= 3.5000000000000004 1.5000000000000002 3.5000000000000004 1.0000000180025095e-35 4.5000000000000009 1.0000000180025095e-35 1.0000000180025095e-35 1.5000000000000002 1.5000000000000002 1.0000000180025095e-35 3.5000000000000004 1.0000000180025095e-35 2.5000000000000004 4.5000000000000009
decision_type= 2 2 2 2 2 2 2 2 2 2 2 2 2 2
left_child=2 4 5 7 -2 -1 8 -3 -5 10 -10 12 -4 -13
right_child=1 3 11 6 -6 -7 -8 -9 9 -11 -12 13 -14 -15
leaf_value= 0.10527657861010012 0.10527657861010026 0.10527657861010027 0.12268487160410201 0.10547193657487529 -0.10491500914327373 -0.10491500914327373 -0.10491500914327373 -0.09850839977133069 0.1178680138940062 0.10524017505070056 -0.10670354308027014 0.10532737764153302 -0.13214898541297676 -0.034953281566953903
leaf_weight=2.7613188400864628 24.328171160072092 1.4758773110806931 1.6689952686429015 11.403661336749797 3.0810463540256015 18.664889506995678 3.0810463540256015 125.89485464245081 0.90028971433639338 5.2990819811820984 4.9730687066912651 101.66035421937704 1.6568457037210464 2.2288365215063086
leaf_count=58 511 31 17 233 69 418 69 2732 7 112 91 2117 9 25
model_size=1600
internal_value=0 -0.0498552 0.0695578 -0.0734092 0.0816491 -0.0778264 0.0394692 -0.0961471 0.0591738 0.0119175 -0.0722804 0.0990115 -0.00426659 0.102318
internal_weight=0 180.437 128.641 153.028 27.4092 21.4262 25.6571 127.371 22.5761 11.1724 5.87336 107.215 3.32584 103.889
internal_count=6499 3855 2644 3275 580 476 512 2763 443 210 98 2168 26 2142
is_linear=0
shrinkage=0.1


Tree=24
num_leaves= 13
num_cat= 0
full_tree_array_lgbids= 0 1 2 5 -3 4 3 -1 -7 -2147483648 -2147483648 -2 -6 7 6 -2147483648 -2147483648 -2147483648 -2147483648 -2147483648 -2147483648 -2147483648 -2147483648 -2147483648 -2147483648 -2147483648 -2147483648 -4 8 10 -8 -2147483648 -2147483648 -2147483648 -2147483648 -2147483648 -2147483648 -2147483648 -2147483648 -2147483648 -2147483648 -2147483648 -2147483648 -2147483648 -2147483648 -2147483648 -2147483648 -2147483648 -2147483648 -2147483648 -2147483648 -2147483648 -2147483648 -2147483648 -2147483648 -2147483648 -2147483648 -9 9 -5 11 -2147483648 -2147483648 -2147483648 -2147483648 -2147483648 -2147483648 -2147483648 -2147483648 -2147483648 -2147483648 -2147483648 -2147483648 -2147483648 -2147483648 -2147483648 -2147483648 -2147483648 -2147483648 -2147483648 -2147483648 -2147483648 -2147483648 -2147483648 -2147483648 -2147483648 -2147483648 -2147483648 -2147483648 -2147483648 -2147483648 -2147483648 -2147483648 -2147483648 -2147483648 -2147483648 -2147483648 -2147483648 -2147483648 -2147483648 -2147483648 -2147483648 -2147483648 -2147483648 -2147483648 -2147483648 -2147483648 -2147483648 -2147483648 -2147483648 -2147483648 -2147483648 -2147483648 -2147483648 -2147483648 -2147483648 -2147483648 -10 -11 -2147483648 -2147483648 -12 -13 -2147483648 -2147483648 -2147483648 -2147483648
split_feature= 8 20 19 7 4 10 9 19 19 4 21 3
split_gain= 92.0957 46.3411 46.1048 31.0443 7.07068 5.76366 2.76314 2.49719 8.5638 1.49947 0.64483 4.07444
threshold= 3.5000000000000004 3.5000000000000004 1.5000000000000002 1.0000000180025095e-35 4.5000000000000009 1.0000000180025095e-35 1.0000000180025095e-35 4.5000000000000009 6.5000000000000009 4.5000000000000009 1.5000000000000002 1.0000000180025095e-35
decision_type= 2 2 2 2 2 2 2 2 2 2 2 2
left_child=1 5 4 7 -2 -1 10 -4 -9 -10 -5 -12
right_child=2 -3 3 6 -6 -7 -8 8 9 -11 11 -13
leaf_value= 0.10474930962181393 0.10474930962181406 0.09827007008207933 -0.1045309133437073 0.10492448350048292 -0.10442548272911378 -0.10442548272911378 -0.10442548272911378 0.11339149317683064 0.10474930962181409 -0.10453091334370729 -0.071722764181273255 0.10471672449831959
leaf_weight=2.5104792863130596 22.118188194930557 97.723378702998161 98.856030881404877 10.369548719376331 2.8002480491995803 16.963821515440941 2.8002480491995803 4.0619327053427705 1.3418078944087017 12.813134875148535 5.3547613285481912 4.8175522685050964
leaf_count=58 511 2168 2384 233 69 418 69 39 31 309 98 112
model_size=1376
internal_value=0 0.0690696 -0.049181 -0.0723264 0.081243 -0.0774603 0.0392433 -0.0945713 -0.0405243 -0.0846923 0.0588281 0.011838
internal_weight=0 117.198 165.333 140.415 24.9184 19.4743 23.3421 117.073 18.2169 14.1549 20.5419 10.1723
internal_count=6499 2644 3855 3275 580 476 512 2763 379 340 443 210
is_linear=0
shrinkage=0.1


Tree=25
num_leaves= 13
num_cat= 0
full_tree_array_lgbids= 0 2 1 5 -4 4 3 -1 -7 -2147483648 -2147483648 -2 -6 7 6 -2147483648 -2147483648 -2147483648 -2147483648 -2147483648 -2147483648 -2147483648 -2147483648 -2147483648 -2147483648 -2147483648 -2147483648 -3 8 10 -8 -2147483648 -2147483648 -2147483648 -2147483648 -2147483648 -2147483648 -2147483648 -2147483648 -2147483648 -2147483648 -2147483648 -2147483648 -2147483648 -2147483648 -2147483648 -2147483648 -2147483648 -2147483648 -2147483648 -2147483648 -2147483648 -2147483648 -2147483648 -2147483648 -2147483648 -2147483648 -9 9 -5 11 -2147483648 -2147483648 -2147483648 -2147483648 -2147483648 -2147483648 -2147483648 -2147483648 -2147483648 -2147483648 -2147483648 -2147483648 -2147483648 -2147483648 -2147483648 -2147483648 -2147483648 -2147483648 -2147483648 -2147483648 -2147483648 -2147483648 -2147483648 -2147483648 -2147483648 -2147483648 -2147483648 -2147483648 -2147483648 -2147483648 -2147483648 -2147483648 -2147483648 -2147483648 -2147483648 -2147483648 -2147483648 -2147483648 -2147483648 -2147483648 -2147483648 -2147483648 -2147483648 -2147483648 -2147483648 -2147483648 -2147483648 -2147483648 -2147483648 -2147483648 -2147483648 -2147483648 -2147483648 -2147483648 -2147483648 -2147483648 -10 -11 -2147483648 -2147483648 -12 -13 -2147483648 -2147483648 -2147483648 -2147483648
split_feature= 8 19 20 7 4 10 9 19 19 4 21 3
split_gain= 81.7517 40.8783 40.6465 27.5019 5.8021 4.62692 1.8792 1.70389 7.12452 0.799451 0.0870593 2.98408
threshold= 3.5000000000000004 1.5000000000000002 3.5000000000000004 1.0000000180025095e-35 4.5000000000000009 1.0000000180025095e-35 1.0000000180025095e-35 4.5000000000000009 6.5000000000000009 4.5000000000000009 1.5000000000000002 1.0000000180025095e-35
decision_type= 2 2 2 2 2 2 2 2 2 2 2 2
left_child=2 4 5 7 -2 -1 10 -3 -9 -10 -5 -12
right_child=1 3 -4 6 -6 -7 -8 8 9 -11 11 -13
leaf_value= 0.1042769941535199 0.10427699415352004 -0.10408122017544962 0.096648211403052908 0.10443420406370685 -0.10398665302316219 -0.10398665302316219 -0.10398665302316219 0.11195593719574129 0.10427699415352006 -0.10408122017544962 -0.067699028039925085 0.10424779079881213
leaf_weight=2.2813395410776165 20.09938802570105 89.815398871898651 89.833590734750032 9.4245564267039352 2.5439163185656062 15.41097132116556 2.5439163185656062 3.7200954928994188 1.2193366512656201 11.641341548413038 5.118391562253235 4.3777095079421997
leaf_count=58 511 2384 2168 233 69 418 69 39 31 309 98 112
model_size=1376
internal_value=0 -0.0488702 0.0680544 -0.071848 0.0808791 -0.077132 0.0386483 -0.0941397 -0.0402882 -0.0843265 0.0578258 0.0115686
internal_weight=0 150.504 107.526 127.861 22.6433 17.6923 21.4646 106.396 16.5808 12.8607 18.9207 9.4961
internal_count=6499 3855 2644 3275 580 476 512 2763 379 340 443 210
is_linear=0
shrinkage=0.1


Tree=26
num_leaves= 13
num_cat= 0
full_tree_array_lgbids= 0 2 1 5 9 4 3 -1 -7 10 -11 -2 -6 7 6 -2147483648 -2147483648 -2147483648 -2147483648 -4 -12 -2147483648 -2147483648 -2147483648 -2147483648 -2147483648 -2147483648 -3 8 -5 -8 -2147483648 -2147483648 -2147483648 -2147483648 -2147483648 -2147483648 -2147483648 -2147483648 -2147483648 -2147483648 -2147483648 -2147483648 -2147483648 -2147483648 -2147483648 -2147483648 -2147483648 -2147483648 -2147483648 -2147483648 -2147483648 -2147483648 -2147483648 -2147483648 -2147483648 -2147483648 -9 11 -2147483648 -2147483648 -2147483648 -2147483648 -2147483648 -2147483648 -2147483648 -2147483648 -2147483648 -2147483648 -2147483648 -2147483648 -2147483648 -2147483648 -2147483648 -2147483648 -2147483648 -2147483648 -2147483648 -2147483648 -2147483648 -2147483648 -2147483648 -2147483648 -2147483648 -2147483648 -2147483648 -2147483648 -2147483648 -2147483648 -2147483648 -2147483648 -2147483648 -2147483648 -2147483648 -2147483648 -2147483648 -2147483648 -2147483648 -2147483648 -2147483648 -2147483648 -2147483648 -2147483648 -2147483648 -2147483648 -2147483648 -2147483648 -2147483648 -2147483648 -2147483648 -2147483648 -2147483648 -2147483648 -2147483648 -2147483648 -2147483648 -2147483648 -10 -13 -2147483648 -2147483648 -2147483648 -2147483648 -2147483648 -2147483648 -2147483648 -2147483648
split_feature= 8 19 20 7 4 10 9 19 19 21 12 4
split_gain= 72.468 36.2022 35.5387 24.3402 4.67636 3.61905 1.09821 1.00049 5.83907 0.318061 1.06033 0.169443
threshold= 3.5000000000000004 1.5000000000000002 3.5000000000000004 1.0000000180025095e-35 4.5000000000000009 1.0000000180025095e-35 1.0000000180025095e-35 4.5000000000000009 6.5000000000000009 4.5000000000000009 1.0000000180025095e-35 4.5000000000000009
decision_type= 2 2 2 2 2 2 2 2 2 2 2 2
left_child=2 4 5 7 -2 -1 -5 -3 -9 10 -4 -10
right_child=1 3 9 6 -6 -7 -8 8 11 -11 -12 -13
leaf_value= 0.10385346582430799 0.10385346582430816 -0.10367779210746796 -0.034565767243241508 0.056776616001436575 -0.10359291491265815 -0.10359291491265815 -0.10359291491265815 0.11068961212061595 0.10385346582430817 -0.034870474417332598 0.10394563903644467 -0.10367779210746796
leaf_weight=2.0722302719950703 18.257063258439306 81.568434536457062 2.8137786686420432 17.448603328317407 2.3101333491504183 13.994720868766306 2.3101333491504183 3.4026149511337254 1.1075713522732247 2.5690766200423232 77.308369547128677 10.572418738156557
leaf_count=58 511 2384 17 443 69 418 69 39 31 34 2117 309
model_size=1376
internal_value=0 -0.0485716 0.0669765 -0.0713853 0.0805528 -0.0768376 0.0380267 -0.0937528 -0.040077 0.0949197 0.0990813 -0.0839984
internal_weight=0 136.977 98.7582 116.41 20.5672 16.067 19.7587 96.651 15.0826 82.6912 80.1221 11.68
internal_count=6499 3855 2644 3275 580 476 512 2763 379 2168 2134 340
is_linear=0
shrinkage=0.1


Tree=27
num_leaves= 11
num_cat= 0
full_tree_array_lgbids= 0 2 1 5 -4 4 3 -1 -7 -2147483648 -2147483648 -2 -6 8 6 -2147483648 -2147483648 -2147483648 -2147483648 -2147483648 -2147483648 -2147483648 -2147483648 -2147483648 -2147483648 -2147483648 -2147483648 -3 9 7 -8 -2147483648 -2147483648 -2147483648 -2147483648 -2147483648 -2147483648 -2147483648 -2147483648 -2147483648 -2147483648 -2147483648 -2147483648 -2147483648 -2147483648 -2147483648 -2147483648 -2147483648 -2147483648 -2147483648 -2147483648 -2147483648 -2147483648 -2147483648 -2147483648 -2147483648 -2147483648 -10 -11 -5 -9 -2147483648 -2147483648
split_feature= 8 19 20 7 4 10 4 20 19 19
split_gain= 64.3208 31.7748 31.2582 21.7182 3.64991 2.69812 0.461356 0.786113 0.350008 4.65944
threshold= 3.5000000000000004 1.5000000000000002 3.5000000000000004 1.0000000180025095e-35 4.5000000000000009 1.0000000180025095e-35 5.5000000000000009 3.5000000000000004 4.5000000000000009 6.5000000000000009
decision_type= 2 2 2 2 2 2 2 2 2 2
left_child=2 4 5 8 -2 -1 7 -5 -3 -10
right_child=1 3 -4 6 -6 -7 -8 -9 9 -11
leaf_value= 0.10347335349041774 0.10347335349041771 -0.10331559215260827 0.093979957975918016 0.10754827542987483 -0.10323934713330028 -0.10323934713330028 0.10359953458203447 -0.039062142300891819 0.10956951757167571 -0.083703725910913365
leaf_weight=1.881568357348441 16.577266044914726 74.051731318235397 75.56472903303802 3.2026438713073739 2.0970889013260594 12.704103779047726 6.673804059624671 9.2004215065389872 3.1086736992001507 10.603813907131553
leaf_count=58 511 2384 2168 72 69 418 199 241 39 340
model_size=1152
internal_value=0 -0.0479814 0.0663857 -0.0703962 0.08026 -0.0765732 0.0354594 -0.00120529 -0.0934055 -0.0398879
internal_weight=0 125.515 90.1504 106.841 18.6744 14.5857 19.0769 12.4031 87.7642 13.7125
internal_count=6499 3855 2644 3275 580 476 512 313 2763 379
is_linear=0
shrinkage=0.1


Tree=28
num_leaves= 9
num_cat= 0
full_tree_array_lgbids= 0 2 1 5 6 4 3 -1 -7 7 -8 -2 -6 -3 -5 -2147483648 -2147483648 -2147483648 -2147483648 -4 -9 -2147483648 -2147483648 -2147483648 -2147483648 -2147483648 -2147483648 -2147483648 -2147483648 -2147483648 -2147483648
split_feature= 8 19 20 7 4 10 21 12
split_gain= 56.5737 27.7617 27.0747 19.1565 2.69635 1.8391 0.257499 1.09861
threshold= 3.5000000000000004 1.5000000000000002 3.5000000000000004 1.0000000180025095e-35 4.5000000000000009 1.0000000180025095e-35 4.5000000000000009 1.0000000180025095e-35
decision_type= 2 2 2 2 2 2 2 2
left_child=2 4 5 -3 -2 -1 7 -4
right_child=1 3 6 -5 -6 -7 -8 -9
leaf_value= 0.10313192461089341 0.10313192461089341 -0.092684102020338222 -0.040430478644406825 0.033960994277436748 -0.10292161391218083 -0.10292161391218094 -0.040340160012010379 0.10323712636388876
leaf_weight=1.7078625038266171 15.046857576817274 80.003183208405972 2.8195434063673011 18.061265768483281 1.9030840359628207 11.528827928006647 2.5993457455188027 64.299746638163924
leaf_count=58 511 2763 17 512 69 418 34 2117
model_size=928
internal_value=0 -0.047348 0.0652018 -0.0693589 0.0799969 -0.0763356 0.0920739 0.0972019
internal_weight=0 115.014 82.9553 98.0644 16.9499 13.2367 69.7186 67.1193
internal_count=6499 3855 2644 3275 580 476 2168 2134
is_linear=0
shrinkage=0.1


Tree=29
num_leaves= 9
num_cat= 0
full_tree_array_lgbids= 0 2 1 5 -4 4 3 -1 -7 -2147483648 -2147483648 -2 -6 6 -5 -2147483648 -2147483648 -2147483648 -2147483648 -2147483648 -2147483648 -2147483648 -2147483648 -2147483648 -2147483648 -2147483648 -2147483648 -3 7 -2147483648 -2147483648 -2147483648 -2147483648 -2147483648 -2147483648 -2147483648 -2147483648 -2147483648 -2147483648 -2147483648 -2147483648 -2147483648 -2147483648 -2147483648 -2147483648 -2147483648 -2147483648 -2147483648 -2147483648 -2147483648 -2147483648 -2147483648 -2147483648 -2147483648 -2147483648 -2147483648 -2147483648 -8 -9 -2147483648 -2147483648 -2147483648 -2147483648
split_feature= 8 19 20 7 4 10 19 10
split_gain= 49.6229 23.7586 23.6627 16.6615 1.86867 1.09621 0.783954 4.1972
threshold= 3.5000000000000004 1.5000000000000002 3.5000000000000004 1.0000000180025095e-35 4.5000000000000009 1.0000000180025095e-35 4.5000000000000009 3.5000000000000004
decision_type= 2 2 2 2 2 2 2 2
left_child=2 4 5 6 -2 -1 -3 -8
right_child=1 3 -4 -5 -6 -7 7 -9
leaf_value= 0.10282502126035142 0.10282502126035142 -0.10272545514220306 0.091120175907004566 0.030885076823188268 -0.10263586569556574 -0.10263586569556582 0.067808797474136373 -0.10277943412154687
leaf_weight=1.5497152991592873 13.653526170179244 61.572837799787521 63.74504766240716 17.883923795074224 1.726531499996782 10.459277782589195 5.2496887631714326 7.130389241501689
leaf_count=58 511 2384 2168 512 69 418 108 271
model_size=928
internal_value=0 -0.0459155 0.0646079 -0.0669626 0.0797604 -0.0761219 -0.090625 -0.0304426
internal_weight=0 107.217 75.754 91.8368 15.3801 12.009 73.9529 12.3801
internal_count=6499 3855 2644 3275 580 476 2763 379
is_linear=0
shrinkage=0.1


Tree=30
num_leaves= 7
num_cat= 0
full_tree_array_lgbids= 0 2 1 -1 -4 3 -3 -2147483648 -2147483648 -2147483648 -2147483648 -2 4 -2147483648 -2147483648 -2147483648 -2147483648 -2147483648 -2147483648 -2147483648 -2147483648 -2147483648 -2147483648 -2147483648 -2147483648 -5 5 -2147483648 -2147483648 -2147483648 -2147483648 -2147483648 -2147483648 -2147483648 -2147483648 -2147483648 -2147483648 -2147483648 -2147483648 -2147483648 -2147483648 -2147483648 -2147483648 -2147483648 -2147483648 -2147483648 -2147483648 -2147483648 -2147483648 -2147483648 -2147483648 -2147483648 -2147483648 -6 -7 -2147483648 -2147483648 -2147483648 -2147483648 -2147483648 -2147483648 -2147483648 -2147483648
split_feature= 4 4 4 19 19 12
split_gain= 43.9799 73.4965 23.4938 2.03654 3.78239 3.39477
threshold= 2.5000000000000004 5.5000000000000009 1.0000000180025095e-35 4.5000000000000009 5.5000000000000009 2.5000000000000004
decision_type= 2 2 2 2 2 2
left_child=2 3 -1 -2 -5 -6
right_child=1 -3 -4 4 5 -7
leaf_value= -0.10256807038039167 -0.1039233833676305 0.10273911385057333 0.10308326320088279 0.10792084520754253 -0.1000556718271261 0.081655951436411162
leaf_weight=7.7255120910704127 63.151519555598497 29.066018553450704 49.161662768572569 3.3776390906423357 13.447180766612293 3.0314589366316786
leaf_count=320 2523 1123 1885 58 516 74
model_size=704
internal_value=0 -0.0384578 0.075155 -0.0878994 -0.036936 -0.0666275
internal_weight=0 112.074 56.8872 83.0078 19.8563 16.4786
internal_count=6499 4294 2205 3171 648 590
is_linear=0
shrinkage=0.1


Tree=31
num_leaves= 7
num_cat= 0
full_tree_array_lgbids= 0 2 1 -1 -4 3 -3 -2147483648 -2147483648 -2147483648 -2147483648 -2 4 -2147483648 -2147483648 -2147483648 -2147483648 -2147483648 -2147483648 -2147483648 -2147483648 -2147483648 -2147483648 -2147483648 -2147483648 -5 5 -2147483648 -2147483648 -2147483648 -2147483648 -2147483648 -2147483648 -2147483648 -2147483648 -2147483648 -2147483648 -2147483648 -2147483648 -2147483648 -2147483648 -2147483648 -2147483648 -2147483648 -2147483648 -2147483648 -2147483648 -2147483648 -2147483648 -2147483648 -2147483648 -2147483648 -2147483648 -6 -7 -2147483648 -2147483648 -2147483648 -2147483648 -2147483648 -2147483648 -2147483648 -2147483648
split_feature= 4 4 4 19 19 12
split_gain= 39.0093 65.5456 20.5757 1.34256 2.7306 2.38682
threshold= 2.5000000000000004 5.5000000000000009 1.0000000180025095e-35 4.5000000000000009 5.5000000000000009 2.5000000000000004
decision_type= 2 2 2 2 2 2
left_child=2 3 -1 -2 -5 -6
right_child=1 -3 -4 4 5 -7
leaf_value= -0.10231788809826106 -0.10358786162248852 0.10247171070058031 0.10278875085697353 0.10711808310044744 -0.099135769193885892 0.077690585200171136
leaf_weight=7.0065543036907902 57.317541923373938 26.365156199783087 44.604277299717069 3.0779471527785072 12.274827627465127 2.8758632075041541
leaf_count=320 2523 1123 1885 58 516 74
model_size=704
internal_value=0 -0.0382633 0.074944 -0.0873789 -0.0364121 -0.0655711
internal_weight=0 101.911 51.6108 75.5462 18.2286 15.1507
internal_count=6499 4294 2205 3171 648 590
is_linear=0
shrinkage=0.1


Tree=32
num_leaves= 7
num_cat= 0
full_tree_array_lgbids= 0 2 1 -1 -4 3 -3 -2147483648 -2147483648 -2147483648 -2147483648 -2 4 -2147483648 -2147483648 -2147483648 -2147483648 -2147483648 -2147483648 -2147483648 -2147483648 -2147483648 -2147483648 -2147483648 -2147483648 -5 5 -2147483648 -2147483648 -2147483648 -2147483648 -2147483648 -2147483648 -2147483648 -2147483648 -2147483648 -2147483648 -2147483648 -2147483648 -2147483648 -2147483648 -2147483648 -2147483648 -2147483648 -2147483648 -2147483648 -2147483648 -2147483648 -2147483648 -2147483648 -2147483648 -2147483648 -2147483648 -6 -7 -2147483648 -2147483648 -2147483648 -2147483648 -2147483648 -2147483648 -2147483648 -2147483648
split_feature= 4 4 4 19 19 12
split_gain= 34.5804 58.4171 17.981 0.756069 1.80234 1.48477
threshold= 2.5000000000000004 5.5000000000000009 1.0000000180025095e-35 4.5000000000000009 5.5000000000000009 2.5000000000000004
decision_type= 2 2 2 2 2 2
left_child=2 3 -1 -2 -5 -6
right_child=1 -3 -4 4 5 -7
leaf_value= -0.10209258314611958 -0.10327967691005387 0.10223100253214593 0.10252264845023343 0.10640107869592162 -0.098127646280840322 0.073576970610017597
leaf_weight=6.3530712705105534 52.009956957772374 23.909489125013351 40.459041014313698 2.8028503619134435 11.215189641341565 2.7402498330920944
leaf_count=320 2523 1123 1885 58 516 74
model_size=704
internal_value=0 -0.0380669 0.0747534 -0.086846 -0.0358434 -0.0644122
internal_weight=0 92.6777 46.8121 68.7682 16.7583 13.9554
internal_count=6499 4294 2205 3171 648 590
is_linear=0
shrinkage=0.1


Tree=33
num_leaves= 7
num_cat= 0
full_tree_array_lgbids= 0 2 1 -1 -4 3 -3 -2147483648 -2147483648 -2147483648 -2147483648 -2 4 -2147483648 -2147483648 -2147483648 -2147483648 -2147483648 -2147483648 -2147483648 -2147483648 -2147483648 -2147483648 -2147483648 -2147483648 -5 5 -2147483648 -2147483648 -2147483648 -2147483648 -2147483648 -2147483648 -2147483648 -2147483648 -2147483648 -2147483648 -2147483648 -2147483648 -2147483648 -2147483648 -2147483648 -2147483648 -2147483648 -2147483648 -2147483648 -2147483648 -2147483648 -2147483648 -2147483648 -2147483648 -2147483648 -2147483648 -6 -7 -2147483648 -2147483648 -2147483648 -2147483648 -2147483648 -2147483648 -2147483648 -2147483648
split_feature= 4 4 4 19 19 12
split_gain= 30.5807 51.9831 15.634 0.22435 0.956501 0.663813
threshold= 2.5000000000000004 5.5000000000000009 1.0000000180025095e-35 4.5000000000000009 5.5000000000000009 2.5000000000000004
decision_type= 2 2 2 2 2 2
left_child=2 3 -1 -2 -5 -6
right_child=1 -3 -4 4 5 -7
leaf_value= -0.10188959310667441 -0.10299659384231752 0.10201422096720739 0.10228213563416451 0.10575985262501567 -0.09701011881620708 0.069354110533291671
leaf_weight=5.7593659441918126 47.183331288397312 21.677831726148725 36.690558468922973 2.5507150683552 10.259053040295838 2.6227163523435602
leaf_count=320 2523 1123 1885 58 516 74
model_size=704
internal_value=0 -0.0378658 0.0745813 -0.0862928 -0.0352226 -0.0631385
internal_weight=0 84.2936 42.4499 62.6158 15.4325 12.8818
internal_count=6499 4294 2205 3171 648 590
is_linear=0
shrinkage=0.1


Tree=34
num_leaves= 4
num_cat= 0
full_tree_array_lgbids= 0 2 1 -1 -4 -2 -3
split_feature= 4 4 4
split_gain= 26.9656 46.1716 13.5091
threshold= 2.5000000000000004 5.5000000000000009 1.0000000180025095e-35
decision_type= 2 2 2
left_child=2 -2 -1
right_child=1 -3 -4
leaf_value= -0.10170663529766791 -0.085711540431919864 0.10181889832458271 0.10206469896956674
leaf_weight=5.2201869916170827 57.035011341795325 19.650625606998801 33.266117319464684
leaf_count=320 3171 1123 1885
model_size=368
internal_value=0 -0.037657 0.0744257
internal_weight=0 76.6856 38.4863
internal_count=6499 4294 2205
is_linear=0
shrinkage=0.1


Tree=35
num_leaves= 7
num_cat= 0
full_tree_array_lgbids= 0 2 1 -1 -4 3 -3 -2147483648 -2147483648 -2147483648 -2147483648 -2 4 -2147483648 -2147483648 -2147483648 -2147483648 -2147483648 -2147483648 -2147483648 -2147483648 -2147483648 -2147483648 -2147483648 -2147483648 -5 5 -2147483648 -2147483648 -2147483648 -2147483648 -2147483648 -2147483648 -2147483648 -2147483648 -2147483648 -2147483648 -2147483648 -2147483648 -2147483648 -2147483648 -2147483648 -2147483648 -2147483648 -2147483648 -2147483648 -2147483648 -2147483648 -2147483648 -2147483648 -2147483648 -2147483648 -2147483648 -6 -7 -2147483648 -2147483648 -2147483648 -2147483648 -2147483648 -2147483648 -2147483648 -2147483648
split_feature= 4 4 4 19 19 12
split_gain= 23.5103 40.1497 11.6302 0.589946 0.077527 0.227006
threshold= 2.5000000000000004 5.5000000000000009 1.0000000180025095e-35 4.5000000000000009 5.5000000000000009 2.5000000000000004
decision_type= 2 2 2 2 2 2
left_child=2 3 -1 -2 -5 -6
right_child=1 -3 -4 4 5 -7
leaf_value= -0.10154166896356263 -0.10253615700106909 0.10164283344330033 0.10186807963258443 0.10564637291705609 -0.094513866160183924 0.070321307006644129
leaf_weight=4.7307038223370901 39.444007274694741 17.809853514656425 30.155568729154766 2.5054808016866419 8.7016405211761576 2.6479429490864286
leaf_count=320 2523 1123 1885 58 516 74
model_size=704
internal_value=0 -0.036644 0.074285 -0.0828525 -0.026815 -0.0560566
internal_weight=0 71.1089 34.8863 53.2991 13.8551 11.3496
internal_count=6499 4294 2205 3171 648 590
is_linear=0
shrinkage=0.1


Tree=36
num_leaves= 5
num_cat= 0
full_tree_array_lgbids= 0 2 1 -1 -4 3 -3 -2147483648 -2147483648 -2147483648 -2147483648 -2 -5 -2147483648 -2147483648
split_feature= 4 4 4 19
split_gain= 20.5758 35.4913 9.88345 0.0663309
threshold= 2.5000000000000004 5.5000000000000009 1.0000000180025095e-35 4.5000000000000009
decision_type= 2 2 2 2
left_child=2 3 -1 -2
right_child=1 -3 -4 -5
leaf_value= -0.10139286416454307 -0.10231400179186655 0.10148406886000501 0.10169025401136585 -0.026219254422072069
leaf_weight=4.2864800048992064 35.763973512686789 16.138949343934655 27.331173510290682 12.82086802087724
leaf_count=320 2523 1123 1885 648
model_size=480
internal_value=0 -0.0364234 0.0741578 -0.0822336
internal_weight=0 64.7238 31.6177 48.5848
internal_count=6499 4294 2205 3171
is_linear=0
shrinkage=0.1


Tree=37
num_leaves= 5
num_cat= 0
full_tree_array_lgbids= 0 2 1 -1 -4 3 -3 -2147483648 -2147483648 -2147483648 -2147483648 -2 -5 -2147483648 -2147483648
split_feature= 4 4 4 19
split_gain= 17.8306 30.856 8.32872 0.132673
threshold= 2.5000000000000004 5.5000000000000009 1.0000000180025095e-35 4.5000000000000009
decision_type= 2 2 2 2
left_child=2 3 -1 -2
right_child=1 -3 -4 -5
leaf_value= -0.10125861371436147 -0.10211024114996206 0.1013408593993441 0.10152941503820488 -0.023775196108584078
leaf_weight=3.8834482096135643 32.421878557652235 14.622711282223461 24.76745284255594 12.730028223246334
leaf_count=320 2523 1123 1885 648
model_size=480
internal_value=0 -0.0356571 0.0740428 -0.0800246
internal_weight=0 59.7746 28.6509 45.1519
internal_count=6499 4294 2205 3171
is_linear=0
shrinkage=0.1


Tree=38
num_leaves= 5
num_cat= 0
full_tree_array_lgbids= 0 2 1 -1 -4 3 -3 -2147483648 -2147483648 -2147483648 -2147483648 -2 -5 -2147483648 -2147483648
split_feature= 4 4 4 19
split_gain= 15.353 26.6987 6.91856 0.161586
threshold= 2.5000000000000004 5.5000000000000009 1.0000000180025095e-35 4.5000000000000009
decision_type= 2 2 2 2
left_child=2 3 -1 -2
right_child=1 -3 -4 -5
leaf_value= -0.10113743998804024 -0.10192344895113828 0.10121164062218808 0.10138391118055959 -0.021533612536601923
leaf_weight=3.5178849520161775 29.387562989257276 13.247209235094486 22.441044780425727 12.653922260738907
leaf_count=320 2523 1123 1885 648
model_size=480
internal_value=0 -0.0348533 0.0739388 -0.0777272
internal_weight=0 55.2887 25.9589 42.0415
internal_count=6499 4294 2205 3171
is_linear=0
shrinkage=0.1


Tree=39
num_leaves= 5
num_cat= 0
full_tree_array_lgbids= 0 2 1 -1 -4 3 -3 -2147483648 -2147483648 -2147483648 -2147483648 -2 -5 -2147483648 -2147483648
split_feature= 4 4 4 19
split_gain= 13.1166 22.9725 5.63849 0.153131
threshold= 2.5000000000000004 5.5000000000000009 1.0000000180025095e-35 4.5000000000000009
decision_type= 2 2 2 2
left_child=2 3 -1 -2
right_child=1 -3 -4 -5
leaf_value= -0.10102805793854271 -0.10175233196162661 0.10109502217286699 0.10125226663290053 -0.019484041733166129
leaf_weight=3.1863849041983512 26.633414910174906 11.999694189988075 20.330554048530757 12.590087744407354
leaf_count=320 2523 1123 1885 648
model_size=480
internal_value=0 -0.0340121 0.0738447 -0.0753456
internal_weight=0 51.2232 23.5169 39.2235
internal_count=6499 4294 2205 3171
is_linear=0
shrinkage=0.1


Tree=40
num_leaves= 5
num_cat= 0
full_tree_array_lgbids= 0 2 1 -1 -4 3 -3 -2147483648 -2147483648 -2147483648 -2147483648 -2 -5 -2147483648 -2147483648
split_feature= 4 4 4 19
split_gain= 11.0975 19.6352 4.47551 0.108077
threshold= 2.5000000000000004 5.5000000000000009 1.0000000180025095e-35 4.5000000000000009
decision_type= 2 2 2 2
left_child=2 3 -1 -2
right_child=1 -3 -4 -5
leaf_value= -0.10092930092498049 -0.10159568045340223 0.1009897326307371 0.10113316774225185 -0.017614856087625693
leaf_weight=2.8858380746096399 24.134182089008391 10.868516095913945 18.416408401913941 12.536468911916016
leaf_count=320 2523 1123 1885 648
model_size=480
internal_value=0 -0.0331337 0.0737595 -0.0728854
internal_weight=0 47.5392 21.3022 36.6707
internal_count=6499 4294 2205 3171
is_linear=0
shrinkage=0.1


Tree=41
num_leaves= 5
num_cat= 0
full_tree_array_lgbids= 0 2 1 -1 -4 3 -3 -2147483648 -2147483648 -2147483648 -2147483648 -2 -5 -2147483648 -2147483648
split_feature= 4 4 4 19
split_gain= 9.27428 16.6486 3.41799 0.0277929
threshold= 2.5000000000000004 5.5000000000000009 1.0000000180025095e-35 4.5000000000000009
decision_type= 2 2 2 2
left_child=2 3 -1 -2
right_child=1 -3 -4 -5
leaf_value= -0.10084010424753709 -0.10145235543010295 0.1008946684491262 0.10102540064672033 -0.01591384499033641
leaf_weight=2.6134063052013543 21.86679401434958 9.8430346809327585 16.680727189406753 12.491354918107389
leaf_count=320 2523 1123 1885 648
model_size=480
internal_value=0 -0.0322189 0.0736826 -0.0703537
internal_weight=0 44.2012 19.2941 34.3581
internal_count=6499 4294 2205 3171
is_linear=0
shrinkage=0.1


Tree=42
num_leaves= 4
num_cat= 0
full_tree_array_lgbids= 0 2 1 -1 -4 -2 -3
split_feature= 4 4 4
split_gain= 7.62766 13.978 2.4555
threshold= 2.5000000000000004 5.5000000000000009 1.0000000180025095e-35
decision_type= 2 2 2
left_child=2 -2 -1
right_child=1 -3 -4
leaf_value= -0.10075953661155429 -0.067758651318946164 0.10080881034932115 0.10092789500417021
leaf_weight=2.3665025192312905 32.263503569178283 8.9135459782555682 15.107186617795378
leaf_count=320 3171 1123 1885
model_size=368
internal_value=0 -0.0312691 0.0736129
internal_weight=0 41.177 17.4737
internal_count=6499 4294 2205
is_linear=0
shrinkage=0.1


Tree=43
num_leaves= 4
num_cat= 0
full_tree_array_lgbids= 0 -1 1 -2147483648 -2147483648 2 -3 -2147483648 -2147483648 -2147483648 -2147483648 -2 -4 -2147483648 -2147483648
split_feature= 8 4 4
split_gain= 6.15281 7.53367 1.26924
threshold= 1.0000000180025095e-35 2.5000000000000004 1.0000000180025095e-35
decision_type= 2 2 2
left_child=-1 2 -2
right_child=1 -3 -4
leaf_value= 0.10071080202639432 -0.10068675562826862 -0.055837227041875284 0.10088130124678718
leaf_weight=9.7972121061757189 2.1427692151628408 32.452774861827493 10.365176811348647
leaf_count=1398 320 3370 1411
model_size=368
internal_value=0 -0.021845 0.0663501
internal_weight=0 44.9607 12.5079
internal_count=6499 5101 1731
is_linear=0
shrinkage=0.1


Tree=44
num_leaves= 4
num_cat= 0
full_tree_array_lgbids= 0 -1 1 -2147483648 -2147483648 2 -3 -2147483648 -2147483648 -2147483648 -2147483648 -2 -4 -2147483648 -2147483648
split_feature= 8 4 4
split_gain= 4.79714 5.62697 0.514742
threshold= 1.0000000180025095e-35 2.5000000000000004 1.0000000180025095e-35
decision_type= 2 2 2
left_child=-1 2 -2
right_child=1 -3 -4
leaf_value= 0.10064270476746361 -0.10062098509975209 -0.051889556454426861 0.10079763921996886
leaf_weight=8.8705774024128896 1.9400606094859512 31.482545267324895 9.3861884684301913
leaf_count=1398 320 3370 1411
model_size=368
internal_value=0 -0.0206201 0.0662969
internal_weight=0 42.8088 11.3262
internal_count=6499 5101 1731
is_linear=0
shrinkage=0.1


Tree=45
num_leaves= 3
num_cat= 0
full_tree_array_lgbids= 0 -1 1 -2147483648 -2147483648 -2 -3
split_feature= 8 4
split_gain= 3.59101 3.96519
threshold= 1.0000000180025095e-35 2.5000000000000004
decision_type= 2 2
left_child=-1 -2
right_child=1 -3
leaf_value= 0.10058116844069405 0.066248648065097213 -0.048026646567075067
leaf_weight=8.031091080978511 10.255459644366054 30.658471519593149
leaf_count=1398 1731 3370
model_size=256
internal_value=0 -0.0193825
internal_weight=0 40.9139
internal_count=6499 5101
is_linear=0
shrinkage=0.1


Tree=46
num_leaves= 5
num_cat= 0
full_tree_array_lgbids= 0 -1 1 -2147483648 -2147483648 3 2 -2147483648 -2147483648 -2147483648 -2147483648 -2 -5 -3 -4
split_feature= 8 4 9 4
split_gain= 2.51048 2.29685 0.159801 0.0316717
threshold= 1.0000000180025095e-35 2.5000000000000004 1.0000000180025095e-35 1.0000000180025095e-35
decision_type= 2 2 2 2
left_child=-1 3 -3 -2
right_child=1 2 -4 -5
leaf_value= 0.10052555549016982 -0.10060000609780045 -0.0070820982363969543 -0.10059904775815104 0.10067605678961632
leaf_weight=7.2706473022699347 1.875291146337984 18.040490422397852 11.919772661291065 7.9615130168385804
leaf_count=1398 320 1329 2041 1411
model_size=480
internal_value=0 -0.0179411 -0.0442881 0.0623047
internal_weight=0 39.7971 29.9603 9.8368
internal_count=6499 5101 3370 1731
is_linear=0
shrinkage=0.1


Tree=47
num_leaves= 3
num_cat= 0
full_tree_array_lgbids= 0 -1 1 -2147483648 -2147483648 -2 -3
split_feature= 8 4
split_gain= 1.55302 1.15001
threshold= 1.0000000180025095e-35 2.5000000000000004
decision_type= 2 2
left_child=-1 -2
right_child=1 -3
leaf_value= 0.10047529288983255 0.062265688118046336 -0.041640873105311865
leaf_weight=6.5818775603547683 8.9059912906959635 28.817083585076034
leaf_count=1398 1731 3370
model_size=256
internal_value=0 -0.0171097
internal_weight=0 37.7231
internal_count=6499 5101
is_linear=0
shrinkage=0.1


Tree=48
num_leaves= 4
num_cat= 0
full_tree_array_lgbids= 0 -1 1 -2147483648 -2147483648 2 -3 -2147483648 -2147483648 -2147483648 -2147483648 -2 -4 -2147483648 -2147483648
split_feature= 8 9 10
split_gain= 0.68129 0.755943 1.83243
threshold= 1.0000000180025095e-35 1.0000000180025095e-35 2.5000000000000004
decision_type= 2 2 2
left_child=-1 2 -2
right_child=1 -3 -4
leaf_value= 0.10042986437411845 0.049871547410966104 -0.078910394651702853 -0.076455590389117423
leaf_weight=5.9580862680450073 17.960951867513362 11.888355468399821 7.044139521662145
leaf_count=1398 2044 2304 753
model_size=368
internal_value=0 -0.0157464 0.0142842
internal_weight=0 36.8934 25.0051
internal_count=6499 5101 2797
is_linear=0
shrinkage=0.1


end of trees

feature_importances:
Column_4=83
Column_19=74
Column_21=48
Column_8=36
Column_20=36
Column_1=33
Column_10=33
Column_7=30
Column_9=29
Column_12=29
Column_3=24
Column_13=24
Column_17=19
Column_2=11
Column_14=2
Column_6=1

parameters:
[boosting: gbdt]
[objective: binary]
[metric: auc, binary_logloss, rmse, l1, l2, mape, huber]
[tree_learner: serial]
[device_type: cpu]
[data_sample_strategy: bagging]
[data: data/mushroom.libsvm.train]
[valid: data/mushroom.libsvm.test]
[num_iterations: 500]
[learning_rate: 0.1]
[num_leaves: 255]
[num_threads: 1]
[seed: 42]
[deterministic: 0]
[force_col_wise: 0]
[force_row_wise: 0]
[histogram_pool_size: -1]
[max_depth: 7]
[min_data_in_leaf: 10]
[min_sum_hessian_in_leaf: 0.001]
[bagging_fraction: 1]
[pos_bagging_fraction: 1]
[neg_bagging_fraction: 1]
[bagging_freq: 0]
[bagging_seed: 400]
[feature_fraction: 1]
[feature_fraction_bynode: 1]
[feature_fraction_seed: 30056]
[extra_trees: 0]
[extra_seed: 12879]
[early_stopping_round: 0]
[early_stopping_min_delta: 0]
[first_metric_only: 0]
[max_delta_step: 0]
[lambda_l1: 0]
[lambda_l2: 0]
[linear_lambda: 0]
[min_gain_to_split: 0]
[drop_rate: 0.1]
[max_drop: 50]
[skip_drop: 0.5]
[xgboost_dart_mode: 0]
[uniform_drop: 0]
[drop_seed: 17869]
[top_rate: 0.2]
[other_rate: 0.1]
[min_data_per_group: 100]
[max_cat_threshold: 32]
[cat_l2: 10]
[cat_smooth: 10]
[max_cat_to_onehot: 4]
[top_k: 20]
[monotone_constraints: ]
[monotone_constraints_method: basic]
[monotone_penalty: 0]
[feature_contri: ]
[forcedsplits_filename: ]
[refit_decay_rate: 0.9]
[tinygbdt_penalty_feature: 0.0078125]
[tinygbdt_penalty_split: 0.015625]
[tinygbdt_forestsize: 64000]
[tinygbdt_precision: 1]
[cegb_tradeoff: 1]
[cegb_penalty_split: 0]
[cegb_penalty_feature_lazy: ]
[cegb_penalty_feature_coupled: ]
[path_smooth: 0]
[interaction_constraints: ]
[verbosity: 1]
[saved_feature_importance_type: 0]
[use_quantized_grad: 0]
[num_grad_quant_bins: 4]
[quant_train_renew_leaf: 0]
[stochastic_rounding: 1]
[linear_tree: 0]
[max_bin: 255]
[max_bin_by_feature: ]
[min_data_in_bin: 3]
[bin_construct_sample_cnt: 200000]
[data_random_seed: 175]
[is_enable_sparse: 1]
[enable_bundle: 1]
[use_missing: 1]
[zero_as_missing: 0]
[feature_pre_filter: 1]
[pre_partition: 0]
[two_round: 0]
[header: 0]
[label_column: ]
[weight_column: ]
[group_column: ]
[ignore_column: ]
[categorical_feature: ]
[forcedbins_filename: ]
[precise_float_parser: 0]
[parser_config_file: ]
[objective_seed: 16083]
[num_class: 1]
[is_unbalance: 0]
[scale_pos_weight: 1]
[sigmoid: 1]
[boost_from_average: 1]
[reg_sqrt: 0]
[alpha: 0.9]
[fair_c: 1]
[poisson_max_delta_step: 0.7]
[tweedie_variance_power: 1.5]
[lambdarank_truncation_level: 30]
[lambdarank_norm: 1]
[label_gain: ]
[lambdarank_position_bias_regularization: 0]
[eval_at: ]
[multi_error_top_k: 1]
[auc_mu_weights: ]
[num_machines: 1]
[local_listen_port: 12400]
[time_out: 120]
[machine_list_filename: ]
[machines: ]
[gpu_platform_id: -1]
[gpu_device_id: -1]
[gpu_use_dp: 0]
[num_gpu: 1]

end of parameters
