tree
version=v4
num_class=1
num_tree_per_iteration=1
label_index=0
max_feature_idx=21
objective=binary sigmoid:1
feature_names=Column_0 Column_1 Column_2 Column_3 Column_4 Column_5 Column_6 Column_7 Column_8 Column_9 Column_10 Column_11 Column_12 Column_13 Column_14 Column_15 Column_16 Column_17 Column_18 Column_19 Column_20 Column_21
feature_infos=[0:5] [0:3] [0:9] [0:1] [0:8] [0:1] [0:1] [0:1] [0:11] [0:1] [0:4] [0:3] [0:3] [0:8] [0:8] none [0:3] [0:2] [0:4] [0:8] [0:5] [0:6]
tree_sizes=4712 4707 4709 4701 4706 4710 4795 4707 4715 4788 4711 4700 4710 4708 4794 4620 4795 4792 4538 4707 4544 4451 4538 4458 4723 2656 3098 2650 2070 1889 1896 1545 1547 1538 1547 621 1547 801 805 802 803 802 804 797 802 805 803 722 534 726 539 539 542

Tree=0
num_leaves= 17
num_cat= 0
full_tree_array_lgbids= 0 1 2 5 10 4 3 -1 -7 12 11 -2 -6 7 6 -2147483648 -2147483648 -2147483648 -2147483648 -3 -14 -12 -13 -2147483648 -2147483648 -2147483648 -2147483648 -4 13 8 -8 -2147483648 -2147483648 -2147483648 -2147483648 -2147483648 -2147483648 -2147483648 -2147483648 -2147483648 -2147483648 -2147483648 -2147483648 -2147483648 -2147483648 -2147483648 -2147483648 -2147483648 -2147483648 -2147483648 -2147483648 -2147483648 -2147483648 -2147483648 -2147483648 -2147483648 -2147483648 -9 14 -5 9 -2147483648 -2147483648 -2147483648 -2147483648 -2147483648 -2147483648 -2147483648 -2147483648 -2147483648 -2147483648 -2147483648 -2147483648 -2147483648 -2147483648 -2147483648 -2147483648 -2147483648 -2147483648 -2147483648 -2147483648 -2147483648 -2147483648 -2147483648 -2147483648 -2147483648 -2147483648 -2147483648 -2147483648 -2147483648 -2147483648 -2147483648 -2147483648 -2147483648 -2147483648 -2147483648 -2147483648 -2147483648 -2147483648 -2147483648 -2147483648 -2147483648 -2147483648 -2147483648 -2147483648 -2147483648 -2147483648 -2147483648 -2147483648 -2147483648 -2147483648 -2147483648 -2147483648 -2147483648 -2147483648 -2147483648 -2147483648 -15 -16 -2147483648 -2147483648 15 -11 -2147483648 -2147483648 -2147483648 -2147483648 -2147483648 -2147483648 -2147483648 -2147483648 -2147483648 -2147483648 -2147483648 -2147483648 -2147483648 -2147483648 -2147483648 -2147483648 -2147483648 -2147483648 -2147483648 -2147483648 -2147483648 -2147483648 -2147483648 -2147483648 -2147483648 -2147483648 -2147483648 -2147483648 -2147483648 -2147483648 -2147483648 -2147483648 -2147483648 -2147483648 -2147483648 -2147483648 -2147483648 -2147483648 -2147483648 -2147483648 -2147483648 -2147483648 -2147483648 -2147483648 -2147483648 -2147483648 -2147483648 -2147483648 -2147483648 -2147483648 -2147483648 -2147483648 -2147483648 -2147483648 -2147483648 -2147483648 -2147483648 -2147483648 -2147483648 -2147483648 -2147483648 -2147483648 -2147483648 -2147483648 -2147483648 -2147483648 -2147483648 -2147483648 -2147483648 -2147483648 -2147483648 -2147483648 -2147483648 -2147483648 -2147483648 -2147483648 -2147483648 -2147483648 -2147483648 -2147483648 -2147483648 -2147483648 -2147483648 -2147483648 -2147483648 -2147483648 -2147483648 -2147483648 -2147483648 -2147483648 -2147483648 -2147483648 -2147483648 -2147483648 -2147483648 -2147483648 -2147483648 -2147483648 -2147483648 -2147483648 -2147483648 -2147483648 -2147483648 -2147483648 -2147483648 -2147483648 -2147483648 -2147483648 -2147483648 -2147483648 -2147483648 -2147483648 -2147483648 -2147483648 -2147483648 -2147483648 -2147483648 -2147483648 -2147483648 -2147483648 -10 -17 -2147483648 -2147483648 -2147483648 -2147483648 -2147483648 -2147483648 -2147483648 -2147483648 -2147483648 -2147483648
split_feature= 8 20 19 7 4 10 9 13 21 3 21 1 12 17 19 1
split_gain= 2188.37 1172.69 1115.2 757.209 242.137 202.661 149.619 117.94 81.6991 179.112 27.825 32.5268 17.5325 15.8575 135.313 3.87529
threshold= 3.5000000000000004 3.5000000000000004 1.5000000000000002 1.0000000180025095e-35 4.5000000000000009 1.0000000180025095e-35 1.0000000180025095e-35 1.5000000000000002 1.5000000000000002 1.0000000180025095e-35 4.5000000000000009 1.5000000000000002 1.0000000180025095e-35 1.5000000000000002 6.5000000000000009 2.5000000000000004
decision_type= 2 2 2 2 2 2 2 2 2 2 2 2 2 2 2 2
left_child=1 5 4 7 -2 -1 8 -4 -5 15 12 -12 -3 -9 -15 -10
right_child=2 10 3 6 -6 -7 -8 13 9 -11 11 -13 -14 14 -16 -17
leaf_value= 0.13625295265526666 0.13625295265526666 -0.075779630963319758 0.13625295265526666 0.13625295265526666 -0.26425303862428545 -0.26425303862428545 -0.26425303862428545 -0.26425303862428545 -0.2642530386242854 0.13625295265526666 -0.26425303862428551 0.1362529526552666 0.13625295265526666 0.13625295265526666 -0.26425303862428545 -0.16041815199625342
leaf_weight=14.48168098926544 127.58860319852829 4.2446306347846976 7.7402088046073905 58.176408112049103 17.228206694126129 104.36797678470612 17.228206694126129 603.98597091436386 17.727575004100803 27.964625358581543 3.9949464797973615 4.4943147897720337 528.58135610818863 9.7376820445060712 68.413458466529846 6.7414721846580496
leaf_count=58 511 17 31 233 69 418 69 2419 71 112 16 18 2117 39 274 27
model_size=1824
internal_value=-0.0711178 0.0691485 -0.167321 -0.212646 0.0886066 -0.215452 0.0110948 -0.254106 0.053982 -0.0372996 0.131635 -0.0522205 0.134564 -0.258536 -0.21435 -0.235645
internal_weight=0 660.165 962.532 817.716 144.817 118.85 127.838 689.877 110.61 52.4337 541.315 8.48926 532.826 682.137 78.1511 24.469
internal_count=6499 2644 3855 3275 580 476 512 2763 443 210 2168 34 2134 2732 313 98
is_linear=0
shrinkage=1


Tree=1
num_leaves= 17
num_cat= 0
full_tree_array_lgbids= 0 1 2 5 10 4 3 -1 -7 12 11 -2 -6 7 6 -2147483648 -2147483648 -2147483648 -2147483648 -3 -14 -12 -13 -2147483648 -2147483648 -2147483648 -2147483648 -4 13 8 -8 -2147483648 -2147483648 -2147483648 -2147483648 -2147483648 -2147483648 -2147483648 -2147483648 -2147483648 -2147483648 -2147483648 -2147483648 -2147483648 -2147483648 -2147483648 -2147483648 -2147483648 -2147483648 -2147483648 -2147483648 -2147483648 -2147483648 -2147483648 -2147483648 -2147483648 -2147483648 -9 14 -5 9 -2147483648 -2147483648 -2147483648 -2147483648 -2147483648 -2147483648 -2147483648 -2147483648 -2147483648 -2147483648 -2147483648 -2147483648 -2147483648 -2147483648 -2147483648 -2147483648 -2147483648 -2147483648 -2147483648 -2147483648 -2147483648 -2147483648 -2147483648 -2147483648 -2147483648 -2147483648 -2147483648 -2147483648 -2147483648 -2147483648 -2147483648 -2147483648 -2147483648 -2147483648 -2147483648 -2147483648 -2147483648 -2147483648 -2147483648 -2147483648 -2147483648 -2147483648 -2147483648 -2147483648 -2147483648 -2147483648 -2147483648 -2147483648 -2147483648 -2147483648 -2147483648 -2147483648 -2147483648 -2147483648 -2147483648 -2147483648 -15 -16 -2147483648 -2147483648 15 -11 -2147483648 -2147483648 -2147483648 -2147483648 -2147483648 -2147483648 -2147483648 -2147483648 -2147483648 -2147483648 -2147483648 -2147483648 -2147483648 -2147483648 -2147483648 -2147483648 -2147483648 -2147483648 -2147483648 -2147483648 -2147483648 -2147483648 -2147483648 -2147483648 -2147483648 -2147483648 -2147483648 -2147483648 -2147483648 -2147483648 -2147483648 -2147483648 -2147483648 -2147483648 -2147483648 -2147483648 -2147483648 -2147483648 -2147483648 -2147483648 -2147483648 -2147483648 -2147483648 -2147483648 -2147483648 -2147483648 -2147483648 -2147483648 -2147483648 -2147483648 -2147483648 -2147483648 -2147483648 -2147483648 -2147483648 -2147483648 -2147483648 -2147483648 -2147483648 -2147483648 -2147483648 -2147483648 -2147483648 -2147483648 -2147483648 -2147483648 -2147483648 -2147483648 -2147483648 -2147483648 -2147483648 -2147483648 -2147483648 -2147483648 -2147483648 -2147483648 -2147483648 -2147483648 -2147483648 -2147483648 -2147483648 -2147483648 -2147483648 -2147483648 -2147483648 -2147483648 -2147483648 -2147483648 -2147483648 -2147483648 -2147483648 -2147483648 -2147483648 -2147483648 -2147483648 -2147483648 -2147483648 -2147483648 -2147483648 -2147483648 -2147483648 -2147483648 -2147483648 -2147483648 -2147483648 -2147483648 -2147483648 -2147483648 -2147483648 -2147483648 -2147483648 -2147483648 -2147483648 -2147483648 -2147483648 -2147483648 -2147483648 -2147483648 -2147483648 -2147483648 -10 -17 -2147483648 -2147483648 -2147483648 -2147483648 -2147483648 -2147483648 -2147483648 -2147483648 -2147483648 -2147483648
split_feature= 8 20 19 7 4 10 9 13 21 3 21 4 12 17 19 1
split_gain= 1788.55 953.538 914.828 624.423 196.741 166.211 122.012 96.6772 65.777 145.79 22.0488 26.2534 13.9401 12.854 110.917 2.96962
threshold= 3.5000000000000004 3.5000000000000004 1.5000000000000002 1.0000000180025095e-35 4.5000000000000009 1.0000000180025095e-35 1.0000000180025095e-35 1.5000000000000002 1.5000000000000002 1.0000000180025095e-35 4.5000000000000009 4.5000000000000009 1.0000000180025095e-35 1.5000000000000002 6.5000000000000009 2.5000000000000004
decision_type= 2 2 2 2 2 2 2 2 2 2 2 2 2 2 2 2
left_child=1 5 4 7 -2 -1 8 -4 -5 15 12 -12 -3 -9 -15 -10
right_child=2 10 3 6 -6 -7 -8 13 9 -11 11 -13 -14 14 -16 -17
leaf_value= 0.18726217829300001 0.18726217829300001 -0.0041963809298885936 0.18726217829300001 0.18726217829300001 -0.17677793099633521 -0.17677793099633521 -0.17677793099633521 -0.17677793099633521 -0.17677793099633518 0.18726217829300001 0.18726217829300007 -0.17677793099633518 0.18726217829300001 0.18726217829300001 -0.17677793099633521 -0.080806439333089508
leaf_weight=14.432910382747648 127.15891733765602 4.2439043670892707 7.7141417562961569 57.980484813451767 16.952329516410828 102.69672083854675 16.952329516410828 594.31427681446075 17.443701386451725 27.870447635650635 4.4791790843009931 3.9309749603271484 526.80122897028923 9.7048880159854871 67.317946195602417 6.7067594379186621
leaf_count=58 511 17 31 233 69 418 69 2419 71 112 18 16 2117 39 274 27
model_size=1824
internal_value=0 0.126905 -0.0878109 -0.129336 0.144439 -0.13192 0.0744698 -0.16744 0.11319 0.0306313 0.183103 0.0171068 0.185732 -0.171515 -0.130909 -0.150126
internal_weight=0 656.585 950.116 806.005 144.111 117.13 126.954 679.051 110.001 52.0209 539.455 8.41015 531.045 671.337 77.0228 24.1505
internal_count=6499 2644 3855 3275 580 476 512 2763 443 210 2168 34 2134 2732 313 98
is_linear=0
shrinkage=0.1


Tree=2
num_leaves= 17
num_cat= 0
full_tree_array_lgbids= 0 1 2 5 10 4 3 -1 -7 12 11 -2 -6 7 6 -2147483648 -2147483648 -2147483648 -2147483648 -3 -14 -12 -13 -2147483648 -2147483648 -2147483648 -2147483648 -4 13 8 -8 -2147483648 -2147483648 -2147483648 -2147483648 -2147483648 -2147483648 -2147483648 -2147483648 -2147483648 -2147483648 -2147483648 -2147483648 -2147483648 -2147483648 -2147483648 -2147483648 -2147483648 -2147483648 -2147483648 -2147483648 -2147483648 -2147483648 -2147483648 -2147483648 -2147483648 -2147483648 -9 14 -5 9 -2147483648 -2147483648 -2147483648 -2147483648 -2147483648 -2147483648 -2147483648 -2147483648 -2147483648 -2147483648 -2147483648 -2147483648 -2147483648 -2147483648 -2147483648 -2147483648 -2147483648 -2147483648 -2147483648 -2147483648 -2147483648 -2147483648 -2147483648 -2147483648 -2147483648 -2147483648 -2147483648 -2147483648 -2147483648 -2147483648 -2147483648 -2147483648 -2147483648 -2147483648 -2147483648 -2147483648 -2147483648 -2147483648 -2147483648 -2147483648 -2147483648 -2147483648 -2147483648 -2147483648 -2147483648 -2147483648 -2147483648 -2147483648 -2147483648 -2147483648 -2147483648 -2147483648 -2147483648 -2147483648 -2147483648 -2147483648 -15 -16 -2147483648 -2147483648 15 -11 -2147483648 -2147483648 -2147483648 -2147483648 -2147483648 -2147483648 -2147483648 -2147483648 -2147483648 -2147483648 -2147483648 -2147483648 -2147483648 -2147483648 -2147483648 -2147483648 -2147483648 -2147483648 -2147483648 -2147483648 -2147483648 -2147483648 -2147483648 -2147483648 -2147483648 -2147483648 -2147483648 -2147483648 -2147483648 -2147483648 -2147483648 -2147483648 -2147483648 -2147483648 -2147483648 -2147483648 -2147483648 -2147483648 -2147483648 -2147483648 -2147483648 -2147483648 -2147483648 -2147483648 -2147483648 -2147483648 -2147483648 -2147483648 -2147483648 -2147483648 -2147483648 -2147483648 -2147483648 -2147483648 -2147483648 -2147483648 -2147483648 -2147483648 -2147483648 -2147483648 -2147483648 -2147483648 -2147483648 -2147483648 -2147483648 -2147483648 -2147483648 -2147483648 -2147483648 -2147483648 -2147483648 -2147483648 -2147483648 -2147483648 -2147483648 -2147483648 -2147483648 -2147483648 -2147483648 -2147483648 -2147483648 -2147483648 -2147483648 -2147483648 -2147483648 -2147483648 -2147483648 -2147483648 -2147483648 -2147483648 -2147483648 -2147483648 -2147483648 -2147483648 -2147483648 -2147483648 -2147483648 -2147483648 -2147483648 -2147483648 -2147483648 -2147483648 -2147483648 -2147483648 -2147483648 -2147483648 -2147483648 -2147483648 -2147483648 -2147483648 -2147483648 -2147483648 -2147483648 -2147483648 -2147483648 -2147483648 -2147483648 -2147483648 -2147483648 -2147483648 -10 -17 -2147483648 -2147483648 -2147483648 -2147483648 -2147483648 -2147483648 -2147483648 -2147483648 -2147483648 -2147483648
split_feature= 8 20 19 7 4 10 9 13 21 3 21 4 12 17 19 1
split_gain= 1489.04 790.847 763.717 523.448 163.067 138.715 101.319 80.6269 54.188 120.763 17.8832 21.5758 11.5178 10.5705 92.4687 2.41406
threshold= 3.5000000000000004 3.5000000000000004 1.5000000000000002 1.0000000180025095e-35 4.5000000000000009 1.0000000180025095e-35 1.0000000180025095e-35 1.5000000000000002 1.5000000000000002 1.0000000180025095e-35 4.5000000000000009 4.5000000000000009 1.0000000180025095e-35 1.5000000000000002 6.5000000000000009 2.5000000000000004
decision_type= 2 2 2 2 2 2 2 2 2 2 2 2 2 2 2 2
left_child=1 5 4 7 -2 -1 8 -4 -5 15 12 -12 -3 -9 -15 -10
right_child=2 10 3 6 -6 -7 -8 13 9 -11 11 -13 -14 14 -16 -17
leaf_value= 0.17236010255125836 0.17236010255125836 -0.0037773991993575971 0.17236010255125836 0.17236010255125836 -0.16433727988382651 -0.16433727988382651 -0.16433727988382651 -0.16433727988382651 -0.16433727988382651 0.17236010255125836 0.17236010255125839 -0.16433727988382651 0.17236010255125836 0.17236010255125836 -0.16433727988382651 -0.073346872777648994
leaf_weight=14.127121359109877 124.46481059491634 4.2432112842798224 7.5507027953863135 56.752056494355202 16.43764516711235 99.578777968883514 16.43764516711235 576.27048781514168 16.91409865021706 27.279958486557007 4.3842790424823743 3.8116278648376465 515.63992960751057 9.4992712587118131 65.274127185344696 6.6527500748634329
leaf_count=58 511 17 31 233 69 418 69 2419 71 112 18 16 2117 39 274 27
model_size=1824
internal_value=0 0.116954 -0.0814531 -0.120077 0.133081 -0.122505 0.0686481 -0.155621 0.104241 0.0282102 0.168515 0.015774 0.170922 -0.159425 -0.121563 -0.138651
internal_weight=0 641.785 923.534 782.631 140.902 113.706 124.037 658.595 107.599 50.8468 528.079 8.19591 519.883 651.044 74.7734 23.5668
internal_count=6499 2644 3855 3275 580 476 512 2763 443 210 2168 34 2134 2732 313 98
is_linear=0
shrinkage=0.1


Tree=3
num_leaves= 17
num_cat= 0
full_tree_array_lgbids= 0 1 2 5 10 4 3 -1 -7 12 11 -2 -6 7 6 -2147483648 -2147483648 -2147483648 -2147483648 -3 -14 -12 -13 -2147483648 -2147483648 -2147483648 -2147483648 -4 13 8 -8 -2147483648 -2147483648 -2147483648 -2147483648 -2147483648 -2147483648 -2147483648 -2147483648 -2147483648 -2147483648 -2147483648 -2147483648 -2147483648 -2147483648 -2147483648 -2147483648 -2147483648 -2147483648 -2147483648 -2147483648 -2147483648 -2147483648 -2147483648 -2147483648 -2147483648 -2147483648 -9 14 -5 9 -2147483648 -2147483648 -2147483648 -2147483648 -2147483648 -2147483648 -2147483648 -2147483648 -2147483648 -2147483648 -2147483648 -2147483648 -2147483648 -2147483648 -2147483648 -2147483648 -2147483648 -2147483648 -2147483648 -2147483648 -2147483648 -2147483648 -2147483648 -2147483648 -2147483648 -2147483648 -2147483648 -2147483648 -2147483648 -2147483648 -2147483648 -2147483648 -2147483648 -2147483648 -2147483648 -2147483648 -2147483648 -2147483648 -2147483648 -2147483648 -2147483648 -2147483648 -2147483648 -2147483648 -2147483648 -2147483648 -2147483648 -2147483648 -2147483648 -2147483648 -2147483648 -2147483648 -2147483648 -2147483648 -2147483648 -2147483648 -15 -16 -2147483648 -2147483648 15 -11 -2147483648 -2147483648 -2147483648 -2147483648 -2147483648 -2147483648 -2147483648 -2147483648 -2147483648 -2147483648 -2147483648 -2147483648 -2147483648 -2147483648 -2147483648 -2147483648 -2147483648 -2147483648 -2147483648 -2147483648 -2147483648 -2147483648 -2147483648 -2147483648 -2147483648 -2147483648 -2147483648 -2147483648 -2147483648 -2147483648 -2147483648 -2147483648 -2147483648 -2147483648 -2147483648 -2147483648 -2147483648 -2147483648 -2147483648 -2147483648 -2147483648 -2147483648 -2147483648 -2147483648 -2147483648 -2147483648 -2147483648 -2147483648 -2147483648 -2147483648 -2147483648 -2147483648 -2147483648 -2147483648 -2147483648 -2147483648 -2147483648 -2147483648 -2147483648 -2147483648 -2147483648 -2147483648 -2147483648 -2147483648 -2147483648 -2147483648 -2147483648 -2147483648 -2147483648 -2147483648 -2147483648 -2147483648 -2147483648 -2147483648 -2147483648 -2147483648 -2147483648 -2147483648 -2147483648 -2147483648 -2147483648 -2147483648 -2147483648 -2147483648 -2147483648 -2147483648 -2147483648 -2147483648 -2147483648 -2147483648 -2147483648 -2147483648 -2147483648 -2147483648 -2147483648 -2147483648 -2147483648 -2147483648 -2147483648 -2147483648 -2147483648 -2147483648 -2147483648 -2147483648 -2147483648 -2147483648 -2147483648 -2147483648 -2147483648 -2147483648 -2147483648 -2147483648 -2147483648 -2147483648 -2147483648 -2147483648 -2147483648 -2147483648 -2147483648 -2147483648 -10 -17 -2147483648 -2147483648 -2147483648 -2147483648 -2147483648 -2147483648 -2147483648 -2147483648 -2147483648 -2147483648
split_feature= 8 20 19 7 4 10 9 13 21 3 21 1 12 17 19 1
split_gain= 1256.88 665.555 645.97 444.272 137.117 117.247 85.2357 68.0758 45.3705 101.306 14.7005 17.947 9.77825 8.75418 78.0645 2.03809
threshold= 3.5000000000000004 3.5000000000000004 1.5000000000000002 1.0000000180025095e-35 4.5000000000000009 1.0000000180025095e-35 1.0000000180025095e-35 1.5000000000000002 1.5000000000000002 1.0000000180025095e-35 4.5000000000000009 1.5000000000000002 1.0000000180025095e-35 1.5000000000000002 6.5000000000000009 2.5000000000000004
decision_type= 2 2 2 2 2 2 2 2 2 2 2 2 2 2 2 2
left_child=1 5 4 7 -2 -1 8 -4 -5 15 12 -12 -3 -9 -15 -10
right_child=2 10 3 6 -6 -7 -8 13 9 -11 11 -13 -14 14 -16 -17
leaf_value= 0.1609037703805144 0.1609037703805144 -0.0034002145451034805 0.1609037703805144 0.1609037703805144 -0.15458733496862687 -0.15458733496862687 -0.15458733496862687 -0.15458733496862687 -0.15458733496862684 0.1609037703805144 -0.15458733496862687 0.16090377038051437 0.1609037703805144 0.1609037703805144 -0.15458733496862687 -0.066719728387848426
leaf_weight=13.6439371407032 120.20779101550579 4.2425556927919379 7.2924491614103308 54.810988858342171 15.761341184377669 95.481748044490814 15.761341184377669 552.56064239144325 16.21819165349007 26.34691309928894 3.654803752899169 4.2343253195285797 498.00370563566685 9.1743715256452543 62.588514268398285 6.5857289135456076
leaf_count=58 511 17 31 233 69 418 69 2419 71 112 16 18 2117 39 274 27
model_size=1824
internal_value=0 0.109272 -0.0764827 -0.112824 0.124333 -0.115142 0.0641111 -0.146362 0.0972673 0.0263026 0.157277 0.0147459 0.159516 -0.149951 -0.114254 -0.129211
internal_weight=0 619.261 887.308 751.339 135.969 109.126 119.723 631.616 103.962 49.1508 510.135 7.88913 502.246 624.324 71.7629 22.8039
internal_count=6499 2644 3855 3275 580 476 512 2763 443 210 2168 34 2134 2732 313 98
is_linear=0
shrinkage=0.1


Tree=4
num_leaves= 17
num_cat= 0
full_tree_array_lgbids= 0 1 2 5 10 4 3 -1 -7 12 11 -2 -6 7 6 -2147483648 -2147483648 -2147483648 -2147483648 -3 -14 -12 -13 -2147483648 -2147483648 -2147483648 -2147483648 -4 13 8 -8 -2147483648 -2147483648 -2147483648 -2147483648 -2147483648 -2147483648 -2147483648 -2147483648 -2147483648 -2147483648 -2147483648 -2147483648 -2147483648 -2147483648 -2147483648 -2147483648 -2147483648 -2147483648 -2147483648 -2147483648 -2147483648 -2147483648 -2147483648 -2147483648 -2147483648 -2147483648 -9 14 -5 9 -2147483648 -2147483648 -2147483648 -2147483648 -2147483648 -2147483648 -2147483648 -2147483648 -2147483648 -2147483648 -2147483648 -2147483648 -2147483648 -2147483648 -2147483648 -2147483648 -2147483648 -2147483648 -2147483648 -2147483648 -2147483648 -2147483648 -2147483648 -2147483648 -2147483648 -2147483648 -2147483648 -2147483648 -2147483648 -2147483648 -2147483648 -2147483648 -2147483648 -2147483648 -2147483648 -2147483648 -2147483648 -2147483648 -2147483648 -2147483648 -2147483648 -2147483648 -2147483648 -2147483648 -2147483648 -2147483648 -2147483648 -2147483648 -2147483648 -2147483648 -2147483648 -2147483648 -2147483648 -2147483648 -2147483648 -2147483648 -15 -16 -2147483648 -2147483648 15 -11 -2147483648 -2147483648 -2147483648 -2147483648 -2147483648 -2147483648 -2147483648 -2147483648 -2147483648 -2147483648 -2147483648 -2147483648 -2147483648 -2147483648 -2147483648 -2147483648 -2147483648 -2147483648 -2147483648 -2147483648 -2147483648 -2147483648 -2147483648 -2147483648 -2147483648 -2147483648 -2147483648 -2147483648 -2147483648 -2147483648 -2147483648 -2147483648 -2147483648 -2147483648 -2147483648 -2147483648 -2147483648 -2147483648 -2147483648 -2147483648 -2147483648 -2147483648 -2147483648 -2147483648 -2147483648 -2147483648 -2147483648 -2147483648 -2147483648 -2147483648 -2147483648 -2147483648 -2147483648 -2147483648 -2147483648 -2147483648 -2147483648 -2147483648 -2147483648 -2147483648 -2147483648 -2147483648 -2147483648 -2147483648 -2147483648 -2147483648 -2147483648 -2147483648 -2147483648 -2147483648 -2147483648 -2147483648 -2147483648 -2147483648 -2147483648 -2147483648 -2147483648 -2147483648 -2147483648 -2147483648 -2147483648 -2147483648 -2147483648 -2147483648 -2147483648 -2147483648 -2147483648 -2147483648 -2147483648 -2147483648 -2147483648 -2147483648 -2147483648 -2147483648 -2147483648 -2147483648 -2147483648 -2147483648 -2147483648 -2147483648 -2147483648 -2147483648 -2147483648 -2147483648 -2147483648 -2147483648 -2147483648 -2147483648 -2147483648 -2147483648 -2147483648 -2147483648 -2147483648 -2147483648 -2147483648 -2147483648 -2147483648 -2147483648 -2147483648 -2147483648 -10 -17 -2147483648 -2147483648 -2147483648 -2147483648 -2147483648 -2147483648 -2147483648 -2147483648 -2147483648 -2147483648
split_feature= 8 20 19 7 4 10 9 13 21 3 21 1 12 17 19 1
split_gain= 1072.25 566.406 551.946 380.74 116.558 100.064 72.4057 58.0129 38.4455 85.7884 12.1836 15.0454 8.46485 7.26681 66.5314 1.75955
threshold= 3.5000000000000004 3.5000000000000004 1.5000000000000002 1.0000000180025095e-35 4.5000000000000009 1.0000000180025095e-35 1.0000000180025095e-35 1.5000000000000002 1.5000000000000002 1.0000000180025095e-35 4.5000000000000009 1.5000000000000002 1.0000000180025095e-35 1.5000000000000002 6.5000000000000009 2.5000000000000004
decision_type= 2 2 2 2 2 2 2 2 2 2 2 2 2 2 2 2
left_child=1 5 4 7 -2 -1 8 -4 -5 15 12 -12 -3 -9 -15 -10
right_child=2 10 3 6 -6 -7 -8 13 9 -11 11 -13 -14 14 -16 -17
leaf_value= 0.15185187516794491 0.15185187516794491 -0.0030606570657631363 0.15185187516794491 0.15185187516794491 -0.14676872362570559 -0.14676872362570559 -0.14676872362570559 -0.14676872362570559 -0.14676872362570556 0.15185187516794491 -0.14676872362570559 0.15185187516794488 0.15185187516794491 0.15185187516794491 -0.14676872362570559 -0.060779122690496325
leaf_weight=13.042239397764204 114.90662641823292 4.2419396191835395 6.970852091908454 52.39382378757 14.980887696146963 90.75378343462944 14.980887696146963 525.19952662289143 15.415116325020792 25.185014009475708 3.4738290309905997 4.0475915372371674 476.04173801839352 8.7697816640138608 59.489322155714035 6.5104905366897574
leaf_count=58 511 17 31 233 69 418 69 2419 71 112 16 18 2117 39 274 27
model_size=1824
internal_value=0 0.103178 -0.0725023 -0.107006 0.11741 -0.109246 0.0604759 -0.13894 0.0916776 0.0247552 0.148378 0.0139315 0.150484 -0.142356 -0.108403 -0.121235
internal_weight=0 591.601 844.802 714.915 129.888 103.796 114.485 600.429 99.5044 47.1106 487.805 7.52142 480.284 593.459 68.2591 21.9256
internal_count=6499 2644 3855 3275 580 476 512 2763 443 210 2168 34 2134 2732 313 98
is_linear=0
shrinkage=0.1


Tree=5
num_leaves= 17
num_cat= 0
full_tree_array_lgbids= 0 1 2 5 10 4 3 -1 -7 12 11 -2 -6 7 6 -2147483648 -2147483648 -2147483648 -2147483648 -3 -14 -12 -13 -2147483648 -2147483648 -2147483648 -2147483648 -4 13 8 -8 -2147483648 -2147483648 -2147483648 -2147483648 -2147483648 -2147483648 -2147483648 -2147483648 -2147483648 -2147483648 -2147483648 -2147483648 -2147483648 -2147483648 -2147483648 -2147483648 -2147483648 -2147483648 -2147483648 -2147483648 -2147483648 -2147483648 -2147483648 -2147483648 -2147483648 -2147483648 -9 14 -5 9 -2147483648 -2147483648 -2147483648 -2147483648 -2147483648 -2147483648 -2147483648 -2147483648 -2147483648 -2147483648 -2147483648 -2147483648 -2147483648 -2147483648 -2147483648 -2147483648 -2147483648 -2147483648 -2147483648 -2147483648 -2147483648 -2147483648 -2147483648 -2147483648 -2147483648 -2147483648 -2147483648 -2147483648 -2147483648 -2147483648 -2147483648 -2147483648 -2147483648 -2147483648 -2147483648 -2147483648 -2147483648 -2147483648 -2147483648 -2147483648 -2147483648 -2147483648 -2147483648 -2147483648 -2147483648 -2147483648 -2147483648 -2147483648 -2147483648 -2147483648 -2147483648 -2147483648 -2147483648 -2147483648 -2147483648 -2147483648 -15 -16 -2147483648 -2147483648 15 -11 -2147483648 -2147483648 -2147483648 -2147483648 -2147483648 -2147483648 -2147483648 -2147483648 -2147483648 -2147483648 -2147483648 -2147483648 -2147483648 -2147483648 -2147483648 -2147483648 -2147483648 -2147483648 -2147483648 -2147483648 -2147483648 -2147483648 -2147483648 -2147483648 -2147483648 -2147483648 -2147483648 -2147483648 -2147483648 -2147483648 -2147483648 -2147483648 -2147483648 -2147483648 -2147483648 -2147483648 -2147483648 -2147483648 -2147483648 -2147483648 -2147483648 -2147483648 -2147483648 -2147483648 -2147483648 -2147483648 -2147483648 -2147483648 -2147483648 -2147483648 -2147483648 -2147483648 -2147483648 -2147483648 -2147483648 -2147483648 -2147483648 -2147483648 -2147483648 -2147483648 -2147483648 -2147483648 -2147483648 -2147483648 -2147483648 -2147483648 -2147483648 -2147483648 -2147483648 -2147483648 -2147483648 -2147483648 -2147483648 -2147483648 -2147483648 -2147483648 -2147483648 -2147483648 -2147483648 -2147483648 -2147483648 -2147483648 -2147483648 -2147483648 -2147483648 -2147483648 -2147483648 -2147483648 -2147483648 -2147483648 -2147483648 -2147483648 -2147483648 -2147483648 -2147483648 -2147483648 -2147483648 -2147483648 -2147483648 -2147483648 -2147483648 -2147483648 -2147483648 -2147483648 -2147483648 -2147483648 -2147483648 -2147483648 -2147483648 -2147483648 -2147483648 -2147483648 -2147483648 -2147483648 -2147483648 -2147483648 -2147483648 -2147483648 -2147483648 -2147483648 -10 -17 -2147483648 -2147483648 -2147483648 -2147483648 -2147483648 -2147483648 -2147483648 -2147483648 -2147483648 -2147483648
split_feature= 8 20 19 7 4 10 9 13 21 3 21 1 12 17 19 1
split_gain= 922.495 486.293 475.428 328.837 99.9324 86.0568 61.9741 49.7984 32.8848 73.1779 10.1521 12.6827 7.44528 6.03376 57.1267 1.54768
threshold= 3.5000000000000004 3.5000000000000004 1.5000000000000002 1.0000000180025095e-35 4.5000000000000009 1.0000000180025095e-35 1.0000000180025095e-35 1.5000000000000002 1.5000000000000002 1.0000000180025095e-35 4.5000000000000009 1.5000000000000002 1.0000000180025095e-35 1.5000000000000002 6.5000000000000009 2.5000000000000004
decision_type= 2 2 2 2 2 2 2 2 2 2 2 2 2 2 2 2
left_child=1 5 4 7 -2 -1 8 -4 -5 15 12 -12 -3 -9 -15 -10
right_child=2 10 3 6 -6 -7 -8 13 9 -11 11 -13 -14 14 -16 -17
leaf_value= 0.14454675775689577 0.14454675775689577 -0.0027549883843111991 0.14454675775689577 0.14454675775689577 -0.14038449805642142 -0.14038449805642142 -0.14038449805642142 -0.14038449805642142 -0.14038449805642136 0.14454675775689577 -0.14038449805642142 0.14454675775689574 0.14454675775689577 0.14454675775689577 -0.14038449805642142 -0.055417087899252648
leaf_weight=12.365946739912031 108.9482548981905 4.2413643300533286 6.6093853265047064 49.676992937922478 14.139219447970389 85.654981583356857 14.139219447970389 495.69234557449818 14.54905189573765 23.879069566726685 3.2786595821380606 3.8377076089382172 451.35705600678921 8.3150331526994687 56.147045344114304 6.4306696057319632
leaf_count=58 511 17 31 233 69 418 69 2419 71 112 16 18 2117 39 274 27
model_size=1824
internal_value=0 0.098242 -0.0692534 -0.10225 0.111816 -0.104439 0.0574974 -0.132881 0.0870936 0.0234695 0.141178 0.013273 0.143175 -0.136155 -0.103631 -0.11434
internal_weight=0 560.736 798.526 675.439 123.087 98.0209 108.675 566.764 94.5358 44.8588 462.715 7.11637 455.598 560.154 64.4621 20.9797
internal_count=6499 2644 3855 3275 580 476 512 2763 443 210 2168 34 2134 2732 313 98
is_linear=0
shrinkage=0.1


Tree=6
num_leaves= 18
num_cat= 0
full_tree_array_lgbids= 0 1 2 5 11 4 3 -1 -7 14 12 -2 -6 7 6 -2147483648 -2147483648 -2147483648 -2147483648 -3 -16 -13 -14 -2147483648 -2147483648 -2147483648 -2147483648 -4 15 8 -8 -2147483648 -2147483648 -2147483648 -2147483648 -2147483648 -2147483648 -2147483648 -2147483648 -2147483648 -2147483648 -2147483648 -2147483648 -2147483648 -2147483648 -2147483648 -2147483648 -2147483648 -2147483648 -2147483648 -2147483648 -2147483648 -2147483648 -2147483648 -2147483648 -2147483648 -2147483648 -9 16 10 9 -2147483648 -2147483648 -2147483648 -2147483648 -2147483648 -2147483648 -2147483648 -2147483648 -2147483648 -2147483648 -2147483648 -2147483648 -2147483648 -2147483648 -2147483648 -2147483648 -2147483648 -2147483648 -2147483648 -2147483648 -2147483648 -2147483648 -2147483648 -2147483648 -2147483648 -2147483648 -2147483648 -2147483648 -2147483648 -2147483648 -2147483648 -2147483648 -2147483648 -2147483648 -2147483648 -2147483648 -2147483648 -2147483648 -2147483648 -2147483648 -2147483648 -2147483648 -2147483648 -2147483648 -2147483648 -2147483648 -2147483648 -2147483648 -2147483648 -2147483648 -2147483648 -2147483648 -2147483648 -2147483648 -2147483648 -2147483648 -17 -18 -5 -12 13 -11 -2147483648 -2147483648 -2147483648 -2147483648 -2147483648 -2147483648 -2147483648 -2147483648 -2147483648 -2147483648 -2147483648 -2147483648 -2147483648 -2147483648 -2147483648 -2147483648 -2147483648 -2147483648 -2147483648 -2147483648 -2147483648 -2147483648 -2147483648 -2147483648 -2147483648 -2147483648 -2147483648 -2147483648 -2147483648 -2147483648 -2147483648 -2147483648 -2147483648 -2147483648 -2147483648 -2147483648 -2147483648 -2147483648 -2147483648 -2147483648 -2147483648 -2147483648 -2147483648 -2147483648 -2147483648 -2147483648 -2147483648 -2147483648 -2147483648 -2147483648 -2147483648 -2147483648 -2147483648 -2147483648 -2147483648 -2147483648 -2147483648 -2147483648 -2147483648 -2147483648 -2147483648 -2147483648 -2147483648 -2147483648 -2147483648 -2147483648 -2147483648 -2147483648 -2147483648 -2147483648 -2147483648 -2147483648 -2147483648 -2147483648 -2147483648 -2147483648 -2147483648 -2147483648 -2147483648 -2147483648 -2147483648 -2147483648 -2147483648 -2147483648 -2147483648 -2147483648 -2147483648 -2147483648 -2147483648 -2147483648 -2147483648 -2147483648 -2147483648 -2147483648 -2147483648 -2147483648 -2147483648 -2147483648 -2147483648 -2147483648 -2147483648 -2147483648 -2147483648 -2147483648 -2147483648 -2147483648 -2147483648 -2147483648 -2147483648 -2147483648 -2147483648 -2147483648 -2147483648 -2147483648 -2147483648 -2147483648 -2147483648 -2147483648 -2147483648 -2147483648 -10 -15 -2147483648 -2147483648 -2147483648 -2147483648 -2147483648 -2147483648 -2147483648 -2147483648 -2147483648 -2147483648
split_feature= 8 20 19 7 4 10 9 13 14 20 10 21 1 1 12 17 19
split_gain= 799.078 420.475 412.199 285.815 86.2623 74.4636 53.3591 42.9916 28.8506 31.4447 14.6211 8.48221 10.7038 7.65185 6.60943 4.9974 49.3093
threshold= 3.5000000000000004 3.5000000000000004 1.5000000000000002 1.0000000180025095e-35 4.5000000000000009 1.0000000180025095e-35 1.0000000180025095e-35 1.5000000000000002 6.5000000000000009 4.5000000000000009 3.5000000000000004 4.5000000000000009 1.5000000000000002 1.0000000180025095e-35 1.0000000180025095e-35 1.5000000000000002 6.5000000000000009
decision_type= 2 2 2 2 2 2 2 2 2 2 2 2 2 2 2 2 2
left_child=1 5 4 7 -2 -1 8 -4 10 13 -5 14 -13 -10 -3 -9 -17
right_child=2 11 3 6 -6 -7 -8 15 9 -11 -12 12 -14 -15 -16 16 -18
leaf_value= 0.13855140791954978 0.13855140791954978 -0.0024798143532451006 0.13855140791954978 -0.15063761588693428 -0.13509509769210032 -0.13509509769210032 -0.13509509769210032 -0.13509509769210032 0.058929975529655926 -0.13509509769210032 0.13855140791954976 -0.13509509769210032 0.13855140791954976 0.14227432453236805 0.13855140791954978 0.13855140791954978 -0.13509509769210032
leaf_weight=11.647865027189253 102.62170739471912 4.2408298254013053 6.2255830317735663 7.7796753048896772 13.268332377076147 80.379172950983047 13.268332377076147 465.16081188619137 17.843947470188141 5.3842508196830741 2.6107283681631088 3.0767147541046134 3.6148546636104584 55.668030887842178 425.1470734924078 7.8321851044893256 52.688740164041519
leaf_count=58 511 17 31 36 69 418 69 2419 90 28 13 16 18 276 2117 39 274
model_size=1936
internal_value=0 0.0941749 -0.0665603 -0.0983031 0.107221 -0.10046 0.0550106 -0.127863 0.083261 0.104495 -0.077975 0.135249 0.0127316 0.122044 0.137159 -0.131018 -0.0996817
internal_weight=0 528.107 750.352 634.462 115.89 92.027 102.555 531.907 89.2866 78.8962 10.3904 436.079 6.69157 73.512 429.388 525.682 60.5209
internal_count=6499 2644 3855 3275 580 476 512 2763 443 394 49 2168 34 366 2134 2732 313
is_linear=0
shrinkage=0.1


Tree=7
num_leaves= 17
num_cat= 0
full_tree_array_lgbids= 0 1 2 5 10 4 3 -1 -7 12 11 -2 -6 7 6 -2147483648 -2147483648 -2147483648 -2147483648 -3 -14 -12 -13 -2147483648 -2147483648 -2147483648 -2147483648 -4 13 8 -8 -2147483648 -2147483648 -2147483648 -2147483648 -2147483648 -2147483648 -2147483648 -2147483648 -2147483648 -2147483648 -2147483648 -2147483648 -2147483648 -2147483648 -2147483648 -2147483648 -2147483648 -2147483648 -2147483648 -2147483648 -2147483648 -2147483648 -2147483648 -2147483648 -2147483648 -2147483648 -9 14 -5 9 -2147483648 -2147483648 -2147483648 -2147483648 -2147483648 -2147483648 -2147483648 -2147483648 -2147483648 -2147483648 -2147483648 -2147483648 -2147483648 -2147483648 -2147483648 -2147483648 -2147483648 -2147483648 -2147483648 -2147483648 -2147483648 -2147483648 -2147483648 -2147483648 -2147483648 -2147483648 -2147483648 -2147483648 -2147483648 -2147483648 -2147483648 -2147483648 -2147483648 -2147483648 -2147483648 -2147483648 -2147483648 -2147483648 -2147483648 -2147483648 -2147483648 -2147483648 -2147483648 -2147483648 -2147483648 -2147483648 -2147483648 -2147483648 -2147483648 -2147483648 -2147483648 -2147483648 -2147483648 -2147483648 -2147483648 -2147483648 -15 -16 -2147483648 -2147483648 15 -11 -2147483648 -2147483648 -2147483648 -2147483648 -2147483648 -2147483648 -2147483648 -2147483648 -2147483648 -2147483648 -2147483648 -2147483648 -2147483648 -2147483648 -2147483648 -2147483648 -2147483648 -2147483648 -2147483648 -2147483648 -2147483648 -2147483648 -2147483648 -2147483648 -2147483648 -2147483648 -2147483648 -2147483648 -2147483648 -2147483648 -2147483648 -2147483648 -2147483648 -2147483648 -2147483648 -2147483648 -2147483648 -2147483648 -2147483648 -2147483648 -2147483648 -2147483648 -2147483648 -2147483648 -2147483648 -2147483648 -2147483648 -2147483648 -2147483648 -2147483648 -2147483648 -2147483648 -2147483648 -2147483648 -2147483648 -2147483648 -2147483648 -2147483648 -2147483648 -2147483648 -2147483648 -2147483648 -2147483648 -2147483648 -2147483648 -2147483648 -2147483648 -2147483648 -2147483648 -2147483648 -2147483648 -2147483648 -2147483648 -2147483648 -2147483648 -2147483648 -2147483648 -2147483648 -2147483648 -2147483648 -2147483648 -2147483648 -2147483648 -2147483648 -2147483648 -2147483648 -2147483648 -2147483648 -2147483648 -2147483648 -2147483648 -2147483648 -2147483648 -2147483648 -2147483648 -2147483648 -2147483648 -2147483648 -2147483648 -2147483648 -2147483648 -2147483648 -2147483648 -2147483648 -2147483648 -2147483648 -2147483648 -2147483648 -2147483648 -2147483648 -2147483648 -2147483648 -2147483648 -2147483648 -2147483648 -2147483648 -2147483648 -2147483648 -2147483648 -2147483648 -10 -17 -2147483648 -2147483648 -2147483648 -2147483648 -2147483648 -2147483648 -2147483648 -2147483648 -2147483648 -2147483648
split_feature= 8 20 19 7 4 10 9 13 21 3 21 1 12 17 19 1
split_gain= 695.733 365.629 358.901 250.073 74.8307 64.7105 45.8208 37.2425 26.2408 55.5174 7.05 9.04798 5.93232 4.07718 42.7751 1.5285
threshold= 3.5000000000000004 3.5000000000000004 1.5000000000000002 1.0000000180025095e-35 4.5000000000000009 1.0000000180025095e-35 1.0000000180025095e-35 1.5000000000000002 1.5000000000000002 1.0000000180025095e-35 4.5000000000000009 1.5000000000000002 1.0000000180025095e-35 1.5000000000000002 6.5000000000000009 2.5000000000000004
decision_type= 2 2 2 2 2 2 2 2 2 2 2 2 2 2 2 2
left_child=1 5 4 7 -2 -1 8 -4 -5 15 12 -12 -3 -9 -15 -10
right_child=2 10 3 6 -6 -7 -8 13 9 -11 11 -13 -14 14 -16 -17
leaf_value= 0.13356356395996258 0.13356356395996258 -0.0022321090491633213 0.13356356395996258 0.134254791362444 -0.13066022980921915 -0.13066022980921915 -0.13066022980921915 -0.13066022980921915 -0.13320973979727521 0.13343884967666281 -0.13066022980921915 0.13356356395996252 0.13356356395996258 0.13356356395996258 -0.13066022980921915 -0.044364780787842728
leaf_weight=10.912395119667051 96.14196389913559 4.240334838628768 5.8324870467185965 44.246965691447258 12.391892105340956 75.069723188877106 12.391892105340956 434.43459424376488 13.215802833437921 21.033169984817505 2.8734822273254386 3.3866053819656372 398.30242186784744 7.3376449942588797 49.208383142948151 6.2055435180664054
leaf_count=58 511 17 31 233 69 418 69 2419 71 112 16 18 2117 39 274 27
model_size=1824
internal_value=0 0.0907768 -0.064233 -0.0948664 0.103396 -0.0971263 0.0524454 -0.123656 0.0792339 0.019055 0.130298 0.0122805 0.132133 -0.126711 -0.0963735 -0.104822
internal_weight=0 494.785 702.44 593.906 108.534 85.9821 97.0934 496.813 84.7015 40.4545 408.803 6.26009 402.543 490.981 56.546 19.4213
internal_count=6499 2644 3855 3275 580 476 512 2763 443 210 2168 34 2134 2732 313 98
is_linear=0
shrinkage=0.1


Tree=8
num_leaves= 17
num_cat= 0
full_tree_array_lgbids= 0 1 2 5 10 4 3 -1 -7 12 11 -2 -6 7 6 -2147483648 -2147483648 -2147483648 -2147483648 -3 -14 -12 -13 -2147483648 -2147483648 -2147483648 -2147483648 -4 13 8 -8 -2147483648 -2147483648 -2147483648 -2147483648 -2147483648 -2147483648 -2147483648 -2147483648 -2147483648 -2147483648 -2147483648 -2147483648 -2147483648 -2147483648 -2147483648 -2147483648 -2147483648 -2147483648 -2147483648 -2147483648 -2147483648 -2147483648 -2147483648 -2147483648 -2147483648 -2147483648 -9 14 -5 9 -2147483648 -2147483648 -2147483648 -2147483648 -2147483648 -2147483648 -2147483648 -2147483648 -2147483648 -2147483648 -2147483648 -2147483648 -2147483648 -2147483648 -2147483648 -2147483648 -2147483648 -2147483648 -2147483648 -2147483648 -2147483648 -2147483648 -2147483648 -2147483648 -2147483648 -2147483648 -2147483648 -2147483648 -2147483648 -2147483648 -2147483648 -2147483648 -2147483648 -2147483648 -2147483648 -2147483648 -2147483648 -2147483648 -2147483648 -2147483648 -2147483648 -2147483648 -2147483648 -2147483648 -2147483648 -2147483648 -2147483648 -2147483648 -2147483648 -2147483648 -2147483648 -2147483648 -2147483648 -2147483648 -2147483648 -2147483648 -15 -16 -2147483648 -2147483648 15 -11 -2147483648 -2147483648 -2147483648 -2147483648 -2147483648 -2147483648 -2147483648 -2147483648 -2147483648 -2147483648 -2147483648 -2147483648 -2147483648 -2147483648 -2147483648 -2147483648 -2147483648 -2147483648 -2147483648 -2147483648 -2147483648 -2147483648 -2147483648 -2147483648 -2147483648 -2147483648 -2147483648 -2147483648 -2147483648 -2147483648 -2147483648 -2147483648 -2147483648 -2147483648 -2147483648 -2147483648 -2147483648 -2147483648 -2147483648 -2147483648 -2147483648 -2147483648 -2147483648 -2147483648 -2147483648 -2147483648 -2147483648 -2147483648 -2147483648 -2147483648 -2147483648 -2147483648 -2147483648 -2147483648 -2147483648 -2147483648 -2147483648 -2147483648 -2147483648 -2147483648 -2147483648 -2147483648 -2147483648 -2147483648 -2147483648 -2147483648 -2147483648 -2147483648 -2147483648 -2147483648 -2147483648 -2147483648 -2147483648 -2147483648 -2147483648 -2147483648 -2147483648 -2147483648 -2147483648 -2147483648 -2147483648 -2147483648 -2147483648 -2147483648 -2147483648 -2147483648 -2147483648 -2147483648 -2147483648 -2147483648 -2147483648 -2147483648 -2147483648 -2147483648 -2147483648 -2147483648 -2147483648 -2147483648 -2147483648 -2147483648 -2147483648 -2147483648 -2147483648 -2147483648 -2147483648 -2147483648 -2147483648 -2147483648 -2147483648 -2147483648 -2147483648 -2147483648 -2147483648 -2147483648 -2147483648 -2147483648 -2147483648 -2147483648 -2147483648 -2147483648 -10 -17 -2147483648 -2147483648 -2147483648 -2147483648 -2147483648 -2147483648 -2147483648 -2147483648 -2147483648 -2147483648
split_feature= 8 20 19 7 4 10 9 13 21 3 21 1 12 17 19 1
split_gain= 608.805 319.466 314.189 219.465 65.2143 56.4715 39.7371 32.3878 22.8174 47.9478 5.85763 7.64109 5.36815 3.30492 37.2322 1.34635
threshold= 3.5000000000000004 3.5000000000000004 1.5000000000000002 1.0000000180025095e-35 4.5000000000000009 1.0000000180025095e-35 1.0000000180025095e-35 1.5000000000000002 1.5000000000000002 1.0000000180025095e-35 4.5000000000000009 1.5000000000000002 1.0000000180025095e-35 1.5000000000000002 6.5000000000000009 2.5000000000000004
decision_type= 2 2 2 2 2 2 2 2 2 2 2 2 2 2 2 2
left_child=1 5 4 7 -2 -1 8 -4 -5 15 12 -12 -3 -9 -15 -10
right_child=2 10 3 6 -6 -7 -8 13 9 -11 11 -13 -14 14 -16 -17
leaf_value= 0.12936717161346731 0.12936717161346731 -0.0020091349345018731 0.12936717161346731 0.12995337131205617 -0.12690484179902931 -0.12690484179902931 -0.12690484179902931 -0.12690484179902931 -0.12908167615800739 0.12926170076718183 -0.12690484179902931 0.12936717161346728 0.12936717161346731 0.12936717161346731 -0.12690484179902931 -0.040465639473856702
leaf_weight=10.177520692348478 89.667466789484024 4.2398781031370154 5.4397093355655661 41.292317882180214 11.527180284261702 69.83132404088974 11.527180284261702 404.11955228447914 12.320632472634317 19.614526033401489 2.6729693412780753 3.1585409045219421 371.47950527071953 6.8435052931308737 45.774599969387054 6.1273833513259879
leaf_count=58 511 17 31 233 69 418 69 2419 71 112 16 18 2117 39 274 27
model_size=1824
internal_value=0 0.0879038 -0.062311 -0.0920415 0.100175 -0.0943058 0.0506185 -0.120094 0.0764057 0.0183143 0.126112 0.0119006 0.127885 -0.123065 -0.0935741 -0.0996485
internal_weight=0 461.56 654.254 553.059 101.195 80.0088 90.882 462.177 79.3549 38.0625 381.551 5.83151 375.719 456.738 52.6181 18.448
internal_count=6499 2644 3855 3275 580 476 512 2763 443 210 2168 34 2134 2732 313 98
is_linear=0
shrinkage=0.1


Tree=9
num_leaves= 18
num_cat= 0
full_tree_array_lgbids= 0 1 2 5 12 4 3 -1 -7 14 13 -2 -6 7 6 -2147483648 -2147483648 -2147483648 -2147483648 -3 -16 -14 -15 -2147483648 -2147483648 -2147483648 -2147483648 -4 15 8 -8 -2147483648 -2147483648 -2147483648 -2147483648 -2147483648 -2147483648 -2147483648 -2147483648 -2147483648 -2147483648 -2147483648 -2147483648 -2147483648 -2147483648 -2147483648 -2147483648 -2147483648 -2147483648 -2147483648 -2147483648 -2147483648 -2147483648 -2147483648 -2147483648 -2147483648 -2147483648 -9 16 10 9 -2147483648 -2147483648 -2147483648 -2147483648 -2147483648 -2147483648 -2147483648 -2147483648 -2147483648 -2147483648 -2147483648 -2147483648 -2147483648 -2147483648 -2147483648 -2147483648 -2147483648 -2147483648 -2147483648 -2147483648 -2147483648 -2147483648 -2147483648 -2147483648 -2147483648 -2147483648 -2147483648 -2147483648 -2147483648 -2147483648 -2147483648 -2147483648 -2147483648 -2147483648 -2147483648 -2147483648 -2147483648 -2147483648 -2147483648 -2147483648 -2147483648 -2147483648 -2147483648 -2147483648 -2147483648 -2147483648 -2147483648 -2147483648 -2147483648 -2147483648 -2147483648 -2147483648 -2147483648 -2147483648 -2147483648 -2147483648 -17 -18 -5 -12 11 -11 -2147483648 -2147483648 -2147483648 -2147483648 -2147483648 -2147483648 -2147483648 -2147483648 -2147483648 -2147483648 -2147483648 -2147483648 -2147483648 -2147483648 -2147483648 -2147483648 -2147483648 -2147483648 -2147483648 -2147483648 -2147483648 -2147483648 -2147483648 -2147483648 -2147483648 -2147483648 -2147483648 -2147483648 -2147483648 -2147483648 -2147483648 -2147483648 -2147483648 -2147483648 -2147483648 -2147483648 -2147483648 -2147483648 -2147483648 -2147483648 -2147483648 -2147483648 -2147483648 -2147483648 -2147483648 -2147483648 -2147483648 -2147483648 -2147483648 -2147483648 -2147483648 -2147483648 -2147483648 -2147483648 -2147483648 -2147483648 -2147483648 -2147483648 -2147483648 -2147483648 -2147483648 -2147483648 -2147483648 -2147483648 -2147483648 -2147483648 -2147483648 -2147483648 -2147483648 -2147483648 -2147483648 -2147483648 -2147483648 -2147483648 -2147483648 -2147483648 -2147483648 -2147483648 -2147483648 -2147483648 -2147483648 -2147483648 -2147483648 -2147483648 -2147483648 -2147483648 -2147483648 -2147483648 -2147483648 -2147483648 -2147483648 -2147483648 -2147483648 -2147483648 -2147483648 -2147483648 -2147483648 -2147483648 -2147483648 -2147483648 -2147483648 -2147483648 -2147483648 -2147483648 -2147483648 -2147483648 -2147483648 -2147483648 -2147483648 -2147483648 -2147483648 -2147483648 -2147483648 -2147483648 -2147483648 -2147483648 -2147483648 -2147483648 -2147483648 -2147483648 -10 -13 -2147483648 -2147483648 -2147483648 -2147483648 -2147483648 -2147483648 -2147483648 -2147483648 -2147483648 -2147483648
split_feature= 8 20 19 7 4 10 9 13 14 20 6 1 21 1 12 17 19
split_gain= 534.805 280.233 276.067 193.31 57.0324 49.4342 34.55 28.2356 21.0925 20.116 9.41727 5.4903 4.83761 6.4263 4.8826 2.634 32.4871
threshold= 3.5000000000000004 3.5000000000000004 1.5000000000000002 1.0000000180025095e-35 4.5000000000000009 1.0000000180025095e-35 1.0000000180025095e-35 1.5000000000000002 6.5000000000000009 4.5000000000000009 1.0000000180025095e-35 1.0000000180025095e-35 4.5000000000000009 1.5000000000000002 1.0000000180025095e-35 1.5000000000000002 6.5000000000000009
decision_type= 2 2 2 2 2 2 2 2 2 2 2 2 2 2 2 2 2
left_child=1 5 4 7 -2 -1 8 -4 10 11 -5 -10 14 -14 -3 -9 -17
right_child=2 12 3 6 -6 -7 -8 15 9 -11 -12 -13 13 -15 -16 16 -18
leaf_value= 0.12580350276737742 0.12580350276737742 -0.001808403393882229 0.12580350276737742 0.12577056612071005 -0.12369825373571018 -0.12369825373571018 -0.12369825373571018 -0.12369825373571018 0.05016245286561985 -0.12358650363105472 -0.13915572337706392 0.13045048253129171 -0.12369825373571018 0.1258035027673774 0.12580350276737742 0.12580350276737742 -0.12369825373571018
leaf_weight=9.456299960613249 83.313263446092606 4.2394580990076056 5.0542292892932883 2.1179187148809415 10.686567977070807 64.738919049501419 10.686567977070807 374.64939038455486 15.418921262025831 4.323939085006713 6.8314222097396851 45.412517458200455 2.4780447483062735 2.9347137808799744 345.15494856238365 6.3585465252399436 42.436516314744949
leaf_count=58 511 17 31 13 69 418 69 2419 90 28 36 276 16 18 2117 39 274
model_size=1936
internal_value=0 0.08545 -0.0606644 -0.089618 0.0974384 -0.0918989 0.0490261 -0.117053 0.0739345 0.0945917 -0.0764592 0.1101 0.122536 0.0115777 0.124255 -0.119952 -0.0911854
internal_weight=0 429.002 607.29 513.29 93.9998 74.1952 84.7913 428.499 74.1047 65.1554 8.94934 60.8314 354.807 5.41276 349.394 423.444 48.7951
internal_count=6499 2644 3855 3275 580 476 512 2763 443 394 49 366 2168 34 2134 2732 313
is_linear=0
shrinkage=0.1


Tree=10
num_leaves= 17
num_cat= 0
full_tree_array_lgbids= 0 1 2 5 11 4 3 -1 -7 13 12 -2 -6 7 6 -2147483648 -2147483648 -2147483648 -2147483648 -3 -15 -13 -14 -2147483648 -2147483648 -2147483648 -2147483648 -4 14 8 -8 -2147483648 -2147483648 -2147483648 -2147483648 -2147483648 -2147483648 -2147483648 -2147483648 -2147483648 -2147483648 -2147483648 -2147483648 -2147483648 -2147483648 -2147483648 -2147483648 -2147483648 -2147483648 -2147483648 -2147483648 -2147483648 -2147483648 -2147483648 -2147483648 -2147483648 -2147483648 -9 15 -5 9 -2147483648 -2147483648 -2147483648 -2147483648 -2147483648 -2147483648 -2147483648 -2147483648 -2147483648 -2147483648 -2147483648 -2147483648 -2147483648 -2147483648 -2147483648 -2147483648 -2147483648 -2147483648 -2147483648 -2147483648 -2147483648 -2147483648 -2147483648 -2147483648 -2147483648 -2147483648 -2147483648 -2147483648 -2147483648 -2147483648 -2147483648 -2147483648 -2147483648 -2147483648 -2147483648 -2147483648 -2147483648 -2147483648 -2147483648 -2147483648 -2147483648 -2147483648 -2147483648 -2147483648 -2147483648 -2147483648 -2147483648 -2147483648 -2147483648 -2147483648 -2147483648 -2147483648 -2147483648 -2147483648 -2147483648 -2147483648 -16 -17 -2147483648 -2147483648 10 -11 -2147483648 -2147483648 -2147483648 -2147483648 -2147483648 -2147483648 -2147483648 -2147483648 -2147483648 -2147483648 -2147483648 -2147483648 -2147483648 -2147483648 -2147483648 -2147483648 -2147483648 -2147483648 -2147483648 -2147483648 -2147483648 -2147483648 -2147483648 -2147483648 -2147483648 -2147483648 -2147483648 -2147483648 -2147483648 -2147483648 -2147483648 -2147483648 -2147483648 -2147483648 -2147483648 -2147483648 -2147483648 -2147483648 -2147483648 -2147483648 -2147483648 -2147483648 -2147483648 -2147483648 -2147483648 -2147483648 -2147483648 -2147483648 -2147483648 -2147483648 -2147483648 -2147483648 -2147483648 -2147483648 -2147483648 -2147483648 -2147483648 -2147483648 -2147483648 -2147483648 -2147483648 -2147483648 -2147483648 -2147483648 -2147483648 -2147483648 -2147483648 -2147483648 -2147483648 -2147483648 -2147483648 -2147483648 -2147483648 -2147483648 -2147483648 -2147483648 -2147483648 -2147483648 -2147483648 -2147483648 -2147483648 -2147483648 -2147483648 -2147483648 -2147483648 -2147483648 -2147483648 -2147483648 -2147483648 -2147483648 -2147483648 -2147483648 -2147483648 -2147483648 -2147483648 -2147483648 -2147483648 -2147483648 -2147483648 -2147483648 -2147483648 -2147483648 -2147483648 -2147483648 -2147483648 -2147483648 -2147483648 -2147483648 -2147483648 -2147483648 -2147483648 -2147483648 -2147483648 -2147483648 -2147483648 -2147483648 -2147483648 -2147483648 -2147483648 -2147483648 -10 -12 -2147483648 -2147483648 -2147483648 -2147483648 -2147483648 -2147483648 -2147483648 -2147483648 -2147483648 -2147483648
split_feature= 8 20 19 7 4 10 9 13 21 3 2 21 1 12 17 19
split_gain= 471.114 246.612 243.044 171.074 50 43.3633 29.8715 24.6423 18.6323 36.9752 18.5343 3.94138 5.36653 4.45666 2.03094 28.3924
threshold= 3.5000000000000004 3.5000000000000004 1.5000000000000002 1.0000000180025095e-35 4.5000000000000009 1.0000000180025095e-35 1.0000000180025095e-35 1.5000000000000002 1.5000000000000002 1.0000000180025095e-35 8.5000000000000018 4.5000000000000009 1.5000000000000002 1.0000000180025095e-35 1.5000000000000002 6.5000000000000009
decision_type= 2 2 2 2 2 2 2 2 2 2 2 2 2 2 2 2
left_child=1 5 4 7 -2 -1 8 -4 -5 10 -10 13 -13 -3 -9 -16
right_child=2 11 3 6 -6 -7 -8 14 9 -11 -12 12 -14 -15 15 -17
leaf_value= 0.12275322415096231 0.12275322415096231 -0.0016277265246940941 0.12275322415096231 0.12370827664218938 -0.12094088198253522 -0.12094088198253522 -0.12094088198253522 -0.12094088198253522 -0.12941535731888873 0.12256876657107972 0.23628703460487233 -0.12094088198253522 0.12275322415096229 0.12275322415096231 0.12275322415096231 -0.12094088198253522
leaf_weight=8.7580039203166944 77.161034539341927 4.2390727996826163 4.6810020953416815 35.966944381594658 9.8786517977714521 59.844586253166199 9.8786517977714521 346.32548838853836 15.194400012493134 16.825435161590576 1.7087274640798575 2.2907018661499015 2.7180012166500092 319.66714309155941 5.8890026360750189 39.228269457817078
leaf_count=58 511 17 31 233 69 418 69 2419 91 112 7 16 18 2117 39 274
model_size=1824
internal_value=0 0.0833354 -0.0591757 -0.0874029 0.0950949 -0.0898302 0.04718 -0.114438 0.0710095 0.0148134 -0.0924467 0.119453 0.0113011 0.121125 -0.117275 -0.0891323
internal_weight=0 397.518 562.738 475.698 87.0397 68.6026 79.5742 396.124 69.6955 33.7286 16.9031 328.915 5.0087 323.906 391.443 45.1173
internal_count=6499 2644 3855 3275 580 476 512 2763 443 210 98 2168 34 2134 2732 313
is_linear=0
shrinkage=0.1


Tree=11
num_leaves= 17
num_cat= 0
full_tree_array_lgbids= 0 1 2 5 11 4 3 -1 -7 13 12 -2 -6 7 6 -2147483648 -2147483648 -2147483648 -2147483648 -3 -15 -13 -14 -2147483648 -2147483648 -2147483648 -2147483648 -4 14 8 -8 -2147483648 -2147483648 -2147483648 -2147483648 -2147483648 -2147483648 -2147483648 -2147483648 -2147483648 -2147483648 -2147483648 -2147483648 -2147483648 -2147483648 -2147483648 -2147483648 -2147483648 -2147483648 -2147483648 -2147483648 -2147483648 -2147483648 -2147483648 -2147483648 -2147483648 -2147483648 -9 15 -5 9 -2147483648 -2147483648 -2147483648 -2147483648 -2147483648 -2147483648 -2147483648 -2147483648 -2147483648 -2147483648 -2147483648 -2147483648 -2147483648 -2147483648 -2147483648 -2147483648 -2147483648 -2147483648 -2147483648 -2147483648 -2147483648 -2147483648 -2147483648 -2147483648 -2147483648 -2147483648 -2147483648 -2147483648 -2147483648 -2147483648 -2147483648 -2147483648 -2147483648 -2147483648 -2147483648 -2147483648 -2147483648 -2147483648 -2147483648 -2147483648 -2147483648 -2147483648 -2147483648 -2147483648 -2147483648 -2147483648 -2147483648 -2147483648 -2147483648 -2147483648 -2147483648 -2147483648 -2147483648 -2147483648 -2147483648 -2147483648 -16 -17 -2147483648 -2147483648 10 -11 -2147483648 -2147483648 -2147483648 -2147483648 -2147483648 -2147483648 -2147483648 -2147483648 -2147483648 -2147483648 -2147483648 -2147483648 -2147483648 -2147483648 -2147483648 -2147483648 -2147483648 -2147483648 -2147483648 -2147483648 -2147483648 -2147483648 -2147483648 -2147483648 -2147483648 -2147483648 -2147483648 -2147483648 -2147483648 -2147483648 -2147483648 -2147483648 -2147483648 -2147483648 -2147483648 -2147483648 -2147483648 -2147483648 -2147483648 -2147483648 -2147483648 -2147483648 -2147483648 -2147483648 -2147483648 -2147483648 -2147483648 -2147483648 -2147483648 -2147483648 -2147483648 -2147483648 -2147483648 -2147483648 -2147483648 -2147483648 -2147483648 -2147483648 -2147483648 -2147483648 -2147483648 -2147483648 -2147483648 -2147483648 -2147483648 -2147483648 -2147483648 -2147483648 -2147483648 -2147483648 -2147483648 -2147483648 -2147483648 -2147483648 -2147483648 -2147483648 -2147483648 -2147483648 -2147483648 -2147483648 -2147483648 -2147483648 -2147483648 -2147483648 -2147483648 -2147483648 -2147483648 -2147483648 -2147483648 -2147483648 -2147483648 -2147483648 -2147483648 -2147483648 -2147483648 -2147483648 -2147483648 -2147483648 -2147483648 -2147483648 -2147483648 -2147483648 -2147483648 -2147483648 -2147483648 -2147483648 -2147483648 -2147483648 -2147483648 -2147483648 -2147483648 -2147483648 -2147483648 -2147483648 -2147483648 -2147483648 -2147483648 -2147483648 -2147483648 -2147483648 -10 -12 -2147483648 -2147483648 -2147483648 -2147483648 -2147483648 -2147483648 -2147483648 -2147483648 -2147483648 -2147483648
split_feature= 8 20 19 7 4 10 9 13 21 3 2 21 1 12 17 19
split_gain= 416.408 217.628 214.832 151.418 43.9339 38.1122 26.0591 21.5322 16.277 32.2471 15.2219 3.16719 4.45664 4.09975 1.5052 24.8575
threshold= 3.5000000000000004 3.5000000000000004 1.5000000000000002 1.0000000180025095e-35 4.5000000000000009 1.0000000180025095e-35 1.0000000180025095e-35 1.5000000000000002 1.5000000000000002 1.0000000180025095e-35 8.5000000000000018 4.5000000000000009 1.5000000000000002 1.0000000180025095e-35 1.5000000000000002 6.5000000000000009
decision_type= 2 2 2 2 2 2 2 2 2 2 2 2 2 2 2 2
left_child=1 5 4 7 -2 -1 8 -4 -5 10 -10 13 -13 -3 -9 -16
right_child=2 11 3 6 -6 -7 -8 14 9 -11 -12 12 -14 -15 15 -17
leaf_value= 0.120124818310304 0.120124818310304 -0.0014650731409505684 0.120124818310304 0.12095399486034689 -0.11855542649094364 -0.11855542649094364 -0.11855542649094364 -0.11855542649094364 -0.12593996998306398 0.11996535087794674 0.20760597461117897 -0.11855542649094364 0.12012481831030396 0.120124818310304 0.120124818310304 -0.11855542649094364
leaf_weight=8.0889927148818952 71.26681512594223 4.2387201786041251 4.3234271407127371 33.246943026781082 9.1091340333223325 55.18286994099617 9.1091340333223325 319.34775690734386 14.108153805136679 15.537578582763672 1.7476510852575309 2.1122629642486563 2.510377049446106 295.24823409318924 5.4391502737998954 36.172503262758255
leaf_count=58 511 17 31 233 69 418 69 2419 91 112 7 16 18 2117 39 274
model_size=1824
internal_value=0 0.0814985 -0.0579577 -0.0856081 0.0930748 -0.0880413 0.0459858 -0.112176 0.069173 0.0143347 -0.089176 0.116772 0.0110626 0.118404 -0.114959 -0.087357
internal_weight=0 367.381 519.408 439.032 80.3759 63.2719 73.7495 365.283 64.6403 31.3934 15.8558 304.11 4.62264 299.487 360.959 41.6117
internal_count=6499 2644 3855 3275 580 476 512 2763 443 210 98 2168 34 2134 2732 313
is_linear=0
shrinkage=0.1


Tree=12
num_leaves= 17
num_cat= 0
full_tree_array_lgbids= 0 1 2 5 11 4 3 -1 -7 12 13 -2 -6 7 6 -2147483648 -2147483648 -2147483648 -2147483648 -3 -14 -13 -15 -2147483648 -2147483648 -2147483648 -2147483648 -4 14 8 -8 -2147483648 -2147483648 -2147483648 -2147483648 -2147483648 -2147483648 -2147483648 -2147483648 -2147483648 -2147483648 -2147483648 -2147483648 -2147483648 -2147483648 -2147483648 -2147483648 -2147483648 -2147483648 -2147483648 -2147483648 -2147483648 -2147483648 -2147483648 -2147483648 -2147483648 -2147483648 -9 15 -5 9 -2147483648 -2147483648 -2147483648 -2147483648 -2147483648 -2147483648 -2147483648 -2147483648 -2147483648 -2147483648 -2147483648 -2147483648 -2147483648 -2147483648 -2147483648 -2147483648 -2147483648 -2147483648 -2147483648 -2147483648 -2147483648 -2147483648 -2147483648 -2147483648 -2147483648 -2147483648 -2147483648 -2147483648 -2147483648 -2147483648 -2147483648 -2147483648 -2147483648 -2147483648 -2147483648 -2147483648 -2147483648 -2147483648 -2147483648 -2147483648 -2147483648 -2147483648 -2147483648 -2147483648 -2147483648 -2147483648 -2147483648 -2147483648 -2147483648 -2147483648 -2147483648 -2147483648 -2147483648 -2147483648 -2147483648 -2147483648 -16 -17 -2147483648 -2147483648 10 -11 -2147483648 -2147483648 -2147483648 -2147483648 -2147483648 -2147483648 -2147483648 -2147483648 -2147483648 -2147483648 -2147483648 -2147483648 -2147483648 -2147483648 -2147483648 -2147483648 -2147483648 -2147483648 -2147483648 -2147483648 -2147483648 -2147483648 -2147483648 -2147483648 -2147483648 -2147483648 -2147483648 -2147483648 -2147483648 -2147483648 -2147483648 -2147483648 -2147483648 -2147483648 -2147483648 -2147483648 -2147483648 -2147483648 -2147483648 -2147483648 -2147483648 -2147483648 -2147483648 -2147483648 -2147483648 -2147483648 -2147483648 -2147483648 -2147483648 -2147483648 -2147483648 -2147483648 -2147483648 -2147483648 -2147483648 -2147483648 -2147483648 -2147483648 -2147483648 -2147483648 -2147483648 -2147483648 -2147483648 -2147483648 -2147483648 -2147483648 -2147483648 -2147483648 -2147483648 -2147483648 -2147483648 -2147483648 -2147483648 -2147483648 -2147483648 -2147483648 -2147483648 -2147483648 -2147483648 -2147483648 -2147483648 -2147483648 -2147483648 -2147483648 -2147483648 -2147483648 -2147483648 -2147483648 -2147483648 -2147483648 -2147483648 -2147483648 -2147483648 -2147483648 -2147483648 -2147483648 -2147483648 -2147483648 -2147483648 -2147483648 -2147483648 -2147483648 -2147483648 -2147483648 -2147483648 -2147483648 -2147483648 -2147483648 -2147483648 -2147483648 -2147483648 -2147483648 -2147483648 -2147483648 -2147483648 -2147483648 -2147483648 -2147483648 -2147483648 -2147483648 -10 -12 -2147483648 -2147483648 -2147483648 -2147483648 -2147483648 -2147483648 -2147483648 -2147483648 -2147483648 -2147483648
split_feature= 8 20 19 7 4 10 9 13 21 3 2 21 12 1 17 19
split_gain= 368.942 192.498 190.344 134.3 38.6726 33.5469 22.7682 18.8271 14.2092 28.1816 12.6671 2.4955 3.78575 3.65861 1.04567 21.7772
threshold= 3.5000000000000004 3.5000000000000004 1.5000000000000002 1.0000000180025095e-35 4.5000000000000009 1.0000000180025095e-35 1.0000000180025095e-35 1.5000000000000002 1.5000000000000002 1.0000000180025095e-35 8.5000000000000018 4.5000000000000009 1.0000000180025095e-35 1.5000000000000002 1.5000000000000002 6.5000000000000009
decision_type= 2 2 2 2 2 2 2 2 2 2 2 2 2 2 2 2
left_child=1 5 4 7 -2 -1 8 -4 -5 10 -10 12 -3 -13 -9 -16
right_child=2 11 3 6 -6 -7 -8 14 9 -11 -12 13 -14 -15 15 -17
leaf_value= 0.11784687452276783 0.11784687452276783 -0.0013186816803016483 0.11784687452276783 0.11857038910500804 -0.11648097729749039 -0.11648097729749039 -0.11648097729749039 -0.11648097729749039 -0.12294671671901324 0.117708294105995 0.18743277368081201 -0.11648097729749039 0.11784687452276783 0.11784687452276779 0.11784687452276783 -0.11648097729749039
leaf_weight=7.4533958137035361 65.666987255215645 4.2383979558944693 3.9837115556001654 30.6565892547369 8.3815043270587903 50.774910271167755 8.3815043270587903 293.83853575587273 13.060275807976721 14.314645051956177 1.7421326637268073 1.9435372352600087 272.0489472001791 2.3131228387355804 5.0117661505937567 33.283075153827667
leaf_count=58 511 17 31 233 69 418 69 2419 91 112 7 16 2117 18 39 274
model_size=1824
internal_value=0 0.0798908 -0.0569002 -0.0840496 0.0913234 -0.0864863 0.0449628 -0.11021 0.0676005 0.0139357 -0.0864174 0.114423 0.116019 0.0108557 -0.112945 -0.0858138
internal_weight=0 338.772 478.321 404.272 74.0485 58.2283 68.1551 336.117 59.7736 29.1171 14.8024 280.544 276.287 4.25666 332.133 38.2948
internal_count=6499 2644 3855 3275 580 476 512 2763 443 210 98 2168 2134 34 2732 313
is_linear=0
shrinkage=0.1


Tree=13
num_leaves= 17
num_cat= 0
full_tree_array_lgbids= 0 1 2 5 11 4 3 -1 -7 12 13 -2 -6 7 6 -2147483648 -2147483648 -2147483648 -2147483648 -3 -14 -13 -15 -2147483648 -2147483648 -2147483648 -2147483648 -4 14 8 -8 -2147483648 -2147483648 -2147483648 -2147483648 -2147483648 -2147483648 -2147483648 -2147483648 -2147483648 -2147483648 -2147483648 -2147483648 -2147483648 -2147483648 -2147483648 -2147483648 -2147483648 -2147483648 -2147483648 -2147483648 -2147483648 -2147483648 -2147483648 -2147483648 -2147483648 -2147483648 -9 15 -5 9 -2147483648 -2147483648 -2147483648 -2147483648 -2147483648 -2147483648 -2147483648 -2147483648 -2147483648 -2147483648 -2147483648 -2147483648 -2147483648 -2147483648 -2147483648 -2147483648 -2147483648 -2147483648 -2147483648 -2147483648 -2147483648 -2147483648 -2147483648 -2147483648 -2147483648 -2147483648 -2147483648 -2147483648 -2147483648 -2147483648 -2147483648 -2147483648 -2147483648 -2147483648 -2147483648 -2147483648 -2147483648 -2147483648 -2147483648 -2147483648 -2147483648 -2147483648 -2147483648 -2147483648 -2147483648 -2147483648 -2147483648 -2147483648 -2147483648 -2147483648 -2147483648 -2147483648 -2147483648 -2147483648 -2147483648 -2147483648 -16 -17 -2147483648 -2147483648 10 -11 -2147483648 -2147483648 -2147483648 -2147483648 -2147483648 -2147483648 -2147483648 -2147483648 -2147483648 -2147483648 -2147483648 -2147483648 -2147483648 -2147483648 -2147483648 -2147483648 -2147483648 -2147483648 -2147483648 -2147483648 -2147483648 -2147483648 -2147483648 -2147483648 -2147483648 -2147483648 -2147483648 -2147483648 -2147483648 -2147483648 -2147483648 -2147483648 -2147483648 -2147483648 -2147483648 -2147483648 -2147483648 -2147483648 -2147483648 -2147483648 -2147483648 -2147483648 -2147483648 -2147483648 -2147483648 -2147483648 -2147483648 -2147483648 -2147483648 -2147483648 -2147483648 -2147483648 -2147483648 -2147483648 -2147483648 -2147483648 -2147483648 -2147483648 -2147483648 -2147483648 -2147483648 -2147483648 -2147483648 -2147483648 -2147483648 -2147483648 -2147483648 -2147483648 -2147483648 -2147483648 -2147483648 -2147483648 -2147483648 -2147483648 -2147483648 -2147483648 -2147483648 -2147483648 -2147483648 -2147483648 -2147483648 -2147483648 -2147483648 -2147483648 -2147483648 -2147483648 -2147483648 -2147483648 -2147483648 -2147483648 -2147483648 -2147483648 -2147483648 -2147483648 -2147483648 -2147483648 -2147483648 -2147483648 -2147483648 -2147483648 -2147483648 -2147483648 -2147483648 -2147483648 -2147483648 -2147483648 -2147483648 -2147483648 -2147483648 -2147483648 -2147483648 -2147483648 -2147483648 -2147483648 -2147483648 -2147483648 -2147483648 -2147483648 -2147483648 -2147483648 -10 -12 -2147483648 -2147483648 -2147483648 -2147483648 -2147483648 -2147483648 -2147483648 -2147483648 -2147483648 -2147483648
split_feature= 8 20 19 7 4 10 9 13 21 3 2 12 1 21 17 19
split_gain= 327.553 170.596 168.981 119.32 34.0802 29.5531 19.904 16.4568 12.3828 24.6579 10.6103 2.18664 15.3203 3.6743 0.635599 19.0799
threshold= 3.5000000000000004 3.5000000000000004 1.5000000000000002 1.0000000180025095e-35 4.5000000000000009 1.0000000180025095e-35 1.0000000180025095e-35 1.5000000000000002 1.5000000000000002 1.0000000180025095e-35 8.5000000000000018 1.0000000180025095e-35 2.5000000000000004 4.5000000000000009 1.5000000000000002 6.5000000000000009
decision_type= 2 2 2 2 2 2 2 2 2 2 2 2 2 2 2 2
left_child=1 5 4 7 -2 -1 8 -4 -5 10 -10 12 -3 -13 -9 -16
right_child=2 11 3 6 -6 -7 -8 14 9 -11 -12 13 -14 -15 15 -17
leaf_value= 0.11586288176687953 0.11586288176687953 0.17802489741405325 0.11586288176687953 0.11649689931399348 -0.11466884050498732 -0.11466884050498732 -0.11466884050498732 -0.11466884050498732 -0.1203531979913639 0.11574188153755477 0.17248918790366261 0.11586288176687953 -0.18995054229893427 -0.028597349999901392 0.11586288176687953 -0.11466884050498732
leaf_weight=6.8536426723003379 60.382955268025398 3.0578982084989539 3.6631538420915595 28.207487918436527 7.6975774168968192 46.631700873374939 7.6975774168968192 269.86144596338272 12.058919340372084 13.161142349243164 1.7054834812879569 250.15795753896236 2.2437021732330322 2.8484417647123328 4.6084838658571234 30.567191481590271
leaf_count=58 511 17 31 233 69 418 69 2419 91 112 7 2117 9 25 39 274
model_size=1824
internal_value=0 0.0784739 -0.0559776 -0.08269 0.0897976 -0.0851284 0.0440797 -0.108492 0.0662439 0.0135984 -0.0840685 0.112349 0.0222932 0.114236 -0.111186 -0.0844661
internal_weight=0 311.793 439.611 371.531 68.0805 53.4853 62.8306 308.7 55.133 26.9255 13.7644 258.308 5.3016 253.006 305.037 35.1757
internal_count=6499 2644 3855 3275 580 476 512 2763 443 210 98 2168 26 2142 2732 313
is_linear=0
shrinkage=0.1


Tree=14
num_leaves= 18
num_cat= 0
full_tree_array_lgbids= 0 1 2 5 11 4 3 -1 -7 12 13 -2 -6 7 6 -2147483648 -2147483648 -2147483648 -2147483648 -3 -14 -13 14 -2147483648 -2147483648 -2147483648 -2147483648 -4 15 8 -8 -2147483648 -2147483648 -2147483648 -2147483648 -2147483648 -2147483648 -2147483648 -2147483648 -2147483648 -2147483648 -2147483648 -2147483648 -2147483648 -2147483648 -15 -16 -2147483648 -2147483648 -2147483648 -2147483648 -2147483648 -2147483648 -2147483648 -2147483648 -2147483648 -2147483648 -9 16 -5 9 -2147483648 -2147483648 -2147483648 -2147483648 -2147483648 -2147483648 -2147483648 -2147483648 -2147483648 -2147483648 -2147483648 -2147483648 -2147483648 -2147483648 -2147483648 -2147483648 -2147483648 -2147483648 -2147483648 -2147483648 -2147483648 -2147483648 -2147483648 -2147483648 -2147483648 -2147483648 -2147483648 -2147483648 -2147483648 -2147483648 -2147483648 -2147483648 -2147483648 -2147483648 -2147483648 -2147483648 -2147483648 -2147483648 -2147483648 -2147483648 -2147483648 -2147483648 -2147483648 -2147483648 -2147483648 -2147483648 -2147483648 -2147483648 -2147483648 -2147483648 -2147483648 -2147483648 -2147483648 -2147483648 -2147483648 -2147483648 -17 -18 -2147483648 -2147483648 10 -11 -2147483648 -2147483648 -2147483648 -2147483648 -2147483648 -2147483648 -2147483648 -2147483648 -2147483648 -2147483648 -2147483648 -2147483648 -2147483648 -2147483648 -2147483648 -2147483648 -2147483648 -2147483648 -2147483648 -2147483648 -2147483648 -2147483648 -2147483648 -2147483648 -2147483648 -2147483648 -2147483648 -2147483648 -2147483648 -2147483648 -2147483648 -2147483648 -2147483648 -2147483648 -2147483648 -2147483648 -2147483648 -2147483648 -2147483648 -2147483648 -2147483648 -2147483648 -2147483648 -2147483648 -2147483648 -2147483648 -2147483648 -2147483648 -2147483648 -2147483648 -2147483648 -2147483648 -2147483648 -2147483648 -2147483648 -2147483648 -2147483648 -2147483648 -2147483648 -2147483648 -2147483648 -2147483648 -2147483648 -2147483648 -2147483648 -2147483648 -2147483648 -2147483648 -2147483648 -2147483648 -2147483648 -2147483648 -2147483648 -2147483648 -2147483648 -2147483648 -2147483648 -2147483648 -2147483648 -2147483648 -2147483648 -2147483648 -2147483648 -2147483648 -2147483648 -2147483648 -2147483648 -2147483648 -2147483648 -2147483648 -2147483648 -2147483648 -2147483648 -2147483648 -2147483648 -2147483648 -2147483648 -2147483648 -2147483648 -2147483648 -2147483648 -2147483648 -2147483648 -2147483648 -2147483648 -2147483648 -2147483648 -2147483648 -2147483648 -2147483648 -2147483648 -2147483648 -2147483648 -2147483648 -2147483648 -2147483648 -2147483648 -2147483648 -2147483648 -2147483648 -10 -12 -2147483648 -2147483648 -2147483648 -2147483648 -2147483648 -2147483648 -2147483648 -2147483648 -2147483648 -2147483648
split_feature= 8 20 19 7 4 10 9 13 21 3 2 12 1 21 1 17 19
split_gain= 291.233 151.338 150.259 106.152 30.046 26.0367 17.3904 14.3631 10.7574 21.5791 8.90164 1.93197 12.4319 3.2125 1.28665 0.259911 16.6999
threshold= 3.5000000000000004 3.5000000000000004 1.5000000000000002 1.0000000180025095e-35 4.5000000000000009 1.0000000180025095e-35 1.0000000180025095e-35 1.5000000000000002 1.5000000000000002 1.0000000180025095e-35 8.5000000000000018 1.0000000180025095e-35 2.5000000000000004 4.5000000000000009 1.5000000000000002 1.5000000000000002 6.5000000000000009
decision_type= 2 2 2 2 2 2 2 2 2 2 2 2 2 2 2 2 2
left_child=1 5 4 7 -2 -1 8 -4 -5 10 -10 12 -3 -13 -15 -9 -17
right_child=2 11 3 6 -6 -7 -8 15 9 -11 -12 13 -14 14 -16 16 -18
leaf_value= 0.11412744279391081 0.11412744279391081 0.16767966274750057 0.11412744279391081 0.11468510718307981 -0.11307963800542431 -0.11307963800542431 -0.11307963800542431 -0.11307963800542431 -0.11809445395840464 0.11402136962574623 0.16100453604821652 0.11412744279391081 -0.17438910279418715 -0.11425529309140828 0.11632307232894823 0.11412744279391081 -0.11307963800542431
leaf_weight=6.2908793091773978 55.424815982580185 2.9285820424556723 3.3623665273189536 25.905645206570625 7.0579090341925612 42.756608352065086 7.0579090341925612 247.43597034364939 11.109291478991507 12.079141616821289 1.6473426520824439 229.61709478497505 2.2014718651771545 1.7472034692764273 1.0857069119811058 4.2300740182399741 28.027059063315392
leaf_count=58 511 17 31 233 69 418 69 2419 91 112 7 2117 9 16 9 39 274
model_size=1936
internal_value=0 0.077182 -0.0551695 -0.0814989 0.0884626 -0.0839378 0.0433128 -0.106985 0.0650663 0.01331 -0.0820527 0.110445 0.0208869 0.112421 -0.0258866 -0.109643 -0.0832846
internal_weight=0 286.628 403.338 340.855 62.4827 49.0475 57.7993 283.055 50.7414 24.8358 12.7566 237.58 5.13005 232.45 2.83291 279.693 32.2571
internal_count=6499 2644 3855 3275 580 476 512 2763 443 210 98 2168 26 2142 25 2732 313
is_linear=0
shrinkage=0.1


Tree=15
num_leaves= 16
num_cat= 0
full_tree_array_lgbids= 0 1 2 5 11 4 3 -1 -7 12 13 -2 -6 7 6 -2147483648 -2147483648 -2147483648 -2147483648 -3 -14 -13 14 -2147483648 -2147483648 -2147483648 -2147483648 -4 -9 8 -8 -2147483648 -2147483648 -2147483648 -2147483648 -2147483648 -2147483648 -2147483648 -2147483648 -2147483648 -2147483648 -2147483648 -2147483648 -2147483648 -2147483648 -15 -16 -2147483648 -2147483648 -2147483648 -2147483648 -2147483648 -2147483648 -2147483648 -2147483648 -2147483648 -2147483648 -2147483648 -2147483648 -5 9 -2147483648 -2147483648 -2147483648 -2147483648 -2147483648 -2147483648 -2147483648 -2147483648 -2147483648 -2147483648 -2147483648 -2147483648 -2147483648 -2147483648 -2147483648 -2147483648 -2147483648 -2147483648 -2147483648 -2147483648 -2147483648 -2147483648 -2147483648 -2147483648 -2147483648 -2147483648 -2147483648 -2147483648 -2147483648 -2147483648 -2147483648 -2147483648 -2147483648 -2147483648 -2147483648 -2147483648 -2147483648 -2147483648 -2147483648 -2147483648 -2147483648 -2147483648 -2147483648 -2147483648 -2147483648 -2147483648 -2147483648 -2147483648 -2147483648 -2147483648 -2147483648 -2147483648 -2147483648 -2147483648 -2147483648 -2147483648 -2147483648 -2147483648 -2147483648 -2147483648 10 -11 -2147483648 -2147483648 -2147483648 -2147483648 -2147483648 -2147483648 -2147483648 -2147483648 -2147483648 -2147483648 -2147483648 -2147483648 -2147483648 -2147483648 -2147483648 -2147483648 -2147483648 -2147483648 -2147483648 -2147483648 -2147483648 -2147483648 -2147483648 -2147483648 -2147483648 -2147483648 -2147483648 -2147483648 -2147483648 -2147483648 -2147483648 -2147483648 -2147483648 -2147483648 -2147483648 -2147483648 -2147483648 -2147483648 -2147483648 -2147483648 -2147483648 -2147483648 -2147483648 -2147483648 -2147483648 -2147483648 -2147483648 -2147483648 -2147483648 -2147483648 -2147483648 -2147483648 -2147483648 -2147483648 -2147483648 -2147483648 -2147483648 -2147483648 -2147483648 -2147483648 -2147483648 -2147483648 -2147483648 -2147483648 -2147483648 -2147483648 -2147483648 -2147483648 -2147483648 -2147483648 -2147483648 -2147483648 -2147483648 -2147483648 -2147483648 -2147483648 -2147483648 -2147483648 -2147483648 -2147483648 -2147483648 -2147483648 -2147483648 -2147483648 -2147483648 -2147483648 -2147483648 -2147483648 -2147483648 -2147483648 -2147483648 -2147483648 -2147483648 -2147483648 -2147483648 -2147483648 -2147483648 -2147483648 -2147483648 -2147483648 -2147483648 -2147483648 -2147483648 -2147483648 -2147483648 -2147483648 -2147483648 -2147483648 -2147483648 -2147483648 -2147483648 -2147483648 -2147483648 -2147483648 -2147483648 -2147483648 -2147483648 -2147483648 -2147483648 -2147483648 -10 -12 -2147483648 -2147483648 -2147483648 -2147483648 -2147483648 -2147483648 -2147483648 -2147483648 -2147483648 -2147483648
split_feature= 8 20 19 7 4 10 9 13 21 3 2 12 1 21 1
split_gain= 259.454 134.571 133.789 94.5353 26.4865 22.9271 15.1724 12.5047 9.30488 18.8741 7.4523 1.64644 10.1227 2.5455 0.821496
threshold= 3.5000000000000004 3.5000000000000004 1.5000000000000002 1.0000000180025095e-35 4.5000000000000009 1.0000000180025095e-35 1.0000000180025095e-35 1.5000000000000002 1.5000000000000002 1.0000000180025095e-35 8.5000000000000018 1.0000000180025095e-35 2.5000000000000004 4.5000000000000009 1.5000000000000002
decision_type= 2 2 2 2 2 2 2 2 2 2 2 2 2 2 2
left_child=1 5 4 7 -2 -1 8 -4 -5 10 -10 12 -3 -13 -15
right_child=2 11 3 6 -6 -7 -8 -9 9 -11 -12 13 -14 14 -16
leaf_value= 0.11260371998545887 0.11260371998545887 0.15892116779204271 0.11260371998545887 0.11309581137879035 -0.11168115789146256 -0.11168115789146256 -0.11168115789146256 -0.10828591675367123 -0.11611854332319459 0.11251041394876204 0.15193243951143773 0.11260371998545887 -0.16248460918731719 -0.11271615625474785 0.11453059436226405
leaf_weight=5.7652898132801047 50.794191285967827 2.7882375642657271 3.0814480036497107 23.752861097455025 6.4621228650212279 39.147353008389473 6.4621228650212279 256.08676003664732 10.214342236518858 11.068895697593689 1.5748375505208976 210.43307818472385 2.1300564408302307 1.6014131307601922 0.99697165936231602
leaf_count=58 511 17 31 233 69 418 69 2732 91 112 7 2117 9 16 9
model_size=1712
internal_value=0 0.0760984 -0.054459 -0.0804519 0.0872902 -0.0828904 0.0426433 -0.10566 0.0640388 0.0130615 -0.0803114 0.108861 0.019724 0.110919 -0.0255241
internal_weight=0 262.862 369.498 312.241 57.2563 44.9126 53.0731 259.168 46.6109 22.8581 11.7892 217.95 4.91829 213.031 2.59838
internal_count=6499 2644 3855 3275 580 476 512 2763 443 210 98 2168 26 2142 25
is_linear=0
shrinkage=0.1


Tree=16
num_leaves= 18
num_cat= 0
full_tree_array_lgbids= 0 1 2 5 11 4 3 -1 -7 12 13 -2 -6 7 6 -2147483648 -2147483648 -2147483648 -2147483648 -3 -14 -13 16 -2147483648 -2147483648 -2147483648 -2147483648 -4 14 8 -8 -2147483648 -2147483648 -2147483648 -2147483648 -2147483648 -2147483648 -2147483648 -2147483648 -2147483648 -2147483648 -2147483648 -2147483648 -2147483648 -2147483648 -15 -18 -2147483648 -2147483648 -2147483648 -2147483648 -2147483648 -2147483648 -2147483648 -2147483648 -2147483648 -2147483648 -9 15 -5 9 -2147483648 -2147483648 -2147483648 -2147483648 -2147483648 -2147483648 -2147483648 -2147483648 -2147483648 -2147483648 -2147483648 -2147483648 -2147483648 -2147483648 -2147483648 -2147483648 -2147483648 -2147483648 -2147483648 -2147483648 -2147483648 -2147483648 -2147483648 -2147483648 -2147483648 -2147483648 -2147483648 -2147483648 -2147483648 -2147483648 -2147483648 -2147483648 -2147483648 -2147483648 -2147483648 -2147483648 -2147483648 -2147483648 -2147483648 -2147483648 -2147483648 -2147483648 -2147483648 -2147483648 -2147483648 -2147483648 -2147483648 -2147483648 -2147483648 -2147483648 -2147483648 -2147483648 -2147483648 -2147483648 -2147483648 -2147483648 -16 -17 -2147483648 -2147483648 10 -11 -2147483648 -2147483648 -2147483648 -2147483648 -2147483648 -2147483648 -2147483648 -2147483648 -2147483648 -2147483648 -2147483648 -2147483648 -2147483648 -2147483648 -2147483648 -2147483648 -2147483648 -2147483648 -2147483648 -2147483648 -2147483648 -2147483648 -2147483648 -2147483648 -2147483648 -2147483648 -2147483648 -2147483648 -2147483648 -2147483648 -2147483648 -2147483648 -2147483648 -2147483648 -2147483648 -2147483648 -2147483648 -2147483648 -2147483648 -2147483648 -2147483648 -2147483648 -2147483648 -2147483648 -2147483648 -2147483648 -2147483648 -2147483648 -2147483648 -2147483648 -2147483648 -2147483648 -2147483648 -2147483648 -2147483648 -2147483648 -2147483648 -2147483648 -2147483648 -2147483648 -2147483648 -2147483648 -2147483648 -2147483648 -2147483648 -2147483648 -2147483648 -2147483648 -2147483648 -2147483648 -2147483648 -2147483648 -2147483648 -2147483648 -2147483648 -2147483648 -2147483648 -2147483648 -2147483648 -2147483648 -2147483648 -2147483648 -2147483648 -2147483648 -2147483648 -2147483648 -2147483648 -2147483648 -2147483648 -2147483648 -2147483648 -2147483648 -2147483648 -2147483648 -2147483648 -2147483648 -2147483648 -2147483648 -2147483648 -2147483648 -2147483648 -2147483648 -2147483648 -2147483648 -2147483648 -2147483648 -2147483648 -2147483648 -2147483648 -2147483648 -2147483648 -2147483648 -2147483648 -2147483648 -2147483648 -2147483648 -2147483648 -2147483648 -2147483648 -2147483648 -10 -12 -2147483648 -2147483648 -2147483648 -2147483648 -2147483648 -2147483648 -2147483648 -2147483648 -2147483648 -2147483648
split_feature= 8 20 19 7 4 10 9 13 21 3 2 12 1 21 17 19 1
split_gain= 230.998 119.806 118.771 83.6267 23.3329 20.1665 13.2054 10.7732 8.00156 16.4852 6.20302 1.33363 8.23648 1.94026 0.405946 15.5706 0.395255
threshold= 3.5000000000000004 3.5000000000000004 1.5000000000000002 1.0000000180025095e-35 4.5000000000000009 1.0000000180025095e-35 1.0000000180025095e-35 1.5000000000000002 1.5000000000000002 1.0000000180025095e-35 8.5000000000000018 1.0000000180025095e-35 2.5000000000000004 4.5000000000000009 1.5000000000000002 6.5000000000000009 1.5000000000000002
decision_type= 2 2 2 2 2 2 2 2 2 2 2 2 2 2 2 2 2
left_child=1 5 4 7 -2 -1 8 -4 -5 10 -10 12 -3 -13 -9 -16 -15
right_child=2 11 3 6 -6 -7 -8 14 9 -11 -12 13 -14 16 15 -17 -18
leaf_value= 0.11126147420147421 0.11126147420147421 0.1514745488932869 0.11126147420147421 0.11169692872822479 -0.11044680992112868 -0.11044680992112868 -0.11044680992112868 -0.11048233686103898 -0.11438339610026194 0.11117915335421805 0.14461237519808121 0.11126147420147421 -0.15311374537038583 -0.11136066726921245 0.11404515456487402 -0.11048233686103898 0.1129581580396303
leaf_weight=5.2763521671295157 46.48648202419281 2.640416905283927 2.8201192617416373 21.74782432615757 5.9091660529375067 35.797556668519974 5.9091660529375067 207.73426730930805 9.3753097429871541 10.129321455955505 1.4932841360569007 192.58685410022736 2.0390181094408035 1.4657505750656121 4.211506716907027 23.530049294233322 0.91400932520627964
leaf_count=58 511 17 31 233 69 418 69 2419 91 112 7 2117 9 16 39 274 9
model_size=1936
internal_value=0 0.0751437 -0.0536054 -0.0791435 0.0862573 -0.0819662 0.0420565 -0.10389 0.0631385 0.0128459 -0.0787988 0.107467 0.0187532 0.109596 -0.106467 -0.0763963 -0.0252051
internal_weight=0 240.72 339.346 286.951 52.3956 41.0739 48.6549 238.296 42.7457 20.9979 10.8686 199.646 4.67944 194.967 235.476 27.7416 2.37976
internal_count=6499 2644 3855 3275 580 476 512 2763 443 210 98 2168 26 2142 2732 313 25
is_linear=0
shrinkage=0.1


Tree=17
num_leaves= 18
num_cat= 0
full_tree_array_lgbids= 0 1 2 5 11 4 3 -1 -7 12 13 -2 -6 7 6 -2147483648 -2147483648 -2147483648 -2147483648 -3 -14 -13 16 -2147483648 -2147483648 -2147483648 -2147483648 -4 14 8 -8 -2147483648 -2147483648 -2147483648 -2147483648 -2147483648 -2147483648 -2147483648 -2147483648 -2147483648 -2147483648 -2147483648 -2147483648 -2147483648 -2147483648 -15 -18 -2147483648 -2147483648 -2147483648 -2147483648 -2147483648 -2147483648 -2147483648 -2147483648 -2147483648 -2147483648 -9 15 -5 9 -2147483648 -2147483648 -2147483648 -2147483648 -2147483648 -2147483648 -2147483648 -2147483648 -2147483648 -2147483648 -2147483648 -2147483648 -2147483648 -2147483648 -2147483648 -2147483648 -2147483648 -2147483648 -2147483648 -2147483648 -2147483648 -2147483648 -2147483648 -2147483648 -2147483648 -2147483648 -2147483648 -2147483648 -2147483648 -2147483648 -2147483648 -2147483648 -2147483648 -2147483648 -2147483648 -2147483648 -2147483648 -2147483648 -2147483648 -2147483648 -2147483648 -2147483648 -2147483648 -2147483648 -2147483648 -2147483648 -2147483648 -2147483648 -2147483648 -2147483648 -2147483648 -2147483648 -2147483648 -2147483648 -2147483648 -2147483648 -16 -17 -2147483648 -2147483648 10 -11 -2147483648 -2147483648 -2147483648 -2147483648 -2147483648 -2147483648 -2147483648 -2147483648 -2147483648 -2147483648 -2147483648 -2147483648 -2147483648 -2147483648 -2147483648 -2147483648 -2147483648 -2147483648 -2147483648 -2147483648 -2147483648 -2147483648 -2147483648 -2147483648 -2147483648 -2147483648 -2147483648 -2147483648 -2147483648 -2147483648 -2147483648 -2147483648 -2147483648 -2147483648 -2147483648 -2147483648 -2147483648 -2147483648 -2147483648 -2147483648 -2147483648 -2147483648 -2147483648 -2147483648 -2147483648 -2147483648 -2147483648 -2147483648 -2147483648 -2147483648 -2147483648 -2147483648 -2147483648 -2147483648 -2147483648 -2147483648 -2147483648 -2147483648 -2147483648 -2147483648 -2147483648 -2147483648 -2147483648 -2147483648 -2147483648 -2147483648 -2147483648 -2147483648 -2147483648 -2147483648 -2147483648 -2147483648 -2147483648 -2147483648 -2147483648 -2147483648 -2147483648 -2147483648 -2147483648 -2147483648 -2147483648 -2147483648 -2147483648 -2147483648 -2147483648 -2147483648 -2147483648 -2147483648 -2147483648 -2147483648 -2147483648 -2147483648 -2147483648 -2147483648 -2147483648 -2147483648 -2147483648 -2147483648 -2147483648 -2147483648 -2147483648 -2147483648 -2147483648 -2147483648 -2147483648 -2147483648 -2147483648 -2147483648 -2147483648 -2147483648 -2147483648 -2147483648 -2147483648 -2147483648 -2147483648 -2147483648 -2147483648 -2147483648 -2147483648 -2147483648 -10 -12 -2147483648 -2147483648 -2147483648 -2147483648 -2147483648 -2147483648 -2147483648 -2147483648 -2147483648 -2147483648
split_feature= 8 20 19 7 4 10 9 13 21 3 2 12 1 21 17 19 1
split_gain= 206.288 106.762 105.946 74.5606 20.5284 17.7064 11.453 9.29629 6.8273 14.3656 5.11203 1.00352 6.66817 1.3873 0.0210092 13.5818 0.00135133
threshold= 3.5000000000000004 3.5000000000000004 1.5000000000000002 1.0000000180025095e-35 4.5000000000000009 1.0000000180025095e-35 1.0000000180025095e-35 1.5000000000000002 1.5000000000000002 1.0000000180025095e-35 8.5000000000000018 1.0000000180025095e-35 2.5000000000000004 4.5000000000000009 1.5000000000000002 6.5000000000000009 1.5000000000000002
decision_type= 2 2 2 2 2 2 2 2 2 2 2 2 2 2 2 2 2
left_child=1 5 4 7 -2 -1 8 -4 -5 10 -10 12 -3 -13 -9 -16 -15
right_child=2 11 3 6 -6 -7 -8 14 9 -11 -12 13 -14 16 15 -17 -18
leaf_value= 0.1100756958889617 0.1100756958889617 0.14511605384181478 0.1100756958889617 0.11046197009015246 -0.10935442392955622 -0.10935442392955622 -0.10935442392955622 -0.10938590886515652 -0.11285458569186646 0.11000286796422667 0.13860566985808062 0.1100756958889617 -0.14557328904845077 -0.11016343609928402 0.11253133681220218 -0.10938590886515652 0.11157407759859686
leaf_weight=4.8230335712432852 42.492588877677917 2.4883524775505057 2.5778282880783072 19.886961922049522 5.397508665919303 32.697951048612595 5.397508665919303 189.75325226038694 8.5921464934945089 9.258371114730835 1.4066533148288733 176.04072535037994 1.9354837685823438 1.3399403095245355 3.8593576624989536 21.493340685963631 0.83676237612962712
leaf_count=58 511 17 31 233 69 418 69 2419 91 112 7 2117 9 16 39 274 9
model_size=1936
internal_value=0 0.0743004 -0.0530509 -0.078326 0.0853446 -0.0811484 0.0415401 -0.102853 0.0623467 0.0126578 -0.0774786 0.106235 0.0179358 0.108427 -0.105404 -0.0756042 -0.0249237
internal_weight=0 220.162 310.116 262.225 47.8901 37.521 44.5416 217.684 39.1441 19.2572 9.9988 182.641 4.42384 178.217 215.106 25.3527 2.1767
internal_count=6499 2644 3855 3275 580 476 512 2763 443 210 98 2168 26 2142 2732 313 25
is_linear=0
shrinkage=0.1


Tree=18
num_leaves= 15
num_cat= 0
full_tree_array_lgbids= 0 1 2 5 11 4 3 -1 -7 12 13 -2 -6 7 6 -2147483648 -2147483648 -2147483648 -2147483648 -3 -14 -13 -15 -2147483648 -2147483648 -2147483648 -2147483648 -4 -9 8 -8 -2147483648 -2147483648 -2147483648 -2147483648 -2147483648 -2147483648 -2147483648 -2147483648 -2147483648 -2147483648 -2147483648 -2147483648 -2147483648 -2147483648 -2147483648 -2147483648 -2147483648 -2147483648 -2147483648 -2147483648 -2147483648 -2147483648 -2147483648 -2147483648 -2147483648 -2147483648 -2147483648 -2147483648 -5 9 -2147483648 -2147483648 -2147483648 -2147483648 -2147483648 -2147483648 -2147483648 -2147483648 -2147483648 -2147483648 -2147483648 -2147483648 -2147483648 -2147483648 -2147483648 -2147483648 -2147483648 -2147483648 -2147483648 -2147483648 -2147483648 -2147483648 -2147483648 -2147483648 -2147483648 -2147483648 -2147483648 -2147483648 -2147483648 -2147483648 -2147483648 -2147483648 -2147483648 -2147483648 -2147483648 -2147483648 -2147483648 -2147483648 -2147483648 -2147483648 -2147483648 -2147483648 -2147483648 -2147483648 -2147483648 -2147483648 -2147483648 -2147483648 -2147483648 -2147483648 -2147483648 -2147483648 -2147483648 -2147483648 -2147483648 -2147483648 -2147483648 -2147483648 -2147483648 -2147483648 10 -11 -2147483648 -2147483648 -2147483648 -2147483648 -2147483648 -2147483648 -2147483648 -2147483648 -2147483648 -2147483648 -2147483648 -2147483648 -2147483648 -2147483648 -2147483648 -2147483648 -2147483648 -2147483648 -2147483648 -2147483648 -2147483648 -2147483648 -2147483648 -2147483648 -2147483648 -2147483648 -2147483648 -2147483648 -2147483648 -2147483648 -2147483648 -2147483648 -2147483648 -2147483648 -2147483648 -2147483648 -2147483648 -2147483648 -2147483648 -2147483648 -2147483648 -2147483648 -2147483648 -2147483648 -2147483648 -2147483648 -2147483648 -2147483648 -2147483648 -2147483648 -2147483648 -2147483648 -2147483648 -2147483648 -2147483648 -2147483648 -2147483648 -2147483648 -2147483648 -2147483648 -2147483648 -2147483648 -2147483648 -2147483648 -2147483648 -2147483648 -2147483648 -2147483648 -2147483648 -2147483648 -2147483648 -2147483648 -2147483648 -2147483648 -2147483648 -2147483648 -2147483648 -2147483648 -2147483648 -2147483648 -2147483648 -2147483648 -2147483648 -2147483648 -2147483648 -2147483648 -2147483648 -2147483648 -2147483648 -2147483648 -2147483648 -2147483648 -2147483648 -2147483648 -2147483648 -2147483648 -2147483648 -2147483648 -2147483648 -2147483648 -2147483648 -2147483648 -2147483648 -2147483648 -2147483648 -2147483648 -2147483648 -2147483648 -2147483648 -2147483648 -2147483648 -2147483648 -2147483648 -2147483648 -2147483648 -2147483648 -2147483648 -2147483648 -2147483648 -2147483648 -10 -12 -2147483648 -2147483648 -2147483648 -2147483648 -2147483648 -2147483648 -2147483648 -2147483648 -2147483648 -2147483648
split_feature= 8 20 19 7 4 10 9 13 21 3 20 12 1 21
split_gain= 184.397 95.2127 94.5697 66.5029 18.0333 15.5141 9.89258 7.97595 5.7727 12.4843 4.15646 0.671229 5.35163 0.88649
threshold= 3.5000000000000004 3.5000000000000004 1.5000000000000002 1.0000000180025095e-35 4.5000000000000009 1.0000000180025095e-35 1.0000000180025095e-35 1.5000000000000002 1.5000000000000002 1.0000000180025095e-35 3.5000000000000004 1.0000000180025095e-35 2.5000000000000004 4.5000000000000009
decision_type= 2 2 2 2 2 2 2 2 2 2 2 2 2 2
left_child=1 5 4 7 -2 -1 8 -4 -5 10 -10 12 -3 -13
right_child=2 11 3 6 -6 -7 -8 -9 9 -11 -12 13 -14 -15
leaf_value= 0.10902547451640709 0.10902547451640709 0.13966310377231403 0.10902547451640709 0.10936885687081505 -0.10838542814819269 -0.10838542814819269 -0.10838542814819269 -0.10446219201351559 0.13360898226863058 0.10896088699216877 -0.11150363169842879 0.10902547451640709 -0.13939932361878057 -0.024674653736070168
leaf_weight=4.4039455801248542 38.800279162824154 2.33487445116043 2.3538329824805251 18.165100440382957 4.9252953529357901 29.837296485900879 4.9252953529357901 196.3025049418211 1.3178987801074979 8.4533276557922363 7.863856628537178 160.74401367455721 1.8247776031494138 1.9886935204267491
leaf_count=58 511 17 31 233 69 418 69 2732 7 112 91 2117 9 25
model_size=1600
internal_value=0 0.0735534 -0.0525595 -0.0776015 0.0845361 -0.0804231 0.0410844 -0.101933 0.0616481 0.0124931 -0.0763215 0.105145 0.0172426 0.107392
internal_weight=0 201.134 283.107 239.382 43.7256 34.2412 40.7255 198.656 35.8002 17.6351 9.18176 166.892 4.15965 162.733
internal_count=6499 2644 3855 3275 580 476 512 2763 443 210 98 2168 26 2142
is_linear=0
shrinkage=0.1


Tree=19
num_leaves= 17
num_cat= 0
full_tree_array_lgbids= 0 1 2 5 11 4 3 -1 -7 12 13 -2 -6 7 6 -2147483648 -2147483648 -2147483648 -2147483648 -3 -14 -13 -15 -2147483648 -2147483648 -2147483648 -2147483648 -4 14 8 -8 -2147483648 -2147483648 -2147483648 -2147483648 -2147483648 -2147483648 -2147483648 -2147483648 -2147483648 -2147483648 -2147483648 -2147483648 -2147483648 -2147483648 -2147483648 -2147483648 -2147483648 -2147483648 -2147483648 -2147483648 -2147483648 -2147483648 -2147483648 -2147483648 -2147483648 -2147483648 -9 15 -5 9 -2147483648 -2147483648 -2147483648 -2147483648 -2147483648 -2147483648 -2147483648 -2147483648 -2147483648 -2147483648 -2147483648 -2147483648 -2147483648 -2147483648 -2147483648 -2147483648 -2147483648 -2147483648 -2147483648 -2147483648 -2147483648 -2147483648 -2147483648 -2147483648 -2147483648 -2147483648 -2147483648 -2147483648 -2147483648 -2147483648 -2147483648 -2147483648 -2147483648 -2147483648 -2147483648 -2147483648 -2147483648 -2147483648 -2147483648 -2147483648 -2147483648 -2147483648 -2147483648 -2147483648 -2147483648 -2147483648 -2147483648 -2147483648 -2147483648 -2147483648 -2147483648 -2147483648 -2147483648 -2147483648 -2147483648 -2147483648 -16 -17 -2147483648 -2147483648 10 -11 -2147483648 -2147483648 -2147483648 -2147483648 -2147483648 -2147483648 -2147483648 -2147483648 -2147483648 -2147483648 -2147483648 -2147483648 -2147483648 -2147483648 -2147483648 -2147483648 -2147483648 -2147483648 -2147483648 -2147483648 -2147483648 -2147483648 -2147483648 -2147483648 -2147483648 -2147483648 -2147483648 -2147483648 -2147483648 -2147483648 -2147483648 -2147483648 -2147483648 -2147483648 -2147483648 -2147483648 -2147483648 -2147483648 -2147483648 -2147483648 -2147483648 -2147483648 -2147483648 -2147483648 -2147483648 -2147483648 -2147483648 -2147483648 -2147483648 -2147483648 -2147483648 -2147483648 -2147483648 -2147483648 -2147483648 -2147483648 -2147483648 -2147483648 -2147483648 -2147483648 -2147483648 -2147483648 -2147483648 -2147483648 -2147483648 -2147483648 -2147483648 -2147483648 -2147483648 -2147483648 -2147483648 -2147483648 -2147483648 -2147483648 -2147483648 -2147483648 -2147483648 -2147483648 -2147483648 -2147483648 -2147483648 -2147483648 -2147483648 -2147483648 -2147483648 -2147483648 -2147483648 -2147483648 -2147483648 -2147483648 -2147483648 -2147483648 -2147483648 -2147483648 -2147483648 -2147483648 -2147483648 -2147483648 -2147483648 -2147483648 -2147483648 -2147483648 -2147483648 -2147483648 -2147483648 -2147483648 -2147483648 -2147483648 -2147483648 -2147483648 -2147483648 -2147483648 -2147483648 -2147483648 -2147483648 -2147483648 -2147483648 -2147483648 -2147483648 -2147483648 -10 -12 -2147483648 -2147483648 -2147483648 -2147483648 -2147483648 -2147483648 -2147483648 -2147483648 -2147483648 -2147483648
split_feature= 8 20 19 7 4 10 9 13 21 3 2 12 1 21 17 19
split_gain= 164.499 84.8882 84.0558 58.7966 15.8231 13.571 8.51432 6.74318 4.83868 10.8246 3.32871 0.349833 4.24889 0.618167 0.170893 12.5917
threshold= 3.5000000000000004 3.5000000000000004 1.5000000000000002 1.0000000180025095e-35 4.5000000000000009 1.0000000180025095e-35 1.0000000180025095e-35 1.5000000000000002 1.5000000000000002 1.0000000180025095e-35 8.5000000000000018 1.0000000180025095e-35 2.5000000000000004 4.5000000000000009 1.5000000000000002 6.5000000000000009
decision_type= 2 2 2 2 2 2 2 2 2 2 2 2 2 2 2 2
left_child=1 5 4 7 -2 -1 8 -4 -5 10 -10 12 -3 -13 -9 -16
right_child=2 11 3 6 -6 -7 -8 14 9 -11 -12 13 -14 -15 15 -17
leaf_value= 0.10809320877587317 0.10809320877587328 0.13496671315732936 0.10809320877587328 0.10839904902884515 -0.1075240907530273 -0.1075240907530273 -0.1075240907530273 -0.10757884583462418 -0.11030677592390961 0.1080358211500748 0.12940558000335012 0.10809320877587328 -0.13427271426751705 -0.022319792044488709 0.11243063087294076 -0.10757884583462418
leaf_weight=4.0174633711576488 35.395237632095814 2.1823687925934783 2.1472649052739134 16.575984135270119 4.4904651269316664 27.203107580542564 4.4904651269316664 158.41093794256449 7.1887592300772685 7.7110292911529532 1.2291976511478422 146.63741304725409 1.7108637839555743 1.9791915044188488 3.8352029398083713 17.943198427557945
leaf_count=58 511 17 31 233 69 418 69 2419 91 112 7 2117 9 25 39 274
model_size=1824
internal_value=0 0.0728264 -0.051856 -0.076506 0.0838183 -0.0797785 0.0406811 -0.100411 0.06103 0.0123482 -0.0753038 0.104066 0.0166506 0.106356 -0.102896 -0.0688349
internal_weight=0 183.73 259.418 219.532 39.8857 31.2206 37.1954 182.337 32.705 16.129 8.41796 152.51 3.89323 148.617 180.189 21.7784
internal_count=6499 2644 3855 3275 580 476 512 2763 443 210 98 2168 26 2142 2732 313
is_linear=0
shrinkage=0.1


Tree=20
num_leaves= 15
num_cat= 0
full_tree_array_lgbids= 0 1 2 5 11 4 3 -1 -7 12 13 -2 -6 7 6 -2147483648 -2147483648 -2147483648 -2147483648 -3 -14 -13 -15 -2147483648 -2147483648 -2147483648 -2147483648 -4 -9 8 -8 -2147483648 -2147483648 -2147483648 -2147483648 -2147483648 -2147483648 -2147483648 -2147483648 -2147483648 -2147483648 -2147483648 -2147483648 -2147483648 -2147483648 -2147483648 -2147483648 -2147483648 -2147483648 -2147483648 -2147483648 -2147483648 -2147483648 -2147483648 -2147483648 -2147483648 -2147483648 -2147483648 -2147483648 -5 9 -2147483648 -2147483648 -2147483648 -2147483648 -2147483648 -2147483648 -2147483648 -2147483648 -2147483648 -2147483648 -2147483648 -2147483648 -2147483648 -2147483648 -2147483648 -2147483648 -2147483648 -2147483648 -2147483648 -2147483648 -2147483648 -2147483648 -2147483648 -2147483648 -2147483648 -2147483648 -2147483648 -2147483648 -2147483648 -2147483648 -2147483648 -2147483648 -2147483648 -2147483648 -2147483648 -2147483648 -2147483648 -2147483648 -2147483648 -2147483648 -2147483648 -2147483648 -2147483648 -2147483648 -2147483648 -2147483648 -2147483648 -2147483648 -2147483648 -2147483648 -2147483648 -2147483648 -2147483648 -2147483648 -2147483648 -2147483648 -2147483648 -2147483648 -2147483648 -2147483648 10 -11 -2147483648 -2147483648 -2147483648 -2147483648 -2147483648 -2147483648 -2147483648 -2147483648 -2147483648 -2147483648 -2147483648 -2147483648 -2147483648 -2147483648 -2147483648 -2147483648 -2147483648 -2147483648 -2147483648 -2147483648 -2147483648 -2147483648 -2147483648 -2147483648 -2147483648 -2147483648 -2147483648 -2147483648 -2147483648 -2147483648 -2147483648 -2147483648 -2147483648 -2147483648 -2147483648 -2147483648 -2147483648 -2147483648 -2147483648 -2147483648 -2147483648 -2147483648 -2147483648 -2147483648 -2147483648 -2147483648 -2147483648 -2147483648 -2147483648 -2147483648 -2147483648 -2147483648 -2147483648 -2147483648 -2147483648 -2147483648 -2147483648 -2147483648 -2147483648 -2147483648 -2147483648 -2147483648 -2147483648 -2147483648 -2147483648 -2147483648 -2147483648 -2147483648 -2147483648 -2147483648 -2147483648 -2147483648 -2147483648 -2147483648 -2147483648 -2147483648 -2147483648 -2147483648 -2147483648 -2147483648 -2147483648 -2147483648 -2147483648 -2147483648 -2147483648 -2147483648 -2147483648 -2147483648 -2147483648 -2147483648 -2147483648 -2147483648 -2147483648 -2147483648 -2147483648 -2147483648 -2147483648 -2147483648 -2147483648 -2147483648 -2147483648 -2147483648 -2147483648 -2147483648 -2147483648 -2147483648 -2147483648 -2147483648 -2147483648 -2147483648 -2147483648 -2147483648 -2147483648 -2147483648 -2147483648 -2147483648 -2147483648 -2147483648 -2147483648 -2147483648 -10 -12 -2147483648 -2147483648 -2147483648 -2147483648 -2147483648 -2147483648 -2147483648 -2147483648 -2147483648 -2147483648
split_feature= 8 20 19 7 4 10 9 13 21 3 20 12 1 21
split_gain= 147.167 75.6899 75.0846 52.4419 13.8326 11.8168 7.26559 5.68488 3.98135 9.32821 2.57947 0.0200706 3.28892 0.357842
threshold= 3.5000000000000004 3.5000000000000004 1.5000000000000002 1.0000000180025095e-35 4.5000000000000009 1.0000000180025095e-35 1.0000000180025095e-35 1.5000000000000002 1.5000000000000002 1.0000000180025095e-35 3.5000000000000004 1.0000000180025095e-35 2.5000000000000004 4.5000000000000009
decision_type= 2 2 2 2 2 2 2 2 2 2 2 2 2 2
left_child=1 5 4 7 -2 -1 8 -4 -5 10 -10 12 -3 -13
right_child=2 11 3 6 -6 -7 -8 -9 9 -11 -12 13 -14 -15
leaf_value= 0.10726401292643045 0.10726401292643054 0.13090515811775102 0.10726401292643054 0.10753687001556499 -0.10675703993551194 -0.10675703993551194 -0.10675703993551194 -0.10214776641907936 0.12583625505612531 0.1072129150869154 -0.10924405234830417 0.10726401292643054 -0.12996639320213868 -0.020174489771488287
leaf_weight=3.6618147641420391 32.261850766837597 2.0327749587595454 1.9571768566966046 15.112669613212347 4.0908415876328936 24.782199762761593 4.0908415876328936 164.17704958096147 1.1421312391757963 7.0280413627624512 6.5646947771310806 133.65623889118433 1.5966690033674242 1.9711386710405339
leaf_count=58 511 17 31 233 69 418 69 2732 7 112 91 2117 9 25
model_size=1600
internal_value=0 0.0721668 -0.0514669 -0.0759318 0.0831798 -0.0792045 0.0403233 -0.0996807 0.0604818 0.0122203 -0.0744058 0.103085 0.0161423 0.105412
internal_weight=0 167.701 236.425 200.073 36.3527 28.444 33.9384 166.134 29.8475 14.7349 7.70683 139.257 3.62944 135.627
internal_count=6499 2644 3855 3275 580 476 512 2763 443 210 98 2168 26 2142
is_linear=0
shrinkage=0.1


Tree=21
num_leaves= 14
num_cat= 0
full_tree_array_lgbids= 0 1 2 5 -3 4 3 -1 -7 -2147483648 -2147483648 -2 -6 7 6 -2147483648 -2147483648 -2147483648 -2147483648 -2147483648 -2147483648 -2147483648 -2147483648 -2147483648 -2147483648 -2147483648 -2147483648 -4 11 8 -8 -2147483648 -2147483648 -2147483648 -2147483648 -2147483648 -2147483648 -2147483648 -2147483648 -2147483648 -2147483648 -2147483648 -2147483648 -2147483648 -2147483648 -2147483648 -2147483648 -2147483648 -2147483648 -2147483648 -2147483648 -2147483648 -2147483648 -2147483648 -2147483648 -2147483648 -2147483648 -9 12 -5 9 -2147483648 -2147483648 -2147483648 -2147483648 -2147483648 -2147483648 -2147483648 -2147483648 -2147483648 -2147483648 -2147483648 -2147483648 -2147483648 -2147483648 -2147483648 -2147483648 -2147483648 -2147483648 -2147483648 -2147483648 -2147483648 -2147483648 -2147483648 -2147483648 -2147483648 -2147483648 -2147483648 -2147483648 -2147483648 -2147483648 -2147483648 -2147483648 -2147483648 -2147483648 -2147483648 -2147483648 -2147483648 -2147483648 -2147483648 -2147483648 -2147483648 -2147483648 -2147483648 -2147483648 -2147483648 -2147483648 -2147483648 -2147483648 -2147483648 -2147483648 -2147483648 -2147483648 -2147483648 -2147483648 -2147483648 -2147483648 -13 -14 -2147483648 -2147483648 10 -11 -2147483648 -2147483648 -2147483648 -2147483648 -2147483648 -2147483648 -2147483648 -2147483648 -2147483648 -2147483648 -2147483648 -2147483648 -2147483648 -2147483648 -2147483648 -2147483648 -2147483648 -2147483648 -2147483648 -2147483648 -2147483648 -2147483648 -2147483648 -2147483648 -2147483648 -2147483648 -2147483648 -2147483648 -2147483648 -2147483648 -2147483648 -2147483648 -2147483648 -2147483648 -2147483648 -2147483648 -2147483648 -2147483648 -2147483648 -2147483648 -2147483648 -2147483648 -2147483648 -2147483648 -2147483648 -2147483648 -2147483648 -2147483648 -2147483648 -2147483648 -2147483648 -2147483648 -2147483648 -2147483648 -2147483648 -2147483648 -2147483648 -2147483648 -2147483648 -2147483648 -2147483648 -2147483648 -2147483648 -2147483648 -2147483648 -2147483648 -2147483648 -2147483648 -2147483648 -2147483648 -2147483648 -2147483648 -2147483648 -2147483648 -2147483648 -2147483648 -2147483648 -2147483648 -2147483648 -2147483648 -2147483648 -2147483648 -2147483648 -2147483648 -2147483648 -2147483648 -2147483648 -2147483648 -2147483648 -2147483648 -2147483648 -2147483648 -2147483648 -2147483648 -2147483648 -2147483648 -2147483648 -2147483648 -2147483648 -2147483648 -2147483648 -2147483648 -2147483648 -2147483648 -2147483648 -2147483648 -2147483648 -2147483648 -2147483648 -2147483648 -2147483648 -2147483648 -2147483648 -2147483648 -2147483648 -2147483648 -2147483648 -2147483648 -2147483648 -2147483648 -10 -12 -2147483648 -2147483648 -2147483648 -2147483648 -2147483648 -2147483648 -2147483648 -2147483648 -2147483648 -2147483648
split_feature= 8 20 19 7 4 10 9 13 21 3 2 17 19
split_gain= 131.348 67.4992 66.6891 46.2501 12.0564 10.25 6.15166 4.67735 3.21323 7.99573 1.91784 0.342934 11.5883
threshold= 3.5000000000000004 3.5000000000000004 1.5000000000000002 1.0000000180025095e-35 4.5000000000000009 1.0000000180025095e-35 1.0000000180025095e-35 1.5000000000000002 1.5000000000000002 1.0000000180025095e-35 8.5000000000000018 1.5000000000000002 6.5000000000000009
decision_type= 2 2 2 2 2 2 2 2 2 2 2 2 2
left_child=1 5 4 7 -2 -1 8 -4 -5 10 -10 -9 -13
right_child=2 -3 3 6 -6 -7 -8 11 9 -11 -12 12 -14
leaf_value= 0.10652517821132974 0.10652517821132985 0.10218667797272146 0.10652517821132985 0.10676897128554258 -0.10607284898161794 -0.10607284898161794 -0.10607284898161794 -0.1061449715074515 -0.10829852687614912 0.10647960881464225 0.12278135927446135 0.11230345751034565 -0.10614497150745149
leaf_weight=3.3351530358195332 29.383848298341036 127.06932421773672 1.7825817950069893 13.767828945070509 3.7242023237049571 22.561109729111195 3.7242023237049571 131.9340643659234 5.9891876131296158 6.4007911086082458 1.0578223168849943 3.804569900035859 14.944164380431175
leaf_count=58 511 2168 31 233 69 418 69 2419 91 112 7 39 274
model_size=1488
internal_value=0 0.0715648 -0.050807 -0.0748914 0.0826108 -0.0786926 0.0400052 -0.0982074 0.0599946 0.0121071 -0.0736113 -0.100629 -0.0618165
internal_weight=0 152.966 216.513 183.405 33.1081 25.8963 30.9398 152.465 27.2156 13.4478 7.04701 150.683 18.7487
internal_count=6499 2644 3855 3275 580 476 512 2763 443 210 98 2732 313
is_linear=0
shrinkage=0.1


Tree=22
num_leaves= 15
num_cat= 0
full_tree_array_lgbids= 0 1 2 5 11 4 3 -1 -7 12 13 -2 -6 7 6 -2147483648 -2147483648 -2147483648 -2147483648 -3 -14 -13 -15 -2147483648 -2147483648 -2147483648 -2147483648 -4 -9 8 -8 -2147483648 -2147483648 -2147483648 -2147483648 -2147483648 -2147483648 -2147483648 -2147483648 -2147483648 -2147483648 -2147483648 -2147483648 -2147483648 -2147483648 -2147483648 -2147483648 -2147483648 -2147483648 -2147483648 -2147483648 -2147483648 -2147483648 -2147483648 -2147483648 -2147483648 -2147483648 -2147483648 -2147483648 -5 9 -2147483648 -2147483648 -2147483648 -2147483648 -2147483648 -2147483648 -2147483648 -2147483648 -2147483648 -2147483648 -2147483648 -2147483648 -2147483648 -2147483648 -2147483648 -2147483648 -2147483648 -2147483648 -2147483648 -2147483648 -2147483648 -2147483648 -2147483648 -2147483648 -2147483648 -2147483648 -2147483648 -2147483648 -2147483648 -2147483648 -2147483648 -2147483648 -2147483648 -2147483648 -2147483648 -2147483648 -2147483648 -2147483648 -2147483648 -2147483648 -2147483648 -2147483648 -2147483648 -2147483648 -2147483648 -2147483648 -2147483648 -2147483648 -2147483648 -2147483648 -2147483648 -2147483648 -2147483648 -2147483648 -2147483648 -2147483648 -2147483648 -2147483648 -2147483648 -2147483648 10 -11 -2147483648 -2147483648 -2147483648 -2147483648 -2147483648 -2147483648 -2147483648 -2147483648 -2147483648 -2147483648 -2147483648 -2147483648 -2147483648 -2147483648 -2147483648 -2147483648 -2147483648 -2147483648 -2147483648 -2147483648 -2147483648 -2147483648 -2147483648 -2147483648 -2147483648 -2147483648 -2147483648 -2147483648 -2147483648 -2147483648 -2147483648 -2147483648 -2147483648 -2147483648 -2147483648 -2147483648 -2147483648 -2147483648 -2147483648 -2147483648 -2147483648 -2147483648 -2147483648 -2147483648 -2147483648 -2147483648 -2147483648 -2147483648 -2147483648 -2147483648 -2147483648 -2147483648 -2147483648 -2147483648 -2147483648 -2147483648 -2147483648 -2147483648 -2147483648 -2147483648 -2147483648 -2147483648 -2147483648 -2147483648 -2147483648 -2147483648 -2147483648 -2147483648 -2147483648 -2147483648 -2147483648 -2147483648 -2147483648 -2147483648 -2147483648 -2147483648 -2147483648 -2147483648 -2147483648 -2147483648 -2147483648 -2147483648 -2147483648 -2147483648 -2147483648 -2147483648 -2147483648 -2147483648 -2147483648 -2147483648 -2147483648 -2147483648 -2147483648 -2147483648 -2147483648 -2147483648 -2147483648 -2147483648 -2147483648 -2147483648 -2147483648 -2147483648 -2147483648 -2147483648 -2147483648 -2147483648 -2147483648 -2147483648 -2147483648 -2147483648 -2147483648 -2147483648 -2147483648 -2147483648 -2147483648 -2147483648 -2147483648 -2147483648 -2147483648 -2147483648 -10 -12 -2147483648 -2147483648 -2147483648 -2147483648 -2147483648 -2147483648 -2147483648 -2147483648 -2147483648 -2147483648
split_feature= 8 20 19 7 4 10 9 13 21 3 2 12 1 21
split_gain= 117.176 59.7944 59.5768 41.22 10.4618 8.84147 5.14919 3.82897 2.51708 6.79991 1.32441 0.15209 2.41307 0.558101
threshold= 3.5000000000000004 3.5000000000000004 1.5000000000000002 1.0000000180025095e-35 4.5000000000000009 1.0000000180025095e-35 1.0000000180025095e-35 1.5000000000000002 1.5000000000000002 1.0000000180025095e-35 8.5000000000000018 1.0000000180025095e-35 2.5000000000000004 4.5000000000000009
decision_type= 2 2 2 2 2 2 2 2 2 2 2 2 2 2
left_child=1 5 4 7 -2 -1 8 -4 -5 10 -10 12 -3 -13
right_child=2 11 3 6 -6 -7 -8 -9 9 -11 -12 13 -14 -15
leaf_value= 0.105865822596505 0.10586582259650511 0.12488688802214452 0.10586582259650512 0.1060839390012901 -0.10546166888562683 -0.10546166888562683 -0.10546166888562683 -0.10002948522935876 -0.10745581447229016 0.10582511908749588 0.12014912330990919 0.10589133015978675 -0.12914539158193503 -0.027984062980134273
leaf_weight=3.0356061831116703 26.744737233966593 1.7754249870777121 1.6224791668355454 12.533981092274193 3.3883290365338317 20.526399090886116 3.3883290365338317 137.12144271284342 5.4595675691962242 5.8256644606590271 0.97704161703586567 111.22777260094881 1.5727316290140152 2.0032626017928115
leaf_count=58 511 17 31 233 69 418 69 2732 91 112 7 2117 9 25
model_size=1600
internal_value=0 0.0706233 -0.0504962 -0.0744323 0.082103 -0.0782353 0.0397219 -0.0976217 0.0595608 0.0120067 -0.0729066 0.100709 0.00556015 0.103523
internal_weight=0 140.141 197.062 166.929 30.1331 23.562 28.1846 138.744 24.7963 12.2623 6.43661 116.579 3.34816 113.231
internal_count=6499 2644 3855 3275 580 476 512 2763 443 210 98 2168 26 2142
is_linear=0
shrinkage=0.1


Tree=23
num_leaves= 14
num_cat= 0
full_tree_array_lgbids= 0 1 2 5 -3 4 3 -1 -7 -2147483648 -2147483648 -2 -6 7 6 -2147483648 -2147483648 -2147483648 -2147483648 -2147483648 -2147483648 -2147483648 -2147483648 -2147483648 -2147483648 -2147483648 -2147483648 -4 11 8 -8 -2147483648 -2147483648 -2147483648 -2147483648 -2147483648 -2147483648 -2147483648 -2147483648 -2147483648 -2147483648 -2147483648 -2147483648 -2147483648 -2147483648 -2147483648 -2147483648 -2147483648 -2147483648 -2147483648 -2147483648 -2147483648 -2147483648 -2147483648 -2147483648 -2147483648 -2147483648 -9 12 -5 9 -2147483648 -2147483648 -2147483648 -2147483648 -2147483648 -2147483648 -2147483648 -2147483648 -2147483648 -2147483648 -2147483648 -2147483648 -2147483648 -2147483648 -2147483648 -2147483648 -2147483648 -2147483648 -2147483648 -2147483648 -2147483648 -2147483648 -2147483648 -2147483648 -2147483648 -2147483648 -2147483648 -2147483648 -2147483648 -2147483648 -2147483648 -2147483648 -2147483648 -2147483648 -2147483648 -2147483648 -2147483648 -2147483648 -2147483648 -2147483648 -2147483648 -2147483648 -2147483648 -2147483648 -2147483648 -2147483648 -2147483648 -2147483648 -2147483648 -2147483648 -2147483648 -2147483648 -2147483648 -2147483648 -2147483648 -2147483648 -13 -14 -2147483648 -2147483648 10 -11 -2147483648 -2147483648 -2147483648 -2147483648 -2147483648 -2147483648 -2147483648 -2147483648 -2147483648 -2147483648 -2147483648 -2147483648 -2147483648 -2147483648 -2147483648 -2147483648 -2147483648 -2147483648 -2147483648 -2147483648 -2147483648 -2147483648 -2147483648 -2147483648 -2147483648 -2147483648 -2147483648 -2147483648 -2147483648 -2147483648 -2147483648 -2147483648 -2147483648 -2147483648 -2147483648 -2147483648 -2147483648 -2147483648 -2147483648 -2147483648 -2147483648 -2147483648 -2147483648 -2147483648 -2147483648 -2147483648 -2147483648 -2147483648 -2147483648 -2147483648 -2147483648 -2147483648 -2147483648 -2147483648 -2147483648 -2147483648 -2147483648 -2147483648 -2147483648 -2147483648 -2147483648 -2147483648 -2147483648 -2147483648 -2147483648 -2147483648 -2147483648 -2147483648 -2147483648 -2147483648 -2147483648 -2147483648 -2147483648 -2147483648 -2147483648 -2147483648 -2147483648 -2147483648 -2147483648 -2147483648 -2147483648 -2147483648 -2147483648 -2147483648 -2147483648 -2147483648 -2147483648 -2147483648 -2147483648 -2147483648 -2147483648 -2147483648 -2147483648 -2147483648 -2147483648 -2147483648 -2147483648 -2147483648 -2147483648 -2147483648 -2147483648 -2147483648 -2147483648 -2147483648 -2147483648 -2147483648 -2147483648 -2147483648 -2147483648 -2147483648 -2147483648 -2147483648 -2147483648 -2147483648 -2147483648 -2147483648 -2147483648 -2147483648 -2147483648 -2147483648 -10 -12 -2147483648 -2147483648 -2147483648 -2147483648 -2147483648 -2147483648 -2147483648 -2147483648 -2147483648 -2147483648
split_feature= 8 20 19 7 4 10 9 13 21 3 20 17 19
split_gain= 104.543 53.2757 52.8161 36.2021 9.01177 7.55709 4.22925 2.98729 1.86906 5.70851 0.774098 0.532443 10.5644
threshold= 3.5000000000000004 3.5000000000000004 1.5000000000000002 1.0000000180025095e-35 4.5000000000000009 1.0000000180025095e-35 1.0000000180025095e-35 1.5000000000000002 1.5000000000000002 1.0000000180025095e-35 3.5000000000000004 1.5000000000000002 6.5000000000000009
decision_type= 2 2 2 2 2 2 2 2 2 2 2 2 2
left_child=1 5 4 7 -2 -1 8 -4 -5 10 -10 -9 -13
right_child=2 -3 3 6 -6 -7 -8 11 9 -11 -12 12 -14
leaf_value= 0.10527657861010012 0.10527657861010026 0.099936551055070155 0.10527657861010027 0.10547193657487529 -0.10491500914327373 -0.10491500914327373 -0.10491500914327373 -0.10500011335461992 0.1178680138940062 0.10524017505070056 -0.10670354308027014 0.11215336636730254 -0.1050001133546199
leaf_weight=2.7613188400864628 24.328171160072092 106.27333779633045 1.4758773110806931 11.403661336749797 3.0810463540256015 18.664889506995678 3.0810463540256015 109.70738193392754 0.90028971433639338 5.2990819811820984 4.9730687066912651 3.7682236209511766 12.426549255847931
leaf_count=58 511 2168 31 233 69 418 69 2419 7 112 91 39 274
model_size=1488
internal_value=0 0.0701104 -0.0498518 -0.0734041 0.0816491 -0.0778264 0.0394692 -0.0961397 0.0591738 0.0119175 -0.0722804 -0.0985008 -0.0544725
internal_weight=0 127.7 180.444 153.035 27.4092 21.4262 25.6571 127.378 22.5761 11.1724 5.87336 125.902 16.1948
internal_count=6499 2644 3855 3275 580 476 512 2763 443 210 98 2732 313
is_linear=0
shrinkage=0.1


Tree=24
num_leaves= 17
num_cat= 0
full_tree_array_lgbids= 0 2 1 5 11 4 3 -1 -7 12 13 -2 -6 7 6 -2147483648 -2147483648 -2147483648 -2147483648 -4 -14 -13 -15 -2147483648 -2147483648 -2147483648 -2147483648 -3 14 8 -8 -2147483648 -2147483648 -2147483648 -2147483648 -2147483648 -2147483648 -2147483648 -2147483648 -2147483648 -2147483648 -2147483648 -2147483648 -2147483648 -2147483648 -2147483648 -2147483648 -2147483648 -2147483648 -2147483648 -2147483648 -2147483648 -2147483648 -2147483648 -2147483648 -2147483648 -2147483648 -9 15 -5 9 -2147483648 -2147483648 -2147483648 -2147483648 -2147483648 -2147483648 -2147483648 -2147483648 -2147483648 -2147483648 -2147483648 -2147483648 -2147483648 -2147483648 -2147483648 -2147483648 -2147483648 -2147483648 -2147483648 -2147483648 -2147483648 -2147483648 -2147483648 -2147483648 -2147483648 -2147483648 -2147483648 -2147483648 -2147483648 -2147483648 -2147483648 -2147483648 -2147483648 -2147483648 -2147483648 -2147483648 -2147483648 -2147483648 -2147483648 -2147483648 -2147483648 -2147483648 -2147483648 -2147483648 -2147483648 -2147483648 -2147483648 -2147483648 -2147483648 -2147483648 -2147483648 -2147483648 -2147483648 -2147483648 -2147483648 -2147483648 -16 -17 -2147483648 -2147483648 10 -11 -2147483648 -2147483648 -2147483648 -2147483648 -2147483648 -2147483648 -2147483648 -2147483648 -2147483648 -2147483648 -2147483648 -2147483648 -2147483648 -2147483648 -2147483648 -2147483648 -2147483648 -2147483648 -2147483648 -2147483648 -2147483648 -2147483648 -2147483648 -2147483648 -2147483648 -2147483648 -2147483648 -2147483648 -2147483648 -2147483648 -2147483648 -2147483648 -2147483648 -2147483648 -2147483648 -2147483648 -2147483648 -2147483648 -2147483648 -2147483648 -2147483648 -2147483648 -2147483648 -2147483648 -2147483648 -2147483648 -2147483648 -2147483648 -2147483648 -2147483648 -2147483648 -2147483648 -2147483648 -2147483648 -2147483648 -2147483648 -2147483648 -2147483648 -2147483648 -2147483648 -2147483648 -2147483648 -2147483648 -2147483648 -2147483648 -2147483648 -2147483648 -2147483648 -2147483648 -2147483648 -2147483648 -2147483648 -2147483648 -2147483648 -2147483648 -2147483648 -2147483648 -2147483648 -2147483648 -2147483648 -2147483648 -2147483648 -2147483648 -2147483648 -2147483648 -2147483648 -2147483648 -2147483648 -2147483648 -2147483648 -2147483648 -2147483648 -2147483648 -2147483648 -2147483648 -2147483648 -2147483648 -2147483648 -2147483648 -2147483648 -2147483648 -2147483648 -2147483648 -2147483648 -2147483648 -2147483648 -2147483648 -2147483648 -2147483648 -2147483648 -2147483648 -2147483648 -2147483648 -2147483648 -2147483648 -2147483648 -2147483648 -2147483648 -2147483648 -2147483648 -10 -12 -2147483648 -2147483648 -2147483648 -2147483648 -2147483648 -2147483648 -2147483648 -2147483648 -2147483648 -2147483648
split_feature= 8 19 20 7 4 10 9 13 21 3 20 12 1 21 17 19
split_gain= 93.1791 47.137 47.0577 32.1928 7.71131 6.40429 3.40377 2.28866 1.28545 4.73069 0.282465 0.212554 1.59381 0.711947 0.0932276 9.08626
threshold= 3.5000000000000004 1.5000000000000002 3.5000000000000004 1.0000000180025095e-35 4.5000000000000009 1.0000000180025095e-35 1.0000000180025095e-35 1.5000000000000002 1.5000000000000002 1.0000000180025095e-35 3.5000000000000004 1.0000000180025095e-35 2.5000000000000004 4.5000000000000009 1.5000000000000002 6.5000000000000009
decision_type= 2 2 2 2 2 2 2 2 2 2 2 2 2 2 2 2
left_child=2 4 5 7 -2 -1 8 -3 -5 10 -10 12 -4 -13 -9 -16
right_child=1 3 11 6 -6 -7 -8 14 9 -11 -12 13 -14 -15 15 -17
leaf_value= 0.10474930962181393 0.10474930962181406 0.10474930962181409 0.12012834914498534 0.10492448350048292 -0.10442548272911378 -0.10442548272911378 -0.10442548272911378 -0.10450172572222596 0.1158813261766186 0.10471672449831959 -0.10603107403010328 0.10479538122762476 -0.12830641287328964 -0.03465160411370917 0.11086398257803132 -0.10450172572222594
leaf_weight=2.5104792863130596 22.118188194930557 1.3418078944087017 1.5360720828175536 10.369548719376331 2.8002480491995803 16.963821515440941 2.8002480491995803 99.716609448194504 0.82786185294389536 4.8175522685050964 4.5268994756042957 92.439978610724211 1.5474995523691177 2.0372001230716696 3.4472498148679707 11.294894993305206
leaf_count=58 511 31 17 233 69 418 69 2419 7 112 91 2117 9 25 39 274
model_size=1824
internal_value=0 -0.0496016 0.0691603 -0.073034 0.081243 -0.0774603 0.0392433 -0.0956659 0.0588281 0.011838 -0.0717228 0.0984275 -0.00454937 0.101789 -0.0980154 -0.0541414
internal_weight=0 164.061 117.035 139.143 24.9184 19.4743 23.3421 115.801 20.5419 10.1723 5.35476 97.5608 3.08357 94.4772 114.459 14.7421
internal_count=6499 3855 2644 3275 580 476 512 2763 443 210 98 2168 26 2142 2732 313
is_linear=0
shrinkage=0.1


Tree=25
num_leaves= 11
num_cat= 0
full_tree_array_lgbids= 0 2 1 5 -4 4 3 -1 -7 -2147483648 -2147483648 -2 -6 7 6 -2147483648 -2147483648 -2147483648 -2147483648 -2147483648 -2147483648 -2147483648 -2147483648 -2147483648 -2147483648 -2147483648 -2147483648 -3 -9 8 -8 -2147483648 -2147483648 -2147483648 -2147483648 -2147483648 -2147483648 -2147483648 -2147483648 -2147483648 -2147483648 -2147483648 -2147483648 -2147483648 -2147483648 -2147483648 -2147483648 -2147483648 -2147483648 -2147483648 -2147483648 -2147483648 -2147483648 -2147483648 -2147483648 -2147483648 -2147483648 -2147483648 -2147483648 -5 9 -2147483648 -2147483648 -2147483648 -2147483648 -2147483648 -2147483648 -2147483648 -2147483648 -2147483648 -2147483648 -2147483648 -2147483648 -2147483648 -2147483648 -2147483648 -2147483648 -2147483648 -2147483648 -2147483648 -2147483648 -2147483648 -2147483648 -2147483648 -2147483648 -2147483648 -2147483648 -2147483648 -2147483648 -2147483648 -2147483648 -2147483648 -2147483648 -2147483648 -2147483648 -2147483648 -2147483648 -2147483648 -2147483648 -2147483648 -2147483648 -2147483648 -2147483648 -2147483648 -2147483648 -2147483648 -2147483648 -2147483648 -2147483648 -2147483648 -2147483648 -2147483648 -2147483648 -2147483648 -2147483648 -2147483648 -2147483648 -2147483648 -2147483648 -2147483648 -2147483648 -10 -11 -2147483648 -2147483648 -2147483648 -2147483648
split_feature= 8 19 20 7 4 10 9 13 21 3
split_gain= 83.3839 42.0167 41.8423 28.5665 6.51304 5.33786 2.63154 1.62954 0.728741 3.82285
threshold= 3.5000000000000004 1.5000000000000002 3.5000000000000004 1.0000000180025095e-35 4.5000000000000009 1.0000000180025095e-35 1.0000000180025095e-35 1.5000000000000002 1.5000000000000002 1.0000000180025095e-35
decision_type= 2 2 2 2 2 2 2 2 2 2
left_child=2 4 5 7 -2 -1 8 -3 -5 -10
right_child=1 3 -4 6 -6 -7 -8 -9 9 -11
leaf_value= 0.1042769941535199 0.10427699415352004 0.10427699415352006 0.097744196473944903 0.10443420406370685 -0.10398665302316219 -0.10398665302316219 -0.10398665302316219 -0.097580501753973453 -0.071225399797305758 0.10424779079881213
leaf_weight=2.2813395410776165 20.09938802570105 1.2193366512656201 88.877051845192909 9.4245564267039352 2.5439163185656062 15.41097132116556 2.5439163185656062 104.0065220631659 4.8781954608857614 4.3777095079421997
leaf_count=58 511 31 2168 233 69 418 69 2732 98 112
model_size=1152
internal_value=0 -0.0493775 0.0687118 -0.0727024 0.0808791 -0.077132 0.0390413 -0.0952414 0.058519 0.0117671
internal_weight=0 149.094 106.569 126.45 22.6433 17.6923 21.2244 105.226 18.6805 9.2559
internal_count=6499 3855 2644 3275 580 476 512 2763 443 210
is_linear=0
shrinkage=0.1


Tree=26
num_leaves= 16
num_cat= 0
full_tree_array_lgbids= 0 2 1 5 12 4 3 -1 -7 13 14 -2 -6 7 6 -2147483648 -2147483648 -2147483648 -2147483648 -4 -15 -14 -16 -2147483648 -2147483648 -2147483648 -2147483648 -3 8 10 -8 -2147483648 -2147483648 -2147483648 -2147483648 -2147483648 -2147483648 -2147483648 -2147483648 -2147483648 -2147483648 -2147483648 -2147483648 -2147483648 -2147483648 -2147483648 -2147483648 -2147483648 -2147483648 -2147483648 -2147483648 -2147483648 -2147483648 -2147483648 -2147483648 -2147483648 -2147483648 -9 9 -5 11 -2147483648 -2147483648 -2147483648 -2147483648 -2147483648 -2147483648 -2147483648 -2147483648 -2147483648 -2147483648 -2147483648 -2147483648 -2147483648 -2147483648 -2147483648 -2147483648 -2147483648 -2147483648 -2147483648 -2147483648 -2147483648 -2147483648 -2147483648 -2147483648 -2147483648 -2147483648 -2147483648 -2147483648 -2147483648 -2147483648 -2147483648 -2147483648 -2147483648 -2147483648 -2147483648 -2147483648 -2147483648 -2147483648 -2147483648 -2147483648 -2147483648 -2147483648 -2147483648 -2147483648 -2147483648 -2147483648 -2147483648 -2147483648 -2147483648 -2147483648 -2147483648 -2147483648 -2147483648 -2147483648 -2147483648 -2147483648 -10 -11 -2147483648 -2147483648 -12 -13 -2147483648 -2147483648 -2147483648 -2147483648
split_feature= 8 19 20 7 4 10 9 19 19 4 21 3 12 1 21
split_gain= 73.8501 37.0654 36.826 25.0205 5.47323 4.41592 1.93617 1.8135 6.64966 0.95854 0.327407 2.92001 0.233224 0.839417 0.837664
threshold= 3.5000000000000004 1.5000000000000002 3.5000000000000004 1.0000000180025095e-35 4.5000000000000009 1.0000000180025095e-35 1.0000000180025095e-35 4.5000000000000009 6.5000000000000009 4.5000000000000009 1.5000000000000002 1.0000000180025095e-35 1.0000000180025095e-35 2.5000000000000004 4.5000000000000009
decision_type= 2 2 2 2 2 2 2 2 2 2 2 2 2 2 2
left_child=2 4 5 7 -2 -1 10 -3 -9 -10 -5 -12 13 -4 -14
right_child=1 3 12 6 -6 -7 -8 8 9 -11 11 -13 14 -15 -16
leaf_value= 0.10385346582430799 0.10385346582430816 -0.10367802954669619 0.11634626209104015 0.10399466929928139 -0.10359291491265815 -0.10359291491265815 -0.10359291491265815 0.11072062714926759 0.10385346582430817 -0.10367802954669617 -0.067217801576774511 0.10382726626461458 0.10391616623762967 -0.12745438753510127 -0.040335833589501741
leaf_weight=2.0722302719950703 18.257063258439306 81.573310256004333 1.3189533893018952 8.5618951693177276 2.3101333491504183 13.994720868766306 2.3101333491504183 3.4105757698416683 1.1075713522732247 10.573050700128078 4.6636422984302026 3.9763405919075012 76.774331405758858 1.5210540443658829 2.0713879093527785
leaf_count=58 511 2384 17 233 69 418 69 39 31 309 98 112 2117 9 25
model_size=1712
internal_value=0 -0.0486583 0.0677177 -0.071533 0.0805528 -0.0768376 0.038461 -0.0937356 -0.0399933 -0.0839996 0.0575382 0.0115015 0.0961506 -0.0142287 0.100126
internal_weight=0 136.744 97.7527 116.177 20.5672 16.067 19.512 96.6645 15.0912 11.6806 17.2019 8.63998 81.6857 2.84001 78.8457
internal_count=6499 3855 2644 3275 580 476 512 2763 379 340 443 210 2168 26 2142
is_linear=0
shrinkage=0.1


Tree=27
num_leaves= 11
num_cat= 0
full_tree_array_lgbids= 0 2 1 5 -4 4 3 -1 -7 -2147483648 -2147483648 -2 -6 7 6 -2147483648 -2147483648 -2147483648 -2147483648 -2147483648 -2147483648 -2147483648 -2147483648 -2147483648 -2147483648 -2147483648 -2147483648 -3 8 -5 -8 -2147483648 -2147483648 -2147483648 -2147483648 -2147483648 -2147483648 -2147483648 -2147483648 -2147483648 -2147483648 -2147483648 -2147483648 -2147483648 -2147483648 -2147483648 -2147483648 -2147483648 -2147483648 -2147483648 -2147483648 -2147483648 -2147483648 -2147483648 -2147483648 -2147483648 -2147483648 -9 9 -2147483648 -2147483648 -2147483648 -2147483648 -2147483648 -2147483648 -2147483648 -2147483648 -2147483648 -2147483648 -2147483648 -2147483648 -2147483648 -2147483648 -2147483648 -2147483648 -2147483648 -2147483648 -2147483648 -2147483648 -2147483648 -2147483648 -2147483648 -2147483648 -2147483648 -2147483648 -2147483648 -2147483648 -2147483648 -2147483648 -2147483648 -2147483648 -2147483648 -2147483648 -2147483648 -2147483648 -2147483648 -2147483648 -2147483648 -2147483648 -2147483648 -2147483648 -2147483648 -2147483648 -2147483648 -2147483648 -2147483648 -2147483648 -2147483648 -2147483648 -2147483648 -2147483648 -2147483648 -2147483648 -2147483648 -2147483648 -2147483648 -2147483648 -10 -11 -2147483648 -2147483648 -2147483648 -2147483648 -2147483648 -2147483648 -2147483648 -2147483648
split_feature= 8 19 20 7 4 10 9 19 19 4
split_gain= 65.9632 32.8913 32.65 22.2084 4.48585 3.53405 1.25775 1.20058 5.53022 0.423826
threshold= 3.5000000000000004 1.5000000000000002 3.5000000000000004 1.0000000180025095e-35 4.5000000000000009 1.0000000180025095e-35 1.0000000180025095e-35 4.5000000000000009 6.5000000000000009 4.5000000000000009
decision_type= 2 2 2 2 2 2 2 2 2 2
left_child=2 4 5 7 -2 -1 -5 -3 -9 -10
right_child=1 3 -4 6 -6 -7 -8 8 9 -11
leaf_value= 0.10347335349041774 0.10347335349041771 -0.10331580688155878 0.095527949291656422 0.056505370869944171 -0.10323934713330028 -0.10323934713330028 -0.10323934713330028 0.10959697942048373 0.10347335349041774 -0.10331580688155878
leaf_weight=1.881568357348441 16.577266044914726 74.0561763048172 74.384849641472101 15.860915362834932 2.0970889013260594 12.704103779047726 2.0970889013260594 3.1160341948270771 1.0056658461689938 9.5987241938710213
leaf_count=58 511 2384 2168 443 69 418 69 39 31 309
model_size=1152
internal_value=0 -0.048379 0.067314 -0.0710986 0.08026 -0.0765732 0.0378508 -0.0933883 -0.0398043 -0.083705
internal_weight=0 124.409 88.9705 105.735 18.6744 14.5857 17.958 87.7766 13.7204 10.6044
internal_count=6499 3855 2644 3275 580 476 512 2763 379 340
is_linear=0
shrinkage=0.1


Tree=28
num_leaves= 13
num_cat= 0
full_tree_array_lgbids= 0 2 1 5 10 4 3 -1 -7 11 -12 -2 -6 8 6 -2147483648 -2147483648 -2147483648 -2147483648 -4 -13 -2147483648 -2147483648 -2147483648 -2147483648 -2147483648 -2147483648 -3 9 7 -8 -2147483648 -2147483648 -2147483648 -2147483648 -2147483648 -2147483648 -2147483648 -2147483648 -2147483648 -2147483648 -2147483648 -2147483648 -2147483648 -2147483648 -2147483648 -2147483648 -2147483648 -2147483648 -2147483648 -2147483648 -2147483648 -2147483648 -2147483648 -2147483648 -2147483648 -2147483648 -10 -11 -5 -9 -2147483648 -2147483648
split_feature= 8 19 20 7 4 10 4 20 19 19 21 12
split_gain= 58.3827 28.9992 28.5865 19.9419 3.64948 2.79222 0.775764 1.05936 0.698043 4.56499 0.288946 0.832429
threshold= 3.5000000000000004 1.5000000000000002 3.5000000000000004 1.0000000180025095e-35 4.5000000000000009 1.0000000180025095e-35 5.5000000000000009 3.5000000000000004 4.5000000000000009 6.5000000000000009 4.5000000000000009 1.0000000180025095e-35
decision_type= 2 2 2 2 2 2 2 2 2 2 2 2
left_child=2 4 5 8 -2 -1 7 -5 -3 -10 11 -4
right_child=1 3 10 6 -6 -7 -8 -9 9 -11 -12 -13
leaf_value= 0.10313192461089341 0.10313192461089341 -0.1029903325128767 -0.033394859287027005 0.10677952522594679 -0.10292161391218083 -0.10292161391218094 0.10324517204275359 -0.0388939565719593 0.10860077817926737 -0.083440239763467289 -0.032864518290295304 0.10320807093766669
leaf_weight=1.7078625038266171 15.046857576817274 67.209769070148468 2.4275094717741004 2.9184660725295553 1.9030840359628207 11.528827928006647 6.0581710003316394 8.3598554953932762 2.8440433815121624 9.6241563856601715 2.2964313663542262 63.758413540199399
leaf_count=58 511 2384 17 72 69 418 199 241 39 340 34 2117
model_size=1376
internal_value=0 -0.0478064 0.0662442 -0.0701356 0.0799969 -0.0763356 0.035299 -0.00119836 -0.0930763 -0.039635 0.0938029 0.0981979
internal_weight=0 113.964 81.719 97.0145 16.9499 13.2367 17.3365 11.2783 79.678 12.4682 68.4824 66.1859
internal_count=6499 3855 2644 3275 580 476 512 313 2763 379 2168 2134
is_linear=0
shrinkage=0.1


Tree=29
num_leaves= 11
num_cat= 0
full_tree_array_lgbids= 0 2 1 5 -4 4 3 -1 -7 -2147483648 -2147483648 -2 -6 6 8 -2147483648 -2147483648 -2147483648 -2147483648 -2147483648 -2147483648 -2147483648 -2147483648 -2147483648 -2147483648 -2147483648 -2147483648 -3 7 9 -10 -2147483648 -2147483648 -2147483648 -2147483648 -2147483648 -2147483648 -2147483648 -2147483648 -2147483648 -2147483648 -2147483648 -2147483648 -2147483648 -2147483648 -2147483648 -2147483648 -2147483648 -2147483648 -2147483648 -2147483648 -2147483648 -2147483648 -2147483648 -2147483648 -2147483648 -2147483648 -8 -9 -5 -11 -2147483648 -2147483648
split_feature= 8 19 20 7 4 10 19 10 4 20
split_gain= 51.7963 25.4444 25.1595 17.6931 2.84523 2.07278 0.422112 3.83242 0.323812 0.404511
threshold= 3.5000000000000004 1.5000000000000002 3.5000000000000004 1.0000000180025095e-35 4.5000000000000009 1.0000000180025095e-35 4.5000000000000009 3.5000000000000004 5.5000000000000009 3.5000000000000004
decision_type= 2 2 2 2 2 2 2 2 2 2
left_child=2 4 5 6 -2 -1 -3 -8 9 -5
right_child=1 3 -4 8 -6 -7 7 -9 -10 -11
leaf_value= 0.10282502126035142 0.10282502126035142 -0.10269768529104628 0.092904789186940034 0.10613644251580248 -0.10263586569556574 -0.10263586569556582 0.061191374711681415 -0.10275094157643837 0.1029268407399421 -0.035470986453611457
leaf_weight=1.5497152991592873 13.653526170179244 60.978377461433411 62.562272414565086 2.6559218652546415 1.726531499996782 10.459277782589195 4.5706269778311235 7.0612090714275837 5.497749611735343 8.2557256557047367
leaf_count=58 511 2384 2168 72 69 418 108 271 199 241
model_size=1152
internal_value=0 -0.0471895 0.0656846 -0.0691228 0.0797604 -0.0761219 -0.0923865 -0.0383313 0.033817 -0.00100339
internal_weight=0 104.4 74.5713 89.0196 15.3801 12.009 72.6102 11.6318 16.4094 10.9116
internal_count=6499 3855 2644 3275 580 476 2763 379 512 313
is_linear=0
shrinkage=0.1


Tree=30
num_leaves= 11
num_cat= 0
full_tree_array_lgbids= 0 2 1 5 6 4 3 -1 -7 7 -8 -2 -6 8 -5 -2147483648 -2147483648 -2147483648 -2147483648 -4 -9 -2147483648 -2147483648 -2147483648 -2147483648 -2147483648 -2147483648 -3 9 -2147483648 -2147483648 -2147483648 -2147483648 -2147483648 -2147483648 -2147483648 -2147483648 -2147483648 -2147483648 -2147483648 -2147483648 -2147483648 -2147483648 -2147483648 -2147483648 -2147483648 -2147483648 -2147483648 -2147483648 -2147483648 -2147483648 -2147483648 -2147483648 -2147483648 -2147483648 -2147483648 -2147483648 -10 -11 -2147483648 -2147483648 -2147483648 -2147483648
split_feature= 8 19 20 7 4 10 21 12 19 10
split_gain= 45.6029 22.2806 21.8231 15.6996 2.13503 1.4387 0.353345 0.985924 0.147191 2.94806
threshold= 3.5000000000000004 1.5000000000000002 3.5000000000000004 1.0000000180025095e-35 4.5000000000000009 1.0000000180025095e-35 4.5000000000000009 1.0000000180025095e-35 4.5000000000000009 3.5000000000000004
decision_type= 2 2 2 2 2 2 2 2 2 2
left_child=2 4 5 8 -2 -1 7 -4 -3 -10
right_child=1 3 6 -5 -6 -7 -8 -9 9 -11
leaf_value= 0.10254897274617014 0.10254897274617014 -0.10243438707830357 -0.039175070744724511 0.032314583011668944 -0.10237875438803246 -0.10237875438803257 -0.038419750129573438 0.10263676863884617 0.05676299800288194 -0.10248232058906832
leaf_weight=1.4058226719498623 12.385782506316897 55.310118138790131 2.438949078321456 15.572752526029943 1.5659537985920913 9.4865027219057065 2.3254702202975741 52.989291043952107 4.4415491353720409 6.4051405228674412
leaf_count=58 511 2384 17 512 69 418 34 2117 108 271
model_size=1152
internal_value=0 -0.0465807 0.064486 -0.0681116 0.0795477 -0.0759297 0.0909683 0.0963968 -0.091751 -0.0372739
internal_weight=0 95.6813 68.646 81.7296 13.9517 10.8923 57.7537 55.4282 66.1568 10.8467
internal_count=6499 3855 2644 3275 580 476 2168 2134 2763 379
is_linear=0
shrinkage=0.1


Tree=31
num_leaves= 7
num_cat= 0
full_tree_array_lgbids= 0 2 1 -1 -4 3 -3 -2147483648 -2147483648 -2147483648 -2147483648 -2 4 -2147483648 -2147483648 -2147483648 -2147483648 -2147483648 -2147483648 -2147483648 -2147483648 -2147483648 -2147483648 -2147483648 -2147483648 -5 5 -2147483648 -2147483648 -2147483648 -2147483648 -2147483648 -2147483648 -2147483648 -2147483648 -2147483648 -2147483648 -2147483648 -2147483648 -2147483648 -2147483648 -2147483648 -2147483648 -2147483648 -2147483648 -2147483648 -2147483648 -2147483648 -2147483648 -2147483648 -2147483648 -2147483648 -2147483648 -6 -7 -2147483648 -2147483648 -2147483648 -2147483648 -2147483648 -2147483648 -2147483648 -2147483648
split_feature= 4 4 4 19 19 12
split_gain= 40.3416 65.7904 21.312 1.49695 3.27352 3.02194
threshold= 2.5000000000000004 5.5000000000000009 1.0000000180025095e-35 4.5000000000000009 5.5000000000000009 2.5000000000000004
decision_type= 2 2 2 2 2 2
left_child=2 3 -1 -2 -5 -6
right_child=1 -3 -4 4 5 -7
leaf_value= -0.10227022293902342 -0.10318620274754167 0.10241274219328625 0.10277616962843095 0.10616078697928821 -0.099871117788594352 0.076359273345867285
leaf_weight=6.8981137014925471 56.410735996440053 25.814078003168106 44.381124304607511 2.7734324261546144 12.094205556437371 2.6863143444061288
leaf_count=320 2523 1123 1885 58 516 74
model_size=704
internal_value=0 -0.0389404 0.0751932 -0.0882734 -0.0403503 -0.0678418
internal_weight=0 99.7788 51.2792 73.9647 17.554 14.7805
internal_count=6499 4294 2205 3171 648 590
is_linear=0
shrinkage=0.1


Tree=32
num_leaves= 7
num_cat= 0
full_tree_array_lgbids= 0 2 1 -1 -4 3 -3 -2147483648 -2147483648 -2147483648 -2147483648 -2 4 -2147483648 -2147483648 -2147483648 -2147483648 -2147483648 -2147483648 -2147483648 -2147483648 -2147483648 -2147483648 -2147483648 -2147483648 -5 5 -2147483648 -2147483648 -2147483648 -2147483648 -2147483648 -2147483648 -2147483648 -2147483648 -2147483648 -2147483648 -2147483648 -2147483648 -2147483648 -2147483648 -2147483648 -2147483648 -2147483648 -2147483648 -2147483648 -2147483648 -2147483648 -2147483648 -2147483648 -2147483648 -2147483648 -2147483648 -6 -7 -2147483648 -2147483648 -2147483648 -2147483648 -2147483648 -2147483648 -2147483648 -2147483648
split_feature= 4 4 4 19 19 12
split_gain= 35.9208 58.8011 18.7853 1.01756 2.45057 2.23156
threshold= 2.5000000000000004 5.5000000000000009 1.0000000180025095e-35 4.5000000000000009 5.5000000000000009 2.5000000000000004
decision_type= 2 2 2 2 2 2
left_child=2 3 -1 -2 -5 -6
right_child=1 -3 -4 4 5 -7
leaf_value= -0.10204960501995169 -0.10289973046238415 0.10217788820563685 0.10251092053376964 0.10554464093512049 -0.099020840460562504 0.072254096405606635
leaf_weight=6.2544782739132634 51.177424235269427 23.408496290445328 40.256323011592031 2.5234073605388412 11.032611858099697 2.5617268476635227
leaf_count=320 2523 1123 1885 58 516 74
model_size=704
internal_value=0 -0.0387564 0.0750029 -0.0877801 -0.0397718 -0.0667457
internal_weight=0 90.7037 46.5108 67.2952 16.1177 13.5943
internal_count=6499 4294 2205 3171 648 590
is_linear=0
shrinkage=0.1


Tree=33
num_leaves= 7
num_cat= 0
full_tree_array_lgbids= 0 2 1 -1 -4 3 -3 -2147483648 -2147483648 -2147483648 -2147483648 -2 4 -2147483648 -2147483648 -2147483648 -2147483648 -2147483648 -2147483648 -2147483648 -2147483648 -2147483648 -2147483648 -2147483648 -2147483648 -5 5 -2147483648 -2147483648 -2147483648 -2147483648 -2147483648 -2147483648 -2147483648 -2147483648 -2147483648 -2147483648 -2147483648 -2147483648 -2147483648 -2147483648 -2147483648 -2147483648 -2147483648 -2147483648 -2147483648 -2147483648 -2147483648 -2147483648 -2147483648 -2147483648 -2147483648 -2147483648 -6 -7 -2147483648 -2147483648 -2147483648 -2147483648 -2147483648 -2147483648 -2147483648 -2147483648
split_feature= 4 4 4 19 19 12
split_gain= 31.9619 52.5182 16.5259 0.608012 1.71829 1.5241
threshold= 2.5000000000000004 5.5000000000000009 1.0000000180025095e-35 4.5000000000000009 5.5000000000000009 2.5000000000000004
decision_type= 2 2 2 2 2 2
left_child=2 3 -1 -2 -5 -6
right_child=1 -3 -4 4 5 -7
leaf_value= -0.1018508186281214 -0.10263832023453381 0.10196635739029414 0.10227121395944759 0.10499278572472388 -0.098083695394429016 0.06804550968795274
leaf_weight=5.669768849387764 46.41919525898993 21.222587229683995 36.506455408409238 2.2946620862930986 10.073392093181608 2.4539592713117608
leaf_count=320 2523 1123 1885 58 516 74
model_size=704
internal_value=0 -0.0385688 0.074831 -0.08727 -0.0391399 -0.065541
internal_weight=0 82.4638 42.1762 61.2412 14.822 12.5274
internal_count=6499 4294 2205 3171 648 590
is_linear=0
shrinkage=0.1


Tree=34
num_leaves= 7
num_cat= 0
full_tree_array_lgbids= 0 2 1 -1 -4 3 -3 -2147483648 -2147483648 -2147483648 -2147483648 -2 4 -2147483648 -2147483648 -2147483648 -2147483648 -2147483648 -2147483648 -2147483648 -2147483648 -2147483648 -2147483648 -2147483648 -2147483648 -5 5 -2147483648 -2147483648 -2147483648 -2147483648 -2147483648 -2147483648 -2147483648 -2147483648 -2147483648 -2147483648 -2147483648 -2147483648 -2147483648 -2147483648 -2147483648 -2147483648 -2147483648 -2147483648 -2147483648 -2147483648 -2147483648 -2147483648 -2147483648 -2147483648 -2147483648 -2147483648 -6 -7 -2147483648 -2147483648 -2147483648 -2147483648 -2147483648 -2147483648 -2147483648 -2147483648
split_feature= 4 4 4 19 19 12
split_gain= 28.3889 46.8479 14.4854 0.240304 1.05333 0.883966
threshold= 2.5000000000000004 5.5000000000000009 1.0000000180025095e-35 4.5000000000000009 5.5000000000000009 2.5000000000000004
decision_type= 2 2 2 2 2 2
left_child=2 3 -1 -2 -5 -6
right_child=1 -3 -4 4 5 -7
leaf_value= -0.10167164437479588 -0.10239980463573005 0.10177573998880224 0.102054550726908 0.10449800881314456 -0.097039057079744293 0.063781383688688326
leaf_weight=5.1387997046113005 42.094684879295528 19.237124798819423 33.098966441117227 2.0856253616511795 9.2080658562481386 2.3612383306026468
leaf_count=320 2523 1123 1885 58 516 74
model_size=704
internal_value=0 -0.0383749 0.0746756 -0.0867357 -0.0384473 -0.0642164
internal_weight=0 74.9867 38.2378 55.7496 13.6549 11.5693
internal_count=6499 4294 2205 3171 648 590
is_linear=0
shrinkage=0.1


Tree=35
num_leaves= 4
num_cat= 0
full_tree_array_lgbids= 0 2 1 -1 -4 -2 -3
split_feature= 4 4 4
split_gain= 25.1622 41.7274 12.6411
threshold= 2.5000000000000004 5.5000000000000009 1.0000000180025095e-35
decision_type= 2 2 2
left_child=2 -2 -1
right_child=1 -3 -4
leaf_value= -0.10151007763118305 -0.086169511770394655 0.10160390834052849 0.10185867310792707
leaf_weight=4.6568022388964883 50.771286584436893 17.43440961651504 30.003845503553748
leaf_count=320 3171 1123 1885
model_size=368
internal_value=0 -0.0381718 0.0745352
internal_weight=0 68.2057 34.6606
internal_count=6499 4294 2205
is_linear=0
shrinkage=0.1


Tree=36
num_leaves= 7
num_cat= 0
full_tree_array_lgbids= 0 2 1 -1 -4 3 -3 -2147483648 -2147483648 -2147483648 -2147483648 -2 4 -2147483648 -2147483648 -2147483648 -2147483648 -2147483648 -2147483648 -2147483648 -2147483648 -2147483648 -2147483648 -2147483648 -2147483648 -5 5 -2147483648 -2147483648 -2147483648 -2147483648 -2147483648 -2147483648 -2147483648 -2147483648 -2147483648 -2147483648 -2147483648 -2147483648 -2147483648 -2147483648 -2147483648 -2147483648 -2147483648 -2147483648 -2147483648 -2147483648 -2147483648 -2147483648 -2147483648 -2147483648 -2147483648 -2147483648 -6 -7 -2147483648 -2147483648 -2147483648 -2147483648 -2147483648 -2147483648 -2147483648 -2147483648
split_feature= 4 4 4 19 19 12
split_gain= 22.0686 36.4318 10.9965 0.634457 0.394286 0.615645
threshold= 2.5000000000000004 5.5000000000000009 1.0000000180025095e-35 4.5000000000000009 5.5000000000000009 2.5000000000000004
decision_type= 2 2 2 2 2 2
left_child=2 3 -1 -2 -5 -6
right_child=1 -3 -4 4 5 -7
leaf_value= -0.10136434938918928 -0.10201372242124732 0.10144895415330349 0.10168155340402485 0.1044167721505081 -0.094681693888799878 0.065217121802844405
leaf_weight=4.2193984901532557 35.134770178236067 15.798174914903937 27.193486674688756 2.0509437229484293 7.7962440345436335 2.3908194992691278
leaf_count=320 2523 1123 1885 58 516 74
model_size=704
internal_value=0 -0.0371944 0.0744083 -0.0834301 -0.0300773 -0.0571548
internal_weight=0 63.171 31.4129 47.3728 12.238 10.1871
internal_count=6499 4294 2205 3171 648 590
is_linear=0
shrinkage=0.1


Tree=37
num_leaves= 5
num_cat= 0
full_tree_array_lgbids= 0 2 1 -1 -4 3 -3 -2147483648 -2147483648 -2147483648 -2147483648 -2 -5 -2147483648 -2147483648
split_feature= 4 4 4 19
split_gain= 19.4547 32.3286 9.48687 0.268097
threshold= 2.5000000000000004 5.5000000000000009 1.0000000180025095e-35 4.5000000000000009
decision_type= 2 2 2 2
left_child=2 3 -1 -2
right_child=1 -3 -4 -5
leaf_value= -0.10123285757391008 -0.10183016986098758 0.10130917338402912 0.1015213710316427 -0.029393140028267858
leaf_weight=3.8225764073431518 31.845648122951388 14.313499751500784 24.642532097175717 11.331252065487204
leaf_count=320 2523 1123 1885 648
model_size=480
internal_value=0 -0.036977 0.0742935 -0.08282
internal_weight=0 57.4904 28.4651 43.1769
internal_count=6499 4294 2205 3171
is_linear=0
shrinkage=0.1


Tree=38
num_leaves= 5
num_cat= 0
full_tree_array_lgbids= 0 2 1 -1 -4 3 -3 -2147483648 -2147483648 -2147483648 -2147483648 -2 -5 -2147483648 -2147483648
split_feature= 4 4 4 19
split_gain= 17.0002 28.2418 8.13531 0.388349
threshold= 2.5000000000000004 5.5000000000000009 1.0000000180025095e-35 4.5000000000000009
decision_type= 2 2 2 2
left_child=2 3 -1 -2
right_child=1 -3 -4 -5
leaf_value= -0.10111418304405635 -0.10166286196792998 0.10118304331731146 0.10137649544224914 -0.026695656477934107
leaf_weight=3.4626630516722825 28.860145556740463 12.966713040135799 22.327729817479849 11.234032988548277
leaf_count=320 2523 1123 1885 648
model_size=480
internal_value=0 -0.0362205 0.0741897 -0.0806577
internal_weight=0 53.0609 25.7904 40.0942
internal_count=6499 4294 2205 3171
is_linear=0
shrinkage=0.1


Tree=39
num_leaves= 5
num_cat= 0
full_tree_array_lgbids= 0 2 1 -1 -4 3 -3 -2147483648 -2147483648 -2147483648 -2147483648 -2 -5 -2147483648 -2147483648
split_feature= 4 4 4 19
split_gain= 14.787 24.5764 6.9119 0.47642
threshold= 2.5000000000000004 5.5000000000000009 1.0000000180025095e-35 4.5000000000000009
decision_type= 2 2 2 2
left_child=2 3 -1 -2
right_child=1 -3 -4 -5
leaf_value= -0.10100704926868348 -0.10151042425834884 0.10106920115021573 0.10124544466958013 -0.024210691917499163
leaf_weight=3.1363012632355121 26.150961824692786 11.745310535654424 20.227785207331181 11.152910760603843
leaf_count=320 2523 1123 1885 648
model_size=480
internal_value=0 -0.0354242 0.0740959 -0.0783998
internal_weight=0 49.0492 23.3641 37.3039
internal_count=6499 4294 2205 3171
is_linear=0
shrinkage=0.1


Tree=40
num_leaves= 5
num_cat= 0
full_tree_array_lgbids= 0 2 1 -1 -4 3 -3 -2147483648 -2147483648 -2147483648 -2147483648 -2 -5 -2147483648 -2147483648
split_feature= 4 4 4 19
split_gain= 12.7914 21.2916 5.80386 0.531581
threshold= 2.5000000000000004 5.5000000000000009 1.0000000180025095e-35 4.5000000000000009
decision_type= 2 2 2 2
left_child=2 3 -1 -2
right_child=1 -3 -4 -5
leaf_value= -0.1009103122084565 -0.10137158580845405 0.10096641581307415 0.10112689176533428 -0.021930241789235173
leaf_weight=2.8404247555881765 23.693130690604448 10.637864692136644 18.323222822509706 11.085186651907859
leaf_count=320 2523 1123 1885 648
model_size=480
internal_value=0 -0.0345878 0.074011 -0.0760506
internal_weight=0 45.4162 21.1636 34.7783
internal_count=6499 4294 2205 3171
is_linear=0
shrinkage=0.1


Tree=41
num_leaves= 5
num_cat= 0
full_tree_array_lgbids= 0 2 1 -1 -4 3 -3 -2147483648 -2147483648 -2147483648 -2147483648 -2 -5 -2147483648 -2147483648
split_feature= 4 4 4 19
split_gain= 10.9921 18.3507 4.79972 0.553868
threshold= 2.5000000000000004 5.5000000000000009 1.0000000180025095e-35 4.5000000000000009
decision_type= 2 2 2 2
left_child=2 3 -1 -2
right_child=1 -3 -4 -5
leaf_value= -0.1008229431959638 -0.10124517505059766 0.1008736053959175 0.10101964364150298 -0.019844188972412139
leaf_weight=2.5722364401444819 21.463837157003582 9.6339435428380948 16.596244417596608 11.028599821031092
leaf_count=320 2523 1123 1885 648
model_size=480
internal_value=0 -0.0337117 0.0739342 -0.073616
internal_weight=0 42.1264 19.1685 32.4924
internal_count=6499 4294 2205 3171
is_linear=0
shrinkage=0.1


Tree=42
num_leaves= 5
num_cat= 0
full_tree_array_lgbids= 0 2 1 -1 -4 3 -3 -2147483648 -2147483648 -2147483648 -2147483648 -2 -5 -2147483648 -2147483648
split_feature= 4 4 4 19
split_gain= 9.36986 15.7202 3.88921 0.543983
threshold= 2.5000000000000004 5.5000000000000009 1.0000000180025095e-35 4.5000000000000009
decision_type= 2 2 2 2
left_child=2 3 -1 -2
right_child=1 -3 -4 -5
leaf_value= -0.10074402961168488 -0.10113014417659794 0.10078978317403452 0.10092260894070092 -0.017941088255912851
leaf_weight=2.329186176881195 19.442251352127641 8.7240339349955303 15.030606709886342 10.981263579800727
leaf_count=320 2523 1123 1885 648
model_size=480
internal_value=0 -0.0327969 0.0738647 -0.0711033
internal_weight=0 39.1475 17.3598 30.4235
internal_count=6499 4294 2205 3171
is_linear=0
shrinkage=0.1


Tree=43
num_leaves= 5
num_cat= 0
full_tree_array_lgbids= 0 2 1 -1 -4 3 -3 -2147483648 -2147483648 -2147483648 -2147483648 -2 -5 -2147483648 -2147483648
split_feature= 4 4 4 19
split_gain= 7.90734 13.3698 3.06308 0.503187
threshold= 2.5000000000000004 5.5000000000000009 1.0000000180025095e-35 4.5000000000000009
decision_type= 2 2 2 2
left_child=2 3 -1 -2
right_child=1 -3 -4 -5
leaf_value= -0.10067273744667445 -0.101025500345093 0.1007140643998775 0.10083481635806585 -0.01620879257481057
leaf_weight=2.108951385598627 17.60937352059409 7.899465048685669 13.611494378652424 10.941607703454794
leaf_count=320 2523 1123 1885 648
model_size=480
internal_value=0 -0.0318448 0.0738019 -0.0685211
internal_weight=0 36.4504 15.7204 28.551
internal_count=6499 4294 2205 3171
is_linear=0
shrinkage=0.1


Tree=44
num_leaves= 5
num_cat= 0
full_tree_array_lgbids= 0 2 1 -1 -4 3 -3 -2147483648 -2147483648 -2147483648 -2147483648 -2 -5 -2147483648 -2147483648
split_feature= 4 4 4 19
split_gain= 6.58896 11.272 2.31304 0.433204
threshold= 2.5000000000000004 5.5000000000000009 1.0000000180025095e-35 4.5000000000000009
decision_type= 2 2 2 2
left_child=2 3 -1 -2
right_child=1 -3 -4 -5
leaf_value= -0.10060831134423209 -0.10093032674181726 0.10064565149172051 0.10075538037486892 -0.014634919217480311
leaf_weight=1.9094179538078577 15.94788134843111 7.1523429430089882 12.325405745767057 10.908329492434859
leaf_count=320 2523 1123 1885 648
model_size=480
internal_value=0 -0.0308574 0.073745 -0.0658793
internal_weight=0 34.0086 14.2348 26.8562
internal_count=6499 4294 2205 3171
is_linear=0
shrinkage=0.1


Tree=45
num_leaves= 5
num_cat= 0
full_tree_array_lgbids= 0 2 1 -1 -4 3 -3 -2147483648 -2147483648 -2147483648 -2147483648 -2 -5 -2147483648 -2147483648
split_feature= 4 4 4 19
split_gain= 5.40065 9.40153 1.63164 0.336127
threshold= 2.5000000000000004 5.5000000000000009 1.0000000180025095e-35 4.5000000000000009
decision_type= 2 2 2 2
left_child=2 3 -1 -2
right_child=1 -3 -4 -5
leaf_value= -0.10055010004949004 -0.10084380722136188 0.10058383209763407 0.10068351179721763 -0.013207202832971002
leaf_weight=1.7286621956154675 14.441990377847109 6.4754830300807944 11.160044453106821 10.880349370650947
leaf_count=320 2523 1123 1885 648
model_size=480
internal_value=0 -0.0298371 0.0736936 -0.0631886
internal_weight=0 31.7978 12.8887 25.3223
internal_count=6499 4294 2205 3171
is_linear=0
shrinkage=0.1


Tree=46
num_leaves= 5
num_cat= 0
full_tree_array_lgbids= 0 2 1 -1 -4 3 -3 -2147483648 -2147483648 -2147483648 -2147483648 -2 -5 -2147483648 -2147483648
split_feature= 4 4 4 19
split_gain= 4.3297 7.73568 1.01216 0.214331
threshold= 2.5000000000000004 5.5000000000000009 1.0000000180025095e-35 4.5000000000000009
decision_type= 2 2 2 2
left_child=2 3 -1 -2
right_child=1 -3 -4 -5
leaf_value= -0.10049747642557459 -0.10076518799061107 0.10052796886274025 0.1006184794301621 -0.011913743499541806
leaf_weight=1.5649356041103573 13.077330947853628 5.8623496410436919 10.104220473207533 10.856774338521063
leaf_count=320 2523 1123 1885 648
model_size=480
internal_value=0 -0.0287871 0.0736471 -0.0604612
internal_weight=0 29.7965 11.6692 23.9341
internal_count=6499 4294 2205 3171
is_linear=0
shrinkage=0.1


Tree=47
num_leaves= 4
num_cat= 0
full_tree_array_lgbids= 0 -1 1 -2147483648 -2147483648 2 -3 -2147483648 -2147483648 -2147483648 -2147483648 -2 -4 -2147483648 -2147483648
split_feature= 8 4 4
split_gain= 3.39675 4.02483 0.239753
threshold= 1.0000000180025095e-35 2.5000000000000004 1.0000000180025095e-35
decision_type= 2 2 2
left_child=-1 2 -2
right_child=1 -3 -4
leaf_value= 0.10047037869727778 -0.10044991438056171 -0.05104890345783783 0.10058828954301258
leaf_weight=6.5144776878878465 1.4166486077010612 23.674349570646882 6.9436220694333315
leaf_count=1398 320 3370 1411
model_size=368
internal_value=0 -0.0203656 0.0665223
internal_weight=0 32.0346 8.36027
internal_count=6499 5101 1731
is_linear=0
shrinkage=0.1


Tree=48
num_leaves= 3
num_cat= 0
full_tree_array_lgbids= 0 -1 1 -2147483648 -2147483648 -2 -3
split_feature= 8 4
split_gain= 2.5212 2.82005
threshold= 1.0000000180025095e-35 2.5000000000000004
decision_type= 2 2
left_child=-1 -2
right_child=1 -3
leaf_value= 0.10042541807927147 0.0664866255952377 -0.047207935318243299
leaf_weight=5.8970481175929299 7.568523385794836 23.073485534638166
leaf_count=1398 1731 3370
model_size=256
internal_value=0 -0.0191256
internal_weight=0 30.642
internal_count=6499 5101
is_linear=0
shrinkage=0.1


Tree=49
num_leaves= 4
num_cat= 0
full_tree_array_lgbids= 0 -1 1 -2147483648 -2147483648 -2 2 -2147483648 -2147483648 -2147483648 -2147483648 -2147483648 -2147483648 -3 -4
split_feature= 8 19 9
split_gain= 1.74199 1.8708 0.0381986
threshold= 1.0000000180025095e-35 1.5000000000000002 1.0000000180025095e-35
decision_type= 2 2 2
left_child=-1 -2 -3
right_child=1 2 -4
leaf_value= 0.1003847690762648 0.077017014855377319 -0.0084976616958406578 -0.10041916366284771
leaf_weight=5.337920573540031 5.7873392438050386 15.667385813780129 8.3667970504611731
leaf_count=1398 1334 1691 2076
model_size=368
internal_value=0 -0.0176919 -0.0404974
internal_weight=0 29.8215 24.0342
internal_count=6499 5101 3767
is_linear=0
shrinkage=0.1


Tree=50
num_leaves= 3
num_cat= 0
full_tree_array_lgbids= 0 -1 1 -2147483648 -2147483648 -2 -3
split_feature= 8 19
split_gain= 1.05883 0.9033
threshold= 1.0000000180025095e-35 1.5000000000000002
decision_type= 2 2
left_child=-1 -2
right_child=1 -3
leaf_value= 0.10034801715047492 0.073687186818694225 -0.037892531741508015
leaf_weight=4.8316291915252796 5.4612913609016713 23.224799204152077
leaf_count=1398 1334 3767
model_size=256
internal_value=0 -0.0166499
internal_weight=0 28.6861
internal_count=6499 5101
is_linear=0
shrinkage=0.1


Tree=51
num_leaves= 3
num_cat= 0
full_tree_array_lgbids= 0 -1 1 -2147483648 -2147483648 -2 -3
split_feature= 8 4
split_gain= 0.432697 0.24311
threshold= 1.0000000180025095e-35 2.5000000000000004
decision_type= 2 2
left_child=-1 -2
right_child=1 -3
leaf_value= 0.10031478918792291 0.060524741373849902 -0.038179031276198074
leaf_weight=4.3732133670710018 6.5043014246039119 21.55950359092094
leaf_count=1398 1731 3370
model_size=256
internal_value=0 -0.0153026
internal_weight=0 28.0638
internal_count=6499 5101
is_linear=0
shrinkage=0.1


Tree=52
num_leaves= 3
num_cat= 0
full_tree_array_lgbids= 0 1 -2 -1 -3 -2147483648 -2147483648
split_feature= 7 19
split_gain= 0.0213307 3.0072
threshold= 1.0000000180025095e-35 1.5000000000000002
decision_type= 2 2
left_child=1 -1
right_child=-2 -3
leaf_value= 0.092397802861924103 0.055934864001767927 -0.056659581756820156
leaf_weight=4.3252145382575717 10.207030049990864 16.944433880504221
leaf_count=1296 2003 3200
model_size=256
internal_value=0 -0.0263485
internal_weight=0 21.2696
internal_count=6499 4496
is_linear=0
shrinkage=0.1


end of trees

feature_importances:
Column_4=89
Column_19=83
Column_21=51
Column_20=39
Column_1=36
Column_8=36
Column_10=34
Column_7=32
Column_12=31
Column_9=29
Column_13=26
Column_3=25
Column_17=21
Column_2=11
Column_14=2
Column_6=1

parameters:
[boosting: gbdt]
[objective: binary]
[metric: auc, binary_logloss, rmse, l1, l2, mape, huber]
[tree_learner: serial]
[device_type: cpu]
[data_sample_strategy: bagging]
[data: data/mushroom.libsvm.train]
[valid: data/mushroom.libsvm.test]
[num_iterations: 500]
[learning_rate: 0.1]
[num_leaves: 255]
[num_threads: 1]
[seed: 42]
[deterministic: 0]
[force_col_wise: 0]
[force_row_wise: 0]
[histogram_pool_size: -1]
[max_depth: 7]
[min_data_in_leaf: 10]
[min_sum_hessian_in_leaf: 0.001]
[bagging_fraction: 1]
[pos_bagging_fraction: 1]
[neg_bagging_fraction: 1]
[bagging_freq: 0]
[bagging_seed: 400]
[feature_fraction: 1]
[feature_fraction_bynode: 1]
[feature_fraction_seed: 30056]
[extra_trees: 0]
[extra_seed: 12879]
[early_stopping_round: 0]
[early_stopping_min_delta: 0]
[first_metric_only: 0]
[max_delta_step: 0]
[lambda_l1: 0]
[lambda_l2: 0]
[linear_lambda: 0]
[min_gain_to_split: 0]
[drop_rate: 0.1]
[max_drop: 50]
[skip_drop: 0.5]
[xgboost_dart_mode: 0]
[uniform_drop: 0]
[drop_seed: 17869]
[top_rate: 0.2]
[other_rate: 0.1]
[min_data_per_group: 100]
[max_cat_threshold: 32]
[cat_l2: 10]
[cat_smooth: 10]
[max_cat_to_onehot: 4]
[top_k: 20]
[monotone_constraints: ]
[monotone_constraints_method: basic]
[monotone_penalty: 0]
[feature_contri: ]
[forcedsplits_filename: ]
[refit_decay_rate: 0.9]
[tinygbdt_penalty_feature: 0.0625]
[tinygbdt_penalty_split: 0.0078125]
[tinygbdt_forestsize: 64000]
[tinygbdt_precision: 1]
[cegb_tradeoff: 1]
[cegb_penalty_split: 0]
[cegb_penalty_feature_lazy: ]
[cegb_penalty_feature_coupled: ]
[path_smooth: 0]
[interaction_constraints: ]
[verbosity: 1]
[saved_feature_importance_type: 0]
[use_quantized_grad: 0]
[num_grad_quant_bins: 4]
[quant_train_renew_leaf: 0]
[stochastic_rounding: 1]
[linear_tree: 0]
[max_bin: 255]
[max_bin_by_feature: ]
[min_data_in_bin: 3]
[bin_construct_sample_cnt: 200000]
[data_random_seed: 175]
[is_enable_sparse: 1]
[enable_bundle: 1]
[use_missing: 1]
[zero_as_missing: 0]
[feature_pre_filter: 1]
[pre_partition: 0]
[two_round: 0]
[header: 0]
[label_column: ]
[weight_column: ]
[group_column: ]
[ignore_column: ]
[categorical_feature: ]
[forcedbins_filename: ]
[precise_float_parser: 0]
[parser_config_file: ]
[objective_seed: 16083]
[num_class: 1]
[is_unbalance: 0]
[scale_pos_weight: 1]
[sigmoid: 1]
[boost_from_average: 1]
[reg_sqrt: 0]
[alpha: 0.9]
[fair_c: 1]
[poisson_max_delta_step: 0.7]
[tweedie_variance_power: 1.5]
[lambdarank_truncation_level: 30]
[lambdarank_norm: 1]
[label_gain: ]
[lambdarank_position_bias_regularization: 0]
[eval_at: ]
[multi_error_top_k: 1]
[auc_mu_weights: ]
[num_machines: 1]
[local_listen_port: 12400]
[time_out: 120]
[machine_list_filename: ]
[machines: ]
[gpu_platform_id: -1]
[gpu_device_id: -1]
[gpu_use_dp: 0]
[num_gpu: 1]

end of parameters
