tree
version=v4
num_class=1
num_tree_per_iteration=1
label_index=0
max_feature_idx=8
objective=regression
feature_names=Column_0 Column_1 Column_2 Column_3 Column_4 Column_5 Column_6 Column_7 Column_8
feature_infos=none [0.49990000000000001:15.0001] [1:52] [0.88888888888888884:141.90909090909091] [0.33333333333333331:25.63636363636364] [3:35682] [0.69230769230769229:1243.333333333333] [32.549999999999997:41.950000000000003] [-124.34999999999999:-114.31]
tree_sizes=3000 3074 3151 3079 3104 3154 3156 3097 3119 3139 3129 3110 3038 3143 3162 3184 3200 3144 3137 3176 2951 3128 3134 2968 2859 2958 2602 2958 3021 3084 2674 2413 2695

Tree=0
num_leaves= 32
num_cat= 0
full_tree_array_lgbids= 0 1 2 5 3 4 10 9 11 6 7 15 12 19 22 14 13 24 20 25 8 18 16 27 17 26 21 30 29 23 28 -1 -16 -11 -15 -7 -26 -13 -22 -3 -27 -8 -10 -5 -20 -9 -18 -2 -29 -17 -19 -6 -28 -14 -23 -4 -32 -21 -31 -12 -25 -24 -30
split_feature= 1 1 1 6 6 3 2 1 7 1 1 1 1 6 3 2 6 6 2 2 6 2 1 2 7 1 6 1 5 7 4
split_gain= 6988.7 1686.2 1293.17 977.376 432.52 319.438 235.108 214.032 188.458 182.257 157.315 138.175 122.119 114.031 112.559 108.929 106.736 96.7315 86.6285 74.6034 68.2861 45.0259 34.7863 38.5027 34.7181 32.2583 31.9717 29.6498 27.2171 17.5583 10.7193
threshold= 5.0387000000000013 3.0679500000000002 6.8672000000000013 2.3489548886254448 2.671038674349933 4.3101408005062494 24.500000000000004 4.0775500000000013 37.815000000000005 2.2210000000000005 7.852450000000001 2.4115000000000006 5.7307500000000013 2.4907552973342448 3.449226804123712 19.500000000000004 2.9005380231986346 2.0653737590585881 43.500000000000007 26.500000000000004 2.2906328481453726 27.500000000000004 8.7395500000000013 28.500000000000004 35.335000000000008 3.5330000000000008 2.9742256672023202 5.6402500000000009 139.50000000000003 37.645000000000003 1.0103851166134901
decision_type= 2 2 2 2 2 2 2 2 2 2 2 2 2 2 2 2 2 2 2 2 2 2 2 2 2 2 2 2 2 2 2
left_child=1 5 4 6 15 9 25 18 -8 14 19 24 26 -11 -1 27 -9 -17 -5 30 -13 -14 23 -12 -7 -3 -6 -2 -24 -21 -4
right_child=2 3 10 7 12 11 8 16 -10 13 22 20 21 -15 -16 17 -18 -19 -20 29 -22 -23 28 -25 -26 -27 -28 -29 -30 -31 -32
leaf_value= 2.0405687631288161 2.122367892078735 2.0619325518895399 2.1860943173854421 2.0293758741925956 2.1246833370498446 1.9807571227445304 2.1984147209355398 2.1002101309481218 2.0795283240852767 2.0970408790997888 2.2611911907323741 2.043693994763716 2.1410397950488846 2.0327038778370752 1.9814897297846104 2.3293276008777508 2.055796547371648 2.2183144165789459 2.080533949453383 2.3136092887030801 1.9920349409095919 2.1974100577568745 2.2256631944098948 2.3423931801380187 1.9518240180001829 2.1119780300641722 2.0841198818403921 2.1915848606410337 2.348659992346585 2.2369779892674675 2.2272434057145407
leaf_weight=503 128 198 107 2717 312 636 733 1016 163 430 147 309 586 767 899 91 1158 572 377 129 1491 187 19 97 1194 369 516 120 346 39 156
leaf_count=503 128 198 107 2717 312 636 733 1016 163 430 147 309 586 767 899 91 1158 572 377 129 1491 187 19 97 1194 369 516 120 346 39 156
model_size=3504
internal_value=2.07195 2.03789 2.19622 2.07259 2.15739 2.00039 2.1449 2.05251 2.17679 2.02716 2.28999 1.98123 2.12609 2.05582 2.00269 2.2124 2.07655 2.23355 2.03561 2.24376 2.0009 2.15468 2.32271 2.29347 1.96188 2.0945 2.0994 2.15586 2.34226 2.29582 2.2105
internal_weight=0 12960 3552 6731 2512 6229 1463 5268 896 2599 1040 3630 1601 1197 1402 911 2174 663 3094 431 1800 773 609 244 1830 567 828 248 365 168 263
internal_count=16512 12960 3552 6731 2512 6229 1463 5268 896 2599 1040 3630 1601 1197 1402 911 2174 663 3094 431 1800 773 609 244 1830 567 828 248 365 168 263
is_linear=0
shrinkage=1


Tree=1
num_leaves= 31
num_cat= 0
full_tree_array_lgbids= 0 1 2 5 3 4 12 13 6 7 9 18 16 19 23 14 29 8 10 27 11 17 15 24 20 22 21 26 25 -14 28 -1 -16 -15 -31 -7 -10 -8 -12 -3 -29 -9 -13 -5 -19 -11 -17 -2 -26 -20 -22 -6 -24 -18 -23 -4 -28 -21 -27 -2147483648 -2147483648 -25 -30
split_feature= 1 1 1 6 6 6 7 2 8 1 8 6 1 7 8 6 1 2 2 2 6 2 6 5 1 7 1 7 6 7
split_gain= 5661.9 1464.92 948.991 835.163 325.226 313.28 227.294 222.572 181.121 175.656 142.888 140.746 127.617 119.213 135.725 110.212 85.2728 82.7202 82.0488 81.8251 63.8608 41.1702 29.3277 21.0069 20.4547 16.1549 15.79 14.5177 12.127 8.41908
threshold= 5.1326000000000009 3.1792500000000001 6.8672000000000013 2.2982753493904258 2.6585924622132828 2.1628386478062818 34.455000000000005 19.500000000000004 -117.77499999999999 4.1119000000000012 -121.63499999999998 1.9628175980828908 8.4454500000000028 37.935000000000009 -118.24499999999999 2.8335312747426764 5.8308000000000009 47.500000000000007 21.500000000000004 26.500000000000004 2.2038024706228287 27.500000000000004 3.1262267671728927 70.000000000000014 5.6402500000000009 37.645000000000003 7.3930000000000016 37.955000000000005 3.1747392355722384 38.815000000000005
decision_type= 2 2 2 2 2 2 2 2 2 2 2 2 2 2 2 2 2 2 2 2 2 2 2 2 2 2 2 2 2 2
left_child=1 5 4 7 18 13 8 27 -7 17 -8 -9 19 14 -1 -11 22 -5 24 26 -20 -18 -6 -14 -2 -21 -4 -3 -25 -15
right_child=2 3 12 9 16 6 10 11 -10 15 -12 -13 23 29 -16 -17 21 -19 20 25 -22 -23 -24 28 -26 -27 -28 -29 -30 -31
leaf_value= 0.044230430953254636 0.051710352190187048 0.021716185106585423 0.11257013540252361 -0.033517635639986235 0.048827385960445342 -0.032418481581660212 -0.062115720910071164 0.16254536505971776 -0.086464694131891839 0.033086021130256597 -0.10739158312721281 0.077517444901220187 0.10762568108427029 -0.060880741065378358 -0.039420649286328324 -0.010822406174656622 0.064840007462105109 0.030431795661703398 0.22015546661538954 0.22502748265708844 0.13662539405426799 0.12128281233978436 0.010032595539933747 0.25069624308012767 0.11076683308929205 0.16209582549591478 0.15471344836835946 -0.036636348605155945 0.20779113991926593 -0.10328082793857903
leaf_weight=447 107 300 153 2681 418 1871 1128 305 928 1009 1827 539 11.999999999999998 181 343 1321 524 219 117 194 423 172 367 331 131 52 215 50 83 64
leaf_count=447 107 300 153 2681 418 1871 1128 305 928 1009 1827 539 12 181 343 1321 524 219 117 194 423 172 367 331 131 52 215 50 83 64
model_size=3392
internal_value=0 -0.02926 0.117191 0.00497081 0.0807981 -0.0616504 -0.0707621 0.0804366 -0.0503373 -0.0122579 -0.0901086 0.108244 0.19624 -0.0109948 0.00791104 0.00819202 0.0532941 -0.0286884 0.133154 0.167054 0.154724 0.0787885 0.0306902 0.238307 0.0842162 0.211725 0.137192 0.0133801 0.242094 -0.0719567
internal_weight=0 13213 3299 6424 2259 6789 5754 1194 2799 5230 2955 844 1040 1035 790 2330 1481 2900 778 614 540 696 785 426 238 246 368 350 414 245
internal_count=16512 13213 3299 6424 2259 6789 5754 1194 2799 5230 2955 844 1040 1035 790 2330 1481 2900 778 614 540 696 785 426 238 246 368 350 414 245
is_linear=0
shrinkage=0.1


Tree=2
num_leaves= 32
num_cat= 0
full_tree_array_lgbids= 0 1 2 6 3 4 8 13 10 5 9 17 16 11 22 19 28 21 15 7 29 14 12 25 18 20 27 26 30 23 24 -1 -21 -15 -30 -8 -23 -12 -17 -3 -9 -7 -31 -5 -16 -11 -14 -2 -27 -19 -20 -6 -22 -18 -29 -4 -28 -13 -32 -10 -25 -24 -26
split_feature= 1 1 1 6 6 7 3 8 1 1 1 2 2 6 3 6 6 2 6 8 2 6 2 1 5 5 6 1 8 8 6
split_gain= 4598.86 1128.66 865.769 696.718 245.42 233.811 211.571 191.101 188.876 155.23 111.09 102.949 87.5081 81.8393 77.3867 69.8881 57.5367 53.7173 58.7258 47.1198 32.5838 27.3831 24.7693 20.5531 18.7789 18.3985 18.168 16.7344 16.2773 13.5528 12.9582
threshold= 5.0387000000000013 2.8762500000000002 6.3963500000000009 2.4136952392348086 2.5827178004959954 37.995000000000012 3.8792159595040387 -122.35499999999998 7.852450000000001 3.8346500000000003 2.2948000000000004 26.500000000000004 42.500000000000007 3.0973600929976173 5.1947827066293142 2.2906328481453726 3.0375944537846187 21.500000000000004 2.0653737590585881 -117.145 20.500000000000004 2.1718174014038287 20.500000000000004 9.1688500000000008 139.50000000000003 358.50000000000006 2.6585924622132828 5.6851000000000012 -117.79499999999999 -122.27499999999999 2.2820667453403218
decision_type= 2 2 2 2 2 2 2 2 2 2 2 2 2 2 2 2 2 2 2 2 2 2 2 2 2 2 2 2 2 2 2
left_child=1 6 4 5 17 7 13 -3 11 14 21 26 -11 19 -5 -12 20 25 -19 -1 -6 -8 23 -10 -24 -2 -4 -18 -15 -7 -13
right_child=2 3 8 9 16 29 10 -9 22 12 15 30 -14 28 -16 -17 27 18 -20 -21 -22 -23 24 -25 -26 -27 -28 -29 -30 -31 -32
leaf_value= 0.0049431311228497277 -0.032807712559588253 0.15525302710059363 0.14084475033302257 -0.021756683590240855 0.028230403204931018 -0.0085063570053042735 -0.060645489713293081 0.050020475173194502 0.14853231923033794 -0.0097105011414146177 -0.017268745650373115 0.22271335677554213 0.048191479024689475 -0.047618668565411859 -0.05477748556130882 -0.06618015511440789 0.0064548819710920071 0.21353098875597906 0.11639004326505781 -0.07594990942899775 0.072191242709795947 -0.094691603641533117 0.10804279883702597 0.2121658910191461 0.22251148384886901 0.079527981925297891 0.091775990409602978 0.037027274828742698 -0.098404657180820199 -0.05778816729577671 0.16594247938094972
leaf_weight=605 15.999999999999998 195 94 1556 249 85 273 1509 120 2424 363 48 293 699 1309 1511 434 76 348 82 529 1819 14.999999999999998 89 385 179 397 309 70 167 264
leaf_count=605 16 195 94 1556 249 85 273 1509 120 2424 363 48 293 699 1309 1511 434 76 348 82 529 1819 15 89 385 179 397 309 70 167 264
model_size=3504
internal_value=0 -0.027629 0.100809 -0.00259932 0.0607028 0.0487636 -0.0624268 0.0620629 0.161592 -0.0205975 -0.0743991 0.12973 -0.00346638 -0.0298153 -0.0368437 -0.0567059 0.0390936 0.113801 0.133802 -0.00471222 0.0581215 -0.0902487 0.203603 0.17563 0.218219 0.0703107 0.10117 0.0191694 -0.0522416 -0.0411653 0.174676
internal_weight=0 12960 3552 7538 2140 1956 5422 1704 1412 5582 3966 803 2717 1456 2865 1874 1521 619 424 687 778 2092 609 209 400 195 491 743 769 252 312
internal_count=16512 12960 3552 7538 2140 1956 5422 1704 1412 5582 3966 803 2717 1456 2865 1874 1521 619 424 687 778 2092 609 209 400 195 491 743 769 252 312
is_linear=0
shrinkage=0.1


Tree=3
num_leaves= 31
num_cat= 0
full_tree_array_lgbids= 0 1 3 4 2 5 18 12 7 6 9 15 16 20 24 13 28 10 11 23 8 14 17 26 19 21 22 25 27 -20 29 -1 -15 -14 -30 -6 -12 -9 -13 -3 -25 -8 -10 -4 -16 -11 -19 -2 -28 -17 -21 -7 -23 -18 -24 -5 -27 -22 -29 -2147483648 -2147483648 -26 -31
split_feature= 1 1 6 1 6 6 2 7 6 1 8 8 7 8 8 2 1 2 1 6 2 7 2 8 5 8 4 7 7 6
split_gain= 3751.78 1111.4 609.435 493.529 211.738 182.875 182.534 173.727 167.845 148.996 144.293 110.907 87.6255 101.641 85.0481 66.2371 63.8756 54.8118 45.7184 38.6787 37.1562 18.908 17.0958 16.2575 15.9814 14.1619 13.3437 8.07464 6.62583 5.73869
threshold= 5.3736000000000006 3.1913000000000005 2.4136952392348086 7.3930000000000016 2.1628386478062818 2.7472725830126556 19.500000000000004 34.455000000000005 1.9628175980828908 4.5301500000000017 -118.29499999999999 -121.63499999999998 37.935000000000009 -118.25499999999998 -122.38499999999998 21.500000000000004 6.2770500000000009 18.500000000000004 8.7395500000000013 2.2038024706228287 28.500000000000004 37.955000000000005 26.500000000000004 -117.26499999999999 70.000000000000014 -117.71499999999999 1.0671403331650682 37.805000000000007 38.515000000000008 3.3334890965732087
decision_type= 2 2 2 2 2 2 2 2 2 2 2 2 2 2 2 2 2 2 2 2 2 2 2 2 2 2 2 2 2 2
left_child=1 4 6 5 12 15 23 10 -8 14 -6 -9 13 -1 -4 26 21 -11 20 -17 25 -7 -18 -3 -20 -5 -2 -22 -14 -26
right_child=3 2 9 18 7 16 8 11 -10 17 -12 -13 28 -15 -16 19 22 -19 24 -21 27 -23 -24 -25 29 -27 -28 -29 -30 -31
leaf_value= 0.039451119854282381 0.050074562027042073 0.014673601934889589 0.030514567816019827 0.13942493334412576 0.005603701120295318 0.041814640331748476 0.14168041119293776 -0.049775768694974729 0.057326321117961099 -0.011524787454914474 -0.050956955529434571 -0.089487059237286545 -0.040077449281091748 -0.032641468240347297 -0.026036457895962137 0.19169570167078495 0.074722188845143797 0.028210208805655102 0.084323451295495039 0.12229882029350847 0.19785748734412825 -0.0098791204986628158 0.1249871934029986 -0.035042475343216216 0.20684665706422597 0.083465739440614903 0.097836052051910732 0.13821679582553251 -0.074009032937504313 0.16504856269610557
leaf_weight=445 133 394 290 205 564 668 320 1141 901 515 2266 1841 98 350 3289 97 350 1076 11.999999999999998 480 136 80 85 80 315 59 107 28 149 38
leaf_count=445 133 394 290 205 564 668 320 1141 901 515 2266 1841 98 350 3289 97 350 1076 12 480 136 80 85 80 315 59 107 28 149 38
model_size=3392
internal_value=0 -0.0215082 0.00693386 0.105646 -0.0499958 0.0791724 0.0589774 -0.0574411 0.0794339 -0.0101288 -0.0396848 -0.0742924 -0.00846804 0.00771224 -0.0214542 0.115577 0.0540309 0.0153482 0.172416 0.133965 0.150199 0.0362859 0.0845441 0.0062827 0.198467 0.126919 0.0713682 0.187675 -0.0605463 0.202347
internal_weight=0 13719 6865 2793 6854 2000 1695 5812 1221 5170 2830 2982 1042 795 3579 817 1183 1591 793 577 428 748 435 474 365 264 240 164 247 353
internal_count=16512 13719 6865 2793 6854 2000 1695 5812 1221 5170 2830 2982 1042 795 3579 817 1183 1591 793 577 428 748 435 474 365 264 240 164 247 353
is_linear=0
shrinkage=0.1


Tree=4
num_leaves= 31
num_cat= 0
full_tree_array_lgbids= 0 1 3 4 2 7 19 11 5 8 13 17 16 22 24 12 27 6 10 23 9 14 15 26 18 20 21 28 29 25 -26 -1 -14 -13 -29 -6 -8 -7 -12 -3 -25 -10 -11 -4 -16 -15 -17 -2 -28 -19 -20 -9 -22 -18 -23 -5 -30 -24 -31 -21 -27 -2147483648 -2147483648
split_feature= 1 1 6 1 6 7 8 6 2 6 8 7 8 6 7 8 1 2 4 2 2 2 1 8 7 5 5 7 4 3
split_gain= 3059.96 1019.81 453.67 313.657 267.444 148.779 164.996 137.047 134.033 132.923 131.714 120.802 115.587 104.35 110.209 47.5606 45.1464 33.9412 27.0331 26.6099 25.3857 20.8575 17.5877 13.0334 12.8944 12.4401 10.3214 10.0101 6.47866 2.95002
threshold= 5.6042500000000013 3.5488500000000003 2.4136952392348086 7.7055000000000016 2.2352443515477258 34.455000000000005 -117.77499999999999 2.6529733204757315 19.500000000000004 1.9628175980828908 -121.63499999999998 37.915000000000006 -122.31499999999998 2.9742256672023202 37.915000000000006 -121.48499999999999 6.3350000000000009 21.500000000000004 1.0435797675926601 18.500000000000004 36.500000000000007 25.500000000000004 8.7395500000000013 -117.98499999999999 37.975000000000001 139.50000000000003 565.50000000000011 39.505000000000003 1.0003353454057682 6.7403703703703712
decision_type= 2 2 2 2 2 2 2 2 2 2 2 2 2 2 2 2 2 2 2 2 2 2 2 2 2 2 2 2 2 2
left_child=1 4 8 7 11 6 -6 17 23 -10 -7 12 -1 14 -4 -15 20 26 -19 22 -9 -18 28 -3 25 -21 -2 -13 -5 -24
right_child=3 2 13 19 5 10 -8 16 9 -11 -12 27 -14 15 -16 -17 21 18 -20 24 -22 -23 29 -25 -26 -27 -28 -29 -30 -31
leaf_value= 0.12221329533233401 0.028301499305026873 0.030065627903550985 0.024989935387350698 0.071385632569973295 -0.01853103332494694 -0.039557564729227793 -0.066178408721960041 0.038478877448761661 0.1500604770951352 0.063741580624560895 -0.079747494244217509 -0.046868625673093543 0.0036107076454320389 0.010885972737028085 -0.028745861697969922 -0.024781538724009646 0.070774336081202927 0.11809887295596214 0.17224842198446497 0.084594182962817815 0.1151922637358942 0.11436277262430308 0.10993223860859871 -0.0078481021603303298 0.062439170777797703 0.18124780129463092 0.095506151175086818 -0.093185839004683912 0.12314968413540295 0.1694644680754705
leaf_weight=89 28 230 1823 39 2253 1361 1075 589 236 736 2043 293 1099 483 484 1690 373 253 147 13.999999999999998 47 158 9.9999999999999982 154 9.9999999999999982 439 141 57 70 88
leaf_count=89 28 230 1823 39 2253 1361 1075 589 236 736 2043 293 1099 483 484 1690 373 253 147 14 47 158 10 154 10 439 141 57 70 88
model_size=3392
internal_value=0 -0.0177795 0.0142316 0.104238 -0.0403692 -0.0489682 -0.0339219 0.0817999 0.0649222 0.0846997 -0.0636786 -0.00273014 0.0124959 -0.00111143 0.0137164 -0.0168536 0.0621647 0.122071 0.137999 0.162378 0.0441479 0.0837442 0.132448 0.0148606 0.175759 0.178261 0.0843717 -0.0544117 0.104629 0.16339
internal_weight=0 14106 5836 2406 8270 6732 3328 1736 1356 972 3404 1538 1188 4480 2307 2173 1167 569 400 670 636 531 207 384 463 453 169 350 109 98
internal_count=16512 14106 5836 2406 8270 6732 3328 1736 1356 972 3404 1538 1188 4480 2307 2173 1167 569 400 670 636 531 207 384 463 453 169 350 109 98
is_linear=0
shrinkage=0.1


Tree=5
num_leaves= 32
num_cat= 0
full_tree_array_lgbids= 0 2 1 5 3 4 10 18 15 6 7 11 13 12 23 19 29 30 17 21 9 8 20 22 14 24 16 27 26 25 28 -1 -21 -20 -31 -7 -32 -17 -19 -4 -23 -8 -11 -5 -10 -9 -22 -2 -24 -13 -16 -6 -26 -15 -18 -3 -29 -14 -28 -12 -27 -25 -30
split_feature= 1 1 1 6 6 3 2 7 8 7 1 2 2 2 6 1 8 3 8 7 7 1 1 8 1 7 7 6 1 7 6
split_gain= 2532.9 658.666 501.309 386.274 218.719 139.387 131.374 126.355 210.548 116.239 105.297 61.7863 61.395 57.8258 51.8207 50.4624 49.3534 39.0659 31.1274 35.1031 21.5914 19.3273 19.1244 18.1732 14.8362 14.4469 13.6097 12.5406 11.413 9.40946 8.30387
threshold= 4.5301500000000017 6.3350000000000009 2.5894500000000007 2.2634687595142249 2.5219735498882589 3.6482937607122259 24.500000000000004 37.935000000000009 -122.24499999999999 37.815000000000005 7.852450000000001 21.500000000000004 26.500000000000004 16.500000000000004 2.0653737590585881 1.9486000000000003 -117.65499999999999 4.4053436317780594 -118.27499999999999 37.935000000000009 39.355000000000011 3.3627000000000002 5.6402500000000009 -118.00499999999998 5.4090500000000015 38.275000000000013 37.615000000000002 3.102783329035586 10.027200000000002 34.115000000000002 2.0231950334409352
decision_type= 2 2 2 2 2 2 2 2 2 2 2 2 2 2 2 2 2 2 2 2 2 2 2 2 2 2 2 2 2 2 2
left_child=2 4 5 6 11 18 21 8 -5 -8 12 22 27 24 -13 30 -15 -17 19 -1 -9 -4 -2 25 -6 -12 -14 -3 -25 -20 -7
right_child=1 10 3 7 13 15 9 20 -10 -11 23 14 26 16 -16 17 -18 -19 29 -21 -22 -23 -24 28 -26 -27 -28 -29 -30 -31 -32
leaf_value= 0.012117743446681969 0.026387971632642556 0.086716340036793182 -0.02280445498773126 0.068901415246001643 -0.01534550204371116 -0.049344614402462655 0.078091628408663308 -0.044191697640284446 -0.018588063996571074 -0.014747681463675867 0.16130969908919029 0.15929502011873786 0.13896144098723559 0.036356463537148095 0.084308055511275515 -0.032343891037603385 -0.023574800258394431 -0.061684693709160313 -0.041331448148151761 -0.070271137153419358 -0.082670796677642489 0.015684306962861903 0.089867827136601727 0.09778046139813576 0.014511714554519382 0.038622040003538138 0.089891499487488105 0.055276955451519616 0.15771283166749139 0.013646502265972752 -0.07926172752628019
leaf_weight=397 204 304 244 293 404 104 728 1008 4591 166 453 117 261 1626 445 689 151 1357 380 60 173 289 63 97 292 9.9999999999999982 74 226 49 35 1222
leaf_count=397 204 304 244 293 404 104 728 1008 4591 166 453 117 261 1626 445 689 151 1357 380 60 173 289 63 97 292 10 74 226 49 35 1222
model_size=3504
internal_value=0 0.0613988 -0.0249864 -0.00942684 0.0365818 -0.052454 0.0374009 -0.0204447 -0.0133394 0.060853 0.116993 0.0810608 0.0945379 0.0216715 0.0999192 -0.0616787 0.0312638 -0.051804 -0.0167819 0.00130082 -0.0498283 -0.00193531 0.0413664 0.148887 -0.0028192 0.15866 0.128122 0.0733101 0.117895 -0.0366948 -0.0769153
internal_weight=0 4776 11736 7492 3302 4244 1427 6065 4884 894 1474 829 865 2473 562 3372 1777 2046 872 457 1181 533 267 609 696 463 335 530 146 415 1326
internal_count=16512 4776 11736 7492 3302 4244 1427 6065 4884 894 1474 829 865 2473 562 3372 1777 2046 872 457 1181 533 267 609 696 463 335 530 146 415 1326
is_linear=0
shrinkage=0.1


Tree=6
num_leaves= 32
num_cat= 0
full_tree_array_lgbids= 0 2 1 7 3 4 9 10 17 8 5 15 14 13 22 16 25 26 21 23 11 6 12 20 18 19 24 29 28 27 30 -1 -18 -12 -27 -9 -28 -19 -23 -4 -25 -10 -13 -5 -8 -7 -14 -2 -22 -17 -20 -6 -21 -16 -26 -3 -31 -15 -30 -11 -29 -24 -32
split_feature= 1 1 1 6 6 6 7 3 2 1 6 7 8 2 6 2 7 1 6 7 5 7 2 2 7 3 6 1 7 8 5
split_gain= 2052.35 482.277 454.787 319.791 170.725 120.519 131.577 119.844 99.2336 85.4736 55.9131 54.2252 45.274 43.2716 43.1293 39.7116 39.1277 35.629 34.1784 33.0792 20.3332 19.4166 19.275 15.6582 14.8404 14.1 13.888 12.3495 11.269 11.1656 9.81783
threshold= 4.6754000000000007 6.3350000000000009 2.7820000000000005 2.0653737590585881 2.5288691539219195 2.8079590171801518 37.935000000000009 4.2015099382944241 24.500000000000004 7.7055000000000016 3.0973600929976173 37.815000000000005 -122.38499999999998 26.500000000000004 3.0375944537846187 21.500000000000004 37.915000000000006 2.2210000000000005 2.0653737590585881 37.955000000000005 374.50000000000006 39.285000000000004 18.500000000000004 16.500000000000004 37.775000000000013 3.0522493994321906 1.9139224725972623 8.7395500000000013 37.615000000000002 -122.21499999999999 139.50000000000003
decision_type= 2 2 2 2 2 2 2 2 2 2 2 2 2 2 2 2 2 2 2 2 2 2 2 2 2 2 2 2 2 2 2
left_child=2 4 7 8 15 6 -5 10 23 13 16 -10 -7 29 19 20 -1 26 -17 -6 -2 -19 27 -4 -16 -12 -9 -11 -15 -3 -24
right_child=1 9 3 5 14 12 -8 17 11 22 25 -13 -14 28 24 18 -18 21 -20 -21 -22 -23 30 -25 -26 -27 -28 -29 -30 -31 -32
leaf_value= 0.00063518148806396876 -0.049601518066430636 0.12282181248301641 -0.0091523677969496415 0.014145988078233342 0.041437028975974267 0.020198098520158789 -0.034518177096898313 -0.026211389813834102 0.097678374441017235 0.082681065084361433 -0.014401938209613397 -0.0029786853185449279 -0.028751953161978167 0.1231276332562023 0.010604784553332948 0.14550179829029367 -0.056761574735864996 -0.041817113313863681 0.079781015019075627 -0.0065733162661576099 0.052292475773720072 -0.080258654335488552 0.062272938589255013 0.035360831138379394 -0.026435008071481237 -0.046011706809321408 -0.069498946638094847 0.13223879371142508 0.076619160250909091 0.0608670820574604 0.14586568993483004
leaf_weight=828 22 32 167 2261 982 203 739 80 409 109 172 62 3040 240 900 100 140 1371 397 170 208 148 14.999999999999998 156 126 898 1459 98 69 463 448
leaf_count=828 22 32 167 2261 982 203 739 80 409 109 172 62 3040 240 900 100 140 1371 397 170 208 148 15 156 126 898 1459 98 69 463 448
model_size=3504
internal_value=0 0.0586889 -0.0211818 -0.00470043 0.0350417 -0.0123067 0.00215838 -0.0439407 0.0551053 0.105294 -0.0251307 0.0844284 -0.0256879 0.08327 0.0210226 0.0770411 -0.007666 -0.0564766 0.0930045 0.0343522 0.0425461 -0.0455626 0.131722 0.0123463 0.00605604 -0.0409305 -0.0672488 0.106143 0.112742 0.0648722 0.143158
internal_weight=0 4379 12133 7037 2905 6243 3000 5096 794 1474 2038 471 3243 804 2178 727 968 3058 497 1152 230 1519 670 323 1026 1070 1539 207 309 495 463
internal_count=16512 4379 12133 7037 2905 6243 3000 5096 794 1474 2038 471 3243 804 2178 727 968 3058 497 1152 230 1519 670 323 1026 1070 1539 207 309 495 463
is_linear=0
shrinkage=0.1


Tree=7
num_leaves= 31
num_cat= 0
full_tree_array_lgbids= 0 1 3 4 2 6 16 13 7 5 11 15 19 20 25 23 14 8 9 10 22 12 17 27 18 21 26 24 28 -18 29 -1 -25 -15 -16 -6 -10 -9 -11 -3 -12 -7 -24 -4 -14 -13 -19 -2 -29 -17 -20 -8 -23 -21 -28 -5 -26 -22 -30 -2147483648 -2147483648 -27 -31
split_feature= 1 1 6 1 6 7 6 7 8 8 2 8 7 2 7 2 1 7 6 2 2 1 8 8 4 5 3 4 7 4
split_gain= 1686.85 494.118 286.18 228.103 134.596 125.857 103.046 97.1355 131.621 125.593 95.9215 74.6434 82.5868 46.0475 42.5555 36.4131 26.5869 25.642 25.5284 23.9827 20.1148 19.5245 18.4558 16.505 10.4941 10.0796 7.98666 7.56212 6.81639 3.3656
threshold= 5.2771000000000017 3.3941500000000002 2.5102460737381374 7.2638000000000007 2.0376051459673437 37.935000000000009 2.7472725830126556 34.455000000000005 -118.30499999999999 -120.09499999999998 19.500000000000004 -117.79499999999999 37.915000000000006 27.500000000000004 37.975000000000001 16.500000000000004 9.1688500000000008 33.655000000000008 2.2038024706228287 40.500000000000007 28.500000000000004 6.0886500000000003 -122.35499999999998 -118.10499999999998 1.0076024985240879 70.000000000000014 6.6568740261296906 1.0671403331650682 37.645000000000003 0.88056399418835041
decision_type= 2 2 2 2 2 2 2 2 2 2 2 2 2 2 2 2 2 2 2 2 2 2 2 2 2 2 2 2 2 2
left_child=1 4 5 6 13 10 15 8 -6 -9 -3 12 -4 23 -15 27 20 -13 -17 21 24 -8 -7 -1 -5 -18 -21 -2 -22 -27
right_child=3 2 11 16 7 22 19 9 -10 -11 -12 17 -14 14 -16 18 25 -19 -20 26 28 -23 -24 -25 -26 29 -28 -29 -30 -31
leaf_value= -0.0012619384543763267 0.014335230146587658 0.0095141289986474826 0.0066557830519129836 0.060998965450209768 0.019040572992765206 0.013489708609387772 0.018152575185137215 -0.037127621829279978 -0.033366659706953378 -0.080929786088976066 0.06699119924107462 -0.018802332390623636 -0.032428590558988897 0.042895697639095509 -0.042237113157785694 0.12808220913441526 0.044225913782914482 -0.056632968688626655 0.078058621720937679 0.059092749793004863 0.13292530742701053 0.044099968870893583 -0.042744827908355487 -0.04059110098808516 0.097640813849688146 0.079350904598832137 0.14169482803344727 0.057553465738211101 0.087818210240867403 0.14155382103953804
leaf_weight=270 88 396 2665 132 584 91 686 2638 2713 874 1104 384 682 357 71 126 11.999999999999998 345 579 24 164 519 172 183 209 9.9999999999999982 25 82 45 282
leaf_count=270 88 396 2665 132 584 91 686 2638 2713 874 1104 384 682 357 71 126 12 345 579 24 164 519 172 183 209 10 25 82 45 282
model_size=3392
internal_value=0 -0.0150099 0.00692999 0.0680755 -0.0316688 0.0406133 0.0505478 -0.036434 -0.0240837 -0.0480283 0.0518173 -0.00763913 -0.00130823 0.00516008 0.0287732 0.0769316 0.111771 -0.0367057 0.086999 0.0321381 0.0985643 0.0293283 -0.0232873 -0.0171499 0.0834569 0.135666 0.101237 0.0351817 0.123213 0.139424
internal_weight=0 13529 5839 2983 7690 1763 2129 6809 3297 3512 1500 4076 3347 881 428 875 854 729 705 1254 550 1205 263 453 341 304 49 170 209 292
internal_count=16512 13529 5839 2983 7690 1763 2129 6809 3297 3512 1500 4076 3347 881 428 875 854 729 705 1254 550 1205 263 453 341 304 49 170 209 292
is_linear=0
shrinkage=0.1


Tree=8
num_leaves= 31
num_cat= 0
full_tree_array_lgbids= 0 2 1 7 4 3 11 21 16 12 5 8 15 13 25 29 22 17 19 24 14 6 10 28 9 18 23 20 27 26 -27 -1 -31 -23 -24 -9 -19 -18 -21 -4 -26 -14 -16 -6 -8 -7 -12 -2 -30 -10 -11 -5 -20 -17 -25 -3 -22 -15 -29 -13 -28 -2147483648 -2147483648
split_feature= 1 1 1 6 6 2 3 3 2 6 8 1 2 6 7 1 7 8 8 8 2 7 7 6 8 7 8 1 5 8
split_gain= 1398.53 436.556 217.947 189.592 189.28 93.0682 86.152 81.4574 76.5351 90.5642 63.5645 60.7272 47.6785 41.9555 41.084 38.3844 33.993 36.0527 31.3587 27.2839 25.6386 20.8609 17.8593 14.1424 14.0888 9.68458 9.50202 9.03884 8.31339 3.09134
threshold= 4.125700000000001 6.2770500000000009 2.5205000000000006 2.735488224282792 2.0376051459673437 51.500000000000007 5.0372251488776927 3.3654435698213785 16.500000000000004 2.0653737590585881 -122.33499999999999 8.0125000000000011 22.500000000000004 3.0089663118548242 37.815000000000005 5.3357000000000001 35.335000000000008 -118.31499999999998 -122.33499999999999 -119.84499999999998 18.500000000000004 34.045000000000009 37.935000000000009 3.1424162072895592 -118.29499999999999 38.035000000000004 -118.05499999999999 6.8672000000000013 1111.5000000000002 -118.33499999999999
decision_type= 2 2 2 2 2 2 2 2 2 2 2 2 2 2 2 2 2 2 2 2 2 2 2 2 2 2 2 2 2 2
left_child=2 3 7 8 12 6 -6 21 28 -10 -7 13 24 20 -14 18 17 -9 -5 -18 -3 29 -23 -17 -4 26 -13 -15 -2 -1
right_child=1 11 4 15 5 10 -8 16 9 -11 -12 25 14 27 -16 23 19 -19 -20 -21 -22 22 -24 -25 -26 -27 -28 -29 -30 -31
leaf_value= 0.01761468297668866 -0.010530385560814468 0.051229737188029839 0.021803364104528027 0.045571184147810265 -0.0070455506758917309 0.095537202478905695 -0.032091023454820809 0.00029756721351765288 0.1158633996358341 0.046759207246827299 0.0033178928582670375 0.12102993063018577 0.068006756670622379 0.024648339091258686 -0.013385108052249496 0.035892917081321155 -0.049168390090471942 -0.042168252085787589 -0.006916879375286982 -0.078630092192011392 0.096735707947890437 0.01797659225281208 -0.060303859621512169 0.0088141999881453503 -0.026717307282656078 0.011763414181768895 0.089707982747091186 0.057947222593091652 0.019740620436582795 -0.034304404906878201
leaf_weight=13.999999999999998 160 171 149 124 2663 113 2864 238 224 1274 225 403 408 172 74 427 1370 1345 1649 416 476 310 33 371 105 9.9999999999999982 135 169 235 185
leaf_count=14 160 171 149 124 2663 113 2864 238 224 1274 225 403 408 172 74 427 1370 1345 1649 416 476 310 33 371 105 10 135 169 235 185
model_size=3392
internal_value=0 0.0385271 -0.0219903 0.0226971 -0.0108967 -0.0169017 -0.0200237 -0.0407142 0.04674 0.0570925 0.0341486 0.0845328 0.036956 0.0696752 0.0555109 0.00499465 -0.0465172 -0.0357836 -0.00324597 -0.0560307 0.0847086 -0.0046439 0.0104452 0.0233037 0.00174561 0.11132 0.11317 0.0411513 0.00747895 -0.0306518
internal_weight=0 6000 10512 4464 6601 5865 5527 3911 1893 1498 338 1536 736 988 482 2571 3369 1583 1773 1786 647 542 343 798 254 548 538 341 395 199
internal_count=16512 6000 10512 4464 6601 5865 5527 3911 1893 1498 338 1536 736 988 482 2571 3369 1583 1773 1786 647 542 343 798 254 548 538 341 395 199
is_linear=0
shrinkage=0.1


Tree=9
num_leaves= 31
num_cat= 0
full_tree_array_lgbids= 0 2 1 7 3 6 13 12 17 4 8 10 18 14 26 15 24 21 29 5 25 9 22 11 16 20 19 23 28 27 -28 -1 -17 -14 -26 -9 -23 -19 -31 -4 -7 -6 -27 -5 -11 -10 -24 -2 -13 -12 -18 -8 -22 -20 -21 -3 -25 -16 -30 -15 -29 -2147483648 -2147483648
split_feature= 1 1 1 6 7 8 6 3 8 7 7 8 6 2 1 7 8 7 8 7 7 6 7 6 3 8 7 1 5 2
split_gain= 1135.97 276.812 235.007 186.349 115.708 130.22 107.142 75.5574 46.474 61.2281 44.3101 53.8832 43.2832 42.7705 33.6393 30.152 28.7796 25.6565 25.2458 61.5664 25.2737 17.9385 17.1012 15.8926 14.3684 12.6359 9.96504 7.32714 2.16701 0.891845
threshold= 4.5301500000000017 6.3963500000000009 2.7820000000000005 2.5763869593405579 37.935000000000009 -122.40499999999999 2.735488224282792 4.3101408005062494 -117.79499999999999 37.895000000000003 37.925000000000004 -118.30499999999999 2.8335312747426764 29.500000000000004 9.1688500000000008 37.915000000000006 -122.38499999999998 39.285000000000004 -121.52499999999999 34.655000000000008 37.915000000000006 2.8751854599406532 33.715000000000011 2.6585924622132828 3.0522493994321906 -122.35499999999998 37.985000000000007 7.7055000000000016 170.50000000000003 18.500000000000004
decision_type= 2 2 2 2 2 2 2 2 2 2 2 2 2 2 2 2 2 2 2 2 2 2 2 2 2 2 2 2 2 2
left_child=2 6 7 4 5 -4 10 12 9 -5 11 -2 15 14 23 -1 -12 21 20 -20 -8 -9 -10 -3 -14 -6 27 -15 -16 -19
right_child=1 13 3 8 25 -7 18 17 22 -11 16 -13 24 26 28 -17 -18 29 19 -21 -22 -23 -24 -25 -26 -27 -28 -29 -30 -31
leaf_value= 0.0063136272393998676 0.070192480569928606 0.083977695499381777 0.11173297081241858 -0.005459703597153991 -0.00078241720145715661 0.019921498657169426 0.041302824015089126 -0.031522751650265267 -0.024769089114725369 -0.038553068023598334 0.057178147389952631 0.026372530777315731 -0.0055099423777251813 0.089310438365293357 0.060010391880165451 -0.041411310901706355 -0.031580942129208284 -0.059650313651614023 0.012888859641797343 -0.042838353046536819 -0.0055805088814210009 -0.048863267445552958 -0.055574019402440326 0.047589787149768886 -0.034905056209172662 -0.037052679703836994 -0.00033944472670555115 0.11382413989265117 0.1106611659711805 -0.072730664172593287
leaf_weight=744 754 158 169 2653 139 1874 422 1229 367 715 56 453 201 237 10.999999999999998 164 110 114 1166 241 162 1218 373 565 1171 350 9.9999999999999982 286 145 255
leaf_count=744 754 158 169 2653 139 1874 422 1229 367 715 56 453 201 237 11 164 110 114 1166 241 162 1218 373 565 1171 350 10 286 145 255
model_size=3392
internal_value=0 0.0411243 -0.0167357 -0.00432693 0.0170373 0.0275163 0.0255143 -0.032904 -0.017495 -0.0124852 0.0470502 0.0537464 -0.0193313 0.0783141 0.0646902 -0.0023063 -0.00163812 -0.0438932 0.010663 0.00334354 0.0282975 -0.040154 -0.0402964 0.0555418 -0.0305986 -0.0267427 0.100782 0.102716 0.10709 -0.0686896
internal_weight=0 4776 11736 6640 2532 2043 3364 5096 4108 3368 1373 1207 2280 1412 879 908 166 2816 1991 1407 584 2447 740 723 1372 489 533 523 156 369
internal_count=16512 4776 11736 6640 2532 2043 3364 5096 4108 3368 1373 1207 2280 1412 879 908 166 2816 1991 1407 584 2447 740 723 1372 489 533 523 156 369
is_linear=0
shrinkage=0.1


Tree=10
num_leaves= 31
num_cat= 0
full_tree_array_lgbids= 0 2 1 10 4 3 7 16 11 13 5 9 8 14 22 17 25 15 29 26 27 6 24 28 19 18 12 21 20 -9 23 -1 -19 -18 -27 -12 -17 -13 -31 -4 -28 -15 -29 -6 -8 -7 -26 -2 -30 -11 -21 -5 -20 -10 -14 -3 -23 -16 -22 -2147483648 -2147483648 -24 -25
split_feature= 1 1 6 6 1 7 8 1 8 2 2 7 7 3 6 1 8 7 7 7 2 7 3 8 8 6 4 1 4 7
split_gain= 932.485 294.372 150.191 133.255 113.082 81.2499 169.27 63.2329 59.321 55.8777 54.5028 53.2639 46.9742 45.7623 45.1567 32.8355 26.8236 63.0257 25.6096 21.8246 20.2841 19.3525 14.3897 13.8506 13.5434 12.692 12.324 10.5145 8.67087 5.40254
threshold= 4.125700000000001 5.8308000000000009 2.0231950334409352 2.2982753493904258 2.2210000000000005 38.475000000000001 -122.35499999999998 7.7055000000000016 -122.19499999999998 16.500000000000004 27.500000000000004 37.815000000000005 37.615000000000002 3.4845502266762112 2.5949646725452555 3.4298000000000006 -118.19499999999998 34.965000000000011 37.615000000000002 38.435000000000009 32.500000000000007 37.615000000000002 5.396289833514504 -118.00499999999998 -121.34499999999998 1.5104297674263547 1.0291350557942953 1.8344000000000003 1.3812642694063928 38.455000000000005
decision_type= 2 2 2 2 2 2 2 2 2 2 2 2 2 2 2 2 2 2 2 2 2 2 2 2 2 2 2 2 2 2
left_child=2 3 10 9 13 6 -6 14 18 28 16 15 -10 26 21 -12 17 -1 -5 -11 -16 -3 -9 -24 -7 -18 -4 -15 -2 -13
right_child=1 7 4 8 5 24 -8 22 12 19 11 29 -14 27 20 -17 25 -19 -20 -21 -22 -23 23 -25 -26 -27 -28 -29 -30 -31
leaf_value= 0.074288667250310247 -0.00044492797165211024 0.091625564047324193 -0.031863300547480496 0.10193155197732484 0.05488040638284164 -0.052504003611463006 -0.01557396217505066 -0.033909076601266866 0.0084486694427198545 0.081523251720431775 0.039573267791115918 0.0014522325715095904 -0.025255579797602779 -0.053828238385419051 0.031565603937028709 0.10330331894469313 -0.08070995621383191 -0.016493078521172811 0.032893837021663784 -0.038791342894546693 0.067498863280750818 0.040840984924356095 0.097589794661978202 0.063669852239029587 -0.025622145291531413 -0.019762536931944932 0.0036590789472992005 -0.039205702861320572 0.098649218007922174 -0.043488257690998067
leaf_weight=114 140 296 168 67 364 601 5659 9.9999999999999982 2445 424 307 61 504 1044 824 112 44 238 300 15.999999999999998 200 104 493 167 287 184 257 1016 9.9999999999999982 56
leaf_count=114 140 296 168 67 364 601 5659 10 2445 424 307 61 504 1044 824 112 44 238 300 16 200 104 493 167 287 184 257 1016 10 56
model_size=3392
internal_value=0 0.0314632 -0.0179584 0.0152317 -0.0220847 -0.015492 -0.0113161 0.0617402 0.00742634 0.0591007 0.0167816 0.0398735 0.00268843 -0.0404194 0.0497742 0.0566085 -0.0045586 0.0129078 0.0454975 0.0771482 0.0385838 0.0784216 0.0871725 0.089007 -0.0438158 -0.0315243 -0.0103827 -0.0466163 0.00616135 -0.0200577
internal_weight=0 6000 10512 3906 9396 6911 6023 2094 3316 590 1116 536 2949 2485 1424 419 580 352 367 440 1024 400 670 660 888 228 425 2060 150 117
internal_count=16512 6000 10512 3906 9396 6911 6023 2094 3316 590 1116 536 2949 2485 1424 419 580 352 367 440 1024 400 670 660 888 228 425 2060 150 117
is_linear=0
shrinkage=0.1


Tree=11
num_leaves= 31
num_cat= 0
full_tree_array_lgbids= 0 1 7 3 2 13 19 9 4 11 8 16 24 20 23 10 27 5 6 26 12 15 14 17 18 29 25 22 21 -21 28 -1 -12 -11 -29 -5 -7 -6 -8 -3 -28 -13 -14 -4 -17 -10 -16 -2 -19 -18 -20 -15 -31 -26 -27 -9 -24 -22 -23 -2147483648 -2147483648 -25 -30
split_feature= 1 1 6 6 7 8 8 1 8 8 7 2 7 6 7 7 8 7 7 1 4 8 5 5 3 7 5 8 4 5
split_gain= 758.323 276.848 139.924 92.6938 66.4415 96.9124 87.8221 65.1288 57.9571 53.7719 75.8199 50.9469 53.2389 50.027 47.445 32.4654 23.9196 32.0106 18.5295 12.8372 14.123 10.1112 6.94696 6.85622 5.66744 5.68082 4.74065 3.94384 1.87788 1.27917
threshold= 5.6042500000000013 3.6530500000000008 2.3238229356603282 2.2982753493904258 34.455000000000005 -117.675 -120.09499999999998 7.2638000000000007 -122.24499999999999 -117.145 37.805000000000007 17.500000000000004 37.815000000000005 3.0089663118548242 34.525000000000013 37.895000000000003 -117.85499999999998 37.955000000000005 33.605000000000011 9.1688500000000008 1.0076024985240879 -117.83499999999999 431.50000000000006 70.000000000000014 5.9555396142196724 37.965000000000011 1118.5000000000002 -116.22499999999998 0.88056399418835041 805.50000000000011
decision_type= 2 2 2 2 2 2 2 2 2 2 2 2 2 2 2 2 2 2 2 2 2 2 2 2 2 2 2 2 2 2
left_child=1 3 11 9 5 -5 -6 13 15 10 -1 26 -13 16 -10 -4 17 -2 -18 20 22 -22 -9 -21 29 -26 -3 -11 -25 -15
right_child=7 2 8 4 6 -7 -8 19 14 27 -12 12 -14 24 -16 -17 18 -19 -20 23 21 -23 -24 28 25 -27 -28 -29 -30 -31
leaf_value= 0.020374041855388339 0.06803363453630068 -0.010391130069874936 0.059462529301757938 -0.0043896516006776349 -0.025753826577883828 -0.041273994560458466 -0.06258742134710156 -0.033263939619064334 0.0061859323945161193 -0.044637620753764762 -0.025304691362300982 0.070193516450283475 -0.0035649449713215106 -0.033509845513364549 -0.016509998205123298 0.0068294704314815786 0.050614611905628965 0.0018512624012957139 -0.015760511973941769 0.014045803248882294 0.086409456109505733 0.043868485677987339 0.048219972530813525 0.045795890409499412 0.023970676585626991 -0.014619889610406498 0.018978936785072533 -0.092573093555190347 0.095893094285741345 4.5216233384880156e-05
leaf_weight=1140 711 121 252 2406 2556 1020 874 11.999999999999998 2445 173 539 584 119 23 1505 226 93 83 81 11.999999999999998 274 75 189 9.9999999999999982 460 46 124 22 282 55
leaf_count=1140 711 121 252 2406 2556 1020 874 12 2445 173 539 584 119 23 1505 226 93 83 81 12 274 75 189 10 460 46 124 22 282 55
model_size=3392
internal_value=0 -0.00885375 0.00901598 -0.0198581 -0.025261 -0.015371 -0.0351394 0.0519081 0.00153683 -9.16421e-05 0.00571005 0.0439503 0.0577081 0.0396533 -0.0024615 0.0345774 0.0536737 0.0611153 0.0197158 0.0741793 0.0648741 0.0772674 0.0433553 0.0910143 0.016414 0.0204624 0.00447372 -0.0500457 0.0941774 -0.00984923
internal_weight=0 14106 5376 8730 6856 3426 3430 2406 4428 1874 1679 948 703 1552 3950 478 968 794 174 854 550 349 201 304 584 506 245 195 292 78
internal_count=16512 14106 5376 8730 6856 3426 3430 2406 4428 1874 1679 948 703 1552 3950 478 968 794 174 854 550 349 201 304 584 506 245 195 292 78
is_linear=0
shrinkage=0.1


Tree=12
num_leaves= 30
num_cat= 0
full_tree_array_lgbids= 0 2 1 3 14 5 7 15 4 16 27 9 8 12 18 26 19 6 13 17 22 28 -29 24 11 10 20 23 25 21 -20 -1 -28 -17 -21 -5 -8 -6 -15 -4 -19 -18 -24 -16 -30 -2147483648 -2147483648 -2 -26 -11 -13 -7 -12 -10 -22 -3 -25 -14 -27 -9 -23 -2147483648 -2147483648
split_feature= 1 1 7 8 6 6 8 2 8 2 7 7 1 7 7 7 8 7 7 2 7 5 8 4 5 1 7 2 7
split_gain= 624.49 199.835 107.998 242.098 111.644 99.519 88.7982 46.9729 42.5307 37.0474 31.6377 30.9006 30.6701 30.1185 26.2312 22.998 19.1753 25.4809 15.5835 14.541 14.1012 11.3714 11.3627 10.8967 9.80387 8.9092 2.93956 1.66424 0.425747
threshold= 4.0612500000000002 5.8308000000000009 37.925000000000004 -122.31499999999998 2.8941056667066012 2.4469862317432325 -117.77499999999999 26.500000000000004 -117.77499999999999 21.500000000000004 37.915000000000006 37.995000000000012 7.2638000000000007 34.435000000000009 39.355000000000011 37.755000000000003 -122.38499999999998 38.705000000000005 38.025000000000013 23.500000000000004 33.915000000000006 170.50000000000003 -121.19499999999998 0.97061363405465817 514.50000000000011 9.1688500000000008 37.615000000000002 24.500000000000004 39.82500000000001
decision_type= 2 2 2 2 2 2 2 2 2 2 2 2 2 2 2 2 2 2 2 2 2 2 2 2 2 2 2 2 2
left_child=2 5 3 15 6 9 -5 12 10 24 -7 -11 23 -6 16 26 17 -4 21 -17 -10 -9 -18 -3 -2 -14 -1 28 -16
right_child=1 7 14 4 13 8 -8 18 20 11 -12 -13 25 -15 27 19 22 -19 -20 -21 -22 -23 -24 -25 -26 -27 -28 -29 -30
leaf_value= 0.076004012129627749 -0.029875963160768151 -0.0031891894162266103 0.015395683170296251 0.0081054959165840386 -0.019428951576395913 0.01405195726547624 -0.026937921952053197 0.0017396850287914279 -0.010443997698466724 0.059654508957344046 -0.014446991119898625 -0.029831673785866725 0.048484295998860033 -0.038439885879566316 -0.04115781686180886 -0.025116353258490567 -0.039098546956194774 -0.044857708976737097 -0.025874877803855473 0.10114734914455865 -0.045522694427199896 0.071929934039228385 -0.01538077723657824 0.030289059281414871 0.019799250793202144 0.079780041276336588 0.035651191548162771 -0.062120421146416777 -0.053410166141796202
leaf_weight=26 50 122 200 2756 2786 2179 989 25 354 615 485 42 320 1222 106 9.9999999999999982 1038 112 18 185 180 832 267 638 266 139 129 234 187
leaf_count=26 50 122 200 2756 2786 2179 989 25 354 615 485 42 320 1222 106 10 1038 112 18 185 180 832 267 638 266 139 129 234 187
model_size=3280
internal_value=0 0.024883 -0.0152134 -0.00991846 -0.0135954 0.0122102 -0.00114896 0.0501257 0.00366515 0.0402954 0.00886352 0.0539339 0.0373583 -0.0252252 -0.035225 0.071532 -0.028841 -0.00623374 0.0679125 0.0946723 -0.0222683 0.0698824 -0.0342459 0.0249149 0.0119392 0.0579617 0.0424201 -0.0548133 -0.0489776
internal_weight=0 6265 10247 8103 7753 4171 3745 2094 3198 973 2664 657 1219 4008 2144 350 1617 312 875 195 534 857 1305 760 316 459 155 527 293
internal_count=16512 6265 10247 8103 7753 4171 3745 2094 3198 973 2664 657 1219 4008 2144 350 1617 312 875 195 534 857 1305 760 316 459 155 527 293
is_linear=0
shrinkage=0.1


Tree=13
num_leaves= 31
num_cat= 0
full_tree_array_lgbids= 0 1 2 8 3 6 14 16 15 7 4 10 23 21 20 29 18 27 19 17 12 5 9 11 13 24 25 26 28 22 -22 -1 -31 -18 -20 -10 -29 -17 -21 -3 -19 -9 -14 -5 -7 -6 -11 -2 -13 -12 -15 -8 -26 -25 -27 -4 -28 -23 -30 -16 -24 -2147483648 -2147483648
split_feature= 1 1 1 6 8 7 6 2 3 7 8 7 6 7 2 1 7 8 4 6 8 4 7 8 7 3 1 5 8 8
split_gain= 511.891 128.422 115.984 113.602 64.3261 88.3582 60.5712 39.8247 38.1656 35.9709 33.7851 45.8313 25.2713 24.4502 21.0923 19.9526 17.1321 14.8775 14.388 14.317 10.507 10.3489 9.07084 9.05795 8.97755 7.26072 5.38679 5.15611 4.33591 2.48761
threshold= 4.5993500000000003 2.5044000000000004 6.5626000000000007 2.0653737590585881 -117.75499999999998 34.525000000000013 2.9742256672023202 26.500000000000004 3.5590287573586119 33.645000000000003 -117.85499999999998 37.925000000000004 1.6949612205182323 33.935000000000009 21.500000000000004 1.9486000000000003 34.045000000000009 -118.29499999999999 0.99439121259388419 2.427860421729632 -117.18499999999999 1.0097363099187924 38.025000000000013 -117.63499999999998 37.815000000000005 6.7645078233313543 8.7395500000000013 41.500000000000007 -117.83499999999999 -117.12499999999999
decision_type= 2 2 2 2 2 2 2 2 2 2 2 2 2 2 2 2 2 2 2 2 2 2 2 2 2 2 2 2 2 2
left_child=1 8 6 7 5 -5 10 17 16 -6 11 -2 -9 -12 21 27 29 -3 -18 -17 22 26 -16 24 -8 -25 -4 -10 -23 -1
right_child=2 3 14 4 9 -7 23 12 15 -11 13 -13 -14 -15 20 19 18 -19 -20 -21 -22 28 -24 25 -26 -27 -28 -29 -30 -31
leaf_value= -0.02025453572919806 0.042744940215597826 0.021820872761856985 0.011938386350503248 0.010303172236579984 -0.012212996095528499 -0.014371569412942379 0.0093922319595972602 0.09543962381443287 0.026403898229965795 -0.047589189618507666 0.014390611522599085 -0.0032406766558158787 0.037350708476945084 -0.053011782154706977 0.067927011430934423 -0.0086801948944156739 -0.028745003626681864 -0.017232383658128552 0.017643936924865742 -0.029313146717382874 -0.039896019995212556 0.059595216480740391 -0.016117137564080102 -0.032993718417261848 -0.016835811069780372 0.0067186302677900702 0.0547487084821957 -0.040617421012441562 0.034499151254246053 -0.052086897215672903
leaf_weight=253 1388 255 165 2551 595 3422 943 94 12.999999999999998 575 261 261 418 70 726 484 88 169 337 1278 9.9999999999999982 203 13.999999999999998 131 164 81 41 1358 129 35
leaf_count=253 1388 255 165 2551 595 3422 943 94 13 575 261 261 418 70 726 484 88 169 337 1278 10 203 14 131 164 81 41 1358 129 35
model_size=3392
internal_value=0 -0.0109266 0.0284064 -0.00374931 -0.00805357 -0.00383327 0.0184441 0.0290983 -0.0260035 -0.0295987 0.0295602 0.0354664 0.0480155 0.000136329 0.0539233 -0.0307943 -0.0049523 0.00625483 0.0080387 -0.0236455 0.0649205 0.0385925 0.066337 0.00175727 0.0055066 -0.0178206 0.0204589 -0.0399819 0.049844 -0.0241231
internal_weight=0 11925 4587 8079 7143 5973 3299 936 3846 1170 1980 1649 512 331 1288 3133 713 424 425 1762 750 538 740 1319 1107 212 206 1371 332 288
internal_count=16512 11925 4587 8079 7143 5973 3299 936 3846 1170 1980 1649 512 331 1288 3133 713 424 425 1762 750 538 740 1319 1107 212 206 1371 332 288
is_linear=0
shrinkage=0.1


Tree=14
num_leaves= 31
num_cat= 0
full_tree_array_lgbids= 0 3 1 4 17 2 11 13 5 23 25 9 8 14 18 16 29 6 7 24 28 26 -27 21 12 15 10 20 22 27 19 -1 -18 -15 -31 -6 -8 -7 -9 -5 -26 -25 -30 -19 -28 -2147483648 -2147483648 -2 -23 -11 -14 -4 -17 -10 -12 -3 -22 -16 -24 -13 -29 -20 -21
split_feature= 1 1 6 7 8 7 8 8 8 2 7 2 7 7 1 7 2 8 5 4 6 4 4 7 8 7 3 2 2 4
split_gain= 421.16 144.265 84.6763 73.5143 154.088 80.3754 190.176 146.787 47.3282 38.1073 34.2258 32.1581 27.4118 26.8824 20.7006 16.9143 14.1376 12.8351 11.2523 11.2916 9.2743 6.5823 6.51245 5.14408 10.8192 4.20378 4.27935 3.58566 2.20472 0.598542
threshold= 3.9221500000000007 5.8308000000000009 2.2634687595142249 38.475000000000001 -122.38499999999998 34.455000000000005 -118.30499999999999 -120.09499999999998 -122.27499999999999 16.500000000000004 37.615000000000002 26.500000000000004 37.805000000000007 38.235000000000007 7.2638000000000007 38.895000000000003 19.500000000000004 -121.36499999999999 170.50000000000003 1.1079358598254032 2.5219735498882589 1.3812642694063928 1.0404741288525896 38.815000000000005 -121.56499999999998 39.355000000000011 19.048314718787399 37.500000000000007 24.500000000000004 1.0291350557942953
decision_type= 2 2 2 2 2 2 2 2 2 2 2 2 2 2 2 2 2 2 2 2 2 2 2 2 2 2 2 2 2 2
left_child=3 2 9 4 13 6 -6 -7 15 21 -10 14 -11 16 20 -4 -1 23 27 -20 -3 -2 -16 24 -5 26 -19 -13 -25 -15
right_child=1 11 8 17 5 7 -8 -9 10 12 -12 18 -14 29 22 -17 -18 25 19 -21 -22 -23 -24 28 -26 -27 -28 -29 -30 -31
leaf_value= -0.029050391190685334 -0.0051923300161050932 0.048684323792833661 0.040865531083070741 -1.7344816200880356e-05 0.033839850701668998 -0.010605164925215788 -0.01503209276127176 -0.057403583128304118 0.0049590268098910276 0.067778520100447978 -0.020312858293803387 0.041756019538099105 0.0045860280710108142 -0.0087162577302048096 0.036978451301714545 -0.066099044401198626 0.069727444112281864 -0.015258134332666304 0.05390148519782232 0.092850970229218635 0.015538079663669027 0.075541840462634957 0.062392174797477551 -0.040372777964580039 -0.040975879853261836 -0.043638876159904437 0.05037899638215701 -0.037192841288116243 -0.053782807229659883 0.013960217068171396
leaf_weight=15.999999999999998 152 105 388 91 1008 2100 3854 991 2960 407 670 11.000000000000002 85 38 270 15.999999999999998 294 273 758 88 655 11.999999999999998 189 344 277 61 11.999999999999998 18 299 70
leaf_count=16 152 105 388 91 1008 2100 3854 991 2960 407 670 11 85 38 270 16 294 273 758 88 655 12 189 344 277 61 12 18 299 70
model_size=3392
internal_value=0 0.0191397 0.00937319 -0.0133474 -0.00983154 -0.0129487 -0.00489986 -0.0256091 0.0039334 0.0428246 0.000294519 0.0410142 0.0568611 0.0494762 0.0304066 0.0366293 0.0646292 -0.0350362 0.0557921 0.057953 0.0201175 0.000715048 0.0474429 -0.0408716 -0.0308475 -0.0179852 -0.0124945 -0.00724672 -0.0466085 0.00598146
internal_weight=0 6784 4690 9728 8371 7953 4862 3091 4034 656 3630 2094 492 418 1219 404 310 1357 875 846 760 164 459 1011 368 346 285 29 643 108
internal_count=16512 6784 4690 9728 8371 7953 4862 3091 4034 656 3630 2094 492 418 1219 404 310 1357 875 846 760 164 459 1011 368 346 285 29 643 108
is_linear=0
shrinkage=0.1


Tree=15
num_leaves= 32
num_cat= 0
full_tree_array_lgbids= 0 1 5 2 7 6 19 3 11 8 22 13 14 24 20 16 4 12 28 10 9 23 30 18 15 21 17 25 29 27 26 -1 -18 -5 -6 -4 -14 -13 -30 -3 -12 -10 -11 -9 -25 -24 -32 -2 -20 -15 -17 -8 -23 -16 -19 -7 -27 -26 -31 -21 -29 -22 -28
split_feature= 1 6 7 8 8 1 6 8 7 8 6 7 8 7 2 8 2 7 8 8 7 8 8 7 7 4 8 3 2 3 1
split_gain= 344.414 117.578 123.315 132.263 90.2646 58.5894 39.5095 29.0129 34.8875 77.4851 45.71 22.3965 20.8036 18.6879 17.2567 17.0938 16.8224 12.6533 12.2755 12.2063 12.9828 12.0706 11.2741 14.7604 10.8484 6.41125 3.86057 2.6679 0.955406 0.462698 0.175215
threshold= 5.0116000000000005 2.8396278889382178 37.945000000000007 -122.33499999999999 -117.145 6.8672000000000013 2.5498511575161031 -117.50499999999998 34.655000000000008 -121.56499999999998 3.442186331338819 39.355000000000011 -122.26499999999999 37.875000000000007 36.500000000000007 -122.40499999999999 19.500000000000004 33.985000000000007 -117.85499999999998 -117.71499999999999 33.565000000000005 -117.175 -116.31499999999998 33.855000000000011 38.155000000000008 1.0097363099187924 -117.46499999999999 8.4506421817118369 24.500000000000004 7.3584173399399555 3.4488000000000008
decision_type= 2 2 2 2 2 2 2 2 2 2 2 2 2 2 2 2 2 2 2 2 2 2 2 2 2 2 2 2 2 2 2
left_child=1 2 3 16 -5 6 13 8 10 -10 -3 12 -4 18 21 -15 -1 -16 -2 24 27 -8 23 -9 25 -7 -22 -21 -13 -26 -24
right_child=5 7 11 4 -6 19 14 22 9 -11 -12 28 -14 15 17 -17 -18 -19 -20 20 26 -23 30 -25 29 -27 -28 -29 -30 -31 -32
leaf_value= -0.021208345480263235 0.054077610466629268 0.0079391402572710351 0.005747384659107486 0.010313029396981281 -0.032673792729619892 0.041983647436837634 0.01088544388050075 -0.018886008771101481 -0.0032781305604854074 -0.039264220646448446 -0.018097169582308219 -0.035844302054598098 -0.022928336715343604 0.064372055924364499 -0.016370358205202853 -0.031016739621185341 0.075269461359508669 0.053841668752858445 0.015928423380140555 0.036792262589389634 0.00079087121866461708 -0.022959608470943447 -0.062780385435019667 -0.046304041903865126 -0.042039919712326734 0.060442778929744083 -0.059689271863963868 0.091849383818251751 -0.048372764543013938 0.0033316911896690729 -0.087005366306555906
leaf_weight=20 473 1196 363 4073 560 337 1594 500 1076 1376 1602 225 937 28 33 65 323 152 110 55 41 120 76 350 11.000000000000002 552 18 13.999999999999998 201 11.999999999999998 19
leaf_count=20 473 1196 363 4073 560 337 1594 500 1076 1376 1602 225 937 28 33 65 323 152 110 55 41 120 76 350 11 552 18 14 201 12 19
model_size=3504
internal_value=0 -0.00765411 0.00155328 0.00956501 0.00511713 0.0273071 0.0191678 -0.017615 -0.0146764 -0.0234726 -0.006968 -0.0215443 -0.0149212 0.0401142 0.0117114 -0.00229753 0.0696439 0.0413174 0.0468797 0.0474595 0.0177147 0.0085159 -0.0339406 -0.0301758 0.0516343 0.0534453 -0.0176607 0.0479633 -0.0417556 -0.0183678 -0.0676254
internal_weight=0 12897 6702 4976 4633 3615 2575 6195 5250 2452 2798 1726 1300 676 1899 93 343 185 583 1040 128 1714 945 850 912 889 59 69 426 23 95
internal_count=16512 12897 6702 4976 4633 3615 2575 6195 5250 2452 2798 1726 1300 676 1899 93 343 185 583 1040 128 1714 945 850 912 889 59 69 426 23 95
is_linear=0
shrinkage=0.1


Tree=16
num_leaves= 32
num_cat= 0
full_tree_array_lgbids= 0 3 1 4 10 2 9 5 26 11 12 7 17 15 22 21 6 28 29 14 23 13 27 24 8 20 18 16 19 25 30 -1 -23 -7 -8 -6 -30 -28 -31 -5 -16 -13 -25 -12 -15 -14 -29 -2 -26 -9 -10 -4 -22 -19 -20 -3 -18 -17 -21 -11 -27 -24 -32
split_feature= 1 1 6 6 7 8 8 2 4 6 7 8 8 7 6 8 7 8 7 7 7 2 1 8 5 3 7 3 8 2 6
split_gain= 289.53 98.2868 67.7316 52.4859 52.0983 72.164 42.0714 39.3226 44.6732 25.8394 24.316 39.6746 39.0059 46.5445 38.3844 18.8485 26.6551 17.2641 24.0082 16.9644 16.4886 13.0868 12.2571 10.1827 9.86725 7.75297 7.23928 5.66396 3.88414 0.651984 0.0468574
threshold= 3.8346500000000003 5.8308000000000009 2.9291766686969298 2.6067607057324289 37.895000000000003 -122.31499999999998 -117.145 21.500000000000004 1.0469524392733212 3.1424162072895592 34.655000000000008 -117.79499999999999 -120.62499999999999 37.895000000000003 3.442186331338819 -117.83499999999999 37.615000000000002 -121.48499999999999 34.525000000000013 33.935000000000009 37.915000000000006 23.500000000000004 10.398100000000001 -116.53499999999998 534.50000000000011 5.8828640355837019 39.355000000000011 6.9566301031144784 -122.26499999999999 24.500000000000004 3.488070391803435
decision_type= 2 2 2 2 2 2 2 2 2 2 2 2 2 2 2 2 2 2 2 2 2 2 2 2 2 2 2 2 2 2 2
left_child=3 2 7 4 5 21 -7 24 -9 15 11 14 13 -12 -5 16 -3 20 -19 -17 -4 -1 25 -13 -2 -11 28 -14 -6 -28 -24
right_child=1 9 17 10 26 6 -8 8 -10 22 12 23 27 -15 -16 19 -18 18 -20 -21 -22 -23 30 -25 -26 -27 29 -29 -30 -31 -32
leaf_value= -0.032909611752256755 -0.028964678708239863 0.053923057728297488 0.021693404820713323 0.010758099261736584 -0.0037530202824012219 0.0067365142637396749 -0.031540502672467163 0.013759587904118038 0.045292064631560422 -0.037971343960174743 0.0011126792922524788 -0.024686126087976129 -0.044715973639668144 -0.03199912015589506 -0.015827823125924508 0.026006612970793087 0.020680883112606775 -0.0050318641984710699 -0.035928870659327226 -0.047850686284149756 -0.019057344902178336 0.078680121965455027 0.063302948325872424 -0.058262573986168992 0.0046084895419292431 0.013837698120188816 -0.028696126922451215 -0.0031516999579392947 -0.020584635758374308 -0.043081642540041792 0.096702207326889042
leaf_weight=11.999999999999998 106 956 366 988 232 2084 340 1184 744 34 827 884 793 902 1260 224 335 1241 328 38 145 151 26 109 850 471 145 39 559 129 9.9999999999999982
leaf_count=12 106 956 366 988 232 2084 340 1184 744 34 827 884 793 902 1260 224 335 1241 328 38 145 151 26 109 850 471 145 39 559 129 10
model_size=3504
internal_value=0 0.0153454 0.00765167 -0.0114563 -0.00199756 0.00572126 0.00136763 0.0176268 0.0259277 0.0335841 -0.01741 -0.0115666 -0.024805 -0.0161614 -0.00414326 0.0402355 0.0452971 -0.0061792 -0.0114909 0.0152945 0.0101301 0.0704649 0.0144906 -0.0283718 0.000885942 0.0103496 -0.0207474 -0.0427676 -0.0156479 -0.0354689 0.0725805
internal_weight=0 7058 4964 9454 3652 2587 2424 2884 1928 2094 5802 3241 2561 1729 2248 1553 1291 2080 1569 262 511 163 541 993 956 505 1065 832 791 274 36
internal_count=16512 7058 4964 9454 3652 2587 2424 2884 1928 2094 5802 3241 2561 1729 2248 1553 1291 2080 1569 262 511 163 541 993 956 505 1065 832 791 274 36
is_linear=0
shrinkage=0.1


Tree=17
num_leaves= 31
num_cat= 0
full_tree_array_lgbids= 0 1 5 2 10 6 13 3 18 16 11 8 20 14 26 4 7 19 29 22 24 12 25 21 9 23 28 15 17 -15 27 -1 -6 -5 -9 -4 -21 -20 -31 -3 -24 -18 -26 -12 -14 -13 -27 -2 -23 -10 -11 -8 -25 -22 -30 -7 -17 -16 -19 -2147483648 -2147483648 -28 -29
split_feature= 1 6 7 8 7 1 6 7 4 2 1 7 8 1 6 7 3 8 7 8 8 4 5 7 5 8 3 2 8 5
split_gain= 234.365 66.3156 63.0389 76.4291 66.6484 58.0605 38.749 35.1949 30.8601 26.7005 20.7288 18.9359 39.7029 14.8009 13.2008 10.9263 10.084 9.27613 8.17886 8.53106 6.92839 6.73216 5.91628 5.91035 5.0634 4.96793 3.76327 3.47705 2.33929 0.30857
threshold= 4.405050000000001 2.6182831096480128 37.805000000000007 -117.895 34.525000000000013 6.2770500000000009 3.1336552646136835 33.855000000000011 0.96771928234867721 38.500000000000007 2.2210000000000005 38.415000000000006 -122.40499999999999 8.2050500000000017 2.5949646725452555 37.615000000000002 3.0522493994321906 -122.02499999999999 39.355000000000011 -122.38499999999998 -117.63499999999998 0.89316682724375618 1603.5000000000002 37.805000000000007 252.50000000000003 -121.24499999999999 5.5511074737062058 21.500000000000004 -116.86499999999999 139.50000000000003
decision_type= 2 2 2 2 2 2 2 2 2 2 2 2 2 2 2 2 2 2 2 2 2 2 2 2 2 2 2 2 2 2
left_child=1 2 3 4 -1 6 8 -5 21 -10 16 12 -12 14 15 -7 22 -16 19 -4 23 -2 -3 -8 -18 -13 -15 -28 -22 -20
right_child=5 10 18 7 -6 13 20 -9 9 -11 11 25 -14 26 17 -17 24 -19 29 -21 28 -23 -24 -25 -26 -27 27 -29 -30 -31
leaf_value= 0.03686190079192031 -0.050519047508579357 -0.023180071816831415 0.0056673938490285798 -0.0033514613794817863 0.0020017046142736827 0.057161455738969386 0.0013461903039935076 -0.049211385753801747 0.01640101705971183 0.045238052647117132 0.037289134402374698 -0.033904775371735078 -0.010602991007728184 -0.017862720340490339 0.047211784783588812 0.012349185606912722 0.0049881647940788233 0.015024032729154632 -0.061795803407828011 -0.016912483632885625 -0.021983405355706802 -0.0056739635461016064 0.01663571494593041 -0.025210016512481326 -0.027120027033722988 -0.0074932915388261816 0.037673376158756371 0.057457879717015825 -0.075084895143906275 -0.030707255962982096
leaf_weight=1112 43 72 232 637 1108 224 707 234 1843 403 184 437 4385 9.9999999999999982 115 79 59 631 11.999999999999998 868 156 290 103 110 1592 102 170 307 11.999999999999998 275
leaf_count=1112 43 72 232 637 1108 224 707 234 1843 403 184 437 4385 10 115 79 59 631 12 868 156 290 103 110 1592 102 170 307 12 275
model_size=3392
internal_value=0 -0.00797784 0.0015647 0.00956259 0.0194632 0.0178516 0.0107992 -0.015672 0.0173091 0.0215752 -0.0141405 -0.0108092 -0.00867431 0.0342153 0.0273492 0.0454777 -0.0234591 0.019986 -0.016259 -0.0121502 -0.00624546 -0.0114648 0.000254363 -0.00222931 -0.0259726 -0.0289067 0.049005 0.0504068 -0.0257764 -0.0320071
internal_weight=0 11412 4478 3091 2220 5100 3564 871 2579 2246 6934 5108 4569 1536 1049 303 1826 746 1387 1100 985 333 175 817 1651 539 487 477 168 287
internal_count=16512 11412 4478 3091 2220 5100 3564 871 2579 2246 6934 5108 4569 1536 1049 303 1826 746 1387 1100 985 333 175 817 1651 539 487 477 168 287
is_linear=0
shrinkage=0.1


Tree=18
num_leaves= 31
num_cat= 0
full_tree_array_lgbids= 0 5 1 14 6 2 10 17 21 7 12 3 8 19 15 26 18 22 -23 11 27 13 16 4 9 24 23 20 28 25 29 -1 -28 -19 -20 -16 -24 -2147483648 -2147483648 -7 -13 -9 -29 -8 -15 -14 -18 -2 -6 -5 -11 -4 -26 -10 -25 -3 -22 -21 -30 -12 -27 -17 -31
split_feature= 1 6 7 8 7 1 3 6 8 7 3 8 2 7 3 1 8 5 6 8 7 8 5 2 7 8 1 5 8 1
split_gain= 194.646 66.1985 53.9298 59.9012 93.5357 39.6413 48.7039 36.9566 27.9191 25.831 24.0111 21.347 17.7294 17.4378 13.5586 11.5811 10.2027 8.67967 11.2137 7.88571 6.68371 6.35872 8.88801 5.94532 5.84229 5.60925 3.79196 2.74893 0.395184 0.0152736
threshold= 3.8346500000000003 3.1336552646136835 37.965000000000011 -118.24499999999999 34.165000000000006 2.2210000000000005 4.5952877783354031 3.5589256535947715 -122.40499999999999 34.235000000000007 6.1963000852514929 -118.22499999999998 49.500000000000007 34.455000000000005 3.6193833748516839 9.1688500000000008 -122.43499999999999 1794.5000000000002 2.8458125169197452 -117.79499999999999 37.795000000000009 -116.40499999999999 374.50000000000006 22.500000000000004 38.735000000000007 -117.63499999999998 1.5053500000000002 1564.5000000000002 -116.895 11.055650000000002
decision_type= 2 2 2 2 2 2 2 2 2 2 2 2 2 2 2 2 2 2 2 2 2 2 2 2 2 2 2 2 2 2
left_child=5 2 3 4 -2 14 7 11 24 -5 19 -7 13 -8 17 25 -14 26 -19 20 -3 22 -16 -10 -4 -12 -1 -9 -21 -17
right_child=1 10 8 9 -6 6 12 27 23 -11 15 -13 16 -15 21 29 -18 18 -20 28 -22 -23 -24 -25 -26 -27 -28 -29 -30 -31
leaf_value= -0.027788822248182122 0.063695541593627891 -0.0071047442782844958 0.033512138261687974 0.010023464045460945 0.021028845046138969 0.020270832705401434 -0.0051192041459544044 -0.02309446157111476 -0.011412037714075118 -0.056278933892174379 0.0099855140546023513 -0.0019664495639123264 0.062256280714884787 -0.019420298844663595 0.00052001177885591294 0.041471420824401889 0.0048234430609373109 0.063075928943156195 0.0001114004256192878 -0.032117959985334892 -0.042502574026584632 -0.052663165763204484 -0.024323941918602654 -0.035691297451573373 -0.038706141124878614 -0.012391224091297774 -0.0062491891613516704 -0.0082216106633484897 -0.065472168040772286 0.064943767558024432
leaf_weight=167 688 797 151 1636 2103 1276 1451 312 292 63 663 692 39 2328 172 37 237 37 171 160 65 81 1904 190 13.999999999999998 160 249 338 11.999999999999998 27
leaf_count=167 688 797 151 1636 2103 1276 1451 312 292 63 663 692 39 2328 172 37 237 37 171 160 65 81 1904 190 14 160 249 338 12 27
model_size=3392
internal_value=0 0.0125928 0.0185524 0.0224719 0.0315465 -0.00940129 -0.00517711 0.00554638 -0.00864794 0.00756493 -0.00334407 0.0124516 -0.0121004 -0.0139292 -0.0195372 0.00893543 0.012939 -0.00616013 0.0113118 -0.0138778 -0.00977395 -0.0234071 -0.0222656 -0.0209827 0.0273845 0.00563524 -0.0148961 -0.0153606 -0.034445 0.0513738
internal_weight=0 7058 5137 4490 2791 9454 6673 2618 647 1699 1921 1968 4055 3779 2781 887 276 624 208 1034 862 2157 2076 482 165 823 416 650 172 64
internal_count=16512 7058 5137 4490 2791 9454 6673 2618 647 1699 1921 1968 4055 3779 2781 887 276 624 208 1034 862 2157 2076 482 165 823 416 650 172 64
is_linear=0
shrinkage=0.1


Tree=19
num_leaves= 32
num_cat= 0
full_tree_array_lgbids= 0 1 8 15 2 12 9 16 18 6 3 27 13 11 10 17 20 19 25 23 7 5 4 30 28 26 24 22 14 21 29 -1 -19 -18 -22 -17 -21 -20 -27 -3 -25 -8 -9 -4 -7 -5 -6 -2 -32 -29 -30 -14 -28 -15 -26 -10 -24 -13 -16 -11 -23 -12 -31
split_feature= 1 1 6 8 7 7 2 4 8 7 8 8 7 8 7 7 8 7 8 7 8 7 4 7 3 7 2 3 1 1 4
split_gain= 162.717 65.4066 59.7188 52.3446 101.512 42.8288 27.2356 21.8012 19.3435 31.4578 57.927 27.2678 22.6278 27.3261 17.6897 17.6726 38.4111 41.8531 25.8517 34.4959 15.9198 14.6639 13.0188 12.355 9.35491 7.73392 2.31236 1.91608 4.71622 0.320178 0.130466
threshold= 5.5682000000000009 2.7820000000000005 2.0653737590585881 -121.85499999999998 34.525000000000013 37.595000000000006 28.500000000000004 0.9643231506439055 -122.02499999999999 34.595000000000006 -119.94499999999998 -118.03499999999998 37.615000000000002 -122.40499999999999 33.645000000000003 35.335000000000008 -118.36499999999999 34.165000000000006 -121.56499999999998 38.675000000000004 -116.40499999999999 37.955000000000005 1.1092413593450956 36.57500000000001 6.1963000852514929 37.465000000000011 17.500000000000004 6.3286213786213787 7.2638000000000007 6.0497500000000004 1.0259553126988286
decision_type= 2 2 2 2 2 2 2 2 2 2 2 2 2 2 2 2 2 2 2 2 2 2 2 2 2 2 2 2 2 2 2
left_child=1 15 6 5 -5 -4 23 -8 12 11 21 22 27 26 -13 16 17 -1 19 -17 -18 -11 -10 -3 -15 -20 -14 30 -29 -12 -2
right_child=8 2 3 4 -6 -7 7 -9 9 10 29 14 13 24 -16 18 20 -19 25 -21 -22 -23 -24 -25 -26 -27 -28 28 -30 -31 -32
leaf_value= 0.1062571985477751 0.039953445070940591 0.020797153410120364 0.037547313829317919 0.002319623087756221 -0.02565250241710329 0.00350198856645802 -0.058015743394692745 0.048471944277993811 0.035337224734347673 0.015635430396301674 -0.094486316045125335 0.031464401879075322 0.017321068700402977 -0.061511907382653309 -0.001410548954476485 0.0061947800892495214 -0.0098670098282894539 0.0087785313554793448 -0.036836589560610492 -0.030425514299963971 -0.048927973234897545 -0.032684475420341814 0.078777948660349637 -0.014143433299406233 0.0066195584801727369 -0.020967192814558899 0.065284712015538024 0.10179443906675628 0.060158234897356194 -0.13263205179461726 0.062969769219703528
leaf_weight=55 45 306 522 4260 1889 1359 21 423 658 375 11.999999999999998 295 15.999999999999998 26 412 683 2195 247 678 430 116 81 83 168 146 692 107 47 104 27 34
leaf_count=55 45 306 522 4260 1889 1359 21 423 658 375 12 295 16 26 412 683 2195 247 678 430 116 81 83 168 146 692 107 47 104 27 34
model_size=3504
internal_value=0 -0.00417272 0.00101208 -0.0017705 -0.00627354 0.01295 0.025352 0.0434354 0.0237446 0.0190387 -0.0030284 0.0265824 0.0411608 0.0224737 0.0123067 -0.0132766 -0.00739429 0.0265313 -0.019467 -0.00795322 -0.0118277 0.00705229 0.0402031 0.00841315 -0.00367938 -0.0288208 0.0590455 0.065129 0.0731178 -0.120895 0.0498592
internal_weight=0 14044 8948 8030 6149 1881 918 444 2468 1943 495 1448 525 295 707 5096 2613 302 2483 1113 2311 456 741 474 172 1370 123 230 151 39 79
internal_count=16512 14044 8948 8030 6149 1881 918 444 2468 1943 495 1448 525 295 707 5096 2613 302 2483 1113 2311 456 741 474 172 1370 123 230 151 39 79
is_linear=0
shrinkage=0.1


Tree=20
num_leaves= 28
num_cat= 0
full_tree_array_lgbids= 0 1 8 2 11 9 22 4 3 14 12 10 17 -10 24 6 7 5 16 20 23 13 21 19 15 18 -19 -2147483648 -2147483648 25 26 -1 -8 -6 -9 -4 -7 -5 -18 -3 -22 -16 -25 -13 -15 -14 -23 -2 -21 -12 -17 -11 -20 -2147483648 -2147483648 -2147483648 -2147483648 -2147483648 -2147483648 -24 -27 -26 -28
split_feature= 1 6 7 8 8 7 7 8 1 4 8 8 7 8 7 7 1 4 6 7 8 8 3 6 1 6 4
split_gain= 132.314 58.8731 66.5464 147.674 138.46 93.2731 75.6714 45.9885 20.2335 19.3424 18.9189 18.4514 20.9308 21.3743 17.1749 14.0465 11.7067 8.93842 8.2072 6.56128 4.3356 4.07914 2.52135 1.89065 1.6248 2.11312 1.488
threshold= 5.2771000000000017 3.1100458715596333 34.455000000000005 -119.94499999999998 -118.35499999999998 37.805000000000007 34.155000000000008 -117.50499999999998 8.0125000000000011 1.0671403331650682 -122.24499999999999 -121.48499999999999 35.135000000000012 -117.79499999999999 37.895000000000003 37.945000000000007 3.3096500000000004 2.0155922038980516 2.5827178004959954 37.595000000000006 -122.24499999999999 -120.62499999999999 5.5511074737062058 4.7861775898520094 9.1688500000000008 2.9878418329637846 1.2215074664975416
decision_type= 2 2 2 2 2 2 2 2 2 2 2 2 2 2 2 2 2 2 2 2 2 2 2 2 2 2 2
left_child=1 2 4 5 6 -4 -1 -6 9 10 19 14 13 -13 20 -12 -5 18 -11 -2 -3 -14 -10 -16 25 -24 -26
right_child=8 11 3 16 7 -7 -8 -9 22 17 15 12 21 -15 23 -17 -18 -19 -20 -21 -22 -23 24 -25 26 -27 -28
leaf_value= 0.07868532212652532 0.074236161790788166 0.028649382470778639 0.01704094989427957 -0.041547581621975749 0.010463780736269754 -0.013056725339318185 0.017807657206420354 -0.014290062294044895 -0.021338260099291802 0.049355315861682736 0.0091092102618266692 -0.0070179229371840129 -0.021784402053340007 -0.026379883108082203 -0.026093264208369268 -0.028449196472361667 -0.070931471328394682 -0.058494251842300095 0.02338389846672197 0.028827327654935082 0.005674879486267429 -0.037179136099560611 0.039519622351588873 0.028407313749194148 0.045895967185106523 0.016616592116980362 -0.0041868516802787787
leaf_weight=393 50 139 1794 463 1933 2474 436 1268 9.9999999999999982 217 1548 2183 378 818 192 114 214 11.999999999999998 361 133 354 480 145 9.9999999999999982 286 97 9.9999999999999982
leaf_count=393 50 139 1794 463 1933 2474 436 1268 10 217 1548 2183 378 818 192 114 214 12 361 133 354 480 145 10 286 97 10
model_size=3056
internal_value=0 -0.00421809 0.000517818 -0.00730976 0.0101226 -0.000405547 0.0466676 0.000658135 0.0191306 0.0151349 0.0099749 -0.0135516 -0.0163201 -0.0122955 0.00182063 0.006533 -0.0508358 0.0312708 0.0331344 0.0412341 0.0121525 -0.0303968 0.0368853 -0.0233952 0.0379675 0.0303395 0.044204
internal_weight=0 13529 8975 4945 4030 4268 829 3201 2983 2435 1845 4554 3859 3001 695 1662 677 590 578 183 493 858 548 202 538 242 296
internal_count=16512 13529 8975 4945 4030 4268 829 3201 2983 2435 1845 4554 3859 3001 695 1662 677 590 578 183 493 858 548 202 538 242 296
is_linear=0
shrinkage=0.1


Tree=21
num_leaves= 31
num_cat= 0
full_tree_array_lgbids= 0 5 1 11 6 2 10 17 23 7 12 3 18 19 15 -1 22 25 24 9 28 14 13 4 8 26 27 20 21 16 29 -2147483648 -2147483648 -19 -24 -13 -27 -25 -26 -7 -11 -9 -30 -8 -16 -14 -15 -2 -6 -5 -10 -4 -28 -20 -29 -3 -22 -21 -23 -12 -18 -17 -31
split_feature= 1 6 8 7 4 1 3 6 8 8 3 3 2 7 6 3 2 5 5 8 7 7 1 5 5 8 6 7 5 7
split_gain= 111.18 46.0493 41.1548 42.4268 36.4328 20.9166 26.0089 26.0711 17.1361 15.6447 15.2022 13.0939 10.1161 9.47202 9.24552 7.44993 7.23622 5.93889 5.05031 4.98477 6.18145 6.00435 3.65147 3.17548 3.73457 2.84404 2.74021 2.6969 2.38191 1.31497
threshold= 3.6530500000000008 3.1424162072895592 -117.16499999999998 37.965000000000011 1.0489629380026984 1.9486000000000003 4.4352710389939132 3.6049620168317569 -122.40499999999999 -122.38499999999998 6.1963000852514929 2.6633984153933228 51.500000000000007 37.795000000000009 1.6538990040802002 8.0108708495805292 43.500000000000007 198.50000000000003 1151.5000000000002 -121.36499999999999 37.815000000000005 34.525000000000013 1.0218000000000003 494.50000000000006 3199.5000000000005 -117.06499999999998 2.9366774891774896 33.675000000000004 1383.5000000000002 37.535000000000004
decision_type= 2 2 2 2 2 2 2 2 2 2 2 2 2 2 2 2 2 2 2 2 2 2 2 2 2 2 2 2 2 2
left_child=5 2 3 4 -2 11 7 9 -5 -7 19 17 14 -14 -8 16 -12 -1 26 20 -3 -21 -19 25 -25 -13 -4 -20 -9 -17
right_child=1 10 18 8 -6 6 12 28 -10 -11 15 23 13 -15 -16 29 -18 22 27 21 -22 -23 -24 24 -26 -27 -28 -29 -30 -31
leaf_value= -0.0498358136912187 0.011638076961963208 0.0061392879809991224 -0.046518699477006376 0.019379403789838157 0.029905028032080117 0.042407509733124508 -0.052165806563571095 -0.022674707926171152 -0.016014284578685416 0.006574571486239484 0.00061679848088024708 -0.0039047094093466635 0.027080344144410146 -0.01571087084492952 -0.010602842605872277 0.034180407636597659 0.087644703821702447 0.066023326646536581 -0.0025096856951107825 -0.012704315125655714 -0.039690166138685673 -0.041106964419259852 0.013119539089108768 -0.023325326793346906 0.0088672958235157303 -0.045152633965015412 -0.0024407747331956081 -0.041516391302769386 -0.0084135663214314795 -0.00028664780699688453
leaf_weight=14.999999999999998 2771 269 113 195 1882 140 60 263 558 1707 732 219 150 92 4096 118 10.999999999999998 20 123 798 39 97 95 1360 47 25 23 30 441 23
leaf_count=15 2771 269 113 195 1882 140 60 263 558 1707 732 219 150 92 4096 118 11 20 123 798 39 97 95 1360 47 25 23 30 441 23
model_size=3392
internal_value=0 0.00872872 0.013434 0.0154224 0.0190265 -0.00778086 -0.0052463 0.00293454 -0.00684859 0.00929066 -0.00411096 -0.01767 -0.00999148 0.0108126 -0.0112029 0.00615643 0.00190523 0.0139945 -0.023761 -0.0116557 0.000336208 -0.0157826 0.0223202 -0.0201633 -0.02225 -0.00813093 -0.0390643 -0.0101581 -0.0137412 0.0285581
internal_weight=0 7782 5695 5406 4653 8730 6949 2551 753 1847 2087 1781 4398 242 4156 884 743 130 289 1203 308 895 115 1651 1407 244 136 153 704 141
internal_count=16512 7782 5695 5406 4653 8730 6949 2551 753 1847 2087 1781 4398 242 4156 884 743 130 289 1203 308 895 115 1651 1407 244 136 153 704 141
is_linear=0
shrinkage=0.1


Tree=22
num_leaves= 31
num_cat= 0
full_tree_array_lgbids= 0 1 12 2 8 13 21 4 3 9 15 17 18 25 22 5 7 6 10 11 14 16 24 20 29 26 19 27 28 23 -24 -1 -7 -6 -9 -4 -8 -5 -12 -3 -13 -11 -16 -10 -18 -17 -26 -2 -22 -19 -31 -15 -28 -20 -21 -14 -29 -27 -30 -23 -25 -2147483648 -2147483648
split_feature= 1 8 7 8 8 7 7 7 7 8 1 4 6 4 8 5 4 1 2 5 8 1 4 1 8 5 3 8 7 2
split_gain= 94.6918 46.4746 81.2415 136.928 92.0835 103.818 69.8765 50.2304 42.5281 45.6686 24.6313 16.8925 13.3534 12.2938 10.405 9.55039 15.8857 9.19681 7.48581 8.96163 5.57644 5.34964 2.72007 3.4198 2.7163 2.10683 1.34013 1.17711 0.690103 0.297028
threshold= 5.6042500000000013 -117.77499999999999 34.525000000000013 -119.94499999999998 -118.36499999999999 34.155000000000008 37.895000000000003 34.045000000000009 33.695000000000007 -117.16499999999998 3.3096500000000004 1.1668343393695511 3.1424162072895592 1.0003353454057682 -116.22499999999998 139.50000000000003 1.3223186760539911 8.4454500000000028 12.500000000000002 198.50000000000003 -122.26499999999999 6.785400000000001 1.1509887715770073 11.055650000000002 -117.425 931.50000000000011 6.3892341673671602 -118.33499999999999 38.305000000000007 20.500000000000004
decision_type= 2 2 2 2 2 2 2 2 2 2 2 2 2 2 2 2 2 2 2 2 2 2 2 2 2 2 2 2 2 2
left_child=1 2 4 6 5 -1 -4 -6 9 11 -5 -3 13 17 -11 16 -10 20 26 -20 -2 25 23 -23 -17 27 -15 -14 -27 -19
right_child=12 8 3 10 7 -7 -8 -9 15 14 -12 -13 21 18 -16 24 -18 29 19 -21 -22 22 -24 -25 -26 28 -28 -29 -30 -31
leaf_value= 0.076721706479479193 0.041014990483432323 0.013107076544824634 0.0092181525797665424 -0.031296012676143334 -0.0057881644714339493 0.01258237717346096 -0.013111095032146761 0.019575352553426004 0.10664813614317346 -0.013372460565613456 -0.066118088131981181 0.068413234371109868 -0.0063927916239481424 -0.011104281614129635 -0.047623145402417529 -0.024351981448118051 -0.055054443205396333 0.015379592193209607 -0.04345238208770752 0.033784376567400271 -0.00011634742715384684 0.0093775343111685838 0.05658327043056488 0.054544322937726979 -0.036880334285951999 0.0029964928868615034 0.015490032749560973 -0.041818182386698266 -0.037128470025279303 0.041955064542983707
leaf_weight=387 43 420 2941 734 2654 746 2752 1138 14.000000000000002 788 297 68 40 46 111 365 11.999999999999998 23 17 1009 412 230 22 24 679 283 120 31 10.999999999999998 95
leaf_count=387 43 420 2941 734 2654 746 2752 1138 14 788 297 68 40 46 111 365 12 23 17 1009 412 230 22 24 679 283 120 31 11 95
model_size=3392
internal_value=0 -0.00314414 -0.000479593 -0.00767095 0.00933862 0.0344905 -0.00157582 0.00182357 -0.0157771 -0.00408551 -0.0413272 0.0208137 0.0184336 0.0230895 -0.0176014 -0.0309325 0.0320162 0.0105675 0.0291089 0.0325046 0.00377079 0.00561349 0.0170679 0.0136453 -0.0325002 -0.00304789 0.00812052 -0.0218602 0.00149522 0.0367751
internal_weight=0 14106 11649 6724 4925 1133 5693 3792 2457 1387 1031 488 2406 1765 899 1070 26 573 1192 1026 455 641 276 254 1044 365 166 71 294 118
internal_count=16512 14106 11649 6724 4925 1133 5693 3792 2457 1387 1031 488 2406 1765 899 1070 26 573 1192 1026 455 641 276 254 1044 365 166 71 294 118
is_linear=0
shrinkage=0.1


Tree=23
num_leaves= 29
num_cat= 0
full_tree_array_lgbids= 0 5 1 6 7 15 2 14 11 8 12 18 -17 3 16 21 20 25 17 10 9 13 27 23 19 -2147483648 -2147483648 22 4 24 26 -1 -23 -16 -22 -8 -27 -13 -19 -7 -12 -10 -11 -9 -15 -14 -29 -2 -25 -20 -21 -2147483648 -2147483648 -2147483648 -2147483648 -3 -24 -5 -6 -4 -26 -18 -28
split_feature= 1 8 7 8 8 6 2 8 7 8 6 3 7 8 4 7 3 7 2 7 2 6 7 3 5 8 7 6
split_gain= 77.3145 38.4858 46.117 57.1015 31.8286 19.161 17.6351 16.3822 32.7183 41.284 33.8823 15.4397 13.1648 14.4359 12.5553 11.4136 11.2709 10.9016 8.49697 12.6429 7.12664 7.00502 6.81384 4.86884 4.80424 2.84783 2.5982 1.06717
threshold= 3.8346500000000003 -122.33499999999999 37.57500000000001 -122.03499999999998 -117.71499999999999 1.9322222929778572 27.500000000000004 -117.56499999999998 34.655000000000008 -120.56499999999998 3.442186331338819 3.193182511128728 33.915000000000006 -117.145 1.1379611504291527 38.735000000000007 6.3471101137645007 37.815000000000005 47.500000000000007 37.765000000000008 24.500000000000004 1.6538990040802002 37.235000000000007 4.2015099382944241 484.50000000000006 -122.40499999999999 39.085000000000008 2.3722374117110965
decision_type= 2 2 2 2 2 2 2 2 2 2 2 2 2 2 2 2 2 2 2 2 2 2 2 2 2 2 2 2
left_child=5 15 3 22 -5 6 14 8 10 -10 -7 25 13 -9 21 18 24 -13 23 -20 -16 -1 -3 -2 -4 -8 -18 -14
right_child=1 2 16 4 -6 7 11 12 9 -11 -12 17 27 -15 20 -17 26 -19 19 -21 -22 -23 -24 -25 -26 -27 -28 -29
leaf_value= -0.035211102571338415 -0.042369007070859277 0.0029293708683502291 -0.04655274202519781 0.011368979594661835 -0.008444577812023478 0.011873948491902014 -0.075213483517820201 0.012858111434079673 -0.0052099335070800949 -0.027748678048374133 -0.0096372094406760346 0.047446253197060695 -0.047814941647606836 -0.01806354391997908 0.013550156670989414 -0.042893700585478832 0.00061933156113919922 -0.0049471291221885221 0.029108252653774497 0.084761345395591214 0.086836822330951691 -0.0022079597487352155 0.055888754384172602 0.028993218481457136 -0.018049742110555104 -0.0089269015393928508 -0.032740290888718201 -0.029053917452085982
leaf_weight=122 11.999999999999998 31 83 3880 1068 1746 10.999999999999998 217 3159 1132 1330 225 71 639 99 21 528 54 96 82 18 188 293 379 550 46 35 397
leaf_count=122 12 31 83 3880 1068 1746 11 217 3159 1132 1330 225 71 639 99 21 528 54 96 82 18 188 293 379 550 46 35 397
model_size=3168
internal_value=0 0.00797293 0.00571257 0.00977979 0.00709233 -0.00595229 0.00965132 -0.00732216 -0.00542355 -0.0111558 0.00257296 0.0272925 -0.0178865 -0.0102248 -0.00423026 0.0327526 -0.0122158 0.0373056 0.0355445 0.0547462 0.024825 -0.0151963 0.0508217 0.0268031 -0.0217871 -0.021719 -0.00145453 -0.0319001
internal_weight=0 7058 6468 5272 4948 9454 763 8691 7367 4291 3076 336 1324 856 427 590 1196 279 569 178 117 310 324 391 633 57 563 468
internal_count=16512 7058 6468 5272 4948 9454 763 8691 7367 4291 3076 336 1324 856 427 590 1196 279 569 178 117 310 324 391 633 57 563 468
is_linear=0
shrinkage=0.1


Tree=24
num_leaves= 27
num_cat= 0
full_tree_array_lgbids= 0 1 12 2 3 13 18 10 23 4 5 15 16 -14 19 14 11 25 24 7 9 6 8 21 -17 17 20 -2147483648 -2147483648 22 -21 -1 -16 -12 -13 -4 -27 -25 -26 -3 -9 -6 -11 -5 -8 -7 -10 -2 -23 -2147483648 -2147483648 -15 -19 -18 -22 -2147483648 -2147483648 -2147483648 -2147483648 -20 -24 -2147483648 -2147483648
split_feature= 1 8 7 7 8 8 7 7 1 8 7 7 6 4 6 1 6 5 3 1 3 2 5 1 2 8
split_gain= 66.3553 36.3014 75.2171 48.3188 112.491 82.9611 77.7109 31.4148 28.4877 20.6241 11.6385 23.0196 9.74774 9.64477 7.99081 6.56286 5.5669 6.11212 5.00639 4.64898 4.42926 4.37311 1.82071 1.1499 0.212813 0.210374
threshold= 5.6042500000000013 -122.38499999999998 38.705000000000005 34.655000000000008 -118.30499999999999 -119.94499999999998 37.595000000000006 34.165000000000006 3.5488500000000003 -116.53499999999998 37.745000000000012 38.005000000000003 3.1424162072895592 1.0003353454057682 2.2147445135257553 8.4454500000000028 2.3722374117110965 405.50000000000006 5.1709164990458518 10.027200000000002 6.9566301031144784 40.500000000000007 926.50000000000011 3.2758000000000007 32.500000000000007 -122.90499999999999
decision_type= 2 2 2 2 2 2 2 2 2 2 2 2 2 2 2 2 2 2 2 2 2 2 2 2 2 2
left_child=1 2 10 4 7 6 -5 -3 -7 -6 14 -12 13 15 -1 21 17 -15 -14 22 -18 -2 -20 25 -25 -4
right_child=12 3 23 5 9 8 -8 -9 -10 -11 11 -13 18 16 -16 -17 20 -19 19 -21 -22 -23 -24 24 -26 -27
leaf_value= -0.067462072947195598 -0.0021672000404071969 0.036154159309521185 -0.01772077900005152 0.013827059184439964 -0.004507186841928126 -0.027864895350083508 -0.014517031591984196 0.0088822999902986154 -0.068321764671468541 -0.036835109468989283 0.056131186824597758 0.015975297638409151 -0.069458083808422097 -0.020308664689461391 0.0156348321268861 0.030962728301726156 0.013233944898968905 0.045625699526863177 -0.010200107662063657 0.038495435242598158 0.028384584783196665 0.028754703475356993 0.006694129060690431 -0.036424684176302478 -0.073448811595638597 -0.032613826595073524
leaf_weight=13.999999999999998 388 933 185 1448 5434 817 3040 822 232 216 335 270 10.999999999999998 18 216 118 451 208 132 49 515 67 449 46 11.999999999999998 86
leaf_count=14 388 933 185 1448 5434 817 3040 822 232 216 335 270 11 18 216 118 451 208 132 49 515 67 449 46 12 86
model_size=2944
internal_value=0 -0.00263944 0.0145274 -0.00418342 0.0011593 -0.0113286 -0.00537215 0.0233807 -0.0368125 -0.00574309 0.0305987 0.0382104 0.0154746 0.0195187 0.0105768 0.00827102 0.0249255 0.0403743 0.00433929 0.00562782 0.0213111 0.00238614 0.00285585 -0.0262616 -0.0440848 -0.022447
internal_weight=0 14106 1164 12942 7405 5537 4488 1755 1049 5650 835 605 2406 1765 230 573 1192 226 641 630 966 455 581 329 58 271
internal_count=16512 14106 1164 12942 7405 5537 4488 1755 1049 5650 835 605 2406 1765 230 573 1192 226 641 630 966 455 581 329 58 271
is_linear=0
shrinkage=0.1


Tree=25
num_leaves= 28
num_cat= 0
full_tree_array_lgbids= 0 1 13 2 9 14 23 4 3 12 10 16 15 25 -25 5 7 6 8 19 24 11 22 18 20 17 21 26 -27 -2147483648 -2147483648 -1 -7 -6 -9 -4 -8 -5 -10 -3 -21 -14 -26 -11 -13 -12 -24 -2 -20 -18 -22 -16 -19 -17 -23 -15 -28 -2147483648 -2147483648 -2147483648 -2147483648 -2147483648 -2147483648
split_feature= 1 6 7 8 8 7 7 8 1 8 7 8 7 7 8 7 4 8 8 8 8 8 4 6 6 7 3
split_gain= 53.5898 33.4676 36.0636 88.2521 79.9645 57.7056 39.6534 23.5466 15.8268 10.8583 9.05032 10.9752 8.88811 8.14953 9.34697 16.5896 8.9557 7.99915 6.93017 4.31848 3.41894 3.01659 1.71581 1.46487 1.0066 0.369536 0.481303
threshold= 5.6851000000000012 3.1336552646136835 34.655000000000008 -119.94499999999998 -118.36499999999999 34.115000000000002 37.595000000000006 -117.77499999999999 3.6670000000000003 -121.48499999999999 35.135000000000012 -118.46499999999999 37.895000000000003 38.155000000000008 -117.71499999999999 33.605000000000011 1.1341727378312747 -117.145 -122.31499999999998 -121.60499999999998 -120.09499999999998 -117.46499999999999 1.0196292490795449 3.3020568950930627 4.7861775898520094 38.765000000000008 7.640686295039858
decision_type= 2 2 2 2 2 2 2 2 2 2 2 2 2 2 2 2 2 2 2 2 2 2 2 2 2 2 2
left_child=1 2 4 6 5 -1 -4 -6 -5 12 11 -11 19 14 16 17 18 -16 -2 -3 -18 -17 -12 25 -14 26 -15
right_child=13 9 3 8 7 -7 -8 -9 -10 10 22 -13 24 23 15 21 20 -19 -20 -21 -22 -23 -24 -25 -26 -27 -28
leaf_value= 0.067561325519847087 0.041761951588915068 0.0082355444563723384 0.018248210665334788 -0.030732919429046619 0.0085227117775748314 0.014619438078917036 -0.0047373786385063021 -0.0081412430419213703 -0.069685469916207596 0.014522327057472091 -0.03013098659539537 -0.010630487094107535 -0.019068387596961604 -0.014371842557253937 0.032944814556719069 -0.017442109630018757 0.022842679924976367 -0.010971768823376783 0.014705195582415341 0.082704381942749039 0.061193334126973677 -0.055990908940344357 -0.017517870874245778 -0.060884198794762291 0.028263096250593662 -0.046792296729981898 0.022225967328995469
leaf_weight=339 118 513 990 510 1986 551 3500 1607 143 205 256 2836 189 48 131 79 52 74 1621 9.9999999999999982 76 43 587 11.999999999999998 9.9999999999999982 9.9999999999999982 15.999999999999998
leaf_count=339 118 513 990 510 1986 551 3500 1607 143 205 256 2836 189 48 131 79 52 74 1621 10 76 43 587 12 10 10 16
model_size=3056
internal_value=0 -0.0023039 0.00110615 -0.00469646 0.00776304 0.0347849 0.000330713 0.00106962 -0.0392631 -0.00943051 -0.0116291 -0.00893488 0.00239693 0.0143812 0.0156435 -0.000861394 0.0185343 0.017092 0.0165411 0.00965942 0.0456134 -0.031029 -0.0213482 -0.0178229 -0.0166899 -0.0108399 -0.00522239
internal_weight=0 14232 9626 5143 4483 890 4490 3593 653 4606 3884 3041 722 2280 2194 327 1867 205 1739 523 128 122 843 86 199 74 64
internal_count=16512 14232 9626 5143 4483 890 4490 3593 653 4606 3884 3041 722 2280 2194 327 1867 205 1739 523 128 122 843 86 199 74 64
is_linear=0
shrinkage=0.1


Tree=26
num_leaves= 24
num_cat= 0
full_tree_array_lgbids= 0 5 1 6 21 11 2 7 8 22 -23 15 -13 3 13 12 19 9 10 -7 -24 -2147483648 -2147483648 17 16 -2147483648 -2147483648 18 4 20 14 -1 -14 -9 -21 -8 -11 -10 -12 -2147483648 -2147483648 -2147483648 -2147483648 -2147483648 -2147483648 -2147483648 -2147483648 -2 -19 -17 -18 -2147483648 -2147483648 -2147483648 -2147483648 -3 -20 -5 -6 -4 -22 -15 -16
split_feature= 1 8 7 8 7 7 8 7 7 8 8 7 2 2 3 7 7 3 7 7 4 8 1
split_gain= 44.8247 28.4082 30.3853 40.6127 29.1298 12.8919 28.4169 21.6258 13.7022 33.0588 23.7493 11.0856 8.01225 7.73837 5.76951 5.19122 17.6306 10.8685 3.80419 3.12075 3.03355 0.292977 0.255712
threshold= 3.6530500000000008 -122.33499999999999 37.57500000000001 -122.03499999999998 34.525000000000013 39.355000000000011 -122.38499999999998 38.305000000000007 35.335000000000008 -118.35499999999998 -121.56499999999998 38.735000000000007 19.500000000000004 22.500000000000004 7.3584173399399555 37.765000000000008 37.895000000000003 5.7443298497738811 37.235000000000007 38.705000000000005 1.0062015652943102 -121.895 3.2896500000000004
decision_type= 2 2 2 2 2 2 2 2 2 2 2 2 2 2 2 2 2 2 2 2 2 2 2
left_child=5 11 3 18 -5 6 7 12 9 -8 -10 15 -1 20 -15 17 -17 -2 -3 -9 -4 22 -7
right_child=1 2 13 4 -6 21 8 19 10 -11 -12 -13 -14 14 -16 16 -18 -19 -20 -21 -22 -23 -24
leaf_value= -0.026714003938985501 0.0018596429848629567 0.0047735700328998716 -0.015519240943712254 0.0084701187033743019 -0.010230377750663643 -0.023191998449027917 0.01793784810711636 0.0094581726375812039 0.00083982168599874537 -0.0055945998148951353 -0.017580117199844533 -0.034700040432653623 0.045430658402281748 -0.02181873321338669 0.012552373150650126 0.072397062502784174 0.022305049476970037 0.044186392578157103 0.04504126653658827 -0.019310921229271576 0.0026520414502443387 -0.014078360631221743 -0.047091931932502329
leaf_weight=19 180 34 171 4370 1080 295 735 108 1166 3875 1981 32 241 596 65 108 244 107 304 99 491 184 27
leaf_count=19 180 34 171 4370 1080 295 735 108 1166 3875 1981 32 241 596 65 108 244 107 304 99 491 184 27
model_size=2608
internal_value=0 0.0055891 0.00369579 0.00687983 0.00476433 -0.00498217 -0.00398721 0.0204517 -0.00545852 -0.00184268 -0.0107553 0.0256536 0.0401585 -0.0102341 -0.0184388 0.028676 0.0376742 0.01764 0.0409907 -0.00430096 -0.00204175 -0.0211532 -0.025196
internal_weight=0 7782 7111 5788 5450 8730 8224 467 7757 4610 3147 671 260 1323 661 639 352 287 338 207 662 506 322
internal_count=16512 7782 7111 5788 5450 8730 8224 467 7757 4610 3147 671 260 1323 661 639 352 287 338 207 662 506 322
is_linear=0
shrinkage=0.1


Tree=27
num_leaves= 29
num_cat= 0
full_tree_array_lgbids= 0 1 9 2 6 10 21 17 3 7 16 14 11 22 -23 18 19 4 5 8 23 20 26 25 15 12 13 24 27 -2147483648 -2147483648 -1 -20 -19 -21 -4 -6 -5 -7 -3 -10 -9 -25 -8 -22 -18 -28 -2 -27 -16 -17 -12 -14 -13 -15 -11 -26 -24 -29 -2147483648 -2147483648 -2147483648 -2147483648
split_feature= 3 6 2 7 8 8 8 7 8 8 7 8 7 1 8 7 7 8 7 7 8 8 7 2 7 4 5 8
split_gain= 39.3059 33.2812 23.9604 23.1612 36.5736 31.2634 14.479 14.14 26.3376 14.0506 16.1619 47.375 22.5317 21.8765 15.5205 9.41592 8.40079 7.04015 20.1302 6.82038 6.73324 5.05456 5.20475 4.38527 2.5991 2.54079 2.36881 0.314862
threshold= 6.3286213786213787 2.4469862317432325 21.500000000000004 34.115000000000002 -118.36499999999999 -122.35499999999998 -117.79499999999999 37.915000000000006 -122.24499999999999 -117.175 34.655000000000008 -119.94499999999998 37.615000000000002 5.0602500000000008 -119.26499999999999 33.565000000000005 33.875000000000007 -118.31499999999998 34.155000000000008 33.695000000000007 -117.145 -116.22499999999998 33.845000000000006 32.500000000000007 33.005000000000003 1.0826163157780153 170.50000000000003 -117.07499999999997
decision_type= 2 2 2 2 2 2 2 2 2 2 2 2 2 2 2 2 2 2 2 2 2 2 2 2 2 2 2 2
left_child=1 2 17 4 -4 -5 7 8 -3 10 14 12 -12 -13 25 -16 20 18 -1 -19 -8 22 24 -9 -11 -2 -18 -24
right_child=9 6 3 5 -6 -7 16 23 -10 21 11 13 -14 -15 15 -17 26 19 -20 -21 -22 -23 27 -25 -26 -27 -28 -29
leaf_value= 0.050835825548196836 0.048979092347953057 0.02308439889161153 0.05558722740379788 0.028999405798453889 0.011586233379728065 -0.0042328187207749581 0.005858722425412668 -0.0090912788407393925 -0.0034597562430362197 -0.011777939139442011 0.03061765143295957 -0.019081722642703539 0.0027786471638217218 -0.097441035336149603 0.043264561116917982 0.015548785360594987 0.03219805251468312 -0.0047383659481049362 -0.0054659678674909701 -0.030841896470722763 -0.014498122123725685 -0.050453229887144901 -0.054565175622701648 -0.022616453738893892 0.014840678777646049 0.10915325886259478 -0.025129767514634319 -0.022327859899295227
leaf_weight=75 18 417 268 385 716 1240 278 1024 6162 99 450 114 956 56 159 1044 10.999999999999998 259 650 215 611 35 22 433 116 24 633 42
leaf_count=75 18 417 268 385 716 1240 278 1024 6162 99 450 114 956 56 159 1044 11 259 650 215 611 35 22 433 116 24 633 42
model_size=3168
internal_value=0 -0.00239718 0.00564883 0.0111572 0.0235702 0.00364066 -0.0055991 -0.00383216 -0.00177729 0.0102287 0.0125543 0.00558523 0.0116887 -0.0448942 0.0213761 0.019212 -0.0148614 -0.00633731 0.000358356 -0.0165786 -0.00813231 -0.0106642 -0.00567276 -0.0131108 0.00258373 0.0833643 -0.0241506 -0.0334094
internal_weight=0 13377 3808 2609 984 1625 9569 8036 6579 3135 2821 1576 1406 170 1245 1203 1533 1199 725 474 889 314 279 1457 215 42 644 64
internal_count=16512 13377 3808 2609 984 1625 9569 8036 6579 3135 2821 1576 1406 170 1245 1203 1533 1199 725 474 889 314 279 1457 215 42 644 64
is_linear=0
shrinkage=0.1


Tree=28
num_leaves= 29
num_cat= 0
full_tree_array_lgbids= 0 1 13 3 2 21 15 6 9 4 11 22 25 16 17 12 8 10 20 7 5 14 19 24 -24 -23 27 23 18 26 -19 -1 -14 -8 -10 -5 -12 -11 -22 -3 -9 -6 -7 -4 -16 -13 -21 -2 -26 -2147483648 -2147483648 -2147483648 -2147483648 -27 -29 -15 -25 -18 -20 -17 -28 -2147483648 -2147483648
split_feature= 6 7 8 8 7 8 7 8 8 8 7 1 8 8 6 7 8 1 6 1 8 7 8 3 3 2 1 5
split_gain= 33.2067 31.7465 85.1539 71.0471 48.8153 42.3009 33.007 32.8078 31.4338 21.5769 46.9391 18.4432 12.2577 8.81965 8.77663 6.59923 9.45362 7.64123 6.13601 5.81594 5.71111 4.67612 3.3193 3.28692 2.18789 0.907483 0.429075 0.321024
threshold= 3.253673235601747 34.525000000000013 -119.94499999999998 -118.35499999999998 37.595000000000006 -122.40499999999999 34.135000000000012 -120.62499999999999 -119.34499999999998 -117.145 33.755000000000003 3.8136000000000005 -118.41499999999998 -121.48499999999999 2.3055777777777782 34.715000000000011 -118.77499999999999 6.0886500000000003 3.9901635114651532 5.8308000000000009 -116.22499999999998 37.895000000000003 -121.60499999999998 5.3413199426111921 6.9972165015854344 11.500000000000002 5.3736000000000006 274.50000000000006
decision_type= 2 2 2 2 2 2 2 2 2 2 2 2 2 2 2 2 2 2 2 2 2 2 2 2 2 2 2 2
left_child=1 3 4 6 7 -6 12 -3 -8 10 -5 14 -1 21 -4 16 23 26 -18 -13 -11 22 24 -15 -2 -23 -17 -27
right_child=13 2 11 9 5 -7 8 -9 -10 20 -12 19 -14 15 -16 17 18 -19 -20 -21 -22 25 -24 -25 -26 27 -28 -29
leaf_value= 0.061328045112602682 0.0045343678147413934 0.023837254074740966 -0.055246334269726555 0.023833034976323279 0.013413409026192466 -0.0098640772245121543 0.061851329397824076 -0.020897527308825745 0.0042390953731475606 -0.01009226011169913 -0.0017999780549252571 -0.053615199608682863 0.032163882285563487 0.0032980838675968471 -0.018994251995828212 -0.01695565005310078 -0.0047729403493168773 -0.10817509537393398 -0.015430625191016871 -0.11057281976938248 -0.043592945384834686 0.020306775299832228 0.07508329205214978 0.042130272564265818 0.033052041038425399 -0.054306570914658639 -0.048532602716894718 -0.015106418545617431
leaf_weight=283 481 1283 89 1021 1101 2969 117 196 618 789 2598 164 360 63 524 696 1748 10.999999999999998 1030 25 67 15.999999999999998 9.9999999999999982 57 46 10.999999999999998 17 122
leaf_count=283 481 1283 89 1021 1101 2969 117 196 618 789 2598 164 360 63 524 696 1748 11 1030 25 67 16 10 57 46 11 17 122
model_size=3168
internal_value=0 0.00271278 -0.00227651 0.00812658 0.00215697 -0.00356715 0.0281504 0.0179089 0.01341 0.0019606 0.00543166 -0.0329515 0.0449997 -0.00768494 -0.0242576 -0.00978563 -0.00746288 -0.019083 -0.00872449 -0.0611493 -0.0127144 0.00340643 0.00829098 0.0217434 0.00702358 -0.0141976 -0.0177085 -0.0183485
internal_weight=0 12204 6351 5853 5549 4070 1378 1479 735 4475 3619 802 643 4308 613 3622 2898 724 2778 189 856 686 537 120 527 149 713 133
internal_count=16512 12204 6351 5853 5549 4070 1378 1479 735 4475 3619 802 643 4308 613 3622 2898 724 2778 189 856 686 537 120 527 149 713 133
is_linear=0
shrinkage=0.1


Tree=29
num_leaves= 31
num_cat= 0
full_tree_array_lgbids= 0 1 5 9 2 8 13 11 10 3 6 17 28 14 21 27 25 12 26 20 4 7 24 19 18 29 -30 15 16 23 22 -1 -29 -13 -27 -11 -14 -12 -28 -3 -22 -5 -6 -4 -9 -8 -26 -2 -21 -19 -20 -10 -31 -2147483648 -2147483648 -7 -17 -16 -18 -15 -25 -23 -24
split_feature= 3 4 6 2 7 2 8 7 8 8 7 7 8 7 8 8 7 7 8 4 8 8 3 8 7 8 8 8 8 1
split_gain= 30.5429 22.7771 21.0236 23.1634 21.037 10.5707 8.82364 9.11174 7.335 6.84552 16.2119 9.31983 9.19326 6.55037 9.4752 8.60624 7.92566 6.00176 10.8445 6.75629 4.24416 4.0516 6.14009 5.4664 3.95438 3.31299 3.1534 2.50127 0.396269 0.867412
threshold= 6.3286213786213787 0.9926017150155082 2.5763869593405579 21.500000000000004 37.805000000000007 32.500000000000007 -117.79499999999999 34.655000000000008 -116.53499999999998 -121.675 35.335000000000008 37.555000000000007 -118.33499999999999 37.595000000000006 -118.00499999999998 -118.05499999999999 33.735000000000007 33.655000000000008 -117.46499999999999 1.1118457480911583 -118.26499999999999 -122.40499999999999 7.7341030226496903 -122.61499999999999 33.655000000000008 -122.425 -121.03499999999998 -122.04499999999999 -116.22499999999998 3.0830000000000006
decision_type= 2 2 2 2 2 2 2 2 2 2 2 2 2 2 2 2 2 2 2 2 2 2 2 2 2 2 2 2 2 2
left_child=1 9 3 20 -5 8 7 -4 17 11 12 27 -11 14 15 -7 -16 19 -19 -2 -3 23 -23 -15 -8 -13 -12 -1 29 -10
right_child=5 2 6 4 -6 13 24 -9 28 10 26 25 -14 21 16 -17 -18 18 -20 -21 -22 22 -24 -25 -26 -27 -28 -29 -30 -31
leaf_value= 0.035626388376797824 0.011134977717580583 -0.00013996679367112415 0.0024613318130763634 0.016490706691869243 -0.0047767772068187837 0.030443719924543984 -0.0052711085261084572 -0.0061638796633759338 0.014143775118624463 0.0063804473478078511 -0.020539712903355312 0.0044918099751359679 -0.013383817290823379 -0.020540441963821651 0.032092054448294223 0.1041988581615059 -0.031651315129756073 0.0066095495691620007 -0.023516742169158535 0.045748460676210627 -0.013229967413627787 -0.014892488229605889 0.038606121274642649 0.048296450115550234 -0.018987041045591315 -0.01702140467542608 -0.039972707855180957 0.007748695012109931 -0.043810662638861686 -0.029269083282526805
leaf_weight=68 261 856 2793 2040 650 400 542 2783 17 352 221 144 1116 20 40 19 52 1810 144 90 514 135 32 49 567 315 248 168 32 34
leaf_count=68 261 856 2793 2040 650 400 542 2783 17 352 221 144 1116 20 40 19 52 1810 144 90 514 135 32 49 567 315 248 168 32 34
model_size=3392
internal_value=0 -0.00212451 -2.66216e-05 0.00581678 0.0113517 0.00906524 -0.00357549 -0.00184354 0.00562974 -0.010689 -0.0140129 -0.00142525 -0.0086447 0.0200478 0.0269962 0.0337882 -0.00393681 0.0067681 0.00438939 0.0200102 -0.00505111 0.00500266 -0.00464126 0.0283437 -0.0122837 -0.0102722 -0.0308156 0.0157813 -0.0259837 -0.0147981
internal_weight=0 13377 10745 4060 2690 3135 6685 5576 2388 2632 1937 695 1468 747 511 419 92 2305 1954 351 1370 236 167 69 1109 459 469 236 83 51
internal_count=16512 13377 10745 4060 2690 3135 6685 5576 2388 2632 1937 695 1468 747 511 419 92 2305 1954 351 1370 236 167 69 1109 459 469 236 83 51
is_linear=0
shrinkage=0.1


Tree=30
num_leaves= 24
num_cat= 0
full_tree_array_lgbids= 0 1 9 2 3 10 -11 19 5 4 17 13 11 -2147483648 -2147483648 22 -21 7 6 8 21 20 18 16 14 15 12 -2147483648 -2147483648 -2147483648 -2147483648 -1 -24 -2147483648 -2147483648 -4 -9 -7 -8 -3 -10 -6 -23 -5 -22 -19 -20 -2 -18 -15 -16 -12 -17 -13 -14 -2147483648 -2147483648 -2147483648 -2147483648 -2147483648 -2147483648 -2147483648 -2147483648
split_feature= 3 8 7 7 8 7 8 8 2 8 7 8 1 8 7 7 1 6 5 1 1 8 4
split_gain= 24.4935 21.8719 40.0713 20.669 23.8974 20.6078 55.6303 36.566 14.641 7.25125 7.44397 28.8761 13.4215 12.1059 11.5203 11.1405 7.79397 6.02149 7.22039 4.41782 4.33336 3.46869 1.04124
threshold= 6.5207558992324239 -117.77499999999999 33.625000000000007 33.565000000000005 -117.16499999999998 34.525000000000013 -121.56499999999998 -118.36499999999999 20.500000000000004 -116.53499999999998 34.595000000000006 -119.94499999999998 5.0602500000000008 -118.02499999999999 33.645000000000003 37.615000000000002 5.4090500000000015 2.5891438608419741 139.50000000000003 5.3357000000000001 3.7424000000000004 -116.11499999999999 1.2314230033563103
decision_type= 2 2 2 2 2 2 2 2 2 2 2 2 2 2 2 2 2 2 2 2 2 2 2
left_child=1 2 19 4 8 7 -7 -4 -3 10 13 15 -13 16 -15 -12 -2 20 -19 22 -5 -6 -1
right_child=9 3 5 17 21 6 -8 -9 -10 -11 11 12 -14 14 -16 -17 -18 18 -20 -21 -22 -23 -24
leaf_value= 0.10992049599687255 0.069204957602330697 -0.0023568684496567587 0.019303809505392833 -0.028816883428246395 -0.0098162563326458577 0.0038327143356916647 -0.015230114332733944 -0.00033776391420771521 0.036825071308865316 -0.024040434963380299 0.025274219673121781 -0.014917191277946468 -0.081904294356411583 0.023671695761618435 -0.0030078094400849608 0.0028203666026148802 0.024781728229655201 0.070555741543119596 -0.018132634786069916 0.056060936760443908 -0.064973727883275226 -0.036131763011891103 0.17548782557249071
leaf_weight=12.000000000000002 52 200 1308 214 736 3744 2694 3933 216 75 361 92 51 308 434 780 406 10.999999999999998 732 12.999999999999998 54 76 9.9999999999999982
leaf_count=12 52 200 1308 214 736 3744 2694 3933 216 75 361 92 51 308 434 780 406 11 732 13 54 76 10
model_size=2608
internal_value=0 -0.0016926 8.90753e-05 -0.011014 -0.00202601 -0.000236261 -0.00414418 0.0045642 0.0179876 0.00922895 0.0102335 0.00449718 -0.0388077 0.0163713 0.0080667 0.00992452 0.0298254 -0.0219311 -0.0168196 0.108649 -0.0361022 -0.0122793 0.139724
internal_weight=0 13953 11714 2239 1228 11679 6438 5241 416 2559 2484 1284 143 1200 742 1141 458 1011 743 35 268 812 22
internal_count=16512 13953 11714 2239 1228 11679 6438 5241 416 2559 2484 1284 143 1200 742 1141 458 1011 743 35 268 812 22
is_linear=0
shrinkage=0.1


Tree=31
num_leaves= 20
num_cat= 0
full_tree_array_lgbids= 0 1 8 2 17 12 9 6 3 -3 -19 13 18 -10 10 7 15 5 4 -2147483648 -2147483648 -2147483648 -2147483648 14 -15 -14 -20 -2147483648 -2147483648 11 16 -1 -9 -8 -17 -4 -7 -5 -6 -2147483648 -2147483648 -2147483648 -2147483648 -2147483648 -2147483648 -2147483648 -2147483648 -2 -16 -2147483648 -2147483648 -2147483648 -2147483648 -2147483648 -2147483648 -2147483648 -2147483648 -2147483648 -2147483648 -11 -13 -12 -18
split_feature= 6 7 8 7 8 8 7 7 8 1 6 7 7 7 8 7 5 7 2
split_gain= 22.4049 23.974 26.492 29.9115 51.6849 43.6849 17.3284 6.82371 5.56456 4.27353 3.8839 5.11984 3.25434 3.73825 2.62878 2.51993 1.88461 0.632309 0.37985
threshold= 3.253673235601747 39.355000000000011 -122.35499999999998 34.655000000000008 -119.94499999999998 -118.27499999999999 38.415000000000006 37.765000000000008 -121.48499999999999 0.86630000000000018 4.0313335151349889 34.525000000000013 37.925000000000004 37.835000000000008 -121.60499999999998 38.705000000000005 1892.0000000000002 39.82500000000001 11.500000000000002
decision_type= 2 2 2 2 2 2 2 2 2 2 2 2 2 2 2 2 2 2 2
left_child=1 2 6 5 -5 -4 7 -1 12 -10 11 -11 13 14 -2 -8 -12 -3 -14
right_child=8 17 3 4 -6 -7 15 -9 9 10 16 -13 18 -15 -16 -17 -18 -19 -20
leaf_value= 0.014350154262652445 0.0045318567273744314 -0.010651454761871638 0.018562739663009611 0.0002972595810747716 -0.028503512780225816 0.00023822643759413735 0.0060537859092035622 0.03544688732316071 0.057413903795755832 -0.0028268276905181592 -0.017430326745946457 -0.014962593852810055 0.017954821744933725 0.077605365514755262 0.068076922260224812 -0.019519267065029239 -0.0063279659886059554 -0.023584348243934201 -0.016709407429712324
leaf_weight=309 520 177 2048 3991 761 3881 134 450 12.999999999999998 1850 797 574 15.999999999999998 9.9999999999999982 9.9999999999999982 105 388 348 130
leaf_count=309 520 177 2048 3991 761 3881 134 450 13 1850 797 574 16 10 10 105 388 348 130
model_size=2160
internal_value=0 0.00225259 0.00321802 0.00172608 -0.00431499 0.00656789 0.0191854 0.0268581 -0.00638128 -0.00812231 -0.00835838 -0.00570056 0.00281114 0.00706183 0.00573082 -0.00518124 -0.0137951 -0.0192241 -0.0129106
internal_weight=0 12204 11679 10681 4752 5929 998 759 4308 3622 3609 2424 686 540 530 239 1185 525 146
internal_count=16512 12204 11679 10681 4752 5929 998 759 4308 3622 3609 2424 686 540 530 239 1185 525 146
is_linear=0
shrinkage=0.1


Tree=32
num_leaves= 25
num_cat= 0
full_tree_array_lgbids= 0 1 7 14 2 8 -9 16 15 3 4 9 10 -2147483648 -2147483648 23 22 17 19 18 6 5 13 20 11 12 21 -2147483648 -2147483648 -2147483648 -2147483648 -1 -25 -18 -24 -16 -19 -17 -21 -3 -20 -5 -8 -4 -7 -6 -15 -2 -22 -11 -13 -10 -14 -12 -23 -2147483648 -2147483648 -2147483648 -2147483648 -2147483648 -2147483648 -2147483648 -2147483648
split_feature= 3 4 8 7 7 8 7 7 8 7 7 7 8 6 8 7 7 8 1 1 4 8 8 8
split_gain= 19.6912 18.1672 12.9187 27.5639 14.8262 22.2509 13.4084 7.53907 8.38901 11.1207 9.69179 5.00853 4.21849 3.99748 3.892 8.59198 7.27129 4.9406 3.72605 3.09051 2.99742 2.94205 2.08484 1.78285
threshold= 6.3286213786213787 0.99160544721033084 -117.77499999999999 33.625000000000007 33.565000000000005 -117.24499999999999 34.185000000000009 39.355000000000011 -117.71499999999999 33.655000000000008 33.895000000000003 34.655000000000008 -116.22499999999998 2.4136952392348086 -121.675 35.335000000000008 37.555000000000007 -118.38499999999998 5.1037500000000007 2.8040500000000006 1.2673166455403788 -117.46499999999999 -122.425 -122.04499999999999
decision_type= 2 2 2 2 2 2 2 2 2 2 2 2 2 2 2 2 2 2 2 2 2 2 2 2
left_child=1 14 3 18 5 -4 -5 8 9 20 12 -11 -10 -6 16 17 23 -16 -3 -17 -2 -12 -18 -1
right_child=7 2 4 6 13 -7 -8 -9 10 11 21 -13 -14 -15 15 19 22 -19 -20 -21 -22 -23 -24 -25
leaf_value= 0.03160716021049987 0.044689726406470578 0.13405585966127762 0.033981438331277883 0.0064417963588108348 -0.034537393724389687 -0.0067854518456405104 -0.001847103974447149 -0.024919875054788519 0.0087684486310888096 0.016988077464492938 0.00072020388654588411 0.0061419058656498552 -0.041767067348827486 -0.014410629520442612 0.0055921483879420924 -0.012728279926232062 0.0027996560533907503 -0.011331657381753775 0.054216253260771431 -0.032846583920227143 0.11734669297933578 -0.031105321934125546 -0.01605322218400616 0.0061190541377040136
leaf_weight=68 47 17 174 3533 167 773 5483 83 429 850 60 1488 23 632 271 180 141 1165 14.999999999999998 282 9.9999999999999982 145 309 167
leaf_count=68 47 17 174 3533 167 773 5483 83 429 850 60 1488 23 632 271 180 141 1165 15 282 10 145 309 167
model_size=2720
internal_value=0 -0.00172823 0.000140425 0.00173778 -0.00813725 0.00070498 0.00140098 0.00737433 0.00825258 0.0112121 -0.00253583 0.0100851 0.00619695 -0.0186173 -0.00953707 -0.0122443 -0.0020358 -0.00813782 0.096631 -0.0250083 0.0574366 -0.0217905 -0.010146 0.0134943
internal_weight=0 13377 10794 9048 1746 947 9016 3135 3052 2395 657 2338 452 799 2583 1898 685 1436 32 462 57 205 450 235
internal_count=16512 13377 10794 9048 1746 947 9016 3135 3052 2395 657 2338 452 799 2583 1898 685 1436 32 462 57 205 450 235
is_linear=0
shrinkage=0.1


end of trees

feature_importances:
Column_7=234
Column_8=222
Column_1=145
Column_6=119
Column_2=91
Column_3=52
Column_4=44
Column_5=42

parameters:
[boosting: gbdt]
[objective: regression]
[metric: rmse]
[tree_learner: serial]
[device_type: cpu]
[data_sample_strategy: bagging]
[data: data/california_housing.libsvm.train]
[valid: data/california_housing.libsvm.test]
[num_iterations: 50]
[learning_rate: 0.1]
[num_leaves: 255]
[num_threads: 0]
[seed: 42]
[deterministic: 0]
[force_col_wise: 0]
[force_row_wise: 0]
[histogram_pool_size: -1]
[max_depth: 5]
[min_data_in_leaf: 10]
[min_sum_hessian_in_leaf: 0.001]
[bagging_fraction: 1]
[pos_bagging_fraction: 1]
[neg_bagging_fraction: 1]
[bagging_freq: 0]
[bagging_seed: 400]
[feature_fraction: 1]
[feature_fraction_bynode: 1]
[feature_fraction_seed: 30056]
[extra_trees: 0]
[extra_seed: 12879]
[early_stopping_round: 0]
[early_stopping_min_delta: 0]
[first_metric_only: 0]
[max_delta_step: 0]
[lambda_l1: 0]
[lambda_l2: 0]
[linear_lambda: 0]
[min_gain_to_split: 0]
[drop_rate: 0.1]
[max_drop: 50]
[skip_drop: 0.5]
[xgboost_dart_mode: 0]
[uniform_drop: 0]
[drop_seed: 17869]
[top_rate: 0.2]
[other_rate: 0.1]
[min_data_per_group: 100]
[max_cat_threshold: 32]
[cat_l2: 10]
[cat_smooth: 10]
[max_cat_to_onehot: 4]
[top_k: 20]
[monotone_constraints: ]
[monotone_constraints_method: basic]
[monotone_penalty: 0]
[feature_contri: ]
[forcedsplits_filename: ]
[refit_decay_rate: 0.9]
[tinygbdt_penalty_feature: 0.000976562]
[tinygbdt_penalty_split: 0.000976562]
[tinygbdt_forestsize: 64000]
[tinygbdt_precision: 7]
[cegb_tradeoff: 1]
[cegb_penalty_split: 0]
[cegb_penalty_feature_lazy: ]
[cegb_penalty_feature_coupled: ]
[path_smooth: 0]
[interaction_constraints: ]
[verbosity: 2]
[saved_feature_importance_type: 0]
[use_quantized_grad: 0]
[num_grad_quant_bins: 4]
[quant_train_renew_leaf: 0]
[stochastic_rounding: 1]
[linear_tree: 0]
[max_bin: 255]
[max_bin_by_feature: ]
[min_data_in_bin: 3]
[bin_construct_sample_cnt: 200000]
[data_random_seed: 175]
[is_enable_sparse: 1]
[enable_bundle: 1]
[use_missing: 1]
[zero_as_missing: 0]
[feature_pre_filter: 1]
[pre_partition: 0]
[two_round: 0]
[header: 0]
[label_column: ]
[weight_column: ]
[group_column: ]
[ignore_column: ]
[categorical_feature: ]
[forcedbins_filename: ]
[precise_float_parser: 0]
[parser_config_file: ]
[objective_seed: 16083]
[num_class: 1]
[is_unbalance: 0]
[scale_pos_weight: 1]
[sigmoid: 1]
[boost_from_average: 1]
[reg_sqrt: 0]
[alpha: 0.9]
[fair_c: 1]
[poisson_max_delta_step: 0.7]
[tweedie_variance_power: 1.5]
[lambdarank_truncation_level: 30]
[lambdarank_norm: 1]
[label_gain: ]
[lambdarank_position_bias_regularization: 0]
[eval_at: ]
[multi_error_top_k: 1]
[auc_mu_weights: ]
[num_machines: 1]
[local_listen_port: 12400]
[time_out: 120]
[machine_list_filename: ]
[machines: ]
[gpu_platform_id: -1]
[gpu_device_id: -1]
[gpu_use_dp: 0]
[num_gpu: 1]

end of parameters
