tree
version=v4
num_class=1
num_tree_per_iteration=1
label_index=0
max_feature_idx=21
objective=binary sigmoid:1
feature_names=Column_0 Column_1 Column_2 Column_3 Column_4 Column_5 Column_6 Column_7 Column_8 Column_9 Column_10 Column_11 Column_12 Column_13 Column_14 Column_15 Column_16 Column_17 Column_18 Column_19 Column_20 Column_21
feature_infos=[0:5] [0:3] [0:9] [0:1] [0:8] [0:1] [0:1] [0:1] [0:11] [0:1] [0:4] [0:3] [0:3] [0:8] [0:8] none [0:3] [0:2] [0:4] [0:8] [0:5] [0:6]
tree_sizes=2153 2154 2145 2140 2229 2148 2229 2148 2229 2144 2146 2141 2155 2065 2062 2063 2310 2142 2145 2141 2058 2325 2234 2332 2325 2324 2238 2334 2328 2333 2248 2158 2156 2160 2165 1894 2255 1981 1557 1637 1639 1641 1639 1538 1544 1544 1544 1543 1544 1543 1621 1542 1629 1544 1635 1545 1631 1545 1637 1544 1635 1545 1546 1555 1554 1083 1556

Tree=0
num_leaves= 14
num_cat= 0
full_tree_array_lgbids= 0 1 2 5 9 4 3 -1 -7 11 10 -2 -6 7 6 -2147483648 -2147483648 -2147483648 -2147483648 -3 -13 -11 -12 -2147483648 -2147483648 -2147483648 -2147483648 -4 12 8 -8 -2147483648 -2147483648 -2147483648 -2147483648 -2147483648 -2147483648 -2147483648 -2147483648 -2147483648 -2147483648 -2147483648 -2147483648 -2147483648 -2147483648 -2147483648 -2147483648 -2147483648 -2147483648 -2147483648 -2147483648 -2147483648 -2147483648 -2147483648 -2147483648 -2147483648 -2147483648 -9 -14 -5 -10 -2147483648 -2147483648
split_feature= 8 20 19 7 4 10 9 13 21 21 1 12 17
split_gain= 2189.36 1173.68 1116.19 758.214 243.142 203.659 150.631 118.952 82.7313 28.8231 33.5873 18.593 16.8966
threshold= 3.5000000000000004 3.5000000000000004 1.5000000000000002 1.0000000180025095e-35 4.5000000000000009 1.0000000180025095e-35 1.0000000180025095e-35 1.5000000000000002 1.5000000000000002 4.5000000000000009 1.5000000000000002 1.0000000180025095e-35 1.5000000000000002
decision_type= 2 2 2 2 2 2 2 2 2 2 2 2 2
left_child=1 5 4 7 -2 -1 8 -4 -5 11 -11 -3 -9
right_child=2 9 3 6 -6 -7 -8 12 -10 10 -12 -13 -14
leaf_value= 0.13625295265526666 0.13625295265526666 -0.075779630963319758 0.13625295265526666 0.13625295265526666 -0.26425303862428545 -0.26425303862428545 -0.26425303862428545 -0.26425303862428545 -0.037299643565872592 -0.26425303862428551 0.1362529526552666 0.13625295265526666 -0.21434973619648184
leaf_weight=14.48168098926544 127.58860319852829 4.2446306347846976 7.7402088046073905 58.176408112049103 17.228206694126129 104.36797678470612 17.228206694126129 603.98597091436386 52.433672547340393 3.9949464797973615 4.4943147897720337 528.58135610818863 78.151140511035919
leaf_count=58 511 17 31 233 69 418 69 2419 210 16 18 2117 313
model_size=1488
internal_value=-0.0711178 0.0691485 -0.167321 -0.212646 0.0886066 -0.215452 0.0110948 -0.254106 0.053982 0.131635 -0.0522205 0.134564 -0.258536
internal_weight=0 660.165 962.532 817.716 144.817 118.85 127.838 689.877 110.61 541.315 8.48926 532.826 682.137
internal_count=6499 2644 3855 3275 580 476 512 2763 443 2168 34 2134 2732
is_linear=0
shrinkage=1


Tree=1
num_leaves= 14
num_cat= 0
full_tree_array_lgbids= 0 1 2 5 9 4 3 -1 -7 12 10 -2 -6 7 6 -2147483648 -2147483648 -2147483648 -2147483648 -3 -14 -11 -12 -2147483648 -2147483648 -2147483648 -2147483648 -4 11 8 -8 -2147483648 -2147483648 -2147483648 -2147483648 -2147483648 -2147483648 -2147483648 -2147483648 -2147483648 -2147483648 -2147483648 -2147483648 -2147483648 -2147483648 -2147483648 -2147483648 -2147483648 -2147483648 -2147483648 -2147483648 -2147483648 -2147483648 -2147483648 -2147483648 -2147483648 -2147483648 -9 -13 -5 -10 -2147483648 -2147483648
split_feature= 8 20 19 7 4 10 9 13 1 21 4 2 12
split_gain= 1788.97 954.683 915.204 625.77 197.886 167.356 122.841 97.7723 72.7586 23.1934 27.3969 15.3411 15.0837
threshold= 3.5000000000000004 3.5000000000000004 1.5000000000000002 1.0000000180025095e-35 4.5000000000000009 1.0000000180025095e-35 1.0000000180025095e-35 1.5000000000000002 1.0000000180025095e-35 4.5000000000000009 4.5000000000000009 1.0000000180025095e-35 1.0000000180025095e-35
decision_type= 2 2 2 2 2 2 2 2 2 2 2 2 2
left_child=1 5 4 7 -2 -1 8 -4 -5 12 -11 -9 -3
right_child=2 9 3 6 -6 -7 -8 11 -10 10 -12 -13 -14
leaf_value= 0.18726217829300001 0.18726217829300001 -0.0041963809298885936 0.18726217829300001 -0.0063099339957545537 -0.17677793099633521 -0.17677793099633521 -0.17677793099633521 -0.033574901671692629 0.16833112306567927 0.18726217829300007 -0.17677793099633518 -0.17311844735227278 0.18726217829300001
leaf_weight=14.432910382747648 127.15891733765602 4.2439043670892707 7.7141417562961569 35.162857502698898 16.952329516410828 102.69672083854675 16.952329516410828 8.1559575051069242 75.299371302127838 4.4791790843009931 3.9309749603271484 663.51634049415588 526.80122897028923
leaf_count=58 511 17 31 141 69 418 69 33 302 18 16 2699 2117
model_size=1488
internal_value=0 0.126905 -0.0877309 -0.129201 0.144439 -0.13192 0.0742188 -0.167351 0.112739 0.183103 0.0171068 -0.171424 0.185732
internal_weight=0 656.585 950.912 806.801 144.111 117.13 127.415 679.386 110.462 539.455 8.41015 671.672 531.045
internal_count=6499 2644 3855 3275 580 476 512 2763 443 2168 34 2732 2134
is_linear=0
shrinkage=0.1


Tree=2
num_leaves= 14
num_cat= 0
full_tree_array_lgbids= 0 1 2 5 9 4 3 -1 -7 12 10 -2 -6 8 6 -2147483648 -2147483648 -2147483648 -2147483648 -3 -14 -11 -12 -2147483648 -2147483648 -2147483648 -2147483648 -4 11 7 -8 -2147483648 -2147483648 -2147483648 -2147483648 -2147483648 -2147483648 -2147483648 -2147483648 -2147483648 -2147483648 -2147483648 -2147483648 -2147483648 -2147483648 -2147483648 -2147483648 -2147483648 -2147483648 -2147483648 -2147483648 -2147483648 -2147483648 -2147483648 -2147483648 -2147483648 -2147483648 -10 -13 -5 -9 -2147483648 -2147483648
split_feature= 8 20 19 7 4 10 4 4 13 21 4 17 12
split_gain= 1487.94 792.028 762.325 525.179 164.248 139.896 103.518 82.4516 81.6505 19.0638 22.7545 14.5339 12.6965
threshold= 3.5000000000000004 3.5000000000000004 1.5000000000000002 1.0000000180025095e-35 4.5000000000000009 1.0000000180025095e-35 5.5000000000000009 2.5000000000000004 1.5000000000000002 4.5000000000000009 4.5000000000000009 1.5000000000000002 1.0000000180025095e-35
decision_type= 2 2 2 2 2 2 2 2 2 2 2 2 2
left_child=1 5 4 8 -2 -1 7 -5 -4 12 -11 -10 -3
right_child=2 9 3 6 -6 -7 -8 -9 11 10 -12 -13 -14
leaf_value= 0.17236010255125836 0.17236010255125836 -0.0037773991993575971 0.17236010255125836 0.10294421381851165 -0.16433727988382651 -0.16433727988382651 0.18118277615039513 -0.10472764105395577 -0.16457315402415634 0.17236010255125839 -0.16433727988382651 -0.11735670467610333 0.17236010255125836
leaf_weight=14.127121359109877 124.46481059491634 4.2432112842798224 7.5507027953863135 36.945734888315201 16.43764516711235 99.578777968883514 49.100935265421867 39.979457274079323 576.72646856307983 4.3842790424823743 3.8116278648376465 75.561578646302223 515.63992960751057
leaf_count=58 511 17 31 151 69 418 199 162 2419 18 16 313 2117
model_size=1488
internal_value=0 0.116954 -0.0811593 -0.119572 0.133081 -0.122505 0.0675466 -0.00498672 -0.155311 0.168515 0.015774 -0.159104 0.170922
internal_weight=0 641.785 926.767 785.865 140.902 113.706 126.026 76.9252 659.839 528.079 8.19591 652.288 519.883
internal_count=6499 2644 3855 3275 580 476 512 313 2763 2168 34 2732 2134
is_linear=0
shrinkage=0.1


Tree=3
num_leaves= 14
num_cat= 0
full_tree_array_lgbids= 0 1 2 5 9 4 3 -1 -7 12 10 -2 -6 7 6 -2147483648 -2147483648 -2147483648 -2147483648 -3 -14 -11 -12 -2147483648 -2147483648 -2147483648 -2147483648 -4 11 8 -8 -2147483648 -2147483648 -2147483648 -2147483648 -2147483648 -2147483648 -2147483648 -2147483648 -2147483648 -2147483648 -2147483648 -2147483648 -2147483648 -2147483648 -2147483648 -2147483648 -2147483648 -2147483648 -2147483648 -2147483648 -2147483648 -2147483648 -2147483648 -2147483648 -2147483648 -2147483648 -9 -13 -5 -10 -2147483648 -2147483648
split_feature= 8 20 19 7 4 10 9 13 21 21 1 17 12
split_gain= 1253.76 666.764 642.268 447.005 138.326 118.456 96.661 69.0075 63.6604 15.9095 19.156 13.6025 10.9872
threshold= 3.5000000000000004 3.5000000000000004 1.5000000000000002 1.0000000180025095e-35 4.5000000000000009 1.0000000180025095e-35 1.0000000180025095e-35 1.5000000000000002 1.5000000000000002 4.5000000000000009 1.5000000000000002 1.5000000000000002 1.0000000180025095e-35
decision_type= 2 2 2 2 2 2 2 2 2 2 2 2 2
left_child=1 5 4 7 -2 -1 8 -4 -5 12 -11 -9 -3
right_child=2 9 3 6 -6 -7 -8 11 -10 10 -12 -13 -14
leaf_value= 0.1609037703805144 0.1609037703805144 -0.0034002145451034805 0.1609037703805144 0.17018932750648399 -0.15458733496862687 -0.15458733496862687 -0.16487441731077176 -0.15477454101215909 0.015983426659172861 -0.15458733496862687 0.16090377038051437 -0.10842536392602353 0.1609037703805144
leaf_weight=13.6439371407032 120.20779101550579 4.2425556927919379 7.2924491614103308 56.108075767755508 15.761341184377669 95.481748044490814 16.401857510209084 553.11517265439034 51.771796613931656 3.654803752899169 4.2343253195285797 73.703776583075523 498.00370563566685
leaf_count=58 511 17 31 233 69 418 69 2419 210 16 18 313 2117
model_size=1488
internal_value=0 0.109272 -0.0758624 -0.111755 0.124333 -0.115142 0.0617326 -0.145757 0.0961856 0.157277 0.0147459 -0.149325 0.159516
internal_weight=0 619.261 894.362 758.393 135.969 109.126 124.282 634.111 107.88 510.135 7.88913 626.819 502.246
internal_count=6499 2644 3855 3275 580 476 512 2763 443 2168 34 2732 2134
is_linear=0
shrinkage=0.1


Tree=4
num_leaves= 15
num_cat= 0
full_tree_array_lgbids= 0 1 2 5 10 4 3 -1 -7 12 11 -2 -6 8 6 -2147483648 -2147483648 -2147483648 -2147483648 -3 -14 -12 -13 -2147483648 -2147483648 -2147483648 -2147483648 -4 9 7 13 -2147483648 -2147483648 -2147483648 -2147483648 -2147483648 -2147483648 -2147483648 -2147483648 -2147483648 -2147483648 -2147483648 -2147483648 -2147483648 -2147483648 -2147483648 -2147483648 -2147483648 -2147483648 -2147483648 -2147483648 -2147483648 -2147483648 -2147483648 -2147483648 -2147483648 -2147483648 -10 -11 -5 -9 -8 -15
split_feature= 8 20 19 7 4 10 4 20 13 2 21 1 12 21
split_gain= 1067.53 567.653 546.373 383.941 117.805 101.311 84.8285 69.757 58.8639 13.5809 13.4306 16.2924 9.71192 0.0908062
threshold= 3.5000000000000004 3.5000000000000004 1.5000000000000002 1.0000000180025095e-35 4.5000000000000009 1.0000000180025095e-35 5.5000000000000009 3.5000000000000004 1.5000000000000002 1.0000000180025095e-35 4.5000000000000009 1.5000000000000002 1.0000000180025095e-35 4.5000000000000009
decision_type= 2 2 2 2 2 2 2 2 2 2 2 2 2 2
left_child=1 5 4 8 -2 -1 7 -5 -4 -10 12 -12 -3 -8
right_child=2 10 3 6 -6 -7 13 -9 9 -11 11 -13 -14 -15
leaf_value= 0.15185187516794491 0.15185187516794491 -0.0030606570657631363 0.15185187516794491 0.16843763974126813 -0.14676872362570559 -0.14676872362570559 0.15189455727104995 -0.06200583945744409 -0.0085007760946265824 -0.14312451081224237 -0.14676872362570559 0.15185187516794488 0.15185187516794491 0.17202206274007525
leaf_weight=13.042239397764204 114.90662641823292 4.2419396191835395 6.970852091908454 17.12907537817955 14.980887696146963 90.75378343462944 21.142934262752533 57.680425584316254 7.8039540052413932 589.62542541325092 3.4738290309905997 4.0475915372371674 476.04173801839352 25.555627048015594
leaf_count=58 511 17 31 72 69 418 94 241 33 2699 16 18 2117 105
model_size=1600
internal_value=0 0.103178 -0.071549 -0.10536 0.11741 -0.109246 0.0569204 -0.00924137 -0.137984 -0.141366 0.148378 0.0139315 0.150484 0.162909
internal_weight=0 591.601 855.796 725.908 129.888 103.796 121.508 74.8095 604.4 597.429 487.805 7.52142 480.284 46.6986
internal_count=6499 2644 3855 3275 580 476 512 313 2763 2732 2168 34 2134 199
is_linear=0
shrinkage=0.1


Tree=5
num_leaves= 14
num_cat= 0
full_tree_array_lgbids= 0 1 2 5 10 4 3 -1 -7 12 11 -2 -6 8 6 -2147483648 -2147483648 -2147483648 -2147483648 -3 -14 -12 -13 -2147483648 -2147483648 -2147483648 -2147483648 -4 9 7 -8 -2147483648 -2147483648 -2147483648 -2147483648 -2147483648 -2147483648 -2147483648 -2147483648 -2147483648 -2147483648 -2147483648 -2147483648 -2147483648 -2147483648 -2147483648 -2147483648 -2147483648 -2147483648 -2147483648 -2147483648 -2147483648 -2147483648 -2147483648 -2147483648 -2147483648 -2147483648 -10 -11 -5 -9 -2147483648 -2147483648
split_feature= 8 20 19 7 4 10 9 21 13 17 21 1 12
split_gain= 915.979 487.577 467.863 332.91 101.217 87.3409 73.7116 56.2334 50.5693 14.0082 11.4362 13.9669 8.72946
threshold= 3.5000000000000004 3.5000000000000004 1.5000000000000002 1.0000000180025095e-35 4.5000000000000009 1.0000000180025095e-35 1.0000000180025095e-35 1.5000000000000002 1.5000000000000002 1.5000000000000002 4.5000000000000009 1.5000000000000002 1.0000000180025095e-35
decision_type= 2 2 2 2 2 2 2 2 2 2 2 2 2
left_child=1 5 4 8 -2 -1 7 -5 -4 -10 12 -12 -3
right_child=2 10 3 6 -6 -7 -8 -9 9 -11 11 -13 -14
leaf_value= 0.14454675775689577 0.14454675775689577 -0.0027549883843111991 0.14454675775689577 0.15587340468988417 -0.14038449805642142 -0.14038449805642142 -0.15176394038718366 0.0077667688343641744 -0.1406633157871611 -0.091813705212056368 -0.14038449805642142 0.14454675775689574 0.14454675775689577
leaf_weight=12.365946739912031 108.9482548981905 4.2413643300533286 6.6093853265047064 52.56430558860302 14.139219447970389 85.654981583356857 15.435059905052183 50.718427196145058 497.13803884387016 68.659254774451256 3.2786595821380606 3.8377076089382172 451.35705600678921
leaf_count=58 511 17 31 233 69 418 69 210 2419 313 16 18 2117
model_size=1488
internal_value=0 0.098242 -0.0678811 -0.0998847 0.111816 -0.104439 0.0526021 0.0831436 -0.131511 -0.134735 0.141178 0.013273 0.143175
internal_weight=0 560.736 814.212 691.124 123.087 98.0209 118.718 103.283 572.407 565.797 462.715 7.11637 455.598
internal_count=6499 2644 3855 3275 580 476 512 443 2763 2732 2168 34 2134
is_linear=0
shrinkage=0.1


Tree=6
num_leaves= 15
num_cat= 0
full_tree_array_lgbids= 0 1 2 5 10 4 3 -1 -7 12 11 -2 -6 8 6 -2147483648 -2147483648 -2147483648 -2147483648 -3 -14 -12 -13 -2147483648 -2147483648 -2147483648 -2147483648 -4 9 7 13 -2147483648 -2147483648 -2147483648 -2147483648 -2147483648 -2147483648 -2147483648 -2147483648 -2147483648 -2147483648 -2147483648 -2147483648 -2147483648 -2147483648 -2147483648 -2147483648 -2147483648 -2147483648 -2147483648 -2147483648 -2147483648 -2147483648 -2147483648 -2147483648 -2147483648 -2147483648 -10 -11 -5 -9 -8 -15
split_feature= 8 20 19 7 4 10 4 21 13 17 21 1 12 21
split_gain= 791.305 421.797 403.179 290.198 87.5846 75.7858 71.7301 63.6504 43.699 13.9643 9.80448 12.0495 7.95514 0.120458
threshold= 3.5000000000000004 3.5000000000000004 1.5000000000000002 1.0000000180025095e-35 4.5000000000000009 1.0000000180025095e-35 5.5000000000000009 1.5000000000000002 1.5000000000000002 1.5000000000000002 4.5000000000000009 1.5000000000000002 1.0000000180025095e-35 4.5000000000000009
decision_type= 2 2 2 2 2 2 2 2 2 2 2 2 2 2
left_child=1 5 4 8 -2 -1 7 -5 -4 -10 12 -12 -3 -8
right_child=2 10 3 6 -6 -7 13 -9 9 -11 11 -13 -14 -15
leaf_value= 0.13855140791954978 0.13855140791954978 -0.0024798143532451006 0.13855140791954978 0.058591056227841935 -0.13509509769210032 -0.13509509769210032 0.13814696386541667 -0.13778468532735991 -0.13532756085405009 -0.085618383975310797 -0.13509509769210032 0.13855140791954976 0.13855140791954978 0.16017059452808038
leaf_weight=11.647865027189253 102.62170739471912 4.2408298254013053 6.2255830317735663 45.807391732931137 13.268332377076147 80.379172950983047 18.789062142372131 26.05477286875248 466.63462096452713 66.385105296969414 3.0767147541046134 3.6148546636104584 425.1470734924078 24.626801759004593
leaf_count=58 511 17 31 208 69 418 94 105 2419 313 16 18 2117 105
model_size=1600
internal_value=0 0.0941749 -0.0647831 -0.0952382 0.107221 -0.10046 0.048874 -0.0126081 -0.126046 -0.129137 0.135249 0.0127316 0.137159 0.150639
internal_weight=0 528.107 770.413 654.523 115.89 92.027 115.278 71.8622 539.245 533.02 436.079 6.69157 429.388 43.4159
internal_count=6499 2644 3855 3275 580 476 512 313 2763 2732 2168 34 2134 199
is_linear=0
shrinkage=0.1


Tree=7
num_leaves= 14
num_cat= 0
full_tree_array_lgbids= 0 1 2 5 10 4 3 -1 -7 12 11 -2 -6 8 6 -2147483648 -2147483648 -2147483648 -2147483648 -3 -14 -12 -13 -2147483648 -2147483648 -2147483648 -2147483648 -4 9 7 -8 -2147483648 -2147483648 -2147483648 -2147483648 -2147483648 -2147483648 -2147483648 -2147483648 -2147483648 -2147483648 -2147483648 -2147483648 -2147483648 -2147483648 -2147483648 -2147483648 -2147483648 -2147483648 -2147483648 -2147483648 -2147483648 -2147483648 -2147483648 -2147483648 -2147483648 -2147483648 -10 -11 -5 -9 -2147483648 -2147483648
split_feature= 8 20 19 7 4 10 9 21 13 17 21 1 12
split_gain= 686.892 367.027 348.7 254.878 76.2291 66.1089 63.4524 45.879 37.936 14.097 8.44844 10.4464 7.33076
threshold= 3.5000000000000004 3.5000000000000004 1.5000000000000002 1.0000000180025095e-35 4.5000000000000009 1.0000000180025095e-35 1.0000000180025095e-35 1.5000000000000002 1.5000000000000002 1.5000000000000002 4.5000000000000009 1.5000000000000002 1.0000000180025095e-35
decision_type= 2 2 2 2 2 2 2 2 2 2 2 2 2
left_child=1 5 4 8 -2 -1 7 -5 -4 -10 12 -12 -3
right_child=2 10 3 6 -6 -7 -8 -9 9 -11 11 -13 -14
leaf_value= 0.13356356395996258 0.13356356395996258 -0.0022321090491633213 0.13356356395996258 0.14443344513011924 -0.13066022980921915 -0.13066022980921915 -0.14717946533552156 0.0066112702079299569 -0.13085614071704596 -0.079920924595238807 -0.13066022980921915 0.13356356395996252 0.13356356395996258
leaf_weight=10.912395119667051 96.14196389913559 4.240334838628768 5.8324870467185965 48.197769805788994 12.391892105340956 75.069723188877106 14.953728735446928 49.282775044441223 435.90234760940075 64.125797122716904 2.8734822273254386 3.3866053819656372 398.30242186784744
leaf_count=58 511 17 31 233 69 418 69 210 2419 313 16 18 2117
model_size=1488
internal_value=0 0.0907768 -0.0620204 -0.0910572 0.103396 -0.0971263 0.0452381 0.0747553 -0.121351 -0.124324 0.130298 0.0122805 0.132133
internal_weight=0 494.785 726.829 618.295 108.534 85.9821 112.434 97.4805 505.861 500.028 408.803 6.26009 402.543
internal_count=6499 2644 3855 3275 580 476 512 443 2763 2732 2168 34 2134
is_linear=0
shrinkage=0.1


Tree=8
num_leaves= 15
num_cat= 0
full_tree_array_lgbids= 0 1 2 6 10 4 3 -1 -8 12 11 -2 -6 8 5 -2147483648 -2147483648 -2147483648 -2147483648 -3 -14 -12 -13 -2147483648 -2147483648 -2147483648 -2147483648 -4 9 7 13 -2147483648 -2147483648 -2147483648 -2147483648 -2147483648 -2147483648 -2147483648 -2147483648 -2147483648 -2147483648 -2147483648 -2147483648 -2147483648 -2147483648 -2147483648 -2147483648 -2147483648 -2147483648 -2147483648 -2147483648 -2147483648 -2147483648 -2147483648 -2147483648 -2147483648 -2147483648 -10 -11 -5 -9 -7 -15
split_feature= 8 20 19 7 4 4 10 20 13 17 21 1 12 21
split_gain= 599.102 320.918 303.008 224.449 66.6665 61.8225 57.9236 50.5668 33.056 14.3552 7.30978 9.09324 6.8203 0.0579273
threshold= 3.5000000000000004 3.5000000000000004 1.5000000000000002 1.0000000180025095e-35 4.5000000000000009 5.5000000000000009 1.0000000180025095e-35 3.5000000000000004 1.5000000000000002 1.5000000000000002 4.5000000000000009 1.5000000000000002 1.0000000180025095e-35 4.5000000000000009
decision_type= 2 2 2 2 2 2 2 2 2 2 2 2 2 2
left_child=1 6 4 8 -2 7 -1 -5 -4 -10 12 -12 -3 -7
right_child=2 10 3 5 -6 13 -8 -9 9 -11 11 -13 -14 -15
leaf_value= 0.12936717161346731 0.12936717161346731 -0.0020091349345018731 0.12936717161346731 0.14937945011338075 -0.12690484179902931 0.12875655535664568 -0.12690484179902931 -0.060162667894218071 -0.1270714533943762 -0.074634516098928003 -0.12690484179902931 0.12936717161346728 0.12936717161346731 0.1509274377859065
leaf_weight=10.177520692348478 89.667466789484024 4.2398781031370154 5.4397093355655661 14.779783844947813 11.527180284261702 16.305194407701492 69.83132404088974 54.157596006989479 405.55648639798164 61.918499350547791 2.6729693412780753 3.1585409045219421 371.47950527071953 23.474952131509781
leaf_count=58 511 17 31 72 69 94 418 241 2419 313 16 18 2117 105
model_size=1600
internal_value=0 0.0879038 -0.0596389 -0.087444 0.100175 0.0422374 -0.0943058 -0.015238 -0.117256 -0.120126 0.126112 0.0119006 0.127885 0.14184
internal_weight=0 461.56 682.827 581.632 101.195 108.718 80.0088 68.9374 472.915 467.475 381.551 5.83151 375.719 39.7801
internal_count=6499 2644 3855 3275 580 512 476 313 2763 2732 2168 34 2134 199
is_linear=0
shrinkage=0.1


Tree=9
num_leaves= 14
num_cat= 0
full_tree_array_lgbids= 0 1 2 6 10 4 3 -1 -8 12 11 -2 -6 8 5 -2147483648 -2147483648 -2147483648 -2147483648 -3 -14 -12 -13 -2147483648 -2147483648 -2147483648 -2147483648 -4 9 7 -7 -2147483648 -2147483648 -2147483648 -2147483648 -2147483648 -2147483648 -2147483648 -2147483648 -2147483648 -2147483648 -2147483648 -2147483648 -2147483648 -2147483648 -2147483648 -2147483648 -2147483648 -2147483648 -2147483648 -2147483648 -2147483648 -2147483648 -2147483648 -2147483648 -2147483648 -2147483648 -10 -11 -5 -9 -2147483648 -2147483648
split_feature= 8 20 19 7 4 4 10 21 13 17 21 1 12
split_gain= 524.211 281.738 263.952 198.773 58.5372 53.914 50.9391 49.3162 28.8878 14.6993 6.3425 7.93899 6.3953
threshold= 3.5000000000000004 3.5000000000000004 1.5000000000000002 1.0000000180025095e-35 4.5000000000000009 5.5000000000000009 1.0000000180025095e-35 1.5000000000000002 1.5000000000000002 1.5000000000000002 4.5000000000000009 1.5000000000000002 1.0000000180025095e-35
decision_type= 2 2 2 2 2 2 2 2 2 2 2 2 2
left_child=1 6 4 8 -2 7 -1 -5 -4 -10 12 -12 -3
right_child=2 10 3 5 -6 -7 -8 -9 9 -11 11 -13 -14
leaf_value= 0.12580350276737742 0.12580350276737742 -0.001808403393882229 0.12580350276737742 0.052624633775649236 -0.12369825373571018 0.1362950937586444 -0.12369825373571018 -0.12409224502029736 -0.12384102792537373 -0.069695256537692304 -0.12369825373571018 0.1258035027673774 0.12580350276737742
leaf_weight=9.456299960613249 83.313263446092606 4.2394580990076056 5.0542292892932883 42.345962822437286 10.686567977070807 37.380575329065323 64.738919049501419 25.531106531620026 376.03802298009396 59.789458870887756 2.4780447483062735 2.9347137808799744 345.15494856238365
leaf_count=58 511 17 31 208 69 199 418 105 2419 313 16 18 2117
model_size=1488
internal_value=0 0.08545 -0.0574655 -0.0841271 0.0974384 0.0394747 -0.0918989 -0.0138452 -0.113636 -0.116413 0.122536 0.0115777 0.124255
internal_weight=0 429.002 640.139 546.139 93.9998 105.258 74.1952 67.8771 440.882 435.827 354.807 5.41276 349.394
internal_count=6499 2644 3855 3275 580 512 476 313 2763 2732 2168 34 2134
is_linear=0
shrinkage=0.1


Tree=10
num_leaves= 14
num_cat= 0
full_tree_array_lgbids= 0 1 2 6 10 4 3 -1 -8 12 11 -2 -6 8 5 -2147483648 -2147483648 -2147483648 -2147483648 -3 -14 -12 -13 -2147483648 -2147483648 -2147483648 -2147483648 -4 9 7 -7 -2147483648 -2147483648 -2147483648 -2147483648 -2147483648 -2147483648 -2147483648 -2147483648 -2147483648 -2147483648 -2147483648 -2147483648 -2147483648 -2147483648 -2147483648 -2147483648 -2147483648 -2147483648 -2147483648 -2147483648 -2147483648 -2147483648 -2147483648 -2147483648 -2147483648 -2147483648 -10 -11 -5 -9 -2147483648 -2147483648
split_feature= 8 20 19 7 4 9 10 2 13 17 21 1 12
split_gain= 460.045 248.187 230.446 176.56 51.5742 50.8425 44.9375 40.5268 25.3048 15.102 5.5156 6.94758 6.03771
threshold= 3.5000000000000004 3.5000000000000004 1.5000000000000002 1.0000000180025095e-35 4.5000000000000009 1.0000000180025095e-35 1.0000000180025095e-35 4.5000000000000009 1.5000000000000002 1.5000000000000002 4.5000000000000009 1.5000000000000002 1.0000000180025095e-35
decision_type= 2 2 2 2 2 2 2 2 2 2 2 2 2
left_child=1 6 4 8 -2 7 -1 -5 -4 -10 12 -12 -3
right_child=2 10 3 5 -6 -7 -8 -9 9 -11 11 -13 -14
leaf_value= 0.12275322415096231 0.12275322415096231 -0.0016277265246940941 0.12275322415096231 0.0039105604919757869 -0.12094088198253522 -0.14044466666186881 -0.12094088198253522 0.14119877901536315 -0.12106403128581611 -0.065055888989746208 -0.12094088198253522 0.12275322415096229 0.12275322415096231
leaf_weight=8.7580039203166944 77.161034539341927 4.2390727996826163 4.6810020953416815 48.7164256721735 9.8786517977714521 14.071231901645659 59.844586253166199 39.233535185456276 347.65392431616783 57.75649705529213 2.2907018661499015 2.7180012166500092 319.66714309155941
leaf_count=58 511 17 31 237 69 69 418 206 2419 313 16 18 2117
model_size=1488
internal_value=0 0.0833354 -0.0554786 -0.0810704 0.0950949 0.0367963 -0.0898302 0.0651534 -0.110393 -0.113085 0.119453 0.0113011 0.121125
internal_weight=0 397.518 599.152 512.113 87.0397 102.021 68.6026 87.95 410.091 405.41 328.915 5.0087 323.906
internal_count=6499 2644 3855 3275 580 512 476 443 2763 2732 2168 34 2134
is_linear=0
shrinkage=0.1


Tree=11
num_leaves= 14
num_cat= 0
full_tree_array_lgbids= 0 1 2 7 10 5 3 -1 -9 12 11 -2 -7 8 4 -2147483648 -2147483648 -2147483648 -2147483648 -3 -14 -12 -13 -2147483648 -2147483648 -2147483648 -2147483648 -4 9 6 -6 -2147483648 -2147483648 -2147483648 -2147483648 -2147483648 -2147483648 -2147483648 -2147483648 -2147483648 -2147483648 -2147483648 -2147483648 -2147483648 -2147483648 -2147483648 -2147483648 -2147483648 -2147483648 -2147483648 -2147483648 -2147483648 -2147483648 -2147483648 -2147483648 -2147483648 -2147483648 -10 -11 -5 -8 -2147483648 -2147483648
split_feature= 8 20 19 7 4 4 21 10 19 19 21 1 12
split_gain= 404.795 219.262 201.649 157.122 45.7729 45.5687 41.5258 39.7469 22.9027 173.593 4.80196 6.08945 5.73256
threshold= 3.5000000000000004 3.5000000000000004 1.5000000000000002 1.0000000180025095e-35 5.5000000000000009 4.5000000000000009 1.5000000000000002 1.0000000180025095e-35 4.5000000000000009 6.5000000000000009 4.5000000000000009 1.5000000000000002 1.0000000180025095e-35
decision_type= 2 2 2 2 2 2 2 2 2 2 2 2 2
left_child=1 7 5 8 6 -2 -5 -1 -4 -10 12 -12 -3
right_child=2 10 3 4 -6 -7 -8 -9 9 -11 11 -13 -14
leaf_value= 0.120124818310304 0.120124818310304 -0.0014650731409505684 -0.11866224577950012 0.048649620459440684 0.12972290223429817 -0.11855542649094364 -0.11642807421289199 -0.11855542649094364 0.41229220907506198 -0.11052500842920901 -0.11855542649094364 0.12012481831030396 0.120124818310304
leaf_weight=8.0889927148818952 71.26681512594223 4.2387201786041251 315.96950435638428 40.089665129780769 33.543226882815361 9.1091340333223325 25.008663684129715 55.18286994099617 7.1578689962625495 57.635339587926865 2.1122629642486563 2.510377049446106 295.24823409318924
leaf_count=58 511 17 2384 208 199 69 105 418 39 340 16 18 2117
model_size=1488
internal_value=0 0.0814985 -0.053667 -0.0782694 0.0343665 0.0930748 -0.0147679 -0.0880413 -0.107449 -0.0527681 0.116772 0.0110626 0.118404
internal_weight=0 367.381 559.78 479.404 98.6416 80.3759 65.0983 63.2719 380.763 64.7932 304.11 4.62264 299.487
internal_count=6499 2644 3855 3275 512 580 313 476 2763 379 2168 34 2134
is_linear=0
shrinkage=0.1


Tree=12
num_leaves= 14
num_cat= 0
full_tree_array_lgbids= 0 1 2 7 10 5 3 -1 -9 11 12 -2 -7 8 4 -2147483648 -2147483648 -2147483648 -2147483648 -3 -13 -12 -14 -2147483648 -2147483648 -2147483648 -2147483648 -4 9 6 -6 -2147483648 -2147483648 -2147483648 -2147483648 -2147483648 -2147483648 -2147483648 -2147483648 -2147483648 -2147483648 -2147483648 -2147483648 -2147483648 -2147483648 -2147483648 -2147483648 -2147483648 -2147483648 -2147483648 -2147483648 -2147483648 -2147483648 -2147483648 -2147483648 -2147483648 -2147483648 -10 -11 -5 -8 -2147483648 -2147483648
split_feature= 8 20 19 7 9 4 21 10 13 17 21 12 1
split_gain= 357.017 194.183 176.583 139.928 44.5135 40.3581 36.1103 35.2325 23.8073 14.8911 4.18105 5.4713 5.34415
threshold= 3.5000000000000004 3.5000000000000004 1.5000000000000002 1.0000000180025095e-35 1.0000000180025095e-35 4.5000000000000009 1.5000000000000002 1.0000000180025095e-35 1.5000000000000002 1.5000000000000002 4.5000000000000009 1.0000000180025095e-35 1.5000000000000002
decision_type= 2 2 2 2 2 2 2 2 2 2 2 2 2
left_child=1 7 5 8 6 -2 -5 -1 -4 -10 11 -3 -12
right_child=2 10 3 4 -6 -7 -8 -9 9 -11 12 -13 -14
leaf_value= 0.11784687452276783 0.11784687452276783 -0.0013186816803016483 0.12247668672957264 0.13109533137272525 -0.13691175688654447 -0.11648097729749039 -0.0028149578483893179 -0.11648097729749039 -0.11657606371856746 -0.058738019693323346 -0.11648097729749039 0.11784687452276783 0.11784687452276779
leaf_weight=7.4533958137035361 65.666987255215645 4.2383979558944693 4.6450154334306708 38.413420327007771 13.509594589471815 8.3815043270587903 43.462530463933945 50.774910271167755 295.05173895508051 54.320438086986542 1.9435372352600087 272.0489472001791 2.3131228387355804
leaf_count=58 511 17 31 233 69 69 210 418 2419 313 16 2117 18
model_size=1488
internal_value=0 0.0798908 -0.0519466 -0.0755534 0.0321207 0.0913234 0.0600112 -0.0864863 -0.104565 -0.107583 0.114423 0.116019 0.0108557
internal_weight=0 338.772 523.451 449.403 95.3855 74.0485 81.876 58.2283 354.017 349.372 280.544 276.287 4.25666
internal_count=6499 2644 3855 3275 512 580 443 476 2763 2732 2168 2134 34
is_linear=0
shrinkage=0.1


Tree=13
num_leaves= 13
num_cat= 0
full_tree_array_lgbids= 0 1 2 7 9 6 3 -1 -9 10 11 -2 -8 4 -5 -2147483648 -2147483648 -2147483648 -2147483648 -3 -12 -11 -13 -2147483648 -2147483648 -2147483648 -2147483648 8 5 -2147483648 -2147483648 -2147483648 -2147483648 -2147483648 -2147483648 -2147483648 -2147483648 -2147483648 -2147483648 -2147483648 -2147483648 -2147483648 -2147483648 -2147483648 -2147483648 -2147483648 -2147483648 -2147483648 -2147483648 -2147483648 -2147483648 -2147483648 -2147483648 -2147483648 -2147483648 -4 -10 -6 -7 -2147483648 -2147483648 -2147483648 -2147483648
split_feature= 8 20 19 4 7 20 4 10 19 12 1 21
split_gain= 315.377 172.335 155.027 127.788 37.5696 37.1571 35.8185 31.2914 22.7612 3.92492 17.0586 5.41258
threshold= 3.5000000000000004 3.5000000000000004 1.5000000000000002 5.5000000000000009 1.0000000180025095e-35 3.5000000000000004 4.5000000000000009 1.0000000180025095e-35 4.5000000000000009 1.0000000180025095e-35 2.5000000000000004 4.5000000000000009
decision_type= 2 2 2 2 2 2 2 2 2 2 2 2
left_child=1 7 6 4 8 -6 -2 -1 -4 10 -3 -11
right_child=2 9 3 -5 5 -7 -8 -9 -10 11 -12 -13
leaf_value= 0.11586288176687953 0.11586288176687953 0.17802489741405325 -0.11475032159957954 0.12572895180941676 0.14124848353623176 -0.055126960658868476 -0.11466884050498732 -0.11466884050498732 -0.046283396784498471 0.11586288176687953 -0.18995054229893427 -0.028597349999901392
leaf_weight=6.8536426723003379 60.382955268025398 3.0578982084989539 267.05445635318756 30.106722615659237 12.147389620542524 49.553864240646362 7.6975774168968192 46.631700873374939 60.832920469343662 250.15795753896236 2.2437021732330322 2.8484417647123328
leaf_count=58 511 17 2384 199 72 241 69 418 379 2117 9 25
model_size=1376
internal_value=0 0.0784739 -0.0503865 -0.0731264 -0.0884936 -0.0164657 0.0897976 -0.0851284 -0.102048 0.112349 0.0222932 0.114236
internal_weight=0 311.793 487.776 419.695 389.589 61.7013 68.0805 53.4853 327.887 258.308 5.3016 253.006
internal_count=6499 2644 3855 3275 3076 313 580 476 2763 2168 26 2142
is_linear=0
shrinkage=0.1


Tree=14
num_leaves= 13
num_cat= 0
full_tree_array_lgbids= 0 1 2 7 8 6 3 -1 -9 9 10 -2 -8 4 -5 -2147483648 -2147483648 -2147483648 -2147483648 -3 -11 -10 11 -2147483648 -2147483648 -2147483648 -2147483648 5 -6 -2147483648 -2147483648 -2147483648 -2147483648 -2147483648 -2147483648 -2147483648 -2147483648 -2147483648 -2147483648 -2147483648 -2147483648 -2147483648 -2147483648 -2147483648 -2147483648 -12 -13 -2147483648 -2147483648 -2147483648 -2147483648 -2147483648 -2147483648 -2147483648 -2147483648 -4 -7 -2147483648 -2147483648 -2147483648 -2147483648 -2147483648 -2147483648
split_feature= 8 20 19 4 9 21 4 10 12 1 21 1
split_gain= 278.584 153.136 135.926 111.677 37.4301 107.058 31.8439 27.8345 3.72982 14.2288 5.00937 3.08352
threshold= 3.5000000000000004 3.5000000000000004 1.5000000000000002 5.5000000000000009 1.0000000180025095e-35 1.0000000180025095e-35 4.5000000000000009 1.0000000180025095e-35 1.0000000180025095e-35 2.5000000000000004 4.5000000000000009 1.5000000000000002
decision_type= 2 2 2 2 2 2 2 2 2 2 2 2
left_child=1 7 6 4 5 -4 -2 -1 9 -3 -10 -12
right_child=2 8 3 -5 -6 -7 -8 -9 10 -11 11 -13
leaf_value= 0.11412744279391081 0.11412744279391081 0.16767966274750057 0.12230036339428607 0.12277296147084933 -0.11420100500846049 -0.087962218733184577 -0.11307963800542431 -0.11307963800542431 0.11412744279391081 -0.17438910279418715 -0.11425529309140828 0.11632307232894823
leaf_weight=6.2908793091773978 55.424815982580185 2.9285820424556723 29.795639634132385 27.863619118928909 202.71625244617462 132.42865616828203 7.0579090341925612 42.756608352065086 229.61709478497505 2.2014718651771545 1.7472034692764273 1.0857069119811058
leaf_count=58 511 17 177 199 1923 976 69 418 2117 9 16 9
model_size=1376
internal_value=0 0.077182 -0.0487754 -0.0706057 -0.0853703 -0.0493434 0.0884626 -0.0839378 0.110445 0.0208869 0.112421 -0.0258866
internal_weight=0 286.628 455.287 392.804 364.941 162.224 62.4827 49.0475 237.58 5.13005 232.45 2.83291
internal_count=6499 2644 3855 3275 3076 1153 580 476 2168 26 2142 25
is_linear=0
shrinkage=0.1


Tree=15
num_leaves= 13
num_cat= 0
full_tree_array_lgbids= 0 1 2 7 8 6 3 -1 -9 9 10 -2 -8 4 -5 -2147483648 -2147483648 -2147483648 -2147483648 -3 -11 -10 11 -2147483648 -2147483648 -2147483648 -2147483648 5 -6 -2147483648 -2147483648 -2147483648 -2147483648 -2147483648 -2147483648 -2147483648 -2147483648 -2147483648 -2147483648 -2147483648 -2147483648 -2147483648 -2147483648 -2147483648 -2147483648 -12 -13 -2147483648 -2147483648 -2147483648 -2147483648 -2147483648 -2147483648 -2147483648 -2147483648 -4 -7 -2147483648 -2147483648 -2147483648 -2147483648 -2147483648 -2147483648
split_feature= 8 20 19 4 9 10 4 10 12 1 21 1
split_gain= 247.099 136.436 119.897 98.234 35.7307 96.3405 28.3517 24.7924 3.51167 11.9879 4.41074 2.68673
threshold= 3.5000000000000004 3.5000000000000004 1.5000000000000002 5.5000000000000009 1.0000000180025095e-35 1.0000000180025095e-35 4.5000000000000009 1.0000000180025095e-35 1.0000000180025095e-35 2.5000000000000004 4.5000000000000009 1.5000000000000002
decision_type= 2 2 2 2 2 2 2 2 2 2 2 2
left_child=1 7 6 4 5 -4 -2 -1 9 -3 -10 -12
right_child=2 8 3 -5 -6 -7 -8 -9 10 -11 11 -13
leaf_value= 0.11260371998545887 0.11260371998545887 0.15892116779204271 0.083478909876926771 0.12020820577945993 -0.11269202362360585 -0.095367642811941988 -0.11168115789146256 -0.11168115789146256 0.11260371998545887 -0.16248460918731719 -0.11271615625474785 0.11453059436226405
leaf_weight=5.7652898132801047 50.794191285967827 2.7882375642657271 41.476647675037384 25.72217071056366 185.75520952045918 112.05271556228399 6.4621228650212279 39.147353008389473 210.43307818472385 2.1300564408302307 1.6014131307601922 0.99697165936231602
leaf_count=58 511 17 236 199 1923 917 69 418 2117 9 16 9
model_size=1376
internal_value=0 0.0760984 -0.0475224 -0.0686697 -0.0829891 -0.0470514 0.0872902 -0.0828904 0.108861 0.019724 0.110919 -0.0255241
internal_weight=0 262.862 422.263 365.007 339.285 153.529 57.2563 44.9126 217.95 4.91829 213.031 2.59838
internal_count=6499 2644 3855 3275 3076 1153 580 476 2168 26 2142 25
is_linear=0
shrinkage=0.1


Tree=16
num_leaves= 16
num_cat= 0
full_tree_array_lgbids= 0 1 2 9 10 6 3 -1 -11 11 12 -2 -8 7 4 -2147483648 -2147483648 -2147483648 -2147483648 -3 -13 -12 13 -2147483648 -2147483648 -2147483648 -2147483648 -4 8 14 5 -2147483648 -2147483648 -2147483648 -2147483648 -2147483648 -2147483648 -2147483648 -2147483648 -2147483648 -2147483648 -2147483648 -2147483648 -2147483648 -2147483648 -14 -15 -2147483648 -2147483648 -2147483648 -2147483648 -2147483648 -2147483648 -2147483648 -2147483648 -2147483648 -2147483648 -9 -10 -5 -16 -6 -7
split_feature= 8 20 19 7 20 4 4 19 19 10 12 1 21 1 19
split_gain= 219.105 121.747 105.42 87.0662 30.7617 26.4618 25.2743 25.0561 128.066 22.1079 3.27504 10.1779 3.88167 2.33666 0.786848
threshold= 3.5000000000000004 3.5000000000000004 1.5000000000000002 1.0000000180025095e-35 3.5000000000000004 5.5000000000000009 4.5000000000000009 4.5000000000000009 6.5000000000000009 1.0000000180025095e-35 1.0000000180025095e-35 2.5000000000000004 4.5000000000000009 1.5000000000000002 6.5000000000000009
decision_type= 2 2 2 2 2 2 2 2 2 2 2 2 2 2 2
left_child=1 9 6 7 14 -6 -2 -4 -9 -1 11 -3 -12 -14 -5
right_child=2 10 3 4 5 -7 -8 8 -10 -11 12 -13 13 -15 -16
leaf_value= 0.11126147420147421 0.11126147420147421 0.1514745488932869 -0.11058821432602062 0.117346467681614 -0.04831579042974482 0.11782696802001025 -0.11044680992112868 0.33115686426482083 -0.097967503961093369 -0.11044680992112868 0.11126147420147421 -0.15311374537038583 -0.11136066726921245 0.1129581580396303 0.18376226425910558
leaf_weight=5.2763521671295157 46.48648202419281 2.640416905283927 206.34436036646366 18.123356804251674 45.793310284614563 12.413519985973833 5.9091660529375067 8.2080924957990629 46.717048853635788 35.797556668519974 192.58685410022736 2.0390181094408035 1.4657505750656121 0.91400932520627964 3.464446783065795
leaf_count=58 511 17 2384 152 241 105 69 39 340 418 2117 9 16 9 14
model_size=1712
internal_value=0 0.0751437 -0.0461162 -0.066452 0.0252329 -0.0128832 0.0862573 -0.0944536 -0.0338385 -0.0819662 0.107467 0.0187532 0.109596 -0.0252051 0.128005
internal_weight=0 240.72 393.46 341.064 79.7946 58.2068 52.3956 261.27 54.9251 41.0739 199.646 4.67944 194.967 2.37976 21.5878
internal_count=6499 2644 3855 3275 512 346 580 2763 379 476 2168 26 2142 25 166
is_linear=0
shrinkage=0.1


Tree=17
num_leaves= 14
num_cat= 0
full_tree_array_lgbids= 0 1 2 7 8 3 4 -1 -9 9 10 -2 -5 5 -6 -2147483648 -2147483648 -2147483648 -2147483648 -3 -11 -10 11 -2147483648 -2147483648 -2147483648 -2147483648 12 6 -2147483648 -2147483648 -2147483648 -2147483648 -2147483648 -2147483648 -2147483648 -2147483648 -2147483648 -2147483648 -2147483648 -2147483648 -2147483648 -2147483648 -2147483648 -2147483648 -12 -13 -2147483648 -2147483648 -2147483648 -2147483648 -2147483648 -2147483648 -2147483648 -2147483648 -4 -14 -7 -8 -2147483648 -2147483648 -2147483648 -2147483648
split_feature= 8 20 4 4 4 19 19 10 12 1 21 1 21
split_gain= 194.587 108.784 93.3116 88.9017 83.1746 37.0792 89.1516 19.7288 3.02598 8.68868 3.40781 2.02186 0.502983
threshold= 3.5000000000000004 3.5000000000000004 2.5000000000000004 1.0000000180025095e-35 5.5000000000000009 4.5000000000000009 5.5000000000000009 1.0000000180025095e-35 1.0000000180025095e-35 2.5000000000000004 4.5000000000000009 1.5000000000000002 4.5000000000000009
decision_type= 2 2 2 2 2 2 2 2 2 2 2 2 2
left_child=1 7 3 -2 5 12 -7 -1 9 -3 -10 -12 -4
right_child=2 8 4 -5 -6 6 -8 -9 10 -11 11 -13 -14
leaf_value= 0.1100756958889617 -0.11342401949923553 0.14511605384181478 -0.10959298444261607 0.11441850903023937 0.11602003421343068 0.26638297284350937 -0.068961073135175119 -0.10935442392955622 0.1100756958889617 -0.14557328904845077 -0.11016343609928402 0.11157407759859686 -0.14048955400640828
leaf_weight=4.8230335712432852 24.266393475234509 2.4883524775505057 177.68937153369188 59.342627450823784 21.78720685839653 9.1233229637145978 63.23739879578352 32.697951048612595 176.04072535037994 1.9354837685823438 1.3399403095245355 0.83676237612962712 11.282818540930746
leaf_count=58 264 17 2241 627 199 39 430 418 2117 9 16 9 55
model_size=1488
internal_value=0 0.0743004 -0.0447851 0.0482903 -0.0722714 -0.0879692 -0.0266805 -0.0811484 0.106235 0.0179358 0.108427 -0.0249237 -0.111438
internal_weight=0 220.162 366.729 83.609 283.12 261.333 72.3607 37.521 182.641 4.42384 178.217 2.1767 188.972
internal_count=6499 2644 3855 891 2964 2765 469 476 2168 26 2142 25 2296
is_linear=0
shrinkage=0.1


Tree=18
num_leaves= 14
num_cat= 0
full_tree_array_lgbids= 0 1 2 7 8 3 4 -1 -9 9 10 -2 -5 5 -6 -2147483648 -2147483648 -2147483648 -2147483648 -3 -11 -10 11 -2147483648 -2147483648 -2147483648 -2147483648 12 6 -2147483648 -2147483648 -2147483648 -2147483648 -2147483648 -2147483648 -2147483648 -2147483648 -2147483648 -2147483648 -2147483648 -2147483648 -2147483648 -2147483648 -2147483648 -2147483648 -12 -13 -2147483648 -2147483648 -2147483648 -2147483648 -2147483648 -2147483648 -2147483648 -2147483648 -4 -14 -7 -8 -2147483648 -2147483648 -2147483648 -2147483648
split_feature= 8 20 4 4 4 19 19 10 12 1 21 4 21
split_gain= 173.151 97.3143 81.8904 79.3083 73.0962 36.3423 69.9685 17.6156 2.77279 7.45319 2.98805 1.7437 0.178971
threshold= 3.5000000000000004 3.5000000000000004 2.5000000000000004 1.0000000180025095e-35 5.5000000000000009 4.5000000000000009 5.5000000000000009 1.0000000180025095e-35 1.0000000180025095e-35 2.5000000000000004 4.5000000000000009 4.5000000000000009 4.5000000000000009
decision_type= 2 2 2 2 2 2 2 2 2 2 2 2 2
left_child=1 7 3 -2 5 12 -7 -1 9 -3 -10 -12 -4
right_child=2 8 4 -5 -6 6 -8 -9 10 -11 11 -13 -14
leaf_value= 0.10902547451640709 -0.11204609184671321 0.13966310377231403 -0.1085996601434403 0.11295551822958089 0.11429873467477325 0.22772811826030781 -0.06397280225430009 -0.10838542814819269 0.10902547451640709 -0.13939932361878057 0.11035214070974342 -0.10910325544238059 -0.13518269595956758
leaf_weight=4.4039455801248542 22.213320732116699 2.33487445116043 162.17528975754976 54.355226494371891 19.995496988296509 9.5754143893718702 61.448100343346596 29.837296485900879 160.74401367455721 1.8247776031494138 0.76508764922618744 1.2236058712005615 10.588869228959082
leaf_count=58 264 17 2241 627 199 39 430 418 2117 9 9 16 55
model_size=1488
internal_value=0 0.0735534 -0.0436541 0.0476802 -0.0701658 -0.0852957 -0.0246456 -0.0804231 0.105145 0.0172426 0.107392 -0.0246747 -0.110229
internal_weight=0 201.134 340.352 76.5685 263.783 243.788 71.0235 34.2412 166.892 4.15965 162.733 1.98869 172.764
internal_count=6499 2644 3855 891 2964 2765 469 476 2168 26 2142 25 2296
is_linear=0
shrinkage=0.1


Tree=19
num_leaves= 14
num_cat= 0
full_tree_array_lgbids= 0 1 2 7 9 3 4 -1 -9 10 11 -2 -5 5 -6 -2147483648 -2147483648 -2147483648 -2147483648 -3 -12 -11 12 -2147483648 -2147483648 -2147483648 -2147483648 8 6 -2147483648 -2147483648 -2147483648 -2147483648 -2147483648 -2147483648 -2147483648 -2147483648 -2147483648 -2147483648 -2147483648 -2147483648 -2147483648 -2147483648 -2147483648 -2147483648 -13 -14 -2147483648 -2147483648 -2147483648 -2147483648 -2147483648 -2147483648 -2147483648 -2147483648 -4 -10 -7 -8 -2147483648 -2147483648 -2147483648 -2147483648
split_feature= 8 20 4 4 4 12 18 10 17 12 1 21 4
split_gain= 154.194 87.1446 71.8968 70.8364 64.2839 38.7254 27.248 15.738 14.2126 2.52465 6.41393 2.61179 1.4937
threshold= 3.5000000000000004 3.5000000000000004 2.5000000000000004 1.0000000180025095e-35 5.5000000000000009 2.5000000000000004 3.5000000000000004 1.0000000180025095e-35 1.5000000000000002 1.0000000180025095e-35 2.5000000000000004 4.5000000000000009 4.5000000000000009
decision_type= 2 2 2 2 2 2 2 2 2 2 2 2 2
left_child=1 7 3 -2 5 8 -7 -1 -4 10 -3 -11 -13
right_child=2 9 4 -5 -6 6 -8 -9 -10 11 -12 12 -14
leaf_value= 0.10809320877587317 -0.11081985887916224 0.13496671315732936 -0.10821189595610783 0.11165147467492038 0.11278124029019426 0.14707048103058315 -0.11182135589099558 -0.1075240907530273 -0.041435506067027054 0.10809320877587328 -0.13427271426751705 0.10927053796566757 -0.10816232970028693
leaf_weight=4.0174633711576488 20.31045251339674 2.1823687925934783 167.7598555535078 49.727647684514523 18.323610685765743 11.994577318429949 6.3349181413650504 27.203107580542564 41.201743759214878 146.63741304725409 1.7108637839555743 0.69878122955560562 1.1163027286529541
leaf_count=58 264 17 2325 627 199 61 79 418 300 2117 9 9 16
model_size=1488
internal_value=0 0.0728904 -0.0425697 0.0471367 -0.0681498 -0.082736 0.057594 -0.0797785 -0.0950453 0.104177 0.0166506 0.106473 -0.0244538
internal_weight=0 183.566 315.653 70.0381 245.615 227.291 18.3295 31.2206 208.962 152.346 3.89323 148.452 1.81508
internal_count=6499 2644 3855 891 2964 2765 140 476 2625 2168 26 2142 25
is_linear=0
shrinkage=0.1


Tree=20
num_leaves= 13
num_cat= 0
full_tree_array_lgbids= 0 1 2 7 8 3 4 -1 -9 9 10 -2 -5 5 -6 -2147483648 -2147483648 -2147483648 -2147483648 -3 -11 -10 11 -2147483648 -2147483648 -2147483648 -2147483648 -4 6 -2147483648 -2147483648 -2147483648 -2147483648 -2147483648 -2147483648 -2147483648 -2147483648 -2147483648 -2147483648 -2147483648 -2147483648 -2147483648 -2147483648 -2147483648 -2147483648 -12 -13 -2147483648 -2147483648 -2147483648 -2147483648 -2147483648 -2147483648 -2147483648 -2147483648 -2147483648 -2147483648 -7 -8 -2147483648 -2147483648 -2147483648 -2147483648
split_feature= 8 20 4 4 4 19 19 10 12 1 21 4
split_gain= 137.512 78.1043 63.333 63.3328 56.7161 34.2312 58.0375 14.0619 2.28039 5.53404 2.27627 1.27092
threshold= 3.5000000000000004 3.5000000000000004 2.5000000000000004 1.0000000180025095e-35 5.5000000000000009 4.5000000000000009 5.5000000000000009 1.0000000180025095e-35 1.0000000180025095e-35 2.5000000000000004 4.5000000000000009 4.5000000000000009
decision_type= 2 2 2 2 2 2 2 2 2 2 2 2
left_child=1 7 3 -2 5 -4 -7 -1 9 -3 -10 -12
right_child=2 8 4 -5 -6 6 -8 -9 10 -11 11 -13
leaf_value= 0.10726401292643045 -0.10972649217960373 0.13090515811775102 -0.1082630727524508 0.11048677868592521 0.11143965954703794 0.20616784581382308 -0.059521903564071166 -0.10675703993551194 0.10726401292643054 -0.12996639320213868 0.10831092369631656 -0.10732554767956304
leaf_weight=3.6618147641420391 18.551406241953373 2.0327749587595454 143.99332382902503 45.445475425571203 16.769247557967901 9.7044875621795637 57.341364249587059 24.782199762761593 133.65623889118433 1.5966690033674242 0.63759849965572235 1.0175448656082153
leaf_count=58 264 17 2296 627 199 39 430 418 2117 9 9 16
model_size=1376
internal_value=0 0.0723007 -0.0416277 0.0466514 -0.0664274 -0.0805607 -0.0210649 -0.0792045 0.103317 0.0161423 0.105655 -0.0242575
internal_weight=0 167.385 291.805 63.9969 227.808 211.039 67.0459 28.444 138.941 3.62944 135.311 1.65514
internal_count=6499 2644 3855 891 2964 2765 469 476 2168 26 2142 25
is_linear=0
shrinkage=0.1


Tree=21
num_leaves= 16
num_cat= 0
full_tree_array_lgbids= 0 1 2 8 10 7 3 -1 -10 11 12 -2 -9 4 5 -2147483648 -2147483648 -2147483648 -2147483648 -3 -13 -12 13 -2147483648 -2147483648 -2147483648 -2147483648 -4 9 14 6 -2147483648 -2147483648 -2147483648 -2147483648 -2147483648 -2147483648 -2147483648 -2147483648 -2147483648 -2147483648 -2147483648 -2147483648 -2147483648 -2147483648 -14 -15 -2147483648 -2147483648 -2147483648 -2147483648 -2147483648 -2147483648 -2147483648 -2147483648 -2147483648 -2147483648 -6 -11 -5 -16 -7 -8
split_feature= 8 20 19 7 13 20 21 4 10 17 12 1 21 1 20
split_gain= 122.618 70.0581 55.6504 54.6515 20.8223 20.2568 15.2185 14.3055 12.5684 11.7054 2.04841 4.7834 1.97664 1.07209 0.847622
threshold= 3.5000000000000004 3.5000000000000004 1.5000000000000002 1.0000000180025095e-35 1.5000000000000002 3.5000000000000004 1.5000000000000002 4.5000000000000009 1.0000000180025095e-35 1.5000000000000002 1.0000000180025095e-35 2.5000000000000004 4.5000000000000009 1.5000000000000002 2.5000000000000004
decision_type= 2 2 2 2 2 2 2 2 2 2 2 2 2 2 2
left_child=1 8 7 4 -4 14 -7 -2 -1 -6 11 -3 -12 -14 -5
right_child=2 10 3 5 9 6 -8 -9 -10 -11 12 -13 13 -15 -16
leaf_value= 0.10652517821132974 0.10642768796064911 0.12737875662998754 0.12339928894889898 0.18254978816845682 -0.10616272702519083 0.046870849336776738 -0.071529709692003049 -0.10605679852780431 -0.10607284898161794 -0.043289865728042082 0.10652517821132985 -0.12631424399268437 -0.10658004919637709 0.10745778600269394 0.10988291043385462
leaf_weight=3.3351530358195332 28.997873436659575 1.8876124881207934 4.7636405974626532 3.4664977937936756 132.10153629258275 23.892014291137457 21.291765086352825 3.7154830992221823 22.561109729111195 40.5725352242589 121.73308580741286 1.4843240082263947 0.92682355642318615 0.58126895874738693 11.699218425899744
leaf_count=58 511 17 31 14 2419 201 145 69 418 313 2117 9 16 9 152
model_size=1712
internal_value=0 0.0717754 -0.0406117 -0.0575204 -0.0856233 0.0251071 -0.00892256 0.0822943 -0.0786926 -0.0913897 0.102551 0.0157033 0.104927 -0.0240828 0.126493
internal_weight=0 152.509 270.501 237.787 177.438 60.3495 45.1838 32.7134 25.8963 172.674 126.613 3.37194 123.241 1.50809 15.1657
internal_count=6499 2644 3855 3275 2763 512 346 580 476 2732 2168 26 2142 25 166
is_linear=0
shrinkage=0.1


Tree=22
num_leaves= 15
num_cat= 0
full_tree_array_lgbids= 0 1 2 9 10 8 3 -1 -11 11 12 -2 -10 4 6 -2147483648 -2147483648 -2147483648 -2147483648 -3 -13 -12 13 -2147483648 -2147483648 -2147483648 -2147483648 -4 5 7 -8 -2147483648 -2147483648 -2147483648 -2147483648 -2147483648 -2147483648 -2147483648 -2147483648 -2147483648 -2147483648 -2147483648 -2147483648 -2147483648 -2147483648 -14 -15 -2147483648 -2147483648 -2147483648 -2147483648 -2147483648 -2147483648 -2147483648 -2147483648 -2147483648 -2147483648 -6 -7 -5 -9 -2147483648 -2147483648
split_feature= 8 20 19 7 19 19 9 2 4 10 12 1 21 1
split_gain= 109.057 62.8783 48.9033 48.9266 19.4672 57.6999 17.932 21.5682 12.7884 11.2292 1.82349 4.1339 1.70382 0.889522
threshold= 3.5000000000000004 3.5000000000000004 1.5000000000000002 1.0000000180025095e-35 4.5000000000000009 6.5000000000000009 1.0000000180025095e-35 4.5000000000000009 4.5000000000000009 1.0000000180025095e-35 1.0000000180025095e-35 2.5000000000000004 4.5000000000000009 1.5000000000000002
decision_type= 2 2 2 2 2 2 2 2 2 2 2 2 2 2
left_child=1 9 8 4 -4 -6 7 -5 -2 -1 11 -3 -12 -14
right_child=2 10 3 6 5 -7 -8 -9 -10 -11 12 -13 13 -15
leaf_value= 0.105865822596505 0.10577874404791016 0.12430569584559044 -0.10551275537239201 -0.0091452399247771137 0.19032045391860511 -0.085641286044859932 -0.11608537081017625 0.12547286929673138 -0.10544732764105476 -0.10546166888562683 0.10586582259650512 -0.12319173683012681 -0.10591482473766467 0.10669795694840332
leaf_weight=3.0356061831116703 26.391106836497787 1.7480227239429942 118.02171714231372 29.889121819287539 9.6820841878652555 36.516375057399273 8.1992151811718923 20.677906777709723 3.3803470171988002 20.526399090886116 110.79962568357587 1.3753480017185211 0.84362268447875866 0.52950792387127876
leaf_count=58 511 17 2384 237 39 340 69 206 69 418 2117 9 16 9
model_size=1600
internal_value=0 0.0713067 -0.039298 -0.0554655 -0.0836524 -0.0278064 0.0233019 0.0459029 0.0817955 -0.0782353 0.101867 0.0153224 0.104277 -0.0239269
internal_weight=0 138.858 252.758 222.986 164.22 46.1985 58.7662 50.567 29.7715 23.562 115.296 3.12337 112.173 1.37313
internal_count=6499 2644 3855 3275 2763 379 512 443 580 476 2168 26 2142 25
is_linear=0
shrinkage=0.1


Tree=23
num_leaves= 16
num_cat= 0
full_tree_array_lgbids= 0 1 2 9 11 3 4 -1 -11 12 13 6 5 -4 -6 -2147483648 -2147483648 -2147483648 -2147483648 -3 -14 -13 14 8 7 -5 10 -2147483648 -2147483648 -2147483648 -2147483648 -2147483648 -2147483648 -2147483648 -2147483648 -2147483648 -2147483648 -2147483648 -2147483648 -2147483648 -2147483648 -2147483648 -2147483648 -2147483648 -2147483648 -15 -16 -2 -10 -8 -9 -2147483648 -2147483648 -7 -12 -2147483648 -2147483648 -2147483648 -2147483648 -2147483648 -2147483648 -2147483648 -2147483648
split_feature= 8 20 9 10 19 7 21 4 4 10 11 12 1 21 1
split_gain= 97.2364 56.467 44.1185 40.7254 29.3748 21.3081 14.7497 15.1812 13.2712 10.0317 5.80498 1.61244 3.57132 1.45815 0.724715
threshold= 3.5000000000000004 3.5000000000000004 1.0000000180025095e-35 2.5000000000000004 1.5000000000000002 1.0000000180025095e-35 1.5000000000000002 5.5000000000000009 1.0000000180025095e-35 1.0000000180025095e-35 1.5000000000000002 1.0000000180025095e-35 2.5000000000000004 4.5000000000000009 1.5000000000000002
decision_type= 2 2 2 2 2 2 2 2 2 2 2 2 2 2 2
left_child=1 9 3 6 -4 -5 8 -8 -2 -1 -7 12 -3 -13 -15
right_child=2 11 4 5 -6 10 7 -9 -10 -11 -12 13 -14 14 -16
leaf_value= 0.10527657861010012 -0.1050779312911197 0.12161845692589049 0.10519869379401484 -0.11005992019488442 -0.10570078941671418 0.14540848818001084 -0.030884522500622132 0.11174194465552843 0.095322733344473831 -0.10491500914327373 -0.10490216771745407 0.10527657861010027 -0.12050366754100877 -0.10532039013512196 0.10602010187684918
leaf_weight=2.7613188400864628 3.7711846977472296 1.6148198992013922 7.2812407463788977 37.742601815611124 90.343450866639614 4.8860794752836219 39.186464626342058 9.6701944917440397 40.942826140671968 18.664889506995678 1.2918653488159177 100.78813766315579 1.2707897275686264 0.76742970943450817 0.48202534765005112
leaf_count=58 82 17 155 532 1923 23 422 105 584 418 29 2117 9 16 9
model_size=1712
internal_value=0 0.0708879 -0.0382176 -0.00147038 -0.0899711 -0.0814878 0.0360885 -0.00265448 0.0784209 -0.0778264 0.0930662 0.101257 0.0149906 0.103696 -0.0237877
internal_weight=0 126.349 235.116 137.491 97.6247 43.9205 93.5707 48.8567 44.714 21.4262 6.17794 104.923 2.88561 102.038 1.24946
internal_count=6499 2644 3855 1777 2078 584 1193 527 666 476 52 2168 26 2142 25
is_linear=0
shrinkage=0.1


Tree=24
num_leaves= 16
num_cat= 0
full_tree_array_lgbids= 0 1 2 9 11 3 7 -1 -11 12 13 4 5 -4 -9 -2147483648 -2147483648 -2147483648 -2147483648 -3 -14 -13 14 10 8 6 -7 -2147483648 -2147483648 -2147483648 -2147483648 -2147483648 -2147483648 -2147483648 -2147483648 -2147483648 -2147483648 -2147483648 -2147483648 -2147483648 -2147483648 -2147483648 -2147483648 -2147483648 -2147483648 -15 -16 -2 -12 -6 -10 -5 -8 -2147483648 -2147483648 -2147483648 -2147483648 -2147483648 -2147483648 -2147483648 -2147483648 -2147483648 -2147483648
split_feature= 8 20 9 10 19 4 21 19 2 10 3 12 1 21 1
split_gain= 86.7132 50.7298 40.3252 37.0666 43.3773 35.0716 35.8496 26.355 11.8558 8.95507 2.2559 1.41084 3.08031 1.23551 0.574614
threshold= 3.5000000000000004 3.5000000000000004 1.0000000180025095e-35 1.0000000180025095e-35 6.5000000000000009 5.5000000000000009 1.0000000180025095e-35 1.5000000000000002 7.5000000000000009 1.0000000180025095e-35 1.0000000180025095e-35 1.0000000180025095e-35 2.5000000000000004 4.5000000000000009 1.5000000000000002
decision_type= 2 2 2 2 2 2 2 2 2 2 2 2 2 2 2
left_child=1 9 3 4 10 6 -5 -4 -6 -1 -2 12 -3 -13 -15
right_child=2 11 7 5 8 -7 -8 -9 -10 -11 -12 13 -14 14 -16
leaf_value= 0.10474930962181393 0.10830231887882405 0.11926118969690339 0.10467958994575377 0.10301626492377247 -0.12778817337687293 0.10873416175290751 -0.10232901698616613 -0.10513942029673394 0.16494957014741479 -0.10442548272911378 0.17256063084460305 0.10474930962181409 -0.11817596756445199 -0.1047885414517698 0.10541451419535836
leaf_weight=2.5104792863130596 26.358965404331684 1.4885411057621232 6.6193430498242369 10.152679145336149 11.259340159595009 13.018628619611261 58.320100665092468 82.16033099591732 1.6709826290607459 16.963821515440941 9.4361351728439313 91.632493950426579 1.171336904168129 0.69774359464645275 0.43853222206234932
leaf_count=58 472 17 155 83 74 199 903 1923 7 418 39 2117 9 16 9
model_size=1712
internal_value=0 0.0705132 -0.0371325 -0.00143236 0.068134 -0.0430276 -0.0718818 -0.0894955 -0.0899577 -0.0774603 0.125242 0.10071 0.0147004 0.103176 -0.0236632
internal_weight=0 114.903 218.997 130.217 48.7254 81.4914 68.4728 88.7797 12.9303 19.4743 35.7951 95.4286 2.65988 92.7688 1.13628
internal_count=6499 2644 3855 1777 592 1185 986 2078 81 476 511 2168 26 2142 25
is_linear=0
shrinkage=0.1


Tree=25
num_leaves= 16
num_cat= 0
full_tree_array_lgbids= 0 1 2 9 11 3 7 -1 -11 12 13 4 5 -4 -9 -2147483648 -2147483648 -2147483648 -2147483648 -3 -14 -13 14 10 8 6 -7 -2147483648 -2147483648 -2147483648 -2147483648 -2147483648 -2147483648 -2147483648 -2147483648 -2147483648 -2147483648 -2147483648 -2147483648 -2147483648 -2147483648 -2147483648 -2147483648 -2147483648 -2147483648 -15 -16 -2 -12 -6 -10 -5 -8 -2147483648 -2147483648 -2147483648 -2147483648 -2147483648 -2147483648 -2147483648 -2147483648 -2147483648 -2147483648
split_feature= 8 20 9 10 19 4 21 19 2 10 3 12 1 21 1
split_gain= 77.7238 45.5918 36.4928 32.5935 38.162 31.0417 31.4393 23.6491 10.2383 7.98825 1.27153 1.22169 2.6523 1.03612 0.440349
threshold= 3.5000000000000004 3.5000000000000004 1.0000000180025095e-35 1.0000000180025095e-35 6.5000000000000009 5.5000000000000009 1.0000000180025095e-35 1.5000000000000002 7.5000000000000009 1.0000000180025095e-35 1.0000000180025095e-35 1.0000000180025095e-35 2.5000000000000004 4.5000000000000009 1.5000000000000002
decision_type= 2 2 2 2 2 2 2 2 2 2 2 2 2 2 2
left_child=1 9 3 4 10 6 -5 -4 -6 -1 -2 12 -3 -13 -15
right_child=2 11 7 5 8 -7 -8 -9 -10 -11 -12 13 -14 14 -16
leaf_value= 0.1042769941535199 0.10749160186528049 0.11718733490571021 0.104214493437588 0.096628281292284846 -0.12459832944321091 0.10784803936049686 -0.10039735421352169 -0.10463518210543642 0.15507310773203578 -0.10398665302316219 0.16115967137297083 0.10427699415352006 -0.11615006865146066 -0.10431215735804177 0.10487280632275445
leaf_weight=2.2813395410776165 24.021276153624058 1.3694962896406642 6.0147952847182742 9.7623635642230493 10.435176864266392 11.871578764170406 53.734266258776188 74.681721404194832 1.6031148582696921 15.41097132116556 9.1097244918346387 83.268893249332905 1.0774026587605476 0.63408070802688488 0.39874537289142609
leaf_count=58 472 17 155 83 74 199 903 1923 7 418 39 2117 9 16 9
model_size=1712
internal_value=0 0.0701775 -0.0365745 -0.00143135 0.0663858 -0.0420752 -0.0701054 -0.0890684 -0.0873551 -0.077132 0.122248 0.100221 0.0144457 0.102711 -0.0235517
internal_weight=0 104.441 201.234 120.538 45.1693 75.3682 63.4966 80.6965 12.0383 17.6923 33.131 86.7486 2.4469 84.3017 1.03283
internal_count=6499 2644 3855 1777 592 1185 986 2078 81 476 511 2168 26 2142 25
is_linear=0
shrinkage=0.1


Tree=26
num_leaves= 15
num_cat= 0
full_tree_array_lgbids= 0 1 2 8 10 3 4 -1 -10 11 12 6 5 -4 -6 -2147483648 -2147483648 -2147483648 -2147483648 -3 -13 -12 13 -2 7 -5 9 -2147483648 -2147483648 -2147483648 -2147483648 -2147483648 -2147483648 -2147483648 -2147483648 -2147483648 -2147483648 -2147483648 -2147483648 -2147483648 -2147483648 -2147483648 -2147483648 -2147483648 -2147483648 -14 -15 -2147483648 -2147483648 -8 -9 -2147483648 -2147483648 -7 -11 -2147483648 -2147483648 -2147483648 -2147483648 -2147483648 -2147483648 -2147483648 -2147483648
split_feature= 8 20 9 10 19 7 4 4 10 11 12 1 21 1
split_gain= 69.6896 40.9873 33.0348 29.0139 21.2238 14.5253 10.2773 11.9553 7.121 5.30128 1.04675 2.27602 0.855659 0.318398
threshold= 3.5000000000000004 3.5000000000000004 1.0000000180025095e-35 2.5000000000000004 1.5000000000000002 1.0000000180025095e-35 1.0000000180025095e-35 2.5000000000000004 1.0000000180025095e-35 1.5000000000000002 1.0000000180025095e-35 2.5000000000000004 4.5000000000000009 1.5000000000000002
decision_type= 2 2 2 2 2 2 2 2 2 2 2 2 2 2
left_child=1 8 3 6 -4 -5 -2 -8 -1 -7 11 -3 -12 -14
right_child=2 10 4 5 -6 9 7 -9 -10 -11 12 -13 13 -15
leaf_value= 0.10385346582430799 -0.1038688549054033 0.11535796942788296 0.10379739062303972 -0.10740638938803204 -0.10418189113607657 0.13225830653527182 0.10676225898306009 0.015658531783939764 -0.10359291491265815 -0.1053893196172465 0.10385346582430817 -0.11437908727122253 -0.1038850113387555 0.1043876654541899
leaf_weight=2.0722302719950703 5.4079886488616458 1.2578120622783893 5.463166330009698 29.001306012272835 67.853841818869114 4.1861761212348929 21.876254241913557 49.625128097832203 13.994720868766306 1.4071455411612985 75.636404927819967 0.98919171094894398 0.57597863674163718 0.36239098012447357
leaf_count=58 151 17 155 532 1923 23 472 570 418 29 2117 9 16 9
model_size=1600
internal_value=0 0.0698767 -0.0360389 -0.00142303 -0.0886845 -0.0783233 0.0331675 0.0435322 -0.0768376 0.0724719 0.0997827 0.0142215 0.102293 -0.0234517
internal_weight=0 94.8887 184.821 111.504 73.317 34.5946 76.9094 71.5014 16.067 5.59332 78.8218 2.247 76.5748 0.93837
internal_count=6499 2644 3855 1777 2078 584 1193 1042 476 52 2168 26 2142 25
is_linear=0
shrinkage=0.1


Tree=27
num_leaves= 16
num_cat= 0
full_tree_array_lgbids= 0 1 2 9 11 3 4 -1 -11 12 13 6 5 -4 -6 -2147483648 -2147483648 -2147483648 -2147483648 -3 -14 -13 14 8 7 10 -7 -2147483648 -2147483648 -2147483648 -2147483648 -2147483648 -2147483648 -2147483648 -2147483648 -2147483648 -2147483648 -2147483648 -2147483648 -2147483648 -2147483648 -2147483648 -2147483648 -2147483648 -2147483648 -15 -16 -2 -10 -8 -9 -5 -12 -2147483648 -2147483648 -2147483648 -2147483648 -2147483648 -2147483648 -2147483648 -2147483648 -2147483648 -2147483648
split_feature= 8 20 9 10 19 21 21 4 4 10 12 12 1 21 1
split_gain= 62.1508 36.8564 30.2622 25.4679 19.0472 12.9567 9.54989 10.3299 7.88836 6.34167 4.57504 0.8847 1.94483 0.693026 0.208369
threshold= 3.5000000000000004 3.5000000000000004 1.0000000180025095e-35 2.5000000000000004 1.5000000000000002 1.0000000180025095e-35 1.5000000000000002 5.5000000000000009 1.0000000180025095e-35 1.0000000180025095e-35 2.5000000000000004 1.0000000180025095e-35 2.5000000000000004 4.5000000000000009 1.5000000000000002
decision_type= 2 2 2 2 2 2 2 2 2 2 2 2 2 2 2
left_child=1 9 3 6 -4 10 8 -8 -2 -1 -5 12 -3 -13 -15
right_child=2 11 4 5 -6 -7 7 -9 -10 -11 -12 13 -14 14 -16
leaf_value= 0.10347335349041774 -0.10336433705007247 0.11374039516060175 0.10342300141378996 -0.10485025281400254 -0.10377409798381099 -0.10666452983150261 -0.027179381626477872 0.10833621760756176 0.085967069814241653 -0.10323934713330028 0.12829216341728986 0.10347335349041774 -0.11282499500646211 -0.10350167218172278 0.10395274375324404
leaf_weight=1.881568357348441 2.5820937007665625 1.1534700524061912 4.9602600745856753 1.279449932277205 61.625662539154291 26.414653662592173 33.339594468474388 7.2943544127047053 31.251545574516058 12.704103779047726 3.8988073170185089 68.677245043218136 0.90675274282693852 0.5229988694190969 0.32920685783028603
leaf_count=58 82 17 155 29 1923 532 422 105 584 418 23 2117 9 16 9
model_size=1712
internal_value=0 0.0696066 -0.0349258 -0.00139232 -0.0883391 -0.0775956 0.030937 -0.00285246 0.0715178 -0.0765732 0.0706871 0.0993893 0.0140236 0.101919 -0.0233621
internal_weight=0 86.1753 172.646 106.06 66.5859 31.5929 74.4676 40.6339 33.8336 14.5857 5.17826 71.5897 2.06022 69.5295 0.852206
internal_count=6499 2644 3855 1777 2078 584 1193 527 666 476 52 2168 26 2142 25
is_linear=0
shrinkage=0.1


Tree=28
num_leaves= 16
num_cat= 0
full_tree_array_lgbids= 0 1 2 9 10 3 7 -1 -11 11 12 4 5 -4 -9 -2147483648 -2147483648 -2147483648 -2147483648 -3 -13 -12 14 13 8 6 -7 -2147483648 -2147483648 -2147483648 -2147483648 -2147483648 -2147483648 -2147483648 -2147483648 -2147483648 -2147483648 -2147483648 -2147483648 -2147483648 -2147483648 -2147483648 -2147483648 -2147483648 -2147483648 -14 -16 -2 -15 -6 -10 -5 -8 -2147483648 -2147483648 -2147483648 -2147483648 -2147483648 -2147483648 -2147483648 -2147483648 -2147483648 -2147483648
split_feature= 8 20 9 10 19 4 12 19 2 10 12 1 21 3 4
split_gain= 55.4507 33.1461 27.7005 23.2159 32.4764 24.0367 25.8059 17.0914 8.91114 5.63988 0.73405 1.65149 0.545419 0.494817 0.108085
threshold= 3.5000000000000004 3.5000000000000004 1.0000000180025095e-35 1.0000000180025095e-35 6.5000000000000009 5.5000000000000009 2.5000000000000004 1.5000000000000002 7.5000000000000009 1.0000000180025095e-35 1.0000000180025095e-35 2.5000000000000004 4.5000000000000009 1.0000000180025095e-35 4.5000000000000009
decision_type= 2 2 2 2 2 2 2 2 2 2 2 2 2 2 2
left_child=1 9 3 4 13 6 -5 -4 -6 -1 11 -3 -12 -2 -14
right_child=2 10 7 5 8 -7 -8 -9 -10 -11 12 -13 14 -15 -16
leaf_value= 0.10313192461089341 0.10567191697060321 0.1123069157535807 0.10308667400669889 -0.10784237959464632 -0.12169155280611421 0.10625196460158004 0.056976609715340854 -0.1034070101401597 0.14770848075415477 -0.10292161391218094 0.10313192461089341 -0.11145665110106139 0.10356247752023223 0.15026289806526655 -0.1031573662147801
leaf_weight=1.7078625038266171 18.864439286291599 1.0563411433249701 4.5021255221217862 39.360038524493575 9.640580922365185 9.7677152529358846 12.957537706941364 55.949066180735826 1.5306742191314704 11.528827928006647 62.336981389671564 0.83001936972141255 0.29894396290182967 8.5581104606390017 0.47472792863845825
leaf_count=58 472 17 155 781 74 199 205 1923 7 418 2117 9 9 39 16
model_size=1712
internal_value=0 0.0693641 -0.0338711 -0.00135322 0.0604326 -0.0397609 -0.0670215 -0.0880283 -0.0847786 -0.0763356 0.099036 0.0138485 0.101582 0.119588 -0.0232816
internal_weight=0 78.2337 161.13 100.679 38.5938 62.0853 52.3176 60.4512 11.1713 13.2367 64.997 1.88636 63.1107 27.4225 0.773672
internal_count=6499 2644 3855 1777 592 1185 986 2078 81 476 2168 26 2142 511 25
is_linear=0
shrinkage=0.1


Tree=29
num_leaves= 16
num_cat= 0
full_tree_array_lgbids= 0 1 2 9 10 3 7 -1 -11 11 12 4 5 -4 -9 -2147483648 -2147483648 -2147483648 -2147483648 -3 -13 -12 14 13 8 6 -7 -2147483648 -2147483648 -2147483648 -2147483648 -2147483648 -2147483648 -2147483648 -2147483648 -2147483648 -2147483648 -2147483648 -2147483648 -2147483648 -2147483648 -2147483648 -2147483648 -2147483648 -2147483648 -14 -16 -2 -15 -6 -10 -5 -8 -2147483648 -2147483648 -2147483648 -2147483648 -2147483648 -2147483648 -2147483648 -2147483648 -2147483648 -2147483648
split_feature= 8 20 9 10 19 4 12 19 20 10 12 1 21 3 1
split_gain= 49.7514 29.8109 25.0758 20.4481 28.7131 21.2264 23.1724 15.3325 7.74549 5.00735 0.594231 1.39078 0.411228 0.112887 0.0164918
threshold= 3.5000000000000004 3.5000000000000004 1.0000000180025095e-35 1.0000000180025095e-35 6.5000000000000009 5.5000000000000009 2.5000000000000004 1.5000000000000002 3.5000000000000004 1.0000000180025095e-35 1.0000000180025095e-35 2.5000000000000004 4.5000000000000009 1.0000000180025095e-35 1.5000000000000002
decision_type= 2 2 2 2 2 2 2 2 2 2 2 2 2 2 2
left_child=1 9 3 4 13 6 -5 -4 -6 -1 11 -3 -12 -2 -14
right_child=2 10 7 5 8 -7 -8 -9 -10 -11 12 -13 14 -15 -16
leaf_value= 0.10282502126035142 0.10512204942217461 0.11103406504456914 0.1027843365713816 -0.10707930131934601 0.1411572845712584 0.10562868107619439 0.051538200652729731 -0.10307637714940726 -0.11929118001815604 -0.10263586569556582 0.10282502126035142 -0.11024832483834231 -0.10284789829395223 0.1433355098077938 0.10321200146160364
leaf_weight=1.5497152991592873 17.153982298448682 0.96621245704591163 4.0850637201219788 35.855278683826327 1.4458995610475529 8.8876830879598838 12.895885985344647 50.778921015560627 8.8896270096302015 10.459277782589195 56.564608419314027 0.75884179025888443 0.43077823519706626 8.0981840789318102 0.27136738412082195
leaf_count=58 472 17 155 781 7 199 205 1923 74 418 2117 9 16 39 9
model_size=1712
internal_value=0 0.0691462 -0.0333748 -0.00137588 0.0592245 -0.0387921 -0.0651211 -0.0877484 -0.0828555 -0.0761219 0.0987185 0.0136932 0.10128 0.117377 -0.0232092
internal_weight=0 71.0008 148.091 93.2265 35.5877 57.6388 48.7512 54.864 10.3355 12.009 58.9918 1.72505 57.2668 25.2522 0.702146
internal_count=6499 2644 3855 1777 592 1185 986 2078 81 476 2168 26 2142 511 25
is_linear=0
shrinkage=0.1


Tree=30
num_leaves= 15
num_cat= 0
full_tree_array_lgbids= 0 1 2 8 11 3 4 -1 -10 12 13 6 5 -4 -6 -2147483648 -2147483648 -2147483648 -2147483648 -3 -14 -13 -15 10 7 9 -7 -2147483648 -2147483648 -2147483648 -2147483648 -2147483648 -2147483648 -2147483648 -2147483648 -2147483648 -2147483648 -2147483648 -2147483648 -2147483648 -2147483648 -2147483648 -2147483648 -2147483648 -2147483648 -2147483648 -2147483648 -2 -12 -8 -9 -5 -11 -2147483648 -2147483648 -2147483648 -2147483648 -2147483648 -2147483648 -2147483648 -2147483648 -2147483648 -2147483648
split_feature= 8 20 9 10 19 21 21 4 10 12 4 12 1 21
split_gain= 44.6384 26.8107 22.7012 18.4905 13.7495 10.6361 6.85418 7.98855 4.43675 3.08974 2.52707 0.46462 1.15833 0.289033
threshold= 3.5000000000000004 3.5000000000000004 1.0000000180025095e-35 2.5000000000000004 1.5000000000000002 1.0000000180025095e-35 1.0000000180025095e-35 5.5000000000000009 1.0000000180025095e-35 2.5000000000000004 4.5000000000000009 1.0000000180025095e-35 2.5000000000000004 4.5000000000000009
decision_type= 2 2 2 2 2 2 2 2 2 2 2 2 2 2
left_child=1 8 3 6 -4 9 10 -8 -1 -5 -2 12 -3 -13
right_child=2 11 4 5 -6 -7 7 -9 -10 -11 -12 13 -14 -15
leaf_value= 0.10254897274617014 0.1078519037104147 0.10990179682751865 0.10251236588255981 -0.10352281505161443 -0.10277843005283688 -0.10491598206575821 -0.0087048138690268995 0.10507008277521901 -0.10237875438803257 0.1223650538629161 -0.11273931490255217 0.10254897274617014 -0.10917851482446908 -0.023144190376253242
leaf_weight=1.4058226719498623 12.466656386852261 0.8828110322356213 3.7056254502385846 0.95326787233352916 46.073079127818346 21.012510543689132 39.722415724769235 8.0824805088341218 9.4865027219057065 3.3831716775894165 0.7016060948371895 51.312527526170015 0.69301173090934753 0.63704484887421031
leaf_count=58 268 17 155 29 1923 532 719 199 418 23 7 2117 9 25
model_size=1600
internal_value=0 0.0689502 -0.0328859 -0.00139416 -0.0874962 -0.0745298 0.0290112 0.0105314 -0.0759297 0.0727087 0.0960988 0.098433 0.0135552 0.101008
internal_weight=0 64.4177 136.101 86.3221 49.7787 25.349 60.9732 47.8049 10.8923 4.33644 13.1683 53.5254 1.57582 51.9496
internal_count=6499 2644 3855 1777 2078 584 1193 918 476 52 275 2168 26 2142
is_linear=0
shrinkage=0.1


Tree=31
num_leaves= 14
num_cat= 0
full_tree_array_lgbids= 0 1 2 9 10 3 7 -1 -11 11 12 4 5 -4 -9 -2147483648 -2147483648 -2147483648 -2147483648 -3 -13 -12 -14 -2 8 6 -7 -2147483648 -2147483648 -2147483648 -2147483648 -2147483648 -2147483648 -2147483648 -2147483648 -2147483648 -2147483648 -2147483648 -2147483648 -2147483648 -2147483648 -2147483648 -2147483648 -2147483648 -2147483648 -2147483648 -2147483648 -2147483648 -2147483648 -6 -10 -5 -8 -2147483648 -2147483648 -2147483648 -2147483648 -2147483648 -2147483648 -2147483648 -2147483648 -2147483648 -2147483648
split_feature= 8 20 9 10 19 4 12 19 2 10 12 3 21
split_gain= 39.771 24.0839 20.8035 17.4024 24.844 16.959 19.7095 12.3247 6.74911 3.92258 0.3427 0.951447 0.231149
threshold= 3.5000000000000004 3.5000000000000004 1.0000000180025095e-35 1.0000000180025095e-35 6.5000000000000009 5.5000000000000009 2.5000000000000004 1.5000000000000002 7.5000000000000009 1.0000000180025095e-35 1.0000000180025095e-35 1.0000000180025095e-35 4.5000000000000009
decision_type= 2 2 2 2 2 2 2 2 2 2 2 2 2
left_child=1 9 3 4 -2 6 -5 -4 -6 -1 11 -3 -12
right_child=2 10 7 5 8 -7 -8 -9 -10 -11 12 -13 -14
leaf_value= 0.10230053385746335 0.11572027400663008 -0.1082291868498368 0.10226758028063915 -0.10614997367413462 -0.11697575256172117 0.10456897487249406 0.047969216372736184 -0.10250982421285278 0.13605149866532815 -0.10214726866567692 0.10230053385746335 0.10889293384134985 -0.020936277239801303
leaf_weight=1.2749728113412846 22.442075984552503 0.63228162378072628 3.3606054540723553 30.948549361899495 8.0752266719937325 7.3465891089290372 11.910097207874058 41.792319227010012 1.3633729517459876 8.6022045798599702 46.536507613956928 0.80582235381007195 0.63397622667252918
leaf_count=58 511 9 155 781 74 199 205 1923 7 418 2117 17 25
model_size=1488
internal_value=0 0.0687089 -0.0318158 -0.00131275 0.0576489 -0.0387538 -0.0633214 -0.0872688 -0.0804268 -0.0757566 0.098064 0.0134323 0.100644
internal_weight=0 58.4858 127.239 82.0859 31.8807 50.2052 42.8586 45.1529 9.4386 9.87718 48.6086 1.4381 47.1705
internal_count=6499 2644 3855 1777 592 1185 986 2078 81 476 2168 26 2142
is_linear=0
shrinkage=0.1


Tree=32
num_leaves= 14
num_cat= 0
full_tree_array_lgbids= 0 1 2 9 10 3 7 -1 -11 11 12 4 5 -4 -9 -2147483648 -2147483648 -2147483648 -2147483648 -3 -13 -12 -14 -2 8 6 -7 -2147483648 -2147483648 -2147483648 -2147483648 -2147483648 -2147483648 -2147483648 -2147483648 -2147483648 -2147483648 -2147483648 -2147483648 -2147483648 -2147483648 -2147483648 -2147483648 -2147483648 -2147483648 -2147483648 -2147483648 -2147483648 -2147483648 -6 -10 -5 -8 -2147483648 -2147483648 -2147483648 -2147483648 -2147483648 -2147483648 -2147483648 -2147483648 -2147483648 -2147483648
split_feature= 8 20 9 10 19 4 12 19 2 10 12 1 21
split_gain= 35.6614 21.6288 18.8238 15.3591 22.1006 14.9411 17.7769 11.0417 5.88318 3.45909 0.230917 0.767012 0.179415
threshold= 3.5000000000000004 3.5000000000000004 1.0000000180025095e-35 1.0000000180025095e-35 6.5000000000000009 5.5000000000000009 2.5000000000000004 1.5000000000000002 7.5000000000000009 1.0000000180025095e-35 1.0000000180025095e-35 2.5000000000000004 4.5000000000000009
decision_type= 2 2 2 2 2 2 2 2 2 2 2 2 2
left_child=1 9 3 4 -2 6 -5 -4 -6 -1 11 -3 -12
right_child=2 10 7 5 8 -7 -8 -9 -10 -11 12 -13 -14
leaf_value= 0.10207682855475966 0.11437793434154626 0.10799269879026636 0.1020471354515321 -0.1055579151991952 -0.1151563116764891 0.10411905750102918 0.043321188260984238 -0.10226759112301483 0.13146565814689312 -0.10193876027005029 0.10207682855475958 -0.10738504193603422 -0.018922346593250816
leaf_weight=1.1560426019132117 20.532614314928651 0.73490554653108009 3.0470357928425065 28.152462964877486 7.4162744283676165 6.6747287698090068 11.871402412652968 37.900265507400036 1.2744131386280058 7.7987065017223358 42.195554969832301 0.57637929171323776 0.63144817389547725
leaf_count=58 511 17 155 781 74 199 205 1923 7 418 2117 9 25
model_size=1488
internal_value=0 0.0684784 -0.0313642 -0.00132342 0.056872 -0.0377413 -0.0613992 -0.0870638 -0.0789914 -0.0756007 0.097709 0.0133227 0.100293
internal_weight=0 53.093 116.869 75.9219 29.2233 46.6986 40.0239 40.9473 8.69069 8.95475 44.1383 1.31128 42.827
internal_count=6499 2644 3855 1777 592 1185 986 2078 81 476 2168 26 2142
is_linear=0
shrinkage=0.1


Tree=33
num_leaves= 14
num_cat= 0
full_tree_array_lgbids= 0 1 2 8 10 3 4 -1 -10 11 12 6 5 -4 -6 -2147483648 -2147483648 -2147483648 -2147483648 -3 -13 -12 -14 -2 7 -5 9 -2147483648 -2147483648 -2147483648 -2147483648 -2147483648 -2147483648 -2147483648 -2147483648 -2147483648 -2147483648 -2147483648 -2147483648 -2147483648 -2147483648 -2147483648 -2147483648 -2147483648 -2147483648 -2147483648 -2147483648 -2147483648 -2147483648 -8 -9 -2147483648 -2147483648 -7 -11 -2147483648 -2147483648 -2147483648 -2147483648 -2147483648 -2147483648 -2147483648 -2147483648
split_feature= 8 20 9 10 19 7 20 19 10 11 12 1 21
split_gain= 31.965 19.4154 17.0313 13.6232 9.88402 8.84046 5.8294 12.4702 3.03921 2.03366 0.126668 0.599437 0.130207
threshold= 3.5000000000000004 3.5000000000000004 1.0000000180025095e-35 2.5000000000000004 1.5000000000000002 1.0000000180025095e-35 1.5000000000000002 6.5000000000000009 1.0000000180025095e-35 1.5000000000000002 1.0000000180025095e-35 2.5000000000000004 4.5000000000000009
decision_type= 2 2 2 2 2 2 2 2 2 2 2 2 2
left_child=1 8 3 6 -4 -5 -2 -8 -1 -7 11 -3 -12
right_child=2 10 4 5 -6 9 7 -9 -10 -11 12 -13 -14
leaf_value= 0.1018752863209608 0.12938730946536603 0.10718832168391229 0.10184853673926919 -0.10374507440017998 -0.10204903053187726 0.11808697097848 0.038010374700914604 -0.11355132035088632 -0.10175087166346962 -0.10257031325585581 0.10187528632096071 -0.10663310324013681 -0.017089657140053338
leaf_weight=1.0479945987462977 5.6335448324680319 0.66970510780811199 2.7621742989867917 16.816533720120791 34.363285776227713 2.9345655515789981 37.369684724137187 6.8004995435476294 7.0689288079738617 0.70850147120654572 38.251802854239941 0.52501918002963066 0.62936505489051242
leaf_count=58 45 17 155 532 1923 23 1074 74 418 29 2117 9 25
model_size=1488
internal_value=0 0.0682561 -0.0309068 -0.00133257 -0.0868788 -0.0718865 0.0276513 0.0146757 -0.0754602 0.0751737 0.0973642 0.0132249 0.0999496
internal_weight=0 48.1928 107.389 70.2633 37.1255 20.4596 49.8037 44.1702 8.11692 3.64307 40.0759 1.19472 38.8812
internal_count=6499 2644 3855 1777 2078 584 1193 1148 476 52 2168 26 2142
is_linear=0
shrinkage=0.1


Tree=34
num_leaves= 14
num_cat= 0
full_tree_array_lgbids= 0 1 2 9 10 3 7 -1 -11 11 12 4 5 -4 -9 -2147483648 -2147483648 -2147483648 -2147483648 -3 -13 -12 -14 -2 8 6 -7 -2147483648 -2147483648 -2147483648 -2147483648 -2147483648 -2147483648 -2147483648 -2147483648 -2147483648 -2147483648 -2147483648 -2147483648 -2147483648 -2147483648 -2147483648 -2147483648 -2147483648 -2147483648 -2147483648 -2147483648 -2147483648 -2147483648 -6 -10 -5 -8 -2147483648 -2147483648 -2147483648 -2147483648 -2147483648 -2147483648 -2147483648 -2147483648 -2147483648 -2147483648
split_feature= 8 20 9 10 19 4 21 19 20 10 12 1 21
split_gain= 28.4804 17.4188 15.5658 13.975 17.9842 12.9138 15.1757 8.83855 4.4607 2.65837 0.0293196 0.449371 0.0858585
threshold= 3.5000000000000004 3.5000000000000004 1.0000000180025095e-35 1.0000000180025095e-35 6.5000000000000009 5.5000000000000009 1.0000000180025095e-35 1.5000000000000002 3.5000000000000004 1.0000000180025095e-35 1.0000000180025095e-35 2.5000000000000004 4.5000000000000009
decision_type= 2 2 2 2 2 2 2 2 2 2 2 2 2
left_child=1 9 3 4 -2 6 -5 -4 -6 -1 11 -3 -12
right_child=2 10 7 5 8 -7 -8 -9 -10 -11 12 -13 -14
leaf_value= 0.10169365742564709 0.11273940255518589 0.10646872729788014 0.10166953935701095 0.08942610456228349 0.12424097048140259 0.10357723779308542 -0.090965288079283627 -0.10185179852779501 -0.11213163676716309 -0.10158148312983382 0.10169365742564709 -0.10596220567121867 -0.015425147961230071
leaf_weight=0.94987216591834922 18.214783478528265 0.60986061114817747 2.5034950487315646 5.8590274024754754 1.0993051379919041 5.8513628318905822 29.825673655606806 31.15033252350986 6.2272552587091923 6.4063539579510689 34.670334056019783 0.47791114076972008 0.62764772213995357
leaf_count=58 511 17 155 83 7 199 903 1923 74 418 2117 9 25
model_size=1488
internal_value=0 0.0680397 -0.0298759 -0.00136041 0.0584084 -0.0381135 -0.061347 -0.0867119 -0.0766654 -0.0753336 0.0970259 0.0131375 0.0996111
internal_weight=0 43.742 100.731 67.0774 25.5413 41.5361 35.6847 33.6538 7.32656 7.35623 36.3858 1.08777 35.298
internal_count=6499 2644 3855 1777 592 1185 986 2078 81 476 2168 26 2142
is_linear=0
shrinkage=0.1


Tree=35
num_leaves= 11
num_cat= 0
full_tree_array_lgbids= 0 1 2 9 -3 3 7 -1 -11 -2147483648 -2147483648 4 5 -4 -9 -2147483648 -2147483648 -2147483648 -2147483648 -2147483648 -2147483648 -2147483648 -2147483648 -2 8 6 -7 -2147483648 -2147483648 -2147483648 -2147483648 -2147483648 -2147483648 -2147483648 -2147483648 -2147483648 -2147483648 -2147483648 -2147483648 -2147483648 -2147483648 -2147483648 -2147483648 -2147483648 -2147483648 -2147483648 -2147483648 -2147483648 -2147483648 -6 -10 -5 -8 -2147483648 -2147483648 -2147483648 -2147483648 -2147483648 -2147483648 -2147483648 -2147483648 -2147483648 -2147483648
split_feature= 8 20 9 10 19 4 18 19 2 10
split_gain= 25.5143 15.6195 14.0696 12.3305 16.0074 11.3738 14.3446 7.89667 3.88217 2.31545
threshold= 3.5000000000000004 3.5000000000000004 1.0000000180025095e-35 1.0000000180025095e-35 6.5000000000000009 5.5000000000000009 3.5000000000000004 1.5000000000000002 7.5000000000000009 1.0000000180025095e-35
decision_type= 2 2 2 2 2 2 2 2 2 2
left_child=1 9 3 4 -2 6 -5 -4 -6 -1
right_child=2 -3 7 5 8 -7 -8 -9 -10 -11
leaf_value= 0.10152988912337245 0.11162110490098982 0.096690719756466037 0.1015081440568074 0.041992849231243468 -0.11087283682168457 0.10322755309182273 -0.10447417022159711 -0.10167375054466299 0.12140880715820385 -0.10142871599443681
leaf_weight=0.86079569533467193 16.638132294639949 33.035053977742791 2.268674359656873 10.154476275667546 5.6953471414744845 5.3115534493699661 23.024850259535015 28.232832428067923 1.0166940391063688 5.8049950171262026
leaf_count=58 511 2168 155 173 74 199 813 1923 7 418
model_size=1152
internal_value=0 0.0678269 -0.0294761 -0.00132024 0.0577787 -0.0371721 -0.0596482 -0.0865613 -0.0756884 -0.0752194
internal_weight=0 39.7008 92.3426 61.8411 23.3502 38.4909 33.1793 30.5015 6.71204 6.66579
internal_count=6499 2644 3855 1777 592 1185 986 2078 81 476
is_linear=0
shrinkage=0.1


Tree=36
num_leaves= 15
num_cat= 0
full_tree_array_lgbids= 0 1 2 10 11 3 8 -1 -12 12 13 4 5 -4 -10 -2147483648 -2147483648 -2147483648 -2147483648 -3 -14 -13 -15 -2 9 6 7 -2147483648 -2147483648 -2147483648 -2147483648 -2147483648 -2147483648 -2147483648 -2147483648 -2147483648 -2147483648 -2147483648 -2147483648 -2147483648 -2147483648 -2147483648 -2147483648 -2147483648 -2147483648 -2147483648 -2147483648 -2147483648 -2147483648 -6 -11 -5 -8 -7 -9 -2147483648 -2147483648 -2147483648 -2147483648 -2147483648 -2147483648 -2147483648 -2147483648
split_feature= 8 20 9 10 19 7 17 1 19 20 10 12 1 21
split_gain= 22.7286 13.8823 12.7096 10.8726 14.2504 10.2149 8.24654 7.43639 7.04805 3.37369 2.00682 0.0790626 0.310595 0.184228
threshold= 3.5000000000000004 3.5000000000000004 1.0000000180025095e-35 1.0000000180025095e-35 6.5000000000000009 1.0000000180025095e-35 1.0000000180025095e-35 1.5000000000000002 1.5000000000000002 3.5000000000000004 1.0000000180025095e-35 1.0000000180025095e-35 2.5000000000000004 4.5000000000000009
decision_type= 2 2 2 2 2 2 2 2 2 2 2 2 2 2
left_child=1 10 3 4 -2 6 -5 -7 -4 -6 -1 12 -3 -13
right_child=2 11 8 5 9 7 -8 -9 -10 -11 -12 13 -14 -15
leaf_value= 0.10138218346564346 0.11059116664123388 0.10529409188060318 0.10136256567353603 0.10858392574873782 0.11896119191841679 -0.058223452167945139 -0.1027055073077857 0.096714207375509939 -0.10151299566748768 -0.10975432118979617 -0.10129091468540452 0.1013888863039846 -0.10590718114367088 -0.023255557295437986
leaf_weight=0.77995715104043384 15.187871573492886 0.50898213963955896 2.0555796753615168 2.2569218128919593 0.93789227306842704 5.8419733420014373 19.485448083840314 8.2727033505216223 25.584519423544407 5.2031915932893753 5.2593590635806322 28.602749965153638 0.47399280220270157 0.63720805011689563
leaf_count=58 511 17 155 31 7 67 841 246 1923 74 418 2117 9 25
model_size=1600
internal_value=0 0.0671476 -0.0290584 -0.00133083 0.057206 -0.0361505 -0.080773 0.0325865 -0.0864252 -0.0748239 -0.0751164 0.0955756 0.00345235 0.0986726
internal_weight=0 36.2622 84.8261 57.186 21.329 35.857 21.7424 14.1147 27.6401 6.14108 6.03932 30.2229 0.982975 29.24
internal_count=6499 2644 3855 1777 592 1185 872 313 2078 81 476 2168 26 2142
is_linear=0
shrinkage=0.1


Tree=37
num_leaves= 12
num_cat= 0
full_tree_array_lgbids= 0 1 2 10 -3 3 7 -1 -12 -2147483648 -2147483648 4 5 -4 -9 -2147483648 -2147483648 -2147483648 -2147483648 -2147483648 -2147483648 -2147483648 -2147483648 -2 9 6 8 -2147483648 -2147483648 -2147483648 -2147483648 -2147483648 -2147483648 -2147483648 -2147483648 -2147483648 -2147483648 -2147483648 -2147483648 -2147483648 -2147483648 -2147483648 -2147483648 -2147483648 -2147483648 -2147483648 -2147483648 -2147483648 -2147483648 -6 -11 -5 -8 -7 -10 -2147483648 -2147483648 -2147483648 -2147483648 -2147483648 -2147483648 -2147483648 -2147483648
split_feature= 8 20 9 10 19 7 13 19 1 2 10
split_gain= 20.351 12.4254 11.4601 9.59021 12.6804 9.13559 7.34161 6.27665 6.26614 2.91883 1.7224
threshold= 3.5000000000000004 3.5000000000000004 1.0000000180025095e-35 1.0000000180025095e-35 6.5000000000000009 1.0000000180025095e-35 1.5000000000000002 1.5000000000000002 1.5000000000000002 7.5000000000000009 1.0000000180025095e-35
decision_type= 2 2 2 2 2 2 2 2 2 2 2
left_child=1 10 3 4 -2 6 -5 -4 -7 -6 -1
right_child=2 -3 7 5 9 8 -8 -9 -10 -11 -12
leaf_value= 0.10124892270984971 0.10964458035554048 0.095242566540693574 0.10123122082823095 0.10770066517105102 -0.10875857346911184 -0.053884469044988594 -0.10244263219479272 -0.1013678117669032 0.092680694834944802 0.11683454770773541 -0.1011665588796799
leaf_weight=0.70661601796746154 13.855155604891481 27.441344257909805 1.8622558517381573 2.0580380409956005 4.7489410117268553 5.689474016427992 17.674100848846138 23.181299986317754 7.7947558239102364 0.86329021304845799 4.7644168231636286
leaf_count=58 511 2168 155 31 74 67 841 1923 246 7 418
model_size=1264
internal_value=0 0.0669392 -0.0287014 -0.0013204 0.0566854 -0.0353163 -0.0805249 -0.0863024 0.0308397 -0.0740572 -0.0750234
internal_weight=0 32.9124 77.7273 52.6838 19.4674 33.2164 19.7321 25.0436 13.4842 5.61223 5.47103
internal_count=6499 2644 3855 1777 592 1185 872 2078 313 81 476
is_linear=0
shrinkage=0.1


Tree=38
num_leaves= 7
num_cat= 0
full_tree_array_lgbids= 0 -1 1 -2147483648 -2147483648 5 2 -2147483648 -2147483648 -2147483648 -2147483648 -2 -7 3 -4 -2147483648 -2147483648 -2147483648 -2147483648 -2147483648 -2147483648 -2147483648 -2147483648 -2147483648 -2147483648 -2147483648 -2147483648 -3 4 -2147483648 -2147483648 -2147483648 -2147483648 -2147483648 -2147483648 -2147483648 -2147483648 -2147483648 -2147483648 -2147483648 -2147483648 -2147483648 -2147483648 -2147483648 -2147483648 -2147483648 -2147483648 -2147483648 -2147483648 -2147483648 -2147483648 -2147483648 -2147483648 -2147483648 -2147483648 -2147483648 -2147483648 -5 -6 -2147483648 -2147483648 -2147483648 -2147483648
split_feature= 8 19 9 21 4 4
split_gain= 18.1394 19.3237 10.7552 11.5447 7.99757 5.72951
threshold= 1.0000000180025095e-35 1.5000000000000002 1.0000000180025095e-35 1.0000000180025095e-35 5.5000000000000009 4.5000000000000009
decision_type= 2 2 2 2 2 2
left_child=-1 5 3 -3 -5 -2
right_child=1 2 -4 4 -6 -7
leaf_value= 0.10114095884697552 0.10131647015154228 0.098836260373384707 -0.10122391059615397 -0.053878888651350036 0.10241275363880403 -0.10340912910029749
leaf_weight=15.592821585014461 14.934634616598487 8.0301437694579345 22.580718610435724 34.478612962178886 4.0275436872616401 1.7427523303776986
leaf_count=1398 1256 216 2076 1276 199 78
model_size=704
internal_value=0 -0.0186997 -0.0424966 -0.0140004 -0.0375316 0.0799231
internal_weight=0 85.7944 69.117 46.5363 38.5062 16.6774
internal_count=6499 5101 3767 1691 1475 1334
is_linear=0
shrinkage=0.1


Tree=39
num_leaves= 8
num_cat= 0
full_tree_array_lgbids= 0 -1 1 -2147483648 -2147483648 5 2 -2147483648 -2147483648 -2147483648 -2147483648 -2 -7 3 -4 -2147483648 -2147483648 -2147483648 -2147483648 -2147483648 -2147483648 -2147483648 -2147483648 -2147483648 -2147483648 -2147483648 -2147483648 6 4 -2147483648 -2147483648 -2147483648 -2147483648 -2147483648 -2147483648 -2147483648 -2147483648 -2147483648 -2147483648 -2147483648 -2147483648 -2147483648 -2147483648 -2147483648 -2147483648 -2147483648 -2147483648 -2147483648 -2147483648 -2147483648 -2147483648 -2147483648 -2147483648 -2147483648 -2147483648 -3 -8 -5 -6 -2147483648 -2147483648 -2147483648 -2147483648
split_feature= 8 19 9 21 4 4 11
split_gain= 16.2099 17.0233 10.0292 9.91255 6.81622 5.09063 0.721801
threshold= 1.0000000180025095e-35 1.5000000000000002 1.0000000180025095e-35 1.0000000180025095e-35 5.5000000000000009 4.5000000000000009 2.5000000000000004
decision_type= 2 2 2 2 2 2 2
left_child=-1 5 3 6 -5 -2 -3
right_child=1 2 -4 4 -6 -7 -8
leaf_value= 0.1010312099048955 0.10119026997717687 0.1068511911601334 -0.10110662814720628 -0.050096666581117659 0.10217893965152734 -0.10307907247913964 -0.10571782955400021
leaf_weight=14.12351532652974 13.529412272851911 7.0676741395145646 20.454373955726624 33.430457476526499 3.6521867150440803 1.5816995520144708 0.35812339186668385
leaf_count=1398 1256 209 2076 1276 199 78 7
model_size=816
internal_value=0 -0.0180623 -0.0408283 -0.0131267 -0.0350994 0.0798091 0.0965996
internal_weight=0 80.0739 64.9628 44.5084 37.0826 15.1111 7.4258
internal_count=6499 5101 3767 1691 1475 1334 216
is_linear=0
shrinkage=0.1


Tree=40
num_leaves= 8
num_cat= 0
full_tree_array_lgbids= 0 -1 1 -2147483648 -2147483648 5 2 -2147483648 -2147483648 -2147483648 -2147483648 -2 -7 3 -4 -2147483648 -2147483648 -2147483648 -2147483648 -2147483648 -2147483648 -2147483648 -2147483648 -2147483648 -2147483648 -2147483648 -2147483648 6 4 -2147483648 -2147483648 -2147483648 -2147483648 -2147483648 -2147483648 -2147483648 -2147483648 -2147483648 -2147483648 -2147483648 -2147483648 -2147483648 -2147483648 -2147483648 -2147483648 -2147483648 -2147483648 -2147483648 -2147483648 -2147483648 -2147483648 -2147483648 -2147483648 -2147483648 -2147483648 -3 -8 -5 -6 -2147483648 -2147483648 -2147483648 -2147483648
split_feature= 8 19 9 21 10 4 11
split_gain= 14.4739 14.9813 9.33323 8.59407 6.6877 4.51169 0.55753
threshold= 1.0000000180025095e-35 1.5000000000000002 1.0000000180025095e-35 1.0000000180025095e-35 2.5000000000000004 4.5000000000000009 2.5000000000000004
decision_type= 2 2 2 2 2 2 2
left_child=-1 5 3 6 -5 -2 -3
right_child=1 2 -4 4 -6 -7 -8
leaf_value= 0.10093210821962191 0.10107625104137506 0.10619381863977023 -0.10100065597714912 -0.002451452306490352 -0.10203130847740415 -0.10278146739002225 -0.1051442009971396
leaf_weight=12.791394436731933 12.255025793332603 6.4326646234840146 18.526313816197217 24.935132804326713 10.887316506355999 1.4351138956844813 0.32572103664278973
leaf_count=1398 1256 209 2076 823 652 78 7
model_size=816
internal_value=0 -0.0174217 -0.0391817 -0.0122852 -0.0327162 0.0797062 0.0960084
internal_weight=0 74.7973 61.1071 42.5808 35.8224 13.6901 6.75839
internal_count=6499 5101 3767 1691 1475 1334 216
is_linear=0
shrinkage=0.1


Tree=41
num_leaves= 8
num_cat= 0
full_tree_array_lgbids= 0 -1 1 -2147483648 -2147483648 5 2 -2147483648 -2147483648 -2147483648 -2147483648 -2 -7 3 -4 -2147483648 -2147483648 -2147483648 -2147483648 -2147483648 -2147483648 -2147483648 -2147483648 -2147483648 -2147483648 -2147483648 -2147483648 6 4 -2147483648 -2147483648 -2147483648 -2147483648 -2147483648 -2147483648 -2147483648 -2147483648 -2147483648 -2147483648 -2147483648 -2147483648 -2147483648 -2147483648 -2147483648 -2147483648 -2147483648 -2147483648 -2147483648 -2147483648 -2147483648 -2147483648 -2147483648 -2147483648 -2147483648 -2147483648 -3 -8 -5 -6 -2147483648 -2147483648 -2147483648 -2147483648
split_feature= 8 19 9 21 10 4 11
split_gain= 12.9266 13.1727 8.6661 7.45177 6.1824 3.98943 0.410669
threshold= 1.0000000180025095e-35 1.5000000000000002 1.0000000180025095e-35 1.0000000180025095e-35 2.5000000000000004 4.5000000000000009 2.5000000000000004
decision_type= 2 2 2 2 2 2 2
left_child=-1 5 3 6 -5 -2 -3
right_child=1 2 -4 4 -6 -7 -8
leaf_value= 0.10084262619189586 0.10097322083202863 0.10560010858373406 -0.10090489666002866 -0.0022072632256816579 -0.10183517127624925 -0.10251302662061464 -0.10463079483452774
leaf_weight=11.583880400285123 11.099544859956946 5.8515717741101971 16.778401236981153 24.924900703132153 9.8692593174055201 1.3017719313502318 0.29609695449471463
leaf_count=1398 1256 209 2076 823 652 78 7
model_size=816
internal_value=0 -0.0168111 -0.0375281 -0.0115556 -0.0304664 0.0796132 0.0954745
internal_weight=0 70.1215 57.7202 40.9418 34.7942 12.4013 6.14767
internal_count=6499 5101 3767 1691 1475 1334 216
is_linear=0
shrinkage=0.1


Tree=42
num_leaves= 8
num_cat= 0
full_tree_array_lgbids= 0 -1 1 -2147483648 -2147483648 5 2 -2147483648 -2147483648 -2147483648 -2147483648 -2 -7 3 -4 -2147483648 -2147483648 -2147483648 -2147483648 -2147483648 -2147483648 -2147483648 -2147483648 -2147483648 -2147483648 -2147483648 -2147483648 6 4 -2147483648 -2147483648 -2147483648 -2147483648 -2147483648 -2147483648 -2147483648 -2147483648 -2147483648 -2147483648 -2147483648 -2147483648 -2147483648 -2147483648 -2147483648 -2147483648 -2147483648 -2147483648 -2147483648 -2147483648 -2147483648 -2147483648 -2147483648 -2147483648 -2147483648 -2147483648 -3 -8 -5 -6 -2147483648 -2147483648 -2147483648 -2147483648
split_feature= 8 19 9 21 10 4 11
split_gain= 11.5333 11.5637 8.03688 6.45191 5.69588 3.51729 0.278375
threshold= 1.0000000180025095e-35 1.5000000000000002 1.0000000180025095e-35 1.0000000180025095e-35 2.5000000000000004 4.5000000000000009 2.5000000000000004
decision_type= 2 2 2 2 2 2 2
left_child=-1 5 3 6 -5 -2 -3
right_child=1 2 -4 4 -6 -7 -8
leaf_value= 0.10076179852446338 0.10088010926957272 0.10506376020283066 -0.10081835080422415 -0.0019873060697756361 -0.10165821653699253 -0.10227081878340093 -0.10417075610886545
leaf_weight=10.489508553408085 10.052081796806302 5.3203728520311406 15.194095379672943 24.915757996961474 8.9448282858356816 1.180539537221194 0.26904242485761631
leaf_count=1398 1256 209 2076 823 652 78 7
model_size=816
internal_value=0 -0.0161878 -0.0358634 -0.0108461 -0.028317 0.0795291 0.0949924
internal_weight=0 65.8767 54.6441 39.45 33.8606 11.2326 5.58942
internal_count=6499 5101 3767 1691 1475 1334 216
is_linear=0
shrinkage=0.1


Tree=43
num_leaves= 7
num_cat= 0
full_tree_array_lgbids= 0 1 -2 3 2 -2147483648 -2147483648 -1 -5 -3 4 -2147483648 -2147483648 -2147483648 -2147483648 -2147483648 -2147483648 -2147483648 -2147483648 -2147483648 -2147483648 -4 5 -2147483648 -2147483648 -2147483648 -2147483648 -2147483648 -2147483648 -2147483648 -2147483648 -2147483648 -2147483648 -2147483648 -2147483648 -2147483648 -2147483648 -2147483648 -2147483648 -2147483648 -2147483648 -2147483648 -2147483648 -2147483648 -2147483648 -6 -7 -2147483648 -2147483648 -2147483648 -2147483648 -2147483648 -2147483648 -2147483648 -2147483648 -2147483648 -2147483648 -2147483648 -2147483648 -2147483648 -2147483648 -2147483648 -2147483648
split_feature= 4 4 19 4 19 12
split_gain= 10.5311 12.7666 13.7897 12.237 7.95524 10.7214
threshold= 5.5000000000000009 2.5000000000000004 4.5000000000000009 1.0000000180025095e-35 5.5000000000000009 2.5000000000000004
decision_type= 2 2 2 2 2 2
left_child=1 3 -3 -1 -4 -6
right_child=-2 2 4 -5 5 -7
leaf_value= -0.10137377724555859 0.10113694905991986 -0.10212748857139464 0.12009141864826026 0.10091427519563306 -0.085400817943447921 0.1029600300206459
leaf_weight=4.1116204718127856 9.609879448078571 22.621027088258415 5.6943454686552295 14.398421676363796 10.317638597451149 4.7691822946071634
leaf_count=320 1123 2523 58 1885 516 74
model_size=704
internal_value=0 -0.0158336 -0.0464605 0.0559802 0.014135 -0.025857
internal_weight=0 61.9122 43.4022 18.51 20.7812 15.0868
internal_count=6499 5376 3171 2205 648 590
is_linear=0
shrinkage=0.1


Tree=44
num_leaves= 7
num_cat= 0
full_tree_array_lgbids= 0 1 -2 3 2 -2147483648 -2147483648 -1 -5 -3 4 -2147483648 -2147483648 -2147483648 -2147483648 -2147483648 -2147483648 -2147483648 -2147483648 -2147483648 -2147483648 -4 5 -2147483648 -2147483648 -2147483648 -2147483648 -2147483648 -2147483648 -2147483648 -2147483648 -2147483648 -2147483648 -2147483648 -2147483648 -2147483648 -2147483648 -2147483648 -2147483648 -2147483648 -2147483648 -2147483648 -2147483648 -2147483648 -2147483648 -6 -7 -2147483648 -2147483648 -2147483648 -2147483648 -2147483648 -2147483648 -2147483648 -2147483648 -2147483648 -2147483648 -2147483648 -2147483648 -2147483648 -2147483648 -2147483648 -2147483648
split_feature= 4 4 19 4 19 12
split_gain= 9.41519 11.3386 12.4703 10.9726 6.94331 9.17812
threshold= 5.5000000000000009 2.5000000000000004 4.5000000000000009 1.0000000180025095e-35 5.5000000000000009 2.5000000000000004
decision_type= 2 2 2 2 2 2
left_child=1 3 -3 -1 -4 -6
right_child=-2 2 4 -5 5 -7
leaf_value= -0.10124148277945873 0.10102846685163967 -0.10193219745124203 0.11785980528437168 0.10082703235356411 -0.082501730745139751 0.098076954985975989
leaf_weight=3.7249621609225878 8.704240486957131 20.505574364680797 5.2449835641309628 13.038930224953219 9.6473451368510705 4.5192364342510709
leaf_count=320 1123 2523 58 1885 516 74
model_size=704
internal_value=0 -0.0156514 -0.0457121 0.0559271 0.0136765 -0.0248959
internal_weight=0 56.681 39.9171 16.7639 19.4116 14.1666
internal_count=6499 5376 3171 2205 648 590
is_linear=0
shrinkage=0.1


Tree=45
num_leaves= 7
num_cat= 0
full_tree_array_lgbids= 0 1 -2 3 2 -2147483648 -2147483648 -1 -5 -3 4 -2147483648 -2147483648 -2147483648 -2147483648 -2147483648 -2147483648 -2147483648 -2147483648 -2147483648 -2147483648 -4 5 -2147483648 -2147483648 -2147483648 -2147483648 -2147483648 -2147483648 -2147483648 -2147483648 -2147483648 -2147483648 -2147483648 -2147483648 -2147483648 -2147483648 -2147483648 -2147483648 -2147483648 -2147483648 -2147483648 -2147483648 -2147483648 -2147483648 -6 -7 -2147483648 -2147483648 -2147483648 -2147483648 -2147483648 -2147483648 -2147483648 -2147483648 -2147483648 -2147483648 -2147483648 -2147483648 -2147483648 -2147483648 -2147483648 -2147483648
split_feature= 4 4 19 4 19 12
split_gain= 8.40697 10.052 11.279 9.83008 6.05776 7.80712
threshold= 5.5000000000000009 2.5000000000000004 4.5000000000000009 1.0000000180025095e-35 5.5000000000000009 2.5000000000000004
decision_type= 2 2 2 2 2 2
left_child=1 3 -3 -1 -4 -6
right_child=-2 2 4 -5 5 -7
leaf_value= -0.10112205721957737 0.10093036927182478 -0.10175424813914152 0.11590694389010635 0.10074813912936392 -0.079424268728420955 0.093088743334605206
leaf_weight=3.3742631897330257 7.8831880898214868 18.585009580478072 4.8216998782008895 11.806880763499066 9.0504546710289997 4.2971018962562093
leaf_count=320 1123 2523 58 1885 516 74
model_size=704
internal_value=0 -0.0154565 -0.0449213 0.0558791 0.0132121 -0.0238856
internal_weight=0 51.9354 36.7543 15.1811 18.1693 13.3476
internal_count=6499 5376 3171 2205 648 590
is_linear=0
shrinkage=0.1


Tree=46
num_leaves= 7
num_cat= 0
full_tree_array_lgbids= 0 1 -2 3 2 -2147483648 -2147483648 -1 -5 -3 4 -2147483648 -2147483648 -2147483648 -2147483648 -2147483648 -2147483648 -2147483648 -2147483648 -2147483648 -2147483648 -4 5 -2147483648 -2147483648 -2147483648 -2147483648 -2147483648 -2147483648 -2147483648 -2147483648 -2147483648 -2147483648 -2147483648 -2147483648 -2147483648 -2147483648 -2147483648 -2147483648 -2147483648 -2147483648 -2147483648 -2147483648 -2147483648 -2147483648 -6 -7 -2147483648 -2147483648 -2147483648 -2147483648 -2147483648 -2147483648 -2147483648 -2147483648 -2147483648 -2147483648 -2147483648 -2147483648 -2147483648 -2147483648 -2147483648 -2147483648
split_feature= 4 4 19 4 19 12
split_gain= 7.49584 8.89246 10.2028 8.79743 5.28022 6.59268
threshold= 5.5000000000000009 2.5000000000000004 4.5000000000000009 1.0000000180025095e-35 5.5000000000000009 2.5000000000000004
decision_type= 2 2 2 2 2 2
left_child=1 3 -3 -1 -4 -6
right_child=-2 2 4 -5 5 -7
leaf_value= -0.1010142331660514 0.10084164303528564 -0.10159219758243665 0.11419182987019288 0.10067679071073779 -0.07618364568674435 0.088013542579432502
leaf_weight=3.0562527170404765 7.1389603703282765 16.841872763819993 4.4250126974657187 10.690493833739311 8.5199092761613411 4.1009025946259507
leaf_count=320 1123 2523 58 1885 516 74
model_size=704
internal_value=0 -0.0152471 -0.0440822 0.0558357 0.0127396 -0.0228308
internal_weight=0 47.6344 33.8877 13.7467 17.0458 12.6208
internal_count=6499 5376 3171 2205 648 590
is_linear=0
shrinkage=0.1


Tree=47
num_leaves= 7
num_cat= 0
full_tree_array_lgbids= 0 1 -2 3 2 -2147483648 -2147483648 -1 -5 -3 4 -2147483648 -2147483648 -2147483648 -2147483648 -2147483648 -2147483648 -2147483648 -2147483648 -2147483648 -2147483648 -4 5 -2147483648 -2147483648 -2147483648 -2147483648 -2147483648 -2147483648 -2147483648 -2147483648 -2147483648 -2147483648 -2147483648 -2147483648 -2147483648 -2147483648 -2147483648 -2147483648 -2147483648 -2147483648 -2147483648 -2147483648 -2147483648 -2147483648 -6 -7 -2147483648 -2147483648 -2147483648 -2147483648 -2147483648 -2147483648 -2147483648 -2147483648 -2147483648 -2147483648 -2147483648 -2147483648 -2147483648 -2147483648 -2147483648 -2147483648
split_feature= 4 4 19 4 19 12
split_gain= 6.67228 7.84746 9.22997 7.86388 4.59561 5.52076
threshold= 5.5000000000000009 2.5000000000000004 4.5000000000000009 1.0000000180025095e-35 5.5000000000000009 2.5000000000000004
decision_type= 2 2 2 2 2 2
left_child=1 3 -3 -1 -4 -6
right_child=-2 2 4 -5 5 -7
leaf_value= -0.10091686742172708 0.1007613896022457 -0.10144471939723039 0.11268069186026904 0.10061226076365559 -0.072801565471845783 0.082879774849484708
leaf_weight=2.7679442455992076 6.4644813844934097 15.26018515462056 4.0548547394573697 9.6790474820882082 8.0490895477123541 3.9286889415234336
leaf_count=320 1123 2523 58 1885 516 74
model_size=704
internal_value=0 -0.0150216 -0.0431901 0.0557965 0.0122579 -0.0217384
internal_weight=0 43.7398 31.2928 12.447 16.0326 11.9778
internal_count=6499 5376 3171 2205 648 590
is_linear=0
shrinkage=0.1


Tree=48
num_leaves= 7
num_cat= 0
full_tree_array_lgbids= 0 1 -2 3 2 -2147483648 -2147483648 -1 -5 -3 4 -2147483648 -2147483648 -2147483648 -2147483648 -2147483648 -2147483648 -2147483648 -2147483648 -2147483648 -2147483648 -4 5 -2147483648 -2147483648 -2147483648 -2147483648 -2147483648 -2147483648 -2147483648 -2147483648 -2147483648 -2147483648 -2147483648 -2147483648 -2147483648 -2147483648 -2147483648 -2147483648 -2147483648 -2147483648 -2147483648 -2147483648 -2147483648 -2147483648 -6 -7 -2147483648 -2147483648 -2147483648 -2147483648 -2147483648 -2147483648 -2147483648 -2147483648 -2147483648 -2147483648 -2147483648 -2147483648 -2147483648 -2147483648 -2147483648 -2147483648
split_feature= 4 4 19 4 19 17
split_gain= 5.92775 6.90582 8.34975 7.01972 3.99137 4.75874
threshold= 5.5000000000000009 2.5000000000000004 4.5000000000000009 1.0000000180025095e-35 5.5000000000000009 1.5000000000000002
decision_type= 2 2 2 2 2 2
left_child=1 3 -3 -1 -4 -6
right_child=-2 2 4 -5 5 -7
leaf_value= -0.10082891437921004 0.10068881289540428 -0.10131056323938191 0.11134551690497399 0.10055389231584222 0.040248623783098479 -0.10187765731217771
leaf_weight=2.5066130803897968 5.8533067470416418 13.825341786956415 3.7107226168736807 8.7627894722390902 6.5238148043863475 4.8864620020613074
leaf_count=320 1123 2523 58 1885 156 434
model_size=704
internal_value=0 -0.0147786 -0.0422412 0.055761 0.0117668 -0.0206171
internal_weight=0 40.2157 28.9463 11.2694 15.121 11.4103
internal_count=6499 5376 3171 2205 648 590
is_linear=0
shrinkage=0.1


Tree=49
num_leaves= 7
num_cat= 0
full_tree_array_lgbids= 0 1 -2 3 2 -2147483648 -2147483648 -1 -5 -3 4 -2147483648 -2147483648 -2147483648 -2147483648 -2147483648 -2147483648 -2147483648 -2147483648 -2147483648 -2147483648 -4 5 -2147483648 -2147483648 -2147483648 -2147483648 -2147483648 -2147483648 -2147483648 -2147483648 -2147483648 -2147483648 -2147483648 -2147483648 -2147483648 -2147483648 -2147483648 -2147483648 -2147483648 -2147483648 -2147483648 -2147483648 -2147483648 -2147483648 -6 -7 -2147483648 -2147483648 -2147483648 -2147483648 -2147483648 -2147483648 -2147483648 -2147483648 -2147483648 -2147483648 -2147483648 -2147483648 -2147483648 -2147483648 -2147483648 -2147483648
split_feature= 4 4 19 4 19 12
split_gain= 5.25878 6.06468 7.53769 6.25623 3.4661 4.42298
threshold= 5.5000000000000009 2.5000000000000004 4.5000000000000009 1.0000000180025095e-35 5.5000000000000009 2.5000000000000004
decision_type= 2 2 2 2 2 2
left_child=1 3 -3 -1 -4 -6
right_child=-2 2 4 -5 5 -7
leaf_value= -0.10074946363881439 0.10062316375779107 -0.10118858606326574 0.11016286853213042 0.10050109731122188 -0.068828191831915006 0.079287292242166824
leaf_weight=2.2697749161161465 5.2995706330984822 12.523999942000955 3.3917983965948215 7.9328532472718507 7.2892249953001738 3.6283991616219282
leaf_count=320 1123 2523 58 1885 516 74
model_size=704
internal_value=0 -0.0145553 -0.0412789 0.055729 0.0111557 -0.019603
internal_weight=0 37.0361 26.8334 10.2026 14.3094 10.9176
internal_count=6499 5376 3171 2205 648 590
is_linear=0
shrinkage=0.1


Tree=50
num_leaves= 8
num_cat= 0
full_tree_array_lgbids= 0 1 -2 3 2 -2147483648 -2147483648 -1 -5 -3 4 -2147483648 -2147483648 -2147483648 -2147483648 -2147483648 -2147483648 -2147483648 -2147483648 -2147483648 -2147483648 6 5 -2147483648 -2147483648 -2147483648 -2147483648 -2147483648 -2147483648 -2147483648 -2147483648 -2147483648 -2147483648 -2147483648 -2147483648 -2147483648 -2147483648 -2147483648 -2147483648 -2147483648 -2147483648 -2147483648 -2147483648 -4 -8 -6 -7 -2147483648 -2147483648 -2147483648 -2147483648 -2147483648 -2147483648 -2147483648 -2147483648 -2147483648 -2147483648 -2147483648 -2147483648 -2147483648 -2147483648 -2147483648 -2147483648
split_feature= 4 4 19 4 2 10 19
split_gain= 4.65036 5.30575 6.81063 5.56556 3.14716 2.02378 1.15782
threshold= 5.5000000000000009 2.5000000000000004 4.5000000000000009 1.0000000180025095e-35 4.5000000000000009 3.5000000000000004 6.5000000000000009
decision_type= 2 2 2 2 2 2 2
left_child=1 3 -3 -1 6 -6 -4
right_child=-2 2 4 -5 5 -7 -8
leaf_value= -0.1006776762213776 0.10056378089616774 -0.10107773449349691 0.10719676025363151 0.10045334331363959 0.10485792490021546 -0.046814391981722284 -0.063179890578998393
leaf_weight=2.0551672293804568 4.7979374695569268 11.343979828292504 0.80218356475234021 7.1811812529340386 4.9705071737989783 1.7063686186447737 6.056802368722856
leaf_count=320 1123 2523 18 1885 77 175 378
model_size=816
internal_value=0 -0.01429 -0.040273 0.0557 0.0106855 0.066096 -0.0432537
internal_weight=0 34.1162 24.8798 9.23635 13.5359 6.67688 6.85899
internal_count=6499 5376 3171 2205 648 252 396
is_linear=0
shrinkage=0.1


Tree=51
num_leaves= 7
num_cat= 0
full_tree_array_lgbids= 0 1 -2 3 2 -2147483648 -2147483648 -1 -5 -3 4 -2147483648 -2147483648 -2147483648 -2147483648 -2147483648 -2147483648 -2147483648 -2147483648 -2147483648 -2147483648 -4 5 -2147483648 -2147483648 -2147483648 -2147483648 -2147483648 -2147483648 -2147483648 -2147483648 -2147483648 -2147483648 -2147483648 -2147483648 -2147483648 -2147483648 -2147483648 -2147483648 -2147483648 -2147483648 -2147483648 -2147483648 -2147483648 -2147483648 -6 -7 -2147483648 -2147483648 -2147483648 -2147483648 -2147483648 -2147483648 -2147483648 -2147483648 -2147483648 -2147483648 -2147483648 -2147483648 -2147483648 -2147483648 -2147483648 -2147483648
split_feature= 4 4 19 4 19 17
split_gain= 4.09584 4.60885 6.16269 4.93866 2.58229 3.82571
threshold= 5.5000000000000009 2.5000000000000004 4.5000000000000009 1.0000000180025095e-35 5.5000000000000009 1.5000000000000002
decision_type= 2 2 2 2 2 2
left_child=1 3 -3 -1 -4 -6
right_child=-2 2 4 -5 5 -7
leaf_value= -0.1006128078123916 0.1005100605652821 -0.10097703354751789 0.10821079700369146 0.10041014864082709 0.038292999109033166 -0.10167269553339853
leaf_weight=1.860730210319163 4.3435556963086119 10.274173634825274 2.8339964086189857 6.5004546258132905 6.073868244420737 4.0116081219166517
leaf_count=320 1123 2523 58 1885 156 434
model_size=704
internal_value=0 -0.0139621 -0.0390655 0.0556737 0.0101695 -0.0173799
internal_weight=0 31.5548 23.1936 8.36118 12.9195 10.0855
internal_count=6499 5376 3171 2205 648 590
is_linear=0
shrinkage=0.1


Tree=52
num_leaves= 8
num_cat= 0
full_tree_array_lgbids= 0 1 -2 3 2 -2147483648 -2147483648 -1 -5 -3 4 -2147483648 -2147483648 -2147483648 -2147483648 -2147483648 -2147483648 -2147483648 -2147483648 -2147483648 -2147483648 6 5 -2147483648 -2147483648 -2147483648 -2147483648 -2147483648 -2147483648 -2147483648 -2147483648 -2147483648 -2147483648 -2147483648 -2147483648 -2147483648 -2147483648 -2147483648 -2147483648 -2147483648 -2147483648 -2147483648 -2147483648 -4 -8 -6 -7 -2147483648 -2147483648 -2147483648 -2147483648 -2147483648 -2147483648 -2147483648 -2147483648 -2147483648 -2147483648 -2147483648 -2147483648 -2147483648 -2147483648 -2147483648 -2147483648
split_feature= 4 4 19 4 2 10 21
split_gain= 3.60282 4.00697 5.54338 4.37309 2.45839 1.31952 1.16788
threshold= 5.5000000000000009 2.5000000000000004 4.5000000000000009 1.0000000180025095e-35 4.5000000000000009 3.5000000000000004 1.0000000180025095e-35
decision_type= 2 2 2 2 2 2 2
left_child=1 3 -3 -1 6 -6 -4
right_child=-2 2 4 -5 5 -7 -8
leaf_value= -0.100554181767363 0.10046146792491839 -0.10088558591075719 0.060388035530295564 0.10037107125431595 0.099450391557565784 -0.040370471382881828 -0.074029743958080069
leaf_weight=1.6845900015905524 3.9320160511415443 9.3044552763458341 1.5197715908288953 5.8840281112352386 4.4330970887094736 1.5391895803622899 4.76520263007842
leaf_count=320 1123 2523 49 1885 77 175 347
model_size=816
internal_value=0 -0.0137227 -0.038074 0.05565 0.00960612 0.0634155 -0.0415261
internal_weight=0 29.1303 21.5617 7.56862 12.2573 5.97229 6.28497
internal_count=6499 5376 3171 2205 648 252 396
is_linear=0
shrinkage=0.1


Tree=53
num_leaves= 7
num_cat= 0
full_tree_array_lgbids= 0 1 -2 3 2 -2147483648 -2147483648 -1 -5 -3 4 -2147483648 -2147483648 -2147483648 -2147483648 -2147483648 -2147483648 -2147483648 -2147483648 -2147483648 -2147483648 -4 5 -2147483648 -2147483648 -2147483648 -2147483648 -2147483648 -2147483648 -2147483648 -2147483648 -2147483648 -2147483648 -2147483648 -2147483648 -2147483648 -2147483648 -2147483648 -2147483648 -2147483648 -2147483648 -2147483648 -2147483648 -2147483648 -2147483648 -6 -7 -2147483648 -2147483648 -2147483648 -2147483648 -2147483648 -2147483648 -2147483648 -2147483648 -2147483648 -2147483648 -2147483648 -2147483648 -2147483648 -2147483648 -2147483648 -2147483648
split_feature= 4 4 19 4 19 12
split_gain= 3.15227 3.45521 4.99428 3.86014 2.07475 3.21311
threshold= 5.5000000000000009 2.5000000000000004 4.5000000000000009 1.0000000180025095e-35 5.5000000000000009 2.5000000000000004
decision_type= 2 2 2 2 2 2
left_child=1 3 -3 -1 -4 -6
right_child=-2 2 4 -5 5 -7
leaf_value= -0.10050118433398854 0.10041750660247468 -0.10080256393935322 0.10690810361837018 0.10033572071564581 -0.066196909726842224 0.074166072651456957
leaf_weight=1.5250429515726924 3.5593135957606128 8.4256008218508214 2.4708976577967396 5.3258692590752617 5.9988762363791466 3.2282252721488476
leaf_count=320 1123 2523 58 1885 516 74
model_size=704
internal_value=0 -0.0134104 -0.0369141 0.0556285 0.00910213 -0.017089
internal_weight=0 26.9745 20.1236 6.85091 11.698 9.2271
internal_count=6499 5376 3171 2205 648 590
is_linear=0
shrinkage=0.1


Tree=54
num_leaves= 8
num_cat= 0
full_tree_array_lgbids= 0 1 -2 3 2 -2147483648 -2147483648 -1 -5 -3 4 -2147483648 -2147483648 -2147483648 -2147483648 -2147483648 -2147483648 -2147483648 -2147483648 -2147483648 -2147483648 6 5 -2147483648 -2147483648 -2147483648 -2147483648 -2147483648 -2147483648 -2147483648 -2147483648 -2147483648 -2147483648 -2147483648 -2147483648 -2147483648 -2147483648 -2147483648 -2147483648 -2147483648 -2147483648 -2147483648 -2147483648 -4 -8 -6 -7 -2147483648 -2147483648 -2147483648 -2147483648 -2147483648 -2147483648 -2147483648 -2147483648 -2147483648 -2147483648 -2147483648 -2147483648 -2147483648 -2147483648 -2147483648 -2147483648
split_feature= 4 4 19 4 2 10 21
split_gain= 2.74659 2.97082 4.48487 3.39661 1.93309 0.912846 0.657866
threshold= 5.5000000000000009 2.5000000000000004 4.5000000000000009 1.0000000180025095e-35 4.5000000000000009 3.5000000000000004 1.0000000180025095e-35
decision_type= 2 2 2 2 2 2 2
left_child=1 3 -3 -1 6 -6 -4
right_child=-2 2 4 -5 5 -7 -8
leaf_value= -0.10045328515960353 0.10037773984574141 -0.10072722473240046 0.050800245110630762 0.10030374484199012 0.095533518853672617 -0.037162121093937621 -0.071295635217684811
leaf_weight=1.3805404580198288 3.2218110957182935 7.629211195744575 1.4180049784481523 4.8205039467429742 3.9923032997176051 1.4170877509750424 4.2665912820957601
leaf_count=320 1123 2523 49 1885 77 175 347
model_size=816
internal_value=0 -0.0131218 -0.0358853 0.0556091 0.00870584 0.0607715 -0.0408392
internal_weight=0 24.9242 18.7232 6.20104 11.094 5.40939 5.6846
internal_count=6499 5376 3171 2205 648 252 396
is_linear=0
shrinkage=0.1


Tree=55
num_leaves= 7
num_cat= 0
full_tree_array_lgbids= 0 1 -2 3 2 -2147483648 -2147483648 -1 -5 -3 4 -2147483648 -2147483648 -2147483648 -2147483648 -2147483648 -2147483648 -2147483648 -2147483648 -2147483648 -2147483648 -4 5 -2147483648 -2147483648 -2147483648 -2147483648 -2147483648 -2147483648 -2147483648 -2147483648 -2147483648 -2147483648 -2147483648 -2147483648 -2147483648 -2147483648 -2147483648 -2147483648 -2147483648 -2147483648 -2147483648 -2147483648 -2147483648 -2147483648 -6 -7 -2147483648 -2147483648 -2147483648 -2147483648 -2147483648 -2147483648 -2147483648 -2147483648 -2147483648 -2147483648 -2147483648 -2147483648 -2147483648 -2147483648 -2147483648 -2147483648
split_feature= 4 4 19 4 19 17
split_gain= 2.37805 2.52773 4.02606 2.97586 1.65408 2.76577
threshold= 5.5000000000000009 2.5000000000000004 4.5000000000000009 1.0000000180025095e-35 5.5000000000000009 1.5000000000000002
decision_type= 2 2 2 2 2 2
left_child=1 3 -3 -1 -4 -6
right_child=-2 2 4 -5 5 -7
leaf_value= -0.10040997799423348 0.10034176579041776 -0.10065886928530875 0.10591798455435358 0.10027481549944228 0.034776210654800931 -0.10164688294682787
leaf_weight=1.2496760659851194 2.9162073372863224 6.9076454009627932 2.1618810798972836 4.3629667543573305 5.2684579882770777 3.1960417008958757
leaf_count=320 1123 2523 58 1885 156 434
model_size=704
internal_value=0 -0.0127867 -0.0346745 0.0555916 0.00821836 -0.0167347
internal_weight=0 23.1467 17.534 5.61264 10.6264 8.4645
internal_count=6499 5376 3171 2205 648 590
is_linear=0
shrinkage=0.1


Tree=56
num_leaves= 8
num_cat= 0
full_tree_array_lgbids= 0 1 -2 3 2 -2147483648 -2147483648 -1 -5 -3 4 -2147483648 -2147483648 -2147483648 -2147483648 -2147483648 -2147483648 -2147483648 -2147483648 -2147483648 -2147483648 6 5 -2147483648 -2147483648 -2147483648 -2147483648 -2147483648 -2147483648 -2147483648 -2147483648 -2147483648 -2147483648 -2147483648 -2147483648 -2147483648 -2147483648 -2147483648 -2147483648 -2147483648 -2147483648 -2147483648 -2147483648 -4 -8 -6 -7 -2147483648 -2147483648 -2147483648 -2147483648 -2147483648 -2147483648 -2147483648 -2147483648 -2147483648 -2147483648 -2147483648 -2147483648 -2147483648 -2147483648 -2147483648 -2147483648
split_feature= 4 4 19 4 2 8 19
split_gain= 2.04915 2.14504 3.58983 2.59562 1.44677 0.677508 0.544478
threshold= 5.5000000000000009 2.5000000000000004 4.5000000000000009 1.0000000180025095e-35 4.5000000000000009 7.5000000000000009 6.5000000000000009
decision_type= 2 2 2 2 2 2 2
left_child=1 3 -3 -1 6 -6 -4
right_child=-2 2 4 -5 5 -7 -8
leaf_value= -0.10037082430921702 0.10030921580036634 -0.10059686517403166 0.10543253556895026 0.1002486416444532 -0.088631636366640579 0.0806444962440514 -0.059023362216384379
leaf_weight=1.1311723289545685 2.6395061863586298 6.2539527087938067 0.62497935816645434 3.9487538821995258 0.6529576121829449 4.2310001952573657 4.5927095389924943
leaf_count=320 1123 2523 18 1885 126 126 378
model_size=816
internal_value=0 -0.0125333 -0.0336874 0.0555757 0.00773638 0.0580132 -0.0393247
internal_weight=0 21.4355 16.3556 5.07993 10.1016 4.88396 5.21769
internal_count=6499 5376 3171 2205 648 252 396
is_linear=0
shrinkage=0.1


Tree=57
num_leaves= 7
num_cat= 0
full_tree_array_lgbids= 0 1 -2 3 2 -2147483648 -2147483648 -1 -5 -3 4 -2147483648 -2147483648 -2147483648 -2147483648 -2147483648 -2147483648 -2147483648 -2147483648 -2147483648 -2147483648 -4 5 -2147483648 -2147483648 -2147483648 -2147483648 -2147483648 -2147483648 -2147483648 -2147483648 -2147483648 -2147483648 -2147483648 -2147483648 -2147483648 -2147483648 -2147483648 -2147483648 -2147483648 -2147483648 -2147483648 -2147483648 -2147483648 -2147483648 -6 -7 -2147483648 -2147483648 -2147483648 -2147483648 -2147483648 -2147483648 -2147483648 -2147483648 -2147483648 -2147483648 -2147483648 -2147483648 -2147483648 -2147483648 -2147483648 -2147483648
split_feature= 4 4 19 4 19 12
split_gain= 1.74644 1.7904 3.20319 2.24916 1.18426 2.27773
threshold= 5.5000000000000009 2.5000000000000004 4.5000000000000009 1.0000000180025095e-35 5.5000000000000009 2.5000000000000004
decision_type= 2 2 2 2 2 2
left_child=1 3 -3 -1 -4 -6
right_child=-2 2 4 -5 5 -7
leaf_value= -0.10033541894550534 0.10027976832257508 -0.10054063891428555 0.10486025412277776 0.10022496463618519 -0.063495456227993408 0.069946741025745815
leaf_weight=1.0238698311150116 2.3889896334148935 5.6618143247906128 1.8222951367497424 3.5737814577296376 5.0232162429019809 2.8389748893678188
leaf_count=320 1123 2523 58 1885 516 74
model_size=704
internal_value=0 -0.0121881 -0.0324854 0.0555613 0.00730157 -0.0153105
internal_weight=0 19.944 15.3463 4.59765 9.68449 7.86219
internal_count=6499 5376 3171 2205 648 590
is_linear=0
shrinkage=0.1


Tree=58
num_leaves= 8
num_cat= 0
full_tree_array_lgbids= 0 1 -2 3 2 -2147483648 -2147483648 -1 -5 -3 4 -2147483648 -2147483648 -2147483648 -2147483648 -2147483648 -2147483648 -2147483648 -2147483648 -2147483648 -2147483648 5 6 -2147483648 -2147483648 -2147483648 -2147483648 -2147483648 -2147483648 -2147483648 -2147483648 -2147483648 -2147483648 -2147483648 -2147483648 -2147483648 -2147483648 -2147483648 -2147483648 -2147483648 -2147483648 -2147483648 -2147483648 -4 -7 -6 -8 -2147483648 -2147483648 -2147483648 -2147483648 -2147483648 -2147483648 -2147483648 -2147483648 -2147483648 -2147483648 -2147483648 -2147483648 -2147483648 -2147483648 -2147483648 -2147483648
split_feature= 4 4 19 4 2 21 8
split_gain= 1.47504 1.48166 2.84398 1.93695 1.07967 0.410221 0.362209
threshold= 5.5000000000000009 2.5000000000000004 4.5000000000000009 1.0000000180025095e-35 4.5000000000000009 1.0000000180025095e-35 7.5000000000000009
decision_type= 2 2 2 2 2 2 2
left_child=1 3 -3 -1 5 -4 -6
right_child=-2 2 4 -5 6 -7 -8
leaf_value= -0.10030340844623453 0.10025312847214583 -0.1004896587412405 0.048450878549517969 0.10020354259841212 -0.086893206810985335 -0.071509561490446572 0.076527853050880501
leaf_weight=0.92671636654995815 2.162192390067502 5.1254881276981914 1.3132978472858647 3.2343472618958913 0.56703588576056052 3.4534004593733698 3.8785103531554341
leaf_count=320 1123 2523 49 1885 126 347 126
model_size=816
internal_value=0 -0.0118763 -0.0314441 0.0555484 0.00697135 -0.0384586 0.0556833
internal_weight=0 18.4988 14.3377 4.16106 9.21224 4.7667 4.44555
internal_count=6499 5376 3171 2205 648 396 252
is_linear=0
shrinkage=0.1


Tree=59
num_leaves= 7
num_cat= 0
full_tree_array_lgbids= 0 1 -2 3 2 -2147483648 -2147483648 -1 -5 -3 4 -2147483648 -2147483648 -2147483648 -2147483648 -2147483648 -2147483648 -2147483648 -2147483648 -2147483648 -2147483648 -4 5 -2147483648 -2147483648 -2147483648 -2147483648 -2147483648 -2147483648 -2147483648 -2147483648 -2147483648 -2147483648 -2147483648 -2147483648 -2147483648 -2147483648 -2147483648 -2147483648 -2147483648 -2147483648 -2147483648 -2147483648 -2147483648 -2147483648 -6 -7 -2147483648 -2147483648 -2147483648 -2147483648 -2147483648 -2147483648 -2147483648 -2147483648 -2147483648 -2147483648 -2147483648 -2147483648 -2147483648 -2147483648 -2147483648 -2147483648
split_feature= 4 4 19 4 19 17
split_gain= 1.22912 1.20164 2.51479 1.65295 0.927907 2.09811
threshold= 5.5000000000000009 2.5000000000000004 4.5000000000000009 1.0000000180025095e-35 5.5000000000000009 1.5000000000000002
decision_type= 2 2 2 2 2 2
left_child=1 3 -3 -1 -4 -6
right_child=-2 2 4 -5 5 -7
leaf_value= -0.100274458139225 0.10022903128516861 -0.10044344784482484 0.10426515394542989 0.10018416208181605 0.033848448959216959 -0.10158964971376264
leaf_weight=0.83875742368400574 1.9568790886551131 4.6397588104009637 1.6198921338655035 2.9270958480774425 4.5946542057208717 2.625670213252306
leaf_count=320 1123 2523 58 1885 156 434
model_size=704
internal_value=0 -0.0115513 -0.0302934 0.0555366 0.00652465 -0.0154036
internal_weight=0 17.2458 13.48 3.76585 8.84022 7.22032
internal_count=6499 5376 3171 2205 648 590
is_linear=0
shrinkage=0.1


Tree=60
num_leaves= 8
num_cat= 0
full_tree_array_lgbids= 0 1 -2 3 2 -2147483648 -2147483648 -1 -5 -3 4 -2147483648 -2147483648 -2147483648 -2147483648 -2147483648 -2147483648 -2147483648 -2147483648 -2147483648 -2147483648 5 6 -2147483648 -2147483648 -2147483648 -2147483648 -2147483648 -2147483648 -2147483648 -2147483648 -2147483648 -2147483648 -2147483648 -2147483648 -2147483648 -2147483648 -2147483648 -2147483648 -2147483648 -2147483648 -2147483648 -2147483648 -4 -7 -6 -8 -2147483648 -2147483648 -2147483648 -2147483648 -2147483648 -2147483648 -2147483648 -2147483648 -2147483648 -2147483648 -2147483648 -2147483648 -2147483648 -2147483648 -2147483648 -2147483648
split_feature= 4 4 19 4 2 21 10
split_gain= 1.00902 0.958999 2.20531 1.39632 0.73369 0.250895 0.16006
threshold= 5.5000000000000009 2.5000000000000004 4.5000000000000009 1.0000000180025095e-35 4.5000000000000009 1.5000000000000002 3.5000000000000004
decision_type= 2 2 2 2 2 2 2
left_child=1 3 -3 -1 5 -4 -6
right_child=-2 2 4 -5 6 -7 -8
leaf_value= -0.10024827946485451 0.10020721827605056 -0.10040156277955302 0.023868486546231256 0.10016662828449026 0.085065582194613965 -0.082861633028754267 -0.034930418606871731
leaf_weight=0.75912725063972653 1.7710231821984042 4.1998897065641367 1.8834916281048188 2.6489858899731189 2.9565484386403114 2.5041728358482942 1.0731130287749691
leaf_count=320 1123 2523 169 1885 77 227 175
model_size=816
internal_value=0 -0.0112924 -0.0293411 0.055526 0.00611506 -0.0370456 0.0531102
internal_weight=0 16.0253 12.6172 3.40811 8.41733 4.38766 4.02966
internal_count=6499 5376 3171 2205 648 396 252
is_linear=0
shrinkage=0.1


Tree=61
num_leaves= 7
num_cat= 0
full_tree_array_lgbids= 0 1 -2 3 2 -2147483648 -2147483648 -1 -5 -3 4 -2147483648 -2147483648 -2147483648 -2147483648 -2147483648 -2147483648 -2147483648 -2147483648 -2147483648 -2147483648 -4 5 -2147483648 -2147483648 -2147483648 -2147483648 -2147483648 -2147483648 -2147483648 -2147483648 -2147483648 -2147483648 -2147483648 -2147483648 -2147483648 -2147483648 -2147483648 -2147483648 -2147483648 -2147483648 -2147483648 -2147483648 -2147483648 -2147483648 -6 -7 -2147483648 -2147483648 -2147483648 -2147483648 -2147483648 -2147483648 -2147483648 -2147483648 -2147483648 -2147483648 -2147483648 -2147483648 -2147483648 -2147483648 -2147483648 -2147483648
split_feature= 4 4 19 4 19 17
split_gain= 0.80682 0.734001 1.9299 1.16258 0.659423 1.67332
threshold= 5.5000000000000009 2.5000000000000004 4.5000000000000009 1.0000000180025095e-35 5.5000000000000009 1.5000000000000002
decision_type= 2 2 2 2 2 2
left_child=1 3 -3 -1 -4 -6
right_child=-2 2 4 -5 5 -7
leaf_value= -0.10022460233074229 0.10018749389960134 -0.10036360791006019 0.10373855428439989 0.1001507677070947 0.030919498799307579 -0.10146386133104118
leaf_weight=0.68704075017012778 1.6027875178260718 3.801581457722933 1.4103420057799647 2.3972618918633088 4.3717311639338732 2.3180094388080761
leaf_count=320 1123 2523 58 1885 156 434
model_size=704
internal_value=0 -0.0109454 -0.0281688 0.0555164 0.00571406 -0.0149516
internal_weight=0 14.986 11.9017 3.0843 8.10008 6.68974
internal_count=6499 5376 3171 2205 648 590
is_linear=0
shrinkage=0.1


Tree=62
num_leaves= 7
num_cat= 0
full_tree_array_lgbids= 0 1 -2 2 -3 -2147483648 -2147483648 3 4 -2147483648 -2147483648 -2147483648 -2147483648 -2147483648 -2147483648 -1 -5 -4 5 -2147483648 -2147483648 -2147483648 -2147483648 -2147483648 -2147483648 -2147483648 -2147483648 -2147483648 -2147483648 -2147483648 -2147483648 -2147483648 -2147483648 -2147483648 -2147483648 -2147483648 -2147483648 -6 -7 -2147483648 -2147483648 -2147483648 -2147483648 -2147483648 -2147483648 -2147483648 -2147483648 -2147483648 -2147483648 -2147483648 -2147483648 -2147483648 -2147483648 -2147483648 -2147483648 -2147483648 -2147483648 -2147483648 -2147483648 -2147483648 -2147483648 -2147483648 -2147483648
split_feature= 4 14 4 4 19 19
split_gain= 0.626163 0.602929 1.04593 0.950407 0.848445 1.0606
threshold= 5.5000000000000009 7.5000000000000009 2.5000000000000004 1.0000000180025095e-35 4.5000000000000009 5.5000000000000009
decision_type= 2 2 2 2 2 2
left_child=1 2 3 -1 -4 -6
right_child=-2 -3 4 -5 5 -7
leaf_value= -0.1002031843033761 0.10016964067018173 0.1099956170820393 -0.10032921967532551 0.100136410663008 0.1033720101083524 -0.037271734660299975
leaf_weight=0.62178628635592348 1.4505074254702783 1.0134330708533532 3.4409322420251556 2.1694273819448426 1.2804245683364568 5.4352194529492408
leaf_count=320 1123 17 2523 1885 58 573
model_size=704
internal_value=0 -0.0106752 -0.0201202 0.0555076 -0.0409041 -0.0104562
internal_weight=0 13.9612 12.9478 2.79121 10.1566 6.71564
internal_count=6499 5376 5359 2205 3154 631
is_linear=0
shrinkage=0.1


Tree=63
num_leaves= 7
num_cat= 0
full_tree_array_lgbids= 0 1 -2 2 -3 -2147483648 -2147483648 3 4 -2147483648 -2147483648 -2147483648 -2147483648 -2147483648 -2147483648 -1 -5 -4 5 -2147483648 -2147483648 -2147483648 -2147483648 -2147483648 -2147483648 -2147483648 -2147483648 -2147483648 -2147483648 -2147483648 -2147483648 -2147483648 -2147483648 -2147483648 -2147483648 -2147483648 -2147483648 -6 -7 -2147483648 -2147483648 -2147483648 -2147483648 -2147483648 -2147483648 -2147483648 -2147483648 -2147483648 -2147483648 -2147483648 -2147483648 -2147483648 -2147483648 -2147483648 -2147483648 -2147483648 -2147483648 -2147483648 -2147483648 -2147483648 -2147483648 -2147483648 -2147483648
split_feature= 4 14 4 4 19 19
split_gain= 0.457971 0.419053 0.788602 0.758719 0.736807 0.798938
threshold= 5.5000000000000009 7.5000000000000009 2.5000000000000004 1.0000000180025095e-35 4.5000000000000009 5.5000000000000009
decision_type= 2 2 2 2 2 2
left_child=1 2 3 -1 -4 -6
right_child=-2 -3 4 -5 5 -7
leaf_value= -0.10018381778848895 0.10015349281953118 0.10898460462603426 -0.10029806192629627 0.10012342294974136 0.10304236188471312 -0.034060607629079559
leaf_weight=0.56271873973309561 1.3126742669846869 0.9250635392963894 3.1144022512016818 1.9632207485847175 1.1620936680119482 5.3571947613963857
leaf_count=320 1123 17 2523 1885 58 573
model_size=704
internal_value=0 -0.0102476 -0.0193183 0.0554998 -0.0389355 -0.00962136
internal_weight=0 13.0847 12.1596 2.52594 9.63369 6.51929
internal_count=6499 5376 5359 2205 3154 631
is_linear=0
shrinkage=0.1


Tree=64
num_leaves= 7
num_cat= 0
full_tree_array_lgbids= 0 1 -2 2 -3 -2147483648 -2147483648 4 3 -2147483648 -2147483648 -2147483648 -2147483648 -2147483648 -2147483648 -1 -6 -4 5 -2147483648 -2147483648 -2147483648 -2147483648 -2147483648 -2147483648 -2147483648 -2147483648 -2147483648 -2147483648 -2147483648 -2147483648 -2147483648 -2147483648 -2147483648 -2147483648 -2147483648 -2147483648 -5 -7 -2147483648 -2147483648 -2147483648 -2147483648 -2147483648 -2147483648 -2147483648 -2147483648 -2147483648 -2147483648 -2147483648 -2147483648 -2147483648 -2147483648 -2147483648 -2147483648 -2147483648 -2147483648 -2147483648 -2147483648 -2147483648 -2147483648 -2147483648 -2147483648
split_feature= 4 14 4 19 4 19
split_gain= 0.306597 0.256041 0.56059 0.629144 0.584671 0.571144
threshold= 5.5000000000000009 7.5000000000000009 2.5000000000000004 4.5000000000000009 1.0000000180025095e-35 5.5000000000000009
decision_type= 2 2 2 2 2 2
left_child=1 2 4 -4 -1 -5
right_child=-2 -3 3 5 -6 -7
leaf_value= -0.10016629372532948 0.10013888218389327 0.1080810875038246 -0.10026984210780886 0.10274570828364626 0.10011167592971869 -0.031059294793195691
leaf_weight=0.50925350387114776 1.187921303324402 0.84367159381508905 2.8187804707558808 1.0543871321715412 1.7765934678609483 5.2910538443829864
leaf_count=320 1123 17 2523 58 1885 573
model_size=704
internal_value=0 -0.00981058 -0.0184971 -0.0369525 0.0554927 -0.00882565
internal_weight=0 12.2937 11.4501 9.16422 2.28585 6.34544
internal_count=6499 5376 5359 3154 2205 631
is_linear=0
shrinkage=0.1


Tree=65
num_leaves= 6
num_cat= 0
full_tree_array_lgbids= 0 1 -2 2 3 -2147483648 -2147483648 -1 -4 4 -5 -2147483648 -2147483648 -2147483648 -2147483648 -2147483648 -2147483648 -2147483648 -2147483648 -3 -6 -2147483648 -2147483648 -2147483648 -2147483648 -2147483648 -2147483648 -2147483648 -2147483648 -2147483648 -2147483648
split_feature= 4 20 10 4 4
split_gain= 0.16954 0.137099 1.55777 0.825982 0.425598
threshold= 5.5000000000000009 1.5000000000000002 1.5000000000000002 2.5000000000000004 1.0000000180025095e-35
decision_type= 2 2 2 2 2
left_child=1 2 -1 4 -3
right_child=-2 3 -4 -5 -6
leaf_value= 0.11028999354634617 0.10012566248286599 -0.10015044651328664 -0.10030490365624166 -0.052175331620976186 0.10010104353948424
leaf_weight=1.9256870299577706 1.0750103326281539 0.46086083096451891 0.82778157014399756 6.7578992761555128 1.6076903173525352
leaf_count=45 1123 320 549 2577 1885
model_size=592
internal_value=0 -0.00936674 0.0469784 -0.026944 0.0554862
internal_weight=0 11.5799 2.75347 8.82645 2.06855
internal_count=6499 5376 594 4782 2205
is_linear=0
shrinkage=0.1


Tree=66
num_leaves= 7
num_cat= 0
full_tree_array_lgbids= 0 1 -2 2 -3 -2147483648 -2147483648 5 3 -2147483648 -2147483648 -2147483648 -2147483648 -2147483648 -2147483648 -1 -7 -4 4 -2147483648 -2147483648 -2147483648 -2147483648 -2147483648 -2147483648 -2147483648 -2147483648 -2147483648 -2147483648 -2147483648 -2147483648 -2147483648 -2147483648 -2147483648 -2147483648 -2147483648 -2147483648 -5 -6 -2147483648 -2147483648 -2147483648 -2147483648 -2147483648 -2147483648 -2147483648 -2147483648 -2147483648 -2147483648 -2147483648 -2147483648 -2147483648 -2147483648 -2147483648 -2147483648 -2147483648 -2147483648 -2147483648 -2147483648 -2147483648 -2147483648 -2147483648 -2147483648
split_feature= 4 14 4 19 19 4
split_gain= 0.0442164 0.0267388 0.190215 0.4988 0.416458 0.282906
threshold= 5.5000000000000009 7.5000000000000009 2.5000000000000004 4.5000000000000009 5.5000000000000009 1.0000000180025095e-35
decision_type= 2 2 2 2 2 2
left_child=1 2 5 -4 -5 -1
right_child=-2 -3 3 4 -6 -7
leaf_value= -0.10013611009093881 0.10011370145867481 0.10645786940626208 -0.10023242824107192 0.10261083723419942 -0.028374155853598766 0.10009142827475524
leaf_weight=0.41706079780123828 0.97281988669419739 0.73235493712127286 2.4107221904559974 1.0050342589383943 4.9445689059793949 1.4548310086829588
leaf_count=320 1123 17 2523 58 573 1885
model_size=704
internal_value=0 -0.0088453 -0.0170979 -0.0333484 -0.00624757 0.0554804
internal_weight=0 10.9646 10.2322 8.36033 5.9496 1.87189
internal_count=6499 5376 5359 3154 631 2205
is_linear=0
shrinkage=0.1


end of trees

feature_importances:
Column_4=143
Column_19=106
Column_21=68
Column_10=62
Column_12=51
Column_20=49
Column_1=48
Column_8=45
Column_9=30
Column_7=22
Column_17=18
Column_2=17
Column_13=14
Column_11=7
Column_3=5
Column_14=4
Column_18=2

parameters:
[boosting: gbdt]
[objective: binary]
[metric: auc, binary_logloss, rmse, l1, l2, mape, huber]
[tree_learner: serial]
[device_type: cpu]
[data_sample_strategy: bagging]
[data: data/mushroom.libsvm.train]
[valid: data/mushroom.libsvm.test]
[num_iterations: 500]
[learning_rate: 0.1]
[num_leaves: 255]
[num_threads: 1]
[seed: 42]
[deterministic: 0]
[force_col_wise: 0]
[force_row_wise: 0]
[histogram_pool_size: -1]
[max_depth: 5]
[min_data_in_leaf: 10]
[min_sum_hessian_in_leaf: 0.001]
[bagging_fraction: 1]
[pos_bagging_fraction: 1]
[neg_bagging_fraction: 1]
[bagging_freq: 0]
[bagging_seed: 400]
[feature_fraction: 1]
[feature_fraction_bynode: 1]
[feature_fraction_seed: 30056]
[extra_trees: 0]
[extra_seed: 12879]
[early_stopping_round: 0]
[early_stopping_min_delta: 0]
[first_metric_only: 0]
[max_delta_step: 0]
[lambda_l1: 0]
[lambda_l2: 0]
[linear_lambda: 0]
[min_gain_to_split: 0]
[drop_rate: 0.1]
[max_drop: 50]
[skip_drop: 0.5]
[xgboost_dart_mode: 0]
[uniform_drop: 0]
[drop_seed: 17869]
[top_rate: 0.2]
[other_rate: 0.1]
[min_data_per_group: 100]
[max_cat_threshold: 32]
[cat_l2: 10]
[cat_smooth: 10]
[max_cat_to_onehot: 4]
[top_k: 20]
[monotone_constraints: ]
[monotone_constraints_method: basic]
[monotone_penalty: 0]
[feature_contri: ]
[forcedsplits_filename: ]
[refit_decay_rate: 0.9]
[tinygbdt_penalty_feature: 0.015625]
[tinygbdt_penalty_split: 0.000976562]
[tinygbdt_forestsize: 64000]
[tinygbdt_precision: 1]
[cegb_tradeoff: 1]
[cegb_penalty_split: 0]
[cegb_penalty_feature_lazy: ]
[cegb_penalty_feature_coupled: ]
[path_smooth: 0]
[interaction_constraints: ]
[verbosity: 1]
[saved_feature_importance_type: 0]
[use_quantized_grad: 0]
[num_grad_quant_bins: 4]
[quant_train_renew_leaf: 0]
[stochastic_rounding: 1]
[linear_tree: 0]
[max_bin: 255]
[max_bin_by_feature: ]
[min_data_in_bin: 3]
[bin_construct_sample_cnt: 200000]
[data_random_seed: 175]
[is_enable_sparse: 1]
[enable_bundle: 1]
[use_missing: 1]
[zero_as_missing: 0]
[feature_pre_filter: 1]
[pre_partition: 0]
[two_round: 0]
[header: 0]
[label_column: ]
[weight_column: ]
[group_column: ]
[ignore_column: ]
[categorical_feature: ]
[forcedbins_filename: ]
[precise_float_parser: 0]
[parser_config_file: ]
[objective_seed: 16083]
[num_class: 1]
[is_unbalance: 0]
[scale_pos_weight: 1]
[sigmoid: 1]
[boost_from_average: 1]
[reg_sqrt: 0]
[alpha: 0.9]
[fair_c: 1]
[poisson_max_delta_step: 0.7]
[tweedie_variance_power: 1.5]
[lambdarank_truncation_level: 30]
[lambdarank_norm: 1]
[label_gain: ]
[lambdarank_position_bias_regularization: 0]
[eval_at: ]
[multi_error_top_k: 1]
[auc_mu_weights: ]
[num_machines: 1]
[local_listen_port: 12400]
[time_out: 120]
[machine_list_filename: ]
[machines: ]
[gpu_platform_id: -1]
[gpu_device_id: -1]
[gpu_use_dp: 0]
[num_gpu: 1]

end of parameters
