tree
version=v4
num_class=1
num_tree_per_iteration=1
label_index=0
max_feature_idx=8
objective=regression
feature_names=Column_0 Column_1 Column_2 Column_3 Column_4 Column_5 Column_6 Column_7 Column_8
feature_infos=none [0.49990000000000001:15.0001] [1:52] [0.88888888888888884:141.90909090909091] [0.33333333333333331:25.63636363636364] [3:35682] [0.69230769230769229:1243.333333333333] [32.549999999999997:41.950000000000003] [-124.34999999999999:-114.31]
tree_sizes=10756 10672 10537 10085 10142 9508 9793 9557 8860 9490

Tree=0
num_leaves= 115
num_cat= 0
full_tree_array_lgbids= 0 1 2 5 3 4 10 9 11 6 7 16 13 20 33 15 14 35 21 37 8 19 17 44 18 39 29 77 64 34 46 45 53 27 52 49 59 54 31 70 38 12 36 22 25 24 51 80 67 96 23 72 74 63 60 99 79 89 105 82 112 -35 91 107 48 94 58 30 78 71 85 50 84 -37 66 68 101 32 42 92 111 76 55 28 26 56 102 41 40 47 73 43 65 98 62 -2 93 75 -69 -18 97 57 69 100 86 104 88 87 81 61 -62 110 -101 103 95 90 113 -66 109 106 83 -36 -114 -2147483648 -2147483648 108 -93 -1 -109 -47 -50 -17 -96 -55 -60 -11 -32 -29 -80 -16 -73 -54 -87 -7 -52 -51 -86 -2147483648 -2147483648 -61 -68 -13 -70 -56 -103 -23 -34 -33 -44 -3 -94 -72 -113 -39 -78 -40 -57 -8 -30 -14 -28 -10 -58 -38 -104 -5 -43 -24 -42 -21 -49 -27 -75 -9 -45 -26 -67 -19 -100 -53 -64 -2147483648 -2147483648 -82 -95 -46 -77 -2147483648 -2147483648 -2147483648 -2147483648 -98 -99 -20 -59 -25 -71 -6 -102 -74 -88 -41 -106 -76 -90 -15 -89 -65 -83 -31 -63 -2147483648 -2147483648 -4 -112 -2147483648 -2147483648 -79 -105 -81 -97 -22 -92 -91 -115 -2147483648 -2147483648 -107 -111 -12 -108 -84 -85 -2147483648 -2147483648 -2147483648 -2147483648 -2147483648 -2147483648 -2147483648 -2147483648 -48 -110 -2147483648 -2147483648
split_feature= 1 1 1 6 6 3 2 1 7 1 1 1 6 1 6 3 2 6 6 2 2 6 3 1 2 8 8 8 1 2 7 7 8 1 2 7 7 1 2 6 7 6 8 7 1 4 5 7 7 8 6 8 6 6 7 5 8 7 7 7 6 2 8 1 7 8 7 7 2 4 3 8 2 6 2 6 8 4 8 6 5 6 4 8 8 8 7 4 6 4 8 2 8 2 4 8 7 8 7 5 5 8 7 2 8 8 5 8 1 2 8 8 7 5
split_gain= 6986.71 1684.21 1291.18 975.383 430.528 317.446 233.116 212.04 186.466 180.265 155.323 136.183 127.983 120.127 112.039 110.566 106.937 104.744 94.7383 84.6363 72.6112 66.2939 65.9365 59.6149 57.9506 53.3521 49.8164 48.6668 43.942 43.0327 39.0877 38.2755 42.5668 32.7941 36.5008 32.7259 30.3943 30.2661 35.2447 29.9785 28.8679 28.728 28.3912 27.9746 27.6566 26.0098 25.2151 24.8038 24.3809 23.8535 29.2039 23.2438 22.3489 21.5912 21.3272 20.0297 19.0272 18.8524 17.979 17.84 17.4881 17.7368 17.1633 15.8762 15.5651 15.4096 14.927 14.2428 13.1965 12.3068 11.9098 11.8478 11.8469 11.6154 11.4716 10.9817 8.92364 8.72614 8.10714 6.89106 6.76607 6.31176 5.76177 6.64526 5.70127 5.07632 4.92791 4.79849 4.61069 4.38807 6.74316 4.36625 4.34216 4.32161 4.03041 3.68386 3.26493 5.59241 3.10539 3.08245 2.84084 2.62931 2.41162 2.02734 1.93947 1.88436 1.80677 1.56563 1.44247 1.34485 1.27581 1.01923 0.418763 0.194032
threshold= 5.0387000000000013 3.0679500000000002 6.8672000000000013 2.3489548886254448 2.671038674349933 4.3101408005062494 24.500000000000004 4.0775500000000013 37.815000000000005 2.2210000000000005 7.852450000000001 2.4115000000000006 1.9628175980828908 5.7307500000000013 2.4907552973342448 3.449226804123712 19.500000000000004 2.9005380231986346 2.0653737590585881 43.500000000000007 26.500000000000004 2.2906328481453726 5.1186051221335997 5.8308000000000009 41.500000000000007 -122.40499999999999 -117.88499999999998 -118.26499999999999 3.4298000000000006 27.500000000000004 37.815000000000005 34.525000000000013 -117.77499999999999 8.7395500000000013 28.500000000000004 35.335000000000008 37.995000000000012 3.5330000000000008 18.500000000000004 2.9742256672023202 34.415000000000006 3.0817415934345274 -120.44499999999998 38.545000000000009 5.6402500000000009 1.0291350557942953 139.50000000000003 38.435000000000009 34.045000000000009 -117.35499999999998 2.254419630548663 -122.33499999999999 3.458170981799539 2.10671797776953 37.945000000000007 534.50000000000011 -122.425 38.005000000000003 35.335000000000008 36.835000000000008 3.458170981799539 40.500000000000007 -117.75499999999998 6.2770500000000009 37.645000000000003 -122.28499999999998 38.925000000000004 37.955000000000005 26.500000000000004 1.0435797675926601 4.5820434769673541 -122.38499999999998 22.500000000000004 2.8079590171801518 16.500000000000004 2.5219735498882589 -118.26499999999999 1.0103851166134901 -117.145 2.5163636904584812 390.50000000000006 3.0089663118548242 1.0003353454057682 -117.81499999999998 -116.40499999999999 -117.79499999999999 37.925000000000004 1.0110829055585981 3.3663541575396478 1.0139026949414627 -118.26499999999999 20.500000000000004 -117.23499999999999 16.500000000000004 1.1538900096482767 -122.00499999999998 34.145000000000003 -122.25499999999998 38.235000000000007 1162.5000000000002 1614.5000000000002 -122.35499999999998 38.635000000000012 17.500000000000004 -121.36499999999999 -122.23499999999999 1203.5000000000002 -121.76499999999999 9.1688500000000008 35.500000000000007 -121.34499999999998 -121.81499999999998 37.805000000000007 868.50000000000011
decision_type= 2 2 2 2 2 2 2 2 2 2 2 2 2 2 2 2 2 2 2 2 2 2 2 2 2 2 2 2 2 2 2 2 2 2 2 2 2 2 2 2 2 2 2 2 2 2 2 2 2 2 2 2 2 2 2 2 2 2 2 2 2 2 2 2 2 2 2 2 2 2 2 2 2 2 2 2 2 2 2 2 2 2 2 2 2 2 2 2 2 2 2 2 2 2 2 2 2 2 2 2 2 2 2 2 2 2 2 2 2 2 2 2 2 2
left_child=1 5 4 6 16 9 37 19 12 15 20 35 28 39 27 45 44 24 96 22 77 54 41 57 43 47 -14 30 -8 63 -11 32 -23 34 82 49 56 70 76 72 -24 -5 -33 -9 80 107 -35 -21 -47 50 -7 98 71 94 68 -40 -10 -20 -55 -37 61 -31 -53 87 89 -26 -61 75 -13 -25 92 -16 100 -27 104 -46 -39 99 -29 103 -2 -65 106 -84 -51 -54 -74 -15 -76 90 -22 108 -3 -82 -17 -81 -18 -98 -19 110 -6 -56 -38 -79 -41 -66 -12 -1 -48 -107 -4 -72 -36 -91
right_child=2 3 10 7 13 11 8 17 36 14 33 21 26 29 52 53 18 51 23 25 64 31 40 69 65 73 -28 78 -30 60 -32 42 -34 46 112 59 102 38 55 74 -42 -43 -44 -45 67 48 91 -49 -50 84 -52 62 85 58 101 -57 -58 -59 -60 66 -62 -63 -64 81 105 -67 -68 -69 -70 -71 111 -73 86 -75 88 -77 -78 79 -80 95 93 -83 83 -85 -86 -87 -88 -89 -90 113 -92 -93 -94 -95 -96 -97 97 -99 -100 -101 -102 -103 -104 -105 -106 109 -108 -109 -110 -111 -112 -113 -114 -115
leaf_value= 2.0428115776403302 2.0322522439146704 2.0942646251487904 2.1970469771605763 2.0623490992633817 2.0788100563966578 2.0841138599801572 2.1965323452694219 2.0954689418246426 2.2142838774901663 2.1406373236940905 2.201214742644098 2.0345072442712553 2.1803908632616107 2.1096638881203256 2.1369577986748349 2.0163646038680656 2.3475029406369599 2.1269417179355425 2.1957668316364023 2.1654641714581091 2.3134738265400703 2.0423423215696768 2.0333915413355754 2.2374554972134808 2.2091709412441252 2.0795638084043055 2.0853910788377314 2.0653824157377607 2.2845502876908457 2.1919918556662772 2.0404662446165749 1.9910892755883369 1.9852344261613879 2.2256631944098948 2.3489229269490632 1.930502243003837 2.0412401231857533 2.1091870245220798 2.0245249734293451 2.0834683157028921 2.0042626363250329 2.0299805008867327 1.9516641567416866 2.0321558591188165 2.2290802035057791 2.0195706739465327 2.2974192872479229 1.9921922446126408 2.0794739076624724 1.9685349276794362 1.9888444208027325 2.0588902430478546 2.0194666467334796 1.9876247733728514 2.048631191897333 2.1734629168237776 2.0951919498649194 2.087710141191141 1.9546252503190962 1.9717715616073146 2.0880122439150677 2.2838810687809143 2.0262876156140166 2.1854929355010166 2.2731583668156543 2.1356460584060457 1.9436251819951067 2.0902165239069102 2.0885806931844439 2.2872151599752977 2.0615003930585472 2.0468548239882924 2.1472471363027816 2.035621369557977 2.1070863956405002 2.1539228614650354 2.0673858812271733 2.2432252427681045 2.0052765696740975 2.261906623327202 2.1164124939581668 2.1474610484222523 2.299884311105183 2.2336177960559054 1.9309619655047523 1.9695393397118284 2.0833785607593032 2.1384854126492021 2.0785653826666226 2.3505294585180594 2.2209656433100169 2.3580152998203703 2.0101922421986527 2.1698756092870899 2.0851989775483477 2.2078495719740459 2.3441824260131363 2.24765874254427 2.0592165302409682 2.2074340790255622 2.1199560171028113 1.9934744660704813 1.9696822432512706 2.3295710676383008 2.0509785154122926 2.2451105803087024 2.2547846299662213 2.0031723742454979 2.3389576326004473 2.1657122381860678 2.1442219711450132 2.021195993752015 2.3036811097582559 2.3165633133534196
leaf_weight=27 9.9999999999999982 97 19 636 64 39 90 761 19 227 24 100 402 146 18 89 58 57 303 84 33 272 593 159 43 147 67 116 174 144 50 667 275 19 83 320 66 141 10.999999999999998 56 943 545 277 83 72 114 27 9.9999999999999982 208 231 294 858 368 506 19 104 68 19 289 497 14.999999999999998 28 229 91 17 129 377 13.999999999999998 109 91 27 350 176 136 205 34 113 11.000000000000002 37 24 88 159 63 29 72 31 19 190 137 34 14.999999999999998 235 9.9999999999999982 30 14.999999999999998 110 17 15.999999999999998 13.999999999999998 55 53 81 9.9999999999999982 10.999999999999998 118 12.000000000000002 31 154 84 9.9999999999999982 33 64 13.999999999999998 47
leaf_count=27 10 97 19 636 64 39 90 761 19 227 24 100 402 146 18 89 58 57 303 84 33 272 593 159 43 147 67 116 174 144 50 667 275 19 83 320 66 141 11 56 943 545 277 83 72 114 27 10 208 231 294 858 368 506 19 104 68 19 289 497 15 28 229 91 17 129 377 14 109 91 27 350 176 136 205 34 113 11 37 24 88 159 63 29 72 31 19 190 137 34 15 235 10 30 15 110 17 16 14 55 53 81 10 11 118 12 31 154 84 10 33 64 14 47
model_size=12800
internal_value=2.07195 2.03789 2.19622 2.07259 2.15739 2.00039 2.1449 2.05251 2.17679 2.02716 2.28999 1.98123 2.19841 2.12609 2.05582 2.00269 2.2124 2.07655 2.23355 2.03561 2.24376 2.0009 2.02938 2.21831 2.10021 2.08053 2.16682 2.09704 2.25454 2.15468 2.12256 1.99203 2.01363 2.32271 2.29347 1.96188 2.07953 2.0945 2.11198 2.0994 2.01551 2.04741 1.97952 2.08924 2.15586 2.04057 2.34226 2.14703 2.05827 1.98076 2 2.0558 2.0327 1.98149 2.04369 2.15922 2.1212 2.18939 1.97563 1.95182 2.19741 2.20695 2.05202 2.14104 2.29582 2.15403 1.95963 2.19158 2.06271 2.25557 2.06193 2.05126 2.12468 2.05845 2.08412 2.20497 2.09059 2.2105 2.05085 2.22724 2.12237 2.1613 2.26119 2.279 1.95961 2.01559 2.14102 2.12596 2.09566 2.31361 2.28457 2.34866 2.08641 2.13 2.02629 2.21753 2.32933 2.29738 2.11359 2.18609 2.09745 2.00395 2.03182 2.2864 2.06144 2.23698 2.23141 2.00909 2.32885 2.20902 2.16352 2.03315 2.34239 2.33082
internal_weight=0 12960 3552 6731 2512 6229 1463 5268 896 2599 1040 3630 733 1601 1197 1402 911 2174 663 3094 431 1800 2717 572 1016 377 469 430 264 773 277 1491 547 609 244 1830 163 567 369 828 1536 1181 944 844 248 503 365 94 322 636 333 1158 767 899 309 115 87 322 795 1194 187 172 1087 586 168 172 874 120 209 250 198 368 312 283 516 106 254 263 153 156 128 250 147 92 303 399 195 336 342 129 48 346 107 118 104 134 91 33 71 107 117 100 76 22 174 39 55 181 111 22 52 91 97 81
internal_count=16512 12960 3552 6731 2512 6229 1463 5268 896 2599 1040 3630 733 1601 1197 1402 911 2174 663 3094 431 1800 2717 572 1016 377 469 430 264 773 277 1491 547 609 244 1830 163 567 369 828 1536 1181 944 844 248 503 365 94 322 636 333 1158 767 899 309 115 87 322 795 1194 187 172 1087 586 168 172 874 120 209 250 198 368 312 283 516 106 254 263 153 156 128 250 147 92 303 399 195 336 342 129 48 346 107 118 104 134 91 33 71 107 117 100 76 22 174 39 55 181 111 22 52 91 97 81
is_linear=0
shrinkage=1


Tree=1
num_leaves= 107
num_cat= 0
full_tree_array_lgbids= 0 1 2 5 3 4 12 16 6 7 10 19 13 21 48 17 82 9 14 8 42 22 23 47 24 33 25 59 58 -14 71 26 39 83 -84 18 52 15 37 30 11 54 96 28 34 32 44 86 67 104 35 55 69 65 61 92 68 80 79 -2147483648 -2147483648 94 72 60 27 78 62 -18 -85 -2147483648 -2147483648 36 51 53 -54 20 46 43 89 31 73 40 29 -9 85 -44 -98 41 38 57 70 50 74 45 49 98 87 84 -69 105 -106 64 66 56 75 100 76 91 88 63 -63 93 97 77 90 81 102 -60 95 -2147483648 -2147483648 -2147483648 -2147483648 101 -96 103 99 -1 -62 -28 -29 -19 -80 -41 -64 -2147483648 -2147483648 -2147483648 -2147483648 -2147483648 -2147483648 -2147483648 -2147483648 -7 -38 -20 -53 -11 -55 -2147483648 -2147483648 -8 -22 -17 -48 -16 -45 -39 -91 -3 -33 -32 -75 -10 -42 -13 -31 -2147483648 -2147483648 -56 -87 -2147483648 -2147483648 -2147483648 -2147483648 -5 -43 -30 -40 -24 -59 -36 -72 -12 -52 -34 -76 -25 -47 -46 -51 -2 -100 -88 -89 -49 -86 -2147483648 -2147483648 -21 -107 -2147483648 -2147483648 -26 -66 -37 -68 -6 -58 -57 -77 -35 -102 -71 -78 -15 -93 -67 -90 -27 -65 -2147483648 -2147483648 -4 -95 -94 -99 -61 -79 -70 -92 -23 -83 -82 -104 -2147483648 -2147483648 -81 -97 -2147483648 -2147483648 -2147483648 -2147483648 -2147483648 -2147483648 -2147483648 -2147483648 -50 -103 -2147483648 -2147483648 -73 -105 -74 -101
split_feature= 1 1 1 6 6 6 7 7 2 8 1 6 1 1 8 7 7 8 6 2 8 2 2 6 6 2 7 8 3 8 8 7 2 6 8 1 7 8 7 2 8 6 8 7 8 7 7 1 5 7 7 7 8 6 7 7 8 7 7 1 8 6 1 2 7 1 1 7 8 2 7 6 1 7 3 8 7 4 6 8 4 8 7 8 6 7 5 2 6 3 7 6 4 5 2 3 1 8 6 7 1 8 6 6 1 6
split_gain= 5658.64 1367.73 1045.27 790.019 351.514 271.745 200.044 197.559 190.059 153.584 144.539 137.289 125.709 117.045 116.211 142.055 103.944 111.51 94.8846 84.787 79.836 79.7433 68.6351 64.775 57.5859 54.4925 49.5973 64.774 47.0898 44.2969 42.2432 51.2946 41.1228 40.2966 39.5271 33.2783 31.7106 30.9666 30.9099 26.1401 25.2713 24.975 24.8618 24.0938 21.5024 22.0573 21.2879 20.4299 18.8797 18.1978 17.8813 16.0605 14.8994 14.8603 14.8007 14.4039 14.024 13.711 13.4929 13.4729 13.312 12.2908 12.1715 11.6416 11.3977 11.2425 10.4409 9.89714 9.78684 9.65064 9.5965 9.20651 10.7082 9.06894 7.50779 6.83571 6.60243 6.56317 6.33791 5.95138 5.50994 10.1499 5.43799 10.2544 5.21606 4.99961 4.86173 5.40995 4.84112 4.31182 3.89282 3.34631 3.21688 2.68964 2.17215 1.669 1.28142 1.00358 0.939236 0.870622 0.637835 0.407443 0.356905 0.0698592 0.0368855 0.776344
threshold= 5.0387000000000013 3.1097000000000006 6.8672000000000013 2.4136952392348086 2.5763869593405579 2.1628386478062818 34.455000000000005 37.935000000000009 24.500000000000004 -117.77499999999999 4.1119000000000012 1.9628175980828908 8.4454500000000028 5.8308000000000009 -121.63499999999998 37.895000000000003 37.945000000000007 -118.24499999999999 3.442186331338819 21.500000000000004 -122.31499999999998 26.500000000000004 44.500000000000007 2.9291766686969298 2.0653737590585881 27.500000000000004 34.655000000000008 -122.35499999999998 4.7926201822371182 -122.33499999999999 -118.29499999999999 34.155000000000008 42.500000000000007 2.9366774891774896 -122.40499999999999 5.5682000000000009 34.045000000000009 -119.84499999999998 34.435000000000009 28.500000000000004 -122.40499999999999 3.1424162072895592 -122.35499999999998 35.955000000000005 -121.46499999999999 37.915000000000006 38.675000000000004 5.6402500000000009 70.000000000000014 34.655000000000008 37.765000000000008 34.045000000000009 -116.53499999999998 2.8335312747426764 38.005000000000003 37.925000000000004 -117.91499999999998 38.155000000000008 37.645000000000003 7.3930000000000016 -118.37499999999999 3.458170981799539 2.2003500000000007 40.500000000000007 37.935000000000009 6.3350000000000009 6.3963500000000009 37.955000000000005 -117.71499999999999 14.500000000000002 37.735000000000007 3.1747392355722384 9.1688500000000008 33.695000000000007 6.0498344370860933 -122.19499999999998 37.875000000000007 1.0417933552053971 1.5104297674263547 -122.28499999999998 1.0139026949414627 -118.09499999999998 38.815000000000005 -122.26499999999999 2.5219735498882589 38.765000000000008 1140.5000000000002 15.500000000000002 3.0298305221858191 5.1947827066293142 33.045000000000009 3.1424162072895592 1.0297068408951922 1162.5000000000002 20.500000000000004 6.8391702402831678 4.0612500000000002 -118.08499999999999 2.0376051459673437 37.485000000000007 5.2158500000000005 -121.79499999999999 3.1519910337552743 3.5391140273339228 5.3736000000000006 1.8799668983343667
decision_type= 2 2 2 2 2 2 2 2 2 2 2 2 2 2 2 2 2 2 2 2 2 2 2 2 2 2 2 2 2 2 2 2 2 2 2 2 2 2 2 2 2 2 2 2 2 2 2 2 2 2 2 2 2 2 2 2 2 2 2 2 2 2 2 2 2 2 2 2 2 2 2 2 2 2 2 2 2 2 2 2 2 2 2 2 2 2 2 2 2 2 2 2 2 2 2 2 2 2 2 2 2 2 2 2 2 2
left_child=1 5 4 7 19 16 9 8 30 18 22 40 21 33 15 20 17 26 36 47 -8 59 28 32 104 65 60 -28 41 -13 31 -3 50 55 57 64 -7 43 -30 78 -10 -5 54 -16 45 -25 -17 86 -14 -46 -12 -20 53 -11 -9 56 -6 -24 80 92 -1 63 -41 -27 -26 91 -37 84 77 100 -36 94 103 -32 -34 -57 -71 -61 -19 -60 81 -23 83 -18 -49 -56 98 -88 -67 -39 -70 -15 93 -4 101 -81 -44 -94 -2 -74 -35 -50 -82 -73 105 -21
right_child=2 3 12 10 13 6 14 42 11 52 23 29 48 25 37 46 82 39 51 24 -22 58 34 44 35 61 27 -29 38 -31 73 -33 74 69 70 66 -38 89 -40 62 -42 -43 96 -45 49 -47 -48 67 71 -51 -52 -53 -54 -55 85 75 -58 -59 79 68 -62 -63 -64 -65 -66 88 -68 -69 90 76 -72 72 99 -75 -76 -77 -78 -79 -80 95 102 -83 -84 -85 -86 -87 87 -89 -90 -91 -92 -93 97 -95 -96 -97 -98 -99 -100 -101 -102 -103 -104 -105 -106 -107
leaf_value= 0.12004633573159365 0.062226991122588518 0.13922680700818699 0.074403726658288469 0.0034526885907401779 0.075404580390038028 -0.028296137803472933 0.059045989572769034 0.09759424281391231 0.22363129605035315 -0.061943192205967147 0.021982394564230259 0.15200140062967937 0.10762568108427029 0.065720721988223638 -0.044530365270163332 -0.069216434904985663 -0.01065724958237764 -0.10687562200952978 -0.065454390534873716 0.24702082451652077 -0.044401682941903046 0.21835225327448413 0.086914337738907263 0.030477198241080378 0.11931676829390857 0.11920347212087722 0.12923717969437926 -0.010308660402737349 -0.032231015922305616 0.068068334948991935 0.016504864080099168 0.032567879023380715 0.060290220263644612 -0.037547862212009293 0.00083407082386541265 0.15569187857759881 0.013049518090156198 -0.13244629360716839 -0.058800488044297564 -0.056580343333383402 0.14707573651212263 -0.03598801625026745 -0.057479273814675026 -0.10072576994081051 -0.015255583482670965 -0.037837517231754547 -0.1113833193241352 0.14114649544935673 0.26015746423176361 -0.055307762242806785 -0.016821589142755541 -0.035308781839202996 -0.12139461574968227 -0.092715229559096557 0.013384131411090495 0.057807791382074362 0.02329359875109635 -0.047407381460070612 0.23538385778665544 0.15016104017312712 0.055957407419236355 0.015144229612567209 0.025112630911292389 0.18213537653287254 0.016562676749059133 0.104575224239927 0.20825195800799592 0.022553581930696967 0.16349385008215905 0.026152266231522465 -0.056458609286281804 0.13205348822391694 0.24836330201890733 -0.025804899650238522 0.12437126843198654 -0.018313374910281881 -0.019491425386451662 0.19829679463058711 -0.052144003201286364 0.090242392366582713 0.24394929916962332 0.1097058151776974 -0.10266434939112515 -0.076582966869195496 0.061977053912622593 -0.068002303530062952 0.045179397108800277 0.11817086374759674 0.069289553263621739 -0.11209633793981595 0.088680572854354989 0.039190486925253218 0.15842158082992799 0.12140237066981406 0.25688341137448795 0.16044784660997063 -0.02327961489194777 0.11282213618978859 0.0082018824666738512 0.18654700636863708 -0.0034182318784903897 0.21838390084735135 0.19287803687832572 0.19220150947570802 0.24964212997286928 0.18789273765352038
leaf_weight=71 15.999999999999998 60 47 359 283 431 96 22 61 293 598 75 11.999999999999998 168 91 198 37 34 673 17 381 55 76 188 166 159 41 214 855 552 143 218 101 34 181 156 368 401 1041 30 203 341 113 995 641 72 398 80 21 159 172 287 121 471 50 25 76 9.9999999999999982 11.999999999999998 104 81 10.999999999999998 77 45 13.999999999999998 102 65 11.999999999999998 15.999999999999998 445 45 18.000000000000004 45 113 31 42 47 60 181 10.999999999999998 115 12.999999999999998 64 130 13.999999999999998 13.999999999999998 34 25 129 261 35 151 31 43 253 29 41 32 35 9.9999999999999982 92 57 10.999999999999998 9.9999999999999982 51 18
leaf_count=71 16 60 47 359 283 431 96 22 61 293 598 75 12 168 91 198 37 34 673 17 381 55 76 188 166 159 41 214 855 552 143 218 101 34 181 156 368 401 1041 30 203 341 113 995 641 72 398 80 21 159 172 287 121 471 50 25 76 10 12 104 81 11 77 45 14 102 65 12 16 445 45 18 45 113 31 42 47 60 181 11 115 13 64 130 14 14 34 25 129 261 35 151 31 43 253 29 41 32 35 10 92 57 11 10 51 18
model_size=11904
internal_value=0 -0.0306532 0.111843 0.00158441 0.076901 -0.0634427 -0.0720972 0.0611315 0.0753469 -0.0522257 -0.0187741 0.103784 0.19624 0.0535082 -0.0907219 -0.0645704 -0.0141747 0.0045445 -0.0350073 0.137097 -0.023582 0.167027 -0.0330328 0.00235965 0.160526 0.0835031 0.0396769 0.0121281 -0.0384442 0.0781082 0.0278982 0.0555878 0.0223913 0.0315291 0.0119928 0.144296 -0.00925333 -0.106775 -0.046819 -0.039862 0.164765 -0.0157606 -0.0232724 -0.0960169 -0.0146862 0.0115593 -0.0973749 0.0842737 0.238345 -0.023216 0.0133145 -0.0564421 -0.0864486 -0.0809139 0.0216773 0.0558353 0.0643727 0.0712955 0.211714 0.137155 0.0858937 0.127051 0.00220806 0.133086 0.111325 0.0664798 0.171151 0.117265 0.154578 0.0147744 -0.0105738 0.242134 0.208925 -0.00217093 0.0753396 0.01009 0.021792 0.167772 -0.0607992 0.16289 0.224801 0.197582 -0.0732494 -0.0619767 0.129355 -0.00441915 0.0524824 0.076108 0.0848702 -0.124423 0.112151 0.0531625 0.112671 0.0968586 0.250461 0.141141 -0.0483742 0.13526 0.0251509 0.237124 -0.0126278 0.229631 0.239491 0.153535 0.2362 0.216612
internal_weight=0 12960 3552 6535 2512 6425 5465 1665 1425 2644 4870 891 1040 1809 2821 1073 960 729 1759 703 477 614 2908 1962 487 765 407 255 2596 627 534 278 902 1044 312 401 799 1748 1896 322 264 700 240 1086 1060 260 596 216 426 800 770 960 885 764 86 426 359 86 246 368 152 215 107 204 180 550 221 106 215 618 226 414 83 256 132 67 492 164 215 52 194 68 231 167 94 64 110 59 231 662 51 319 153 90 331 40 154 63 51 55 126 78 126 28 86 35
internal_count=16512 12960 3552 6535 2512 6425 5465 1665 1425 2644 4870 891 1040 1809 2821 1073 960 729 1759 703 477 614 2908 1962 487 765 407 255 2596 627 534 278 902 1044 312 401 799 1748 1896 322 264 700 240 1086 1060 260 596 216 426 800 770 960 885 764 86 426 359 86 246 368 152 215 107 204 180 550 221 106 215 618 226 414 83 256 132 67 492 164 215 52 194 68 231 167 94 64 110 59 231 662 51 319 153 90 331 40 154 63 51 55 126 78 126 28 86 35
is_linear=0
shrinkage=0.1


Tree=2
num_leaves= 106
num_cat= 0
full_tree_array_lgbids= 0 1 2 5 3 4 13 15 7 6 8 20 19 24 39 16 76 9 11 58 10 22 14 51 23 48 31 70 61 40 49 25 37 77 -78 17 52 12 33 59 -60 21 46 29 42 30 27 84 68 56 35 57 89 41 79 93 71 94 102 82 -42 -41 97 54 26 65 64 -17 -79 -2147483648 -2147483648 44 34 87 62 18 47 43 86 60 73 -2147483648 -2147483648 32 28 67 -48 38 53 63 69 78 45 50 36 100 85 92 81 91 -58 72 66 74 98 90 104 55 88 80 -81 -4 96 -72 75 95 -96 -63 103 99 83 -2147483648 -2147483648 -2147483648 -2147483648 101 -99 -1 -56 -27 -28 -18 -67 -39 -66 -2147483648 -2147483648 -2147483648 -2147483648 -2147483648 -2147483648 -2147483648 -2147483648 -7 -46 -19 -36 -11 -89 -54 -64 -9 -20 -14 -49 -13 -45 -35 -88 -3 -62 -61 -75 -2147483648 -2147483648 -2147483648 -2147483648 -8 -34 -23 -30 -12 -69 -2147483648 -2147483648 -5 -40 -31 -55 -24 -65 -44 -71 -10 -80 -32 -47 -16 -52 -29 -38 -2 -102 -86 -87 -53 -94 -70 -83 -22 -93 -2147483648 -2147483648 -25 -74 -37 -68 -6 -76 -59 -100 -50 -92 -91 -106 -21 -57 -43 -90 -33 -82 -2147483648 -2147483648 -2147483648 -2147483648 -95 -98 -2147483648 -2147483648 -73 -77 -26 -97 -2147483648 -2147483648 -2147483648 -2147483648 -104 -105 -15 -101 -84 -85 -2147483648 -2147483648 -2147483648 -2147483648 -2147483648 -2147483648 -2147483648 -2147483648 -51 -103 -2147483648 -2147483648
split_feature= 1 1 1 6 6 6 2 7 1 8 7 8 7 1 6 7 8 6 8 1 2 6 2 6 2 7 8 8 1 3 2 6 2 8 7 1 7 2 7 1 2 2 8 7 8 8 8 7 6 5 7 1 1 7 8 8 7 2 7 8 7 7 7 7 1 6 1 1 4 7 8 4 8 5 8 6 7 8 8 7 3 5 4 8 4 8 7 8 7 7 8 5 8 5 4 8 7 2 4 2 6 1 8 2 3
split_gain= 4588.13 1193.09 765.28 681.612 261.318 241.664 176.431 173.74 140.679 135.682 111.968 106.734 123.547 103.876 96.5267 89.435 99.1698 85.8615 66.7358 65.1538 63.8446 59.2511 56.6599 51.0333 46.2723 42.2248 61.0633 41.0592 39.9667 39.1421 32.8494 31.0076 29.2963 26.9369 26.6364 26.6243 22.6709 21.5131 20.2163 20.1297 23.8674 19.8997 19.7881 19.7544 19.2826 19.1193 18.8234 18.7008 17.2374 16.2792 14.9585 13.9266 13.1158 13.1152 12.5528 12.5377 11.7474 10.1142 10.043 18.405 13.9914 9.17184 8.14385 7.27209 6.64679 6.5604 6.46705 6.34093 5.51739 5.47999 5.13391 6.05535 5.13305 5.03474 4.58308 4.57435 4.40624 6.8654 4.37757 4.33462 4.13006 4.02317 3.45342 3.89497 3.43789 5.15859 3.29933 3.29862 3.05116 3.01793 5.36868 2.40462 2.37778 2.28091 1.82053 3.6451 1.73427 1.67977 0.982095 0.846546 0.789174 0.492507 0.347475 0.273113 0.0710688
threshold= 5.1326000000000009 3.1792500000000001 6.8672000000000013 2.2982753493904258 2.6585924622132828 2.1628386478062818 19.500000000000004 34.455000000000005 4.0612500000000002 -117.77499999999999 37.815000000000005 -121.63499999999998 37.915000000000006 7.852450000000001 2.6829812717770039 37.935000000000009 -118.24499999999999 3.1336552646136835 -122.33499999999999 5.6851000000000012 21.500000000000004 1.9322222929778572 47.500000000000007 2.2038024706228287 26.500000000000004 34.655000000000008 -120.02499999999999 -121.895 3.8136000000000005 5.1822875816993479 26.500000000000004 3.0228140180430265 28.500000000000004 -119.94499999999998 34.035000000000004 5.7307500000000013 34.655000000000008 32.500000000000007 37.805000000000007 8.7395500000000013 28.500000000000004 36.500000000000007 -122.29499999999999 35.645000000000003 -118.395 -122.29499999999999 -122.03499999999998 38.675000000000004 3.1262267671728927 139.50000000000003 37.915000000000006 5.6402500000000009 2.2336500000000004 38.675000000000004 -118.37499999999999 -117.81499999999998 37.805000000000007 37.500000000000007 37.955000000000005 -118.29499999999999 34.175000000000004 37.645000000000003 33.625000000000007 37.795000000000009 2.2003500000000007 1.5104297674263547 6.3350000000000009 4.125700000000001 1.0671403331650682 35.375000000000007 -122.00499999999998 0.95712370739180408 -122.44499999999998 1627.5000000000002 -117.24499999999999 2.5763869593405579 38.815000000000005 -122.26499999999999 -117.18499999999999 37.965000000000011 6.0885186209439537 899.50000000000011 1.0003353454057682 -117.81499999999998 1.0271096002911728 -117.23499999999999 36.975000000000001 -116.53499999999998 37.595000000000006 37.985000000000007 -121.44499999999998 459.50000000000006 -121.895 962.50000000000011 1.0139026949414627 -118.26499999999999 37.895000000000003 20.500000000000004 1.0097363099187924 14.500000000000002 2.4716480639382667 11.055650000000002 -122.23499999999999 35.500000000000007 7.3584173399399555
decision_type= 2 2 2 2 2 2 2 2 2 2 2 2 2 2 2 2 2 2 2 2 2 2 2 2 2 2 2 2 2 2 2 2 2 2 2 2 2 2 2 2 2 2 2 2 2 2 2 2 2 2 2 2 2 2 2 2 2 2 2 2 2 2 2 2 2 2 2 2 2 2 2 2 2 2 2 2 2 2 2 2 2 2 2 2 2 2 2 2 2 2 2 2 2 2 2 2 2 2 2 2 2 2 2 2 2
left_child=1 5 4 6 20 15 58 9 22 17 21 12 18 24 30 16 25 44 -9 48 51 32 29 56 70 54 -27 50 -23 38 78 41 -8 43 -19 72 -29 65 -5 40 82 55 63 -13 -7 -32 67 -14 57 -41 -16 84 87 -31 -1 -21 91 74 59 60 -3 94 -54 -24 -39 -18 -37 -12 92 -44 93 -72 -25 -61 -6 -73 77 -17 -10 80 -33 -70 99 -84 100 -86 -35 -11 -43 90 -50 -22 -53 -4 95 -26 -95 101 -59 -15 -2 -51 -63 -104 -91
right_child=2 3 13 8 19 7 10 11 14 52 46 33 47 39 27 76 37 34 -20 31 23 28 42 35 61 26 -28 36 -30 53 45 79 -34 86 -36 66 -38 64 -40 49 -42 88 69 -45 -46 -47 -48 -49 89 97 -52 68 62 -55 -56 -57 -58 98 -60 73 -62 102 -64 -65 -66 -67 -68 -69 81 -71 71 75 -74 -75 -76 -77 -78 -79 -80 -81 -82 -83 83 -85 85 -87 -88 -89 -90 104 -92 -93 -94 96 -96 -97 -98 -99 -100 -101 -102 -103 103 -105 -106
leaf_value= 0.1068667777857798 -0.029772780806972422 0.11244277664490286 0.094721058228363603 -0.012954766055067072 0.03904804307210516 0.039174311865980811 0.10053562940790868 0.055769185814065772 0.015950174012213825 -0.086157078849675078 0.018865645015161608 -0.038586081916709314 -0.060563394382063832 0.091065916287548399 0.041215240475263953 -0.013278936993862903 -0.095640406737456454 -0.057241798496994248 -0.037401543352930271 0.090674651693552738 0.16495953342493844 0.061270276997887445 0.082225101366639144 0.15264305543331874 0.19553897037650603 0.031343903243423829 -0.10785834036375348 -0.0052674903897241172 0.12236242659324617 -0.038660714550180844 0.10935450803775054 0.024547044911822823 0.17717542195187086 -0.11328170573077395 -0.025459544633880324 0.13077036546723497 -0.034206035491365319 -0.039792691739664106 -0.061364967551385499 0.12268352006611072 0.22038151425184666 0.17165749197204908 0.019630265128621951 -0.08983145137981402 -0.0084882717356117299 0.046797774762200602 -0.044010291473810068 -0.099501932379834859 0.041076905020172638 0.19906741822274721 -0.0065092886501379246 0.12069629178796377 -0.050906959999666879 -0.069693972050575898 0.047902277209822777 0.039722701565463203 0.11478466189959471 0.13618957485471453 -0.033393207967281339 -0.017192236321457364 0.030249898296772573 0.16319881572442896 -0.079400298754712023 -0.023445069491863254 0.033222685401038878 -0.04251042738802166 0.17162342315880202 0.083249293064000085 0.078894725255668166 -0.030810429225219232 0.043607901781797409 0.16100531274763247 0.089432304000979096 0.033208213402674748 -0.01102977550077823 0.10338591516970895 -0.092397914244793364 -0.066933390005029361 -0.034393481848140554 0.0063038265412407261 0.0577201322029713 0.14783479939436628 0.18654605528664969 0.13014228069062891 0.072504723439591801 -0.013529465813189746 -0.066442937376322578 -0.11654829571121617 0.096080338037931007 -0.047393595742491579 0.00090276532972221376 0.22337458108563021 0.06066978376577882 0.19008342176675797 0.20903281194192394 0.11880039662122727 0.11329690039157868 0.23200213335930031 0.071307807317689847 0.14382520396458476 0.041984048609932267 0.23598769533223121 0.14155763039986288 0.071152206547558314 0.011415665410459042
leaf_weight=85 13.000000000000002 31 11.999999999999998 1077 278 117 78 99 246 331 62 92 210 17 234 42 37 783 407 259 17 226 65 21 33 237 38 1024 228 1163 65 72 175 691 454 124 423 24 106 19 97 36 79 1017 517 357 43 412 63 82 113 18 249 187 87 74 17 13.999999999999998 50 118 112 17 272 9.9999999999999982 58 224 93 32 20 51 21 24 185 39 31 172 64 139 30 35 344 42 63 29 70 11.999999999999998 27 76 12.999999999999998 26 207 83 51 24 81 14.999999999999998 9.9999999999999982 235 19 38 11.999999999999998 29 12.000000000000002 9.9999999999999982 9.9999999999999982
leaf_count=85 13 31 12 1077 278 117 78 99 246 331 62 92 210 17 234 42 37 783 407 259 17 226 65 21 33 237 38 1024 228 1163 65 72 175 691 454 124 423 24 106 19 97 36 79 1017 517 357 43 412 63 82 113 18 249 187 87 74 17 14 50 118 112 17 272 10 58 224 93 32 20 51 21 24 185 39 31 172 64 139 30 35 344 42 63 29 70 12 27 76 13 26 207 83 51 24 81 15 10 235 19 38 12 29 12 10 10
model_size=11792
internal_value=0 -0.0263464 0.105521 0.0045758 0.0727908 -0.0556061 0.0728684 -0.0636474 -0.0110153 -0.0456707 0.0977896 -0.080675 -0.0562184 0.176616 0.00632124 -0.0109014 0.00568598 -0.0300289 -0.0191725 0.0480272 0.119931 0.113993 -0.0267942 0.139301 0.138619 0.0370941 0.0121087 -0.00610605 0.0919509 -0.030972 0.0382619 0.0668628 0.153547 -0.0957746 -0.0455772 0.122759 -0.0137271 -0.0352453 -0.0172925 0.203507 0.179988 0.0886202 0.0248275 -0.0855803 0.000307505 0.0564333 0.0141694 -0.0863555 0.0238142 0.219229 0.0256738 0.0759806 -0.0772073 -0.0429594 0.0770417 0.079352 0.199109 0.0402776 0.0127728 0.0204672 0.0480679 0.180661 -0.0657826 0.0681357 0.0118523 -0.0500423 0.148279 0.0407835 0.0996462 -0.000158007 0.111764 0.103974 0.0958761 -0.00467238 0.0340241 0.110441 -0.0643874 -0.0544832 0.010478 0.048434 0.0519786 0.125596 0.153333 0.168767 0.0470069 0.0599144 -0.11152 -0.0918321 0.151606 0.00541386 0.0102767 0.213444 0.0763289 0.148514 0.195089 0.171558 0.167499 0.224531 0.0988334 0.127518 0.0046705 0.208713 0.132938 0.109555 -0.0310577
internal_weight=0 13213 3299 6424 2259 6789 1194 5754 5230 2799 844 2955 1128 1040 2492 1035 790 1871 506 1481 778 707 2738 540 431 447 275 1794 454 2533 698 833 253 1827 1237 423 1447 343 1183 609 244 382 205 1109 634 422 137 622 648 365 347 238 928 1350 172 333 117 342 350 300 143 168 521 75 82 261 217 94 131 130 263 217 206 157 309 196 245 181 276 451 416 62 147 92 107 82 718 407 49 306 270 100 69 46 129 48 34 346 33 55 25 111 39 22 36
internal_count=16512 13213 3299 6424 2259 6789 1194 5754 5230 2799 844 2955 1128 1040 2492 1035 790 1871 506 1481 778 707 2738 540 431 447 275 1794 454 2533 698 833 253 1827 1237 423 1447 343 1183 609 244 382 205 1109 634 422 137 622 648 365 347 238 928 1350 172 333 117 342 350 300 143 168 521 75 82 261 217 94 131 130 263 217 206 157 309 196 245 181 276 451 416 62 147 92 107 82 718 407 49 306 270 100 69 46 129 48 34 346 33 55 25 111 39 22 36
is_linear=0
shrinkage=0.1


Tree=3
num_leaves= 98
num_cat= 0
full_tree_array_lgbids= 0 1 2 6 3 4 11 17 13 5 8 15 12 23 39 26 42 36 21 7 34 16 14 48 22 29 25 76 65 40 44 27 -28 52 -44 71 43 49 30 28 9 47 96 33 24 19 31 81 63 -17 32 51 68 62 56 95 80 90 -67 73 -42 -41 88 41 66 -2147483648 -2147483648 54 53 -2147483648 -2147483648 72 -73 60 64 78 50 89 69 77 38 10 18 -7 75 -36 -98 37 57 35 55 20 45 46 87 -2 82 74 -65 -2147483648 -2147483648 61 59 58 70 86 83 85 84 67 92 -4 -97 94 93 91 -92 -2147483648 -2147483648 79 -75 -2147483648 -2147483648 -2147483648 -2147483648 -46 -90 -1 -43 -29 -68 -2147483648 -2147483648 -2147483648 -2147483648 -19 -56 -54 -55 -2147483648 -2147483648 -2147483648 -2147483648 -8 -74 -2147483648 -2147483648 -38 -62 -45 -66 -15 -80 -51 -52 -23 -91 -32 -71 -3 -79 -30 -40 -9 -12 -11 -20 -2147483648 -2147483648 -49 -77 -2147483648 -2147483648 -2147483648 -2147483648 -5 -39 -35 -59 -18 -37 -26 -57 -10 -22 -21 -47 -16 -48 -33 -89 -2147483648 -2147483648 -83 -84 -50 -76 -2147483648 -2147483648 -2147483648 -2147483648 -2147483648 -2147483648 -24 -63 -34 -61 -6 -60 -53 -72 -31 -88 -70 -85 -14 -87 -64 -86 -27 -69 -58 -94 -2147483648 -2147483648 -2147483648 -2147483648 -78 -96 -82 -95 -25 -93 -2147483648 -2147483648 -2147483648 -2147483648 -2147483648 -2147483648 -13 -81 -2147483648 -2147483648 -2147483648 -2147483648 -2147483648 -2147483648 -2147483648 -2147483648 -2147483648 -2147483648 -2147483648 -2147483648 -2147483648 -2147483648
split_feature= 1 1 1 6 6 7 3 8 1 8 7 1 1 1 6 2 3 6 7 7 8 6 6 2 2 2 7 8 7 6 3 8 1 6 8 7 6 7 2 1 2 6 8 7 5 8 7 7 1 2 6 7 7 8 8 8 8 8 8 7 8 7 1 7 5 7 8 3 2 7 8 8 7 4 8 7 4 7 6 6 6 5 2 7 6 5 8 7 4 6 4 8 3 8 2 5 1
split_gain= 3719.45 914.807 682.78 576.733 234.137 172.699 172.418 145.166 142.472 83.773 139.614 83.5371 76.6489 69.66 56.8544 55.2228 50.414 50.0392 45.728 40.1118 45.579 38.8185 37.7702 36.8771 36.5313 36.3949 32.7784 32.5048 27.5145 26.6632 25.1757 23.0789 21.0681 20.285 19.9559 18.9609 17.7711 16.4366 16.3791 16.2156 20.5004 15.2306 15.1455 15.1183 14.3052 14.081 13.4727 12.9289 12.3821 12.2332 16.2722 11.648 10.7172 14.1914 12.8373 10.6978 9.2213 9.17199 8.94494 8.25864 8.19436 8.12521 7.99876 7.0804 6.99249 6.82658 6.56364 6.48323 6.10303 5.87115 5.21286 5.20468 8.03261 4.72669 4.31633 4.16619 3.99614 3.93803 3.9078 3.87851 3.25457 3.19146 3.69673 3.18988 2.42685 2.14107 1.91707 1.70647 1.54984 1.50544 0.971321 1.64667 0.821236 0.71426 0.634673 0.606293 0.121062
threshold= 5.0387000000000013 2.7820000000000005 6.8672000000000013 2.4136952392348086 2.5763869593405579 37.935000000000009 3.8792159595040387 -122.33499999999999 3.8346500000000003 -117.99499999999999 34.155000000000008 7.852450000000001 5.8308000000000009 2.2210000000000005 3.016322398451238 21.500000000000004 4.8809487864875196 2.8941056667066012 33.695000000000007 37.875000000000007 -122.21499999999999 2.2982753493904258 2.0653737590585881 26.500000000000004 44.500000000000007 27.500000000000004 37.935000000000009 -118.21499999999999 37.765000000000008 3.0298305221858191 4.3645181386446135 -117.79499999999999 5.5682000000000009 3.2651338971106418 -122.35499999999998 34.415000000000006 2.2038024706228287 37.915000000000006 47.500000000000007 9.1688500000000008 28.500000000000004 1.6125326273398461 -117.79499999999999 34.105000000000011 70.000000000000014 -122.40499999999999 37.795000000000009 38.005000000000003 5.6402500000000009 26.500000000000004 1.9322222929778572 37.955000000000005 34.595000000000006 -121.48499999999999 -118.27499999999999 -122.40499999999999 -117.96499999999999 -122.24499999999999 -118.22499999999998 37.615000000000002 -118.31499999999998 37.935000000000009 6.3350000000000009 37.955000000000005 252.50000000000003 37.645000000000003 -117.13499999999998 6.8025928032261413 15.500000000000002 34.715000000000011 -122.19499999999998 -117.01499999999999 38.895000000000003 1.1341727378312747 -118.01499999999999 39.425000000000004 1.0103851166134901 37.595000000000006 1.5681615996735363 2.788985387372485 2.5163636904584812 416.50000000000006 16.500000000000004 32.795000000000009 3.1174424219910848 1480.5000000000002 -121.36499999999999 33.885000000000012 0.88056399418835041 3.102783329035586 1.0579855072463773 -117.93499999999999 6.8768377815489048 -122.00499999999998 17.500000000000004 1162.5000000000002 3.6100000000000003
decision_type= 2 2 2 2 2 2 2 2 2 2 2 2 2 2 2 2 2 2 2 2 2 2 2 2 2 2 2 2 2 2 2 2 2 2 2 2 2 2 2 2 2 2 2 2 2 2 2 2 2 2 2 2 2 2 2 2 2 2 2 2 2 2 2 2 2 2 2 2 2 2 2 2 2 2 2 2 2 2 2 2 2 2 2 2 2 2 2 2 2 2 2 2 2 2 2 2 2
left_child=1 6 4 5 15 7 17 28 16 10 -9 23 29 36 19 48 33 26 -11 20 -10 49 -17 76 35 62 27 41 77 51 89 46 61 37 47 -18 71 -5 -30 40 73 -1 52 60 -41 -21 -16 -7 81 78 -51 58 54 -54 -19 -26 67 -35 -6 -34 -38 -24 85 74 -45 90 -29 -27 86 -32 -53 72 -8 79 -50 -49 95 -3 -15 -13 94 -2 -83 -70 -64 -14 -31 -33 -46 -23 91 -25 -58 -82 -78 -4 -36
right_child=2 3 11 8 12 34 13 9 14 18 -12 39 25 21 31 22 24 42 -20 45 -22 30 32 65 55 56 -28 66 38 68 69 87 59 57 96 -37 43 -39 -40 44 -42 -43 -44 64 88 -47 -48 75 63 50 -52 70 53 -55 -56 -57 92 -59 -60 -61 -62 -63 84 -65 -66 -67 -68 -69 83 -71 -72 -73 -74 -75 -76 -77 80 -79 -80 -81 93 82 -84 -85 -86 -87 -88 -89 -90 -91 -92 -93 -94 -95 -96 -97 -98
leaf_value= 0.096970932583014174 -0.029409261718392372 0.16188674817482632 0.06384698532235164 -0.0017799924326198789 0.062907833689197959 0.085188427535088165 -0.039058278035372498 0.10302324883113595 0.086376678687755504 0.03107227378132963 0.029782494732966205 0.16899353933144123 0.029975772357654352 -0.094535002417185099 -0.0063362833366475317 0.19287912856007733 -0.03519768727599086 -0.01040279738496519 -0.039051513750726984 0.020123863852091341 0.013492382526885373 -0.02265657376203882 0.09761399805057705 0.17331298353327884 0.049581391785648611 0.09712315543947625 -0.07315831943901617 -0.017503322809589685 0.10442120574157815 0.012430497590224453 -0.056937411881849288 -0.035460684866859361 0.15236442230369263 0.032566266048233955 -0.053355488304643789 -0.058376038262492484 -0.017696538879810011 -0.06009272543377564 0.19919833794429706 0.084594756985704109 0.19884700861368931 0.016228688141816987 -0.085191190995836774 -0.054584352211340482 0.14259898602962492 -0.034687401380713356 -0.041789744834105177 0.0030825440955674784 0.12994946761513657 0.050000833983843529 -0.024177030545557626 0.043963789939880371 -0.032309461853412151 -0.10273917984606616 -0.04405569349109828 -0.015188482189166 0.0093370236394306003 -0.037604104675837052 0.030555511268153403 0.10182615900248813 -0.075846521393203539 0.0067058095176305097 0.083899560078116497 0.011048363087077935 -0.096597761326376708 0.1196444682012766 -0.067835488702569696 0.14363244323720856 -0.049159703575647799 -0.075590826507303435 -0.022281958570238205 -0.10176811967577254 -0.087343785071127181 0.2181083619594574 0.07542702379386601 -0.084593494534492497 0.12316884886134752 0.082655513236248812 -0.036946984864054969 0.12542643829813746 0.13931453296293814 0.032880110894877683 0.086525528109632432 0.018477750459765609 0.05449319794774056 0.054249532427638775 -0.026262509812381166 -0.061917414606075021 0.20773732046074903 -0.045954550122294359 0.20321932575281931 0.10745975510640578 0.084314726516604432 0.098513909110968773 0.19944708347320558 0.098283780142664923 -0.030889154641100994
leaf_weight=30 9.9999999999999982 11.999999999999998 52 658 253 23 178 446 99 284 653 47 163 22 847 86 648 206 150 72 1066 133 166 84 42 128 67 135 29 45 351 130 164 25 126 1047 34 61 77 11.999999999999998 124 299 93 57 9.9999999999999982 239 150 69 53 48 119 28 68 67 399 127 15.000000000000002 495 194 57 484 13.999999999999998 121 11.999999999999998 1044 39 49 62 12.999999999999998 778 48 35 61 11.999999999999998 41 9.9999999999999982 11.000000000000002 74 169 122 24 68 32 374 110 156 89 114 282 170 34 10.999999999999998 9.9999999999999982 110 10.999999999999998 55 91
leaf_count=30 10 12 52 658 253 23 178 446 99 284 653 47 163 22 847 86 648 206 150 72 1066 133 166 84 42 128 67 135 29 45 351 130 164 25 126 1047 34 61 77 12 124 299 93 57 10 239 150 69 53 48 119 28 68 67 399 127 15 495 194 57 484 14 121 12 1044 39 49 62 13 778 48 35 61 12 41 10 11 74 169 122 24 68 32 374 110 156 89 114 282 170 34 11 10 110 11 55 91
model_size=10896
internal_value=0 -0.0248554 0.0906888 -0.00343857 0.062426 0.0423587 -0.0579054 0.05495 -0.0195227 0.0445943 0.0595053 0.158954 0.0432912 -0.0693821 -0.00265402 0.111665 -0.034293 -0.0279912 0.00683594 0.010903 0.019686 -0.0549839 0.130754 0.124757 -0.0449433 0.0677324 -0.00487412 0.00404409 0.137634 0.0253817 -0.062584 -0.0187782 0.117431 -0.0182702 -0.0257292 -0.0495149 -0.0829968 -0.00672725 0.173269 0.183156 0.165636 0.0235912 -0.0440871 -0.087258 0.200734 -0.021998 -0.0116703 0.0130009 0.0686249 -0.0245833 -0.00285645 0.0420744 -0.0389213 -0.0672635 -0.032597 0.000908173 0.103815 -0.0342305 0.0488668 0.13933 -0.0720297 0.0905434 0.0536274 0.0954001 -0.0944227 0.162595 -0.030907 0.1123 0.00862497 -0.0697916 0.00212437 -0.0578184 -0.0513822 0.142884 0.106168 -0.00801569 0.100587 0.093711 -0.0435802 0.137543 0.113647 0.0428234 0.0500466 0.0162057 0.0698965 0.0418463 -0.0132686 -0.0478216 0.205507 -0.035728 0.17558 0.165688 0.0393281 0.105821 0.161308 0.0815481 -0.0439341
internal_weight=0 12960 3552 7864 2512 2044 5096 1725 5820 1533 1099 1040 1809 3683 2717 703 3103 1413 434 1476 1165 1790 487 431 1864 765 580 513 192 1044 1432 1241 401 1239 319 1695 1893 719 106 609 305 329 833 1619 304 311 997 102 216 358 167 523 740 135 605 169 215 520 447 221 518 180 550 106 1101 168 184 190 521 1129 76 274 239 181 94 79 263 86 191 169 156 110 100 387 231 319 134 244 292 303 129 95 25 134 22 107 217
internal_count=16512 12960 3552 7864 2512 2044 5096 1725 5820 1533 1099 1040 1809 3683 2717 703 3103 1413 434 1476 1165 1790 487 431 1864 765 580 513 192 1044 1432 1241 401 1239 319 1695 1893 719 106 609 305 329 833 1619 304 311 997 102 216 358 167 523 740 135 605 169 215 520 447 221 518 180 550 106 1101 168 184 190 521 1129 76 274 239 181 94 79 263 86 191 169 156 110 100 387 231 319 134 244 292 303 129 95 25 134 22 107 217
is_linear=0
shrinkage=0.1


Tree=4
num_leaves= 100
num_cat= 0
full_tree_array_lgbids= 0 2 1 5 3 4 6 20 16 7 8 13 18 15 29 23 53 69 19 38 12 9 21 40 14 32 44 50 57 37 47 24 -25 59 -55 -7 70 35 26 73 41 17 42 10 30 28 66 72 48 46 27 84 33 54 81 58 85 -17 64 87 -39 -31 62 39 55 -2147483648 -2147483648 90 60 -2147483648 -2147483648 -2147483648 -2147483648 78 79 36 95 82 52 74 -75 88 49 22 25 80 -44 43 11 31 71 51 56 -23 92 -2 83 63 61 89 68 34 75 -6 96 45 93 67 -56 86 -83 -3 76 98 97 -2147483648 -2147483648 65 94 -8 91 -2147483648 -2147483648 -2147483648 -2147483648 77 -64 -1 -41 -26 -57 -2147483648 -2147483648 -2147483648 -2147483648 -22 -92 -61 -62 -2147483648 -2147483648 -2147483648 -2147483648 -2147483648 -2147483648 -2147483648 -2147483648 -71 -80 -72 -81 -18 -38 -37 -97 -21 -84 -28 -54 -4 -76 -2147483648 -2147483648 -40 -90 -43 -51 -9 -24 -19 -27 -14 -82 -2147483648 -2147483648 -5 -45 -12 -13 -11 -33 -32 -73 -10 -53 -30 -58 -2147483648 -2147483648 -68 -94 -2147483648 -2147483648 -74 -85 -42 -65 -50 -63 -15 -91 -48 -70 -16 -36 -29 -77 -2147483648 -2147483648 -86 -98 -34 -47 -35 -95 -20 -69 -2147483648 -2147483648 -46 -88 -2147483648 -2147483648 -2147483648 -2147483648 -60 -78 -52 -100 -87 -99 -2147483648 -2147483648 -2147483648 -2147483648 -59 -67 -66 -96 -2147483648 -2147483648 -89 -93 -2147483648 -2147483648 -2147483648 -2147483648 -2147483648 -2147483648 -2147483648 -2147483648 -49 -79 -2147483648 -2147483648
split_feature= 1 1 1 6 6 3 1 2 8 7 8 7 7 2 6 2 1 1 1 6 6 7 8 7 8 6 3 1 8 2 8 7 2 8 7 7 2 1 1 6 5 2 8 8 6 7 4 5 6 1 6 6 1 8 2 8 8 6 4 3 1 1 7 2 7 8 5 4 7 6 7 1 8 7 8 6 2 1 8 8 8 7 7 1 4 1 8 4 7 6 5 8 7 3 8 7 8 8 8
split_gain= 3032 801.307 549.808 432.651 246.038 139.042 123.835 110.75 82.8266 112.407 118.267 89.5684 77.3719 76.7239 78.131 57.3934 56.7994 54.4154 45.2982 42.552 40.3292 33.0812 29.0449 27.0174 34.0543 25.6852 24.2024 22.6149 21.9309 20.1866 18.5466 34.0556 18.1017 19.0241 17.8585 15.4899 16.393 15.3929 14.1216 13.326 12.4188 12.1811 12.1628 11.88 11.8198 11.4587 10.7745 10.0759 10.0657 9.51976 9.26791 8.97395 8.83051 8.152 8.05531 7.57507 7.35864 7.12824 6.86669 6.4643 5.74198 5.67468 5.27688 4.91473 4.902 6.57378 4.61564 4.49354 4.33693 4.31449 4.37632 3.78157 3.74717 3.58822 9.32072 3.53222 3.51187 3.37576 3.34136 2.93229 2.77476 2.6982 2.53178 2.39389 1.99534 1.91932 1.69595 1.65715 1.62522 1.52696 1.47684 1.41525 1.24561 1.01122 0.59228 0.564303 0.49535 0.451876 0.0429341
threshold= 4.5301500000000017 6.3963500000000009 2.7820000000000005 2.2634687595142249 2.735488224282792 3.8792159595040387 7.7055000000000016 24.500000000000004 -117.79499999999999 37.945000000000007 -122.21499999999999 34.525000000000013 37.815000000000005 21.500000000000004 2.1628386478062818 26.500000000000004 1.9486000000000003 3.4883000000000002 5.6042500000000013 2.2906328481453726 3.0973600929976173 33.655000000000008 -122.33499999999999 37.935000000000009 -118.21499999999999 2.0231950334409352 4.3645181386446135 5.5682000000000009 -117.16499999999998 18.500000000000004 -122.425 38.735000000000007 16.500000000000004 -117.50499999999998 37.935000000000009 37.945000000000007 26.500000000000004 8.7395500000000013 3.3627000000000002 2.0231950334409352 774.50000000000011 16.500000000000004 -122.04499999999999 -122.44499999999998 3.1424162072895592 37.915000000000006 1.0181992504140156 139.50000000000003 2.0509070328557395 4.2118000000000011 2.6585924622132828 2.5102460737381374 2.5205000000000006 -117.79499999999999 42.500000000000007 -117.13499999999998 -116.11499999999999 2.2820667453403218 0.95712370739180408 3.0522493994321906 1.7507000000000001 5.3063000000000011 37.955000000000005 17.500000000000004 37.645000000000003 -122.06499999999998 198.50000000000003 1.0167919415867082 37.805000000000007 2.0231950334409352 34.525000000000013 3.6100000000000003 -122.11499999999999 35.645000000000003 -118.395 2.4652231585518112 8.5000000000000018 9.1688500000000008 -118.31499999999998 -119.84499999999998 -122.48499999999999 37.815000000000005 34.595000000000006 5.3736000000000006 0.99348180144455467 6.8672000000000013 -121.91499999999998 1.0003353454057682 37.985000000000007 2.0653737590585881 2536.5000000000005 -117.83499999999999 34.715000000000011 6.2144426020714691 -122.40499999999999 39.505000000000003 -121.46499999999999 -122.00499999999998 -117.93499999999999
decision_type= 2 2 2 2 2 2 2 2 2 2 2 2 2 2 2 2 2 2 2 2 2 2 2 2 2 2 2 2 2 2 2 2 2 2 2 2 2 2 2 2 2 2 2 2 2 2 2 2 2 2 2 2 2 2 2 2 2 2 2 2 2 2 2 2 2 2 2 2 2 2 2 2 2 2 2 2 2 2 2 2 2 2 2 2 2 2 2 2 2 2 2 2 2 2 2 2 2 2 2
left_child=2 4 5 7 13 20 15 38 9 10 43 -12 17 40 46 50 69 22 32 35 23 28 -9 24 39 -19 82 34 51 37 31 -11 84 45 -16 36 -18 87 73 -1 72 88 80 -5 54 -34 89 -31 63 -43 58 -10 -28 59 67 -26 -30 -17 -3 90 -61 -50 77 -42 65 -59 -23 -20 -48 -7 78 -32 -2 74 -4 -29 -60 -49 -71 -72 -14 86 -21 -74 -6 98 -46 -8 -40 -15 -22 -89 -68 -35 -66 -37 -86 -87 -52
right_child=1 6 3 8 18 16 29 12 21 30 11 -13 42 14 27 57 19 25 44 26 53 66 -24 -25 55 -27 52 75 56 47 71 -33 33 93 -36 95 -38 -39 41 -41 48 49 -44 -45 81 -47 68 62 61 -51 85 -53 -54 -55 -56 -57 -58 64 76 60 -62 -63 -64 -65 94 -67 92 -69 -70 70 79 -73 83 -75 -76 -77 -78 -79 -80 -81 -82 -83 -84 -85 96 97 -88 91 -90 -91 -92 -93 -94 -95 -96 -97 -98 -99 -100
leaf_value= 0.048698026530817153 0.075037060678005224 0.026088895987380636 0.057764737248420718 0.082352141907904297 -0.031386194210393695 -0.054305833246972829 0.0796545996497839 0.13415232997919832 0.055155458267674679 0.014945593806476318 0.001527621683708126 -0.033868875759876321 0.062590260875339684 0.13149913867999768 0.0712636662160923 0.18085759442713525 -0.036025343867316401 0.13948455581106664 0.03625548534824715 -0.032952206762360076 -0.027594998639462322 0.017160881031304597 0.040912930368070609 -0.067780195650133032 -0.017494395606498531 0.079795119527261704 -0.073512780411426018 0.12683928868697061 -0.038434709005076631 0.083668133392930041 -0.060422417897541762 -0.067175363649924588 0.024817637101223596 -0.053272722081043 0.01092655941429257 -0.046774661163282064 0.012548510065722851 0.16556768648478451 0.0055917052100085129 0.0049604017165095623 0.07208002902567387 0.033326090091178498 -0.043709569731179405 0.037048091885711378 0.070604519685730338 -0.015263770386162731 0.17806892446968536 0.16831101841065621 0.024048156527695375 0.12367310598355663 0.070081432176343467 -0.010469414101093324 -0.055792760035358019 -0.079067670343709845 0.14907148157556852 -0.064456560134011159 -0.10212366801721079 0.18940709406329739 0.056515979068353775 -0.067801780540938092 -0.037342530933933131 0.059407616611169348 0.10030040872784762 0.16009951508962192 0.14261362478137016 0.12957364125117946 -0.066785006742035843 0.066919697827244995 0.097469149033228564 -0.0187926166318357 -0.083175567646700643 -0.042297271879151298 -0.021053334429191221 -0.041859520551310307 -0.020806089904032311 0.092052621549213093 0.13780928518390284 0.19195068983804614 -0.075259089794437767 -0.1024568945236875 0.007866278994202492 -0.014919751223642381 -0.056963141959130284 0.025516476496480978 0.01271110643198093 0.11396707038262062 0.025595178510757811 0.14485296677384113 -0.044318558983504779 0.070921109812824346 0.0071940349795076314 0.096321733602706128 -0.10485975742340088 -0.011320756909880424 0.083111853643161496 -0.083450379453856374 -0.010820224645187657 0.077480850328824347 0.045085657515696119
leaf_weight=125 11.999999999999998 10.999999999999998 25 117 88 90 39 42 36 138 1944 1185 26 29 476 45 169 178 143 341 116 9.9999999999999982 278 71 147 144 960 77 297 14.999999999999998 428 90 794 43 64 144 155 98 128 253 40 124 51 180 24 99 109 225 148 17 118 109 593 70 11.999999999999998 68 27 31 10.999999999999998 118 396 122 12.999999999999998 12.999999999999998 11.999999999999998 157 436 164 11.999999999999998 20 481 364 59 68 88 154 64 210 357 221 61 30 123 39 75 28 227 36 20 19 49 34 29 41 41 29 251 154 70
leaf_count=125 12 11 25 117 88 90 39 42 36 138 1944 1185 26 29 476 45 169 178 143 341 116 10 278 71 147 144 960 77 297 15 428 90 794 43 64 144 155 98 128 253 40 124 51 180 24 99 109 225 148 17 118 109 593 70 12 68 27 31 11 118 396 122 13 13 12 157 436 164 12 20 481 364 59 68 88 154 64 210 357 221 61 30 123 39 75 28 227 36 20 19 49 34 29 41 41 29 251 154 70
model_size=11120
internal_value=0 0.0672023 -0.0273482 -0.00834052 0.0406208 -0.0521148 0.130531 0.0448287 -0.0206711 -0.0148676 -0.00608904 -0.0118776 0.0682115 0.0733638 0.0896847 0.102088 -0.0624439 0.0830638 0.0180411 -0.0537786 -0.0251921 -0.0480038 0.0531506 -0.00666398 0.000653478 0.112791 -0.0604366 0.0759579 -0.0284179 0.16203 -0.0443532 -0.0174706 0.00784665 0.0158027 0.0641126 -0.0267583 -0.0127879 0.134405 0.00602336 0.0194239 0.0379325 0.0209835 -0.000884045 0.0548951 0.0416754 0.0203741 0.152308 0.174381 0.0488277 0.044219 0.0795552 0.00582366 -0.0667465 -0.0416175 0.056264 -0.0323475 -0.0437421 0.138015 0.113121 -0.0377566 -0.0443351 0.0400254 0.177419 0.0936697 0.130015 0.13944 -0.0673423 0.0526364 0.170076 -0.081079 -0.0833121 -0.0520922 0.00594037 -0.0178633 -0.00342316 0.103648 0.125886 0.179723 -0.0722635 -0.0892456 0.0242206 0.025114 -0.0393172 -0.00252045 -0.0109288 0.0717533 0.0298989 0.106387 -0.00115293 0.10752 -0.0172637 0.121281 -0.0691596 -0.0327962 0.096584 -0.0529226 -0.00540657 0.0830941 0.0607745
internal_weight=0 4776 11736 6640 3364 5096 1412 1250 5390 4446 3426 3129 780 1373 940 742 3683 642 1991 2514 1413 944 320 664 593 322 2017 771 469 670 1020 228 1391 977 540 497 324 207 470 378 433 289 138 297 600 893 169 463 323 141 456 145 1553 749 319 215 324 286 86 679 514 270 448 53 241 188 475 307 121 1169 1079 792 110 181 113 231 75 435 377 702 87 281 464 98 414 370 251 109 148 48 165 70 465 84 53 173 326 182 188
internal_count=16512 4776 11736 6640 3364 5096 1412 1250 5390 4446 3426 3129 780 1373 940 742 3683 642 1991 2514 1413 944 320 664 593 322 2017 771 469 670 1020 228 1391 977 540 497 324 207 470 378 433 289 138 297 600 893 169 463 323 141 456 145 1553 749 319 215 324 286 86 679 514 270 448 53 241 188 475 307 121 1169 1079 792 110 181 113 231 75 435 377 702 87 281 464 98 414 370 251 109 148 48 165 70 465 84 53 173 326 182 188
is_linear=0
shrinkage=0.1


Tree=5
num_leaves= 91
num_cat= 0
full_tree_array_lgbids= 0 1 3 4 2 5 26 15 8 6 12 19 17 32 51 46 21 9 10 56 7 18 27 60 24 39 45 55 75 -28 78 47 67 64 25 14 49 11 31 57 -58 13 37 20 22 40 42 73 61 62 38 44 71 85 69 72 84 -34 -77 -2147483648 -2147483648 -53 87 74 -49 82 68 -17 80 30 66 29 48 50 -51 16 34 33 54 58 65 -2147483648 -2147483648 36 28 43 -39 76 -22 23 35 41 83 -29 53 -2 81 70 -63 -21 -64 52 59 63 79 -41 -73 86 -87 -47 89 77 -74 -57 -86 -2147483648 -2147483648 -2147483648 -2147483648 -2147483648 -2147483648 -2147483648 -2147483648 -2147483648 -2147483648 88 -89 -1 -76 -2147483648 -2147483648 -48 -84 -69 -70 -2147483648 -2147483648 -66 -82 -23 -32 -27 -68 -6 -31 -16 -50 -11 -52 -2147483648 -2147483648 -10 -18 -13 -36 -12 -35 -33 -56 -3 -60 -59 -67 -2147483648 -2147483648 -2147483648 -2147483648 -8 -38 -15 -30 -9 -45 -2147483648 -2147483648 -4 -78 -2147483648 -2147483648 -20 -25 -24 -37 -14 -43 -42 -85 -2147483648 -2147483648 -44 -55 -2147483648 -2147483648 -75 -83 -62 -72 -2147483648 -2147483648 -2147483648 -2147483648 -2147483648 -2147483648 -26 -54 -40 -61 -7 -65 -46 -81 -2147483648 -2147483648 -2147483648 -2147483648 -19 -88 -2147483648 -2147483648 -2147483648 -2147483648 -71 -91 -5 -79 -2147483648 -2147483648 -2147483648 -2147483648 -2147483648 -2147483648 -2147483648 -2147483648 -2147483648 -2147483648 -2147483648 -2147483648 -2147483648 -2147483648 -2147483648 -2147483648 -2147483648 -2147483648 -2147483648 -2147483648 -2147483648 -2147483648 -2147483648 -2147483648 -2147483648 -2147483648 -80 -90 -2147483648 -2147483648
split_feature= 1 1 6 1 6 6 2 7 7 8 8 7 1 6 6 1 8 1 8 2 7 2 6 7 6 7 1 6 8 8 8 8 2 7 7 8 1 7 1 7 8 7 8 8 6 2 3 5 2 8 7 5 8 2 7 8 7 8 7 7 4 8 7 4 4 7 8 1 4 7 5 8 4 2 1 7 2 6 6 8 6 8 6 7 7 8 7 1 2 7
split_gain= 2460.35 713.742 394.537 352.812 163.158 126.168 109.827 93.6382 92.648 97.4594 92.3857 93.7686 70.7681 63.6242 61.7038 56.5455 48.8727 44.3578 43.7907 43.6735 33.587 32.9613 30.4894 30.532 27.4542 26.3654 25.3448 25.2675 24.7442 23.8252 23.0331 22.7114 21.8903 18.3149 16.207 14.235 13.6652 13.5788 13.1269 11.9908 10.1441 10.7445 10.1417 9.75412 9.51295 9.51026 9.20854 10.6299 8.94199 8.83398 12.297 8.06915 6.92869 6.54927 6.11742 5.78128 5.75945 9.40234 12.794 5.68202 5.59814 8.1952 5.58842 5.35947 4.77681 4.62926 4.42904 3.35254 3.89791 3.28575 3.26373 3.22919 3.00167 2.8227 2.58901 2.53783 2.34717 1.95168 1.86995 1.75175 1.69291 1.54396 1.42942 1.28269 1.19744 1.06244 2.59147 0.588771 1.34015 0.148145
threshold= 5.2771000000000017 3.3277500000000004 2.4469862317432325 7.3930000000000016 2.1628386478062818 2.7472725830126556 19.500000000000004 37.815000000000005 34.455000000000005 -117.77499999999999 -121.63499999999998 37.895000000000003 4.5301500000000017 2.0231950334409352 3.442186331338819 2.2948000000000004 -122.31499999999998 6.2770500000000009 -122.38499999999998 21.500000000000004 38.735000000000007 21.500000000000004 2.8079590171801518 37.735000000000007 2.2038024706228287 37.815000000000005 8.7395500000000013 2.8335312747426764 -117.16499999999998 -118.395 -122.27499999999999 -120.09499999999998 28.500000000000004 35.955000000000005 38.675000000000004 -117.79499999999999 3.8769000000000005 38.495000000000012 6.3350000000000009 37.955000000000005 -117.56499999999998 37.925000000000004 -122.33499999999999 -122.425 3.1424162072895592 28.500000000000004 3.5590287573586119 1933.5000000000002 29.500000000000004 -116.53499999999998 33.905000000000008 70.000000000000014 -117.87499999999999 38.500000000000007 37.235000000000007 -117.71499999999999 37.945000000000007 -118.29499999999999 34.175000000000004 37.615000000000002 1.0671403331650682 -117.23499999999999 37.805000000000007 1.0646557958336251 0.94567382432957647 33.715000000000011 -122.08499999999999 1.9486000000000003 1.2673166455403788 33.885000000000012 850.50000000000011 -122.21499999999999 1.0463314946500961 16.500000000000004 1.5053500000000002 37.805000000000007 49.500000000000007 2.9878418329637846 3.3020568950930627 -121.46499999999999 1.6538990040802002 -122.02499999999999 2.0231950334409352 33.965000000000011 33.045000000000009 -117.145 33.515000000000008 11.055650000000002 11.500000000000002 34.235000000000007
decision_type= 2 2 2 2 2 2 2 2 2 2 2 2 2 2 2 2 2 2 2 2 2 2 2 2 2 2 2 2 2 2 2 2 2 2 2 2 2 2 2 2 2 2 2 2 2 2 2 2 2 2 2 2 2 2 2 2 2 2 2 2 2 2 2 2 2 2 2 2 2 2 2 2 2 2 2 2 2 2 2 2 2 2 2 2 2 2 2 2 2 2
left_child=1 4 6 5 15 19 56 13 9 14 11 16 18 36 29 46 -10 39 20 60 76 64 23 -20 62 30 32 40 -15 -6 -23 33 55 -12 -13 -24 -8 43 52 44 41 -14 -29 -9 63 85 47 74 -16 50 -11 -28 -26 -44 -33 72 57 58 -3 -40 73 70 -21 -7 -17 -59 -27 82 -69 -47 -62 -41 77 -2 -1 -34 -4 -5 -53 -46 -66 -75 -48 -42 -57 86 -19 88 -80 -71
right_child=3 2 12 26 8 17 7 37 10 49 31 34 27 28 48 21 -18 45 22 24 -22 25 35 -25 38 66 51 42 -30 -31 -32 54 75 -35 -36 -37 -38 -39 59 71 83 -43 53 -45 79 69 67 -49 -50 -51 -52 78 -54 -55 -56 84 -58 65 -60 -61 61 -63 -64 -65 80 -67 -68 68 -70 89 -72 -73 -74 81 -76 -77 -78 -79 87 -81 -82 -83 -84 -85 -86 -87 -88 -89 -90 -91
leaf_value= -0.037756845096487607 0.023664987533767192 0.095513189572728044 0.030727497592451983 0.12016085512936114 0.035251849467767563 0.037499404513104198 0.093913220669824216 0.066364794977009298 0.051561221062419484 -0.042535956979665168 -0.019050881207080893 -0.039888006012625404 0.042817201381280284 0.06592469113463692 -0.01774000524518107 0.064855503290891653 -0.021516620201450766 0.11661218201948538 0.0053628675808247428 0.16373370758796993 -0.068640759670072132 0.11510557407556579 -0.02313462790091541 -0.038320009000194465 0.088040800982562367 0.0070085988243055695 0.066403475527962053 0.046324200823233186 -0.039223073394252711 -0.008956823958439537 0.032827181606895899 -0.087294426087890842 0.16090493208783516 -0.065769986725730104 -0.074438945037247836 -0.04651501045904205 0.13984792327576476 -0.032293685612409084 0.13257850991900674 0.025907878041493172 0.0016877237001829077 -0.0011520563695189912 -0.0058072700517226355 0.0041991058176243179 0.0380520341736236 0.039590321077654762 -0.045399038916961718 0.078702647774480286 -0.042852731243024911 -0.085709507590817191 -0.06900895424139053 0.16745163227200893 0.028446544023851557 0.036179993046741736 -0.047560289926582677 0.11068333965890549 -0.021659961513743352 0.010727893313698635 0.018890909978909159 0.082677004551110059 0.054132778191059418 -0.0047250682115554813 0.078041620839100628 0.073565596007871673 -0.053949430812059385 -0.030525036674852558 -0.047388712784394306 -0.036966786164915055 0.024105085343832062 0.13875629296526312 0.10537336232857063 -0.026630722116678954 0.13798810886219146 0.10639970828505124 0.0049749802101737347 0.11291119240756547 0.065752560416595981 0.083347671442258534 0.15039623882621522 0.012832016336049993 -0.016661403278479925 0.045651161154875386 -0.080103886743577629 -0.058733884639599748 0.053070954517239623 0.022398477420210838 0.060183979880669938 0.17975314205343074 0.076977343559265138 0.095308729603646267
leaf_weight=67 90 33 160 70 163 307 149 50 122 487 107 253 380 600 241 9.9999999999999982 468 18 727 95 36 43 1480 230 320 51 11.999999999999998 57 26 831 340 775 136 1014 430 395 164 73 132 33 33 86 778 93 97 11.999999999999998 110 15.999999999999998 821 136 387 311 30 57 61 17 82 134 137 46 36 14.999999999999998 12.999999999999998 79 41 65 47 127 21 32 65 65 64 17 53 28 57 71 16.000000000000004 276 156 39 52 17 42 25 317 10.999999999999998 14.999999999999998 31
leaf_count=67 90 33 160 70 163 307 149 50 122 487 107 253 380 600 241 10 468 18 727 95 36 43 1480 230 320 51 12 57 26 831 340 775 136 1014 430 395 164 73 132 33 33 86 778 93 97 12 110 16 821 136 387 311 30 57 61 17 82 134 137 46 36 15 13 79 41 65 47 127 21 32 65 65 64 17 53 28 57 71 16 276 156 39 52 17 42 25 317 11 15 31
model_size=10112
internal_value=0 -0.0181359 0.00726527 0.0822532 -0.0389868 0.0614764 0.0499575 0.066506 -0.0453297 -0.0326916 -0.0573261 -0.0360406 -0.00799486 0.0803654 -0.0200168 -0.00377096 -0.00640561 0.0412444 -0.01664 0.0905851 0.0244792 0.0146488 -0.0203134 -0.00513563 0.105187 0.029607 0.139632 0.010947 0.0615575 -0.00170731 0.0420647 -0.071172 0.122232 -0.0613106 -0.0616404 -0.0280601 0.117981 0.0062561 0.0953219 0.027632 0.0295129 0.0347027 0.000207044 0.0259354 0.032354 0.0680624 -0.0321853 -0.00740288 -0.0371539 -0.058493 -0.054258 0.160034 0.0829327 -0.00294107 -0.0843952 0.103298 0.00757713 0.0140743 0.0337646 0.119683 0.0551382 0.0752342 0.153419 0.0448808 -0.0201089 -0.00274668 -0.0190799 -0.0430576 -0.0283012 0.104931 0.0871094 -0.00893915 0.112977 0.0391715 -0.0188836 0.152711 0.0399276 0.101624 0.163217 0.0193906 -0.0244219 0.0640927 -0.0565389 -0.0188556 0.0696711 0.0603814 0.0632159 0.131864 0.114871 0.117377
internal_weight=0 13529 6099 2983 7430 2190 1606 1155 6296 3066 3230 1273 4493 939 2056 1134 590 1292 3085 898 253 688 2832 957 636 481 793 1408 626 994 383 1957 428 1121 683 1875 313 216 528 857 516 466 892 143 759 435 446 136 1062 1010 874 365 350 835 836 264 451 369 170 178 262 116 108 386 207 199 98 310 148 75 101 98 205 146 120 164 217 141 353 373 197 56 162 50 59 360 335 42 31 63
internal_count=16512 13529 6099 2983 7430 2190 1606 1155 6296 3066 3230 1273 4493 939 2056 1134 590 1292 3085 898 253 688 2832 957 636 481 793 1408 626 994 383 1957 428 1121 683 1875 313 216 528 857 516 466 892 143 759 435 446 136 1062 1010 874 365 350 835 836 264 451 369 170 178 262 116 108 386 207 199 98 310 148 75 101 98 205 146 120 164 217 141 353 373 197 56 162 50 59 360 335 42 31 63
is_linear=0
shrinkage=0.1


Tree=6
num_leaves= 95
num_cat= 0
full_tree_array_lgbids= 0 2 1 5 3 4 6 24 16 11 7 17 18 15 41 31 46 44 27 48 14 10 8 37 25 29 35 60 70 42 66 56 36 72 58 83 45 52 40 49 87 20 61 21 26 9 12 -2 51 -19 38 75 32 43 76 68 81 -17 85 74 -44 -43 -68 63 89 55 -38 88 -74 73 -60 84 -85 47 62 53 -54 91 77 50 79 -50 -89 33 30 93 -63 28 22 34 -28 19 13 23 59 -2147483648 -2147483648 67 71 -2147483648 -2147483648 54 64 -6 80 39 90 65 57 92 -78 -3 69 -62 82 -2147483648 -2147483648 86 -87 -8 78 -2147483648 -2147483648 -2147483648 -2147483648 -2147483648 -2147483648 -1 -65 -58 -91 -33 -57 -2147483648 -2147483648 -26 -90 -2147483648 -2147483648 -48 -75 -2147483648 -2147483648 -7 -86 -2147483648 -2147483648 -46 -49 -47 -64 -18 -55 -2147483648 -2147483648 -29 -93 -42 -79 -4 -52 -51 -81 -2147483648 -2147483648 -2147483648 -2147483648 -13 -35 -22 -32 -16 -95 -2147483648 -2147483648 -5 -30 -23 -24 -12 -36 -2147483648 -2147483648 -9 -21 -11 -15 -10 -25 -14 -61 -2147483648 -2147483648 -2147483648 -2147483648 -39 -69 -53 -73 -2147483648 -2147483648 -2147483648 -2147483648 -27 -56 -40 -66 -2147483648 -2147483648 -77 -82 -31 -41 -34 -92 -20 -67 -45 -59 -37 -94 -2147483648 -2147483648 -2147483648 -2147483648 -70 -71 -2147483648 -2147483648 -83 -84 -2147483648 -2147483648 -2147483648 -2147483648 -72 -88 -2147483648 -2147483648 -2147483648 -2147483648 -76 -80 -2147483648 -2147483648 -2147483648 -2147483648 -2147483648 -2147483648 -2147483648 -2147483648 -2147483648 -2147483648 -2147483648 -2147483648
split_feature= 1 1 1 6 6 3 1 8 7 8 7 2 8 8 7 2 1 2 1 6 1 8 7 7 6 6 7 6 6 2 4 1 8 6 8 6 8 5 4 7 3 8 7 2 6 7 3 8 7 8 7 1 7 6 7 6 3 4 1 7 6 8 5 4 8 5 1 6 4 2 6 1 8 7 3 4 7 7 2 6 7 3 8 7 8 7 8 8 5 2 3 6 8 8
split_gain= 1998.98 475.671 409.254 293.747 162.89 93.6886 81.1382 79.8256 128.05 108.786 90.5464 79.1684 62.5626 46.4468 44.538 42.5436 41.3145 39.5193 36.5738 35.4584 34.2687 31.1041 31.9631 29.5492 26.6832 23.906 22.7486 20.4949 19.5864 19.1576 18.7067 18.3593 17.2823 16.2768 14.918 14.8017 13.2906 12.7098 11.7275 11.5516 11.3136 10.5574 10.4819 10.4416 9.31862 9.27636 8.22272 8.11069 8.0105 22.1155 16.2884 7.39741 7.18695 7.77493 7.06914 6.64188 6.49251 6.32279 5.54573 5.4435 5.21918 5.21257 4.98664 4.81936 4.81317 4.69902 4.67059 4.62111 4.50496 5.06489 3.81425 3.71691 3.44874 3.32517 3.29078 2.74725 2.54846 2.39218 2.37501 2.23023 1.98532 1.81018 1.96403 1.73518 10.9577 1.56099 4.03717 1.5462 1.23537 1.08778 0.9419 0.884381 0.279158 0.200583
threshold= 4.6754000000000007 6.3963500000000009 2.7820000000000005 2.2147445135257553 2.5219735498882589 3.8792159595040387 7.852450000000001 -121.85499999999998 34.455000000000005 -118.28499999999998 37.935000000000009 24.500000000000004 -119.94499999999998 -117.56499999999998 37.815000000000005 26.500000000000004 2.2948000000000004 21.500000000000004 5.6042500000000013 2.8195662241432546 3.4883000000000002 -122.29499999999999 37.555000000000007 37.275000000000013 2.8941056667066012 2.0653737590585881 38.735000000000007 2.3407828762060774 2.611582225416218 16.500000000000004 1.0217055928535637 1.6618000000000002 -117.65499999999999 1.6125326273398461 -122.38499999999998 3.0004492362982935 -117.22499999999998 390.50000000000006 1.0444603857803287 37.915000000000006 4.3645181386446135 -118.00499999999998 38.275000000000013 19.500000000000004 2.2038024706228287 35.335000000000008 3.0522493994321906 -118.31499999999998 37.595000000000006 -118.30499999999999 34.175000000000004 5.8308000000000009 37.945000000000007 1.5104297674263547 38.005000000000003 2.0231950334409352 2.8086964849735749 1.0646557958336251 2.2336500000000004 34.885000000000012 2.6585924622132828 -122.02499999999999 170.50000000000003 0.96263268965298388 -118.56499999999998 1417.5000000000002 10.027200000000002 2.2352443515477258 1.0062015652943102 22.500000000000004 2.2820667453403218 6.0497500000000004 -118.22499999999998 34.525000000000013 5.5003382949932353 1.0196292490795449 37.815000000000005 39.285000000000004 21.500000000000004 1.6538990040802002 33.695000000000007 5.94511539128926 -122.02499999999999 38.895000000000003 -121.56499999999998 37.645000000000003 -122.06499999999998 -122.425 2536.5000000000005 19.500000000000004 6.8025928032261413 2.5102460737381374 -122.01499999999999 -122.48499999999999
decision_type= 2 2 2 2 2 2 2 2 2 2 2 2 2 2 2 2 2 2 2 2 2 2 2 2 2 2 2 2 2 2 2 2 2 2 2 2 2 2 2 2 2 2 2 2 2 2 2 2 2 2 2 2 2 2 2 2 2 2 2 2 2 2 2 2 2 2 2 2 2 2 2 2 2 2 2 2 2 2 2 2 2 2 2 2 2 2 2 2 2 2 2 2 2 2
left_child=2 4 5 11 17 24 15 10 9 19 21 48 23 -11 20 60 44 37 29 -9 33 28 -23 -10 31 -19 34 52 -5 75 -22 56 39 -13 -12 43 55 -2 54 -31 91 42 74 65 83 47 72 -46 49 50 -4 67 53 -18 -27 -33 63 -45 73 -14 68 93 -47 -1 -40 -20 -43 -39 -3 -70 -17 -53 88 -48 -8 -6 92 -42 -76 -51 -77 -62 -83 84 -7 86 -72 -50 -26 -58 -34 -29 -37 -16
right_child=1 6 3 7 18 16 41 8 12 13 26 14 59 -15 61 70 27 25 35 -21 30 22 -24 -25 46 38 -28 40 -30 32 -32 36 90 -35 -36 76 -38 51 64 -41 77 66 -44 57 45 62 58 -49 87 79 -52 71 -54 -55 -56 -57 89 -59 -60 -61 81 -63 -64 -65 -66 -67 -68 -69 69 -71 85 -73 -74 -75 78 80 -78 -79 -80 -81 -82 82 -84 -85 -86 -87 -88 -89 -90 -91 -92 -93 -94 -95
leaf_value= -0.081208859086036686 -0.033547406315803531 0.048918194707948719 0.086794790981168102 0.097210943310031883 -0.023487593753148534 0.012911608472387207 0.066722251810133457 0.048181873031532908 -0.000503160257740162 -0.0086971532265225342 0.014742041608968857 0.13178499950468542 -0.049689697482805148 -0.039161093518702228 0.059035472905165282 0.1489581678994 -0.088606700726917814 0.13867796204399829 -0.00019175155892629515 0.002082149444545807 0.048720249766483904 0.041387076860361659 -0.012479563486245239 -0.040984460537525184 -0.013393773835152388 0.071669365412821179 -0.059551872077087564 0.017392619028687478 0.037559903725715625 0.028698496317945549 0.1127697386608479 0.040681840252222087 -0.033673797999150483 0.040019637176659538 -0.029999400501419318 0.069241160938614293 -0.03969093091519816 0.060446594060375926 0.08599336222769359 -0.0084379131704918117 -0.047947018532616736 0.091174934232204241 0.027661912590265278 0.0587704461524498 -0.021828082338981133 -0.019105334708402897 -0.041334305562214152 -0.05859633506347383 0.011851034482242541 -0.047693801067512614 0.016216179688451109 0.1452245873399079 -0.040511132802983581 0.0016120682965660663 -0.015289470021213806 0.0056909264554269616 -0.015599171544114748 0.10688874264608841 -0.024168305466577535 -0.084400717406601156 0.0091848259584771264 -0.031153704656199335 -0.072116746380203919 0.014566776088692926 0.13315501370363766 0.052514797811481086 0.13952376678281903 0.017628310307164687 0.093212240280688932 0.18082956075668336 0.15658913359922522 0.063234698600493952 -0.044544285055663851 -0.07212905826371363 0.12915419104789932 0.027448946204302566 -0.009529797325092482 -0.071413535530755828 0.15345915799449295 -0.0015624971017241479 -0.0060035368085664233 0.095904722701954215 0.057977544989223841 -0.066352394089335576 -0.047607544941164447 0.083582647877006699 0.10695981776617945 -0.032615583351789379 0.022041649891063574 -0.057863373370779736 0.015680353185161949 -0.028029067706434974 0.026824144354706245 0.011851443972607907
leaf_weight=9.9999999999999982 25 28 66 97 146 47 9.9999999999999982 371 259 1543 159 25 87 812 19 48 13.999999999999998 102 55 352 68 240 241 844 100 242 150 20 182 843 235 123 78 260 203 19 56 82 78 120 865 97 9.9999999999999982 218 94 29 310 627 32 29 93 15.999999999999998 110 221 13.999999999999998 215 30 49 244 345 18 42 1033 55 63 55 49 83 53 12.999999999999998 34 26 45 84 126 56 41 109 317 150 208 38 341 64 198 58 172 78 50 91 20 252 328 55
leaf_count=10 25 28 66 97 146 47 10 371 259 1543 159 25 87 812 19 48 14 102 55 352 68 240 241 844 100 242 150 20 182 843 235 123 78 260 203 19 56 82 78 120 865 97 10 218 94 29 310 627 32 29 93 16 110 221 14 215 30 49 244 345 18 42 1033 55 63 55 49 83 53 13 34 26 45 84 126 56 41 109 317 150 208 38 341 64 198 58 172 78 50 91 20 252 328 55
model_size=10560
internal_value=0 0.0579587 -0.0209183 -0.00523343 0.0351524 -0.0425772 0.105881 -0.0143179 -0.0205447 -0.00864526 0.00826416 0.0411744 -0.0444055 -0.0192011 0.0624697 0.0846322 -0.0511058 0.0764981 0.0216355 0.0257377 0.0740027 0.0305141 0.0143978 -0.0314789 -0.0203475 0.0929285 -0.024763 -0.0385381 0.0582988 0.0120507 0.0983956 -0.00299954 0.0196676 0.0480692 -0.0103478 0.040066 0.0101643 0.0411585 0.0811743 0.0240709 -0.0449227 0.133899 0.142254 0.05551 -0.0606637 -0.0638488 -0.0324266 -0.0538027 0.00771045 0.0166245 0.045513 0.050181 -0.0154796 -0.00376267 0.0669138 0.0184243 -0.0308842 0.0676011 -0.0388237 -0.0774103 0.0656635 0.00400903 -0.0706692 -0.000167937 0.107066 0.0261615 0.107402 0.0389077 0.0921356 0.11047 0.114484 0.0944689 -0.0114963 -0.0478997 0.144784 -0.00766045 0.0250597 -0.0505731 0.146546 -0.00903628 0.00109244 0.0593956 0.0617803 -0.0422848 -0.0359977 0.108216 0.115151 -0.0196798 -0.00158197 -0.0473846 -0.0236015 -0.0246892 0.0291467 0.0239663
internal_weight=0 4379 12133 7037 2967 5096 1412 5885 4613 3078 1272 1152 1535 2355 704 803 3683 731 2236 723 588 760 481 1103 1413 499 512 1591 279 1471 303 580 1061 285 362 765 394 232 397 963 1246 609 463 377 2092 1783 833 721 448 338 159 207 345 235 256 338 186 267 638 432 491 116 1062 65 141 110 146 165 94 66 312 42 195 394 453 410 388 974 443 179 264 397 379 309 245 264 206 110 150 121 98 272 347 74
internal_count=16512 4379 12133 7037 2967 5096 1412 5885 4613 3078 1272 1152 1535 2355 704 803 3683 731 2236 723 588 760 481 1103 1413 499 512 1591 279 1471 303 580 1061 285 362 765 394 232 397 963 1246 609 463 377 2092 1783 833 721 448 338 159 207 345 235 256 338 186 267 638 432 491 116 1062 65 141 110 146 165 94 66 312 42 195 394 453 410 388 974 443 179 264 397 379 309 245 264 206 110 150 121 98 272 347 74
is_linear=0
shrinkage=0.1


Tree=7
num_leaves= 90
num_cat= 0
full_tree_array_lgbids= 0 2 1 7 3 4 8 27 16 5 11 12 13 14 29 28 69 66 19 6 60 17 15 38 18 21 25 63 56 -10 30 33 -30 80 -71 -9 73 48 26 24 9 61 -62 32 34 20 43 47 76 68 31 40 22 35 78 64 87 -16 71 -2147483648 -2147483648 50 46 37 54 -2147483648 -2147483648 -29 -82 -2147483648 -2147483648 -2147483648 -2147483648 84 81 49 -50 65 51 -4 59 10 -11 83 -63 -2147483648 -2147483648 52 88 53 57 41 55 45 44 -2 62 77 -78 -14 -70 39 -33 70 75 23 67 42 36 79 -80 82 85 -65 -89 -2147483648 -2147483648 -58 72 -2147483648 -2147483648 -2147483648 -2147483648 74 -52 86 58 -1 -39 -35 -56 -2147483648 -2147483648 -2147483648 -2147483648 -2147483648 -2147483648 -2147483648 -2147483648 -2147483648 -2147483648 -2147483648 -2147483648 -2147483648 -2147483648 -2147483648 -2147483648 -68 -86 -75 -83 -18 -51 -2147483648 -2147483648 -21 -67 -28 -53 -2147483648 -2147483648 -26 -61 -8 -12 -2147483648 -2147483648 -7 -85 -2147483648 -2147483648 -2147483648 -2147483648 -2147483648 -2147483648 -5 -54 -34 -90 -19 -55 -36 -59 -13 -43 -22 -57 -17 -47 -45 -46 -2147483648 -2147483648 -49 -64 -40 -79 -2147483648 -2147483648 -2147483648 -2147483648 -2147483648 -2147483648 -20 -41 -2147483648 -2147483648 -6 -72 -42 -77 -23 -25 -24 -69 -15 -44 -37 -38 -27 -81 -2147483648 -2147483648 -3 -84 -66 -87 -2147483648 -2147483648 -2147483648 -2147483648 -2147483648 -2147483648 -2147483648 -2147483648 -2147483648 -2147483648 -73 -74 -2147483648 -2147483648 -2147483648 -2147483648 -2147483648 -2147483648 -2147483648 -2147483648 -31 -76 -2147483648 -2147483648 -32 -88 -48 -60
split_feature= 1 1 1 6 6 7 8 3 1 8 7 1 2 6 2 6 1 3 6 6 2 8 7 8 7 1 3 8 7 3 8 7 6 6 2 8 7 4 1 4 7 8 7 8 7 7 7 5 7 4 7 5 7 7 5 5 6 7 3 7 8 7 6 6 4 8 6 4 4 8 3 5 8 7 7 2 7 8 7 8 6 8 2 2 8 2 8 1 8
split_gain= 1628.82 423.008 297.987 246.52 135.899 85.0245 89.7315 78.4769 70.9662 49.1008 50.2698 40.3165 35.3699 32.633 30.3345 26.3128 25.1683 24.2607 22.6052 19.3982 18.6737 18.4732 27.5948 23.0742 16.6518 13.9931 13.7874 11.9212 17.155 11.716 12.7858 11.1054 10.6037 9.89802 8.3432 8.26196 12.3022 8.14183 7.86731 7.82476 7.63034 7.41166 6.6215 6.06289 10.8592 7.05029 5.94773 5.78084 5.75783 9.53031 5.71775 5.60014 5.49006 5.38928 4.54385 4.47942 4.4562 4.16408 3.8313 3.63466 3.50696 4.0174 3.43702 3.2522 3.5383 3.23737 3.02941 2.92567 2.68482 2.6778 2.57916 2.47308 2.61628 2.29363 2.02287 1.85541 1.68971 3.06945 1.50474 1.252 1.2262 0.916882 0.900075 0.777547 0.750511 0.74571 0.460384 0.361576 0.0994098
threshold= 4.5301500000000017 6.3350000000000009 2.5894500000000007 2.4530432249902163 2.5163636904584812 37.965000000000011 -122.40499999999999 3.6482937607122259 7.7055000000000016 -117.145 34.455000000000005 3.6265000000000005 21.500000000000004 2.9742256672023202 25.500000000000004 2.9137341371666818 1.9486000000000003 4.7252880533656763 2.0653737590585881 2.254419630548663 42.500000000000007 -122.21499999999999 37.485000000000007 -118.20499999999998 37.725000000000001 5.5358500000000008 4.4797903738713609 -118.27499999999999 37.935000000000009 5.396289833514504 -118.00499999999998 38.005000000000003 3.6402605459057074 2.8396278889382178 44.500000000000007 -121.46499999999999 34.525000000000013 0.93734637799317577 5.6402500000000009 1.0444603857803287 37.595000000000006 -117.56499999999998 37.915000000000006 -121.48499999999999 34.455000000000005 37.855000000000011 33.645000000000003 573.50000000000011 37.945000000000007 1.2013358495051858 38.535000000000004 170.50000000000003 37.925000000000004 34.455000000000005 1435.5000000000002 892.50000000000011 2.2634687595142249 37.815000000000005 7.3584173399399555 37.765000000000008 -122.27499999999999 38.435000000000009 2.3932844062025498 2.6585924622132828 1.0311268519754926 -117.77499999999999 2.0231950334409352 0.94844555412371145 1.0801460222890127 -117.145 5.7590445951616038 274.50000000000006 -117.85499999999998 34.655000000000008 34.135000000000012 14.500000000000002 37.665000000000006 -117.98499999999999 37.815000000000005 -121.95499999999998 4.0313335151349889 -119.84499999999998 15.500000000000002 27.500000000000004 -117.35499999999998 10.500000000000002 -117.71499999999999 6.8672000000000013 -121.76499999999999
decision_type= 2 2 2 2 2 2 2 2 2 2 2 2 2 2 2 2 2 2 2 2 2 2 2 2 2 2 2 2 2 2 2 2 2 2 2 2 2 2 2 2 2 2 2 2 2 2 2 2 2 2 2 2 2 2 2 2 2 2 2 2 2 2 2 2 2 2 2 2 2 2 2 2 2 2 2 2 2 2 2 2 2 2 2 2 2 2 2 2 2
left_child=2 4 7 5 12 6 24 27 14 10 -8 17 38 21 63 20 66 32 68 48 41 40 23 -23 -4 35 65 28 33 -10 50 39 52 37 53 42 -37 -1 47 -20 70 -13 -15 45 -45 -17 86 -2 49 -18 74 -28 -5 -19 -35 -22 -16 -36 -48 -26 61 83 -49 64 82 -21 -9 -24 -14 80 -6 -58 -73 84 -31 -42 77 -40 79 -27 -29 -75 -3 -7 -68 -66 -32 -65 -34
right_child=1 8 3 11 13 60 9 16 29 -11 -12 15 18 25 56 43 19 34 31 26 55 22 67 -25 59 78 51 69 -30 30 46 -33 88 54 57 36 -38 -39 76 -41 75 -43 -44 44 -46 -47 58 62 -50 -51 -52 -53 -54 -55 -56 -57 71 -59 -60 -61 -62 -63 -64 87 85 -67 73 -69 -70 -71 -72 72 -74 81 -76 -77 -78 -79 -80 -81 -82 -83 -84 -85 -86 -87 -88 -89 -90
leaf_value= -0.071954034675251355 -0.022464568726718426 -0.0026638201014562088 -0.001871543859734255 -0.0053299430281414746 0.053619792529692262 -0.0035443649244224352 0.041214716187914197 -0.03652679468236434 -0.0020817020535469056 -0.037596921564545485 0.0031382502233657074 0.0016020179448640185 0.10163360695878509 0.030346717949099156 0.1334994843115612 0.0094891533326788586 -0.017051323014091842 -0.028617114868750078 0.061417008399206233 -0.027228586243331084 0.012141823914487648 0.051378658172079775 -0.06446671693896254 0.015375715421158726 0.076775055117905153 0.05770110840982709 0.019414762221276763 -0.014528764818950247 -0.055691486032058791 0.14630151034949662 0.14342740101198997 -0.0025382923177228525 -0.0032030170424715491 -0.037270556350371672 -0.00062570393337567061 -0.00091665457664550753 -0.039736875395957882 0.032111736498746338 0.11371393563418555 0.095566389547853639 -0.013605726984414188 -0.030086608063124243 -0.014537631509387318 -0.017700155904304692 -0.046087745934904389 -0.032077921142335979 0.022194979102774102 0.04439828011440114 -0.040125449650827073 0.047701456967209066 0.036639088019728663 -0.054714759573642316 -0.049365034366541723 -0.043361327427738051 0.003006968084512882 0.056732396281774289 0.0180445534363389 -0.060244706956048812 0.087649793556580952 0.12459805242785621 -0.033041048686270121 -0.027090757411411582 -0.00017592606212322911 0.04143316978247235 0.059759582901994394 -0.051518365673963798 -0.045945235112615466 -0.0041109427088189291 0.14613148600987669 -0.055365557958430504 0.13603378269407485 0.097918528127394489 0.044961055541749707 -0.062167318564518327 0.12427301744967245 0.056812518075717112 0.01353147205275794 0.043629248482598498 -0.0079927028757002631 0.022243397093608296 -0.037595421720355279 -0.078066552248211546 0.068231889419257646 0.048072956730094221 -0.06402282132419633 0.11931899251710427 0.10111561152670119 0.060739996417607439 -0.033916965912614332
leaf_weight=10.999999999999998 36 10.999999999999998 17 715 11.999999999999998 31 982 104 9.9999999999999982 136 588 716 64 164 49 188 212 616 262 471 66 415 18 392 40 38 15.999999999999998 225 60 154 31 26 37 70 133 517 127 174 28.999999999999996 145 10.999999999999998 122 68 767 223 85 22 120 129 35 9.9999999999999982 1045 47 1054 142 89 9.9999999999999982 24 60 109 257 68 45 202 14.999999999999998 138 280 187 53 64 27 260 22 513 329 101 11.999999999999998 22.000000000000004 45 366 126 228 28 27 201 38 54 169 355
leaf_count=11 36 11 17 715 12 31 982 104 10 136 588 716 64 164 49 188 212 616 262 471 66 415 18 392 40 38 16 225 60 154 31 26 37 70 133 517 127 174 29 145 11 122 68 767 223 85 22 120 129 35 10 1045 47 1054 142 89 10 24 60 109 257 68 45 202 15 138 280 187 53 64 27 260 22 513 329 101 12 22 45 366 126 228 28 27 201 38 54 169 355
model_size=10000
internal_value=0 0.0492801 -0.0200547 -0.00800049 0.0293246 0.0198136 0.0287528 -0.0413341 0.0939835 0.0218083 0.0269542 -0.019977 0.0651879 0.0175912 0.0735275 -0.0095165 -0.0483823 -0.0278934 0.0802398 -0.0410176 0.00335048 0.0303741 0.0251189 0.0338902 0.100123 0.00637122 -0.0459883 -0.014079 -0.00159188 0.118531 0.120358 0.0690124 -0.0158493 0.00658438 -0.0355009 -0.00174908 -0.0085722 0.025924 0.0338298 0.0735832 0.0655944 -0.00301136 0.017191 -0.0196328 -0.0240945 -0.00345298 0.0937351 0.0224435 -0.0189402 -0.00787583 0.129377 -0.0535969 -0.00804602 -0.0379227 -0.0102922 0.0377454 0.0972724 -0.00973944 0.0700887 0.11176 -0.0238789 -0.00519109 0.0322417 0.0560395 0.0794751 -0.0327327 -0.0597459 -0.00941047 0.121791 -0.0278299 0.110676 0.0911932 0.0937871 -0.061722 0.131297 0.0498964 0.0701575 0.0834813 0.0222139 0.0255785 -0.0228091 -0.0670594 0.0482357 0.0204844 -0.0534995 0.102463 0.116547 0.0502279 -0.0310179
internal_weight=0 4776 11736 7492 3302 2255 1872 4244 1474 1706 1570 5237 814 2488 804 2256 3372 2981 550 2046 993 1163 1012 807 166 1325 1670 872 457 670 660 433 1154 397 1827 876 644 185 264 407 151 838 232 1263 990 273 167 201 376 247 493 1061 762 1670 212 155 341 157 82 149 383 126 165 463 92 609 1326 205 117 415 39 292 282 1222 483 112 63 51 449 404 351 741 39 58 481 53 85 371 392
internal_count=16512 4776 11736 7492 3302 2255 1872 4244 1474 1706 1570 5237 814 2488 804 2256 3372 2981 550 2046 993 1163 1012 807 166 1325 1670 872 457 670 660 433 1154 397 1827 876 644 185 264 407 151 838 232 1263 990 273 167 201 376 247 493 1061 762 1670 212 155 341 157 82 149 383 126 165 463 92 609 1326 205 117 415 39 292 282 1222 483 112 63 51 449 404 351 741 39 58 481 53 85 371 392
is_linear=0
shrinkage=0.1


Tree=8
num_leaves= 80
num_cat= 0
full_tree_array_lgbids= 0 1 3 4 2 5 24 12 6 10 14 19 23 32 49 13 59 7 8 64 11 18 25 62 26 51 43 58 45 -26 -51 38 16 60 -61 15 46 9 28 65 73 33 20 22 36 30 40 -2 71 50 34 52 72 67 -45 -5 -60 -34 56 -2147483648 -2147483648 -2147483648 -2147483648 -1 41 21 75 70 -62 -2147483648 -2147483648 29 42 47 -48 17 -11 37 57 66 -67 -66 76 48 77 35 61 27 -24 -20 55 31 69 53 44 -2147483648 -2147483648 78 -73 -21 74 39 -36 54 -54 -53 -74 68 -69 -2147483648 -2147483648 -2147483648 -2147483648 -2147483648 -2147483648 -2147483648 -2147483648 63 -58 -2147483648 -2147483648 -2147483648 -2147483648 -2147483648 -2147483648 -2147483648 -2147483648 -2147483648 -2147483648 -40 -43 -15 -23 -18 -77 -14 -72 -2147483648 -2147483648 -2147483648 -2147483648 -2147483648 -2147483648 -6 -31 -17 -44 -9 -49 -2147483648 -2147483648 -8 -19 -2147483648 -2147483648 -10 -39 -30 -59 -3 -68 -2147483648 -2147483648 -2147483648 -2147483648 -75 -78 -12 -50 -35 -79 -13 -37 -22 -63 -4 -29 -2147483648 -2147483648 -2147483648 -2147483648 -38 -57 -16 -33 -32 -71 -27 -55 -42 -46 -2147483648 -2147483648 -2147483648 -2147483648 -64 -80 -2147483648 -2147483648 -2147483648 -2147483648 -52 -76 -28 -41 -2147483648 -2147483648 -7 -56 -2147483648 -2147483648 -2147483648 -2147483648 -2147483648 -2147483648 -25 -70 -2147483648 -2147483648 -2147483648 -2147483648 -2147483648 -2147483648 -2147483648 -2147483648 -2147483648 -2147483648 -2147483648 -2147483648 -2147483648 -2147483648 -2147483648 -2147483648 -2147483648 -2147483648 -47 -65 -2147483648 -2147483648 -2147483648 -2147483648 -2147483648 -2147483648 -2147483648 -2147483648 -2147483648 -2147483648 -2147483648 -2147483648 -2147483648 -2147483648 -2147483648 -2147483648 -2147483648 -2147483648
split_feature= 1 1 6 1 6 6 7 8 8 7 2 6 7 8 6 6 8 8 2 2 7 7 7 1 1 8 6 8 8 8 7 8 2 4 8 1 5 7 3 7 3 2 8 2 7 5 8 7 2 5 5 7 2 7 6 7 6 7 4 7 8 8 4 4 8 7 2 6 8 8 5 8 3 1 7 8 7 7 5
split_gain= 1326.52 397.831 198.33 184.541 114.195 72.0681 54.713 71.9609 67.3725 62.4034 54.5307 52.3573 44.4278 51.8554 42.5071 41.9863 38.2722 26.5147 24.3005 23.0368 22.254 21.2911 17.455 17.3041 17.1414 16.9613 16.2803 16.1873 16.028 15.5546 13.2551 23.3617 12.3757 12.2873 11.8539 11.1341 10.8449 9.57538 8.3352 8.11522 6.67496 6.58458 6.57725 6.44358 6.19432 5.49002 5.24508 9.41606 4.41155 4.30491 4.23438 3.8785 3.93104 3.56483 3.08711 3.0639 2.6875 2.50055 2.43655 2.26127 2.36201 2.16083 2.04019 1.90617 1.86568 7.64291 6.12206 1.86514 3.30081 1.78893 1.04546 0.812285 0.810801 0.569361 0.519626 0.384916 0.208086 0.199818 0.0321754
threshold= 5.2771000000000017 3.5488500000000003 2.4136952392348086 7.2638000000000007 2.2352443515477258 2.7472725830126556 34.455000000000005 -117.77499999999999 -121.63499999999998 38.675000000000004 18.500000000000004 1.9628175980828908 37.915000000000006 -122.31499999999998 2.8273651247857257 3.442186331338819 -117.145 -122.38499999999998 46.500000000000007 16.500000000000004 37.895000000000003 34.455000000000005 38.545000000000009 6.1273500000000007 8.7395500000000013 -117.79499999999999 2.2038024706228287 -117.56499999999998 -120.09499999999998 -118.35499999999998 37.935000000000009 -121.28499999999998 20.500000000000004 1.0835581867240742 -117.16499999999998 3.8769000000000005 504.50000000000006 35.645000000000003 3.193182511128728 38.025000000000013 6.8391702402831678 49.500000000000007 -118.46499999999999 36.500000000000007 33.565000000000005 358.50000000000006 -116.53499999999998 33.905000000000008 31.500000000000004 70.000000000000014 405.50000000000006 37.815000000000005 47.500000000000007 33.855000000000011 3.1424162072895592 34.035000000000004 3.1678781541182075 37.235000000000007 1.0671403331650682 39.505000000000003 -122.26499999999999 -122.40499999999999 1.0671403331650682 1.0076024985240879 -118.25499999999998 37.595000000000006 15.500000000000002 3.0089663118548242 -117.81499999999998 -122.61499999999999 1257.5000000000002 -117.23499999999999 6.068772380244579 3.9663000000000004 37.805000000000007 -116.22499999999998 33.715000000000011 34.155000000000008 850.50000000000011
decision_type= 2 2 2 2 2 2 2 2 2 2 2 2 2 2 2 2 2 2 2 2 2 2 2 2 2 2 2 2 2 2 2 2 2 2 2 2 2 2 2 2 2 2 2 2 2 2 2 2 2 2 2 2 2 2 2 2 2 2 2 2 2 2 2 2 2 2 2 2 2 2 2 2 2 2 2 2 2 2 2
left_child=1 4 10 5 12 19 7 15 9 17 64 33 13 38 18 29 21 -8 22 62 35 -15 27 51 32 30 50 -4 37 -6 31 -16 58 48 39 -13 -20 -10 -1 -28 53 -40 -17 67 -42 -34 47 -9 -12 -26 -21 52 54 -27 -7 -38 63 -30 -5 60 70 -22 -2 -47 65 66 -3 68 -25 -32 -14 78 -53 -66 -52 -18 -75 -35 -64
right_child=3 2 14 24 6 23 8 46 28 -11 11 20 59 16 25 42 75 -19 36 26 61 -23 -24 43 49 40 34 -29 57 -31 69 -33 45 77 -36 -37 55 -39 41 -41 44 -43 -44 -45 -46 56 -48 -49 -50 -51 74 72 -54 -55 -56 -57 -58 -59 -60 -61 -62 -63 71 -65 73 -67 -68 -69 -70 -71 -72 -73 -74 76 -76 -77 -78 -79 -80
leaf_value= 0.011639804993238715 0.014908151950062763 0.014454661011350928 0.016037560894224877 0.055148260256110818 0.026151372887309968 0.031004270935432617 0.024544866955952677 -0.031299364026887593 -0.012427949348777952 -0.055771062925478891 0.046957378940401126 0.026091282336367011 -0.018384695769701569 0.021815537521496835 0.019492124666842768 0.022255241823119998 -0.03984851047698356 -0.018646295065009172 -0.034025560878217224 0.04258218753550734 0.032128067935506509 -0.011604378452453826 -0.028757270454901132 0.066016706867568845 0.040265118765334292 -0.022833170430434837 0.073632376338008385 -0.019755649450698087 -0.067225094808167685 -0.0054185081939105316 0.0037048028474871786 -0.0097145887926909265 0.02727302896479766 0.14316401068936102 -0.027758712903596463 0.061211777640221669 0.0028728897716583952 -0.048631377979085788 0.049261135375127198 0.006159714380135903 0.069642847388361892 0.12764155677658448 -0.028608960724790085 0.096568230573426603 -0.017586707457517968 0.089747611619532111 -0.068174797080565189 -0.054617458948229836 0.095532222922848575 0.12053008627769124 0.12602353716641665 -0.055588475189038693 0.10588290967047215 -0.047856054547233413 0.011132748197411309 0.073899484920438449 0.059084609985351567 -0.036291785785579123 0.094220426366949578 -0.062781452021577908 -0.038059335682007325 -0.012368580647182235 0.025189378219656645 0.11985981784342133 -0.031693131793733863 -0.0090403793293486849 0.078091761264950044 0.032860823477408929 0.022539768175425089 -0.03127938183357 0.038439875328913332 -0.0033567381401856744 0.0018459928760911977 0.015372248999774457 0.067263917997479439 -0.08487916201353074 -0.022720129853662323 0.10154061360018594 0.072641690913587811
leaf_weight=18 88 54 1068 147 240 312 205 518 107 445 51 163 72 588 415 39 142 711 15.999999999999998 13.999999999999998 39 349 146 127 11.999999999999998 236 537 176 804 865 47 1242 14.999999999999998 64 15.999999999999998 402 13.999999999999998 1068 24 26 18 47 1109 33 39 84 138 419 87 353 100 13.999999999999998 9.9999999999999982 198 323 106 25 64 49 57 205 87 20 169 42 77 40 299 47 295 15.999999999999998 11.999999999999998 89 75 11.999999999999998 20 34 28 50
leaf_count=18 88 54 1068 147 240 312 205 518 107 445 51 163 72 588 415 39 142 711 16 14 39 349 146 127 12 236 537 176 804 865 47 1242 15 64 16 402 14 1068 24 26 18 47 1109 33 39 84 138 419 87 353 100 14 10 198 323 106 25 64 49 57 205 87 20 169 42 77 40 299 47 295 16 12 89 75 12 20 34 28 50
model_size=8880
internal_value=0 -0.0133251 0.00826428 0.060434 -0.027054 0.0445465 -0.032748 -0.0233702 -0.0419165 -0.0242792 0.0434482 0.0561875 -0.00213062 0.00741791 -0.00262557 -0.0129916 0.00129348 -0.00898015 0.0109972 0.0670512 0.0420216 0.00936778 0.0068004 0.0288435 0.100041 -0.0109743 0.0755493 0.0109736 -0.0536661 0.0014383 -0.00651805 -0.00239969 0.0867176 0.0987468 0.0678007 0.0510797 0.0538909 -0.0453346 0.0830442 0.0705164 -0.029117 0.101147 -0.026881 0.0443787 0.00995947 0.101301 -0.0451218 -0.0417266 0.0775807 0.117891 0.111156 0.0183344 0.022214 -0.0342491 0.0208964 0.065613 0.105296 -0.0649443 0.0649163 -0.034541 -0.0290472 0.00140419 0.0318089 0.109862 0.00701067 0.0187609 0.0415343 0.0407376 0.0542729 -0.0264716 -0.00805296 0.0499462 -0.00596063 -0.00629588 0.119728 -0.0454079 0.00349022 0.130496 0.0590839
internal_weight=0 13529 5259 2983 8270 2129 6732 3328 3404 1361 1243 921 1538 1188 4016 2253 1099 916 1526 875 691 937 1390 1254 854 2490 705 1244 2043 1105 1999 1657 489 230 579 565 136 1175 89 563 491 71 1148 506 57 293 1075 937 138 365 126 748 645 434 635 120 278 868 196 350 293 126 170 253 322 171 94 473 174 342 88 82 103 151 112 162 109 92 70
internal_count=16512 13529 5259 2983 8270 2129 6732 3328 3404 1361 1243 921 1538 1188 4016 2253 1099 916 1526 875 691 937 1390 1254 854 2490 705 1244 2043 1105 1999 1657 489 230 579 565 136 1175 89 563 491 71 1148 506 57 293 1075 937 138 365 126 748 645 434 635 120 278 868 196 350 293 126 170 253 322 171 94 473 174 342 88 82 103 151 112 162 109 92 70
is_linear=0
shrinkage=0.1


Tree=9
num_leaves= 90
num_cat= 0
full_tree_array_lgbids= 0 2 1 6 3 4 7 17 16 8 5 13 11 10 50 32 30 40 37 51 18 9 23 44 22 26 14 65 58 62 -52 33 -34 64 31 42 41 46 74 52 -53 -10 19 12 27 24 45 -2 55 38 48 -6 81 15 56 -3 66 59 61 87 83 -2147483648 -2147483648 34 77 -2147483648 -2147483648 70 -66 -32 69 43 86 73 79 47 71 78 75 53 72 -2147483648 -2147483648 -2147483648 -2147483648 29 80 28 20 63 36 25 -26 57 -47 -2147483648 -2147483648 68 67 -15 39 49 54 -2147483648 -2147483648 85 82 21 35 -16 -58 -2147483648 -2147483648 76 -68 -12 60 -60 84 88 -89 -64 -85 -2147483648 -2147483648 -2147483648 -2147483648 -1 -36 -35 -79 -2147483648 -2147483648 -2147483648 -2147483648 -19 -72 -2147483648 -2147483648 -2147483648 -2147483648 -33 -71 -8 -45 -44 -88 -42 -75 -43 -81 -18 -49 -48 -73 -39 -80 -76 -77 -4 -55 -54 -74 -2147483648 -2147483648 -2147483648 -2147483648 -2147483648 -2147483648 -2147483648 -2147483648 -20 -31 -21 -82 -5 -30 -14 -22 -11 -65 -29 -38 -7 -27 -2147483648 -2147483648 -25 -59 -2147483648 -2147483648 -2147483648 -2147483648 -2147483648 -2147483648 -46 -70 -57 -69 -2147483648 -2147483648 -40 -41 -24 -51 -50 -56 -2147483648 -2147483648 -2147483648 -2147483648 -28 -87 -83 -84 -13 -23 -17 -37 -2147483648 -2147483648 -2147483648 -2147483648 -2147483648 -2147483648 -2147483648 -2147483648 -67 -78 -2147483648 -2147483648 -2147483648 -2147483648 -61 -62 -2147483648 -2147483648 -63 -86 -9 -90 -2147483648 -2147483648 -2147483648 -2147483648 -2147483648 -2147483648 -2147483648 -2147483648 -2147483648 -2147483648 -2147483648 -2147483648 -2147483648 -2147483648
split_feature= 1 1 1 6 6 6 3 1 2 2 2 8 1 2 7 8 1 6 4 7 2 6 4 8 7 8 7 8 3 8 3 1 7 8 7 7 7 6 8 7 6 5 7 8 5 7 8 7 5 6 7 8 7 8 7 1 3 7 7 6 3 8 8 8 8 4 6 8 6 6 5 7 5 1 2 8 2 8 7 7 8 8 3 1 3 2 7 2 4
split_gain= 1085.12 276.44 202.507 161.349 88.6765 55.2574 51.3235 45.2502 43.8206 34.3491 26.8676 24.4304 23.6897 23.1154 22.1232 24.4725 21.2912 20.5771 17.5631 17.5741 17.2842 14.9195 14.7467 13.1084 14.2926 20.9697 11.4633 11.3796 11.3057 9.85478 9.6647 14.0379 9.21488 16.416 11.5045 8.819 7.24652 6.38017 6.24921 11.6316 5.28263 6.72737 5.94278 17.5657 5.14213 5.05828 5.01 5.13813 5.00702 5.28503 4.99703 4.46669 11.9702 8.01806 4.09927 4.05506 3.99674 3.69414 3.52409 4.7628 8.56742 4.37158 3.01956 2.87824 2.82255 2.7843 2.94071 2.6496 2.40399 2.34066 2.29476 2.28576 2.08106 1.41977 1.39641 4.83847 1.37389 1.31115 1.15483 0.755046 0.714348 0.666732 0.345413 0.22666 0.142159 0.112692 0.0984665 0.0164296 1.60052
threshold= 4.5301500000000017 6.3350000000000009 2.8762500000000002 2.0653737590585881 2.5163636904584812 2.8079590171801518 4.2015099382944241 8.0125000000000011 24.500000000000004 51.500000000000007 26.500000000000004 -122.21499999999999 3.5488500000000003 21.500000000000004 37.615000000000002 -117.675 2.3596000000000004 2.5039907448682843 0.9643231506439055 37.815000000000005 18.500000000000004 3.0375944537846187 1.0423757776567768 -117.79499999999999 37.875000000000007 -121.28499999999998 37.615000000000002 -122.43499999999999 4.6725507914745119 -118.36499999999999 3.0522493994321906 1.8847000000000003 37.915000000000006 -118.30499999999999 34.155000000000008 33.925000000000004 34.07500000000001 2.4206262209680918 -122.33499999999999 37.645000000000003 2.4337234561333516 252.50000000000003 33.565000000000005 -117.24499999999999 573.50000000000011 33.655000000000008 -121.87499999999999 37.805000000000007 459.50000000000006 2.1718174014038287 38.035000000000004 -117.25499999999998 36.57500000000001 -118.30499999999999 34.135000000000012 5.8308000000000009 5.5390347960992914 33.005000000000003 37.615000000000002 2.5949646725452555 6.4673777210027508 -122.425 -118.00499999999998 -122.48499999999999 -118.26499999999999 1.0124399456961377 2.5163636904584812 -118.37499999999999 2.2352443515477258 3.956128072784534 1490.5000000000002 34.655000000000008 1111.5000000000002 1.6111500000000001 48.500000000000007 -122.40499999999999 17.500000000000004 -117.145 34.715000000000011 34.655000000000008 -122.23499999999999 -122.41499999999998 6.1804154373274969 10.027200000000002 6.7645078233313543 14.500000000000002 38.895000000000003 21.500000000000004 0.96895480831013081
decision_type= 2 2 2 2 2 2 2 2 2 2 2 2 2 2 2 2 2 2 2 2 2 2 2 2 2 2 2 2 2 2 2 2 2 2 2 2 2 2 2 2 2 2 2 2 2 2 2 2 2 2 2 2 2 2 2 2 2 2 2 2 2 2 2 2 2 2 2 2 2 2 2 2 2 2 2 2 2 2 2 2 2 2 2 2 2 2 2 2 2
left_child=2 4 6 8 13 9 17 10 51 12 65 26 28 44 15 21 40 32 -10 29 -14 -13 38 24 25 -7 -6 63 -5 -20 64 -32 33 34 -1 -17 -29 46 -15 -40 42 73 43 -8 -2 57 47 -18 49 -24 62 52 53 -4 -50 68 -16 -25 59 -12 -61 -60 87 -11 70 -3 76 -57 -46 -33 -19 -48 -54 -42 78 -76 -67 -35 -39 -43 -21 85 -83 -64 -63 -28 -44 88 -9
right_child=1 7 3 5 11 23 16 50 18 27 58 14 20 22 56 35 37 30 19 80 -22 -23 48 45 -26 -27 81 36 -30 -31 31 69 -34 77 -36 -37 -38 74 39 -41 41 79 86 -45 55 -47 71 -49 54 -51 -52 -53 72 -55 -56 67 -58 -59 61 60 -62 84 83 -65 -66 66 -68 -69 -70 -71 -72 -73 -74 -75 75 -77 -78 -79 -80 -81 -82 82 -84 -85 -86 -87 -88 -89 -90
leaf_value= 0.058977156620519826 -0.011089813836077426 0.035856893759290791 0.069902618649895443 0.0019411606728486298 0.093504718355483046 0.0099366333206929516 0.12777102421016687 0.049811618313902906 -0.040485328749606489 0.036135162359901836 0.11032869228737728 0.032445509660747975 -0.012926493776982224 0.093475921486699309 -0.063408233225345612 0.0033474633576167723 0.04632733737265593 -0.018949153844267132 0.091167285317983737 0.033037885115481912 0.014445096388888509 0.01052328653522858 0.08215900624791779 -0.033055598534175133 -0.035306308147130094 -0.017883351017377407 -0.0095900261266665034 0.074551680512927682 -0.022199857427830025 0.051782041298075843 -0.04582638404483555 -0.014433594331399513 -0.034187624470796436 -0.0073709236453810834 0.0080947095598320213 -0.035295781851264425 0.014497104859607214 -0.026955220492192785 0.055076585935783531 -0.0026005579068799291 -0.038852099977947516 -0.04454428961521454 -0.033541428506100465 -0.031818459054920825 0.045370371717839475 -0.046139812620111124 -0.0085253053924954341 -0.012451673893819508 0.112050056767659 -0.034043368612500756 0.0099680420383811003 -0.024546216097923946 -0.033925845786929136 0.011369686178637274 0.074874579052541509 0.12286391914822162 -0.0094194516131224544 0.0034711821403886588 0.11099673916275304 0.037164436350120053 0.096126173357072395 0.0093743710778653629 0.06905580498636342 0.11601951762793526 -0.025825020233946529 0.060438176492849986 0.050860138254510648 0.036712262860964982 0.010288254281445204 -0.031358002601962559 0.021856115760245161 -0.037341521287980746 0.010117530886594568 0.017622414889434973 0.075938732549548152 -0.023202716631931256 0.12104340791702271 -0.037097729211052262 -0.040630753939404636 -0.056309673026503193 -0.020885768385293584 -0.023809109454190264 0.02958484155436357 0.10324939253682992 0.059265521410349256 0.04868595809108861 -0.051444106877506085 0.11343614338124774 0.10308555373825978
leaf_weight=79 47 238 66 373 53 393 10.999999999999998 21 19 13.999999999999998 131 777 383 43 27 268 38 50 214 32 967 738 15.000000000000002 163 398 1544 10.999999999999998 37 759 140 412 523 100 169 206 116 138 389 210 57 29 445 326 32 93 311 122 68 103 10.999999999999998 9.9999999999999982 53 50 66 111 15.999999999999998 325 77 21 51 103 22 78 31 79 27 272 15.999999999999998 92 314 102 149 62 30 9.9999999999999982 48 24 75 613 847 24 19 39 49 37 115 156 293 97
leaf_count=79 47 238 66 373 53 393 11 21 19 14 131 777 383 43 27 268 38 50 214 32 967 738 15 163 398 1544 11 37 759 140 412 523 100 169 206 116 138 389 210 57 29 445 326 32 93 311 122 68 103 11 10 53 50 66 111 16 325 77 21 51 103 22 78 31 79 27 272 16 92 314 102 149 62 30 10 48 24 75 613 847 24 19 39 49 37 115 156 293 97
model_size=10000
internal_value=0 0.0402457 -0.0163781 -0.00410762 0.0240769 -0.00992762 -0.0306673 0.0764665 0.0406888 0.000648939 0.0625099 0.0145323 -0.00286385 0.0532499 0.0111088 0.0156815 -0.0386731 -0.0180911 0.0618788 0.0666225 0.00667967 0.0217666 0.0657227 -0.0198299 -0.0161708 -0.0122389 0.0470489 0.0402796 -0.0142453 0.0755912 -0.0250229 -0.0290438 -0.00178072 0.00434535 0.022199 -0.00832602 0.0271944 -0.0288356 0.0497978 0.0427635 -0.0462084 -0.0504179 -0.0353762 0.00900676 0.027265 -0.0353362 -0.0150935 0.00862005 0.0862923 0.0329965 0.10005 0.0100809 0.0176023 0.0406362 0.0927674 0.0355723 -0.0135606 -0.0213366 0.0848752 0.0921033 0.0765999 0.0591249 0.101724 0.0911666 -0.00328273 0.0479586 0.0568756 0.0797881 0.0279241 -0.0207828 0.00843333 -0.0243689 -0.00954469 -0.0101362 -0.0337232 -0.00610936 0.0889583 -0.0165083 -0.0353216 -0.0522574 0.00992775 0.0336676 0.0120937 0.0822486 0.040662 0.0435984 -0.0393357 0.107742 0.0936046
internal_weight=0 4776 11736 6314 3302 5588 5422 1474 726 2702 926 2488 2482 814 2251 1899 3313 2109 429 410 1350 1515 550 2886 2335 1937 237 220 1132 354 1480 1249 629 529 285 384 175 1437 310 267 1876 1351 525 43 264 551 377 106 240 26 548 297 244 132 214 217 352 240 365 285 154 80 538 45 231 561 323 32 185 837 152 271 112 59 1060 58 51 244 1002 1292 56 184 58 127 59 126 482 411 118
internal_count=16512 4776 11736 6314 3302 5588 5422 1474 726 2702 926 2488 2482 814 2251 1899 3313 2109 429 410 1350 1515 550 2886 2335 1937 237 220 1132 354 1480 1249 629 529 285 384 175 1437 310 267 1876 1351 525 43 264 551 377 106 240 26 548 297 244 132 214 217 352 240 365 285 154 80 538 45 231 561 323 32 185 837 152 271 112 59 1060 58 51 244 1002 1292 56 184 58 127 59 126 482 411 118
is_linear=0
shrinkage=0.1


end of trees

feature_importances:
Column_7=223
Column_8=222
Column_6=146
Column_1=126
Column_2=104
Column_4=50
Column_5=47
Column_3=44

parameters:
[boosting: gbdt]
[objective: regression]
[metric: rmse]
[tree_learner: serial]
[device_type: cpu]
[data_sample_strategy: bagging]
[data: data/california_housing.libsvm.train]
[valid: data/california_housing.libsvm.test]
[num_iterations: 1000]
[learning_rate: 0.1]
[num_leaves: 255]
[num_threads: 0]
[seed: 42]
[deterministic: 0]
[force_col_wise: 0]
[force_row_wise: 0]
[histogram_pool_size: -1]
[max_depth: 7]
[min_data_in_leaf: 10]
[min_sum_hessian_in_leaf: 0.001]
[bagging_fraction: 1]
[pos_bagging_fraction: 1]
[neg_bagging_fraction: 1]
[bagging_freq: 0]
[bagging_seed: 400]
[feature_fraction: 1]
[feature_fraction_bynode: 1]
[feature_fraction_seed: 30056]
[extra_trees: 0]
[extra_seed: 12879]
[early_stopping_round: 0]
[early_stopping_min_delta: 0]
[first_metric_only: 0]
[max_delta_step: 0]
[lambda_l1: 0]
[lambda_l2: 0]
[linear_lambda: 0]
[min_gain_to_split: 0]
[drop_rate: 0.1]
[max_drop: 50]
[skip_drop: 0.5]
[xgboost_dart_mode: 0]
[uniform_drop: 0]
[drop_seed: 17869]
[top_rate: 0.2]
[other_rate: 0.1]
[min_data_per_group: 100]
[max_cat_threshold: 32]
[cat_l2: 10]
[cat_smooth: 10]
[max_cat_to_onehot: 4]
[top_k: 20]
[monotone_constraints: ]
[monotone_constraints_method: basic]
[monotone_penalty: 0]
[feature_contri: ]
[forcedsplits_filename: ]
[refit_decay_rate: 0.9]
[tinygbdt_penalty_feature: 0.25]
[tinygbdt_penalty_split: 0.000976562]
[tinygbdt_forestsize: 64000]
[tinygbdt_precision: 7]
[cegb_tradeoff: 1]
[cegb_penalty_split: 0]
[cegb_penalty_feature_lazy: ]
[cegb_penalty_feature_coupled: ]
[path_smooth: 0]
[interaction_constraints: ]
[verbosity: 2]
[saved_feature_importance_type: 0]
[use_quantized_grad: 0]
[num_grad_quant_bins: 4]
[quant_train_renew_leaf: 0]
[stochastic_rounding: 1]
[linear_tree: 0]
[max_bin: 255]
[max_bin_by_feature: ]
[min_data_in_bin: 3]
[bin_construct_sample_cnt: 200000]
[data_random_seed: 175]
[is_enable_sparse: 1]
[enable_bundle: 1]
[use_missing: 1]
[zero_as_missing: 0]
[feature_pre_filter: 1]
[pre_partition: 0]
[two_round: 0]
[header: 0]
[label_column: ]
[weight_column: ]
[group_column: ]
[ignore_column: ]
[categorical_feature: ]
[forcedbins_filename: ]
[precise_float_parser: 0]
[parser_config_file: ]
[objective_seed: 16083]
[num_class: 1]
[is_unbalance: 0]
[scale_pos_weight: 1]
[sigmoid: 1]
[boost_from_average: 1]
[reg_sqrt: 0]
[alpha: 0.9]
[fair_c: 1]
[poisson_max_delta_step: 0.7]
[tweedie_variance_power: 1.5]
[lambdarank_truncation_level: 30]
[lambdarank_norm: 1]
[label_gain: ]
[lambdarank_position_bias_regularization: 0]
[eval_at: ]
[multi_error_top_k: 1]
[auc_mu_weights: ]
[num_machines: 1]
[local_listen_port: 12400]
[time_out: 120]
[machine_list_filename: ]
[machines: ]
[gpu_platform_id: -1]
[gpu_device_id: -1]
[gpu_use_dp: 0]
[num_gpu: 1]

end of parameters
