tree
version=v4
num_class=1
num_tree_per_iteration=1
label_index=0
max_feature_idx=8
objective=regression
feature_names=Column_0 Column_1 Column_2 Column_3 Column_4 Column_5 Column_6 Column_7 Column_8
feature_infos=none [0.49990000000000001:15.0001] [1:52] [0.88888888888888884:141.90909090909091] [0.33333333333333331:25.63636363636364] [3:35682] [0.69230769230769229:1243.333333333333] [32.549999999999997:41.950000000000003] [-124.34999999999999:-114.31]
tree_sizes=11003 10063 9872 8893 8773 7839 7430 7535 6510 6690 6365 5619 5771 5350 5696 4845 1117

Tree=0
num_leaves= 118
num_cat= 0
full_tree_array_lgbids= 0 1 2 5 3 4 10 9 11 6 7 16 13 20 33 15 14 35 21 37 8 19 17 44 18 39 29 77 64 34 46 45 53 27 52 49 59 54 31 70 38 12 36 22 25 24 51 79 67 96 23 71 74 63 60 99 80 90 104 82 112 -35 89 107 48 94 58 30 78 72 85 50 84 114 66 68 101 32 42 92 111 76 55 28 26 56 102 41 40 47 73 43 65 98 62 -2 93 75 -69 -18 97 57 69 100 86 105 88 87 81 61 -62 110 115 103 95 91 113 -66 109 106 83 -36 -114 -2147483648 -2147483648 108 116 -1 -109 -47 -50 -17 -96 -55 -60 -11 -32 -29 -80 -16 -74 -54 -87 -7 -52 -51 -86 -37 -116 -61 -68 -13 -70 -56 -103 -23 -34 -33 -44 -3 -94 -72 -113 -39 -78 -40 -57 -8 -30 -14 -28 -10 -58 -38 -104 -5 -43 -24 -42 -21 -49 -27 -75 -9 -45 -26 -67 -19 -100 -53 -64 -2147483648 -2147483648 -81 -95 -46 -77 -2147483648 -2147483648 -2147483648 -2147483648 -98 -99 -20 -59 -25 -71 -6 -102 -73 -88 -41 -107 -76 -90 -15 -89 -65 -83 -31 -63 -2147483648 -2147483648 -4 -112 -101 -117 -79 -105 -82 -97 -22 -93 -92 -115 -2147483648 -2147483648 -106 -111 -12 -108 -84 -85 -2147483648 -2147483648 -2147483648 -2147483648 -2147483648 -2147483648 -2147483648 -2147483648 -48 -110 -91 -118
split_feature= 1 1 1 6 6 3 2 1 7 1 1 1 6 1 6 3 2 6 6 2 2 6 3 1 2 8 8 8 1 2 7 7 8 1 2 7 7 1 2 6 7 6 8 7 1 4 5 7 7 8 6 8 6 6 7 5 8 7 7 7 6 2 8 1 7 8 7 7 2 4 3 2 8 6 2 6 8 4 8 5 6 6 4 8 8 8 7 4 6 2 4 8 8 2 4 8 7 8 7 5 5 8 7 2 8 8 5 8 1 2 8 8 7 5 8 8 4
split_gain= 6987.71 1685.2 1292.17 976.37 431.507 318.432 234.089 213.012 187.418 181.224 156.302 137.142 128.922 121.092 112.971 111.498 107.903 105.689 95.6221 85.5816 73.536 67.2119 66.7998 60.485 58.8276 54.2154 50.7275 49.5642 44.8532 43.937 39.8963 39.1252 43.3549 33.7189 37.2752 33.6439 31.3328 31.2182 35.9918 30.8828 29.7107 29.5708 29.1792 28.8037 28.5404 26.9005 25.9895 25.6261 25.0733 24.6143 29.869 24.1207 23.2463 22.4819 22.1768 20.7699 19.7812 19.6883 18.6167 18.6008 18.283 18.3403 17.8147 16.6711 16.4215 16.2387 15.5305 14.942 13.8274 13.1427 12.6569 12.5803 12.4923 12.4376 12.205 11.5373 9.66387 9.58259 8.91574 7.46529 7.39203 6.89476 6.52935 7.11889 6.36631 5.72085 5.46405 5.38149 5.12534 5.05179 4.96425 7.16113 4.88415 4.81673 4.66811 4.17116 4.13505 5.98401 3.75676 3.58342 3.37697 3.26017 3.16553 2.51464 2.46053 2.45412 2.2804 2.25801 1.86923 1.69641 1.65374 1.56122 1.18634 0.612001 0.451971 0.315229 0.0537077
threshold= 5.0387000000000013 3.0679500000000002 6.8672000000000013 2.3489548886254448 2.671038674349933 4.3101408005062494 24.500000000000004 4.0775500000000013 37.815000000000005 2.2210000000000005 7.852450000000001 2.4115000000000006 1.9628175980828908 5.7307500000000013 2.4907552973342448 3.449226804123712 19.500000000000004 2.9005380231986346 2.0653737590585881 43.500000000000007 26.500000000000004 2.2906328481453726 5.1186051221335997 5.8308000000000009 41.500000000000007 -122.40499999999999 -117.88499999999998 -118.26499999999999 3.4298000000000006 27.500000000000004 37.815000000000005 34.525000000000013 -117.77499999999999 8.7395500000000013 28.500000000000004 35.335000000000008 37.995000000000012 3.5330000000000008 18.500000000000004 2.9742256672023202 34.415000000000006 3.0817415934345274 -120.44499999999998 38.545000000000009 5.6402500000000009 1.0291350557942953 139.50000000000003 38.435000000000009 34.045000000000009 -117.35499999999998 2.254419630548663 -122.33499999999999 3.458170981799539 2.10671797776953 37.945000000000007 534.50000000000011 -122.425 38.005000000000003 35.335000000000008 36.835000000000008 3.458170981799539 40.500000000000007 -117.75499999999998 6.2770500000000009 37.645000000000003 -122.28499999999998 38.925000000000004 37.955000000000005 26.500000000000004 1.0435797675926601 4.5820434769673541 22.500000000000004 -122.38499999999998 2.8079590171801518 16.500000000000004 2.5219735498882589 -118.26499999999999 1.0103851166134901 -117.145 390.50000000000006 2.5163636904584812 3.0089663118548242 1.0003353454057682 -117.81499999999998 -116.40499999999999 -117.79499999999999 37.925000000000004 1.0110829055585981 3.3663541575396478 20.500000000000004 1.0139026949414627 -118.26499999999999 -117.23499999999999 16.500000000000004 1.1538900096482767 -122.00499999999998 34.145000000000003 -122.25499999999998 38.235000000000007 1162.5000000000002 1614.5000000000002 -122.35499999999998 38.635000000000012 17.500000000000004 -122.23499999999999 -121.36499999999999 1203.5000000000002 -121.76499999999999 9.1688500000000008 35.500000000000007 -121.34499999999998 -121.81499999999998 37.805000000000007 868.50000000000011 -120.34499999999998 -117.96499999999999 0.92197646103896114
decision_type= 2 2 2 2 2 2 2 2 2 2 2 2 2 2 2 2 2 2 2 2 2 2 2 2 2 2 2 2 2 2 2 2 2 2 2 2 2 2 2 2 2 2 2 2 2 2 2 2 2 2 2 2 2 2 2 2 2 2 2 2 2 2 2 2 2 2 2 2 2 2 2 2 2 2 2 2 2 2 2 2 2 2 2 2 2 2 2 2 2 2 2 2 2 2 2 2 2 2 2 2 2 2 2 2 2 2 2 2 2 2 2 2 2 2 2 2 2
left_child=1 5 4 6 16 9 37 19 12 15 20 35 28 39 27 45 44 24 96 22 77 54 41 57 43 47 -14 30 -8 63 -11 32 -23 34 82 49 56 70 76 71 -24 -5 -33 -9 79 107 -35 -21 -47 50 -7 98 72 94 68 -40 -10 -20 -55 114 61 -31 -53 87 90 -26 -61 75 -13 -25 92 100 -16 -27 105 -46 -39 99 -29 -2 103 -65 106 -84 -51 -54 -73 -15 -76 108 91 -22 -3 -81 -17 -82 -18 -98 -19 110 -6 -56 -38 -79 -66 -41 -12 -1 -48 -106 -4 -72 -36 -92 -37 -101 -91
right_child=2 3 10 7 13 11 8 17 36 14 33 21 26 29 52 53 18 51 23 25 64 31 40 69 65 73 -28 78 -30 60 -32 42 -34 46 112 59 102 38 55 74 -42 -43 -44 -45 67 48 89 -49 -50 84 -52 62 85 58 101 -57 -58 -59 -60 66 -62 -63 -64 81 104 -67 -68 -69 -70 -71 111 86 -74 -75 88 -77 -78 80 -80 93 95 -83 83 -85 -86 -87 -88 -89 -90 116 113 -93 -94 -95 -96 -97 97 -99 -100 115 -102 -103 -104 -105 109 -107 -108 -109 -110 -111 -112 -113 -114 -115 -116 -117 -118
leaf_value= 2.0428115776403302 2.0322522439146704 2.0942646251487904 2.1970469771605763 2.0623490992633817 2.0788100563966578 2.0841138599801572 2.1965323452694219 2.0954689418246426 2.2142838774901663 2.1406373236940905 2.201214742644098 2.0345072442712553 2.1803908632616107 2.1096638881203256 2.1369577986748349 2.0163646038680656 2.3475029406369599 2.1269417179355425 2.1957668316364023 2.1654641714581091 2.3134738265400703 2.0423423215696768 2.0333915413355754 2.2374554972134808 2.2091709412441252 2.0795638084043055 2.0853910788377314 2.0653824157377607 2.2845502876908457 2.1919918556662772 2.0404662446165749 1.9910892755883369 1.9852344261613879 2.2256631944098948 2.3489229269490632 1.9734622437591023 2.0412401231857533 2.1091870245220798 2.0245249734293451 2.0834683157028921 2.0042626363250329 2.0299805008867327 1.9516641567416866 2.0321558591188165 2.2290802035057791 2.0195706739465327 2.2974192872479229 1.9921922446126408 2.0794739076624724 1.9685349276794362 1.9888444208027325 2.0588902430478546 2.0194666467334796 1.9876247733728514 2.048631191897333 2.1734629168237776 2.0951919498649194 2.087710141191141 1.9546252503190962 1.9717715616073146 2.0880122439150677 2.2838810687809143 2.0262876156140166 2.1854929355010166 2.2731583668156543 2.1356460584060457 1.9436251819951067 2.0902165239069102 2.0885806931844439 2.2872151599752977 2.0615003930585472 2.1472471363027816 2.0468548239882924 2.035621369557977 2.1070863956405002 2.1539228614650354 2.0673858812271733 2.2432252427681045 2.0052765696740975 2.1164124939581668 2.261906623327202 2.1474610484222523 2.299884311105183 2.2336177960559054 1.9309619655047523 1.9695393397118284 2.0833785607593032 2.1384854126492021 2.0785653826666226 2.3175530508989759 2.3505294585180594 2.2209656433100169 2.0101922421986527 2.1698756092870899 2.0851989775483477 2.2078495719740459 2.3441824260131363 2.24765874254427 2.0592165302409682 2.2186498283933367 2.1199560171028113 1.9934744660704813 1.9696822432512706 2.3295710676383008 2.2451105803087024 2.0509785154122926 2.2547846299662213 2.0031723742454979 2.3389576326004473 2.1657122381860678 2.1442219711450132 2.021195993752015 2.3036811097582559 2.3165633133534196 1.9291164365278606 2.1745879558770809 2.3598136219946544
leaf_weight=27 9.9999999999999982 97 19 636 64 39 90 761 19 227 24 100 402 146 18 89 58 57 303 84 33 272 593 159 43 147 67 116 174 144 50 667 275 19 83 9.9999999999999982 66 141 10.999999999999998 56 943 545 277 83 72 114 27 9.9999999999999982 208 231 294 858 368 506 19 104 68 19 289 497 14.999999999999998 28 229 91 17 129 377 13.999999999999998 109 91 27 176 350 136 205 34 113 11.000000000000002 37 88 24 159 63 29 72 31 19 190 137 9.9999999999999982 34 14.999999999999998 9.9999999999999982 30 14.999999999999998 110 17 15.999999999999998 13.999999999999998 41 53 81 9.9999999999999982 10.999999999999998 12.000000000000002 118 31 154 84 9.9999999999999982 33 64 13.999999999999998 47 310 13.999999999999998 225
leaf_count=27 10 97 19 636 64 39 90 761 19 227 24 100 402 146 18 89 58 57 303 84 33 272 593 159 43 147 67 116 174 144 50 667 275 19 83 10 66 141 11 56 943 545 277 83 72 114 27 10 208 231 294 858 368 506 19 104 68 19 289 497 15 28 229 91 17 129 377 14 109 91 27 176 350 136 205 34 113 11 37 88 24 159 63 29 72 31 19 190 137 10 34 15 10 30 15 110 17 16 14 41 53 81 10 11 12 118 31 154 84 10 33 64 14 47 310 14 225
model_size=13136
internal_value=2.07195 2.03789 2.19622 2.07259 2.15739 2.00039 2.1449 2.05251 2.17679 2.02716 2.28999 1.98123 2.19841 2.12609 2.05582 2.00269 2.2124 2.07655 2.23355 2.03561 2.24376 2.0009 2.02938 2.21831 2.10021 2.08053 2.16682 2.09704 2.25454 2.15468 2.12256 1.99203 2.01363 2.32271 2.29347 1.96188 2.07953 2.0945 2.11198 2.0994 2.01551 2.04741 1.97952 2.08924 2.15586 2.04057 2.34226 2.14703 2.05827 1.98076 2 2.0558 2.0327 1.98149 2.04369 2.15922 2.1212 2.18939 1.97563 1.95182 2.19741 2.20695 2.05202 2.14104 2.29582 2.15403 1.95963 2.19158 2.06271 2.25557 2.06193 2.12468 2.05126 2.05845 2.08412 2.20497 2.09059 2.2105 2.05085 2.12237 2.22724 2.1613 2.26119 2.279 1.95961 2.01559 2.14102 2.12596 2.09566 2.34866 2.31361 2.28457 2.08641 2.13 2.02629 2.21753 2.32933 2.29738 2.11359 2.18609 2.09745 2.00395 2.03182 2.2864 2.23698 2.06144 2.23141 2.00909 2.32885 2.20902 2.16352 2.03315 2.34239 2.33082 1.9305 2.20743 2.35802
internal_weight=0 12960 3552 6731 2512 6229 1463 5268 896 2599 1040 3630 733 1601 1197 1402 911 2174 663 3094 431 1800 2717 572 1016 377 469 430 264 773 277 1491 547 609 244 1830 163 567 369 828 1536 1181 944 844 248 503 365 94 322 636 333 1158 767 899 309 115 87 322 795 1194 187 172 1087 586 168 172 874 120 209 250 198 312 368 283 516 106 254 263 153 128 156 250 147 92 303 399 195 336 342 346 129 48 107 118 104 134 91 33 71 107 117 100 76 22 39 174 55 181 111 22 52 91 97 81 320 55 235
internal_count=16512 12960 3552 6731 2512 6229 1463 5268 896 2599 1040 3630 733 1601 1197 1402 911 2174 663 3094 431 1800 2717 572 1016 377 469 430 264 773 277 1491 547 609 244 1830 163 567 369 828 1536 1181 944 844 248 503 365 94 322 636 333 1158 767 899 309 115 87 322 795 1194 187 172 1087 586 168 172 874 120 209 250 198 312 368 283 516 106 254 263 153 128 156 250 147 92 303 399 195 336 342 346 129 48 107 118 104 134 91 33 71 107 117 100 76 22 39 174 55 181 111 22 52 91 97 81 320 55 235
is_linear=0
shrinkage=1


Tree=1
num_leaves= 99
num_cat= 0
full_tree_array_lgbids= 0 1 2 5 3 4 12 16 6 7 10 19 13 21 48 17 80 9 14 8 42 22 23 47 24 33 25 58 59 -14 71 26 39 81 -82 18 52 15 38 30 11 54 96 28 34 32 44 86 67 -21 35 55 68 65 61 92 70 82 79 -2147483648 -2147483648 93 72 60 27 78 62 -18 -83 -2147483648 -2147483648 36 51 53 -54 20 46 43 89 31 73 40 29 -9 85 -44 -98 41 37 57 69 50 74 45 49 97 87 84 -69 -2147483648 -2147483648 64 66 56 75 -35 76 91 88 63 -63 -4 95 77 90 83 -84 -61 94 -2147483648 -2147483648 -2147483648 -2147483648 -50 -95 -73 -74 -1 -62 -28 -29 -19 -80 -41 -64 -2147483648 -2147483648 -2147483648 -2147483648 -2147483648 -2147483648 -2147483648 -2147483648 -7 -38 -20 -53 -11 -55 -2147483648 -2147483648 -8 -22 -17 -48 -16 -45 -40 -91 -3 -33 -32 -75 -10 -42 -13 -31 -2147483648 -2147483648 -56 -87 -2147483648 -2147483648 -2147483648 -2147483648 -5 -43 -30 -39 -24 -59 -36 -71 -12 -52 -34 -76 -25 -47 -46 -51 -2 -99 -88 -89 -49 -86 -2147483648 -2147483648 -2147483648 -2147483648 -2147483648 -2147483648 -26 -66 -37 -68 -6 -58 -57 -77 -2147483648 -2147483648 -70 -78 -15 -93 -67 -90 -27 -65 -2147483648 -2147483648 -2147483648 -2147483648 -94 -97 -60 -79 -72 -92 -23 -85 -2147483648 -2147483648 -2147483648 -2147483648 -81 -96 -2147483648 -2147483648 -2147483648 -2147483648 -2147483648 -2147483648 -2147483648 -2147483648 -2147483648 -2147483648 -2147483648 -2147483648 -2147483648 -2147483648 -2147483648 -2147483648
split_feature= 1 1 1 6 6 6 7 7 2 8 1 6 1 1 8 7 7 8 6 2 8 2 2 6 6 2 7 8 3 8 8 7 2 6 8 1 7 7 8 2 8 6 8 7 8 7 7 1 5 7 7 7 8 6 7 7 8 7 1 7 8 6 1 2 7 1 1 7 2 7 8 6 1 7 3 8 7 4 6 8 7 8 4 8 6 7 5 2 6 3 7 6 4 2 3 8 1 6
split_gain= 5658.11 1367.2 1044.73 789.482 350.977 271.185 199.479 197.015 189.488 153.02 143.995 136.718 125.172 116.495 115.605 141.428 103.379 110.894 94.3133 84.2363 79.2553 79.1583 68.057 64.1969 56.9668 53.9076 49.004 64.1375 46.457 43.7188 41.6719 50.6345 40.4832 39.7116 38.8943 32.6386 31.0983 30.2566 30.1728 25.5334 24.6932 24.3216 24.2905 23.2573 20.8628 21.3357 20.6893 19.8108 18.2947 17.4761 17.2074 15.4482 14.3281 14.1044 14.0927 13.7232 13.2613 13.0303 12.8986 12.8669 12.6655 11.6511 11.4703 10.8515 10.7102 10.6029 9.75341 9.16179 8.96998 8.91583 8.87411 8.427 9.90472 8.40878 6.83396 6.07301 5.78603 5.75472 5.63722 5.1672 4.83936 9.36966 4.72576 9.25536 4.40552 4.23692 4.12638 4.5037 4.03741 3.59387 3.0473 2.5426 2.47551 1.32849 0.790098 0.778779 0.573411 0.0329856
threshold= 5.0387000000000013 3.1097000000000006 6.8672000000000013 2.4136952392348086 2.5763869593405579 2.1628386478062818 34.455000000000005 37.935000000000009 24.500000000000004 -117.77499999999999 4.1119000000000012 1.9628175980828908 8.4454500000000028 5.8308000000000009 -121.63499999999998 37.895000000000003 37.945000000000007 -118.24499999999999 3.442186331338819 21.500000000000004 -122.31499999999998 26.500000000000004 44.500000000000007 2.9291766686969298 2.0653737590585881 27.500000000000004 34.655000000000008 -122.35499999999998 4.7926201822371182 -122.33499999999999 -118.29499999999999 34.155000000000008 42.500000000000007 2.9366774891774896 -122.40499999999999 5.5682000000000009 34.045000000000009 34.435000000000009 -119.84499999999998 28.500000000000004 -122.40499999999999 3.1424162072895592 -122.35499999999998 35.645000000000003 -121.46499999999999 37.915000000000006 38.675000000000004 5.6402500000000009 70.000000000000014 34.655000000000008 37.765000000000008 34.045000000000009 -116.53499999999998 2.8335312747426764 38.005000000000003 37.925000000000004 -117.91499999999998 38.155000000000008 7.3930000000000016 37.645000000000003 -118.37499999999999 3.458170981799539 2.2003500000000007 40.500000000000007 37.935000000000009 6.3350000000000009 6.3963500000000009 37.955000000000005 14.500000000000002 37.735000000000007 -117.71499999999999 3.1747392355722384 9.1688500000000008 33.695000000000007 6.0498344370860933 -122.19499999999998 37.875000000000007 1.0417933552053971 1.5104297674263547 -122.28499999999998 38.815000000000005 -122.26499999999999 1.0139026949414627 -118.09499999999998 2.5219735498882589 38.765000000000008 1140.5000000000002 15.500000000000002 3.0298305221858191 5.1947827066293142 33.045000000000009 3.1424162072895592 1.0097363099187924 20.500000000000004 6.8391702402831678 -118.175 4.0612500000000002 2.0376051459673437
decision_type= 2 2 2 2 2 2 2 2 2 2 2 2 2 2 2 2 2 2 2 2 2 2 2 2 2 2 2 2 2 2 2 2 2 2 2 2 2 2 2 2 2 2 2 2 2 2 2 2 2 2 2 2 2 2 2 2 2 2 2 2 2 2 2 2 2 2 2 2 2 2 2 2 2 2 2 2 2 2 2 2 2 2 2 2 2 2 2 2 2 2 2 2 2 2 2 2 2 2
left_child=1 5 4 7 19 16 9 8 30 18 22 40 21 33 15 20 17 26 36 47 -8 58 28 32 -21 65 60 -28 41 -13 31 -3 50 55 57 64 -7 -30 43 78 -10 -5 54 -16 45 -25 -17 86 -14 -46 -12 -20 53 -11 -9 56 -6 -24 92 82 -1 63 -41 -27 -26 91 -37 84 -35 -36 77 93 -73 -32 -34 -57 -70 -60 -19 -61 81 -18 83 -23 -49 -56 97 -88 -67 -40 -72 -15 -4 -50 -81 -94 -44 -2
right_child=2 3 12 10 13 6 14 42 11 52 23 29 48 25 38 46 80 39 51 24 -22 59 34 44 35 61 27 -29 37 -31 73 -33 74 68 69 66 -38 -39 89 62 -42 -43 96 -45 49 -47 -48 67 71 -51 -52 -53 -54 -55 85 75 -58 -59 70 79 -62 -63 -64 -65 -66 88 -68 -69 76 -71 90 72 -74 -75 -76 -77 -78 -79 -80 94 -82 -83 -84 -85 -86 -87 87 -89 -90 -91 -92 -93 95 -95 -96 -97 -98 -99
leaf_value= 0.12004633573159365 0.062226991122588518 0.13922680700818699 0.091698294543269762 0.0034526885907401779 0.075404580390038028 -0.028296137803472933 0.059045989572769034 0.09759424281391231 0.22363129605035315 -0.061943192205967147 0.021982394564230259 0.15200140062967937 0.10762568108427029 0.065720721988223638 -0.04406507964340154 -0.069216434904985663 -0.01065724958237764 -0.10687562200952978 -0.065454390534873716 0.23619967352512272 -0.044412958529335383 0.21835225327448413 0.086914337738907263 0.030477198241080378 0.11931676829390857 0.11920347212087722 0.12923717969437926 -0.010319021570052361 -0.032231015922305616 0.068068334948991935 0.016504864080099168 0.032567879023380715 0.060290220263644612 -0.012627814666900253 0.00083407082386541265 0.15569187857759881 0.013049518090156198 -0.058800488044297564 -0.13237924952979693 -0.056580343333383402 0.14707573651212263 -0.03598801625026745 -0.057479273814675026 -0.10068640641175929 -0.015255583482670965 -0.037837517231754547 -0.1113833193241352 0.14114649544935673 0.22963062945084697 -0.055307762242806785 -0.016821589142755541 -0.035308781839202996 -0.12139461574968227 -0.092715229559096557 0.013384131411090495 0.057807791382074362 0.02329359875109635 -0.047407381460070612 0.15009402242990644 0.23538385778665544 0.055957407419236355 0.015144229612567209 0.025112630911292389 0.18213537653287254 0.016562676749059133 0.104575224239927 0.20825195800799592 0.022553581930696967 0.026152266231522465 -0.056458609286281804 0.16369913816452028 0.15351565633235234 0.23721552437002008 -0.025804899650238522 0.12437126843198654 -0.018313374910281881 -0.019491425386451662 0.19829679463058711 -0.052142471921738258 0.090242392366582713 -0.10266434939112515 -0.076582966869195496 0.23949069690609737 0.1097058151776974 0.061977053912622593 -0.068002303530062952 0.045179397108800277 0.11817086374759674 0.069289553263621739 -0.11205386106652776 0.088962110881028442 0.039190486925253218 0.15214398428797724 0.25686563623281339 0.16044784660997063 0.10854418575763702 -0.02327961489194777 0.0082018824666738512
leaf_weight=71 15.999999999999998 60 69 359 283 431 96 22 61 293 598 75 11.999999999999998 168 89 198 37 34 673 86 381 55 76 188 166 159 41 214 855 552 143 218 101 126 181 156 368 1041 401 30 203 341 113 997 641 72 398 80 78 159 172 287 121 471 50 25 76 9.9999999999999982 104 11.999999999999998 81 10.999999999999998 77 45 13.999999999999998 102 65 11.999999999999998 445 45 15.999999999999998 28 55 113 31 42 47 60 181 10.999999999999998 64 130 126 12.999999999999998 13.999999999999998 13.999999999999998 34 25 129 261 35 151 41 253 29 43 41 35
leaf_count=71 16 60 69 359 283 431 96 22 61 293 598 75 12 168 89 198 37 34 673 86 381 55 76 188 166 159 41 214 855 552 143 218 101 126 181 156 368 1041 401 30 203 341 113 997 641 72 398 80 78 159 172 287 121 471 50 25 76 10 104 12 81 11 77 45 14 102 65 12 445 45 16 28 55 113 31 42 47 60 181 11 64 130 126 13 14 14 34 25 129 261 35 151 41 253 29 43 41 35
model_size=11008
internal_value=0 -0.0306532 0.111843 0.00158441 0.076901 -0.0634427 -0.0720969 0.0611315 0.0753469 -0.0522257 -0.0187741 0.103784 0.19624 0.0535082 -0.0907212 -0.0645744 -0.0141767 0.00454183 -0.0350073 0.137097 -0.023591 0.167027 -0.0330328 0.00235965 0.160526 0.0835031 0.0396715 0.0121194 -0.0384442 0.0781082 0.0278982 0.0555878 0.0223913 0.0315291 0.0119928 0.144296 -0.00925333 -0.046819 -0.106771 -0.0398612 0.164765 -0.0157606 -0.0232724 -0.0960462 -0.0146862 0.0115593 -0.0973749 0.0842737 0.238345 -0.023216 0.0133145 -0.0564421 -0.0864486 -0.0809139 0.0216773 0.0558353 0.0643727 0.0712955 0.137155 0.211714 0.0858937 0.127051 0.00220806 0.133086 0.111325 0.0664798 0.171151 0.117265 0.0147744 -0.0105738 0.154607 0.242134 0.208979 -0.00217093 0.0753396 0.01009 0.021792 0.167729 -0.0607979 0.16289 -0.0732494 -0.0619767 0.224801 0.197582 0.129355 -0.00441915 0.0524824 0.076108 0.0848702 -0.124366 0.112409 0.0531625 0.112631 0.250448 0.141141 0.129825 -0.0483742 0.0251509
internal_weight=0 12960 3552 6535 2512 6425 5465 1665 1425 2644 4870 891 1040 1809 2821 1073 960 729 1759 703 477 614 2908 1962 487 765 407 255 2596 627 534 278 902 1044 312 401 799 1896 1748 322 264 700 240 1086 1060 260 596 216 426 800 770 960 885 764 86 426 359 86 368 246 152 215 107 204 180 550 221 106 618 226 215 414 83 256 132 67 492 164 215 52 231 167 194 68 94 64 110 59 231 662 51 319 153 331 40 84 154 51
internal_count=16512 12960 3552 6535 2512 6425 5465 1665 1425 2644 4870 891 1040 1809 2821 1073 960 729 1759 703 477 614 2908 1962 487 765 407 255 2596 627 534 278 902 1044 312 401 799 1896 1748 322 264 700 240 1086 1060 260 596 216 426 800 770 960 885 764 86 426 359 86 368 246 152 215 107 204 180 550 221 106 618 226 215 414 83 256 132 67 492 164 215 52 231 167 194 68 94 64 110 59 231 662 51 319 153 331 40 84 154 51
is_linear=0
shrinkage=0.1


Tree=2
num_leaves= 97
num_cat= 0
full_tree_array_lgbids= 0 1 2 5 3 4 13 15 7 6 8 20 19 24 38 16 75 9 11 56 10 22 14 50 23 48 31 71 61 39 49 25 37 76 -77 17 51 12 33 57 -58 21 45 28 42 29 30 81 68 55 35 59 87 41 78 91 72 94 -63 83 -41 -40 -51 53 26 65 64 -17 -78 -2147483648 -2147483648 44 34 85 62 18 46 43 84 58 73 -2147483648 -2147483648 32 27 67 -47 40 52 63 69 60 36 92 47 -2 82 90 80 89 -57 70 66 74 -61 88 -89 54 86 79 -80 -4 -93 -73 77 95 -96 -2147483648 -2147483648 -15 93 -2147483648 -2147483648 -2147483648 -2147483648 -2147483648 -2147483648 -1 -55 -27 -28 -18 -67 -39 -66 -2147483648 -2147483648 -2147483648 -2147483648 -2147483648 -2147483648 -2147483648 -2147483648 -7 -46 -19 -36 -11 -87 -53 -64 -9 -20 -14 -48 -13 -45 -35 -86 -3 -60 -59 -75 -2147483648 -2147483648 -2147483648 -2147483648 -8 -34 -23 -29 -12 -69 -2147483648 -2147483648 -5 -42 -30 -54 -24 -65 -44 -71 -10 -62 -31 -38 -16 -94 -32 -49 -2147483648 -2147483648 -83 -84 -52 -92 -70 -82 -22 -91 -2147483648 -2147483648 -25 -72 -37 -68 -6 -76 -2147483648 -2147483648 -50 -90 -2147483648 -2147483648 -21 -56 -43 -88 -33 -81 -2147483648 -2147483648 -2147483648 -2147483648 -2147483648 -2147483648 -2147483648 -2147483648 -74 -79 -26 -97 -2147483648 -2147483648 -2147483648 -2147483648 -2147483648 -2147483648 -2147483648 -2147483648 -85 -95 -2147483648 -2147483648 -2147483648 -2147483648 -2147483648 -2147483648 -2147483648 -2147483648 -2147483648 -2147483648 -2147483648 -2147483648
split_feature= 1 1 1 6 6 6 2 7 1 8 7 8 7 1 6 7 8 6 8 1 2 6 2 6 2 7 8 1 3 2 8 6 2 8 7 1 7 2 1 2 7 2 8 7 8 8 7 8 6 5 1 1 7 8 8 7 7 8 7 2 8 7 7 7 1 6 1 1 4 7 8 8 4 5 8 7 8 6 7 3 5 4 8 6 7 8 7 7 8 5 8 5 7 4 4 8
split_gain= 4588.15 1191.07 763.234 679.867 259.619 240.002 174.693 172.076 138.873 134.025 110.35 105.041 121.861 102.225 94.9898 87.7719 97.4911 84.2043 65.0927 63.43 62.2558 57.6114 55.0027 49.567 44.6173 40.5707 59.2984 38.2234 37.4507 36.037 30.9779 29.2802 27.6543 25.1098 24.9655 24.926 23.9599 19.8483 18.5706 22.2932 18.4985 18.1716 18.0967 17.8741 17.6117 17.1405 17.0436 16.8188 15.5289 14.5882 12.2488 11.4586 11.3975 10.8545 10.7805 10.2806 8.38573 16.6208 12.2073 8.32335 7.81299 7.47465 6.35869 5.5133 4.90168 4.81566 4.72877 4.52846 3.73907 3.7212 3.39476 3.3649 4.37292 3.25056 2.75648 2.74218 5.0119 2.64792 2.57908 2.25283 2.197 1.65957 3.28554 1.64518 1.5546 1.51347 1.2992 1.24087 3.33325 0.584351 0.551611 0.499365 0.0916295 0.0251971 0.0227219 1.72127
threshold= 5.1326000000000009 3.1792500000000001 6.8672000000000013 2.2982753493904258 2.6585924622132828 2.1628386478062818 19.500000000000004 34.455000000000005 4.0612500000000002 -117.77499999999999 37.815000000000005 -121.63499999999998 37.915000000000006 7.852450000000001 2.7762783380468687 37.935000000000009 -118.24499999999999 3.1336552646136835 -122.33499999999999 5.6851000000000012 21.500000000000004 1.9322222929778572 47.500000000000007 2.2038024706228287 26.500000000000004 34.655000000000008 -120.02499999999999 3.8136000000000005 5.1822875816993479 21.500000000000004 -122.33499999999999 3.0228140180430265 28.500000000000004 -119.94499999999998 34.035000000000004 5.7307500000000013 37.935000000000009 32.500000000000007 8.7395500000000013 28.500000000000004 37.805000000000007 36.500000000000007 -122.29499999999999 35.645000000000003 -118.395 -122.03499999999998 38.675000000000004 -117.75499999999998 3.1262267671728927 139.50000000000003 5.6402500000000009 2.2336500000000004 38.675000000000004 -118.37499999999999 -117.81499999999998 37.805000000000007 37.955000000000005 -118.29499999999999 34.175000000000004 37.500000000000007 -121.63499999999998 37.645000000000003 33.625000000000007 37.795000000000009 2.2003500000000007 1.5104297674263547 6.3350000000000009 4.125700000000001 1.0671403331650682 35.375000000000007 -122.44499999999998 -122.00499999999998 0.95712370739180408 1627.5000000000002 -117.24499999999999 38.815000000000005 -122.26499999999999 2.5763869593405579 37.965000000000011 6.0885186209439537 899.50000000000011 1.0271096002911728 -117.23499999999999 2.788985387372485 36.975000000000001 -116.53499999999998 37.595000000000006 37.805000000000007 -121.44499999999998 459.50000000000006 -121.895 962.50000000000011 38.455000000000005 1.1079358598254032 1.0139026949414627 -118.26499999999999
decision_type= 2 2 2 2 2 2 2 2 2 2 2 2 2 2 2 2 2 2 2 2 2 2 2 2 2 2 2 2 2 2 2 2 2 2 2 2 2 2 2 2 2 2 2 2 2 2 2 2 2 2 2 2 2 2 2 2 2 2 2 2 2 2 2 2 2 2 2 2 2 2 2 2 2 2 2 2 2 2 2 2 2 2 2 2 2 2 2 2 2 2 2 2 2 2 2 2
left_child=1 5 4 6 20 15 56 9 22 17 21 12 18 24 29 16 25 44 -9 48 50 32 28 55 71 53 -27 -23 40 60 92 41 -8 43 -19 70 -31 65 39 83 -5 54 63 -13 -7 67 -14 -32 59 -40 81 85 -30 -1 -21 89 57 58 -3 74 -10 94 -53 -24 -39 -18 -37 -12 90 -44 -25 91 -73 -59 -6 76 -17 -74 79 -33 -70 -2 -83 -15 -35 -11 -43 88 -50 -22 -52 -4 -16 -85 95 -26
right_child=2 3 13 8 19 7 10 11 14 51 45 33 46 38 30 75 37 34 -20 31 23 27 42 35 61 26 -28 -29 52 36 47 78 -34 84 -36 66 -38 64 49 -41 -42 86 69 -45 -46 -47 -48 -49 87 -51 68 62 -54 -55 -56 -57 -58 73 -60 -61 -62 -63 -64 -65 -66 -67 -68 -69 80 -71 -72 72 77 -75 -76 -77 -78 -79 -80 -81 -82 82 -84 93 -86 -87 -88 -89 -90 -91 -92 -93 -94 -95 -96 -97
leaf_value= 0.1068667777857798 0.0046704973131418233 0.11244277664490286 0.094210263558973883 -0.012954766055067072 0.039070842937707045 0.039174311865980811 0.10048757064132355 0.055769185814065772 0.033203161028879033 -0.086157078849675078 0.018865645015161608 -0.038770673644688468 -0.060563394382063832 0.18566445980221036 0.052479214775952104 -0.01327888760715723 -0.095640406737456454 -0.057241798496994248 -0.03741104342599734 0.090678207513347681 0.1654044295058531 0.061270276997887445 0.082225101366639144 0.15264305543331874 0.19553897037650603 0.031326524401869518 -0.1078026027271622 0.12232005208273207 -0.038660714550180844 0.053974904235984084 -0.0072454386934150379 0.024611000302441732 0.1771787354251636 -0.11323089896608279 -0.025459544633880324 0.13077036546723497 -0.0050643384476449895 -0.039792691739664106 0.12257727039487738 0.22046054506424775 -0.061364967551385499 0.17165749197204908 0.019630265128621951 -0.089843651478251144 -0.0084882717356117299 -0.044010291473810068 -0.099501932379834859 -0.037398114854564006 0.041731323704856348 0.22457187299137515 0.12069629178796377 -0.050906959999666879 -0.069693972050575898 0.047902277209822777 0.039735147015292301 0.11424848060397541 -0.033393207967281339 -0.017192236321457364 0.030249898296772573 0.098833405666730628 -0.013285310055869512 0.13293829480998029 -0.079400298754712023 -0.023445069491863254 0.033222685401038878 -0.042509314519078807 0.17162342315880202 0.083098333870293584 0.078894725255668166 -0.030810429225219232 0.089432304000979096 0.043083597950282548 0.16081721604180832 0.033208213402674748 -0.010910942249240415 -0.092397914244793364 -0.066933367631847054 0.10352329065979914 0.0064353920013776851 0.057738872637517404 0.14783479939436628 0.072504723439591801 -0.013529465813189746 0.13459762247260085 -0.066446769223720933 -0.11654829571121617 0.096080338037931007 -0.02887618849053979 0.0013825029146036973 0.22360606110957734 0.06066978376577882 0.16744607757119573 -0.0061739737700138783 0.20370814561843875 0.20903731201901851 0.11880039662122727
leaf_weight=85 25 31 11.999999999999998 1077 278 117 78 99 77 331 62 92 210 40 97 42 37 783 407 259 17 226 65 21 33 237 38 228 1163 563 1165 72 175 691 454 124 94 24 19 97 106 36 79 1017 517 43 412 287 61 346 18 249 187 87 74 17 50 118 112 33 195 39 272 9.9999999999999982 58 224 93 32 20 51 185 21 24 39 31 64 139 172 35 344 42 70 11.999999999999998 97 27 76 12.999999999999998 40 205 83 51 34 13.999999999999998 9.9999999999999982 81 14.999999999999998
leaf_count=85 25 31 12 1077 278 117 78 99 77 331 62 92 210 40 97 42 37 783 407 259 17 226 65 21 33 237 38 228 1163 563 1165 72 175 691 454 124 94 24 19 97 106 36 79 1017 517 43 412 287 61 346 18 249 187 87 74 17 50 118 112 33 195 39 272 10 58 224 93 32 20 51 185 21 24 39 31 64 139 172 35 344 42 70 12 97 27 76 13 40 205 83 51 34 14 10 81 15
model_size=10784
internal_value=0 -0.0263511 0.10554 0.00456606 0.0728185 -0.0556061 0.0728536 -0.0636471 -0.0110239 -0.0456707 0.0977686 -0.0806744 -0.0562219 0.176616 0.00630324 -0.0109031 0.00568376 -0.0300289 -0.0191801 0.0480575 0.119953 0.113975 -0.0267942 0.139334 0.138621 0.0370896 0.0121014 0.0919296 -0.030972 0.0321613 -0.00906599 0.0668838 0.153535 -0.0957715 -0.0455772 0.122759 0.0455279 -0.0352446 0.203506 0.179936 -0.0172925 0.0886251 0.0248275 -0.0856068 0.000307505 0.0141341 -0.0863555 -0.0132054 0.0238564 0.219263 0.0759806 -0.0772073 -0.0429594 0.0770417 0.0793575 0.19926 0.0127728 0.0204672 0.0480679 0.0403069 -0.000124971 0.180663 -0.0657826 0.0681357 0.0118523 -0.0500413 0.148279 0.0407321 0.0996462 -0.000158007 0.0958761 0.111765 0.104011 -0.00467238 0.0340565 -0.0643874 -0.0544832 0.110539 0.0484687 0.0520052 0.125596 0.0470069 0.0599144 0.153195 -0.111472 -0.0918321 0.151606 0.00547051 0.0106354 0.213712 0.0763289 0.148341 0.0450815 0.141057 0.195092 0.171558
internal_weight=0 13213 3299 6424 2259 6789 1194 5754 5230 2799 844 2955 1128 1040 2492 1035 790 1871 506 1481 778 707 2738 540 431 447 275 454 2533 929 1563 833 253 1827 1237 423 657 343 609 244 1183 382 205 1109 634 137 622 1452 648 365 238 928 1350 172 333 117 350 300 143 342 272 168 521 75 82 261 217 94 131 130 206 263 217 157 309 245 181 196 451 416 62 107 82 147 718 407 49 306 266 100 69 46 111 107 129 48
internal_count=16512 13213 3299 6424 2259 6789 1194 5754 5230 2799 844 2955 1128 1040 2492 1035 790 1871 506 1481 778 707 2738 540 431 447 275 454 2533 929 1563 833 253 1827 1237 423 657 343 609 244 1183 382 205 1109 634 137 622 1452 648 365 238 928 1350 172 333 117 350 300 143 342 272 168 521 75 82 261 217 94 131 130 206 263 217 157 309 245 181 196 451 416 62 107 82 147 718 407 49 306 266 100 69 46 111 107 129 48
is_linear=0
shrinkage=0.1


Tree=3
num_leaves= 83
num_cat= 0
full_tree_array_lgbids= 0 1 3 4 2 5 26 11 6 7 8 19 17 29 41 15 60 10 13 45 9 12 24 57 25 38 37 52 69 -28 75 49 23 73 -62 18 51 14 34 56 61 16 36 20 21 35 43 -2 58 54 33 40 70 -19 65 67 -54 -31 -71 -2147483648 -2147483648 -43 -77 -1 76 32 66 -13 -75 -2147483648 -2147483648 31 48 81 74 28 42 68 50 63 -58 -47 72 30 27 46 71 47 -22 22 78 -10 39 77 44 -2147483648 -2147483648 59 64 -21 -56 55 53 62 80 -40 -72 -2147483648 -2147483648 -39 -67 79 -69 -2147483648 -2147483648 -2147483648 -2147483648 -2147483648 -2147483648 -2147483648 -2147483648 -2147483648 -2147483648 -2147483648 -2147483648 -2147483648 -2147483648 -2147483648 -2147483648 -51 -78 -17 -34 -25 -68 -2147483648 -2147483648 -2147483648 -2147483648 -2147483648 -2147483648 -2147483648 -2147483648 -6 -33 -20 -50 -12 -83 -53 -76 -8 -30 -16 -44 -15 -70 -36 -52 -3 -65 -2147483648 -2147483648 -2147483648 -2147483648 -63 -74 -9 -32 -18 -29 -11 -48 -38 -73 -4 -49 -2147483648 -2147483648 -14 -24 -23 -80 -2147483648 -2147483648 -37 -41 -26 -79 -45 -46 -2147483648 -2147483648 -2147483648 -2147483648 -59 -61 -60 -66 -2147483648 -2147483648 -2147483648 -2147483648 -27 -57 -35 -55 -7 -64 -42 -82 -2147483648 -2147483648 -2147483648 -2147483648 -2147483648 -2147483648 -2147483648 -2147483648 -2147483648 -2147483648 -2147483648 -2147483648 -5 -81 -2147483648 -2147483648 -2147483648 -2147483648 -2147483648 -2147483648 -2147483648 -2147483648 -2147483648 -2147483648 -2147483648 -2147483648 -2147483648 -2147483648 -2147483648 -2147483648 -2147483648 -2147483648 -2147483648 -2147483648 -2147483648 -2147483648 -2147483648 -2147483648 -2147483648 -2147483648 -2147483648 -2147483648 -2147483648 -2147483648
split_feature= 1 1 6 1 6 6 7 2 1 7 8 7 8 8 7 8 6 1 6 2 7 7 8 8 6 6 1 1 8 2 1 8 2 1 1 2 7 2 7 4 6 5 7 2 8 1 8 7 7 3 8 1 8 7 7 8 8 5 6 2 7 5 4 7 8 7 8 4 5 7 8 7 8 8 7 6 2 8 8 6 8 8
split_gain= 3719.31 1044.09 583.415 539.148 198.093 185.713 140.986 140.209 125.179 112.626 110.542 81.5006 75.7121 73.2303 81.4012 72.8256 71.4622 66.8004 66.4523 62.0962 57.1779 51.5596 64.7488 50.122 40.4335 38.995 37.8432 37.555 37.4352 30.5858 28.316 22.5207 21.4593 17.9533 17.4964 16.069 13.5081 13.4325 12.8168 12.5694 11.5273 10.5886 10.34 9.60933 8.94784 8.60267 8.48595 8.34571 8.20738 8.18472 7.84993 6.80324 5.60305 5.56346 5.37607 4.90555 4.8137 4.66512 9.38523 4.8532 3.8661 3.80807 3.68409 3.03684 2.93498 2.37806 1.8279 1.75311 1.48656 1.44912 1.33928 1.06611 1.04994 0.962246 0.883832 0.712848 0.704259 0.512727 0.400297 0.352688 0.171426 0.121961
threshold= 5.2771000000000017 3.1913000000000005 2.3722374117110965 7.3930000000000016 2.2352443515477258 2.7472725830126556 34.455000000000005 19.500000000000004 4.5301500000000017 37.815000000000005 -117.77499999999999 37.935000000000009 -122.38499999999998 -121.63499999999998 37.915000000000006 -122.31499999999998 2.0231950334409352 6.2770500000000009 3.4287187039764357 21.500000000000004 38.735000000000007 37.945000000000007 -117.79499999999999 -117.145 2.8335312747426764 2.2038024706228287 8.7395500000000013 3.8769000000000005 -122.33499999999999 28.500000000000004 3.8769000000000005 -118.395 27.500000000000004 6.3350000000000009 2.2210000000000005 21.500000000000004 37.995000000000012 26.500000000000004 37.955000000000005 1.0373307138179437 3.1424162072895592 70.000000000000014 38.675000000000004 18.500000000000004 -117.675 4.3163000000000009 -122.425 38.015000000000008 34.045000000000009 3.193182511128728 -120.09499999999998 2.4525000000000001 -117.71499999999999 37.615000000000002 37.805000000000007 -117.87499999999999 -117.30499999999999 565.50000000000011 2.254419630548663 12.500000000000002 39.505000000000003 534.50000000000011 1.0646557958336251 37.955000000000005 -122.19499999999998 33.955000000000005 -116.22499999999998 1.0417933552053971 107.50000000000001 37.805000000000007 -122.21499999999999 38.605000000000011 -117.96499999999999 -121.98499999999999 33.875000000000007 3.3334890965732087 49.500000000000007 -121.46499999999999 -121.22499999999998 2.993309165771572 -117.73499999999999 -116.53499999999998
decision_type= 2 2 2 2 2 2 2 2 2 2 2 2 2 2 2 2 2 2 2 2 2 2 2 2 2 2 2 2 2 2 2 2 2 2 2 2 2 2 2 2 2 2 2 2 2 2 2 2 2 2 2 2 2 2 2 2 2 2 2 2 2 2 2 2 2 2 2 2 2 2 2 2 2 2 2 2 2 2 2 2 2 2
left_child=1 4 7 5 11 19 10 45 12 16 18 15 20 14 28 49 30 38 31 57 47 22 -14 32 35 54 29 -18 -8 52 -9 -6 -17 55 68 -10 46 -19 40 -37 62 -28 -16 77 -45 56 -11 -4 -20 -1 -36 81 67 -35 -21 -27 63 -2 59 -59 73 -47 -7 -3 -60 -39 -25 79 -15 -31 -40 -38 -63 -13 -53 -43 -51 -26 -23 -5 -42 -12
right_child=3 2 8 26 6 17 13 9 24 36 51 60 21 34 42 23 27 37 48 25 -22 78 -24 66 43 33 41 -29 -30 69 -32 -33 -34 53 50 39 71 65 70 -41 80 75 -44 44 -46 61 -48 -49 -50 76 -52 74 -54 -55 -56 -57 -58 58 64 -61 -62 72 -64 -65 -66 -67 -68 -69 -70 -71 -72 -73 -74 -75 -76 -77 -78 -79 -80 -81 -82 -83
leaf_value= 0.039525123340461182 0.026224683621979279 0.018597731798897489 0.06528980794026723 0.14473591559175134 0.03480495443362875 0.046114809771754001 0.040330453792526186 0.10410633333816136 0.0075659153447883336 0.10559927317435328 -0.076553435144679882 -0.031380019164576368 -0.010423485097883406 -0.018375269807875155 -0.055452342637348918 -0.014442523704010196 0.040183524987817736 0.073761939508441302 -0.052667628520769984 0.19824405382828494 -0.07475101637596987 -0.060254619130430356 -0.047731763015189804 -0.052943342545857801 0.0071448100889783088 0.10676592719421024 0.084605388964215919 0.09804799753168586 -0.035404423280504187 0.1964337727534311 0.16534062370930502 -0.013800221163705795 0.023629274469811876 0.16035242514176803 -0.067682830024907589 0.03180004892433632 -0.01103235199539499 0.068348656398140722 0.02992405030086185 0.073862994610167598 0.030091878655132992 0.20566192015768991 -0.089689051379951146 0.015490427108499419 -0.04358166639100422 -0.017363716425218931 0.016881653477608321 0.018185669771628454 -0.0277057072631153 0.085763516028722134 -0.091203990065635787 -0.047067665059804385 0.090160193729561647 0.10421302976167722 0.1021662203165201 0.046104927272535866 -0.040067501985826176 0.074797187838703399 0.15003960102796554 0.16257775343697647 -0.094823805881398063 0.070405073693165413 0.083707446227722526 -0.026376500993515125 0.05656985393877513 0.14137110778533701 -0.11796066008116071 0.16353136708781327 -0.10059962771585883 0.14297155535646849 -0.024683033739431547 -0.074862755835056305 0.02222736701765593 -0.062794437281015081 -0.072483866262164992 0.16392057694886861 0.16935455778549457 -0.023229716327154572 -0.036209361282301934 0.10328828977450494 1.3239157537149417e-05 -0.10396613376431688
leaf_weight=17 46 182 167 69 141 307 92 196 176 23 420 103 2224 9.9999999999999982 200 350 233 350 709 95 49 402 649 130 82 320 11.999999999999998 282 385 136 164 695 387 132 610 245 66 18 33 170 299 315 390 514 44 24 71 96 308 11.999999999999998 384 223 59 46 12.999999999999998 30 52 24 9.9999999999999982 29 56 65 79 53 153 67 19 73 769 28 65 20 47 164 165 38 29 252 127 63 74 86
leaf_count=17 46 182 167 69 141 307 92 196 176 23 420 103 2224 10 200 350 233 350 709 95 49 402 649 130 82 320 12 282 385 136 164 695 387 132 610 245 66 18 33 170 299 315 390 514 44 24 71 96 308 12 384 223 59 46 13 30 52 24 10 29 56 65 79 53 153 67 19 73 769 28 65 20 47 164 165 38 29 252 127 63 74 86
model_size=9216
internal_value=0 -0.0223009 0.00591822 0.101143 -0.0497831 0.0754394 -0.057983 0.0615985 -0.00991697 0.081455 -0.0415391 -0.0136247 -0.0199231 -0.0738885 -0.0524738 0.00167175 0.0966091 0.0508286 -0.0272846 0.110848 0.0288026 -0.0243917 -0.0188513 -0.00568199 0.0151421 0.128412 0.172128 0.0718685 -0.0207973 0.150629 0.132002 -0.00560246 0.00554904 0.116493 -0.0867759 0.0366824 0.00778884 0.0839513 0.034016 0.0490307 0.0392208 0.197336 -0.0780834 0.000870484 0.0108324 0.0120747 0.0385892 0.0480959 -0.0451079 0.114006 -0.0767695 -0.0710844 0.127845 0.145844 0.186679 0.101566 -0.000336855 0.068213 0.077155 0.122828 -0.0583299 0.0382668 0.0538086 0.00845461 0.0623042 0.125908 -0.0612341 0.138691 -0.0995441 0.187306 -0.00629493 -0.0258766 0.0501876 -0.0506758 -0.0578761 0.201169 0.144889 -0.0157725 -0.0544819 0.124954 0.0241245 -0.0812125
internal_weight=0 13529 6675 2983 6854 2190 5587 1478 5197 1055 2747 1267 3714 2840 1067 944 875 1292 1853 898 312 3402 2873 886 1483 636 793 515 477 428 360 836 737 528 1773 591 180 435 857 415 759 365 590 892 558 423 94 263 1017 58 994 894 264 178 108 350 287 262 216 53 323 136 386 235 163 85 149 205 779 164 98 86 112 267 388 353 41 334 529 132 373 506
internal_count=16512 13529 6675 2983 6854 2190 5587 1478 5197 1055 2747 1267 3714 2840 1067 944 875 1292 1853 898 312 3402 2873 886 1483 636 793 515 477 428 360 836 737 528 1773 591 180 435 857 415 759 365 590 892 558 423 94 263 1017 58 994 894 264 178 108 350 287 262 216 53 323 136 386 235 163 85 149 205 779 164 98 86 112 267 388 353 41 334 529 132 373 506
is_linear=0
shrinkage=0.1


Tree=4
num_leaves= 79
num_cat= 0
full_tree_array_lgbids= 0 1 2 5 3 4 11 18 13 6 8 15 12 25 38 26 44 43 21 7 33 16 14 47 24 29 22 -4 68 42 52 27 -28 51 -46 75 48 32 30 28 9 49 -35 31 23 19 34 -2 61 -17 35 50 69 55 66 -2147483648 -2147483648 -27 -70 62 -44 -40 -54 41 71 -2147483648 -2147483648 -20 57 -2147483648 -2147483648 76 -77 60 64 -15 63 65 72 74 39 10 17 -8 -51 -2147483648 -2147483648 40 59 36 53 20 45 46 37 -2147483648 -2147483648 -49 -63 -2147483648 -2147483648 56 58 54 73 -31 -71 -14 77 -24 67 -2147483648 -2147483648 -2147483648 -2147483648 -2147483648 -2147483648 -2147483648 -2147483648 -13 70 -2147483648 -2147483648 -2147483648 -2147483648 -2147483648 -2147483648 -1 -43 -29 -73 -2147483648 -2147483648 -2147483648 -2147483648 -2147483648 -2147483648 -53 -59 -2147483648 -2147483648 -2147483648 -2147483648 -7 -78 -2147483648 -2147483648 -45 -62 -50 -66 -2147483648 -2147483648 -34 -65 -23 -67 -32 -74 -3 -76 -30 -41 -9 -12 -11 -19 -2147483648 -2147483648 -2147483648 -2147483648 -2147483648 -2147483648 -2147483648 -2147483648 -5 -42 -33 -61 -18 -38 -25 -55 -10 -22 -21 -47 -16 -48 -36 -39 -2147483648 -2147483648 -2147483648 -2147483648 -2147483648 -2147483648 -2147483648 -2147483648 -2147483648 -2147483648 -2147483648 -2147483648 -26 -58 -37 -60 -6 -56 -52 -75 -2147483648 -2147483648 -2147483648 -2147483648 -2147483648 -2147483648 -57 -79 -2147483648 -2147483648 -68 -69 -2147483648 -2147483648 -2147483648 -2147483648 -2147483648 -2147483648 -2147483648 -2147483648 -2147483648 -2147483648 -2147483648 -2147483648 -2147483648 -2147483648 -2147483648 -2147483648 -2147483648 -2147483648 -64 -72 -2147483648 -2147483648 -2147483648 -2147483648 -2147483648 -2147483648 -2147483648 -2147483648 -2147483648 -2147483648 -2147483648 -2147483648
split_feature= 1 1 1 6 6 3 7 8 1 8 7 1 1 1 6 2 3 7 6 7 8 3 2 2 6 2 7 8 7 6 6 6 8 8 8 1 7 7 8 2 7 6 7 6 8 8 7 1 7 7 7 3 1 8 8 1 7 7 7 8 8 7 5 4 5 7 8 5 7 2 2 8 7 8 7 8 7 6
split_gain= 3015.49 755.404 552.472 473.231 194.104 144.501 135.558 124.329 116.749 68.4837 120.133 64.0835 60.4842 56.5744 48.4745 42.1653 39.9126 39.2432 38.4638 31.6274 38.2669 27.9815 27.6249 27.403 27.1647 25.6151 24.1132 25.176 22.5459 17.7081 16.9884 15.4148 14.9226 14.4152 14.3247 13.6269 13.2318 12.2782 11.4237 11.3509 10.3964 10.3542 10.0106 9.44271 8.87007 8.62527 7.70444 7.48573 7.14384 7.02685 6.71019 5.83021 4.81216 4.78357 4.61679 4.57446 3.93896 3.72002 3.66605 3.61543 3.00422 2.89909 2.88645 2.74431 2.57269 2.22581 2.21858 3.587 1.93605 1.8275 1.34461 1.22285 0.497371 0.467413 0.307214 0.157102 2.20681 0.000822267
threshold= 5.0387000000000013 2.7820000000000005 6.8672000000000013 2.4136952392348086 2.5763869593405579 3.8792159595040387 37.935000000000009 -122.33499999999999 3.8346500000000003 -117.98499999999999 34.155000000000008 7.852450000000001 5.8308000000000009 2.2210000000000005 3.016322398451238 21.500000000000004 4.8809487864875196 33.695000000000007 2.8941056667066012 37.875000000000007 -122.21499999999999 4.3645181386446135 32.500000000000007 44.500000000000007 2.0653737590585881 26.500000000000004 37.935000000000009 -118.21499999999999 37.765000000000008 3.0298305221858191 2.3336834733893559 3.2651338971106418 -122.41499999999998 -122.35499999999998 -121.48499999999999 5.5682000000000009 34.415000000000006 34.525000000000013 -118.00499999999998 47.500000000000007 37.915000000000006 1.6125326273398461 38.035000000000004 2.2038024706228287 -117.79499999999999 -122.26499999999999 37.915000000000006 5.6402500000000009 34.105000000000011 38.005000000000003 37.925000000000004 3.0522493994321906 10.027200000000002 -122.40499999999999 -118.22499999999998 6.3350000000000009 37.935000000000009 34.595000000000006 37.615000000000002 -122.24499999999999 -118.31499999999998 37.955000000000005 70.000000000000014 1.2013358495051858 252.50000000000003 33.195000000000007 -122.31499999999998 504.50000000000006 37.645000000000003 15.500000000000002 21.500000000000004 -117.13499999999998 39.285000000000004 -122.19499999999998 37.595000000000006 -117.01499999999999 38.895000000000003 3.1424162072895592
decision_type= 2 2 2 2 2 2 2 2 2 2 2 2 2 2 2 2 2 2 2 2 2 2 2 2 2 2 2 2 2 2 2 2 2 2 2 2 2 2 2 2 2 2 2 2 2 2 2 2 2 2 2 2 2 2 2 2 2 2 2 2 2 2 2 2 2 2 2 2 2 2 2 2 2 2 2 2 2 2
left_child=1 5 4 6 15 18 7 28 16 10 -9 25 29 43 19 47 31 -11 26 20 -10 32 55 36 -17 -4 27 41 74 50 65 40 -15 49 46 56 -18 -36 42 -30 -5 -1 62 75 51 -21 -16 -2 60 -8 54 -20 -40 -25 -6 -14 -26 -53 -37 -33 -45 -49 -13 -34 -50 -23 -24 -68 -27 -31 -64 -29 -32 -52 -3 76 -7 -57
right_child=2 3 11 8 12 13 33 9 14 17 -12 38 22 21 34 24 23 -19 44 45 -22 30 66 53 35 68 -28 71 39 69 72 59 63 -35 37 58 -38 -39 52 -41 -42 -43 -44 48 -46 -47 -48 61 64 -51 73 57 -54 -55 -56 77 -58 -59 -60 -61 -62 -63 70 -65 -66 -67 67 -69 -70 -71 -72 -73 -74 -75 -76 -77 -78 -79
leaf_value= 0.093828237814207877 0.03756476684896784 0.1527222161491712 0.09080360377740343 -0.00036044034066236378 0.057574145854311067 -0.037011031718568857 0.081059897917768242 0.09436473925720508 0.083283428772531379 0.028269338996736268 0.025808270405646368 0.088053377920931042 0.039018199404629542 0.112130567566915 0.020770098940274508 0.17532529030428379 -0.031686486012687157 -0.040639210825400618 -0.012851782334888335 0.012616969117758951 0.013310951473006602 0.021134308718696791 0.18272085736195248 0.045532761691581637 0.089114354450973765 0.15841263207469802 -0.06662684395620877 -0.016233880890498834 0.096416913640910193 -0.013898274452606245 -0.060957504736113416 0.029213085778057576 -0.030563307715787403 -0.039794330928616298 -0.016783827470951185 0.13924494803451545 -0.053659538741533119 -0.049779619476886111 0.11553964846114601 0.18743696116007769 -0.05474893545396016 0.016138933622511883 0.054972409084439282 -0.016145166831419751 -0.077364017295661155 -0.034464444035101079 -0.030234768874432945 0.09812005052164674 -0.047647616365238239 -0.0048644271002834831 0.039242419314437678 -0.035502358195181737 0.17354321796066907 -0.013172610795609361 0.026158416750192759 0.078386228907113095 0.00079189291489975804 -0.068885807917864472 0.091113967474615365 -0.03473740175638184 -0.069866490021563518 0.0058733423162872595 0.15903346517086031 0.060514623197642239 -0.087852713047219907 -0.037283984233545196 0.031118906103074551 0.10669120839476341 0.10663051649163931 0.01432594351372856 0.18807727571906924 -0.061370634150748352 -0.085372527766227724 -0.021327157888342354 0.073939619340455606 -0.093497815898486547 -0.080155721471690755 0.047073431007282916
leaf_weight=30 110 11.999999999999998 263 658 250 178 23 456 99 279 653 10.999999999999998 349 10.999999999999998 196 86 648 145 186 96 1066 27 11.999999999999998 42 166 129 67 135 29 134 978 25 382 217 754 164 1047 218 97 77 61 299 10.999999999999998 34 93 215 73 94 57 79 28 443 49 127 194 156 13.999999999999998 111 57 495 484 11.999999999999998 125 10.999999999999998 1044 256 20 122 39 387 316 49 125 51 74 35 61 106
leaf_count=30 110 12 263 658 250 178 23 456 99 279 653 11 349 11 196 86 648 145 186 96 1066 27 12 42 166 129 67 135 29 134 978 25 382 217 754 164 1047 218 97 77 61 299 11 34 93 215 73 94 57 79 28 443 49 127 194 156 14 111 57 495 484 12 125 11 1044 256 20 122 39 387 316 49 125 51 74 35 61 106
model_size=8768
internal_value=0 -0.0223948 0.0817107 -0.00288256 0.0561965 -0.0525055 0.0387746 0.0500931 -0.0175127 0.0403637 0.0539974 0.143338 0.0386003 -0.0631514 -0.00199016 0.101476 -0.0311042 0.00470392 -0.0247569 0.0109999 0.0192571 -0.049742 0.0610023 -0.0410273 0.118915 0.112471 -0.0034868 0.00475956 0.127776 0.022185 -0.0571876 -0.0161756 -0.0241982 -0.0224304 -0.0174401 0.106817 -0.0452592 -0.0241841 0.165182 0.162535 -0.00497476 0.0232231 0.174697 -0.0758311 -0.0395668 -0.0199313 0.00692863 0.0621569 -0.0795543 0.0145107 0.0372455 -0.0348166 0.135007 0.00141689 0.0438475 0.0504671 0.0822448 -0.0421911 0.126831 -0.0316629 -0.0663404 0.087677 0.177611 -0.0280141 -0.0857713 -0.0317105 0.102801 0.0960472 0.146392 0.00706674 0.179845 -0.028254 -0.0637244 0.00014054 0.0849325 -0.0538317 -0.0480229 0.0657177
internal_weight=0 12960 3552 7864 2512 5096 2044 1725 5820 1533 1109 1040 1809 3683 2717 703 3103 424 1413 1476 1165 1790 765 1864 487 431 580 513 192 1044 1386 1239 404 319 1241 401 1695 972 609 106 719 329 463 1893 833 311 269 216 1619 102 523 740 146 169 444 611 180 554 221 520 518 106 452 393 1101 283 154 142 168 521 441 184 1103 79 86 274 239 262
internal_count=16512 12960 3552 7864 2512 5096 2044 1725 5820 1533 1109 1040 1809 3683 2717 703 3103 424 1413 1476 1165 1790 765 1864 487 431 580 513 192 1044 1386 1239 404 319 1241 401 1695 972 609 106 719 329 463 1893 833 311 269 216 1619 102 523 740 146 169 444 611 180 554 221 520 518 106 452 393 1101 283 154 142 168 521 441 184 1103 79 86 274 239 262
is_linear=0
shrinkage=0.1


Tree=5
num_leaves= 66
num_cat= 0
full_tree_array_lgbids= 0 2 1 5 3 4 6 21 14 7 8 12 18 15 31 25 54 -7 20 40 11 9 22 38 13 27 35 49 57 34 50 26 -27 63 -56 -2147483648 -2147483648 43 29 -4 41 17 45 10 36 23 47 -2 48 46 28 -6 30 60 -37 53 -51 -17 -59 -8 -36 -33 -52 39 59 -2147483648 -2147483648 -23 64 -2147483648 -2147483648 -2147483648 -2147483648 -2147483648 -2147483648 44 -45 -22 52 -2147483648 -2147483648 -42 56 42 19 -13 -47 51 16 37 -38 24 -25 62 -49 -2147483648 -2147483648 -40 58 -14 -48 32 55 -2147483648 -2147483648 33 -32 61 -62 -2147483648 -2147483648 -3 -55 -2147483648 -2147483648 -2147483648 -2147483648 -2147483648 -2147483648 -2147483648 -2147483648 -2147483648 -2147483648 -2147483648 -2147483648 -2147483648 -2147483648 -1 -41 -28 -61 -2147483648 -2147483648 -2147483648 -2147483648 -2147483648 -2147483648 -65 -66 -2147483648 -2147483648 -2147483648 -2147483648 -2147483648 -2147483648 -2147483648 -2147483648 -2147483648 -2147483648 -2147483648 -2147483648 -16 -46 -2147483648 -2147483648 -2147483648 -2147483648 -31 -54 -2147483648 -2147483648 -2147483648 -2147483648 -2147483648 -2147483648 -43 -58 -9 -44 -19 -21 -2147483648 -2147483648 -2147483648 -2147483648 -5 -53 -12 -18 -11 -39 -2147483648 -2147483648 -10 -26 -2147483648 -2147483648 -24 -64 -2147483648 -2147483648 -2147483648 -2147483648 -2147483648 -2147483648 -2147483648 -2147483648 -50 -60 -2147483648 -2147483648 -2147483648 -2147483648 -15 -34 -30 -57 -2147483648 -2147483648 -2147483648 -2147483648 -29 -35 -2147483648 -2147483648 -20 -63 -2147483648 -2147483648 -2147483648 -2147483648 -2147483648 -2147483648 -2147483648 -2147483648 -2147483648 -2147483648 -2147483648 -2147483648 -2147483648 -2147483648 -2147483648 -2147483648 -2147483648 -2147483648 -2147483648 -2147483648 -2147483648 -2147483648 -2147483648 -2147483648 -2147483648 -2147483648 -2147483648 -2147483648 -2147483648 -2147483648 -2147483648 -2147483648 -2147483648 -2147483648 -2147483648 -2147483648 -2147483648 -2147483648
split_feature= 1 1 1 6 6 3 1 2 6 7 8 7 2 6 1 2 7 8 1 1 6 6 8 7 8 7 8 2 7 3 8 2 8 7 1 2 7 8 5 6 1 2 7 7 2 8 4 7 4 6 5 8 1 4 8 8 5 6 2 8 6 4 7 3 1
split_gain= 2455.51 647.569 453.985 349.678 199.485 115.062 96.556 89.7473 68.7914 60.1971 69.5189 60.0989 54.9462 54.8199 46.3461 41.8828 41.2789 40.6527 37.7118 32.8292 30.8622 29.8926 28.8884 26.5083 29.7735 18.6032 25.8043 15.7155 15.6614 15.375 15.1721 13.7084 9.41187 8.64929 8.42162 7.55222 7.45585 14.1036 7.24867 7.21859 7.08776 9.76937 6.91692 6.63917 11.2106 5.94274 5.81486 5.30687 5.30371 4.24927 4.23497 3.9049 3.07301 3.03702 2.32903 1.90019 1.89032 1.79911 1.7485 1.26101 1.24006 0.982133 0.698693 0.256848 0.645404
threshold= 4.5301500000000017 6.3963500000000009 2.7820000000000005 2.2634687595142249 2.689174240612294 3.8792159595040387 7.7055000000000016 24.500000000000004 2.8079590171801518 37.945000000000007 -122.21499999999999 37.815000000000005 21.500000000000004 2.1628386478062818 1.9486000000000003 26.500000000000004 34.525000000000013 -122.40499999999999 5.6042500000000013 3.4883000000000002 2.2906328481453726 3.0973600929976173 -117.79499999999999 37.875000000000007 -121.28499999999998 37.935000000000009 -118.21499999999999 16.500000000000004 38.005000000000003 4.3645181386446135 -117.65499999999999 18.500000000000004 -117.175 37.915000000000006 8.7395500000000013 36.500000000000007 39.355000000000011 -122.27499999999999 544.50000000000011 2.0231950334409352 3.5330000000000008 15.500000000000002 37.765000000000008 37.945000000000007 26.500000000000004 -122.04499999999999 1.0181992504140156 33.655000000000008 1.0919636335678318 2.6585924622132828 139.50000000000003 -122.43499999999999 2.5205000000000006 0.97061363405465817 -117.79499999999999 -122.24499999999999 494.50000000000006 2.2820667453403218 6.5000000000000009 -117.13499999999998 3.1424162072895592 1.0167919415867082 32.895000000000003 3.0522493994321906 1.7507000000000001
decision_type= 2 2 2 2 2 2 2 2 2 2 2 2 2 2 2 2 2 2 2 2 2 2 2 2 2 2 2 2 2 2 2 2 2 2 2 2 2 2 2 2 2 2 2 2 2 2 2 2 2 2 2 2 2 2 2 2 2 2 2 2 2 2 2 2 2
left_child=2 4 5 7 12 21 15 40 9 10 51 17 38 46 -7 49 -12 42 27 -19 43 25 23 24 -10 26 39 -6 32 -22 33 34 -15 -29 -8 60 37 -11 -2 -1 -4 -42 -9 44 -16 -13 -14 62 -40 53 -33 -5 -31 -3 63 -30 -43 -17 -50 -28 61 -20 -24 -23 -65
right_child=1 6 3 8 18 14 31 11 22 36 16 45 13 28 20 57 -18 19 35 -21 29 54 47 -25 -26 -27 59 30 55 52 -32 50 -34 -35 -36 -37 -38 -39 48 -41 41 56 -44 -45 -46 -47 -48 -49 58 -51 -52 -53 -54 -55 -56 -57 -58 -59 -60 -61 -62 -63 -64 64 -66
leaf_value= 0.046893061266723095 -0.0072660549462492041 0.023134788856483426 -0.012520067330671059 0.1004756093133187 -0.011189234159300449 -0.07446736185900589 0.094090236655069048 0.084314781581533382 0.0085028353575298289 0.0055177614799347416 0.010785978016920788 0.022569019258277888 0.094672036621098729 0.077953569600508824 -0.034560489220291202 0.16470424064124625 -0.026291887958947591 0.038781076240104059 0.029894941201012944 0.092672340202085313 -0.035486929987432789 -0.015626835220239381 -0.048454563547737708 -0.049207648616703452 -0.024993589907973512 -0.061816565351377077 -0.01623512092204828 0.025328583838147879 0.061928740376606589 -0.066779170494701251 -0.028966977908228986 0.072956287863974775 -0.031325058213302066 -0.014713160224597564 0.14866005170102023 0.095657022557286336 -0.068717857143006378 -0.039466454732158603 0.030437431920802706 0.0057589304747553208 -0.0081653265018338493 -0.033262251890622652 0.16734040670669997 -0.046551505247443226 0.012858492987110249 -0.040628090573876514 0.15549381627770498 -0.06401510769387056 0.028499110640190978 0.064106490158828341 0.1607234949270995 0.048251570875804013 -0.050253816430349353 0.11850628624223683 -0.072100021413394388 -0.030651128300112386 0.053575633208984966 0.11679033409201259 0.089051977939307109 -0.05822780431412599 0.022871683938360782 0.061348582369220611 -0.012595402346988456 -0.062191448741892391 -0.033088237770734295
leaf_weight=125 63 12.999999999999998 231 69 432 1169 109 29 409 145 1046 87 48 620 169 45 527 284 155 264 464 165 156 422 1634 71 147 840 15.999999999999998 960 99 14.999999999999998 13.999999999999998 110 98 43 97 369 216 253 104 12.999999999999998 65 173 155 51 121 326 34 370 448 93 593 73 70 29 122 241 80 68 274 170 97 118 396
leaf_count=125 63 13 231 69 432 1169 109 29 409 145 1046 87 48 620 169 45 527 284 155 264 464 165 156 422 1634 71 147 840 16 960 99 15 14 110 98 43 97 369 216 253 104 13 65 173 155 51 121 326 34 370 448 93 593 73 70 29 122 241 80 68 274 170 97 118 396
model_size=7312
internal_value=0 0.0605349 -0.0246349 -0.00727465 0.0365525 -0.0472549 0.117672 0.0408444 -0.018434 -0.00493698 0.00509886 0.062427 0.0689472 0.0841435 -0.0568362 0.0919532 -0.00163617 0.0760149 0.0176162 0.0647433 -0.0486378 -0.0222812 -0.0288361 -0.0235811 -0.0182877 -0.00514516 0.00164012 0.00807298 0.0706843 -0.0547221 0.0160056 0.146154 0.0755405 0.0206922 0.119925 0.0396309 -0.0334348 -0.0267764 0.0361574 0.0193615 0.00502657 0.0219859 0.141726 -0.0239458 -0.0118755 -0.000786434 0.138219 -0.0512083 0.0444473 0.0716472 0.15788 0.0704951 -0.0604691 0.10409 -0.0374726 0.00226616 0.0452135 0.124329 0.0709924 -0.0295165 0.035609 0.0463476 -0.0347062 -0.0339027 -0.0397695
internal_weight=0 4776 11736 6640 3364 5096 1412 1250 5390 2346 1735 780 1241 848 3683 742 1573 642 2123 548 2514 1413 3044 2465 2043 664 593 1481 679 2017 1049 670 634 950 207 642 611 514 393 378 470 239 94 497 324 138 169 579 330 456 463 162 1553 86 749 45 135 286 114 215 599 325 253 679 514
internal_count=16512 4776 11736 6640 3364 5096 1412 1250 5390 2346 1735 780 1241 848 3683 742 1573 642 2123 548 2514 1413 3044 2465 2043 664 593 1481 679 2017 1049 670 634 950 207 642 611 514 393 378 470 239 94 497 324 138 169 579 330 456 463 162 1553 86 749 45 135 286 114 215 599 325 253 679 514
is_linear=0
shrinkage=0.1


Tree=6
num_leaves= 60
num_cat= 0
full_tree_array_lgbids= 0 1 3 4 2 5 26 12 6 9 14 23 25 32 55 34 24 7 8 -3 11 21 15 -2 29 53 46 -5 -34 -28 -57 35 -36 -14 27 13 50 10 30 -2147483648 -2147483648 38 20 40 39 16 18 -2147483648 -2147483648 54 42 58 -55 -27 -48 -2147483648 -2147483648 -2147483648 -2147483648 -2147483648 -2147483648 -2147483648 -2147483648 43 -37 -2147483648 -2147483648 -2147483648 -2147483648 52 28 31 48 51 -52 19 -12 33 57 -2147483648 -2147483648 -2147483648 -2147483648 44 -40 37 56 49 41 45 -41 17 36 22 -20 -2147483648 -2147483648 -2147483648 -2147483648 -25 -56 47 -44 -7 -60 -2147483648 -2147483648 -2147483648 -2147483648 -2147483648 -2147483648 -2147483648 -2147483648 -2147483648 -2147483648 -2147483648 -2147483648 -2147483648 -2147483648 -2147483648 -2147483648 -2147483648 -2147483648 -2147483648 -2147483648 -2147483648 -2147483648 -1 -45 -2147483648 -2147483648 -2147483648 -2147483648 -2147483648 -2147483648 -2147483648 -2147483648 -2147483648 -2147483648 -26 -54 -29 -30 -6 -33 -15 -50 -9 -53 -2147483648 -2147483648 -8 -21 -2147483648 -2147483648 -10 -35 -32 -59 -2147483648 -2147483648 -2147483648 -2147483648 -2147483648 -2147483648 -2147483648 -2147483648 -11 -46 -2147483648 -2147483648 -13 -39 -22 -58 -4 -51 -42 -43 -23 -47 -2147483648 -2147483648 -16 -19 -18 -38 -17 -24 -2147483648 -2147483648 -2147483648 -2147483648 -2147483648 -2147483648 -2147483648 -2147483648 -2147483648 -2147483648 -2147483648 -2147483648 -2147483648 -2147483648 -31 -49 -2147483648 -2147483648 -2147483648 -2147483648 -2147483648 -2147483648 -2147483648 -2147483648 -2147483648 -2147483648 -2147483648 -2147483648 -2147483648 -2147483648 -2147483648 -2147483648 -2147483648 -2147483648 -2147483648 -2147483648 -2147483648 -2147483648 -2147483648 -2147483648 -2147483648 -2147483648 -2147483648 -2147483648 -2147483648 -2147483648 -2147483648 -2147483648 -2147483648 -2147483648 -2147483648 -2147483648 -2147483648 -2147483648 -2147483648 -2147483648 -2147483648 -2147483648 -2147483648 -2147483648 -2147483648 -2147483648 -2147483648 -2147483648 -2147483648 -2147483648
split_feature= 1 1 6 1 6 6 7 8 8 2 7 6 1 6 8 7 8 6 8 8 7 7 7 2 2 1 1 8 7 6 8 8 2 7 7 8 7 8 7 7 8 7 8 8 2 8 2 7 2 6 8 7 2 7 7 5 8 7 2
split_gain= 1999.31 579.708 293.501 279.707 154.846 102.998 79.7693 88.5086 79.57 78.4497 72.7302 67.0254 57.7345 50.1513 47.9835 72.682 71.169 52.3486 48.7392 34.275 32.4582 32.2955 31.7552 29.3761 27.2251 23.3919 22.9079 20.9722 20.8954 18.7976 18.1049 15.163 13.0821 12.3337 10.9618 14.3615 10.8624 10.1173 9.23485 9.0329 8.73181 17.9114 7.70353 7.4991 6.5115 6.42001 5.91595 4.92121 3.7953 3.68127 2.95679 6.39187 2.72173 2.239 1.73912 1.69428 0.332788 0.307257 0.129358
threshold= 5.2771000000000017 3.4883000000000002 2.4469862317432325 7.2638000000000007 2.2352443515477258 2.7472725830126556 34.455000000000005 -117.77499999999999 -121.63499999999998 19.500000000000004 38.675000000000004 2.0509070328557395 2.5510500000000005 3.442186331338819 -121.87499999999999 34.525000000000013 -117.60499999999998 3.1889709475970682 -119.94499999999998 -122.38499999999998 37.925000000000004 37.915000000000006 37.275000000000013 16.500000000000004 21.500000000000004 6.1273500000000007 8.7395500000000013 -122.35499999999998 34.455000000000005 2.2038024706228287 -120.09499999999998 -118.35499999999998 28.500000000000004 35.955000000000005 37.945000000000007 -117.145 33.655000000000008 -122.31499999999998 37.815000000000005 38.895000000000003 -122.21499999999999 37.415000000000006 -117.16499999999998 -122.38499999999998 28.500000000000004 -122.38499999999998 28.500000000000004 38.025000000000013 29.500000000000004 2.6585924622132828 -116.53499999999998 33.905000000000008 49.500000000000007 37.815000000000005 37.805000000000007 70.000000000000014 -122.35499999999998 37.235000000000007 47.500000000000007
decision_type= 2 2 2 2 2 2 2 2 2 2 2 2 2 2 2 2 2 2 2 2 2 2 2 2 2 2 2 2 2 2 2 2 2 2 2 2 2 2 2 2 2 2 2 2 2 2 2 2 2 2 2 2 2 2 2 2 2 2 2
left_child=1 4 9 5 12 23 7 13 10 -3 19 38 34 31 21 16 17 -16 22 -8 37 40 -17 -2 -14 53 32 52 -29 54 33 -6 -5 -10 35 43 -18 -13 44 45 49 -42 47 -1 -11 -23 -27 -31 -15 -4 51 -9 -26 58 -25 -28 -22 -32 -7
right_child=3 2 14 26 6 25 8 50 30 11 -12 20 24 48 15 18 36 -19 -20 -21 56 39 -24 29 27 46 55 28 -30 42 57 -33 -34 -35 -36 -37 -38 -39 -40 -41 41 -43 -44 -45 -46 -47 -48 -49 -50 -51 -52 -53 -54 -55 -56 -57 -58 -59 -60
leaf_value= 0.083886665301887611 0.040015695181209593 0.0091778282921421775 0.099410318463797803 0.091063314345619775 0.027657338821761409 0.025834705276778211 0.026359101315924467 -0.03861910682561575 -0.014366529156729854 0.076899176129423416 -0.067095620966997116 0.1032643992613469 -0.016579016915340167 -0.013652909391197272 0.025458347027203728 0.019438047388261607 -0.017177131173518226 -0.013745285672429636 -0.078446259098006538 -0.026169258757080472 0.030539167099274123 0.026554929399820931 -0.034901636983819408 0.14389078657735477 0.043484316203743219 0.046792275244154836 0.058345411966244376 0.042347342115052186 -0.0071517073240595632 0.088971667178582181 -0.080878640967509546 -0.0078099895325473533 0.133657971401136 -0.0595731711371724 -0.049027659189094297 -0.054170023472210685 -0.052639494512198237 0.04952500267789306 0.029862518472083172 -0.065421610674325462 0.051885066761464753 -0.0047173298087411402 -0.013656340574380012 -0.0077620298532223679 0.12397197992496548 -0.019458913560276458 0.088719156866795143 0.017689466261519834 -0.037943983395347644 0.0434304073548821 -0.079821679415526217 -0.063693364384799764 0.12641234265542345 -0.0061476477455162416 0.061911271238932392 0.14806869790042426 -0.024148558013673341 -0.042196428749644965 0.1150301593914628
leaf_weight=19 170 406 46 307 232 635 195 500 108 92 434 70 226 248 1020 176 361 632 231 684 39 111 551 110 25 411 11.999999999999998 281 199 537 791 824 182 1033 229 109 248 504 29 47 141 184 15.999999999999998 362 210 166 95 26 876 170 135 406 38 103 15.999999999999998 353 84 57 9.9999999999999982
leaf_count=19 170 406 46 307 232 635 195 500 108 92 434 70 226 248 1020 176 361 632 231 684 39 111 551 110 25 411 12 281 199 537 791 824 182 1033 229 109 248 504 29 47 141 184 16 362 210 166 95 26 876 170 135 406 38 103 16 353 84 57 10
model_size=6640
internal_value=0 -0.0163702 0.00873384 0.0742451 -0.033662 0.0545902 -0.0404628 -0.0287453 -0.0518928 0.0481539 -0.0318958 0.0635472 -0.00384915 -0.0168091 -0.00510759 -0.0111543 -0.000873527 0.0104603 -0.0354184 -0.0145162 0.0449809 0.0173947 -0.0217465 0.0818748 0.0164114 0.0355519 0.123244 0.0301422 0.0218259 0.0919685 -0.0650935 -1.7925e-05 0.106917 -0.0552942 -0.0255186 -0.0145317 -0.0316183 0.0560786 0.102643 -0.0103623 0.0340182 0.0198394 0.0829347 -0.00319162 0.109632 -0.00102015 0.0546639 0.0856798 -0.0325844 0.0553521 -0.0537416 -0.0498555 0.0935044 0.0226232 0.133481 0.145119 -0.00680855 -0.0782785 0.0272176
internal_weight=0 13529 5518 2983 8011 2129 6523 3221 3302 1434 1313 1028 1488 2180 4084 3219 2261 1652 958 879 697 865 727 875 769 1254 854 543 480 705 1989 1056 489 1141 719 490 609 574 331 324 541 325 579 381 302 277 506 563 1124 216 1041 906 63 748 126 365 123 848 645
internal_count=16512 13529 5518 2983 8011 2129 6523 3221 3302 1434 1313 1028 1488 2180 4084 3219 2261 1652 958 879 697 865 727 875 769 1254 854 543 480 705 1989 1056 489 1141 719 490 609 574 331 324 541 325 579 381 302 277 506 563 1124 216 1041 906 63 748 126 365 123 848 645
is_linear=0
shrinkage=0.1


Tree=7
num_leaves= 62
num_cat= 0
full_tree_array_lgbids= 0 2 1 5 3 4 6 24 16 11 7 17 22 15 38 30 -26 -7 26 40 14 10 8 36 28 32 37 -3 53 39 -40 55 31 -2147483648 -2147483648 -2147483648 -2147483648 51 33 41 -42 21 -16 18 29 9 12 -2 48 43 57 44 -34 49 -39 -2147483648 -2147483648 59 -55 -8 -41 -2147483648 -2147483648 56 -57 47 -33 -2147483648 -2147483648 -2147483648 -2147483648 -2147483648 -2147483648 -2147483648 -2147483648 52 -53 34 46 42 -43 -2147483648 -2147483648 -13 27 -2147483648 -2147483648 23 19 35 -31 20 13 25 58 -2147483648 -2147483648 -38 -50 54 -45 -30 -59 45 -46 -2147483648 -2147483648 50 -51 -2147483648 -2147483648 -2147483648 -2147483648 -2147483648 -2147483648 -17 60 -2147483648 -2147483648 -2147483648 -2147483648 -2147483648 -2147483648 -2147483648 -2147483648 -2147483648 -2147483648 -1 -58 -2147483648 -2147483648 -32 -49 -2147483648 -2147483648 -2147483648 -2147483648 -2147483648 -2147483648 -2147483648 -2147483648 -2147483648 -2147483648 -2147483648 -2147483648 -2147483648 -2147483648 -2147483648 -2147483648 -2147483648 -2147483648 -18 -54 -2147483648 -2147483648 -28 -36 -35 -48 -4 -44 -2147483648 -2147483648 -2147483648 -2147483648 -2147483648 -2147483648 -2147483648 -2147483648 -23 -29 -2147483648 -2147483648 -2147483648 -2147483648 -5 -25 -20 -21 -12 -37 -2147483648 -2147483648 -9 -22 -11 -15 -10 -27 -14 -60 -2147483648 -2147483648 -2147483648 -2147483648 -2147483648 -2147483648 -2147483648 -2147483648 -19 -56 -2147483648 -2147483648 -2147483648 -2147483648 -2147483648 -2147483648 -6 -47 -2147483648 -2147483648 -2147483648 -2147483648 -2147483648 -2147483648 -24 -52 -2147483648 -2147483648 -2147483648 -2147483648 -2147483648 -2147483648 -2147483648 -2147483648 -2147483648 -2147483648 -2147483648 -2147483648 -2147483648 -2147483648 -2147483648 -2147483648 -61 -62 -2147483648 -2147483648 -2147483648 -2147483648 -2147483648 -2147483648 -2147483648 -2147483648 -2147483648 -2147483648 -2147483648 -2147483648 -2147483648 -2147483648 -2147483648 -2147483648 -2147483648 -2147483648 -2147483648 -2147483648
split_feature= 1 1 1 6 6 3 1 8 7 8 7 2 8 8 7 2 1 2 8 7 6 4 1 7 6 7 6 1 4 7 1 8 6 7 8 8 5 2 8 7 7 8 7 6 7 8 8 6 1 8 7 7 4 7 4 3 4 7 7 6 3
split_gain= 1636.79 381.744 332.018 237.811 128.292 75.8961 64.5027 60.1478 107.771 94.5592 66.833 59.7676 48.2456 38.6227 33.4857 32.0062 31.3638 27.0458 26.136 23.8688 23.6739 22.3148 20.3719 19.2394 17.5654 16.8329 16.8233 16.2109 15.4045 14.3498 11.6922 9.68015 9.00501 7.80706 9.01812 6.44879 6.18476 5.84321 4.19657 4.12835 3.3346 17.7293 12.088 3.00811 2.76164 5.73839 2.58738 2.12767 2.00652 1.52944 2.10891 1.31933 4.51648 1.31928 1.07456 0.501783 1.41697 0.481103 0.117549 0.0295522 2.39103
threshold= 4.6754000000000007 6.3350000000000009 2.7820000000000005 2.2147445135257553 2.5219735498882589 3.8792159595040387 7.852450000000001 -121.85499999999998 34.455000000000005 -118.28499999999998 37.895000000000003 24.500000000000004 -119.94499999999998 -117.56499999999998 37.815000000000005 26.500000000000004 1.9486000000000003 21.500000000000004 -122.29499999999999 37.57500000000001 2.8195662241432546 1.0245723468785857 5.6042500000000013 37.765000000000008 3.0973600929976173 37.275000000000013 2.2982753493904258 3.4883000000000002 1.0444603857803287 38.735000000000007 1.6618000000000002 -117.22499999999998 2.9742256672023202 34.715000000000011 -118.36499999999999 -122.38499999999998 374.50000000000006 36.500000000000007 -118.00499999999998 38.275000000000013 37.595000000000006 -118.30499999999999 34.175000000000004 2.4530432249902163 37.925000000000004 -118.01499999999999 -120.56499999999998 2.0231950334409352 5.8308000000000009 -122.01499999999999 37.595000000000006 38.435000000000009 1.1288438116995607 37.615000000000002 0.96771928234867721 3.0522493994321906 0.95712370739180408 34.145000000000003 34.885000000000012 2.5949646725452555 6.4673777210027508
decision_type= 2 2 2 2 2 2 2 2 2 2 2 2 2 2 2 2 2 2 2 2 2 2 2 2 2 2 2 2 2 2 2 2 2 2 2 2 2 2 2 2 2 2 2 2 2 2 2 2 2 2 2 2 2 2 2 2 2 2 2 2 2
left_child=2 4 5 11 17 24 15 10 9 20 18 40 25 -11 21 -3 -7 36 23 -20 -9 -13 32 -5 30 -10 51 -23 43 35 55 47 44 34 -28 -12 -2 49 39 -8 41 42 -4 54 45 -6 -35 -32 -38 50 -24 52 -18 59 -19 56 -1 -30 -14 -17 -61
right_child=1 6 3 7 22 16 38 8 12 13 29 14 58 -15 -16 53 26 28 19 -21 -22 27 37 -25 -26 -27 33 -29 57 -31 31 -33 -34 46 -36 -37 48 -39 -40 -41 -42 -43 -44 -45 -46 -47 -48 -49 -50 -51 -52 -53 -54 -55 -56 -57 -58 -59 -60 60 -62
leaf_value= -0.090679096927245462 -0.040223356404087765 0.058657501134889656 0.088198741473201114 0.041365345560781724 0.037926356576510833 -0.061793953493427013 0.13133896625072392 0.045986093239886366 -0.0018937529136631712 -0.0073401419534584291 0.014661048102244643 0.026968476332591047 -0.044088347037804537 -0.03700986615946434 0.0021299945353128917 0.13238665681760925 -0.023473444610467329 0.036710302608654551 0.037320802531006642 -0.014565745095560995 0.0039712384697684856 0.056366168800419551 0.096776551434900188 0.12360186902433634 -0.030614146986270314 -0.03744193296484525 0.014103755496604288 0.10311490420183547 0.13290590395268639 -0.054073200425288327 0.040442439765911706 -0.038583259344367044 0.00069453257945560382 -0.045358975588093209 -0.038185290719204235 -0.025178935255111973 0.034197375775807178 0.078895044730239505 0.09549392944405953 0.018717751018702985 -0.021041381707076326 -0.0098918088344992373 0.015531422445170022 0.029922057934472279 -0.0057524063560212488 0.0034761024223842539 -0.065828316578490781 0.0052897869332700527 0.091878001489921632 0.025549217440376634 0.031521068024857525 -0.044171162020841925 0.017022473248653115 0.07122394380512069 0.087394299653837576 -0.048139028254467836 0.0060371140798088163 0.090873256379521442 -0.07871063396982525 0.05794531017998044 0.11521536889339026
leaf_weight=11.999999999999998 22 530 66 216 412 1169 453 371 259 1543 161 140 87 812 116 113 272 46 244 233 352 217 43 50 749 844 69 231 95 150 123 70 777 802 758 218 166 67 146 9.9999999999999982 110 179 93 66 116 166 383 266 38 554 57 120 110 74 177 113 80 103 345 49 99
leaf_count=12 22 530 66 216 412 1169 453 371 259 1543 161 140 87 812 116 113 272 46 244 233 352 217 43 50 749 844 69 231 95 150 123 70 777 802 758 218 166 67 146 10 110 179 93 66 116 166 383 266 38 554 57 120 110 74 177 113 80 103 345 49 99
model_size=6864
internal_value=0 0.0525383 -0.0189619 -0.00471217 0.0312822 -0.0386393 0.0944303 -0.0129845 -0.0186433 -0.00744611 0.00753766 0.0375469 -0.041096 -0.0175702 0.0569228 0.075797 -0.0465956 0.0692869 0.0280316 0.0119758 0.0255307 0.0677323 0.0189203 0.0568233 -0.0179011 -0.0290947 -0.0395284 0.080471 0.0844319 -0.0212468 -0.00356056 0.0080189 0.010928 -0.0445136 -0.0338226 -0.00825483 0.0366514 0.0352265 0.120896 0.128907 0.007099 0.0162571 0.0456952 0.0662018 0.0223853 0.0280323 -0.0519748 0.0164049 0.0449418 0.0307528 0.0595809 -0.0195475 -0.0118123 0.102913 0.0769393 -0.0294873 -0.00657804 0.11104 -0.0717381 0.111898 0.0962543
internal_weight=0 4379 12133 7037 2905 5096 1474 5885 4613 3078 1272 1152 1535 2355 704 865 3683 713 743 477 723 588 2192 266 1413 1103 2514 448 487 529 664 459 1471 2012 827 379 226 721 609 463 448 338 159 289 694 578 1185 389 204 654 100 502 382 335 223 205 92 198 432 261 148
internal_count=16512 4379 12133 7037 2905 5096 1474 5885 4613 3078 1272 1152 1535 2355 704 865 3683 713 743 477 723 588 2192 266 1413 1103 2514 448 487 529 664 459 1471 2012 827 379 226 721 609 463 448 338 159 289 694 578 1185 389 204 654 100 502 382 335 223 205 92 198 432 261 148
is_linear=0
shrinkage=0.1


Tree=8
num_leaves= 47
num_cat= 0
full_tree_array_lgbids= 0 2 1 5 3 4 7 28 20 8 6 13 14 12 39 29 -30 -7 23 33 15 9 16 38 19 24 34 -3 -14 -9 -41 43 30 -2147483648 -2147483648 -2147483648 -2147483648 -22 32 -4 44 22 -17 10 -11 17 35 -2 -40 -15 31 -6 25 40 -36 -2147483648 -2147483648 -2147483648 -2147483648 -2147483648 -2147483648 -2147483648 -2147483648 -1 -45 -31 -32 -2147483648 -2147483648 -2147483648 -2147483648 -2147483648 -2147483648 -2147483648 -2147483648 -2147483648 -2147483648 -25 -34 -2147483648 -2147483648 45 -46 -10 27 -2147483648 -2147483648 -5 11 -2147483648 -2147483648 21 18 36 -37 -2147483648 -2147483648 -2147483648 -2147483648 -2147483648 -2147483648 37 -33 -2147483648 -2147483648 26 -27 42 41 -2147483648 -2147483648 -2147483648 -2147483648 -2147483648 -2147483648 -2147483648 -2147483648 -2147483648 -2147483648 -2147483648 -2147483648 -2147483648 -2147483648 -2147483648 -2147483648 -2147483648 -2147483648 -2147483648 -2147483648 -2147483648 -2147483648 -2147483648 -2147483648 -2147483648 -2147483648 -2147483648 -2147483648 -2147483648 -2147483648 -2147483648 -2147483648 -2147483648 -2147483648 -2147483648 -2147483648 -2147483648 -2147483648 -2147483648 -2147483648 -2147483648 -2147483648 -2147483648 -2147483648 -2147483648 -2147483648 -2147483648 -2147483648 -2147483648 -2147483648 -2147483648 -2147483648 -2147483648 -2147483648 -35 -47 -2147483648 -2147483648 -2147483648 -2147483648 -24 -29 -2147483648 -2147483648 -2147483648 -2147483648 -2147483648 -2147483648 -12 -13 -2147483648 -2147483648 -2147483648 -2147483648 -8 -23 -19 -20 -18 -38 -2147483648 -2147483648 -2147483648 -2147483648 -2147483648 -2147483648 -2147483648 -2147483648 -2147483648 -2147483648 -2147483648 -2147483648 -2147483648 -2147483648 -21 -39 -2147483648 -2147483648 -2147483648 -2147483648 -2147483648 -2147483648 -26 -28 -2147483648 -2147483648 -16 -44 -42 -43 -2147483648 -2147483648 -2147483648 -2147483648 -2147483648 -2147483648 -2147483648 -2147483648 -2147483648 -2147483648 -2147483648 -2147483648 -2147483648 -2147483648 -2147483648 -2147483648 -2147483648 -2147483648 -2147483648 -2147483648 -2147483648 -2147483648 -2147483648 -2147483648 -2147483648 -2147483648 -2147483648 -2147483648 -2147483648 -2147483648 -2147483648 -2147483648 -2147483648 -2147483648 -2147483648 -2147483648
split_feature= 1 1 1 6 6 3 6 1 2 7 8 8 2 2 6 7 8 7 8 6 1 6 8 6 8 7 8 1 8 7 8 7 3 1 1 7 8 4 5 7 8 7 7 6 8 2
split_gain= 1332.01 337.874 242.355 196.873 107.896 63.733 60.5735 46.2526 45.0444 40.7873 53.3738 30.6909 26.2097 26.1044 21.4566 21.187 17.4053 23.2758 43.0956 16.0219 15.399 15.2392 12.9891 10.4144 8.92191 17.5371 14.7959 8.14846 6.405 10.1941 14.2551 5.1773 4.7866 4.03865 3.25422 3.20627 3.14295 1.68638 1.65046 0.783771 0.77131 5.62504 0.435007 0.391219 0.301512 2.8609
threshold= 4.5301500000000017 6.3963500000000009 2.5894500000000007 2.0653737590585881 2.5219735498882589 3.6482937607122259 2.6485137608459874 8.0125000000000011 20.500000000000004 37.935000000000009 -122.33499999999999 -117.69499999999998 26.500000000000004 21.500000000000004 2.9742256672023202 37.815000000000005 -117.79499999999999 34.525000000000013 -121.675 2.0653737590585881 1.9486000000000003 3.7262884683064175 -122.40499999999999 2.1628386478062818 -122.21499999999999 37.485000000000007 -118.20499999999998 3.8769000000000005 -118.27499999999999 35.335000000000008 -121.87499999999999 38.005000000000003 4.3645181386446135 3.3627000000000002 5.5358500000000008 33.875000000000007 -116.53499999999998 1.0444603857803287 573.50000000000011 38.035000000000004 -121.46499999999999 34.525000000000013 37.915000000000006 2.9214838375355154 -117.28499999999998 15.500000000000002
decision_type= 2 2 2 2 2 2 2 2 2 2 2 2 2 2 2 2 2 2 2 2 2 2 2 2 2 2 2 2 2 2 2 2 2 2 2 2 2 2 2 2 2 2 2 2 2 2
left_child=2 4 5 8 13 28 9 12 33 10 -5 -12 -3 38 24 22 17 21 -19 -15 -7 -8 -10 -22 -6 26 -26 -24 29 43 -31 37 -25 -4 40 36 -18 -21 -2 -9 42 -42 -16 -1 45 -35
right_child=1 7 3 6 14 20 16 39 15 -11 11 -13 -14 19 34 -17 35 18 -20 31 23 -23 27 32 25 -27 -28 -29 -30 30 -32 -33 -34 44 -36 -37 -38 -39 -40 -41 41 -43 -44 -45 -46 -47
leaf_value= 0.041208532665830078 -0.012675640417243509 0.05421310296374502 -0.022714791870675984 0.078913948816998605 0.060321661640195694 -0.054805735181869597 0.0011053028158018586 0.11287463464575982 0.11667240233293602 -0.024184026236118438 0.011780146152984783 -0.027060617208367263 0.095424357562037251 0.1140767838743304 0.02969470679789793 0.001443066346374425 -0.019885203872125001 -0.00815681471480415 -0.042004910574279186 0.055347272864587252 -0.013238996392096275 -0.024595808732575115 0.046779794877354806 -0.028095958630021581 0.048201229606366469 -0.008503089318851095 0.014144550639952527 0.096675418449894468 -0.025786662076218395 0.0066894827614816139 -0.062548146268264174 -0.005999550955103977 -0.047207400720127163 0.00088650006643038693 0.019181258628824867 -0.051034295130208886 -0.077192647246325893 0.088183562820414452 0.03894366018991504 0.013646315294317903 0.00033351021829625051 -0.037469882381654628 -0.014480280823729975 0.0026815260135519665 -0.02697308315691771 0.062712438350113545
leaf_weight=107 48 522 120 119 150 1326 1138 538 70 603 1310 328 342 119 164 88 360 845 980 273 284 538 353 541 417 207 401 85 415 114 84 28 1221 59 466 358 41 154 225 9.9999999999999982 517 127 68 152 32 65
leaf_count=107 48 522 120 119 150 1326 1138 538 70 603 1310 328 342 119 164 88 360 845 980 273 284 538 353 541 417 207 401 85 415 114 84 28 1221 59 466 358 41 154 225 10 517 127 68 152 32 65
model_size=5184
internal_value=0 0.0446704 -0.0181788 -0.00716732 0.0272142 -0.0376174 -0.0131816 0.0862588 0.0384913 0.000577924 0.00907619 0.00400251 0.0705259 0.0593284 0.0164074 0.0554106 -0.0208042 -0.0171471 -0.0263328 0.0733401 -0.0442682 -0.00714482 0.0647593 -0.0374389 0.0281362 0.0234261 0.031506 0.0564627 -0.0118991 0.00071217 -0.0226841 0.0626859 -0.0413395 0.00195543 0.00613822 -0.0376731 -0.0257446 0.0671899 0.0298677 0.111064 -0.000800203 -0.00712151 0.0167469 0.0185981 0.0209325 0.0332953
internal_weight=0 4776 11736 7492 3364 4244 6620 1412 872 2360 1757 1638 864 847 2517 596 4260 3501 1825 574 3372 1676 508 2046 1175 1025 818 438 872 457 198 455 1762 276 1342 759 401 427 273 548 876 644 232 259 156 124
internal_count=16512 4776 11736 7492 3364 4244 6620 1412 872 2360 1757 1638 864 847 2517 596 4260 3501 1825 574 3372 1676 508 2046 1175 1025 818 438 872 457 198 455 1762 276 1342 759 401 427 273 548 876 644 232 259 156 124
is_linear=0
shrinkage=0.1


Tree=9
num_leaves= 50
num_cat= 0
full_tree_array_lgbids= 0 2 1 5 4 3 7 -1 16 9 6 8 10 20 29 -2147483648 -2147483648 17 -18 44 23 11 22 -2 19 21 25 40 47 -9 34 -2147483648 -2147483648 -2147483648 -2147483648 33 -19 -2147483648 -2147483648 -4 -46 31 43 13 12 37 41 -2147483648 -2147483648 -10 27 24 -23 36 -27 -3 46 -22 -49 -2147483648 -2147483648 -31 48 -2147483648 -2147483648 -2147483648 -2147483648 -2147483648 -2147483648 -2147483648 -2147483648 45 39 -2147483648 -2147483648 -2147483648 -2147483648 -2147483648 -2147483648 -2147483648 -2147483648 -2147483648 -2147483648 32 -33 -25 -45 15 26 14 18 -8 -39 42 -43 -2147483648 -2147483648 -2147483648 -2147483648 -2147483648 -2147483648 30 28 35 -26 -2147483648 -2147483648 -12 38 -2147483648 -2147483648 -2147483648 -2147483648 -42 -48 -2147483648 -2147483648 -2147483648 -2147483648 -2147483648 -2147483648 -2147483648 -2147483648 -2147483648 -2147483648 -36 -50 -2147483648 -2147483648 -2147483648 -2147483648 -2147483648 -2147483648 -2147483648 -2147483648 -2147483648 -2147483648 -2147483648 -2147483648 -2147483648 -2147483648 -2147483648 -2147483648 -7 -47 -35 -41 -2147483648 -2147483648 -2147483648 -2147483648 -2147483648 -2147483648 -2147483648 -2147483648 -2147483648 -2147483648 -2147483648 -2147483648 -2147483648 -2147483648 -2147483648 -2147483648 -2147483648 -2147483648 -2147483648 -2147483648 -11 -34 -2147483648 -2147483648 -2147483648 -2147483648 -2147483648 -2147483648 -6 -17 -15 -28 -13 -16 -14 -20 -2147483648 -2147483648 -2147483648 -2147483648 -24 -44 -2147483648 -2147483648 -2147483648 -2147483648 -2147483648 -2147483648 -2147483648 -2147483648 -2147483648 -2147483648 -2147483648 -2147483648 -2147483648 -2147483648 -21 -32 -29 -30 -5 -37 -2147483648 -2147483648 -2147483648 -2147483648 -2147483648 -2147483648 -2147483648 -2147483648 -38 -40 -2147483648 -2147483648 -2147483648 -2147483648 -2147483648 -2147483648 -2147483648 -2147483648 -2147483648 -2147483648 -2147483648 -2147483648 -2147483648 -2147483648 -2147483648 -2147483648 -2147483648 -2147483648 -2147483648 -2147483648 -2147483648 -2147483648 -2147483648 -2147483648 -2147483648 -2147483648 -2147483648 -2147483648 -2147483648 -2147483648 -2147483648 -2147483648 -2147483648 -2147483648 -2147483648 -2147483648
split_feature= 1 1 6 6 1 1 2 1 2 3 1 7 8 8 7 6 8 7 8 6 6 6 8 7 2 6 7 7 8 3 8 8 7 2 8 4 8 6 7 4 7 7 8 8 5 7 8 8 7
split_gain= 1080.23 344.967 144.835 133.931 99.9687 45.376 41.4915 39.7986 39.0873 37.2726 34.8772 23.6627 69.397 52.1717 35.271 33.8712 21.3976 28.7599 20.7302 20.6995 14.388 13.5429 13.3347 11.7893 10.0887 10.0188 8.23688 6.27452 14.5755 6.099 5.93613 5.72059 12.445 5.6849 4.76188 4.27525 4.10869 3.52437 2.94154 2.64678 2.63822 2.03731 8.18349 2.00472 1.5904 1.47687 1.05481 1.01244 0.190666
threshold= 4.125700000000001 6.3350000000000009 2.0376051459673437 2.4469862317432325 2.5205000000000006 2.5510500000000005 51.500000000000007 7.7055000000000016 16.500000000000004 3.4845502266762112 5.3357000000000001 34.455000000000005 -121.675 -117.56499999999998 37.925000000000004 3.0298305221858191 -117.895 37.815000000000005 -119.94499999999998 2.0653737590585881 2.6529733204757315 3.1336552646136835 -122.40499999999999 35.335000000000008 39.500000000000007 3.0375944537846187 33.625000000000007 37.615000000000002 -122.43499999999999 5.396289833514504 -117.13499999999998 -117.46499999999999 33.755000000000003 30.500000000000004 -118.00499999999998 1.0124399456961377 -122.11499999999999 2.5827178004959954 37.955000000000005 1.0245723468785857 37.615000000000002 37.675000000000004 -118.32499999999997 -119.84499999999998 2493.5000000000005 34.125000000000007 -122.40499999999999 -117.90499999999999 33.645000000000003
decision_type= 2 2 2 2 2 2 2 2 2 2 2 2 2 2 2 2 2 2 2 2 2 2 2 2 2 2 2 2 2 2 2 2 2 2 2 2 2 2 2 2 2 2 2 2 2 2 2 2 2
left_child=2 3 5 8 9 -1 11 20 -2 44 21 13 14 15 -13 -6 17 33 -14 -10 40 24 37 31 35 36 -15 30 -29 -9 -21 32 -11 45 -31 -5 -12 -8 -38 -35 -3 42 -24 -25 -4 -7 -42 -22 -36
right_child=1 7 4 10 6 16 22 29 19 23 25 12 18 26 -16 -17 -18 -19 -20 27 47 -23 41 43 -26 -27 -28 28 -30 34 -32 -33 -34 39 48 -37 38 -39 -40 -41 46 -43 -44 -45 -46 -47 -48 -49 -50
leaf_value= -0.012869839589459961 0.012246917222734986 0.096306032008758868 -0.018380727312564484 -0.0076100452651687482 0.013611613544192014 0.064299450086552523 0.09165207520127297 -0.026726061701774596 0.095894004123718402 0.073268058337271222 0.07098416137807774 0.012603501549479474 -0.031141570214854759 -0.021094649157644849 -0.026094750647435078 -0.015242665420926532 -0.0086618113628394843 -0.008923220982903551 -0.061582769085527789 0.068168371610998243 0.056658218621169244 -0.010237740555232768 0.071895858854511566 -0.045522358634894178 0.038433515200153062 0.012060450072814193 -0.05136121365358122 0.080705125190849825 0.0005963458687931832 0.1069717474939192 -0.031813357817009093 -0.04682786323455642 -0.027719547480379265 0.028431207528139685 0.096843972977469953 0.013400912993149284 0.036482694056628052 0.021861317191117755 -0.018862492165697572 0.085318666559954487 0.11209818171827418 -0.01946377225290492 -0.005028095486034688 -0.064996097222166635 0.015462720510363579 0.019923632162629712 0.025264876772864511 0.02602077080159312 0.048872351516946792
leaf_weight=441 220 202 404 486 1012 91 59 9.9999999999999982 228 22 106 602 990 448 590 1066 149 116 483 363 374 847 49 1207 211 495 336 56 112 493 15.999999999999998 515 810 47 85 850 492 48 44 180 19 106 76 399 125 141 52 157 82
leaf_count=441 220 202 404 486 1012 91 59 10 228 22 106 602 990 448 590 1066 149 116 483 363 374 847 49 1207 211 495 336 56 112 493 16 515 810 47 85 850 492 48 44 180 19 106 76 399 125 141 52 157 82
model_size=5520
internal_value=0 0.0340011 -0.019407 0.0201336 -0.0236824 0.0148951 -0.0153504 0.0765821 0.0536488 -0.0377166 0.0106894 -0.0176524 -0.0256597 -0.0101962 -0.00655083 -0.00119044 0.0318072 0.0422939 -0.0411233 0.0654016 0.0599165 0.00297845 0.0222912 -0.042613 0.0102145 0.026925 -0.034066 0.0526917 0.0272993 0.0965807 0.0639475 -0.0333759 -0.0250492 0.0552377 0.098449 0.00575771 0.0383861 0.0603441 0.0319394 0.0735402 0.0838735 0.00466494 0.0251261 -0.0503605 -0.0103837 0.0373297 0.048502 0.0475997 0.073289
internal_weight=0 6000 10512 4526 9347 1165 5865 1474 995 3482 3531 5527 2665 2862 1192 2078 724 575 1473 775 804 2394 338 2953 1547 1137 784 547 168 670 379 1347 832 459 660 1336 642 107 536 227 273 231 125 1606 529 232 71 531 167
internal_count=16512 6000 10512 4526 9347 1165 5865 1474 995 3482 3531 5527 2665 2862 1192 2078 724 575 1473 775 804 2394 338 2953 1547 1137 784 547 168 670 379 1347 832 459 660 1336 642 107 536 227 273 231 125 1606 529 232 71 531 167
is_linear=0
shrinkage=0.1


Tree=10
num_leaves= 44
num_cat= 0
full_tree_array_lgbids= 0 1 3 4 2 6 35 12 7 5 16 20 -8 -5 36 13 -14 8 9 -3 11 21 28 41 22 -2147483648 -2147483648 -2147483648 -2147483648 -37 -38 14 25 -2147483648 -2147483648 -6 18 10 34 -2147483648 -2147483648 33 19 26 39 38 29 -2 -43 -22 -24 -2147483648 -2147483648 -2147483648 -2147483648 -2147483648 -2147483648 -2147483648 -2147483648 -2147483648 -2147483648 -2147483648 -2147483648 31 15 40 -27 -2147483648 -2147483648 -2147483648 -2147483648 -2147483648 -2147483648 23 -20 17 -12 37 -36 -2147483648 -2147483648 -2147483648 -2147483648 42 -35 24 -21 27 30 -23 -41 -18 -40 32 -31 -2147483648 -2147483648 -2147483648 -2147483648 -2147483648 -2147483648 -2147483648 -2147483648 -2147483648 -2147483648 -2147483648 -2147483648 -2147483648 -2147483648 -2147483648 -2147483648 -2147483648 -2147483648 -2147483648 -2147483648 -2147483648 -2147483648 -2147483648 -2147483648 -2147483648 -2147483648 -2147483648 -2147483648 -2147483648 -2147483648 -2147483648 -2147483648 -1 -33 -16 -17 -15 -42 -2147483648 -2147483648 -2147483648 -2147483648 -2147483648 -2147483648 -2147483648 -2147483648 -2147483648 -2147483648 -2147483648 -2147483648 -2147483648 -2147483648 -10 -25 -2147483648 -2147483648 -9 -19 -2147483648 -2147483648 -11 -39 -2147483648 -2147483648 -2147483648 -2147483648 -2147483648 -2147483648 -2147483648 -2147483648 -2147483648 -2147483648 -7 -44 -2147483648 -2147483648 -13 -26 -2147483648 -2147483648 -4 -29 -28 -32 -2147483648 -2147483648 -2147483648 -2147483648 -2147483648 -2147483648 -2147483648 -2147483648 -30 -34 -2147483648 -2147483648 -2147483648 -2147483648 -2147483648 -2147483648 -2147483648 -2147483648 -2147483648 -2147483648 -2147483648 -2147483648 -2147483648 -2147483648 -2147483648 -2147483648 -2147483648 -2147483648 -2147483648 -2147483648 -2147483648 -2147483648 -2147483648 -2147483648 -2147483648 -2147483648 -2147483648 -2147483648 -2147483648 -2147483648 -2147483648 -2147483648 -2147483648 -2147483648 -2147483648 -2147483648 -2147483648 -2147483648 -2147483648 -2147483648 -2147483648 -2147483648 -2147483648 -2147483648 -2147483648 -2147483648 -2147483648 -2147483648 -2147483648 -2147483648 -2147483648 -2147483648 -2147483648 -2147483648 -2147483648 -2147483648 -2147483648 -2147483648 -2147483648 -2147483648 -2147483648 -2147483648 -2147483648 -2147483648 -2147483648 -2147483648
split_feature= 1 1 6 1 6 2 6 7 8 8 7 6 7 8 7 8 6 8 8 7 2 2 4 6 8 2 7 8 8 7 8 6 8 4 8 3 2 7 7 5 7 4 8
split_gain= 881.664 315.724 130.726 77.4212 71.3787 38.5501 37.9094 35.3315 47.3536 36.2342 40.3548 30.9973 24.266 28.3532 27.3184 28.8296 23.4484 15.8287 15.4936 12.6689 12.4926 10.9303 9.9201 9.09993 6.89933 6.73518 6.18728 14.851 5.41546 10.8418 5.34923 4.63748 4.38853 3.99137 3.72547 2.6273 2.66405 2.50367 2.23993 1.80686 1.76375 0.758143 0.588426
threshold= 5.6042500000000013 3.5488500000000003 2.4469862317432325 7.7055000000000016 2.2352443515477258 16.500000000000004 3.0089663118548242 34.455000000000005 -118.29499999999999 -121.63499999999998 37.895000000000003 1.9628175980828908 37.915000000000006 -118.30499999999999 34.155000000000008 -122.31499999999998 2.9742256672023202 -122.31499999999998 -117.675 37.935000000000009 21.500000000000004 47.500000000000007 1.0435797675926601 3.1424162072895592 -117.16499999999998 32.500000000000007 37.635000000000012 -118.01499999999999 -121.48499999999999 34.525000000000013 -122.41499999999998 1.6125326273398461 -117.79499999999999 1.0835581867240742 -120.09499999999998 5.396289833514504 21.500000000000004 35.955000000000005 37.275000000000013 504.50000000000006 33.695000000000007 0.94844555412371145 -118.05499999999999
decision_type= 2 2 2 2 2 2 2 2 2 2 2 2 2 2 2 2 2 2 2 2 2 2 2 2 2 2 2 2 2 2 2 2 2 2 2 2 2 2 2 2 2 2 2
left_child=1 4 5 6 12 -3 20 8 -6 10 17 33 13 14 31 -16 21 -9 23 24 41 26 -22 -10 -13 40 27 -4 38 32 -28 -1 -30 42 37 -5 -37 -11 -18 -23 -15 -2 -7
right_child=3 2 16 35 7 11 -8 9 18 34 -12 19 -14 25 15 -17 28 -19 -20 -21 22 39 -24 -25 -26 -27 30 -29 29 -31 -32 -33 -34 -35 -36 36 -38 -39 -40 -41 -42 -43 -44
leaf_value= 0.1283992028698839 -0.020420048783222837 -0.0005636547679537231 0.021021333767947806 -0.024053453803062438 0.0074817131877808378 0.066451338910804 0.022958585853277289 0.03765075039323721 -0.00059348026296557419 -0.0057288807971318341 -0.038853844823597189 0.043523922791136718 -0.029070821936175762 -0.0075576212898013188 0.068915326771943758 -0.003742982793203108 0.042186275942404344 -0.011026808913353631 -0.037889162237890323 -0.0028197468085644625 0.055925921670531537 -0.058521311841905121 0.091114650922332049 -0.02441774575945662 -0.039755705505609515 0.016300369337370606 0.021249925368982889 -0.0062343123147044332 -0.00080788810756619053 -0.035100686814273814 -0.016981007953437304 0.050219114198356535 -0.022862111831998169 0.10549642744197235 -0.054191844266504564 0.070941580719128247 0.099373933555084157 -0.040986959446558266 -0.00064586251729172614 0.053672397966756547 -0.042261079957778447 0.041826259954948188 -0.034690651297569278
leaf_weight=29 30 303 932 9.9999999999999982 663 149 649 139 464 110 728 743 350 200 89 416 79 494 1005 140 500 9.9999999999999982 235 1196 25 136 135 518 893 360 457 131 437 111 868 250 410 1065 404 129 187 322 10.999999999999998
leaf_count=29 30 303 932 10 663 149 649 139 464 110 728 743 350 200 89 416 79 494 1005 140 500 10 235 1196 25 136 135 518 893 360 457 131 437 111 868 250 410 1065 404 129 187 322 11
model_size=4848
internal_value=0 -0.00959653 0.00848893 0.0562629 -0.0223591 0.0350935 0.04443 -0.0270969 -0.0188093 -0.0351995 -0.02094 0.0442573 -0.00162134 0.00646563 0.0223739 0.00906215 -0.00056665 -0.00033774 -0.0253499 0.0340855 0.0572496 0.00816573 0.0671767 -0.0177584 0.040813 -0.0137619 0.0056175 0.0112845 -0.00933118 -0.0138156 -0.00826281 0.0643893 -0.00805428 0.0783386 -0.0446989 0.0869226 0.0886041 -0.0376862 0.00635981 0.0456009 -0.0243265 0.0365212 0.0594978
internal_weight=0 14106 5836 2406 8270 1482 1736 6732 3328 3404 1361 1179 1538 1188 665 505 4354 633 2665 908 1087 2181 735 1660 768 523 2042 1450 2173 1690 592 160 1330 271 2043 670 660 1175 483 139 387 352 160
internal_count=16512 14106 5836 2406 8270 1482 1736 6732 3328 3404 1361 1179 1538 1188 665 505 4354 633 2665 908 1087 2181 735 1660 768 523 2042 1450 2173 1690 592 160 1330 271 2043 670 660 1175 483 139 387 352 160
is_linear=0
shrinkage=0.1


Tree=11
num_leaves= 34
num_cat= 0
full_tree_array_lgbids= 0 2 1 7 3 4 8 17 13 5 12 18 14 11 -10 26 -19 -9 -15 6 -7 16 19 -2 27 -6 15 30 -13 -2147483648 -2147483648 -1 28 -2147483648 -2147483648 -2147483648 -2147483648 -2147483648 -2147483648 25 9 -2147483648 -2147483648 -5 -18 21 20 -2147483648 -2147483648 -20 -29 -2147483648 -2147483648 24 -17 -3 32 -2147483648 -2147483648 -2147483648 -2147483648 -2147483648 -2147483648 -2147483648 -2147483648 31 -30 -2147483648 -2147483648 -2147483648 -2147483648 -2147483648 -2147483648 -2147483648 -2147483648 -2147483648 -2147483648 -2147483648 -2147483648 -4 -27 10 -11 -2147483648 -2147483648 -2147483648 -2147483648 -2147483648 -2147483648 -2147483648 -2147483648 23 -23 22 -22 -2147483648 -2147483648 -2147483648 -2147483648 -2147483648 -2147483648 -2147483648 -2147483648 -2147483648 -2147483648 -2147483648 -2147483648 -16 29 -2147483648 -2147483648 -2147483648 -2147483648 -32 -34 -2147483648 -2147483648 -2147483648 -2147483648 -2147483648 -2147483648 -2147483648 -2147483648 -2147483648 -2147483648 -2147483648 -2147483648 -2147483648 -2147483648 -2147483648 -2147483648 -28 -33 -2147483648 -2147483648 -2147483648 -2147483648 -2147483648 -2147483648 -2147483648 -2147483648 -2147483648 -2147483648 -2147483648 -2147483648 -2147483648 -2147483648 -2147483648 -2147483648 -2147483648 -2147483648 -2147483648 -2147483648 -2147483648 -2147483648 -2147483648 -2147483648 -2147483648 -2147483648 -2147483648 -2147483648 -2147483648 -2147483648 -8 -12 -2147483648 -2147483648 -2147483648 -2147483648 -2147483648 -2147483648 -2147483648 -2147483648 -2147483648 -2147483648 -2147483648 -2147483648 -2147483648 -2147483648 -2147483648 -2147483648 -2147483648 -2147483648 -14 -25 -2147483648 -2147483648 -21 -24 -2147483648 -2147483648 -2147483648 -2147483648 -2147483648 -2147483648 -2147483648 -2147483648 -2147483648 -2147483648 -2147483648 -2147483648 -2147483648 -2147483648 -2147483648 -2147483648 -2147483648 -2147483648 -2147483648 -2147483648 -2147483648 -2147483648 -2147483648 -2147483648 -2147483648 -2147483648 -2147483648 -2147483648 -26 -31 -2147483648 -2147483648 -2147483648 -2147483648 -2147483648 -2147483648 -2147483648 -2147483648 -2147483648 -2147483648 -2147483648 -2147483648 -2147483648 -2147483648 -2147483648 -2147483648 -2147483648 -2147483648 -2147483648 -2147483648 -2147483648 -2147483648 -2147483648 -2147483648 -2147483648 -2147483648 -2147483648 -2147483648 -2147483648 -2147483648 -2147483648 -2147483648 -2147483648 -2147483648 -2147483648 -2147483648
split_feature= 1 1 1 6 6 7 8 3 1 8 7 2 8 1 2 8 7 6 2 7 8 8 7 6 3 7 1 4 8 7 4 7 6
split_gain= 725.986 165.408 136.145 104.997 51.5808 31.3291 34.5977 31.0128 23.0496 21.9396 29.3573 19.5251 10.4264 10.1054 10.0886 10.3152 9.71542 9.58254 8.00228 7.5538 27.4393 17.0657 15.7022 9.21591 6.65661 6.4036 4.4174 4.41274 3.72742 3.43536 1.33932 1.33056 0.922068
threshold= 4.5993500000000003 6.3350000000000009 2.8762500000000002 2.5288691539219195 2.5219735498882589 37.965000000000011 -122.40499999999999 4.2015099382944241 9.1688500000000008 -117.145 34.525000000000013 27.500000000000004 -122.40499999999999 2.3096500000000004 16.500000000000004 -117.65499999999999 38.735000000000007 3.0973600929976173 21.500000000000004 34.455000000000005 -120.09499999999998 -117.79499999999999 37.595000000000006 3.7262884683064175 5.6169824502570984 37.765000000000008 1.8847000000000003 1.0423757776567768 -117.18499999999999 37.645000000000003 1.0097363099187924 37.815000000000005 2.611582225416218
decision_type= 2 2 2 2 2 2 2 2 2 2 2 2 2 2 2 2 2 2 2 2 2 2 2 2 2 2 2 2 2 2 2 2 2
left_child=2 4 7 5 18 6 25 17 11 10 -8 30 16 -9 -6 24 -5 26 -2 21 22 23 -21 -14 -16 -4 -1 -20 31 -26 -3 -28 -32
right_child=1 8 3 12 14 -7 9 13 -10 -11 -12 -13 19 -15 15 -17 -18 -19 27 20 -22 -23 -24 -25 29 -27 28 -29 -30 -31 32 -33 -34
leaf_value= -0.020149483072763576 0.022891086488217118 0.027231548019557995 0.029828589601961317 0.025191586106065048 -0.0023346260574408557 -0.01498262877821138 0.032438778671353773 -0.039578899531360033 0.09197612916713728 -0.032788711563377392 -9.3902319772488799e-05 0.075049303605647474 0.0046409707549462343 -0.023861611309135604 0.0045490419346814739 -0.018371568641159682 -0.0406453011782121 -0.023580807374893299 0.041221657579869425 0.0058704163961710255 -0.051412823906230955 -0.025386649379399492 -0.024682416879546087 -0.020562681673910947 0.034229633269614972 0.095806396947902384 0.017154737357869192 0.075128579044914143 -0.029048578879184217 0.0079958376508483739 0.084984018362459099 -0.026055526734691942 0.044612782398677872
leaf_weight=366 250 301 61 242 664 380 1005 1756 304 123 597 449 1197 1557 419 140 57 1101 298 416 357 710 842 413 858 103 468 224 102 260 87 72 333
leaf_count=366 250 301 61 242 664 380 1005 1756 304 123 597 449 1197 1557 419 140 57 1101 298 416 357 710 842 413 858 103 468 224 102 260 87 72 333
model_size=3728
internal_value=0 0.0340466 -0.0130962 -0.00297876 0.0205806 0.0152076 0.0212808 -0.0252307 0.0624859 0.0165286 0.0203152 0.0548235 -0.0127248 -0.0321923 0.0124869 0.0183554 0.0126407 -0.0142948 0.0451239 -0.0146522 -0.0227213 -0.0090352 -0.0145791 -0.00182431 0.0217007 0.0712659 -0.00415203 0.0557718 0.00496801 0.0281288 0.042228 0.0113934 0.0529754
internal_weight=0 4587 11925 6503 3113 2269 1889 5422 1474 1725 1602 1170 4234 3313 2341 1677 299 2109 772 3935 1615 2320 1258 1610 1537 164 1008 522 642 1118 721 540 420
internal_count=16512 4587 11925 6503 3113 2269 1889 5422 1474 1725 1602 1170 4234 3313 2341 1677 299 2109 772 3935 1615 2320 1258 1610 1537 164 1008 522 642 1118 721 540 420
is_linear=0
shrinkage=0.1


Tree=12
num_leaves= 36
num_cat= 0
full_tree_array_lgbids= 0 2 1 5 4 3 7 -1 16 9 6 8 14 19 -9 -2147483648 -2147483648 -7 26 -4 -11 10 24 -2 21 23 15 -3 29 -2147483648 -2147483648 -2147483648 -2147483648 -2147483648 -2147483648 -2147483648 -2147483648 27 -28 -2147483648 -2147483648 -2147483648 -2147483648 12 11 -8 -26 -2147483648 -2147483648 -10 30 -5 -25 17 -17 -2147483648 -2147483648 33 -31 -2147483648 -2147483648 -2147483648 -2147483648 -2147483648 -2147483648 -2147483648 -2147483648 -2147483648 -2147483648 -2147483648 -2147483648 -2147483648 -2147483648 -2147483648 -2147483648 28 -29 -2147483648 -2147483648 -2147483648 -2147483648 -2147483648 -2147483648 -2147483648 -2147483648 -2147483648 -2147483648 25 18 13 -13 -2147483648 -2147483648 -2147483648 -2147483648 -2147483648 -2147483648 -2147483648 -2147483648 -2147483648 -2147483648 32 31 -2147483648 -2147483648 -2147483648 -2147483648 22 20 -2147483648 -2147483648 -2147483648 -2147483648 -2147483648 -2147483648 34 -35 -2147483648 -2147483648 -2147483648 -2147483648 -2147483648 -2147483648 -2147483648 -2147483648 -2147483648 -2147483648 -2147483648 -2147483648 -2147483648 -2147483648 -2147483648 -2147483648 -2147483648 -2147483648 -2147483648 -2147483648 -2147483648 -2147483648 -2147483648 -2147483648 -2147483648 -2147483648 -2147483648 -2147483648 -2147483648 -2147483648 -2147483648 -2147483648 -2147483648 -2147483648 -18 -30 -2147483648 -2147483648 -2147483648 -2147483648 -2147483648 -2147483648 -2147483648 -2147483648 -2147483648 -2147483648 -2147483648 -2147483648 -2147483648 -2147483648 -2147483648 -2147483648 -2147483648 -2147483648 -2147483648 -2147483648 -2147483648 -2147483648 -6 -27 -14 -20 -12 -15 -2147483648 -2147483648 -2147483648 -2147483648 -2147483648 -2147483648 -2147483648 -2147483648 -2147483648 -2147483648 -2147483648 -2147483648 -2147483648 -2147483648 -2147483648 -2147483648 -2147483648 -2147483648 -2147483648 -2147483648 -2147483648 -2147483648 -23 -34 -32 -33 -2147483648 -2147483648 -2147483648 -2147483648 -2147483648 -2147483648 -2147483648 -2147483648 -16 -24 -19 -22 -2147483648 -2147483648 -2147483648 -2147483648 -2147483648 -2147483648 -2147483648 -2147483648 -2147483648 -2147483648 -2147483648 -2147483648 -21 -36 -2147483648 -2147483648 -2147483648 -2147483648 -2147483648 -2147483648 -2147483648 -2147483648 -2147483648 -2147483648 -2147483648 -2147483648 -2147483648 -2147483648 -2147483648 -2147483648 -2147483648 -2147483648 -2147483648 -2147483648 -2147483648 -2147483648
split_feature= 1 1 6 6 1 1 2 1 2 3 7 8 8 7 8 7 2 8 8 2 7 6 3 7 8 7 7 4 8 6 7 8 8 8 7
split_gain= 589.307 177.769 80.7325 72.4687 53.5153 19.6075 19.0417 18.7291 18.2541 18.0357 17.7497 40.5719 40.5608 20.7216 17.745 12.5619 9.77899 9.62476 9.58167 9.42624 9.00052 8.71316 7.79595 7.26918 6.32178 4.45393 4.12378 2.87676 3.65071 1.51935 0.441138 8.17904 1.19641 0.285545 0.31853
threshold= 4.125700000000001 6.2770500000000009 2.0376051459673437 2.4469862317432325 2.2210000000000005 2.5510500000000005 51.500000000000007 8.2050500000000017 16.500000000000004 3.3133866958124387 34.525000000000013 -119.94499999999998 -118.30499999999999 37.895000000000003 -122.21499999999999 37.965000000000011 22.500000000000004 -117.77499999999999 -117.60499999999998 18.500000000000004 33.925000000000004 2.0653737590585881 5.5768938063458622 37.615000000000002 -122.29499999999999 34.165000000000006 38.535000000000004 1.1864242224781967 -118.36499999999999 3.0089663118548242 37.615000000000002 -122.44499999999998 -122.06499999999998 -117.22499999999998 37.615000000000002
decision_type= 2 2 2 2 2 2 2 2 2 2 2 2 2 2 2 2 2 2 2 2 2 2 2 2 2 2 2 2 2 2 2 2 2 2 2
left_child=2 3 5 8 9 -1 10 19 -2 -4 12 13 25 -12 23 17 -7 22 -14 -3 -19 -10 -16 -5 -8 -6 27 28 -18 33 32 -32 -23 34 -21
right_child=1 7 4 14 6 16 24 -9 21 -11 11 -13 18 -15 15 -17 26 20 -20 29 -22 30 -24 -25 -26 -27 -28 -29 -30 -31 31 -33 -34 -35 -36
leaf_value= -0.0086288782953265666 0.0084873808144919193 0.028596966118168411 -0.004036322150501143 0.082032640001091825 0.033098195555587323 0.0015395872710473036 0.044645511223003274 0.075713322796998453 0.074343695953055955 -0.035719005928575125 -0.0027791142550411974 -0.048033669726613208 -0.0076607550987844485 -0.024993647586853268 -0.00032599006888093997 -0.020733990497386983 0.050390003076041856 0.003702128387701053 -0.025795942253850325 0.075046205591848672 -0.035475891190458485 0.098354274536981146 0.018618224647869223 0.023816955079341173 -0.00040849093012511729 0.0033321639516775124 -0.037924364566802982 0.10466417562096351 0.0120206093790566 0.031058130030031484 0.068668503760743668 -0.0042336256339632235 0.042564789819660574 -0.022891307888286458 0.039722388490386631
leaf_weight=441 219 405 329 65 302 251 125 487 224 2143 1147 577 1703 1422 799 324 263 390 960 374 190 43 1432 280 250 389 25 31 154 141 51 116 331 13.999999999999998 115
leaf_count=441 219 405 329 65 302 251 125 487 224 2143 1147 577 1703 1422 799 324 263 390 960 374 190 43 1432 280 250 389 25 31 154 141 51 116 331 14 115
model_size=3952
internal_value=0 0.0252294 -0.0144003 0.0148361 -0.017691 0.0120011 -0.0127249 0.055435 0.0404887 -0.0315023 -0.0143019 -0.0211202 -0.00790653 -0.0150754 0.00758256 0.00458897 0.0245672 0.00750773 -0.0141984 0.0460208 -0.00913205 0.0496499 0.0118336 0.0347851 0.0146095 0.0163413 0.0367869 0.0409561 0.03622 0.0569784 0.0394255 0.0180299 0.0489791 0.0642443 0.066739
internal_weight=0 6000 10512 4464 9347 1165 6875 1536 984 2472 6500 3146 3354 2569 3480 3135 724 2811 2663 1049 580 765 2231 345 375 691 473 448 417 644 541 167 374 503 489
internal_count=16512 6000 10512 4464 9347 1165 6875 1536 984 2472 6500 3146 3354 2569 3480 3135 724 2811 2663 1049 580 765 2231 345 375 691 473 448 417 644 541 167 374 503 489
is_linear=0
shrinkage=0.1


Tree=13
num_leaves= 30
num_cat= 0
full_tree_array_lgbids= 0 1 4 3 2 7 27 5 10 8 22 24 20 -6 28 6 -7 11 15 9 -10 -4 -24 -2 -26 -9 21 -2147483648 -2147483648 -29 -30 -1 12 -2147483648 -2147483648 18 -13 16 -17 14 -11 -2147483648 -2147483648 -2147483648 -2147483648 -2147483648 -2147483648 -2147483648 -2147483648 -2147483648 -2147483648 -2147483648 -2147483648 25 -23 -2147483648 -2147483648 -2147483648 -2147483648 -2147483648 -2147483648 -2147483648 -2147483648 -2147483648 -2147483648 13 -14 -2147483648 -2147483648 -2147483648 -2147483648 19 26 -2147483648 -2147483648 23 -18 -2147483648 -2147483648 -3 17 -2147483648 -2147483648 -2147483648 -2147483648 -2147483648 -2147483648 -2147483648 -2147483648 -2147483648 -2147483648 -2147483648 -2147483648 -2147483648 -2147483648 -2147483648 -2147483648 -2147483648 -2147483648 -2147483648 -2147483648 -2147483648 -2147483648 -2147483648 -2147483648 -2147483648 -2147483648 -22 -27 -2147483648 -2147483648 -2147483648 -2147483648 -2147483648 -2147483648 -2147483648 -2147483648 -2147483648 -2147483648 -2147483648 -2147483648 -2147483648 -2147483648 -2147483648 -2147483648 -2147483648 -2147483648 -2147483648 -2147483648 -2147483648 -2147483648 -8 -15 -2147483648 -2147483648 -2147483648 -2147483648 -2147483648 -2147483648 -2147483648 -2147483648 -2147483648 -2147483648 -5 -21 -20 -28 -2147483648 -2147483648 -2147483648 -2147483648 -12 -25 -2147483648 -2147483648 -2147483648 -2147483648 -2147483648 -2147483648 -2147483648 -2147483648 -16 -19 -2147483648 -2147483648 -2147483648 -2147483648 -2147483648 -2147483648 -2147483648 -2147483648 -2147483648 -2147483648 -2147483648 -2147483648 -2147483648 -2147483648 -2147483648 -2147483648 -2147483648 -2147483648 -2147483648 -2147483648 -2147483648 -2147483648 -2147483648 -2147483648 -2147483648 -2147483648 -2147483648 -2147483648 -2147483648 -2147483648 -2147483648 -2147483648 -2147483648 -2147483648 -2147483648 -2147483648 -2147483648 -2147483648 -2147483648 -2147483648 -2147483648 -2147483648 -2147483648 -2147483648 -2147483648 -2147483648 -2147483648 -2147483648 -2147483648 -2147483648 -2147483648 -2147483648 -2147483648 -2147483648 -2147483648 -2147483648 -2147483648 -2147483648 -2147483648 -2147483648 -2147483648 -2147483648 -2147483648 -2147483648 -2147483648 -2147483648 -2147483648 -2147483648 -2147483648 -2147483648 -2147483648 -2147483648 -2147483648 -2147483648 -2147483648 -2147483648 -2147483648 -2147483648 -2147483648 -2147483648 -2147483648 -2147483648 -2147483648 -2147483648 -2147483648 -2147483648 -2147483648 -2147483648 -2147483648 -2147483648 -2147483648 -2147483648
split_feature= 1 1 6 6 1 7 8 6 8 7 7 8 8 7 2 8 7 6 7 8 8 7 8 8 7 8 6 3 8
split_gain= 480.549 168.547 69.985 46.1974 38.3842 25.3132 31.0001 21.4725 20.4178 21.0825 18.1622 17.07 15.6634 15.6345 14.2739 12.3868 19.3094 11.5159 7.63105 11.7313 7.24474 5.30548 3.80446 2.84298 2.30397 1.58957 1.14467 1.09492 0.82791
threshold= 5.5682000000000009 3.6530500000000008 2.6829812717770039 2.4839226633581473 7.3930000000000016 37.895000000000003 -122.31499999999998 2.4530432249902163 -117.145 37.935000000000009 34.715000000000011 -117.675 -117.145 34.455000000000005 19.500000000000004 -120.62499999999999 37.895000000000003 1.9628175980828908 34.025000000000013 -118.38499999999998 -122.25499999999998 37.955000000000005 -122.26499999999999 -122.31499999999998 37.955000000000005 -117.895 4.0313335151349889 4.9749804381846641 -117.71499999999999
decision_type= 2 2 2 2 2 2 2 2 2 2 2 2 2 2 2 2 2 2 2 2 2 2 2 2 2 2 2 2 2
left_child=1 3 8 5 7 6 -1 24 9 14 11 18 13 -8 -3 16 23 -16 19 -5 -9 25 -4 -12 -2 -22 -20 -6 -29
right_child=4 2 22 10 27 -7 12 20 -10 -11 15 -13 -14 -15 17 -17 -18 -19 26 -21 21 -23 -24 -25 -26 -27 -28 28 -30
leaf_value= 0.057751540357481604 0.066632197510281752 0.0089124715969250996 0.019089566958086425 0.093953579664230347 -0.047403538972139364 -0.022253685832547859 0.01509080119276552 0.063190888631279057 -0.031413720389648986 -0.0039838590004185308 0.023591136089728581 -0.029814970681237854 -0.029100910770597024 -0.011449891997770271 0.068147017404136034 -0.042424116547970271 -0.034174829249350717 0.031585033769884273 0.0067172742232004066 -0.019202332326130549 0.031032444393234306 -0.020915251667611302 -0.0050777597971461644 -0.013726204147125788 -0.036741571701489964 0.0080633801124482003 -0.018080294571678292 0.06768895633728142 0.03021574538239899
leaf_weight=131 275 419 277 18 9.9999999999999982 793 927 115 104 324 115 919 282 637 198 890 1036 1115 796 1203 858 84 2877 721 12.999999999999998 330 262 687 96
leaf_count=131 275 419 277 18 10 793 927 115 104 324 115 919 282 637 198 890 1036 1115 796 1203 858 84 2877 721 13 330 262 687 96
model_size=3280
internal_value=0 -0.00723241 0.00725744 -0.0160525 0.0411556 -0.00418505 0.00306251 0.0314287 0.0221699 0.0248803 -0.021568 -0.0150717 -0.000818454 0.00428107 0.0302799 -0.0290899 -0.0227504 0.0370986 -0.00912652 -0.0175342 0.0250878 0.021643 -0.00295526 -0.00859284 0.061966 0.0246521 0.000576477 0.0617011 0.0630945
internal_weight=0 14044 5314 8730 2468 2770 1977 1675 2160 2056 5960 3198 1846 1564 1732 2762 1872 1313 2279 1221 1387 1272 3154 836 288 1188 1058 793 783
internal_count=16512 14044 5314 8730 2468 2770 1977 1675 2160 2056 5960 3198 1846 1564 1732 2762 1872 1313 2279 1221 1387 1272 3154 836 288 1188 1058 793 783
is_linear=0
shrinkage=0.1


Tree=14
num_leaves= 35
num_cat= 0
full_tree_array_lgbids= 0 2 1 3 5 4 24 6 8 10 26 11 19 25 -26 7 -8 9 -10 31 -12 27 -28 12 20 -6 -21 -3 30 -2147483648 -2147483648 -1 21 -2147483648 -2147483648 16 -11 -2147483648 -2147483648 32 -33 -2147483648 -2147483648 28 -29 -2147483648 -2147483648 13 14 -13 -22 -2147483648 -2147483648 -2147483648 -2147483648 -2147483648 -2147483648 -27 -32 -2147483648 -2147483648 -2147483648 -2147483648 -2147483648 -2147483648 22 23 -2147483648 -2147483648 -2147483648 -2147483648 29 17 -2147483648 -2147483648 -2147483648 -2147483648 -2147483648 -2147483648 33 -34 -2147483648 -2147483648 -2147483648 -2147483648 -2147483648 -2147483648 -7 -30 -2147483648 -2147483648 -2147483648 -2147483648 -2147483648 -2147483648 -2 15 18 -16 -2147483648 -2147483648 -2147483648 -2147483648 -2147483648 -2147483648 -2147483648 -2147483648 -2147483648 -2147483648 -2147483648 -2147483648 -2147483648 -2147483648 -2147483648 -2147483648 -2147483648 -2147483648 -2147483648 -2147483648 -2147483648 -2147483648 -2147483648 -2147483648 -2147483648 -2147483648 -2147483648 -2147483648 -2147483648 -2147483648 -2147483648 -2147483648 -9 -24 -23 -25 -2147483648 -2147483648 -2147483648 -2147483648 -2147483648 -2147483648 -2147483648 -2147483648 -5 -31 -18 -19 -2147483648 -2147483648 -2147483648 -2147483648 -2147483648 -2147483648 -2147483648 -2147483648 -2147483648 -2147483648 -2147483648 -2147483648 -4 -35 -2147483648 -2147483648 -2147483648 -2147483648 -2147483648 -2147483648 -2147483648 -2147483648 -2147483648 -2147483648 -2147483648 -2147483648 -2147483648 -2147483648 -2147483648 -2147483648 -2147483648 -2147483648 -2147483648 -2147483648 -2147483648 -2147483648 -2147483648 -2147483648 -2147483648 -2147483648 -2147483648 -2147483648 -2147483648 -2147483648 -2147483648 -2147483648 -15 -17 -14 -20 -2147483648 -2147483648 -2147483648 -2147483648 -2147483648 -2147483648 -2147483648 -2147483648 -2147483648 -2147483648 -2147483648 -2147483648 -2147483648 -2147483648 -2147483648 -2147483648 -2147483648 -2147483648 -2147483648 -2147483648 -2147483648 -2147483648 -2147483648 -2147483648 -2147483648 -2147483648 -2147483648 -2147483648 -2147483648 -2147483648 -2147483648 -2147483648 -2147483648 -2147483648 -2147483648 -2147483648 -2147483648 -2147483648 -2147483648 -2147483648 -2147483648 -2147483648 -2147483648 -2147483648 -2147483648 -2147483648 -2147483648 -2147483648 -2147483648 -2147483648 -2147483648 -2147483648 -2147483648 -2147483648 -2147483648 -2147483648 -2147483648 -2147483648
split_feature= 1 1 6 1 6 1 7 8 8 7 7 7 8 7 7 8 6 8 8 6 8 7 8 8 7 8 8 7 8 2 7 8 7 8
split_gain= 393.805 87.7999 72.7964 51.602 37.3237 19.1849 15.371 15.1888 10.1672 13.9006 8.45848 5.41886 11.9471 17.146 13.1886 8.73214 4.72972 5.52631 3.34265 3.07042 2.28184 1.80751 39.9786 23.1907 1.65203 1.49972 0.952561 1.594 9.40724 0.659891 0.249014 0.0227288 3.14829 0.717747
threshold= 4.5301500000000017 6.8672000000000013 2.5949646725452555 3.3277500000000004 2.671038674349933 2.5205000000000006 38.515000000000008 -122.35499999999998 -117.16499999999998 37.815000000000005 35.335000000000008 37.925000000000004 -118.30499999999999 34.165000000000006 33.755000000000003 -122.02499999999999 2.0782574626733381 -122.25499999999998 -117.175 3.1424162072895592 -122.40499999999999 34.655000000000008 -118.35499999999998 -120.34499999999998 38.155000000000008 -117.97499999999998 -116.68499999999999 38.455000000000005 -122.44499999999998 26.500000000000004 33.645000000000003 -117.46499999999999 34.015000000000008 -118.21499999999999
decision_type= 2 2 2 2 2 2 2 2 2 2 2 2 2 2 2 2 2 2 2 2 2 2 2 2 2 2 2 2 2 2 2 2 2 2
left_child=2 4 3 6 11 10 7 -1 9 16 31 12 13 -2 18 -15 29 -18 -14 -6 -13 22 -9 -23 25 -3 27 28 -7 -5 -27 32 33 -4
right_child=1 24 5 8 19 26 -8 21 -10 -11 -12 20 14 15 -16 -17 17 -19 -20 -21 -22 23 -24 -25 -26 30 -28 -29 -30 -31 -32 -33 -34 -35
leaf_value= 0.035354430993884856 0.075223577670760836 0.060236785125129304 -0.035953678182523811 0.023606104631566229 0.015005667427224048 0.028315713218705369 -0.026989725993147917 0.044920273545898809 -0.031221272098946942 -0.0043574693111835842 -0.035472689531174717 0.041882148910971251 0.050284010864115963 0.049992435076538562 -0.0091344086043731714 0.010427512987538183 0.05985316194832152 0.013100915923603476 -0.015318627705479541 -0.00064977406891304486 -0.021974776190166412 -0.0034615790497334337 -0.0094475793037517661 -0.04789806895844341 -0.022175265006397084 0.057049628166854383 -0.056621017344295976 -0.02675117892263992 -0.010780721979855641 0.058766911192816344 0.015553046436010241 -0.032115285568707214 -0.0015378024017799795 -0.0033666706604742296
leaf_weight=165 238 748 330 177 1392 140 595 214 89 350 1097 51 196 308 191 218 86 720 41 1006 95 654 913 238 23 125 60 481 4074 212 144 399 570 172
leaf_count=165 238 748 330 177 1392 140 595 214 89 350 1097 51 196 308 191 218 86 720 41 1006 95 654 913 238 23 125 60 481 4074 212 144 399 570 172
model_size=3840
internal_value=0 0.0245514 -0.00999127 0.000908989 0.0169539 -0.01656 -0.00824099 -0.00313317 0.0164707 0.019218 -0.0253302 0.0322163 0.0361217 0.0465629 0.0174835 0.0335948 0.0261229 0.0180894 0.038935 0.00843796 0.00033141 -0.00627851 0.000876041 -0.015318 0.0518442 0.0535181 -0.0118236 -0.0112511 -0.00948184 0.0427683 0.0348358 -0.0177664 -0.0124257 -0.0247884
internal_weight=0 4776 11736 4413 3736 7323 2779 2184 1634 1545 2568 1338 1192 764 428 526 1195 806 237 2398 146 2019 1127 892 1040 1017 4755 4695 4214 389 269 1471 1072 502
internal_count=16512 4776 11736 4413 3736 7323 2779 2184 1634 1545 2568 1338 1192 764 428 526 1195 806 237 2398 146 2019 1127 892 1040 1017 4755 4695 4214 389 269 1471 1072 502
is_linear=0
shrinkage=0.1


Tree=15
num_leaves= 23
num_cat= 0
full_tree_array_lgbids= 0 1 3 4 2 5 -5 19 9 6 21 13 -7 -2147483648 -2147483648 -1 20 10 11 -3 7 -4 -23 14 16 -2147483648 -2147483648 -2147483648 -2147483648 -2147483648 -2147483648 -2147483648 -2147483648 -21 -22 -6 -12 12 -13 -2147483648 -2147483648 -8 8 -2147483648 -2147483648 -2147483648 -2147483648 -2 15 -15 -18 -2147483648 -2147483648 -2147483648 -2147483648 -2147483648 -2147483648 -2147483648 -2147483648 -2147483648 -2147483648 -2147483648 -2147483648 -2147483648 -2147483648 -2147483648 -2147483648 -2147483648 -2147483648 -2147483648 -2147483648 -2147483648 -2147483648 -2147483648 -2147483648 -11 18 -2147483648 -2147483648 -2147483648 -2147483648 -2147483648 -2147483648 -2147483648 -2147483648 -9 17 -2147483648 -2147483648 -2147483648 -2147483648 -2147483648 -2147483648 -2147483648 -2147483648 -2147483648 -2147483648 -16 -17 -2147483648 -2147483648 -2147483648 -2147483648 -2147483648 -2147483648 -2147483648 -2147483648 -2147483648 -2147483648 -2147483648 -2147483648 -2147483648 -2147483648 -2147483648 -2147483648 -2147483648 -2147483648 -2147483648 -2147483648 -2147483648 -2147483648 -2147483648 -2147483648 -2147483648 -2147483648 -2147483648 -2147483648 -2147483648 -2147483648 -2147483648 -2147483648 -2147483648 -2147483648 -2147483648 -2147483648 -2147483648 -2147483648 -2147483648 -2147483648 -2147483648 -2147483648 -2147483648 -2147483648 -2147483648 -2147483648 -2147483648 -2147483648 -2147483648 -2147483648 -2147483648 -2147483648 -2147483648 -2147483648 -14 -20 -2147483648 -2147483648 -2147483648 -2147483648 -2147483648 -2147483648 -2147483648 -2147483648 -2147483648 -2147483648 -2147483648 -2147483648 -2147483648 -2147483648 -2147483648 -2147483648 -2147483648 -2147483648 -10 -19 -2147483648 -2147483648 -2147483648 -2147483648 -2147483648 -2147483648 -2147483648 -2147483648 -2147483648 -2147483648 -2147483648 -2147483648 -2147483648 -2147483648 -2147483648 -2147483648 -2147483648 -2147483648 -2147483648 -2147483648 -2147483648 -2147483648 -2147483648 -2147483648 -2147483648 -2147483648 -2147483648 -2147483648 -2147483648 -2147483648 -2147483648 -2147483648 -2147483648 -2147483648 -2147483648 -2147483648 -2147483648 -2147483648 -2147483648 -2147483648 -2147483648 -2147483648 -2147483648 -2147483648 -2147483648 -2147483648 -2147483648 -2147483648 -2147483648 -2147483648 -2147483648 -2147483648 -2147483648 -2147483648 -2147483648 -2147483648 -2147483648 -2147483648 -2147483648 -2147483648 -2147483648 -2147483648 -2147483648 -2147483648 -2147483648 -2147483648 -2147483648 -2147483648 -2147483648 -2147483648 -2147483648 -2147483648 -2147483648 -2147483648 -2147483648 -2147483648 -2147483648 -2147483648 -2147483648 -2147483648
split_feature= 1 1 6 1 6 6 2 4 6 7 8 8 7 8 7 8 7 7 7 2 1 8
split_gain= 320.967 93.6137 53.7575 31.9372 16.4756 15.0637 13.7989 17.5077 8.78847 8.65022 17.3064 14.6708 16.3439 5.08789 10.1113 17.6887 5.64105 4.27508 2.74762 1.07592 1.43671 0.490997
threshold= 5.2771000000000017 3.3277500000000004 2.671038674349933 7.2638000000000007 2.0376051459673437 2.9432978723404259 18.500000000000004 1.0239055440047398 1.8179079789978452 34.525000000000013 -118.30499999999999 -121.675 37.595000000000006 -117.85499999999998 37.615000000000002 -122.40499999999999 33.605000000000011 37.615000000000002 38.675000000000004 27.500000000000004 1.7274500000000004 -122.41499999999998
decision_type= 2 2 2 2 2 2 2 2 2 2 2 2 2 2 2 2 2 2 2 2 2 2
left_child=1 4 6 5 19 13 -3 -8 -9 10 -6 12 -11 14 -2 -16 -15 -10 -14 -1 -21 -4
right_child=3 2 21 -5 9 -7 7 8 17 11 -12 -13 18 16 15 -17 -18 -19 -20 20 -22 -23
leaf_value= -0.0093302478908548411 0.047206900839393079 -0.0017673480681671743 0.01647137279563797 0.049288574674148204 0.0094327203217675105 0.009667508446514303 0.0050875215108245912 0.067072314203438108 0.034704466096813644 0.022802771164449575 -0.01554302693573572 -0.029370657277941331 -0.0086743914918801235 0.031495501255101664 0.062458027929274573 -0.0059672109971231806 -0.025728183956222062 0.0084811561416009932 -0.031783995132191066 -0.025959658604115251 0.022875858883598152 -0.0071468407291612052
leaf_weight=438 706 642 231 854 562 913 699 137 700 203 2634 2045 706 123 90 205 92 344 433 65 344 3346
leaf_count=438 706 642 231 854 562 913 699 137 700 203 2634 2045 706 123 90 205 92 344 433 65 344 3346
model_size=2496
internal_value=0 -0.0066636 0.00306815 0.0302219 -0.014652 0.0225737 0.015393 0.021253 0.030821 -0.0168555 -0.0111512 -0.0222382 -0.0113693 0.032264 0.0376883 0.0149083 0.00700909 0.0260638 -0.0174597 0.00247375 0.0151147 -0.00562159
internal_weight=0 13529 6099 2983 7430 2129 2522 1880 1181 6583 3196 3387 1342 1216 1001 295 215 1044 1139 847 409 3577
internal_count=16512 13529 6099 2983 7430 2129 2522 1880 1181 6583 3196 3387 1342 1216 1001 295 215 1044 1139 847 409 3577
is_linear=0
shrinkage=0.1


Tree=16
num_leaves= 8
num_cat= 0
full_tree_array_lgbids= 0 3 1 -1 -5 2 4 -2147483648 -2147483648 -2147483648 -2147483648 5 6 -3 -6 -2147483648 -2147483648 -2147483648 -2147483648 -2147483648 -2147483648 -2147483648 -2147483648 -2 -7 -4 -8 -2147483648 -2147483648 -2147483648 -2147483648
split_feature= 1 1 6 6 2 2 6
split_gain= 265.172 87.2181 35.1772 28.9118 11.5449 8.07238 7.75578
threshold= 3.9004500000000006 5.8308000000000009 2.3055777777777782 2.8024658054711251 29.500000000000004 16.500000000000004 3.1336552646136835
decision_type= 2 2 2 2 2 2 2
left_child=3 2 5 -1 -3 -2 -4
right_child=1 4 6 -5 -6 -7 -8
leaf_value= -0.0043984747832479659 0.001816775105606289 0.025520662261620149 0.0079156954666233081 -0.01738181548352297 0.047471319824003134 0.039241242056048203 -0.0070196661816396546
leaf_weight=4817 188 1333 2690 4843 761 579 1301
leaf_count=4817 188 1333 2690 4843 761 579 1301
model_size=816
internal_value=0 0.0153776 0.00740287 -0.0109076 0.033498 0.0300681 0.00304701
internal_weight=0 6852 4758 9660 2094 767 3991
internal_count=16512 6852 4758 9660 2094 767 3991
is_linear=0
shrinkage=0.1


end of trees

feature_importances:
Column_8=243
Column_7=234
Column_6=144
Column_1=133
Column_2=101
Column_4=39
Column_3=31
Column_5=29

parameters:
[boosting: gbdt]
[objective: regression]
[metric: rmse]
[tree_learner: serial]
[device_type: cpu]
[data_sample_strategy: bagging]
[data: data/california_housing.libsvm.train]
[valid: data/california_housing.libsvm.test]
[num_iterations: 1000]
[learning_rate: 0.1]
[num_leaves: 255]
[num_threads: 0]
[seed: 42]
[deterministic: 0]
[force_col_wise: 0]
[force_row_wise: 0]
[histogram_pool_size: -1]
[max_depth: 7]
[min_data_in_leaf: 10]
[min_sum_hessian_in_leaf: 0.001]
[bagging_fraction: 1]
[pos_bagging_fraction: 1]
[neg_bagging_fraction: 1]
[bagging_freq: 0]
[bagging_seed: 400]
[feature_fraction: 1]
[feature_fraction_bynode: 1]
[feature_fraction_seed: 30056]
[extra_trees: 0]
[extra_seed: 12879]
[early_stopping_round: 0]
[early_stopping_min_delta: 0]
[first_metric_only: 0]
[max_delta_step: 0]
[lambda_l1: 0]
[lambda_l2: 0]
[linear_lambda: 0]
[min_gain_to_split: 0]
[drop_rate: 0.1]
[max_drop: 50]
[skip_drop: 0.5]
[xgboost_dart_mode: 0]
[uniform_drop: 0]
[drop_seed: 17869]
[top_rate: 0.2]
[other_rate: 0.1]
[min_data_per_group: 100]
[max_cat_threshold: 32]
[cat_l2: 10]
[cat_smooth: 10]
[max_cat_to_onehot: 4]
[top_k: 20]
[monotone_constraints: ]
[monotone_constraints_method: basic]
[monotone_penalty: 0]
[feature_contri: ]
[forcedsplits_filename: ]
[refit_decay_rate: 0.9]
[tinygbdt_penalty_feature: 0.125]
[tinygbdt_penalty_split: 0.0078125]
[tinygbdt_forestsize: 64000]
[tinygbdt_precision: 7]
[cegb_tradeoff: 1]
[cegb_penalty_split: 0]
[cegb_penalty_feature_lazy: ]
[cegb_penalty_feature_coupled: ]
[path_smooth: 0]
[interaction_constraints: ]
[verbosity: 2]
[saved_feature_importance_type: 0]
[use_quantized_grad: 0]
[num_grad_quant_bins: 4]
[quant_train_renew_leaf: 0]
[stochastic_rounding: 1]
[linear_tree: 0]
[max_bin: 255]
[max_bin_by_feature: ]
[min_data_in_bin: 3]
[bin_construct_sample_cnt: 200000]
[data_random_seed: 175]
[is_enable_sparse: 1]
[enable_bundle: 1]
[use_missing: 1]
[zero_as_missing: 0]
[feature_pre_filter: 1]
[pre_partition: 0]
[two_round: 0]
[header: 0]
[label_column: ]
[weight_column: ]
[group_column: ]
[ignore_column: ]
[categorical_feature: ]
[forcedbins_filename: ]
[precise_float_parser: 0]
[parser_config_file: ]
[objective_seed: 16083]
[num_class: 1]
[is_unbalance: 0]
[scale_pos_weight: 1]
[sigmoid: 1]
[boost_from_average: 1]
[reg_sqrt: 0]
[alpha: 0.9]
[fair_c: 1]
[poisson_max_delta_step: 0.7]
[tweedie_variance_power: 1.5]
[lambdarank_truncation_level: 30]
[lambdarank_norm: 1]
[label_gain: ]
[lambdarank_position_bias_regularization: 0]
[eval_at: ]
[multi_error_top_k: 1]
[auc_mu_weights: ]
[num_machines: 1]
[local_listen_port: 12400]
[time_out: 120]
[machine_list_filename: ]
[machines: ]
[gpu_platform_id: -1]
[gpu_device_id: -1]
[gpu_use_dp: 0]
[num_gpu: 1]

end of parameters
