tree
version=v4
num_class=1
num_tree_per_iteration=1
label_index=0
max_feature_idx=21
objective=binary sigmoid:1
feature_names=Column_0 Column_1 Column_2 Column_3 Column_4 Column_5 Column_6 Column_7 Column_8 Column_9 Column_10 Column_11 Column_12 Column_13 Column_14 Column_15 Column_16 Column_17 Column_18 Column_19 Column_20 Column_21
feature_infos=[0:5] [0:3] [0:9] [0:1] [0:8] [0:1] [0:1] [0:1] [0:11] [0:1] [0:4] [0:3] [0:3] [0:8] [0:8] none [0:3] [0:2] [0:4] [0:8] [0:5] [0:6]
tree_sizes=1055 1044 1049 1036 1043 1047 1042 1054 1049 1050 1052 1062 1061 1062 1061 1057 1067 1050 800 806 804 885 890 801 801 801 801 801 797 798 803 801 792 968 803 797 973 804 975 807 891 806 976 809 804 896 720 801 810 971 718 803 801 718 806 887 806 890 803 804 802 805 974 802 721 802 800 719 801 971 722 887 806 718 1051 720 801 972 721 887 890 801 717 805 719 802 720 804 715 977 892 793 718 801 721 799 721 806 803 719 804 805 800 724 804 719 799 887 721 717 807 891 803 724 723 808 724 723 806 723 890 991 885 807

Tree=0
num_leaves= 8
num_cat= 0
full_tree_array_lgbids= 0 1 2 5 6 4 3 -1 -7 -3 -8 -2 -6 -4 -5
split_feature= 8 20 19 7 4 10 21
split_gain= 2189.66 1173.99 1116.5 758.521 243.45 203.966 29.1307
threshold= 3.5000000000000004 3.5000000000000004 1.5000000000000002 1.0000000180025095e-35 4.5000000000000009 1.0000000180025095e-35 4.5000000000000009
decision_type= 2 2 2 2 2 2 2
left_child=1 5 4 -4 -2 -1 -3
right_child=2 6 3 -5 -6 -7 -8
leaf_value= 0.13625295265526666 0.13625295265526666 0.13456384585043257 -0.25410630703196962 0.011094830380406609 -0.26425303862428545 -0.26425303862428545 -0.052220455005699037
leaf_weight=14.48168098926544 127.58860319852829 532.82598674297333 689.87732023000717 127.83828735351562 17.228206694126129 104.36797678470612 8.4892612695693952
leaf_count=58 511 2134 2763 512 69 418 34
model_size=816
internal_value=-0.0711178 0.0691485 -0.167321 -0.212646 0.0886066 -0.215452 0.131635
internal_weight=0 660.165 962.532 817.716 144.817 118.85 541.315
internal_count=6499 2644 3855 3275 580 476 2168
is_linear=0
shrinkage=1


Tree=1
num_leaves= 8
num_cat= 0
full_tree_array_lgbids= 0 1 2 5 6 4 3 -1 -7 -3 -8 -2 -6 -4 -5
split_feature= 8 20 19 7 4 10 21
split_gain= 1788.27 954.771 914.647 626.381 198.2 167.67 23.7656
threshold= 3.5000000000000004 3.5000000000000004 1.5000000000000002 1.0000000180025095e-35 4.5000000000000009 1.0000000180025095e-35 4.5000000000000009
decision_type= 2 2 2 2 2 2 2
left_child=1 5 4 -4 -2 -1 -3
right_child=2 6 3 -5 -6 -7 -8
leaf_value= 0.18726217829300001 0.18726217829300001 0.18571508241162918 -0.16726255154856101 0.073892799984502308 -0.17677793099633521 -0.17677793099633521 0.016997149351572715
leaf_weight=14.432910382747648 127.15891733765602 531.09220561385155 679.71848121285439 127.99606323242188 16.952329516410828 102.69672083854675 8.4942075908184034
leaf_count=58 511 2134 2763 512 69 418 34
model_size=816
internal_value=0 0.12688 -0.0876402 -0.129047 0.144439 -0.13192 0.183059
internal_weight=0 656.716 951.826 807.715 144.111 117.13 539.586
internal_count=6499 2644 3855 3275 580 476 2168
is_linear=0
shrinkage=0.1


Tree=2
num_leaves= 8
num_cat= 0
full_tree_array_lgbids= 0 1 2 5 6 4 3 -1 -7 -3 -8 -2 -6 -4 -5
split_feature= 8 20 19 7 4 10 21
split_gain= 1485.49 791.646 760.335 525.995 164.567 140.215 20.1963
threshold= 3.5000000000000004 3.5000000000000004 1.5000000000000002 1.0000000180025095e-35 4.5000000000000009 1.0000000180025095e-35 4.5000000000000009
decision_type= 2 2 2 2 2 2 2
left_child=1 5 4 -4 -2 -1 -3
right_child=2 6 3 -5 -6 -7 -8
leaf_value= 0.17236010255125836 0.17236010255125836 0.17086405170974694 -0.15502436945878606 0.066626512356841902 -0.16433727988382651 -0.16433727988382651 0.015291415035553924
leaf_weight=14.127121359109877 124.46481059491634 520.04911720752716 660.97406414151192 127.76914215087891 16.43764516711235 99.578777968883514 8.4973639547824842
leaf_count=58 511 2134 2763 512 69 418 34
model_size=816
internal_value=0 0.116867 -0.0808941 -0.119119 0.133081 -0.122505 0.168363
internal_weight=0 642.252 929.646 788.743 140.902 113.706 528.546
internal_count=6499 2644 3855 3275 580 476 2168
is_linear=0
shrinkage=0.1


Tree=3
num_leaves= 8
num_cat= 0
full_tree_array_lgbids= 0 1 2 5 6 4 3 -1 -7 -3 -8 -2 -6 -4 -5
split_feature= 8 20 19 4 4 10 21
split_gain= 1249.64 665.849 638.958 466.169 138.65 118.78 17.6835
threshold= 3.5000000000000004 3.5000000000000004 1.5000000000000002 5.5000000000000009 4.5000000000000009 1.0000000180025095e-35 4.5000000000000009
decision_type= 2 2 2 2 2 2 2
left_child=1 5 4 -4 -2 -1 -3
right_child=2 6 3 -5 -6 -7 -8
leaf_value= 0.1609037703805144 0.1609037703805144 0.15940188087544543 -0.13152452094662784 0.18593198198927297 -0.15458733496862687 -0.15458733496862687 0.013759198216872701
leaf_weight=13.6439371407032 120.20779101550579 502.57771798968315 714.21368005871773 49.465191811323166 15.761341184377669 95.481748044490814 8.4991559386253339
leaf_count=58 511 2134 3076 199 69 418 34
model_size=816
internal_value=0 0.1091 -0.0754007 -0.110962 0.124333 -0.115142 0.15698
internal_weight=0 620.203 899.648 763.679 135.969 109.126 511.077
internal_count=6499 2644 3855 3275 580 476 2168
is_linear=0
shrinkage=0.1


Tree=4
num_leaves= 8
num_cat= 0
full_tree_array_lgbids= 0 1 2 5 6 4 3 -1 -7 -3 -8 -2 -6 -4 -5
split_feature= 8 20 19 7 4 10 21
split_gain= 1059.32 566.215 539.424 416.316 118.131 101.638 15.8364
threshold= 3.5000000000000004 3.5000000000000004 1.5000000000000002 1.0000000180025095e-35 4.5000000000000009 1.0000000180025095e-35 4.5000000000000009
decision_type= 2 2 2 2 2 2 2
left_child=1 5 4 -4 -2 -1 -3
right_child=2 6 3 -5 -6 -7 -8
leaf_value= 0.15185187516794491 0.15185187516794491 0.150304303522415 -0.13780942792587297 0.06144696400678909 -0.14676872362570559 -0.14676872362570559 0.01238208966845589
leaf_weight=13.042239397764204 114.90662641823292 480.80972275137901 610.95480671525002 126.60149097442627 14.980887696146963 90.75378343462944 8.4999189376831037
leaf_count=58 511 2134 2763 512 69 418 34
model_size=816
internal_value=0 0.102905 -0.0705129 -0.103607 0.11741 -0.109246 0.147908
internal_weight=0 593.106 867.444 737.556 129.888 103.796 489.31
internal_count=6499 2644 3855 3275 580 476 2168
is_linear=0
shrinkage=0.1


Tree=5
num_leaves= 8
num_cat= 0
full_tree_array_lgbids= 0 1 2 5 6 4 3 -1 -7 -3 -8 -2 -6 -4 -5
split_feature= 8 20 19 7 4 10 21
split_gain= 906.384 485.656 459.781 359.815 101.547 87.671 14.4331
threshold= 3.5000000000000004 3.5000000000000004 1.5000000000000002 1.0000000180025095e-35 4.5000000000000009 1.0000000180025095e-35 4.5000000000000009
decision_type= 2 2 2 2 2 2 2
left_child=1 5 4 -4 -2 -1 -3
right_child=2 6 3 -5 -6 -7 -8
leaf_value= 0.14454675775689577 0.14454675775689577 0.14292252037587155 -0.1308679037201633 0.05560725653805107 -0.14038449805642142 -0.14038449805642142 0.011143876139678986
leaf_weight=12.365946739912031 108.9482548981905 456.33597576618195 580.59435327351093 125.94146846234798 14.139219447970389 85.654981583356857 8.4999179244041425
leaf_count=58 511 2134 2763 512 69 418 34
model_size=816
internal_value=0 0.0978548 -0.066554 -0.0976283 0.111816 -0.104439 0.140513
internal_weight=0 562.857 829.623 706.536 123.087 98.0209 464.836
internal_count=6499 2644 3855 3275 580 476 2168
is_linear=0
shrinkage=0.1


Tree=6
num_leaves= 8
num_cat= 0
full_tree_array_lgbids= 0 1 2 5 6 4 3 -1 -7 -3 -8 -2 -6 -4 -5
split_feature= 8 20 19 4 4 10 21
split_gain= 780.219 419.442 393.906 332.643 87.9176 76.1189 13.3361
threshold= 3.5000000000000004 3.5000000000000004 1.5000000000000002 5.5000000000000009 4.5000000000000009 1.0000000180025095e-35 4.5000000000000009
decision_type= 2 2 2 2 2 2 2
left_child=1 5 4 -4 -2 -1 -3
right_child=2 6 3 -5 -6 -7 -8
leaf_value= 0.13855140791954978 0.13855140791954978 0.13682439039250779 -0.11166128405514984 0.16347015136058904 -0.13509509769210032 -0.13509509769210032 0.010030179016638035
leaf_weight=11.647865027189253 102.62170739471912 430.34496757388115 626.97010035812855 47.265657484531403 13.268332377076147 80.379172950983047 8.499360114336012
leaf_count=58 511 2134 3076 199 69 418 34
model_size=816
internal_value=0 0.093661 -0.0630986 -0.0923739 0.107221 -0.10046 0.134369
internal_weight=0 530.871 790.126 674.236 115.89 92.027 438.844
internal_count=6499 2644 3855 3275 580 476 2168
is_linear=0
shrinkage=0.1


Tree=7
num_leaves= 8
num_cat= 0
full_tree_array_lgbids= 0 1 2 5 6 3 4 -1 -7 -3 -8 -2 -5 -4 -6
split_feature= 8 20 4 4 4 10 21
split_gain= 673.232 364.289 344.545 316.338 309.974 66.4458 12.4578
threshold= 3.5000000000000004 3.5000000000000004 2.5000000000000004 1.0000000180025095e-35 5.5000000000000009 1.0000000180025095e-35 4.5000000000000009
decision_type= 2 2 2 2 2 2 2
left_child=1 5 3 -2 -4 -1 -3
right_child=2 6 4 -5 -6 -7 -8
leaf_value= 0.13356356395996258 -0.14529282149684927 0.13171005731933175 -0.11869843311920447 0.14837441881911215 0.15389833784723783 -0.13066022980921915 0.0090282261165076112
leaf_weight=10.912395119667051 51.908115670084953 403.72099873423576 530.46725672483444 125.13725709915161 45.285649582743645 75.069723188877106 8.4984066188335401
leaf_count=58 264 2134 2765 627 199 418 34
model_size=816
internal_value=0 0.0901236 -0.0597384 0.0622738 -0.0972574 -0.0971263 0.129181
internal_weight=0 498.202 752.798 177.045 575.753 85.9821 412.219
internal_count=6499 2644 3855 891 2964 476 2168
is_linear=0
shrinkage=0.1


Tree=8
num_leaves= 8
num_cat= 0
full_tree_array_lgbids= 0 1 2 5 6 3 4 -1 -7 -3 -8 -2 -5 -4 -6
split_feature= 8 20 4 4 4 10 21
split_gain= 585.106 317.838 297.154 274.34 266.985 58.2596 11.7357
threshold= 3.5000000000000004 3.5000000000000004 2.5000000000000004 1.0000000180025095e-35 5.5000000000000009 1.0000000180025095e-35 4.5000000000000009
decision_type= 2 2 2 2 2 2 2
left_child=1 5 3 -2 -4 -1 -3
right_child=2 6 4 -5 -6 -7 -8
leaf_value= 0.12936717161346731 -0.13978814497319475 0.12736450175659514 -0.11343085486951202 0.14240819835891569 0.14621023574542055 -0.12690484179902931 0.0081266281495820016
leaf_weight=10.177520692348478 48.72111688554287 377.11591854691505 501.11881312727928 117.72383327782154 43.016563415527344 69.83132404088974 8.4971830844879133
leaf_count=58 264 2134 2765 627 199 418 34
model_size=816
internal_value=0 0.0870984 -0.0571345 0.0598048 -0.092905 -0.0943058 0.124737
internal_weight=0 465.622 710.58 166.445 544.135 80.0088 385.613
internal_count=6499 2644 3855 891 2964 476 2168
is_linear=0
shrinkage=0.1


Tree=9
num_leaves= 8
num_cat= 0
full_tree_array_lgbids= 0 1 2 5 6 3 4 -1 -7 -3 -8 -2 -5 -4 -6
split_feature= 8 20 4 4 4 10 21
split_gain= 510.308 278.364 256.999 239.132 230.784 51.277 11.1353
threshold= 3.5000000000000004 3.5000000000000004 2.5000000000000004 1.0000000180025095e-35 5.5000000000000009 1.0000000180025095e-35 4.5000000000000009
decision_type= 2 2 2 2 2 2 2
left_child=1 5 3 -2 -4 -1 -3
right_child=2 6 4 -5 -6 -7 -8
leaf_value= 0.12580350276737742 -0.1351172420254087 0.12362912245979391 -0.10863248417510525 0.13735862927931936 0.13992454436181059 -0.12369825373571018 0.0073152391151233565
leaf_weight=9.456299960613249 45.529184013605118 351.00311988592148 472.42269667983055 110.23233403265476 40.579360768198967 64.738919049501419 8.4957862794399244
leaf_count=58 264 2134 2765 627 199 418 34
model_size=816
internal_value=0 0.0844787 -0.0548068 0.0577138 -0.0889712 -0.0918989 0.12088
internal_weight=0 433.694 668.764 155.762 513.002 74.1952 359.499
internal_count=6499 2644 3855 891 2964 476 2168
is_linear=0
shrinkage=0.1


Tree=10
num_leaves= 8
num_cat= 0
full_tree_array_lgbids= 0 1 2 5 6 3 4 -1 -7 -3 -8 -2 -5 -4 -6
split_feature= 8 20 4 4 4 10 21
split_gain= 446.34 244.557 222.736 209.336 200.038 45.2764 10.626
threshold= 3.5000000000000004 3.5000000000000004 2.5000000000000004 1.0000000180025095e-35 5.5000000000000009 1.0000000180025095e-35 4.5000000000000009
decision_type= 2 2 2 2 2 2 2
left_child=1 5 3 -2 -4 -1 -3
right_child=2 6 4 -5 -6 -7 -8
leaf_value= 0.12275322415096231 -0.13111353004825663 0.12038400087870281 -0.10419879614795335 0.13304018591668704 0.13471134256417225 -0.12094088198253522 0.0065849330255211939
leaf_weight=8.7580039203166944 42.389104306697845 325.71884620189667 444.71579402685165 102.81145115196705 38.064152121543884 59.844586253166199 8.4942886531352979
leaf_count=58 264 2134 2765 627 199 418 34
model_size=816
internal_value=0 0.0821832 -0.0526942 0.0559245 -0.0853622 -0.0898302 0.117492
internal_weight=0 402.816 627.981 145.201 482.78 68.6026 334.213
internal_count=6499 2644 3855 891 2964 476 2168
is_linear=0
shrinkage=0.1


Tree=11
num_leaves= 8
num_cat= 0
full_tree_array_lgbids= 0 1 2 5 6 3 4 -1 -7 -3 -8 -2 -5 -4 -6
split_feature= 8 20 9 10 19 10 12
split_gain= 391.288 215.414 207.102 167.664 115.02 40.0877 10.7797
threshold= 3.5000000000000004 3.5000000000000004 1.0000000180025095e-35 1.0000000180025095e-35 1.5000000000000002 1.0000000180025095e-35 1.0000000180025095e-35
decision_type= 2 2 2 2 2 2 2
left_child=1 5 3 -2 -4 -1 -3
right_child=2 6 4 -5 -6 -7 -8
leaf_value= 0.120124818310304 0.11845687264494929 -0.037351347476324619 0.11914917803331171 -0.044425029081011702 -0.12390419260381205 -0.11855542649094364 0.11679102756216418
leaf_weight=8.0889927148818952 96.194051325321198 4.6498577296733847 20.907384902238846 184.56234389543533 287.0092796087265 55.18286994099617 305.33662542700768
leaf_count=58 592 26 155 1185 1923 418 2142
model_size=816
internal_value=0 0.0801492 -0.0507496 0.0113823 -0.107401 -0.0880413 0.114479
internal_weight=0 373.258 588.673 280.756 307.917 63.2719 309.986
internal_count=6499 2644 3855 1777 2078 476 2168
is_linear=0
shrinkage=0.1


Tree=12
num_leaves= 8
num_cat= 0
full_tree_array_lgbids= 0 1 2 5 6 3 4 -1 -7 -3 -8 -2 -5 -4 -6
split_feature= 8 20 9 21 19 10 21
split_gain= 341.954 189.913 186.529 159.085 101.72 35.5753 11.0624
threshold= 3.5000000000000004 3.5000000000000004 1.0000000180025095e-35 1.0000000180025095e-35 1.5000000000000002 1.0000000180025095e-35 4.5000000000000009
decision_type= 2 2 2 2 2 2 2
left_child=1 5 3 -2 -4 -1 -3
right_child=2 6 4 -5 -6 -7 -8
leaf_value= 0.11784687452276783 0.16176047170754049 0.11505914457152307 0.11699825558672441 -0.027872088327229951 -0.12121741064661151 -0.11648097729749039 -0.0016544567310483661
leaf_weight=7.4533958137035361 55.518957577645779 278.8628446161747 19.247628077864647 218.49145960062742 265.15523092448711 50.774910271167755 8.4520173668861371
leaf_count=58 327 2134 155 1450 1923 418 34
model_size=816
internal_value=0 0.0782414 -0.0483487 0.0105505 -0.105096 -0.0864863 0.111626
internal_weight=0 345.543 558.413 274.01 284.403 58.2283 287.315
internal_count=6499 2644 3855 1777 2078 476 2168
is_linear=0
shrinkage=0.1


Tree=13
num_leaves= 8
num_cat= 0
full_tree_array_lgbids= 0 2 1 5 6 3 4 -1 -7 -4 -8 -2 -5 -3 -6
split_feature= 8 9 20 21 19 10 21
split_gain= 298.825 169.156 167.933 133.721 90.1826 31.6352 10.5685
threshold= 3.5000000000000004 1.0000000180025095e-35 3.5000000000000004 1.0000000180025095e-35 1.5000000000000002 1.0000000180025095e-35 4.5000000000000009
decision_type= 2 2 2 2 2 2 2
left_child=2 3 5 -2 -3 -1 -4
right_child=1 4 6 -5 -6 -7 -8
leaf_value= 0.11586288176687953 0.15129025961332676 0.11512141722890622 0.11279886524970545 -0.025253665266398134 -0.11887957130473133 -0.11466884050498732 -0.0014888349550752592
leaf_weight=6.8536426723003379 53.530377008020878 17.685282006859779 257.12191674113274 217.10759344696999 244.3970792889595 46.631700873374939 8.4529476314783079
leaf_count=58 327 155 2134 1450 1923 418 34
model_size=816
internal_value=0 -0.0458064 0.0765917 0.00966554 -0.103089 -0.0851284 0.109161
internal_weight=0 532.72 319.06 270.638 262.082 53.4853 265.575
internal_count=6499 3855 2644 1777 2078 476 2168
is_linear=0
shrinkage=0.1


Tree=14
num_leaves= 8
num_cat= 0
full_tree_array_lgbids= 0 2 1 5 6 3 4 -1 -7 -4 -8 -2 -5 -3 -6
split_feature= 8 9 20 10 19 10 12
split_gain= 261.412 153.79 148.71 130.835 80.1286 28.1812 10.4626
threshold= 3.5000000000000004 1.0000000180025095e-35 3.5000000000000004 2.5000000000000004 1.5000000000000002 1.0000000180025095e-35 1.0000000180025095e-35
decision_type= 2 2 2 2 2 2 2
left_child=2 3 5 -2 -3 -1 -4
right_child=1 4 6 -5 -6 -7 -8
leaf_value= 0.11412744279391081 0.055457580236322392 0.11347708495761999 -0.04761728167434795 -0.096215427175568871 -0.11683512550344111 -0.11307963800542431 0.10968933299357203
leaf_weight=6.2908793091773978 185.26800959557295 16.222259104251862 4.3576593250036231 82.182155251502991 224.80988821387291 42.756608352065086 240.81556466221809
leaf_count=58 1193 155 26 584 1923 418 2142
model_size=816
internal_value=0 -0.0433791 0.0750813 0.00885146 -0.101334 -0.0839378 0.106893
internal_weight=0 508.482 294.221 267.45 241.032 49.0475 245.173
internal_count=6499 3855 2644 1777 2078 476 2168
is_linear=0
shrinkage=0.1


Tree=15
num_leaves= 8
num_cat= 0
full_tree_array_lgbids= 0 2 1 4 5 3 6 -1 -6 -4 -7 -2 -5 -3 -8
split_feature= 11 4 6 4 17 7 3
split_gain= 238.133 253.513 240.296 133.596 53.6851 1.3165 0.557539
threshold= 1.5000000000000002 5.5000000000000009 1.0000000180025095e-35 2.5000000000000004 1.0000000180025095e-35 1.0000000180025095e-35 1.0000000180025095e-35
decision_type= 2 2 2 2 2 2 2
left_child=2 3 4 -2 -1 -4 -3
right_child=1 6 5 -5 -6 -7 -8
leaf_value= 0.43505805407055287 0.026459009038000827 0.11302861410288312 -0.11392013880405072 -0.10434997484132796 0.11761918450189164 -0.17417899024859901 0.13164083323784742
leaf_weight=5.4876615256071082 104.13730286061764 44.973844036459923 45.14796407520771 313.28170424699783 200.52699418365955 4.4011064171791068 36.33454567193985
leaf_count=31 828 441 428 2671 1883 18 199
model_size=816
internal_value=0 -0.0402407 0.0785066 -0.0717159 0.126075 -0.119273 0.121346
internal_weight=0 498.727 255.564 417.419 206.015 49.5491 81.3084
internal_count=6499 4139 2360 3499 1914 446 640
is_linear=0
shrinkage=0.1


Tree=16
num_leaves= 8
num_cat= 0
full_tree_array_lgbids= 0 2 1 5 6 4 3 -1 -7 -4 -8 -2 -6 -3 -5
split_feature= 11 7 6 1 2 12 7
split_gain= 208.579 223.097 212.166 69.4174 42.5635 28.2833 0.811512
threshold= 1.5000000000000002 1.0000000180025095e-35 1.0000000180025095e-35 1.0000000180025095e-35 1.0000000180025095e-35 2.5000000000000004 1.0000000180025095e-35
decision_type= 2 2 2 2 2 2 2
left_child=2 4 5 -3 -2 -1 -4
right_child=1 3 6 -5 -6 -7 -8
leaf_value= 0.11288220363698427 0.099063505840692997 -0.0641524950006091 -0.11242830037585756 0.089246058229399378 -0.097187036996106105 0.26936197519521915 -0.16232120916559689
leaf_weight=178.08107206225395 11.528539434075354 38.341260701417923 41.365785762667656 129.13813906908035 291.6406784504652 12.421853497624396 4.2575312554836264
leaf_count=1860 104 192 428 1049 2794 54 18
model_size=816
internal_value=0 -0.0385346 0.076681 0.0541283 -0.0897243 0.123086 -0.117084
internal_weight=0 470.649 236.126 167.479 303.169 190.503 45.6233
internal_count=6499 4139 2360 1241 2898 1914 446
is_linear=0
shrinkage=0.1


Tree=17
num_leaves= 8
num_cat= 0
full_tree_array_lgbids= 0 2 1 4 5 3 6 -1 -6 -4 -7 -2 -5 -3 -8
split_feature= 11 4 6 4 12 10 3
split_gain= 182.958 198.881 187.731 115.057 17.0121 0.484825 0.218918
threshold= 1.5000000000000002 5.5000000000000009 1.0000000180025095e-35 2.5000000000000004 2.5000000000000004 1.5000000000000002 1.0000000180025095e-35
decision_type= 2 2 2 2 2 2 2
left_child=2 3 4 -2 -1 -4 -3
right_child=1 6 5 -5 -6 -7 -8
leaf_value= 0.11156915128433154 0.026084630430584163 0.11064269230990074 -0.1529835036511917 -0.09931218105478247 0.23100420500061158 -0.11111233163734664 0.12536985302813228
leaf_weight=162.93354564160109 99.94615525752306 38.339336536824703 4.0749658942222586 274.56228526681662 12.998622983694075 37.849858656525612 32.120682701468468
leaf_count=1860 828 441 18 2671 54 428 199
model_size=816
internal_value=0 -0.0368372 0.0750589 -0.0658472 0.120394 -0.115182 0.117356
internal_weight=0 444.968 217.857 374.508 175.932 41.9248 70.46
internal_count=6499 4139 2360 3499 1914 446 640
is_linear=0
shrinkage=0.1


Tree=18
num_leaves= 5
num_cat= 0
full_tree_array_lgbids= 0 -1 1 -2147483648 -2147483648 3 2 -2147483648 -2147483648 -2147483648 -2147483648 -2 -5 -3 -4
split_feature= 8 19 4 4
split_gain= 165.391 190.64 103.846 73.5349
threshold= 1.0000000180025095e-35 1.5000000000000002 5.5000000000000009 4.5000000000000009
decision_type= 2 2 2 2
left_child=-1 3 -3 -2
right_child=1 2 -4 -5
leaf_value= 0.10973245631341477 0.11274586216084206 -0.072138090334063834 0.12238053812315636 -0.18228078664120551
leaf_weight=112.46139705181122 105.59086784720421 363.81368627399206 29.73711696267128 9.2061363458633405
leaf_count=1398 1256 3568 199 78
model_size=480
internal_value=0 -0.0243509 -0.0574401 0.0890862
internal_weight=0 508.348 393.551 114.797
internal_count=6499 5101 3767 1334
is_linear=0
shrinkage=0.1


Tree=19
num_leaves= 5
num_cat= 0
full_tree_array_lgbids= 0 -1 1 -2147483648 -2147483648 3 2 -2147483648 -2147483648 -2147483648 -2147483648 -2 -5 -3 -4
split_feature= 8 19 7 4
split_gain= 147.002 166.243 99.9577 65.9525
threshold= 1.0000000180025095e-35 1.5000000000000002 1.0000000180025095e-35 4.5000000000000009
decision_type= 2 2 2 2
left_child=-1 3 -3 -2
right_child=1 2 -4 -5
leaf_value= 0.10872193054711617 0.11156965950421067 -0.085189653339038052 0.031995427986365309 -0.18163547340599112
leaf_weight=102.65665245056152 96.498289860785007 276.51947250217199 99.031629085540771 8.3582189977169019
leaf_count=1398 1256 3200 567 78
model_size=480
internal_value=0 -0.0231884 -0.0542883 0.088198
internal_weight=0 480.408 375.551 104.857
internal_count=6499 5101 3767 1334
is_linear=0
shrinkage=0.1


Tree=20
num_leaves= 5
num_cat= 0
full_tree_array_lgbids= 0 -1 1 -2147483648 -2147483648 3 2 -2147483648 -2147483648 -2147483648 -2147483648 -2 -5 -3 -4
split_feature= 8 19 9 4
split_gain= 131.016 145.602 95.6199 59.1546
threshold= 1.0000000180025095e-35 1.5000000000000002 1.0000000180025095e-35 4.5000000000000009
decision_type= 2 2 2 2
left_child=-1 3 -3 -2
right_child=1 2 -4 -5
leaf_value= 0.10782415316977392 0.1105117856412654 -0.006137254510761911 -0.1106024084409728 -0.18069756583462909
leaf_weight=93.62140628695488 88.108376853168011 201.77668265253305 155.38849183917046 7.6002733111381522
leaf_count=1398 1256 1691 2076 78
model_size=480
internal_value=0 -0.022216 -0.0515859 0.0873867
internal_weight=0 452.874 357.165 95.7087
internal_count=6499 5101 3767 1334
is_linear=0
shrinkage=0.1


Tree=21
num_leaves= 6
num_cat= 0
full_tree_array_lgbids= 0 1 4 2 3 -2 -6 -1 -4 -3 -5 -2147483648 -2147483648 -2147483648 -2147483648
split_feature= 4 4 4 19 3
split_gain= 119.346 210.063 151.53 95.9247 0.0991528
threshold= 5.5000000000000009 2.5000000000000004 1.0000000180025095e-35 4.5000000000000009 1.0000000180025095e-35
decision_type= 2 2 2 2 2
left_child=1 2 -1 -3 -2
right_child=4 3 -4 -5 -6
leaf_value= -0.11732822806960895 0.10677340925782862 -0.11553849450089755 0.1130468504243039 0.019009662766657196 0.11929707048043735
leaf_weight=36.158676289021969 54.887336354702711 187.29107255861163 136.49842767044902 74.091693446040154 26.982662439346313
leaf_count=320 924 2523 1885 648 199
model_size=592
internal_value=0 -0.0208335 0.0648006 -0.0773994 0.110901
internal_weight=0 434.04 172.657 261.383 81.87
internal_count=6499 5376 2205 3171 1123
is_linear=0
shrinkage=0.1


Tree=22
num_leaves= 6
num_cat= 0
full_tree_array_lgbids= 0 1 4 2 3 -2 -6 -1 -4 -3 -5 -2147483648 -2147483648 -2147483648 -2147483648
split_feature= 4 4 4 19 3
split_gain= 106.517 184.329 135.368 89.6767 0.0108228
threshold= 5.5000000000000009 2.5000000000000004 1.0000000180025095e-35 4.5000000000000009 1.0000000180025095e-35
decision_type= 2 2 2 2 2
left_child=1 2 -1 -3 -2
right_child=4 3 -4 -5 -6
leaf_value= -0.11549554297617066 0.10608747803612453 -0.11446558798352234 0.11184485787629878 0.016928344443885461 0.11712699117386526
leaf_weight=33.210189506411552 49.968819972127676 170.97537606209517 124.76843649148941 74.839118771255016 24.843927778303623
leaf_count=320 924 2523 1885 648 199
model_size=592
internal_value=0 -0.0202698 0.0640535 -0.0744622 0.109753
internal_weight=0 403.793 157.979 245.814 74.8127
internal_count=6499 5376 2205 3171 1123
is_linear=0
shrinkage=0.1


Tree=23
num_leaves= 5
num_cat= 0
full_tree_array_lgbids= 0 1 -2 2 3 -2147483648 -2147483648 -1 -4 -3 -5 -2147483648 -2147483648 -2147483648 -2147483648
split_feature= 4 4 4 19
split_gain= 95.1533 161.693 121.066 83.9188
threshold= 5.5000000000000009 2.5000000000000004 1.0000000180025095e-35 4.5000000000000009
decision_type= 2 2 2 2
left_child=1 2 -1 -3
right_child=-2 3 -4 -5
leaf_value= -0.11387602434086536 0.1087372214052526 -0.11348822280013321 0.11075454637289939 0.015093081309425141
leaf_weight=30.455235302448273 68.292872231453657 155.96934410557151 113.94980382919312 75.507876612246037
leaf_count=320 1123 2523 1885 648
model_size=480
internal_value=0 -0.0197102 0.0633796 -0.071545
internal_weight=0 375.882 144.405 231.477
internal_count=6499 5376 2205 3171
is_linear=0
shrinkage=0.1


Tree=24
num_leaves= 5
num_cat= 0
full_tree_array_lgbids= 0 1 -2 2 3 -2147483648 -2147483648 -1 -4 -3 -5 -2147483648 -2147483648 -2147483648 -2147483648
split_feature= 4 4 4 12
split_gain= 85.0928 141.776 108.385 82.9329
threshold= 5.5000000000000009 2.5000000000000004 1.0000000180025095e-35 2.5000000000000004
decision_type= 2 2 2 2
left_child=1 2 -1 -3
right_child=-2 3 -4 -5
leaf_value= -0.11244077817545486 0.1078696325079215 -0.088730742347118419 0.10976472230302828 0.12094012887635977
leaf_weight=27.890740491449833 62.265551030635834 197.38343953341246 103.9883882664144 20.914453715085983
leaf_count=320 1123 3031 1885 140
model_size=480
internal_value=0 -0.0191514 0.0627711 -0.0686428
internal_weight=0 350.177 131.879 218.298
internal_count=6499 5376 2205 3171
is_linear=0
shrinkage=0.1


Tree=25
num_leaves= 5
num_cat= 0
full_tree_array_lgbids= 0 1 -2 2 3 -2147483648 -2147483648 -1 -4 -3 -5 -2147483648 -2147483648 -2147483648 -2147483648
split_feature= 4 4 4 19
split_gain= 76.1089 124.238 97.1196 79.8566
threshold= 5.5000000000000009 2.5000000000000004 1.0000000180025095e-35 4.5000000000000009
decision_type= 2 2 2 2
left_child=1 2 -1 -3
right_child=-2 3 -4 -5
leaf_value= -0.11116570310072119 0.10709161809842782 -0.11197453643574547 0.10886560382306006 0.018353342002330793
leaf_weight=25.511214807629585 56.728602468967438 132.96529862657189 94.830061532557011 73.024314377456903
leaf_count=320 1123 2523 1885 648
model_size=480
internal_value=0 -0.0185723 0.062221 -0.0657727
internal_weight=0 326.331 120.341 205.99
internal_count=6499 5376 2205 3171
is_linear=0
shrinkage=0.1


Tree=26
num_leaves= 5
num_cat= 0
full_tree_array_lgbids= 0 1 -2 2 3 -2147483648 -2147483648 -1 -4 -3 -5 -2147483648 -2147483648 -2147483648 -2147483648
split_feature= 4 4 4 19
split_gain= 68.1444 108.87 87.0959 74.3379
threshold= 5.5000000000000009 2.5000000000000004 1.0000000180025095e-35 4.5000000000000009
decision_type= 2 2 2 2
left_child=1 2 -1 -3
right_child=-2 3 -4 -5
leaf_value= -0.11003048725467267 0.10639325533187993 -0.11119387552748788 0.10804857461011466 0.016354725730764661
leaf_weight=23.309464901685715 51.649890515953302 121.11373025178909 86.421549718827009 73.714671783149242
leaf_count=320 1123 2523 1885 648
model_size=480
internal_value=0 -0.0180213 0.0617234 -0.062935
internal_weight=0 304.559 109.731 194.828
internal_count=6499 5376 2205 3171
is_linear=0
shrinkage=0.1


Tree=27
num_leaves= 5
num_cat= 0
full_tree_array_lgbids= 0 1 -2 2 3 -2147483648 -2147483648 -1 -4 -3 -5 -2147483648 -2147483648 -2147483648 -2147483648
split_feature= 4 4 4 19
split_gain= 61.0379 95.3489 78.1639 69.2278
threshold= 5.5000000000000009 2.5000000000000004 1.0000000180025095e-35 4.5000000000000009
decision_type= 2 2 2 2
left_child=1 2 -1 -3
right_child=-2 3 -4 -5
leaf_value= -0.10901791257941558 0.10576585368113606 -0.11047029438356611 0.10730597555907594 0.014590058918558444
leaf_weight=21.277150824666023 46.997836925089359 110.26959246024489 78.711029892787337 74.332800261676311
leaf_count=320 1123 2523 1885 648
model_size=480
internal_value=0 -0.0174652 0.061273 -0.060113
internal_weight=0 284.591 99.9882 184.602
internal_count=6499 5376 2205 3171
is_linear=0
shrinkage=0.1


Tree=28
num_leaves= 5
num_cat= 0
full_tree_array_lgbids= 0 1 -2 2 3 -2147483648 -2147483648 -1 -4 -3 -5 -2147483648 -2147483648 -2147483648 -2147483648
split_feature= 4 4 4 12
split_gain= 54.6908 83.459 70.1943 67.8782
threshold= 5.5000000000000009 2.5000000000000004 1.0000000180025095e-35 2.5000000000000004
decision_type= 2 2 2 2
left_child=1 2 -1 -3
right_child=-2 3 -4 -5
leaf_value= -0.1081132556695179 0.10520177703525242 -0.079944707168998014 0.1066309638955201 0.11437396250929943
leaf_weight=19.405221939086914 42.741782888770103 154.83085009083152 71.648567354306579 20.412776507437229
leaf_count=320 1123 3031 1885 140
model_size=480
internal_value=0 -0.016903 0.0608651 -0.05731
internal_weight=0 266.297 91.0538 175.244
internal_count=6499 5376 2205 3171
is_linear=0
shrinkage=0.1


Tree=29
num_leaves= 5
num_cat= 0
full_tree_array_lgbids= 0 1 -2 3 2 -2147483648 -2147483648 -1 -5 -3 -4 -2147483648 -2147483648 -2147483648 -2147483648
split_feature= 4 4 19 4
split_gain= 48.9914 73.0133 65.1939 63.0745
threshold= 5.5000000000000009 2.5000000000000004 4.5000000000000009 1.0000000180025095e-35
decision_type= 2 2 2 2
left_child=1 3 -3 -1
right_child=-2 2 -4 -5
leaf_value= -0.10730386582696894 0.10469429723963211 -0.10936679884175632 0.017185520265491899 0.1060173919482032
leaf_weight=17.684246841818094 38.852270020172 94.336486993357539 72.043542508035898 65.186396257951856
leaf_count=320 1123 2523 648 1885
model_size=480
internal_value=0 -0.0163124 -0.0545689 0.0604955
internal_weight=0 249.251 166.38 82.8706
internal_count=6499 5376 3171 2205
is_linear=0
shrinkage=0.1


Tree=30
num_leaves= 5
num_cat= 0
full_tree_array_lgbids= 0 1 -2 3 2 -2147483648 -2147483648 -1 -5 -3 -4 -2147483648 -2147483648 -2147483648 -2147483648
split_feature= 4 4 19 4
split_gain= 43.9281 63.8763 60.3523 56.7069
threshold= 5.5000000000000009 2.5000000000000004 4.5000000000000009 1.0000000180025095e-35
decision_type= 2 2 2 2
left_child=1 3 -3 -1
right_child=-2 2 -4 -5
leaf_value= -0.10657881217401684 0.10423745715062477 -0.10875988357798708 0.015327811763064282 0.10545971100173264
leaf_weight=16.104665223509073 35.301205810159445 85.811380207538605 72.662902675569057 59.279115514829755
leaf_count=320 1123 2523 648 1885
model_size=480
internal_value=0 -0.0157528 -0.0518638 0.0601607
internal_weight=0 233.858 158.474 75.3838
internal_count=6499 5376 3171 2205
is_linear=0
shrinkage=0.1


Tree=31
num_leaves= 5
num_cat= 0
full_tree_array_lgbids= 0 1 -2 3 2 -2147483648 -2147483648 -1 -5 -3 -4 -2147483648 -2147483648 -2147483648 -2147483648
split_feature= 4 4 19 4
split_gain= 39.3949 55.8541 55.8718 51.0062
threshold= 5.5000000000000009 2.5000000000000004 4.5000000000000009 1.0000000180025095e-35
decision_type= 2 2 2 2
left_child=1 3 -3 -1
right_child=-2 2 -4 -5
leaf_value= -0.10592859008323552 0.10382599337112125 -0.10818987127429909 0.013684652688164071 0.1049528923490442
leaf_weight=14.656985472887753 32.061985727399588 78.033715590834618 73.217941772192717 53.88379212655127
leaf_count=320 1123 2523 648 1885
model_size=480
internal_value=0 -0.0151863 -0.0491928 0.0598573
internal_weight=0 219.792 151.252 68.5408
internal_count=6499 5376 3171 2205
is_linear=0
shrinkage=0.1


Tree=32
num_leaves= 5
num_cat= 0
full_tree_array_lgbids= 0 3 1 -1 -5 2 -3 -2147483648 -2147483648 -2147483648 -2147483648 -2 -4 -2147483648 -2147483648
split_feature= 14 4 4 4
split_gain= 38.4048 43.3087 51.7422 3.72309
threshold= 1.5000000000000002 5.5000000000000009 2.5000000000000004 3.5000000000000004
decision_type= 2 2 2 2
left_child=3 2 -2 -1
right_child=1 -3 -4 -5
leaf_value= 0.10216537171665958 0.054117480949685805 0.10345522637564947 -0.060830930827300546 0.20568926463792489
leaf_weight=7.084918409585951 55.20701314881444 29.109557367861271 136.91357719898224 7.7440710514783859
leaf_count=347 1858 1123 3140 31
model_size=480
internal_value=0 -0.0105292 -0.0277998 0.156228
internal_weight=0 221.23 192.121 14.829
internal_count=6499 6121 4998 378
is_linear=0
shrinkage=0.1


Tree=33
num_leaves= 7
num_cat= 0
full_tree_array_lgbids= 0 1 3 5 2 4 -5 -1 -7 -3 -4 -2 -6 -2147483648 -2147483648
split_feature= 6 11 19 11 4 12
split_gain= 33.2644 66.3589 45.7541 16.1392 11.8868 4.41801
threshold= 1.0000000180025095e-35 1.5000000000000002 4.5000000000000009 2.5000000000000004 2.5000000000000004 2.5000000000000004
decision_type= 2 2 2 2 2 2
left_child=1 5 -3 4 -2 -1
right_child=3 2 -4 -5 -6 -7
leaf_value= 0.10225888445328246 0.030494888243112573 -0.060210665512471742 0.069422789346724786 0.23515565309234521 -0.10082349566243359 0.17251492382622116
leaf_weight=35.407556161284447 8.4077595360577089 82.958867954090238 40.855700286105275 1.7108873724937428 43.181219941005111 12.896426722407339
leaf_count=1860 114 2564 973 7 927 54
model_size=704
internal_value=0 0.0214205 -0.0174349 -0.0693241 -0.0794218 0.121016
internal_weight=0 172.119 123.815 53.2999 51.589 48.304
internal_count=6499 5451 3537 1048 1041 1914
is_linear=0
shrinkage=0.1


Tree=34
num_leaves= 5
num_cat= 0
full_tree_array_lgbids= 0 1 -2 2 3 -2147483648 -2147483648 -1 -4 -3 -5 -2147483648 -2147483648 -2147483648 -2147483648
split_feature= 4 10 17 8
split_gain= 30.7307 40.1583 69.4533 29.5601
threshold= 5.5000000000000009 1.5000000000000002 1.5000000000000002 1.0000000180025095e-35
decision_type= 2 2 2 2
left_child=1 2 -1 -3
right_child=-2 3 -4 -5
leaf_value= -0.0033128201446321359 0.10326383252508722 0.10198468684199764 0.24856636496737836 -0.092358470904207346
leaf_weight=101.53115405607969 25.597237017005682 8.9289983585476858 12.321030572056769 68.119218746200204
leaf_count=3363 1123 474 96 1443
model_size=480
internal_value=0 -0.0139053 0.0239454 -0.0698363
internal_weight=0 190.9 113.852 77.0482
internal_count=6499 5376 3459 1917
is_linear=0
shrinkage=0.1


Tree=35
num_leaves= 5
num_cat= 0
full_tree_array_lgbids= 0 3 1 -1 -5 2 -3 -2147483648 -2147483648 -2147483648 -2147483648 -2 -4 -2147483648 -2147483648
split_feature= 13 4 4 20
split_gain= 28.7349 33.2889 39.0639 1.41524
threshold= 1.5000000000000002 5.5000000000000009 2.5000000000000004 3.5000000000000004
decision_type= 2 2 2 2
left_child=3 2 -2 -1
right_child=1 -3 -4 -5
leaf_value= 0.17264698347832522 0.049479169065131147 0.10294953001129602 -0.055502145865149212 0.10182915667515682
leaf_weight=7.5554667413234693 50.270831669680774 23.228447522968054 122.96742093004286 6.0047503318637609
leaf_count=31 1859 1123 3140 346
model_size=480
internal_value=0 -0.0099062 -0.0250383 0.141287
internal_weight=0 196.467 173.238 13.5602
internal_count=6499 6122 4999 377
is_linear=0
shrinkage=0.1


Tree=36
num_leaves= 7
num_cat= 0
full_tree_array_lgbids= 0 1 2 4 -3 5 3 -1 -6 -2147483648 -2147483648 -2 -7 -4 -5
split_feature= 11 6 14 19 12 6
split_gain= 25.3275 58.2984 26.5694 39.0866 2.37766 0.216297
threshold= 1.5000000000000002 1.0000000180025095e-35 5.5000000000000009 4.5000000000000009 2.5000000000000004 1.0000000180025095e-35
decision_type= 2 2 2 2 2 2
left_child=1 4 5 -4 -1 -2
right_child=2 -3 3 -5 -6 -7
leaf_value= 0.10188359863658668 -0.10827045726834894 -0.11140449906326487 -0.044714614952951405 0.075935675231356373 0.15700244216701445 -0.1465253593997789
leaf_weight=28.96839378029108 22.334297265857462 15.136167269200085 76.617400280199945 41.778612291440368 12.448513507843016 3.8901735842227927
leaf_count=1860 710 446 2404 1007 54 18
model_size=704
internal_value=0 0.0569308 -0.0224144 -0.00214053 0.11845 -0.113945
internal_weight=0 56.5531 144.62 118.396 41.4169 26.2245
internal_count=6499 2360 4139 3411 1914 728
is_linear=0
shrinkage=0.1


Tree=37
num_leaves= 5
num_cat= 0
full_tree_array_lgbids= 0 1 -2 2 3 -2147483648 -2147483648 -1 -4 -3 -5 -2147483648 -2147483648 -2147483648 -2147483648
split_feature= 4 10 17 8
split_gain= 23.8234 32.965 50.8725 22.5628
threshold= 5.5000000000000009 1.5000000000000002 1.5000000000000002 1.0000000180025095e-35
decision_type= 2 2 2 2
left_child=1 2 -1 -3
right_child=-2 3 -4 -5
leaf_value= -0.0040618995696483614 0.10278320978384461 0.10156787763128344 0.20402720095673532 -0.088388232554152665
leaf_weight=93.846281943842769 20.360625091008842 7.0897981971502295 13.512990050017832 59.003646028228104
leaf_count=3363 1123 474 96 1443
model_size=480
internal_value=0 -0.0122184 0.0221297 -0.0680118
internal_weight=0 173.453 107.359 66.0934
internal_count=6499 5376 3459 1917
is_linear=0
shrinkage=0.1


Tree=38
num_leaves= 7
num_cat= 0
full_tree_array_lgbids= 0 1 2 4 -3 5 3 -1 -6 -2147483648 -2147483648 -2 -7 -4 -5
split_feature= 11 6 14 19 12 6
split_gain= 23.6883 49.764 23.4593 28.5925 1.66595 0.026935
threshold= 1.5000000000000002 1.0000000180025095e-35 5.5000000000000009 4.5000000000000009 2.5000000000000004 1.0000000180025095e-35
decision_type= 2 2 2 2 2 2
left_child=1 4 5 -4 -1 -2
right_child=2 -3 3 -5 -6 -7
leaf_value= 0.10168607957555481 -0.10851246965149593 -0.11049974343339702 -0.040770394446474206 0.063664691496255796 0.15049442179536918 -0.14003560042964786
leaf_weight=25.469287220388651 19.784666314721111 12.976337118074296 73.21897871978581 41.463863492012024 12.027793169021605 3.6640843451023093
leaf_count=1860 710 446 2404 1007 54 18
model_size=704
internal_value=0 0.0587657 -0.0217573 -0.00301163 0.117342 -0.113438
internal_weight=0 50.4734 138.132 114.683 37.4971 23.4488
internal_count=6499 2360 4139 3411 1914 728
is_linear=0
shrinkage=0.1


Tree=39
num_leaves= 5
num_cat= 0
full_tree_array_lgbids= 0 1 -2 2 3 -2147483648 -2147483648 -1 -4 -3 -5 -2147483648 -2147483648 -2147483648 -2147483648
split_feature= 4 10 9 8
split_gain= 20.7792 28.7248 44.1155 18.5219
threshold= 5.5000000000000009 1.5000000000000002 1.0000000180025095e-35 1.0000000180025095e-35
decision_type= 2 2 2 2
left_child=1 2 -1 -3
right_child=-2 3 -4 -5
leaf_value= 0.067100588835477551 0.10264031867791344 0.10131396387378472 -0.069887123128188566 -0.086272110211490657
leaf_weight=68.964287482202053 17.94847078807652 5.941535433754324 36.020174516364932 53.25785911642015
leaf_count=1774 1123 474 1685 1443
model_size=480
internal_value=0 -0.0114659 0.0201001 -0.0674451
internal_weight=0 164.184 104.984 59.1994
internal_count=6499 5376 3459 1917
is_linear=0
shrinkage=0.1


Tree=40
num_leaves= 6
num_cat= 0
full_tree_array_lgbids= 0 1 2 4 -3 3 -4 -1 -6 -2147483648 -2147483648 -2 -5 -2147483648 -2147483648
split_feature= 11 6 20 10 12
split_gain= 20.0612 42.7602 21.4603 27.0795 1.01216
threshold= 1.5000000000000002 1.0000000180025095e-35 4.5000000000000009 1.0000000180025095e-35 2.5000000000000004
decision_type= 2 2 2 2 2
left_child=1 4 3 -2 -1
right_child=2 -3 -4 -5 -6
leaf_value= 0.10150679574430617 0.054412628464194639 -0.11045695637687192 -0.11176312329738608 -0.046485950818068229 0.14331915822437738
leaf_weight=21.640995556488633 48.137381536886096 11.267269341275094 21.61098619364202 60.90617891959846 11.383635759353636
leaf_count=1860 1130 446 850 2159 54
model_size=592
internal_value=0 0.0583324 -0.0201088 -0.00194418 0.11592
internal_weight=0 44.2919 130.655 109.044 33.0246
internal_count=6499 2360 4139 3289 1914
is_linear=0
shrinkage=0.1


Tree=41
num_leaves= 5
num_cat= 0
full_tree_array_lgbids= 0 1 -2 2 3 -2147483648 -2147483648 -1 -4 -3 -5 -2147483648 -2147483648 -2147483648 -2147483648
split_feature= 4 10 9 8
split_gain= 18.895 22.422 36.255 15.9342
threshold= 5.5000000000000009 1.5000000000000002 1.0000000180025095e-35 1.0000000180025095e-35
decision_type= 2 2 2 2
left_child=1 2 -1 -3
right_child=-2 3 -4 -5
leaf_value= 0.060009553430412546 0.10252511645994605 0.10120008957366369 -0.067736218293194095 -0.083310235815376638
leaf_weight=65.991805883124471 16.401067959144711 5.3050339277833691 33.909421369433403 47.123867525719106
leaf_count=1774 1123 474 1685 1443
model_size=480
internal_value=0 -0.0113293 0.0166489 -0.0646405
internal_weight=0 152.33 99.9012 52.4289
internal_count=6499 5376 3459 1917
is_linear=0
shrinkage=0.1


Tree=42
num_leaves= 7
num_cat= 0
full_tree_array_lgbids= 0 1 2 4 -3 5 3 -1 -6 -2147483648 -2147483648 -2 -7 -4 -5
split_feature= 11 6 14 19 12 6
split_gain= 17.1788 36.9793 20.5927 22.329 0.60147 0.0379751
threshold= 1.5000000000000002 1.0000000180025095e-35 5.5000000000000009 4.5000000000000009 2.5000000000000004 1.0000000180025095e-35
decision_type= 2 2 2 2 2 2
left_child=1 4 5 -4 -1 -2
right_child=2 -3 3 -5 -6 -7
leaf_value= 0.10137106472170379 -0.10800677278050846 -0.11045001495753622 -0.037177805723652944 0.059004697751630898 0.13790888023092723 -0.14172746889098695
leaf_weight=18.491438826080412 15.483302163891496 9.823192520067094 65.154517714865506 39.174732570536435 10.705893620848657 3.7285483181476584
leaf_count=1860 710 446 2404 1007 54 18
model_size=704
internal_value=0 0.0580711 -0.0187108 -0.00106211 0.114769 -0.114551
internal_weight=0 39.0205 123.541 104.329 29.1973 19.2119
internal_count=6499 2360 4139 3411 1914 728
is_linear=0
shrinkage=0.1


Tree=43
num_leaves= 5
num_cat= 0
full_tree_array_lgbids= 0 1 -2 2 3 -2147483648 -2147483648 -1 -4 -3 -5 -2147483648 -2147483648 -2147483648 -2147483648
split_feature= 4 10 9 7
split_gain= 16.5885 19.7974 28.6296 14.0854
threshold= 5.5000000000000009 1.5000000000000002 1.0000000180025095e-35 1.0000000180025095e-35
decision_type= 2 2 2 2
left_child=1 2 -1 -3
right_child=-2 3 -4 -5
leaf_value= 0.054224461786791689 0.10240886134273793 -0.10440430304539561 -0.06272392924640928 0.011406017765987979
leaf_weight=64.119308245368302 14.544770451728253 30.822996952570975 31.582194408401847 16.468437465839088
leaf_count=1774 1123 1311 1685 606
model_size=480
internal_value=0 -0.0107302 0.0156306 -0.0640753
internal_weight=0 142.993 95.7015 47.2914
internal_count=6499 5376 3459 1917
is_linear=0
shrinkage=0.1


Tree=44
num_leaves= 5
num_cat= 0
full_tree_array_lgbids= 0 1 -2 2 3 -2147483648 -2147483648 -1 -4 -3 -5 -2147483648 -2147483648 -2147483648 -2147483648
split_feature= 4 10 0 12
split_gain= 14.8595 18.1668 43.0317 35.6589
threshold= 5.5000000000000009 1.0000000180025095e-35 1.5000000000000002 2.5000000000000004
decision_type= 2 2 2 2
left_child=1 2 -1 -3
right_child=-2 3 -4 -5
leaf_value= 0.28019510959848837 0.10217861160029905 -0.088343035269784015 0.0013094511856145592 0.089953761977489652
leaf_weight=6.0737161785364142 13.188799803145228 50.921327878721058 67.637085443362594 14.549720127135513
leaf_count=36 1123 2164 2971 205
model_size=480
internal_value=0 -0.0100541 0.0242894 -0.0487199
internal_weight=0 139.182 73.7108 65.471
internal_count=6499 5376 3007 2369
is_linear=0
shrinkage=0.1


Tree=45
num_leaves= 6
num_cat= 0
full_tree_array_lgbids= 0 1 2 4 -3 3 -4 -1 -6 -2147483648 -2147483648 -2 -5 -2147483648 -2147483648
split_feature= 11 6 20 10 12
split_gain= 14.3182 29.8539 18.4128 20.4412 0.141697
threshold= 1.5000000000000002 1.0000000180025095e-35 4.5000000000000009 1.0000000180025095e-35 2.5000000000000004
decision_type= 2 2 2 2 2
left_child=1 4 3 -2 -1
right_child=2 -3 -4 -5 -6
leaf_value= 0.10127016222116246 0.047475279186528996 -0.11090354858441215 -0.11217685950765043 -0.044938934812702801 0.12929255334887285
leaf_weight=15.879813028965145 47.190582627430558 8.0265584271401149 17.625367505475879 50.142588769085705 9.3779101520776749
leaf_count=1860 1130 446 850 2159 54
model_size=592
internal_value=0 0.0579995 -0.0173117 -0.000133238 0.111675
internal_weight=0 33.2843 114.959 97.3332 25.2577
internal_count=6499 2360 4139 3289 1914
is_linear=0
shrinkage=0.1


Tree=46
num_leaves= 4
num_cat= 0
full_tree_array_lgbids= 0 -1 1 -2147483648 -2147483648 -2 2 -2147483648 -2147483648 -2147483648 -2147483648 -2147483648 -2147483648 -3 -4
split_feature= 4 4 19
split_gain= 13.7526 33.0975 23.0498
threshold= 1.0000000180025095e-35 2.5000000000000004 4.5000000000000009
decision_type= 2 2 2
left_child=-1 -2 -3
right_child=1 2 -4
leaf_value= -0.10545916738019423 0.10442325102759507 -0.073776875039905807 0.02282584245419321
leaf_weight=11.713505830615757 28.678759991191328 43.118991561233997 59.778322716709226
leaf_count=320 1885 2722 1572
model_size=368
internal_value=0 0.00895327 -0.0176554
internal_weight=0 131.576 102.897
internal_count=6499 6179 4294
is_linear=0
shrinkage=0.1


Tree=47
num_leaves= 5
num_cat= 0
full_tree_array_lgbids= 0 1 -2 2 3 -2147483648 -2147483648 -1 -4 -3 -5 -2147483648 -2147483648 -2147483648 -2147483648
split_feature= 4 4 4 19
split_gain= 14.0722 14.7466 32.6721 28.0247
threshold= 5.5000000000000009 2.5000000000000004 1.0000000180025095e-35 4.5000000000000009
decision_type= 2 2 2 2
left_child=1 2 -1 -3
right_child=-2 3 -4 -5
leaf_value= -0.10493236325753615 0.10228583619927745 -0.10395153194715899 0.10402422475299905 0.012069085098066708
leaf_weight=10.649316046386955 12.435283915139733 34.360995482653379 26.044094344601035 54.441611288115382
leaf_count=320 1123 2523 1885 648
model_size=480
internal_value=0 -0.0105426 0.04338 -0.0328236
internal_weight=0 125.496 36.6934 88.8026
internal_count=6499 5376 2205 3171
is_linear=0
shrinkage=0.1


Tree=48
num_leaves= 5
num_cat= 0
full_tree_array_lgbids= 0 1 -2 2 3 -2147483648 -2147483648 -1 -4 -3 -5 -2147483648 -2147483648 -2147483648 -2147483648
split_feature= 4 10 9 7
split_gain= 12.6165 13.2349 20.8311 12.4086
threshold= 5.5000000000000009 1.5000000000000002 1.0000000180025095e-35 1.0000000180025095e-35
decision_type= 2 2 2 2
left_child=1 2 -1 -3
right_child=-2 3 -4 -5
leaf_value= 0.047390266432159177 0.10206736866449798 -0.10370520315224115 -0.062272755585213772 0.017329342516086078
leaf_weight=55.874986754264683 11.274768669158219 23.959325256757438 25.695424498058856 13.659514842554925
leaf_count=1774 1123 1311 1685 606
model_size=480
internal_value=0 -0.0100696 0.0128454 -0.0597572
internal_weight=0 119.189 81.5704 37.6188
internal_count=6499 5376 3459 1917
is_linear=0
shrinkage=0.1


Tree=49
num_leaves= 7
num_cat= 0
full_tree_array_lgbids= 0 1 3 -1 2 4 5 -2147483648 -2147483648 -3 -4 -2 -6 -5 -7
split_feature= 6 11 20 20 7 4
split_gain= 11.6736 21.6217 18.8108 13.312 8.96524 8.05116
threshold= 1.0000000180025095e-35 1.5000000000000002 4.5000000000000009 1.5000000000000002 1.0000000180025095e-35 2.5000000000000004
decision_type= 2 2 2 2 2 2
left_child=1 -1 -3 4 -2 -5
right_child=3 2 -4 5 -6 -7
leaf_value= 0.11075281700619857 -0.10056801879230202 0.016316537748121845 -0.11301967500259805 0.018202280621595675 0.18760621920745357 -0.11756936528720066
leaf_weight=19.795490020886064 1.6613149796612585 62.303566943854094 14.026447925716637 5.9621983021497753 3.4442112445831299 19.263231918681413
leaf_count=1914 307 2687 850 114 14 613
model_size=704
internal_value=0 0.0168917 -0.00745036 -0.0552953 0.0938356 -0.0854788
internal_weight=0 96.1255 76.33 30.331 5.10553 25.2254
internal_count=6499 5451 3537 1048 321 727
is_linear=0
shrinkage=0.1


Tree=50
num_leaves= 4
num_cat= 0
full_tree_array_lgbids= 0 -1 1 -2147483648 -2147483648 -2 2 -2147483648 -2147483648 -2147483648 -2147483648 -2147483648 -2147483648 -3 -4
split_feature= 4 4 19
split_gain= 11.1307 24.4864 17.1808
threshold= 1.0000000180025095e-35 2.5000000000000004 4.5000000000000009
decision_type= 2 2 2
left_child=-1 -2 -3
right_child=1 2 -4
leaf_value= -0.10441981049423975 0.10369626903163848 -0.07072019890903801 0.020050167793163612
leaf_weight=9.768903546035288 22.06135764811188 34.465907893609256 55.591989285778254
leaf_count=320 1885 2722 1572
model_size=368
internal_value=0 0.00860578 -0.0146884
internal_weight=0 112.119 90.0579
internal_count=6499 6179 4294
is_linear=0
shrinkage=0.1


Tree=51
num_leaves= 5
num_cat= 0
full_tree_array_lgbids= 0 1 -2 2 3 -2147483648 -2147483648 -1 -4 -3 -5 -2147483648 -2147483648 -2147483648 -2147483648
split_feature= 4 10 17 7
split_gain= 11.3513 11.0672 18.9133 10.2593
threshold= 5.5000000000000009 1.5000000000000002 1.5000000000000002 1.0000000180025095e-35
decision_type= 2 2 2 2
left_child=1 2 -1 -3
right_child=-2 3 -4 -5
leaf_value= -0.015753582676442814 0.10202933170024985 -0.1033589242146533 0.10614504307120048 0.014113586366586614
leaf_weight=58.067012804560363 10.186618945561348 20.504929767455906 16.692802734673023 12.304320600815116
leaf_count=3363 1123 1311 96 606
model_size=480
internal_value=0 -0.0101201 0.0114646 -0.0593037
internal_weight=0 107.569 74.7598 32.8093
internal_count=6499 5376 3459 1917
is_linear=0
shrinkage=0.1


Tree=52
num_leaves= 5
num_cat= 0
full_tree_array_lgbids= 0 1 -2 2 3 -2147483648 -2147483648 -1 -4 -3 -5 -2147483648 -2147483648 -2147483648 -2147483648
split_feature= 4 2 10 11
split_gain= 10.1455 10.0828 11.7618 11.3267
threshold= 5.5000000000000009 1.0000000180025095e-35 3.5000000000000004 1.5000000000000002
decision_type= 2 2 2 2
left_child=1 2 -1 -3
right_child=-2 3 -4 -5
leaf_value= 0.19545653095655849 0.10183538220852639 0.048871330940180577 -0.10512630507961569 -0.035208207546315443
leaf_weight=4.8145560873672357 9.233895560493691 20.940142793115228 1.8594001829624174 78.438588331453502
leaf_count=99 1123 1838 44 3395
model_size=480
internal_value=0 -0.00936086 0.111713 -0.0174918
internal_weight=0 106.053 6.67396 99.3787
internal_count=6499 5376 143 5233
is_linear=0
shrinkage=0.1


Tree=53
num_leaves= 4
num_cat= 0
full_tree_array_lgbids= 0 -1 1 -2147483648 -2147483648 -2 2 -2147483648 -2147483648 -2147483648 -2147483648 -2147483648 -2147483648 -3 -4
split_feature= 4 4 0
split_gain= 9.33215 22.1764 15.3761
threshold= 1.0000000180025095e-35 2.5000000000000004 1.5000000000000002
decision_type= 2 2 2
left_child=-1 -2 -3
right_child=1 2 -4
leaf_value= -0.10381141576080151 0.10346373053917007 0.086268557881403404 -0.033282067035158715
leaf_weight=8.3866524603217822 19.967062511015683 13.03456912608817 70.986234929179773
leaf_count=320 1885 261 4033
model_size=368
internal_value=0 0.00796027 -0.0147356
internal_weight=0 103.988 84.0208
internal_count=6499 6179 4294
is_linear=0
shrinkage=0.1


Tree=54
num_leaves= 5
num_cat= 0
full_tree_array_lgbids= 0 1 -2 2 3 -2147483648 -2147483648 -1 -4 -3 -5 -2147483648 -2147483648 -2147483648 -2147483648
split_feature= 4 10 20 7
split_gain= 9.40613 9.30995 14.3101 8.98134
threshold= 5.5000000000000009 1.5000000000000002 1.5000000000000002 1.0000000180025095e-35
decision_type= 2 2 2 2
left_child=1 2 -1 -3
right_child=-2 3 -4 -5
leaf_value= 0.14374629784869311 0.10171544153641628 -0.10285580033786582 -0.0046792078393318743 0.012522181499723659
leaf_weight=7.4403393715620032 8.6425838680006546 17.808816143777221 63.716831049881876 11.594779883511366
leaf_count=45 1123 1311 3414 606
model_size=480
internal_value=0 -0.00910068 0.0108405 -0.0573586
internal_weight=0 100.561 71.1572 29.4036
internal_count=6499 5376 3459 1917
is_linear=0
shrinkage=0.1


Tree=55
num_leaves= 6
num_cat= 0
full_tree_array_lgbids= 0 1 4 2 3 -2 -6 -1 -4 -3 -5 -2147483648 -2147483648 -2147483648 -2147483648
split_feature= 20 6 19 20 11
split_gain= 9.2352 13.6024 19.8312 11.4899 8.77997
threshold= 4.5000000000000009 1.0000000180025095e-35 4.5000000000000009 1.5000000000000002 1.5000000000000002
decision_type= 2 2 2 2 2
left_child=1 2 -1 -3 -2
right_child=4 3 -4 -5 -6
leaf_value= -0.017635020281433513 0.10047102269711419 0.097800892610048706 0.092428145749081314 -0.08322859218519596 -0.11379588843313876
leaf_weight=34.600518949562684 2.4036518584471187 4.377722000237557 32.19688499183394 20.900675378274173 11.681328951381145
leaf_count=2354 524 321 1723 727 850
model_size=592
internal_value=0 0.0114507 0.0354163 -0.0518778 -0.0772305
internal_weight=0 92.0758 66.7974 25.2784 14.085
internal_count=6499 5125 4077 1048 1374
is_linear=0
shrinkage=0.1


Tree=56
num_leaves= 5
num_cat= 0
full_tree_array_lgbids= 0 1 -2 2 3 -2147483648 -2147483648 -1 -4 -3 -5 -2147483648 -2147483648 -2147483648 -2147483648
split_feature= 4 10 19 12
split_gain= 8.17584 9.32793 37.2064 22.782
threshold= 5.5000000000000009 1.0000000180025095e-35 5.5000000000000009 2.5000000000000004
decision_type= 2 2 2 2
left_child=1 2 -1 -3
right_child=-2 3 -4 -5
leaf_value= 0.075962799130703904 0.10161667928110399 -0.086844400714533046 -0.10058371988283377 0.090640088143638456
leaf_weight=37.340165799483657 7.6210031763184807 31.403448235942051 17.809687785804272 9.5996709037572128
leaf_count=2892 1123 2164 115 205
model_size=480
internal_value=0 -0.00844487 0.0189502 -0.0452916
internal_weight=0 96.153 55.1499 41.0031
internal_count=6499 5376 3007 2369
is_linear=0
shrinkage=0.1


Tree=57
num_leaves= 6
num_cat= 0
full_tree_array_lgbids= 0 1 4 2 3 -2 -6 -1 -4 -3 -5 -2147483648 -2147483648 -2147483648 -2147483648
split_feature= 20 6 19 20 11
split_gain= 8.17851 9.74778 16.7809 9.77818 7.19026
threshold= 4.5000000000000009 1.0000000180025095e-35 4.5000000000000009 1.5000000000000002 1.5000000000000002
decision_type= 2 2 2 2 2
left_child=1 2 -1 -3 -2
right_child=4 3 -4 -5 -6
leaf_value= -0.018867692507420746 0.1003948481251586 0.092952903637157802 0.084778664614423377 -0.077608375296529822 -0.11090317755172741
leaf_weight=33.038394915638492 2.0179303332697591 4.2885066703893271 30.943064486142248 18.834714490687475 10.64801699714735
leaf_count=2354 524 321 1723 727 850
model_size=592
internal_value=0 0.0107555 0.0312583 -0.0459755 -0.0772393
internal_weight=0 87.1047 63.9815 23.1232 12.6659
internal_count=6499 5125 4077 1048 1374
is_linear=0
shrinkage=0.1


Tree=58
num_leaves= 5
num_cat= 0
full_tree_array_lgbids= 0 1 3 -1 2 -2 -5 -2147483648 -2147483648 -3 -4 -2147483648 -2147483648 -2147483648 -2147483648
split_feature= 20 4 4 11
split_gain= 7.21351 8.35059 13.338 6.41163
threshold= 4.5000000000000009 1.0000000180025095e-35 2.5000000000000004 1.5000000000000002
decision_type= 2 2 2 2
left_child=1 -1 -3 -2
right_child=3 2 -4 -5
leaf_value= -0.10299931002292342 0.10035714084425243 0.10361560077609962 -0.0015204964539981937 -0.1099723757590174
leaf_weight=6.3656663056462994 1.8265500606503309 15.387955005047841 64.372312060091645 9.7121273120865226
leaf_count=278 524 1361 3486 850
model_size=480
internal_value=0 0.00976355 0.0187632 -0.0766776
internal_weight=0 86.1259 79.7603 11.5387
internal_count=6499 5125 4847 1374
is_linear=0
shrinkage=0.1


Tree=59
num_leaves= 5
num_cat= 0
full_tree_array_lgbids= 0 1 -2 2 3 -2147483648 -2147483648 -1 -4 -3 -5 -2147483648 -2147483648 -2147483648 -2147483648
split_feature= 4 10 19 12
split_gain= 7.18661 8.59781 29.22 19.1246
threshold= 5.5000000000000009 1.0000000180025095e-35 5.5000000000000009 2.5000000000000004
decision_type= 2 2 2 2
left_child=1 2 -1 -3
right_child=-2 3 -4 -5
leaf_value= 0.070326766121251313 0.10152695503938268 -0.086290387713246042 -0.094030800808716744 0.085446926601476639
leaf_weight=35.046431893948466 6.7730641618836662 28.16561953118071 15.953213743865488 8.6507177073508483
leaf_count=2892 1123 2164 115 205
model_size=480
internal_value=0 -0.00827453 0.018914 -0.0459374
internal_weight=0 87.816 50.9996 36.8163
internal_count=6499 5376 3007 2369
is_linear=0
shrinkage=0.1


Tree=60
num_leaves= 5
num_cat= 0
full_tree_array_lgbids= 0 1 3 -1 2 -2 -5 -2147483648 -2147483648 -3 -4 -2147483648 -2147483648 -2147483648 -2147483648
split_feature= 20 4 4 11
split_gain= 6.43134 6.96974 11.5762 5.28845
threshold= 4.5000000000000009 1.0000000180025095e-35 2.5000000000000004 1.5000000000000002
decision_type= 2 2 2 2
left_child=1 -1 -3 -2
right_child=3 2 -4 -5
leaf_value= -0.10260578265571391 0.10030110385804319 0.10301864662485023 -0.0011084125270851271 -0.1078942853245501
leaf_weight=5.4802896194159976 1.5416636751033337 13.448877657763658 61.79699670849368 8.8170433542691171
leaf_count=278 524 1361 3486 850
model_size=480
internal_value=0 0.00934863 0.0175025 -0.076909
internal_weight=0 80.7262 75.2459 10.3587
internal_count=6499 5125 4847 1374
is_linear=0
shrinkage=0.1


Tree=61
num_leaves= 5
num_cat= 0
full_tree_array_lgbids= 0 1 -2 2 3 -2147483648 -2147483648 -1 -4 -3 -5 -2147483648 -2147483648 -2147483648 -2147483648
split_feature= 4 2 4 10
split_gain= 6.43902 7.66447 23.4989 23.4682
threshold= 5.5000000000000009 4.5000000000000009 4.5000000000000009 1.0000000180025095e-35
decision_type= 2 2 2 2
left_child=1 2 -1 -3
right_child=-2 3 -4 -5
leaf_value= 0.092553803983668123 0.10138257183528276 0.10265594964772594 -0.074824140469537184 -0.063145930212942916
leaf_weight=11.190223382785915 6.1435139996465287 19.354165856959298 35.92629523400683 15.752621141611597
leaf_count=1286 1123 821 2347 922
model_size=480
internal_value=0 -0.00803118 -0.0350717 0.0282597
internal_weight=0 82.2233 47.1165 35.1068
internal_count=6499 5376 3633 1743
is_linear=0
shrinkage=0.1


Tree=62
num_leaves= 7
num_cat= 0
full_tree_array_lgbids= 0 4 1 5 -6 2 3 -1 -7 -2147483648 -2147483648 -2 -4 -3 -5
split_feature= 2 2 4 10 10 9
split_gain= 5.84824 8.90857 19.598 16.0331 7.63157 0.17675
threshold= 1.0000000180025095e-35 4.5000000000000009 4.5000000000000009 1.0000000180025095e-35 3.5000000000000004 1.0000000180025095e-35
decision_type= 2 2 2 2 2 2
left_child=4 2 -2 -3 5 -1
right_child=1 3 -4 -5 -6 -7
leaf_value= 0.19508216881663584 0.08879574692909202 0.093162544680844228 -0.075734566423599659 -0.042009275091914128 -0.10375138980219059 0.10317875903301209
leaf_weight=3.1497473660856476 9.5035308019723725 19.202443905640393 33.254012645920739 16.937242271495052 1.3938086815178392 0.89156237477436651
leaf_count=18 1205 821 3305 1025 44 81
model_size=704
internal_value=0 -0.00756906 -0.0391651 0.0298129 0.103372 0.174807
internal_weight=0 78.8972 42.7575 36.1397 5.43512 4.04131
internal_count=6499 6356 4510 1846 143 99
is_linear=0
shrinkage=0.1


Tree=63
num_leaves= 5
num_cat= 0
full_tree_array_lgbids= 0 1 -2 3 2 -2147483648 -2147483648 -1 -5 -3 -4 -2147483648 -2147483648 -2147483648 -2147483648
split_feature= 4 19 19 4
split_gain= 6.20174 7.28372 42.7333 15.2175
threshold= 5.5000000000000009 4.5000000000000009 5.5000000000000009 2.5000000000000004
decision_type= 2 2 2 2
left_child=1 3 -3 -1
right_child=-2 2 -4 -5
leaf_value= 0.036913627163530721 0.10132018028979112 0.19902808354828511 -0.036872849165616201 -0.10239175002565029
leaf_weight=13.785397570463827 5.9294446274870998 10.205663248896597 32.277574977371842 19.386438205488957
leaf_count=1714 1123 58 1081 2523
model_size=480
internal_value=0 -0.00839461 0.0197972 -0.0444999
internal_weight=0 75.6551 42.4832 33.1718
internal_count=6499 5376 1139 4237
is_linear=0
shrinkage=0.1


Tree=64
num_leaves= 4
num_cat= 0
full_tree_array_lgbids= 0 -1 1 -2147483648 -2147483648 -2 2 -2147483648 -2147483648 -2147483648 -2147483648 -2147483648 -2147483648 -3 -4
split_feature= 4 4 19
split_gain= 5.56346 11.3857 10.7003
threshold= 1.0000000180025095e-35 2.5000000000000004 4.5000000000000009
decision_type= 2 2 2
left_child=-1 -2 -3
right_child=1 2 -4
leaf_value= -0.10262380186556484 0.10198875142166663 -0.069280114574196167 0.020234091427695181
leaf_weight=5.3444062881171694 11.100782485213129 20.956128454767168 41.110093555296771
leaf_count=320 1885 2722 1572
model_size=368
internal_value=0 0.00699957 -0.00998961
internal_weight=0 73.167 62.0662
internal_count=6499 6179 4294
is_linear=0
shrinkage=0.1


Tree=65
num_leaves= 5
num_cat= 0
full_tree_array_lgbids= 0 1 -2 2 3 -2147483648 -2147483648 -1 -4 -3 -5 -2147483648 -2147483648 -2147483648 -2147483648
split_feature= 4 21 9 4
split_gain= 5.78882 6.04747 14.225 9.07452
threshold= 5.5000000000000009 3.5000000000000004 1.0000000180025095e-35 2.5000000000000004
decision_type= 2 2 2 2
left_child=1 2 -1 -3
right_child=-2 3 -4 -5
leaf_value= 0.037987674035016121 0.10130509509618182 0.08291357814992123 -0.076132603467481519 -0.11318930381573818
leaf_weight=41.023072486859746 5.5654357079183674 3.1903110345592696 15.501522787380962 10.952889717184007
leaf_count=1923 1123 644 2509 300
model_size=480
internal_value=0 -0.0084484 0.00669089 -0.068954
internal_weight=0 70.6678 56.5246 14.1432
internal_count=6499 5376 4432 944
is_linear=0
shrinkage=0.1


Tree=66
num_leaves= 5
num_cat= 0
full_tree_array_lgbids= 0 1 -2 3 2 -2147483648 -2147483648 -1 -5 -3 -4 -2147483648 -2147483648 -2147483648 -2147483648
split_feature= 4 19 19 4
split_gain= 5.15938 5.65031 33.8143 11.6912
threshold= 5.5000000000000009 4.5000000000000009 5.5000000000000009 2.5000000000000004
decision_type= 2 2 2 2
left_child=1 3 -3 -1
right_child=-2 2 -4 -5
leaf_value= 0.030977606438442325 0.10118042607257519 0.17805771608908821 -0.035062589874097341 -0.1021017083708986
leaf_weight=12.14841842208989 5.0417035591090089 9.9484726246446353 31.141287169186398 15.680504110641778
leaf_count=1714 1123 58 1081 2523
model_size=480
internal_value=0 -0.00791033 0.0165372 -0.0440074
internal_weight=0 68.9187 41.0898 27.8289
internal_count=6499 5376 1139 4237
is_linear=0
shrinkage=0.1


Tree=67
num_leaves= 4
num_cat= 0
full_tree_array_lgbids= 0 -1 1 -2147483648 -2147483648 -2 2 -2147483648 -2147483648 -2147483648 -2147483648 -2147483648 -2147483648 -3 -4
split_feature= 4 4 0
split_gain= 5.12474 9.6489 8.14692
threshold= 1.0000000180025095e-35 2.5000000000000004 3.5000000000000004
decision_type= 2 2 2
left_child=-1 -2 -3
right_child=1 2 -4
leaf_value= -0.10224868098707469 0.10164217158099575 0.017662970983014403 -0.065957863387714838
leaf_weight=4.9935417249798766 9.656804130994713 38.602819628431462 17.998718985239975
leaf_count=320 1885 2425 1869
model_size=368
internal_value=0 0.00718735 -0.00892761
internal_weight=0 66.2583 56.6015
internal_count=6499 6179 4294
is_linear=0
shrinkage=0.1


Tree=68
num_leaves= 5
num_cat= 0
full_tree_array_lgbids= 0 1 -2 2 3 -2147483648 -2147483648 -1 -4 -3 -5 -2147483648 -2147483648 -2147483648 -2147483648
split_feature= 4 21 19 4
split_gain= 4.70421 5.28484 11.6047 7.13909
threshold= 5.5000000000000009 3.5000000000000004 4.5000000000000009 2.5000000000000004
decision_type= 2 2 2 2
left_child=1 2 -1 -3
right_child=-2 3 -4 -5
leaf_value= -0.052183980638508924 0.10109903298038697 0.078649784748720225 0.04553689549042296 -0.11162435514115357
leaf_weight=20.986349543672986 4.6558066956931716 2.6877272914862234 31.621980525553226 9.4754774831235409
leaf_count=3646 1123 644 786 300
model_size=480
internal_value=0 -0.00774243 0.00655439 -0.0695791
internal_weight=0 64.7715 52.6083 12.1632
internal_count=6499 5376 4432 944
is_linear=0
shrinkage=0.1


Tree=69
num_leaves= 7
num_cat= 0
full_tree_array_lgbids= 0 2 1 -1 3 5 4 -2147483648 -2147483648 -4 -5 -2 -7 -3 -6
split_feature= 6 20 11 13 4 7
split_gain= 4.53552 10.2261 8.66377 7.15296 3.14938 2.87159
threshold= 1.0000000180025095e-35 1.5000000000000002 1.5000000000000002 5.5000000000000009 2.5000000000000004 1.0000000180025095e-35
decision_type= 2 2 2 2 2 2
left_child=2 5 -1 -4 -3 -2
right_child=1 4 3 -5 -6 -7
leaf_value= 0.1084845659289724 -0.10021564437434943 0.013171262502960676 -0.10459488181784037 0.014430420733586038 -0.11120532673641266 0.15012443868170555
leaf_weight=8.7375822904286888 0.6419725068844867 2.9341866048052898 6.3448729136725879 34.699409500230104 11.18354010488838 3.0196366310119629
leaf_count=1914 307 114 710 2827 613 14
model_size=704
internal_value=0 -0.045898 0.0157684 -0.00396923 -0.0853553 0.106234
internal_weight=0 17.7793 49.7819 41.0443 14.1177 3.66161
internal_count=6499 1048 5451 3537 727 321
is_linear=0
shrinkage=0.1


Tree=70
num_leaves= 4
num_cat= 0
full_tree_array_lgbids= 0 -1 1 -2147483648 -2147483648 -2 2 -2147483648 -2147483648 -2147483648 -2147483648 -2147483648 -2147483648 -3 -4
split_feature= 4 4 19
split_gain= 4.48056 8.27477 7.03778
threshold= 1.0000000180025095e-35 2.5000000000000004 4.5000000000000009
decision_type= 2 2 2
left_child=-1 -2 -3
right_child=1 2 -4
leaf_value= -0.10202344826489798 0.10151287345749166 -0.066330309984787381 0.016458133122286597
leaf_weight=4.4581617256626478 8.4130441093584505 15.580178537755272 36.629284395370632
leaf_count=320 1885 2722 1572
model_size=368
internal_value=0 0.00698493 -0.00824733
internal_weight=0 60.6225 52.2095
internal_count=6499 6179 4294
is_linear=0
shrinkage=0.1


Tree=71
num_leaves= 6
num_cat= 0
full_tree_array_lgbids= 0 1 2 4 -3 3 -4 -1 -6 -2147483648 -2147483648 -2 -5 -2147483648 -2147483648
split_feature= 19 17 17 10 4
split_gain= 4.26446 23.3925 11.3971 10.7946 4.96036
threshold= 5.5000000000000009 1.5000000000000002 1.5000000000000002 1.0000000180025095e-35 5.5000000000000009
decision_type= 2 2 2 2 2
left_child=1 4 3 -2 -1
right_child=2 -3 -4 -5 -6
leaf_value= -0.04399063759298729 -0.065382917575968119 0.16045159085222338 -0.10988974165303433 0.09331033101599441 0.10150541659444078
leaf_weight=21.707151486654769 8.2444122582674044 9.3957762913778406 11.347092560026796 9.7553632009075937 2.9017150746658436
leaf_count=4237 77 58 434 1494 199
model_size=592
internal_value=0 0.0249141 -0.0298395 0.0206243 -0.0268347
internal_weight=0 34.0046 29.3469 17.9998 24.6089
internal_count=6499 4494 2005 1571 4436
is_linear=0
shrinkage=0.1


Tree=72
num_leaves= 5
num_cat= 0
full_tree_array_lgbids= 0 1 -2 2 3 -2147483648 -2147483648 -1 -4 -3 -5 -2147483648 -2147483648 -2147483648 -2147483648
split_feature= 4 21 9 4
split_gain= 3.79026 4.26376 8.42502 5.44027
threshold= 5.5000000000000009 3.5000000000000004 1.0000000180025095e-35 2.5000000000000004
decision_type= 2 2 2 2
left_child=1 2 -1 -3
right_child=-2 3 -4 -5
leaf_value= 0.030688367331264368 0.10097119530820114 0.074917274682479218 -0.071742222804336633 -0.11007683225847138
leaf_weight=35.292453339206986 3.8726725187152615 2.2102634765906242 11.148192497144917 7.8612333810888231
leaf_count=1923 1123 644 2509 300
model_size=480
internal_value=0 -0.00736976 0.00609965 -0.0694785
internal_weight=0 56.5121 46.4406 10.0715
internal_count=6499 5376 4432 944
is_linear=0
shrinkage=0.1


Tree=73
num_leaves= 4
num_cat= 0
full_tree_array_lgbids= 0 -1 1 -2147483648 -2147483648 -2 2 -2147483648 -2147483648 -2147483648 -2147483648 -2147483648 -2147483648 -3 -4
split_feature= 4 4 2
split_gain= 3.79531 7.4757 6.07123
threshold= 1.0000000180025095e-35 2.5000000000000004 4.5000000000000009
decision_type= 2 2 2
left_child=-1 -2 -3
right_child=1 2 -4
leaf_value= -0.10165309994011669 0.10138492395753206 -0.041052875369184366 0.034037821789328564
leaf_weight=3.8877484821714452 7.6324255574727422 26.81229185272241 20.441005556262098
leaf_count=320 1885 3430 864
model_size=368
internal_value=0 0.00672048 -0.00856986
internal_weight=0 54.8857 47.2533
internal_count=6499 6179 4294
is_linear=0
shrinkage=0.1


Tree=74
num_leaves= 8
num_cat= 0
full_tree_array_lgbids= 0 2 1 4 3 6 5 -1 -6 -4 -5 -2 -8 -3 -7
split_feature= 6 20 19 21 4 4 7
split_gain= 3.51116 8.63257 6.78999 17.5481 4.26476 2.58657 1.8917
threshold= 1.0000000180025095e-35 1.5000000000000002 4.5000000000000009 3.5000000000000004 5.5000000000000009 2.5000000000000004 1.0000000180025095e-35
decision_type= 2 2 2 2 2 2 2
left_child=2 6 4 -4 -1 -3 -2
right_child=1 5 3 -5 -6 -7 -8
leaf_value= -0.049290745343817513 -0.10016077500415335 0.018452829814717131 0.10825329641039937 -0.087539317656832871 0.10123725785277704 -0.10960226340423021 0.1409903013724052
leaf_weight=16.653008725901604 0.47769461141433511 2.3157142978161565 16.641205121995885 6.5516153823700725 2.3909587133675805 9.597983221174216 2.730626255273819
leaf_count=3504 307 114 1086 662 199 613 14
model_size=816
internal_value=0 -0.044444 0.0153695 0.0529449 -0.030392 -0.0847117 0.105085
internal_weight=0 15.122 42.2368 23.1928 19.044 11.9137 3.20832
internal_count=6499 1048 5451 1748 3703 727 321
is_linear=0
shrinkage=0.1


Tree=75
num_leaves= 4
num_cat= 0
full_tree_array_lgbids= 0 -1 1 -2147483648 -2147483648 -2 2 -2147483648 -2147483648 -2147483648 -2147483648 -2147483648 -2147483648 -3 -4
split_feature= 4 4 8
split_gain= 3.24655 6.87465 5.47558
threshold= 1.0000000180025095e-35 2.5000000000000004 7.5000000000000009
decision_type= 2 2 2
left_child=-1 -2 -3
right_child=1 2 -4
leaf_value= -0.10150040735937155 0.10129119213000302 -0.060864556102541136 0.017113284694042167
leaf_weight=3.4178655003197482 7.0386212125304146 14.664004763471892 29.50194267637562
leaf_count=320 1885 3043 1251
model_size=368
internal_value=0 0.00635309 -0.00877697
internal_weight=0 51.2046 44.1659
internal_count=6499 6179 4294
is_linear=0
shrinkage=0.1


Tree=76
num_leaves= 5
num_cat= 0
full_tree_array_lgbids= 0 1 -2 2 3 -2147483648 -2147483648 -1 -4 -3 -5 -2147483648 -2147483648 -2147483648 -2147483648
split_feature= 4 21 17 4
split_gain= 3.29607 3.3228 6.55749 4.19448
threshold= 5.5000000000000009 3.5000000000000004 1.5000000000000002 2.5000000000000004
decision_type= 2 2 2 2
left_child=1 2 -1 -3
right_child=-2 3 -4 -5
leaf_value= -0.021384843331560197 0.10081287981924301 0.073732476804418565 0.069356090078053573 -0.10871683559107617
leaf_weight=29.434708004700951 3.4545227522030464 1.7939762229216265 12.057148973457513 6.4985374817624688
leaf_count=4136 1123 644 296 300
model_size=480
internal_value=0 -0.00738075 0.00498363 -0.0692463
internal_weight=0 49.7844 41.4919 8.29251
internal_count=6499 5376 4432 944
is_linear=0
shrinkage=0.1


Tree=77
num_leaves= 7
num_cat= 0
full_tree_array_lgbids= 0 2 1 -1 3 5 4 -2147483648 -2147483648 -4 -5 -2 -7 -3 -6
split_feature= 6 20 11 13 4 7
split_gain= 3.00279 7.74182 5.90821 5.24268 2.25018 1.43141
threshold= 1.0000000180025095e-35 1.5000000000000002 1.5000000000000002 5.5000000000000009 2.5000000000000004 1.0000000180025095e-35
decision_type= 2 2 2 2 2 2
left_child=2 5 -1 -4 -3 -2
right_child=1 4 3 -5 -6 -7
leaf_value= 0.1063508447703149 -0.10013397156415549 0.018665417641431311 -0.10486597040277024 0.014543614501114488 -0.1084793681345069 0.13596441527927686
leaf_weight=6.4109157253988078 0.39825671084690784 2.102909237612038 4.7195971700130057 27.149601836223155 8.7433495277073217 2.5652341991662979
leaf_count=1914 307 114 710 2827 613 14
model_size=704
internal_value=0 -0.0434707 0.0151968 -0.00314008 -0.0838281 0.104236
internal_weight=0 13.8097 38.2801 31.8692 10.8463 2.96349
internal_count=6499 1048 5451 3537 727 321
is_linear=0
shrinkage=0.1


Tree=78
num_leaves= 4
num_cat= 0
full_tree_array_lgbids= 0 -1 1 -2147483648 -2147483648 -2 2 -2147483648 -2147483648 -2147483648 -2147483648 -2147483648 -2147483648 -3 -4
split_feature= 4 4 19
split_gain= 2.87575 5.82358 5.02906
threshold= 1.0000000180025095e-35 2.5000000000000004 4.5000000000000009
decision_type= 2 2 2
left_child=-1 -2 -3
right_child=1 2 -4
leaf_value= -0.10135273339358093 0.10116621157060385 -0.066350607674939929 0.015215797442636536
leaf_weight=3.103552352404221 6.1083919388474888 11.588142298103774 29.327316441864241
leaf_count=320 1885 2722 1572
model_size=368
internal_value=0 0.00628024 -0.00788557
internal_weight=0 47.0239 40.9155
internal_count=6499 6179 4294
is_linear=0
shrinkage=0.1


Tree=79
num_leaves= 6
num_cat= 0
full_tree_array_lgbids= 0 1 2 4 -3 3 -4 -1 -6 -2147483648 -2147483648 -2 -5 -2147483648 -2147483648
split_feature= 19 17 17 10 4
split_gain= 3.19252 14.9267 7.68648 6.71903 3.44393
threshold= 5.5000000000000009 1.5000000000000002 1.5000000000000002 1.0000000180025095e-35 5.5000000000000009
decision_type= 2 2 2 2 2
left_child=1 4 3 -2 -1
right_child=2 -3 -4 -5 -6
leaf_value= -0.043102779213587808 -0.059354927251866266 0.13985837924778352 -0.10774860933390079 0.08407217877511472 0.10111164139286258
leaf_weight=16.028152115934066 6.6217904202640057 8.1049832208082098 8.4686356512829661 7.4679988353163935 2.151390738785266
leaf_count=4237 77 58 434 1494 199
model_size=592
internal_value=0 0.0251183 -0.0300406 0.0166656 -0.0260363
internal_weight=0 26.2845 22.5584 14.0898 18.1795
internal_count=6499 4494 2005 1571 4436
is_linear=0
shrinkage=0.1


Tree=80
num_leaves= 6
num_cat= 0
full_tree_array_lgbids= 0 1 2 4 -3 3 -4 -1 -6 -2147483648 -2147483648 -2 -5 -2147483648 -2147483648
split_feature= 19 17 17 10 4
split_gain= 2.67981 12.9046 6.89222 5.65586 3.68454
threshold= 5.5000000000000009 1.5000000000000002 1.5000000000000002 1.0000000180025095e-35 2.5000000000000004
decision_type= 2 2 2 2 2
left_child=1 4 3 -2 -1
right_child=2 -3 -4 -5 -6
leaf_value= 0.035078313000565117 -0.055248859559503254 0.1348298303078517 -0.10706874149277851 0.080095504622019767 -0.064080964583900515
leaf_weight=7.1505777310230814 6.4137681089341658 7.5928976805880657 7.7089215829037121 7.0757820062572137 10.555041024694219
leaf_count=1714 77 58 434 1494 2722
model_size=592
internal_value=0 0.0236457 -0.0289172 0.0157444 -0.0240346
internal_weight=0 25.2985 21.1985 13.4896 17.7056
internal_count=6499 4494 2005 1571 4436
is_linear=0
shrinkage=0.1


Tree=81
num_leaves= 5
num_cat= 0
full_tree_array_lgbids= 0 1 -2 2 3 -2147483648 -2147483648 -1 -4 -3 -5 -2147483648 -2147483648 -2147483648 -2147483648
split_feature= 4 8 4 2
split_gain= 2.70485 2.34647 6.62745 5.51673
threshold= 5.5000000000000009 7.5000000000000009 2.5000000000000004 4.5000000000000009
decision_type= 2 2 2 2
left_child=1 2 -1 -3
right_child=-2 3 -4 -5
leaf_value= 0.04001654223385176 0.10078773492032277 -0.032112052345942305 -0.097962381573553747 0.06474089533591848
leaf_weight=6.3525535558001129 2.9388892062124787 13.839413129724564 9.1559249892015924 12.001766262575982
leaf_count=1997 1123 1069 1969 341
model_size=480
internal_value=0 -0.00750032 -0.0414437 0.0128707
internal_weight=0 41.3497 15.5085 25.8412
internal_count=6499 5376 3966 1410
is_linear=0
shrinkage=0.1


Tree=82
num_leaves= 4
num_cat= 0
full_tree_array_lgbids= 0 -1 1 -2147483648 -2147483648 -2 2 -2147483648 -2147483648 -2147483648 -2147483648 -2147483648 -2147483648 -3 -4
split_feature= 4 4 0
split_gain= 2.62025 4.82784 3.3966
threshold= 1.0000000180025095e-35 2.5000000000000004 2.5000000000000004
decision_type= 2 2 2
left_child=-1 -2 -3
right_child=1 2 -4
leaf_value= -0.10122982304798367 0.10104413352052838 0.02154080233969799 -0.04634811187135305
leaf_weight=2.8760230892803511 5.2421097179176277 20.002683029917534 14.75891989294905
leaf_count=320 1885 1901 2393
model_size=368
internal_value=0 0.00691211 -0.00728316
internal_weight=0 40.0037 34.7616
internal_count=6499 6179 4294
is_linear=0
shrinkage=0.1


Tree=83
num_leaves= 5
num_cat= 0
full_tree_array_lgbids= 0 1 -2 2 3 -2147483648 -2147483648 -1 -4 -3 -5 -2147483648 -2147483648 -2147483648 -2147483648
split_feature= 4 21 9 4
split_gain= 2.43135 2.27818 4.50342 2.48757
threshold= 5.5000000000000009 3.5000000000000004 1.0000000180025095e-35 2.5000000000000004
decision_type= 2 2 2 2
left_child=1 2 -1 -3
right_child=-2 3 -4 -5
leaf_value= 0.024165413349175185 0.1007235386304559 0.065877064371589147 -0.071429403193884689 -0.10704563125115854
leaf_weight=26.187538198311813 2.7068866681074715 1.2795366232166987 6.9618394870776674 4.7194902244955301
leaf_count=1923 1123 644 2509 300
model_size=480
internal_value=0 -0.00728909 0.00408915 -0.0701628
internal_weight=0 39.1484 33.1494 5.99903
internal_count=6499 5376 4432 944
is_linear=0
shrinkage=0.1


Tree=84
num_leaves= 4
num_cat= 0
full_tree_array_lgbids= 0 -1 1 -2147483648 -2147483648 -2 2 -2147483648 -2147483648 -2147483648 -2147483648 -2147483648 -2147483648 -3 -4
split_feature= 4 4 19
split_gain= 2.30594 4.24059 3.25073
threshold= 1.0000000180025095e-35 2.5000000000000004 4.5000000000000009
decision_type= 2 2 2
left_child=-1 -2 -3
right_child=1 2 -4
leaf_value= -0.10106275475253275 0.10091479258557814 -0.062296280307434872 0.01361020618328232
leaf_weight=2.6132954948116085 4.6972840657690531 8.9473343010176887 24.545365534577286
leaf_count=320 1885 2722 1572
model_size=368
internal_value=0 0.00656474 -0.00666767
internal_weight=0 38.19 33.4927
internal_count=6499 6179 4294
is_linear=0
shrinkage=0.1


Tree=85
num_leaves= 5
num_cat= 0
full_tree_array_lgbids= 0 1 -2 2 3 -2147483648 -2147483648 -1 -4 -3 -5 -2147483648 -2147483648 -2147483648 -2147483648
split_feature= 4 8 4 21
split_gain= 2.24855 2.18292 4.8891 4.59463
threshold= 5.5000000000000009 7.5000000000000009 2.5000000000000004 3.5000000000000004
decision_type= 2 2 2 2
left_child=1 2 -1 -3
right_child=-2 3 -4 -5
leaf_value= 0.035856421850219804 0.10070768241736089 0.030709267780657679 -0.096741751937685666 -0.10255742882860595
leaf_weight=5.0988821237988287 2.5499703934765412 21.026145802286923 7.7970479245122988 3.3454049668507642
leaf_count=1997 1123 1234 1969 176
model_size=480
internal_value=0 -0.00721463 -0.0443142 0.0124162
internal_weight=0 37.2675 12.8959 24.3716
internal_count=6499 5376 3966 1410
is_linear=0
shrinkage=0.1


Tree=86
num_leaves= 4
num_cat= 0
full_tree_array_lgbids= 0 -1 1 -2147483648 -2147483648 -2 2 -2147483648 -2147483648 -2147483648 -2147483648 -2147483648 -2147483648 -3 -4
split_feature= 4 4 2
split_gain= 2.09941 3.60905 2.99887
threshold= 1.0000000180025095e-35 2.5000000000000004 4.5000000000000009
decision_type= 2 2 2
left_child=-1 -2 -3
right_child=1 2 -4
leaf_value= -0.10099370267012789 0.10080025276503071 -0.035676777708742495 0.031141391635580187
leaf_weight=2.4381906534545115 4.1230096542567471 17.665871451463317 14.348726569412973
leaf_count=320 1885 3430 864
model_size=368
internal_value=0 0.00642484 -0.00572933
internal_weight=0 36.1376 32.0146
internal_count=6499 6179 4294
is_linear=0
shrinkage=0.1


Tree=87
num_leaves= 5
num_cat= 0
full_tree_array_lgbids= 0 1 -2 3 2 -2147483648 -2147483648 -1 -5 -3 -4 -2147483648 -2147483648 -2147483648 -2147483648
split_feature= 4 2 2 10
split_gain= 2.00054 2.15826 3.02914 0.967611
threshold= 5.5000000000000009 1.0000000180025095e-35 4.5000000000000009 3.5000000000000004
decision_type= 2 2 2 2
left_child=1 3 -3 -1
right_child=-2 2 -4 -5
leaf_value= 0.12178126944818105 0.10064103013306436 -0.049452019908396205 0.016583194629559553 -0.10094154630306225
leaf_weight=2.2304685983108352 2.3378943701100061 15.567467630695317 17.259667472244473 0.35187558480538417
leaf_count=99 1123 3490 1743 44
model_size=480
internal_value=0 -0.00698999 -0.0147324 0.0914326
internal_weight=0 35.4095 32.8271 2.58234
internal_count=6499 5376 5233 143
is_linear=0
shrinkage=0.1


Tree=88
num_leaves= 4
num_cat= 0
full_tree_array_lgbids= 0 -1 1 -2147483648 -2147483648 -2 2 -2147483648 -2147483648 -2147483648 -2147483648 -2147483648 -2147483648 -3 -4
split_feature= 4 4 4
split_gain= 1.86214 3.2274 2.83128
threshold= 1.0000000180025095e-35 2.5000000000000004 3.5000000000000004
decision_type= 2 2 2
left_child=-1 -2 -3
right_child=1 2 -4
leaf_value= -0.10091301835553997 0.10072576571461796 -0.103314278738687 0.005822881020161378
leaf_weight=2.2328367866575709 3.7647233735769978 3.1553266667760935 27.88139968237374
leaf_count=320 1885 307 3987
model_size=368
internal_value=0 0.00619412 -0.00527247
internal_weight=0 34.8014 31.0367
internal_count=6499 6179 4294
is_linear=0
shrinkage=0.1


Tree=89
num_leaves= 7
num_cat= 0
full_tree_array_lgbids= 0 2 1 -1 3 5 4 -2147483648 -2147483648 -4 -5 -2 -7 -3 -6
split_feature= 6 20 11 19 4 9
split_gain= 1.82216 6.20521 3.70774 3.62507 0.941484 0.445708
threshold= 1.0000000180025095e-35 1.5000000000000002 1.5000000000000002 6.5000000000000009 2.5000000000000004 1.0000000180025095e-35
decision_type= 2 2 2 2 2 2
left_child=2 5 -1 -4 -3 -2
right_child=1 4 3 -5 -6 -7
leaf_value= 0.10546762524836324 0.12817646037448599 0.014146321082226505 0.022822810124330448 -0.077775529134596413 -0.10665188445173585 -0.10007167285294832
leaf_weight=4.379681434598754 2.1097008436918245 1.2152138305827973 16.361824033316228 5.5144396456307723 6.4005176342616323 0.20989251468563441
leaf_count=1914 14 114 2622 915 613 307
model_size=704
internal_value=0 -0.0418735 0.0154803 -0.00253543 -0.0873766 0.107523
internal_weight=0 9.93532 26.2559 21.8763 7.61573 2.31959
internal_count=6499 1048 5451 3537 727 321
is_linear=0
shrinkage=0.1


Tree=90
num_leaves= 6
num_cat= 0
full_tree_array_lgbids= 0 1 4 2 3 -2 -6 -1 -4 -3 -5 -2147483648 -2147483648 -2147483648 -2147483648
split_feature= 20 12 19 3 11
split_gain= 1.80013 2.53055 5.15973 0.79648 0.445366
threshold= 4.5000000000000009 2.5000000000000004 5.5000000000000009 1.0000000180025095e-35 1.5000000000000002
decision_type= 2 2 2 2 2
left_child=1 2 -1 -3 -2
right_child=4 3 -4 -5 -6
leaf_value= 0.033348132474662749 0.10005207935745075 0.10790878909719488 -0.058815638831011909 -0.10053182736061815 -0.10441844801267296
leaf_weight=16.546657461178263 0.26330718983081114 3.6354114711284633 11.343205244716954 0.34061812912113953 2.6695152504835278
leaf_count=3075 524 61 1919 70 850
model_size=592
internal_value=0 0.00761605 -0.00413619 0.0900521 -0.0860612
internal_weight=0 31.8659 27.8899 3.97603 2.93282
internal_count=6499 5125 4994 131 1374
is_linear=0
shrinkage=0.1


Tree=91
num_leaves= 5
num_cat= 0
full_tree_array_lgbids= 0 1 -2 3 2 -2147483648 -2147483648 -1 -5 -3 -4 -2147483648 -2147483648 -2147483648 -2147483648
split_feature= 4 19 19 4
split_gain= 1.68069 2.60407 9.67504 3.14463
threshold= 5.5000000000000009 4.5000000000000009 5.5000000000000009 2.5000000000000004
decision_type= 2 2 2 2
left_child=1 3 -3 -1
right_child=-2 2 -4 -5
leaf_value= 0.017917388317123022 0.100531149103462 0.12375483599425077 -0.029424756428873201 -0.1012577376412
leaf_weight=4.5062990129808913 2.0720554054132654 6.1857364419847736 14.807513499166816 6.2031969386735
leaf_count=1714 1123 58 1081 2523
model_size=480
internal_value=0 -0.00686292 0.0157102 -0.0511117
internal_weight=0 31.7027 20.9932 10.7095
internal_count=6499 5376 1139 4237
is_linear=0
shrinkage=0.1


Tree=92
num_leaves= 4
num_cat= 0
full_tree_array_lgbids= 0 -1 1 -2147483648 -2147483648 -2 2 -2147483648 -2147483648 -2147483648 -2147483648 -2147483648 -2147483648 -3 -4
split_feature= 4 4 19
split_gain= 1.7053 2.5872 2.6789
threshold= 1.0000000180025095e-35 2.5000000000000004 4.5000000000000009
decision_type= 2 2 2
left_child=-1 -2 -3
right_child=1 2 -4
leaf_value= -0.10085549658925992 0.10061421419632047 -0.063535568717666344 0.015899103670324783
leaf_weight=2.0992090713698408 3.2013182100490694 6.9057232418854282 20.175715715653496
leaf_count=320 1885 2722 1572
model_size=368
internal_value=0 0.0067403 -0.00435661
internal_weight=0 30.2828 27.0814
internal_count=6499 6179 4294
is_linear=0
shrinkage=0.1


Tree=93
num_leaves= 5
num_cat= 0
full_tree_array_lgbids= 0 1 -2 3 2 -2147483648 -2147483648 -1 -5 -3 -4 -2147483648 -2147483648 -2147483648 -2147483648
split_feature= 4 19 19 4
split_gain= 1.53765 1.97662 8.51862 2.58784
threshold= 5.5000000000000009 4.5000000000000009 5.5000000000000009 2.5000000000000004
decision_type= 2 2 2 2
left_child=1 3 -3 -1
right_child=-2 2 -4 -5
leaf_value= 0.016173084459927833 0.10052060033193143 0.12072886506689794 -0.028484453412711299 -0.10108242088493243
leaf_weight=4.068132737767888 1.9497345806739748 5.6560179162770519 14.676793060323689 5.2798994531913195
leaf_count=1714 1123 58 1081 2523
model_size=480
internal_value=0 -0.00684369 0.0130225 -0.0500545
internal_weight=0 29.6808 20.3328 9.34803
internal_count=6499 5376 1139 4237
is_linear=0
shrinkage=0.1


Tree=94
num_leaves= 4
num_cat= 0
full_tree_array_lgbids= 0 -1 1 -2147483648 -2147483648 -2 2 -2147483648 -2147483648 -2147483648 -2147483648 -2147483648 -2147483648 -3 -4
split_feature= 4 4 12
split_gain= 1.50142 2.24679 2.09839
threshold= 1.0000000180025095e-35 2.5000000000000004 1.5000000000000002
decision_type= 2 2 2
left_child=-1 -2 -3
right_child=1 2 -4
leaf_value= -0.10077941931981743 0.10054502738665363 -0.088902065311400907 0.0083643026223514504
leaf_weight=1.9229866233654345 2.8763167659926721 3.2366495682363192 22.33666490703763
leaf_count=320 1885 950 3344
model_size=368
internal_value=0 0.00661819 -0.00394607
internal_weight=0 28.4496 25.5733
internal_count=6499 6179 4294
is_linear=0
shrinkage=0.1


Tree=95
num_leaves= 5
num_cat= 0
full_tree_array_lgbids= 0 1 -2 3 2 -2147483648 -2147483648 -1 -5 -3 -4 -2147483648 -2147483648 -2147483648 -2147483648
split_feature= 4 19 19 4
split_gain= 1.33383 1.75971 7.32095 2.18496
threshold= 5.5000000000000009 4.5000000000000009 5.5000000000000009 2.5000000000000004
decision_type= 2 2 2 2
left_child=1 3 -3 -1
right_child=-2 2 -4 -5
leaf_value= 0.014590976679815657 0.10046214464678252 0.11826945988074494 -0.02581925801766384 -0.10089216303307683
leaf_weight=3.674337749165721 1.7774116725195188 5.1822871603071698 14.332185556326294 4.7620599617948756
leaf_count=1714 1123 58 1081 2523
model_size=480
internal_value=0 -0.00658235 0.0124451 -0.0505953
internal_weight=0 27.9509 19.5145 8.4364
internal_count=6499 5376 1139 4237
is_linear=0
shrinkage=0.1


Tree=96
num_leaves= 4
num_cat= 0
full_tree_array_lgbids= 0 -1 1 -2147483648 -2147483648 -2 2 -2147483648 -2147483648 -2147483648 -2147483648 -2147483648 -2147483648 -3 -4
split_feature= 4 4 12
split_gain= 1.31068 1.94506 1.92078
threshold= 1.0000000180025095e-35 2.5000000000000004 2.5000000000000004
decision_type= 2 2 2
left_child=-1 -2 -3
right_child=1 2 -4
leaf_value= -0.10071009109125424 0.10048458297209271 -0.018599384274087517 0.065269101729711163
leaf_weight=1.7596963901305596 2.5867587386164841 19.895336041154227 4.3414089366560793
leaf_count=320 1885 4154 140
model_size=368
internal_value=0 0.00645882 -0.00357643
internal_weight=0 26.8235 24.2367
internal_count=6499 6179 4294
is_linear=0
shrinkage=0.1


Tree=97
num_leaves= 5
num_cat= 0
full_tree_array_lgbids= 0 1 3 2 -3 -2 -5 -1 -4 -2147483648 -2147483648 -2147483648 -2147483648 -2147483648 -2147483648
split_feature= 20 12 14 11
split_gain= 1.25825 2.42871 3.61572 0.0580575
threshold= 4.5000000000000009 2.5000000000000004 5.5000000000000009 1.5000000000000002
decision_type= 2 2 2 2
left_child=1 2 -1 -2
right_child=3 -3 -4 -5
leaf_value= -0.098113713349947618 0.10003319585779938 0.093257285063558015 0.014331247043416075 -0.10447136527642438
leaf_weight=4.0724942352681053 0.16789210413116906 3.5311222083400926 18.149918121242081 2.004780147690326
leaf_count=840 524 131 4154 850
model_size=480
internal_value=0 0.00737166 -0.00627549 -0.0886684
internal_weight=0 25.7535 22.2224 2.17267
internal_count=6499 5125 4994 1374
is_linear=0
shrinkage=0.1


Tree=98
num_leaves= 5
num_cat= 0
full_tree_array_lgbids= 0 1 -2 3 2 -2147483648 -2147483648 -1 -5 -3 -4 -2147483648 -2147483648 -2147483648 -2147483648
split_feature= 4 8 21 4
split_gain= 1.14259 1.54791 2.95658 2.14197
threshold= 5.5000000000000009 7.5000000000000009 3.5000000000000004 2.5000000000000004
decision_type= 2 2 2 2
left_child=1 3 -3 -1
right_child=-2 2 -4 -5
leaf_value= 0.025323644288511638 0.10041987978840408 0.030472528418696816 -0.10173191594017961 -0.095736501774075555
leaf_weight=3.0133408710680731 1.6157625531777728 15.292264888877982 2.3432112883892833 4.9100850537070073
leaf_count=1997 1123 1234 176 1969
model_size=480
internal_value=0 -0.00650071 0.0129066 -0.0496964
internal_weight=0 25.5589 17.6355 7.92343
internal_count=6499 5376 1410 3966
is_linear=0
shrinkage=0.1


Tree=99
num_leaves= 4
num_cat= 0
full_tree_array_lgbids= 0 -1 1 -2147483648 -2147483648 -2 2 -2147483648 -2147483648 -2147483648 -2147483648 -2147483648 -2147483648 -3 -4
split_feature= 4 4 4
split_gain= 1.18158 1.5936 1.66287
threshold= 1.0000000180025095e-35 2.5000000000000004 3.5000000000000004
decision_type= 2 2 2
left_child=-1 -2 -3
right_child=1 2 -4
leaf_value= -0.10067162959598859 0.10042069318016436 -0.10243111597476079 0.0071917575729726685
leaf_weight=1.6542001798516164 2.2595672657043933 2.0744434761581969 20.369158878209419
leaf_count=320 1885 307 3987
model_size=368
internal_value=0 0.00651373 -0.00294059
internal_weight=0 24.7032 22.4436
internal_count=6499 6179 4294
is_linear=0
shrinkage=0.1


Tree=100
num_leaves= 5
num_cat= 0
full_tree_array_lgbids= 0 1 -2 2 3 -2147483648 -2147483648 -1 -4 -3 -5 -2147483648 -2147483648 -2147483648 -2147483648
split_feature= 20 12 14 4
split_gain= 1.03769 2.00258 3.20619 0.297184
threshold= 4.5000000000000009 2.5000000000000004 5.5000000000000009 3.5000000000000004
decision_type= 2 2 2 2
left_child=1 2 -1 -3
right_child=-2 3 -4 -5
leaf_value= -0.097494657609278862 -0.089807469196020187 -0.10035876641187338 0.014058077412162494 0.10622200625785948
leaf_weight=3.7335740158159849 1.8948698247259006 0.22738917032256667 17.006937802972971 2.9385354295372963
leaf_count=840 1374 70 4154 61
model_size=480
internal_value=0 0.00687672 -0.00602293 0.0913846
internal_weight=0 23.9064 20.7405 3.16592
internal_count=6499 5125 4994 131
is_linear=0
shrinkage=0.1


Tree=101
num_leaves= 5
num_cat= 0
full_tree_array_lgbids= 0 -1 1 -2147483648 -2147483648 2 3 -2147483648 -2147483648 -2147483648 -2147483648 -2 -4 -3 -5
split_feature= 4 19 17 17
split_gain= 0.99705 1.43756 4.21979 4.02278
threshold= 1.0000000180025095e-35 5.5000000000000009 1.5000000000000002 1.5000000000000002
decision_type= 2 2 2 2
left_child=-1 2 -2 -3
right_child=1 3 -4 -5
leaf_value= -0.1006168824540529 -0.018410051786149649 0.023119075749099764 0.11547558489751211 -0.10433029922526492
leaf_weight=1.4981673837173755 6.4567785230174195 8.1340017372422135 4.6213088887743652 4.3898476326139653
leaf_count=320 4133 1554 58 434
model_size=480
internal_value=0 0.00613658 0.0374414 -0.0215544
internal_weight=0 23.6019 11.0781 12.5238
internal_count=6499 6179 4191 1988
is_linear=0
shrinkage=0.1


Tree=102
num_leaves= 5
num_cat= 0
full_tree_array_lgbids= 0 1 -2 3 2 -2147483648 -2147483648 -1 -5 -3 -4 -2147483648 -2147483648 -2147483648 -2147483648
split_feature= 4 19 19 4
split_gain= 0.937676 1.14632 5.44271 1.60474
threshold= 5.5000000000000009 4.5000000000000009 5.5000000000000009 2.5000000000000004
decision_type= 2 2 2 2
left_child=1 3 -3 -1
right_child=-2 2 -4 -5
leaf_value= 0.01568981304671976 0.10038212215718326 0.11381590134629926 -0.025526710750286497 -0.10073349354850254
leaf_weight=2.9056831864145414 1.4402362843102299 4.2393743414431819 11.802170696115354 3.7460155204462353
leaf_count=1714 1123 58 1081 2523
model_size=480
internal_value=0 -0.0066329 0.011298 -0.0498759
internal_weight=0 22.6932 16.0415 6.6517
internal_count=6499 5376 1139 4237
is_linear=0
shrinkage=0.1


Tree=103
num_leaves= 4
num_cat= 0
full_tree_array_lgbids= 0 -1 1 -2147483648 -2147483648 -2 2 -2147483648 -2147483648 -2147483648 -2147483648 -2147483648 -2147483648 -3 -4
split_feature= 4 4 12
split_gain= 0.851144 1.39507 1.31859
threshold= 1.0000000180025095e-35 2.5000000000000004 1.5000000000000002
decision_type= 2 2 2
left_child=-1 -2 -3
right_child=1 2 -4
leaf_value= -0.10056291653418044 0.10037195906785701 -0.087025377956679043 0.0080820316502289834
leaf_weight=1.3722676420584345 2.0529144924657912 2.4430743918783291 17.325289085056284
leaf_count=320 1885 950 3344
model_size=368
internal_value=0 0.00611647 -0.00367182
internal_weight=0 21.8213 19.7684
internal_count=6499 6179 4294
is_linear=0
shrinkage=0.1


Tree=104
num_leaves= 5
num_cat= 0
full_tree_array_lgbids= 0 1 -2 2 3 -2147483648 -2147483648 -1 -4 -3 -5 -2147483648 -2147483648 -2147483648 -2147483648
split_feature= 4 20 10 6
split_gain= 0.78716 1.07563 3.45563 2.56055
threshold= 5.5000000000000009 1.5000000000000002 1.5000000000000002 1.0000000180025095e-35
decision_type= 2 2 2 2
left_child=1 2 -1 -3
right_child=-2 3 -4 -5
leaf_value= 0.11850304559028176 0.10033931913796712 0.0067253798662561572 -0.10078884988175435 -0.088637928397386101
leaf_weight=2.804631717503077 1.3136805766553141 12.532315147735064 1.2154164930252589 4.8555269533389938
leaf_count=45 1123 4055 549 727
model_size=480
internal_value=0 -0.00636412 0.0522026 -0.0199047
internal_weight=0 21.4079 4.02005 17.3878
internal_count=6499 5376 594 4782
is_linear=0
shrinkage=0.1


Tree=105
num_leaves= 4
num_cat= 0
full_tree_array_lgbids= 0 -1 1 -2147483648 -2147483648 -2 2 -2147483648 -2147483648 -2147483648 -2147483648 -2147483648 -2147483648 -3 -4
split_feature= 4 4 2
split_gain= 0.676183 1.22562 1.2031
threshold= 1.0000000180025095e-35 2.5000000000000004 4.5000000000000009
decision_type= 2 2 2
left_child=-1 -2 -3
right_child=1 2 -4
leaf_value= -0.10048330613964676 0.10034881444049992 -0.032927697028215318 0.02955888664404821
leaf_weight=1.2230928275967041 1.8817144158674661 10.025224665354473 8.8020512439543364
leaf_count=320 1885 3430 864
model_size=368
internal_value=0 0.00574142 -0.00371422
internal_weight=0 20.709 18.8273
internal_count=6499 6179 4294
is_linear=0
shrinkage=0.1


Tree=106
num_leaves= 5
num_cat= 0
full_tree_array_lgbids= 0 1 -2 3 2 -2147483648 -2147483648 -1 -5 -3 -4 -2147483648 -2147483648 -2147483648 -2147483648
split_feature= 4 19 19 4
split_gain= 0.656959 1.07537 4.50789 1.24824
threshold= 5.5000000000000009 4.5000000000000009 5.5000000000000009 2.5000000000000004
decision_type= 2 2 2 2
left_child=1 3 -3 -1
right_child=-2 2 -4 -5
leaf_value= 0.01542901819475496 0.10030817959026013 0.11198792194778683 -0.0232235358480447 -0.10064003998670101
leaf_weight=2.390385589198563 1.2044463663187333 3.803796731401234 10.767127966246335 3.3489999486773741
leaf_count=1714 1123 58 1081 2523
model_size=480
internal_value=0 -0.00611678 0.0120739 -0.0522987
internal_weight=0 20.3103 14.5709 5.73939
internal_count=6499 5376 1139 4237
is_linear=0
shrinkage=0.1


Tree=107
num_leaves= 6
num_cat= 0
full_tree_array_lgbids= 0 1 2 -1 -3 3 4 -2147483648 -2147483648 -2147483648 -2147483648 -2 -5 -4 -6
split_feature= 20 10 6 19 4
split_gain= 0.682295 2.89347 2.64934 1.65935 0.12401
threshold= 1.5000000000000002 1.5000000000000002 1.0000000180025095e-35 4.5000000000000009 2.5000000000000004
decision_type= 2 2 2 2 2
left_child=1 -1 3 -2 -4
right_child=2 -3 4 -5 -6
leaf_value= 0.11645753711581584 -0.035489410289879203 -0.10068876799725884 0.016643715925483839 0.05055472852470573 -0.10373966626744442
leaf_weight=2.6147268097847731 5.4008659289684164 1.048642443041899 0.60981397982686658 7.2765611858631019 3.7363469345291378
leaf_count=45 3644 549 114 1534 613
model_size=592
internal_value=0 0.0542992 -0.0118228 0.013898 -0.0868486
internal_weight=0 3.66337 17.0236 12.6774 4.34616
internal_count=6499 594 5905 5178 727
is_linear=0
shrinkage=0.1


Tree=108
num_leaves= 4
num_cat= 0
full_tree_array_lgbids= 0 1 -2 2 -3 -2147483648 -2147483648 -1 -4 -2147483648 -2147483648 -2147483648 -2147483648 -2147483648 -2147483648
split_feature= 20 12 14
split_gain= 0.571434 1.50543 1.82114
threshold= 4.5000000000000009 2.5000000000000004 5.5000000000000009
decision_type= 2 2 2
left_child=1 2 -1
right_child=-2 -3 -4
leaf_value= -0.093913191342156005 -0.087013064465641013 0.092279166258888101 0.011080913565115863
leaf_weight=2.6930890820658577 1.4869936611939909 2.5375763084739438 13.105936833140731
leaf_count=840 1374 131 4154
model_size=368
internal_value=0 0.00689738 -0.0068163
internal_weight=0 18.3366 15.799
internal_count=6499 5125 4994
is_linear=0
shrinkage=0.1


Tree=109
num_leaves= 4
num_cat= 0
full_tree_array_lgbids= 0 -1 1 -2147483648 -2147483648 -2 2 -2147483648 -2147483648 -2147483648 -2147483648 -2147483648 -2147483648 -3 -4
split_feature= 4 4 4
split_gain= 0.53761 1.0365 1.01975
threshold= 1.0000000180025095e-35 2.5000000000000004 3.5000000000000004
decision_type= 2 2 2
left_child=-1 -2 -3
right_child=1 2 -4
leaf_value= -0.10044579656499764 0.10030841113556895 -0.10193918844036115 0.0064323469705411824
leaf_weight=1.1090537326526853 1.7112892005970959 1.5663783358759271 14.960580975413903
leaf_count=320 1885 307 3987
model_size=368
internal_value=0 0.0059333 -0.0038388
internal_weight=0 18.2382 16.527
internal_count=6499 6179 4294
is_linear=0
shrinkage=0.1


Tree=110
num_leaves= 5
num_cat= 0
full_tree_array_lgbids= 0 1 -2 2 3 -2147483648 -2147483648 -1 -4 -3 -5 -2147483648 -2147483648 -2147483648 -2147483648
split_feature= 4 21 19 4
split_gain= 0.507712 0.903805 1.62488 0.333852
threshold= 5.5000000000000009 3.5000000000000004 4.5000000000000009 2.5000000000000004
decision_type= 2 2 2 2
left_child=1 2 -1 -3
right_child=-2 3 -4 -5
leaf_value= -0.054693834921356467 0.10028907238476432 0.065689771873604932 0.030386092475798883 -0.10501188620742137
leaf_weight=4.4182146847888424 1.0809856095729617 0.39990467540337649 10.876278229523448 2.1602896602707915
leaf_count=3646 1123 644 786 300
model_size=480
internal_value=0 -0.00625875 0.00580853 -0.0783481
internal_weight=0 17.8547 15.2945 2.56019
internal_count=6499 5376 4432 944
is_linear=0
shrinkage=0.1


Tree=111
num_leaves= 6
num_cat= 0
full_tree_array_lgbids= 0 2 1 -1 -4 3 4 -2147483648 -2147483648 -2147483648 -2147483648 -2 -5 -3 -6
split_feature= 20 6 10 19 4
split_gain= 0.454109 2.22216 2.21604 1.06138 0.0473953
threshold= 1.5000000000000002 1.0000000180025095e-35 1.5000000000000002 4.5000000000000009 2.5000000000000004
decision_type= 2 2 2 2 2
left_child=2 3 -1 -2 -3
right_child=1 4 -4 -5 -6
leaf_value= 0.11453984127568528 -0.031370939664086793 0.017683158154939767 -0.10058412980312353 0.046920270697170398 -0.1031336283412941
leaf_weight=2.2228964809328331 4.8335132565116492 0.5621807787101728 0.86026480348664325 6.6499537579802563 3.3175613741332199
leaf_count=45 3644 114 549 1534 613
model_size=592
internal_value=0 -0.0111842 0.0545159 0.0139667 -0.0856271
internal_weight=0 15.3632 3.08316 11.4835 3.87974
internal_count=6499 5905 594 5178 727
is_linear=0
shrinkage=0.1


Tree=112
num_leaves= 5
num_cat= 0
full_tree_array_lgbids= 0 1 -2 2 3 -2147483648 -2147483648 -1 -4 -3 -5 -2147483648 -2147483648 -2147483648 -2147483648
split_feature= 4 21 20 4
split_gain= 0.395522 0.71121 1.21913 0.250697
threshold= 5.5000000000000009 3.5000000000000004 1.5000000000000002 2.5000000000000004
decision_type= 2 2 2 2
left_child=1 2 -1 -3
right_child=-2 3 -4 -5
leaf_value= 0.088147045301982169 0.100274277924843 0.063183391866426949 -0.010400654807949831 -0.10494818624181623
leaf_weight=2.3040446049126375 0.98684217545087349 0.38592035273904834 12.083942426128488 1.9520509458670858
leaf_count=429 1123 644 4003 300
model_size=480
internal_value=0 -0.00616208 0.00538045 -0.0771953
internal_weight=0 16.726 14.388 2.33797
internal_count=6499 5376 4432 944
is_linear=0
shrinkage=0.1


Tree=113
num_leaves= 4
num_cat= 0
full_tree_array_lgbids= 0 1 -2 2 -3 -2147483648 -2147483648 -1 -4 -2147483648 -2147483648 -2147483648 -2147483648 -2147483648 -2147483648
split_feature= 20 12 19
split_gain= 0.342653 0.926507 1.73019
threshold= 4.5000000000000009 2.5000000000000004 5.5000000000000009
decision_type= 2 2 2
left_child=1 2 -1
right_child=-2 -3 -4
leaf_value= 0.031726775033494962 -0.084294501141697495 0.089274369192258909 -0.051688500177548884
leaf_weight=7.7454357323294953 1.3167629714007496 2.0374577118782335 6.1961461038154084
leaf_count=3075 1374 131 1919
model_size=368
internal_value=0 0.00671886 -0.00534601
internal_weight=0 15.979 13.9416
internal_count=6499 5125 4994
is_linear=0
shrinkage=0.1


Tree=114
num_leaves= 4
num_cat= 0
full_tree_array_lgbids= 0 -1 1 -2147483648 -2147483648 -2 2 -2147483648 -2147483648 -2147483648 -2147483648 -2147483648 -2147483648 -3 -4
split_feature= 4 4 0
split_gain= 0.360319 0.88555 0.687375
threshold= 1.0000000180025095e-35 2.5000000000000004 3.5000000000000004
decision_type= 2 2 2
left_child=-1 -2 -3
right_child=1 2 -4
leaf_value= -0.1003921916668527 0.10028047002515431 0.014127439337456103 -0.055375033153596737
leaf_weight=0.96652664366411123 1.5723069876548823 10.496221735949801 3.833150008584199
leaf_count=320 1885 2425 1869
model_size=368
internal_value=0 0.00589218 -0.00446468
internal_weight=0 15.9017 14.3294
internal_count=6499 6179 4294
is_linear=0
shrinkage=0.1


Tree=115
num_leaves= 5
num_cat= 0
full_tree_array_lgbids= 0 1 -2 2 3 -2147483648 -2147483648 -1 -4 -3 -5 -2147483648 -2147483648 -2147483648 -2147483648
split_feature= 4 21 19 4
split_gain= 0.291942 0.487536 1.15026 0.0678926
threshold= 5.5000000000000009 3.5000000000000004 4.5000000000000009 2.5000000000000004
decision_type= 2 2 2 2
left_child=1 2 -1 -3
right_child=-2 3 -4 -5
leaf_value= -0.052055096991626908 0.10024405600963104 0.058191595992434168 0.028180884292852017 -0.10423044052327704
leaf_weight=4.0192356404440934 0.90426221102825444 0.33748612356430485 9.5859302052122057 1.6713386432093102
leaf_count=3646 1123 644 786 300
model_size=480
internal_value=0 -0.00599765 0.00447759 -0.0769433
internal_weight=0 15.614 13.6052 2.00882
internal_count=6499 5376 4432 944
is_linear=0
shrinkage=0.1


Tree=116
num_leaves= 4
num_cat= 0
full_tree_array_lgbids= 0 -1 1 -2147483648 -2147483648 -2 2 -2147483648 -2147483648 -2147483648 -2147483648 -2147483648 -2147483648 -3 -4
split_feature= 4 4 4
split_gain= 0.216162 0.770767 0.605383
threshold= 1.0000000180025095e-35 2.5000000000000004 3.5000000000000004
decision_type= 2 2 2
left_child=-1 -2 -3
right_child=1 2 -4
leaf_value= -0.10034221056545385 0.1002649948172202 -0.10155887212499347 0.0049245348742861586
leaf_weight=0.84470055584097359 1.4543385705183016 1.2434474033361755 12.583483988717489
leaf_count=320 1885 307 3987
model_size=368
internal_value=0 0.00533358 -0.00465145
internal_weight=0 15.2813 13.8269
internal_count=6499 6179 4294
is_linear=0
shrinkage=0.1


Tree=117
num_leaves= 4
num_cat= 0
full_tree_array_lgbids= 0 1 -2 2 -3 -2147483648 -2147483648 -1 -4 -2147483648 -2147483648 -2147483648 -2147483648 -2147483648 -2147483648
split_feature= 20 12 19
split_gain= 0.198988 0.730126 1.4278
threshold= 4.5000000000000009 2.5000000000000004 5.5000000000000009
decision_type= 2 2 2
left_child=1 2 -1
right_child=-2 -3 -4
leaf_value= 0.03178618669493783 -0.083687631940415119 0.088682486755779472 -0.049760773040803341
leaf_weight=6.9807632857628015 1.1699646601846332 1.8278555131983019 5.8141519888304174
leaf_count=3075 1374 131 1919
model_size=368
internal_value=0 0.00647442 -0.00526966
internal_weight=0 14.6228 12.7949
internal_count=6499 5125 4994
is_linear=0
shrinkage=0.1


Tree=118
num_leaves= 5
num_cat= 0
full_tree_array_lgbids= 0 2 1 -1 -4 3 -3 -2147483648 -2147483648 -2147483648 -2147483648 -2 -5 -2147483648 -2147483648
split_feature= 20 6 10 19
split_gain= 0.209176 1.66862 1.50572 0.919167
threshold= 1.5000000000000002 1.0000000180025095e-35 1.5000000000000002 4.5000000000000009
decision_type= 2 2 2 2
left_child=2 3 -1 -2
right_child=1 -3 -4 -5
leaf_value= 0.1136025708177406 -0.033804405409716874 -0.085415614779651469 -0.10049691182988048 0.048107086690696799
leaf_weight=1.7652630256488913 4.1301427990692883 3.1767048831825386 0.65557158728188358 5.6821681797446217
leaf_count=45 3644 727 549 1534
model_size=480
internal_value=0 -0.0105939 0.0556236 0.0136294
internal_weight=0 12.989 2.42083 9.81231
internal_count=6499 5905 594 5178
is_linear=0
shrinkage=0.1


Tree=119
num_leaves= 4
num_cat= 0
full_tree_array_lgbids= 0 1 -2 2 -3 -2147483648 -2147483648 -1 -4 -2147483648 -2147483648 -2147483648 -2147483648 -2147483648 -2147483648
split_feature= 4 21 19
split_gain= 0.180056 0.317619 0.754604
threshold= 5.5000000000000009 3.5000000000000004 4.5000000000000009
decision_type= 2 2 2
left_child=1 2 -1
right_child=-2 -3 -4
leaf_value= -0.048421293681830686 0.10022019098253197 -0.076939142446379907 0.026511879956516538
leaf_weight=3.6715357730645328 0.81593804761360011 1.7541460251522938 8.6054641968221386
leaf_count=3646 1123 944 786
model_size=368
internal_value=0 -0.00602916 0.00410251
internal_weight=0 14.0311 12.277
internal_count=6499 5376 4432
is_linear=0
shrinkage=0.1


Tree=120
num_leaves= 6
num_cat= 0
full_tree_array_lgbids= 0 1 2 4 -3 3 -4 -1 -6 -2147483648 -2147483648 -2 -5 -2147483648 -2147483648
split_feature= 19 17 17 20 7
split_gain= 0.186899 2.22783 1.70093 0.824625 0.226708
threshold= 5.5000000000000009 1.5000000000000002 1.5000000000000002 3.5000000000000004 1.0000000180025095e-35
decision_type= 2 2 2 2 2
left_child=1 4 3 -2 -1
right_child=2 -3 -4 -5 -6
leaf_value= -0.058325625875317158 0.090951044772695444 0.10781895466823382 -0.10355382942275526 -0.025404891291921691 0.03555480367249169
leaf_weight=2.8768270827058586 1.7546295514330266 2.6644456377252936 2.5205844982410781 3.1114592271551373 1.6412227442197034
leaf_count=3938 63 58 434 1508 498
model_size=592
internal_value=0 0.02476 -0.0244328 0.0165511 -0.0242227
internal_weight=0 7.1825 7.38667 4.86609 4.51805
internal_count=6499 4494 2005 1571 4436
is_linear=0
shrinkage=0.1


Tree=121
num_leaves= 7
num_cat= 0
full_tree_array_lgbids= 0 1 3 2 -3 5 4 -1 -4 -2147483648 -2147483648 -2 -7 -5 -6
split_feature= 14 11 11 10 7 9
split_gain= 0.0954019 0.978406 0.681449 0.317601 1.85071 1.53684
threshold= 5.5000000000000009 1.5000000000000002 1.0000000180025095e-35 1.0000000180025095e-35 1.0000000180025095e-35 1.0000000180025095e-35
decision_type= 2 2 2 2 2 2
left_child=1 2 -1 5 -5 -2
right_child=3 -3 -4 4 -6 -7
leaf_value= -0.10287890926367414 0.073602558142693536 -0.10337711478757328 0.10203353567098083 -0.10030435343031019 0.059023228712784516 -0.061452721297748314
leaf_weight=0.48200584016740244 4.7219587711733766 1.9391192047332877 1.0369087098806631 2.1454654970075353 1.8915472697626681 1.6577400400128679
leaf_count=18 591 728 726 1490 1723 1223
model_size=704
internal_value=0 -0.0417143 0.0370075 0.0136436 -0.0256512 0.038509
internal_weight=0 3.45803 1.51891 10.4167 4.03701 6.3797
internal_count=6499 1472 744 5027 3213 1814
is_linear=0
shrinkage=0.1


Tree=122
num_leaves= 6
num_cat= 0
full_tree_array_lgbids= 0 1 2 4 -3 3 -4 -1 -6 -2147483648 -2147483648 -2 -5 -2147483648 -2147483648
split_feature= 19 17 17 12 4
split_gain= 0.0205071 1.7078 1.3907 0.624191 0.220784
threshold= 5.5000000000000009 1.5000000000000002 1.5000000000000002 2.5000000000000004 2.5000000000000004
decision_type= 2 2 2 2 2
left_child=1 4 3 -2 -1
right_child=2 -3 -4 -5 -6
leaf_value= 0.034392091481361221 -0.018698330656591527 0.10653185621486064 -0.10335587624565297 0.10278507222379336 -0.061436744366736441
leaf_weight=1.73149006049789 3.1355220110926894 2.2766337080392987 2.1986861039476935 1.2676159320399163 2.4320012386015151
leaf_count=1714 1510 58 434 61 2722
model_size=592
internal_value=0 0.023706 -0.0235668 0.0162754 -0.021584
internal_weight=0 6.44013 6.60182 4.40314 4.16349
internal_count=6499 4494 2005 1571 4436
is_linear=0
shrinkage=0.1


Tree=123
num_leaves= 5
num_cat= 0
full_tree_array_lgbids= 0 1 -2 2 3 -2147483648 -2147483648 -1 -4 -3 -5 -2147483648 -2147483648 -2147483648 -2147483648
split_feature= 4 20 10 19
split_gain= 0.0543178 0.121977 0.826068 0.821344
threshold= 5.5000000000000009 1.5000000000000002 1.5000000000000002 5.5000000000000009
decision_type= 2 2 2 2
left_child=1 2 -1 -3
right_child=-2 3 -4 -5
leaf_value= 0.11091360307178728 0.10019200255224468 0.016965133006457658 -0.10046191461119885 -0.062509208236383548
leaf_weight=1.3347567403689016 0.71833110364968966 5.5611444036403537 0.46464167236263154 4.3177688071882585
leaf_count=45 1123 3929 549 853
model_size=480
internal_value=0 -0.00635288 0.0563321 -0.0177707
internal_weight=0 11.6783 1.7994 9.87891
internal_count=6499 5376 594 4782
is_linear=0
shrinkage=0.1


end of trees

feature_importances:
Column_4=192
Column_19=72
Column_10=45
Column_20=44
Column_21=27
Column_8=26
Column_12=25
Column_6=23
Column_11=23
Column_7=19
Column_17=17
Column_9=15
Column_2=11
Column_14=8
Column_0=5
Column_3=5
Column_13=3
Column_1=1

parameters:
[boosting: gbdt]
[objective: binary]
[metric: auc, binary_logloss, rmse, l1, l2, mape, huber]
[tree_learner: serial]
[device_type: cpu]
[data_sample_strategy: bagging]
[data: data/mushroom.libsvm.train]
[valid: data/mushroom.libsvm.test]
[num_iterations: 10000]
[learning_rate: 0.1]
[num_leaves: 255]
[num_threads: 1]
[seed: 42]
[deterministic: 0]
[force_col_wise: 0]
[force_row_wise: 0]
[histogram_pool_size: -1]
[max_depth: 3]
[min_data_in_leaf: 10]
[min_sum_hessian_in_leaf: 0.001]
[bagging_fraction: 1]
[pos_bagging_fraction: 1]
[neg_bagging_fraction: 1]
[bagging_freq: 0]
[bagging_seed: 400]
[feature_fraction: 1]
[feature_fraction_bynode: 1]
[feature_fraction_seed: 30056]
[extra_trees: 0]
[extra_seed: 12879]
[early_stopping_round: 0]
[early_stopping_min_delta: 0]
[first_metric_only: 0]
[max_delta_step: 0]
[lambda_l1: 0]
[lambda_l2: 0]
[linear_lambda: 0]
[min_gain_to_split: 0]
[drop_rate: 0.1]
[max_drop: 50]
[skip_drop: 0.5]
[xgboost_dart_mode: 0]
[uniform_drop: 0]
[drop_seed: 17869]
[top_rate: 0.2]
[other_rate: 0.1]
[min_data_per_group: 100]
[max_cat_threshold: 32]
[cat_l2: 10]
[cat_smooth: 10]
[max_cat_to_onehot: 4]
[top_k: 20]
[monotone_constraints: ]
[monotone_constraints_method: basic]
[monotone_penalty: 0]
[feature_contri: ]
[forcedsplits_filename: ]
[refit_decay_rate: 0.9]
[tinygbdt_penalty_feature: 0.000976562]
[tinygbdt_penalty_split: 0.000976562]
[tinygbdt_forestsize: 64000]
[tinygbdt_precision: 1]
[cegb_tradeoff: 1]
[cegb_penalty_split: 0]
[cegb_penalty_feature_lazy: ]
[cegb_penalty_feature_coupled: ]
[path_smooth: 0]
[interaction_constraints: ]
[verbosity: 1]
[saved_feature_importance_type: 0]
[use_quantized_grad: 0]
[num_grad_quant_bins: 4]
[quant_train_renew_leaf: 0]
[stochastic_rounding: 1]
[linear_tree: 0]
[max_bin: 255]
[max_bin_by_feature: ]
[min_data_in_bin: 3]
[bin_construct_sample_cnt: 200000]
[data_random_seed: 175]
[is_enable_sparse: 1]
[enable_bundle: 1]
[use_missing: 1]
[zero_as_missing: 0]
[feature_pre_filter: 1]
[pre_partition: 0]
[two_round: 0]
[header: 0]
[label_column: ]
[weight_column: ]
[group_column: ]
[ignore_column: ]
[categorical_feature: ]
[forcedbins_filename: ]
[precise_float_parser: 0]
[parser_config_file: ]
[objective_seed: 16083]
[num_class: 1]
[is_unbalance: 0]
[scale_pos_weight: 1]
[sigmoid: 1]
[boost_from_average: 1]
[reg_sqrt: 0]
[alpha: 0.9]
[fair_c: 1]
[poisson_max_delta_step: 0.7]
[tweedie_variance_power: 1.5]
[lambdarank_truncation_level: 30]
[lambdarank_norm: 1]
[label_gain: ]
[lambdarank_position_bias_regularization: 0]
[eval_at: ]
[multi_error_top_k: 1]
[auc_mu_weights: ]
[num_machines: 1]
[local_listen_port: 12400]
[time_out: 120]
[machine_list_filename: ]
[machines: ]
[gpu_platform_id: -1]
[gpu_device_id: -1]
[gpu_use_dp: 0]
[num_gpu: 1]

end of parameters
