tree
version=v4
num_class=1
num_tree_per_iteration=1
label_index=0
max_feature_idx=8
objective=regression
feature_names=Column_0 Column_1 Column_2 Column_3 Column_4 Column_5 Column_6 Column_7 Column_8
feature_infos=none [0.49990000000000001:15.0001] [1:52] [0.88888888888888884:141.90909090909091] [0.33333333333333331:25.63636363636364] [3:35682] [0.69230769230769229:1243.333333333333] [32.549999999999997:41.950000000000003] [-124.34999999999999:-114.31]
tree_sizes=10911 9715 8742 7747 7478 6971 6901 6044 5475 5744 5288 4930 5061 4926 4866 4312 4445 4517 4303 4098 1054 4160 4600 3894 566 4159 1490 4310 4166 1509 379 1442 498

Tree=0
num_leaves= 117
num_cat= 0
full_tree_array_lgbids= 0 1 2 5 3 4 10 9 11 6 7 16 13 20 33 15 14 35 21 37 8 19 17 44 18 39 29 76 64 34 46 45 53 27 52 49 58 54 31 70 38 12 36 22 25 24 51 79 67 95 23 71 74 63 60 99 80 90 103 82 112 -35 88 105 48 93 59 30 78 73 85 50 84 113 66 68 102 32 42 92 109 77 55 28 26 57 100 41 40 47 72 43 65 98 62 -2 94 75 -69 -18 96 56 69 101 86 106 89 87 81 61 -62 111 115 104 97 91 114 -66 110 107 83 -36 -114 -2147483648 -2147483648 108 -90 -1 -107 -47 -50 -17 -95 -55 -61 -11 -32 -29 -80 -16 -75 -54 -87 -7 -52 -51 -86 -37 -115 -60 -68 -13 -70 -56 -104 -23 -34 -33 -44 -3 -94 -72 -111 -39 -79 -40 -57 -8 -30 -14 -28 -10 -59 -38 -102 -5 -43 -24 -42 -21 -49 -27 -74 -9 -45 -26 -67 -19 -100 -53 -64 -2147483648 -2147483648 -81 -96 -46 -77 -2147483648 -2147483648 -2147483648 -2147483648 -97 -98 -20 -58 -25 -71 -6 -103 -73 -88 -41 -108 -76 -91 -15 -89 -65 -83 -31 -63 -2147483648 -2147483648 -4 -113 -101 -117 -78 -106 -82 -99 -22 -93 -92 -116 -2147483648 -2147483648 -105 -112 -12 -109 -84 -85 -2147483648 -2147483648 -2147483648 -2147483648 -2147483648 -2147483648 -2147483648 -2147483648 -48 -110 -2147483648 -2147483648
split_feature= 1 1 1 6 6 3 2 1 7 1 1 1 6 1 6 3 2 6 6 2 2 6 3 1 2 8 8 8 1 2 7 7 8 1 2 7 7 1 2 6 7 6 8 7 1 4 5 7 7 8 6 8 6 6 7 5 7 8 7 7 6 2 8 1 7 8 7 7 2 4 3 2 6 8 2 6 4 8 8 5 6 6 4 8 8 8 7 4 2 6 4 8 8 4 2 7 8 8 7 5 7 5 8 8 2 8 8 5 1 8 2 8 7 8 5 8
split_gain= 6988.21 1685.69 1292.67 976.854 431.984 318.916 234.557 213.481 187.863 181.677 156.779 137.595 129.351 121.553 113.393 111.92 108.364 106.127 95.9893 86.0191 73.95 67.6181 67.1435 60.8366 59.187 54.5591 51.1259 49.947 45.2516 44.3276 40.1775 39.4533 43.6127 34.133 37.5174 34.0501 31.7625 31.6635 36.2027 31.2734 30.031 29.8911 29.4371 29.1084 28.9076 27.2755 26.2317 25.923 25.2217 24.8408 29.9862 24.4801 23.6291 22.8569 22.5049 20.973 20.0008 19.9999 18.8273 18.7026 18.5486 18.3872 17.9163 16.9367 16.7575 16.5434 15.5774 15.0983 13.9055 13.4552 12.8678 12.7756 12.7345 12.5861 12.4003 11.5295 9.91852 9.867 9.19699 7.62154 7.32172 6.9182 6.76373 7.01733 6.4835 5.8146 5.4328 5.40493 5.19242 5.07065 4.97987 6.99707 4.86071 4.75405 4.7386 4.48661 5.80432 4.08523 3.85832 3.51311 3.38428 3.34572 3.33829 2.47616 2.42871 2.40645 2.39943 2.17884 1.72861 1.53778 1.46985 1.4428 1.42072 0.498846 0.447938 0.104291
threshold= 5.0387000000000013 3.0679500000000002 6.8672000000000013 2.3489548886254448 2.671038674349933 4.3101408005062494 24.500000000000004 4.0775500000000013 37.815000000000005 2.2210000000000005 7.852450000000001 2.4115000000000006 1.9628175980828908 5.7307500000000013 2.4907552973342448 3.449226804123712 19.500000000000004 2.9005380231986346 2.0653737590585881 43.500000000000007 26.500000000000004 2.2906328481453726 5.1186051221335997 5.8308000000000009 41.500000000000007 -122.40499999999999 -117.88499999999998 -118.26499999999999 3.4298000000000006 27.500000000000004 37.815000000000005 34.525000000000013 -117.77499999999999 8.7395500000000013 28.500000000000004 35.335000000000008 37.995000000000012 3.5330000000000008 18.500000000000004 2.9742256672023202 34.415000000000006 3.0817415934345274 -120.44499999999998 38.545000000000009 5.6402500000000009 1.0291350557942953 139.50000000000003 38.435000000000009 34.045000000000009 -117.35499999999998 2.254419630548663 -122.33499999999999 3.458170981799539 2.10671797776953 37.945000000000007 534.50000000000011 38.005000000000003 -122.425 36.835000000000008 35.335000000000008 3.458170981799539 40.500000000000007 -117.75499999999998 6.2770500000000009 37.645000000000003 -122.28499999999998 38.925000000000004 37.955000000000005 26.500000000000004 1.0435797675926601 4.5820434769673541 22.500000000000004 2.8079590171801518 -122.38499999999998 16.500000000000004 2.5219735498882589 1.0103851166134901 -118.26499999999999 -117.145 390.50000000000006 2.5163636904584812 3.0089663118548242 1.0003353454057682 -117.81499999999998 -116.40499999999999 -117.79499999999999 37.925000000000004 1.0110829055585981 20.500000000000004 3.3663541575396478 1.0139026949414627 -118.26499999999999 -117.23499999999999 1.1538900096482767 16.500000000000004 34.145000000000003 -122.25499999999998 -122.00499999999998 38.235000000000007 1162.5000000000002 38.635000000000012 1614.5000000000002 -122.35499999999998 -122.23499999999999 17.500000000000004 -121.76499999999999 -121.36499999999999 1203.5000000000002 9.1688500000000008 -121.81499999999998 35.500000000000007 -121.34499999999998 37.805000000000007 -120.34499999999998 868.50000000000011 -117.96499999999999
decision_type= 2 2 2 2 2 2 2 2 2 2 2 2 2 2 2 2 2 2 2 2 2 2 2 2 2 2 2 2 2 2 2 2 2 2 2 2 2 2 2 2 2 2 2 2 2 2 2 2 2 2 2 2 2 2 2 2 2 2 2 2 2 2 2 2 2 2 2 2 2 2 2 2 2 2 2 2 2 2 2 2 2 2 2 2 2 2 2 2 2 2 2 2 2 2 2 2 2 2 2 2 2 2 2 2 2 2 2 2 2 2 2 2 2 2 2 2
left_child=1 5 4 6 16 9 37 19 12 15 20 35 28 39 27 45 44 24 95 22 76 54 41 56 43 47 -14 30 -8 63 -11 32 -23 34 82 49 57 70 77 71 -24 -5 -33 -9 79 105 -35 -21 -47 50 -7 98 73 93 68 -40 -20 -10 113 -55 61 -31 -53 87 90 -26 -60 75 -13 -25 92 101 -27 -16 106 -46 99 -39 -29 -2 104 -65 107 -84 -51 -54 -73 -15 108 -76 91 -22 -3 -17 -81 -18 -97 -82 -19 111 -38 -6 -56 -66 -78 -1 -41 -12 -48 -72 -105 -4 -36 -37 -92 -101
right_child=2 3 10 7 13 11 8 17 36 14 33 21 26 29 52 53 18 51 23 25 64 31 40 69 65 72 -28 78 -30 60 -32 42 -34 46 112 58 100 38 55 74 -42 -43 -44 -45 67 48 88 -49 -50 84 -52 62 85 59 102 -57 -58 -59 66 -61 -62 -63 -64 81 103 -67 -68 -69 -70 -71 109 86 -74 -75 89 -77 80 -79 -80 94 97 -83 83 -85 -86 -87 -88 -89 -90 -91 114 -93 -94 -95 -96 96 -98 -99 -100 115 -102 -103 -104 110 -106 -107 -108 -109 -110 -111 -112 -113 -114 -115 -116 -117
leaf_value= 2.0428115776403302 2.0322522439146704 2.0942646251487904 2.1970469771605763 2.0623490992633817 2.0788100563966578 2.0841138599801572 2.1965323452694219 2.0954689418246426 2.2142838774901663 2.1406373236940905 2.201214742644098 2.0345072442712553 2.1803908632616107 2.1096638881203256 2.1369577986748349 2.0163646038680656 2.3475029406369599 2.1269417179355425 2.1957668316364023 2.1654641714581091 2.3134738265400703 2.0423423215696768 2.0333915413355754 2.2374554972134808 2.2091709412441252 2.0795638084043055 2.0853910788377314 2.0653824157377607 2.2845502876908457 2.1919918556662772 2.0404662446165749 1.9910892755883369 1.9852344261613879 2.2256631944098948 2.3489229269490632 1.9734622437591023 2.0412401231857533 2.1091870245220798 2.0245249734293451 2.0834683157028921 2.0042626363250329 2.0299805008867327 1.9516641567416866 2.0321558591188165 2.2290802035057791 2.0195706739465327 2.2974192872479229 1.9921922446126408 2.0794739076624724 1.9685349276794362 1.9888444208027325 2.0588902430478546 2.0194666467334796 1.9876247733728514 2.048631191897333 2.1734629168237776 2.087710141191141 2.0951919498649194 1.9717715616073146 1.9546252503190962 2.0880122439150677 2.2838810687809143 2.0262876156140166 2.1854929355010166 2.2731583668156543 2.1356460584060457 1.9436251819951067 2.0902165239069102 2.0885806931844439 2.2872151599752977 2.0615003930585472 2.1472471363027816 2.035621369557977 2.0468548239882924 2.1070863956405002 2.1539228614650354 2.2432252427681045 2.0673858812271733 2.0052765696740975 2.1164124939581668 2.261906623327202 2.1474610484222523 2.299884311105183 2.2336177960559054 1.9309619655047523 1.9695393397118284 2.0833785607593032 2.1384854126492021 2.3580152998203703 2.0785653826666226 2.3505294585180594 2.2209656433100169 2.0101922421986527 2.0851989775483477 2.1698756092870899 2.3441824260131363 2.24765874254427 2.2078495719740459 2.0592165302409682 2.2186498283933367 1.9696822432512706 2.1199560171028113 1.9934744660704813 2.2451105803087024 2.3295710676383008 2.0031723742454979 2.0509785154122926 2.2547846299662213 2.3389576326004473 2.021195993752015 2.1657122381860678 2.1442219711450132 2.3036811097582559 1.9291164365278606 2.3165633133534196 2.1745879558770809
leaf_weight=27 9.9999999999999982 97 19 636 64 39 90 761 19 227 24 100 402 146 18 89 58 57 303 84 33 272 593 159 43 147 67 116 174 144 50 667 275 19 83 9.9999999999999982 66 141 10.999999999999998 56 943 545 277 83 72 114 27 9.9999999999999982 208 231 294 858 368 506 19 104 19 68 497 289 14.999999999999998 28 229 91 17 129 377 13.999999999999998 109 91 27 176 136 350 205 34 11.000000000000002 113 37 88 24 159 63 29 72 31 19 190 235 137 34 14.999999999999998 9.9999999999999982 14.999999999999998 30 17 15.999999999999998 110 13.999999999999998 41 9.9999999999999982 53 81 12.000000000000002 10.999999999999998 154 118 31 84 64 9.9999999999999982 33 13.999999999999998 310 47 13.999999999999998
leaf_count=27 10 97 19 636 64 39 90 761 19 227 24 100 402 146 18 89 58 57 303 84 33 272 593 159 43 147 67 116 174 144 50 667 275 19 83 10 66 141 11 56 943 545 277 83 72 114 27 10 208 231 294 858 368 506 19 104 19 68 497 289 15 28 229 91 17 129 377 14 109 91 27 176 136 350 205 34 11 113 37 88 24 159 63 29 72 31 19 190 235 137 34 15 10 15 30 17 16 110 14 41 10 53 81 12 11 154 118 31 84 64 10 33 14 310 47 14
model_size=13024
internal_value=2.07195 2.03789 2.19622 2.07259 2.15739 2.00039 2.1449 2.05251 2.17679 2.02716 2.28999 1.98123 2.19841 2.12609 2.05582 2.00269 2.2124 2.07655 2.23355 2.03561 2.24376 2.0009 2.02938 2.21831 2.10021 2.08053 2.16682 2.09704 2.25454 2.15468 2.12256 1.99203 2.01363 2.32271 2.29347 1.96188 2.07953 2.0945 2.11198 2.0994 2.01551 2.04741 1.97952 2.08924 2.15586 2.04057 2.34226 2.14703 2.05827 1.98076 2 2.0558 2.0327 1.98149 2.04369 2.15922 2.18939 2.1212 1.95182 1.97563 2.19741 2.20695 2.05202 2.14104 2.29582 2.15403 1.95963 2.19158 2.06271 2.25557 2.06193 2.12468 2.05845 2.05126 2.08412 2.20497 2.2105 2.09059 2.05085 2.12237 2.22724 2.1613 2.26119 2.279 1.95961 2.01559 2.14102 2.12596 2.34866 2.09566 2.31361 2.28457 2.08641 2.02629 2.13 2.32933 2.29738 2.21753 2.11359 2.18609 2.03182 2.09745 2.00395 2.23698 2.2864 2.00909 2.06144 2.23141 2.32885 2.03315 2.20902 2.16352 2.34239 1.9305 2.33082 2.20743
internal_weight=0 12960 3552 6731 2512 6229 1463 5268 896 2599 1040 3630 733 1601 1197 1402 911 2174 663 3094 431 1800 2717 572 1016 377 469 430 264 773 277 1491 547 609 244 1830 163 567 369 828 1536 1181 944 844 248 503 365 94 322 636 333 1158 767 899 309 115 322 87 1194 795 187 172 1087 586 168 172 874 120 209 250 198 312 283 368 516 106 263 254 153 128 156 250 147 92 303 399 195 336 346 342 129 48 107 104 118 91 33 134 71 107 76 117 100 39 22 181 174 55 111 91 22 52 97 320 81 55
internal_count=16512 12960 3552 6731 2512 6229 1463 5268 896 2599 1040 3630 733 1601 1197 1402 911 2174 663 3094 431 1800 2717 572 1016 377 469 430 264 773 277 1491 547 609 244 1830 163 567 369 828 1536 1181 944 844 248 503 365 94 322 636 333 1158 767 899 309 115 322 87 1194 795 187 172 1087 586 168 172 874 120 209 250 198 312 283 368 516 106 263 254 153 128 156 250 147 92 303 399 195 336 346 342 129 48 107 104 118 91 33 134 71 107 76 117 100 39 22 181 174 55 111 91 22 52 97 320 81 55
is_linear=0
shrinkage=1


Tree=1
num_leaves= 94
num_cat= 0
full_tree_array_lgbids= 0 1 2 5 3 4 12 16 6 7 10 19 13 21 48 17 80 9 14 8 41 22 23 47 24 33 25 58 59 -14 72 26 39 81 -82 18 52 15 38 30 11 53 -43 28 34 32 44 86 67 -21 35 55 68 65 61 92 70 82 79 -2147483648 -2147483648 -50 73 60 27 77 62 -18 -83 -2147483648 -2147483648 36 51 54 -54 20 46 43 89 31 71 40 29 -9 85 -2147483648 -2147483648 42 37 57 69 50 74 45 49 -2 87 84 -69 -2147483648 -2147483648 64 66 56 75 -35 76 91 88 63 -63 -4 -94 78 90 83 -84 -61 -81 -2147483648 -2147483648 -2147483648 -2147483648 -2147483648 -2147483648 -74 -75 -1 -62 -28 -29 -19 -79 -41 -64 -2147483648 -2147483648 -2147483648 -2147483648 -2147483648 -2147483648 -2147483648 -2147483648 -7 -38 -20 -53 -11 -56 -2147483648 -2147483648 -8 -22 -17 -48 -16 -45 -40 -91 -3 -33 -32 -73 -10 -42 -13 -31 -2147483648 -2147483648 -55 -87 -2147483648 -2147483648 -2147483648 -2147483648 -5 -44 -30 -39 -24 -59 -36 -71 -12 -52 -34 -76 -25 -47 -46 -51 -2147483648 -2147483648 -88 -89 -49 -86 -2147483648 -2147483648 -2147483648 -2147483648 -2147483648 -2147483648 -26 -66 -37 -68 -6 -58 -57 -77 -2147483648 -2147483648 -70 -78 -15 -93 -67 -90 -27 -65 -2147483648 -2147483648 -2147483648 -2147483648 -2147483648 -2147483648 -60 -80 -72 -92 -23 -85 -2147483648 -2147483648 -2147483648 -2147483648 -2147483648 -2147483648 -2147483648 -2147483648 -2147483648 -2147483648 -2147483648 -2147483648 -2147483648 -2147483648 -2147483648 -2147483648 -2147483648 -2147483648 -2147483648 -2147483648 -2147483648 -2147483648
split_feature= 1 1 1 6 6 6 7 7 2 8 1 6 1 1 8 7 7 8 6 2 8 2 2 6 6 2 7 8 3 8 8 7 2 6 8 1 7 7 8 2 8 8 6 7 8 7 7 1 5 7 7 7 8 7 6 7 8 7 1 7 8 6 1 2 7 1 1 7 2 7 8 7 6 1 3 8 7 6 4 8 7 8 4 8 6 7 5 2 6 3 7 6 4
split_gain= 5656.9 1365.99 1043.52 788.263 349.759 269.967 198.237 195.788 188.23 151.77 142.768 135.46 123.953 115.26 114.355 140.147 102.137 109.605 93.0555 83.0019 77.9662 77.8849 66.7914 62.9313 55.6543 52.6341 47.7071 62.7937 45.1288 42.4531 40.4141 49.2751 39.1472 38.4382 37.5661 31.3027 29.7936 28.905 28.8916 24.2366 23.4275 23.0327 22.9701 21.8511 19.5269 19.906 19.4002 18.4983 17.0213 16.0464 15.8324 14.1435 13.0703 12.6942 12.6356 12.3404 11.7847 11.6475 11.5783 11.5466 11.3218 10.3152 10.064 9.34373 9.31957 9.26695 8.36278 7.71648 7.58716 7.53302 7.37411 7.04941 7.0112 8.2922 5.45896 4.59645 4.24697 4.23097 4.20004 3.6672 3.5503 7.75247 3.22576 7.63036 2.87427 2.77598 2.68106 2.86308 2.51397 2.18762 1.49261 1.01916 0.975513
threshold= 5.0387000000000013 3.1097000000000006 6.8672000000000013 2.4136952392348086 2.5763869593405579 2.1628386478062818 34.455000000000005 37.935000000000009 24.500000000000004 -117.77499999999999 4.1119000000000012 1.9628175980828908 8.4454500000000028 5.8308000000000009 -121.63499999999998 37.895000000000003 37.945000000000007 -118.24499999999999 3.442186331338819 21.500000000000004 -122.31499999999998 26.500000000000004 44.500000000000007 2.9291766686969298 2.0653737590585881 27.500000000000004 34.655000000000008 -122.35499999999998 4.7926201822371182 -122.33499999999999 -118.29499999999999 34.155000000000008 42.500000000000007 2.9366774891774896 -122.40499999999999 5.5682000000000009 34.045000000000009 34.435000000000009 -119.84499999999998 28.500000000000004 -122.40499999999999 -122.35499999999998 3.1424162072895592 35.645000000000003 -121.46499999999999 37.915000000000006 38.675000000000004 5.6402500000000009 70.000000000000014 34.655000000000008 37.765000000000008 34.045000000000009 -116.53499999999998 38.005000000000003 2.8335312747426764 37.925000000000004 -117.91499999999998 38.155000000000008 7.3930000000000016 37.645000000000003 -118.37499999999999 3.458170981799539 2.2003500000000007 40.500000000000007 37.935000000000009 6.3350000000000009 6.3963500000000009 37.955000000000005 14.500000000000002 37.735000000000007 -117.71499999999999 33.695000000000007 3.1747392355722384 9.1688500000000008 6.0498344370860933 -122.19499999999998 37.875000000000007 1.5104297674263547 1.0417933552053971 -122.28499999999998 38.815000000000005 -122.26499999999999 1.0139026949414627 -118.09499999999998 2.5219735498882589 38.765000000000008 1140.5000000000002 15.500000000000002 3.0298305221858191 5.1947827066293142 33.045000000000009 3.1424162072895592 1.0097363099187924
decision_type= 2 2 2 2 2 2 2 2 2 2 2 2 2 2 2 2 2 2 2 2 2 2 2 2 2 2 2 2 2 2 2 2 2 2 2 2 2 2 2 2 2 2 2 2 2 2 2 2 2 2 2 2 2 2 2 2 2 2 2 2 2 2 2 2 2 2 2 2 2 2 2 2 2 2 2 2 2 2 2 2 2 2 2 2 2 2 2 2 2 2 2 2 2
left_child=1 5 4 7 19 16 9 8 30 18 22 40 21 33 15 20 17 26 36 47 -8 58 28 32 -21 65 60 -28 42 -13 31 -3 50 55 57 64 -7 -30 43 77 -10 53 -5 -16 45 -25 -17 86 -14 -46 -12 -20 54 -9 -11 56 -6 -24 92 82 -1 63 -41 -27 -26 91 -37 84 -35 -36 78 -32 -50 -74 -34 -57 -70 -19 -60 -61 81 -18 83 -23 -49 -55 -2 -88 -67 -40 -72 -15 -4
right_child=2 3 12 10 13 6 14 41 11 52 23 29 48 25 38 46 80 39 51 24 -22 59 34 44 35 61 27 -29 37 -31 71 -33 74 68 69 66 -38 -39 89 62 -42 -43 -44 -45 49 -47 -48 67 72 -51 -52 -53 -54 85 -56 75 -58 -59 70 79 -62 -63 -64 -65 -66 88 -68 -69 76 -71 90 -73 73 -75 -76 -77 -78 -79 -80 -81 -82 -83 -84 -85 -86 -87 87 -89 -90 -91 -92 -93 -94
leaf_value= 0.12004633573159365 0.025150936162647082 0.13922680700818699 0.091698294543269762 0.0034526885907401779 0.075404580390038028 -0.028296137803472933 0.059045989572769034 0.09759424281391231 0.22363129605035315 -0.061943192205967147 0.021982394564230259 0.15200140062967937 0.10762568108427029 0.065720721988223638 -0.04406507964340154 -0.069216434904985663 -0.01065724958237764 -0.10687562200952978 -0.065454390534873716 0.23619967352512272 -0.044412958529335383 0.21835225327448413 0.086914337738907263 0.030477198241080378 0.11931676829390857 0.11920347212087722 0.12923717969437926 -0.010319021570052361 -0.032231015922305616 0.068068334948991935 0.016504864080099168 0.032567879023380715 0.060290220263644612 -0.012627814666900253 0.00083407082386541265 0.15569187857759881 0.013049518090156198 -0.058800488044297564 -0.13237924952979693 -0.056580343333383402 0.14707573651212263 -0.048374169815767122 -0.03598801625026745 -0.10068640641175929 -0.015255583482670965 -0.037837517231754547 -0.1113833193241352 0.14114649544935673 0.25046130566438518 -0.055307762242806785 -0.016821589142755541 -0.035308781839202996 -0.12139461574968227 0.013384131411090495 -0.092715229559096557 0.057807791382074362 0.02329359875109635 -0.047407381460070612 0.15009402242990644 0.23538385778665544 0.055957407419236355 0.015144229612567209 0.025112630911292389 0.18213537653287254 0.016562676749059133 0.104575224239927 0.20825195800799592 0.022553581930696967 0.026152266231522465 -0.056458609286281804 0.16369913816452028 -0.025804899650238522 0.15353492438527092 0.23712397553704001 0.12437126843198654 -0.018313374910281881 -0.019491425386451662 -0.052142471921738258 0.19829679463058711 0.14114134669303896 -0.10266434939112515 -0.076582966869195496 0.23949069690609737 0.1097058151776974 0.061977053912622593 -0.068002303530062952 0.045179397108800277 0.11817086374759674 0.069289553263621739 -0.11205386106652776 0.088962110881028442 0.039190486925253218 0.12982503980220783
leaf_weight=71 51 60 69 359 283 431 96 22 61 293 598 75 11.999999999999998 168 89 198 37 34 673 86 381 55 76 188 166 159 41 214 855 552 143 218 101 126 181 156 368 1041 401 30 203 154 341 997 641 72 398 80 331 159 172 287 121 50 471 25 76 9.9999999999999982 104 11.999999999999998 81 10.999999999999998 77 45 13.999999999999998 102 65 11.999999999999998 445 45 15.999999999999998 113 28 55 31 42 47 181 60 40 64 130 126 12.999999999999998 13.999999999999998 13.999999999999998 34 25 129 261 35 151 84
leaf_count=71 51 60 69 359 283 431 96 22 61 293 598 75 12 168 89 198 37 34 673 86 381 55 76 188 166 159 41 214 855 552 143 218 101 126 181 156 368 1041 401 30 203 154 341 997 641 72 398 80 331 159 172 287 121 50 471 25 76 10 104 12 81 11 77 45 14 102 65 12 445 45 16 113 28 55 31 42 47 181 60 40 64 130 126 13 14 14 34 25 129 261 35 151 84
model_size=10448
internal_value=0 -0.0306532 0.111843 0.00158441 0.076901 -0.0634427 -0.0720969 0.0611315 0.0753469 -0.0522257 -0.0187741 0.103784 0.19624 0.0535082 -0.0907212 -0.0645744 -0.0141767 0.00454183 -0.0350073 0.137097 -0.023591 0.167027 -0.0330328 0.00235965 0.160526 0.0835031 0.0396715 0.0121194 -0.0384442 0.0781082 0.0278982 0.0555878 0.0223913 0.0315291 0.0119928 0.144296 -0.00925333 -0.046819 -0.106771 -0.0398612 0.164765 -0.0232724 -0.0157606 -0.0960462 -0.0146862 0.0115593 -0.0973749 0.0842737 0.238345 -0.023216 0.0133145 -0.0564421 -0.0864486 0.0216773 -0.0809139 0.0558353 0.0643727 0.0712955 0.137155 0.211714 0.0858937 0.127051 0.00220806 0.133086 0.111325 0.0664798 0.171151 0.117265 0.0147744 -0.0105738 0.154607 -0.00217093 0.242134 0.208925 0.0753396 0.01009 0.021792 -0.0607979 0.167729 0.16289 -0.0732494 -0.0619767 0.224801 0.197582 0.129355 -0.00441915 0.0524824 0.076108 0.0848702 -0.124366 0.112409 0.0531625 0.112631
internal_weight=0 12960 3552 6535 2512 6425 5465 1665 1425 2644 4870 891 1040 1809 2821 1073 960 729 1759 703 477 614 2908 1962 487 765 407 255 2596 627 534 278 902 1044 312 401 799 1896 1748 322 264 240 700 1086 1060 260 596 216 426 800 770 960 885 86 764 426 359 86 368 246 152 215 107 204 180 550 221 106 618 226 215 256 414 83 132 67 492 215 164 52 231 167 194 68 94 64 110 59 231 662 51 319 153
internal_count=16512 12960 3552 6535 2512 6425 5465 1665 1425 2644 4870 891 1040 1809 2821 1073 960 729 1759 703 477 614 2908 1962 487 765 407 255 2596 627 534 278 902 1044 312 401 799 1896 1748 322 264 240 700 1086 1060 260 596 216 426 800 770 960 885 86 764 426 359 86 368 246 152 215 107 204 180 550 221 106 618 226 215 256 414 83 132 67 492 215 164 52 231 167 194 68 94 64 110 59 231 662 51 319 153
is_linear=0
shrinkage=0.1


Tree=2
num_leaves= 81
num_cat= 0
full_tree_array_lgbids= 0 1 2 5 3 4 13 15 7 6 8 20 19 24 39 16 74 9 11 57 10 22 14 51 23 48 31 68 61 40 49 25 37 75 -76 17 52 12 33 58 -59 21 46 29 42 30 27 -2 71 56 35 60 -50 41 79 -4 69 -26 -63 -15 -42 -41 -51 54 26 65 64 -17 -77 -2147483648 -2147483648 44 34 -11 62 18 47 43 -35 59 73 -2147483648 -2147483648 32 28 67 -48 38 53 63 70 76 45 50 36 -2147483648 -2147483648 -53 -73 -22 -58 72 66 77 -62 -2147483648 -2147483648 55 -43 -33 -81 -2147483648 -2147483648 -70 78 -2147483648 -2147483648 -2147483648 -2147483648 -2147483648 -2147483648 -2147483648 -2147483648 -2147483648 -2147483648 -2147483648 -2147483648 -1 -56 -27 -28 -18 -67 -39 -66 -2147483648 -2147483648 -2147483648 -2147483648 -2147483648 -2147483648 -2147483648 -2147483648 -7 -46 -19 -36 -2147483648 -2147483648 -54 -64 -9 -20 -14 -49 -13 -45 -2147483648 -2147483648 -3 -61 -60 -75 -2147483648 -2147483648 -2147483648 -2147483648 -8 -34 -23 -30 -12 -69 -2147483648 -2147483648 -5 -40 -31 -55 -24 -65 -44 -72 -10 -78 -32 -47 -16 -52 -29 -38 -2147483648 -2147483648 -2147483648 -2147483648 -2147483648 -2147483648 -2147483648 -2147483648 -2147483648 -2147483648 -2147483648 -2147483648 -25 -74 -37 -68 -6 -79 -2147483648 -2147483648 -2147483648 -2147483648 -2147483648 -2147483648 -21 -57 -2147483648 -2147483648 -2147483648 -2147483648 -2147483648 -2147483648 -2147483648 -2147483648 -2147483648 -2147483648 -2147483648 -2147483648 -71 -80 -2147483648 -2147483648 -2147483648 -2147483648 -2147483648 -2147483648 -2147483648 -2147483648 -2147483648 -2147483648 -2147483648 -2147483648 -2147483648 -2147483648 -2147483648 -2147483648 -2147483648 -2147483648 -2147483648 -2147483648 -2147483648 -2147483648 -2147483648 -2147483648
split_feature= 1 1 1 6 6 6 2 7 1 8 7 8 7 1 6 7 8 6 8 1 2 6 2 6 2 7 8 8 1 3 2 6 2 8 7 1 7 2 7 1 2 2 8 7 8 8 8 7 6 5 7 1 1 7 8 8 7 7 8 7 2 7 7 7 1 6 1 1 8 4 7 4 8 5 7 8 8 8 6 7
split_gain= 4585.82 1188.89 760.878 677.463 257.266 237.599 172.196 169.729 136.777 131.65 108.104 102.669 119.486 99.9751 92.8949 85.4651 95.0927 81.8137 62.7021 61.055 59.8743 55.2208 52.6098 47.1529 42.1558 38.1723 56.8609 37.0061 35.8015 35.0485 28.753 26.8661 25.2324 22.708 22.5593 22.4885 18.5869 17.4499 16.1023 16.1017 20.052 15.6873 15.6806 15.3866 15.2054 14.9081 14.8046 14.6459 13.1148 12.1206 10.8178 9.83048 9.06794 8.953 8.41702 8.26492 7.84312 6.01451 14.0794 9.63647 5.77648 5.1177 3.804 2.98986 2.39386 2.30785 2.22877 1.99834 1.28783 1.75023 1.21451 1.19219 0.894765 0.690041 0.331127 2.40081 0.207907 0.186163 0.156768 0.0947064
threshold= 5.1326000000000009 3.1792500000000001 6.8672000000000013 2.2982753493904258 2.6585924622132828 2.1628386478062818 19.500000000000004 34.455000000000005 4.0612500000000002 -117.77499999999999 37.815000000000005 -121.63499999999998 37.915000000000006 7.852450000000001 2.6829812717770039 37.935000000000009 -118.24499999999999 3.1336552646136835 -122.33499999999999 5.6851000000000012 21.500000000000004 1.9322222929778572 47.500000000000007 2.2038024706228287 26.500000000000004 34.655000000000008 -120.02499999999999 -121.895 3.8136000000000005 5.1822875816993479 26.500000000000004 3.0228140180430265 28.500000000000004 -119.94499999999998 34.035000000000004 5.7307500000000013 34.655000000000008 32.500000000000007 37.805000000000007 8.7395500000000013 28.500000000000004 36.500000000000007 -122.29499999999999 35.645000000000003 -118.395 -122.29499999999999 -122.03499999999998 38.675000000000004 3.1262267671728927 139.50000000000003 37.915000000000006 5.6402500000000009 2.2336500000000004 38.675000000000004 -118.37499999999999 -117.81499999999998 37.805000000000007 37.955000000000005 -118.29499999999999 34.175000000000004 37.500000000000007 37.645000000000003 33.625000000000007 37.795000000000009 2.2003500000000007 1.5104297674263547 6.3350000000000009 4.125700000000001 -122.00499999999998 0.95712370739180408 35.375000000000007 1.0671403331650682 -122.44499999999998 1627.5000000000002 38.815000000000005 -122.26499999999999 -117.18499999999999 -117.24499999999999 2.5763869593405579 37.965000000000011
decision_type= 2 2 2 2 2 2 2 2 2 2 2 2 2 2 2 2 2 2 2 2 2 2 2 2 2 2 2 2 2 2 2 2 2 2 2 2 2 2 2 2 2 2 2 2 2 2 2 2 2 2 2 2 2 2 2 2 2 2 2 2 2 2 2 2 2 2 2 2 2 2 2 2 2 2 2 2 2 2 2 2
left_child=1 5 4 6 20 15 57 9 22 17 21 12 18 24 30 16 25 44 -9 48 51 32 29 56 68 54 -27 50 -23 38 76 41 -8 43 -19 72 -29 65 -5 40 -15 55 63 -13 -7 -32 67 -14 60 -41 -16 -2 -11 -31 -1 -21 -22 58 59 -3 77 -26 -54 -24 -39 -18 -37 -12 -4 -70 -44 -53 -25 -60 75 -17 -10 -6 -71 -33
right_child=2 3 13 8 19 7 10 11 14 52 46 33 47 39 27 74 37 34 -20 31 23 28 42 35 61 26 -28 36 -30 53 45 79 -34 -35 -36 66 -38 64 -40 49 -42 -43 70 -45 -46 -47 -48 -49 -50 -51 -52 71 62 -55 -56 -57 -58 -59 73 -61 -62 -63 -64 -65 -66 -67 -68 -69 69 78 -72 -73 -74 -75 -76 -77 -78 -79 -80 -81
leaf_value= 0.1068667777857798 0.047013841625346553 0.11244277664490286 0.14921443111708629 -0.012954766055067072 0.039070842937707045 0.039174311865980811 0.10048757064132355 0.055769185814065772 0.01604171585768643 -0.091832097231682758 0.018832691914341865 -0.038770673644688468 -0.060572065899946861 0.15311494914650106 0.041204590882815452 -0.013300566384125323 -0.095640406737456454 -0.057241798496994248 -0.03741104342599734 0.090678207513347681 0.21371178373694422 0.061270276997887445 0.082225101366639144 0.15264305543331874 0.19509158329677212 0.031326524401869518 -0.1078026027271622 -0.0052796583810959426 0.12232005208273207 -0.038672458013297023 0.10939311504364013 0.05200520242567739 0.1771787354251636 -0.11147160717911375 -0.025459544633880324 0.13077036546723497 -0.034264948123396678 -0.039792691739664106 -0.061450864760894855 0.12246008578099704 0.22071905593896651 0.15160641031605859 0.019630265128621951 -0.089849023220853683 -0.0084882717356117299 0.046861038347584628 -0.044141471836456031 -0.099504142352244238 0.0054705107969555663 0.22456408492747071 -0.0065533949004535665 0.076328872815044468 -0.050906959999666879 -0.069737793489005717 0.047902277209822777 0.039735147015292301 0.11424848060397541 -0.033378550550027287 -0.017172486369766423 0.030290274642798716 0.098833405666730628 0.13272227908556278 -0.079400298754712023 -0.023445069491863254 0.033222685401038878 -0.042509314519078807 0.17162342315880202 0.083098333870293584 0.043083597950282548 0.16092751257820057 -0.03086398867342402 0.12559606580123786 0.089432304000979096 0.033208213402674748 -0.092397914244793364 -0.066972670216354543 -0.034393481848140554 -0.010910942249240415 0.10327432986435503 0.0064353920013776851
leaf_weight=85 107 31 46 1077 278 117 78 99 246 407 62 92 210 147 234 42 37 783 407 259 100 226 65 21 129 237 38 1024 228 1163 65 416 175 718 454 124 423 24 106 19 97 49 79 1017 517 357 43 412 306 346 113 69 249 187 87 74 17 50 118 112 33 39 272 9.9999999999999982 58 224 93 32 21 24 51 62 185 39 64 139 30 31 172 35
leaf_count=85 107 31 46 1077 278 117 78 99 246 407 62 92 210 147 234 42 37 783 407 259 100 226 65 21 129 237 38 1024 228 1163 65 416 175 718 454 124 423 24 106 19 97 49 79 1017 517 357 43 412 306 346 113 69 249 187 87 74 17 50 118 112 33 39 272 10 58 224 93 32 21 24 51 62 185 39 64 139 30 31 172 35
model_size=8992
internal_value=0 -0.0263512 0.105541 0.00456822 0.0728188 -0.0556083 0.0728535 -0.0636485 -0.0110212 -0.0456707 0.0977595 -0.0806771 -0.0562243 0.176616 0.00632235 -0.0109093 0.00568376 -0.0300289 -0.0191801 0.0480575 0.119954 0.113975 -0.0268065 0.139334 0.138601 0.0370896 0.0121014 -0.00613105 0.0919296 -0.0309843 0.0383301 0.0668838 0.153535 -0.0957745 -0.0455772 0.122759 -0.0137529 -0.0352446 -0.0173001 0.20352 0.17999 0.0886251 0.0248142 -0.0856117 0.000307505 0.0564928 0.014078 -0.0863599 0.0238564 0.219249 0.0256523 0.0759837 -0.0772073 -0.0429756 0.0770417 0.0793575 0.19926 0.0127945 0.02049 0.0480996 0.0403069 0.180613 -0.0657826 0.0681357 0.0118523 -0.0500413 0.148279 0.0407104 0.111765 0.103826 -0.000179019 0.0996462 0.0958761 -0.00465754 -0.0644134 -0.0545184 0.0105596 0.0340565 0.110334 0.0484687
internal_weight=0 13213 3299 6424 2259 6789 1194 5754 5230 2799 844 2955 1128 1040 2492 1035 790 1871 506 1481 778 707 2738 540 431 447 275 1794 454 2533 698 833 253 1827 1237 423 1447 343 1183 609 244 382 205 1109 634 422 137 622 648 365 347 238 928 1350 172 333 117 350 300 143 342 168 521 75 82 261 217 94 263 217 130 131 206 157 245 181 276 309 196 451
internal_count=16512 13213 3299 6424 2259 6789 1194 5754 5230 2799 844 2955 1128 1040 2492 1035 790 1871 506 1481 778 707 2738 540 431 447 275 1794 454 2533 698 833 253 1827 1237 423 1447 343 1183 609 244 382 205 1109 634 422 137 622 648 365 347 238 928 1350 172 333 117 350 300 143 342 168 521 75 82 261 217 94 263 217 130 131 206 157 245 181 276 309 196 451
is_linear=0
shrinkage=0.1


Tree=3
num_leaves= 66
num_cat= 0
full_tree_array_lgbids= 0 1 3 4 2 5 27 11 6 7 8 19 17 29 42 15 61 10 13 45 9 12 24 56 25 36 38 53 -31 -29 -44 48 23 -13 -63 18 50 14 34 60 63 16 37 20 21 35 41 -2 57 55 33 40 -38 -19 -40 -5 -55 -2147483648 -2147483648 -2147483648 -2147483648 -2147483648 -2147483648 -1 -50 32 -25 -2147483648 -2147483648 -2147483648 -2147483648 31 47 51 -52 28 43 -15 52 -3 -62 -47 -65 30 26 46 -39 49 -22 22 -23 -10 39 44 -43 -2147483648 -2147483648 58 64 -21 -57 59 54 62 -42 -2147483648 -2147483648 -2147483648 -2147483648 -2147483648 -2147483648 -2147483648 -2147483648 -2147483648 -2147483648 -2147483648 -2147483648 -2147483648 -2147483648 -2147483648 -2147483648 -2147483648 -2147483648 -2147483648 -2147483648 -2147483648 -2147483648 -2147483648 -2147483648 -2147483648 -2147483648 -17 -34 -2147483648 -2147483648 -2147483648 -2147483648 -2147483648 -2147483648 -2147483648 -2147483648 -2147483648 -2147483648 -6 -33 -20 -49 -12 -53 -2147483648 -2147483648 -8 -30 -16 -45 -2147483648 -2147483648 -36 -54 -2147483648 -2147483648 -2147483648 -2147483648 -2147483648 -2147483648 -2147483648 -2147483648 -9 -32 -18 -28 -11 -48 -2147483648 -2147483648 -4 -51 -2147483648 -2147483648 -14 -24 -2147483648 -2147483648 -2147483648 -2147483648 -37 -41 -26 -46 -2147483648 -2147483648 -2147483648 -2147483648 -2147483648 -2147483648 -58 -60 -59 -66 -2147483648 -2147483648 -2147483648 -2147483648 -27 -61 -35 -56 -7 -64 -2147483648 -2147483648 -2147483648 -2147483648 -2147483648 -2147483648 -2147483648 -2147483648 -2147483648 -2147483648 -2147483648 -2147483648 -2147483648 -2147483648 -2147483648 -2147483648 -2147483648 -2147483648 -2147483648 -2147483648 -2147483648 -2147483648 -2147483648 -2147483648 -2147483648 -2147483648 -2147483648 -2147483648 -2147483648 -2147483648 -2147483648 -2147483648 -2147483648 -2147483648 -2147483648 -2147483648 -2147483648 -2147483648 -2147483648 -2147483648 -2147483648 -2147483648 -2147483648 -2147483648 -2147483648 -2147483648
split_feature= 1 1 6 1 6 6 7 2 1 7 8 7 8 8 7 8 6 1 6 2 7 7 8 8 6 6 1 1 8 2 1 8 2 1 1 2 7 7 2 4 6 8 5 7 2 1 8 7 3 7 8 7 8 8 7 7 5 6 2 8 8 7 4 5 8
split_gain= 3717.67 1040.81 579.719 536.129 194.978 182.976 137.924 137.172 121.726 110.384 107.383 78.3697 72.0403 70.1322 78.2638 69.6893 68.0233 63.8175 63.3117 59.2158 53.756 47.9696 64.5458 47.0869 39.0768 36.0911 34.6125 34.5989 34.2945 27.442 25.0698 19.3644 18.2856 14.7689 14.6045 13.4862 10.4439 10.2918 10.2696 9.27894 8.159 8.14751 7.40228 7.19593 5.85235 5.42631 5.06041 5.05113 5.04409 4.91203 4.62271 5.2738 4.52913 2.60523 2.42806 2.27511 2.04529 6.53576 2.16714 1.75502 1.61261 0.724894 0.553668 0.506752 0.169041
threshold= 5.2771000000000017 3.1913000000000005 2.3722374117110965 7.3930000000000016 2.2352443515477258 2.7472725830126556 34.455000000000005 19.500000000000004 4.5301500000000017 37.815000000000005 -117.77499999999999 37.935000000000009 -122.38499999999998 -121.63499999999998 37.915000000000006 -122.31499999999998 2.0231950334409352 6.2770500000000009 3.4287187039764357 21.500000000000004 38.735000000000007 37.945000000000007 -117.79499999999999 -117.145 2.8335312747426764 2.2038024706228287 3.8769000000000005 8.7395500000000013 -122.33499999999999 28.500000000000004 3.8769000000000005 -118.395 27.500000000000004 6.3350000000000009 2.2210000000000005 21.500000000000004 37.955000000000005 37.995000000000012 26.500000000000004 1.0373307138179437 3.1424162072895592 -117.675 70.000000000000014 38.675000000000004 15.500000000000002 4.3163000000000009 -122.425 34.045000000000009 3.193182511128728 38.015000000000008 -116.53499999999998 33.905000000000008 -120.09499999999998 -117.71499999999999 37.615000000000002 37.805000000000007 565.50000000000011 2.254419630548663 12.500000000000002 -117.87499999999999 -117.30499999999999 39.505000000000003 1.0646557958336251 534.50000000000011 -122.19499999999998
decision_type= 2 2 2 2 2 2 2 2 2 2 2 2 2 2 2 2 2 2 2 2 2 2 2 2 2 2 2 2 2 2 2 2 2 2 2 2 2 2 2 2 2 2 2 2 2 2 2 2 2 2 2 2 2 2 2 2 2 2 2 2 2 2 2 2 2
left_child=1 4 7 5 11 19 10 45 12 16 18 15 20 14 28 48 30 36 31 56 49 22 -14 32 35 55 -18 29 -8 53 -9 -6 -17 59 -15 -10 40 46 -19 -37 62 44 -29 -16 -26 60 -11 -20 -1 -4 51 -12 -36 -5 -35 -21 -2 58 -58 -27 -3 -13 -7 -47 -59
right_child=3 2 8 27 6 17 13 9 24 37 50 61 21 34 43 23 26 38 47 25 -22 -23 -24 -25 41 33 -28 42 -30 -31 -32 -33 -34 54 52 39 -38 -39 -40 -41 -42 -43 -44 -45 -46 63 -48 -49 -50 -51 -52 -53 -54 -55 -56 -57 57 64 -60 -61 -62 -63 -64 -65 -66
leaf_value= 0.039525123340461182 0.025068207781599919 0.0084235431573185283 0.064927749108302846 0.13882403388982867 0.034804962719097103 0.04609436807524131 0.040330453792526186 0.10410633333816136 0.0075565347220452328 0.10460542325416339 -0.054361015579181195 -0.050677052551613644 -0.010240144697849469 -0.099622207701407062 -0.055455914564430712 -0.014431447004600029 0.040183648852121327 0.073793728286134341 -0.052667626864618358 0.1985307815594991 -0.074663372733155084 -0.054333746353549872 -0.048330133115924406 -0.061290420491823421 -0.021905201442701663 0.10683003290236229 0.098187406864908955 0.084617103263735782 -0.035404420230604181 0.18738148144344097 0.16525112046610291 -0.013800217784679892 0.023633428528509796 0.16041614087016295 -0.067688279158557907 0.032411620918737387 -0.0071793008576698444 -0.026115255872177525 0.12591895901324118 0.074333924462416157 0.024300375691990821 -0.028084853663614656 0.20115557625341013 -0.089688820065214087 0.013781020020359686 -0.017125540009389321 0.016714579963558157 -0.0277057072631153 0.14488888702741484 0.018295475153718144 -0.1017578698005997 -0.081102564915929043 -0.091074712541497627 0.089903019376935733 0.10418160042685012 0.1021662203165201 0.074334887849787867 0.15245702087879182 0.16439636781297884 0.046104927272535866 -0.040084584118225255 -0.094823674591524271 0.083791147710024563 0.050027677558994454 0.056441402468172946
leaf_weight=17 46 235 167 205 141 307 92 196 176 23 427 267 2224 779 200 350 233 350 709 95 49 529 649 149 138 320 282 11.999999999999998 385 164 164 695 387 132 610 245 98 86 85 170 373 164 353 390 590 24 71 308 41 96 119 348 384 59 46 12.999999999999998 24 9.9999999999999982 29 30 52 56 79 112 153
leaf_count=17 46 235 167 205 141 307 92 196 176 23 427 267 2224 779 200 350 233 350 709 95 49 529 649 149 138 320 282 12 385 164 164 695 387 132 610 245 98 86 85 170 373 164 353 390 590 24 71 308 41 96 119 348 384 59 46 13 24 10 29 30 52 56 79 112 153
model_size=7312
internal_value=0 -0.0223053 0.00591147 0.101163 -0.0497852 0.0754572 -0.0579849 0.061564 -0.00991583 0.081426 -0.0415375 -0.0136272 -0.019909 -0.0738938 -0.0524743 0.00166868 0.0966373 0.0508219 -0.0272846 0.110901 0.0286564 -0.024363 -0.0188445 -0.00568526 0.0151109 0.128498 0.0719449 0.172153 -0.0207973 0.150686 0.131961 -0.00560245 0.00555649 0.116546 -0.0867841 0.0370686 0.0339918 0.00748193 0.0839791 0.0495846 0.0393077 0.000562744 0.197324 -0.0780844 0.00701632 0.0120265 0.0382198 -0.0451079 0.114006 0.0479061 -0.0710795 -0.0663688 -0.0767229 0.127891 0.145884 0.186931 0.0681862 0.0773687 0.123614 0.101625 -0.000365386 -0.058331 0.0538095 0.0381771 0.0623319
internal_weight=0 13529 6675 2983 6854 2190 5587 1478 5197 1055 2747 1267 3714 2840 1067 944 875 1292 1853 898 312 3402 2873 886 1483 636 515 793 477 428 360 836 737 528 1773 591 857 180 435 415 759 892 365 590 728 423 94 1017 58 263 894 775 994 264 178 108 262 216 53 350 287 323 386 136 163
internal_count=16512 13529 6675 2983 6854 2190 5587 1478 5197 1055 2747 1267 3714 2840 1067 944 875 1292 1853 898 312 3402 2873 886 1483 636 515 793 477 428 360 836 737 528 1773 591 857 180 435 415 759 892 365 590 728 423 94 1017 58 263 894 775 994 264 178 108 262 216 53 350 287 323 386 136 163
is_linear=0
shrinkage=0.1


Tree=4
num_leaves= 61
num_cat= 0
full_tree_array_lgbids= 0 1 2 5 3 4 11 18 13 6 8 15 12 25 36 26 40 42 21 7 33 16 14 45 23 29 24 -4 -27 47 44 27 -28 53 -42 -7 49 50 30 28 9 48 -35 32 22 19 31 -2 -47 -17 34 52 -31 54 -26 -2147483648 -2147483648 -2147483648 -2147483648 -13 -49 -38 -46 39 -29 -2147483648 -2147483648 -20 58 -2147483648 -2147483648 -2147483648 -2147483648 -44 -51 -15 51 -23 -32 -3 37 10 17 -8 -50 -2147483648 -2147483648 38 -34 35 55 20 43 46 41 -2147483648 -2147483648 -2147483648 -2147483648 -2147483648 -2147483648 57 59 56 -54 -2147483648 -2147483648 -14 -56 -2147483648 -2147483648 -2147483648 -2147483648 -2147483648 -2147483648 -2147483648 -2147483648 -2147483648 -2147483648 -2147483648 -2147483648 -2147483648 -2147483648 -2147483648 -2147483648 -2147483648 -2147483648 -1 -41 -2147483648 -2147483648 -2147483648 -2147483648 -2147483648 -2147483648 -2147483648 -2147483648 -55 -60 -2147483648 -2147483648 -2147483648 -2147483648 -2147483648 -2147483648 -2147483648 -2147483648 -2147483648 -2147483648 -2147483648 -2147483648 -2147483648 -2147483648 -52 -53 -2147483648 -2147483648 -2147483648 -2147483648 -2147483648 -2147483648 -30 -39 -9 -12 -11 -19 -2147483648 -2147483648 -2147483648 -2147483648 -2147483648 -2147483648 -2147483648 -2147483648 -5 -40 -2147483648 -2147483648 -18 -37 -24 -57 -10 -22 -21 -45 -16 -48 -33 -43 -2147483648 -2147483648 -2147483648 -2147483648 -2147483648 -2147483648 -2147483648 -2147483648 -2147483648 -2147483648 -2147483648 -2147483648 -25 -59 -36 -61 -6 -58 -2147483648 -2147483648 -2147483648 -2147483648 -2147483648 -2147483648 -2147483648 -2147483648 -2147483648 -2147483648 -2147483648 -2147483648 -2147483648 -2147483648 -2147483648 -2147483648 -2147483648 -2147483648 -2147483648 -2147483648 -2147483648 -2147483648 -2147483648 -2147483648 -2147483648 -2147483648 -2147483648 -2147483648 -2147483648 -2147483648 -2147483648 -2147483648 -2147483648 -2147483648 -2147483648 -2147483648 -2147483648 -2147483648 -2147483648 -2147483648 -2147483648 -2147483648 -2147483648 -2147483648 -2147483648 -2147483648
split_feature= 1 1 1 6 6 3 7 8 1 8 7 1 1 1 6 2 3 7 6 7 8 6 2 6 2 2 7 8 7 6 3 8 6 8 1 7 2 2 7 6 8 7 6 8 5 1 7 1 7 7 2 6 7 3 1 8 8 7 7 7
split_gain= 3012.36 754.544 549.032 468.027 190.747 140.568 136.605 119.357 112.754 65.1423 116.284 60.7457 57.0549 54.0872 46.2423 38.3362 36.0729 35.263 35.2136 28.4871 32.7411 24.3049 23.6548 23.6356 23.6212 21.9931 20.4706 21.6492 19.292 14.3715 13.4755 11.8633 11.7767 10.6653 10.0388 9.94063 8.51087 7.9178 6.84866 6.82829 6.07229 5.95264 5.81416 4.59007 3.9307 3.72363 3.59573 3.13717 3.04885 2.94786 2.69303 7.67954 2.59542 2.1966 1.16015 1.15937 1.03135 0.328356 0.11306 0.0580914
threshold= 5.0387000000000013 2.7820000000000005 6.8672000000000013 2.4136952392348086 2.5763869593405579 3.8792159595040387 37.935000000000009 -122.33499999999999 3.8346500000000003 -117.98499999999999 34.155000000000008 7.852450000000001 5.8308000000000009 2.2210000000000005 3.016322398451238 21.500000000000004 4.8809487864875196 33.695000000000007 2.8941056667066012 37.875000000000007 -122.21499999999999 2.2982753493904258 44.500000000000007 2.0653737590585881 32.500000000000007 26.500000000000004 37.935000000000009 -118.21499999999999 37.765000000000008 3.0298305221858191 4.3645181386446135 -121.48499999999999 3.2651338971106418 -122.35499999999998 5.5682000000000009 34.415000000000006 20.500000000000004 47.500000000000007 37.915000000000006 1.6125326273398461 -117.79499999999999 34.525000000000013 2.2038024706228287 -122.40499999999999 139.50000000000003 5.6402500000000009 37.915000000000006 9.1688500000000008 38.005000000000003 34.105000000000011 26.500000000000004 1.9322222929778572 37.925000000000004 3.0522493994321906 6.3350000000000009 -122.40499999999999 -118.22499999999998 37.935000000000009 34.595000000000006 37.615000000000002
decision_type= 2 2 2 2 2 2 2 2 2 2 2 2 2 2 2 2 2 2 2 2 2 2 2 2 2 2 2 2 2 2 2 2 2 2 2 2 2 2 2 2 2 2 2 2 2 2 2 2 2 2 2 2 2 2 2 2 2 2 2 2
left_child=1 5 4 6 15 18 7 28 16 10 -9 25 29 42 19 45 32 -11 26 20 -10 50 35 -17 54 -4 27 39 -3 52 -23 46 38 48 57 -18 47 -30 -5 -1 53 -33 -7 -21 -38 -2 -16 -13 -8 -44 -15 -52 56 -20 -14 -24 -6 -25 -55 -36
right_child=2 3 11 8 12 13 33 9 14 17 -12 36 24 21 31 23 22 -19 40 43 -22 30 55 34 -26 -27 -28 -29 37 -31 -32 41 -34 -35 59 -37 44 -39 -40 -41 -42 -43 49 -45 -46 -47 -48 -49 -50 -51 51 -53 -54 58 -56 -57 -58 -59 -60 -61
leaf_value= 0.094072414810458818 0.037843589153648778 0.084419127731708565 0.090774698822737851 -0.00031150929912171781 0.057546274849999468 -0.054008504027504151 0.079057625454405089 0.094542760754273716 0.082132437418807644 0.028309181183564066 0.026055489064805398 0.11992568514309823 0.038987328392989871 -0.039530274053518687 0.021042401482094537 0.17536690439595734 -0.031452098266504719 -0.040304906542316596 -0.012859843231196847 0.019130075056778474 0.01368204330259035 -0.031988344452831441 0.045555198698171546 0.08907136557769614 0.10256327179641547 0.14633807917901626 -0.066610441632124026 -0.028319525533816371 0.095964940560275117 0.0069614308477170348 -0.063148061415740267 -0.017691838515921501 -0.03161230317938904 -0.040749079510376443 0.13925627698758389 -0.053614095707648815 0.08391513288021088 0.18750425284946121 -0.054891261898103311 0.016131249640641554 -0.07852850380323588 -0.04817932057365297 -0.066767127294826922 -0.031695181805280991 0.18137001197543237 0.087658245297684789 -0.029077690564198039 0.17020533905270396 -0.0058091308301185043 -0.085787995598388067 0.048751632000009225 -0.022761263997301835 0.00090260187081426775 -0.035502358710411512 0.065949180775201163 -0.013152324295360743 0.026038895497163372 0.00058317575603723533 -0.068968882224614822 0.091025995149424208
leaf_weight=30 110 86 263 658 250 274 23 456 99 279 653 120 349 191 196 86 648 145 186 72 1066 303 42 166 154 168 67 184 29 521 1129 754 520 217 164 1047 14.999999999999998 77 61 299 93 218 518 239 385 106 73 89 79 1101 48 119 79 443 262 127 194 13.999999999999998 111 57
leaf_count=30 110 86 263 658 250 274 23 456 99 279 653 120 349 191 196 86 648 145 186 72 1066 303 42 166 154 168 67 184 29 521 1129 754 520 217 164 1047 15 77 61 299 93 218 518 239 385 106 73 89 79 1101 48 119 79 443 262 127 194 14 111 57
model_size=6752
internal_value=0 -0.0223964 0.0817165 -0.00284956 0.0561994 -0.0525605 0.0387365 0.0502381 -0.0174547 0.0405609 0.0542162 0.14335 0.0385939 -0.0631935 -0.00195904 0.101503 -0.0310228 0.00484446 -0.0248453 0.0111913 0.0194989 -0.0496678 -0.0409184 0.118895 0.0610196 0.112433 -0.00349703 0.00474585 0.127504 0.0221612 -0.0565549 -0.0175996 -0.0161354 -0.0234581 0.106784 -0.0451415 0.165231 0.16246 -0.00494206 0.0232383 -0.0397097 -0.0245296 -0.0759832 -0.0199286 0.177715 0.0622897 0.00744104 0.141337 0.0133275 -0.0797023 -0.0221195 -0.00220666 0.0373029 -0.0348311 0.0505487 0.00143771 0.0437795 0.082189 -0.0422077 0.126817
internal_weight=0 12960 3552 7864 2512 5096 2044 1725 5820 1533 1109 1040 1809 3683 2717 703 3103 424 1413 1476 1165 1790 1864 487 765 431 580 513 192 1044 1432 1241 1239 319 401 1695 609 106 719 329 833 972 1893 311 400 216 269 209 102 1619 358 167 523 740 611 169 444 180 554 221
internal_count=16512 12960 3552 7864 2512 5096 2044 1725 5820 1533 1109 1040 1809 3683 2717 703 3103 424 1413 1476 1165 1790 1864 487 765 431 580 513 192 1044 1432 1241 1239 319 401 1695 609 106 719 329 833 972 1893 311 400 216 269 209 102 1619 358 167 523 740 611 169 444 180 554 221
is_linear=0
shrinkage=0.1


Tree=5
num_leaves= 54
num_cat= 0
full_tree_array_lgbids= 0 2 1 5 3 4 6 22 14 7 8 12 18 15 30 25 -24 -7 20 38 11 9 21 34 13 28 31 52 -17 44 50 26 -27 -2147483648 -2147483648 -2147483648 -2147483648 41 29 39 -40 17 46 10 35 23 51 -2 49 48 27 32 -30 47 -33 -3 -54 -2147483648 -2147483648 -8 -46 -32 -52 43 -28 -2147483648 -2147483648 -2147483648 -2147483648 -2147483648 -2147483648 -2147483648 -2147483648 -2147483648 -2147483648 42 -43 -22 -31 40 -41 -2147483648 -2147483648 37 19 -13 -48 -5 16 36 -37 24 -25 -23 -53 -2147483648 -2147483648 -36 -51 -14 -50 33 -29 45 -34 -2147483648 -2147483648 -20 -49 -2147483648 -2147483648 -2147483648 -2147483648 -2147483648 -2147483648 -2147483648 -2147483648 -2147483648 -2147483648 -2147483648 -2147483648 -2147483648 -2147483648 -2147483648 -2147483648 -2147483648 -2147483648 -1 -45 -2147483648 -2147483648 -2147483648 -2147483648 -2147483648 -2147483648 -2147483648 -2147483648 -2147483648 -2147483648 -2147483648 -2147483648 -2147483648 -2147483648 -2147483648 -2147483648 -2147483648 -2147483648 -2147483648 -2147483648 -2147483648 -2147483648 -16 -44 -2147483648 -2147483648 -2147483648 -2147483648 -2147483648 -2147483648 -4 -42 -2147483648 -2147483648 -2147483648 -2147483648 -2147483648 -2147483648 -9 -39 -19 -21 -2147483648 -2147483648 -2147483648 -2147483648 -2147483648 -2147483648 -12 -18 -11 -38 -2147483648 -2147483648 -10 -26 -2147483648 -2147483648 -2147483648 -2147483648 -2147483648 -2147483648 -2147483648 -2147483648 -2147483648 -2147483648 -2147483648 -2147483648 -2147483648 -2147483648 -2147483648 -2147483648 -2147483648 -2147483648 -15 -35 -2147483648 -2147483648 -6 -47 -2147483648 -2147483648 -2147483648 -2147483648 -2147483648 -2147483648 -2147483648 -2147483648 -2147483648 -2147483648 -2147483648 -2147483648 -2147483648 -2147483648 -2147483648 -2147483648 -2147483648 -2147483648 -2147483648 -2147483648 -2147483648 -2147483648 -2147483648 -2147483648 -2147483648 -2147483648 -2147483648 -2147483648 -2147483648 -2147483648 -2147483648 -2147483648 -2147483648 -2147483648 -2147483648 -2147483648 -2147483648 -2147483648 -2147483648 -2147483648 -2147483648 -2147483648 -2147483648 -2147483648 -2147483648 -2147483648
split_feature= 1 1 1 6 6 3 1 2 6 7 8 7 2 6 1 2 7 8 1 1 6 8 6 7 8 7 8 7 8 3 2 6 7 1 5 7 8 7 7 8 7 7 2 6 1 8 8 2 4 4 7 7 6
split_gain= 2451.35 644.288 452.113 345.198 194.35 110.831 92.9176 85.9497 65.9137 58.0008 63.1317 55.9162 51.3727 50.8251 43.49 38.0955 37.6323 36.5345 33.4924 28.9241 26.5203 26.4291 26.0074 21.9849 27.1087 14.5431 22.1181 13.7344 11.8039 11.6281 11.2558 8.01306 7.98367 4.75425 3.94295 3.50197 9.76549 3.32082 3.26381 11.8715 11.6937 3.21584 5.32255 3.20367 2.70119 2.69662 2.22806 2.18999 1.9875 1.68749 1.6136 1.22876 0.721276
threshold= 4.5301500000000017 6.3963500000000009 2.7820000000000005 2.2634687595142249 2.689174240612294 3.8792159595040387 7.7055000000000016 24.500000000000004 2.8079590171801518 37.945000000000007 -122.21499999999999 37.815000000000005 21.500000000000004 2.1628386478062818 1.9486000000000003 26.500000000000004 34.525000000000013 -122.40499999999999 5.3357000000000001 3.4883000000000002 2.2982753493904258 -117.79499999999999 3.0973600929976173 37.875000000000007 -122.24499999999999 37.935000000000009 -118.21499999999999 38.005000000000003 -117.675 4.3645181386446135 18.500000000000004 3.0375944537846187 37.915000000000006 5.5682000000000009 544.50000000000011 39.355000000000011 -122.27499999999999 37.765000000000008 37.595000000000006 -118.30499999999999 34.175000000000004 37.945000000000007 26.500000000000004 2.0231950334409352 8.7395500000000013 -121.46499999999999 -122.04499999999999 36.500000000000007 1.0181992504140156 1.0919636335678318 37.975000000000001 33.695000000000007 2.6585924622132828
decision_type= 2 2 2 2 2 2 2 2 2 2 2 2 2 2 2 2 2 2 2 2 2 2 2 2 2 2 2 2 2 2 2 2 2 2 2 2 2 2 2 2 2 2 2 2 2 2 2 2 2 2 2 2 2
left_child=2 4 5 7 12 22 15 38 9 10 -5 17 34 48 -7 52 -12 37 28 -19 41 23 25 24 -10 26 43 33 32 -22 44 47 45 -15 -2 36 -11 -9 39 40 -4 42 -16 -1 -8 -6 -13 -20 -14 -36 -32 -23 -3
right_child=1 6 3 8 18 14 30 11 21 35 16 46 13 27 20 -17 -18 19 31 -21 29 51 -24 -25 -26 -27 -28 -29 -30 -31 50 -33 -34 -35 49 -37 -38 -39 -40 -41 -42 -43 -44 -45 -46 -47 -48 -49 -50 -51 -52 -53 -54
leaf_value= 0.046890456457948315 -0.0084697279384330151 0.10467695448287698 0.089135709279290751 0.069723070303716897 0.037788105401955936 -0.07468601752452142 0.094710373851137425 0.083434695776166592 0.035197580619668593 0.0050362480786661137 0.011208680927072097 0.022916441284061208 0.094366614473983645 0.065249590526588949 -0.033254743879575867 0.12437555502702879 -0.025989950612095494 0.038776333881402718 0.043287804469097566 0.092710730250727277 -0.035326537056916574 -0.035938712684920868 -0.037566177069442042 -0.048912763262887037 -0.021729819023901815 -0.06180499071701312 -0.029738264206558642 -0.00081022281613614834 -0.02547133982697429 -0.060469696661301101 0.16081491165586786 0.021057655309667273 -0.018262111134931196 0.099388771291375744 0.03020916977774404 -0.068955503611527774 -0.039593907218454232 0.16757198568720086 -0.025279790085400679 -0.0092314087676249879 0.013192055217833037 -0.047102246306969658 0.011497551160685432 0.0057780113380417053 0.14612009523018285 0.0092898461900543985 -0.040883756516610879 0.098383887808494344 0.15550708626666346 0.071367875088757846 0.047553432285785679 -0.064997111105472793 0.063911563592925172
leaf_weight=125 63 86 63 162 238 1169 109 29 125 145 1046 87 48 440 171 286 527 284 372 264 463 265 749 422 1918 71 215 45 204 1549 453 509 179 194 216 97 369 65 116 186 105 175 156 253 98 572 51 49 121 114 9.9999999999999982 314 370
leaf_count=125 63 86 63 162 238 1169 109 29 125 145 1046 87 48 440 171 286 527 284 372 264 463 265 749 422 1918 71 215 45 204 1549 453 509 179 194 216 97 369 65 116 186 105 175 156 253 98 572 51 49 121 114 10 314 370
model_size=5968
internal_value=0 0.0605322 -0.0246337 -0.00723467 0.0365377 -0.0473044 0.117697 0.0408478 -0.0183855 -0.00479363 0.00537332 0.0624469 0.0688382 0.0840811 -0.0568742 0.0919419 -0.00125392 0.0760123 0.0176564 0.0647593 -0.0485917 -0.0288608 -0.0223608 -0.0234967 -0.0182467 -0.00520894 0.00156731 0.0706256 0.00489714 -0.0546838 0.146221 0.0340239 0.0111612 0.075696 0.0359479 -0.0336638 -0.0270037 0.141615 0.00500259 0.0149256 0.0416709 -0.024175 -0.011905 0.0193734 0.119049 0.0176634 -0.000661893 0.0497004 0.138142 0.0444276 0.158369 -0.0516975 0.0715998
internal_weight=0 4776 11736 6640 3364 5096 1412 1250 5390 2346 1735 780 1241 848 3683 742 1573 642 2123 548 2514 3044 1413 2465 2043 664 593 679 1193 2012 670 930 989 634 393 611 514 94 470 354 168 502 327 378 207 810 138 421 169 330 463 579 456
internal_count=16512 4776 11736 6640 3364 5096 1412 1250 5390 2346 1735 780 1241 848 3683 742 1573 642 2123 548 2514 3044 1413 2465 2043 664 593 679 1193 2012 670 930 989 634 393 611 514 94 470 354 168 502 327 378 207 810 138 421 169 330 463 579 456
is_linear=0
shrinkage=0.1


Tree=6
num_leaves= 52
num_cat= 0
full_tree_array_lgbids= 0 2 1 5 3 4 6 28 14 7 8 17 19 16 35 29 -30 40 23 48 15 11 9 43 27 31 42 -3 -18 39 -37 37 30 -2147483648 -2147483648 -7 46 36 45 -4 49 20 -17 18 25 10 13 -2 -45 -19 44 -6 33 -21 -44 -2147483648 -2147483648 -2147483648 -2147483648 -8 -41 -2147483648 -2147483648 -1 -39 -31 -32 -2147483648 -2147483648 -2147483648 -2147483648 -2147483648 -2147483648 47 -48 -16 50 -25 -47 -2147483648 -2147483648 -50 -51 32 34 -2147483648 -2147483648 24 21 38 -27 12 26 22 -15 -2147483648 -2147483648 -2147483648 -2147483648 -2147483648 -2147483648 -29 -46 -2147483648 -2147483648 41 -35 -2147483648 -2147483648 -2147483648 -2147483648 -2147483648 -2147483648 -2147483648 -2147483648 -2147483648 -2147483648 -2147483648 -2147483648 -2147483648 -2147483648 -2147483648 -2147483648 -2147483648 -2147483648 -2147483648 -2147483648 -2147483648 -2147483648 -2147483648 -2147483648 -2147483648 -2147483648 -2147483648 -2147483648 -2147483648 -2147483648 -2147483648 -2147483648 -2147483648 -2147483648 -2147483648 -2147483648 -2147483648 -2147483648 -2147483648 -2147483648 -42 -49 -2147483648 -2147483648 -2147483648 -2147483648 -38 -52 -2147483648 -2147483648 -2147483648 -2147483648 -2147483648 -2147483648 -2147483648 -2147483648 -2147483648 -2147483648 -2147483648 -2147483648 -9 -34 -22 -36 -2147483648 -2147483648 -2147483648 -2147483648 -5 -26 -20 -23 -13 -40 -2147483648 -2147483648 -10 -14 -12 -28 -11 -24 -2147483648 -2147483648 -2147483648 -2147483648 -2147483648 -2147483648 -2147483648 -2147483648 -2147483648 -2147483648 -2147483648 -2147483648 -2147483648 -2147483648 -2147483648 -2147483648 -2147483648 -2147483648 -2147483648 -2147483648 -2147483648 -2147483648 -33 -43 -2147483648 -2147483648 -2147483648 -2147483648 -2147483648 -2147483648 -2147483648 -2147483648 -2147483648 -2147483648 -2147483648 -2147483648 -2147483648 -2147483648 -2147483648 -2147483648 -2147483648 -2147483648 -2147483648 -2147483648 -2147483648 -2147483648 -2147483648 -2147483648 -2147483648 -2147483648 -2147483648 -2147483648 -2147483648 -2147483648 -2147483648 -2147483648 -2147483648 -2147483648 -2147483648 -2147483648 -2147483648 -2147483648 -2147483648 -2147483648 -2147483648 -2147483648
split_feature= 1 1 1 6 6 3 1 2 8 7 8 7 6 8 1 7 2 2 8 1 1 7 7 3 7 7 7 6 8 7 8 2 4 8 4 8 8 6 8 7 6 7 2 5 4 6 7 8 1 2 6
split_gain= 1983.87 469.609 401.336 288.916 150.064 86.6436 78.7704 70.4702 69.9286 127.028 106.016 77.1878 71.3941 56.7357 40.7768 37.0336 29.6146 29.4855 27.4529 25.7623 24.9805 23.4149 19.7468 19.3228 17.0685 16.9036 16.4095 15.2016 13.8096 17.4368 25.3704 11.6861 11.0162 9.52732 8.75143 8.03494 6.72075 6.70954 6.42928 4.82662 4.73968 4.73302 4.05729 3.18485 3.02475 2.77939 1.86942 3.33862 0.945169 1.34334 0.0411624
threshold= 4.6754000000000007 6.3350000000000009 2.7820000000000005 2.2147445135257553 2.5219735498882589 3.7658343721586585 7.7055000000000016 24.500000000000004 -121.85499999999998 34.455000000000005 -117.79499999999999 37.895000000000003 3.0298305221858191 -119.94499999999998 2.2948000000000004 37.815000000000005 26.500000000000004 21.500000000000004 -122.29499999999999 5.6042500000000013 3.4105000000000003 37.555000000000007 37.275000000000013 4.3645181386446135 37.765000000000008 38.735000000000007 33.655000000000008 2.0653737590585881 -118.27499999999999 35.335000000000008 -121.87499999999999 16.500000000000004 0.99520178959243033 -117.65499999999999 1.0239055440047398 -118.00499999999998 -122.41499999999998 1.6125326273398461 -122.38499999999998 38.305000000000007 1.9139224725972623 37.915000000000006 36.500000000000007 374.50000000000006 1.0444603857803287 2.3336834733893559 35.335000000000008 -118.31499999999998 3.3627000000000002 16.500000000000004 1.8427212551791066
decision_type= 2 2 2 2 2 2 2 2 2 2 2 2 2 2 2 2 2 2 2 2 2 2 2 2 2 2 2 2 2 2 2 2 2 2 2 2 2 2 2 2 2 2 2 2 2 2 2 2 2 2 2
left_child=2 4 5 7 17 28 16 48 11 10 12 18 -10 22 40 20 -3 43 24 31 32 -20 -11 36 -5 38 -12 -19 29 37 -31 -6 -9 41 -22 39 -16 -1 -13 -8 -7 -33 -21 -2 -29 -25 47 -42 -4 -50 -38
right_child=1 6 3 8 19 14 35 15 9 13 26 25 -14 -15 23 -17 -18 27 21 42 34 -23 -24 45 -26 -27 -28 44 -30 30 -32 33 -34 -35 -36 -37 50 -39 -40 -41 46 -43 -44 -45 -46 -47 -48 -49 49 -51 -52
leaf_value= 0.15198591060936451 -0.038666862189050091 0.063810036086166907 -0.014427944853261938 0.045422027641540845 -0.0088226605233418329 -0.024466149515010478 0.14434881056687376 -0.038953110362802239 0.024445914980247455 -0.0012451614050057978 -0.021421750764819909 0.017159684009991748 -0.015211752831234611 -0.078913874936255596 0.096113875557978956 0.0034916905066046606 0.11056267021685043 0.13857034862786533 0.040347912656531364 0.034737514705286361 0.051099302614728614 -0.014149033794678623 -0.041258955075756165 -0.023204848874885362 0.13003569432720541 -0.060390094113846618 -0.055966706132268201 0.065604441686688608 -0.032406611961065507 0.0035064937121430297 -0.071513589214434667 0.029037524889545599 0.057004286295896392 -0.025277141465007199 0.11114653322797075 0.10173005718790505 0.05008538010716438 0.012760766742199108 -0.027525939557481335 0.018653219125487588 -0.019396910705211119 -0.011041137254602897 0.086164225327935245 0.048777762026635606 0.10705383251873879 -0.050548267123299878 -0.069301860795891804 -0.058059387843106075 -2.6833184450964802e-05 0.043747699298204254 -0.02201675423818767
leaf_weight=9.9999999999999982 22 495 163 216 410 123 491 28 1075 259 514 161 1046 432 14.999999999999998 116 309 100 240 654 75 237 844 249 50 150 443 252 588 162 113 843 236 98 249 168 25 324 218 10.999999999999998 121 120 67 204 135 979 1234 755 149 136 398
leaf_count=10 22 495 163 216 410 123 491 28 1075 259 514 161 1046 432 15 116 309 100 240 654 75 237 844 249 50 150 443 252 588 162 113 843 236 98 249 168 25 324 218 11 121 120 67 204 135 979 1234 755 149 136 398
model_size=5744
internal_value=0 0.0578701 -0.0208863 -0.00518063 0.0342486 -0.042574 0.104424 0.0415532 -0.0143289 -0.0205229 -0.00826386 0.00813417 0.0048882 -0.0451048 -0.0502804 0.062891 0.0817784 0.0756544 0.0304753 0.0207804 0.0746093 0.0132708 -0.0318632 -0.0368149 0.0613269 -0.0232447 -0.0374128 0.0920773 -0.0174718 -0.00305195 -0.0273199 0.011597 0.046827 0.0194878 0.0972467 0.131599 -0.0138558 0.0169292 -0.00854339 0.141595 -0.0603268 0.0240433 0.0395164 0.0402655 0.0800635 -0.0450039 -0.0624172 -0.052719 0.00802217 0.0208621 -0.0177554
internal_weight=0 4379 12133 7037 2905 5096 1474 1152 5885 4613 3078 1272 2121 1535 3899 704 804 713 743 2192 588 477 1103 1666 266 529 957 487 1197 609 275 1471 264 1061 324 670 438 334 379 502 2233 963 721 226 387 1228 2110 876 448 285 423
internal_count=16512 4379 12133 7037 2905 5096 1474 1152 5885 4613 3078 1272 2121 1535 3899 704 804 713 743 2192 588 477 1103 1666 266 529 957 487 1197 609 275 1471 264 1061 324 670 438 334 379 502 2233 963 721 226 387 1228 2110 876 448 285 423
is_linear=0
shrinkage=0.1


Tree=7
num_leaves= 40
num_cat= 0
full_tree_array_lgbids= 0 1 3 4 2 5 22 12 6 10 15 19 23 29 -24 13 -14 7 8 -3 11 20 30 -2 24 -7 -25 -5 -31 -2147483648 -2147483648 -1 16 -2147483648 -2147483648 14 -9 9 25 -2147483648 -2147483648 36 17 26 -22 38 31 -2147483648 -2147483648 -21 35 -2147483648 -2147483648 -2147483648 -2147483648 -2147483648 -2147483648 -2147483648 -2147483648 -2147483648 -2147483648 -2147483648 -2147483648 -2147483648 -2147483648 21 -18 -2147483648 -2147483648 -2147483648 -2147483648 28 -16 -2147483648 -2147483648 18 -11 34 -27 -2147483648 -2147483648 -2147483648 -2147483648 -12 -38 33 -19 27 37 -2147483648 -2147483648 -17 -40 32 -33 -2147483648 -2147483648 -2147483648 -2147483648 -2147483648 -2147483648 -26 -37 -2147483648 -2147483648 -2147483648 -2147483648 -2147483648 -2147483648 -2147483648 -2147483648 -2147483648 -2147483648 -2147483648 -2147483648 -2147483648 -2147483648 -2147483648 -2147483648 -2147483648 -2147483648 -2147483648 -2147483648 -2147483648 -2147483648 -2147483648 -2147483648 -2147483648 -2147483648 -2147483648 -2147483648 -15 -23 -2147483648 -2147483648 -2147483648 -2147483648 -2147483648 -2147483648 -2147483648 -2147483648 -2147483648 -2147483648 -6 -30 -2147483648 -2147483648 -2147483648 -2147483648 -2147483648 -2147483648 -8 -20 -2147483648 -2147483648 -10 -36 -2147483648 -2147483648 -2147483648 -2147483648 -2147483648 -2147483648 -2147483648 -2147483648 -2147483648 -2147483648 -2147483648 -2147483648 -2147483648 -2147483648 -13 -35 -2147483648 -2147483648 -4 -29 -28 -39 -2147483648 -2147483648 -2147483648 -2147483648 -2147483648 -2147483648 -2147483648 -2147483648 -32 -34 -2147483648 -2147483648 -2147483648 -2147483648 -2147483648 -2147483648 -2147483648 -2147483648 -2147483648 -2147483648 -2147483648 -2147483648 -2147483648 -2147483648 -2147483648 -2147483648 -2147483648 -2147483648 -2147483648 -2147483648 -2147483648 -2147483648 -2147483648 -2147483648 -2147483648 -2147483648 -2147483648 -2147483648 -2147483648 -2147483648 -2147483648 -2147483648 -2147483648 -2147483648 -2147483648 -2147483648 -2147483648 -2147483648 -2147483648 -2147483648 -2147483648 -2147483648 -2147483648 -2147483648 -2147483648 -2147483648 -2147483648 -2147483648 -2147483648 -2147483648 -2147483648 -2147483648 -2147483648 -2147483648 -2147483648 -2147483648 -2147483648 -2147483648 -2147483648 -2147483648 -2147483648 -2147483648 -2147483648 -2147483648 -2147483648 -2147483648
split_feature= 1 1 6 1 6 6 7 8 8 7 2 6 7 8 6 6 8 7 8 2 2 7 1 1 6 8 8 7 8 2 8 7 8 8 7 8 4 7 7
split_gain= 1613.5 481.858 225.938 222.627 134.849 84.4003 61.7893 76.4914 68.0866 61.853 59.324 51.1273 44.8007 48.7395 39.6549 35.4447 34.0765 26.293 20.9425 19.3109 16.5303 16.5287 13.2203 11.8693 11.5693 10.3175 9.17815 22.1209 7.99926 6.95224 6.13152 9.73668 7.95116 5.13017 3.34434 2.83105 1.04692 0.604019 0.284741
threshold= 5.2771000000000017 3.5488500000000003 2.4469862317432325 7.2638000000000007 2.2352443515477258 2.7472725830126556 34.455000000000005 -117.77499999999999 -121.63499999999998 38.675000000000004 19.500000000000004 1.9628175980828908 37.915000000000006 -122.31499999999998 3.442186331338819 2.9742256672023202 -117.145 37.935000000000009 -122.38499999999998 16.500000000000004 42.500000000000007 34.455000000000005 9.1688500000000008 6.1273500000000007 2.2038024706228287 -120.09499999999998 -117.50499999999998 34.655000000000008 -118.35499999999998 28.500000000000004 -121.48499999999999 34.525000000000013 -117.79499999999999 -117.16499999999998 35.955000000000005 -117.16499999999998 1.0835581867240742 33.675000000000004 37.915000000000006
decision_type= 2 2 2 2 2 2 2 2 2 2 2 2 2 2 2 2 2 2 2 2 2 2 2 2 2 2 2 2 2 2 2 2 2 2 2 2 2 2 2
left_child=1 4 10 5 12 19 7 14 9 18 -3 36 13 -1 28 20 21 33 -8 -2 26 -15 29 -7 -21 34 27 -4 -6 -5 38 32 -32 -13 -10 -26 -12 -28 -17
right_child=3 2 15 22 6 23 8 -9 25 -11 11 17 -14 16 -16 30 -18 -19 -20 24 -22 -23 -24 -25 35 -27 37 -29 -30 -31 31 -33 -34 -35 -36 -37 -38 -39 -40
leaf_value= 0.088740779532726577 0.03543639023021302 0.0084371720363888205 0.025305638535199255 0.083192564712842809 0.027497246460091752 0.019537314929755883 0.024405439336295812 -0.049473922387458562 -0.013323110742917794 -0.061571134873875159 0.086596243257323902 0.058599796425776868 -0.037769578336272397 0.024368406551831472 -0.029397197478983835 0.015622051121365808 -0.047822344442254604 -0.0080627014155945052 -0.021886462711389422 0.12426778886999404 0.038317215852554126 -0.012447600241926936 0.134866507885224 0.048332120879268435 0.078189139604092073 -0.071897969692518979 -0.009135031119095768 -0.0062010979157087337 -0.0060594549698679782 0.12258571660119383 -0.0039771442942586896 -0.043139587730931295 -0.032381153592418242 -0.038552798926830292 -0.0540239183866843 -0.023231150011997673 0.13823036371455105 -0.061262854576110838 -0.023418612613156437
leaf_weight=89 170 382 627 341 240 748 205 1075 110 445 135 619 350 588 1148 303 162 115 711 126 274 349 304 506 563 868 157 822 865 209 796 330 391 20 1065 15.999999999999998 88 75 125
leaf_count=89 170 382 627 341 240 748 205 1075 110 445 135 619 350 588 1148 303 162 115 711 126 274 349 304 506 563 868 157 822 865 209 796 330 391 20 1065 16 88 75 125
model_size=4400
internal_value=0 -0.0147379 0.00924802 0.0668418 -0.0299909 0.0490374 -0.0363845 -0.0257135 -0.0468172 -0.0278893 0.0453663 0.0598053 -0.00200535 0.00853125 -0.0143764 -0.0033378 0.00203566 0.0458554 -0.0115264 0.0746637 0.00779506 0.0106557 0.111228 0.0311563 0.0841227 -0.0594266 0.00282 0.00743225 0.00122888 0.098162 -0.0145279 -0.0198173 -0.0133335 0.055559 -0.0502136 0.0753865 0.106972 -0.0259867 0.00421999
internal_weight=0 13529 5259 2983 8270 2129 6732 3328 3404 1361 1359 977 1538 1188 2253 3900 1099 754 916 875 1955 937 854 1254 705 2043 1681 1449 1105 550 1945 1517 1187 639 1175 579 223 232 428
internal_count=16512 13529 5259 2983 8270 2129 6732 3328 3404 1361 1359 977 1538 1188 2253 3900 1099 754 916 875 1955 937 854 1254 705 2043 1681 1449 1105 550 1945 1517 1187 639 1175 579 223 232 428
is_linear=0
shrinkage=0.1


Tree=8
num_leaves= 32
num_cat= 0
full_tree_array_lgbids= 0 2 1 6 3 4 7 -1 20 8 5 11 22 12 -9 -2147483648 -2147483648 -8 25 -4 15 9 16 -2 13 29 -24 -3 -14 -2147483648 -2147483648 -2147483648 -2147483648 -2147483648 -2147483648 -2147483648 -2147483648 28 -27 -2147483648 -2147483648 21 -17 10 -11 17 -18 -2147483648 -2147483648 -13 23 -6 30 -2147483648 -2147483648 -2147483648 -2147483648 -2147483648 -2147483648 -2147483648 -2147483648 -2147483648 -2147483648 -2147483648 -2147483648 -2147483648 -2147483648 -2147483648 -2147483648 -2147483648 -2147483648 -2147483648 -2147483648 -2147483648 -2147483648 -22 -30 -2147483648 -2147483648 -2147483648 -2147483648 -2147483648 -2147483648 -10 26 -2147483648 -2147483648 -5 14 -2147483648 -2147483648 19 18 -2147483648 -2147483648 -2147483648 -2147483648 -2147483648 -2147483648 -2147483648 -2147483648 27 24 -2147483648 -2147483648 -31 -32 -2147483648 -2147483648 -2147483648 -2147483648 -2147483648 -2147483648 -2147483648 -2147483648 -2147483648 -2147483648 -2147483648 -2147483648 -2147483648 -2147483648 -2147483648 -2147483648 -2147483648 -2147483648 -2147483648 -2147483648 -2147483648 -2147483648 -2147483648 -2147483648 -2147483648 -2147483648 -2147483648 -2147483648 -2147483648 -2147483648 -2147483648 -2147483648 -2147483648 -2147483648 -2147483648 -2147483648 -2147483648 -2147483648 -2147483648 -2147483648 -2147483648 -2147483648 -2147483648 -2147483648 -2147483648 -2147483648 -2147483648 -2147483648 -2147483648 -2147483648 -2147483648 -2147483648 -2147483648 -2147483648 -2147483648 -2147483648 -2147483648 -2147483648 -2147483648 -2147483648 -2147483648 -2147483648 -23 -28 -2147483648 -2147483648 -2147483648 -2147483648 -2147483648 -2147483648 -12 -16 -2147483648 -2147483648 -2147483648 -2147483648 -7 -21 -19 -20 -2147483648 -2147483648 -2147483648 -2147483648 -2147483648 -2147483648 -2147483648 -2147483648 -2147483648 -2147483648 -2147483648 -2147483648 -2147483648 -2147483648 -2147483648 -2147483648 -15 -29 -25 -26 -2147483648 -2147483648 -2147483648 -2147483648 -2147483648 -2147483648 -2147483648 -2147483648 -2147483648 -2147483648 -2147483648 -2147483648 -2147483648 -2147483648 -2147483648 -2147483648 -2147483648 -2147483648 -2147483648 -2147483648 -2147483648 -2147483648 -2147483648 -2147483648 -2147483648 -2147483648 -2147483648 -2147483648 -2147483648 -2147483648 -2147483648 -2147483648 -2147483648 -2147483648 -2147483648 -2147483648 -2147483648 -2147483648 -2147483648 -2147483648 -2147483648 -2147483648 -2147483648 -2147483648 -2147483648 -2147483648 -2147483648 -2147483648
split_feature= 1 1 1 6 6 6 3 1 2 7 8 2 2 6 8 7 8 7 8 6 1 8 1 7 8 7 1 8 8 8 7
split_gain= 1328.4 332.668 246.636 199.85 102.381 56.9323 53.4809 42.2215 37.5531 35.2608 57.2599 24.817 23.0343 21.8147 18.3081 16.7597 15.0984 23.4954 48.6438 14.6134 10.0395 9.87509 8.7187 5.252 6.39706 5.00914 4.94916 4.64971 1.29118 1.07824 0.748434
threshold= 4.5301500000000017 6.3963500000000009 2.5205000000000006 2.0653737590585881 2.735488224282792 2.5949646725452555 3.5590287573586119 8.0125000000000011 21.500000000000004 37.935000000000009 -122.33499999999999 21.500000000000004 26.500000000000004 2.0653737590585881 -117.69499999999998 37.815000000000005 -117.75499999999998 34.525000000000013 -121.56499999999998 3.7262884683064175 1.9486000000000003 -122.40499999999999 5.6851000000000012 37.925000000000004 -122.38499999999998 35.335000000000008 3.8769000000000005 -118.30499999999999 -118.35499999999998 -122.19499999999998 37.975000000000001
decision_type= 2 2 2 2 2 2 2 2 2 2 2 2 2 2 2 2 2 2 2 2 2 2 2 2 2 2 2 2 2 2 2
left_child=2 4 6 8 11 9 -1 12 -4 10 -5 -2 -3 -13 -12 21 17 19 -19 -7 -8 -10 29 27 -25 28 -23 -15 -22 -6 -31
right_child=1 7 3 5 22 16 20 -9 15 -11 14 13 -14 23 -16 -17 -18 18 -20 -21 25 26 -24 24 -26 -27 -28 -29 -30 30 -32
leaf_value= -0.011534955883616525 0.024880814899173709 0.053645455433782574 0.0044587930704747007 0.086368450749534795 0.03894167849226151 0.0019446200743402958 -0.05547252559126168 0.11130351035135125 0.11908341355729796 -0.024515318602608624 0.011689204083305293 0.11227801596949333 0.095963681895117003 0.069711281932374039 -0.025084637045264931 0.0019009005847907758 -0.037493053105196371 -0.0084264405458878734 -0.043061321335142705 -0.024958561728771717 0.0072197271930885369 0.04585728544630318 0.029600073589421919 0.0739651999690316 -0.023951985628033679 -0.047738593784299704 0.098639658171547739 0.034974828923346621 -0.032379321670649872 0.0059915013938667914 -0.027795377026858005
leaf_weight=716 433 522 306 114 123 1263 1371 548 69 548 1199 119 342 505 298 93 828 1026 1063 575 112 359 526 33 60 952 84 223 760 1197 145
leaf_count=716 433 522 306 114 123 1263 1371 548 69 548 1199 119 342 505 298 93 828 1026 1063 575 112 359 526 33 60 952 84 223 760 1197 145
model_size=3504
internal_value=0 0.0446942 -0.0181884 -0.00765507 0.0272422 -0.0136545 -0.0392633 0.0862725 0.0378775 0.00136718 0.0101714 0.0496299 0.0703964 0.0610302 0.00436883 0.0547802 -0.0204751 -0.0168869 -0.0260506 -0.00647177 -0.0454772 0.0643853 0.0118036 0.0536021 0.0107928 -0.0379643 0.0558657 0.0590709 -0.0272932 0.00541387 0.00234091
internal_weight=0 4776 11736 7825 3364 6914 3911 1412 911 2159 1611 1373 864 940 1497 605 4755 3927 2089 1838 3195 512 1991 821 93 1824 443 728 872 1465 1342
internal_count=16512 4776 11736 7825 3364 6914 3911 1412 911 2159 1611 1373 864 940 1497 605 4755 3927 2089 1838 3195 512 1991 821 93 1824 443 728 872 1465 1342
is_linear=0
shrinkage=0.1


Tree=9
num_leaves= 36
num_cat= 0
full_tree_array_lgbids= 0 2 1 5 4 3 8 -1 24 17 6 7 9 20 -10 -2147483648 -2147483648 25 27 -4 23 10 22 -2 19 14 -11 -3 -22 -2147483648 -2147483648 -2147483648 -2147483648 -2147483648 -2147483648 -7 -27 32 -29 -2147483648 -2147483648 26 -25 12 11 -8 -24 -2147483648 -2147483648 -9 28 30 15 -2147483648 -2147483648 -2147483648 -2147483648 -2147483648 -2147483648 -2147483648 -2147483648 -2147483648 -2147483648 -2147483648 -2147483648 -2147483648 -2147483648 -2147483648 -2147483648 -2147483648 -2147483648 -2147483648 -2147483648 -2147483648 -2147483648 33 -34 -2147483648 -2147483648 -2147483648 -2147483648 -2147483648 -2147483648 31 -28 -2147483648 -2147483648 34 18 13 16 -2147483648 -2147483648 -2147483648 -2147483648 -2147483648 -2147483648 -2147483648 -2147483648 -2147483648 -2147483648 -21 29 -5 -32 21 -17 -2147483648 -2147483648 -2147483648 -2147483648 -2147483648 -2147483648 -2147483648 -2147483648 -2147483648 -2147483648 -2147483648 -2147483648 -2147483648 -2147483648 -2147483648 -2147483648 -2147483648 -2147483648 -2147483648 -2147483648 -2147483648 -2147483648 -2147483648 -2147483648 -2147483648 -2147483648 -2147483648 -2147483648 -2147483648 -2147483648 -2147483648 -2147483648 -2147483648 -2147483648 -2147483648 -2147483648 -2147483648 -2147483648 -2147483648 -2147483648 -2147483648 -2147483648 -2147483648 -2147483648 -26 -35 -2147483648 -2147483648 -2147483648 -2147483648 -2147483648 -2147483648 -2147483648 -2147483648 -2147483648 -2147483648 -2147483648 -2147483648 -2147483648 -2147483648 -19 -33 -2147483648 -2147483648 -2147483648 -2147483648 -2147483648 -2147483648 -6 -36 -14 -20 -12 -15 -13 -18 -2147483648 -2147483648 -2147483648 -2147483648 -2147483648 -2147483648 -2147483648 -2147483648 -2147483648 -2147483648 -2147483648 -2147483648 -2147483648 -2147483648 -2147483648 -2147483648 -2147483648 -2147483648 -2147483648 -2147483648 -2147483648 -2147483648 -30 -31 -2147483648 -2147483648 -2147483648 -2147483648 -16 -23 -2147483648 -2147483648 -2147483648 -2147483648 -2147483648 -2147483648 -2147483648 -2147483648 -2147483648 -2147483648 -2147483648 -2147483648 -2147483648 -2147483648 -2147483648 -2147483648 -2147483648 -2147483648 -2147483648 -2147483648 -2147483648 -2147483648 -2147483648 -2147483648 -2147483648 -2147483648 -2147483648 -2147483648 -2147483648 -2147483648 -2147483648 -2147483648 -2147483648 -2147483648 -2147483648 -2147483648 -2147483648 -2147483648 -2147483648 -2147483648 -2147483648 -2147483648
split_feature= 1 1 1 6 6 3 2 2 1 6 7 8 8 7 8 7 8 2 8 6 2 8 8 7 7 8 8 8 7 8 7 7 6 7 7
split_gain= 1079.76 338.494 142.702 132.499 128.293 40.5832 36.12 35.1603 34.3188 29.9057 19.2156 66.366 48.9071 32.3131 18.4343 22.7144 17.9567 16.9417 14.603 14.332 14.0682 11.8083 10.0985 7.77082 7.27783 14.6492 7.13771 5.93893 2.82968 10.6572 1.33554 1.16147 0.318599 4.99283 0.247277
threshold= 4.125700000000001 6.3350000000000009 2.5205000000000006 2.4469862317432325 2.0376051459673437 3.3654435698213785 51.500000000000007 16.500000000000004 7.852450000000001 3.1336552646136835 34.455000000000005 -121.675 -118.30499999999999 37.925000000000004 -122.21499999999999 37.615000000000002 -119.94499999999998 22.500000000000004 -117.56499999999998 2.0653737590585881 25.500000000000004 -118.22499999999998 -122.40499999999999 37.815000000000005 34.455000000000005 -118.35499999999998 -118.36499999999999 -119.84499999999998 37.615000000000002 -122.43499999999999 37.595000000000006 34.145000000000003 2.4337234561333516 37.795000000000009 34.165000000000006
decision_type= 2 2 2 2 2 2 2 2 2 2 2 2 2 2 2 2 2 2 2 2 2 2 2 2 2 2 2 2 2 2 2 2 2 2 2
left_child=2 3 5 7 17 -1 10 -2 20 14 12 13 34 -12 30 21 -13 -4 -14 -9 -3 -16 -8 26 25 -7 31 32 -21 -30 -5 -19 33 -26 -6
right_child=1 8 4 9 6 24 22 19 -10 -11 11 16 18 -15 15 -17 -18 23 -20 28 -22 -23 -24 -25 27 -27 -28 -29 29 -31 -32 -33 -34 -35 -36
leaf_value= -0.0057446976936000446 0.012246502381855283 0.045576405639165186 0.0029991078285837736 0.098925759413396014 0.036851764368788842 0.020746525939024402 0.062021326998283513 0.095996329200192632 0.098270948205987363 -0.0045052282279648822 0.013361255362926925 -0.030940908227325183 -0.0094047201164059596 -0.026308512364087974 0.033887959099208609 -0.013264133067867265 -0.062598995047748698 0.11402427425531492 -0.033277537995620936 0.065505053992518339 0.082348660984520206 0.0083310553155020919 0.0039494711381596924 -0.0040645097778808023 0.014305413310085575 -0.034782400608478793 0.028623906649692461 -0.064921929146134358 0.081677647143143461 -0.00061457452253047711 0.039244940014960608 0.058068712876732542 -0.048639175923979552 -0.036641446180888784 0.005170554631556982
leaf_weight=542 220 495 254 56 260 102 107 228 609 1248 602 990 1476 590 813 390 483 73 784 379 370 803 231 74 93 1361 172 485 56 112 221 163 921 407 342
leaf_count=542 220 495 254 56 260 102 107 228 609 1248 602 990 1476 590 813 390 483 73 784 379 370 803 231 74 93 1361 172 485 56 112 221 163 921 407 342
model_size=3952
internal_value=0 0.0340746 -0.019449 0.0202322 -0.0100355 -0.0353369 -0.015246 0.0541838 0.0765782 0.010665 -0.0175442 -0.0256455 -0.0100004 -0.00627395 0.0189578 0.0144904 -0.0413217 0.0314854 -0.0176863 0.0660886 0.0613056 0.0211886 0.0223332 0.0464969 -0.0400977 -0.0309109 0.0556674 -0.0471493 0.0536225 0.0268162 0.0513104 0.075377 -0.0410833 -0.0271653 0.0188535
internal_weight=0 6000 10512 4526 6601 3911 5865 995 1474 3531 5527 2665 2862 1192 2283 2006 1473 736 2260 775 865 1616 338 482 3369 1463 408 1906 547 168 277 236 1421 500 602
internal_count=16512 6000 10512 4526 6601 3911 5865 995 1474 3531 5527 2665 2862 1192 2283 2006 1473 736 2260 775 865 1616 338 482 3369 1463 408 1906 547 168 277 236 1421 500 602
is_linear=0
shrinkage=0.1


Tree=10
num_leaves= 29
num_cat= 0
full_tree_array_lgbids= 0 1 3 4 2 5 26 15 8 6 13 25 23 -5 27 16 -17 9 10 7 -8 21 19 -2 -27 -7 -25 -2147483648 -2147483648 -28 -29 -1 17 -2147483648 -2147483648 -6 18 11 -12 12 -9 -2147483648 -2147483648 -4 -23 -15 -21 -2147483648 -2147483648 -2147483648 -2147483648 -2147483648 -2147483648 -2147483648 -2147483648 -2147483648 -2147483648 -2147483648 -2147483648 -2147483648 -2147483648 -2147483648 -2147483648 -2147483648 -2147483648 24 -19 -2147483648 -2147483648 -2147483648 -2147483648 -2147483648 -2147483648 22 -20 20 -13 -2147483648 -2147483648 -3 14 -2147483648 -2147483648 -2147483648 -2147483648 -2147483648 -2147483648 -2147483648 -2147483648 -2147483648 -2147483648 -2147483648 -2147483648 -2147483648 -2147483648 -2147483648 -2147483648 -2147483648 -2147483648 -2147483648 -2147483648 -2147483648 -2147483648 -2147483648 -2147483648 -2147483648 -2147483648 -2147483648 -2147483648 -2147483648 -2147483648 -2147483648 -2147483648 -2147483648 -2147483648 -2147483648 -2147483648 -2147483648 -2147483648 -2147483648 -2147483648 -2147483648 -2147483648 -2147483648 -2147483648 -2147483648 -2147483648 -2147483648 -2147483648 -2147483648 -2147483648 -18 -26 -2147483648 -2147483648 -2147483648 -2147483648 -2147483648 -2147483648 -2147483648 -2147483648 -2147483648 -2147483648 -2147483648 -2147483648 -2147483648 -2147483648 -11 -24 -2147483648 -2147483648 -10 -22 -2147483648 -2147483648 -2147483648 -2147483648 -2147483648 -2147483648 -2147483648 -2147483648 -14 -16 -2147483648 -2147483648 -2147483648 -2147483648 -2147483648 -2147483648 -2147483648 -2147483648 -2147483648 -2147483648 -2147483648 -2147483648 -2147483648 -2147483648 -2147483648 -2147483648 -2147483648 -2147483648 -2147483648 -2147483648 -2147483648 -2147483648 -2147483648 -2147483648 -2147483648 -2147483648 -2147483648 -2147483648 -2147483648 -2147483648 -2147483648 -2147483648 -2147483648 -2147483648 -2147483648 -2147483648 -2147483648 -2147483648 -2147483648 -2147483648 -2147483648 -2147483648 -2147483648 -2147483648 -2147483648 -2147483648 -2147483648 -2147483648 -2147483648 -2147483648 -2147483648 -2147483648 -2147483648 -2147483648 -2147483648 -2147483648 -2147483648 -2147483648 -2147483648 -2147483648 -2147483648 -2147483648 -2147483648 -2147483648 -2147483648 -2147483648 -2147483648 -2147483648 -2147483648 -2147483648 -2147483648 -2147483648 -2147483648 -2147483648 -2147483648 -2147483648 -2147483648 -2147483648 -2147483648 -2147483648 -2147483648 -2147483648 -2147483648 -2147483648 -2147483648 -2147483648 -2147483648 -2147483648 -2147483648 -2147483648 -2147483648 -2147483648
split_feature= 1 1 6 1 6 6 7 8 7 8 8 7 2 8 6 7 8 8 8 1 8 7 6 6 7 7 3 8
split_gain= 886.583 309.977 139.197 70.4545 62.807 35.8786 33.8742 32.7461 27.0417 39.8982 27.9539 33.5224 23.37 16.0489 15.9474 15.1888 20.5998 11.9823 11.5109 10.8305 10.5599 4.63472 3.6648 3.22613 2.74723 2.43268 2.23299 0.38462
threshold= 5.6042500000000013 3.4883000000000002 2.5288691539219195 7.7055000000000016 2.2352443515477258 2.5949646725452555 37.935000000000009 -117.16499999999998 34.455000000000005 -118.29499999999999 -121.63499999999998 37.895000000000003 19.500000000000004 -122.26499999999999 1.9628175980828908 37.935000000000009 -122.33499999999999 -117.145 -117.50499999999998 4.5993500000000003 -122.31499999999998 38.895000000000003 3.1424162072895592 3.1424162072895592 34.455000000000005 37.955000000000005 5.396289833514504 -118.00499999999998
decision_type= 2 2 2 2 2 2 2 2 2 2 2 2 2 2 2 2 2 2 2 2 2 2 2 2 2 2 2 2
left_child=1 4 6 5 15 25 7 12 9 -6 11 20 -3 21 -14 16 -1 24 22 -15 -10 -4 -11 -7 -18 -2 -5 -28
right_child=3 2 13 26 8 23 -8 -9 10 18 -12 -13 14 19 -16 -17 17 -19 -20 -21 -22 -23 -24 -25 -26 -27 27 -29
leaf_value= 0.072913691165819264 0.077514773002093973 0.014778148607361688 0.030780143639188868 -0.044268732666969304 0.0066921316299500856 0.043808750800259026 -0.0080121676554729421 -0.037871294553521312 0.03820673472574506 -0.0014954689630621654 -0.044856303957819296 -0.039382358030217918 0.08300212615887162 -0.01217439305760769 0.042707170972908881 -0.028362332601690771 0.018521942233882597 -0.037385040216878815 -0.039784141481111826 0.0047937422561329882 -0.011632637821664838 -0.053985612366814165 -0.025159859910121641 0.0188495726998444 -0.010435119142968451 -0.00055762707526164673 0.097923785115688528 0.062468253578544554
leaf_weight=74 452 388 357 9.9999999999999982 645 771 269 79 133 471 1989 705 244 2350 904 343 568 158 911 1474 475 30 1194 482 345 31 493 167
leaf_count=74 452 388 357 10 645 771 269 79 133 471 1989 705 244 2350 904 343 568 158 911 1474 475 30 1194 482 345 31 493 167
model_size=3168
internal_value=0 -0.00965173 0.00775582 0.0565866 -0.0228959 0.0448626 0.0315534 0.0381436 -0.02761 -0.0194574 -0.0355626 -0.0214841 0.0420532 -0.00289121 0.0512716 -0.00223062 0.00559749 0.000946322 -0.0260049 -0.00563385 -0.000730275 0.0242092 -0.0184656 0.0342075 0.00757979 0.0725039 0.0869641 0.0889525
internal_weight=0 14106 6095 2406 8011 1736 1884 1615 6523 3221 3302 1313 1536 4211 1148 1488 1145 1071 2576 3824 608 387 1665 1253 913 483 670 660
internal_count=16512 14106 6095 2406 8011 1736 1884 1615 6523 3221 3302 1313 1536 4211 1148 1488 1145 1071 2576 3824 608 387 1665 1253 913 483 670 660
is_linear=0
shrinkage=0.1


Tree=11
num_leaves= 24
num_cat= 0
full_tree_array_lgbids= 0 1 3 4 2 5 -5 16 7 6 9 -2 18 -2147483648 -2147483648 -1 17 10 12 -3 8 14 -11 -2147483648 -2147483648 21 -20 -2147483648 -2147483648 -2147483648 -2147483648 -2147483648 -2147483648 -18 -19 -6 -12 -9 -14 -2147483648 -2147483648 11 -10 15 -16 -2147483648 -2147483648 -2147483648 -2147483648 -2147483648 -2147483648 22 -23 -2147483648 -2147483648 -2147483648 -2147483648 -2147483648 -2147483648 -2147483648 -2147483648 -2147483648 -2147483648 -2147483648 -2147483648 -2147483648 -2147483648 -2147483648 -2147483648 -2147483648 -2147483648 -2147483648 -2147483648 -2147483648 -2147483648 -2147483648 -2147483648 -2147483648 -2147483648 -2147483648 -2147483648 -2147483648 -2147483648 13 -13 -2147483648 -2147483648 20 19 -2147483648 -2147483648 -2147483648 -2147483648 -2147483648 -2147483648 -2147483648 -2147483648 -2147483648 -2147483648 -2147483648 -2147483648 -2147483648 -2147483648 -7 -24 -2147483648 -2147483648 -2147483648 -2147483648 -2147483648 -2147483648 -2147483648 -2147483648 -2147483648 -2147483648 -2147483648 -2147483648 -2147483648 -2147483648 -2147483648 -2147483648 -2147483648 -2147483648 -2147483648 -2147483648 -2147483648 -2147483648 -2147483648 -2147483648 -2147483648 -2147483648 -2147483648 -2147483648 -2147483648 -2147483648 -2147483648 -2147483648 -2147483648 -2147483648 -2147483648 -2147483648 -2147483648 -2147483648 -2147483648 -2147483648 -2147483648 -2147483648 -2147483648 -2147483648 -2147483648 -2147483648 -2147483648 -2147483648 -2147483648 -2147483648 -2147483648 -2147483648 -2147483648 -2147483648 -2147483648 -2147483648 -2147483648 -2147483648 -2147483648 -2147483648 -2147483648 -2147483648 -8 -15 -2147483648 -2147483648 -2147483648 -2147483648 -2147483648 -2147483648 -4 -22 -17 -21 -2147483648 -2147483648 -2147483648 -2147483648 -2147483648 -2147483648 -2147483648 -2147483648 -2147483648 -2147483648 -2147483648 -2147483648 -2147483648 -2147483648 -2147483648 -2147483648 -2147483648 -2147483648 -2147483648 -2147483648 -2147483648 -2147483648 -2147483648 -2147483648 -2147483648 -2147483648 -2147483648 -2147483648 -2147483648 -2147483648 -2147483648 -2147483648 -2147483648 -2147483648 -2147483648 -2147483648 -2147483648 -2147483648 -2147483648 -2147483648 -2147483648 -2147483648 -2147483648 -2147483648 -2147483648 -2147483648 -2147483648 -2147483648 -2147483648 -2147483648 -2147483648 -2147483648 -2147483648 -2147483648 -2147483648 -2147483648 -2147483648 -2147483648 -2147483648 -2147483648 -2147483648 -2147483648 -2147483648 -2147483648 -2147483648 -2147483648 -2147483648 -2147483648 -2147483648 -2147483648 -2147483648 -2147483648 -2147483648 -2147483648 -2147483648 -2147483648
split_feature= 1 1 6 1 6 6 2 1 7 6 3 8 3 6 7 8 2 1 6 7 8 8 7
split_gain= 716.153 222.443 119.363 75.2977 42.2738 31.4739 27.0145 24.9445 19.6641 16.7927 14.422 13.5662 9.58507 8.80469 5.65938 16.0999 4.0563 3.72037 2.92421 2.17404 1.72041 0.945769 3.3199
threshold= 5.3736000000000006 3.3277500000000004 2.4469862317432325 7.2638000000000007 2.0376051459673437 2.5219735498882589 16.500000000000004 2.2210000000000005 37.815000000000005 2.9137341371666818 3.4845502266762112 -117.16499999999998 4.6437571666840416 1.9322222929778572 37.875000000000007 -118.01499999999999 27.500000000000004 1.7274500000000004 3.0375944537846187 34.015000000000008 -122.27499999999999 -117.87499999999999 37.615000000000002
decision_type= 2 2 2 2 2 2 2 2 2 2 2 2 2 2 2 2 2 2 2 2 2 2 2
left_child=1 4 6 5 16 -2 -3 10 11 14 -6 13 -9 -8 15 20 -1 -18 21 -17 -4 22 -7
right_child=3 2 9 -5 7 18 8 12 -10 -11 -12 -13 -14 -15 -16 19 17 -19 -20 -21 -22 -23 -24
leaf_value= -0.011768078588089613 0.062952123709109339 -0.0023609509379312796 0.060174577367026361 0.073868813884645737 -0.010643271598657418 0.054568032498881307 0.075773973430059566 -0.0096468820489762387 0.0035509832580799179 -0.011446013404850434 -0.039965898609246153 -0.039605053189473279 -0.025514269332710272 0.039872937301648537 -0.013284354691122531 0.00041767898117300146 -0.031456560664452037 0.028364745131753008 0.013892897912099997 -0.044578547486680227 0.016260519729533584 0.0075174595415158354 0.016265411220256831
leaf_weight=438 453 337 100 854 424 459 254 1767 248 2566 2048 39 2344 770 474 362 65 344 683 118 1021 161 183
leaf_count=438 453 337 100 854 424 459 254 1767 248 2566 2048 39 2344 770 474 362 65 344 683 118 1021 161 183
model_size=2608
internal_value=0 -0.00949951 0.00482307 0.0466608 -0.0216226 0.0346776 0.029423 -0.0247933 0.0375933 -0.00391228 -0.0349365 0.0455354 -0.0186941 0.0487781 0.00540414 0.0109372 0.00302052 0.0188577 0.0260582 -0.0106439 0.0201779 0.0364055 0.04365
internal_weight=0 13719 6289 2793 7430 1939 1648 6583 1311 4641 2472 1063 4111 1024 2075 1601 847 409 1486 480 1121 803 642
internal_count=16512 13719 6289 2793 7430 1939 1648 6583 1311 4641 2472 1063 4111 1024 2075 1601 847 409 1486 480 1121 803 642
is_linear=0
shrinkage=0.1


Tree=12
num_leaves= 26
num_cat= 0
full_tree_array_lgbids= 0 2 1 7 3 4 10 -1 21 5 15 -2 8 -3 -12 -2147483648 -2147483648 -9 -23 6 -7 16 17 -2147483648 -2147483648 24 9 -2147483648 -2147483648 -2147483648 -2147483648 -2147483648 -2147483648 -2147483648 -2147483648 -2147483648 -2147483648 -2147483648 -2147483648 -4 12 -2147483648 -2147483648 -5 -18 20 18 -2147483648 -2147483648 -2147483648 -2147483648 -6 -26 11 -11 -2147483648 -2147483648 -2147483648 -2147483648 -2147483648 -2147483648 -2147483648 -2147483648 -2147483648 -2147483648 -2147483648 -2147483648 -2147483648 -2147483648 -2147483648 -2147483648 -2147483648 -2147483648 -2147483648 -2147483648 -2147483648 -2147483648 -2147483648 -2147483648 -2147483648 -2147483648 13 23 -2147483648 -2147483648 -2147483648 -2147483648 -2147483648 -2147483648 -2147483648 -2147483648 -17 -22 19 -20 -2147483648 -2147483648 -2147483648 -2147483648 -2147483648 -2147483648 -2147483648 -2147483648 -2147483648 -2147483648 -2147483648 -2147483648 22 14 -2147483648 -2147483648 -2147483648 -2147483648 -2147483648 -2147483648 -2147483648 -2147483648 -2147483648 -2147483648 -2147483648 -2147483648 -2147483648 -2147483648 -2147483648 -2147483648 -2147483648 -2147483648 -2147483648 -2147483648 -2147483648 -2147483648 -2147483648 -2147483648 -2147483648 -2147483648 -2147483648 -2147483648 -2147483648 -2147483648 -2147483648 -2147483648 -2147483648 -2147483648 -2147483648 -2147483648 -2147483648 -2147483648 -2147483648 -2147483648 -2147483648 -2147483648 -2147483648 -2147483648 -2147483648 -2147483648 -2147483648 -2147483648 -2147483648 -2147483648 -2147483648 -2147483648 -2147483648 -2147483648 -8 -15 -14 -25 -2147483648 -2147483648 -2147483648 -2147483648 -2147483648 -2147483648 -2147483648 -2147483648 -2147483648 -2147483648 -2147483648 -2147483648 -2147483648 -2147483648 -2147483648 -2147483648 -2147483648 -2147483648 -2147483648 -2147483648 -19 -21 -2147483648 -2147483648 -2147483648 -2147483648 -2147483648 -2147483648 -2147483648 -2147483648 -2147483648 -2147483648 -2147483648 -2147483648 -2147483648 -2147483648 -2147483648 -2147483648 -2147483648 -2147483648 -2147483648 -2147483648 -2147483648 -2147483648 -2147483648 -2147483648 -2147483648 -2147483648 -10 -24 -13 -16 -2147483648 -2147483648 -2147483648 -2147483648 -2147483648 -2147483648 -2147483648 -2147483648 -2147483648 -2147483648 -2147483648 -2147483648 -2147483648 -2147483648 -2147483648 -2147483648 -2147483648 -2147483648 -2147483648 -2147483648 -2147483648 -2147483648 -2147483648 -2147483648 -2147483648 -2147483648 -2147483648 -2147483648 -2147483648 -2147483648 -2147483648 -2147483648 -2147483648 -2147483648 -2147483648 -2147483648
split_feature= 1 1 1 6 6 7 8 3 8 7 2 8 8 7 7 8 7 7 8 7 8 1 6 7 7
split_gain= 592.267 135.22 103.2 84.7824 39.9972 21.0064 34.4888 21.0024 15.9893 16.034 15.4399 12.6131 11.3734 40.6421 4.72533 3.14624 9.5027 9.27134 32.0879 25.4299 20.0427 2.42196 2.15753 1.20115 0.799153
threshold= 4.5301500000000017 6.3963500000000009 2.5894500000000007 2.4530432249902163 2.3578464509898605 37.985000000000007 -122.40499999999999 3.3654435698213785 -122.24499999999999 37.485000000000007 21.500000000000004 -117.77499999999999 -117.895 34.455000000000005 33.925000000000004 -122.40499999999999 38.735000000000007 34.655000000000008 -120.09499999999998 37.595000000000006 -118.28499999999998 1.8344000000000003 2.993309165771572 33.695000000000007 37.615000000000002
decision_type= 2 2 2 2 2 2 2 2 2 2 2 2 2 2 2 2 2 2 2 2 2 2 2 2 2
left_child=2 4 7 5 -2 6 -4 -1 24 11 -3 22 13 -8 -13 16 -5 20 19 -19 -17 -9 -10 -14 -6
right_child=1 10 3 15 8 -7 12 21 9 -11 -12 14 23 -15 -16 17 -18 18 -20 -21 -22 -23 -24 -25 -26
leaf_value= -0.0017384341432490444 0.049003500626198244 0.039897951139122353 0.070487308391738085 0.025389117017210295 0.0924797778674325 -0.016360514548553143 0.039963566789546434 -0.039779502041402875 0.031579404204567299 -0.013487071922352887 0.070272903633764219 0.0070044782295128746 0.0058696377400880347 -0.0019984088170510064 -0.038995908905837873 0.013311193569870093 -0.036978212874171072 0.0090724825648325885 -0.053067786808368635 -0.025696917952029386 -0.013856645028101598 -0.024453057659501433 0.010098739429535418 -0.03731499310481929 0.032345196048473121
leaf_weight=565 514 590 172 272 61 362 704 1169 851 491 822 338 275 599 141 633 88 506 414 1091 2233 2510 757 143 211
leaf_count=565 514 590 172 272 61 362 704 1169 851 491 822 338 275 599 141 633 88 506 414 1091 2233 2510 757 143 211
model_size=2832
internal_value=0 0.0300929 -0.0122464 -0.00465325 0.0185552 0.0130451 0.0186684 -0.0256507 0.0130638 0.00960658 0.0575808 0.0150397 0.0134895 0.0206733 -0.00653635 -0.012274 0.0101438 -0.0139288 -0.0225832 -0.0146804 -0.00785621 -0.029323 0.0214669 -0.00890405 0.0458313
internal_weight=0 4776 11736 7492 3364 2255 1893 4244 2850 2578 1412 2087 1721 1303 479 5237 360 4877 2011 1597 2866 3679 1608 418 272
internal_count=16512 4776 11736 7492 3364 2255 1893 4244 2850 2578 1412 2087 1721 1303 479 5237 360 4877 2011 1597 2866 3679 1608 418 272
is_linear=0
shrinkage=0.1


Tree=13
num_leaves= 24
num_cat= 0
full_tree_array_lgbids= 0 2 1 4 12 3 10 5 -6 19 -14 11 13 14 -12 -1 6 -2147483648 -2147483648 22 -21 -2147483648 -2147483648 -2 21 15 -15 20 -16 -2147483648 -2147483648 -2147483648 -2147483648 7 -8 -2147483648 -2147483648 -2147483648 -2147483648 -4 -24 -2147483648 -2147483648 -2147483648 -2147483648 -2147483648 -2147483648 -2147483648 -2147483648 -13 -23 -5 16 -2147483648 -2147483648 -3 -22 -2147483648 -2147483648 -2147483648 -2147483648 -2147483648 -2147483648 -2147483648 -2147483648 -2147483648 -2147483648 9 8 -2147483648 -2147483648 -2147483648 -2147483648 -2147483648 -2147483648 -2147483648 -2147483648 -2147483648 -2147483648 -2147483648 -2147483648 -2147483648 -2147483648 -2147483648 -2147483648 -2147483648 -2147483648 -2147483648 -2147483648 -2147483648 -2147483648 -2147483648 -2147483648 -2147483648 -2147483648 -2147483648 -2147483648 -2147483648 -2147483648 -2147483648 -2147483648 -2147483648 -2147483648 -2147483648 -2147483648 18 17 -2147483648 -2147483648 -2147483648 -2147483648 -2147483648 -2147483648 -2147483648 -2147483648 -2147483648 -2147483648 -2147483648 -2147483648 -2147483648 -2147483648 -2147483648 -2147483648 -2147483648 -2147483648 -2147483648 -2147483648 -2147483648 -2147483648 -2147483648 -2147483648 -2147483648 -2147483648 -2147483648 -2147483648 -7 -11 -9 -10 -2147483648 -2147483648 -2147483648 -2147483648 -2147483648 -2147483648 -2147483648 -2147483648 -2147483648 -2147483648 -2147483648 -2147483648 -2147483648 -2147483648 -2147483648 -2147483648 -2147483648 -2147483648 -2147483648 -2147483648 -2147483648 -2147483648 -2147483648 -2147483648 -2147483648 -2147483648 -2147483648 -2147483648 -2147483648 -2147483648 -2147483648 -2147483648 -2147483648 -2147483648 -2147483648 -2147483648 -2147483648 -2147483648 -2147483648 -2147483648 -2147483648 -2147483648 -2147483648 -2147483648 -2147483648 -2147483648 -2147483648 -2147483648 -2147483648 -2147483648 -2147483648 -2147483648 -2147483648 -2147483648 -2147483648 -2147483648 -2147483648 -2147483648 -2147483648 -2147483648 -2147483648 -2147483648 -2147483648 -2147483648 -2147483648 -2147483648 -2147483648 -2147483648 -2147483648 -2147483648 -2147483648 -2147483648 -17 -20 -18 -19 -2147483648 -2147483648 -2147483648 -2147483648 -2147483648 -2147483648 -2147483648 -2147483648 -2147483648 -2147483648 -2147483648 -2147483648 -2147483648 -2147483648 -2147483648 -2147483648 -2147483648 -2147483648 -2147483648 -2147483648 -2147483648 -2147483648 -2147483648 -2147483648 -2147483648 -2147483648 -2147483648 -2147483648 -2147483648 -2147483648 -2147483648 -2147483648 -2147483648 -2147483648 -2147483648 -2147483648 -2147483648 -2147483648 -2147483648 -2147483648
split_feature= 1 1 6 6 7 8 8 7 8 8 1 2 1 2 6 8 7 8 8 7 7 4 8
split_gain= 482.104 139.059 64.9535 54.9616 46.7179 47.4718 23.9139 29.3567 56.828 41.5935 13.0367 12.3252 11.1047 9.75833 9.56024 4.39682 24.8512 35.5709 17.6381 3.6971 2.45809 2.13133 0.710658
threshold= 4.125700000000001 6.2770500000000009 2.5763869593405579 2.4469862317432325 37.935000000000009 -122.31499999999998 -117.145 34.595000000000006 -120.56499999999998 -118.30499999999999 8.7395500000000013 16.500000000000004 2.5205000000000006 47.500000000000007 2.8629972339304532 -121.85499999999998 34.655000000000008 -120.09499999999998 -118.33499999999999 35.335000000000008 37.615000000000002 0.96771928234867721 -117.46499999999999
decision_type= 2 2 2 2 2 2 2 2 2 2 2 2 2 2 2 2 2 2 2 2 2 2 2
left_child=2 3 4 11 5 -1 7 9 -9 -7 14 -2 19 15 20 -5 18 -18 -17 22 -3 -13 -4
right_child=1 10 12 13 -6 6 -8 8 -10 -11 -12 21 -14 -15 -16 16 17 -19 -20 -21 -22 -23 -24
leaf_value= 0.059433580004892607 0.0052377761580840983 0.067070424025838168 -0.013584189448204408 0.01965432707474507 -0.022311152990836362 0.044149960702768914 -0.029742407448820632 0.008654148150850088 -0.053057003979172027 0.0015012760417347278 0.075454494909268532 0.0020791772062725882 -0.014667776906397596 0.053452253455327725 0.027155770591148012 0.032086060813744557 -0.0066288009222877911 -0.076809726316315038 0.00072209037888991304 -0.038174987165382292 0.024936439233674654 0.05217248302466674 -0.038121652231257033
leaf_weight=211 219 464 1079 778 1068 541 349 625 280 790 365 85 4051 118 565 460 517 134 1473 1118 142 680 400
leaf_count=211 219 464 1079 778 1068 541 349 625 280 790 365 85 4051 118 565 460 517 134 1473 1118 142 680 400
model_size=2608
internal_value=0 0.0230081 -0.0131325 0.0135536 -0.00156416 0.00636066 0.0020286 0.00698749 -0.0104388 0.0188363 0.0504854 0.0373995 -0.0198563 0.00681094 0.0427025 0.00517391 0.0008141 -0.0210746 0.00818584 -0.0279498 0.0571974 0.0466066 -0.0202204
internal_weight=0 6000 10512 4464 3864 2796 2585 2236 905 1331 1536 984 6648 3480 1171 3362 2584 651 1933 2597 606 765 1479
internal_count=16512 6000 10512 4464 3864 2796 2585 2236 905 1331 1536 984 6648 3480 1171 3362 2584 651 1933 2597 606 765 1479
is_linear=0
shrinkage=0.1


Tree=14
num_leaves= 23
num_cat= 0
full_tree_array_lgbids= 0 1 4 3 2 9 -6 5 10 7 -4 21 19 -2147483648 -2147483648 6 -7 11 12 8 -9 -2147483648 -2147483648 -2 -23 20 -21 -2147483648 -2147483648 -2147483648 -2147483648 -1 16 -2147483648 -2147483648 18 -13 13 -14 14 -10 -2147483648 -2147483648 -2147483648 -2147483648 -2147483648 -2147483648 -2147483648 -2147483648 -2147483648 -2147483648 -11 -22 -2147483648 -2147483648 -2147483648 -2147483648 -2147483648 -2147483648 -2147483648 -2147483648 -2147483648 -2147483648 -2147483648 -2147483648 17 -18 -2147483648 -2147483648 -2147483648 -2147483648 -5 -20 -2147483648 -2147483648 -12 -15 -2147483648 -2147483648 -3 15 -2147483648 -2147483648 -2147483648 -2147483648 -2147483648 -2147483648 -2147483648 -2147483648 -2147483648 -2147483648 -2147483648 -2147483648 -2147483648 -2147483648 -2147483648 -2147483648 -2147483648 -2147483648 -2147483648 -2147483648 -2147483648 -2147483648 -2147483648 -2147483648 -2147483648 -2147483648 -2147483648 -2147483648 -2147483648 -2147483648 -2147483648 -2147483648 -2147483648 -2147483648 -2147483648 -2147483648 -2147483648 -2147483648 -2147483648 -2147483648 -2147483648 -2147483648 -2147483648 -2147483648 -2147483648 -2147483648 -2147483648 -2147483648 -2147483648 -2147483648 -8 -19 -2147483648 -2147483648 -2147483648 -2147483648 -2147483648 -2147483648 -2147483648 -2147483648 -2147483648 -2147483648 -2147483648 -2147483648 -2147483648 -2147483648 -2147483648 -2147483648 -2147483648 -2147483648 -2147483648 -2147483648 -2147483648 -2147483648 -2147483648 -2147483648 -2147483648 -2147483648 -2147483648 -2147483648 -16 -17 -2147483648 -2147483648 -2147483648 -2147483648 -2147483648 -2147483648 -2147483648 -2147483648 -2147483648 -2147483648 -2147483648 -2147483648 -2147483648 -2147483648 -2147483648 -2147483648 -2147483648 -2147483648 -2147483648 -2147483648 -2147483648 -2147483648 -2147483648 -2147483648 -2147483648 -2147483648 -2147483648 -2147483648 -2147483648 -2147483648 -2147483648 -2147483648 -2147483648 -2147483648 -2147483648 -2147483648 -2147483648 -2147483648 -2147483648 -2147483648 -2147483648 -2147483648 -2147483648 -2147483648 -2147483648 -2147483648 -2147483648 -2147483648 -2147483648 -2147483648 -2147483648 -2147483648 -2147483648 -2147483648 -2147483648 -2147483648 -2147483648 -2147483648 -2147483648 -2147483648 -2147483648 -2147483648 -2147483648 -2147483648 -2147483648 -2147483648 -2147483648 -2147483648 -2147483648 -2147483648 -2147483648 -2147483648 -2147483648 -2147483648 -2147483648 -2147483648 -2147483648 -2147483648 -2147483648 -2147483648 -2147483648 -2147483648 -2147483648 -2147483648 -2147483648 -2147483648 -2147483648 -2147483648 -2147483648 -2147483648 -2147483648 -2147483648
split_feature= 1 1 6 6 1 7 8 8 7 6 7 8 8 7 2 6 8 7 6 8 7 7
split_gain= 392.95 134.511 50.4115 30.7472 22.669 14.8068 16.3108 12.1373 13.4499 10.0559 7.90973 14.1521 10.6467 15.8922 5.76169 9.00164 2.34212 12.8317 1.74742 1.63991 4.56831 1.00427
threshold= 5.6042500000000013 3.6530500000000008 2.6829812717770039 2.4839226633581473 7.7055000000000016 38.475000000000001 -122.35499999999998 -117.145 37.935000000000009 2.4530432249902163 34.715000000000011 -117.675 -120.62499999999999 37.895000000000003 16.500000000000004 2.0653737590585881 -117.22499999999998 34.455000000000005 4.0313335151349889 -122.02499999999999 37.615000000000002 37.955000000000005
decision_type= 2 2 2 2 2 2 2 2 2 2 2 2 2 2 2 2 2 2 2 2 2 2
left_child=1 3 7 5 9 6 -1 8 14 21 11 18 13 -12 -3 -16 17 -8 -5 20 -11 -2
right_child=4 2 -4 10 -6 -7 16 -9 -10 19 12 -13 -14 -15 15 -17 -18 -19 -20 -21 -22 -23
leaf_value= 0.041595268783803194 0.062797492113413997 0.0034684475285194499 -0.0025480524811883499 -0.0014583070018833605 0.058902436182486695 -0.02590179151991593 0.015469385280081694 -0.031071578745097625 -0.0052561232625532531 0.085265937104526138 -0.0049316881993675772 -0.029286455901338895 -0.041299804657582574 -0.031734123945627933 0.058795308160646015 0.02628035412386286 -0.02363181347589877 -0.011239378931076361 -0.021539762209466254 0.018958827281292685 0.025640300489850811 -0.054313664776938303
leaf_weight=191 290 310 3199 1609 670 530 853 106 326 101 836 919 890 1036 321 1114 356 840 670 1172 159 13.999999999999998
leaf_count=191 290 310 3199 1609 670 530 853 106 326 101 836 919 890 1036 321 1114 356 840 670 1172 159 14
model_size=2496
internal_value=0 -0.00650957 0.0067088 -0.0146495 0.0381646 -0.00376963 0.001467 0.0203113 0.0229413 0.0301609 -0.0197061 -0.0136624 -0.0267039 -0.0197647 0.0282091 0.0335537 -0.00227361 0.00221755 -0.00736203 0.0243774 0.0488026 0.0574042
internal_weight=0 14106 5376 8730 2406 2770 2240 2177 2071 1736 5960 3198 2762 1872 1745 1435 2049 1693 2279 1432 260 304
internal_count=16512 14106 5376 8730 2406 2770 2240 2177 2071 1736 5960 3198 2762 1872 1745 1435 2049 1693 2279 1432 260 304
is_linear=0
shrinkage=0.1


Tree=15
num_leaves= 15
num_cat= 0
full_tree_array_lgbids= 0 1 2 3 13 9 -4 4 -5 -3 -15 -2 12 -2147483648 -2147483648 -1 5 -2147483648 -2147483648 -2147483648 -2147483648 -2147483648 -2147483648 -2147483648 -2147483648 -11 -14 -2147483648 -2147483648 -2147483648 -2147483648 -2147483648 -2147483648 6 7 -2147483648 -2147483648 -2147483648 -2147483648 -2147483648 -2147483648 -2147483648 -2147483648 -2147483648 -2147483648 -2147483648 -2147483648 -2147483648 -2147483648 -2147483648 -2147483648 -2147483648 -2147483648 -2147483648 -2147483648 -2147483648 -2147483648 -2147483648 -2147483648 -2147483648 -2147483648 -2147483648 -2147483648 -2147483648 -2147483648 -2147483648 -2147483648 10 11 8 -9 -2147483648 -2147483648 -2147483648 -2147483648 -2147483648 -2147483648 -2147483648 -2147483648 -2147483648 -2147483648 -2147483648 -2147483648 -2147483648 -2147483648 -2147483648 -2147483648 -2147483648 -2147483648 -2147483648 -2147483648 -2147483648 -2147483648 -2147483648 -2147483648 -2147483648 -2147483648 -2147483648 -2147483648 -2147483648 -2147483648 -2147483648 -2147483648 -2147483648 -2147483648 -2147483648 -2147483648 -2147483648 -2147483648 -2147483648 -2147483648 -2147483648 -2147483648 -2147483648 -2147483648 -2147483648 -2147483648 -2147483648 -2147483648 -2147483648 -2147483648 -2147483648 -2147483648 -2147483648 -2147483648 -2147483648 -2147483648 -2147483648 -2147483648 -2147483648 -2147483648 -2147483648 -2147483648 -2147483648 -2147483648 -6 -12 -8 -13 -7 -10 -2147483648 -2147483648 -2147483648 -2147483648 -2147483648 -2147483648 -2147483648 -2147483648 -2147483648 -2147483648 -2147483648 -2147483648 -2147483648 -2147483648 -2147483648 -2147483648 -2147483648 -2147483648 -2147483648 -2147483648 -2147483648 -2147483648 -2147483648 -2147483648 -2147483648 -2147483648 -2147483648 -2147483648 -2147483648 -2147483648 -2147483648 -2147483648 -2147483648 -2147483648 -2147483648 -2147483648 -2147483648 -2147483648 -2147483648 -2147483648 -2147483648 -2147483648 -2147483648 -2147483648 -2147483648 -2147483648 -2147483648 -2147483648 -2147483648 -2147483648 -2147483648 -2147483648 -2147483648 -2147483648 -2147483648 -2147483648 -2147483648 -2147483648 -2147483648 -2147483648 -2147483648 -2147483648 -2147483648 -2147483648 -2147483648 -2147483648 -2147483648 -2147483648 -2147483648 -2147483648 -2147483648 -2147483648 -2147483648 -2147483648 -2147483648 -2147483648 -2147483648 -2147483648 -2147483648 -2147483648 -2147483648 -2147483648 -2147483648 -2147483648 -2147483648 -2147483648 -2147483648 -2147483648 -2147483648 -2147483648 -2147483648 -2147483648 -2147483648 -2147483648 -2147483648 -2147483648 -2147483648 -2147483648 -2147483648 -2147483648 -2147483648 -2147483648 -2147483648 -2147483648 -2147483648 -2147483648 -2147483648 -2147483648 -2147483648 -2147483648 -2147483648 -2147483648 -2147483648 -2147483648
split_feature= 1 6 1 7 8 7 8 8 7 6 7 8 6 1
split_gain= 318.078 60.3848 55.6973 48.2494 44.0984 22.4997 74.3442 52.4237 51.5193 22.0171 13.3784 3.23559 3.10766 2.16598
threshold= 4.6970000000000001 2.8079590171801518 6.8672000000000013 38.475000000000001 -122.35499999999998 34.455000000000005 -118.27499999999999 -120.56499999999998 37.595000000000006 2.3578464509898605 34.155000000000008 -117.13499999999998 3.1424162072895592 2.2336500000000004
decision_type= 2 2 2 2 2 2 2 2 2 2 2 2 2 2
left_child=1 3 9 4 -1 6 10 8 -7 -2 -6 -8 -11 -3
right_child=2 13 -4 -5 5 7 11 -9 -10 12 -12 -13 -14 -15
leaf_value= 0.038900290557424638 0.043448407415607765 -0.025972656119028294 0.047128444798324315 -0.023008280368010475 0.048407459072708159 0.031022580170656511 0.0018761903004734808 -0.040156707378714102 -0.015351063318405772 0.018020350306253301 0.010631121409608535 -0.022712172295981804 -0.0004732412875698411 -0.013057932555778732
leaf_weight=467 473 1641 1040 1080 577 512 1264 559 869 1905 351 479 898 4397
leaf_count=467 473 1641 1040 1080 577 512 1264 559 869 1905 351 479 898 4397
model_size=1600
internal_value=0 -0.0084838 0.0239732 -0.000557262 0.00421767 0.000705029 0.00866904 -0.0102599 0.00184177 0.0166224 0.0341192 -0.00488102 0.0120955 -0.0165679
internal_weight=0 12196 4316 6158 5078 4611 2671 1940 1381 3276 928 1743 2803 6038
internal_count=16512 12196 4316 6158 5078 4611 2671 1940 1381 3276 928 1743 2803 6038
is_linear=0
shrinkage=0.1


Tree=16
num_leaves= 17
num_cat= 0
full_tree_array_lgbids= 0 3 1 15 5 2 4 -1 -17 -5 8 7 6 10 14 -2147483648 -2147483648 -2147483648 -2147483648 -2147483648 -2147483648 9 -10 -2 -9 -4 -8 -3 -12 -6 -16 -2147483648 -2147483648 -2147483648 -2147483648 -2147483648 -2147483648 -2147483648 -2147483648 -2147483648 -2147483648 -2147483648 -2147483648 -7 11 -2147483648 -2147483648 -2147483648 -2147483648 -2147483648 -2147483648 -2147483648 -2147483648 -2147483648 -2147483648 -2147483648 -2147483648 -2147483648 -2147483648 -2147483648 -2147483648 -2147483648 -2147483648 -2147483648 -2147483648 -2147483648 -2147483648 -2147483648 -2147483648 -2147483648 -2147483648 -2147483648 -2147483648 -2147483648 -2147483648 -2147483648 -2147483648 -2147483648 -2147483648 -2147483648 -2147483648 -2147483648 -2147483648 -2147483648 -2147483648 -2147483648 -2147483648 -2147483648 -2147483648 13 12 -2147483648 -2147483648 -2147483648 -2147483648 -2147483648 -2147483648 -2147483648 -2147483648 -2147483648 -2147483648 -2147483648 -2147483648 -2147483648 -2147483648 -2147483648 -2147483648 -2147483648 -2147483648 -2147483648 -2147483648 -2147483648 -2147483648 -2147483648 -2147483648 -2147483648 -2147483648 -2147483648 -2147483648 -2147483648 -2147483648 -2147483648 -2147483648 -2147483648 -2147483648 -2147483648 -2147483648 -2147483648 -2147483648 -2147483648 -2147483648 -2147483648 -2147483648 -2147483648 -2147483648 -2147483648 -2147483648 -2147483648 -2147483648 -2147483648 -2147483648 -2147483648 -2147483648 -2147483648 -2147483648 -2147483648 -2147483648 -2147483648 -2147483648 -2147483648 -2147483648 -2147483648 -2147483648 -2147483648 -2147483648 -2147483648 -2147483648 -2147483648 -2147483648 -2147483648 -2147483648 -2147483648 -2147483648 -2147483648 -2147483648 -2147483648 -2147483648 -2147483648 -2147483648 -2147483648 -2147483648 -2147483648 -2147483648 -2147483648 -2147483648 -2147483648 -2147483648 -2147483648 -2147483648 -11 -15 -13 -14 -2147483648 -2147483648 -2147483648 -2147483648 -2147483648 -2147483648 -2147483648 -2147483648 -2147483648 -2147483648 -2147483648 -2147483648 -2147483648 -2147483648 -2147483648 -2147483648 -2147483648 -2147483648 -2147483648 -2147483648 -2147483648 -2147483648 -2147483648 -2147483648 -2147483648 -2147483648 -2147483648 -2147483648 -2147483648 -2147483648 -2147483648 -2147483648 -2147483648 -2147483648 -2147483648 -2147483648 -2147483648 -2147483648 -2147483648 -2147483648 -2147483648 -2147483648 -2147483648 -2147483648 -2147483648 -2147483648 -2147483648 -2147483648 -2147483648 -2147483648 -2147483648 -2147483648 -2147483648 -2147483648 -2147483648 -2147483648 -2147483648 -2147483648 -2147483648 -2147483648 -2147483648 -2147483648 -2147483648 -2147483648 -2147483648 -2147483648 -2147483648 -2147483648 -2147483648 -2147483648 -2147483648 -2147483648
split_feature= 1 1 6 6 2 1 6 2 7 8 1 7 8 8 5 2
split_gain= 262.975 86.2382 26.5778 21.4814 12.445 7.92314 4.73375 3.69855 2.02114 15.7566 1.94253 1.76345 14.1188 13.5844 1.27506 0.668514
threshold= 3.8346500000000003 5.8308000000000009 2.2734093974820149 2.0231950334409352 26.500000000000004 2.0474000000000006 3.1336552646136835 16.500000000000004 39.355000000000011 -122.38499999999998 9.1688500000000008 34.455000000000005 -120.09499999999998 -118.30499999999999 170.50000000000003 27.500000000000004
decision_type= 2 2 2 2 2 2 2 2 2 2 2 2 2 2 2 2
left_child=3 2 7 15 10 -5 -4 -2 9 -7 -3 13 -13 -11 -6 -1
right_child=1 4 6 5 14 8 -8 -9 -10 11 -12 12 -14 -15 -16 -17
leaf_value= -0.0055037989475716226 -0.00049329104035028396 0.018999682772735942 0.0083480571918057075 -0.023893920919472081 -0.032183048257540016 0.019780219936810103 -0.0073242434087649874 0.039990738964804762 -0.034625609872203131 0.01356205964579762 0.059272566872561799 -0.01111215205906721 -0.036607944635559865 -0.010935873595514626 0.050796198563146058 0.021540107374997862
leaf_weight=542 175 1080 2874 1877 29 376 1368 547 329 661 139 1917 667 2601 846 484
leaf_count=542 175 1080 2874 1877 29 376 1368 547 329 661 139 1917 667 2601 846 484
model_size=1824
internal_value=0 0.0150978 0.00720414 -0.0112714 0.0338103 -0.0135266 0.00329391 0.0301781 -0.0105562 -0.00928348 0.0235919 -0.0111528 -0.0176933 -0.0059717 0.048046 0.00725376
internal_weight=0 7058 4964 9454 2094 8428 4242 722 6551 6222 1219 5846 2584 3262 875 1026
internal_count=16512 7058 4964 9454 2094 8428 4242 722 6551 6222 1219 5846 2584 3262 875 1026
is_linear=0
shrinkage=0.1


Tree=17
num_leaves= 18
num_cat= 0
full_tree_array_lgbids= 0 3 1 4 -5 2 5 7 -6 -2147483648 -2147483648 16 11 6 -7 10 8 -2147483648 -2147483648 -2147483648 -2147483648 -2147483648 -2147483648 -2 -18 -4 12 15 -8 -2147483648 -2147483648 -1 -12 9 -10 -2147483648 -2147483648 -2147483648 -2147483648 -2147483648 -2147483648 -2147483648 -2147483648 -2147483648 -2147483648 -2147483648 -2147483648 -2147483648 -2147483648 -2147483648 -2147483648 -2147483648 -2147483648 13 -14 -3 -17 -2147483648 -2147483648 -2147483648 -2147483648 -2147483648 -2147483648 -2147483648 -2147483648 -2147483648 -2147483648 -9 -11 -2147483648 -2147483648 -2147483648 -2147483648 -2147483648 -2147483648 -2147483648 -2147483648 -2147483648 -2147483648 -2147483648 -2147483648 -2147483648 -2147483648 -2147483648 -2147483648 -2147483648 -2147483648 -2147483648 -2147483648 -2147483648 -2147483648 -2147483648 -2147483648 -2147483648 -2147483648 -2147483648 -2147483648 -2147483648 -2147483648 -2147483648 -2147483648 -2147483648 -2147483648 -2147483648 -2147483648 -2147483648 -2147483648 -13 14 -2147483648 -2147483648 -2147483648 -2147483648 -2147483648 -2147483648 -2147483648 -2147483648 -2147483648 -2147483648 -2147483648 -2147483648 -2147483648 -2147483648 -2147483648 -2147483648 -2147483648 -2147483648 -2147483648 -2147483648 -2147483648 -2147483648 -2147483648 -2147483648 -2147483648 -2147483648 -2147483648 -2147483648 -2147483648 -2147483648 -2147483648 -2147483648 -2147483648 -2147483648 -2147483648 -2147483648 -2147483648 -2147483648 -2147483648 -2147483648 -2147483648 -2147483648 -2147483648 -2147483648 -2147483648 -2147483648 -2147483648 -2147483648 -2147483648 -2147483648 -2147483648 -2147483648 -2147483648 -2147483648 -2147483648 -2147483648 -2147483648 -2147483648 -2147483648 -2147483648 -2147483648 -2147483648 -2147483648 -2147483648 -2147483648 -2147483648 -2147483648 -2147483648 -2147483648 -2147483648 -2147483648 -2147483648 -2147483648 -2147483648 -2147483648 -2147483648 -2147483648 -2147483648 -2147483648 -2147483648 -2147483648 -2147483648 -2147483648 -2147483648 -2147483648 -2147483648 -2147483648 -2147483648 -2147483648 -2147483648 -2147483648 -2147483648 -2147483648 -2147483648 -2147483648 -2147483648 -2147483648 -2147483648 -2147483648 -2147483648 -2147483648 -2147483648 -2147483648 -2147483648 -2147483648 -2147483648 -2147483648 -2147483648 -15 -16 -2147483648 -2147483648 -2147483648 -2147483648 -2147483648 -2147483648 -2147483648 -2147483648 -2147483648 -2147483648 -2147483648 -2147483648 -2147483648 -2147483648 -2147483648 -2147483648 -2147483648 -2147483648 -2147483648 -2147483648 -2147483648 -2147483648 -2147483648 -2147483648 -2147483648 -2147483648 -2147483648 -2147483648 -2147483648 -2147483648 -2147483648 -2147483648 -2147483648 -2147483648 -2147483648 -2147483648
split_feature= 1 1 6 6 7 7 8 8 7 8 7 8 7 8 7 6 2
split_gain= 209.275 66.1175 17.8516 17.3751 15.9013 8.98486 11.1841 3.7455 24.2517 25.6591 2.908 2.8378 6.72343 4.95393 57.8428 2.44741 0.502993
threshold= 3.8346500000000003 5.8308000000000009 2.2634687595142249 2.8024658054711251 39.355000000000011 38.155000000000008 -117.86499999999999 -121.87499999999999 35.335000000000008 -118.21499999999999 37.805000000000007 -122.24499999999999 37.615000000000002 -121.30499999999999 35.335000000000008 3.0089663118548242 16.500000000000004
decision_type= 2 2 2 2 2 2 2 2 2 2 2 2 2 2 2 2 2
left_child=3 2 16 4 7 6 15 10 9 -9 -1 -4 13 -13 -15 -3 -2
right_child=1 5 11 -5 -6 -7 -8 8 -10 -11 -12 12 -14 14 -16 -17 -18
leaf_value= 0.024647393543861591 -0.0014141248912163821 0.046839865358948289 0.023244776925523597 -0.01627146500101281 -0.032203085610476384 -0.029662892148727932 0.010207125688280111 0.020993338128559233 -0.021168950628225422 -0.0086898399167966781 -0.0033598038522270552 0.025082962265188493 -0.016557038384751609 0.0052825091058940595 -0.063385013471266002 0.021892531561157245 0.036715622188842577
leaf_weight=554 171 1081 461 4741 394 73 456 819 1134 1281 531 464 699 2462 173 484 534
leaf_count=554 171 1081 461 4741 394 73 456 819 1134 1281 531 464 699 2462 173 484 534
model_size=1936
internal_value=0 0.013588 0.00648373 -0.0101443 -0.00398072 0.0304293 0.0325999 -0.00140614 -0.00554846 0.0028866 0.0109406 0.00301031 0.000554253 0.00441382 0.000774167 0.0391245 0.0274671
internal_weight=0 7058 4964 9454 4713 2094 2021 4319 3234 2100 1085 4259 3798 3099 2635 1565 705
internal_count=16512 7058 4964 9454 4713 2094 2021 4319 3234 2100 1085 4259 3798 3099 2635 1565 705
is_linear=0
shrinkage=0.1


Tree=18
num_leaves= 15
num_cat= 0
full_tree_array_lgbids= 0 1 3 13 2 4 5 -1 -15 7 -4 6 11 -5 -7 -2147483648 -2147483648 -2147483648 -2147483648 8 -9 -2147483648 -2147483648 12 -8 -6 -13 -2147483648 -2147483648 -2147483648 -2147483648 -2147483648 -2147483648 -2147483648 -2147483648 -2147483648 -2147483648 -2147483648 -2147483648 9 -10 -2147483648 -2147483648 -2147483648 -2147483648 -2147483648 -2147483648 -2 -14 -2147483648 -2147483648 -2147483648 -2147483648 -2147483648 -2147483648 -2147483648 -2147483648 -2147483648 -2147483648 -2147483648 -2147483648 -2147483648 -2147483648 -2147483648 -2147483648 -2147483648 -2147483648 -2147483648 -2147483648 -2147483648 -2147483648 -2147483648 -2147483648 -2147483648 -2147483648 -2147483648 -2147483648 -2147483648 -2147483648 -3 10 -2147483648 -2147483648 -2147483648 -2147483648 -2147483648 -2147483648 -2147483648 -2147483648 -2147483648 -2147483648 -2147483648 -2147483648 -2147483648 -2147483648 -2147483648 -2147483648 -2147483648 -2147483648 -2147483648 -2147483648 -2147483648 -2147483648 -2147483648 -2147483648 -2147483648 -2147483648 -2147483648 -2147483648 -2147483648 -2147483648 -2147483648 -2147483648 -2147483648 -2147483648 -2147483648 -2147483648 -2147483648 -2147483648 -2147483648 -2147483648 -2147483648 -2147483648 -2147483648 -2147483648 -2147483648 -2147483648 -2147483648 -2147483648 -2147483648 -2147483648 -2147483648 -2147483648 -2147483648 -2147483648 -2147483648 -2147483648 -2147483648 -2147483648 -2147483648 -2147483648 -2147483648 -2147483648 -2147483648 -2147483648 -2147483648 -2147483648 -2147483648 -2147483648 -2147483648 -2147483648 -2147483648 -2147483648 -2147483648 -2147483648 -2147483648 -2147483648 -2147483648 -2147483648 -2147483648 -2147483648 -11 -12 -2147483648 -2147483648 -2147483648 -2147483648 -2147483648 -2147483648 -2147483648 -2147483648 -2147483648 -2147483648 -2147483648 -2147483648 -2147483648 -2147483648 -2147483648 -2147483648 -2147483648 -2147483648 -2147483648 -2147483648 -2147483648 -2147483648 -2147483648 -2147483648 -2147483648 -2147483648 -2147483648 -2147483648 -2147483648 -2147483648 -2147483648 -2147483648 -2147483648 -2147483648 -2147483648 -2147483648 -2147483648 -2147483648 -2147483648 -2147483648 -2147483648 -2147483648 -2147483648 -2147483648 -2147483648 -2147483648 -2147483648 -2147483648 -2147483648 -2147483648 -2147483648 -2147483648 -2147483648 -2147483648 -2147483648 -2147483648 -2147483648 -2147483648 -2147483648 -2147483648 -2147483648 -2147483648 -2147483648 -2147483648 -2147483648 -2147483648 -2147483648 -2147483648 -2147483648 -2147483648 -2147483648 -2147483648 -2147483648 -2147483648 -2147483648 -2147483648 -2147483648 -2147483648 -2147483648 -2147483648 -2147483648 -2147483648 -2147483648 -2147483648 -2147483648 -2147483648 -2147483648 -2147483648 -2147483648 -2147483648 -2147483648 -2147483648
split_feature= 1 1 6 7 8 8 6 2 7 8 7 7 4 3
split_gain= 167.593 37.4277 22.9876 14.9697 18.3457 5.41529 5.37822 2.81445 2.23632 11.8566 4.07 1.67529 0.589023 0.421375
threshold= 5.1326000000000009 2.8762500000000002 2.8273651247857257 37.955000000000005 -117.85499999999998 -122.40499999999999 3.102783329035586 51.500000000000007 37.615000000000002 -122.01499999999999 34.655000000000008 33.885000000000012 1.0003353454057682 4.2015099382944241
decision_type= 2 2 2 2 2 2 2 2 2 2 2 2 2 2
left_child=1 13 7 4 6 -5 12 8 9 -3 -11 -6 -2 -1
right_child=3 2 -4 5 11 -7 -8 -9 -10 10 -12 -13 -14 -15
leaf_value= -0.0056789907089207919 0.021072849965593721 0.050707781823495258 -0.0078251198694089964 0.039789051083991167 0.013567740608947261 -0.030392382478087468 0.013627300159217535 0.029126765458082127 -0.0063847806639241757 0.011495386708126828 -0.01274277749608751 -0.026638405001756928 0.043675966332835471 -0.017851235544809319
leaf_weight=2109 561 169 3569 65 505 198 644 393 1200 1977 483 168 1158 3313
leaf_count=2109 561 169 3569 65 505 198 644 393 1200 1977 483 168 1158 3313
model_size=1600
internal_value=0 -0.00530687 0.000128156 0.0212548 0.0242263 -0.0130472 0.0301204 0.00685133 0.00456503 0.00956304 0.00673643 0.00353114 0.0362994 -0.0131166
internal_weight=0 13213 7791 3299 3036 263 2363 4222 3829 2629 2460 673 1719 5422
internal_count=16512 13213 7791 3299 3036 263 2363 4222 3829 2629 2460 673 1719 5422
is_linear=0
shrinkage=0.1


Tree=19
num_leaves= 12
num_cat= 0
full_tree_array_lgbids= 0 3 1 4 -5 2 -3 -1 -6 -2147483648 -2147483648 6 5 -2147483648 -2147483648 -2147483648 -2147483648 -2147483648 -2147483648 -2147483648 -2147483648 -2147483648 -2147483648 -2 7 10 -7 -2147483648 -2147483648 -2147483648 -2147483648 -2147483648 -2147483648 -2147483648 -2147483648 -2147483648 -2147483648 -2147483648 -2147483648 -2147483648 -2147483648 -2147483648 -2147483648 -2147483648 -2147483648 -2147483648 -2147483648 -2147483648 -2147483648 8 -9 -4 -12 -2147483648 -2147483648 -2147483648 -2147483648 -2147483648 -2147483648 -2147483648 -2147483648 -2147483648 -2147483648 -2147483648 -2147483648 -2147483648 -2147483648 -2147483648 -2147483648 -2147483648 -2147483648 -2147483648 -2147483648 -2147483648 -2147483648 -2147483648 -2147483648 -2147483648 -2147483648 -2147483648 -2147483648 -2147483648 -2147483648 -2147483648 -2147483648 -2147483648 -2147483648 -2147483648 -2147483648 -2147483648 -2147483648 -2147483648 -2147483648 -2147483648 -2147483648 -2147483648 -2147483648 -2147483648 -2147483648 -8 9 -2147483648 -2147483648 -2147483648 -2147483648 -2147483648 -2147483648 -2147483648 -2147483648 -2147483648 -2147483648 -2147483648 -2147483648 -2147483648 -2147483648 -2147483648 -2147483648 -2147483648 -2147483648 -2147483648 -2147483648 -2147483648 -2147483648 -2147483648 -2147483648 -2147483648 -2147483648 -2147483648 -2147483648 -2147483648 -2147483648 -2147483648 -2147483648 -2147483648 -2147483648 -2147483648 -2147483648 -2147483648 -2147483648 -2147483648 -2147483648 -2147483648 -2147483648 -2147483648 -2147483648 -2147483648 -2147483648 -2147483648 -2147483648 -2147483648 -2147483648 -2147483648 -2147483648 -2147483648 -2147483648 -2147483648 -2147483648 -2147483648 -2147483648 -2147483648 -2147483648 -2147483648 -2147483648 -2147483648 -2147483648 -2147483648 -2147483648 -2147483648 -2147483648 -2147483648 -2147483648 -2147483648 -2147483648 -2147483648 -2147483648 -2147483648 -2147483648 -2147483648 -2147483648 -2147483648 -2147483648 -2147483648 -2147483648 -2147483648 -2147483648 -2147483648 -2147483648 -2147483648 -2147483648 -2147483648 -2147483648 -2147483648 -2147483648 -2147483648 -2147483648 -2147483648 -2147483648 -2147483648 -2147483648 -2147483648 -2147483648 -10 -11 -2147483648 -2147483648 -2147483648 -2147483648 -2147483648 -2147483648 -2147483648 -2147483648 -2147483648 -2147483648 -2147483648 -2147483648 -2147483648 -2147483648 -2147483648 -2147483648 -2147483648 -2147483648 -2147483648 -2147483648 -2147483648 -2147483648 -2147483648 -2147483648 -2147483648 -2147483648 -2147483648 -2147483648 -2147483648 -2147483648 -2147483648 -2147483648 -2147483648 -2147483648 -2147483648 -2147483648 -2147483648 -2147483648 -2147483648 -2147483648 -2147483648 -2147483648 -2147483648 -2147483648 -2147483648 -2147483648 -2147483648 -2147483648 -2147483648 -2147483648 -2147483648 -2147483648
split_feature= 1 1 4 6 7 6 8 7 8 8 2
split_gain= 135.799 39.7215 14.4556 6.8694 6.4336 4.25015 3.88351 3.35671 12.7265 2.62917 2.25223
threshold= 3.8346500000000003 6.5626000000000007 1.0469524392733212 2.8024658054711251 39.355000000000011 3.1424162072895592 -122.33499999999999 37.595000000000006 -122.03499999999998 -117.77499999999999 11.500000000000002
decision_type= 2 2 2 2 2 2 2 2 2 2 2
left_child=3 2 6 4 -1 10 -2 8 -8 -10 -4
right_child=1 -3 5 -5 -6 -7 7 -9 9 -11 -12
leaf_value= -0.00089933390159121465 0.028489994360022725 0.030511812142228242 -0.0026212266368455576 -0.013581526110805856 -0.027456368041357149 -0.0026716512835058383 0.052133283464115915 -0.018988466736473864 0.0046721048459406221 -0.018567293690641324 0.026340284683284448
leaf_weight=4319 272 1288 305 4741 394 512 122 609 1934 506 1510
leaf_count=4319 272 1288 305 4741 394 512 122 609 1934 506 1510
model_size=1264
internal_value=0 0.011206 0.0068965 -0.00836599 -0.00311946 0.0161609 0.000635017 -0.00175431 0.00234233 -0.000147213 0.0214735
internal_weight=0 7058 5770 9454 4713 2327 3443 3171 2562 2440 1815
internal_count=16512 7058 5770 9454 4713 2327 3443 3171 2562 2440 1815
is_linear=0
shrinkage=0.1


Tree=20
num_leaves= 7
num_cat= 0
full_tree_array_lgbids= 0 1 4 -1 2 5 -6 -2147483648 -2147483648 -3 3 -2 -7 -2147483648 -2147483648 -2147483648 -2147483648 -2147483648 -2147483648 -2147483648 -2147483648 -4 -5 -2147483648 -2147483648 -2147483648 -2147483648 -2147483648 -2147483648 -2147483648 -2147483648
split_feature= 1 1 4 6 1 4
split_gain= 110.517 28.0509 11.4116 2.98657 1.28401 2.46661
threshold= 5.6042500000000013 3.4883000000000002 1.0259553126988286 2.1496330815790889 8.4454500000000028 1.0633636848814041
decision_type= 2 2 2 2 2 2
left_child=1 -1 -3 -4 5 -2
right_child=4 2 3 -5 -6 -7
leaf_value= -0.0087111711096856774 0.011131860319104028 -0.0054434094839893154 0.027600571105539769 0.0056050612413186679 0.041373085643678843 0.035326491215385641
leaf_weight=8011 1485 2529 542 3024 426 495
leaf_count=8011 1485 2529 542 3024 426 495
model_size=704
internal_value=0 -0.00366102 0.00297667 0.00894818 0.021464 0.0171805
internal_weight=0 14106 6095 3566 2406 1980
internal_count=16512 14106 6095 3566 2406 1980
is_linear=0
shrinkage=0.1


Tree=21
num_leaves= 13
num_cat= 0
full_tree_array_lgbids= 0 2 1 3 -4 5 -3 4 -5 -2147483648 -2147483648 11 -7 -2147483648 -2147483648 -1 6 -2147483648 -2147483648 -2147483648 -2147483648 -2147483648 -2147483648 -2 -13 -2147483648 -2147483648 -2147483648 -2147483648 -2147483648 -2147483648 -2147483648 -2147483648 7 8 -2147483648 -2147483648 -2147483648 -2147483648 -2147483648 -2147483648 -2147483648 -2147483648 -2147483648 -2147483648 -2147483648 -2147483648 -2147483648 -2147483648 -2147483648 -2147483648 -2147483648 -2147483648 -2147483648 -2147483648 -2147483648 -2147483648 -2147483648 -2147483648 -2147483648 -2147483648 -2147483648 -2147483648 -2147483648 -2147483648 -2147483648 -2147483648 9 -9 10 -10 -2147483648 -2147483648 -2147483648 -2147483648 -2147483648 -2147483648 -2147483648 -2147483648 -2147483648 -2147483648 -2147483648 -2147483648 -2147483648 -2147483648 -2147483648 -2147483648 -2147483648 -2147483648 -2147483648 -2147483648 -2147483648 -2147483648 -2147483648 -2147483648 -2147483648 -2147483648 -2147483648 -2147483648 -2147483648 -2147483648 -2147483648 -2147483648 -2147483648 -2147483648 -2147483648 -2147483648 -2147483648 -2147483648 -2147483648 -2147483648 -2147483648 -2147483648 -2147483648 -2147483648 -2147483648 -2147483648 -2147483648 -2147483648 -2147483648 -2147483648 -2147483648 -2147483648 -2147483648 -2147483648 -2147483648 -2147483648 -2147483648 -2147483648 -2147483648 -2147483648 -2147483648 -2147483648 -2147483648 -2147483648 -6 -11 -2147483648 -2147483648 -8 -12 -2147483648 -2147483648 -2147483648 -2147483648 -2147483648 -2147483648 -2147483648 -2147483648 -2147483648 -2147483648 -2147483648 -2147483648 -2147483648 -2147483648 -2147483648 -2147483648 -2147483648 -2147483648 -2147483648 -2147483648 -2147483648 -2147483648 -2147483648 -2147483648 -2147483648 -2147483648 -2147483648 -2147483648 -2147483648 -2147483648 -2147483648 -2147483648 -2147483648 -2147483648 -2147483648 -2147483648 -2147483648 -2147483648 -2147483648 -2147483648 -2147483648 -2147483648 -2147483648 -2147483648 -2147483648 -2147483648 -2147483648 -2147483648 -2147483648 -2147483648 -2147483648 -2147483648 -2147483648 -2147483648 -2147483648 -2147483648 -2147483648 -2147483648 -2147483648 -2147483648 -2147483648 -2147483648 -2147483648 -2147483648 -2147483648 -2147483648 -2147483648 -2147483648 -2147483648 -2147483648 -2147483648 -2147483648 -2147483648 -2147483648 -2147483648 -2147483648 -2147483648 -2147483648 -2147483648 -2147483648 -2147483648 -2147483648 -2147483648 -2147483648 -2147483648 -2147483648 -2147483648 -2147483648 -2147483648 -2147483648 -2147483648 -2147483648 -2147483648 -2147483648 -2147483648 -2147483648 -2147483648 -2147483648 -2147483648 -2147483648 -2147483648 -2147483648 -2147483648 -2147483648 -2147483648 -2147483648 -2147483648 -2147483648 -2147483648 -2147483648 -2147483648 -2147483648 -2147483648 -2147483648
split_feature= 1 2 6 7 8 1 7 8 8 7 7 8
split_gain= 88.1666 12.2161 9.82981 10.9051 16.8759 8.19705 0.525662 31.9487 30.0531 28.2599 21.7174 0.0414504
threshold= 4.405050000000001 38.500000000000007 2.9137341371666818 38.455000000000005 -122.41499999999998 7.2638000000000007 34.655000000000008 -118.36499999999999 -120.09499999999998 34.155000000000008 37.615000000000002 -117.175
decision_type= 2 2 2 2 2 2 2 2 2 2 2 2
left_child=2 5 3 4 -1 11 7 9 10 -6 -8 -2
right_child=1 -3 -4 -5 6 -7 8 -9 -10 -11 -12 -13
leaf_value= 0.032704003288728446 0.0072624927165457574 0.030562386254225127 -0.011128217724244978 -0.015244957775166844 0.068832457660970944 0.02713738796712464 0.022811448607105447 -0.00097171066766768815 -0.035392932014300743 0.0079822803748347878 -0.010885387165945748 -0.02134860324258625
leaf_weight=367 3376 783 4999 1202 223 685 565 2257 483 305 1011 256
leaf_count=367 3376 783 4999 1202 223 685 565 2257 483 305 1011 256
model_size=1376
internal_value=0 0.012073 -0.00539541 -0.000926623 0.00237613 0.00871949 7.83729e-05 0.00559823 -0.00738778 0.0336823 0.00119501 0.00524585
internal_weight=0 5100 11412 6413 5211 4317 4844 2785 2059 528 1576 3632
internal_count=16512 5100 11412 6413 5211 4317 4844 2785 2059 528 1576 3632
is_linear=0
shrinkage=0.1


Tree=22
num_leaves= 19
num_cat= 0
full_tree_array_lgbids= 0 1 17 2 9 -2 -19 4 3 10 -11 -2147483648 -2147483648 -2147483648 -2147483648 5 7 6 13 -3 -12 -2147483648 -2147483648 -2147483648 -2147483648 -2147483648 -2147483648 -2147483648 -2147483648 -2147483648 -2147483648 -1 11 -6 8 14 -8 -5 -15 -2147483648 -2147483648 -2147483648 -2147483648 -2147483648 -2147483648 -2147483648 -2147483648 -2147483648 -2147483648 -2147483648 -2147483648 -2147483648 -2147483648 -2147483648 -2147483648 -2147483648 -2147483648 -2147483648 -2147483648 -2147483648 -2147483648 -2147483648 -2147483648 -2147483648 -2147483648 -7 -13 -2147483648 -2147483648 12 16 -4 15 -2147483648 -2147483648 -2147483648 -2147483648 -2147483648 -2147483648 -2147483648 -2147483648 -2147483648 -2147483648 -2147483648 -2147483648 -2147483648 -2147483648 -2147483648 -2147483648 -2147483648 -2147483648 -2147483648 -2147483648 -2147483648 -2147483648 -2147483648 -2147483648 -2147483648 -2147483648 -2147483648 -2147483648 -2147483648 -2147483648 -2147483648 -2147483648 -2147483648 -2147483648 -2147483648 -2147483648 -2147483648 -2147483648 -2147483648 -2147483648 -2147483648 -2147483648 -2147483648 -2147483648 -2147483648 -2147483648 -2147483648 -2147483648 -2147483648 -2147483648 -2147483648 -2147483648 -2147483648 -2147483648 -2147483648 -2147483648 -2147483648 -2147483648 -2147483648 -2147483648 -2147483648 -2147483648 -2147483648 -2147483648 -2147483648 -2147483648 -9 -14 -10 -18 -2147483648 -2147483648 -16 -17 -2147483648 -2147483648 -2147483648 -2147483648 -2147483648 -2147483648 -2147483648 -2147483648 -2147483648 -2147483648 -2147483648 -2147483648 -2147483648 -2147483648 -2147483648 -2147483648 -2147483648 -2147483648 -2147483648 -2147483648 -2147483648 -2147483648 -2147483648 -2147483648 -2147483648 -2147483648 -2147483648 -2147483648 -2147483648 -2147483648 -2147483648 -2147483648 -2147483648 -2147483648 -2147483648 -2147483648 -2147483648 -2147483648 -2147483648 -2147483648 -2147483648 -2147483648 -2147483648 -2147483648 -2147483648 -2147483648 -2147483648 -2147483648 -2147483648 -2147483648 -2147483648 -2147483648 -2147483648 -2147483648 -2147483648 -2147483648 -2147483648 -2147483648 -2147483648 -2147483648 -2147483648 -2147483648 -2147483648 -2147483648 -2147483648 -2147483648 -2147483648 -2147483648 -2147483648 -2147483648 -2147483648 -2147483648 -2147483648 -2147483648 -2147483648 -2147483648 -2147483648 -2147483648 -2147483648 -2147483648 -2147483648 -2147483648 -2147483648 -2147483648 -2147483648 -2147483648 -2147483648 -2147483648 -2147483648 -2147483648 -2147483648 -2147483648 -2147483648 -2147483648 -2147483648 -2147483648 -2147483648 -2147483648 -2147483648 -2147483648 -2147483648 -2147483648 -2147483648 -2147483648 -2147483648 -2147483648 -2147483648 -2147483648
split_feature= 1 8 7 8 8 7 7 7 7 7 8 8 7 8 7 8 8 7
split_gain= 69.1486 16.2598 45.8446 76.8362 42.5837 66.6264 29.7923 24.6598 27.5424 22.3935 31.9345 18.2684 15.6919 7.70694 7.36681 36.6642 2.8409 0.721936
threshold= 5.5682000000000009 -117.77499999999999 34.525000000000013 -121.63499999999998 -118.36499999999999 34.155000000000008 38.735000000000007 33.625000000000007 34.045000000000009 33.565000000000005 -117.16499999999998 -119.34499999999998 33.885000000000012 -119.94499999999998 37.595000000000006 -122.38499999999998 -118.01499999999999 38.155000000000008
decision_type= 2 2 2 2 2 2 2 2 2 2 2 2 2 2 2 2 2 2
left_child=1 2 4 6 5 -1 14 -6 12 10 -3 -7 -9 -5 -4 -16 -10 -2
right_child=17 9 3 13 7 11 -8 8 16 -11 -12 -13 -14 -15 15 -17 -18 -19
leaf_value= 0.067255400335562099 0.019312208864283628 0.027391253373368202 0.023569998169895606 -0.0133989450960827 0.13736555846408011 0.063727819441739372 -0.023235772436527566 0.0060306674532579607 0.024628013080537609 -0.027767104239165358 -0.01549487297759026 -0.00068659473867521388 -0.017240661695880059 -0.033242977785335297 0.023208569375476162 -0.010570115184553745 -0.01225542456041373 -0.027920697249080008
leaf_weight=383 2373 416 918 2140 24 107 554 1229 933 1171 862 627 1392 1029 823 1235 201 95
leaf_count=383 2373 416 918 2140 24 107 554 1229 933 1171 862 627 1392 1029 823 1235 201 95
model_size=2048
internal_value=0 -0.0030743 -0.000750177 -0.00717563 0.00804152 0.0287799 0.00419581 0.00191163 0.00104588 -0.014078 -0.00153507 0.00870352 -0.00632862 -0.0198425 0.00930236 0.00293808 0.0180905 0.0174941
internal_weight=0 14044 11595 6699 4896 1117 3530 3779 3755 2449 1278 734 2621 3169 2976 2058 1134 2468
internal_count=16512 14044 11595 6699 4896 1117 3530 3779 3755 2449 1278 734 2621 3169 2976 2058 1134 2468
is_linear=0
shrinkage=0.1


Tree=23
num_leaves= 9
num_cat= 0
full_tree_array_lgbids= 0 1 -2 2 -3 -2147483648 -2147483648 3 -4 -2147483648 -2147483648 -2147483648 -2147483648 -2147483648 -2147483648 -1 4 -2147483648 -2147483648 -2147483648 -2147483648 -2147483648 -2147483648 -2147483648 -2147483648 -2147483648 -2147483648 -2147483648 -2147483648 -2147483648 -2147483648 -2147483648 -2147483648 5 -6 -2147483648 -2147483648 -2147483648 -2147483648 -2147483648 -2147483648 -2147483648 -2147483648 -2147483648 -2147483648 -2147483648 -2147483648 -2147483648 -2147483648 -2147483648 -2147483648 -2147483648 -2147483648 -2147483648 -2147483648 -2147483648 -2147483648 -2147483648 -2147483648 -2147483648 -2147483648 -2147483648 -2147483648 -2147483648 -2147483648 -2147483648 -2147483648 7 6 -2147483648 -2147483648 -2147483648 -2147483648 -2147483648 -2147483648 -2147483648 -2147483648 -2147483648 -2147483648 -2147483648 -2147483648 -2147483648 -2147483648 -2147483648 -2147483648 -2147483648 -2147483648 -2147483648 -2147483648 -2147483648 -2147483648 -2147483648 -2147483648 -2147483648 -2147483648 -2147483648 -2147483648 -2147483648 -2147483648 -2147483648 -2147483648 -2147483648 -2147483648 -2147483648 -2147483648 -2147483648 -2147483648 -2147483648 -2147483648 -2147483648 -2147483648 -2147483648 -2147483648 -2147483648 -2147483648 -2147483648 -2147483648 -2147483648 -2147483648 -2147483648 -2147483648 -2147483648 -2147483648 -2147483648 -2147483648 -2147483648 -2147483648 -2147483648 -2147483648 -2147483648 -2147483648 -2147483648 -2147483648 -2147483648 -2147483648 -5 -9 -7 -8 -2147483648 -2147483648 -2147483648 -2147483648 -2147483648 -2147483648 -2147483648 -2147483648 -2147483648 -2147483648 -2147483648 -2147483648 -2147483648 -2147483648 -2147483648 -2147483648 -2147483648 -2147483648 -2147483648 -2147483648 -2147483648 -2147483648 -2147483648 -2147483648 -2147483648 -2147483648 -2147483648 -2147483648 -2147483648 -2147483648 -2147483648 -2147483648 -2147483648 -2147483648 -2147483648 -2147483648 -2147483648 -2147483648 -2147483648 -2147483648 -2147483648 -2147483648 -2147483648 -2147483648 -2147483648 -2147483648 -2147483648 -2147483648 -2147483648 -2147483648 -2147483648 -2147483648 -2147483648 -2147483648 -2147483648 -2147483648 -2147483648 -2147483648 -2147483648 -2147483648 -2147483648 -2147483648 -2147483648 -2147483648 -2147483648 -2147483648 -2147483648 -2147483648 -2147483648 -2147483648 -2147483648 -2147483648 -2147483648 -2147483648 -2147483648 -2147483648 -2147483648 -2147483648 -2147483648 -2147483648 -2147483648 -2147483648 -2147483648 -2147483648 -2147483648 -2147483648 -2147483648 -2147483648 -2147483648 -2147483648 -2147483648 -2147483648 -2147483648 -2147483648 -2147483648 -2147483648 -2147483648 -2147483648 -2147483648 -2147483648 -2147483648 -2147483648 -2147483648 -2147483648 -2147483648 -2147483648 -2147483648 -2147483648 -2147483648 -2147483648 -2147483648 -2147483648 -2147483648 -2147483648 -2147483648 -2147483648
split_feature= 1 8 7 8 6 7 8 8
split_gain= 52.1303 13.5791 14.3483 31.5643 13.7854 11.6791 60.3897 43.5099
threshold= 5.8308000000000009 -116.53499999999998 37.925000000000004 -122.31499999999998 3.253673235601747 34.655000000000008 -120.56499999999998 -118.35499999999998
decision_type= 2 2 2 2 2 2 2 2
left_child=1 2 3 -1 5 7 -7 -5
right_child=-2 -3 -4 4 -6 6 -8 -9
leaf_value= 0.029307580261592487 0.01734108524991029 -0.040666757107687718 -0.011977250586259891 0.029440088097969871 -0.0091942580712503393 0.0062078127313712865 -0.03123112251327019 0.001516679731034288
leaf_weight=589 2094 227 2734 1040 3477 1738 856 3757
leaf_count=589 2094 227 2734 1040 3477 1738 856 3757
model_size=928
internal_value=0 -0.00251853 -0.00190831 0.000494451 -0.0010671 0.00275622 -0.00614675 0.00757054
internal_weight=0 14418 14191 11457 10868 7391 2594 4797
internal_count=16512 14418 14191 11457 10868 7391 2594 4797
is_linear=0
shrinkage=0.1


Tree=24
num_leaves= 4
num_cat= 0
full_tree_array_lgbids= 0 2 1 -1 -4 -2 -3
split_feature= 1 4 8
split_gain= 39.4808 3.5926 2.30826
threshold= 4.5993500000000003 1.0385565016069338 -116.47499999999998
decision_type= 2 2 2
left_child=2 -2 -1
right_child=1 -3 -4
leaf_value= -0.0031717762034179069 0.0036563731931203826 0.018265848710032069 -0.037644169200211769
leaf_weight=11733 2693 1894 192
leaf_count=11733 2693 1894 192
model_size=368
internal_value=0 0.00968871 -0.0037268
internal_weight=0 4587 11925
internal_count=16512 4587 11925
is_linear=0
shrinkage=0.1


Tree=25
num_leaves= 13
num_cat= 0
full_tree_array_lgbids= 0 1 2 3 -3 -2 -4 4 -5 -2147483648 -2147483648 -2147483648 -2147483648 -2147483648 -2147483648 5 7 -2147483648 -2147483648 -2147483648 -2147483648 -2147483648 -2147483648 -2147483648 -2147483648 -2147483648 -2147483648 -2147483648 -2147483648 -2147483648 -2147483648 8 6 10 -9 -2147483648 -2147483648 -2147483648 -2147483648 -2147483648 -2147483648 -2147483648 -2147483648 -2147483648 -2147483648 -2147483648 -2147483648 -2147483648 -2147483648 -2147483648 -2147483648 -2147483648 -2147483648 -2147483648 -2147483648 -2147483648 -2147483648 -2147483648 -2147483648 -2147483648 -2147483648 -2147483648 -2147483648 -1 9 -7 -8 11 -12 -2147483648 -2147483648 -2147483648 -2147483648 -2147483648 -2147483648 -2147483648 -2147483648 -2147483648 -2147483648 -2147483648 -2147483648 -2147483648 -2147483648 -2147483648 -2147483648 -2147483648 -2147483648 -2147483648 -2147483648 -2147483648 -2147483648 -2147483648 -2147483648 -2147483648 -2147483648 -2147483648 -2147483648 -2147483648 -2147483648 -2147483648 -2147483648 -2147483648 -2147483648 -2147483648 -2147483648 -2147483648 -2147483648 -2147483648 -2147483648 -2147483648 -2147483648 -2147483648 -2147483648 -2147483648 -2147483648 -2147483648 -2147483648 -2147483648 -2147483648 -2147483648 -2147483648 -2147483648 -2147483648 -2147483648 -2147483648 -2147483648 -2147483648 -2147483648 -2147483648 -10 -11 -2147483648 -2147483648 -2147483648 -2147483648 -6 -13 -2147483648 -2147483648 -2147483648 -2147483648 -2147483648 -2147483648 -2147483648 -2147483648 -2147483648 -2147483648 -2147483648 -2147483648 -2147483648 -2147483648 -2147483648 -2147483648 -2147483648 -2147483648 -2147483648 -2147483648 -2147483648 -2147483648 -2147483648 -2147483648 -2147483648 -2147483648 -2147483648 -2147483648 -2147483648 -2147483648 -2147483648 -2147483648 -2147483648 -2147483648 -2147483648 -2147483648 -2147483648 -2147483648 -2147483648 -2147483648 -2147483648 -2147483648 -2147483648 -2147483648 -2147483648 -2147483648 -2147483648 -2147483648 -2147483648 -2147483648 -2147483648 -2147483648 -2147483648 -2147483648 -2147483648 -2147483648 -2147483648 -2147483648 -2147483648 -2147483648 -2147483648 -2147483648 -2147483648 -2147483648 -2147483648 -2147483648 -2147483648 -2147483648 -2147483648 -2147483648 -2147483648 -2147483648 -2147483648 -2147483648 -2147483648 -2147483648 -2147483648 -2147483648 -2147483648 -2147483648 -2147483648 -2147483648 -2147483648 -2147483648 -2147483648 -2147483648 -2147483648 -2147483648 -2147483648 -2147483648 -2147483648 -2147483648 -2147483648 -2147483648 -2147483648 -2147483648 -2147483648 -2147483648 -2147483648 -2147483648 -2147483648 -2147483648 -2147483648 -2147483648 -2147483648 -2147483648 -2147483648 -2147483648 -2147483648 -2147483648 -2147483648 -2147483648 -2147483648 -2147483648 -2147483648 -2147483648 -2147483648 -2147483648
split_feature= 3 6 2 7 8 7 8 7 8 7 8 2
split_gain= 31.3633 12.8036 3.38285 0.253997 11.3867 29.9508 12.8502 4.31493 1.71893 6.76761 1.33067 6.1773
threshold= 6.3286213786213787 2.5763869593405579 32.500000000000007 37.805000000000007 -118.27499999999999 34.155000000000008 -122.27499999999999 33.695000000000007 -118.38499999999998 34.045000000000009 -117.16499999999998 28.500000000000004
decision_type= 2 2 2 2 2 2 2 2 2 2 2 2
left_child=1 3 -2 4 5 8 -7 10 -1 -10 11 -6
right_child=2 -3 -4 -5 7 6 -8 -9 9 -11 -12 -13
leaf_value= 0.057627371850813305 0.0066911389407743917 -0.0064405183162584761 0.027070910724938425 -0.0070256163867612022 0.0066081810784317675 0.034390044698756513 -0.0020722098496984607 -0.016737324786597285 -0.0059707404362833068 0.050578385933070236 -0.012658210391646208 0.06156951053515794
leaf_weight=313 2388 8551 747 1265 268 313 1217 725 178 161 256 130
leaf_count=313 2388 8551 747 1265 268 313 1217 725 178 161 256 130
model_size=1376
internal_value=0 -0.00270617 0.0115472 0.00391058 0.00779553 0.0152887 0.00538706 -0.00406094 0.0385241 0.0208859 0.00999163 0.0245604
internal_weight=0 13377 3135 4826 3561 2182 1530 1379 652 339 654 398
internal_count=16512 13377 3135 4826 3561 2182 1530 1379 652 339 654 398
is_linear=0
shrinkage=0.1


Tree=26
num_leaves= 8
num_cat= 0
full_tree_array_lgbids= 0 -1 1 -2147483648 -2147483648 3 2 -2147483648 -2147483648 -2147483648 -2147483648 4 -5 5 -4 -2147483648 -2147483648 -2147483648 -2147483648 -2147483648 -2147483648 -2147483648 -2147483648 -2 6 -2147483648 -2147483648 -3 -7 -2147483648 -2147483648 -2147483648 -2147483648 -2147483648 -2147483648 -2147483648 -2147483648 -2147483648 -2147483648 -2147483648 -2147483648 -2147483648 -2147483648 -2147483648 -2147483648 -2147483648 -2147483648 -2147483648 -2147483648 -6 -8 -2147483648 -2147483648 -2147483648 -2147483648 -2147483648 -2147483648 -2147483648 -2147483648 -2147483648 -2147483648 -2147483648 -2147483648
split_feature= 1 8 7 7 7 8 3
split_gain= 24.1647 8.23585 16.8715 14.0089 7.70027 3.06777 1.97261
threshold= 3.6530500000000008 -117.71499999999999 33.645000000000003 37.965000000000011 33.625000000000007 -117.145 6.3652809400434434
decision_type= 2 2 2 2 2 2 2
left_child=-1 3 5 4 -2 -3 -6
right_child=1 2 -4 -5 6 -7 -8
leaf_value= -0.0049087263141175258 0.072259019151632048 0.021666214606495451 -0.032489254180514675 -0.010064496719172271 0.0061149647088664747 -0.013847727998703097 0.020054019380898368
leaf_weight=8730 74 388 427 905 4003 360 1625
leaf_count=8730 74 388 427 905 4003 360 1625
model_size=816
internal_value=0 0.00550671 -0.00889498 0.00806793 0.0109458 0.00457394 0.0101397
internal_weight=0 7782 1175 6607 5702 748 5628
internal_count=16512 7782 1175 6607 5702 748 5628
is_linear=0
shrinkage=0.1


Tree=27
num_leaves= 15
num_cat= 0
full_tree_array_lgbids= 0 1 -2 2 9 -2147483648 -2147483648 5 3 13 -11 -2147483648 -2147483648 -2147483648 -2147483648 6 7 4 -5 -3 -15 -2147483648 -2147483648 -2147483648 -2147483648 -2147483648 -2147483648 -2147483648 -2147483648 -2147483648 -2147483648 -1 10 8 -9 -4 11 -2147483648 -2147483648 -2147483648 -2147483648 -2147483648 -2147483648 -2147483648 -2147483648 -2147483648 -2147483648 -2147483648 -2147483648 -2147483648 -2147483648 -2147483648 -2147483648 -2147483648 -2147483648 -2147483648 -2147483648 -2147483648 -2147483648 -2147483648 -2147483648 -2147483648 -2147483648 -2147483648 -2147483648 -8 -12 -7 -10 -2147483648 -2147483648 -2147483648 -2147483648 12 -13 -2147483648 -2147483648 -2147483648 -2147483648 -2147483648 -2147483648 -2147483648 -2147483648 -2147483648 -2147483648 -2147483648 -2147483648 -2147483648 -2147483648 -2147483648 -2147483648 -2147483648 -2147483648 -2147483648 -2147483648 -2147483648 -2147483648 -2147483648 -2147483648 -2147483648 -2147483648 -2147483648 -2147483648 -2147483648 -2147483648 -2147483648 -2147483648 -2147483648 -2147483648 -2147483648 -2147483648 -2147483648 -2147483648 -2147483648 -2147483648 -2147483648 -2147483648 -2147483648 -2147483648 -2147483648 -2147483648 -2147483648 -2147483648 -2147483648 -2147483648 -2147483648 -2147483648 -2147483648 -2147483648 -2147483648 -2147483648 -2147483648 -2147483648 -2147483648 -2147483648 -2147483648 -2147483648 -2147483648 -2147483648 -2147483648 -2147483648 -2147483648 -2147483648 -2147483648 -2147483648 -2147483648 -2147483648 -6 -14 -2147483648 -2147483648 -2147483648 -2147483648 -2147483648 -2147483648 -2147483648 -2147483648 -2147483648 -2147483648 -2147483648 -2147483648 -2147483648 -2147483648 -2147483648 -2147483648 -2147483648 -2147483648 -2147483648 -2147483648 -2147483648 -2147483648 -2147483648 -2147483648 -2147483648 -2147483648 -2147483648 -2147483648 -2147483648 -2147483648 -2147483648 -2147483648 -2147483648 -2147483648 -2147483648 -2147483648 -2147483648 -2147483648 -2147483648 -2147483648 -2147483648 -2147483648 -2147483648 -2147483648 -2147483648 -2147483648 -2147483648 -2147483648 -2147483648 -2147483648 -2147483648 -2147483648 -2147483648 -2147483648 -2147483648 -2147483648 -2147483648 -2147483648 -2147483648 -2147483648 -2147483648 -2147483648 -2147483648 -2147483648 -2147483648 -2147483648 -2147483648 -2147483648 -2147483648 -2147483648 -2147483648 -2147483648 -2147483648 -2147483648 -2147483648 -2147483648 -2147483648 -2147483648 -2147483648 -2147483648 -2147483648 -2147483648 -2147483648 -2147483648 -2147483648 -2147483648 -2147483648 -2147483648 -2147483648 -2147483648 -2147483648 -2147483648 -2147483648 -2147483648 -2147483648 -2147483648 -2147483648 -2147483648 -2147483648 -2147483648 -2147483648 -2147483648 -2147483648 -2147483648 -2147483648 -2147483648
split_feature= 1 8 7 8 7 8 7 7 7 7 8 8 7 8
split_gain= 15.6448 4.33152 24.1702 49.0463 18.6189 14.3666 38.9888 11.3316 20.4761 10.5264 10.0587 8.36172 9.04015 4.02888
threshold= 5.8308000000000009 -117.77499999999999 34.525000000000013 -121.56499999999998 37.595000000000006 -118.36499999999999 34.115000000000002 34.045000000000009 33.695000000000007 33.915000000000006 -119.34499999999998 -122.38499999999998 38.705000000000005 -117.145
decision_type= 2 2 2 2 2 2 2 2 2 2 2 2 2 2
left_child=1 2 5 4 -4 6 -1 8 -7 13 -8 12 -6 -3
right_child=-2 9 3 -5 11 7 10 -9 -10 -11 -12 -13 -14 -15
leaf_value= 0.055724442010345543 0.012298071677525241 0.012570043979974238 0.020590869489957513 -0.016282416371879684 0.019633891873707485 0.048939864492610466 0.055857655588105064 0.016629389342451412 -0.0061512654279406572 -0.026083288022487872 -0.00051346190424373034 -0.011111578123907034 -0.01580838075340768 -0.012651688785759294
leaf_weight=368 2094 642 1032 3088 840 143 112 1151 2574 875 703 1580 329 981
leaf_count=368 2094 642 1032 3088 840 143 112 1151 2574 875 703 1580 329 981
model_size=1600
internal_value=0 -0.00178611 0.000118461 -0.00513832 0.00396324 0.00726731 0.0223176 0.00266429 -0.00325173 -0.0108744 0.00723324 -0.00227893 0.00965912 -0.00267489
internal_weight=0 14418 11920 6869 3781 5051 1183 3868 2717 2498 815 2749 1169 1623
internal_count=16512 14418 11920 6869 3781 5051 1183 3868 2717 2498 815 2749 1169 1623
is_linear=0
shrinkage=0.1


Tree=28
num_leaves= 13
num_cat= 0
full_tree_array_lgbids= 0 1 -2 2 8 -2147483648 -2147483648 4 3 11 -10 -2147483648 -2147483648 -2147483648 -2147483648 5 -6 9 -5 -3 -13 -2147483648 -2147483648 -2147483648 -2147483648 -2147483648 -2147483648 -2147483648 -2147483648 -2147483648 -2147483648 6 -7 -2147483648 -2147483648 -4 10 -2147483648 -2147483648 -2147483648 -2147483648 -2147483648 -2147483648 -2147483648 -2147483648 -2147483648 -2147483648 -2147483648 -2147483648 -2147483648 -2147483648 -2147483648 -2147483648 -2147483648 -2147483648 -2147483648 -2147483648 -2147483648 -2147483648 -2147483648 -2147483648 -2147483648 -2147483648 7 -8 -2147483648 -2147483648 -2147483648 -2147483648 -2147483648 -2147483648 -2147483648 -2147483648 -11 -12 -2147483648 -2147483648 -2147483648 -2147483648 -2147483648 -2147483648 -2147483648 -2147483648 -2147483648 -2147483648 -2147483648 -2147483648 -2147483648 -2147483648 -2147483648 -2147483648 -2147483648 -2147483648 -2147483648 -2147483648 -2147483648 -2147483648 -2147483648 -2147483648 -2147483648 -2147483648 -2147483648 -2147483648 -2147483648 -2147483648 -2147483648 -2147483648 -2147483648 -2147483648 -2147483648 -2147483648 -2147483648 -2147483648 -2147483648 -2147483648 -2147483648 -2147483648 -2147483648 -2147483648 -2147483648 -2147483648 -2147483648 -2147483648 -2147483648 -2147483648 -2147483648 -2147483648 -1 -9 -2147483648 -2147483648 -2147483648 -2147483648 -2147483648 -2147483648 -2147483648 -2147483648 -2147483648 -2147483648 -2147483648 -2147483648 -2147483648 -2147483648 -2147483648 -2147483648 -2147483648 -2147483648 -2147483648 -2147483648 -2147483648 -2147483648 -2147483648 -2147483648 -2147483648 -2147483648 -2147483648 -2147483648 -2147483648 -2147483648 -2147483648 -2147483648 -2147483648 -2147483648 -2147483648 -2147483648 -2147483648 -2147483648 -2147483648 -2147483648 -2147483648 -2147483648 -2147483648 -2147483648 -2147483648 -2147483648 -2147483648 -2147483648 -2147483648 -2147483648 -2147483648 -2147483648 -2147483648 -2147483648 -2147483648 -2147483648 -2147483648 -2147483648 -2147483648 -2147483648 -2147483648 -2147483648 -2147483648 -2147483648 -2147483648 -2147483648 -2147483648 -2147483648 -2147483648 -2147483648 -2147483648 -2147483648 -2147483648 -2147483648 -2147483648 -2147483648 -2147483648 -2147483648 -2147483648 -2147483648 -2147483648 -2147483648 -2147483648 -2147483648 -2147483648 -2147483648 -2147483648 -2147483648 -2147483648 -2147483648 -2147483648 -2147483648 -2147483648 -2147483648 -2147483648 -2147483648 -2147483648 -2147483648 -2147483648 -2147483648 -2147483648 -2147483648 -2147483648 -2147483648 -2147483648 -2147483648 -2147483648 -2147483648 -2147483648 -2147483648 -2147483648 -2147483648 -2147483648 -2147483648 -2147483648 -2147483648 -2147483648 -2147483648 -2147483648 -2147483648 -2147483648 -2147483648 -2147483648 -2147483648 -2147483648 -2147483648
split_feature= 3 8 7 8 8 7 7 8 7 7 8 8
split_gain= 13.0953 3.36994 15.393 35.2136 14.508 13.0626 14.3229 25.5723 3.41324 2.64989 8.72061 0.343573
threshold= 6.3286213786213787 -117.77499999999999 34.525000000000013 -121.56499999999998 -118.30499999999999 34.155000000000008 34.045000000000009 -118.395 33.565000000000005 37.595000000000006 -122.40499999999999 -117.16499999999998
decision_type= 2 2 2 2 2 2 2 2 2 2 2 2
left_child=1 2 4 9 5 6 7 -1 11 -4 -11 -3
right_child=-2 8 3 -5 -6 -7 -8 -9 -10 10 -12 -13
leaf_value= 0.051816882457818805 0.0093736740230629823 0.016936354213538989 0.014934927127219194 -0.016818958493447882 -0.00035192751079998947 0.0018668161097518511 0.058468931662387605 -0.0012950413664783052 -0.023703208908261351 0.010466010015713277 -0.011750181326602625 -0.011756796847138748
leaf_weight=254 3135 386 1077 2563 3276 821 293 469 967 1008 1484 779
leaf_count=254 3135 386 1077 2563 3276 821 293 469 967 1008 1484 779
model_size=1376
internal_value=0 -0.00219679 -0.000341872 -0.00552994 0.00588016 0.0169941 0.029218 0.0173639 -0.0119804 0.00257702 -0.00276386 -0.00224988
internal_weight=0 13377 11245 6132 5113 1837 1016 723 2132 3569 2492 1165
internal_count=16512 13377 11245 6132 5113 1837 1016 723 2132 3569 2492 1165
is_linear=0
shrinkage=0.1


Tree=29
num_leaves= 8
num_cat= 0
full_tree_array_lgbids= 0 1 -2 2 -3 -2147483648 -2147483648 4 3 -2147483648 -2147483648 -2147483648 -2147483648 -2147483648 -2147483648 -1 6 5 -5 -2147483648 -2147483648 -2147483648 -2147483648 -2147483648 -2147483648 -2147483648 -2147483648 -2147483648 -2147483648 -2147483648 -2147483648 -2147483648 -2147483648 -6 -8 -4 -7 -2147483648 -2147483648 -2147483648 -2147483648 -2147483648 -2147483648 -2147483648 -2147483648 -2147483648 -2147483648 -2147483648 -2147483648 -2147483648 -2147483648 -2147483648 -2147483648 -2147483648 -2147483648 -2147483648 -2147483648 -2147483648 -2147483648 -2147483648 -2147483648 -2147483648 -2147483648
split_feature= 6 7 8 7 7 8 3
split_gain= 8.95673 7.08365 9.44194 19.2256 6.08395 5.90776 3.83634
threshold= 3.1424162072895592 37.945000000000007 -117.77499999999999 33.565000000000005 33.625000000000007 -117.24499999999999 6.9566301031144784
decision_type= 2 2 2 2 2 2 2
left_child=1 2 4 5 -1 -4 -6
right_child=-2 -3 3 -5 6 -7 -8
leaf_value= 0.078515010882507674 -0.0063354688357127754 -0.0067667377477422484 0.034879087200887872 -0.022584395360650732 0.0060390671028013598 -0.0020616277346464525 0.026793416890259426
leaf_weight=55 5153 2394 261 817 6375 820 637
leaf_count=55 5153 2394 261 817 6375 820 637
model_size=816
internal_value=0 0.00287408 0.00544855 -0.00581588 0.00847386 0.00685745 0.00792448
internal_weight=0 11359 8965 1898 7067 1081 7012
internal_count=16512 11359 8965 1898 7067 1081 7012
is_linear=0
shrinkage=0.1


Tree=30
num_leaves= 2
num_cat= 0
full_tree_array_lgbids= 0 -1 -2
split_feature= 3
split_gain= 4.08317
threshold= 6.3286213786213787
decision_type= 2
left_child=-1
right_child=-2
leaf_value= -0.0018962009354825315 0.0080910622191597212
leaf_weight=13377 3135
leaf_count=13377 3135
model_size=144
internal_value=0
internal_weight=0
internal_count=16512
is_linear=0
shrinkage=0.1


Tree=31
num_leaves= 7
num_cat= 0
full_tree_array_lgbids= 0 1 -2 2 -3 -2147483648 -2147483648 4 3 -2147483648 -2147483648 -2147483648 -2147483648 -2147483648 -2147483648 -1 -6 5 -5 -2147483648 -2147483648 -2147483648 -2147483648 -2147483648 -2147483648 -2147483648 -2147483648 -2147483648 -2147483648 -2147483648 -2147483648 -2147483648 -2147483648 -2147483648 -2147483648 -4 -7 -2147483648 -2147483648 -2147483648 -2147483648 -2147483648 -2147483648 -2147483648 -2147483648 -2147483648 -2147483648 -2147483648 -2147483648 -2147483648 -2147483648 -2147483648 -2147483648 -2147483648 -2147483648 -2147483648 -2147483648 -2147483648 -2147483648 -2147483648 -2147483648 -2147483648 -2147483648
split_feature= 6 7 8 7 7 8
split_gain= 2.86685 1.70626 4.05046 11.5693 1.30584 0.415127
threshold= 3.1424162072895592 37.925000000000004 -117.77499999999999 33.565000000000005 33.645000000000003 -117.24499999999999
decision_type= 2 2 2 2 2 2
left_child=1 2 4 5 -1 -4
right_child=-2 -3 3 -5 -6 -7
leaf_value= 0.057786116314779847 -0.0056778194676655389 -0.0059538739660944494 0.031251716077461765 -0.020429719256632849 0.0070849269751421667 -0.001852192579443487
leaf_weight=89 5153 2472 261 817 6900 820
leaf_count=89 5153 2472 261 817 6900 820
model_size=704
internal_value=0 0.00257574 0.00494833 -0.00529672 0.00773057 0.00614052
internal_weight=0 11359 8887 1898 6989 1081
internal_count=16512 11359 8887 1898 6989 1081
is_linear=0
shrinkage=0.1


Tree=32
num_leaves= 3
num_cat= 0
full_tree_array_lgbids= 0 -1 1 -2147483648 -2147483648 -2 -3
split_feature= 4 1
split_gain= 1.92135 1.17608
threshold= 0.96895480831013081 3.4298000000000006
decision_type= 2 2
left_child=-1 -2
right_child=1 -3
leaf_value= -0.010864431104522832 -0.0026978022560870491 0.0051301149165501811
leaf_weight=1764 7217 7531
leaf_count=1764 7217 7531
model_size=256
internal_value=0 0.00129949
internal_weight=0 14748
internal_count=16512 14748
is_linear=0
shrinkage=0.1


end of trees

feature_importances:
Column_7=241
Column_8=237
Column_1=141
Column_6=141
Column_2=90
Column_3=29
Column_4=27
Column_5=18

parameters:
[boosting: gbdt]
[objective: regression]
[metric: rmse]
[tree_learner: serial]
[device_type: cpu]
[data_sample_strategy: bagging]
[data: data/california_housing.libsvm.train]
[valid: data/california_housing.libsvm.test]
[num_iterations: 200]
[learning_rate: 0.1]
[num_leaves: 255]
[num_threads: 0]
[seed: 42]
[deterministic: 0]
[force_col_wise: 0]
[force_row_wise: 0]
[histogram_pool_size: -1]
[max_depth: 7]
[min_data_in_leaf: 10]
[min_sum_hessian_in_leaf: 0.001]
[bagging_fraction: 1]
[pos_bagging_fraction: 1]
[neg_bagging_fraction: 1]
[bagging_freq: 0]
[bagging_seed: 400]
[feature_fraction: 1]
[feature_fraction_bynode: 1]
[feature_fraction_seed: 30056]
[extra_trees: 0]
[extra_seed: 12879]
[early_stopping_round: 0]
[early_stopping_min_delta: 0]
[first_metric_only: 0]
[max_delta_step: 0]
[lambda_l1: 0]
[lambda_l2: 0]
[linear_lambda: 0]
[min_gain_to_split: 0]
[drop_rate: 0.1]
[max_drop: 50]
[skip_drop: 0.5]
[xgboost_dart_mode: 0]
[uniform_drop: 0]
[drop_seed: 17869]
[top_rate: 0.2]
[other_rate: 0.1]
[min_data_per_group: 100]
[max_cat_threshold: 32]
[cat_l2: 10]
[cat_smooth: 10]
[max_cat_to_onehot: 4]
[top_k: 20]
[monotone_constraints: ]
[monotone_constraints_method: basic]
[monotone_penalty: 0]
[feature_contri: ]
[forcedsplits_filename: ]
[refit_decay_rate: 0.9]
[tinygbdt_penalty_feature: 0.0625]
[tinygbdt_penalty_split: 0.015625]
[tinygbdt_forestsize: 64000]
[tinygbdt_precision: 7]
[cegb_tradeoff: 1]
[cegb_penalty_split: 0]
[cegb_penalty_feature_lazy: ]
[cegb_penalty_feature_coupled: ]
[path_smooth: 0]
[interaction_constraints: ]
[verbosity: 2]
[saved_feature_importance_type: 0]
[use_quantized_grad: 0]
[num_grad_quant_bins: 4]
[quant_train_renew_leaf: 0]
[stochastic_rounding: 1]
[linear_tree: 0]
[max_bin: 255]
[max_bin_by_feature: ]
[min_data_in_bin: 3]
[bin_construct_sample_cnt: 200000]
[data_random_seed: 175]
[is_enable_sparse: 1]
[enable_bundle: 1]
[use_missing: 1]
[zero_as_missing: 0]
[feature_pre_filter: 1]
[pre_partition: 0]
[two_round: 0]
[header: 0]
[label_column: ]
[weight_column: ]
[group_column: ]
[ignore_column: ]
[categorical_feature: ]
[forcedbins_filename: ]
[precise_float_parser: 0]
[parser_config_file: ]
[objective_seed: 16083]
[num_class: 1]
[is_unbalance: 0]
[scale_pos_weight: 1]
[sigmoid: 1]
[boost_from_average: 1]
[reg_sqrt: 0]
[alpha: 0.9]
[fair_c: 1]
[poisson_max_delta_step: 0.7]
[tweedie_variance_power: 1.5]
[lambdarank_truncation_level: 30]
[lambdarank_norm: 1]
[label_gain: ]
[lambdarank_position_bias_regularization: 0]
[eval_at: ]
[multi_error_top_k: 1]
[auc_mu_weights: ]
[num_machines: 1]
[local_listen_port: 12400]
[time_out: 120]
[machine_list_filename: ]
[machines: ]
[gpu_platform_id: -1]
[gpu_device_id: -1]
[gpu_use_dp: 0]
[num_gpu: 1]

end of parameters
