tree
version=v4
num_class=1
num_tree_per_iteration=1
label_index=0
max_feature_idx=8
objective=regression
feature_names=Column_0 Column_1 Column_2 Column_3 Column_4 Column_5 Column_6 Column_7 Column_8
feature_infos=none [0.49990000000000001:15.0001] [1:52] [0.88888888888888884:141.90909090909091] [0.33333333333333331:25.63636363636364] [3:35682] [0.69230769230769229:1243.333333333333] [32.549999999999997:41.950000000000003] [-124.34999999999999:-114.31]
tree_sizes=7608 7090 6606 6113 5943 5617 5261 5410 5629 5274 4637 5218 4809 4584 4764 4230 1862 4585 4308 2835 4168 660 4430 4376 4387 565 4102 495 667 2615 1441 667

Tree=0
num_leaves= 68
num_cat= 0
full_tree_array_lgbids= 0 1 2 5 3 4 10 9 11 6 7 16 13 20 33 15 14 35 21 37 8 19 17 44 18 39 29 -4 64 34 46 45 53 27 52 49 59 54 31 -3 38 12 36 22 25 24 51 -2 -46 -18 23 -6 -41 63 60 -2147483648 -2147483648 -22 -66 -12 -36 -35 -48 -1 48 -17 58 30 -29 -16 -54 50 -51 -37 66 -13 -56 32 42 -2147483648 -2147483648 -39 55 28 26 56 -38 41 40 47 -27 43 65 -19 62 -2147483648 -2147483648 -2147483648 -2147483648 -2147483648 -2147483648 57 -25 -2147483648 -2147483648 -2147483648 -2147483648 -15 -65 61 -62 -2147483648 -2147483648 -2147483648 -2147483648 -2147483648 -2147483648 -2147483648 -2147483648 -2147483648 -2147483648 -2147483648 -2147483648 -2147483648 -2147483648 -2147483648 -2147483648 -2147483648 -2147483648 -47 -50 -2147483648 -2147483648 -55 -60 -11 -32 -2147483648 -2147483648 -2147483648 -2147483648 -2147483648 -2147483648 -7 -52 -2147483648 -2147483648 -2147483648 -2147483648 -61 -68 -2147483648 -2147483648 -2147483648 -2147483648 -23 -34 -33 -44 -2147483648 -2147483648 -2147483648 -2147483648 -2147483648 -2147483648 -40 -57 -8 -30 -14 -28 -10 -58 -2147483648 -2147483648 -5 -43 -24 -42 -21 -49 -2147483648 -2147483648 -9 -45 -26 -67 -2147483648 -2147483648 -53 -64 -2147483648 -2147483648 -2147483648 -2147483648 -2147483648 -2147483648 -2147483648 -2147483648 -2147483648 -2147483648 -2147483648 -2147483648 -20 -59 -2147483648 -2147483648 -2147483648 -2147483648 -2147483648 -2147483648 -2147483648 -2147483648 -2147483648 -2147483648 -2147483648 -2147483648 -2147483648 -2147483648 -31 -63 -2147483648 -2147483648 -2147483648 -2147483648 -2147483648 -2147483648 -2147483648 -2147483648 -2147483648 -2147483648 -2147483648 -2147483648 -2147483648 -2147483648 -2147483648 -2147483648 -2147483648 -2147483648 -2147483648 -2147483648 -2147483648 -2147483648 -2147483648 -2147483648 -2147483648 -2147483648 -2147483648 -2147483648 -2147483648 -2147483648 -2147483648 -2147483648 -2147483648 -2147483648
split_feature= 1 1 1 6 6 3 2 1 7 1 1 1 6 1 6 3 2 6 6 2 2 6 3 1 2 8 8 8 1 2 7 7 8 1 2 7 7 1 2 6 7 6 8 7 1 4 5 7 7 8 6 8 6 6 7 5 8 7 7 7 6 2 8 1 7 8 7
split_gain= 6972.71 1670.2 1277.17 961.37 416.507 303.432 219.089 198.012 172.418 166.224 141.302 122.142 113.922 106.092 97.9708 96.498 92.9027 90.6891 80.6221 70.5816 58.536 52.2119 51.7998 45.485 43.8276 39.2154 35.7275 34.5642 29.8532 28.937 24.8963 24.1252 28.3549 18.7189 22.2752 18.6439 16.3328 16.2182 20.9918 15.8828 14.7107 14.5708 14.1792 13.8037 13.5404 11.9005 10.9895 10.6261 10.0733 9.61427 14.869 9.12072 8.24633 7.48187 7.17681 5.7699 4.78115 4.68833 3.61666 3.60076 3.28301 3.34031 2.81471 1.67109 1.42155 1.23874 0.530539
threshold= 5.0387000000000013 3.0679500000000002 6.8672000000000013 2.3489548886254448 2.671038674349933 4.3101408005062494 24.500000000000004 4.0775500000000013 37.815000000000005 2.2210000000000005 7.852450000000001 2.4115000000000006 1.9628175980828908 5.7307500000000013 2.4907552973342448 3.449226804123712 19.500000000000004 2.9005380231986346 2.0653737590585881 43.500000000000007 26.500000000000004 2.2906328481453726 5.1186051221335997 5.8308000000000009 41.500000000000007 -122.40499999999999 -117.88499999999998 -118.26499999999999 3.4298000000000006 27.500000000000004 37.815000000000005 34.525000000000013 -117.77499999999999 8.7395500000000013 28.500000000000004 35.335000000000008 37.995000000000012 3.5330000000000008 18.500000000000004 2.9742256672023202 34.415000000000006 3.0817415934345274 -120.44499999999998 38.545000000000009 5.6402500000000009 1.0291350557942953 139.50000000000003 38.435000000000009 34.045000000000009 -117.35499999999998 2.254419630548663 -122.33499999999999 3.458170981799539 2.10671797776953 37.945000000000007 534.50000000000011 -122.425 38.005000000000003 35.335000000000008 36.835000000000008 3.458170981799539 40.500000000000007 -117.75499999999998 6.2770500000000009 37.645000000000003 -122.28499999999998 38.925000000000004
decision_type= 2 2 2 2 2 2 2 2 2 2 2 2 2 2 2 2 2 2 2 2 2 2 2 2 2 2 2 2 2 2 2 2 2 2 2 2 2 2 2 2 2 2 2 2 2 2 2 2 2 2 2 2 2 2 2 2 2 2 2 2 2 2 2 2 2 2 2
left_child=1 5 4 6 16 9 37 19 12 15 20 35 28 39 27 45 44 24 -18 22 -4 54 41 57 43 47 -14 30 -8 63 -11 32 -23 34 -12 49 56 -3 -39 -6 -24 -5 -33 -9 -2 -1 -35 -21 -47 50 -7 -19 -16 -17 -13 -40 -10 -20 -55 -37 61 -31 -53 -15 -22 -26 -61
right_child=2 3 10 7 13 11 8 17 36 14 33 21 26 29 52 53 18 51 23 25 64 31 40 -25 65 -27 -28 -29 -30 60 -32 42 -34 46 -36 59 -38 38 55 -41 -42 -43 -44 -45 -46 48 -48 -49 -50 -51 -52 62 -54 58 -56 -57 -58 -59 -60 66 -62 -63 -64 -65 -66 -67 -68
leaf_value= 2.0090854045861635 2.122367892078735 2.0619325518895399 2.2105021416414852 2.0623490992633817 2.1246833370498446 2.0841138599801572 2.1965323452694219 2.0954689418246426 2.2142838774901663 2.1406373236940905 2.2611911907323741 2.0627082295896169 2.1803908632616107 2.1259617740146308 2.0512620347066561 2.0262926385334912 2.3293276008777508 2.1135874555732319 2.1957668316364023 2.1654641714581091 2.3136092887030801 2.0423423215696768 2.0333915413355754 2.255568014458782 2.2091709412441252 2.0584465939763881 2.0853910788377314 2.0508470150556986 2.2845502876908457 2.1919918556662772 2.0404662446165749 1.9910892755883369 1.9852344261613879 2.2256631944098948 2.3423931801380187 1.930502243003837 2.0318246126680579 2.0905904528987551 2.0245249734293451 2.0841198818403921 2.0042626363250329 2.0299805008867327 1.9516641567416866 2.0321558591188165 2.1915848606410337 2.0195706739465327 2.348659992346585 1.9921922446126408 2.0794739076624724 1.9596066990438676 1.9888444208027325 2.0588902430478546 2.0155875827794167 1.9876247733728514 2.0039542439775833 2.1734629168237776 2.0951919498649194 2.087710141191141 1.9546252503190962 1.9717715616073146 2.0880122439150677 2.2838810687809143 2.0262876156140166 2.1613046553189226 2.2369779892674675 2.1356460584060457 1.9436251819951067
leaf_weight=181 128 198 263 636 312 39 90 761 19 227 147 209 402 336 368 104 91 71 303 84 129 272 593 250 43 283 67 153 174 144 50 667 275 19 97 320 76 254 10.999999999999998 516 943 545 277 83 120 114 346 9.9999999999999982 208 303 294 858 399 506 100 104 68 19 289 497 14.999999999999998 28 229 250 39 129 377
leaf_count=181 128 198 263 636 312 39 90 761 19 227 147 209 402 336 368 104 91 71 303 84 129 272 593 250 43 283 67 153 174 144 50 667 275 19 97 320 76 254 11 516 943 545 277 83 120 114 346 10 208 303 294 858 399 506 100 104 68 19 289 497 15 28 229 250 39 129 377
model_size=7536
internal_value=2.07195 2.03789 2.19622 2.07259 2.15739 2.00039 2.1449 2.05251 2.17679 2.02716 2.28999 1.98123 2.19841 2.12609 2.05582 2.00269 2.2124 2.07655 2.23355 2.03561 2.24376 2.0009 2.02938 2.21831 2.10021 2.08053 2.16682 2.09704 2.25454 2.15468 2.12256 1.99203 2.01363 2.32271 2.29347 1.96188 2.07953 2.0945 2.11198 2.0994 2.01551 2.04741 1.97952 2.08924 2.15586 2.04057 2.34226 2.14703 2.05827 1.98076 2 2.0558 2.0327 1.98149 2.04369 2.15922 2.1212 2.18939 1.97563 1.95182 2.19741 2.20695 2.05202 2.14104 2.29582 2.15403 1.95963
internal_weight=0 12960 3552 6731 2512 6229 1463 5268 896 2599 1040 3630 733 1601 1197 1402 911 2174 663 3094 431 1800 2717 572 1016 377 469 430 264 773 277 1491 547 609 244 1830 163 567 369 828 1536 1181 944 844 248 503 365 94 322 636 333 1158 767 899 309 115 87 322 795 1194 187 172 1087 586 168 172 874
internal_count=16512 12960 3552 6731 2512 6229 1463 5268 896 2599 1040 3630 733 1601 1197 1402 911 2174 663 3094 431 1800 2717 572 1016 377 469 430 264 773 277 1491 547 609 244 1830 163 567 369 828 1536 1181 944 844 248 503 365 94 322 636 333 1158 767 899 309 115 87 322 795 1194 187 172 1087 586 168 172 874
is_linear=0
shrinkage=1


Tree=1
num_leaves= 56
num_cat= 0
full_tree_array_lgbids= 0 1 2 5 3 4 12 16 6 7 10 19 15 21 48 17 -18 9 13 8 41 22 23 47 24 33 25 54 -23 -14 -50 26 39 -2147483648 -2147483648 18 52 14 37 29 11 -9 -43 28 34 32 45 -2 -49 -21 35 49 -35 -17 -27 -4 -56 -2147483648 -2147483648 -2147483648 -2147483648 -2147483648 -2147483648 -1 27 -19 -41 -2147483648 -2147483648 -2147483648 -2147483648 36 53 -11 -54 20 44 43 -39 30 -31 40 31 -2147483648 -2147483648 -2147483648 -2147483648 42 38 -24 -36 51 -34 46 50 -2147483648 -2147483648 -2147483648 -2147483648 -2147483648 -2147483648 -26 -37 -6 -51 -2147483648 -2147483648 -2147483648 -2147483648 -2147483648 -2147483648 -2147483648 -2147483648 -2147483648 -2147483648 -2147483648 -2147483648 -2147483648 -2147483648 -2147483648 -2147483648 -2147483648 -2147483648 -2147483648 -2147483648 -2147483648 -2147483648 -2147483648 -2147483648 -28 -29 -2147483648 -2147483648 -2147483648 -2147483648 -2147483648 -2147483648 -2147483648 -2147483648 -2147483648 -2147483648 -2147483648 -2147483648 -7 -38 -20 -55 -2147483648 -2147483648 -2147483648 -2147483648 -8 -22 -16 -46 -15 -45 -2147483648 -2147483648 -3 -32 -2147483648 -2147483648 -10 -42 -13 -33 -2147483648 -2147483648 -2147483648 -2147483648 -2147483648 -2147483648 -2147483648 -2147483648 -5 -44 -30 -40 -2147483648 -2147483648 -2147483648 -2147483648 -12 -53 -2147483648 -2147483648 -25 -48 -47 -52 -2147483648 -2147483648 -2147483648 -2147483648 -2147483648 -2147483648 -2147483648 -2147483648 -2147483648 -2147483648 -2147483648 -2147483648 -2147483648 -2147483648 -2147483648 -2147483648 -2147483648 -2147483648 -2147483648 -2147483648 -2147483648 -2147483648 -2147483648 -2147483648 -2147483648 -2147483648 -2147483648 -2147483648 -2147483648 -2147483648 -2147483648 -2147483648 -2147483648 -2147483648 -2147483648 -2147483648 -2147483648 -2147483648 -2147483648 -2147483648 -2147483648 -2147483648 -2147483648 -2147483648 -2147483648 -2147483648 -2147483648 -2147483648 -2147483648 -2147483648 -2147483648 -2147483648 -2147483648 -2147483648 -2147483648 -2147483648 -2147483648 -2147483648 -2147483648 -2147483648 -2147483648 -2147483648 -2147483648 -2147483648
split_feature= 1 1 1 6 6 6 7 7 2 8 1 6 1 8 7 1 7 8 6 2 8 2 2 6 6 2 7 8 3 8 7 8 2 6 8 1 7 8 7 2 8 8 6 7 7 8 7 1 5 7 7 7 8 7 4
split_gain= 5643.83 1352.91 1030.45 775.752 339.534 257.345 183.511 182.261 175.683 140.423 129.806 122.245 110.649 102.948 128.475 101.641 89.2983 97.7885 79.4294 68.8969 67.5678 64.8114 53.8125 49.9068 42.9038 39.8565 34.8679 49.701 32.1463 31.0123 36.6996 29.3576 26.2108 25.3637 24.6677 18.4986 16.7384 15.9616 15.9604 12.2578 10.4041 10.1112 10.1082 8.97958 6.6161 6.57474 7.93133 6.21386 3.99327 3.53704 3.17139 2.95029 1.24792 1.18495 0.171061
threshold= 5.0387000000000013 3.1097000000000006 6.8672000000000013 2.4136952392348086 2.5763869593405579 2.1628386478062818 34.455000000000005 37.935000000000009 24.500000000000004 -117.77499999999999 4.1119000000000012 1.9628175980828908 8.4454500000000028 -121.63499999999998 37.895000000000003 5.8308000000000009 37.945000000000007 -118.24499999999999 3.442186331338819 21.500000000000004 -122.31499999999998 26.500000000000004 44.500000000000007 2.9291766686969298 2.0653737590585881 27.500000000000004 34.655000000000008 -122.35499999999998 4.7926201822371182 -118.29499999999999 34.155000000000008 -122.33499999999999 42.500000000000007 3.0298305221858191 -122.40499999999999 5.5682000000000009 34.045000000000009 -119.84499999999998 34.435000000000009 28.500000000000004 -122.40499999999999 -122.35499999999998 3.1424162072895592 35.955000000000005 38.665000000000006 -121.46499999999999 37.915000000000006 5.6402500000000009 70.000000000000014 37.925000000000004 34.655000000000008 37.765000000000008 -116.53499999999998 34.045000000000009 1.0097363099187924
decision_type= 2 2 2 2 2 2 2 2 2 2 2 2 2 2 2 2 2 2 2 2 2 2 2 2 2 2 2 2 2 2 2 2 2 2 2 2 2 2 2 2 2 2 2 2 2 2 2 2 2 2 2 2 2 2 2
left_child=1 5 4 7 19 16 9 8 29 18 22 40 21 14 20 33 17 26 36 47 -8 54 28 32 -21 -17 -1 -28 42 30 -3 -13 51 49 -24 -26 -7 43 -30 -19 -10 -9 -5 -15 -16 46 -25 -2 -14 -6 -47 -12 -11 -20 -4
right_child=2 3 12 10 15 6 13 41 11 52 23 31 48 37 44 25 -18 39 53 24 -22 -23 34 45 35 -27 27 -29 38 -31 -32 -33 -34 -35 -36 -37 -38 -39 -40 -41 -42 -43 -44 -45 -46 50 -48 -49 -50 -51 -52 -53 -54 -55 -56
leaf_value= 0.086202864185294242 0.052561869384212923 0.14056201121459405 0.11059793351965697 0.003463501515629647 0.06002034080122505 -0.028351806001327157 0.060784796580749881 0.0218875631841636 0.22363129605035315 -0.080996896015207098 0.021989094026629692 0.15200140062967937 0.10762568108427029 -0.044707256627197454 -0.068773736431244389 0.066276688345453957 -0.073267109796920901 -0.061340620267356552 -0.065391584283729015 0.23644229949906817 -0.044301032444726184 0.21172485594009238 0.071342117762799528 0.030825261473457551 0.11132478339597583 0.12698353916567082 0.12930870007087544 -0.01009390209148699 -0.032242693228385688 -0.0034293641628664775 0.0335429930962289 0.068133369838587768 0.075349674228522373 0.011278638908851377 -0.010588466849351155 0.1712761836686926 0.012950644588565173 -0.124426451343424 -0.058812452943845295 0.0027811432670732249 0.14707573651212263 -0.048305650459384765 -0.036037648941425721 -0.10077127668613467 -0.11124278846755625 -0.015255583482670965 -0.038743699169976435 0.11832615825927482 0.24209449534497904 0.004399986923513846 -0.055307762242806785 -0.0168532001542274 -0.12288267713440351 -0.035224680583242601 0.15488111242500233
leaf_weight=152 110 60 147 359 444 431 96 86 61 764 598 75 11.999999999999998 91 196 550 231 215 673 86 381 246 86 188 180 215 41 214 855 256 218 552 132 521 226 221 368 662 1041 107 203 154 341 995 400 641 72 106 414 79 159 172 121 287 221
leaf_count=152 110 60 147 359 444 431 96 86 61 764 598 75 12 91 196 550 231 215 673 86 381 246 86 188 180 215 41 214 855 256 218 552 132 521 226 221 368 662 1041 107 203 154 341 995 400 641 72 106 414 79 159 172 121 287 221
model_size=6192
internal_value=0 -0.0306532 0.111843 0.00158447 0.076901 -0.0634427 -0.072104 0.0611526 0.0753514 -0.0523155 -0.0187812 0.103824 0.19624 -0.0906509 -0.0643244 0.0534143 -0.0141364 0.00460047 -0.0350039 0.137338 -0.0231517 0.167054 -0.0330448 0.0023597 0.160625 0.0833381 0.0399125 0.0123198 -0.0384579 0.027843 0.0566406 0.0781654 0.0223912 0.0314874 0.011995 0.144365 -0.0093289 -0.106811 -0.0468308 -0.0400331 0.164765 -0.0231531 -0.0157792 -0.0960735 -0.0972765 -0.014686 0.01156 0.0848351 0.238307 0.0516188 -0.023216 0.0133126 -0.0867237 -0.0563729 0.137192
internal_weight=0 12960 3552 6535 2512 6425 5465 1665 1425 2644 4870 891 1040 2821 1073 1809 960 729 1759 703 477 614 2908 1962 487 765 407 255 2596 534 278 627 902 1044 312 401 799 1748 1896 322 264 240 700 1086 596 1060 260 216 426 523 800 770 885 960 368
internal_count=16512 12960 3552 6535 2512 6425 5465 1665 1425 2644 4870 891 1040 2821 1073 1809 960 729 1759 703 477 614 2908 1962 487 765 407 255 2596 534 278 627 902 1044 312 401 799 1748 1896 322 264 240 700 1086 596 1060 260 216 426 523 800 770 885 960 368
is_linear=0
shrinkage=0.1


Tree=2
num_leaves= 49
num_cat= 0
full_tree_array_lgbids= 0 1 2 5 3 4 23 16 7 6 8 14 13 27 46 17 -18 9 11 -3 10 22 15 -2 20 36 38 -4 -29 -25 -48 24 37 -2147483648 -2147483648 18 -11 12 33 -2147483648 -2147483648 21 44 30 40 31 26 -2147483648 -2147483648 -16 29 -6 -38 -15 -40 -2147483648 -2147483648 -2147483648 -2147483648 -2147483648 -2147483648 -2147483648 -2147483648 -1 25 -19 -39 -2147483648 -2147483648 -2147483648 -2147483648 43 34 -2147483648 -2147483648 19 45 41 -35 -2147483648 -2147483648 -2147483648 -2147483648 32 28 -12 -46 39 -32 -24 -42 -10 42 47 35 -2147483648 -2147483648 -2147483648 -2147483648 -2147483648 -2147483648 -22 -31 -2147483648 -2147483648 -2147483648 -2147483648 -2147483648 -2147483648 -2147483648 -2147483648 -2147483648 -2147483648 -2147483648 -2147483648 -2147483648 -2147483648 -2147483648 -2147483648 -2147483648 -2147483648 -2147483648 -2147483648 -2147483648 -2147483648 -2147483648 -2147483648 -2147483648 -2147483648 -26 -27 -2147483648 -2147483648 -2147483648 -2147483648 -2147483648 -2147483648 -2147483648 -2147483648 -2147483648 -2147483648 -2147483648 -2147483648 -7 -45 -20 -36 -2147483648 -2147483648 -2147483648 -2147483648 -9 -21 -14 -47 -13 -43 -2147483648 -2147483648 -2147483648 -2147483648 -2147483648 -2147483648 -2147483648 -2147483648 -2147483648 -2147483648 -8 -34 -23 -30 -2147483648 -2147483648 -2147483648 -2147483648 -5 -41 -2147483648 -2147483648 -2147483648 -2147483648 -2147483648 -2147483648 -2147483648 -2147483648 -33 -44 -17 -49 -28 -37 -2147483648 -2147483648 -2147483648 -2147483648 -2147483648 -2147483648 -2147483648 -2147483648 -2147483648 -2147483648 -2147483648 -2147483648 -2147483648 -2147483648 -2147483648 -2147483648 -2147483648 -2147483648 -2147483648 -2147483648 -2147483648 -2147483648 -2147483648 -2147483648 -2147483648 -2147483648 -2147483648 -2147483648 -2147483648 -2147483648 -2147483648 -2147483648 -2147483648 -2147483648 -2147483648 -2147483648 -2147483648 -2147483648 -2147483648 -2147483648 -2147483648 -2147483648 -2147483648 -2147483648 -2147483648 -2147483648 -2147483648 -2147483648 -2147483648 -2147483648 -2147483648 -2147483648 -2147483648 -2147483648 -2147483648 -2147483648 -2147483648 -2147483648 -2147483648 -2147483648 -2147483648 -2147483648 -2147483648 -2147483648
split_feature= 1 1 1 6 6 6 2 7 1 8 7 8 7 1 2 6 7 8 6 8 6 6 2 1 7 8 8 2 1 1 3 2 2 8 7 7 6 2 2 7 8 7 8 8 8 7 5 7
split_gain= 4572.97 1178.15 755.989 667.987 254.633 226.663 160.794 157.145 125.961 121.875 96.4112 92.6679 109.228 90.4245 81.8151 81.6394 74.2831 85.2472 70.5346 53.5533 52.069 44.0678 40.9503 34.8552 29.5037 45.445 26.028 25.5972 24.4062 24.1634 23.8375 17.8926 13.6581 11.3837 11.1154 7.70966 7.13649 6.1755 5.26194 5.21328 4.51313 4.14096 3.89422 3.72216 3.61432 3.51708 0.970009 0.512184
threshold= 5.1326000000000009 3.1792500000000001 7.3930000000000016 2.2982753493904258 2.7472725830126556 2.1628386478062818 19.500000000000004 34.455000000000005 4.0612500000000002 -117.77499999999999 37.815000000000005 -121.63499999999998 37.915000000000006 6.2770500000000009 21.500000000000004 2.6829812717770039 37.935000000000009 -118.25499999999998 3.1336552646136835 -122.33499999999999 2.2038024706228287 1.9322222929778572 47.500000000000007 8.7395500000000013 34.655000000000008 -120.02499999999999 -121.895 28.500000000000004 3.8136000000000005 5.6042500000000013 5.1822875816993479 26.500000000000004 28.500000000000004 -119.94499999999998 34.035000000000004 34.655000000000008 3.1424162072895592 32.500000000000007 26.500000000000004 37.805000000000007 -122.29499999999999 35.645000000000003 -122.29499999999999 -118.395 -122.03499999999998 38.675000000000004 139.50000000000003 37.915000000000006
decision_type= 2 2 2 2 2 2 2 2 2 2 2 2 2 2 2 2 2 2 2 2 2 2 2 2 2 2 2 2 2 2 2 2 2 2 2 2 2 2 2 2 2 2 2 2 2 2 2 2
left_child=1 5 4 6 14 16 -3 9 22 18 21 12 19 36 -2 31 17 24 43 -9 -16 32 30 27 -1 -26 47 -4 -23 -22 39 -10 -8 41 -20 -28 -6 -19 -15 -5 -24 -13 -33 -7 -12 -14 -25 -17
right_child=2 3 23 8 13 7 10 11 15 -11 44 33 45 38 20 26 -18 37 34 -21 29 28 40 46 25 -27 35 -29 -30 -31 -32 42 -34 -35 -36 -37 -38 -39 -40 -41 -42 -43 -44 -45 -46 -47 -48 -49
leaf_value= 0.079770202234089038 0.069684750250946254 0.012906262232389835 0.14271523563374738 -0.012926653497714028 0.047829418741263979 0.039086678596293063 0.10083572531644353 0.05732021770261303 0.010407994223245676 -0.077461658079871626 0.041040505613992986 -0.038789454374320645 -0.060362194171175367 0.080818809790802859 0.20286296914170562 0.041796414285070367 -0.064430747510371159 -0.049544055125574561 -0.057213492146282824 -0.037337910849887065 0.087467355291031446 0.061337305652647306 0.068120955497026445 0.12262794375419617 0.031497055059691838 -0.10751857522286867 -0.0052237523257986146 0.20824634300590292 0.12234425876910489 0.14250468531219188 -0.043021747759836554 0.10989830801120171 0.17723832140517023 -0.11152723481032925 -0.025481827964771348 -0.034449881916848092 0.016625492257263907 0.012320070749534886 0.13888449970413658 -0.061848277082328498 -0.00044052452869856591 -0.089891024205683498 0.046967280402398705 -0.0084308900555138209 -0.044148300891352257 -0.099506536819655642 0.2248322902559545 -0.0073046147126902264
leaf_weight=167 310 350 264 1077 526 117 78 99 276 928 94 92 210 350 133 234 245 266 783 407 216 226 75 19 237 38 1024 164 228 387 1350 65 175 718 454 423 499 82 85 106 130 1017 357 517 43 412 346 113
leaf_count=167 310 350 264 1077 526 117 78 99 276 928 94 92 210 350 133 234 245 266 783 407 216 226 75 19 237 38 1024 164 228 387 1350 65 175 718 454 423 499 82 85 106 130 1017 357 517 43 412 346 113
model_size=5408
internal_value=0 -0.026347 0.105524 0.00458073 0.0782807 -0.0556119 0.0729608 -0.0636593 -0.0110303 -0.0457438 0.097865 -0.0806291 -0.0560236 0.0503741 0.117233 0.00634704 -0.0108727 0.00573702 -0.030012 -0.0188178 0.13726 0.114057 -0.0268464 0.191616 0.0377844 0.0122876 -0.00611287 0.167825 0.0919752 0.12279 -0.0310135 0.0383715 0.153683 -0.0958207 -0.0455674 -0.0137674 0.0326384 -0.0349669 0.092165 -0.0173102 0.0246429 -0.0856518 0.0566604 0.000338125 0.0143024 -0.0862906 0.219512 0.0258067
internal_weight=0 13213 3299 6424 2506 6789 1194 5754 5230 2799 844 2955 1128 1460 1046 2492 1035 790 1871 506 736 707 2738 793 442 275 1794 428 454 603 2533 698 253 1827 1237 1447 1025 348 435 1183 205 1109 422 634 137 622 365 347
internal_count=16512 13213 3299 6424 2506 6789 1194 5754 5230 2799 844 2955 1128 1460 1046 2492 1035 790 1871 506 736 707 2738 793 442 275 1794 428 454 603 2533 698 253 1827 1237 1447 1025 348 435 1183 205 1109 422 634 137 622 365 347
is_linear=0
shrinkage=0.1


Tree=3
num_leaves= 42
num_cat= 0
full_tree_array_lgbids= 0 1 3 4 2 5 27 11 7 6 8 23 17 29 -29 15 -13 10 13 -3 9 12 24 39 28 30 37 -5 -31 -2147483648 -2147483648 -1 22 -2147483648 -2147483648 18 -12 14 35 -2147483648 -2147483648 16 38 19 20 36 -26 -2 -41 -25 32 40 -32 -19 -39 -2147483648 -2147483648 -2147483648 -2147483648 -2147483648 -2147483648 -2147483648 -2147483648 -2147483648 -2147483648 33 -24 -2147483648 -2147483648 -2147483648 -2147483648 34 -20 -2147483648 -2147483648 25 -16 -15 -37 -2147483648 -2147483648 -2147483648 -2147483648 31 26 -11 -40 -4 -21 21 -22 -10 -38 -2147483648 -2147483648 -2147483648 -2147483648 -2147483648 -2147483648 -2147483648 -2147483648 -30 -34 -7 -42 -2147483648 -2147483648 -2147483648 -2147483648 -2147483648 -2147483648 -2147483648 -2147483648 -2147483648 -2147483648 -2147483648 -2147483648 -2147483648 -2147483648 -2147483648 -2147483648 -2147483648 -2147483648 -2147483648 -2147483648 -2147483648 -2147483648 -2147483648 -2147483648 -2147483648 -2147483648 -17 -35 -2147483648 -2147483648 -2147483648 -2147483648 -2147483648 -2147483648 -2147483648 -2147483648 -2147483648 -2147483648 -6 -36 -2147483648 -2147483648 -2147483648 -2147483648 -2147483648 -2147483648 -9 -27 -2147483648 -2147483648 -2147483648 -2147483648 -2147483648 -2147483648 -2147483648 -2147483648 -2147483648 -2147483648 -2147483648 -2147483648 -2147483648 -2147483648 -8 -33 -18 -28 -2147483648 -2147483648 -2147483648 -2147483648 -2147483648 -2147483648 -2147483648 -2147483648 -14 -23 -2147483648 -2147483648 -2147483648 -2147483648 -2147483648 -2147483648 -2147483648 -2147483648 -2147483648 -2147483648 -2147483648 -2147483648 -2147483648 -2147483648 -2147483648 -2147483648 -2147483648 -2147483648 -2147483648 -2147483648 -2147483648 -2147483648 -2147483648 -2147483648 -2147483648 -2147483648 -2147483648 -2147483648 -2147483648 -2147483648 -2147483648 -2147483648 -2147483648 -2147483648 -2147483648 -2147483648 -2147483648 -2147483648 -2147483648 -2147483648 -2147483648 -2147483648 -2147483648 -2147483648 -2147483648 -2147483648 -2147483648 -2147483648 -2147483648 -2147483648 -2147483648 -2147483648 -2147483648 -2147483648 -2147483648 -2147483648 -2147483648 -2147483648 -2147483648 -2147483648 -2147483648 -2147483648 -2147483648 -2147483648 -2147483648 -2147483648 -2147483648 -2147483648 -2147483648 -2147483648 -2147483648 -2147483648 -2147483648 -2147483648
split_feature= 1 1 6 1 6 6 2 7 1 7 8 7 8 8 7 8 6 1 6 7 7 8 8 2 6 8 1 1 6 2 2 1 1 2 8 1 2 2 7 5 2
split_gain= 3713.41 1029.57 570.29 529.408 185.85 176.715 127.149 126.798 110.782 102.222 98.817 68.7758 61.0307 60.8889 69.1538 59.6588 57.8339 53.5496 52.9052 48.486 40.6169 54.3651 37.9712 33.1814 29.6669 25.8189 24.6333 24.2698 19.7579 17.0841 16.0382 14.9219 9.96441 9.23907 9.15638 5.09932 4.73218 4.22949 2.0473 1.20613 0.225331
threshold= 5.2771000000000017 3.1913000000000005 2.3722374117110965 7.3930000000000016 2.2352443515477258 2.6585924622132828 19.500000000000004 34.455000000000005 4.5301500000000017 37.815000000000005 -117.77499999999999 37.935000000000009 -122.38499999999998 -121.63499999999998 37.915000000000006 -122.31499999999998 2.0231950334409352 6.3350000000000009 3.4287187039764357 38.735000000000007 37.945000000000007 -117.79499999999999 -117.145 21.500000000000004 2.8335312747426764 -122.33499999999999 3.8769000000000005 8.7395500000000013 2.2038024706228287 20.500000000000004 36.500000000000007 3.8769000000000005 6.3350000000000009 27.500000000000004 -118.395 2.2210000000000005 21.500000000000004 26.500000000000004 37.995000000000012 374.50000000000006 16.500000000000004
decision_type= 2 2 2 2 2 2 2 2 2 2 2 2 2 2 2 2 2 2 2 2 2 2 2 2 2 2 2 2 2 2 2 2 2 2 2 2 2 2 2 2 2
left_child=1 4 6 5 11 23 -3 10 12 16 18 15 19 14 25 -1 31 30 34 -4 21 -14 33 39 36 -9 -18 29 -25 -5 40 -8 -30 -17 -6 -15 -10 -19 -11 -2 -7
right_child=3 2 8 27 7 17 9 13 24 38 -12 -13 20 35 -16 22 26 37 -20 -21 -22 -23 -24 28 -26 -27 -28 -29 32 -31 -32 -33 -34 -35 -36 -37 -38 -39 -40 -41 -42
leaf_value= 0.11417599623091519 -0.01841015860438347 0.012011731522824906 0.048350571310360115 0.11571726900040669 0.03468037621359215 0.014775112200870378 0.10423744030686438 0.041809092321352145 0.0066931596488840036 0.03911260822094343 -0.071354490615309255 -0.058376814496354561 -0.010097423480912519 -0.099822901575963602 -0.078080760020825826 -0.014594778623165831 0.040290111813833136 0.075289286029227603 -0.045054762197422382 -0.078893766384951935 -0.055039131607244586 -0.048160601853111759 -0.061652177352780141 0.1873428086594989 0.00033706254586828 -0.035351008509978195 0.098365933599994126 0.19756085711799257 0.10163540144858417 0.17454726047494995 0.10565831826310862 0.16532541011891716 0.15682595044794218 0.024211353688537371 -0.013817536421187169 -0.076631154636950832 0.049999013916527613 0.12856570755203184 -0.028333745425740298 0.085728792730757661 0.044538268180650604
leaf_weight=58 20 423 263 171 141 321 196 92 176 94 894 323 2224 779 590 350 233 342 1017 49 529 649 149 108 892 385 282 365 272 257 73 164 142 387 695 994 415 104 86 192 616
leaf_count=58 20 423 263 171 141 321 196 92 176 94 894 323 2224 779 590 350 233 342 1017 49 529 649 149 108 892 385 282 365 272 257 73 164 142 387 695 994 415 104 86 192 616
model_size=4624
internal_value=0 -0.0223229 0.00587889 0.101242 -0.0497881 0.0754567 0.061564 -0.0580078 -0.00995766 0.0814318 -0.0416181 -0.0135423 -0.0199187 -0.0738608 -0.0523255 0.00179836 0.0967665 0.0542659 -0.0272714 0.0283667 -0.024347 -0.0186958 -0.00555819 0.117492 0.0149887 -0.020469 0.0720909 0.172454 0.134381 0.151043 0.0394965 0.132066 0.120565 0.00578239 -0.00563786 -0.0868209 0.0371025 0.0877125 0.00688824 0.0759044 0.0343419
internal_weight=0 13529 6675 2983 6854 2190 1478 5587 5197 1055 2747 1267 3714 2840 1067 944 875 1456 1853 312 3402 2873 886 734 1483 477 515 793 522 428 1010 360 414 737 836 1773 591 446 180 212 937
internal_count=16512 13529 6675 2983 6854 2190 1478 5587 5197 1055 2747 1267 3714 2840 1067 944 875 1456 1853 312 3402 2873 886 734 1483 477 515 793 522 428 1010 360 414 737 836 1773 591 446 180 212 937
is_linear=0
shrinkage=0.1


Tree=4
num_leaves= 39
num_cat= 0
full_tree_array_lgbids= 0 1 3 4 2 6 21 8 5 7 11 24 18 -5 -23 23 14 9 12 -3 10 15 16 -2 25 32 35 -2147483648 -2147483648 -2147483648 -2147483648 30 -25 -10 17 -6 20 22 34 -2147483648 -2147483648 -9 13 26 37 28 -18 -2147483648 -2147483648 -26 -27 36 -34 -20 -37 -2147483648 -2147483648 -2147483648 -2147483648 -2147483648 -2147483648 -2147483648 -2147483648 -1 -32 -2147483648 -2147483648 -2147483648 -2147483648 -16 19 -2147483648 -2147483648 33 -22 -7 -24 -14 -36 -2147483648 -2147483648 -2147483648 -2147483648 -2147483648 -2147483648 31 -15 27 -28 -17 -39 29 -30 -2147483648 -2147483648 -2147483648 -2147483648 -2147483648 -2147483648 -2147483648 -2147483648 -2147483648 -2147483648 -8 -38 -2147483648 -2147483648 -2147483648 -2147483648 -2147483648 -2147483648 -2147483648 -2147483648 -2147483648 -2147483648 -2147483648 -2147483648 -2147483648 -2147483648 -2147483648 -2147483648 -2147483648 -2147483648 -2147483648 -2147483648 -2147483648 -2147483648 -2147483648 -2147483648 -2147483648 -2147483648 -2147483648 -2147483648 -2147483648 -2147483648 -2147483648 -2147483648 -2147483648 -2147483648 -2147483648 -2147483648 -19 -21 -2147483648 -2147483648 -2147483648 -2147483648 -11 -35 -2147483648 -2147483648 -2147483648 -2147483648 -2147483648 -2147483648 -2147483648 -2147483648 -2147483648 -2147483648 -2147483648 -2147483648 -2147483648 -2147483648 -2147483648 -2147483648 -2147483648 -2147483648 -2147483648 -2147483648 -2147483648 -2147483648 -12 -33 -2147483648 -2147483648 -4 -29 -2147483648 -2147483648 -2147483648 -2147483648 -2147483648 -2147483648 -13 -31 -2147483648 -2147483648 -2147483648 -2147483648 -2147483648 -2147483648 -2147483648 -2147483648 -2147483648 -2147483648 -2147483648 -2147483648 -2147483648 -2147483648 -2147483648 -2147483648 -2147483648 -2147483648 -2147483648 -2147483648 -2147483648 -2147483648 -2147483648 -2147483648 -2147483648 -2147483648 -2147483648 -2147483648 -2147483648 -2147483648 -2147483648 -2147483648 -2147483648 -2147483648 -2147483648 -2147483648 -2147483648 -2147483648 -2147483648 -2147483648 -2147483648 -2147483648 -2147483648 -2147483648 -2147483648 -2147483648 -2147483648 -2147483648 -2147483648 -2147483648 -2147483648 -2147483648 -2147483648 -2147483648 -2147483648 -2147483648 -2147483648 -2147483648 -2147483648 -2147483648 -2147483648 -2147483648 -2147483648 -2147483648 -2147483648 -2147483648 -2147483648 -2147483648 -2147483648 -2147483648
split_feature= 1 1 6 1 6 1 6 2 1 3 6 1 3 7 2 2 6 8 1 7 7 2 6 7 2 4 8 7 7 8 8 8 6 8 2 2 2 8
split_gain= 3011.82 987.468 420.629 306.33 243.523 121.394 107.184 105.602 99.0822 89.2323 82.4325 76.0267 57.0918 51.2067 36.5808 30.9829 29.1567 26.0066 22.2721 21.4048 14.8124 10.7871 9.94456 8.97635 8.92517 8.90955 7.35606 13.1286 7.20767 10.8903 7.18158 5.0817 4.89005 4.52307 3.37661 1.79869 1.09921 1.05065
threshold= 5.6042500000000013 3.5488500000000003 2.4469862317432325 7.7055000000000016 2.2352443515477258 2.5205000000000006 2.6529733204757315 20.500000000000004 2.5510500000000005 3.6193833748516839 1.9628175980828908 4.5301500000000017 4.7252880533656763 37.935000000000009 21.500000000000004 42.500000000000007 2.9742256672023202 -122.35499999999998 6.5626000000000007 34.455000000000005 35.335000000000008 18.500000000000004 3.2651338971106418 38.515000000000008 21.500000000000004 1.0435797675926601 -117.79499999999999 34.525000000000013 37.925000000000004 -117.90499999999999 -117.145 -117.16499999999998 3.1424162072895592 -117.50499999999998 49.500000000000007 26.500000000000004 39.500000000000007 -122.43499999999999
decision_type= 2 2 2 2 2 2 2 2 2 2 2 2 2 2 2 2 2 2 2 2 2 2 2 2 2 2 2 2 2 2 2 2 2 2 2 2 2 2
left_child=1 4 7 6 8 9 24 -3 23 -6 -9 15 22 31 -10 26 28 -16 32 -19 33 -5 -7 30 -2 -26 27 -4 29 -13 -1 -12 36 -11 -14 -20 -8 -17
right_child=3 2 11 21 5 12 18 10 14 20 13 16 34 -15 17 37 -18 19 35 -21 -22 -23 -24 -25 25 -27 -28 -29 -30 -31 -32 -33 -34 -35 -36 -37 -38 -39
leaf_value= -0.011328579816438604 0.085493926852169999 0.017044853592464406 0.00031278149132746465 0.13146346533212111 -0.025723427803620687 -0.0042875242246054194 0.058335216739158716 0.13936084555158088 -0.016862218636546102 -0.048936288134019408 0.079035510413519403 0.048915224489235881 -0.049347488754734305 -0.0079279357997270733 0.1150566234625876 0.071931134079667655 -0.00089212069794321564 0.053157651947573728 0.074361076482060945 -0.004261137157226441 -0.082838070876899636 0.17696428185019072 -0.033107511333795414 -0.069339941791844495 0.11374493269801965 0.16842572537510575 -0.041534832171742628 -0.026893627859847388 -0.0065133414806469395 0.0013602299188884596 -0.065826679664501633 -0.029413295315489887 0.027258410025166963 -0.078010174966265167 -0.0042985929280583719 0.12570127303401629 0.15621449292044751 0.0098161583604520226
leaf_weight=451 169 447 801 207 607 794 414 226 244 727 671 610 1989 117 70 66 931 298 310 207 1436 463 616 159 253 147 447 941 153 168 109 21 316 447 116 105 22 237
leaf_count=451 169 447 801 207 607 794 414 226 244 727 671 610 1989 117 70 66 931 298 310 207 1436 463 616 159 253 147 447 941 153 168 109 21 316 447 116 105 22 237
model_size=4288
internal_value=0 -0.0176934 0.014101 0.103734 -0.0401302 -0.0486432 0.0808965 0.0611351 -0.00286791 -0.0637292 0.0801769 -0.00190833 -0.0348362 0.0636435 0.0230751 -0.0146664 0.0151663 0.0400224 0.0620837 0.0296216 -0.0725681 0.162907 -0.0168784 -0.0324191 0.119481 0.13384 -0.019928 -0.0143837 0.0312248 0.0386463 -0.0219362 0.0757444 0.0481398 -0.0600062 -0.046865 0.0873508 0.0632741 0.0233462
internal_weight=0 14106 5836 2406 8270 6732 1736 1482 1538 3217 1035 4354 3515 809 819 2492 1862 575 1167 505 2610 670 1410 719 569 400 2189 1742 931 778 560 692 752 1174 2105 415 436 303
internal_count=16512 14106 5836 2406 8270 6732 1736 1482 1538 3217 1035 4354 3515 809 819 2492 1862 575 1167 505 2610 670 1410 719 569 400 2189 1742 931 778 560 692 752 1174 2105 415 436 303
is_linear=0
shrinkage=0.1


Tree=5
num_leaves= 34
num_cat= 0
full_tree_array_lgbids= 0 1 2 5 3 4 8 16 12 6 9 22 19 13 32 26 -18 -7 18 7 -8 17 14 -2 23 -6 24 -4 -15 -10 -34 27 -28 -2147483648 -2147483648 -2147483648 -2147483648 -14 29 28 10 -2147483648 -2147483648 -5 25 20 30 -2147483648 -2147483648 -24 -25 -2147483648 -2147483648 -21 -26 -2147483648 -2147483648 -2147483648 -2147483648 -2147483648 -2147483648 -2147483648 -2147483648 -1 -29 -2147483648 -2147483648 -2147483648 -2147483648 -2147483648 -2147483648 -2147483648 -2147483648 -2147483648 -2147483648 -2147483648 -2147483648 -20 -31 -3 -30 11 15 -2147483648 -2147483648 -2147483648 -2147483648 -2147483648 -2147483648 31 -27 21 -22 -16 -32 -2147483648 -2147483648 -2147483648 -2147483648 -2147483648 -2147483648 -2147483648 -2147483648 -2147483648 -2147483648 -2147483648 -2147483648 -2147483648 -2147483648 -2147483648 -2147483648 -2147483648 -2147483648 -2147483648 -2147483648 -2147483648 -2147483648 -2147483648 -2147483648 -2147483648 -2147483648 -2147483648 -2147483648 -2147483648 -2147483648 -2147483648 -2147483648 -2147483648 -2147483648 -2147483648 -2147483648 -2147483648 -2147483648 -2147483648 -2147483648 -2147483648 -2147483648 -2147483648 -2147483648 -2147483648 -2147483648 -2147483648 -2147483648 -2147483648 -2147483648 -2147483648 -2147483648 -2147483648 -2147483648 -2147483648 -2147483648 -2147483648 -2147483648 -2147483648 -2147483648 -2147483648 -2147483648 -2147483648 -2147483648 -2147483648 -2147483648 -2147483648 -2147483648 -9 -13 -12 -17 -2147483648 -2147483648 -2147483648 -2147483648 -2147483648 -2147483648 -2147483648 -2147483648 -2147483648 -2147483648 -2147483648 -2147483648 -19 -33 -2147483648 -2147483648 -11 -23 -2147483648 -2147483648 -2147483648 -2147483648 -2147483648 -2147483648 -2147483648 -2147483648 -2147483648 -2147483648 -2147483648 -2147483648 -2147483648 -2147483648 -2147483648 -2147483648 -2147483648 -2147483648 -2147483648 -2147483648 -2147483648 -2147483648 -2147483648 -2147483648 -2147483648 -2147483648 -2147483648 -2147483648 -2147483648 -2147483648 -2147483648 -2147483648 -2147483648 -2147483648 -2147483648 -2147483648 -2147483648 -2147483648 -2147483648 -2147483648 -2147483648 -2147483648 -2147483648 -2147483648 -2147483648 -2147483648 -2147483648 -2147483648 -2147483648 -2147483648 -2147483648 -2147483648 -2147483648 -2147483648 -2147483648 -2147483648 -2147483648 -2147483648 -2147483648 -2147483648 -2147483648 -2147483648 -2147483648 -2147483648 -2147483648 -2147483648 -2147483648 -2147483648 -2147483648 -2147483648
split_feature= 1 1 1 6 6 3 7 8 1 1 8 7 1 2 6 7 6 3 6 2 7 8 2 6 6 2 7 8 7 3 8 7 8
split_gain= 2450.54 614.172 442.295 372.941 122.218 109.954 109.705 103.505 86.9364 80.7869 48.1129 105.628 39.4041 38.6171 31.2879 25.7387 21.9674 20.3565 18.2152 18.0488 14.9234 21.3784 12.3101 16.3809 9.46671 9.3695 7.23511 10.761 5.85816 4.4794 2.74669 0.592865 0.346695
threshold= 5.0387000000000013 2.7820000000000005 6.3963500000000009 2.4136952392348086 2.5288691539219195 3.8792159595040387 37.995000000000012 -122.35499999999998 7.852450000000001 3.8346500000000003 -117.98499999999999 34.155000000000008 1.9486000000000003 26.500000000000004 3.016322398451238 33.695000000000007 2.8941056667066012 4.8809487864875196 2.2982753493904258 16.500000000000004 37.875000000000007 -122.21499999999999 16.500000000000004 2.0653737590585881 3.1519910337552743 44.500000000000007 37.935000000000009 -118.21499999999999 37.765000000000008 4.3645181386446135 -121.48499999999999 34.415000000000006 -118.00499999999998
decision_type= 2 2 2 2 2 2 2 2 2 2 2 2 2 2 2 2 2 2 2 2 2 2 2 2 2 2 2 2 2 2 2 2 2
left_child=1 5 4 6 22 16 7 28 13 17 11 -9 -7 -4 20 -12 26 -5 -14 -6 21 -11 -2 -24 -21 31 27 -1 -3 -20 -16 -19 -10
right_child=2 3 8 9 19 12 -8 10 32 14 15 -13 18 -15 30 -17 -18 25 29 24 -22 -23 23 -25 -26 -27 -28 -29 -30 -31 -32 -33 -34
leaf_value= 0.024328450411720923 0.041960799130450553 0.074276133015519011 0.072963614242986918 -0.014089925779697707 0.0057131148056861029 -0.076084737810270406 -0.029430314094877674 0.088739471339718684 0.15982517514329558 0.080056036401050856 0.024943830409357628 0.021323830323297845 -0.024508202074984262 0.12805363982796478 0.0087907234007288393 -0.043759041857977944 -0.036259362252056268 -0.027297033935624146 -0.03516797395096187 0.05008301369616041 -0.018639506829029977 0.01300860206139192 0.15490452913763494 0.085511681385775126 0.015451964749884389 0.0021311454977785077 -0.060743780297908327 -0.026193759640749627 0.14617744032293559 -0.061015924526923539 -0.023566508771095437 -0.049623492080128111 0.11777390345822612
leaf_weight=329 116 80 491 1239 467 1169 268 456 463 99 279 692 502 312 269 145 833 648 463 775 311 1066 95 339 348 169 67 184 124 1549 972 1047 146
leaf_count=329 116 80 491 1239 467 1169 268 456 463 99 279 692 502 312 269 145 833 648 463 775 311 1066 95 339 348 169 67 184 124 1549 972 1047 146
model_size=3728
internal_value=0 -0.0202472 0.0738748 -0.00245057 0.0445942 -0.0477104 0.035233 0.0449908 0.118252 -0.0156852 0.0355188 0.0481022 -0.0575733 0.0943685 -0.00167321 0.00144874 -0.0220025 -0.0279541 -0.0489656 0.0294715 0.0108373 0.0187062 0.0883124 0.100701 0.0393514 -0.0371696 -0.00152659 0.00620742 0.117981 -0.0550678 -0.0165527 -0.0410881 0.149744
internal_weight=0 12960 3552 7864 2140 5096 2044 1776 1412 5820 1572 1148 3683 803 2717 424 1413 3103 2514 1590 1476 1165 550 434 1123 1864 580 513 204 2012 1241 1695 609
internal_count=16512 12960 3552 7864 2140 5096 2044 1776 1412 5820 1572 1148 3683 803 2717 424 1413 3103 2514 1590 1476 1165 550 434 1123 1864 580 513 204 2012 1241 1695 609
is_linear=0
shrinkage=0.1


Tree=6
num_leaves= 29
num_cat= 0
full_tree_array_lgbids= 0 1 3 4 2 6 18 15 7 5 12 22 17 23 -20 -1 21 9 11 8 -7 13 24 -2 -24 26 -19 -5 -25 -2147483648 -2147483648 -2147483648 -2147483648 -17 -23 -6 -11 20 25 -3 10 -2147483648 -2147483648 14 -15 -14 -26 -2147483648 -2147483648 -2147483648 -2147483648 27 -28 -2147483648 -2147483648 -2147483648 -2147483648 -2147483648 -2147483648 -2147483648 -2147483648 -2147483648 -2147483648 -2147483648 -2147483648 -2147483648 -2147483648 -2147483648 -2147483648 -2147483648 -2147483648 -2147483648 -2147483648 -2147483648 -2147483648 -9 -22 -13 -27 -2147483648 -2147483648 -10 19 -2147483648 -2147483648 -2147483648 -2147483648 -4 16 -2147483648 -2147483648 -2147483648 -2147483648 -2147483648 -2147483648 -2147483648 -2147483648 -2147483648 -2147483648 -2147483648 -2147483648 -2147483648 -2147483648 -8 -29 -2147483648 -2147483648 -2147483648 -2147483648 -2147483648 -2147483648 -2147483648 -2147483648 -2147483648 -2147483648 -2147483648 -2147483648 -2147483648 -2147483648 -2147483648 -2147483648 -2147483648 -2147483648 -2147483648 -2147483648 -2147483648 -2147483648 -2147483648 -2147483648 -2147483648 -2147483648 -2147483648 -2147483648 -2147483648 -2147483648 -2147483648 -2147483648 -2147483648 -2147483648 -2147483648 -2147483648 -2147483648 -2147483648 -2147483648 -2147483648 -2147483648 -2147483648 -2147483648 -2147483648 -2147483648 -2147483648 -2147483648 -2147483648 -2147483648 -2147483648 -2147483648 -2147483648 -2147483648 -2147483648 -2147483648 -2147483648 -2147483648 -2147483648 -2147483648 -2147483648 -12 -21 -2147483648 -2147483648 -2147483648 -2147483648 -2147483648 -2147483648 -2147483648 -2147483648 -2147483648 -2147483648 -16 -18 -2147483648 -2147483648 -2147483648 -2147483648 -2147483648 -2147483648 -2147483648 -2147483648 -2147483648 -2147483648 -2147483648 -2147483648 -2147483648 -2147483648 -2147483648 -2147483648 -2147483648 -2147483648 -2147483648 -2147483648 -2147483648 -2147483648 -2147483648 -2147483648 -2147483648 -2147483648 -2147483648 -2147483648 -2147483648 -2147483648 -2147483648 -2147483648 -2147483648 -2147483648 -2147483648 -2147483648 -2147483648 -2147483648 -2147483648 -2147483648 -2147483648 -2147483648 -2147483648 -2147483648 -2147483648 -2147483648 -2147483648 -2147483648 -2147483648 -2147483648 -2147483648 -2147483648 -2147483648 -2147483648 -2147483648 -2147483648 -2147483648 -2147483648 -2147483648 -2147483648 -2147483648 -2147483648 -2147483648 -2147483648 -2147483648 -2147483648 -2147483648 -2147483648 -2147483648 -2147483648 -2147483648 -2147483648 -2147483648 -2147483648 -2147483648 -2147483648
split_feature= 1 1 6 1 6 7 6 1 2 3 6 3 8 7 8 1 6 6 1 8 8 2 7 2 7 2 8 7
split_gain= 2000.82 585.155 311.465 243.194 120.138 98.8087 85.6645 78.9245 65.1193 52.6014 51.2607 47.5535 44.9677 49.1233 45.1556 25.3338 23.5682 16.6147 13.8652 13.0416 10.8579 8.61698 8.12507 7.73824 3.4045 2.1885 1.94021 3.13129
threshold= 5.3736000000000006 3.3277500000000004 2.5288691539219195 7.2638000000000007 2.0376051459673437 37.935000000000009 2.5763869593405579 2.2210000000000005 19.500000000000004 3.4845502266762112 2.0231950334409352 4.6437571666840416 -117.79499999999999 37.815000000000005 -122.24499999999999 2.5205000000000006 2.9005380231986346 3.0375944537846187 9.1688500000000008 -122.33499999999999 -122.38499999999998 21.500000000000004 37.955000000000005 28.500000000000004 33.715000000000011 51.500000000000007 -117.87499999999999 37.935000000000009
decision_type= 2 2 2 2 2 2 2 2 2 2 2 2 2 2 2 2 2 2 2 2 2 2 2 2 2 2 2 2
left_child=1 4 5 6 15 8 22 9 -3 -6 -10 20 13 14 -4 -1 -16 26 23 -12 -9 -17 -2 -5 -14 -13 27 -8
right_child=3 2 12 18 7 -7 17 11 10 -11 19 25 24 -15 16 21 -18 -19 -20 -21 -22 -23 -24 -25 -26 -27 -28 -29
leaf_value= -0.019616055246312304 0.10161925336527466 0.013426679850301959 0.056464132315119389 0.091523714761230612 -0.018221543932922257 -0.016764816521780673 0.075721829156353615 0.043066034224605011 0.10376506617529752 -0.063585626022910444 0.10722339706288445 -0.043789185888849329 -0.018730149180023897 -0.030024120975133923 0.016733096134562111 -0.013132040427317696 -0.010095007197703039 0.026480221415025842 0.15041099689337181 0.043680926801360438 -0.018738480766443012 0.043598743407047766 0.0039315076364624885 0.13756201403331386 -0.053410750694562498 0.0017108747358056339 0.024972701215054353 0.021145018408136384
leaf_weight=429 487 440 220 341 424 303 494 84 336 2048 90 2233 416 736 958 126 1615 683 304 818 1683 292 31 209 357 111 153 91
leaf_count=429 487 440 220 341 424 303 494 84 336 2048 90 2233 416 736 958 126 1615 683 304 818 1683 292 31 209 357 111 153 91
model_size=3168
internal_value=0 -0.0157834 0.00703864 0.077527 -0.0351008 0.0408023 0.0571676 -0.0400213 0.0511603 -0.0558047 0.0645066 -0.0305304 -0.00855606 -0.00281915 0.0043498 0.00314157 -0.000106153 0.0430947 0.123753 0.0499792 -0.0158004 0.0264981 0.0957731 0.109018 -0.0347469 -0.0416345 0.058471 0.0672321
internal_weight=0 13719 6289 2793 7430 1987 1939 6583 1684 2472 1244 4111 4302 3529 2793 847 2573 1421 854 908 1767 418 518 550 773 2344 738 585
internal_count=16512 13719 6289 2793 7430 1987 1939 6583 1684 2472 1244 4111 4302 3529 2793 847 2573 1421 854 908 1767 418 518 550 773 2344 738 585
is_linear=0
shrinkage=0.1


Tree=7
num_leaves= 31
num_cat= 0
full_tree_array_lgbids= 0 2 1 5 3 4 6 17 20 7 8 12 13 14 -8 26 -19 -7 -22 -4 11 9 23 -2 18 -6 16 -3 -16 -2147483648 -2147483648 27 -28 -2147483648 -2147483648 -2147483648 -2147483648 -2147483648 -2147483648 -2147483648 -2147483648 19 -13 10 -11 24 -25 -2147483648 -2147483648 -14 -20 -2147483648 -2147483648 21 -18 -2147483648 -2147483648 -2147483648 -2147483648 -2147483648 -2147483648 -2147483648 -2147483648 -1 -29 -2147483648 -2147483648 -2147483648 -2147483648 -2147483648 -2147483648 -2147483648 -2147483648 -2147483648 -2147483648 -2147483648 -2147483648 -2147483648 -2147483648 -2147483648 -2147483648 -2147483648 -2147483648 -9 29 -2147483648 -2147483648 -5 15 -2147483648 -2147483648 25 -26 -2147483648 -2147483648 -2147483648 -2147483648 -2147483648 -2147483648 -2147483648 -2147483648 -2147483648 -2147483648 -2147483648 -2147483648 -2147483648 -2147483648 22 28 -2147483648 -2147483648 -2147483648 -2147483648 -2147483648 -2147483648 -2147483648 -2147483648 -2147483648 -2147483648 -2147483648 -2147483648 -2147483648 -2147483648 -2147483648 -2147483648 -2147483648 -2147483648 -2147483648 -2147483648 -2147483648 -2147483648 -2147483648 -2147483648 -2147483648 -2147483648 -2147483648 -2147483648 -2147483648 -2147483648 -2147483648 -2147483648 -2147483648 -2147483648 -2147483648 -2147483648 -2147483648 -2147483648 -2147483648 -2147483648 -2147483648 -2147483648 -2147483648 -2147483648 -2147483648 -2147483648 -2147483648 -2147483648 -2147483648 -2147483648 -2147483648 -2147483648 -2147483648 -2147483648 -2147483648 -2147483648 -2147483648 -2147483648 -2147483648 -2147483648 -21 -31 -2147483648 -2147483648 -2147483648 -2147483648 -2147483648 -2147483648 -12 -17 -2147483648 -2147483648 -2147483648 -2147483648 -10 -27 -2147483648 -2147483648 -2147483648 -2147483648 -2147483648 -2147483648 -2147483648 -2147483648 -2147483648 -2147483648 -2147483648 -2147483648 -2147483648 -2147483648 -2147483648 -2147483648 -2147483648 -2147483648 -2147483648 -2147483648 -2147483648 -2147483648 -2147483648 -2147483648 -2147483648 -2147483648 -2147483648 -2147483648 -2147483648 -2147483648 -15 -24 -23 -30 -2147483648 -2147483648 -2147483648 -2147483648 -2147483648 -2147483648 -2147483648 -2147483648 -2147483648 -2147483648 -2147483648 -2147483648 -2147483648 -2147483648 -2147483648 -2147483648 -2147483648 -2147483648 -2147483648 -2147483648 -2147483648 -2147483648 -2147483648 -2147483648 -2147483648 -2147483648 -2147483648 -2147483648 -2147483648 -2147483648 -2147483648 -2147483648 -2147483648 -2147483648 -2147483648 -2147483648
split_feature= 1 1 1 6 6 3 1 2 6 7 8 7 2 2 2 8 8 6 6 8 1 7 6 8 7 8 7 8 8 1
split_gain= 1657.77 418.905 292.068 225.393 126.764 73.5989 52.3465 49.9893 48.0408 39.494 54.7272 29.4107 22.6434 22.3266 21.4439 21.2011 20.2644 19.2325 13.0544 10.1212 7.08788 6.03158 5.87177 5.41387 8.69422 15.2494 5.20165 6.60413 3.48297 1.97235
threshold= 4.5301500000000017 6.3350000000000009 2.7820000000000005 2.2147445135257553 2.5163636904584812 4.2015099382944241 7.852450000000001 24.500000000000004 2.8079590171801518 37.945000000000007 -122.33499999999999 37.815000000000005 21.500000000000004 16.500000000000004 26.500000000000004 -117.69499999999998 -117.65499999999999 2.8335312747426764 2.0653737590585881 -122.40499999999999 2.1072500000000005 37.955000000000005 2.9742256672023202 -117.79499999999999 37.875000000000007 -121.28499999999998 37.915000000000006 -117.18499999999999 -122.28499999999998 3.6835000000000004
decision_type= 2 2 2 2 2 2 2 2 2 2 2 2 2 2 2 2 2 2 2 2 2 2 2 2 2 2 2 2 2 2
left_child=2 4 5 7 12 17 14 -4 9 10 -5 19 -2 -6 -3 -12 21 26 -14 -9 -7 22 -15 24 25 -10 27 -1 -23 -21
right_child=1 6 3 8 13 20 -8 11 23 -11 15 -13 18 16 -16 -17 -18 -19 -20 29 -22 28 -24 -25 -26 -27 -28 -29 -30 -31
leaf_value= 0.01213747058297426 0.033534071245230737 0.059348591052101191 0.005267627710616435 0.084727129568548318 -0.0032312199785267367 -0.061323893908951002 0.12174022656701787 0.124742657924632 0.010945011919680562 -0.028837083607742744 0.0093745558843078836 -0.0033580803040382081 0.12960022785024258 0.047814908306065856 0.10428711605988056 -0.0284923402698853 -0.023621065327109361 -0.03350265726715411 0.069681643658719844 0.04410934422573895 -0.042178640098949262 0.047205860569590224 0.021279831524211902 -0.043519666527931961 -0.043986451493518791 -0.021899511389537607 -0.045779526604701463 -0.039200694524897113 -0.033028340933069715 0.089229219303222918
leaf_weight=548 264 530 426 115 698 1251 609 83 409 634 1381 113 117 739 335 363 151 1238 433 317 1807 54 733 579 422 1634 128 124 113 164
leaf_count=548 264 530 426 115 698 1251 609 83 409 634 1381 113 117 739 335 363 151 1238 433 317 1807 54 733 579 422 1634 128 124 113 164
model_size=3392
internal_value=0 0.049968 -0.0203346 -0.00604948 0.0297142 -0.0389479 0.0953397 0.0370213 -0.0146294 -0.00238089 0.00664183 0.0570021 0.0665705 0.017656 0.0767525 0.00149286 0.0258008 -0.0223482 0.082428 0.0690956 -0.0500108 0.030354 0.0346014 -0.0246608 -0.0202311 -0.0153242 -0.00508666 0.00266436 -0.00708435 0.0594933
internal_weight=0 4776 11736 6640 3302 5096 1474 1103 5537 2493 1859 677 814 2488 865 1744 1790 2038 550 564 3058 1639 1472 3044 2465 2043 800 672 167 481
internal_count=16512 4776 11736 6640 3302 5096 1474 1103 5537 2493 1859 677 814 2488 865 1744 1790 2038 550 564 3058 1639 1472 3044 2465 2043 800 672 167 481
is_linear=0
shrinkage=0.1


Tree=8
num_leaves= 34
num_cat= 0
full_tree_array_lgbids= 0 1 3 4 2 13 -5 11 5 8 20 27 -15 -2147483648 -2147483648 12 -13 6 7 9 32 26 21 28 -29 -2147483648 -2147483648 -2147483648 -2147483648 -2147483648 -2147483648 -1 16 -2147483648 -2147483648 15 -8 10 30 14 -11 -10 -34 -4 -28 22 23 29 31 -2147483648 -2147483648 -2147483648 -2147483648 -2147483648 -2147483648 -2147483648 -2147483648 -2147483648 -2147483648 -2147483648 -2147483648 -2147483648 -2147483648 -2147483648 -2147483648 25 -18 -2147483648 -2147483648 -2147483648 -2147483648 -6 -17 -2147483648 -2147483648 19 -12 -9 -32 17 18 -2147483648 -2147483648 -2147483648 -2147483648 -2147483648 -2147483648 -2147483648 -2147483648 -2147483648 -2147483648 24 -24 -23 -25 -2 -31 -30 -33 -2147483648 -2147483648 -2147483648 -2147483648 -2147483648 -2147483648 -2147483648 -2147483648 -2147483648 -2147483648 -2147483648 -2147483648 -2147483648 -2147483648 -2147483648 -2147483648 -2147483648 -2147483648 -2147483648 -2147483648 -2147483648 -2147483648 -2147483648 -2147483648 -2147483648 -2147483648 -2147483648 -2147483648 -2147483648 -2147483648 -2147483648 -2147483648 -14 -27 -2147483648 -2147483648 -2147483648 -2147483648 -2147483648 -2147483648 -2147483648 -2147483648 -2147483648 -2147483648 -2147483648 -2147483648 -2147483648 -2147483648 -2147483648 -2147483648 -2147483648 -2147483648 -7 -21 -2147483648 -2147483648 -2147483648 -2147483648 -2147483648 -2147483648 -3 -19 -16 -20 -2147483648 -2147483648 -2147483648 -2147483648 -2147483648 -2147483648 -2147483648 -2147483648 -2147483648 -2147483648 -2147483648 -2147483648 -2147483648 -2147483648 -2147483648 -2147483648 -2147483648 -2147483648 -2147483648 -2147483648 -22 -26 -2147483648 -2147483648 -2147483648 -2147483648 -2147483648 -2147483648 -2147483648 -2147483648 -2147483648 -2147483648 -2147483648 -2147483648 -2147483648 -2147483648 -2147483648 -2147483648 -2147483648 -2147483648 -2147483648 -2147483648 -2147483648 -2147483648 -2147483648 -2147483648 -2147483648 -2147483648 -2147483648 -2147483648 -2147483648 -2147483648 -2147483648 -2147483648 -2147483648 -2147483648 -2147483648 -2147483648 -2147483648 -2147483648 -2147483648 -2147483648 -2147483648 -2147483648 -2147483648 -2147483648 -2147483648 -2147483648 -2147483648 -2147483648 -2147483648 -2147483648 -2147483648 -2147483648 -2147483648 -2147483648 -2147483648 -2147483648 -2147483648 -2147483648 -2147483648 -2147483648 -2147483648 -2147483648 -2147483648 -2147483648 -2147483648 -2147483648 -2147483648 -2147483648 -2147483648 -2147483648
split_feature= 1 1 6 1 6 7 8 8 7 8 7 7 8 6 6 6 8 2 2 8 8 7 8 8 3 7 7 7 8 4 8 7 8
split_gain= 1342.92 435.606 186.519 113.308 105.509 59.2658 61.4878 56.2412 55.7167 54.6274 53.5528 47.392 45.9406 44.012 36.9953 30.2022 28.1114 25.0915 19.2361 16.4623 14.2503 53.6506 20.06 17.1671 12.4889 11.7791 10.8781 10.5255 12.245 8.36749 5.90424 0.637647 0.282765
threshold= 5.6042500000000013 3.5488500000000003 2.6829812717770039 7.7055000000000016 2.2982753493904258 34.455000000000005 -117.77499999999999 -121.63499999999998 37.935000000000009 -117.16499999999998 38.675000000000004 37.935000000000009 -122.31499999999998 3.0089663118548242 2.0653737590585881 3.442186331338819 -117.145 16.500000000000004 20.500000000000004 -122.38499999999998 -121.48499999999999 34.655000000000008 -117.79499999999999 -120.09499999999998 5.7443298497738811 34.455000000000005 38.685000000000009 38.155000000000008 -117.83499999999999 1.0417933552053971 -120.09499999999998 33.935000000000009 -122.38499999999998
decision_type= 2 2 2 2 2 2 2 2 2 2 2 2 2 2 2 2 2 2 2 2 2 2 2 2 2 2 2 2 2 2 2 2 2
left_child=1 4 8 13 11 6 15 10 9 14 19 12 -1 27 17 -6 25 -3 -16 -7 26 22 24 -23 -22 -14 -4 28 29 -2 -9 -30 -10
right_child=3 2 20 -5 5 7 -8 30 32 -11 -12 -13 16 -15 18 -17 -18 -19 -20 -21 21 23 -24 -25 -26 -27 -28 -29 31 -31 -32 -33 -34
leaf_value= 0.087781914626248181 0.068226952152667858 0.016683582068519453 0.016002756353813194 0.10750517306613055 0.0043383608051314497 0.030507536447220582 -0.045530959724650773 -0.046804500235069907 0.027033649931696282 -0.036655817168075901 -0.059578151119662061 -0.037939293952397653 0.02365619972343385 0.030022229504904182 0.0046462663313241274 -0.025949186299647549 -0.045043426021692104 0.091627364471739484 0.043780052855524464 -0.019512491452872316 -0.0039032260626484469 -0.026566824896614102 -0.023879182872591182 -0.081771027048428868 0.029179047716729346 -0.012222853728519905 -0.064637068045489937 -0.005339054820629267 0.049257255712951031 0.10665808760049129 -0.070063048571242639 -0.047574819069212453 -0.024880094139148049
leaf_weight=96 546 104 806 670 1058 188 1032 1132 108 121 424 428 651 649 337 1148 189 363 1105 673 931 403 627 177 442 404 51 52 161 302 847 26 261
leaf_count=96 546 104 806 670 1058 188 1032 1132 108 121 424 428 651 649 337 1148 189 363 1105 673 931 403 627 177 442 404 51 52 161 302 847 26 261
model_size=3728
internal_value=0 -0.0118667 0.00953426 0.0695725 -0.026969 -0.0334007 -0.0222939 -0.044419 0.0320672 0.0396568 -0.0254145 -0.00331562 0.00774329 0.0549326 0.0444938 -0.0114232 0.00156668 0.0749375 0.0346344 -0.00859058 -0.00619354 -0.0119724 -0.00285451 -0.0434136 0.00674671 0.00991673 0.0112039 0.0698054 0.0735808 0.0819135 -0.056759 0.035794 -0.00968583
internal_weight=0 14106 5836 2406 8270 6502 3238 3264 2399 2030 1285 1768 1340 1736 1909 2206 1244 467 1442 861 3437 2580 2000 580 1373 1055 857 1087 1035 848 1979 187 369
internal_count=16512 14106 5836 2406 8270 6502 3238 3264 2399 2030 1285 1768 1340 1736 1909 2206 1244 467 1442 861 3437 2580 2000 580 1373 1055 857 1087 1035 848 1979 187 369
is_linear=0
shrinkage=0.1


Tree=9
num_leaves= 29
num_cat= 0
full_tree_array_lgbids= 0 2 1 5 3 4 13 -1 18 12 6 19 15 22 -15 -2147483648 -2147483648 -7 23 -4 14 7 8 26 -21 -6 16 -3 -24 -2147483648 -2147483648 -2147483648 -2147483648 -2147483648 -2147483648 -2147483648 -2147483648 -20 -25 -2147483648 -2147483648 25 -16 -5 20 9 10 -2 -28 -2147483648 -2147483648 -2147483648 -2147483648 24 -18 -2147483648 -2147483648 -2147483648 -2147483648 -2147483648 -2147483648 -2147483648 -2147483648 -2147483648 -2147483648 -2147483648 -2147483648 -2147483648 -2147483648 -2147483648 -2147483648 -2147483648 -2147483648 -2147483648 -2147483648 -2147483648 -2147483648 -2147483648 -2147483648 -2147483648 -2147483648 -2147483648 -2147483648 -14 27 -2147483648 -2147483648 -2147483648 -2147483648 -9 -22 21 17 11 -12 -2147483648 -2147483648 -2147483648 -2147483648 -2147483648 -2147483648 -2147483648 -2147483648 -2147483648 -2147483648 -2147483648 -2147483648 -17 -26 -2147483648 -2147483648 -2147483648 -2147483648 -2147483648 -2147483648 -2147483648 -2147483648 -2147483648 -2147483648 -2147483648 -2147483648 -2147483648 -2147483648 -2147483648 -2147483648 -2147483648 -2147483648 -2147483648 -2147483648 -2147483648 -2147483648 -2147483648 -2147483648 -2147483648 -2147483648 -2147483648 -2147483648 -2147483648 -2147483648 -2147483648 -2147483648 -2147483648 -2147483648 -2147483648 -2147483648 -2147483648 -2147483648 -2147483648 -2147483648 -2147483648 -2147483648 -2147483648 -2147483648 -2147483648 -2147483648 -2147483648 -2147483648 -2147483648 -2147483648 -2147483648 -2147483648 -2147483648 -2147483648 -2147483648 -2147483648 -2147483648 -2147483648 -2147483648 -2147483648 -27 -29 -2147483648 -2147483648 -2147483648 -2147483648 -2147483648 -2147483648 -2147483648 -2147483648 -2147483648 -2147483648 -2147483648 -2147483648 -8 -23 -11 -19 -10 -13 -2147483648 -2147483648 -2147483648 -2147483648 -2147483648 -2147483648 -2147483648 -2147483648 -2147483648 -2147483648 -2147483648 -2147483648 -2147483648 -2147483648 -2147483648 -2147483648 -2147483648 -2147483648 -2147483648 -2147483648 -2147483648 -2147483648 -2147483648 -2147483648 -2147483648 -2147483648 -2147483648 -2147483648 -2147483648 -2147483648 -2147483648 -2147483648 -2147483648 -2147483648 -2147483648 -2147483648 -2147483648 -2147483648 -2147483648 -2147483648 -2147483648 -2147483648 -2147483648 -2147483648 -2147483648 -2147483648 -2147483648 -2147483648 -2147483648 -2147483648 -2147483648 -2147483648 -2147483648 -2147483648 -2147483648 -2147483648 -2147483648 -2147483648 -2147483648 -2147483648 -2147483648 -2147483648 -2147483648 -2147483648 -2147483648 -2147483648
split_feature= 1 1 1 6 6 3 8 7 7 8 8 7 2 2 7 8 7 8 1 2 7 6 1 3 8 4 5 8
split_gain= 1103.1 241.985 212.85 153.589 80.9704 43.3596 38.2717 55.6135 54.8672 73.559 72.0548 47.5815 36.9035 27.6189 16.3704 12.4892 19.4877 11.6529 11.2303 9.32147 6.00847 5.2032 4.7722 4.24196 3.81871 3.63259 2.57219 0.990486
threshold= 4.6754000000000007 6.3963500000000009 2.6597500000000003 2.2038024706228287 2.4530432249902163 3.6482937607122259 -122.24499999999999 37.895000000000003 34.455000000000005 -118.28499999999998 -119.94499999999998 37.595000000000006 24.500000000000004 21.500000000000004 37.815000000000005 -122.21499999999999 37.955000000000005 -117.56499999999998 1.9486000000000003 21.500000000000004 38.735000000000007 2.8195662241432546 9.1688500000000008 4.3645181386446135 -117.60499999999998 1.0209550751562235 374.50000000000006 -122.40499999999999
decision_type= 2 2 2 2 2 2 2 2 2 2 2 2 2 2 2 2 2 2 2 2 2 2 2 2 2 2 2 2
left_child=2 4 5 12 19 -1 7 -5 9 21 11 -10 -4 22 25 -6 24 -11 -7 26 -9 -8 -3 -20 -17 -14 -2 -27
right_child=1 13 3 6 15 18 8 20 10 17 -12 -13 14 -15 -16 16 -18 -19 23 -21 -22 -23 -24 -25 -26 27 -28 -29
leaf_value= -0.0099821721324959492 -0.066011106011203746 0.047945922602468591 0.0023587016436622588 0.051779167572240117 0.053808339871880086 -0.051833643654444254 0.042440375220601213 0.0051680881871651275 0.0075390930403055629 -0.0065125681923989213 -0.068008184528448826 -0.03278556389589482 0.018530556480221165 0.094586037097152076 -0.0022782329288421302 0.022942540278434013 -0.027857692432501968 -0.030389652786264695 -0.017348832418921455 0.078946821701639136 -0.04913397748961295 0.0060761061850439068 0.10421721676054102 -0.039525603347308237 -0.0075315807692314845 0.11446349376145704 0.043413636731530869 0.057831318225652677
leaf_weight=923 22 494 472 320 225 1326 408 259 647 1653 479 1195 130 822 127 1623 212 863 747 404 139 376 96 1577 315 81 166 411
leaf_count=923 22 494 472 320 225 1326 408 259 647 1653 479 1195 130 822 127 1623 212 863 747 404 139 376 96 1577 315 81 166 411
model_size=3168
internal_value=0 0.0434239 -0.0156724 -0.00488317 0.0265296 -0.0335089 -0.011546 0.0154293 -0.0149917 -0.00527008 -0.0288138 -0.0186216 0.0297077 0.0789234 0.0469424 0.0172902 0.0134686 -0.0147025 -0.0394583 0.0635962 -0.0137967 0.0250004 0.0571019 -0.0323974 0.0179893 0.0569923 0.0306086 0.0671549
internal_weight=0 4379 12133 7560 2967 4573 6339 718 5621 3300 2321 1842 1221 1412 749 2375 2150 2516 3650 592 398 784 590 2324 1938 622 188 492
internal_count=16512 4379 12133 7560 2967 4573 6339 718 5621 3300 2321 1842 1221 1412 749 2375 2150 2516 3650 592 398 784 590 2324 1938 622 188 492
is_linear=0
shrinkage=0.1


Tree=10
num_leaves= 20
num_cat= 0
full_tree_array_lgbids= 0 2 1 6 3 4 9 -1 16 10 5 13 -6 11 -11 -2147483648 -2147483648 17 -18 -4 15 7 -7 -2 14 -2147483648 -2147483648 18 -13 -2147483648 -2147483648 -2147483648 -2147483648 -2147483648 -2147483648 -8 -19 -2147483648 -2147483648 -2147483648 -2147483648 -12 -17 8 -9 -2147483648 -2147483648 -2147483648 -2147483648 -15 -16 -2147483648 -2147483648 -2147483648 -2147483648 -3 -20 -2147483648 -2147483648 -2147483648 -2147483648 -2147483648 -2147483648 -2147483648 -2147483648 -2147483648 -2147483648 -2147483648 -2147483648 -2147483648 -2147483648 -2147483648 -2147483648 -2147483648 -2147483648 -2147483648 -2147483648 -2147483648 -2147483648 -2147483648 -2147483648 -2147483648 -2147483648 -2147483648 -2147483648 -2147483648 -2147483648 -5 12 -2147483648 -2147483648 -2147483648 -2147483648 -2147483648 -2147483648 -2147483648 -2147483648 -2147483648 -2147483648 -2147483648 -2147483648 -2147483648 -2147483648 -2147483648 -2147483648 -2147483648 -2147483648 -2147483648 -2147483648 -2147483648 -2147483648 -2147483648 -2147483648 -2147483648 -2147483648 -2147483648 -2147483648 -2147483648 -2147483648 -2147483648 -2147483648 -2147483648 -2147483648 -2147483648 -2147483648 -2147483648 -2147483648 -2147483648 -2147483648 -2147483648 -2147483648 -2147483648 -2147483648 -2147483648 -2147483648 -2147483648 -2147483648 -2147483648 -2147483648 -2147483648 -2147483648 -2147483648 -2147483648 -2147483648 -2147483648 -2147483648 -2147483648 -2147483648 -2147483648 -2147483648 -2147483648 -2147483648 -2147483648 -2147483648 -2147483648 -2147483648 -2147483648 -2147483648 -2147483648 -2147483648 -2147483648 -2147483648 -2147483648 -2147483648 -2147483648 -2147483648 -2147483648 -2147483648 -2147483648 -2147483648 -2147483648 -2147483648 -2147483648 -2147483648 -2147483648 -2147483648 -2147483648 -10 -14 -2147483648 -2147483648 -2147483648 -2147483648 -2147483648 -2147483648 -2147483648 -2147483648 -2147483648 -2147483648 -2147483648 -2147483648 -2147483648 -2147483648 -2147483648 -2147483648 -2147483648 -2147483648 -2147483648 -2147483648 -2147483648 -2147483648 -2147483648 -2147483648 -2147483648 -2147483648 -2147483648 -2147483648 -2147483648 -2147483648 -2147483648 -2147483648 -2147483648 -2147483648 -2147483648 -2147483648 -2147483648 -2147483648 -2147483648 -2147483648 -2147483648 -2147483648 -2147483648 -2147483648 -2147483648 -2147483648 -2147483648 -2147483648 -2147483648 -2147483648 -2147483648 -2147483648 -2147483648 -2147483648 -2147483648 -2147483648 -2147483648 -2147483648 -2147483648 -2147483648 -2147483648 -2147483648 -2147483648 -2147483648 -2147483648 -2147483648 -2147483648 -2147483648 -2147483648 -2147483648 -2147483648 -2147483648 -2147483648 -2147483648 -2147483648 -2147483648
split_feature= 1 1 1 6 6 6 3 7 8 1 2 6 7 2 4 7 7 8 7
split_gain= 894.99 214.404 152.921 126.665 66.9347 34.9779 32.1784 27.9381 40.87 24.997 16.6346 12.6334 11.1983 9.51566 12.9664 4.41983 2.10309 4.6067 1.57423
threshold= 4.5301500000000017 6.2770500000000009 2.5205000000000006 2.0653737590585881 2.735488224282792 2.8079590171801518 3.3654435698213785 37.935000000000009 -122.33499999999999 8.0125000000000011 26.500000000000004 2.8629972339304532 34.525000000000013 21.500000000000004 1.0423757776567768 37.815000000000005 35.335000000000008 -118.35499999999998 37.615000000000002
decision_type= 2 2 2 2 2 2 2 2 2 2 2 2 2 2 2 2 2 2 2
left_child=2 4 6 10 13 7 -1 8 -5 11 -4 18 -10 -2 -15 -12 17 -8 -3
right_child=1 9 3 5 -6 -7 16 -9 12 -11 15 -13 -14 14 -16 -17 -18 -19 -20
leaf_value= -0.0031858702798078288 0.01904787577464279 0.085672383487630843 0.0090667202874613502 0.066633229748294512 0.0079719582698352231 -0.019973700057032247 0.007931499460712076 -0.022360258696866427 0.010419055696342933 0.092379633584535645 0.059797693501643247 0.036922076191292445 -0.01413659861883329 0.035865237347802316 0.075324026808168187 -0.0013629414123931417 -0.044703379598777841 -0.032609834435813084 0.037049330216241148
leaf_weight=542 415 392 412 154 1919 3624 175 866 1414 548 418 470 856 541 365 81 1786 1408 126
leaf_count=542 415 392 412 154 1919 3624 175 866 1414 548 418 470 856 541 365 81 1786 1408 126
model_size=2160
internal_value=0 0.0369197 -0.0150246 -0.00641981 0.0216356 -0.0114052 -0.0322408 -0.00196682 0.00531895 0.0691596 0.0314166 0.0562805 0.0011593 0.0414847 0.051762 0.0498698 -0.0369151 -0.028128 0.0738452
internal_weight=0 4776 11736 7825 3240 6914 3911 3290 2424 1536 911 988 2270 1321 906 499 3369 1583 518
internal_count=16512 4776 11736 7825 3240 6914 3911 3290 2424 1536 911 988 2270 1321 906 499 3369 1583 518
is_linear=0
shrinkage=0.1


Tree=11
num_leaves= 28
num_cat= 0
full_tree_array_lgbids= 0 2 1 4 11 3 6 5 -6 13 12 16 17 18 -8 -1 7 -2147483648 -2147483648 15 -15 14 26 -2 -18 25 19 -3 24 -2147483648 -2147483648 -2147483648 -2147483648 8 -9 -2147483648 -2147483648 -2147483648 -2147483648 -4 -17 -2147483648 -2147483648 22 -16 -14 -28 -2147483648 -2147483648 -2147483648 -2147483648 -5 -27 20 -21 -2147483648 -2147483648 -20 -26 -2147483648 -2147483648 -2147483648 -2147483648 -2147483648 -2147483648 -2147483648 -2147483648 10 9 -2147483648 -2147483648 -2147483648 -2147483648 -2147483648 -2147483648 -2147483648 -2147483648 -2147483648 -2147483648 -2147483648 -2147483648 -2147483648 -2147483648 -2147483648 -2147483648 -2147483648 -2147483648 -13 23 -2147483648 -2147483648 -2147483648 -2147483648 -2147483648 -2147483648 -2147483648 -2147483648 -2147483648 -2147483648 -2147483648 -2147483648 -2147483648 -2147483648 -2147483648 -2147483648 -2147483648 -2147483648 21 -22 -2147483648 -2147483648 -2147483648 -2147483648 -2147483648 -2147483648 -2147483648 -2147483648 -2147483648 -2147483648 -2147483648 -2147483648 -2147483648 -2147483648 -2147483648 -2147483648 -2147483648 -2147483648 -2147483648 -2147483648 -2147483648 -2147483648 -2147483648 -2147483648 -2147483648 -2147483648 -7 -12 -10 -11 -2147483648 -2147483648 -2147483648 -2147483648 -2147483648 -2147483648 -2147483648 -2147483648 -2147483648 -2147483648 -2147483648 -2147483648 -2147483648 -2147483648 -2147483648 -2147483648 -2147483648 -2147483648 -2147483648 -2147483648 -2147483648 -2147483648 -2147483648 -2147483648 -2147483648 -2147483648 -2147483648 -2147483648 -2147483648 -2147483648 -2147483648 -2147483648 -2147483648 -2147483648 -2147483648 -2147483648 -2147483648 -2147483648 -24 -25 -2147483648 -2147483648 -2147483648 -2147483648 -2147483648 -2147483648 -2147483648 -2147483648 -2147483648 -2147483648 -2147483648 -2147483648 -2147483648 -2147483648 -2147483648 -2147483648 -2147483648 -2147483648 -2147483648 -2147483648 -2147483648 -2147483648 -2147483648 -2147483648 -2147483648 -2147483648 -2147483648 -2147483648 -2147483648 -2147483648 -2147483648 -2147483648 -2147483648 -2147483648 -2147483648 -2147483648 -19 -23 -2147483648 -2147483648 -2147483648 -2147483648 -2147483648 -2147483648 -2147483648 -2147483648 -2147483648 -2147483648 -2147483648 -2147483648 -2147483648 -2147483648 -2147483648 -2147483648 -2147483648 -2147483648 -2147483648 -2147483648 -2147483648 -2147483648 -2147483648 -2147483648 -2147483648 -2147483648 -2147483648 -2147483648 -2147483648 -2147483648 -2147483648 -2147483648 -2147483648 -2147483648 -2147483648 -2147483648 -2147483648 -2147483648
split_feature= 1 1 6 6 7 8 1 8 7 8 8 7 8 8 7 6 2 8 6 7 8 7 8 7 2 7 8
split_gain= 735.006 220.056 91.7774 86.4079 68.3316 66.1304 35.1477 33.7863 33.4269 70.0019 63.5063 31.297 43.7541 38.5618 26.9037 22.0779 21.9125 15.5747 13.6999 12.9153 15.4234 10.0832 3.50335 12.6545 1.65592 0.0792997 0.0415732
threshold= 4.125700000000001 5.8308000000000009 2.5219735498882589 2.3055777777777782 37.925000000000004 -122.31499999999998 7.7055000000000016 -117.145 34.595000000000006 -120.56499999999998 -118.30499999999999 34.455000000000005 -121.56499999999998 -117.79499999999999 38.675000000000004 3.442186331338819 16.500000000000004 -122.19499999999998 2.3578464509898605 37.615000000000002 -118.22499999999998 34.165000000000006 -122.38499999999998 37.705000000000005 40.500000000000007 37.615000000000002 -120.09499999999998
decision_type= 2 2 2 2 2 2 2 2 2 2 2 2 2 2 2 2 2 2 2 2 2 2 2 2 2 2 2
left_child=2 3 4 16 5 -1 18 8 10 -10 -7 13 14 15 22 -4 -2 25 -3 20 21 -19 -13 -24 -20 -5 -14
right_child=1 6 11 17 -6 7 -8 -9 9 -11 -12 12 26 -15 -16 -17 -18 19 24 -21 -22 -23 23 -25 -26 -27 -28
leaf_value= 0.072084845149142637 0.0071846608048639245 0.086822134030340184 0.0062802026472559454 0.087467316818882285 -0.027608419926110701 0.053647079321348837 0.079615017928151802 -0.035602301108124464 0.010398302402495967 -0.062713729668685728 0.00038179168429943263 0.02302454530640885 -0.035356317684112085 -0.034504218070488583 -0.047149525433268447 -0.019591531190207609 0.068205338799141049 0.052562850963232322 0.03438560175626245 -0.020931020558522664 -0.0038787695121965705 0.01215358221248263 0.010399558665127628 -0.032600915119246239 0.081184209968651777 0.025042064674513267 -0.056704335360087378
leaf_weight=197 156 171 1254 67 964 504 670 322 578 242 732 243 1049 1144 365 1335 448 243 1138 501 1286 909 327 417 115 296 839
leaf_count=197 156 171 1254 67 964 504 670 322 578 242 732 243 1049 1144 365 1335 448 243 1138 501 1286 909 327 417 115 296 839
model_size=3056
internal_value=0 0.0283252 -0.0161673 0.0136445 -0.00161815 0.00811179 0.0557095 0.00281209 0.00882835 -0.0111787 0.0221016 -0.0235515 -0.0328618 -0.0154707 -0.0161306 -0.00706038 0.052445 0.00654712 0.0444618 0.00283969 0.00772448 0.0206774 -0.00465954 -0.0137015 0.0386808 0.0365641 -0.0448431
internal_weight=0 6000 10512 3906 3539 2575 2094 2378 2056 820 1236 6973 3240 3733 1352 2589 604 3302 1424 2939 2438 1152 987 744 1253 363 1888
internal_count=16512 6000 10512 3906 3539 2575 2094 2378 2056 820 1236 6973 3240 3733 1352 2589 604 3302 1424 2939 2438 1152 987 744 1253 363 1888
is_linear=0
shrinkage=0.1


Tree=12
num_leaves= 22
num_cat= 0
full_tree_array_lgbids= 0 1 4 3 2 12 -6 5 7 11 13 17 19 -2147483648 -2147483648 6 -7 8 9 -3 14 -4 -15 -2 -19 20 -21 -2147483648 -2147483648 -2147483648 -2147483648 -1 15 -2147483648 -2147483648 -5 18 10 -11 -2147483648 -2147483648 -13 -16 -2147483648 -2147483648 -2147483648 -2147483648 -2147483648 -2147483648 -2147483648 -2147483648 -14 -22 -2147483648 -2147483648 -2147483648 -2147483648 -2147483648 -2147483648 -2147483648 -2147483648 -2147483648 -2147483648 -2147483648 -2147483648 16 -17 -2147483648 -2147483648 -2147483648 -2147483648 -2147483648 -2147483648 -10 -20 -9 -12 -2147483648 -2147483648 -2147483648 -2147483648 -2147483648 -2147483648 -2147483648 -2147483648 -2147483648 -2147483648 -2147483648 -2147483648 -2147483648 -2147483648 -2147483648 -2147483648 -2147483648 -2147483648 -2147483648 -2147483648 -2147483648 -2147483648 -2147483648 -2147483648 -2147483648 -2147483648 -2147483648 -2147483648 -2147483648 -2147483648 -2147483648 -2147483648 -2147483648 -2147483648 -2147483648 -2147483648 -2147483648 -2147483648 -2147483648 -2147483648 -2147483648 -2147483648 -2147483648 -2147483648 -2147483648 -2147483648 -2147483648 -2147483648 -2147483648 -2147483648 -2147483648 -2147483648 -2147483648 -2147483648 -8 -18 -2147483648 -2147483648 -2147483648 -2147483648 -2147483648 -2147483648 -2147483648 -2147483648 -2147483648 -2147483648 -2147483648 -2147483648 -2147483648 -2147483648 -2147483648 -2147483648 -2147483648 -2147483648 -2147483648 -2147483648 -2147483648 -2147483648 -2147483648 -2147483648 -2147483648 -2147483648 -2147483648 -2147483648 -2147483648 -2147483648 -2147483648 -2147483648 -2147483648 -2147483648 -2147483648 -2147483648 -2147483648 -2147483648 -2147483648 -2147483648 -2147483648 -2147483648 -2147483648 -2147483648 -2147483648 -2147483648 -2147483648 -2147483648 -2147483648 -2147483648 -2147483648 -2147483648 -2147483648 -2147483648 -2147483648 -2147483648 -2147483648 -2147483648 -2147483648 -2147483648 -2147483648 -2147483648 -2147483648 -2147483648 -2147483648 -2147483648 -2147483648 -2147483648 -2147483648 -2147483648 -2147483648 -2147483648 -2147483648 -2147483648 -2147483648 -2147483648 -2147483648 -2147483648 -2147483648 -2147483648 -2147483648 -2147483648 -2147483648 -2147483648 -2147483648 -2147483648 -2147483648 -2147483648 -2147483648 -2147483648 -2147483648 -2147483648 -2147483648 -2147483648 -2147483648 -2147483648 -2147483648 -2147483648 -2147483648 -2147483648 -2147483648 -2147483648 -2147483648 -2147483648 -2147483648 -2147483648 -2147483648 -2147483648 -2147483648 -2147483648 -2147483648 -2147483648 -2147483648 -2147483648 -2147483648 -2147483648 -2147483648 -2147483648 -2147483648 -2147483648 -2147483648 -2147483648
split_feature= 1 1 6 6 1 7 8 7 8 8 7 2 6 6 6 8 7 7 8 8 7
split_gain= 591.799 198.212 82.7447 47.064 36.5295 29.7314 24.9873 18.3931 23.1908 17.3257 18.1858 17.1117 14.5958 13.6887 10.7571 5.80659 20.7915 3.11077 1.15197 0.144351 8.08914
threshold= 5.6042500000000013 3.6530500000000008 2.4469862317432325 2.4839226633581473 7.7055000000000016 38.475000000000001 -122.35499999999998 34.715000000000011 -118.29499999999999 -120.56499999999998 37.895000000000003 16.500000000000004 2.4530432249902163 3.1336552646136835 2.0653737590585881 -117.22499999999998 34.455000000000005 37.955000000000005 -117.675 -122.02499999999999 37.615000000000002
decision_type= 2 2 2 2 2 2 2 2 2 2 2 2 2 2 2 2 2 2 2 2 2
left_child=1 3 11 5 12 6 -1 8 -5 10 -9 -3 17 -4 -13 16 -8 -2 -10 20 -14
right_child=4 2 13 7 -6 -7 15 9 18 -11 -12 14 19 -15 -16 -17 -18 -19 -20 -21 -22
leaf_value= 0.049034462902811965 0.074555030444733286 -0.00093528150694726199 0.0070064461931006808 0.0081805557923713378 0.071653514120957135 -0.032707694736704727 0.018436936245262752 -0.008763377091139956 -0.014986593914923189 -0.050253315364680362 -0.037764900588371703 0.066073275009897098 0.098812656554550238 -0.012372273064251817 0.028767841613349755 -0.027707084989509734 -0.013174257826647676 -0.061172338042940415 -0.034531255349642534 0.024587403726009111 0.02958044401829793
leaf_weight=191 290 278 2572 609 670 530 853 862 1670 858 1042 344 101 1472 710 356 840 13.999999999999998 919 1172 159
leaf_count=191 290 278 2572 609 670 530 853 862 1670 858 1042 344 101 1472 710 356 840 14 919 1172 159
model_size=2384
internal_value=0 -0.00795918 0.00794326 -0.017752 0.0466634 -0.00475556 0.00185812 -0.0237923 -0.0161913 -0.0325932 -0.024635 0.032203 0.0370186 -4.73309e-05 0.0409434 -0.00253948 0.00275271 0.0683044 -0.0219242 0.030377 0.0564745
internal_weight=0 14106 5376 8730 2406 2770 2240 5960 3198 2762 1904 1332 1736 4044 1054 2049 1693 304 2589 1432 260
internal_count=16512 14106 5376 8730 2406 2770 2240 5960 3198 2762 1904 1332 1736 4044 1054 2049 1693 304 2589 1432 260
is_linear=0
shrinkage=0.1


Tree=13
num_leaves= 19
num_cat= 0
full_tree_array_lgbids= 0 2 1 14 4 3 5 -1 -16 13 6 12 11 15 -7 -2147483648 -2147483648 -2147483648 -2147483648 -4 -15 7 -8 -2 16 17 -13 -3 -17 -2147483648 -2147483648 -2147483648 -2147483648 -2147483648 -2147483648 -2147483648 -2147483648 -2147483648 -2147483648 -2147483648 -2147483648 -2147483648 -2147483648 -6 8 -2147483648 -2147483648 -2147483648 -2147483648 -14 -18 -5 -19 -2147483648 -2147483648 -2147483648 -2147483648 -2147483648 -2147483648 -2147483648 -2147483648 -2147483648 -2147483648 -2147483648 -2147483648 -2147483648 -2147483648 -2147483648 -2147483648 -2147483648 -2147483648 -2147483648 -2147483648 -2147483648 -2147483648 -2147483648 -2147483648 -2147483648 -2147483648 -2147483648 -2147483648 -2147483648 -2147483648 -2147483648 -2147483648 -2147483648 -2147483648 -2147483648 -2147483648 10 9 -2147483648 -2147483648 -2147483648 -2147483648 -2147483648 -2147483648 -2147483648 -2147483648 -2147483648 -2147483648 -2147483648 -2147483648 -2147483648 -2147483648 -2147483648 -2147483648 -2147483648 -2147483648 -2147483648 -2147483648 -2147483648 -2147483648 -2147483648 -2147483648 -2147483648 -2147483648 -2147483648 -2147483648 -2147483648 -2147483648 -2147483648 -2147483648 -2147483648 -2147483648 -2147483648 -2147483648 -2147483648 -2147483648 -2147483648 -2147483648 -2147483648 -2147483648 -2147483648 -2147483648 -2147483648 -2147483648 -2147483648 -2147483648 -2147483648 -2147483648 -2147483648 -2147483648 -2147483648 -2147483648 -2147483648 -2147483648 -2147483648 -2147483648 -2147483648 -2147483648 -2147483648 -2147483648 -2147483648 -2147483648 -2147483648 -2147483648 -2147483648 -2147483648 -2147483648 -2147483648 -2147483648 -2147483648 -2147483648 -2147483648 -2147483648 -2147483648 -2147483648 -2147483648 -2147483648 -2147483648 -2147483648 -2147483648 -2147483648 -2147483648 -2147483648 -2147483648 -2147483648 -2147483648 -9 -12 -10 -11 -2147483648 -2147483648 -2147483648 -2147483648 -2147483648 -2147483648 -2147483648 -2147483648 -2147483648 -2147483648 -2147483648 -2147483648 -2147483648 -2147483648 -2147483648 -2147483648 -2147483648 -2147483648 -2147483648 -2147483648 -2147483648 -2147483648 -2147483648 -2147483648 -2147483648 -2147483648 -2147483648 -2147483648 -2147483648 -2147483648 -2147483648 -2147483648 -2147483648 -2147483648 -2147483648 -2147483648 -2147483648 -2147483648 -2147483648 -2147483648 -2147483648 -2147483648 -2147483648 -2147483648 -2147483648 -2147483648 -2147483648 -2147483648 -2147483648 -2147483648 -2147483648 -2147483648 -2147483648 -2147483648 -2147483648 -2147483648 -2147483648 -2147483648 -2147483648 -2147483648 -2147483648 -2147483648 -2147483648 -2147483648 -2147483648 -2147483648 -2147483648 -2147483648 -2147483648 -2147483648 -2147483648 -2147483648
split_feature= 1 1 1 6 6 2 7 8 7 8 8 2 2 2 3 1 4 6
split_gain= 484.763 137.729 61.1628 58.8799 52.5496 13.3995 9.10172 42.6856 11.3498 52.1509 39.7257 7.20202 6.81348 4.75291 4.46985 1.96863 1.40463 0.838938
threshold= 4.125700000000001 6.2770500000000009 2.2336500000000004 2.4469862317432325 2.0376051459673437 29.500000000000004 38.475000000000001 -122.40499999999999 34.525000000000013 -120.09499999999998 -118.30499999999999 47.500000000000007 16.500000000000004 28.500000000000004 3.3133866958124387 9.1688500000000008 0.96771928234867721 3.1424162072895592
decision_type= 2 2 2 2 2 2 2 2 2 2 2 2 2 2 2 2 2 2
left_child=2 3 14 12 13 15 7 -6 10 -10 -9 17 -2 -4 -1 -3 -14 -5
right_child=1 5 4 11 6 -7 -8 8 9 -11 -12 -13 16 -15 -16 -17 -18 -19
leaf_value= -0.0050113487842851252 0.0070714768011667277 0.032393309703138924 0.0029558397446454287 0.010814020665225479 0.034349695580660811 0.070535507859201388 -0.028831324013035942 0.020723530869256577 -0.0096057234483747454 -0.051017856357980611 -0.012035202504361197 0.055116404343585848 -0.0011665393203935202 0.038293232637176572 -0.031835695682379969 0.07495050294420276 0.05413607769015738 -0.0063225491462759994
leaf_weight=428 219 806 437 2176 328 574 873 725 1580 592 2720 118 85 411 2418 156 680 1186
leaf_count=428 219 806 437 2176 328 574 873 725 1580 592 2720 118 85 411 2418 156 680 1186
model_size=2048
internal_value=0 0.0231812 -0.0132313 0.0136197 -0.00782202 0.0509692 -0.0112927 -0.00871726 -0.0112321 -0.020893 -0.00514113 0.00647601 0.0388842 0.0200828 -0.0278017 0.0392945 0.0479913 0.00476882
internal_weight=0 6000 10512 4464 7666 1536 6818 5945 5617 2172 3445 3480 984 848 2846 962 765 3362
internal_count=16512 6000 10512 4464 7666 1536 6818 5945 5617 2172 3445 3480 984 848 2846 962 765 3362
is_linear=0
shrinkage=0.1


Tree=14
num_leaves= 22
num_cat= 0
full_tree_array_lgbids= 0 1 3 11 2 10 19 -1 -13 4 13 -2 -12 20 -21 -2147483648 -2147483648 -2147483648 -2147483648 5 -6 18 14 -2147483648 -2147483648 -2147483648 -2147483648 -5 -22 -2147483648 -2147483648 -2147483648 -2147483648 -2147483648 -2147483648 -2147483648 -2147483648 -2147483648 -2147483648 7 6 -2147483648 -2147483648 -4 -20 15 16 -2147483648 -2147483648 -2147483648 -2147483648 -2147483648 -2147483648 -2147483648 -2147483648 -2147483648 -2147483648 -2147483648 -2147483648 -2147483648 -2147483648 -2147483648 -2147483648 -2147483648 -2147483648 -2147483648 -2147483648 -2147483648 -2147483648 -2147483648 -2147483648 -2147483648 -2147483648 -2147483648 -2147483648 -2147483648 -2147483648 -2147483648 -2147483648 8 9 12 -8 -2147483648 -2147483648 -2147483648 -2147483648 -2147483648 -2147483648 -2147483648 -2147483648 17 -17 -16 -18 -2147483648 -2147483648 -2147483648 -2147483648 -2147483648 -2147483648 -2147483648 -2147483648 -2147483648 -2147483648 -2147483648 -2147483648 -2147483648 -2147483648 -2147483648 -2147483648 -2147483648 -2147483648 -2147483648 -2147483648 -2147483648 -2147483648 -2147483648 -2147483648 -2147483648 -2147483648 -2147483648 -2147483648 -2147483648 -2147483648 -2147483648 -2147483648 -2147483648 -2147483648 -2147483648 -2147483648 -2147483648 -2147483648 -2147483648 -2147483648 -2147483648 -2147483648 -2147483648 -2147483648 -2147483648 -2147483648 -2147483648 -2147483648 -2147483648 -2147483648 -2147483648 -2147483648 -2147483648 -2147483648 -2147483648 -2147483648 -2147483648 -2147483648 -2147483648 -2147483648 -2147483648 -2147483648 -2147483648 -2147483648 -3 -10 -9 -11 -7 -14 -2147483648 -2147483648 -2147483648 -2147483648 -2147483648 -2147483648 -2147483648 -2147483648 -2147483648 -2147483648 -2147483648 -2147483648 -2147483648 -2147483648 -2147483648 -2147483648 -2147483648 -2147483648 -15 -19 -2147483648 -2147483648 -2147483648 -2147483648 -2147483648 -2147483648 -2147483648 -2147483648 -2147483648 -2147483648 -2147483648 -2147483648 -2147483648 -2147483648 -2147483648 -2147483648 -2147483648 -2147483648 -2147483648 -2147483648 -2147483648 -2147483648 -2147483648 -2147483648 -2147483648 -2147483648 -2147483648 -2147483648 -2147483648 -2147483648 -2147483648 -2147483648 -2147483648 -2147483648 -2147483648 -2147483648 -2147483648 -2147483648 -2147483648 -2147483648 -2147483648 -2147483648 -2147483648 -2147483648 -2147483648 -2147483648 -2147483648 -2147483648 -2147483648 -2147483648 -2147483648 -2147483648 -2147483648 -2147483648 -2147483648 -2147483648 -2147483648 -2147483648 -2147483648 -2147483648 -2147483648 -2147483648 -2147483648 -2147483648 -2147483648 -2147483648 -2147483648 -2147483648 -2147483648 -2147483648
split_feature= 1 1 6 1 7 8 7 7 8 8 6 3 8 8 7 8 8 6 7 8 7
split_gain= 395.093 104.898 62.8746 35.1651 27.1043 29.4052 12.8641 12.3108 53.5202 40.7181 11.8137 5.91195 2.2184 1.08143 23.6922 9.42698 6.85787 3.38033 0.913585 0.692956 1.56502
threshold= 5.2771000000000017 2.8762500000000002 2.6182831096480128 6.8672000000000013 37.815000000000005 -117.895 33.695000000000007 34.155000000000008 -118.36499999999999 -122.25499999999998 3.0375944537846187 3.8792159595040387 -117.145 -121.675 34.655000000000008 -117.75499999999998 -120.09499999999998 3.253673235601747 37.915000000000006 -117.83499999999999 38.155000000000008
decision_type= 2 2 2 2 2 2 2 2 2 2 2 2 2 2 2 2 2 2 2 2 2
left_child=1 11 4 10 5 7 12 8 -3 -9 -2 -1 -7 18 15 17 -16 -15 -4 20 -5
right_child=3 2 13 19 -6 6 -8 9 -10 -11 -12 -13 -14 14 16 -17 -18 -19 -20 -21 -22
leaf_value= -0.007483029736071691 0.033366761168979457 0.088407281647352912 0.016034579460215272 0.062838735656985625 -0.010283670602055371 0.03099638099696389 -0.040434296018094756 0.05951007198997435 0.021717161305874186 0.0041486766455042182 0.0057375422822027958 -0.023635657700229837 -0.024229469158771364 0.012379716005661623 -0.018286468792222389 -0.020840755767741772 -0.054695257195456343 -0.010455045148438185 -0.013688683880431183 0.022915606681878368 -0.039633630738472161
leaf_weight=1456 1265 254 693 813 694 228 200 264 510 903 678 3966 121 1078 698 855 315 882 412 204 23
leaf_count=1456 1265 254 693 813 694 228 200 264 510 903 678 3966 121 1078 698 855 315 882 412 204 23
model_size=2384
internal_value=0 -0.00746176 0.000454447 0.0338418 0.0132009 0.0197728 -0.00719754 0.0274408 0.043889 0.0166726 0.0237257 -0.0192981 0.0118493 -0.00774693 -0.0114127 -0.00486496 -0.0296081 0.00210407 0.00495224 0.0527414 0.0600195
internal_weight=0 13529 8107 2983 3174 2480 549 1931 764 1167 1943 5422 349 4933 3828 2815 1013 1960 1105 1040 836
internal_count=16512 13529 8107 2983 3174 2480 549 1931 764 1167 1943 5422 349 4933 3828 2815 1013 1960 1105 1040 836
is_linear=0
shrinkage=0.1


Tree=15
num_leaves= 14
num_cat= 0
full_tree_array_lgbids= 0 1 2 3 12 10 -4 4 -5 -3 -14 -2 -12 -2147483648 -2147483648 -1 5 -2147483648 -2147483648 -2147483648 -2147483648 -2147483648 -2147483648 -2147483648 -2147483648 -2147483648 -2147483648 -2147483648 -2147483648 -2147483648 -2147483648 -2147483648 -2147483648 6 7 -2147483648 -2147483648 -2147483648 -2147483648 -2147483648 -2147483648 -2147483648 -2147483648 -2147483648 -2147483648 -2147483648 -2147483648 -2147483648 -2147483648 -2147483648 -2147483648 -2147483648 -2147483648 -2147483648 -2147483648 -2147483648 -2147483648 -2147483648 -2147483648 -2147483648 -2147483648 -2147483648 -2147483648 -2147483648 -2147483648 -2147483648 -2147483648 9 11 8 -9 -2147483648 -2147483648 -2147483648 -2147483648 -2147483648 -2147483648 -2147483648 -2147483648 -2147483648 -2147483648 -2147483648 -2147483648 -2147483648 -2147483648 -2147483648 -2147483648 -2147483648 -2147483648 -2147483648 -2147483648 -2147483648 -2147483648 -2147483648 -2147483648 -2147483648 -2147483648 -2147483648 -2147483648 -2147483648 -2147483648 -2147483648 -2147483648 -2147483648 -2147483648 -2147483648 -2147483648 -2147483648 -2147483648 -2147483648 -2147483648 -2147483648 -2147483648 -2147483648 -2147483648 -2147483648 -2147483648 -2147483648 -2147483648 -2147483648 -2147483648 -2147483648 -2147483648 -2147483648 -2147483648 -2147483648 -2147483648 -2147483648 -2147483648 -2147483648 -2147483648 -2147483648 -2147483648 -2147483648 -2147483648 -6 -11 -8 -13 -7 -10 -2147483648 -2147483648 -2147483648 -2147483648 -2147483648 -2147483648 -2147483648 -2147483648 -2147483648 -2147483648 -2147483648 -2147483648 -2147483648 -2147483648 -2147483648 -2147483648 -2147483648 -2147483648 -2147483648 -2147483648 -2147483648 -2147483648 -2147483648 -2147483648 -2147483648 -2147483648 -2147483648 -2147483648 -2147483648 -2147483648 -2147483648 -2147483648 -2147483648 -2147483648 -2147483648 -2147483648 -2147483648 -2147483648 -2147483648 -2147483648 -2147483648 -2147483648 -2147483648 -2147483648 -2147483648 -2147483648 -2147483648 -2147483648 -2147483648 -2147483648 -2147483648 -2147483648 -2147483648 -2147483648 -2147483648 -2147483648 -2147483648 -2147483648 -2147483648 -2147483648 -2147483648 -2147483648 -2147483648 -2147483648 -2147483648 -2147483648 -2147483648 -2147483648 -2147483648 -2147483648 -2147483648 -2147483648 -2147483648 -2147483648 -2147483648 -2147483648 -2147483648 -2147483648 -2147483648 -2147483648 -2147483648 -2147483648 -2147483648 -2147483648 -2147483648 -2147483648 -2147483648 -2147483648 -2147483648 -2147483648 -2147483648 -2147483648 -2147483648 -2147483648 -2147483648 -2147483648 -2147483648 -2147483648 -2147483648 -2147483648 -2147483648 -2147483648 -2147483648 -2147483648 -2147483648 -2147483648 -2147483648 -2147483648 -2147483648 -2147483648 -2147483648 -2147483648 -2147483648 -2147483648
split_feature= 1 6 1 7 8 7 8 8 7 7 6 8 1
split_gain= 320.348 57.3712 56.9726 51.8414 42.6178 25.0294 72.9383 55.9076 36.5006 28.4335 24.3091 8.11203 1.33867
threshold= 4.5993500000000003 2.8079590171801518 6.8672000000000013 38.475000000000001 -122.35499999999998 34.455000000000005 -118.35499999999998 -121.52499999999999 37.595000000000006 34.155000000000008 2.5219735498882589 -117.145 2.2336500000000004
decision_type= 2 2 2 2 2 2 2 2 2 2 2 2 2
left_child=1 3 10 4 -1 6 9 8 -7 -6 -2 -8 -3
right_child=2 12 -4 -5 5 7 11 -9 -10 -11 -12 -13 -14
leaf_value= 0.040366239132837656 0.036069094785840909 -0.027329275737085646 0.047467300020434783 -0.024750063542826998 0.074647739399512567 0.038157139078237041 0.0062072548374031717 -0.033022678898696416 -0.011233217038823774 0.015137863888303399 0.0095545510661456702 -0.022228121771635054 -0.013265114427991276
leaf_weight=452 877 1641 1040 1065 291 388 1534 884 631 280 2670 494 4265
leaf_count=452 877 1641 1040 1065 291 388 1534 884 631 280 2670 494 4265
model_size=1488
internal_value=0 -0.00893159 0.0232198 -0.000845022 0.00429403 0.000672388 0.0094276 -0.0112849 0.00757292 0.045466 0.0161103 -0.000719311 -0.0171729
internal_weight=0 11925 4587 6019 4954 4502 2599 1903 1019 571 3547 2028 5906
internal_count=16512 11925 4587 6019 4954 4502 2599 1903 1019 571 3547 2028 5906
is_linear=0
shrinkage=0.1


Tree=16
num_leaves= 13
num_cat= 0
full_tree_array_lgbids= 0 1 3 4 2 8 -5 -1 7 5 -4 10 9 -2147483648 -2147483648 -2147483648 -2147483648 11 -9 -3 6 -2147483648 -2147483648 -2 -12 -10 -11 -2147483648 -2147483648 -2147483648 -2147483648 -2147483648 -2147483648 -2147483648 -2147483648 -6 -13 -2147483648 -2147483648 -2147483648 -2147483648 -7 -8 -2147483648 -2147483648 -2147483648 -2147483648 -2147483648 -2147483648 -2147483648 -2147483648 -2147483648 -2147483648 -2147483648 -2147483648 -2147483648 -2147483648 -2147483648 -2147483648 -2147483648 -2147483648 -2147483648 -2147483648
split_feature= 1 1 6 6 1 5 6 3 7 8 8 6
split_gain= 261.507 78.7245 35.7884 12.4474 8.08864 7.43468 7.59152 6.72674 5.79415 19.3563 17.4636 0.386952
threshold= 5.6042500000000013 3.4883000000000002 2.7762783380468687 3.1424162072895592 1.9486000000000003 471.50000000000006 1.9472568337679903 4.4053436317780594 37.615000000000002 -122.40499999999999 -117.83499999999999 1.9322222929778572
decision_type= 2 2 2 2 2 2 2 2 2 2 2 2
left_child=1 4 5 8 -1 -3 -7 11 10 -10 -2 -6
right_child=3 2 -4 -5 7 6 -8 -9 9 -11 -12 -13
leaf_value= -0.024297745388897785 0.054346310151198278 -0.017637950186547121 -0.0051706259081220835 0.011821623268007271 0.024212436746405084 0.046199062303129035 0.013627880573649224 -0.014764290626924581 0.067359698786296773 -0.0060414562572087627 0.012940021951486464 -0.0045805648830861993
leaf_weight=1781 1092 264 3143 641 316 319 2369 3905 108 271 294 2009
leaf_count=1781 1092 264 3143 641 316 319 2369 3905 108 271 294 2009
model_size=1376
internal_value=0 -0.00541371 0.00428454 0.0317397 -0.0127924 0.0143515 0.0174933 -0.00950334 0.0389735 0.014875 0.0455632 -0.000667193
internal_weight=0 14106 6095 2406 8011 2952 2688 6230 1765 379 1386 2325
internal_count=16512 14106 6095 2406 8011 2952 2688 6230 1765 379 1386 2325
is_linear=0
shrinkage=0.1


Tree=17
num_leaves= 19
num_cat= 0
full_tree_array_lgbids= 0 3 1 4 -5 2 6 5 -6 -2147483648 -2147483648 7 13 -3 17 -1 8 -2147483648 -2147483648 -2147483648 -2147483648 -2147483648 -2147483648 -2 -9 -4 14 -2147483648 -2147483648 -8 -19 -2147483648 -2147483648 9 12 -2147483648 -2147483648 -2147483648 -2147483648 -2147483648 -2147483648 -2147483648 -2147483648 -2147483648 -2147483648 -2147483648 -2147483648 -2147483648 -2147483648 -2147483648 -2147483648 -2147483648 -2147483648 15 -16 -2147483648 -2147483648 -2147483648 -2147483648 -2147483648 -2147483648 -2147483648 -2147483648 -2147483648 -2147483648 -2147483648 -2147483648 10 11 -10 -14 -2147483648 -2147483648 -2147483648 -2147483648 -2147483648 -2147483648 -2147483648 -2147483648 -2147483648 -2147483648 -2147483648 -2147483648 -2147483648 -2147483648 -2147483648 -2147483648 -2147483648 -2147483648 -2147483648 -2147483648 -2147483648 -2147483648 -2147483648 -2147483648 -2147483648 -2147483648 -2147483648 -2147483648 -2147483648 -2147483648 -2147483648 -2147483648 -2147483648 -2147483648 -2147483648 -2147483648 -15 16 -2147483648 -2147483648 -2147483648 -2147483648 -2147483648 -2147483648 -2147483648 -2147483648 -2147483648 -2147483648 -2147483648 -2147483648 -2147483648 -2147483648 -2147483648 -2147483648 -2147483648 -2147483648 -2147483648 -2147483648 -2147483648 -2147483648 -2147483648 -2147483648 -2147483648 -2147483648 -7 -12 -11 -13 -2147483648 -2147483648 -2147483648 -2147483648 -2147483648 -2147483648 -2147483648 -2147483648 -2147483648 -2147483648 -2147483648 -2147483648 -2147483648 -2147483648 -2147483648 -2147483648 -2147483648 -2147483648 -2147483648 -2147483648 -2147483648 -2147483648 -2147483648 -2147483648 -2147483648 -2147483648 -2147483648 -2147483648 -2147483648 -2147483648 -2147483648 -2147483648 -2147483648 -2147483648 -2147483648 -2147483648 -2147483648 -2147483648 -2147483648 -2147483648 -2147483648 -2147483648 -2147483648 -2147483648 -2147483648 -2147483648 -2147483648 -2147483648 -2147483648 -2147483648 -2147483648 -2147483648 -2147483648 -2147483648 -2147483648 -2147483648 -2147483648 -2147483648 -2147483648 -2147483648 -2147483648 -2147483648 -2147483648 -2147483648 -2147483648 -2147483648 -2147483648 -2147483648 -2147483648 -2147483648 -2147483648 -2147483648 -2147483648 -2147483648 -2147483648 -2147483648 -2147483648 -2147483648 -17 -18 -2147483648 -2147483648 -2147483648 -2147483648 -2147483648 -2147483648 -2147483648 -2147483648 -2147483648 -2147483648 -2147483648 -2147483648 -2147483648 -2147483648 -2147483648 -2147483648 -2147483648 -2147483648 -2147483648 -2147483648 -2147483648 -2147483648 -2147483648 -2147483648 -2147483648 -2147483648 -2147483648 -2147483648 -2147483648 -2147483648 -2147483648 -2147483648 -2147483648 -2147483648 -2147483648 -2147483648
split_feature= 1 1 6 6 7 8 2 2 8 7 8 8 7 8 7 8 7 5
split_gain= 212.235 63.0948 25.2854 17.1526 16.3155 19.3302 6.71933 3.4893 2.85851 24.5918 17.6716 4.93982 3.98649 2.60199 7.94855 3.17209 56.3898 1.75112
threshold= 3.9221500000000007 5.8308000000000009 2.2634687595142249 2.6067607057324289 37.925000000000004 -122.33499999999999 26.500000000000004 16.500000000000004 -118.11499999999999 34.175000000000004 -118.37499999999999 -120.56499999999998 33.695000000000007 -122.24499999999999 37.615000000000002 -121.30499999999999 35.335000000000008 170.50000000000003
decision_type= 2 2 2 2 2 2 2 2 2 2 2 2 2 2 2 2 2 2
left_child=3 2 7 4 5 -1 -3 -2 9 10 -7 -11 -10 -4 15 -15 -17 -8
right_child=1 6 13 -5 -6 8 17 -9 12 11 -12 -13 -14 14 -16 16 -18 -19
leaf_value= 0.053051500104787465 -0.0026190460254949316 0.02108586341611754 0.025252063362806033 -0.015004613985347214 -0.017979719261177942 0.073158778240609665 -0.044707430340349678 0.043230196657544191 0.0038136226367573266 0.0098018698357405024 0.014889559833853342 -0.023016749252137012 -0.030545884756537769 0.026095772772093535 -0.019648954325817654 0.0049307087728397017 -0.067822576129117851 0.048053176541114781
leaf_weight=166 164 1219 438 5975 1071 166 29 492 481 609 408 435 417 454 647 2336 159 846
leaf_count=166 164 1219 438 5975 1071 166 29 492 481 609 408 435 417 454 647 2336 159 846
model_size=2048
internal_value=0 0.0142732 0.00677379 -0.00995366 -0.00191225 0.00450396 0.0310698 0.0317679 0.0013009 0.00876165 0.0317409 -0.00387255 -0.0121417 0.00270931 -3.64423e-05 0.00426647 0.000294327 0.0449788
internal_weight=0 6784 4690 9728 3753 2682 2094 656 2516 1618 574 1044 898 4034 3596 2949 2495 875
internal_count=16512 6784 4690 9728 3753 2682 2094 656 2516 1618 574 1044 898 4034 3596 2949 2495 875
is_linear=0
shrinkage=0.1


Tree=18
num_leaves= 15
num_cat= 0
full_tree_array_lgbids= 0 2 1 3 -4 4 -3 5 -5 -2147483648 -2147483648 -2 10 -2147483648 -2147483648 -1 6 -2147483648 -2147483648 -2147483648 -2147483648 -2147483648 -2147483648 -2147483648 -2147483648 -6 11 -2147483648 -2147483648 -2147483648 -2147483648 -2147483648 -2147483648 7 8 -2147483648 -2147483648 -2147483648 -2147483648 -2147483648 -2147483648 -2147483648 -2147483648 -2147483648 -2147483648 -2147483648 -2147483648 -2147483648 -2147483648 -2147483648 -2147483648 -2147483648 -2147483648 12 -13 -2147483648 -2147483648 -2147483648 -2147483648 -2147483648 -2147483648 -2147483648 -2147483648 -2147483648 -2147483648 -2147483648 -2147483648 -7 -9 9 -10 -2147483648 -2147483648 -2147483648 -2147483648 -2147483648 -2147483648 -2147483648 -2147483648 -2147483648 -2147483648 -2147483648 -2147483648 -2147483648 -2147483648 -2147483648 -2147483648 -2147483648 -2147483648 -2147483648 -2147483648 -2147483648 -2147483648 -2147483648 -2147483648 -2147483648 -2147483648 -2147483648 -2147483648 -2147483648 -2147483648 -2147483648 -2147483648 -2147483648 -2147483648 -2147483648 -2147483648 -12 13 -2147483648 -2147483648 -2147483648 -2147483648 -2147483648 -2147483648 -2147483648 -2147483648 -2147483648 -2147483648 -2147483648 -2147483648 -2147483648 -2147483648 -2147483648 -2147483648 -2147483648 -2147483648 -2147483648 -2147483648 -2147483648 -2147483648 -2147483648 -2147483648 -2147483648 -2147483648 -2147483648 -2147483648 -2147483648 -2147483648 -8 -11 -2147483648 -2147483648 -2147483648 -2147483648 -2147483648 -2147483648 -2147483648 -2147483648 -2147483648 -2147483648 -2147483648 -2147483648 -2147483648 -2147483648 -2147483648 -2147483648 -2147483648 -2147483648 -2147483648 -2147483648 -2147483648 -2147483648 -2147483648 -2147483648 -2147483648 -2147483648 -2147483648 -2147483648 -2147483648 -2147483648 -2147483648 -2147483648 -2147483648 -2147483648 -2147483648 -2147483648 -2147483648 -2147483648 -2147483648 -2147483648 -2147483648 -2147483648 -2147483648 -2147483648 -2147483648 -2147483648 -2147483648 -2147483648 -2147483648 -2147483648 -2147483648 -2147483648 -2147483648 -2147483648 -2147483648 -2147483648 -2147483648 -2147483648 -2147483648 -2147483648 -2147483648 -2147483648 -2147483648 -2147483648 -2147483648 -2147483648 -2147483648 -2147483648 -2147483648 -2147483648 -2147483648 -2147483648 -2147483648 -2147483648 -2147483648 -2147483648 -14 -15 -2147483648 -2147483648 -2147483648 -2147483648 -2147483648 -2147483648 -2147483648 -2147483648 -2147483648 -2147483648 -2147483648 -2147483648 -2147483648 -2147483648 -2147483648 -2147483648 -2147483648 -2147483648 -2147483648 -2147483648 -2147483648 -2147483648 -2147483648 -2147483648 -2147483648 -2147483648 -2147483648 -2147483648 -2147483648 -2147483648 -2147483648 -2147483648 -2147483648 -2147483648 -2147483648 -2147483648
split_feature= 1 1 6 7 6 8 7 8 8 7 8 7 8 2
split_gain= 168.294 30.6625 23.6854 27.793 14.4836 9.96421 16.6335 40.9526 31.3129 35.4009 2.469 11.9253 4.94659 2.47417
threshold= 4.405050000000001 6.8672000000000013 2.9137341371666818 39.355000000000011 2.2634687595142249 -122.35499999999998 34.655000000000008 -118.21499999999999 -119.94499999999998 37.595000000000006 -122.24499999999999 37.465000000000011 -122.01499999999999 38.500000000000007
decision_type= 2 2 2 2 2 2 2 2 2 2 2 2 2 2
left_child=2 4 3 5 -2 -1 7 -7 9 -8 -6 12 -12 -14
right_child=1 -3 -4 -5 10 6 8 -9 -10 -11 11 -13 13 -15
leaf_value= 0.023512077897211915 0.037378235166702363 0.036268389050271181 -0.014398100623115064 -0.033750959660881617 0.032604168612361269 0.026244897160910594 0.023784948880449033 -0.0049690509112424244 -0.04105872656821883 -0.013537735387885379 0.06377446180117409 -0.016481044290880591 0.0043540009830323459 0.03681702690929458
leaf_weight=574 468 1040 4999 452 357 1042 567 1743 469 1566 91 622 2256 266
leaf_count=574 468 1040 4999 452 357 1042 567 1743 469 1566 91 622 2256 266
model_size=1600
internal_value=0 0.0160824 -0.00718718 -0.00156618 0.0109116 0.000874264 -0.00153786 0.00670956 -0.0103653 -0.00361652 0.00746323 0.00468879 0.00972806 0.00777794
internal_weight=0 5100 11412 6413 4060 5961 5387 2785 2602 2133 3592 3235 2613 2522
internal_count=16512 5100 11412 6413 4060 5961 5387 2785 2602 2133 3592 3235 2613 2522
is_linear=0
shrinkage=0.1


Tree=19
num_leaves= 16
num_cat= 0
full_tree_array_lgbids= 0 3 1 4 -5 2 10 6 5 -2147483648 -2147483648 -2 9 11 -12 8 -8 7 -7 -2147483648 -2147483648 -2147483648 -2147483648 -2147483648 -2147483648 14 -11 12 -13 -2147483648 -2147483648 -1 -10 -2147483648 -2147483648 -6 -9 -2147483648 -2147483648 -2147483648 -2147483648 -2147483648 -2147483648 -2147483648 -2147483648 -2147483648 -2147483648 -2147483648 -2147483648 -2147483648 -2147483648 -4 -16 -2147483648 -2147483648 -3 13 -2147483648 -2147483648 -2147483648 -2147483648 -2147483648 -2147483648 -2147483648 -2147483648 -2147483648 -2147483648 -2147483648 -2147483648 -2147483648 -2147483648 -2147483648 -2147483648 -2147483648 -2147483648 -2147483648 -2147483648 -2147483648 -2147483648 -2147483648 -2147483648 -2147483648 -2147483648 -2147483648 -2147483648 -2147483648 -2147483648 -2147483648 -2147483648 -2147483648 -2147483648 -2147483648 -2147483648 -2147483648 -2147483648 -2147483648 -2147483648 -2147483648 -2147483648 -2147483648 -2147483648 -2147483648 -2147483648 -2147483648 -2147483648 -2147483648 -2147483648 -2147483648 -2147483648 -2147483648 -2147483648 -2147483648 -2147483648 -14 -15 -2147483648 -2147483648 -2147483648 -2147483648 -2147483648 -2147483648 -2147483648 -2147483648 -2147483648 -2147483648 -2147483648 -2147483648
split_feature= 1 1 4 8 7 8 8 7 7 6 7 8 7 8 2
split_gain= 136.311 37.7788 9.82942 5.34264 8.21397 40.9242 40.2334 24.9873 12.381 1.93603 0.960356 5.16985 4.98321 0.464456 0.0489862
threshold= 3.8346500000000003 5.8308000000000009 1.0259553126988286 -116.47499999999998 34.455000000000005 -121.675 -118.35499999999998 38.735000000000007 34.155000000000008 3.1262267671728927 38.155000000000008 -118.02499999999999 34.145000000000003 -122.01499999999999 16.500000000000004
decision_type= 2 2 2 2 2 2 2 2 2 2 2 2 2 2 2
left_child=3 2 -2 4 6 7 8 -6 -1 14 11 12 -3 -14 -4
right_child=1 10 9 -5 5 -7 -8 -9 -10 -11 -12 -13 13 -15 -16
leaf_value= 0.056784696215650576 -0.0036038904421847166 0.05809074859948863 0.0015746725578021537 -0.048041722746777607 0.0078669783529628466 -0.023875473775252572 -0.0066013897379481358 -0.027332328283250992 0.0086628440652592419 -0.0038957034832589224 -0.030347360668014991 0.0097592184615233682 0.043443221485720877 0.013126759569541261 0.024837702597700718
leaf_weight=247 2235 389 592 176 1614 2604 3914 506 393 676 73 610 458 564 1461
leaf_count=247 2235 389 592 176 1614 2604 3914 506 393 676 73 610 458 564 1461
model_size=1712
internal_value=0 0.0113584 0.00534486 -0.00847974 -0.00772926 -0.0134006 -0.00184618 -0.000534366 0.0272349 0.0126737 0.0256139 0.0276353 0.0353634 0.0267128 0.0181296
internal_weight=0 7058 4964 9454 9278 4724 4554 2120 640 2729 2094 2021 1411 1022 2053
internal_count=16512 7058 4964 9454 9278 4724 4554 2120 640 2729 2094 2021 1411 1022 2053
is_linear=0
shrinkage=0.1


Tree=20
num_leaves= 13
num_cat= 0
full_tree_array_lgbids= 0 1 10 2 -3 11 -12 3 -4 -2147483648 -2147483648 -2 -13 -2147483648 -2147483648 -1 4 -2147483648 -2147483648 -2147483648 -2147483648 -2147483648 -2147483648 -2147483648 -2147483648 -2147483648 -2147483648 -2147483648 -2147483648 -2147483648 -2147483648 -2147483648 -2147483648 5 7 -2147483648 -2147483648 -2147483648 -2147483648 -2147483648 -2147483648 -2147483648 -2147483648 -2147483648 -2147483648 -2147483648 -2147483648 -2147483648 -2147483648 -2147483648 -2147483648 -2147483648 -2147483648 -2147483648 -2147483648 -2147483648 -2147483648 -2147483648 -2147483648 -2147483648 -2147483648 -2147483648 -2147483648 -2147483648 -2147483648 -2147483648 -2147483648 8 6 9 -9 -2147483648 -2147483648 -2147483648 -2147483648 -2147483648 -2147483648 -2147483648 -2147483648 -2147483648 -2147483648 -2147483648 -2147483648 -2147483648 -2147483648 -2147483648 -2147483648 -2147483648 -2147483648 -2147483648 -2147483648 -2147483648 -2147483648 -2147483648 -2147483648 -2147483648 -2147483648 -2147483648 -2147483648 -2147483648 -2147483648 -2147483648 -2147483648 -2147483648 -2147483648 -2147483648 -2147483648 -2147483648 -2147483648 -2147483648 -2147483648 -2147483648 -2147483648 -2147483648 -2147483648 -2147483648 -2147483648 -2147483648 -2147483648 -2147483648 -2147483648 -2147483648 -2147483648 -2147483648 -2147483648 -2147483648 -2147483648 -2147483648 -2147483648 -2147483648 -2147483648 -2147483648 -2147483648 -2147483648 -2147483648 -5 -10 -7 -8 -6 -11 -2147483648 -2147483648 -2147483648 -2147483648 -2147483648 -2147483648 -2147483648 -2147483648 -2147483648 -2147483648 -2147483648 -2147483648 -2147483648 -2147483648 -2147483648 -2147483648 -2147483648 -2147483648 -2147483648 -2147483648 -2147483648 -2147483648 -2147483648 -2147483648 -2147483648 -2147483648 -2147483648 -2147483648 -2147483648 -2147483648 -2147483648 -2147483648 -2147483648 -2147483648 -2147483648 -2147483648 -2147483648 -2147483648 -2147483648 -2147483648 -2147483648 -2147483648 -2147483648 -2147483648 -2147483648 -2147483648 -2147483648 -2147483648 -2147483648 -2147483648 -2147483648 -2147483648 -2147483648 -2147483648 -2147483648 -2147483648 -2147483648 -2147483648 -2147483648 -2147483648 -2147483648 -2147483648 -2147483648 -2147483648 -2147483648 -2147483648 -2147483648 -2147483648 -2147483648 -2147483648 -2147483648 -2147483648 -2147483648 -2147483648 -2147483648 -2147483648 -2147483648 -2147483648 -2147483648 -2147483648 -2147483648 -2147483648 -2147483648 -2147483648 -2147483648 -2147483648 -2147483648 -2147483648 -2147483648 -2147483648 -2147483648 -2147483648 -2147483648 -2147483648 -2147483648 -2147483648 -2147483648 -2147483648 -2147483648 -2147483648 -2147483648 -2147483648 -2147483648 -2147483648 -2147483648 -2147483648 -2147483648 -2147483648 -2147483648 -2147483648 -2147483648 -2147483648 -2147483648 -2147483648
split_feature= 1 6 7 8 8 7 8 7 8 8 7 8
split_gain= 106.976 26.3591 29.4806 24.6492 12.5201 41.1878 60.5358 26.8691 18.6934 11.6327 8.0695 8.90432
threshold= 5.2771000000000017 3.1336552646136835 37.925000000000004 -122.31499999999998 -117.77499999999999 34.595000000000006 -120.56499999999998 33.565000000000005 -118.36499999999999 -117.24499999999999 37.955000000000005 -117.85499999999998
decision_type= 2 2 2 2 2 2 2 2 2 2 2 2
left_child=1 2 3 -1 5 8 -7 9 -5 -6 11 -2
right_child=10 -3 -4 4 7 6 -8 -9 -10 -11 -12 -13
leaf_value= 0.036020047698987478 0.027519647528687203 -0.012854995591864093 -0.013164714680282833 0.036305907079216604 0.045598358162485905 0.0075955074194868372 -0.033634112498570491 -0.030814996855320489 0.0087992143589059376 -0.0046901268669064834 -0.016781505620520977 0.0016434305635272322
leaf_weight=444 2148 4400 2264 781 169 1473 736 696 1855 711 225 610
leaf_count=444 2148 4400 2264 781 169 1473 736 696 1855 711 225 610
model_size=1376
internal_value=0 -0.0041643 2.44412e-05 0.00437408 0.00218582 0.00642124 -0.00614148 -0.0108349 0.016949 0.00496755 0.0188866 0.0217965
internal_weight=0 13529 9129 6865 6421 4845 2209 1576 2636 880 2983 2758
internal_count=16512 13529 9129 6865 6421 4845 2209 1576 2636 880 2983 2758
is_linear=0
shrinkage=0.1


Tree=21
num_leaves= 4
num_cat= 0
full_tree_array_lgbids= 0 -1 1 -2147483648 -2147483648 2 -3 -2147483648 -2147483648 -2147483648 -2147483648 -2 -4 -2147483648 -2147483648
split_feature= 1 1 4
split_gain= 85.3088 19.1755 7.58812
threshold= 3.8346500000000003 6.3350000000000009 1.0469524392733212
decision_type= 2 2 2
left_child=-1 2 -2
right_child=1 -3 -4
leaf_value= -0.006998361494020975 -0.00071163246482617724 0.024422635919217964 0.014366680191305804
leaf_weight=9454 3320 1474 2264
leaf_count=9454 3320 1474 2264
model_size=368
internal_value=0 0.00937412 0.00540178
internal_weight=0 7058 5584
internal_count=16512 7058 5584
is_linear=0
shrinkage=0.1


Tree=22
num_leaves= 17
num_cat= 0
full_tree_array_lgbids= 0 1 3 2 -3 4 -5 8 -4 -2147483648 -2147483648 5 12 -2147483648 -2147483648 -1 9 -2147483648 -2147483648 -2147483648 -2147483648 -2147483648 -2147483648 7 6 13 -14 -2147483648 -2147483648 -2147483648 -2147483648 -2147483648 -2147483648 10 -11 -2147483648 -2147483648 -2147483648 -2147483648 -2147483648 -2147483648 -2147483648 -2147483648 -2147483648 -2147483648 -2147483648 -2147483648 -2 15 14 -8 -6 -15 -2147483648 -2147483648 -2147483648 -2147483648 -2147483648 -2147483648 -2147483648 -2147483648 -2147483648 -2147483648 -2147483648 -2147483648 -2147483648 -2147483648 -10 11 -2147483648 -2147483648 -2147483648 -2147483648 -2147483648 -2147483648 -2147483648 -2147483648 -2147483648 -2147483648 -2147483648 -2147483648 -2147483648 -2147483648 -2147483648 -2147483648 -2147483648 -2147483648 -2147483648 -2147483648 -2147483648 -2147483648 -2147483648 -2147483648 -2147483648 -2147483648 -2147483648 -2147483648 -9 -17 -7 -16 -2147483648 -2147483648 -2147483648 -2147483648 -2147483648 -2147483648 -2147483648 -2147483648 -2147483648 -2147483648 -2147483648 -2147483648 -2147483648 -2147483648 -2147483648 -2147483648 -2147483648 -2147483648 -2147483648 -2147483648 -2147483648 -2147483648 -2147483648 -2147483648 -2147483648 -2147483648 -2147483648 -2147483648 -2147483648 -2147483648 -2147483648 -2147483648 -2147483648 -2147483648 -2147483648 -2147483648 -12 -13 -2147483648 -2147483648 -2147483648 -2147483648 -2147483648 -2147483648 -2147483648 -2147483648 -2147483648 -2147483648 -2147483648 -2147483648 -2147483648 -2147483648 -2147483648 -2147483648 -2147483648 -2147483648 -2147483648 -2147483648 -2147483648 -2147483648 -2147483648 -2147483648 -2147483648 -2147483648 -2147483648 -2147483648 -2147483648 -2147483648 -2147483648 -2147483648 -2147483648 -2147483648 -2147483648 -2147483648 -2147483648 -2147483648 -2147483648 -2147483648 -2147483648 -2147483648 -2147483648 -2147483648 -2147483648 -2147483648 -2147483648 -2147483648 -2147483648 -2147483648 -2147483648 -2147483648 -2147483648 -2147483648 -2147483648 -2147483648 -2147483648 -2147483648 -2147483648 -2147483648 -2147483648 -2147483648 -2147483648 -2147483648 -2147483648 -2147483648 -2147483648 -2147483648 -2147483648 -2147483648 -2147483648 -2147483648 -2147483648 -2147483648 -2147483648 -2147483648 -2147483648 -2147483648 -2147483648 -2147483648 -2147483648 -2147483648 -2147483648 -2147483648 -2147483648 -2147483648 -2147483648 -2147483648 -2147483648 -2147483648 -2147483648 -2147483648 -2147483648 -2147483648 -2147483648 -2147483648 -2147483648 -2147483648 -2147483648 -2147483648 -2147483648 -2147483648 -2147483648 -2147483648 -2147483648 -2147483648 -2147483648 -2147483648 -2147483648 -2147483648 -2147483648 -2147483648 -2147483648 -2147483648 -2147483648 -2147483648
split_feature= 1 6 7 7 8 7 8 8 8 7 8 7 7 8 7 7
split_gain= 66.3883 11.196 11.2372 7.1151 13.2896 6.69939 10.3875 8.03374 5.85951 7.30803 24.0382 49.6525 4.30663 12.1889 4.22679 2.57172
threshold= 4.6970000000000001 3.1100458715596333 39.355000000000011 37.955000000000005 -118.02499999999999 34.185000000000009 -121.98499999999999 -118.35499999999998 -122.41499999999998 37.615000000000002 -120.62499999999999 34.885000000000012 33.655000000000008 -117.145 37.595000000000006 34.055000000000007
decision_type= 2 2 2 2 2 2 2 2 2 2 2 2 2 2 2 2
left_child=1 2 8 4 5 7 14 -2 -1 10 -10 -12 13 -6 -7 -9
right_child=3 -3 -4 -5 12 6 -8 15 9 -11 11 -13 -14 -15 -16 -17
leaf_value= 0.021969025755418866 0.055442353289796631 -0.011737871060887287 -0.025819891436179798 -0.013900015636180678 0.037031823348712183 0.047736510002796786 0.0018245399109309156 6.593222421989858e-05 0.029010789037871038 -0.011175190236882694 0.0051663800670785865 -0.031448449952784834 -0.011877858633399192 -0.017431357448663472 0.010851060422549623 0.049843451351985153
leaf_weight=612 440 4165 504 397 344 402 987 287 631 1982 3665 637 714 182 401 162
leaf_count=612 440 4165 504 397 344 402 987 287 631 1982 3665 637 714 182 401 162
model_size=1824
internal_value=0 -0.0043783 -0.000561509 0.012372 0.0150334 0.0215866 0.0141576 0.0365447 0.00112977 -0.000714577 0.00348833 -0.000255202 0.000875523 0.0181871 0.0293168 0.0180257
internal_weight=0 12196 8031 4316 3919 2679 1790 889 7527 6915 4933 4302 1240 526 803 449
internal_count=16512 12196 8031 4316 3919 2679 1790 889 7527 6915 4933 4302 1240 526 803 449
is_linear=0
shrinkage=0.1


Tree=23
num_leaves= 16
num_cat= 0
full_tree_array_lgbids= 0 1 -2 2 10 -2147483648 -2147483648 4 3 12 -12 -2147483648 -2147483648 -2147483648 -2147483648 5 7 6 -5 -3 -14 -2147483648 -2147483648 -2147483648 -2147483648 -2147483648 -2147483648 -2147483648 -2147483648 -2147483648 -2147483648 -1 9 -6 8 13 -8 -2147483648 -2147483648 -2147483648 -2147483648 -2147483648 -2147483648 -2147483648 -2147483648 -2147483648 -2147483648 -2147483648 -2147483648 -2147483648 -2147483648 -2147483648 -2147483648 -2147483648 -2147483648 -2147483648 -2147483648 -2147483648 -2147483648 -2147483648 -2147483648 -2147483648 -2147483648 -2147483648 -2147483648 -7 -11 -2147483648 -2147483648 11 -10 -4 14 -2147483648 -2147483648 -2147483648 -2147483648 -2147483648 -2147483648 -2147483648 -2147483648 -2147483648 -2147483648 -2147483648 -2147483648 -2147483648 -2147483648 -2147483648 -2147483648 -2147483648 -2147483648 -2147483648 -2147483648 -2147483648 -2147483648 -2147483648 -2147483648 -2147483648 -2147483648 -2147483648 -2147483648 -2147483648 -2147483648 -2147483648 -2147483648 -2147483648 -2147483648 -2147483648 -2147483648 -2147483648 -2147483648 -2147483648 -2147483648 -2147483648 -2147483648 -2147483648 -2147483648 -2147483648 -2147483648 -2147483648 -2147483648 -2147483648 -2147483648 -2147483648 -2147483648 -2147483648 -2147483648 -2147483648 -2147483648 -2147483648 -2147483648 -2147483648 -2147483648 -2147483648 -2147483648 -2147483648 -2147483648 -2147483648 -2147483648 -9 -13 -2147483648 -2147483648 -2147483648 -2147483648 -15 -16 -2147483648 -2147483648 -2147483648 -2147483648 -2147483648 -2147483648 -2147483648 -2147483648 -2147483648 -2147483648 -2147483648 -2147483648 -2147483648 -2147483648 -2147483648 -2147483648 -2147483648 -2147483648 -2147483648 -2147483648 -2147483648 -2147483648 -2147483648 -2147483648 -2147483648 -2147483648 -2147483648 -2147483648 -2147483648 -2147483648 -2147483648 -2147483648 -2147483648 -2147483648 -2147483648 -2147483648 -2147483648 -2147483648 -2147483648 -2147483648 -2147483648 -2147483648 -2147483648 -2147483648 -2147483648 -2147483648 -2147483648 -2147483648 -2147483648 -2147483648 -2147483648 -2147483648 -2147483648 -2147483648 -2147483648 -2147483648 -2147483648 -2147483648 -2147483648 -2147483648 -2147483648 -2147483648 -2147483648 -2147483648 -2147483648 -2147483648 -2147483648 -2147483648 -2147483648 -2147483648 -2147483648 -2147483648 -2147483648 -2147483648 -2147483648 -2147483648 -2147483648 -2147483648 -2147483648 -2147483648 -2147483648 -2147483648 -2147483648 -2147483648 -2147483648 -2147483648 -2147483648 -2147483648 -2147483648 -2147483648 -2147483648 -2147483648 -2147483648 -2147483648 -2147483648 -2147483648 -2147483648 -2147483648 -2147483648 -2147483648 -2147483648 -2147483648 -2147483648 -2147483648 -2147483648 -2147483648 -2147483648 -2147483648
split_feature= 1 8 7 8 8 7 7 7 7 8 7 7 8 7 8
split_gain= 50.4046 16.7665 40.8425 72.3252 34.2083 48.8448 30.4395 24.3966 27.0908 20.1424 17.3697 11.4236 9.66775 4.66801 37.3598
threshold= 5.6851000000000012 -117.77499999999999 34.525000000000013 -121.56499999999998 -118.36499999999999 34.155000000000008 38.815000000000005 33.625000000000007 34.045000000000009 -119.34499999999998 33.915000000000006 33.885000000000012 -117.145 37.595000000000006 -122.38499999999998
decision_type= 2 2 2 2 2 2 2 2 2 2 2 2 2 2 2
left_child=1 2 4 6 5 -1 13 -6 11 -7 12 -9 -3 -4 -15
right_child=-2 10 3 -5 7 9 -8 8 -10 -11 -12 -13 -14 14 -16
leaf_value= 0.062443343978093695 0.016687403557219736 0.013009169934934657 0.023447135572258214 -0.019612947044031853 0.13739502234742618 0.06764634273828822 -0.022762224860300079 0.0060618488374505307 0.019086745616467386 -2.5512300564825696e-05 -0.031673758019613266 -0.016851972221582263 -0.016369213029984075 0.023779754864132755 -0.010822413457187541
leaf_weight=397 2280 630 990 3073 26 111 615 1253 1143 649 868 1399 970 847 1261
leaf_count=397 2280 630 990 3073 26 111 615 1253 1143 649 868 1399 970 847 1261
model_size=1712
internal_value=0 -0.00267336 -0.000244143 -0.0065668 0.00837489 0.0279016 0.00423062 0.00246218 0.00153774 0.00985814 -0.0142525 -0.0060258 -0.00480147 0.00958911 0.00308083
internal_weight=0 14232 11764 6786 4978 1157 3713 3821 3795 760 2468 2652 1600 3098 2108
internal_count=16512 14232 11764 6786 4978 1157 3713 3821 3795 760 2468 2652 1600 3098 2108
is_linear=0
shrinkage=0.1


Tree=24
num_leaves= 16
num_cat= 0
full_tree_array_lgbids= 0 1 -2 2 6 -2147483648 -2147483648 4 3 7 -8 -2147483648 -2147483648 -2147483648 -2147483648 9 8 5 -5 -3 -9 -2147483648 -2147483648 -2147483648 -2147483648 -2147483648 -2147483648 -2147483648 -2147483648 -2147483648 -2147483648 10 12 -6 -10 13 -7 -2147483648 -2147483648 -2147483648 -2147483648 -2147483648 -2147483648 -2147483648 -2147483648 -2147483648 -2147483648 -2147483648 -2147483648 -2147483648 -2147483648 -2147483648 -2147483648 -2147483648 -2147483648 -2147483648 -2147483648 -2147483648 -2147483648 -2147483648 -2147483648 -2147483648 -2147483648 -1 11 -11 -14 -2147483648 -2147483648 -2147483648 -2147483648 -4 14 -2147483648 -2147483648 -2147483648 -2147483648 -2147483648 -2147483648 -2147483648 -2147483648 -2147483648 -2147483648 -2147483648 -2147483648 -2147483648 -2147483648 -2147483648 -2147483648 -2147483648 -2147483648 -2147483648 -2147483648 -2147483648 -2147483648 -2147483648 -2147483648 -2147483648 -2147483648 -2147483648 -2147483648 -2147483648 -2147483648 -2147483648 -2147483648 -2147483648 -2147483648 -2147483648 -2147483648 -2147483648 -2147483648 -2147483648 -2147483648 -2147483648 -2147483648 -2147483648 -2147483648 -2147483648 -2147483648 -2147483648 -2147483648 -2147483648 -2147483648 -2147483648 -2147483648 -2147483648 -2147483648 -2147483648 -2147483648 -12 -13 -2147483648 -2147483648 -2147483648 -2147483648 -2147483648 -2147483648 -2147483648 -2147483648 -2147483648 -2147483648 -2147483648 -2147483648 -2147483648 -2147483648 -15 -16 -2147483648 -2147483648 -2147483648 -2147483648 -2147483648 -2147483648 -2147483648 -2147483648 -2147483648 -2147483648 -2147483648 -2147483648 -2147483648 -2147483648 -2147483648 -2147483648 -2147483648 -2147483648 -2147483648 -2147483648 -2147483648 -2147483648 -2147483648 -2147483648 -2147483648 -2147483648 -2147483648 -2147483648 -2147483648 -2147483648 -2147483648 -2147483648 -2147483648 -2147483648 -2147483648 -2147483648 -2147483648 -2147483648 -2147483648 -2147483648 -2147483648 -2147483648 -2147483648 -2147483648 -2147483648 -2147483648 -2147483648 -2147483648 -2147483648 -2147483648 -2147483648 -2147483648 -2147483648 -2147483648 -2147483648 -2147483648 -2147483648 -2147483648 -2147483648 -2147483648 -2147483648 -2147483648 -2147483648 -2147483648 -2147483648 -2147483648 -2147483648 -2147483648 -2147483648 -2147483648 -2147483648 -2147483648 -2147483648 -2147483648 -2147483648 -2147483648 -2147483648 -2147483648 -2147483648 -2147483648 -2147483648 -2147483648 -2147483648 -2147483648 -2147483648 -2147483648 -2147483648 -2147483648 -2147483648 -2147483648 -2147483648 -2147483648 -2147483648 -2147483648 -2147483648 -2147483648 -2147483648 -2147483648 -2147483648 -2147483648 -2147483648 -2147483648 -2147483648 -2147483648 -2147483648 -2147483648 -2147483648 -2147483648
split_feature= 1 8 7 8 8 7 7 8 7 7 8 7 8 7 8
split_gain= 36.7597 9.45265 29.8845 59.0265 24.5395 20.2372 12.4855 16.6554 11.3106 3.58601 21.4277 28.0584 6.31323 0.0335052 27.1821
threshold= 5.8308000000000009 -117.77499999999999 34.655000000000008 -121.56499999999998 -118.30499999999999 38.815000000000005 33.565000000000005 -117.16499999999998 33.695000000000007 34.165000000000006 -118.37499999999999 34.045000000000009 -119.30499999999999 37.595000000000006 -122.38499999999998
decision_type= 2 2 2 2 2 2 2 2 2 2 2 2 2 2 2
left_child=1 2 4 5 9 13 7 -3 -6 10 -1 -12 -11 -4 -15
right_child=-2 6 3 -5 8 -7 -8 -9 -10 12 11 -13 -14 14 -16
leaf_value= 0.0589131140766916 0.015842525646691755 0.023920519636100063 0.021012941716352113 -0.018292576734227014 0.049551690639624293 -0.020486002276609919 -0.025243700084868894 -0.013476744841348479 -0.0016985398880144768 0.04709928704974934 -0.0053459413131894057 0.058546619008816581 -0.0012307068592822381 0.021539427772557317 -0.0099085660924838614
leaf_weight=379 2094 426 1032 3006 138 615 1196 876 3182 156 401 184 693 852 1282
leaf_count=379 2094 426 1032 3006 138 615 1196 876 3182 156 401 184 693 852 1282
model_size=1712
internal_value=0 -0.00230089 -0.000114706 -0.00593078 0.00757548 0.00389719 -0.012733 -0.00124077 0.000431741 0.0206572 0.032113 0.0147502 0.00764972 0.00863366 0.00264705
internal_weight=0 14418 11920 6787 5133 3781 2498 1302 3320 1813 964 585 849 3166 2134
internal_count=16512 14418 11920 6787 5133 3781 2498 1302 3320 1813 964 585 849 3166 2134
is_linear=0
shrinkage=0.1


Tree=25
num_leaves= 4
num_cat= 0
full_tree_array_lgbids= 0 1 2 -1 -3 -2 -4
split_feature= 3 6 1
split_gain= 31.6273 8.99616 0.779584
threshold= 6.3286213786213787 2.5763869593405579 9.1688500000000008
decision_type= 2 2 2
left_child=1 -1 -2
right_child=2 -3 -4
leaf_value= 0.0037690327413719958 0.0091607855734881991 -0.0065055132426264962 0.039865817635936635
leaf_weight=4826 2851 8551 284
leaf_count=4826 2851 8551 284
model_size=368
internal_value=0 -0.00279878 0.0119424
internal_weight=0 13377 3135
internal_count=16512 13377 3135
is_linear=0
shrinkage=0.1


Tree=26
num_leaves= 12
num_cat= 0
full_tree_array_lgbids= 0 1 -2 2 10 -2147483648 -2147483648 4 3 -3 -12 -2147483648 -2147483648 -2147483648 -2147483648 5 8 9 -5 -2147483648 -2147483648 -2147483648 -2147483648 -2147483648 -2147483648 -2147483648 -2147483648 -2147483648 -2147483648 -2147483648 -2147483648 6 -7 -6 -10 -4 -11 -2147483648 -2147483648 -2147483648 -2147483648 -2147483648 -2147483648 -2147483648 -2147483648 -2147483648 -2147483648 -2147483648 -2147483648 -2147483648 -2147483648 -2147483648 -2147483648 -2147483648 -2147483648 -2147483648 -2147483648 -2147483648 -2147483648 -2147483648 -2147483648 -2147483648 -2147483648 -1 7 -2147483648 -2147483648 -2147483648 -2147483648 -2147483648 -2147483648 -2147483648 -2147483648 -2147483648 -2147483648 -2147483648 -2147483648 -2147483648 -2147483648 -2147483648 -2147483648 -2147483648 -2147483648 -2147483648 -2147483648 -2147483648 -2147483648 -2147483648 -2147483648 -2147483648 -2147483648 -2147483648 -2147483648 -2147483648 -2147483648 -2147483648 -2147483648 -2147483648 -2147483648 -2147483648 -2147483648 -2147483648 -2147483648 -2147483648 -2147483648 -2147483648 -2147483648 -2147483648 -2147483648 -2147483648 -2147483648 -2147483648 -2147483648 -2147483648 -2147483648 -2147483648 -2147483648 -2147483648 -2147483648 -2147483648 -2147483648 -2147483648 -2147483648 -2147483648 -2147483648 -2147483648 -2147483648 -2147483648 -2147483648 -8 -9 -2147483648 -2147483648 -2147483648 -2147483648 -2147483648 -2147483648 -2147483648 -2147483648 -2147483648 -2147483648 -2147483648 -2147483648 -2147483648 -2147483648 -2147483648 -2147483648 -2147483648 -2147483648 -2147483648 -2147483648 -2147483648 -2147483648 -2147483648 -2147483648 -2147483648 -2147483648 -2147483648 -2147483648 -2147483648 -2147483648 -2147483648 -2147483648 -2147483648 -2147483648 -2147483648 -2147483648 -2147483648 -2147483648 -2147483648 -2147483648 -2147483648 -2147483648 -2147483648 -2147483648 -2147483648 -2147483648 -2147483648 -2147483648 -2147483648 -2147483648 -2147483648 -2147483648 -2147483648 -2147483648 -2147483648 -2147483648 -2147483648 -2147483648 -2147483648 -2147483648 -2147483648 -2147483648 -2147483648 -2147483648 -2147483648 -2147483648 -2147483648 -2147483648 -2147483648 -2147483648 -2147483648 -2147483648 -2147483648 -2147483648 -2147483648 -2147483648 -2147483648 -2147483648 -2147483648 -2147483648 -2147483648 -2147483648 -2147483648 -2147483648 -2147483648 -2147483648 -2147483648 -2147483648 -2147483648 -2147483648 -2147483648 -2147483648 -2147483648 -2147483648 -2147483648 -2147483648 -2147483648 -2147483648 -2147483648 -2147483648 -2147483648 -2147483648 -2147483648 -2147483648 -2147483648 -2147483648 -2147483648 -2147483648 -2147483648 -2147483648 -2147483648 -2147483648 -2147483648 -2147483648 -2147483648 -2147483648 -2147483648 -2147483648 -2147483648 -2147483648 -2147483648 -2147483648 -2147483648 -2147483648
split_feature= 3 8 7 8 8 7 8 7 7 7 7
split_gain= 21.1022 7.03061 21.9658 39.6277 22.6451 7.2772 14.0045 23.9774 3.54992 3.05678 2.6684
threshold= 6.3286213786213787 -117.77499999999999 34.525000000000013 -121.56499999999998 -118.30499999999999 34.155000000000008 -118.38499999999998 34.045000000000009 33.625000000000007 37.915000000000006 33.565000000000005
decision_type= 2 2 2 2 2 2 2 2 2 2 2
left_child=1 2 4 9 5 6 -1 -8 -6 -4 -3
right_child=-2 10 3 -5 8 -7 7 -9 -10 -11 -12
leaf_value= 0.055367431672261172 0.010748122040336644 -0.0033957019313734455 0.0087806819102555934 -0.018230808214981246 0.095745462757246255 0.0048136229111810031 -0.0023613941838718168 0.057563772130095836 -0.0014461027308504278 -0.0092710349194093152 -0.025692739462016573
leaf_weight=388 3135 1165 2299 2563 29 821 438 190 3247 1270 967
leaf_count=388 3135 1165 2299 2563 29 821 438 190 3247 1270 967
model_size=1264
internal_value=0 -0.0025189 -0.000435259 -0.00624804 0.00653599 0.0192365 0.0308911 0.0157688 -0.000585738 0.00235712 -0.0135089
internal_weight=0 13377 11245 6132 5113 1837 1016 628 3276 3569 2132
internal_count=16512 13377 11245 6132 5113 1837 1016 628 3276 3569 2132
is_linear=0
shrinkage=0.1


Tree=27
num_leaves= 3
num_cat= 0
full_tree_array_lgbids= 0 1 -2 -1 -3 -2147483648 -2147483648
split_feature= 6 1
split_gain= 14.0278 11.3432
threshold= 3.1424162072895592 5.8308000000000009
decision_type= 2 2
left_child=1 -1
right_child=-2 -3
leaf_value= 0.0010091512611967951 -0.007097232934940037 0.017177272223446491
leaf_weight=9806 5153 1553
leaf_count=9806 5153 1553
model_size=256
internal_value=0 0.00321965
internal_weight=0 11359
internal_count=16512 11359
is_linear=0
shrinkage=0.1


Tree=28
num_leaves= 4
num_cat= 0
full_tree_array_lgbids= 0 1 -2 2 -3 -2147483648 -2147483648 -1 -4 -2147483648 -2147483648 -2147483648 -2147483648 -2147483648 -2147483648
split_feature= 8 3 4
split_gain= 11.3815 13.1398 2.10324
threshold= -116.53499999999998 6.3286213786213787 0.98327525320217724
decision_type= 2 2 2
left_child=1 2 -1
right_child=-2 -3 -4
leaf_value= -0.011771019550984354 -0.038293199154145828 0.01046998175494903 0.00021524076266338102
leaf_weight=2146 236 3048 11082
leaf_count=2146 236 3048 11082
model_size=368
internal_value=0 0.000555247 -0.00172931
internal_weight=0 16276 13228
internal_count=16512 16276 13228
is_linear=0
shrinkage=0.1


Tree=29
num_leaves= 13
num_cat= 0
full_tree_array_lgbids= 0 1 -2 2 3 -2147483648 -2147483648 10 5 4 -5 -2147483648 -2147483648 -2147483648 -2147483648 11 -12 8 6 -3 -6 -2147483648 -2147483648 -2147483648 -2147483648 -2147483648 -2147483648 -2147483648 -2147483648 -2147483648 -2147483648 -1 -13 -2147483648 -2147483648 -4 9 -7 7 -2147483648 -2147483648 -2147483648 -2147483648 -2147483648 -2147483648 -2147483648 -2147483648 -2147483648 -2147483648 -2147483648 -2147483648 -2147483648 -2147483648 -2147483648 -2147483648 -2147483648 -2147483648 -2147483648 -2147483648 -2147483648 -2147483648 -2147483648 -2147483648 -2147483648 -2147483648 -2147483648 -2147483648 -2147483648 -2147483648 -2147483648 -2147483648 -2147483648 -2147483648 -10 -11 -2147483648 -2147483648 -8 -9 -2147483648 -2147483648 -2147483648 -2147483648 -2147483648 -2147483648 -2147483648 -2147483648 -2147483648 -2147483648 -2147483648 -2147483648 -2147483648 -2147483648 -2147483648 -2147483648 -2147483648 -2147483648 -2147483648 -2147483648 -2147483648 -2147483648 -2147483648 -2147483648 -2147483648 -2147483648 -2147483648 -2147483648 -2147483648 -2147483648 -2147483648 -2147483648 -2147483648 -2147483648 -2147483648 -2147483648 -2147483648 -2147483648 -2147483648 -2147483648 -2147483648 -2147483648 -2147483648 -2147483648 -2147483648 -2147483648 -2147483648 -2147483648
split_feature= 7 8 3 7 8 7 8 1 8 6 8 7
split_gain= 7.75036 23.9788 16.7189 15.3032 18.4079 9.50941 71.0524 16.944 2.91224 1.29703 0.566159 1.71413
threshold= 37.925000000000004 -117.75499999999998 5.5511074737062058 33.565000000000005 -117.145 34.525000000000013 -120.62499999999999 5.0387000000000013 -119.21499999999999 2.3055777777777782 -122.41499999999998 37.765000000000008
decision_type= 2 2 2 2 2 2 2 2 2 2 2 2
left_child=1 2 10 4 -3 8 -7 -8 -4 -10 11 -1
right_child=-2 3 5 -5 -6 6 7 -9 9 -11 -12 -13
leaf_value= 0.0030631027393171503 -0.0095009389111765236 0.022238258026608504 0.081764393056432405 -0.022352631773537232 -0.012279511814479687 0.018619654266172025 -0.017872859076320639 -0.090059332532047107 0.06318248428314989 0.017306505264473863 -0.00077147998666681232 0.057428737620512649
leaf_weight=203 2882 587 75 1298 892 1400 489 93 129 1562 6752 150
leaf_count=203 2882 587 75 1298 892 1400 489 93 129 1562 6752 150
model_size=1376
internal_value=0 0.00200893 0.00500275 -0.00969146 0.00142024 0.0134119 0.00451674 -0.0294078 0.023395 0.0208062 0.000566796 0.0261646
internal_weight=0 13630 10853 2777 1479 3748 1982 582 1766 1691 7105 353
internal_count=16512 13630 10853 2777 1479 3748 1982 582 1766 1691 7105 353
is_linear=0
shrinkage=0.1


Tree=30
num_leaves= 7
num_cat= 0
full_tree_array_lgbids= 0 1 -2 2 -3 -2147483648 -2147483648 4 3 -2147483648 -2147483648 -2147483648 -2147483648 -2147483648 -2147483648 -1 5 -4 -5 -2147483648 -2147483648 -2147483648 -2147483648 -2147483648 -2147483648 -2147483648 -2147483648 -2147483648 -2147483648 -2147483648 -2147483648 -2147483648 -2147483648 -6 -7 -2147483648 -2147483648 -2147483648 -2147483648 -2147483648 -2147483648 -2147483648 -2147483648 -2147483648 -2147483648 -2147483648 -2147483648 -2147483648 -2147483648 -2147483648 -2147483648 -2147483648 -2147483648 -2147483648 -2147483648 -2147483648 -2147483648 -2147483648 -2147483648 -2147483648 -2147483648 -2147483648 -2147483648
split_feature= 6 7 8 7 7 3
split_gain= 4.65901 5.08357 6.84413 12.0515 7.14207 0.792972
threshold= 3.1519910337552743 37.895000000000003 -117.75499999999998 33.915000000000006 33.645000000000003 6.9566301031144784
decision_type= 2 2 2 2 2 2
left_child=1 2 4 -4 -1 -6
right_child=-2 -3 3 -5 5 -7
leaf_value= 0.064124369272266071 -0.0062298352952706434 -0.0065553069013990556 0.0029550845220691407 -0.027619557529184349 0.0058620941592251938 0.02682578598472329
leaf_weight=99 5088 2577 1328 541 6262 617
leaf_count=99 5088 2577 1328 541 6262 617
model_size=704
internal_value=0 0.00277463 0.00549231 -0.00589504 0.00854231 0.0077424
internal_weight=0 11424 8847 1869 6978 6879
internal_count=16512 11424 8847 1869 6978 6879
is_linear=0
shrinkage=0.1


Tree=31
num_leaves= 4
num_cat= 0
full_tree_array_lgbids= 0 1 -2 -1 2 -2147483648 -2147483648 -2147483648 -2147483648 -3 -4 -2147483648 -2147483648 -2147483648 -2147483648
split_feature= 8 4 1
split_gain= 1.47681 2.05796 3.77443
threshold= -116.40499999999999 0.99160544721033084 3.8346500000000003
decision_type= 2 2 2
left_child=1 -1 -3
right_child=-2 2 -4
leaf_value= -0.0079994431064202721 -0.036568501289497984 -0.0013982735995394467 0.0079212592385665484
leaf_weight=2996 188 8019 5309
leaf_count=2996 188 8019 5309
model_size=368
internal_value=0 0.000421152 0.00231402
internal_weight=0 16324 13328
internal_count=16512 16324 13328
is_linear=0
shrinkage=0.1


end of trees

feature_importances:
Column_8=175
Column_7=172
Column_1=112
Column_6=107
Column_2=70
Column_3=25
Column_4=11
Column_5=8

parameters:
[boosting: gbdt]
[objective: regression]
[metric: rmse]
[tree_learner: serial]
[device_type: cpu]
[data_sample_strategy: bagging]
[data: data/california_housing.libsvm.train]
[valid: data/california_housing.libsvm.test]
[num_iterations: 500]
[learning_rate: 0.1]
[num_leaves: 255]
[num_threads: 0]
[seed: 42]
[deterministic: 0]
[force_col_wise: 0]
[force_row_wise: 0]
[histogram_pool_size: -1]
[max_depth: 7]
[min_data_in_leaf: 10]
[min_sum_hessian_in_leaf: 0.001]
[bagging_fraction: 1]
[pos_bagging_fraction: 1]
[neg_bagging_fraction: 1]
[bagging_freq: 0]
[bagging_seed: 400]
[feature_fraction: 1]
[feature_fraction_bynode: 1]
[feature_fraction_seed: 30056]
[extra_trees: 0]
[extra_seed: 12879]
[early_stopping_round: 0]
[early_stopping_min_delta: 0]
[first_metric_only: 0]
[max_delta_step: 0]
[lambda_l1: 0]
[lambda_l2: 0]
[linear_lambda: 0]
[min_gain_to_split: 0]
[drop_rate: 0.1]
[max_drop: 50]
[skip_drop: 0.5]
[xgboost_dart_mode: 0]
[uniform_drop: 0]
[drop_seed: 17869]
[top_rate: 0.2]
[other_rate: 0.1]
[min_data_per_group: 100]
[max_cat_threshold: 32]
[cat_l2: 10]
[cat_smooth: 10]
[max_cat_to_onehot: 4]
[top_k: 20]
[monotone_constraints: ]
[monotone_constraints_method: basic]
[monotone_penalty: 0]
[feature_contri: ]
[forcedsplits_filename: ]
[refit_decay_rate: 0.9]
[tinygbdt_penalty_feature: 2]
[tinygbdt_penalty_split: 0.0078125]
[tinygbdt_forestsize: 64000]
[tinygbdt_precision: 7]
[cegb_tradeoff: 1]
[cegb_penalty_split: 0]
[cegb_penalty_feature_lazy: ]
[cegb_penalty_feature_coupled: ]
[path_smooth: 0]
[interaction_constraints: ]
[verbosity: 2]
[saved_feature_importance_type: 0]
[use_quantized_grad: 0]
[num_grad_quant_bins: 4]
[quant_train_renew_leaf: 0]
[stochastic_rounding: 1]
[linear_tree: 0]
[max_bin: 255]
[max_bin_by_feature: ]
[min_data_in_bin: 3]
[bin_construct_sample_cnt: 200000]
[data_random_seed: 175]
[is_enable_sparse: 1]
[enable_bundle: 1]
[use_missing: 1]
[zero_as_missing: 0]
[feature_pre_filter: 1]
[pre_partition: 0]
[two_round: 0]
[header: 0]
[label_column: ]
[weight_column: ]
[group_column: ]
[ignore_column: ]
[categorical_feature: ]
[forcedbins_filename: ]
[precise_float_parser: 0]
[parser_config_file: ]
[objective_seed: 16083]
[num_class: 1]
[is_unbalance: 0]
[scale_pos_weight: 1]
[sigmoid: 1]
[boost_from_average: 1]
[reg_sqrt: 0]
[alpha: 0.9]
[fair_c: 1]
[poisson_max_delta_step: 0.7]
[tweedie_variance_power: 1.5]
[lambdarank_truncation_level: 30]
[lambdarank_norm: 1]
[label_gain: ]
[lambdarank_position_bias_regularization: 0]
[eval_at: ]
[multi_error_top_k: 1]
[auc_mu_weights: ]
[num_machines: 1]
[local_listen_port: 12400]
[time_out: 120]
[machine_list_filename: ]
[machines: ]
[gpu_platform_id: -1]
[gpu_device_id: -1]
[gpu_use_dp: 0]
[num_gpu: 1]

end of parameters
