tree
version=v4
num_class=1
num_tree_per_iteration=1
label_index=0
max_feature_idx=8
objective=regression
feature_names=Column_0 Column_1 Column_2 Column_3 Column_4 Column_5 Column_6 Column_7 Column_8
feature_infos=none [0.49990000000000001:15.0001] [1:52] [0.88888888888888884:141.90909090909091] [0.33333333333333331:25.63636363636364] [3:35682] [0.69230769230769229:1243.333333333333] [32.549999999999997:41.950000000000003] [-124.34999999999999:-114.31]
tree_sizes=9967 9589 8630 7807 8032 7440 6853 6634 6182 6309 6129 5736 5675 5393 4989 5490 5083 4376 4591 4448 4523 4509

Tree=0
num_leaves= 104
num_cat= 0
full_tree_array_lgbids= 0 1 2 5 3 4 10 9 11 6 7 16 13 20 33 15 14 35 21 37 8 19 17 44 18 39 29 77 64 34 46 45 53 27 52 49 59 54 31 70 38 12 36 22 25 24 51 79 67 96 23 71 74 63 60 99 80 90 -66 82 -36 -35 89 -1 48 94 58 30 78 72 85 50 84 -37 66 68 101 32 42 92 -72 76 55 28 26 56 102 41 40 47 73 43 65 98 62 -2 93 75 -69 -18 97 57 69 100 86 -41 88 87 81 61 -62 -4 -101 -79 95 91 -92 -2147483648 -2147483648 -12 83 -2147483648 -2147483648 -2147483648 -2147483648 -48 -91 -2147483648 -2147483648 -47 -50 -17 -96 -55 -60 -11 -32 -29 -80 -16 -74 -54 -87 -7 -52 -51 -86 -2147483648 -2147483648 -61 -68 -13 -70 -56 -103 -23 -34 -33 -44 -3 -94 -2147483648 -2147483648 -39 -78 -40 -57 -8 -30 -14 -28 -10 -58 -38 -104 -5 -43 -24 -42 -21 -49 -27 -75 -9 -45 -26 -67 -19 -100 -53 -64 -2147483648 -2147483648 -81 -95 -46 -77 -2147483648 -2147483648 -2147483648 -2147483648 -98 -99 -20 -59 -25 -71 -6 -102 -73 -88 -2147483648 -2147483648 -76 -90 -15 -89 -65 -83 -31 -63 -2147483648 -2147483648 -2147483648 -2147483648 -2147483648 -2147483648 -2147483648 -2147483648 -82 -97 -22 -93 -2147483648 -2147483648 -2147483648 -2147483648 -2147483648 -2147483648 -2147483648 -2147483648 -84 -85 -2147483648 -2147483648 -2147483648 -2147483648 -2147483648 -2147483648 -2147483648 -2147483648 -2147483648 -2147483648 -2147483648 -2147483648
split_feature= 1 1 1 6 6 3 2 1 7 1 1 1 6 1 6 3 2 6 6 2 2 6 3 1 2 8 8 8 1 2 7 7 8 1 2 7 7 1 2 6 7 6 8 7 1 4 5 7 7 8 6 8 6 6 7 5 8 7 7 7 6 2 8 1 7 8 7 7 2 4 3 2 8 6 2 6 8 4 8 5 6 6 4 8 8 8 7 4 6 2 4 8 8 2 4 8 7 8 7 5 5 8 7
split_gain= 6984.71 1682.2 1289.17 973.37 428.507 315.432 231.089 210.012 184.418 178.224 153.302 134.142 125.922 118.092 109.971 108.498 104.903 102.689 92.6221 82.5816 70.536 64.2119 63.7998 57.485 55.8276 51.2154 47.7275 46.5642 41.8532 40.937 36.8963 36.1252 40.3549 30.7189 34.2752 30.6439 28.3328 28.2182 32.9918 27.8828 26.7107 26.5708 26.1792 25.8037 25.5404 23.9005 22.9895 22.6261 22.0733 21.6143 26.869 21.1207 20.2463 19.4819 19.1768 17.7699 16.7812 16.6883 15.6167 15.6008 15.283 15.3403 14.8147 13.6711 13.4215 13.2387 12.5305 11.942 10.8274 10.1427 9.65686 9.58029 9.49235 9.43762 9.20502 8.53732 6.66387 6.58259 5.91574 4.46529 4.39203 3.89476 3.52935 4.11889 3.36631 2.72085 2.46405 2.38149 2.12534 2.05179 1.96425 4.16113 1.88415 1.81673 1.66811 1.17116 1.13505 2.98401 0.756756 0.583425 0.376974 0.26017 0.165526
threshold= 5.0387000000000013 3.0679500000000002 6.8672000000000013 2.3489548886254448 2.671038674349933 4.3101408005062494 24.500000000000004 4.0775500000000013 37.815000000000005 2.2210000000000005 7.852450000000001 2.4115000000000006 1.9628175980828908 5.7307500000000013 2.4907552973342448 3.449226804123712 19.500000000000004 2.9005380231986346 2.0653737590585881 43.500000000000007 26.500000000000004 2.2906328481453726 5.1186051221335997 5.8308000000000009 41.500000000000007 -122.40499999999999 -117.88499999999998 -118.26499999999999 3.4298000000000006 27.500000000000004 37.815000000000005 34.525000000000013 -117.77499999999999 8.7395500000000013 28.500000000000004 35.335000000000008 37.995000000000012 3.5330000000000008 18.500000000000004 2.9742256672023202 34.415000000000006 3.0817415934345274 -120.44499999999998 38.545000000000009 5.6402500000000009 1.0291350557942953 139.50000000000003 38.435000000000009 34.045000000000009 -117.35499999999998 2.254419630548663 -122.33499999999999 3.458170981799539 2.10671797776953 37.945000000000007 534.50000000000011 -122.425 38.005000000000003 35.335000000000008 36.835000000000008 3.458170981799539 40.500000000000007 -117.75499999999998 6.2770500000000009 37.645000000000003 -122.28499999999998 38.925000000000004 37.955000000000005 26.500000000000004 1.0435797675926601 4.5820434769673541 22.500000000000004 -122.38499999999998 2.8079590171801518 16.500000000000004 2.5219735498882589 -118.26499999999999 1.0103851166134901 -117.145 390.50000000000006 2.5163636904584812 3.0089663118548242 1.0003353454057682 -117.81499999999998 -116.40499999999999 -117.79499999999999 37.925000000000004 1.0110829055585981 3.3663541575396478 20.500000000000004 1.0139026949414627 -118.26499999999999 -117.23499999999999 16.500000000000004 1.1538900096482767 -122.00499999999998 34.145000000000003 -122.25499999999998 38.235000000000007 1162.5000000000002 1614.5000000000002 -122.35499999999998 38.635000000000012
decision_type= 2 2 2 2 2 2 2 2 2 2 2 2 2 2 2 2 2 2 2 2 2 2 2 2 2 2 2 2 2 2 2 2 2 2 2 2 2 2 2 2 2 2 2 2 2 2 2 2 2 2 2 2 2 2 2 2 2 2 2 2 2 2 2 2 2 2 2 2 2 2 2 2 2 2 2 2 2 2 2 2 2 2 2 2 2 2 2 2 2 2 2 2 2 2 2 2 2 2 2 2 2 2 2
left_child=1 5 4 6 16 9 37 19 12 15 20 35 28 39 27 45 44 24 96 22 77 54 41 57 43 47 -14 30 -8 63 -11 32 -23 34 82 49 56 70 76 71 -24 -5 -33 -9 79 -1 -35 -21 -47 50 -7 98 72 94 68 -40 -10 -20 -55 -37 61 -31 -53 87 90 -26 -61 75 -13 -25 92 100 -16 -27 -41 -46 -39 99 -29 -2 -79 -65 -12 -84 -51 -54 -73 -15 -76 -48 91 -22 -3 -81 -17 -82 -18 -98 -19 -4 -6 -56 -38
right_child=2 3 10 7 13 11 8 17 36 14 33 21 26 29 52 53 18 51 23 25 64 31 40 69 65 73 -28 78 -30 60 -32 42 -34 46 -36 59 102 38 55 74 -42 -43 -44 -45 67 48 89 -49 -50 84 -52 62 85 58 101 -57 -58 -59 -60 66 -62 -63 -64 81 -66 -67 -68 -69 -70 -71 -72 86 -74 -75 88 -77 -78 80 -80 93 95 -83 83 -85 -86 -87 -88 -89 -90 -91 -92 -93 -94 -95 -96 -97 97 -99 -100 -101 -102 -103 -104
leaf_value= 2.0090854045861635 2.0322522439146704 2.0942646251487904 2.1635234156506997 2.0623490992633817 2.0788100563966578 2.0841138599801572 2.1965323452694219 2.0954689418246426 2.2142838774901663 2.1406373236940905 2.2314086791347494 2.0345072442712553 2.1803908632616107 2.1096638881203256 2.1369577986748349 2.0163646038680656 2.3475029406369599 2.1269417179355425 2.1957668316364023 2.1654641714581091 2.3134738265400703 2.0423423215696768 2.0333915413355754 2.2374554972134808 2.2091709412441252 2.0795638084043055 2.0853910788377314 2.0653824157377607 2.2845502876908457 2.1919918556662772 2.0404662446165749 1.9910892755883369 1.9852344261613879 2.2256631944098948 2.3423931801380187 1.930502243003837 2.0412401231857533 2.1091870245220798 2.0245249734293451 2.0614350028621407 2.0042626363250329 2.0299805008867327 1.9516641567416866 2.0321558591188165 2.2290802035057791 2.0195706739465327 2.3288537107579415 1.9921922446126408 2.0794739076624724 1.9685349276794362 1.9888444208027325 2.0588902430478546 2.0194666467334796 1.9876247733728514 2.048631191897333 2.1734629168237776 2.0951919498649194 2.087710141191141 1.9546252503190962 1.9717715616073146 2.0880122439150677 2.2838810687809143 2.0262876156140166 2.1854929355010166 2.2369779892674675 2.1356460584060457 1.9436251819951067 2.0902165239069102 2.0885806931844439 2.2872151599752977 2.0331544418979091 2.1472471363027816 2.0468548239882924 2.035621369557977 2.1070863956405002 2.1539228614650354 2.0673858812271733 2.2863981552032029 2.0052765696740975 2.1164124939581668 2.261906623327202 2.1474610484222523 2.299884311105183 2.2336177960559054 1.9309619655047523 1.9695393397118284 2.0833785607593032 2.1384854126492021 2.0785653826666226 2.3580152998203703 2.3308207076200587 2.2209656433100169 2.0101922421986527 2.1698756092870899 2.0851989775483477 2.2078495719740459 2.3441824260131363 2.24765874254427 2.0592165302409682 2.2074340790255622 2.1199560171028113 1.9934744660704813 1.9696822432512706
leaf_weight=181 9.9999999999999982 97 52 636 64 39 90 761 19 227 55 100 402 146 18 89 58 57 303 84 33 272 593 159 43 147 67 116 174 144 50 667 275 19 97 320 66 141 10.999999999999998 174 943 545 277 83 72 114 111 9.9999999999999982 208 231 294 858 368 506 19 104 68 19 289 497 14.999999999999998 28 229 91 39 129 377 13.999999999999998 109 91 91 176 350 136 205 34 113 22 37 88 24 159 63 29 72 31 19 190 137 235 81 14.999999999999998 9.9999999999999982 30 14.999999999999998 110 17 15.999999999999998 13.999999999999998 55 53 81 9.9999999999999982
leaf_count=181 10 97 52 636 64 39 90 761 19 227 55 100 402 146 18 89 58 57 303 84 33 272 593 159 43 147 67 116 174 144 50 667 275 19 97 320 66 141 11 174 943 545 277 83 72 114 111 10 208 231 294 858 368 506 19 104 68 19 289 497 15 28 229 91 39 129 377 14 109 91 91 176 350 136 205 34 113 22 37 88 24 159 63 29 72 31 19 190 137 235 81 15 10 30 15 110 17 16 14 55 53 81 10
model_size=11568
internal_value=2.07195 2.03789 2.19622 2.07259 2.15739 2.00039 2.1449 2.05251 2.17679 2.02716 2.28999 1.98123 2.19841 2.12609 2.05582 2.00269 2.2124 2.07655 2.23355 2.03561 2.24376 2.0009 2.02938 2.21831 2.10021 2.08053 2.16682 2.09704 2.25454 2.15468 2.12256 1.99203 2.01363 2.32271 2.29347 1.96188 2.07953 2.0945 2.11198 2.0994 2.01551 2.04741 1.97952 2.08924 2.15586 2.04057 2.34226 2.14703 2.05827 1.98076 2 2.0558 2.0327 1.98149 2.04369 2.15922 2.1212 2.18939 1.97563 1.95182 2.19741 2.20695 2.05202 2.14104 2.29582 2.15403 1.95963 2.19158 2.06271 2.25557 2.06193 2.12468 2.05126 2.05845 2.08412 2.20497 2.09059 2.2105 2.05085 2.12237 2.22724 2.1613 2.26119 2.279 1.95961 2.01559 2.14102 2.12596 2.09566 2.34866 2.31361 2.28457 2.08641 2.13 2.02629 2.21753 2.32933 2.29738 2.11359 2.18609 2.09745 2.00395 2.03182
internal_weight=0 12960 3552 6731 2512 6229 1463 5268 896 2599 1040 3630 733 1601 1197 1402 911 2174 663 3094 431 1800 2717 572 1016 377 469 430 264 773 277 1491 547 609 244 1830 163 567 369 828 1536 1181 944 844 248 503 365 94 322 636 333 1158 767 899 309 115 87 322 795 1194 187 172 1087 586 168 172 874 120 209 250 198 312 368 283 516 106 254 263 153 128 156 250 147 92 303 399 195 336 342 346 129 48 107 118 104 134 91 33 71 107 117 100 76
internal_count=16512 12960 3552 6731 2512 6229 1463 5268 896 2599 1040 3630 733 1601 1197 1402 911 2174 663 3094 431 1800 2717 572 1016 377 469 430 264 773 277 1491 547 609 244 1830 163 567 369 828 1536 1181 944 844 248 503 365 94 322 636 333 1158 767 899 309 115 87 322 795 1194 187 172 1087 586 168 172 874 120 209 250 198 312 368 283 516 106 254 263 153 128 156 250 147 92 303 399 195 336 342 346 129 48 107 118 104 134 91 33 71 107 117 100 76
is_linear=0
shrinkage=1


Tree=1
num_leaves= 92
num_cat= 0
full_tree_array_lgbids= 0 1 2 5 3 4 12 16 6 7 10 19 13 21 48 17 80 9 14 8 41 22 23 47 24 33 25 59 56 -14 71 26 39 81 -82 18 52 15 37 30 11 54 -43 28 34 32 44 86 68 -21 35 55 69 65 61 -4 67 82 76 -2147483648 -2147483648 72 -73 60 27 78 62 -18 -83 -2147483648 -2147483648 36 51 53 -54 20 46 43 89 31 73 40 29 -9 85 -2147483648 -2147483648 42 38 58 70 50 74 45 49 -2 87 84 -70 -2147483648 -2147483648 64 66 57 75 -35 77 -15 88 63 -63 -2147483648 -2147483648 79 90 83 -84 -58 -78 -2147483648 -2147483648 -2147483648 -2147483648 -50 -74 -2147483648 -2147483648 -1 -62 -28 -29 -19 -80 -41 -64 -2147483648 -2147483648 -2147483648 -2147483648 -2147483648 -2147483648 -2147483648 -2147483648 -7 -38 -20 -53 -11 -55 -2147483648 -2147483648 -8 -22 -17 -48 -16 -45 -39 -91 -3 -33 -32 -75 -10 -42 -13 -31 -2147483648 -2147483648 -56 -87 -2147483648 -2147483648 -2147483648 -2147483648 -5 -44 -30 -40 -24 -60 -36 -72 -12 -52 -34 -76 -25 -47 -46 -51 -2147483648 -2147483648 -88 -89 -49 -86 -2147483648 -2147483648 -2147483648 -2147483648 -2147483648 -2147483648 -26 -66 -37 -68 -6 -59 -57 -77 -2147483648 -2147483648 -71 -79 -2147483648 -2147483648 -67 -90 -27 -65 -2147483648 -2147483648 -2147483648 -2147483648 -2147483648 -2147483648 -61 -81 -69 -92 -23 -85 -2147483648 -2147483648 -2147483648 -2147483648 -2147483648 -2147483648 -2147483648 -2147483648 -2147483648 -2147483648 -2147483648 -2147483648 -2147483648 -2147483648 -2147483648 -2147483648 -2147483648 -2147483648 -2147483648 -2147483648 -2147483648 -2147483648
split_feature= 1 1 1 6 6 6 7 7 2 8 1 6 1 1 8 7 7 8 6 2 8 2 2 6 6 2 7 8 3 8 8 7 2 6 8 1 7 8 7 2 8 8 6 7 8 7 7 1 5 7 7 7 8 6 7 7 7 8 7 1 8 6 1 2 7 1 1 8 7 2 7 1 6 7 3 8 8 7 6 4 7 8 4 8 6 7 5 2 6 3 7
split_gain= 5655.32 1364.39 1041.94 786.669 348.18 268.825 196.272 193.738 186.933 150.082 141.198 133.921 122.532 113.698 113.156 138.877 100.393 108.312 91.6379 81.4394 76.4978 76.3662 65.2601 61.4 54.1699 51.1107 46.038 61.4133 43.6601 40.9219 39.135 47.7952 37.6863 36.9147 36.0974 29.8418 28.2844 27.5687 27.4597 22.7552 21.8963 21.8103 21.5248 20.5988 18.0659 18.5388 17.94 17.0139 15.5062 14.6792 14.4106 12.6417 11.5249 11.3044 11.1413 10.9263 10.5744 10.4644 10.2334 9.96856 9.88636 8.85425 8.68038 8.05467 7.91332 7.80601 6.95653 6.37821 6.36491 6.21401 6.11896 5.89112 8.89464 5.62405 4.03709 3.27614 2.8629 2.84421 2.84355 2.8077 2.06307 6.68367 1.96879 6.40335 1.60083 1.36669 1.3295 1.69902 1.24053 0.826305 0.304902
threshold= 5.0387000000000013 3.1097000000000006 6.8672000000000013 2.4136952392348086 2.5763869593405579 2.1628386478062818 34.455000000000005 37.935000000000009 24.500000000000004 -117.77499999999999 4.1119000000000012 1.9628175980828908 8.4454500000000028 5.8308000000000009 -121.63499999999998 37.895000000000003 37.945000000000007 -118.24499999999999 3.442186331338819 21.500000000000004 -122.31499999999998 26.500000000000004 44.500000000000007 2.9291766686969298 2.0653737590585881 27.500000000000004 34.655000000000008 -122.35499999999998 4.7926201822371182 -122.33499999999999 -118.29499999999999 34.155000000000008 42.500000000000007 2.9366774891774896 -122.40499999999999 5.5682000000000009 34.045000000000009 -119.84499999999998 34.435000000000009 28.500000000000004 -122.40499999999999 -122.35499999999998 3.1424162072895592 35.955000000000005 -121.46499999999999 37.915000000000006 38.675000000000004 5.6402500000000009 70.000000000000014 34.655000000000008 37.765000000000008 34.045000000000009 -116.53499999999998 2.8335312747426764 38.005000000000003 37.925000000000004 37.645000000000003 -117.91499999999998 38.155000000000008 7.3930000000000016 -118.37499999999999 3.458170981799539 2.2003500000000007 40.500000000000007 37.935000000000009 6.3350000000000009 6.3963500000000009 -117.71499999999999 37.955000000000005 14.500000000000002 37.735000000000007 9.1688500000000008 3.1747392355722384 33.695000000000007 6.0498344370860933 -122.19499999999998 -122.28499999999998 37.875000000000007 1.5104297674263547 1.0417933552053971 38.815000000000005 -122.26499999999999 1.0139026949414627 -118.09499999999998 2.5219735498882589 38.765000000000008 1140.5000000000002 15.500000000000002 3.0298305221858191 5.1947827066293142 33.045000000000009
decision_type= 2 2 2 2 2 2 2 2 2 2 2 2 2 2 2 2 2 2 2 2 2 2 2 2 2 2 2 2 2 2 2 2 2 2 2 2 2 2 2 2 2 2 2 2 2 2 2 2 2 2 2 2 2 2 2 2 2 2 2 2 2 2 2 2 2 2 2 2 2 2 2 2 2 2 2 2 2 2 2 2 2 2 2 2 2 2 2 2 2 2 2
left_child=1 5 4 7 19 16 9 8 30 18 22 40 21 33 15 20 17 26 36 47 -8 59 28 32 -21 65 60 -28 42 -13 31 -3 50 55 58 64 -7 43 -30 78 -10 54 -5 -16 45 -25 -17 86 -14 -46 -12 -20 53 -11 -9 57 82 -6 -24 -4 -1 63 -41 -27 -26 -15 -37 79 84 -35 -36 72 -50 -32 -34 -57 -58 -71 -19 -61 81 -18 83 -23 -49 -56 -2 -88 -67 -39 -69
right_child=2 3 12 10 13 6 14 41 11 52 23 29 48 25 37 46 80 39 51 24 -22 56 34 44 35 61 27 -29 38 -31 73 -33 74 69 70 66 -38 89 -40 62 -42 -43 -44 -45 49 -47 -48 68 71 -51 -52 -53 -54 -55 85 75 76 -59 -60 67 -62 -63 -64 -65 -66 88 -68 90 -70 77 -72 -73 -74 -75 -76 -77 -78 -79 -80 -81 -82 -83 -84 -85 -86 -87 87 -89 -90 -91 -92
leaf_value= 0.12004633573159365 0.025150936162647082 0.13922680700818699 0.11271576053566404 0.0034526885907401779 0.075404580390038028 -0.028309887853421901 0.059151383933688829 0.09759424281391231 0.22363129605035315 -0.061957318888207963 0.021982394564230259 0.15200140062967937 0.10762568108427029 0.053162522945877137 -0.044543360916713438 -0.069165334668988832 -0.010307183325592731 -0.10691040447529626 -0.065500078121695615 0.23619967352512272 -0.04433241876213765 0.21847544090314344 0.086914337738907263 0.030477198241080378 0.11931676829390857 0.11920347212087722 0.12940169756368894 -0.010230181675630614 -0.032231015922305616 0.068068334948991935 0.016379425886341118 0.032610137933873733 0.060290220263644612 -0.012674939366323607 0.00083407082386541265 0.15569187857759881 0.013025416069309438 -0.13245514101741321 -0.058800488044297564 -0.056600053397317732 0.14707573651212263 -0.048419898257336835 -0.03598801625026745 -0.10073472395721805 -0.015255583482670965 -0.037837517231754547 -0.11137484540067727 0.14114649544935673 0.23518332124073457 -0.055307762242806785 -0.016821589142755541 -0.035362349379765526 -0.12139950254239328 -0.092726528321861457 0.013780974775552748 0.057807791382074362 0.23663540432850519 0.02329359875109635 -0.047407381460070612 0.15033224030182912 0.055920907254848218 0.015144229612567209 0.025112630911292389 0.18213537653287254 0.016562676749059133 0.104575224239927 0.20825195800799592 0.16323853135108948 0.022553581930696967 0.026130447061732412 -0.056458609286281804 0.25301405869628474 0.15239835229502727 -0.025953057201463833 0.12437126843198654 -0.018313374910281881 0.13973395184613766 -0.019158502263908694 -0.052167017517858363 0.1980809299275279 -0.10261165227275343 -0.076544725858749676 0.23969798904089701 0.11003631697251247 0.061977053912622593 -0.067192419285752952 0.045179397108800277 0.11817086374759674 0.069289553263621739 -0.11209633793981595 0.08826513571797738
leaf_weight=71 51 60 153 359 283 431 96 22 61 293 598 75 11.999999999999998 319 91 198 37 34 673 86 381 55 76 188 166 159 41 214 855 552 143 218 101 126 181 156 368 401 1041 30 203 154 341 995 641 72 398 80 94 159 172 287 121 471 50 25 11.999999999999998 76 9.9999999999999982 104 81 10.999999999999998 77 45 13.999999999999998 102 65 15.999999999999998 11.999999999999998 445 45 292 28 113 31 42 40 47 181 60 64 130 126 12.999999999999998 13.999999999999998 13.999999999999998 34 25 129 261 35
leaf_count=71 51 60 153 359 283 431 96 22 61 293 598 75 12 319 91 198 37 34 673 86 381 55 76 188 166 159 41 214 855 552 143 218 101 126 181 156 368 401 1041 30 203 154 341 995 641 72 398 80 94 159 172 287 121 471 50 25 12 76 10 104 81 11 77 45 14 102 65 16 12 445 45 292 28 113 31 42 40 47 181 60 64 130 126 13 14 14 34 25 129 261 35
model_size=10224
internal_value=0 -0.0306532 0.111843 0.00158421 0.076901 -0.0634424 -0.0721036 0.0611307 0.075329 -0.0522526 -0.0187741 0.103784 0.19624 0.0535082 -0.090709 -0.0645238 -0.0141372 0.00456458 -0.0350419 0.137097 -0.0235055 0.167009 -0.0330328 0.00235965 0.160526 0.0835031 0.0397275 0.0122204 -0.0384442 0.0781082 0.0278505 0.0556209 0.0223913 0.0315291 0.0119928 0.144296 -0.00927185 -0.106783 -0.046819 -0.0398805 0.164765 -0.0231718 -0.0157606 -0.0960262 -0.0146862 0.0115593 -0.0973522 0.0842737 0.238371 -0.023216 0.0133145 -0.0564902 -0.0864599 -0.0809263 0.0220399 0.0558353 0.211697 0.0643727 0.0712955 0.137136 0.0858742 0.127051 0.00220253 0.133086 0.111325 0.0664798 0.171151 0.154514 0.117265 0.0147744 -0.0105738 0.242161 0.216183 -0.0023064 0.0753396 0.01009 0.162096 0.0218041 -0.0608241 0.167801 -0.0731573 -0.0618693 0.224993 0.197744 0.129355 -0.00393196 0.0524824 0.076108 0.0848702 -0.124428 0.111786
internal_weight=0 12960 3552 6535 2512 6425 5465 1665 1425 2644 4870 891 1040 1809 2821 1073 960 729 1759 703 477 614 2908 1962 487 765 407 255 2596 627 534 278 902 1044 312 401 799 1748 1896 322 264 240 700 1086 1060 260 596 216 426 800 770 960 885 764 86 426 246 359 86 368 152 215 107 204 180 550 221 215 106 618 226 414 122 256 132 67 52 492 215 164 231 167 194 68 94 64 110 59 231 662 51
internal_count=16512 12960 3552 6535 2512 6425 5465 1665 1425 2644 4870 891 1040 1809 2821 1073 960 729 1759 703 477 614 2908 1962 487 765 407 255 2596 627 534 278 902 1044 312 401 799 1748 1896 322 264 240 700 1086 1060 260 596 216 426 800 770 960 885 764 86 426 246 359 86 368 152 215 107 204 180 550 221 215 106 618 226 414 122 256 132 67 52 492 215 164 231 167 194 68 94 64 110 59 231 662 51
is_linear=0
shrinkage=0.1


Tree=2
num_leaves= 79
num_cat= 0
full_tree_array_lgbids= 0 1 2 5 3 4 13 15 7 6 8 18 21 24 39 16 76 9 11 56 10 23 14 53 20 50 36 70 60 46 47 25 37 77 -78 17 51 12 33 57 -58 22 44 29 40 30 27 -2 61 55 31 69 -52 49 -38 -4 -72 -26 -62 -15 -48 -41 74 54 26 66 65 -17 -79 -2147483648 -2147483648 42 34 -11 63 19 45 41 -35 58 75 -2147483648 -2147483648 32 28 68 -46 38 52 64 73 -10 43 48 35 -2147483648 -2147483648 62 -63 -20 -57 72 59 -6 71 -2147483648 -2147483648 67 -51 -2147483648 -2147483648 -2147483648 -2147483648 -2147483648 -2147483648 -2147483648 -2147483648 -2147483648 -2147483648 -2147483648 -2147483648 -2147483648 -2147483648 -2147483648 -2147483648 -49 -76 -1 -56 -27 -28 -18 -68 -39 -67 -2147483648 -2147483648 -2147483648 -2147483648 -2147483648 -2147483648 -2147483648 -2147483648 -7 -44 -19 -36 -2147483648 -2147483648 -53 -65 -9 -21 -14 -47 -13 -43 -2147483648 -2147483648 -3 -60 -59 -77 -2147483648 -2147483648 -2147483648 -2147483648 -8 -34 -24 -30 -12 -70 -2147483648 -2147483648 -5 -40 -31 -54 -25 -66 -42 -75 -2147483648 -2147483648 -32 -45 -16 -50 -29 -37 -2147483648 -2147483648 -2147483648 -2147483648 -55 -64 -2147483648 -2147483648 -2147483648 -2147483648 -2147483648 -2147483648 -22 -74 -33 -61 -2147483648 -2147483648 -71 -73 -2147483648 -2147483648 -2147483648 -2147483648 -23 -69 -2147483648 -2147483648 -2147483648 -2147483648 -2147483648 -2147483648 -2147483648 -2147483648 -2147483648 -2147483648 -2147483648 -2147483648 -2147483648 -2147483648 -2147483648 -2147483648 -2147483648 -2147483648 -2147483648 -2147483648 -2147483648 -2147483648 -2147483648 -2147483648 -2147483648 -2147483648 -2147483648 -2147483648 -2147483648 -2147483648 -2147483648 -2147483648 -2147483648 -2147483648 -2147483648 -2147483648 -2147483648 -2147483648
split_feature= 1 1 1 6 6 6 2 7 1 8 7 8 7 1 6 7 8 6 2 8 6 1 6 2 2 7 8 8 1 3 2 1 2 8 7 7 6 2 7 2 8 7 8 8 8 7 1 5 7 2 6 1 7 1 8 7 7 8 7 6 7 7 6 7 7 1 6 8 1 4 4 8 6 7 7 5 7 8
split_gain= 4585.43 1188.55 760.525 677.135 257.3 237.544 171.919 169.023 136.438 131.222 107.575 102.716 119.349 99.6085 92.5651 84.9711 95.0353 81.5846 66.8813 62.4423 57.7961 56.9101 54.9222 52.2816 41.8376 37.6986 56.806 36.7536 35.5408 34.754 28.4317 25.1075 24.9299 22.5328 22.2148 18.2952 18.0427 17.1637 15.8729 15.8071 15.3912 15.3062 14.8919 14.665 14.4815 14.3783 12.9983 11.8179 10.5458 10.3568 8.96257 8.76115 8.71334 8.30789 8.15898 7.58531 5.54294 13.9851 9.47472 5.39552 4.80244 4.21476 4.56994 3.64286 2.80309 2.19636 2.12119 2.10623 1.78315 1.76805 1.43676 1.34889 1.05713 1.02693 0.940287 0.543842 0.0232075 2.38662
threshold= 5.1326000000000009 3.1792500000000001 6.8672000000000013 2.2982753493904258 2.7407929055816385 2.1628386478062818 19.500000000000004 34.455000000000005 4.0612500000000002 -117.77499999999999 37.815000000000005 -121.63499999999998 37.915000000000006 7.852450000000001 2.6829812717770039 37.935000000000009 -118.24499999999999 3.1336552646136835 21.500000000000004 -122.33499999999999 2.2038024706228287 5.8308000000000009 1.9322222929778572 47.500000000000007 26.500000000000004 34.655000000000008 -120.02499999999999 -121.895 3.8136000000000005 5.1822875816993479 26.500000000000004 5.5682000000000009 28.500000000000004 -119.94499999999998 34.035000000000004 34.655000000000008 3.1424162072895592 32.500000000000007 37.805000000000007 20.500000000000004 -122.29499999999999 35.645000000000003 -118.395 -122.29499999999999 -122.03499999999998 38.675000000000004 8.7395500000000013 139.50000000000003 37.915000000000006 40.500000000000007 3.1262267671728927 2.2336500000000004 38.675000000000004 5.6402500000000009 -118.37499999999999 37.805000000000007 37.955000000000005 -118.29499999999999 34.175000000000004 2.4530432249902163 37.645000000000003 37.955000000000005 2.5219735498882589 33.625000000000007 37.795000000000009 2.2003500000000007 1.5104297674263547 -117.87499999999999 4.125700000000001 0.9926017150155082 1.0103851166134901 -117.24499999999999 2.3407828762060774 35.375000000000007 37.955000000000005 1627.5000000000002 38.815000000000005 -122.26499999999999
decision_type= 2 2 2 2 2 2 2 2 2 2 2 2 2 2 2 2 2 2 2 2 2 2 2 2 2 2 2 2 2 2 2 2 2 2 2 2 2 2 2 2 2 2 2 2 2 2 2 2 2 2 2 2 2 2 2 2 2 2 2 2 2 2 2 2 2 2 2 2 2 2 2 2 2 2 2 2 2 2
left_child=1 5 4 6 18 15 56 9 23 17 22 12 19 24 30 16 25 42 53 -9 55 50 32 29 70 54 -27 48 -24 38 -10 72 -8 41 -19 -29 49 66 -5 46 64 -13 -7 -32 68 -14 -15 -41 -16 67 69 -11 -31 -2 -1 -20 57 58 -3 -33 -26 62 -55 -53 -25 -39 -18 -23 -12 -6 -4 -71 -22 -42 -49 -59 77 -17
right_child=2 3 13 8 21 7 10 11 14 51 44 33 45 39 27 76 37 34 20 -21 31 36 28 40 60 26 -28 35 -30 52 43 59 -34 -35 -36 -37 -38 65 -40 47 73 -43 -44 -45 -46 -47 -48 74 -50 -51 -52 63 -54 61 -56 -57 -58 75 -60 -61 -62 -63 -64 -65 -66 -67 -68 -69 -70 71 -72 -73 -74 -75 -76 -77 -78 -79
leaf_value= 0.10686672806849376 0.04442917181839251 0.11244182239376731 0.09039003331666795 -0.012954572965349907 0.014864763454760163 0.03916114794575952 0.1004943762261134 0.055889968458807684 0.010560172397062938 -0.091855709138497971 0.018957360304381339 -0.038610737521768267 -0.06050218201907618 0.14245152321233545 0.041223573442608213 -0.013025217780765767 -0.095733133763880346 -0.057273377809973283 0.21371178373694422 -0.037336310536296886 0.12491587056074201 0.090321965013421948 0.06124449003404378 0.082225101366639144 0.19507253768370136 0.031455889697292752 -0.10791287179055967 -0.00529077203345878 0.12232037278447759 -0.038671444425189605 0.10939196442182249 0.16545990990381687 0.1771787354251636 -0.11152644502855112 -0.025508638050756934 -0.034256551032841878 0.04553555557770389 -0.039815357556411378 -0.06146436620751871 0.10793718556563059 0.019630265128621951 -0.089849402479307255 -0.0085003413941586899 0.046861153631362569 -0.04407139446499736 -0.099490081355228882 0.20448878620719088 0.22425974650613104 -0.0065149036990231378 0.17581365332007409 0.0091807846885914573 -0.050910600873802503 -0.069739305673983884 0.12703184682875873 0.047871862458273899 0.11424848060397541 -0.0331357477940619 -0.01728136373636455 0.03028350979709233 0.12367645077662082 0.13281529252059185 0.033557711348735857 0.067632384212179625 -0.079407876136247071 -0.023449037969112397 0.033222685401038878 -0.042553260116879495 0.052110503029793365 0.083092001063050702 0.05551303888172951 0.12642511834259121 -0.010423668722311657 0.075738070766492471 -0.030863719634419563 0.14214747995138169 0.033159779556668725 -0.092350486709619872 -0.06694907892843803
leaf_weight=85 122 31 107 1077 103 117 78 99 276 407 62 92 210 93 234 42 37 783 100 407 41 232 226 65 129 237 38 1024 228 1163 65 100 175 718 454 423 280 24 106 14.999999999999998 79 1017 517 357 43 412 116 373 113 20 367 249 187 80 87 17 50 118 112 234 39 28 55 272 9.9999999999999982 58 224 84 32 215 156 21 160 51 11.999999999999998 39 64 139
leaf_count=85 122 31 107 1077 103 117 78 99 276 407 62 92 210 93 234 42 37 783 100 407 41 232 226 65 129 237 38 1024 228 1163 65 100 175 718 454 423 280 24 106 15 79 1017 517 357 43 412 116 373 113 20 367 249 187 80 87 17 50 118 112 234 39 28 55 272 10 58 224 84 32 215 156 21 160 51 12 39 64 139
model_size=8768
internal_value=0 -0.0263511 0.10554 0.00456863 0.0728184 -0.0556085 0.0728552 -0.0636536 -0.0110211 -0.0456948 0.0977658 -0.0806644 -0.0561686 0.176616 0.00632278 -0.0108824 0.00569642 -0.0300582 0.113428 -0.0190964 0.131962 0.0440356 0.113968 -0.0268066 0.138604 0.0371429 0.0121977 -0.00613051 0.091917 -0.0309844 0.0383303 0.117245 0.153537 -0.0957882 -0.0456152 -0.0137583 0.0675296 -0.0352849 -0.0173012 0.203518 0.0248141 -0.0855988 0.000295233 0.0564927 0.014155 -0.086327 0.176884 0.217434 0.0256776 0.0858579 0.0235366 -0.0772209 -0.0429749 0.0710256 0.0770263 0.19926 0.0127848 0.0204383 0.0480941 0.136186 0.18062 0.0909322 0.102832 -0.0657883 0.0681352 0.0118457 -0.0500922 0.0801645 0.0407904 0.0390781 0.111764 0.0496458 0.0857694 -0.000178914 0.2217 -0.0047514 -0.0643405 -0.0544364
internal_weight=0 13213 3299 6424 2259 6789 1194 5754 5230 2799 844 2955 1128 1040 2492 1035 790 1871 937 506 652 1322 707 2738 431 447 275 1794 454 2533 698 535 253 1827 1237 1447 616 343 1183 609 205 1109 634 422 137 622 209 400 347 336 706 928 1350 285 172 117 350 300 143 334 168 163 135 521 75 82 261 316 94 339 263 236 201 130 385 157 245 181
internal_count=16512 13213 3299 6424 2259 6789 1194 5754 5230 2799 844 2955 1128 1040 2492 1035 790 1871 937 506 652 1322 707 2738 431 447 275 1794 454 2533 698 535 253 1827 1237 1447 616 343 1183 609 205 1109 634 422 137 622 209 400 347 336 706 928 1350 285 172 117 350 300 143 334 168 163 135 521 75 82 261 316 94 339 263 236 201 130 385 157 245 181
is_linear=0
shrinkage=0.1


Tree=3
num_leaves= 67
num_cat= 0
full_tree_array_lgbids= 0 1 3 4 2 5 26 11 6 7 8 19 18 29 42 15 61 10 13 45 9 12 24 58 25 36 38 53 -31 -28 -44 48 23 -13 -63 17 50 14 34 57 63 16 37 20 21 35 40 -2 59 54 33 41 -38 -20 -40 -5 -55 -2147483648 -2147483648 -2147483648 -2147483648 -2147483648 -2147483648 -1 -50 32 -25 -2147483648 -2147483648 -2147483648 -2147483648 31 47 51 -52 28 43 -15 52 65 -59 -47 -65 30 27 46 -39 49 -22 22 -23 -10 39 44 -42 -2147483648 -2147483648 60 64 -21 -56 56 55 62 -43 -2147483648 -2147483648 -2147483648 -2147483648 -2147483648 -2147483648 -2147483648 -2147483648 -2147483648 -2147483648 -2147483648 -2147483648 -2147483648 -2147483648 -2147483648 -2147483648 -2147483648 -2147483648 -2147483648 -2147483648 -2147483648 -2147483648 -2147483648 -2147483648 -2147483648 -2147483648 -17 -34 -2147483648 -2147483648 -2147483648 -2147483648 -2147483648 -2147483648 -2147483648 -2147483648 -2147483648 -2147483648 -6 -33 -19 -49 -12 -53 -2147483648 -2147483648 -8 -30 -16 -45 -2147483648 -2147483648 -36 -54 -3 -67 -2147483648 -2147483648 -2147483648 -2147483648 -2147483648 -2147483648 -9 -32 -18 -29 -11 -48 -2147483648 -2147483648 -4 -51 -2147483648 -2147483648 -14 -24 -2147483648 -2147483648 -2147483648 -2147483648 -37 -41 -26 -46 -2147483648 -2147483648 -2147483648 -2147483648 -2147483648 -2147483648 -60 -62 -61 -66 -2147483648 -2147483648 -2147483648 -2147483648 -27 -58 -35 -57 -7 -64 -2147483648 -2147483648 -2147483648 -2147483648 -2147483648 -2147483648 -2147483648 -2147483648 -2147483648 -2147483648 -2147483648 -2147483648 -2147483648 -2147483648 -2147483648 -2147483648 -2147483648 -2147483648 -2147483648 -2147483648 -2147483648 -2147483648 -2147483648 -2147483648 -2147483648 -2147483648 -2147483648 -2147483648 -2147483648 -2147483648 -2147483648 -2147483648 -2147483648 -2147483648 -2147483648 -2147483648 -2147483648 -2147483648 -2147483648 -2147483648 -2147483648 -2147483648 -2147483648 -2147483648 -2147483648 -2147483648
split_feature= 1 1 6 1 6 6 7 2 1 7 8 7 8 8 7 8 6 6 1 2 7 7 8 8 6 6 1 1 8 2 1 8 2 1 1 2 7 7 2 4 8 6 5 7 2 1 8 7 3 7 8 7 8 8 7 7 8 8 5 6 2 7 2 5 8 7
split_gain= 3718.13 1041.43 580.029 536.894 195.95 183.644 138.305 137.702 122.413 110.811 107.932 78.7828 72.7205 71.0293 79.1176 70.4357 68.8012 64.0411 62.7621 58.6274 54.4174 48.4888 65.5353 47.8152 39.9002 37.2047 36.7772 35.1099 34.9878 29.4117 25.723 20.0261 18.9367 18.2208 15.2485 14.333 11.6731 10.8734 10.8021 9.87838 9.06619 9.00259 8.25588 7.84846 6.51089 6.16457 5.73198 5.70284 5.58481 5.55842 5.26556 5.97756 5.20992 3.32025 2.97407 2.94871 2.93109 2.44017 2.43054 6.78181 2.66869 1.3818 1.229 1.20983 0.597434 0.47738
threshold= 5.2771000000000017 3.1913000000000005 2.3722374117110965 7.3930000000000016 2.2352443515477258 2.7472725830126556 34.455000000000005 19.500000000000004 4.5301500000000017 37.815000000000005 -117.77499999999999 37.935000000000009 -122.38499999999998 -121.63499999999998 37.915000000000006 -122.31499999999998 2.0231950334409352 3.4287187039764357 6.2770500000000009 21.500000000000004 38.735000000000007 37.945000000000007 -117.79499999999999 -117.145 2.8335312747426764 2.2038024706228287 8.7395500000000013 3.8769000000000005 -122.33499999999999 28.500000000000004 3.8769000000000005 -118.395 27.500000000000004 6.3350000000000009 2.2210000000000005 21.500000000000004 37.955000000000005 37.995000000000012 26.500000000000004 1.0373307138179437 -117.675 3.1424162072895592 70.000000000000014 38.675000000000004 15.500000000000002 4.3163000000000009 -122.425 34.045000000000009 3.193182511128728 38.015000000000008 -116.53499999999998 33.905000000000008 -120.09499999999998 -117.71499999999999 37.805000000000007 37.615000000000002 -117.87499999999999 -117.30499999999999 565.50000000000011 2.254419630548663 12.500000000000002 39.505000000000003 17.500000000000004 534.50000000000011 -122.19499999999998 37.945000000000007
decision_type= 2 2 2 2 2 2 2 2 2 2 2 2 2 2 2 2 2 2 2 2 2 2 2 2 2 2 2 2 2 2 2 2 2 2 2 2 2 2 2 2 2 2 2 2 2 2 2 2 2 2 2 2 2 2 2 2 2 2 2 2 2 2 2 2 2 2
left_child=1 4 7 5 11 19 10 45 12 16 17 15 20 14 28 48 30 31 36 58 49 22 -14 32 35 54 29 -18 -8 53 -9 -6 -17 56 -15 -10 41 46 -20 -37 44 62 -28 -16 -26 57 -11 -19 -1 -4 51 -12 -36 -5 -21 -35 -27 65 -2 60 -60 -13 -7 -47 -61 -3
right_child=3 2 8 26 6 18 13 9 24 37 50 61 21 34 43 23 27 47 38 25 -22 -23 -24 -25 40 33 42 -29 -30 -31 -32 -33 -34 55 52 39 -38 -39 -40 -41 -42 -43 -44 -45 -46 63 -48 -49 -50 -51 -52 -53 -54 -55 -56 -57 -58 -59 59 64 -62 -63 -64 -65 -66 -67
leaf_value= 0.039894478362711039 0.026022321483849184 0.018660030902353072 0.06493358297955279 0.13805969605176913 0.034796312749583988 0.029433143042238818 0.040449396077462514 0.10410342306963034 0.0074870488902723242 0.10460028837880363 -0.054373898913765401 -0.050582956161684872 -0.010226028620736674 -0.099638743254574877 -0.055436547185992828 -0.01440890959952958 0.04018471025269231 -0.052703416325070321 0.073423869433463559 0.19868899766576331 -0.074666714364168593 -0.054300507691273793 -0.04840093711692444 -0.061325618932211161 -0.021842731415982482 0.1058616385764799 0.084460204343001055 0.098086359029873574 -0.035332262582393581 0.18765791160034628 0.16525260930562891 -0.013813600706023655 0.023646693066633306 0.16181062730875884 -0.067699985786295325 0.03255297397187322 -0.0076311638116674995 -0.026017292316050031 0.12539733181543208 0.074389097704278193 -0.02832173971919252 0.024494522961540692 0.20163985944165727 -0.089682598703373709 0.013807186466334408 -0.017047909771402678 0.016710459370113596 -0.027745729789310575 0.14486295639014826 0.018332402918410175 -0.10177065415793107 -0.081108451984694296 -0.091094503109343361 0.089042527515883166 0.1021662203165201 0.10597163889071215 0.043641366139054304 -0.040392122342466169 0.074378867012759059 0.15139960438013078 0.16348398975257217 -0.094769385031291425 0.063516247628129879 0.05013454775325954 0.057052687896732124 -0.025837369374575148
leaf_weight=17 46 181 167 205 141 106 92 196 176 23 427 267 2224 779 200 350 233 709 350 95 49 529 649 149 138 320 11.999999999999998 282 385 164 164 695 387 132 610 245 98 86 85 170 164 373 353 390 590 24 71 308 41 96 119 348 384 59 12.999999999999998 46 30 52 24 9.9999999999999982 29 56 280 112 153 54
leaf_count=17 46 181 167 205 141 106 92 196 176 23 427 267 2224 779 200 350 233 709 350 95 49 529 649 149 138 320 12 282 385 164 164 695 387 132 610 245 98 86 85 170 164 373 353 390 590 24 71 308 41 96 119 348 384 59 13 46 30 52 24 10 29 56 280 112 153 54
model_size=7424
internal_value=0 -0.0223049 0.00591213 0.101161 -0.049785 0.0754515 -0.0579921 0.0615505 -0.00991114 0.0814065 -0.0415583 -0.0135947 -0.019907 -0.0738877 -0.0524321 0.00168244 0.0966047 -0.0273106 0.0508128 0.1109 0.0286704 -0.0243621 -0.0188496 -0.00567648 0.0151224 0.128337 0.172161 0.0718901 -0.0207161 0.150308 0.13196 -0.00561504 0.00557415 0.116323 -0.0867997 0.0371224 0.0341809 0.00752646 0.0835796 0.0496907 0.000546163 0.0395796 0.197787 -0.0780738 0.00704937 0.0120278 0.0382154 -0.0451449 0.114096 0.0479233 -0.0710896 -0.0663786 -0.0767377 0.127105 0.187071 0.14738 0.100528 -0.000411647 0.0685733 0.0776351 0.123135 -0.0582438 0.0541566 0.0382788 0.0628408 0.0084351
internal_weight=0 13529 6675 2983 6854 2190 5587 1478 5197 1055 2747 1267 3714 2840 1067 944 875 1853 1292 898 312 3402 2873 886 1483 636 793 515 477 428 360 836 737 528 1773 591 857 180 435 415 892 759 365 590 728 423 94 1017 58 263 894 775 994 264 108 178 350 287 262 216 53 323 386 136 163 235
internal_count=16512 13529 6675 2983 6854 2190 5587 1478 5197 1055 2747 1267 3714 2840 1067 944 875 1853 1292 898 312 3402 2873 886 1483 636 793 515 477 428 360 836 737 528 1773 591 857 180 435 415 892 759 365 590 728 423 94 1017 58 263 894 775 994 264 108 178 350 287 262 216 53 323 386 136 163 235
is_linear=0
shrinkage=0.1


Tree=4
num_leaves= 69
num_cat= 0
full_tree_array_lgbids= 0 1 2 5 3 4 8 16 13 6 9 18 22 12 34 25 40 42 23 7 32 15 14 57 19 31 44 45 60 38 53 26 -27 52 -42 -7 48 50 28 27 10 49 -34 30 24 20 29 -2 -59 56 39 62 47 -24 -46 54 -47 -14 -62 65 -40 -36 -55 37 -28 -2147483648 -2147483648 -18 59 -2147483648 -2147483648 -2147483648 -2147483648 64 63 -15 51 -25 -30 -3 35 11 17 -8 -51 -2147483648 -2147483648 36 61 33 55 21 43 46 41 -2147483648 -2147483648 -2147483648 -2147483648 -20 -58 58 66 -6 -64 -33 -49 -2147483648 -2147483648 -2147483648 -2147483648 -4 67 -2147483648 -2147483648 -2147483648 -2147483648 -2147483648 -2147483648 -10 -67 -2147483648 -2147483648 -2147483648 -2147483648 -2147483648 -2147483648 -1 -39 -2147483648 -2147483648 -2147483648 -2147483648 -2147483648 -2147483648 -2147483648 -2147483648 -54 -61 -2147483648 -2147483648 -2147483648 -2147483648 -2147483648 -2147483648 -2147483648 -2147483648 -44 -66 -50 -65 -2147483648 -2147483648 -52 -53 -2147483648 -2147483648 -2147483648 -2147483648 -2147483648 -2147483648 -29 -37 -9 -13 -12 -19 -2147483648 -2147483648 -2147483648 -2147483648 -2147483648 -2147483648 -2147483648 -2147483648 -5 -38 -32 -63 -17 -35 -26 -57 -11 -23 -22 -45 -16 -48 -31 -43 -2147483648 -2147483648 -2147483648 -2147483648 -2147483648 -2147483648 -2147483648 -2147483648 -2147483648 -2147483648 -2147483648 -2147483648 -21 -60 -41 -68 -2147483648 -2147483648 -2147483648 -2147483648 -2147483648 -2147483648 -2147483648 -2147483648 -2147483648 -2147483648 -2147483648 -2147483648 -2147483648 -2147483648 -2147483648 -2147483648 -2147483648 -2147483648 -56 -69 -2147483648 -2147483648 -2147483648 -2147483648 -2147483648 -2147483648 -2147483648 -2147483648 -2147483648 -2147483648 -2147483648 -2147483648 -2147483648 -2147483648 -2147483648 -2147483648 -2147483648 -2147483648 -2147483648 -2147483648 -2147483648 -2147483648 -2147483648 -2147483648 -2147483648 -2147483648 -2147483648 -2147483648
split_feature= 1 1 1 6 6 3 7 8 1 1 8 7 2 1 6 3 6 7 2 6 7 8 6 6 2 7 8 7 3 8 6 1 8 7 8 2 7 6 7 7 8 7 6 8 1 6 7 2 7 7 2 6 3 1 4 8 7 1 8 7 6 8 2 5 8 5 8 2
split_gain= 3013.87 755.733 551.304 469.389 156.391 141.881 134.845 120.968 120.121 114.011 66.9395 117.829 58.8789 55.3877 47.5008 37.3855 36.7721 36.7326 29.9992 31.8714 29.5439 34.1254 29.2334 25.6221 24.9815 21.5429 23.1335 20.6132 14.8169 13.1756 13.0995 12.6362 12.2806 11.291 9.50879 9.27308 8.21853 8.12054 7.77267 7.75368 7.41779 7.31912 7.14497 5.93653 5.74726 5.15713 4.95661 4.38915 4.31752 4.15409 4.0442 9.00652 3.54231 3.02763 2.51148 2.49362 1.89281 1.72853 1.53431 1.42623 1.32908 1.29669 0.925088 0.924537 0.85544 0.750019 0.630613 0.0763098
threshold= 5.0387000000000013 2.7820000000000005 6.3963500000000009 2.4136952392348086 2.5891438608419741 3.8792159595040387 37.935000000000009 -122.33499999999999 7.852450000000001 3.8346500000000003 -117.98499999999999 34.155000000000008 26.500000000000004 2.2210000000000005 3.016322398451238 4.8809487864875196 2.8941056667066012 33.695000000000007 16.500000000000004 2.0653737590585881 37.875000000000007 -122.21499999999999 3.0375944537846187 2.2982753493904258 44.500000000000007 37.935000000000009 -118.21499999999999 37.765000000000008 4.3645181386446135 -121.48499999999999 3.2651338971106418 5.6042500000000013 -122.35499999999998 34.415000000000006 -118.00499999999998 47.500000000000007 37.915000000000006 1.6125326273398461 38.275000000000013 37.955000000000005 -117.79499999999999 34.525000000000013 2.2038024706228287 -122.40499999999999 5.6851000000000012 2.6585924622132828 37.915000000000006 32.500000000000007 34.105000000000011 38.005000000000003 26.500000000000004 1.9322222929778572 3.0522493994321906 10.027200000000002 0.95712370739180408 -122.40499999999999 37.805000000000007 5.6402500000000009 -117.85499999999998 34.595000000000006 2.2820667453403218 -122.24499999999999 39.500000000000007 252.50000000000003 -118.31499999999998 70.000000000000014 -122.33499999999999 18.500000000000004
decision_type= 2 2 2 2 2 2 2 2 2 2 2 2 2 2 2 2 2 2 2 2 2 2 2 2 2 2 2 2 2 2 2 2 2 2 2 2 2 2 2 2 2 2 2 2 2 2 2 2 2 2 2 2 2 2 2 2 2 2 2 2 2 2 2 2 2 2 2 2
left_child=1 5 4 6 18 16 7 27 12 15 11 -9 45 42 20 30 25 -12 57 56 21 -11 31 50 33 26 37 -3 -25 46 36 62 49 -17 38 -29 -5 -1 65 58 52 -31 -7 -22 -24 54 -16 -33 64 -8 -15 -52 -18 -36 -4 -26 -20 -2 -21 -54 -14 -32 -6 -50 -44 -10 -41 -56
right_child=2 3 8 9 22 13 32 10 34 14 17 -13 60 23 29 24 40 -19 19 39 43 -23 44 28 55 -27 -28 35 -30 41 61 47 -34 -35 53 -37 -38 -39 -40 66 -42 -43 48 -45 -46 -47 -48 -49 63 -51 51 -53 59 -55 67 -57 -58 -59 -60 -61 -62 -63 -64 -65 -66 -67 -68 -69
leaf_value= 0.09403458894540867 0.020677638976638647 0.084374814693610245 0.021486917950890281 -0.00031214563539966452 0.026125593584771279 -0.053995312765380034 0.0793452734168133 0.094493568961339064 0.08729266476902095 0.082128303125500679 0.028098911638446834 0.025943245477247041 0.18190521787231168 -0.039538109236450486 0.0210393209890605 -0.0314487583092148 -0.012904444704913804 -0.040634987989825934 0.17489627905409127 0.10236432047765316 0.019241012723392084 0.013638910365542364 0.0038993971903533739 -0.03198496915678388 0.045549083372489335 -0.066269312747545647 -0.02836889936879743 0.095931768468741727 -0.063148363505570973 -0.017688182532496748 0.029197524249553682 0.051177288729959407 -0.040229958164868324 -0.053618879431454797 0.11482899770831939 0.18750098567310869 -0.054896299486033251 0.016214704099744928 0.048919731769710782 0.098549096882343257 -0.078580983716153338 -0.048182554172198161 -0.016139749744359187 -0.031602965647872988 0.031879063424184124 0.073189387558455055 -0.029083596266908193 0.090975232689534558 -0.046264218146863739 -0.0046767805266795274 0.048742255397761863 -0.022736347012785305 -0.035552754006734071 0.17415347464230596 0.098248221410645376 -0.013153895750407161 0.067811933457851414 0.076926819668574772 0.047653016966541076 -0.068954588377193829 0.1331039152425629 -0.034681088793436503 0.074943914012560106 -0.087952575095888177 -0.070315919463976848 0.17985308305507874 -0.018129473701119423 0.16273836182724488
leaf_weight=30 76 86 10.999999999999998 658 361 274 23 456 10.999999999999998 99 279 653 48 191 196 648 186 145 85 337 72 1066 434 303 42 67 184 29 1129 754 25 240 217 1047 97 77 61 299 9.9999999999999982 10.000000000000002 93 218 34 239 309 397 73 122 57 79 48 119 443 49 45 127 9.9999999999999982 55 37 111 264 495 44 1044 484 442 20 38
leaf_count=30 76 86 11 658 361 274 23 456 11 99 279 653 48 191 196 648 186 145 85 337 72 1066 434 303 42 67 184 29 1129 754 25 240 217 1047 97 77 61 299 10 10 93 218 34 239 309 397 73 122 57 79 48 119 443 49 45 127 10 55 37 111 264 495 44 1044 484 442 20 38
model_size=7648
internal_value=0 -0.0223972 0.0817196 -0.00285168 0.049478 -0.0525593 0.0387372 0.0501179 0.130584 -0.0174578 0.0404289 0.0541299 0.10432 -0.063193 -0.00196469 -0.0310237 -0.0248427 0.00459321 0.092428 0.105064 0.0111802 0.019459 0.0315585 -0.0496669 -0.0409202 -0.00343222 0.00477457 0.127478 -0.0565544 -0.0175988 -0.016135 0.0470801 -0.0228038 -0.0451432 0.165216 0.162449 -0.00494307 0.0233107 0.174826 0.0912942 -0.0397504 -0.0245275 -0.0759831 -0.019832 0.0155356 0.0812582 0.00743719 0.0645899 -0.0797043 0.0142694 -0.0221167 -0.0021916 -0.0348703 0.134739 0.115336 0.00143501 0.163624 0.0442937 0.0969517 -0.0422452 0.140612 -0.03161 0.0314293 -0.0857943 -0.06676 0.177605 0.0207634 0.127774
internal_weight=0 12960 3552 7864 2140 5096 2044 1725 1412 5820 1533 1109 803 3683 2717 3103 1413 424 630 499 1476 1165 1510 1790 1864 580 513 192 1432 1241 1239 767 319 1695 609 106 719 329 463 404 833 972 1893 311 743 491 269 362 1619 102 358 167 740 146 94 169 95 131 374 554 312 520 405 1101 518 453 30 83
internal_count=16512 12960 3552 7864 2140 5096 2044 1725 1412 5820 1533 1109 803 3683 2717 3103 1413 424 630 499 1476 1165 1510 1790 1864 580 513 192 1432 1241 1239 767 319 1695 609 106 719 329 463 404 833 972 1893 311 743 491 269 362 1619 102 358 167 740 146 94 169 95 131 374 554 312 520 405 1101 518 453 30 83
is_linear=0
shrinkage=0.1


Tree=5
num_leaves= 61
num_cat= 0
full_tree_array_lgbids= 0 2 1 5 3 4 6 22 13 7 8 12 15 14 29 27 58 -7 20 43 11 9 21 35 18 25 32 52 47 36 50 28 -29 -24 -60 -2147483648 -2147483648 41 30 -4 44 17 45 10 37 23 46 49 -37 -14 33 -6 26 55 -34 -3 -54 48 -49 -8 -38 -31 -52 40 57 -2147483648 -2147483648 -2147483648 -2147483648 -2147483648 -2147483648 -2147483648 -2147483648 -2147483648 -2147483648 42 -43 -22 53 -2147483648 -2147483648 -45 -46 39 19 -13 -47 54 16 38 -39 24 -25 -23 -48 -2 -51 -2147483648 -2147483648 -2147483648 -2147483648 34 -35 -2147483648 -2147483648 31 -28 56 59 -2147483648 -2147483648 -2147483648 -2147483648 -2147483648 -2147483648 -16 51 -2147483648 -2147483648 -2147483648 -2147483648 -2147483648 -2147483648 -2147483648 -2147483648 -2147483648 -2147483648 -1 -42 -30 -59 -2147483648 -2147483648 -2147483648 -2147483648 -2147483648 -2147483648 -2147483648 -2147483648 -2147483648 -2147483648 -2147483648 -2147483648 -2147483648 -2147483648 -2147483648 -2147483648 -2147483648 -2147483648 -2147483648 -2147483648 -15 -44 -2147483648 -2147483648 -2147483648 -2147483648 -32 -55 -2147483648 -2147483648 -2147483648 -2147483648 -2147483648 -2147483648 -2147483648 -2147483648 -9 -41 -19 -21 -2147483648 -2147483648 -2147483648 -2147483648 -5 -56 -12 -18 -11 -40 -2147483648 -2147483648 -10 -26 -2147483648 -2147483648 -2147483648 -2147483648 -2147483648 -2147483648 -2147483648 -2147483648 -2147483648 -2147483648 -2147483648 -2147483648 -2147483648 -2147483648 -2147483648 -2147483648 -2147483648 -2147483648 -20 -36 -2147483648 -2147483648 -2147483648 -2147483648 -2147483648 -2147483648 -27 -33 -2147483648 -2147483648 -17 -58 -57 -61 -2147483648 -2147483648 -2147483648 -2147483648 -2147483648 -2147483648 -2147483648 -2147483648 -2147483648 -2147483648 -2147483648 -2147483648 -2147483648 -2147483648 -50 -53 -2147483648 -2147483648 -2147483648 -2147483648 -2147483648 -2147483648 -2147483648 -2147483648 -2147483648 -2147483648 -2147483648 -2147483648 -2147483648 -2147483648 -2147483648 -2147483648 -2147483648 -2147483648 -2147483648 -2147483648
split_feature= 1 1 1 6 6 3 1 2 6 7 8 7 2 1 2 1 7 8 6 1 6 8 6 7 8 2 8 7 8 2 3 7 2 7 4 1 1 7 8 7 6 7 2 1 2 8 7 7 6 5 5 3 6 1 8 8 7 8 8 7
split_gain= 2452.92 643.88 453.837 346.819 191.017 112.578 104.264 87.7451 67.7035 59.3112 65.0239 57.7824 51.3034 45.2459 40.7909 40.1491 39.2147 38.2843 32.7356 30.7029 28.2992 28.1032 27.9667 23.8308 27.3941 22.5261 22.9739 16.1319 24.0548 13.7218 13.3802 12.3608 12.2187 12.0846 5.88484 5.79341 5.48261 5.35032 11.7445 5.09343 5.02591 5.01477 7.20235 4.9986 7.53443 4.00299 3.02425 2.62393 2.72913 2.3273 1.92538 1.81653 1.71217 1.48996 1.46838 1.44759 3.08204 0.723745 0.569543 0.301
threshold= 4.5301500000000017 6.3350000000000009 2.7820000000000005 2.2634687595142249 2.5219735498882589 3.8792159595040387 7.7055000000000016 24.500000000000004 2.8079590171801518 37.945000000000007 -122.21499999999999 37.815000000000005 21.500000000000004 1.9486000000000003 26.500000000000004 5.6042500000000013 34.525000000000013 -122.40499999999999 2.0653737590585881 3.4883000000000002 2.2982753493904258 -117.79499999999999 3.0973600929976173 37.875000000000007 -121.28499999999998 16.500000000000004 -117.65499999999999 37.935000000000009 -118.21499999999999 18.500000000000004 4.3645181386446135 37.915000000000006 36.500000000000007 38.005000000000003 1.0444603857803287 5.6402500000000009 8.7395500000000013 39.355000000000011 -122.27499999999999 37.765000000000008 2.0231950334409352 37.945000000000007 26.500000000000004 3.5330000000000008 15.500000000000002 -122.04499999999999 33.695000000000007 37.615000000000002 2.5949646725452555 573.50000000000011 139.50000000000003 6.4673777210027508 2.6585924622132828 2.5205000000000006 -122.43499999999999 -122.01499999999999 37.595000000000006 -117.13499999999998 -117.79499999999999 37.965000000000011
decision_type= 2 2 2 2 2 2 2 2 2 2 2 2 2 2 2 2 2 2 2 2 2 2 2 2 2 2 2 2 2 2 2 2 2 2 2 2 2 2 2 2 2 2 2 2 2 2 2 2 2 2 2 2 2 2 2 2 2 2 2 2
left_child=2 4 5 7 12 22 14 43 9 10 54 17 35 -7 52 25 -12 39 -14 -19 41 23 27 24 -10 -6 31 28 40 36 -22 -27 55 34 -20 49 -8 38 -11 -9 -1 42 -15 -4 -45 -13 -23 48 -16 -2 -31 -50 -3 -32 -5 56 -17 -30 -24 -57
right_child=1 6 3 8 15 13 29 11 21 37 16 45 18 20 47 32 -18 19 33 -21 30 46 58 -25 -26 26 -28 -29 57 50 53 -33 -34 -35 -36 -37 -38 -39 -40 -41 -42 -43 -44 44 -46 -47 -48 -49 51 -51 -52 -53 -54 -55 -56 59 -58 -59 -60 -61
leaf_value= 0.046963438528962433 -0.025172827144463856 0.10101018694501061 -0.012627468679707047 0.09939492823205133 -0.0092564918083721092 -0.074685208386634047 0.093454379649884123 0.08343446676073403 0.0084701640575894771 0.0052859820399818753 0.011152383343840373 0.022876186388405578 0.1501524091531069 -0.03327012160760269 0.15777940154785203 0.10838059519612514 -0.02597587612118268 0.038785519929558476 0.074392602891145368 0.092723519618316042 -0.035345844694938247 -0.035912425034275317 -0.03395394194392496 -0.048939134232849943 -0.024938561824849159 0.03098053502271958 -0.029094425901874072 -0.061515323838717509 -0.015217716097404077 0.074128024280071259 -0.066986199991415141 -0.010696388213029991 0.097293885899082166 -0.002894759916320995 0.11397779525676431 0.081676559200480822 0.14667312437478378 -0.068954809540018591 -0.039523004650562341 0.16756929343709581 0.0058254815973046983 -0.047101749455556279 0.011520822058455685 -0.0081063253813996351 0.045209243376221925 -0.040946708488113742 -0.064969165057276096 0.085754473555995081 0.074467590008862314 0.037042807516852572 0.16141471544812835 0.13408983707770536 0.063627684009868304 -0.049949390027227591 0.047757195020770478 0.036112890264153541 0.037560430008983403 -0.061261259852086795 -0.073024140128067558 -0.017045674074648156
leaf_weight=125 36 96 231 69 483 1169 109 29 409 145 1046 87 117 171 105 43 527 284 269 264 463 265 679 422 1634 1011 117 71 147 14.999999999999998 956 141 67 27 149 63 98 97 369 65 253 175 156 104 135 51 314 69 48 168 448 87 399 593 93 518 57 68 70 36
leaf_count=125 36 96 231 69 483 1169 109 29 409 145 1046 87 117 171 105 43 527 284 269 264 463 265 679 422 1634 1011 117 71 147 15 956 141 67 27 149 63 98 97 369 65 253 175 156 104 135 51 314 69 48 168 448 87 399 593 93 518 57 68 70 36
model_size=6752
internal_value=0 0.0605302 -0.024633 -0.00723407 0.035826 -0.0473034 0.115872 0.0408407 -0.0183831 -0.00478703 0.00534627 0.0624457 0.0783433 -0.0568737 0.0905579 0.0215734 -0.00128665 0.0760213 0.0969466 0.0647702 -0.0485914 -0.0288616 -0.0223585 -0.0235041 -0.0182503 0.0125218 0.0208109 -0.00515976 0.0015877 0.146248 -0.0546839 0.0258795 0.0435684 0.0829576 0.0885031 0.0391857 0.11865 -0.0335616 -0.0268823 0.141613 0.0194293 -0.0241728 -0.011902 0.00498563 0.0220092 -0.000710536 -0.0516703 0.122085 0.13253 0.0260636 0.158587 0.112891 0.0708776 -0.060464 0.069751 0.0380644 0.0680131 -0.0297803 -0.0376054 0.0326585
internal_weight=0 4776 11736 6640 3302 5096 1474 1250 5390 2346 1735 780 829 3683 804 2473 1573 642 562 548 2514 3044 1413 2465 2043 1752 1269 664 593 670 2012 1152 721 445 418 267 207 611 514 94 378 502 327 470 239 138 579 309 240 204 463 135 495 1549 162 654 100 215 749 554
internal_count=16512 4776 11736 6640 3302 5096 1474 1250 5390 2346 1735 780 829 3683 804 2473 1573 642 562 548 2514 3044 1413 2465 2043 1752 1269 664 593 670 2012 1152 721 445 418 267 207 611 514 94 378 502 327 470 239 138 579 309 240 204 463 135 495 1549 162 654 100 215 749 554
is_linear=0
shrinkage=0.1


Tree=6
num_leaves= 52
num_cat= 0
full_tree_array_lgbids= 0 1 3 4 2 5 22 12 6 9 13 19 24 30 50 34 20 7 8 -3 11 15 31 -2 28 46 43 -5 -32 -24 -52 35 -36 -14 23 14 48 10 27 -2147483648 -2147483648 38 18 16 33 41 -33 -2147483648 -2147483648 -21 40 -7 -48 -26 -45 -2147483648 -2147483648 -2147483648 -2147483648 -2147483648 -2147483648 -2147483648 -2147483648 39 -37 -2147483648 -2147483648 -2147483648 -2147483648 47 25 29 45 49 -50 17 -12 32 -29 -2147483648 -2147483648 -2147483648 -2147483648 42 -40 36 -20 21 26 37 -35 -15 -43 -2147483648 -2147483648 -2147483648 -2147483648 -2147483648 -2147483648 -2147483648 -2147483648 44 -42 -2147483648 -2147483648 -2147483648 -2147483648 -2147483648 -2147483648 -2147483648 -2147483648 -2147483648 -2147483648 -2147483648 -2147483648 -2147483648 -2147483648 -2147483648 -2147483648 -2147483648 -2147483648 -2147483648 -2147483648 -2147483648 -2147483648 -2147483648 -2147483648 -1 -41 -2147483648 -2147483648 -2147483648 -2147483648 -2147483648 -2147483648 -2147483648 -2147483648 -2147483648 -2147483648 -22 -49 -25 -27 -6 -31 -16 -47 -9 -51 -2147483648 -2147483648 -8 -19 -2147483648 -2147483648 -10 -34 -2147483648 -2147483648 -2147483648 -2147483648 -2147483648 -2147483648 -2147483648 -2147483648 -2147483648 -2147483648 -11 -44 -2147483648 -2147483648 -13 -38 -2147483648 -2147483648 -4 -23 -18 -28 -17 -39 -2147483648 -2147483648 -2147483648 -2147483648 -2147483648 -2147483648 -2147483648 -2147483648 -2147483648 -2147483648 -2147483648 -2147483648 -2147483648 -2147483648 -2147483648 -2147483648 -2147483648 -2147483648 -2147483648 -2147483648 -2147483648 -2147483648 -30 -46 -2147483648 -2147483648 -2147483648 -2147483648 -2147483648 -2147483648 -2147483648 -2147483648 -2147483648 -2147483648 -2147483648 -2147483648 -2147483648 -2147483648 -2147483648 -2147483648 -2147483648 -2147483648 -2147483648 -2147483648 -2147483648 -2147483648 -2147483648 -2147483648 -2147483648 -2147483648 -2147483648 -2147483648 -2147483648 -2147483648 -2147483648 -2147483648 -2147483648 -2147483648 -2147483648 -2147483648 -2147483648 -2147483648 -2147483648 -2147483648 -2147483648 -2147483648 -2147483648 -2147483648 -2147483648 -2147483648 -2147483648 -2147483648 -2147483648 -2147483648
split_feature= 1 1 6 1 6 6 7 8 8 2 7 6 1 8 6 7 6 8 7 2 2 8 1 8 1 7 8 8 6 8 2 7 7 8 7 8 8 7 7 8 8 7 2 2 7 2 7 2 8 7 5
split_gain= 1991.2 579.663 288.014 282.272 151.766 102.071 78.5221 86.4606 77.338 75.603 72.4986 64.9865 55.5979 49.1569 48.4935 43.0313 56.1092 32.8181 31.651 28.7145 24.5311 23.2809 21.2218 20.2847 20.2806 19.27 19.0493 16.0572 15.2374 13.0716 12.2228 10.4362 10.1883 9.81168 9.25277 14.3478 7.45098 7.06741 6.74398 5.92372 4.6973 4.67789 4.09645 3.63023 3.52352 1.73917 1.32573 1.08388 1.02282 2.78125 0.0982536
threshold= 5.2771000000000017 3.4883000000000002 2.4469862317432325 7.2638000000000007 2.2352443515477258 2.7472725830126556 34.455000000000005 -117.77499999999999 -121.63499999999998 19.500000000000004 38.675000000000004 2.0509070328557395 2.5510500000000005 -117.60499999999998 3.442186331338819 37.805000000000007 2.9137341371666818 -122.38499999999998 37.925000000000004 21.500000000000004 21.500000000000004 -122.21499999999999 8.7395500000000013 -122.35499999999998 6.1273500000000007 34.455000000000005 -121.30499999999999 -120.09499999999998 2.2038024706228287 -118.35499999999998 28.500000000000004 33.655000000000008 35.955000000000005 -122.40499999999999 37.945000000000007 -117.145 -117.16499999999998 38.895000000000003 37.815000000000005 -122.38499999999998 -117.16499999999998 32.955000000000005 28.500000000000004 36.500000000000007 38.025000000000013 29.500000000000004 37.815000000000005 49.500000000000007 -116.53499999999998 33.905000000000008 139.50000000000003
decision_type= 2 2 2 2 2 2 2 2 2 2 2 2 2 2 2 2 2 2 2 2 2 2 2 2 2 2 2 2 2 2 2 2 2 2 2 2 2 2 2 2 2 2 2 2 2 2 2 2 2 2 2
left_child=1 4 9 5 12 19 7 14 10 -3 17 38 34 15 29 16 21 -8 36 -2 -14 -4 30 47 46 -25 -18 32 -21 -6 -5 41 -10 37 35 39 -13 -17 42 -1 44 -15 -11 -26 -30 -16 -7 -22 49 -9 -24
right_child=3 2 13 22 6 24 8 48 27 11 -12 18 20 31 45 33 26 -19 -20 28 23 -23 50 25 43 -27 -28 -29 40 -31 -32 -33 -34 -35 -36 -37 -38 -39 -40 -41 -42 -43 -44 -45 -46 -47 -48 -49 -50 -51 -52
leaf_value= 0.086013827708206689 0.049338910174050711 0.0091886872215783729 0.078882912250459292 0.090761589940867915 0.027834191823923649 0.027320781211598189 0.026836572643429136 -0.039123311740081407 -0.014408044883532934 0.076952270935694497 -0.067565395544317439 0.059149268388194565 -0.016406082351788861 -0.032715708920653216 -0.013569630091003475 0.026979224430608819 0.01741904174937783 -0.026114107590517278 -0.0078853470356604928 0.13949819124575027 0.04371853725612164 0.019083735280727897 0.075442817042532723 0.042110405390730229 0.049687819804451833 -0.0078065114286663857 -0.014563184131700532 -0.078337074656759931 0.091910358190535543 -0.007671451247387647 0.13462163117652823 -0.054815789158202358 -0.059591522082602016 -0.032144771633362788 -0.049387068504988169 -0.055994329632285539 -0.04019835541645686 -0.063987788617610938 0.030450012896145729 -0.0072810803869358415 -0.022376989324887596 0.0093599673151969903 0.12356720008022551 0.1155859240810528 0.0042653097046746148 -0.037950519538488769 -0.008017443009263393 0.1285109546412346 -0.080004543595843858 -0.062853290040614865 0.14941754673763766
leaf_weight=19 258 406 101 307 232 645 195 500 108 92 434 556 226 236 248 110 368 684 123 106 25 1084 19 281 473 199 1200 848 481 824 182 257 1033 578 229 109 18 25 29 362 11.999999999999998 125 210 33 18 876 103 38 135 406 346
leaf_count=19 258 406 101 307 232 645 195 500 108 92 434 556 226 236 248 110 368 684 123 106 25 1084 19 281 473 199 1200 848 481 824 182 257 1033 578 229 109 18 25 29 362 12 125 210 33 18 876 103 38 135 406 346
model_size=5744
internal_value=0 -0.0163458 0.00880283 0.0741344 -0.0336683 0.0543195 -0.0404493 -0.0286726 -0.0519371 0.0480027 -0.0319515 0.063332 -0.00394246 -0.00496129 -0.016731 0.000108676 0.00638879 -0.0143674 0.044754 0.0817524 0.0163175 0.0241805 0.123533 0.0299372 0.0351777 0.0214157 -0.00705715 -0.0651302 0.0953062 0.000129031 0.107086 -0.0333957 -0.0553147 -0.0241398 -0.0256113 -0.0144997 0.0560338 0.0101335 0.102452 -0.00262858 0.0861392 -0.0181466 0.109367 0.0539855 0.0887488 -0.0325711 0.0224547 0.0948632 -0.0536798 -0.0497573 0.145567
internal_weight=0 13529 5518 2983 8011 2129 6523 3221 3302 1434 1313 1028 1488 4084 2180 3466 2753 879 697 875 769 1185 854 543 1254 480 1568 1989 617 1056 489 618 1141 713 719 490 574 135 331 381 511 361 302 506 499 1124 748 63 1041 906 365
internal_count=16512 13529 5518 2983 8011 2129 6523 3221 3302 1434 1313 1028 1488 4084 2180 3466 2753 879 697 875 769 1185 854 543 1254 480 1568 1989 617 1056 489 618 1141 713 719 490 574 135 331 381 511 361 302 506 499 1124 748 63 1041 906 365
is_linear=0
shrinkage=0.1


Tree=7
num_leaves= 49
num_cat= 0
full_tree_array_lgbids= 0 2 1 5 3 4 6 22 16 8 7 10 20 17 27 23 -24 -7 19 38 12 9 18 40 11 29 -22 -3 -19 43 -29 -1 24 -2147483648 -2147483648 -2147483648 -2147483648 -18 25 39 -40 15 -14 13 14 21 46 41 42 44 32 37 30 -2147483648 -2147483648 -2147483648 -2147483648 -2147483648 -2147483648 -8 -45 -2147483648 -2147483648 -2147483648 -2147483648 -25 -26 -2147483648 -2147483648 -2147483648 -2147483648 -2147483648 -2147483648 -2147483648 -2147483648 -2147483648 -2147483648 -21 -27 -4 -41 -2147483648 -2147483648 28 35 -2147483648 -2147483648 36 -15 26 45 -9 -23 47 -48 -2 -43 -42 -44 -12 -46 34 33 -6 -39 31 -32 -2147483648 -2147483648 -2147483648 -2147483648 -2147483648 -2147483648 -2147483648 -2147483648 -2147483648 -2147483648 -2147483648 -2147483648 -2147483648 -2147483648 -2147483648 -2147483648 -2147483648 -2147483648 -2147483648 -2147483648 -2147483648 -2147483648 -2147483648 -2147483648 -2147483648 -2147483648 -2147483648 -2147483648 -2147483648 -2147483648 -2147483648 -2147483648 -2147483648 -2147483648 -2147483648 -2147483648 -2147483648 -2147483648 -2147483648 -2147483648 -2147483648 -2147483648 -2147483648 -2147483648 -2147483648 -2147483648 -2147483648 -2147483648 -2147483648 -2147483648 -2147483648 -2147483648 -2147483648 -2147483648 -2147483648 -2147483648 -2147483648 -2147483648 -2147483648 -2147483648 -10 -30 -17 -37 -2147483648 -2147483648 -2147483648 -2147483648 -5 -38 -2147483648 -2147483648 -11 -28 -16 -47 -2147483648 -2147483648 -2147483648 -2147483648 -20 -49 -2147483648 -2147483648 -2147483648 -2147483648 -2147483648 -2147483648 -2147483648 -2147483648 -2147483648 -2147483648 -2147483648 -2147483648 -2147483648 -2147483648 -13 -36 -34 -35 -2147483648 -2147483648 -2147483648 -2147483648 -31 -33 -2147483648 -2147483648 -2147483648 -2147483648 -2147483648 -2147483648 -2147483648 -2147483648 -2147483648 -2147483648 -2147483648 -2147483648 -2147483648 -2147483648 -2147483648 -2147483648 -2147483648 -2147483648 -2147483648 -2147483648 -2147483648 -2147483648 -2147483648 -2147483648 -2147483648 -2147483648 -2147483648 -2147483648 -2147483648 -2147483648 -2147483648 -2147483648 -2147483648 -2147483648 -2147483648 -2147483648 -2147483648 -2147483648 -2147483648 -2147483648 -2147483648 -2147483648
split_feature= 1 1 1 6 6 3 1 2 2 1 2 6 7 3 6 1 1 2 8 6 1 6 8 7 8 3 2 2 6 8 7 8 7 8 8 4 6 7 8 7 5 8 4 1 4 8 7 8
split_gain= 1639.48 417.066 299.396 234.156 127.713 75.4351 63.1966 56.7231 55.1247 37.6318 36.2604 34.5374 33.8276 31.4976 29.5431 27.6196 24.2552 23.9489 21.0247 16.465 14.7367 11.7104 7.72203 8.58669 15.6072 7.57153 7.46111 6.55485 6.38827 5.60999 22.4087 7.54575 5.60066 23.8938 15.0383 5.05416 3.01367 2.71466 1.87829 18.6409 1.58543 2.38424 2.38192 1.50841 0.523069 0.323978 0.165992 2.65122
threshold= 4.5301500000000017 6.3350000000000009 2.6181500000000004 2.2038024706228287 2.735488224282792 3.6482937607122259 7.7055000000000016 47.500000000000007 24.500000000000004 3.6265000000000005 21.500000000000004 2.1628386478062818 37.815000000000005 4.9749804381846641 2.7762783380468687 3.4105000000000003 1.9486000000000003 26.500000000000004 -122.29499999999999 2.254419630548663 5.6851000000000012 2.5827178004959954 -118.27499999999999 35.335000000000008 -121.76499999999999 4.3645181386446135 18.500000000000004 21.500000000000004 1.6125326273398461 -121.52499999999999 35.335000000000008 -117.73499999999999 37.615000000000002 -122.44499999999998 -118.36499999999999 1.0259553126988286 3.2651338971106418 37.915000000000006 -117.91499999999998 36.295000000000009 1111.5000000000002 -122.04499999999999 1.0890498100317199 9.1688500000000008 1.0181992504140156 -117.79499999999999 37.675000000000004 -118.32499999999997
decision_type= 2 2 2 2 2 2 2 2 2 2 2 2 2 2 2 2 2 2 2 2 2 2 2 2 2 2 2 2 2 2 2 2 2 2 2 2 2 2 2 2 2 2 2 2 2 2 2 2
left_child=2 4 5 8 10 22 17 9 38 13 40 44 15 36 26 28 -7 -3 21 -18 29 -9 23 -1 -25 -21 -11 43 -10 37 31 -31 34 -34 -13 -17 -5 -6 39 -4 41 -2 -42 -8 -12 -16 47 -20
right_child=1 6 3 7 20 16 27 18 12 14 11 32 -14 -15 45 35 19 -19 46 25 -22 -23 -24 24 -26 -27 -28 -29 -30 30 -32 -33 33 -35 -36 -37 -38 -39 -40 -41 42 -43 -44 -45 -46 -47 -48 -49
leaf_value= 0.017667253237221191 0.070521218329668053 0.057642951953046098 0.050291436982375606 -0.0077946347590242193 0.034467281496561156 -0.060987613142558822 0.081519457094584871 0.10526442991600174 0.10809105821172126 -0.014009984979058841 0.073887815186753872 0.083994461690632113 -0.0014187817017045747 -0.037941382824748272 -0.014265480586349757 0.048942628110149017 -0.017071301520488521 0.10005131634615338 0.048716815932678043 -0.030763179740570131 0.032091966817138516 0.026544325296931411 -0.028403038412682879 0.0046768612606914728 -0.06957324541856845 -0.05252012408096482 0.01576520348784129 0.13111101891622126 0.032015557339114119 0.016318808387539265 -0.041027611472872566 -0.014887333141404302 0.0909713373604146 0.0027699091154235332 0.041025125996057628 0.10245037178028392 -0.026593330893718382 -0.0045651763845540464 -0.019858037319098569 -0.010596345557070147 0.025163685166037023 -0.0040553257929308245 0.074112280509493589 0.12607930536857265 0.13013930794925005 -0.035217883054892422 -0.022981046505418479 -0.0034431636651545239
leaf_weight=264 27 495 135 964 287 1326 157 61 32 279 48 313 128 1631 1196 71 398 309 77 547 494 85 424 126 75 1218 709 417 291 630 167 259 66 132 245 219 617 122 145 186 163 152 79 96 118 303 102 127
leaf_count=264 27 495 135 964 287 1326 157 61 32 279 48 313 128 1631 1196 71 398 309 77 547 494 85 424 126 75 1218 709 417 291 630 167 259 66 132 245 219 617 122 145 186 163 152 79 96 118 303 102 127
model_size=5408
internal_value=0 0.0495488 -0.020164 -0.00763477 0.029564 -0.0412216 0.0943179 -0.0157082 0.0335082 -0.0186468 0.0542505 0.0668267 0.0519641 -0.0267137 -0.0082283 0.0631109 -0.0482834 0.0739417 0.0213435 -0.0404953 0.0126401 0.0594342 -0.0135067 7.62279e-05 -0.0230284 -0.0457773 0.00735703 0.118769 0.0395524 0.00608094 -0.000403959 0.00722726 0.0564962 0.0321704 0.065128 0.0893502 -0.015131 0.0228243 0.00416096 0.0150107 0.0267083 0.00719365 0.0411428 0.0984275 0.113874 -0.0185007 0.00316943 0.0162447
internal_weight=0 4776 11736 7358 3302 4378 1474 6151 1207 5699 1343 922 741 3212 2487 613 3489 804 452 2163 1959 146 889 465 201 1765 988 670 323 1465 1056 889 756 198 558 290 1581 409 466 321 421 179 242 253 166 1499 306 204
internal_count=16512 4776 11736 7358 3302 4378 1474 6151 1207 5699 1343 922 741 3212 2487 613 3489 804 452 2163 1959 146 889 465 201 1765 988 670 323 1465 1056 889 756 198 558 290 1581 409 466 321 421 179 242 253 166 1499 306 204
is_linear=0
shrinkage=0.1


Tree=8
num_leaves= 42
num_cat= 0
full_tree_array_lgbids= 0 2 1 9 3 4 11 17 23 12 5 20 18 14 38 34 30 40 -25 -4 21 8 6 32 28 26 -20 -3 -16 -13 -40 -1 35 -19 31 -11 -42 -2147483648 -2147483648 -2147483648 -2147483648 24 -23 15 25 7 10 -2 -34 -22 -30 36 37 -2147483648 -2147483648 -2147483648 -2147483648 -2147483648 -2147483648 -2147483648 -2147483648 -2147483648 -2147483648 -2147483648 -2147483648 -36 -37 -2147483648 -2147483648 -32 -33 -2147483648 -2147483648 -2147483648 -2147483648 -2147483648 -2147483648 -2147483648 -2147483648 -2147483648 -2147483648 -2147483648 -2147483648 -14 27 -2147483648 -2147483648 33 16 29 -27 19 13 22 -12 -2147483648 -2147483648 -2147483648 -2147483648 -2147483648 -2147483648 -2147483648 -2147483648 -6 39 -28 -39 -2147483648 -2147483648 -2147483648 -2147483648 -2147483648 -2147483648 -2147483648 -2147483648 -2147483648 -2147483648 -2147483648 -2147483648 -2147483648 -2147483648 -2147483648 -2147483648 -2147483648 -2147483648 -2147483648 -2147483648 -2147483648 -2147483648 -2147483648 -2147483648 -2147483648 -2147483648 -2147483648 -2147483648 -2147483648 -2147483648 -2147483648 -2147483648 -2147483648 -2147483648 -2147483648 -2147483648 -2147483648 -2147483648 -2147483648 -2147483648 -2147483648 -2147483648 -2147483648 -2147483648 -2147483648 -2147483648 -2147483648 -2147483648 -2147483648 -2147483648 -2147483648 -2147483648 -2147483648 -2147483648 -2147483648 -2147483648 -2147483648 -2147483648 -2147483648 -2147483648 -2147483648 -2147483648 -26 -29 -2147483648 -2147483648 -2147483648 -2147483648 -5 -35 -17 -18 -10 -31 -2147483648 -2147483648 -7 -21 -9 -15 -8 -24 -2147483648 -2147483648 -2147483648 -2147483648 -2147483648 -2147483648 -2147483648 -2147483648 -2147483648 -2147483648 -2147483648 -2147483648 -2147483648 -2147483648 -2147483648 -2147483648 -2147483648 -2147483648 -2147483648 -2147483648 -38 -41 -2147483648 -2147483648 -2147483648 -2147483648 -2147483648 -2147483648 -2147483648 -2147483648 -2147483648 -2147483648 -2147483648 -2147483648 -2147483648 -2147483648 -2147483648 -2147483648 -2147483648 -2147483648 -2147483648 -2147483648 -2147483648 -2147483648 -2147483648 -2147483648 -2147483648 -2147483648 -2147483648 -2147483648 -2147483648 -2147483648 -2147483648 -2147483648 -2147483648 -2147483648 -2147483648 -2147483648 -2147483648 -2147483648 -2147483648 -2147483648 -2147483648 -2147483648 -2147483648 -2147483648
split_feature= 1 1 1 6 6 8 7 8 7 3 8 1 2 8 2 8 7 6 6 6 2 1 7 1 5 7 1 8 6 8 3 1 5 6 1 6 2 2 7 7 6
split_gain= 1328.86 302.462 268.136 191.412 101.532 61.0215 123.765 101.55 63.6726 59.4815 56.9396 45.1299 40.5081 34.218 23.7092 21.8178 22.8507 21.0987 20.531 20.498 19.1541 17.254 15.5528 12.6026 11.9259 11.0559 10.8935 8.39372 8.33081 6.57589 5.34162 8.03265 4.27324 3.64805 3.50983 3.37957 1.65916 1.02986 0.863492 0.488608 0.281433
threshold= 4.6754000000000007 6.3963500000000009 2.7820000000000005 2.0653737590585881 2.5219735498882589 -121.85499999999998 34.455000000000005 -118.28499999999998 37.935000000000009 4.2015099382944241 -119.94499999999998 8.0125000000000011 19.500000000000004 -117.56499999999998 26.500000000000004 -122.29499999999999 37.555000000000007 2.5039907448682843 3.1424162072895592 2.8195662241432546 21.500000000000004 3.9004500000000006 37.275000000000013 2.3096500000000004 339.50000000000006 38.735000000000007 5.7699500000000006 -122.33499999999999 2.1628386478062818 -122.38499999999998 3.0522493994321906 1.8847000000000003 374.50000000000006 2.611582225416218 2.2736500000000004 1.7937987955083712 16.500000000000004 32.500000000000007 38.035000000000004 37.915000000000006 1.9139224725972623
decision_type= 2 2 2 2 2 2 2 2 2 2 2 2 2 2 2 2 2 2 2 2 2 2 2 2 2 2 2 2 2 2 2 2 2 2 2 2 2 2 2 2 2
left_child=2 4 9 12 20 8 7 19 15 17 22 14 -4 -9 -3 33 -17 34 26 -7 32 24 -8 40 -14 29 36 -26 -22 -10 -19 -32 -2 -5 -1 -36 -6 -28 -13 -38 -11
right_child=1 11 3 5 18 6 10 13 25 23 -12 38 21 -15 -16 16 -18 30 -20 -21 28 -23 -24 -25 27 -27 37 -29 -30 -31 31 -33 -34 -35 35 -37 39 -39 -40 -41 -42
leaf_value= -0.013894882961958961 -0.043659917641755031 0.054152460189240054 0.0037623059415762268 0.078271122879710109 -0.00039000151887992211 0.046103453816415202 0.00057784707918060276 -0.0051094679651349263 0.016234228196448052 -0.017756331078708172 -0.073192134316241927 0.11316121490533744 -0.052683364210481004 -0.033617334028163234 0.095031785036502572 0.037401108989107604 -0.01187050876121188 -0.0043654359433622589 0.0021634525324748547 0.0061147864219740526 0.10772602966485115 0.097207301475589175 -0.035382771856882149 -0.034353250113399306 0.10859844956520158 -0.051763455643575929 0.036104896502519933 0.043248704703483062 0.064364119654186494 -0.02645678740815215 -0.050649091977517581 -0.024253168355897831 0.041778237047746143 0.034961698871028513 0.066497227973498718 0.0055661567956084368 0.030090158462823771 0.075529044416853819 0.0040696211298927665 -0.0049607391138430518 -0.053902826034830098
leaf_weight=357 23 522 232 134 245 441 265 1605 176 90 441 538 22 846 342 281 274 231 812 352 143 147 884 1302 52 152 264 341 356 210 412 796 209 182 48 194 700 108 9.9999999999999982 107 1666
leaf_count=357 23 522 232 134 245 441 265 1605 176 90 441 538 22 846 342 281 274 231 812 352 143 147 884 1302 52 152 264 341 356 210 412 796 209 182 48 194 700 108 10 107 1666
model_size=4624
internal_value=0 0.0474122 -0.0171119 -0.00420916 0.0289613 -0.0102544 -0.0160447 -0.00436404 0.00961093 -0.034929 -0.0398761 0.0861826 0.0433227 -0.0149494 0.0703339 0.0276792 0.013076 -0.0205447 0.0178365 0.0283531 0.0629903 0.0596537 -0.027089 -0.0445154 0.0463516 -0.0196408 0.0267736 0.0518955 0.0767905 -0.00699145 -0.028618 -0.0332558 0.0333081 0.0533271 -0.00114987 0.0176517 0.0194266 0.0475506 0.11117 0.0254428 -0.0520502
internal_weight=0 4379 12133 7037 2967 6243 4834 3244 1409 5096 1590 1412 794 2451 864 871 555 2038 2236 793 731 562 1149 3058 415 538 1424 393 499 386 1439 1208 232 316 599 242 1052 372 548 807 1756
internal_count=16512 4379 12133 7037 2967 6243 4834 3244 1409 5096 1590 1412 794 2451 864 871 555 2038 2236 793 731 562 1149 3058 415 538 1424 393 499 386 1439 1208 232 316 599 242 1052 372 548 807 1756
is_linear=0
shrinkage=0.1


Tree=9
num_leaves= 44
num_cat= 0
full_tree_array_lgbids= 0 2 1 7 3 4 8 34 20 5 11 16 21 19 25 -1 35 22 23 6 -7 12 24 -2 17 30 32 29 41 -10 26 -2147483648 -2147483648 -36 -37 31 -24 37 -25 27 9 -2147483648 -2147483648 15 13 40 -26 -2147483648 -2147483648 36 33 -6 -32 -23 -34 -3 42 -21 -43 -2147483648 -2147483648 -27 -28 -2147483648 -2147483648 -2147483648 -2147483648 -2147483648 -2147483648 -2147483648 -2147483648 -9 -33 -2147483648 -2147483648 38 -39 -2147483648 -2147483648 -4 -29 10 -11 -2147483648 -2147483648 -2147483648 -2147483648 28 -17 14 18 -13 -42 -2147483648 -2147483648 -2147483648 -2147483648 -2147483648 -2147483648 39 -38 -19 -35 -2147483648 -2147483648 -2147483648 -2147483648 -2147483648 -2147483648 -2147483648 -2147483648 -2147483648 -2147483648 -31 -44 -2147483648 -2147483648 -2147483648 -2147483648 -2147483648 -2147483648 -2147483648 -2147483648 -2147483648 -2147483648 -2147483648 -2147483648 -2147483648 -2147483648 -2147483648 -2147483648 -2147483648 -2147483648 -2147483648 -2147483648 -2147483648 -2147483648 -2147483648 -2147483648 -2147483648 -2147483648 -2147483648 -2147483648 -2147483648 -2147483648 -2147483648 -2147483648 -2147483648 -2147483648 -2147483648 -2147483648 -22 -40 -2147483648 -2147483648 -2147483648 -2147483648 -2147483648 -2147483648 -2147483648 -2147483648 -2147483648 -2147483648 -8 -12 -2147483648 -2147483648 -2147483648 -2147483648 -2147483648 -2147483648 -2147483648 -2147483648 -2147483648 -2147483648 -5 -30 -2147483648 -2147483648 -14 -16 -15 -20 -2147483648 -2147483648 -2147483648 -2147483648 -2147483648 -2147483648 -2147483648 -2147483648 -2147483648 -2147483648 -2147483648 -2147483648 -2147483648 -2147483648 -2147483648 -2147483648 -18 -41 -2147483648 -2147483648 -2147483648 -2147483648 -2147483648 -2147483648 -2147483648 -2147483648 -2147483648 -2147483648 -2147483648 -2147483648 -2147483648 -2147483648 -2147483648 -2147483648 -2147483648 -2147483648 -2147483648 -2147483648 -2147483648 -2147483648 -2147483648 -2147483648 -2147483648 -2147483648 -2147483648 -2147483648 -2147483648 -2147483648 -2147483648 -2147483648 -2147483648 -2147483648 -2147483648 -2147483648 -2147483648 -2147483648 -2147483648 -2147483648 -2147483648 -2147483648 -2147483648 -2147483648 -2147483648 -2147483648 -2147483648 -2147483648 -2147483648 -2147483648 -2147483648 -2147483648 -2147483648 -2147483648
split_feature= 1 1 1 6 6 7 8 3 1 8 7 8 7 8 7 6 2 4 8 6 7 1 8 8 7 3 8 7 8 7 8 7 2 6 7 4 7 6 7 8 8 8 8
split_gain= 1077.37 268.191 193.826 162.496 82.0077 62.4191 53.4616 45.6699 37.9614 36.5116 33.9715 20.893 42.735 71.9898 35.8286 25.4454 17.0892 17.1054 15.7267 13.8221 12.466 9.57393 8.7561 5.49666 5.06379 4.4735 4.96 4.35943 3.00796 2.47366 1.93192 1.91115 1.78544 1.64627 1.30897 1.75242 1.04239 0.825231 6.65443 0.778149 0.479287 0.244441 0.125067
threshold= 4.5301500000000017 6.3350000000000009 2.5205000000000006 2.4530432249902163 2.689174240612294 37.965000000000011 -122.40499999999999 3.5590287573586119 7.7055000000000016 -117.145 34.455000000000005 -117.79499999999999 34.525000000000013 -121.63499999999998 38.675000000000004 3.7262884683064175 21.500000000000004 1.0423757776567768 -119.94499999999998 2.6529733204757315 35.335000000000008 5.3357000000000001 -118.35499999999998 -119.84499999999998 33.655000000000008 5.396289833514504 -118.00499999999998 37.755000000000003 -118.32499999999997 37.615000000000002 -122.24499999999999 34.165000000000006 36.500000000000007 1.9628175980828908 34.045000000000009 0.99439121259388419 38.005000000000003 2.4337234561333516 37.795000000000009 -118.30499999999999 -117.13499999999998 -117.90499999999999 -122.40499999999999
decision_type= 2 2 2 2 2 2 2 2 2 2 2 2 2 2 2 2 2 2 2 2 2 2 2 2 2 2 2 2 2 2 2 2 2 2 2 2 2 2 2 2 2 2 2
left_child=2 4 7 5 16 6 27 34 19 10 -8 12 15 14 -14 28 -2 36 -15 29 22 30 31 37 40 -10 -27 -4 -5 -3 -6 -9 -23 -19 -1 -36 39 38 -22 -18 -13 -21 -31
right_child=1 8 3 11 21 -7 9 20 25 -11 -12 24 13 18 -16 -17 17 33 -20 41 23 32 -24 -25 -26 26 -28 -29 -30 42 -32 -33 -34 -35 35 -37 -38 -39 -40 -41 -42 -43 -44
leaf_value= -0.02575297814861794 0.023569263367769447 0.097728129189535246 0.024582162984491639 0.023314715017331764 0.037081323494659917 -0.022437817389167829 0.036210735193743036 0.062430352854231999 -0.028074895888566972 -0.036543344179338182 0.0017586244298312297 0.0034427280737353225 0.004426094897390315 -0.031225313526468353 -0.048466995306829415 -0.022736071395101184 0.056174112165270323 0.12342789511788975 -0.062645882250084967 0.056657330346210323 0.016542398763953577 0.019514676897802591 -0.035363564860627021 -0.066310819840724886 -0.046105577572168918 0.10749781473691369 0.071380332052083079 0.098845937077911866 0.0011357358532343726 0.11295208280023777 -0.00058871469971065276 -0.011594889651060225 0.067139023701630302 0.070350805959815452 -0.032597171279291313 0.010302624375402332 -0.016729857504148692 -0.05018786752041348 -0.038442912358023114 0.020826832953826997 -0.030987980799386979 0.02435087566671798 0.022260746115352961
leaf_weight=288 381 202 36 400 102 417 1008 30 9.9999999999999982 146 613 147 1011 884 202 569 326 55 396 374 70 835 1294 411 495 493 167 133 1061 19 1091 123 62 278 90 338 34 869 398 138 307 157 52
leaf_count=288 381 202 36 400 102 417 1008 30 10 146 613 147 1011 884 202 569 326 55 396 374 70 835 1294 411 495 493 167 133 1061 19 1091 123 62 278 90 338 34 869 398 138 307 157 52
model_size=4848
internal_value=0 0.0402503 -0.01638 -0.00703436 0.0240888 0.0156898 0.0239022 -0.0350783 0.0764544 0.0182474 0.0231823 -0.0168059 -0.0132948 -0.0231554 -0.00438215 -0.00118518 0.0461584 0.0565152 -0.0409461 0.0597732 -0.0407897 0.0112906 -0.0313156 -0.0486323 -0.03354 0.0964719 0.098359 0.0830264 0.00720801 0.0844129 0.00263203 0.00291986 0.0228064 0.0791173 -0.00959262 0.00128164 0.0414017 -0.0431979 -0.0302186 0.0456613 -0.0198397 0.0471053 0.0465303
internal_weight=0 4776 11736 7825 3302 2353 1936 3911 1474 1767 1621 5472 4523 2493 1213 2030 1212 831 1280 804 3195 2090 1447 1748 949 670 660 169 1461 273 1193 153 897 333 716 428 498 1337 468 464 454 531 71
internal_count=16512 4776 11736 7825 3302 2353 1936 3911 1474 1767 1621 5472 4523 2493 1213 2030 1212 831 1280 804 3195 2090 1447 1748 949 670 660 169 1461 273 1193 153 897 333 716 428 498 1337 468 464 454 531 71
is_linear=0
shrinkage=0.1


Tree=10
num_leaves= 41
num_cat= 0
full_tree_array_lgbids= 0 2 1 6 4 3 7 22 26 9 5 8 10 16 -9 23 -24 -8 35 -4 27 11 20 -2 19 18 39 -3 -18 -2147483648 -2147483648 24 33 -2147483648 -2147483648 -2147483648 -2147483648 -28 36 -2147483648 -2147483648 28 -29 13 12 38 -22 -2147483648 -2147483648 -10 30 21 -20 -12 -41 -2147483648 -2147483648 -2147483648 -2147483648 -2147483648 -2147483648 -2147483648 -2147483648 -1 25 -25 -35 -2147483648 -2147483648 -2147483648 -2147483648 -2147483648 -2147483648 -2147483648 -2147483648 -2147483648 -2147483648 37 -38 -2147483648 -2147483648 -2147483648 -2147483648 -11 -30 -2147483648 -2147483648 15 29 14 17 -7 -40 -2147483648 -2147483648 -2147483648 -2147483648 -2147483648 -2147483648 -2147483648 -2147483648 34 31 32 -23 -2147483648 -2147483648 -2147483648 -2147483648 -2147483648 -2147483648 -2147483648 -2147483648 -2147483648 -2147483648 -2147483648 -2147483648 -2147483648 -2147483648 -2147483648 -2147483648 -2147483648 -2147483648 -2147483648 -2147483648 -2147483648 -2147483648 -2147483648 -2147483648 -26 -27 -2147483648 -2147483648 -2147483648 -2147483648 -2147483648 -2147483648 -2147483648 -2147483648 -2147483648 -2147483648 -2147483648 -2147483648 -2147483648 -2147483648 -2147483648 -2147483648 -2147483648 -2147483648 -2147483648 -2147483648 -2147483648 -2147483648 -2147483648 -2147483648 -37 -39 -2147483648 -2147483648 -2147483648 -2147483648 -2147483648 -2147483648 -2147483648 -2147483648 -2147483648 -2147483648 -2147483648 -2147483648 -2147483648 -2147483648 -2147483648 -2147483648 -2147483648 -2147483648 -6 -17 -15 -31 -13 -16 -14 -19 -2147483648 -2147483648 -2147483648 -2147483648 -2147483648 -2147483648 -2147483648 -2147483648 -2147483648 -2147483648 -2147483648 -2147483648 -2147483648 -2147483648 -2147483648 -2147483648 -2147483648 -2147483648 -2147483648 -2147483648 -21 -36 -32 -33 -5 -34 -2147483648 -2147483648 -2147483648 -2147483648 -2147483648 -2147483648 -2147483648 -2147483648 -2147483648 -2147483648 -2147483648 -2147483648 -2147483648 -2147483648 -2147483648 -2147483648 -2147483648 -2147483648 -2147483648 -2147483648 -2147483648 -2147483648 -2147483648 -2147483648 -2147483648 -2147483648 -2147483648 -2147483648 -2147483648 -2147483648 -2147483648 -2147483648 -2147483648 -2147483648 -2147483648 -2147483648 -2147483648 -2147483648 -2147483648 -2147483648 -2147483648 -2147483648 -2147483648 -2147483648 -2147483648 -2147483648
split_feature= 1 1 6 6 1 2 1 1 2 3 6 7 8 8 7 6 2 8 2 6 8 1 7 8 7 8 2 7 8 7 7 8 4 6 8 6 7 4 6 8
split_gain= 879.923 271.47 123.764 110.079 77.0557 33.0443 32.027 31.8483 30.0634 28.3951 27.4961 23.6325 63.7671 51.841 34.804 29.6368 19.8455 17.141 15.2661 14.0206 11.974 9.64365 8.00499 18.3661 13.7902 10.1108 7.11643 6.26315 7.38514 5.43875 3.22723 10.121 2.59746 1.39356 1.19148 1.04326 0.210645 3.80027 0.111497 0.0597339
threshold= 4.125700000000001 6.2770500000000009 2.0376051459673437 2.4469862317432325 2.3756000000000004 51.500000000000007 3.2027500000000004 8.4454500000000028 16.500000000000004 3.3133866958124387 3.1336552646136835 34.525000000000013 -121.56499999999998 -117.60499999999998 37.925000000000004 3.0896872606011452 27.500000000000004 -119.94499999999998 47.500000000000007 2.0653737590585881 -122.40499999999999 5.3357000000000001 38.455000000000005 -118.25499999999998 34.965000000000011 -121.87499999999999 22.500000000000004 34.455000000000005 -118.36499999999999 33.625000000000007 37.615000000000002 -122.43499999999999 1.0069504830917877 1.5104297674263547 -117.13499999999998 1.6538990040802002 34.115000000000002 1.0337933003425961 2.5827178004959954 -117.50499999999998
decision_type= 2 2 2 2 2 2 2 2 2 2 2 2 2 2 2 2 2 2 2 2 2 2 2 2 2 2 2 2 2 2 2 2 2 2 2 2 2 2 2 2
left_child=2 3 6 8 9 11 22 16 -2 -4 18 13 14 15 -13 -6 -3 -14 21 -10 38 32 23 24 -1 -26 -8 28 -11 -15 34 -32 -5 -25 -21 -28 37 -37 -7 -12
right_child=1 7 4 10 5 20 26 -9 19 27 39 12 17 29 -16 -17 -18 -19 -20 30 -22 -23 -24 33 25 -27 35 -29 -30 -31 31 -33 -34 -35 -36 36 -38 -39 -40 -41
leaf_value= 0.05932651862137385 0.010566823865865362 0.044327917887541139 -0.0052247179498730936 -0.0063367381149659844 0.01324048930324901 0.087573385944009818 0.013595745627369199 0.094974212148204951 0.088615502216375069 0.02643846817663871 -0.0010661352129924732 0.011092081801212945 -0.030212929938669975 -0.019581712477919538 -0.026158462525709181 -0.014097965024190903 0.079189762139828965 -0.05918888739232895 0.067348473978813231 0.063353498771269001 0.0022317992416439488 0.029496891714881304 -0.036683915385107797 -0.069035210784169895 0.022146389967932993 -0.048749583480613576 0.10377613596188336 -0.047301015830292704 -0.033561834788941536 -0.047707021100140072 0.074382980279291841 -0.0023398648375888599 0.014751282889221388 -0.0082462570487343255 -0.028708561923122034 -0.014850212484598162 0.025350842898090684 0.098498828423907989 0.021849340177606792 -0.028720450817764281
leaf_weight=143 219 695 378 476 1107 61 140 426 224 56 1047 672 1025 483 670 1108 415 518 102 358 244 671 117 42 196 56 52 1491 1089 395 56 111 1003 235 15.999999999999998 14.999999999999998 105 64 50 181
leaf_count=143 219 695 378 476 1107 61 140 426 224 56 1047 672 1025 483 670 1108 415 518 102 358 244 671 117 42 196 56 52 1491 1089 395 56 111 1003 235 16 15 105 64 50 181
model_size=4512
internal_value=0 0.030758 -0.017556 0.0180147 -0.0215637 -0.0148408 0.014599 0.0677934 0.0490762 -0.0356898 0.00923177 -0.0168896 -0.0248528 -0.00946187 -0.00750543 -0.000434909 0.0573619 -0.0399404 0.0170698 0.0601004 0.0196592 0.0146845 0.00122312 0.007823 0.0255555 0.00639173 0.042667 -0.0400585 -0.0306273 -0.0322349 0.0482938 0.0233876 0.00796433 -0.0174634 0.059415 0.0599126 0.0475164 0.0769769 0.057968 -0.00514222
internal_weight=0 6000 10512 4464 9347 6333 1165 1536 984 3014 3480 5978 2885 3093 1342 2215 1110 1543 2252 765 355 2150 789 672 395 252 376 2636 1145 878 541 167 1479 277 374 236 184 79 111 1228
internal_count=16512 6000 10512 4464 9347 6333 1165 1536 984 3014 3480 5978 2885 3093 1342 2215 1110 1543 2252 765 355 2150 789 672 395 252 376 2636 1145 878 541 167 1479 277 374 236 184 79 111 1228
is_linear=0
shrinkage=0.1


Tree=11
num_leaves= 35
num_cat= 0
full_tree_array_lgbids= 0 1 3 4 2 6 21 12 5 7 9 31 26 -5 22 -1 13 10 11 -3 8 15 24 -2 -33 27 -28 -2147483648 -2147483648 -23 -24 -2147483648 -2147483648 23 -15 -6 -12 19 -13 -2147483648 -2147483648 29 14 16 -17 33 25 -2147483648 -2147483648 -2147483648 -2147483648 28 -29 -2147483648 -2147483648 -2147483648 -2147483648 -2147483648 -2147483648 -2147483648 -2147483648 -2147483648 -2147483648 -2147483648 -2147483648 -2147483648 -2147483648 -14 -25 -2147483648 -2147483648 -2147483648 -2147483648 -2147483648 -2147483648 -7 20 -2147483648 -2147483648 -2147483648 -2147483648 -2147483648 -2147483648 -9 -31 30 -16 17 18 -2147483648 -2147483648 -11 -35 32 -27 -2147483648 -2147483648 -2147483648 -2147483648 -2147483648 -2147483648 -2147483648 -2147483648 -8 -30 -2147483648 -2147483648 -2147483648 -2147483648 -2147483648 -2147483648 -2147483648 -2147483648 -2147483648 -2147483648 -2147483648 -2147483648 -2147483648 -2147483648 -2147483648 -2147483648 -2147483648 -2147483648 -2147483648 -2147483648 -2147483648 -2147483648 -2147483648 -2147483648 -2147483648 -2147483648 -2147483648 -2147483648 -2147483648 -2147483648 -2147483648 -2147483648 -2147483648 -2147483648 -2147483648 -2147483648 -2147483648 -2147483648 -2147483648 -2147483648 -2147483648 -2147483648 -2147483648 -2147483648 -2147483648 -2147483648 -2147483648 -2147483648 -21 -22 -2147483648 -2147483648 -2147483648 -2147483648 -2147483648 -2147483648 -2147483648 -2147483648 -2147483648 -2147483648 -2147483648 -2147483648 -2147483648 -2147483648 -2147483648 -2147483648 -10 -32 -2147483648 -2147483648 -4 -19 -18 -20 -2147483648 -2147483648 -2147483648 -2147483648 -2147483648 -2147483648 -2147483648 -2147483648 -26 -34 -2147483648 -2147483648 -2147483648 -2147483648 -2147483648 -2147483648 -2147483648 -2147483648 -2147483648 -2147483648 -2147483648 -2147483648 -2147483648 -2147483648 -2147483648 -2147483648 -2147483648 -2147483648 -2147483648 -2147483648 -2147483648 -2147483648 -2147483648 -2147483648 -2147483648 -2147483648 -2147483648 -2147483648 -2147483648 -2147483648 -2147483648 -2147483648 -2147483648 -2147483648 -2147483648 -2147483648 -2147483648 -2147483648 -2147483648 -2147483648 -2147483648 -2147483648 -2147483648 -2147483648 -2147483648 -2147483648 -2147483648 -2147483648 -2147483648 -2147483648 -2147483648 -2147483648 -2147483648 -2147483648 -2147483648 -2147483648 -2147483648 -2147483648 -2147483648 -2147483648 -2147483648 -2147483648 -2147483648 -2147483648 -2147483648 -2147483648
split_feature= 1 1 6 1 6 1 6 2 6 6 3 3 2 7 7 7 8 7 7 8 7 3 8 8 8 7 8 7 6 4 8 7 8 7
split_gain= 718.894 251.391 106.647 59.2125 56.8707 30.6624 30.2655 29.8946 24.476 21.8793 16.5236 15.1862 10.4849 11.7251 10.2424 8.30926 15.9207 5.73898 5.18125 4.76851 2.76698 2.31608 2.94187 2.06277 1.9492 11.0707 1.93094 4.65496 2.69171 1.40303 1.05123 1.03421 0.958966 0.755349
threshold= 5.6042500000000013 3.5488500000000003 2.4469862317432325 7.3930000000000016 2.0376051459673437 2.2210000000000005 2.5949646725452555 16.500000000000004 1.9628175980828908 2.9742256672023202 3.4845502266762112 4.7252880533656763 27.500000000000004 37.815000000000005 37.935000000000009 37.915000000000006 -118.01499999999999 34.595000000000006 33.945000000000007 -122.38499999999998 37.615000000000002 4.9749804381846641 -118.00499999999998 -118.36499999999999 -121.48499999999999 34.525000000000013 -117.90499999999999 37.935000000000009 3.0228140180430265 1.0835581867240742 -117.16499999999998 38.345000000000006 -117.79499999999999 37.275000000000013
decision_type= 2 2 2 2 2 2 2 2 2 2 2 2 2 2 2 2 2 2 2 2 2 2 2 2 2 2 2 2 2 2 2 2 2 2
left_child=1 4 7 6 12 10 31 -3 29 15 -6 19 -1 23 30 16 17 -4 -18 -7 -21 -5 -23 -14 33 32 27 28 -8 -9 -10 -2 -26 -11
right_child=3 2 9 21 5 11 26 8 14 24 -12 -13 13 -15 -16 -17 18 -19 -20 20 -22 22 -24 -25 25 -27 -28 -29 -30 -31 -32 -33 -34 -35
leaf_value= -0.0095090467015243318 0.068183350243830473 -0.0011909552042606124 0.033476991179961647 -0.044030300676822669 -0.010484082085195212 0.026860177616323228 0.054209006781501534 0.054210196285857819 0.040058973375291095 0.042488536702563307 -0.039057645849541703 -0.02459864335253913 0.055221105385750827 -0.019168377995337233 -0.0058399429212191278 -0.010863499498856049 0.0052329655056769786 0.0090649448311081442 -0.035005359821797664 -0.0085115013651943759 -0.035313450400244001 0.085232746969946954 0.053461986627328296 0.014297736242783871 -0.00084949669844748858 -0.036456429342118402 0.010147075440449968 -0.00016534988495424906 0.025905667515649662 0.099696594600876182 -0.033881626471877098 -0.024268067046068612 -0.022016719602193185 -0.0017686983265082406
leaf_weight=490 435 303 611 9.9999999999999982 424 121 392 160 743 79 2048 2736 169 109 140 452 376 592 150 1766 236 581 202 171 893 360 301 116 353 111 25 15.999999999999998 437 404
leaf_count=490 435 303 611 10 424 121 392 160 743 79 2048 2736 169 109 140 452 376 592 150 1766 236 581 202 171 893 360 301 116 353 111 25 16 437 404
model_size=3840
internal_value=0 -0.00868995 0.00758113 0.0509478 -0.0201722 -0.0234419 0.0388724 0.0320366 0.040576 -0.00074295 -0.0341567 -0.0179908 0.00535516 0.0215767 0.0309462 0.00808225 0.0130351 0.0214637 -0.00624184 -0.0094749 -0.011671 0.0755098 0.0770365 0.0346391 -0.00960064 -0.0139078 0.0287691 0.0352793 0.0407982 0.0728412 0.0376521 0.0649035 -0.00780444 0.00547006
internal_weight=0 14106 5836 2406 8270 7331 1613 1482 1179 4354 2472 4859 939 449 908 2181 1729 1203 526 2123 2002 793 783 340 2173 1690 1162 861 745 271 768 451 1330 483
internal_count=16512 14106 5836 2406 8270 7331 1613 1482 1179 4354 2472 4859 939 449 908 2181 1729 1203 526 2123 2002 793 783 340 2173 1690 1162 861 745 271 768 451 1330 483
is_linear=0
shrinkage=0.1


Tree=12
num_leaves= 35
num_cat= 0
full_tree_array_lgbids= 0 2 1 7 3 4 24 19 27 5 12 13 10 -3 -26 28 -21 -9 31 6 -7 25 14 20 -15 -6 11 -2147483648 -2147483648 -2147483648 -2147483648 29 -30 -2147483648 -2147483648 -2147483648 -2147483648 -29 -33 -4 8 -2147483648 -2147483648 -5 -27 17 15 21 22 -2147483648 -2147483648 -2147483648 -2147483648 23 -13 -2147483648 -2147483648 -2147483648 -2147483648 -2147483648 -2147483648 -2147483648 -2147483648 -1 -31 -2147483648 -2147483648 -2147483648 -2147483648 -2147483648 -2147483648 -2147483648 -2147483648 -2147483648 -2147483648 -2147483648 -2147483648 -2147483648 -2147483648 -2147483648 -2147483648 9 -10 -2147483648 -2147483648 -2147483648 -2147483648 -2147483648 -2147483648 -2147483648 -2147483648 18 -19 16 -17 -2 30 26 -24 -2147483648 -2147483648 -2147483648 -2147483648 -2147483648 -2147483648 -2147483648 -2147483648 32 33 -2147483648 -2147483648 -2147483648 -2147483648 -2147483648 -2147483648 -2147483648 -2147483648 -2147483648 -2147483648 -2147483648 -2147483648 -2147483648 -2147483648 -2147483648 -2147483648 -2147483648 -2147483648 -2147483648 -2147483648 -2147483648 -2147483648 -2147483648 -2147483648 -2147483648 -2147483648 -2147483648 -2147483648 -2147483648 -2147483648 -2147483648 -2147483648 -2147483648 -2147483648 -2147483648 -2147483648 -2147483648 -2147483648 -2147483648 -2147483648 -2147483648 -2147483648 -2147483648 -2147483648 -2147483648 -2147483648 -2147483648 -2147483648 -2147483648 -2147483648 -2147483648 -2147483648 -2147483648 -2147483648 -8 -11 -2147483648 -2147483648 -2147483648 -2147483648 -2147483648 -2147483648 -2147483648 -2147483648 -2147483648 -2147483648 -2147483648 -2147483648 -2147483648 -2147483648 -2147483648 -2147483648 -2147483648 -2147483648 -14 -20 -2147483648 -2147483648 -16 -18 -2147483648 -2147483648 -2147483648 -2147483648 -23 -32 -22 -28 -2147483648 -2147483648 -2147483648 -2147483648 -2147483648 -2147483648 -2147483648 -2147483648 -2147483648 -2147483648 -2147483648 -2147483648 -2147483648 -2147483648 -2147483648 -2147483648 -2147483648 -2147483648 -12 -34 -25 -35 -2147483648 -2147483648 -2147483648 -2147483648 -2147483648 -2147483648 -2147483648 -2147483648 -2147483648 -2147483648 -2147483648 -2147483648 -2147483648 -2147483648 -2147483648 -2147483648 -2147483648 -2147483648 -2147483648 -2147483648 -2147483648 -2147483648 -2147483648 -2147483648 -2147483648 -2147483648 -2147483648 -2147483648 -2147483648 -2147483648 -2147483648 -2147483648 -2147483648 -2147483648 -2147483648 -2147483648
split_feature= 1 1 1 6 6 7 8 3 8 7 8 7 8 7 7 8 7 8 6 6 8 7 7 8 2 7 2 1 8 7 8 6 3 7
split_gain= 586.99 131.5 107.219 86.6789 51.2651 27.0098 27.7404 22.0653 15.3437 22.8321 11.8817 13.0527 10.5942 8.63427 8.20368 25.44 14.9354 14.3301 7.24263 7.2276 6.79128 10.0837 7.14961 6.61731 5.59614 5.26547 4.11739 2.78717 2.4233 7.40899 2.10015 1.50839 1.42257 0.00329657
threshold= 4.5993500000000003 6.8672000000000013 2.8762500000000002 2.5288691539219195 2.5763869593405579 37.935000000000009 -122.31499999999998 4.2015099382944241 -117.145 34.175000000000004 -122.21499999999999 37.965000000000011 -122.40499999999999 37.925000000000004 34.455000000000005 -120.09499999999998 37.595000000000006 -117.79499999999999 3.7262884683064175 3.0973600929976173 -118.27499999999999 34.145000000000003 33.755000000000003 -117.675 20.500000000000004 38.735000000000007 24.500000000000004 1.9486000000000003 -117.145 37.915000000000006 -122.04499999999999 2.4206262209680918 5.605050933786079 33.925000000000004
decision_type= 2 2 2 2 2 2 2 2 2 2 2 2 2 2 2 2 2 2 2 2 2 2 2 2 2 2 2 2 2 2 2 2 2 2
left_child=2 4 7 5 13 6 -4 19 9 -8 -6 23 25 20 17 16 -16 18 -14 28 21 -2 26 32 -3 -5 -22 -9 29 -1 -23 -29 -12 -25
right_child=1 24 3 12 10 -7 8 27 -10 -11 11 -13 14 -15 15 -17 -18 -19 -20 -21 22 30 -24 33 -26 -27 -28 31 -30 -31 -32 -33 -34 -35
leaf_value= 0.0087146897328887925 0.087392336466339426 0.046486358840745513 0.063497227991057434 0.026920343196589099 0.044597881008468739 -0.013941961096219428 0.03226107038741826 -0.039964185684921341 -0.030424950123060401 0.0017226360609420119 0.0010398246046445093 -0.023426473785104325 0.0059560161181873399 -0.0002621363342097662 0.0067380075030646722 -0.051215625218838372 -0.02465661955179399 -0.023888513640431742 -0.019405735969728371 -0.022038861337205826 0.023707553191241206 0.062089587978320197 -0.0052962626440446539 0.0048122983849409259 0.073699917910149168 -0.035148588362100879 0.085636399807408448 -0.012249642477135426 -0.033755699083653855 -0.032333044282405091 0.024043662247026615 -0.029561685239417893 0.022513450278501088 -0.03398021308081698
leaf_weight=733 182 392 194 242 220 409 874 939 123 669 391 211 1197 103 416 357 842 710 413 1101 114 225 116 282 648 57 70 641 134 141 183 1733 1332 118
leaf_count=733 182 392 194 242 220 409 874 939 123 669 391 211 1197 103 416 357 842 710 413 1101 114 225 116 282 648 57 70 641 134 141 183 1733 1332 118
model_size=3840
internal_value=0 0.030722 -0.0118174 -0.00266863 0.0211282 0.0142012 0.0203897 -0.0227901 0.01537 0.0190205 0.0127684 0.00976817 -0.0117092 0.0426298 -0.0137453 -0.0224408 -0.0142749 -0.00769227 -0.000549825 -0.0127829 0.0475937 0.0580942 0.0269428 0.0130673 0.0634425 0.0150878 0.0472674 -0.0291605 -0.00267297 0.00209257 0.0450249 -0.0248873 0.0176404 -0.00663149
internal_weight=0 4587 11925 6503 3547 2269 1860 5422 1666 1543 2554 2334 4234 993 3935 1615 1258 2320 1610 2109 890 590 300 2123 1040 299 184 3313 1008 874 408 2374 1723 400
internal_count=16512 4587 11925 6503 3547 2269 1860 5422 1666 1543 2554 2334 4234 993 3935 1615 1258 2320 1610 2109 890 590 300 2123 1040 299 184 3313 1008 874 408 2374 1723 400
is_linear=0
shrinkage=0.1


Tree=13
num_leaves= 31
num_cat= 0
full_tree_array_lgbids= 0 2 1 11 4 3 13 12 -13 19 6 14 5 15 -15 20 28 -2147483648 -2147483648 -4 -21 7 -8 -2 23 24 16 22 -17 -2147483648 -2147483648 26 21 -14 -30 -2147483648 -2147483648 -2147483648 -2147483648 -2147483648 -2147483648 -2147483648 -2147483648 -6 8 -2147483648 -2147483648 -2147483648 -2147483648 -16 27 -5 -26 17 -18 25 -24 -2147483648 -2147483648 -2147483648 -2147483648 -2147483648 -2147483648 -1 -28 -22 -23 -2147483648 -2147483648 -2147483648 -2147483648 -2147483648 -2147483648 -2147483648 -2147483648 -2147483648 -2147483648 -2147483648 -2147483648 -2147483648 -2147483648 -2147483648 -2147483648 -2147483648 -2147483648 -2147483648 -2147483648 -2147483648 -2147483648 10 9 -2147483648 -2147483648 -2147483648 -2147483648 -2147483648 -2147483648 -2147483648 -2147483648 -2147483648 -2147483648 -25 -29 -2147483648 -2147483648 -2147483648 -2147483648 -7 18 -2147483648 -2147483648 -3 29 -2147483648 -2147483648 -2147483648 -2147483648 -2147483648 -2147483648 -2147483648 -2147483648 -2147483648 -2147483648 -2147483648 -2147483648 -2147483648 -2147483648 -2147483648 -2147483648 -2147483648 -2147483648 -2147483648 -2147483648 -2147483648 -2147483648 -2147483648 -2147483648 -2147483648 -2147483648 -2147483648 -2147483648 -2147483648 -2147483648 -2147483648 -2147483648 -2147483648 -2147483648 -2147483648 -2147483648 -2147483648 -2147483648 -2147483648 -2147483648 -2147483648 -2147483648 -2147483648 -2147483648 -2147483648 -2147483648 -2147483648 -2147483648 -2147483648 -2147483648 -2147483648 -2147483648 -2147483648 -2147483648 -2147483648 -2147483648 -2147483648 -2147483648 -2147483648 -2147483648 -2147483648 -2147483648 -2147483648 -2147483648 -2147483648 -2147483648 -9 -12 -10 -11 -2147483648 -2147483648 -2147483648 -2147483648 -2147483648 -2147483648 -2147483648 -2147483648 -2147483648 -2147483648 -2147483648 -2147483648 -2147483648 -2147483648 -2147483648 -2147483648 -2147483648 -2147483648 -2147483648 -2147483648 -2147483648 -2147483648 -2147483648 -2147483648 -2147483648 -2147483648 -2147483648 -2147483648 -2147483648 -2147483648 -2147483648 -2147483648 -2147483648 -2147483648 -19 -20 -2147483648 -2147483648 -2147483648 -2147483648 -2147483648 -2147483648 -27 -31 -2147483648 -2147483648 -2147483648 -2147483648 -2147483648 -2147483648 -2147483648 -2147483648 -2147483648 -2147483648 -2147483648 -2147483648 -2147483648 -2147483648 -2147483648 -2147483648 -2147483648 -2147483648 -2147483648 -2147483648 -2147483648 -2147483648 -2147483648 -2147483648 -2147483648 -2147483648 -2147483648 -2147483648
split_feature= 1 1 6 6 1 8 7 8 7 8 8 7 8 1 2 6 7 8 7 3 7 8 7 4 7 8 8 6 2 7
split_gain= 477.804 140.104 64.1133 57.9013 35.7931 16.9469 16.9048 51.1379 14.9059 55.5465 46.4354 13.7928 39.145 13.4392 12.9036 11.3159 10.7842 12.5829 70.7104 7.67745 6.42219 6.50381 4.61952 4.6003 4.24727 2.35345 2.22506 1.40839 0.797134 0.451448
threshold= 4.125700000000001 6.3350000000000009 2.0376051459673437 2.4469862317432325 2.2210000000000005 -122.24499999999999 37.895000000000003 -122.24499999999999 34.525000000000013 -120.56499999999998 -118.30499999999999 37.815000000000005 -118.25499999999998 9.1688500000000008 16.500000000000004 2.8629972339304532 37.485000000000007 -120.62499999999999 35.135000000000012 3.3133866958124387 34.155000000000008 -122.28499999999998 37.615000000000002 0.96771928234867721 37.595000000000006 -118.145 -118.36499999999999 2.0653737590585881 28.500000000000004 33.655000000000008
decision_type= 2 2 2 2 2 2 2 2 2 2 2 2 2 2 2 2 2 2 2 2 2 2 2 2 2 2 2 2 2 2
left_child=2 3 11 14 19 24 7 -6 10 -10 -9 12 20 15 -2 22 17 -7 -19 -4 26 -22 25 -16 -5 -3 -1 -25 -14 -27
right_child=1 13 4 5 6 16 -8 8 9 -11 -12 -13 28 -15 23 -17 -18 18 -20 -21 21 -23 -24 27 -26 29 -28 -29 -30 -31
leaf_value= 0.08867911281496553 0.0070783976625534706 0.079162728175324215 -0.0048329386465947822 0.085453794344753156 0.034928252226671258 0.031501085582704945 -0.024320218103083407 0.019305563737664892 -0.0037496240132344678 -0.045222573866935595 -0.01274336913891496 -0.016847322414671819 -0.022656063137902138 0.076971271924680645 0.0033810601125709543 0.02894588785100391 -0.013426204674855294 0.0088593346101334628 -0.075984231123087442 -0.031636077003040483 0.064362934795668833 0.010139181240297416 0.026842434658810945 0.07248134094138825 0.025286199111210678 0.067188151046095129 0.032044869451352431 0.041422937952956082 0.016936120812419748 0.0069998629243028443
leaf_weight=112 220 322 329 57 322 400 1471 731 911 705 2735 262 247 304 86 558 618 2061 123 2143 91 238 141 215 272 83 81 474 134 66
leaf_count=112 220 322 329 57 322 400 1471 731 911 705 2735 262 247 304 86 558 618 2061 123 2143 91 238 141 215 272 83 81 474 134 66
model_size=3392
internal_value=0 0.0228159 -0.0130228 0.0137054 -0.0160429 0.00707017 -0.0117188 -0.00828861 -0.0110269 -0.0218427 -0.00598406 0.0112079 0.019348 0.0507903 0.0372522 0.0439877 0.00412744 0.00832564 0.00408106 -0.0280688 0.0398426 0.0251372 0.0577023 0.0458177 0.0357104 0.0669406 0.0649103 0.0511146 -0.00873125 0.0405276
internal_weight=0 6000 10512 4526 9347 3531 6875 5404 5082 1616 3466 1165 903 1474 995 1170 3202 2584 2184 2472 522 329 612 775 329 471 193 689 381 149
internal_count=16512 6000 10512 4526 9347 3531 6875 5404 5082 1616 3466 1165 903 1474 995 1170 3202 2584 2184 2472 522 329 612 775 329 471 193 689 381 149
is_linear=0
shrinkage=0.1


Tree=14
num_leaves= 25
num_cat= 0
full_tree_array_lgbids= 0 1 3 6 2 7 -5 -1 8 4 14 17 -9 -2147483648 -2147483648 -2147483648 -2147483648 9 10 5 -6 23 -16 18 22 -2147483648 -2147483648 -2147483648 -2147483648 -2147483648 -2147483648 -2147483648 -2147483648 -2147483648 -2147483648 -8 16 11 -12 12 -7 -2147483648 -2147483648 -4 -25 -2147483648 -2147483648 20 19 -19 -24 -2147483648 -2147483648 -2147483648 -2147483648 -2147483648 -2147483648 -2147483648 -2147483648 -2147483648 -2147483648 -2147483648 -2147483648 -2147483648 -2147483648 -2147483648 -2147483648 -2147483648 -2147483648 -2147483648 -2147483648 -2147483648 -2147483648 -11 -18 15 -13 -2147483648 -2147483648 -3 13 -2147483648 -2147483648 -2147483648 -2147483648 -2147483648 -2147483648 -2147483648 -2147483648 -2147483648 -2147483648 -2147483648 -2147483648 -2147483648 -2147483648 21 -22 -20 -21 -2147483648 -2147483648 -2147483648 -2147483648 -2147483648 -2147483648 -2147483648 -2147483648 -2147483648 -2147483648 -2147483648 -2147483648 -2147483648 -2147483648 -2147483648 -2147483648 -2147483648 -2147483648 -2147483648 -2147483648 -2147483648 -2147483648 -2147483648 -2147483648 -2147483648 -2147483648 -2147483648 -2147483648 -2147483648 -2147483648 -2147483648 -2147483648 -2147483648 -2147483648 -2147483648 -2147483648 -2147483648 -2147483648 -2147483648 -2147483648 -2147483648 -2147483648 -2147483648 -2147483648 -2147483648 -2147483648 -2147483648 -2147483648 -2147483648 -2147483648 -2147483648 -2147483648 -10 -17 -2147483648 -2147483648 -2147483648 -2147483648 -2147483648 -2147483648 -2147483648 -2147483648 -14 -15 -2147483648 -2147483648 -2147483648 -2147483648 -2147483648 -2147483648 -2147483648 -2147483648 -2147483648 -2147483648 -2147483648 -2147483648 -2147483648 -2147483648 -2147483648 -2147483648 -2147483648 -2147483648 -2147483648 -2147483648 -2147483648 -2147483648 -2147483648 -2147483648 -2147483648 -2147483648 -2147483648 -2147483648 -2 -23 -2147483648 -2147483648 -2147483648 -2147483648 -2147483648 -2147483648 -2147483648 -2147483648 -2147483648 -2147483648 -2147483648 -2147483648 -2147483648 -2147483648 -2147483648 -2147483648 -2147483648 -2147483648 -2147483648 -2147483648 -2147483648 -2147483648 -2147483648 -2147483648 -2147483648 -2147483648 -2147483648 -2147483648 -2147483648 -2147483648 -2147483648 -2147483648 -2147483648 -2147483648 -2147483648 -2147483648 -2147483648 -2147483648 -2147483648 -2147483648 -2147483648 -2147483648 -2147483648 -2147483648 -2147483648 -2147483648 -2147483648 -2147483648 -2147483648 -2147483648 -2147483648 -2147483648 -2147483648 -2147483648 -2147483648 -2147483648 -2147483648 -2147483648 -2147483648 -2147483648 -2147483648 -2147483648
split_feature= 1 1 6 1 8 7 6 6 7 8 8 7 8 7 6 8 8 8 7 8 4 8 7 1
split_gain= 393.226 132.704 70.725 26.523 21.8682 29.7367 19.0985 15.1189 14.1425 25.9704 22.1603 20.0999 12.073 17.8935 5.81795 4.93583 4.08543 3.7893 11.0127 15.4297 3.67293 3.99532 3.38464 0.83215
threshold= 5.6042500000000013 3.3277500000000004 2.6436225123783674 7.7055000000000016 -117.16499999999998 37.895000000000003 2.0376051459673437 3.0089663118548242 34.655000000000008 -118.29499999999999 -121.675 37.895000000000003 -122.29499999999999 34.595000000000006 3.226178258466883 -122.31499999999998 -117.56499999999998 -117.83499999999999 37.615000000000002 -122.40499999999999 1.0510611801489096 -122.03499999999998 33.935000000000009 3.7945000000000007
decision_type= 2 2 2 2 2 2 2 2 2 2 2 2 2 2 2 2 2 2 2 2 2 2 2 2
left_child=1 6 4 7 5 12 -1 17 9 -8 11 15 -3 -14 23 -10 -11 18 20 -20 21 -2 -19 -4
right_child=3 2 14 -5 -6 -7 8 -9 10 16 -12 -13 13 -15 -16 -17 -18 22 19 -21 -22 -23 -24 -25
leaf_value= 0.0022412025547006919 0.087055705688619187 0.060121873135003147 -0.012513941602788329 0.058642907131762151 -0.031606849034481396 -0.0063050384650711654 0.0094636478656816691 0.013502896430078218 0.037469407964057032 -0.011150513052250951 -0.033270053556638132 -0.02711913529914475 0.032714692788353879 0.0044671251636666616 -0.013573945696734062 -0.0042517896140809169 -0.027985970544486066 0.02444906451143556 0.073088471059842661 -0.0011674661325240458 0.079054137040536543 0.035253905085517921 -0.061491462631294361 0.0046750905917221988
leaf_weight=847 78 211 623 670 133 464 675 649 131 1591 1993 711 1201 575 1506 500 982 161 72 185 211 354 26 1963
leaf_count=847 78 211 623 670 133 464 675 649 131 1591 1993 711 1201 575 1506 500 982 161 72 185 211 354 26 1963
model_size=2720
internal_value=0 -0.00647871 0.00424716 0.0379837 0.0183496 0.0210604 -0.0161161 0.0300103 -0.0184781 -0.0119565 -0.0248295 -0.0122944 0.0274508 0.0235692 -0.0046582 0.00440982 -0.0175759 0.0398662 0.0455523 0.0196358 0.0559108 0.044607 0.0125001 0.000534036
internal_weight=0 14106 6676 2406 2584 2451 7430 1736 6583 3248 3335 1342 1987 1776 4092 631 2573 1087 900 257 643 432 187 2586
internal_count=16512 14106 6676 2406 2584 2451 7430 1736 6583 3248 3335 1342 1987 1776 4092 631 2573 1087 900 257 643 432 187 2586
is_linear=0
shrinkage=0.1


Tree=15
num_leaves= 32
num_cat= 0
full_tree_array_lgbids= 0 1 3 5 2 4 28 9 7 6 12 13 -6 -5 -30 10 -11 8 16 -3 11 18 19 14 15 -2147483648 -2147483648 -2147483648 -2147483648 -2147483648 -2147483648 -1 29 -2147483648 -2147483648 26 -10 17 -18 -2147483648 -2147483648 -8 -13 -4 -20 21 20 -2 -16 24 -17 -2147483648 -2147483648 -2147483648 -2147483648 -2147483648 -2147483648 -2147483648 -2147483648 -2147483648 -2147483648 -2147483648 -2147483648 -2147483648 -2147483648 30 -31 -2147483648 -2147483648 -2147483648 -2147483648 27 -28 -2147483648 -2147483648 -9 -19 -2147483648 -2147483648 -2147483648 -2147483648 -2147483648 -2147483648 -2147483648 -2147483648 -2147483648 -2147483648 -2147483648 -2147483648 -2147483648 -2147483648 23 25 22 -22 -2147483648 -2147483648 -2147483648 -2147483648 -15 -26 -2147483648 -2147483648 -2147483648 -2147483648 -2147483648 -2147483648 -2147483648 -2147483648 -2147483648 -2147483648 -2147483648 -2147483648 -2147483648 -2147483648 -2147483648 -2147483648 -2147483648 -2147483648 -2147483648 -2147483648 -2147483648 -2147483648 -2147483648 -2147483648 -2147483648 -2147483648 -2147483648 -2147483648 -2147483648 -2147483648 -12 -32 -2147483648 -2147483648 -2147483648 -2147483648 -2147483648 -2147483648 -2147483648 -2147483648 -2147483648 -2147483648 -7 -29 -2147483648 -2147483648 -2147483648 -2147483648 -2147483648 -2147483648 -2147483648 -2147483648 -2147483648 -2147483648 -2147483648 -2147483648 -2147483648 -2147483648 -2147483648 -2147483648 -2147483648 -2147483648 -2147483648 -2147483648 -2147483648 -2147483648 -2147483648 -2147483648 -2147483648 -2147483648 -2147483648 -2147483648 -2147483648 -2147483648 -2147483648 -2147483648 -2147483648 -2147483648 -2147483648 -2147483648 -2147483648 -2147483648 -14 -25 -23 -27 -21 -24 -2147483648 -2147483648 -2147483648 -2147483648 -2147483648 -2147483648 -2147483648 -2147483648 -2147483648 -2147483648 -2147483648 -2147483648 -2147483648 -2147483648 -2147483648 -2147483648 -2147483648 -2147483648 -2147483648 -2147483648 -2147483648 -2147483648 -2147483648 -2147483648 -2147483648 -2147483648 -2147483648 -2147483648 -2147483648 -2147483648 -2147483648 -2147483648 -2147483648 -2147483648 -2147483648 -2147483648 -2147483648 -2147483648 -2147483648 -2147483648 -2147483648 -2147483648 -2147483648 -2147483648 -2147483648 -2147483648 -2147483648 -2147483648 -2147483648 -2147483648 -2147483648 -2147483648 -2147483648 -2147483648 -2147483648 -2147483648 -2147483648 -2147483648 -2147483648 -2147483648 -2147483648 -2147483648 -2147483648 -2147483648 -2147483648 -2147483648
split_feature= 1 1 6 1 6 6 2 7 8 7 8 4 8 8 7 7 8 7 7 7 8 8 7 8 8 8 7 8 7 8 7
split_gain= 318.732 80.0498 51.2822 38.3565 16.5751 14.7649 9.93158 8.64452 10.0823 7.93974 9.63825 7.11207 6.68466 4.13508 6.02382 3.08487 2.21851 4.14804 2.12646 1.92204 29.8879 15.7411 15.3048 2.9099 0.971022 0.836806 0.683118 8.19907 0.450282 0.249959 6.61849
threshold= 5.1326000000000009 3.3277500000000004 2.4469862317432325 6.8672000000000013 2.9742256672023202 2.4839226633581473 26.500000000000004 35.335000000000008 -117.79499999999999 38.515000000000008 -122.35499999999998 1.0411779658482612 -122.26499999999999 -117.85499999999998 37.955000000000005 33.605000000000011 -121.56499999999998 37.725000000000001 38.735000000000007 34.525000000000013 -119.94499999999998 -118.23499999999999 37.595000000000006 -119.34499999999998 -117.145 -116.53499999999998 34.025000000000013 -118.38499999999998 38.155000000000008 -117.145 34.655000000000008
decision_type= 2 2 2 2 2 2 2 2 2 2 2 2 2 2 2 2 2 2 2 2 2 2 2 2 2 2 2 2 2 2 2
left_child=1 5 6 4 13 9 -3 8 26 10 -1 -8 18 14 -2 24 17 -9 -4 21 22 23 -21 -14 -15 -23 27 -7 -5 30 -12
right_child=3 2 12 28 -6 7 11 16 -10 -11 29 -13 19 15 -16 -17 -18 -19 -20 20 -22 25 -24 -25 -26 -27 -28 -29 -30 -31 -32
leaf_value= 0.036942962954752148 0.039498297965740059 0.0059462161240859714 0.023792434563019729 0.048569625557465308 0.0058685905853501311 0.093745564917723345 0.014452088272348507 0.008720299264004085 -0.026595359017797016 -0.024472602151062735 0.011336772265144617 0.045262749447765482 0.097001997381448754 0.05049488398869037 -0.0016372594486613078 -0.024574607387536543 -0.033083374401617544 -0.023687732551864557 -0.036073069718229225 0.013280174933450288 -0.051767030459177125 -0.0063349865888881743 -0.018098023851920018 0.014458195350406206 -0.018986654503863644 -0.069069050695445097 0.0019658215990569368 -0.016843374023614355 -0.029810604789172825 -0.025194917401586282 -0.012107917686341126
leaf_weight=150 977 661 372 1017 910 18 405 217 860 469 743 462 25 92 130 106 1314 726 49 465 253 1697 782 575 44 37 949 1011 23 256 717
leaf_count=150 977 661 372 1017 910 18 405 217 860 469 743 462 25 92 130 106 1314 726 49 465 253 1697 782 575 44 37 949 1011 23 256 717
model_size=3504
internal_value=0 -0.00708638 0.00244444 0.028382 0.0198861 -0.0145045 0.0200883 -0.0186701 -0.0128075 -0.0054151 -0.000625193 0.0308702 -0.0038916 0.0293419 0.0346676 0.0049802 -0.0260419 -0.0162301 0.0168247 -0.00616639 -0.0140496 -0.00110005 -0.00639725 0.0178975 0.0280156 -0.0076736 -0.00681277 -0.0149089 0.0468362 -0.00390912 -0.000176819
internal_weight=0 13213 5783 3299 2259 7430 1528 5095 2838 2335 1866 867 4255 1349 1107 242 2257 943 421 3834 1500 2334 1247 600 136 1734 1978 1029 1040 1716 1460
internal_count=16512 13213 5783 3299 2259 7430 1528 5095 2838 2335 1866 867 4255 1349 1107 242 2257 943 421 3834 1500 2334 1247 600 136 1734 1978 1029 1040 1716 1460
is_linear=0
shrinkage=0.1


Tree=16
num_leaves= 26
num_cat= 0
full_tree_array_lgbids= 0 1 2 3 18 11 -4 4 13 20 19 -2 12 -2147483648 -2147483648 5 9 -5 -15 22 -22 21 -21 -2147483648 -2147483648 15 -14 -2147483648 -2147483648 -2147483648 -2147483648 14 6 10 -11 -2147483648 -2147483648 -2147483648 -2147483648 -3 24 -2147483648 -2147483648 -20 -23 -2147483648 -2147483648 -2147483648 -2147483648 -2147483648 -2147483648 -13 16 -2147483648 -2147483648 -2147483648 -2147483648 -2147483648 -2147483648 -2147483648 -2147483648 -2147483648 -2147483648 -1 -16 8 7 23 -12 -2147483648 -2147483648 -2147483648 -2147483648 -2147483648 -2147483648 -2147483648 -2147483648 -2147483648 -2147483648 -2147483648 -2147483648 -24 -26 -2147483648 -2147483648 -2147483648 -2147483648 -2147483648 -2147483648 -2147483648 -2147483648 -2147483648 -2147483648 -2147483648 -2147483648 -2147483648 -2147483648 -2147483648 -2147483648 -2147483648 -2147483648 -2147483648 -2147483648 -2147483648 -2147483648 17 -18 -2147483648 -2147483648 -2147483648 -2147483648 -2147483648 -2147483648 -2147483648 -2147483648 -2147483648 -2147483648 -2147483648 -2147483648 -2147483648 -2147483648 -2147483648 -2147483648 -2147483648 -2147483648 -2147483648 -2147483648 -2147483648 -2147483648 -2147483648 -2147483648 -7 -10 -8 -9 -6 -25 -2147483648 -2147483648 -2147483648 -2147483648 -2147483648 -2147483648 -2147483648 -2147483648 -2147483648 -2147483648 -2147483648 -2147483648 -2147483648 -2147483648 -2147483648 -2147483648 -2147483648 -2147483648 -2147483648 -2147483648 -2147483648 -2147483648 -2147483648 -2147483648 -2147483648 -2147483648 -2147483648 -2147483648 -2147483648 -2147483648 -2147483648 -2147483648 -2147483648 -2147483648 -2147483648 -2147483648 -2147483648 -2147483648 -2147483648 -2147483648 -2147483648 -2147483648 -2147483648 -2147483648 -2147483648 -2147483648 -2147483648 -2147483648 -2147483648 -2147483648 -2147483648 -2147483648 -2147483648 -2147483648 -2147483648 -2147483648 -2147483648 -2147483648 -2147483648 -2147483648 -2147483648 -2147483648 -2147483648 -2147483648 -2147483648 -2147483648 -2147483648 -2147483648 -2147483648 -2147483648 -2147483648 -2147483648 -2147483648 -2147483648 -17 -19 -2147483648 -2147483648 -2147483648 -2147483648 -2147483648 -2147483648 -2147483648 -2147483648 -2147483648 -2147483648 -2147483648 -2147483648 -2147483648 -2147483648 -2147483648 -2147483648 -2147483648 -2147483648 -2147483648 -2147483648 -2147483648 -2147483648 -2147483648 -2147483648 -2147483648 -2147483648 -2147483648 -2147483648 -2147483648 -2147483648 -2147483648 -2147483648 -2147483648 -2147483648 -2147483648 -2147483648 -2147483648 -2147483648 -2147483648 -2147483648 -2147483648 -2147483648
split_feature= 1 6 1 7 8 8 7 8 8 7 8 6 2 7 7 8 7 8 7 8 8 7 5 2 6
split_gain= 258.614 52.167 47.0618 42.7807 37.2008 23.3683 41.2877 69.0386 25.0576 21.6766 20.1129 19.8696 7.89256 3.67622 2.77619 2.27306 4.81079 6.19816 2.17302 16.772 9.49472 8.62382 7.7682 1.10576 0.155227
threshold= 4.6271500000000012 2.8024658054711251 6.8672000000000013 37.945000000000007 -117.77499999999999 -122.41499999999998 34.595000000000006 -120.47499999999998 -118.36499999999999 33.565000000000005 -117.23499999999999 2.3578464509898605 49.500000000000007 39.355000000000011 37.765000000000008 -122.24499999999999 37.465000000000011 -117.93499999999999 34.885000000000012 -120.62499999999999 -117.50499999999998 37.895000000000003 139.50000000000003 20.500000000000004 4.0313335151349889
decision_type= 2 2 2 2 2 2 2 2 2 2 2 2 2 2 2 2 2 2 2 2 2 2 2 2 2
left_child=1 3 11 4 5 14 8 -8 -7 10 23 -2 15 -5 -1 -13 17 -17 20 21 22 -20 -3 -6 -24
right_child=2 18 -4 13 9 6 7 -9 -10 -11 -12 12 -14 -15 -16 16 -18 -19 19 -21 -22 -23 24 -25 -26
leaf_value= 0.018239977654884571 0.038512894579309571 0.10568028837442399 0.042152595251896297 -0.010546310785882706 0.0071106639883384629 0.04332970779519809 0.0095730675662749499 -0.041743860147077996 0.010412987494500462 -0.036035574403304481 -0.011287360906535001 0.033807083712269537 0.056744389580230092 -0.034551032765948279 0.071483158156034551 0.017475197724713024 -0.01082421354700013 -0.0030900738754509995 -0.0035212849276927659 -0.038925714145408019 -0.025071185715473177 -0.02680034685931906 -0.0024667342538962876 0.073885486508982301 -0.018128644056253931
leaf_weight=100 502 17 1040 1190 58 531 1087 442 1097 430 466 238 98 404 139 1440 490 701 899 715 897 764 1876 78 813
leaf_count=100 502 17 1040 1190 58 531 1087 442 1097 430 466 238 98 404 139 1440 490 701 899 715 897 764 1876 78 813
model_size=2832
internal_value=0 -0.00787082 0.0209522 -0.000488547 0.0053222 0.0112327 0.00835802 -0.00526152 0.0211493 -0.0141276 0.00152089 0.0145964 0.0105498 -0.0166303 0.0492057 0.00897189 0.00672531 0.0107418 -0.0153037 -0.0216455 -0.0111181 -0.0142159 -0.00649284 0.045408 -0.007202
internal_weight=0 12003 4509 6022 4428 3396 3157 1529 1628 1032 602 3469 2967 1594 239 2869 2631 2141 5981 2378 3603 1663 2706 136 2689
internal_count=16512 12003 4509 6022 4428 3396 3157 1529 1628 1032 602 3469 2967 1594 239 2869 2631 2141 5981 2378 3603 1663 2706 136 2689
is_linear=0
shrinkage=0.1


Tree=17
num_leaves= 16
num_cat= 0
full_tree_array_lgbids= 0 1 8 3 2 11 -10 4 13 10 9 -2 -13 -2147483648 -2147483648 5 -6 14 -15 -3 -12 12 -11 -2147483648 -2147483648 -2147483648 -2147483648 -2147483648 -2147483648 -2147483648 -2147483648 -1 6 -2147483648 -2147483648 -5 -16 -2147483648 -2147483648 -2147483648 -2147483648 -2147483648 -2147483648 -4 -14 -2147483648 -2147483648 -2147483648 -2147483648 -2147483648 -2147483648 -2147483648 -2147483648 -2147483648 -2147483648 -2147483648 -2147483648 -2147483648 -2147483648 -2147483648 -2147483648 -2147483648 -2147483648 -2147483648 -2147483648 7 -8 -2147483648 -2147483648 -2147483648 -2147483648 -2147483648 -2147483648 -2147483648 -2147483648 -2147483648 -2147483648 -2147483648 -2147483648 -2147483648 -2147483648 -2147483648 -2147483648 -2147483648 -2147483648 -2147483648 -2147483648 -2147483648 -2147483648 -2147483648 -2147483648 -2147483648 -2147483648 -2147483648 -2147483648 -2147483648 -2147483648 -2147483648 -2147483648 -2147483648 -2147483648 -2147483648 -2147483648 -2147483648 -2147483648 -2147483648 -2147483648 -2147483648 -2147483648 -2147483648 -2147483648 -2147483648 -2147483648 -2147483648 -2147483648 -2147483648 -2147483648 -2147483648 -2147483648 -2147483648 -2147483648 -2147483648 -2147483648 -2147483648 -2147483648 -2147483648 -2147483648 -2147483648 -2147483648 -2147483648 -2147483648 -7 -9 -2147483648 -2147483648 -2147483648 -2147483648 -2147483648 -2147483648 -2147483648 -2147483648 -2147483648 -2147483648 -2147483648 -2147483648 -2147483648 -2147483648 -2147483648 -2147483648 -2147483648 -2147483648 -2147483648 -2147483648 -2147483648 -2147483648 -2147483648 -2147483648 -2147483648 -2147483648 -2147483648 -2147483648 -2147483648 -2147483648 -2147483648 -2147483648 -2147483648 -2147483648 -2147483648 -2147483648 -2147483648 -2147483648 -2147483648 -2147483648 -2147483648 -2147483648 -2147483648 -2147483648 -2147483648 -2147483648 -2147483648 -2147483648 -2147483648 -2147483648 -2147483648 -2147483648 -2147483648 -2147483648 -2147483648 -2147483648 -2147483648 -2147483648 -2147483648 -2147483648 -2147483648 -2147483648 -2147483648 -2147483648 -2147483648 -2147483648 -2147483648 -2147483648 -2147483648 -2147483648 -2147483648 -2147483648 -2147483648 -2147483648 -2147483648 -2147483648 -2147483648 -2147483648 -2147483648 -2147483648 -2147483648 -2147483648 -2147483648 -2147483648 -2147483648 -2147483648 -2147483648 -2147483648 -2147483648 -2147483648 -2147483648 -2147483648 -2147483648 -2147483648 -2147483648 -2147483648 -2147483648 -2147483648 -2147483648 -2147483648 -2147483648 -2147483648 -2147483648 -2147483648 -2147483648 -2147483648 -2147483648 -2147483648 -2147483648 -2147483648 -2147483648 -2147483648 -2147483648 -2147483648 -2147483648 -2147483648 -2147483648 -2147483648 -2147483648 -2147483648 -2147483648 -2147483648
split_feature= 1 1 6 6 7 8 7 8 6 6 2 4 4 7 8
split_gain= 213.123 68.2827 28.0106 14.7572 12.8149 22.6786 19.6173 29.9302 12.2467 6.39871 5.17799 5.09063 0.732317 0.576182 3.98011
threshold= 5.6042500000000013 3.6530500000000008 2.3055777777777782 2.6067607057324289 37.805000000000007 -121.87499999999999 35.335000000000008 -118.27499999999999 3.1424162072895592 3.1262267671728927 16.500000000000004 1.0003353454057682 0.96895480831013081 34.715000000000011 -117.675
decision_type= 2 2 2 2 2 2 2 2 2 2 2 2 2 2 2
left_child=1 3 10 4 5 -1 7 -7 11 12 -3 -2 -4 14 -5
right_child=8 2 9 13 -6 6 -8 -9 -10 -11 -12 -13 -14 -15 -16
leaf_value= 0.029733452422446922 0.019689234356716094 -0.0020933180655303757 -0.012122345123436545 -0.0058906569313379384 -0.016166569984856237 0.025421707316419764 -0.032429643277010305 -0.010060829719241694 0.011074830860687005 -0.0086090957727039796 0.032411860351617049 0.041895637577354691 0.0084818543065536076 -0.02124091993034477 -0.023101415995293216
leaf_weight=411 573 209 401 2152 1127 552 326 948 641 1498 700 1192 2568 2368 846
leaf_count=411 573 209 401 2152 1127 552 326 948 641 1498 700 1192 2568 2368 846
model_size=1712
internal_value=0 -0.00484336 0.00488741 -0.0108356 -0.00358984 0.00274631 -0.00332801 0.00299674 0.0283959 0.000900809 0.0244783 0.0346864 0.005699 -0.0153781 -0.0107473
internal_weight=0 14106 5376 8730 3364 2237 1826 1500 2406 4467 909 1765 2969 5366 2998
internal_count=16512 14106 5376 8730 3364 2237 1826 1500 2406 4467 909 1765 2969 5366 2998
is_linear=0
shrinkage=0.1


Tree=18
num_leaves= 19
num_cat= 0
full_tree_array_lgbids= 0 3 1 4 -5 2 6 5 -6 -2147483648 -2147483648 12 7 13 -8 -1 8 -2147483648 -2147483648 -2147483648 -2147483648 -2147483648 -2147483648 -2 -14 14 15 -3 -15 -2147483648 -2147483648 -2147483648 -2147483648 9 -10 -2147483648 -2147483648 -2147483648 -2147483648 -2147483648 -2147483648 -2147483648 -2147483648 -2147483648 -2147483648 -2147483648 -2147483648 -2147483648 -2147483648 -2147483648 -2147483648 -4 -16 16 -17 -2147483648 -2147483648 -2147483648 -2147483648 -2147483648 -2147483648 -2147483648 -2147483648 -2147483648 -2147483648 -2147483648 -2147483648 10 11 -2147483648 -2147483648 -2147483648 -2147483648 -2147483648 -2147483648 -2147483648 -2147483648 -2147483648 -2147483648 -2147483648 -2147483648 -2147483648 -2147483648 -2147483648 -2147483648 -2147483648 -2147483648 -2147483648 -2147483648 -2147483648 -2147483648 -2147483648 -2147483648 -2147483648 -2147483648 -2147483648 -2147483648 -2147483648 -2147483648 -2147483648 -2147483648 -2147483648 -2147483648 -2147483648 -2147483648 -2147483648 -2147483648 17 -18 -2147483648 -2147483648 -2147483648 -2147483648 -2147483648 -2147483648 -2147483648 -2147483648 -2147483648 -2147483648 -2147483648 -2147483648 -2147483648 -2147483648 -2147483648 -2147483648 -2147483648 -2147483648 -2147483648 -2147483648 -2147483648 -2147483648 -2147483648 -2147483648 -2147483648 -2147483648 -7 -12 -11 -13 -2147483648 -2147483648 -2147483648 -2147483648 -2147483648 -2147483648 -2147483648 -2147483648 -2147483648 -2147483648 -2147483648 -2147483648 -2147483648 -2147483648 -2147483648 -2147483648 -2147483648 -2147483648 -2147483648 -2147483648 -2147483648 -2147483648 -2147483648 -2147483648 -2147483648 -2147483648 -2147483648 -2147483648 -2147483648 -2147483648 -2147483648 -2147483648 -2147483648 -2147483648 -2147483648 -2147483648 -2147483648 -2147483648 -2147483648 -2147483648 -2147483648 -2147483648 -2147483648 -2147483648 -2147483648 -2147483648 -2147483648 -2147483648 -2147483648 -2147483648 -2147483648 -2147483648 -2147483648 -2147483648 -2147483648 -2147483648 -2147483648 -2147483648 -2147483648 -2147483648 -2147483648 -2147483648 -2147483648 -2147483648 -2147483648 -2147483648 -2147483648 -2147483648 -2147483648 -2147483648 -2147483648 -2147483648 -2147483648 -2147483648 -2147483648 -2147483648 -9 -19 -2147483648 -2147483648 -2147483648 -2147483648 -2147483648 -2147483648 -2147483648 -2147483648 -2147483648 -2147483648 -2147483648 -2147483648 -2147483648 -2147483648 -2147483648 -2147483648 -2147483648 -2147483648 -2147483648 -2147483648 -2147483648 -2147483648 -2147483648 -2147483648 -2147483648 -2147483648 -2147483648 -2147483648 -2147483648 -2147483648 -2147483648 -2147483648 -2147483648 -2147483648 -2147483648 -2147483648 -2147483648 -2147483648
split_feature= 1 1 6 6 7 8 2 8 8 7 8 8 2 1 7 7 8 7
split_gain= 171.498 53.8591 19.2064 16.1589 16.1725 16.9888 8.51213 4.51454 3.9627 16.8846 51.9883 5.65303 2.53965 1.46354 1.26916 1.03874 3.2242 9.27011
threshold= 3.9221500000000007 5.8308000000000009 2.3055777777777782 2.8024658054711251 38.475000000000001 -122.35499999999998 29.500000000000004 -122.19499999999998 -117.13499999999998 34.175000000000004 -118.37499999999999 -121.52499999999999 16.500000000000004 9.1688500000000008 37.615000000000002 37.615000000000002 -118.22499999999998 34.165000000000006
decision_type= 2 2 2 2 2 2 2 2 2 2 2 2 2 2 2 2 2 2
left_child=3 2 12 4 5 -1 13 14 9 10 -7 -11 -2 -3 -4 16 17 -9
right_child=1 6 7 -5 -6 8 -8 15 -10 11 -12 -13 -14 -15 -16 -17 -18 -19
leaf_value= 0.031142344458584756 -0.00065615885447891016 0.015881554552448079 0.0631368841220801 -0.014423817629827274 -0.019075131274750169 0.069468543599105453 0.041445751101422311 0.036684152847319317 -0.021270889613861373 0.0039343607609120422 0.0035833789190462769 -0.017531021783352384 0.033869415116774541 0.049547712579936704 0.013255813936342356 -0.014564503634539492 -0.0042981070333838597 0.0043165014101293744
leaf_weight=309 186 1177 74 4874 970 174 761 285 427 760 1225 989 565 156 381 605 1556 1038
leaf_count=309 186 1177 74 4874 970 174 761 285 427 760 1225 989 565 156 381 605 1556 1038
model_size=2048
internal_value=0 0.0126968 0.00600702 -0.00885435 -0.00326194 0.000687285 0.0276802 0.00232514 -0.00194505 0.000676334 0.0117778 -0.00820358 0.0253185 0.0198215 0.0213683 -0.000161845 0.00286476 0.0112891
internal_weight=0 6784 4690 9728 4854 3884 2094 3939 3575 3148 1399 1749 751 1333 455 3484 2879 1323
internal_count=16512 6784 4690 9728 4854 3884 2094 3939 3575 3148 1399 1749 751 1333 455 3484 2879 1323
is_linear=0
shrinkage=0.1


Tree=19
num_leaves= 17
num_cat= 0
full_tree_array_lgbids= 0 3 1 4 -5 2 5 6 -6 -2147483648 -2147483648 14 11 -3 15 -1 7 -2147483648 -2147483648 -2147483648 -2147483648 -2147483648 -2147483648 -2 -16 -4 12 -2147483648 -2147483648 -7 -17 -2147483648 -2147483648 8 9 -2147483648 -2147483648 -2147483648 -2147483648 -2147483648 -2147483648 -2147483648 -2147483648 -2147483648 -2147483648 -2147483648 -2147483648 -2147483648 -2147483648 -2147483648 -2147483648 -2147483648 -2147483648 13 -14 -2147483648 -2147483648 -2147483648 -2147483648 -2147483648 -2147483648 -2147483648 -2147483648 -2147483648 -2147483648 -2147483648 -2147483648 -8 -10 10 -11 -2147483648 -2147483648 -2147483648 -2147483648 -2147483648 -2147483648 -2147483648 -2147483648 -2147483648 -2147483648 -2147483648 -2147483648 -2147483648 -2147483648 -2147483648 -2147483648 -2147483648 -2147483648 -2147483648 -2147483648 -2147483648 -2147483648 -2147483648 -2147483648 -2147483648 -2147483648 -2147483648 -2147483648 -2147483648 -2147483648 -2147483648 -2147483648 -2147483648 -2147483648 -2147483648 -2147483648 -13 -15 -2147483648 -2147483648 -2147483648 -2147483648 -2147483648 -2147483648 -2147483648 -2147483648 -2147483648 -2147483648 -2147483648 -2147483648 -2147483648 -2147483648 -2147483648 -2147483648 -2147483648 -2147483648 -2147483648 -2147483648 -2147483648 -2147483648 -2147483648 -2147483648 -2147483648 -2147483648 -2147483648 -2147483648 -2147483648 -2147483648 -9 -12 -2147483648 -2147483648 -2147483648 -2147483648 -2147483648 -2147483648 -2147483648 -2147483648 -2147483648 -2147483648 -2147483648 -2147483648 -2147483648 -2147483648 -2147483648 -2147483648 -2147483648 -2147483648 -2147483648 -2147483648 -2147483648 -2147483648 -2147483648 -2147483648 -2147483648 -2147483648 -2147483648 -2147483648 -2147483648 -2147483648 -2147483648 -2147483648 -2147483648 -2147483648 -2147483648 -2147483648 -2147483648 -2147483648 -2147483648 -2147483648 -2147483648 -2147483648 -2147483648 -2147483648 -2147483648 -2147483648 -2147483648 -2147483648 -2147483648 -2147483648 -2147483648 -2147483648 -2147483648 -2147483648 -2147483648 -2147483648 -2147483648 -2147483648 -2147483648 -2147483648 -2147483648 -2147483648 -2147483648 -2147483648 -2147483648 -2147483648 -2147483648 -2147483648 -2147483648 -2147483648 -2147483648 -2147483648 -2147483648 -2147483648 -2147483648 -2147483648 -2147483648 -2147483648 -2147483648 -2147483648 -2147483648 -2147483648 -2147483648 -2147483648 -2147483648 -2147483648 -2147483648 -2147483648 -2147483648 -2147483648 -2147483648 -2147483648 -2147483648 -2147483648 -2147483648 -2147483648 -2147483648 -2147483648 -2147483648 -2147483648 -2147483648 -2147483648 -2147483648 -2147483648 -2147483648 -2147483648 -2147483648 -2147483648 -2147483648 -2147483648 -2147483648 -2147483648 -2147483648 -2147483648
split_feature= 1 1 6 6 7 2 8 7 8 8 7 8 7 6 2 5
split_gain= 136.663 42.7714 12.9062 10.3232 13.1453 4.27417 3.32199 2.61422 23.2811 7.34753 18.1308 1.69684 0.991093 2.08179 0.94136 0.591473
threshold= 3.8346500000000003 5.8308000000000009 2.2634687595142249 2.8941056667066012 39.355000000000011 26.500000000000004 -122.35499999999998 35.335000000000008 -118.21499999999999 -121.60499999999998 37.595000000000006 -122.24499999999999 37.615000000000002 3.1970287353604139 16.500000000000004 170.50000000000003
decision_type= 2 2 2 2 2 2 2 2 2 2 2 2 2 2 2 2
left_child=3 2 14 4 6 -3 -1 8 -8 10 -9 -4 13 -13 -2 -7
right_child=1 5 11 -5 -6 15 7 9 -10 -11 -12 12 -14 -15 -16 -17
leaf_value= 0.018002115252937143 -0.0025635471790811126 0.016931766014018707 0.019807146491766695 -0.013854421437575606 -0.027763141529270494 -0.034442496954880913 0.018584848981744281 0.031333550688389694 -0.0076292104242715987 -0.018805020869164062 -0.01123284909798147 0.0080206821400503059 -0.013287614748176342 -0.0076424112079951636 0.031745171942748132 0.038445667004074861
leaf_weight=426 171 1219 461 4296 431 29 892 263 1414 1171 561 2124 699 975 534 846
leaf_count=426 171 1219 461 4296 431 29 892 263 1414 1171 561 2124 699 975 534 846
model_size=1824
internal_value=0 0.0110665 0.00522586 -0.00826182 -0.00360384 0.0249121 -0.00140104 -0.00332286 0.00251083 -0.010066 0.00235327 0.00221358 7.80767e-05 0.0030928 0.0234235 0.0360299
internal_weight=0 7058 4964 9454 5158 2094 4727 4301 2306 1995 824 4259 3798 3099 705 875
internal_count=16512 7058 4964 9454 5158 2094 4727 4301 2306 1995 824 4259 3798 3099 705 875
is_linear=0
shrinkage=0.1


Tree=20
num_leaves= 18
num_cat= 0
full_tree_array_lgbids= 0 2 1 -1 3 4 -3 -2147483648 -2147483648 6 7 5 -6 -2147483648 -2147483648 -2147483648 -2147483648 -2147483648 -2147483648 -4 -8 8 9 -2 14 -2147483648 -2147483648 -2147483648 -2147483648 -2147483648 -2147483648 -2147483648 -2147483648 -2147483648 -2147483648 -2147483648 -2147483648 -2147483648 -2147483648 -2147483648 -2147483648 -2147483648 -2147483648 -5 -10 12 10 -2147483648 -2147483648 -7 15 -2147483648 -2147483648 -2147483648 -2147483648 -2147483648 -2147483648 -2147483648 -2147483648 -2147483648 -2147483648 -2147483648 -2147483648 -2147483648 -2147483648 -2147483648 -2147483648 -2147483648 -2147483648 -2147483648 -2147483648 -2147483648 -2147483648 -2147483648 -2147483648 -2147483648 -2147483648 -2147483648 -2147483648 -2147483648 -2147483648 -2147483648 -2147483648 -2147483648 -2147483648 -2147483648 -2147483648 -2147483648 -2147483648 -2147483648 -2147483648 13 -14 11 -12 -2147483648 -2147483648 -2147483648 -2147483648 -2147483648 -2147483648 16 -17 -2147483648 -2147483648 -2147483648 -2147483648 -2147483648 -2147483648 -2147483648 -2147483648 -2147483648 -2147483648 -2147483648 -2147483648 -2147483648 -2147483648 -2147483648 -2147483648 -2147483648 -2147483648 -2147483648 -2147483648 -2147483648 -2147483648 -2147483648 -2147483648 -2147483648 -2147483648 -2147483648 -2147483648 -2147483648 -2147483648 -2147483648 -2147483648 -2147483648 -2147483648 -2147483648 -2147483648 -2147483648 -2147483648 -2147483648 -2147483648 -2147483648 -2147483648 -2147483648 -2147483648 -2147483648 -2147483648 -2147483648 -2147483648 -2147483648 -2147483648 -2147483648 -2147483648 -2147483648 -2147483648 -2147483648 -2147483648 -2147483648 -2147483648 -2147483648 -2147483648 -2147483648 -2147483648 -2147483648 -2147483648 -2147483648 -2147483648 -2147483648 -2147483648 -2147483648 -2147483648 -2147483648 -2147483648 -2147483648 -2147483648 -2147483648 -2147483648 -2147483648 -2147483648 -2147483648 -2147483648 -9 -15 -2147483648 -2147483648 -11 -13 -2147483648 -2147483648 -2147483648 -2147483648 -2147483648 -2147483648 -2147483648 -2147483648 -2147483648 -2147483648 -2147483648 -2147483648 -2147483648 -2147483648 -16 -18 -2147483648 -2147483648 -2147483648 -2147483648 -2147483648 -2147483648 -2147483648 -2147483648 -2147483648 -2147483648 -2147483648 -2147483648 -2147483648 -2147483648 -2147483648 -2147483648 -2147483648 -2147483648 -2147483648 -2147483648 -2147483648 -2147483648 -2147483648 -2147483648 -2147483648 -2147483648 -2147483648 -2147483648 -2147483648 -2147483648 -2147483648 -2147483648 -2147483648 -2147483648 -2147483648 -2147483648 -2147483648 -2147483648 -2147483648 -2147483648 -2147483648 -2147483648 -2147483648 -2147483648 -2147483648 -2147483648 -2147483648 -2147483648 -2147483648 -2147483648
split_feature= 1 1 1 6 6 4 2 8 7 7 8 7 8 3 2 8 7
split_gain= 109.928 22.6264 15.3298 11.4817 8.93053 9.78536 3.7839 2.20978 7.96733 2.99283 14.7154 16.2377 12.4709 4.05314 1.45385 1.96043 2.96412
threshold= 4.405050000000001 7.7055000000000016 2.2210000000000005 2.0231950334409352 3.1424162072895592 0.96771928234867721 28.500000000000004 -122.38499999999998 38.32500000000001 34.655000000000008 -119.94499999999998 37.595000000000006 -118.29499999999999 5.4549101278228429 11.500000000000002 -117.16499999999998 37.615000000000002
decision_type= 2 2 2 2 2 2 2 2 2 2 2 2 2 2 2 2 2
left_child=2 4 -1 6 5 -2 -4 8 -5 12 11 -11 13 -9 -7 16 -16
right_child=1 -3 3 7 -6 14 -8 9 -10 10 -12 -13 -14 -15 15 -17 -18
leaf_value= -0.014804398084828722 -0.0079102889097119738 0.034913326830306929 -0.00061045599287069038 0.028593628622959562 -0.0022843329030992178 -0.002653575296037246 0.027855775845418641 0.0076736989838034385 -0.0090840576535168426 0.0094631990146653577 -0.031913300883664224 -0.014472941774303364 -0.0063461766154402164 0.049900352271633745 0.027056763127171313 -0.020938534926502939 0.0074991404828724743
leaf_weight=2781 434 670 466 334 1196 344 436 820 300 774 585 1744 3053 119 1745 93 618
leaf_count=2781 434 670 466 334 1196 344 436 820 300 774 585 1744 3053 119 1745 93 618
model_size=1936
internal_value=0 0.0129834 -0.00580224 -0.00290165 0.00966665 0.0140864 0.0131493 -0.00477485 0.0107651 -0.00616348 -0.0117904 -0.00711529 -0.00178965 0.0130251 0.0174959 0.0203181 0.0219418
internal_weight=0 5100 11412 8631 4430 3234 902 7729 634 7095 3103 2518 3992 939 2800 2456 2363
internal_count=16512 5100 11412 8631 4430 3234 902 7729 634 7095 3103 2518 3992 939 2800 2456 2363
is_linear=0
shrinkage=0.1


Tree=21
num_leaves= 18
num_cat= 0
full_tree_array_lgbids= 0 1 9 2 -3 10 -11 3 -4 -2147483648 -2147483648 11 -12 -2147483648 -2147483648 4 5 -2147483648 -2147483648 -2147483648 -2147483648 -2147483648 -2147483648 15 12 -2147483648 -2147483648 -2147483648 -2147483648 -2147483648 -2147483648 -1 6 8 -7 -2147483648 -2147483648 -2147483648 -2147483648 -2147483648 -2147483648 -2147483648 -2147483648 -2147483648 -2147483648 -2147483648 -2147483648 -2 16 14 13 -2147483648 -2147483648 -2147483648 -2147483648 -2147483648 -2147483648 -2147483648 -2147483648 -2147483648 -2147483648 -2147483648 -2147483648 -2147483648 -2147483648 -6 7 -5 -10 -2147483648 -2147483648 -2147483648 -2147483648 -2147483648 -2147483648 -2147483648 -2147483648 -2147483648 -2147483648 -2147483648 -2147483648 -2147483648 -2147483648 -2147483648 -2147483648 -2147483648 -2147483648 -2147483648 -2147483648 -2147483648 -2147483648 -2147483648 -2147483648 -2147483648 -2147483648 -2147483648 -2147483648 -17 -18 -13 -16 -14 -15 -2147483648 -2147483648 -2147483648 -2147483648 -2147483648 -2147483648 -2147483648 -2147483648 -2147483648 -2147483648 -2147483648 -2147483648 -2147483648 -2147483648 -2147483648 -2147483648 -2147483648 -2147483648 -2147483648 -2147483648 -2147483648 -2147483648 -2147483648 -2147483648 -2147483648 -2147483648 -2147483648 -2147483648 -2147483648 -2147483648 -8 -9 -2147483648 -2147483648 -2147483648 -2147483648 -2147483648 -2147483648 -2147483648 -2147483648 -2147483648 -2147483648 -2147483648 -2147483648 -2147483648 -2147483648 -2147483648 -2147483648 -2147483648 -2147483648 -2147483648 -2147483648 -2147483648 -2147483648 -2147483648 -2147483648 -2147483648 -2147483648 -2147483648 -2147483648 -2147483648 -2147483648 -2147483648 -2147483648 -2147483648 -2147483648 -2147483648 -2147483648 -2147483648 -2147483648 -2147483648 -2147483648 -2147483648 -2147483648 -2147483648 -2147483648 -2147483648 -2147483648 -2147483648 -2147483648 -2147483648 -2147483648 -2147483648 -2147483648 -2147483648 -2147483648 -2147483648 -2147483648 -2147483648 -2147483648 -2147483648 -2147483648 -2147483648 -2147483648 -2147483648 -2147483648 -2147483648 -2147483648 -2147483648 -2147483648 -2147483648 -2147483648 -2147483648 -2147483648 -2147483648 -2147483648 -2147483648 -2147483648 -2147483648 -2147483648 -2147483648 -2147483648 -2147483648 -2147483648 -2147483648 -2147483648 -2147483648 -2147483648 -2147483648 -2147483648 -2147483648 -2147483648 -2147483648 -2147483648 -2147483648 -2147483648 -2147483648 -2147483648 -2147483648 -2147483648 -2147483648 -2147483648 -2147483648 -2147483648 -2147483648 -2147483648 -2147483648 -2147483648 -2147483648 -2147483648 -2147483648 -2147483648 -2147483648 -2147483648 -2147483648 -2147483648 -2147483648 -2147483648 -2147483648 -2147483648 -2147483648 -2147483648
split_feature= 1 6 7 8 7 7 8 7 8 4 1 8 7 8 8 7 8
split_gain= 89.9033 21.8404 19.6612 22.4053 22.2079 18.4329 12.6491 21.1312 12.1958 4.96954 7.16593 2.93684 2.69125 30.4741 5.34194 2.16715 2.09718
threshold= 5.3736000000000006 2.9137341371666818 37.895000000000003 -117.77499999999999 33.625000000000007 33.565000000000005 -122.29499999999999 34.595000000000006 -117.16499999999998 1.0671403331650682 9.1688500000000008 -122.02499999999999 34.655000000000008 -119.94499999999998 -118.02499999999999 37.595000000000006 -122.40499999999999
decision_type= 2 2 2 2 2 2 2 2 2 2 2 2 2 2 2 2 2
left_child=1 2 3 4 -1 8 -6 -8 -5 10 11 15 14 -14 -13 -2 -17
right_child=9 -3 -4 5 6 -7 7 -9 -10 -11 -12 12 13 -15 -16 16 -18
leaf_value= 0.13032649639248847 0.054902233759678856 -0.0094399126353573622 -0.010226653514771956 0.026416286107858802 0.033546864821624722 -0.028694179276347282 0.014632831360080305 -0.0043885121855897439 -0.012422529699773912 0.032491661399086103 0.042642904496941365 0.024967797722499255 -0.0026804571428409971 -0.1210504961013794 -0.002235499990795517 0.046294935610434365 -0.0094450777229315164
leaf_weight=25 149 5999 2024 306 398 546 2201 1795 425 674 221 544 404 35 537 87 142
leaf_count=25 149 5999 2024 306 398 546 2201 1795 425 674 221 544 404 35 537 87 142
model_size=1936
internal_value=0 -0.00359011 0.000955614 0.00492909 0.00926438 -0.010073 0.00857559 0.00608846 0.00383558 0.0176343 0.0129086 0.00944638 0.00464628 -0.0121177 0.0114542 0.0287484 0.0117313
internal_weight=0 13719 7720 5696 4419 1277 4394 3996 731 2793 2119 1898 1520 439 1081 378 229
internal_count=16512 13719 7720 5696 4419 1277 4394 3996 731 2793 2119 1898 1520 439 1081 378 229
is_linear=0
shrinkage=0.1


end of trees

feature_importances:
Column_7=239
Column_8=237
Column_6=152
Column_1=140
Column_2=100
Column_3=31
Column_4=29
Column_5=22

parameters:
[boosting: gbdt]
[objective: regression]
[metric: rmse]
[tree_learner: serial]
[device_type: cpu]
[data_sample_strategy: bagging]
[data: data/california_housing.libsvm.train]
[valid: data/california_housing.libsvm.test]
[num_iterations: 200]
[learning_rate: 0.1]
[num_leaves: 255]
[num_threads: 0]
[seed: 42]
[deterministic: 0]
[force_col_wise: 0]
[force_row_wise: 0]
[histogram_pool_size: -1]
[max_depth: 7]
[min_data_in_leaf: 10]
[min_sum_hessian_in_leaf: 0.001]
[bagging_fraction: 1]
[pos_bagging_fraction: 1]
[neg_bagging_fraction: 1]
[bagging_freq: 0]
[bagging_seed: 400]
[feature_fraction: 1]
[feature_fraction_bynode: 1]
[feature_fraction_seed: 30056]
[extra_trees: 0]
[extra_seed: 12879]
[early_stopping_round: 0]
[early_stopping_min_delta: 0]
[first_metric_only: 0]
[max_delta_step: 0]
[lambda_l1: 0]
[lambda_l2: 0]
[linear_lambda: 0]
[min_gain_to_split: 0]
[drop_rate: 0.1]
[max_drop: 50]
[skip_drop: 0.5]
[xgboost_dart_mode: 0]
[uniform_drop: 0]
[drop_seed: 17869]
[top_rate: 0.2]
[other_rate: 0.1]
[min_data_per_group: 100]
[max_cat_threshold: 32]
[cat_l2: 10]
[cat_smooth: 10]
[max_cat_to_onehot: 4]
[top_k: 20]
[monotone_constraints: ]
[monotone_constraints_method: basic]
[monotone_penalty: 0]
[feature_contri: ]
[forcedsplits_filename: ]
[refit_decay_rate: 0.9]
[tinygbdt_penalty_feature: 0.5]
[tinygbdt_penalty_split: 0.0078125]
[tinygbdt_forestsize: 64000]
[tinygbdt_precision: 7]
[cegb_tradeoff: 1]
[cegb_penalty_split: 0]
[cegb_penalty_feature_lazy: ]
[cegb_penalty_feature_coupled: ]
[path_smooth: 0]
[interaction_constraints: ]
[verbosity: 2]
[saved_feature_importance_type: 0]
[use_quantized_grad: 0]
[num_grad_quant_bins: 4]
[quant_train_renew_leaf: 0]
[stochastic_rounding: 1]
[linear_tree: 0]
[max_bin: 255]
[max_bin_by_feature: ]
[min_data_in_bin: 3]
[bin_construct_sample_cnt: 200000]
[data_random_seed: 175]
[is_enable_sparse: 1]
[enable_bundle: 1]
[use_missing: 1]
[zero_as_missing: 0]
[feature_pre_filter: 1]
[pre_partition: 0]
[two_round: 0]
[header: 0]
[label_column: ]
[weight_column: ]
[group_column: ]
[ignore_column: ]
[categorical_feature: ]
[forcedbins_filename: ]
[precise_float_parser: 0]
[parser_config_file: ]
[objective_seed: 16083]
[num_class: 1]
[is_unbalance: 0]
[scale_pos_weight: 1]
[sigmoid: 1]
[boost_from_average: 1]
[reg_sqrt: 0]
[alpha: 0.9]
[fair_c: 1]
[poisson_max_delta_step: 0.7]
[tweedie_variance_power: 1.5]
[lambdarank_truncation_level: 30]
[lambdarank_norm: 1]
[label_gain: ]
[lambdarank_position_bias_regularization: 0]
[eval_at: ]
[multi_error_top_k: 1]
[auc_mu_weights: ]
[num_machines: 1]
[local_listen_port: 12400]
[time_out: 120]
[machine_list_filename: ]
[machines: ]
[gpu_platform_id: -1]
[gpu_device_id: -1]
[gpu_use_dp: 0]
[num_gpu: 1]

end of parameters
