tree
version=v4
num_class=1
num_tree_per_iteration=1
label_index=0
max_feature_idx=8
objective=regression
feature_names=Column_0 Column_1 Column_2 Column_3 Column_4 Column_5 Column_6 Column_7 Column_8
feature_infos=none [0.49990000000000001:15.0001] [1:52] [0.88888888888888884:141.90909090909091] [0.33333333333333331:25.63636363636364] [3:35682] [0.69230769230769229:1243.333333333333] [32.549999999999997:41.950000000000003] [-124.34999999999999:-114.31]
tree_sizes=10684 9711 8338 7659 7372 6967 6445 6164 5346 5539 5348 5417 4706 4938 4859 4311 4651 4502 4096 1056

Tree=0
num_leaves= 114
num_cat= 0
full_tree_array_lgbids= 0 1 2 5 3 4 10 9 11 6 7 16 13 20 33 15 14 35 21 37 8 19 17 44 18 39 29 76 64 34 46 45 53 27 52 49 58 54 31 70 38 12 36 22 25 24 51 79 67 95 23 71 74 63 60 99 80 90 103 82 112 -35 88 105 48 93 59 30 78 73 85 50 84 -37 66 68 102 32 42 92 109 77 55 28 26 57 100 41 40 47 72 43 65 98 62 -2 94 75 -69 -18 96 56 69 101 86 106 89 87 81 61 -62 111 -101 104 97 91 -92 -66 110 107 83 -36 -114 -2147483648 -2147483648 108 -90 -1 -107 -47 -50 -17 -95 -55 -61 -11 -32 -29 -80 -16 -75 -54 -87 -7 -52 -51 -86 -2147483648 -2147483648 -60 -68 -13 -70 -56 -104 -23 -34 -33 -44 -3 -94 -72 -111 -39 -79 -40 -57 -8 -30 -14 -28 -10 -59 -38 -102 -5 -43 -24 -42 -21 -49 -27 -74 -9 -45 -26 -67 -19 -100 -53 -64 -2147483648 -2147483648 -81 -96 -46 -77 -2147483648 -2147483648 -2147483648 -2147483648 -97 -98 -20 -58 -25 -71 -6 -103 -73 -88 -41 -108 -76 -91 -15 -89 -65 -83 -31 -63 -2147483648 -2147483648 -4 -113 -2147483648 -2147483648 -78 -106 -82 -99 -22 -93 -2147483648 -2147483648 -2147483648 -2147483648 -105 -112 -12 -109 -84 -85 -2147483648 -2147483648 -2147483648 -2147483648 -2147483648 -2147483648 -2147483648 -2147483648 -48 -110 -2147483648 -2147483648
split_feature= 1 1 1 6 6 3 2 1 7 1 1 1 6 1 6 3 2 6 6 2 2 6 3 1 2 8 8 8 1 2 7 7 8 1 2 7 7 1 2 6 7 6 8 7 1 4 5 7 7 8 6 8 6 6 7 5 7 8 7 7 6 2 8 1 7 8 7 7 2 4 3 2 6 8 2 6 4 8 8 5 6 6 4 8 8 8 7 4 2 6 4 8 8 4 2 7 8 8 7 5 7 5 8 8 2 8 8 5 1 8 2 8 7
split_gain= 6987.71 1685.19 1292.17 976.354 431.484 318.416 234.057 212.981 187.363 181.177 156.279 137.095 128.851 121.053 112.893 111.42 107.864 105.627 95.4893 85.5191 73.45 67.1181 66.6435 60.3366 58.687 54.0591 50.6259 49.447 44.7516 43.8276 39.6775 38.9533 43.1127 33.633 37.0174 33.5501 31.2625 31.1635 35.7027 30.7734 29.531 29.3911 28.9371 28.6084 28.4076 26.7755 25.7317 25.423 24.7217 24.3408 29.4862 23.9801 23.1291 22.3569 22.0049 20.473 19.5008 19.4999 18.3273 18.2026 18.0486 17.8872 17.4163 16.4367 16.2575 16.0434 15.0774 14.5983 13.4055 12.9552 12.3678 12.2756 12.2345 12.0861 11.9003 11.0295 9.41852 9.367 8.69699 7.12154 6.82172 6.4182 6.26373 6.51733 5.9835 5.3146 4.9328 4.90493 4.69242 4.57065 4.47987 6.49707 4.36071 4.25405 4.2386 3.98661 5.30432 3.58523 3.35832 3.01311 2.88428 2.84572 2.83829 1.97616 1.92871 1.90645 1.89943 1.67884 1.22861 1.03778 0.969848 0.942801 0.920716
threshold= 5.0387000000000013 3.0679500000000002 6.8672000000000013 2.3489548886254448 2.671038674349933 4.3101408005062494 24.500000000000004 4.0775500000000013 37.815000000000005 2.2210000000000005 7.852450000000001 2.4115000000000006 1.9628175980828908 5.7307500000000013 2.4907552973342448 3.449226804123712 19.500000000000004 2.9005380231986346 2.0653737590585881 43.500000000000007 26.500000000000004 2.2906328481453726 5.1186051221335997 5.8308000000000009 41.500000000000007 -122.40499999999999 -117.88499999999998 -118.26499999999999 3.4298000000000006 27.500000000000004 37.815000000000005 34.525000000000013 -117.77499999999999 8.7395500000000013 28.500000000000004 35.335000000000008 37.995000000000012 3.5330000000000008 18.500000000000004 2.9742256672023202 34.415000000000006 3.0817415934345274 -120.44499999999998 38.545000000000009 5.6402500000000009 1.0291350557942953 139.50000000000003 38.435000000000009 34.045000000000009 -117.35499999999998 2.254419630548663 -122.33499999999999 3.458170981799539 2.10671797776953 37.945000000000007 534.50000000000011 38.005000000000003 -122.425 36.835000000000008 35.335000000000008 3.458170981799539 40.500000000000007 -117.75499999999998 6.2770500000000009 37.645000000000003 -122.28499999999998 38.925000000000004 37.955000000000005 26.500000000000004 1.0435797675926601 4.5820434769673541 22.500000000000004 2.8079590171801518 -122.38499999999998 16.500000000000004 2.5219735498882589 1.0103851166134901 -118.26499999999999 -117.145 390.50000000000006 2.5163636904584812 3.0089663118548242 1.0003353454057682 -117.81499999999998 -116.40499999999999 -117.79499999999999 37.925000000000004 1.0110829055585981 20.500000000000004 3.3663541575396478 1.0139026949414627 -118.26499999999999 -117.23499999999999 1.1538900096482767 16.500000000000004 34.145000000000003 -122.25499999999998 -122.00499999999998 38.235000000000007 1162.5000000000002 38.635000000000012 1614.5000000000002 -122.35499999999998 -122.23499999999999 17.500000000000004 -121.76499999999999 -121.36499999999999 1203.5000000000002 9.1688500000000008 -121.81499999999998 35.500000000000007 -121.34499999999998 37.805000000000007
decision_type= 2 2 2 2 2 2 2 2 2 2 2 2 2 2 2 2 2 2 2 2 2 2 2 2 2 2 2 2 2 2 2 2 2 2 2 2 2 2 2 2 2 2 2 2 2 2 2 2 2 2 2 2 2 2 2 2 2 2 2 2 2 2 2 2 2 2 2 2 2 2 2 2 2 2 2 2 2 2 2 2 2 2 2 2 2 2 2 2 2 2 2 2 2 2 2 2 2 2 2 2 2 2 2 2 2 2 2 2 2 2 2 2 2
left_child=1 5 4 6 16 9 37 19 12 15 20 35 28 39 27 45 44 24 95 22 76 54 41 56 43 47 -14 30 -8 63 -11 32 -23 34 82 49 57 70 77 71 -24 -5 -33 -9 79 105 -35 -21 -47 50 -7 98 73 93 68 -40 -20 -10 -37 -55 61 -31 -53 87 90 -26 -60 75 -13 -25 92 101 -27 -16 106 -46 99 -39 -29 -2 104 -65 107 -84 -51 -54 -73 -15 108 -76 91 -22 -3 -17 -81 -18 -97 -82 -19 111 -38 -6 -56 -66 -78 -1 -41 -12 -48 -72 -105 -4 -36
right_child=2 3 10 7 13 11 8 17 36 14 33 21 26 29 52 53 18 51 23 25 64 31 40 69 65 72 -28 78 -30 60 -32 42 -34 46 112 58 100 38 55 74 -42 -43 -44 -45 67 48 88 -49 -50 84 -52 62 85 59 102 -57 -58 -59 66 -61 -62 -63 -64 81 103 -67 -68 -69 -70 -71 109 86 -74 -75 89 -77 80 -79 -80 94 97 -83 83 -85 -86 -87 -88 -89 -90 -91 -92 -93 -94 -95 -96 96 -98 -99 -100 -101 -102 -103 -104 110 -106 -107 -108 -109 -110 -111 -112 -113 -114
leaf_value= 2.0428115776403302 2.0322522439146704 2.0942646251487904 2.1970469771605763 2.0623490992633817 2.0788100563966578 2.0841138599801572 2.1965323452694219 2.0954689418246426 2.2142838774901663 2.1406373236940905 2.201214742644098 2.0345072442712553 2.1803908632616107 2.1096638881203256 2.1369577986748349 2.0163646038680656 2.3475029406369599 2.1269417179355425 2.1957668316364023 2.1654641714581091 2.3134738265400703 2.0423423215696768 2.0333915413355754 2.2374554972134808 2.2091709412441252 2.0795638084043055 2.0853910788377314 2.0653824157377607 2.2845502876908457 2.1919918556662772 2.0404662446165749 1.9910892755883369 1.9852344261613879 2.2256631944098948 2.3489229269490632 1.930502243003837 2.0412401231857533 2.1091870245220798 2.0245249734293451 2.0834683157028921 2.0042626363250329 2.0299805008867327 1.9516641567416866 2.0321558591188165 2.2290802035057791 2.0195706739465327 2.2974192872479229 1.9921922446126408 2.0794739076624724 1.9685349276794362 1.9888444208027325 2.0588902430478546 2.0194666467334796 1.9876247733728514 2.048631191897333 2.1734629168237776 2.087710141191141 2.0951919498649194 1.9717715616073146 1.9546252503190962 2.0880122439150677 2.2838810687809143 2.0262876156140166 2.1854929355010166 2.2731583668156543 2.1356460584060457 1.9436251819951067 2.0902165239069102 2.0885806931844439 2.2872151599752977 2.0615003930585472 2.1472471363027816 2.035621369557977 2.0468548239882924 2.1070863956405002 2.1539228614650354 2.2432252427681045 2.0673858812271733 2.0052765696740975 2.1164124939581668 2.261906623327202 2.1474610484222523 2.299884311105183 2.2336177960559054 1.9309619655047523 1.9695393397118284 2.0833785607593032 2.1384854126492021 2.3580152998203703 2.0785653826666226 2.3308207076200587 2.2209656433100169 2.0101922421986527 2.0851989775483477 2.1698756092870899 2.3441824260131363 2.24765874254427 2.2078495719740459 2.0592165302409682 2.2074340790255622 1.9696822432512706 2.1199560171028113 1.9934744660704813 2.2451105803087024 2.3295710676383008 2.0031723742454979 2.0509785154122926 2.2547846299662213 2.3389576326004473 2.021195993752015 2.1657122381860678 2.1442219711450132 2.3036811097582559
leaf_weight=27 9.9999999999999982 97 19 636 64 39 90 761 19 227 24 100 402 146 18 89 58 57 303 84 33 272 593 159 43 147 67 116 174 144 50 667 275 19 83 320 66 141 10.999999999999998 56 943 545 277 83 72 114 27 9.9999999999999982 208 231 294 858 368 506 19 104 19 68 497 289 14.999999999999998 28 229 91 17 129 377 13.999999999999998 109 91 27 176 136 350 205 34 11.000000000000002 113 37 88 24 159 63 29 72 31 19 190 235 137 81 14.999999999999998 9.9999999999999982 14.999999999999998 30 17 15.999999999999998 110 13.999999999999998 55 9.9999999999999982 53 81 12.000000000000002 10.999999999999998 154 118 31 84 64 9.9999999999999982 33 13.999999999999998
leaf_count=27 10 97 19 636 64 39 90 761 19 227 24 100 402 146 18 89 58 57 303 84 33 272 593 159 43 147 67 116 174 144 50 667 275 19 83 320 66 141 11 56 943 545 277 83 72 114 27 10 208 231 294 858 368 506 19 104 19 68 497 289 15 28 229 91 17 129 377 14 109 91 27 176 136 350 205 34 11 113 37 88 24 159 63 29 72 31 19 190 235 137 81 15 10 15 30 17 16 110 14 55 10 53 81 12 11 154 118 31 84 64 10 33 14
model_size=12688
internal_value=2.07195 2.03789 2.19622 2.07259 2.15739 2.00039 2.1449 2.05251 2.17679 2.02716 2.28999 1.98123 2.19841 2.12609 2.05582 2.00269 2.2124 2.07655 2.23355 2.03561 2.24376 2.0009 2.02938 2.21831 2.10021 2.08053 2.16682 2.09704 2.25454 2.15468 2.12256 1.99203 2.01363 2.32271 2.29347 1.96188 2.07953 2.0945 2.11198 2.0994 2.01551 2.04741 1.97952 2.08924 2.15586 2.04057 2.34226 2.14703 2.05827 1.98076 2 2.0558 2.0327 1.98149 2.04369 2.15922 2.18939 2.1212 1.95182 1.97563 2.19741 2.20695 2.05202 2.14104 2.29582 2.15403 1.95963 2.19158 2.06271 2.25557 2.06193 2.12468 2.05845 2.05126 2.08412 2.20497 2.2105 2.09059 2.05085 2.12237 2.22724 2.1613 2.26119 2.279 1.95961 2.01559 2.14102 2.12596 2.34866 2.09566 2.31361 2.28457 2.08641 2.02629 2.13 2.32933 2.29738 2.21753 2.11359 2.18609 2.03182 2.09745 2.00395 2.23698 2.2864 2.00909 2.06144 2.23141 2.32885 2.03315 2.20902 2.16352 2.34239
internal_weight=0 12960 3552 6731 2512 6229 1463 5268 896 2599 1040 3630 733 1601 1197 1402 911 2174 663 3094 431 1800 2717 572 1016 377 469 430 264 773 277 1491 547 609 244 1830 163 567 369 828 1536 1181 944 844 248 503 365 94 322 636 333 1158 767 899 309 115 322 87 1194 795 187 172 1087 586 168 172 874 120 209 250 198 312 283 368 516 106 263 254 153 128 156 250 147 92 303 399 195 336 346 342 129 48 107 104 118 91 33 134 71 107 76 117 100 39 22 181 174 55 111 91 22 52 97
internal_count=16512 12960 3552 6731 2512 6229 1463 5268 896 2599 1040 3630 733 1601 1197 1402 911 2174 663 3094 431 1800 2717 572 1016 377 469 430 264 773 277 1491 547 609 244 1830 163 567 369 828 1536 1181 944 844 248 503 365 94 322 636 333 1158 767 899 309 115 322 87 1194 795 187 172 1087 586 168 172 874 120 209 250 198 312 283 368 516 106 263 254 153 128 156 250 147 92 303 399 195 336 346 342 129 48 107 104 118 91 33 134 71 107 76 117 100 39 22 181 174 55 111 91 22 52 97
is_linear=0
shrinkage=1


Tree=1
num_leaves= 94
num_cat= 0
full_tree_array_lgbids= 0 1 2 5 3 4 12 16 6 7 10 19 13 21 48 17 80 9 14 8 41 22 23 47 24 33 25 59 58 -14 72 26 39 81 -82 18 52 15 37 30 11 53 -43 28 34 32 44 86 67 -21 35 55 68 65 61 92 70 82 79 -2147483648 -2147483648 -50 73 60 27 77 62 -18 -83 -2147483648 -2147483648 36 51 54 -54 20 46 43 89 31 71 40 29 -9 85 -2147483648 -2147483648 42 38 57 69 50 74 45 49 -2 87 84 -69 -2147483648 -2147483648 64 66 56 75 -35 76 91 88 63 -63 -4 -94 78 90 83 -84 -60 -81 -2147483648 -2147483648 -2147483648 -2147483648 -2147483648 -2147483648 -74 -75 -1 -62 -28 -29 -19 -79 -41 -64 -2147483648 -2147483648 -2147483648 -2147483648 -2147483648 -2147483648 -2147483648 -2147483648 -7 -38 -20 -53 -11 -56 -2147483648 -2147483648 -8 -22 -17 -48 -16 -45 -39 -91 -3 -33 -32 -73 -10 -42 -13 -31 -2147483648 -2147483648 -55 -87 -2147483648 -2147483648 -2147483648 -2147483648 -5 -44 -30 -40 -24 -59 -36 -71 -12 -52 -34 -76 -25 -47 -46 -51 -2147483648 -2147483648 -88 -89 -49 -86 -2147483648 -2147483648 -2147483648 -2147483648 -2147483648 -2147483648 -26 -66 -37 -68 -6 -58 -57 -77 -2147483648 -2147483648 -70 -78 -15 -93 -67 -90 -27 -65 -2147483648 -2147483648 -2147483648 -2147483648 -2147483648 -2147483648 -61 -80 -72 -92 -23 -85 -2147483648 -2147483648 -2147483648 -2147483648 -2147483648 -2147483648 -2147483648 -2147483648 -2147483648 -2147483648 -2147483648 -2147483648 -2147483648 -2147483648 -2147483648 -2147483648 -2147483648 -2147483648 -2147483648 -2147483648 -2147483648 -2147483648
split_feature= 1 1 1 6 6 6 7 7 2 8 1 6 1 1 8 7 7 8 6 2 8 2 2 6 6 2 7 8 3 8 8 7 2 6 8 1 7 8 7 2 8 8 6 7 8 7 7 1 5 7 7 7 8 7 6 7 8 7 7 1 8 6 1 2 7 1 1 7 2 7 8 7 6 1 3 8 7 6 4 8 7 8 4 8 6 7 5 2 6 3 7 6 4
split_gain= 5656.48 1365.57 1043.1 787.841 349.337 269.567 197.823 195.366 187.808 151.348 142.347 135.038 123.531 114.838 113.975 139.76 101.722 109.201 92.6336 82.58 77.5264 77.463 66.3695 62.5094 55.2324 52.2123 47.273 62.3619 44.707 42.0313 39.9922 48.8532 38.7253 38.0163 37.1443 30.8808 29.3717 28.6717 28.4831 23.8159 23.0057 22.6109 22.5482 21.5791 19.105 19.4841 18.9783 18.0764 16.5994 15.6245 15.4106 13.7216 12.6484 12.2724 12.2138 11.9185 11.3629 11.2256 11.1247 11.1047 10.8999 9.89331 9.64217 8.92186 8.8977 8.84507 7.94091 7.2946 7.16529 7.11115 7.08176 6.62753 6.58932 7.87032 5.03709 4.17458 3.82509 3.80861 3.7536 3.26095 3.12842 7.3306 2.8195 7.20848 2.45239 2.3541 2.25919 2.4412 2.0921 1.79717 1.08325 0.597289 0.511798
threshold= 5.0387000000000013 3.1097000000000006 6.8672000000000013 2.4136952392348086 2.5763869593405579 2.1628386478062818 34.455000000000005 37.935000000000009 24.500000000000004 -117.77499999999999 4.1119000000000012 1.9628175980828908 8.4454500000000028 5.8308000000000009 -121.63499999999998 37.895000000000003 37.945000000000007 -118.24499999999999 3.442186331338819 21.500000000000004 -122.31499999999998 26.500000000000004 44.500000000000007 2.9291766686969298 2.0653737590585881 27.500000000000004 34.655000000000008 -122.35499999999998 4.7926201822371182 -122.33499999999999 -118.29499999999999 34.155000000000008 42.500000000000007 2.9366774891774896 -122.40499999999999 5.5682000000000009 34.045000000000009 -119.84499999999998 34.435000000000009 28.500000000000004 -122.40499999999999 -122.35499999999998 3.1424162072895592 35.955000000000005 -121.46499999999999 37.915000000000006 38.675000000000004 5.6402500000000009 70.000000000000014 34.655000000000008 37.765000000000008 34.045000000000009 -116.53499999999998 38.005000000000003 2.8335312747426764 37.925000000000004 -117.91499999999998 38.155000000000008 37.645000000000003 7.3930000000000016 -118.37499999999999 3.458170981799539 2.2003500000000007 40.500000000000007 37.935000000000009 6.3350000000000009 6.3963500000000009 37.955000000000005 14.500000000000002 37.735000000000007 -117.71499999999999 33.695000000000007 3.1747392355722384 9.1688500000000008 6.0498344370860933 -122.19499999999998 37.875000000000007 1.5104297674263547 1.0417933552053971 -122.28499999999998 38.815000000000005 -122.26499999999999 1.0139026949414627 -118.09499999999998 2.5219735498882589 38.765000000000008 1140.5000000000002 15.500000000000002 3.0298305221858191 5.1947827066293142 33.045000000000009 3.1424162072895592 1.0297068408951922
decision_type= 2 2 2 2 2 2 2 2 2 2 2 2 2 2 2 2 2 2 2 2 2 2 2 2 2 2 2 2 2 2 2 2 2 2 2 2 2 2 2 2 2 2 2 2 2 2 2 2 2 2 2 2 2 2 2 2 2 2 2 2 2 2 2 2 2 2 2 2 2 2 2 2 2 2 2 2 2 2 2 2 2 2 2 2 2 2 2 2 2 2 2 2 2
left_child=1 5 4 7 19 16 9 8 30 18 22 40 21 33 15 20 17 26 36 47 -8 59 28 32 -21 65 60 -28 42 -13 31 -3 50 55 57 64 -7 43 -30 77 -10 53 -5 -16 45 -25 -17 86 -14 -46 -12 -20 54 -9 -11 56 -6 -24 82 92 -1 63 -41 -27 -26 91 -37 84 -35 -36 78 -32 -50 -74 -34 -57 -70 -19 -61 -60 81 -18 83 -23 -49 -55 -2 -88 -67 -39 -72 -15 -4
right_child=2 3 12 10 13 6 14 41 11 52 23 29 48 25 37 46 80 39 51 24 -22 58 34 44 35 61 27 -29 38 -31 71 -33 74 68 69 66 -38 89 -40 62 -42 -43 -44 -45 49 -47 -48 67 72 -51 -52 -53 -54 85 -56 75 -58 -59 79 70 -62 -63 -64 -65 -66 88 -68 -69 76 -71 90 -73 73 -75 -76 -77 -78 -79 -80 -81 -82 -83 -84 -85 -86 -87 87 -89 -90 -91 -92 -93 -94
leaf_value= 0.12004633573159365 0.025150936162647082 0.13922680700818699 0.096858634352684034 0.0034526885907401779 0.075404580390038028 -0.028296137803472933 0.059045989572769034 0.09759424281391231 0.22363129605035315 -0.061943192205967147 0.021982394564230259 0.15200140062967937 0.10762568108427029 0.065720721988223638 -0.044530365270163332 -0.069216434904985663 -0.01065724958237764 -0.10687562200952978 -0.065454390534873716 0.23619967352512272 -0.044401682941903046 0.21835225327448413 0.086914337738907263 0.030477198241080378 0.11931676829390857 0.11920347212087722 0.12923717969437926 -0.010308660402737349 -0.032231015922305616 0.068068334948991935 0.016504864080099168 0.032567879023380715 0.060290220263644612 -0.012627814666900253 0.00083407082386541265 0.15569187857759881 0.013049518090156198 -0.13244629360716839 -0.058800488044297564 -0.056580343333383402 0.14707573651212263 -0.048374169815767122 -0.03598801625026745 -0.10072576994081051 -0.015255583482670965 -0.037837517231754547 -0.1113833193241352 0.14114649544935673 0.25046130566438518 -0.055307762242806785 -0.016821589142755541 -0.035308781839202996 -0.12139461574968227 0.013384131411090495 -0.092715229559096557 0.057807791382074362 0.02329359875109635 -0.047407381460070612 0.23538385778665544 0.15016104017312712 0.055957407419236355 0.015144229612567209 0.025112630911292389 0.18213537653287254 0.016562676749059133 0.104575224239927 0.20825195800799592 0.022553581930696967 0.026152266231522465 -0.056458609286281804 0.16349385008215905 -0.025804899650238522 0.15353492438527092 0.23712397553704001 0.12437126843198654 -0.018313374910281881 -0.019491425386451662 -0.052144003201286364 0.19829679463058711 0.14114134669303896 -0.10266434939112515 -0.076582966869195496 0.23949069359472822 0.1097058151776974 0.061977053912622593 -0.068002303530062952 0.045179397108800277 0.11817086374759674 0.069289553263621739 -0.11209633793981595 0.088680572854354989 0.039190486925253218 0.13525995815557146
leaf_weight=71 51 60 90 359 283 431 96 22 61 293 598 75 11.999999999999998 168 91 198 37 34 673 86 381 55 76 188 166 159 41 214 855 552 143 218 101 126 181 156 368 401 1041 30 203 154 341 995 641 72 398 80 331 159 172 287 121 50 471 25 76 9.9999999999999982 11.999999999999998 104 81 10.999999999999998 77 45 13.999999999999998 102 65 11.999999999999998 445 45 15.999999999999998 113 28 55 31 42 47 181 60 40 64 130 126 12.999999999999998 13.999999999999998 13.999999999999998 34 25 129 261 35 151 63
leaf_count=71 51 60 90 359 283 431 96 22 61 293 598 75 12 168 91 198 37 34 673 86 381 55 76 188 166 159 41 214 855 552 143 218 101 126 181 156 368 401 1041 30 203 154 341 995 641 72 398 80 331 159 172 287 121 50 471 25 76 10 12 104 81 11 77 45 14 102 65 12 445 45 16 113 28 55 31 42 47 181 60 40 64 130 126 13 14 14 34 25 129 261 35 151 63
model_size=10448
internal_value=0 -0.0306532 0.111843 0.00158441 0.076901 -0.0634427 -0.0720972 0.0611315 0.0753469 -0.0522257 -0.0187741 0.103784 0.19624 0.0535082 -0.0907219 -0.0645704 -0.0141747 0.0045445 -0.0350073 0.137097 -0.023582 0.167027 -0.0330328 0.00235965 0.160526 0.0835031 0.0396769 0.0121281 -0.0384442 0.0781082 0.0278982 0.0555878 0.0223913 0.0315291 0.0119928 0.144296 -0.00925333 -0.106775 -0.046819 -0.039862 0.164765 -0.0232724 -0.0157606 -0.0960169 -0.0146862 0.0115593 -0.0973749 0.0842737 0.238345 -0.023216 0.0133145 -0.0564421 -0.0864486 0.0216773 -0.0809139 0.0558353 0.0643727 0.0712955 0.211714 0.137155 0.0858937 0.127051 0.00220806 0.133086 0.111325 0.0664798 0.171151 0.117265 0.0147744 -0.0105738 0.154578 -0.00217093 0.242134 0.208925 0.0753396 0.01009 0.021792 -0.0607992 0.167772 0.16289 -0.0732494 -0.0619767 0.224801 0.197582 0.129355 -0.00441915 0.0524824 0.076108 0.0848702 -0.124423 0.112151 0.0531625 0.112671
internal_weight=0 12960 3552 6535 2512 6425 5465 1665 1425 2644 4870 891 1040 1809 2821 1073 960 729 1759 703 477 614 2908 1962 487 765 407 255 2596 627 534 278 902 1044 312 401 799 1748 1896 322 264 240 700 1086 1060 260 596 216 426 800 770 960 885 86 764 426 359 86 246 368 152 215 107 204 180 550 221 106 618 226 215 256 414 83 132 67 492 215 164 52 231 167 194 68 94 64 110 59 231 662 51 319 153
internal_count=16512 12960 3552 6535 2512 6425 5465 1665 1425 2644 4870 891 1040 1809 2821 1073 960 729 1759 703 477 614 2908 1962 487 765 407 255 2596 627 534 278 902 1044 312 401 799 1748 1896 322 264 240 700 1086 1060 260 596 216 426 800 770 960 885 86 764 426 359 86 246 368 152 215 107 204 180 550 221 106 618 226 215 256 414 83 132 67 492 215 164 52 231 167 194 68 94 64 110 59 231 662 51 319 153
is_linear=0
shrinkage=0.1


Tree=2
num_leaves= 75
num_cat= 0
full_tree_array_lgbids= 0 1 2 5 3 4 13 15 7 6 8 20 19 24 39 16 -17 9 11 57 10 22 14 51 23 48 31 68 61 40 49 25 37 -2147483648 -2147483648 17 52 12 33 58 -59 21 46 29 42 30 27 -2 71 56 35 60 -50 41 -33 -4 69 -26 -63 -15 -42 -41 -51 54 26 65 64 -2147483648 -2147483648 -2147483648 -2147483648 44 34 -11 62 18 47 43 -35 59 73 -2147483648 -2147483648 32 28 67 -48 38 53 63 70 -10 45 50 36 -2147483648 -2147483648 -53 -73 -22 -58 72 66 -6 -62 -2147483648 -2147483648 55 -43 -2147483648 -2147483648 -2147483648 -2147483648 -70 -71 -2147483648 -2147483648 -2147483648 -2147483648 -2147483648 -2147483648 -2147483648 -2147483648 -2147483648 -2147483648 -2147483648 -2147483648 -1 -56 -27 -28 -18 -67 -39 -66 -2147483648 -2147483648 -2147483648 -2147483648 -2147483648 -2147483648 -2147483648 -2147483648 -7 -46 -19 -36 -2147483648 -2147483648 -54 -64 -9 -20 -14 -49 -13 -45 -2147483648 -2147483648 -3 -61 -60 -75 -2147483648 -2147483648 -2147483648 -2147483648 -8 -34 -23 -30 -12 -69 -2147483648 -2147483648 -5 -40 -31 -55 -24 -65 -44 -72 -2147483648 -2147483648 -32 -47 -16 -52 -29 -38 -2147483648 -2147483648 -2147483648 -2147483648 -2147483648 -2147483648 -2147483648 -2147483648 -2147483648 -2147483648 -2147483648 -2147483648 -25 -74 -37 -68 -2147483648 -2147483648 -2147483648 -2147483648 -2147483648 -2147483648 -2147483648 -2147483648 -21 -57 -2147483648 -2147483648 -2147483648 -2147483648 -2147483648 -2147483648 -2147483648 -2147483648 -2147483648 -2147483648 -2147483648 -2147483648 -2147483648 -2147483648 -2147483648 -2147483648 -2147483648 -2147483648 -2147483648 -2147483648 -2147483648 -2147483648 -2147483648 -2147483648 -2147483648 -2147483648 -2147483648 -2147483648 -2147483648 -2147483648 -2147483648 -2147483648 -2147483648 -2147483648 -2147483648 -2147483648 -2147483648 -2147483648
split_feature= 1 1 1 6 6 6 2 7 1 8 7 8 7 1 6 7 8 6 8 1 2 6 2 6 2 7 8 8 1 3 2 6 2 8 7 1 7 2 7 1 2 2 8 7 8 8 8 7 6 5 7 1 1 7 8 8 7 7 8 7 2 7 7 7 1 6 1 1 8 4 7 4 8 5
split_gain= 4585.4 1188.47 760.456 677.041 256.844 237.195 171.774 169.313 136.355 131.228 107.682 102.283 119.093 99.5554 92.473 85.0491 94.6854 81.3918 62.2661 60.6331 59.4524 54.7989 52.1879 46.7311 41.7349 37.7404 56.5057 36.5842 35.3796 34.6267 28.3311 26.4443 24.8105 22.456 22.1374 22.0666 18.165 17.0287 15.6804 15.679 19.6292 15.2654 15.2588 15.1135 14.7835 14.4862 14.3828 14.2241 12.693 11.6987 10.3959 9.40861 8.64607 8.53113 7.99515 7.84304 7.42125 5.59263 13.6419 9.19897 5.33898 4.69583 3.3665 2.56799 1.97199 1.8856 1.8069 1.56084 0.900358 1.48417 0.79264 0.754692 0.47289 0.252541
threshold= 5.1326000000000009 3.1792500000000001 6.8672000000000013 2.2982753493904258 2.6585924622132828 2.1628386478062818 19.500000000000004 34.455000000000005 4.0612500000000002 -117.77499999999999 37.815000000000005 -121.63499999999998 37.915000000000006 7.852450000000001 2.6829812717770039 37.935000000000009 -118.24499999999999 3.1336552646136835 -122.33499999999999 5.6851000000000012 21.500000000000004 1.9322222929778572 47.500000000000007 2.2038024706228287 26.500000000000004 34.655000000000008 -120.02499999999999 -121.895 3.8136000000000005 5.1822875816993479 26.500000000000004 3.0228140180430265 28.500000000000004 -119.94499999999998 34.035000000000004 5.7307500000000013 34.655000000000008 32.500000000000007 37.805000000000007 8.7395500000000013 28.500000000000004 36.500000000000007 -122.29499999999999 35.645000000000003 -118.395 -122.29499999999999 -122.03499999999998 38.675000000000004 3.1262267671728927 139.50000000000003 37.915000000000006 5.6402500000000009 2.2336500000000004 38.675000000000004 -118.37499999999999 -117.81499999999998 37.805000000000007 37.955000000000005 -118.29499999999999 34.175000000000004 37.500000000000007 37.645000000000003 33.625000000000007 37.795000000000009 2.2003500000000007 1.5104297674263547 6.3350000000000009 4.125700000000001 -122.00499999999998 0.95712370739180408 35.375000000000007 1.0671403331650682 -122.44499999999998 1627.5000000000002
decision_type= 2 2 2 2 2 2 2 2 2 2 2 2 2 2 2 2 2 2 2 2 2 2 2 2 2 2 2 2 2 2 2 2 2 2 2 2 2 2 2 2 2 2 2 2 2 2 2 2 2 2 2 2 2 2 2 2 2 2 2 2 2 2 2 2 2 2 2 2 2 2 2 2 2 2
left_child=1 5 4 6 20 15 57 9 22 17 21 12 18 24 30 16 25 44 -9 48 51 32 29 56 68 54 -27 50 -23 38 -10 41 -8 43 -19 72 -29 65 -5 40 -15 55 63 -13 -7 -32 67 -14 60 -41 -16 -2 -11 -31 -1 -21 -22 58 59 -3 -6 -26 -54 -24 -39 -18 -37 -12 -4 -70 -44 -53 -25 -60
right_child=2 3 13 8 19 7 10 11 14 52 46 33 47 39 27 -17 37 34 -20 31 23 28 42 35 61 26 -28 36 -30 53 45 -33 -34 -35 -36 66 -38 64 -40 49 -42 -43 70 -45 -46 -47 -48 -49 -50 -51 -52 71 62 -55 -56 -57 -58 -59 73 -61 -62 -63 -64 -65 -66 -67 -68 -69 69 -71 -72 -73 -74 -75
leaf_value= 0.1068667777857798 0.047013841625346553 0.11244277664490286 0.14929607742992432 -0.012954766055067072 0.034056489084000344 0.039174311865980811 0.10048757064132355 0.055769185814065772 0.010559629150531323 -0.091832097231682758 0.018832691914341865 -0.038586081916709314 -0.060572065899946861 0.15311610443758317 0.041204590882815452 -0.064413455689744076 -0.095640406737456454 -0.057241798496994248 -0.037401543352930271 0.090678207513347681 0.21371178373694422 0.061270276997887445 0.082225101366639144 0.15264305543331874 0.19509159027374992 0.031343903243423829 -0.10785834036375348 -0.0052796583810959426 0.12232005208273207 -0.038672458013297023 0.10939311504364013 0.048468742636651907 0.1771787354251636 -0.11152035928847565 -0.025459544633880324 0.13077036546723497 -0.034264948123396678 -0.039792691739664106 -0.061450864760894855 0.12246008578099704 0.22071905593896651 0.15160641031605859 0.019630265128621951 -0.089836823122416545 -0.0084882717356117299 0.046861038347584628 -0.044141471836456031 -0.099504142352244238 0.0054705107969555663 0.22456408492747071 -0.0065533949004535665 0.076328872815044468 -0.050906959999666879 -0.069737793489005717 0.047902277209822777 0.039735147015292301 0.11424848060397541 -0.033378550550027287 -0.017172486369766423 0.030290274642798716 0.098833405666730628 0.13272227908556278 -0.079400298754712023 -0.023445069491863254 0.033222685401038878 -0.04251042738802166 0.17162342315880202 0.083098333870293584 0.042461532194699558 0.11038052553444036 -0.03086398867342402 0.12559606580123786 0.089432304000979096 0.033208213402674748
leaf_weight=85 107 31 46 1077 309 117 78 99 276 407 62 92 210 147 234 245 37 783 407 259 100 226 65 21 129 237 38 1024 228 1163 65 451 175 718 454 124 423 24 106 19 97 49 79 1017 517 357 43 412 306 346 113 69 249 187 87 74 17 50 118 112 33 39 272 9.9999999999999982 58 224 93 32 21 196 51 62 185 39
leaf_count=85 107 31 46 1077 309 117 78 99 276 407 62 92 210 147 234 245 37 783 407 259 100 226 65 21 129 237 38 1024 228 1163 65 451 175 718 454 124 423 24 106 19 97 49 79 1017 517 357 43 412 306 346 113 69 249 187 87 74 17 50 118 112 33 39 272 10 58 224 93 32 21 196 51 62 185 39
model_size=8320
internal_value=0 -0.0263512 0.105541 0.00456822 0.0728188 -0.0556083 0.0728535 -0.0636488 -0.0110212 -0.0456707 0.0977595 -0.0806777 -0.0562209 0.176616 0.00632235 -0.0109076 0.00568598 -0.0300289 -0.0191725 0.0480575 0.119954 0.113975 -0.0268065 0.139334 0.138601 0.0370941 0.0121087 -0.00613105 0.0919296 -0.0309843 0.0383301 0.0668838 0.153535 -0.0957776 -0.0455772 0.122759 -0.0137529 -0.0352453 -0.0173001 0.20352 0.179991 0.0886251 0.0248142 -0.0855852 0.000307505 0.0564928 0.014078 -0.0863599 0.0238564 0.219249 0.0256523 0.0759837 -0.0772073 -0.0429756 0.0770417 0.0793575 0.19926 0.0127945 0.02049 0.0480996 0.0403069 0.180613 -0.0657826 0.0681357 0.0118523 -0.0500423 0.148279 0.0407104 0.111764 0.103808 -0.000179019 0.0996462 0.0958761 -0.00465754
internal_weight=0 13213 3299 6424 2259 6789 1194 5754 5230 2799 844 2955 1128 1040 2492 1035 790 1871 506 1481 778 707 2738 540 431 447 275 1794 454 2533 698 833 253 1827 1237 423 1447 343 1183 609 244 382 205 1109 634 422 137 622 648 365 347 238 928 1350 172 333 117 350 300 143 342 168 521 75 82 261 217 94 263 217 130 131 206 157
internal_count=16512 13213 3299 6424 2259 6789 1194 5754 5230 2799 844 2955 1128 1040 2492 1035 790 1871 506 1481 778 707 2738 540 431 447 275 1794 454 2533 698 833 253 1827 1237 423 1447 343 1183 609 244 382 205 1109 634 422 137 622 648 365 347 238 928 1350 172 333 117 350 300 143 342 168 521 75 82 261 217 94 263 217 130 131 206 157
is_linear=0
shrinkage=0.1


Tree=3
num_leaves= 65
num_cat= 0
full_tree_array_lgbids= 0 1 3 4 2 5 27 11 6 7 8 19 17 29 42 15 61 10 13 45 9 12 24 56 25 36 37 53 -31 -29 -44 48 23 -13 -63 18 50 14 34 60 63 16 38 20 21 35 40 -2 57 55 33 41 -38 -19 -39 -5 -55 -2147483648 -2147483648 -2147483648 -2147483648 -2147483648 -2147483648 -1 -50 32 -25 -2147483648 -2147483648 -2147483648 -2147483648 31 47 51 -52 28 43 -15 52 -3 -62 -47 -65 30 26 46 -40 49 -22 22 -23 -10 39 44 -42 -2147483648 -2147483648 58 -59 -21 -57 59 54 62 -43 -2147483648 -2147483648 -2147483648 -2147483648 -2147483648 -2147483648 -2147483648 -2147483648 -2147483648 -2147483648 -2147483648 -2147483648 -2147483648 -2147483648 -2147483648 -2147483648 -2147483648 -2147483648 -2147483648 -2147483648 -2147483648 -2147483648 -2147483648 -2147483648 -2147483648 -2147483648 -17 -34 -2147483648 -2147483648 -2147483648 -2147483648 -2147483648 -2147483648 -2147483648 -2147483648 -2147483648 -2147483648 -6 -33 -20 -49 -12 -53 -2147483648 -2147483648 -8 -30 -16 -45 -2147483648 -2147483648 -36 -54 -2147483648 -2147483648 -2147483648 -2147483648 -2147483648 -2147483648 -2147483648 -2147483648 -9 -32 -18 -28 -11 -48 -2147483648 -2147483648 -4 -51 -2147483648 -2147483648 -14 -24 -2147483648 -2147483648 -2147483648 -2147483648 -37 -41 -26 -46 -2147483648 -2147483648 -2147483648 -2147483648 -2147483648 -2147483648 -58 -60 -2147483648 -2147483648 -2147483648 -2147483648 -2147483648 -2147483648 -27 -61 -35 -56 -7 -64 -2147483648 -2147483648 -2147483648 -2147483648 -2147483648 -2147483648 -2147483648 -2147483648 -2147483648 -2147483648 -2147483648 -2147483648 -2147483648 -2147483648 -2147483648 -2147483648 -2147483648 -2147483648 -2147483648 -2147483648 -2147483648 -2147483648 -2147483648 -2147483648 -2147483648 -2147483648 -2147483648 -2147483648 -2147483648 -2147483648 -2147483648 -2147483648 -2147483648 -2147483648 -2147483648 -2147483648 -2147483648 -2147483648 -2147483648 -2147483648 -2147483648 -2147483648 -2147483648 -2147483648 -2147483648 -2147483648
split_feature= 1 1 6 1 6 6 7 2 1 7 8 7 8 8 7 8 6 1 6 2 7 7 8 8 6 6 1 1 8 2 1 8 2 1 1 2 7 2 7 4 8 6 5 7 2 1 8 7 3 7 8 7 8 8 7 7 5 6 2 8 8 7 4 5
split_gain= 3717.06 1040.58 579.48 535.954 194.765 183.614 137.657 136.805 121.406 110.077 107.086 78.1005 71.7891 69.8839 77.9893 69.3766 67.7302 63.3307 63.0148 58.7326 53.4781 47.5511 64.576 46.8128 38.7248 35.8738 34.3116 34.2894 33.9873 27.1547 24.7729 19.0675 18.0082 14.5473 14.3037 13.3376 10.9373 10.036 9.99832 9.01773 7.96448 7.60924 7.1054 6.89906 5.56676 5.17124 4.76118 4.75426 4.74724 4.59616 4.32584 4.97692 4.23822 2.40125 2.16221 2.00518 1.78731 6.35274 1.8606 1.50186 1.35291 1.27208 0.213486 0.213342
threshold= 5.2771000000000017 3.1913000000000005 2.3722374117110965 7.3930000000000016 2.2352443515477258 2.7472725830126556 34.455000000000005 19.500000000000004 4.5301500000000017 37.815000000000005 -117.77499999999999 37.935000000000009 -122.38499999999998 -121.63499999999998 37.915000000000006 -122.31499999999998 2.0231950334409352 6.2770500000000009 3.4287187039764357 21.500000000000004 38.735000000000007 37.945000000000007 -117.79499999999999 -117.145 2.8335312747426764 2.2038024706228287 3.8769000000000005 8.7395500000000013 -122.33499999999999 28.500000000000004 3.8769000000000005 -118.395 27.500000000000004 6.3350000000000009 2.2210000000000005 21.500000000000004 37.955000000000005 26.500000000000004 37.995000000000012 1.0373307138179437 -117.675 3.1424162072895592 70.000000000000014 38.675000000000004 15.500000000000002 4.3163000000000009 -122.425 34.045000000000009 3.193182511128728 38.015000000000008 -116.53499999999998 33.905000000000008 -120.09499999999998 -117.71499999999999 37.615000000000002 37.805000000000007 565.50000000000011 2.254419630548663 12.500000000000002 -117.87499999999999 -117.30499999999999 39.355000000000011 1.0646557958336251 534.50000000000011
decision_type= 2 2 2 2 2 2 2 2 2 2 2 2 2 2 2 2 2 2 2 2 2 2 2 2 2 2 2 2 2 2 2 2 2 2 2 2 2 2 2 2 2 2 2 2 2 2 2 2 2 2 2 2 2 2 2 2 2 2 2 2 2 2 2 2
left_child=1 4 7 5 11 19 10 45 12 16 18 15 20 14 28 48 30 36 31 56 49 22 -14 32 35 55 -18 29 -8 53 -9 -6 -17 59 -15 -10 41 -19 46 -37 44 62 -29 -16 -26 60 -11 -20 -1 -4 51 -12 -36 -5 -35 -21 -2 58 -58 -27 -3 -13 -7 -47
right_child=3 2 8 27 6 17 13 9 24 38 50 61 21 34 43 23 26 37 47 25 -22 -23 -24 -25 40 33 -28 42 -30 -31 -32 -33 -34 54 52 39 -38 -39 -40 -41 -42 -43 -44 -45 -46 63 -48 -49 -50 -51 -52 -53 -54 -55 -56 -57 57 -59 -60 -61 -62 -63 -64 -65
leaf_value= 0.03952352849985747 0.025125881235884585 0.0084375399099712433 0.064934314417159245 0.13887405565599117 0.034804962719097103 0.04606067283947024 0.040330453792526186 0.10410633333816136 0.007442615993469107 0.10460542325416339 -0.054361015579181195 -0.049897676643751963 -0.010226094389787681 -0.09962845578937958 -0.055455914564430712 -0.014425818967899044 0.040183648852121327 0.073665432012972556 -0.052667626864618358 0.19865294312984733 -0.074663372733155084 -0.05430058441190877 -0.048401425576887924 -0.061291181883655947 -0.021887033434071834 0.10686137255659561 0.098184685253683512 0.084617103263735782 -0.035395244292993483 0.18739324218235776 0.16525112046610291 -0.013800217784679892 0.023653009014510375 0.1605292013042014 -0.067694355619262112 0.032422814941679944 -0.0080827293366345834 0.12587937700616963 -0.026115255872177525 0.074387473079156788 -0.028176185068044042 0.024481464929918664 0.20115557625341013 -0.089688820065214087 0.01381331589130164 -0.017079855532695851 0.016722301210106257 -0.0277057072631153 0.14488739625709812 0.018335448723519221 -0.1017578698005997 -0.081102564915929043 -0.091086192989314446 0.089746237495693118 0.10421383306384087 0.1021662203165201 0.074687836474428573 0.062430679938681656 0.16470843204136554 0.046005179445880159 -0.040160489945600814 -0.094550871507066203 0.083698971583684792 0.050086414024865793
leaf_weight=17 46 235 167 205 141 307 92 196 176 23 427 262 2224 779 200 350 233 350 709 95 49 529 649 149 138 320 282 11.999999999999998 385 164 164 695 387 132 610 245 98 85 86 170 164 373 353 390 590 24 71 308 41 96 119 348 384 59 46 12.999999999999998 24 163 29 30 52 61 79 112
leaf_count=17 46 235 167 205 141 307 92 196 176 23 427 262 2224 779 200 350 233 350 709 95 49 529 649 149 138 320 282 12 385 164 164 695 387 132 610 245 98 85 86 170 164 373 353 390 590 24 71 308 41 96 119 348 384 59 46 13 24 163 29 30 52 61 79 112
model_size=7200
internal_value=0 -0.0223044 0.00591336 0.101158 -0.0497852 0.0754501 -0.0579866 0.0615686 -0.00991471 0.0814258 -0.0415375 -0.0136197 -0.019907 -0.0738971 -0.052471 0.00167858 0.0966365 0.0507546 -0.0272846 0.110981 0.0286722 -0.0243622 -0.0188498 -0.00567461 0.0151099 0.128553 0.0719434 0.172156 -0.0207899 0.150693 0.131961 -0.00560245 0.00556944 0.11659 -0.0867914 0.0370548 0.0339467 0.0838682 0.00748498 0.0496132 0.000570125 0.0393734 0.197324 -0.0780844 0.00704594 0.0120431 0.0382256 -0.0451079 0.114005 0.0479248 -0.0710795 -0.0663688 -0.076731 0.127895 0.145976 0.187039 0.0683246 0.0775243 0.123944 0.101645 -0.000367678 -0.0583306 0.0537638 0.0382335
internal_weight=0 13529 6675 2983 6854 2190 5587 1478 5197 1055 2747 1267 3714 2840 1067 944 875 1292 1853 898 312 3402 2873 886 1483 636 515 793 477 428 360 836 737 528 1773 591 857 435 180 415 892 759 365 590 728 423 94 1017 58 263 894 775 994 264 178 108 262 216 53 350 287 323 386 136
internal_count=16512 13529 6675 2983 6854 2190 5587 1478 5197 1055 2747 1267 3714 2840 1067 944 875 1292 1853 898 312 3402 2873 886 1483 636 515 793 477 428 360 836 737 528 1773 591 857 435 180 415 892 759 365 590 728 423 94 1017 58 263 894 775 994 264 178 108 262 216 53 350 287 323 386 136
is_linear=0
shrinkage=0.1


Tree=4
num_leaves= 60
num_cat= 0
full_tree_array_lgbids= 0 1 2 5 3 4 11 17 13 6 8 15 12 25 36 26 40 42 22 7 34 16 14 56 21 29 24 -4 -27 48 44 27 -28 54 -42 -7 50 51 30 28 9 49 -36 33 23 19 32 -2 -58 -17 31 53 -31 58 -26 -2147483648 -2147483648 -2147483648 -2147483648 -13 -50 -38 -46 39 -29 -2147483648 -2147483648 -19 -56 -2147483648 -2147483648 -2147483648 -2147483648 -44 -52 -15 52 -24 -32 -3 37 10 18 -8 -51 -2147483648 -2147483648 38 -35 35 57 20 43 45 41 -2147483648 -2147483648 -2147483648 -2147483648 -2147483648 -2147483648 46 47 55 -55 -2147483648 -2147483648 -14 -60 -2147483648 -2147483648 -2147483648 -2147483648 -2147483648 -2147483648 -2147483648 -2147483648 -2147483648 -2147483648 -2147483648 -2147483648 -2147483648 -2147483648 -2147483648 -2147483648 -2147483648 -2147483648 -1 -41 -2147483648 -2147483648 -2147483648 -2147483648 -2147483648 -2147483648 -2147483648 -2147483648 -2147483648 -2147483648 -2147483648 -2147483648 -2147483648 -2147483648 -2147483648 -2147483648 -2147483648 -2147483648 -2147483648 -2147483648 -2147483648 -2147483648 -2147483648 -2147483648 -53 -54 -2147483648 -2147483648 -2147483648 -2147483648 -2147483648 -2147483648 -30 -39 -9 -12 -11 -20 -2147483648 -2147483648 -2147483648 -2147483648 -2147483648 -2147483648 -2147483648 -2147483648 -5 -40 -2147483648 -2147483648 -18 -37 -25 -59 -10 -22 -21 -45 -16 -47 -34 -43 -2147483648 -2147483648 -2147483648 -2147483648 -2147483648 -2147483648 -2147483648 -2147483648 -2147483648 -2147483648 -2147483648 -2147483648 -23 -48 -33 -49 -6 -57 -2147483648 -2147483648 -2147483648 -2147483648 -2147483648 -2147483648 -2147483648 -2147483648 -2147483648 -2147483648 -2147483648 -2147483648 -2147483648 -2147483648 -2147483648 -2147483648 -2147483648 -2147483648 -2147483648 -2147483648 -2147483648 -2147483648 -2147483648 -2147483648 -2147483648 -2147483648 -2147483648 -2147483648 -2147483648 -2147483648 -2147483648 -2147483648 -2147483648 -2147483648 -2147483648 -2147483648 -2147483648 -2147483648 -2147483648 -2147483648 -2147483648 -2147483648 -2147483648 -2147483648 -2147483648 -2147483648
split_feature= 1 1 1 6 6 3 7 8 1 8 7 1 1 1 6 2 3 6 7 7 8 6 6 2 2 2 7 8 7 6 3 1 8 6 8 7 2 2 7 6 8 7 6 8 5 7 7 7 1 7 7 2 6 7 3 8 1 8 1
split_gain= 3012.33 754.364 548.571 467.975 190.52 140.527 135.984 119.104 112.44 65.0659 115.976 60.5052 56.8773 54.0409 45.9249 38.0832 35.7973 35.0448 34.9929 27.9408 32.5103 24.8041 24.1588 23.3756 23.3605 21.7339 19.8506 21.3678 19.0097 14.2791 13.1952 12.4678 11.5785 11.4956 10.6321 9.67159 8.22741 7.62956 6.5524 6.54619 5.79124 5.65887 5.27523 4.31943 3.63364 3.29938 3.24237 3.05849 2.83917 2.71613 2.65871 2.44823 7.36246 2.01407 1.89936 1.1344 1.13062 0.87807 0.860838
threshold= 5.0387000000000013 2.7820000000000005 6.8672000000000013 2.4136952392348086 2.5763869593405579 3.8792159595040387 37.935000000000009 -122.33499999999999 3.8346500000000003 -117.98499999999999 34.155000000000008 7.852450000000001 5.8308000000000009 2.2210000000000005 3.016322398451238 16.500000000000004 4.8809487864875196 2.8941056667066012 33.695000000000007 37.875000000000007 -122.21499999999999 2.0653737590585881 2.2982753493904258 44.500000000000007 32.500000000000007 26.500000000000004 37.935000000000009 -118.21499999999999 37.765000000000008 3.0298305221858191 4.3645181386446135 6.1634000000000002 -121.48499999999999 3.2651338971106418 -122.35499999999998 34.415000000000006 20.500000000000004 47.500000000000007 37.915000000000006 1.6125326273398461 -117.79499999999999 34.525000000000013 2.2038024706228287 -122.40499999999999 139.50000000000003 37.915000000000006 37.955000000000005 37.615000000000002 9.1688500000000008 38.005000000000003 34.105000000000011 26.500000000000004 1.9322222929778572 37.925000000000004 3.0522493994321906 -118.22499999999998 5.6402500000000009 -122.40499999999999 6.3350000000000009
decision_type= 2 2 2 2 2 2 2 2 2 2 2 2 2 2 2 2 2 2 2 2 2 2 2 2 2 2 2 2 2 2 2 2 2 2 2 2 2 2 2 2 2 2 2 2 2 2 2 2 2 2 2 2 2 2 2 2 2 2 2
left_child=1 5 4 6 15 17 7 28 16 10 -9 25 29 42 19 56 33 26 -11 20 -10 -17 51 35 58 -4 27 39 -3 53 -24 46 45 38 49 -18 48 -30 -5 -1 54 -34 -7 -21 -38 -16 -23 -33 -13 -8 -44 -15 -53 55 -19 -6 -2 -25 -14
right_child=2 3 11 8 12 13 34 9 14 18 -12 36 24 22 32 21 23 40 -20 43 -22 31 30 57 -26 -27 -28 -29 37 -31 -32 47 41 -35 -36 -37 44 -39 -40 -41 -42 -43 50 -45 -46 -47 -48 -49 -50 -51 -52 52 -54 -55 -56 -57 -58 -59 -60
leaf_value= 0.09407018974423409 0.022938107150430771 0.084425259559539834 0.090751668770386776 -0.00031175685962088874 0.057770252895646274 -0.054227314541820795 0.07927261850108272 0.094552978707003632 0.082131259482015273 0.028259090141966561 0.026073166832650881 0.11992787766891222 0.039016235459837428 -0.039487608318480409 0.021040466925894313 0.16539357991017609 -0.031449880177495761 -0.0128594953131171 -0.040363441880728157 0.01924337321219759 0.013640187085159581 0.094986941911928816 -0.031988081735032058 0.045554491527201167 0.10259860784704374 0.1463344044085326 -0.066209131240177507 -0.028319805128115189 0.095982909510875569 0.0068941377742697159 -0.06314841070509597 0.16064973126439488 -0.017690764740379641 -0.031612723575354516 -0.040771792183012148 -0.053618761534858297 0.083914791693290081 0.18750409261359799 -0.054892515928530311 0.016131040537231491 -0.078528104420070369 -0.048181258346201905 -0.06676713438546393 -0.031600759512862724 0.18136903535236013 -0.029080612110356764 0.01777448484208435 0.082797970353015546 0.17020533905270396 -0.0054755018390729862 -0.085793765687969925 0.048819617663199706 -0.022651956080920809 0.0014000360111269771 -0.042206950970065778 0.025687127893781005 0.078652948256501043 -0.013152899488982723 0.065955696636739808
leaf_weight=30 74 86 263 658 250 274 23 456 99 279 653 120 349 191 196 109 648 186 145 72 1066 313 303 42 154 168 67 184 29 521 1129 85 754 520 217 1047 14.999999999999998 77 61 299 93 218 518 239 385 73 24 29 89 79 1101 48 119 79 554 194 69 127 262
leaf_count=30 74 86 263 658 250 274 23 456 99 279 653 120 349 191 196 109 648 186 145 72 1066 313 303 42 154 168 67 184 29 521 1129 85 754 520 217 1047 15 77 61 299 93 218 518 239 385 73 24 29 89 79 1101 48 119 79 554 194 69 127 262
model_size=6640
internal_value=0 -0.0223973 0.0817199 -0.00284918 0.0562069 -0.0525634 0.0387469 0.050235 -0.0174578 0.0405568 0.0542308 0.143344 0.038599 -0.063205 -0.00196427 0.101517 -0.0310241 -0.024826 0.00479148 0.0111818 0.0194605 0.114717 -0.0496544 -0.0409203 0.0610421 0.112417 -0.00345098 0.0047455 0.12751 0.0221536 -0.0565551 0.10247 -0.0175998 -0.0161358 -0.0233755 -0.0451436 0.165231 0.162465 -0.00494239 0.023238 -0.039709 -0.0245292 -0.0760183 -0.0198298 0.177715 0.00743884 0.0894881 0.140845 0.141338 0.0136344 -0.0797062 -0.0220513 -0.00210923 0.0373546 -0.0348304 0.043752 0.0498215 0.0014371 0.050568
internal_weight=0 12960 3552 7864 2512 5096 2044 1725 5820 1533 1109 1040 1809 3683 2717 703 3103 1413 424 1476 1165 560 1790 1864 765 431 580 513 192 1044 1432 451 1241 1239 319 1695 609 106 719 329 833 972 1893 311 400 269 337 114 209 102 1619 358 167 523 740 444 143 169 611
internal_count=16512 12960 3552 7864 2512 5096 2044 1725 5820 1533 1109 1040 1809 3683 2717 703 3103 1413 424 1476 1165 560 1790 1864 765 431 580 513 192 1044 1432 451 1241 1239 319 1695 609 106 719 329 833 972 1893 311 400 269 337 114 209 102 1619 358 167 523 740 444 143 169 611
is_linear=0
shrinkage=0.1


Tree=5
num_leaves= 54
num_cat= 0
full_tree_array_lgbids= 0 2 1 5 3 4 6 22 14 7 8 12 18 15 30 25 -24 -7 20 38 11 9 21 34 13 28 31 52 -17 44 49 26 -27 -2147483648 -2147483648 -2147483648 -2147483648 42 29 39 -40 17 46 10 35 23 51 -2 50 48 27 32 -30 47 -33 -3 -54 -2147483648 -2147483648 -8 -46 -32 -51 41 -28 -2147483648 -2147483648 -2147483648 -2147483648 -2147483648 -2147483648 -2147483648 -2147483648 -2147483648 -2147483648 43 -44 -22 -31 40 -41 -2147483648 -2147483648 37 19 -13 -48 -5 16 36 -37 24 -25 -23 -53 -2147483648 -2147483648 -36 -52 -14 -50 33 -29 45 -34 -2147483648 -2147483648 -20 -49 -2147483648 -2147483648 -2147483648 -2147483648 -2147483648 -2147483648 -2147483648 -2147483648 -2147483648 -2147483648 -2147483648 -2147483648 -2147483648 -2147483648 -2147483648 -2147483648 -2147483648 -2147483648 -1 -43 -2147483648 -2147483648 -2147483648 -2147483648 -2147483648 -2147483648 -2147483648 -2147483648 -2147483648 -2147483648 -2147483648 -2147483648 -2147483648 -2147483648 -2147483648 -2147483648 -2147483648 -2147483648 -2147483648 -2147483648 -2147483648 -2147483648 -16 -45 -2147483648 -2147483648 -2147483648 -2147483648 -2147483648 -2147483648 -4 -42 -2147483648 -2147483648 -2147483648 -2147483648 -2147483648 -2147483648 -9 -39 -19 -21 -2147483648 -2147483648 -2147483648 -2147483648 -2147483648 -2147483648 -12 -18 -11 -38 -2147483648 -2147483648 -10 -26 -2147483648 -2147483648 -2147483648 -2147483648 -2147483648 -2147483648 -2147483648 -2147483648 -2147483648 -2147483648 -2147483648 -2147483648 -2147483648 -2147483648 -2147483648 -2147483648 -2147483648 -2147483648 -15 -35 -2147483648 -2147483648 -6 -47 -2147483648 -2147483648 -2147483648 -2147483648 -2147483648 -2147483648 -2147483648 -2147483648 -2147483648 -2147483648 -2147483648 -2147483648 -2147483648 -2147483648 -2147483648 -2147483648 -2147483648 -2147483648 -2147483648 -2147483648 -2147483648 -2147483648 -2147483648 -2147483648 -2147483648 -2147483648 -2147483648 -2147483648 -2147483648 -2147483648 -2147483648 -2147483648 -2147483648 -2147483648 -2147483648 -2147483648 -2147483648 -2147483648 -2147483648 -2147483648 -2147483648 -2147483648 -2147483648 -2147483648 -2147483648 -2147483648
split_feature= 1 1 1 6 6 3 1 2 6 7 8 7 2 6 1 2 7 8 1 1 6 8 6 7 8 7 8 7 8 3 2 6 7 1 5 7 8 7 7 8 7 6 7 2 1 8 8 2 4 7 4 7 6
split_gain= 2450.92 642.002 451.987 345.086 194.868 110.761 93.3889 85.6984 65.6824 57.5966 62.9078 55.4922 53.2547 51.0794 43.4747 37.5607 37.1813 36.2692 33.1825 28.6597 26.3731 26.1399 25.78 21.72 26.8466 14.0964 21.8111 13.5459 11.8229 11.3651 11.0861 7.89136 7.70599 6.23551 3.83543 3.26631 9.50613 3.05532 2.96974 11.6148 11.4442 2.9452 2.92043 5.1366 2.48378 2.42268 2.09203 1.90826 1.84493 1.35722 1.00092 0.963193 0.842437
threshold= 4.5301500000000017 6.3963500000000009 2.7820000000000005 2.2634687595142249 2.689174240612294 3.8792159595040387 7.7055000000000016 24.500000000000004 2.8079590171801518 37.945000000000007 -122.21499999999999 37.815000000000005 21.500000000000004 2.1628386478062818 1.9486000000000003 26.500000000000004 34.525000000000013 -122.40499999999999 5.3357000000000001 3.4883000000000002 2.2982753493904258 -117.79499999999999 3.0973600929976173 37.875000000000007 -122.24499999999999 37.935000000000009 -118.21499999999999 38.005000000000003 -117.675 4.3645181386446135 18.500000000000004 3.0375944537846187 37.915000000000006 5.5682000000000009 544.50000000000011 39.355000000000011 -122.27499999999999 37.765000000000008 37.595000000000006 -118.30499999999999 34.175000000000004 2.0231950334409352 37.945000000000007 26.500000000000004 8.7395500000000013 -121.46499999999999 -122.04499999999999 36.500000000000007 1.0181992504140156 37.975000000000001 1.0919636335678318 33.695000000000007 2.6585924622132828
decision_type= 2 2 2 2 2 2 2 2 2 2 2 2 2 2 2 2 2 2 2 2 2 2 2 2 2 2 2 2 2 2 2 2 2 2 2 2 2 2 2 2 2 2 2 2 2 2 2 2 2 2 2 2 2
left_child=2 4 5 7 12 22 15 38 9 10 -5 17 34 48 -7 52 -12 37 28 -19 42 23 25 24 -10 26 41 33 32 -22 44 47 45 -15 -2 36 -11 -9 39 40 -4 -1 43 -16 -8 -6 -13 -20 -14 -32 -36 -23 -3
right_child=1 6 3 8 18 14 30 11 21 35 16 46 13 27 20 -17 -18 19 31 -21 29 51 -24 -25 -26 -27 -28 -29 -30 -31 49 -33 -34 -35 50 -37 -38 -39 -40 -41 -42 -43 -44 -45 -46 -47 -48 -49 -50 -51 -52 -53 -54
leaf_value= 0.046888406864786521 -0.0091724554135922398 0.10509859648598141 0.089133490237688268 0.069735023449426572 0.037824525632514004 -0.074737328726921681 0.094619540682216313 0.083433970911749478 0.035197065605199897 0.0050690901125299524 0.011176775679891318 0.023123196456126399 0.094742353384693473 0.064992352529397154 -0.033262109455559949 0.12410477555773736 -0.025950665134813752 0.038775183089414834 0.043342223964407491 0.092710412166056688 -0.035326300588080388 -0.035932804505683417 -0.037556720227718457 -0.048916094851684522 -0.021732946109413672 -0.06157714413400267 -0.029716538500127405 -0.00062125471317105824 -0.025655748831866054 -0.060470923151715088 0.16085312902417537 0.020999319501649336 -0.018208117674978961 0.1009816760151676 0.030026933806301614 -0.068959181694333085 -0.039550998913620156 0.16757161986369354 -0.025238148352563539 -0.0092267535424726179 0.013188971508754463 0.0057655584019251733 -0.047030673666990236 0.011577817901837616 0.14612004525047176 0.0093349467492637953 -0.040992108381846373 0.098404543988682258 0.15617494653325437 0.047549910396337512 0.070494535748373 -0.064991266491591551 0.063658931238539024
leaf_weight=125 63 86 63 162 238 1169 109 29 125 145 1046 87 48 440 171 286 527 284 372 264 463 265 749 422 1918 71 215 45 204 1549 453 509 179 194 216 97 369 65 116 186 105 253 175 156 98 572 51 49 121 9.9999999999999982 114 314 370
leaf_count=125 63 86 63 162 238 1169 109 29 125 145 1046 87 48 440 171 286 527 284 372 264 463 265 749 422 1918 71 215 45 204 1549 453 509 179 194 216 97 369 65 116 186 105 253 175 156 98 572 51 49 121 10 114 314 370
model_size=5968
internal_value=0 0.0605302 -0.024633 -0.00723126 0.0365728 -0.0473071 0.117607 0.0408616 -0.0183845 -0.00478958 0.00536714 0.0624623 0.0689349 0.0844386 -0.0568845 0.0917604 -0.00126198 0.0760116 0.0176555 0.0647586 -0.048583 -0.0288621 -0.0223434 -0.0234997 -0.0182497 -0.00518267 0.00156945 0.0709265 0.0049026 -0.0546847 0.146232 0.0340148 0.0112058 0.0760049 0.0354818 -0.0336307 -0.0269636 0.141614 0.00501372 0.0149268 0.0416682 0.0193644 -0.0241276 -0.0118706 0.119001 0.017706 -0.00057159 0.0497509 0.138727 0.158406 0.0440067 -0.0516916 0.0714743
internal_weight=0 4776 11736 6640 3364 5096 1412 1250 5390 2346 1735 780 1241 848 3683 742 1573 642 2123 548 2514 3044 1413 2465 2043 664 593 679 1193 2012 670 930 989 634 393 611 514 94 470 354 168 378 502 327 207 810 138 421 169 463 330 579 456
internal_count=16512 4776 11736 6640 3364 5096 1412 1250 5390 2346 1735 780 1241 848 3683 742 1573 642 2123 548 2514 3044 1413 2465 2043 664 593 679 1193 2012 670 930 989 634 393 611 514 94 470 354 168 378 502 327 207 810 138 421 169 463 330 579 456
is_linear=0
shrinkage=0.1


Tree=6
num_leaves= 46
num_cat= 0
full_tree_array_lgbids= 0 1 3 4 2 10 31 12 6 5 13 30 26 39 -33 34 19 7 8 -3 11 17 23 -2 33 40 44 -5 -41 -2147483648 -2147483648 35 -36 -14 21 14 -9 9 27 -2147483648 -2147483648 43 15 18 36 37 24 -2147483648 -2147483648 -32 -35 -12 -42 -28 -46 -2147483648 -2147483648 -2147483648 -2147483648 -2147483648 -2147483648 -2147483648 -2147483648 42 -37 -2147483648 -2147483648 -2147483648 -2147483648 -21 22 29 -16 -2147483648 -2147483648 16 -11 32 -29 -2147483648 -2147483648 -2147483648 -2147483648 -7 -45 28 -17 20 38 -19 -38 -15 -39 25 41 -2147483648 -2147483648 -2147483648 -2147483648 -2147483648 -2147483648 -2147483648 -2147483648 -2147483648 -2147483648 -2147483648 -2147483648 -2147483648 -2147483648 -2147483648 -2147483648 -2147483648 -2147483648 -2147483648 -2147483648 -2147483648 -2147483648 -2147483648 -2147483648 -2147483648 -2147483648 -2147483648 -2147483648 -2147483648 -2147483648 -2147483648 -2147483648 -1 -44 -2147483648 -2147483648 -2147483648 -2147483648 -2147483648 -2147483648 -2147483648 -2147483648 -2147483648 -2147483648 -2147483648 -2147483648 -23 -24 -6 -31 -2147483648 -2147483648 -2147483648 -2147483648 -2147483648 -2147483648 -8 -18 -2147483648 -2147483648 -10 -34 -2147483648 -2147483648 -2147483648 -2147483648 -2147483648 -2147483648 -2147483648 -2147483648 -2147483648 -2147483648 -2147483648 -2147483648 -2147483648 -2147483648 -13 -30 -2147483648 -2147483648 -4 -22 -20 -40 -2147483648 -2147483648 -2147483648 -2147483648 -2147483648 -2147483648 -2147483648 -2147483648 -25 -27 -26 -43 -2147483648 -2147483648 -2147483648 -2147483648 -2147483648 -2147483648 -2147483648 -2147483648 -2147483648 -2147483648 -2147483648 -2147483648 -2147483648 -2147483648 -2147483648 -2147483648 -2147483648 -2147483648 -2147483648 -2147483648 -2147483648 -2147483648 -2147483648 -2147483648 -2147483648 -2147483648 -2147483648 -2147483648 -2147483648 -2147483648 -2147483648 -2147483648 -2147483648 -2147483648 -2147483648 -2147483648 -2147483648 -2147483648 -2147483648 -2147483648 -2147483648 -2147483648 -2147483648 -2147483648 -2147483648 -2147483648 -2147483648 -2147483648 -2147483648 -2147483648 -2147483648 -2147483648 -2147483648 -2147483648 -2147483648 -2147483648 -2147483648 -2147483648 -2147483648 -2147483648 -2147483648 -2147483648 -2147483648 -2147483648
split_feature= 1 1 6 1 6 2 7 8 8 7 6 6 1 6 6 7 8 7 8 2 8 8 7 8 7 8 1 8 8 8 2 8 7 4 7 8 8 7 7 7 2 8 8 4 2
split_gain= 1985.68 683.702 293.82 196.307 163.484 81.1446 78.464 93.0328 82.278 75.855 74.907 66.4255 60.1921 51.6902 48.1909 38.7913 29.5226 28.6208 42.9055 26.285 20.9478 19.3892 18.9741 15.6285 23.48 16.0617 15.1502 14.8257 10.4553 10.4264 8.85615 7.77054 7.34013 7.24829 7.06188 12.5478 6.85004 6.30742 5.98017 4.70854 3.74345 3.34875 3.21084 2.6868 0.498701
threshold= 5.6042500000000013 3.5488500000000003 2.4469862317432325 7.7055000000000016 2.2352443515477258 19.500000000000004 34.455000000000005 -117.77499999999999 -121.63499999999998 38.675000000000004 2.6529733204757315 1.9628175980828908 2.5510500000000005 2.9742256672023202 3.442186331338819 37.935000000000009 -122.38499999999998 37.915000000000006 -117.50499999999998 21.500000000000004 -122.21499999999999 -122.35499999999998 34.455000000000005 -121.48499999999999 34.525000000000013 -117.79499999999999 6.5626000000000007 -120.09499999999998 -117.16499999999998 -118.35499999999998 21.500000000000004 -118.00499999999998 35.955000000000005 1.0435797675926601 37.945000000000007 -117.145 -122.40499999999999 37.915000000000006 33.715000000000011 38.305000000000007 40.500000000000007 -120.09499999999998 -122.38499999999998 1.0835581867240742 26.500000000000004
decision_type= 2 2 2 2 2 2 2 2 2 2 2 2 2 2 2 2 2 2 2 2 2 2 2 2 2 2 2 2 2 2 2 2 2 2 2 2 2 2 2 2 2 2 2 2 2
left_child=1 4 5 10 12 -3 7 14 9 16 30 43 34 17 29 28 -8 18 20 -14 -4 -21 -23 37 25 -25 40 32 -13 -6 -2 39 -10 -32 35 42 -19 -15 -20 -5 -12 -26 -1 -7 -28
right_child=3 2 13 31 6 11 8 -9 27 -11 26 15 19 23 -16 -17 -18 36 38 21 -22 22 -24 24 41 -27 44 -29 -30 -31 33 -33 -34 -35 -36 -37 -38 -39 -40 -41 -42 -43 -44 -45 -46
leaf_value= 0.085717834296979406 0.068400033164394677 0.011145650808108398 0.07382944590635887 0.14435820378014125 0.02791790518290024 0.097301955785311714 0.026432810371469068 -0.053998069093752182 -0.014967710135335273 -0.067550456763213779 0.036206370672503131 0.066019858142000259 -0.015498380553307484 0.020229316771952277 -0.032033608707501791 -0.0072095240231557587 -0.024784769521438047 0.020280519383536144 -0.0071025924293992475 0.094950908757746227 0.020696563311662176 0.04392402269787643 -0.0066474829139474756 -0.0017026386120419718 -0.032149953690196319 -0.032774124181780377 0.060700756842646031 -0.078452053116334075 -0.037186607244339857 -0.006824078328611068 0.093677157964815086 0.10175070865204493 -0.059329860372807144 0.13954457519259178 -0.04966162509736341 -0.056609549134149464 -0.027624055231466604 -0.02308470001293467 -0.064558788016438481 0.018521566231819716 0.11763302870094777 -0.075813631713390353 -0.0070596128649423051 0.1485746494033619 0.10106651798869107
leaf_weight=19 169 416 129 491 240 141 205 1075 110 445 727 686 244 344 1148 122 711 110 184 70 1337 298 207 893 234 437 310 868 22 865 253 168 1065 147 229 109 342 139 79 10.999999999999998 25 126 362 95 105
leaf_count=19 169 416 129 491 240 141 205 1075 110 445 727 686 244 344 1148 122 711 110 184 70 1337 298 207 893 234 437 310 868 22 865 253 168 1065 147 229 109 342 139 79 11 25 126 362 95 105
model_size=5072
internal_value=0 -0.0143657 0.0120744 0.0842239 -0.0330241 0.0513244 -0.0399907 -0.0282527 -0.0514666 -0.031053 0.0659361 0.0670039 -0.0025303 -0.00128538 -0.0159685 0.0525204 -0.0133223 0.0108078 0.017807 0.0178001 0.025372 0.0319302 0.0231947 -0.013423 -0.0194783 -0.0119118 0.0502931 -0.0650657 0.0628129 0.000721692 0.0980193 0.131609 -0.0551768 0.110533 -0.0256883 -0.0144845 -0.0159659 0.00776421 -0.0243613 0.141601 0.0389134 -0.0474322 -0.00243292 0.117941 0.0709138
internal_weight=0 14106 5836 2406 8270 1482 6732 3328 3404 1361 1736 1066 1538 4354 2253 830 916 2181 1729 819 1466 575 505 2173 1690 1330 1167 2043 708 1105 569 670 1175 400 719 490 452 483 263 502 752 360 381 236 415
internal_count=16512 14106 5836 2406 8270 1482 6732 3328 3404 1361 1736 1066 1538 4354 2253 830 916 2181 1729 819 1466 575 505 2173 1690 1330 1167 2043 708 1105 569 670 1175 400 719 490 452 483 263 502 752 360 381 236 415
is_linear=0
shrinkage=0.1


Tree=7
num_leaves= 42
num_cat= 0
full_tree_array_lgbids= 0 2 1 5 3 4 6 33 21 7 8 19 20 15 -8 34 -35 -7 27 40 14 11 9 38 28 -6 25 -3 -17 -2147483648 -2147483648 -1 35 -2147483648 -2147483648 -2147483648 -2147483648 -23 32 -4 -42 16 -16 17 26 10 12 -2 -40 -21 39 -2147483648 -2147483648 29 -27 -2147483648 -2147483648 -2147483648 -2147483648 -2147483648 -2147483648 -2147483648 -2147483648 -2147483648 -2147483648 -36 -37 -2147483648 -2147483648 -2147483648 -2147483648 -2147483648 -2147483648 -2147483648 -2147483648 -2147483648 -2147483648 -29 -34 -2147483648 -2147483648 -2147483648 -2147483648 37 31 -2147483648 -2147483648 24 18 36 -28 22 13 23 -14 -2147483648 -2147483648 -2147483648 -2147483648 -2147483648 -2147483648 -30 -41 -2147483648 -2147483648 -2147483648 -2147483648 30 -31 -2147483648 -2147483648 -2147483648 -2147483648 -2147483648 -2147483648 -2147483648 -2147483648 -2147483648 -2147483648 -2147483648 -2147483648 -2147483648 -2147483648 -2147483648 -2147483648 -2147483648 -2147483648 -2147483648 -2147483648 -2147483648 -2147483648 -2147483648 -2147483648 -2147483648 -2147483648 -2147483648 -2147483648 -2147483648 -2147483648 -2147483648 -2147483648 -2147483648 -2147483648 -2147483648 -2147483648 -2147483648 -2147483648 -2147483648 -2147483648 -2147483648 -2147483648 -2147483648 -2147483648 -2147483648 -2147483648 -2147483648 -2147483648 -2147483648 -2147483648 -2147483648 -2147483648 -2147483648 -2147483648 -2147483648 -2147483648 -2147483648 -2147483648 -9 -39 -18 -33 -2147483648 -2147483648 -2147483648 -2147483648 -5 -26 -19 -20 -13 -38 -2147483648 -2147483648 -10 -24 -12 -15 -11 -25 -2147483648 -2147483648 -2147483648 -2147483648 -2147483648 -2147483648 -2147483648 -2147483648 -2147483648 -2147483648 -2147483648 -2147483648 -2147483648 -2147483648 -2147483648 -2147483648 -2147483648 -2147483648 -2147483648 -2147483648 -2147483648 -2147483648 -2147483648 -2147483648 -2147483648 -2147483648 -22 -32 -2147483648 -2147483648 -2147483648 -2147483648 -2147483648 -2147483648 -2147483648 -2147483648 -2147483648 -2147483648 -2147483648 -2147483648 -2147483648 -2147483648 -2147483648 -2147483648 -2147483648 -2147483648 -2147483648 -2147483648 -2147483648 -2147483648 -2147483648 -2147483648 -2147483648 -2147483648 -2147483648 -2147483648 -2147483648 -2147483648 -2147483648 -2147483648 -2147483648 -2147483648 -2147483648 -2147483648 -2147483648 -2147483648
split_feature= 1 1 1 6 6 3 1 2 8 7 8 7 8 8 7 2 1 8 7 2 2 1 6 7 6 8 7 6 6 6 7 4 3 8 7 8 8 6 5 4 1
split_gain= 1644 368.821 328.837 240.489 123.412 75.5122 60.2491 56.8574 56.0713 121.789 97.9178 74.3291 47.1299 34.6691 33.8693 30.4948 29.257 25.1947 27.237 23.1833 18.8807 17.9796 17.5644 16.9637 15.8798 14.4939 11.1037 10.8029 10.3521 7.53233 8.00423 5.25694 4.13786 3.57552 6.74035 12.3458 3.39224 3.12123 1.9484 0.821699 0.0881194
threshold= 4.6754000000000007 6.3350000000000009 2.5894500000000007 2.2038024706228287 2.5219735498882589 3.6482937607122259 8.0125000000000011 24.500000000000004 -121.85499999999998 34.455000000000005 -118.28499999999998 37.895000000000003 -119.94499999999998 -117.56499999999998 37.815000000000005 26.500000000000004 3.4105000000000003 -122.29499999999999 37.555000000000007 21.500000000000004 16.500000000000004 1.9486000000000003 2.8195662241432546 37.275000000000013 2.5891438608419741 -117.65499999999999 38.735000000000007 2.254419630548663 2.0653737590585881 2.9742256672023202 37.635000000000012 1.0239055440047398 4.446453722334005 -118.27499999999999 35.335000000000008 -121.87499999999999 -122.38499999999998 1.6125326273398461 374.50000000000006 1.0444603857803287 3.3627000000000002
decision_type= 2 2 2 2 2 2 2 2 2 2 2 2 2 2 2 2 2 2 2 2 2 2 2 2 2 2 2 2 2 2 2 2 2 2 2 2 2 2 2 2 2
left_child=2 4 5 7 19 33 15 40 11 10 22 17 23 -12 16 -3 37 24 -19 38 -6 -7 -10 -11 -5 29 36 -23 -21 30 -22 -18 -29 34 -1 -36 -13 -9 -2 -30 -4
right_child=1 6 3 8 20 21 -8 14 9 12 13 26 -14 -15 -16 -17 31 18 -20 28 25 27 -24 -25 -26 -27 -28 32 39 -31 -32 -33 -34 -35 35 -37 -38 -39 -40 -41 -42
leaf_value= 0.018029218498423236 -0.042347781361207704 0.059516865235181453 -0.014276852446414953 0.10365405944542271 0.00015476546201699474 -0.061202561510705744 0.12319100210022514 0.10585812373037423 0.04269002215340325 -0.0022599655645096613 -0.0086248938813153937 0.013306177894813581 -0.071318036979116955 -0.037172323170704416 -0.0012585621788479221 0.10394670932260278 0.046155851214409696 0.038593891121697831 -0.016979561005913035 0.12837122326716782 0.052467865125561425 -0.018692407974146032 0.0039722343481742679 -0.038953586734107974 0.034536831671857025 -0.01691716054708443 -0.054635238060986413 -0.032726751426748031 0.059910820382575614 0.018499579199770879 0.01359826117142956 0.10358009054431792 -0.054161427316525269 -0.028030665528691229 0.0066357209600442866 -0.066268213295067352 -0.027436323291393089 0.031746269778359301 0.045090865800568071 0.099986763411736193 0.018804757118618107
leaf_weight=259 22 561 212 89 623 1326 548 33 420 290 1715 171 509 893 134 365 73 260 264 100 555 376 401 983 193 132 180 583 252 693 189 241 1087 415 114 84 244 302 204 135 282
leaf_count=259 22 561 212 89 623 1326 548 33 420 290 1715 171 509 893 134 365 73 260 264 100 555 376 401 983 193 132 180 583 252 693 189 241 1087 415 114 84 244 302 204 135 282
model_size=4624
internal_value=0 0.0527315 -0.0190317 -0.00671846 0.0316947 -0.0419202 0.0941914 0.0340802 -0.0145981 -0.0199024 -0.00830093 0.00513146 -0.0422265 -0.0183998 0.0526746 0.0770297 0.0638103 0.0266038 0.0105951 0.0697051 0.0193309 -0.0492693 0.0237791 -0.0305945 0.0563504 0.0269451 -0.0239554 -0.0415354 0.0850777 0.0309742 0.0425937 0.0902299 -0.0466785 -0.0135014 -0.000307418 -0.0242932 -0.0106484 0.0390468 0.0365791 0.0738908 0.00460779
internal_weight=0 4379 12133 7889 2905 4244 1474 1277 6612 5211 3429 1401 1782 2608 783 926 649 806 524 713 2192 3372 821 1273 282 1569 595 2046 487 1437 744 314 1670 872 457 198 415 335 226 387 494
internal_count=16512 4379 12133 7889 2905 4244 1474 1277 6612 5211 3429 1401 1782 2608 783 926 649 806 524 713 2192 3372 821 1273 282 1569 595 2046 487 1437 744 314 1670 872 457 198 415 335 226 387 494
is_linear=0
shrinkage=0.1


Tree=8
num_leaves= 30
num_cat= 0
full_tree_array_lgbids= 0 2 1 6 3 4 7 -1 20 10 5 11 21 15 -9 -2147483648 -2147483648 22 25 -4 14 8 16 -2 12 -6 -23 -3 -17 -2147483648 -2147483648 -2147483648 -2147483648 -2147483648 -2147483648 -8 -24 -22 -27 -2147483648 -2147483648 23 -16 9 -10 17 -18 -2147483648 -2147483648 -13 26 -2147483648 -2147483648 -2147483648 -2147483648 -2147483648 -2147483648 -2147483648 -2147483648 -2147483648 -2147483648 -2147483648 -2147483648 -2147483648 -2147483648 -2147483648 -2147483648 -2147483648 -2147483648 -2147483648 -2147483648 -2147483648 -2147483648 -2147483648 -2147483648 -2147483648 -2147483648 -2147483648 -2147483648 -2147483648 -2147483648 -2147483648 -2147483648 -12 24 -2147483648 -2147483648 -5 13 -2147483648 -2147483648 19 18 -2147483648 -2147483648 -2147483648 -2147483648 -2147483648 -2147483648 -2147483648 -2147483648 28 27 -2147483648 -2147483648 -2147483648 -2147483648 -2147483648 -2147483648 -2147483648 -2147483648 -2147483648 -2147483648 -2147483648 -2147483648 -2147483648 -2147483648 -2147483648 -2147483648 -2147483648 -2147483648 -2147483648 -2147483648 -2147483648 -2147483648 -2147483648 -2147483648 -2147483648 -2147483648 -2147483648 -2147483648 -2147483648 -2147483648 -2147483648 -2147483648 -2147483648 -2147483648 -2147483648 -2147483648 -2147483648 -2147483648 -2147483648 -2147483648 -2147483648 -2147483648 -2147483648 -2147483648 -2147483648 -2147483648 -2147483648 -2147483648 -2147483648 -2147483648 -2147483648 -2147483648 -2147483648 -2147483648 -2147483648 -2147483648 -2147483648 -2147483648 -2147483648 -2147483648 -2147483648 -2147483648 -2147483648 -2147483648 -2147483648 -2147483648 -25 -26 -2147483648 -2147483648 -2147483648 -2147483648 -2147483648 -2147483648 -11 -15 -2147483648 -2147483648 -2147483648 -2147483648 -7 -21 -19 -20 -2147483648 -2147483648 -2147483648 -2147483648 -2147483648 -2147483648 -2147483648 -2147483648 -2147483648 -2147483648 -2147483648 -2147483648 -2147483648 -2147483648 -2147483648 -2147483648 -14 -30 -28 -29 -2147483648 -2147483648 -2147483648 -2147483648 -2147483648 -2147483648 -2147483648 -2147483648 -2147483648 -2147483648 -2147483648 -2147483648 -2147483648 -2147483648 -2147483648 -2147483648 -2147483648 -2147483648 -2147483648 -2147483648 -2147483648 -2147483648 -2147483648 -2147483648 -2147483648 -2147483648 -2147483648 -2147483648 -2147483648 -2147483648 -2147483648 -2147483648 -2147483648 -2147483648 -2147483648 -2147483648 -2147483648 -2147483648 -2147483648 -2147483648 -2147483648 -2147483648 -2147483648 -2147483648 -2147483648 -2147483648 -2147483648 -2147483648
split_feature= 1 1 1 6 6 6 3 1 7 8 2 2 6 8 1 2 8 7 8 6 7 1 8 8 7 8 7 8 8
split_gain= 1337.04 325.939 239.749 196.17 102.331 55.8983 53.8986 41.6379 34.865 53.5007 34.6824 25.6208 22.9705 18.7941 18.665 16.8443 15.3964 23.3983 47.4096 16.6439 11.6088 10.9596 6.807 6.52957 12.8374 3.41658 1.39976 18.6252 11.257
threshold= 4.5301500000000017 6.3963500000000009 2.5205000000000006 2.0653737590585881 2.735488224282792 2.5949646725452555 3.5590287573586119 7.852450000000001 37.935000000000009 -122.33499999999999 19.500000000000004 21.500000000000004 2.1628386478062818 -117.69499999999998 3.6835000000000004 27.500000000000004 -117.79499999999999 34.525000000000013 -121.56499999999998 3.7262884683064175 35.335000000000008 5.6851000000000012 -118.35499999999998 -122.31499999999998 37.665000000000006 -119.84499999999998 37.615000000000002 -122.44499999999998 -118.36499999999999
decision_type= 2 2 2 2 2 2 2 2 2 2 2 2 2 2 2 2 2 2 2 2 2 2 2 2 2 2 2 2 2
left_child=2 4 6 10 11 8 -1 15 9 -5 -4 -2 -13 -11 23 -3 17 19 -19 -7 22 -6 -8 -12 -25 -22 28 -28 -14
right_child=1 7 3 5 21 16 20 -9 -10 13 14 12 26 -15 -16 -17 -18 18 -20 -21 25 -23 -24 24 -26 -27 27 -29 -30
leaf_value= -0.011200147844830206 0.024895143177248454 0.053641164221773202 0.00089395054187696747 0.084157784389568863 0.0053862582595499212 0.0023121990902586825 -0.00039655068197616328 0.10883033172050048 -0.024694825778983517 0.011651799144716375 0.092099841516464956 0.10392764264624016 0.079466052545833485 -0.025486057957254615 0.08655596599854419 0.094292016461766603 -0.037525116111322671 -0.0086206132560335495 -0.042984345772842887 -0.025736396579048967 -0.047891939208402581 0.030828580589017288 -0.039568409014831857 0.043361233261368072 -0.018734095707838936 -0.071556081506820204 0.086691898118817445 0.0010429969764307893 0.036719712436259273
leaf_weight=716 433 505 262 114 1465 1255 153 609 548 1199 60 169 318 298 193 298 845 1026 1060 569 1337 526 1294 305 91 411 66 139 248
leaf_count=716 433 505 262 114 1465 1255 153 609 548 1199 60 169 318 298 193 298 845 1026 1060 569 1337 526 1294 305 91 411 66 139 248
model_size=3280
internal_value=0 0.0448406 -0.018248 -0.00785129 0.0275545 -0.0138013 -0.0390495 0.0860237 0.00112871 0.00991288 0.0373061 0.0499539 0.0614969 0.00425896 0.0520056 0.068727 -0.0205802 -0.0169182 -0.0260825 -0.00643761 -0.0452905 0.0121078 -0.0354265 0.0373824 0.0290919 -0.053456 0.0521963 0.0286178 0.0607362
internal_weight=0 4776 11736 7825 3364 6914 3911 1412 2159 1611 911 1373 940 1497 649 803 4755 3910 2086 1824 3195 1991 1447 456 396 1748 771 205 566
internal_count=16512 4776 11736 7825 3364 6914 3911 1412 2159 1611 911 1373 940 1497 649 803 4755 3910 2086 1824 3195 1991 1447 456 396 1748 771 205 566
is_linear=0
shrinkage=0.1


Tree=9
num_leaves= 33
num_cat= 0
full_tree_array_lgbids= 0 1 3 4 2 5 23 16 7 6 12 18 30 29 -25 17 -18 9 10 8 -8 13 22 19 28 -7 -32 -5 -31 -2147483648 -2147483648 20 -19 -2147483648 -2147483648 -6 -11 25 -12 -3 11 -2147483648 -2147483648 14 -15 27 -24 31 26 -20 -30 -2147483648 -2147483648 -2147483648 -2147483648 -2147483648 -2147483648 -2147483648 -2147483648 -2147483648 -2147483648 -2147483648 -2147483648 -1 21 -2147483648 -2147483648 -2147483648 -2147483648 -2147483648 -2147483648 -2147483648 -2147483648 -2147483648 -2147483648 -9 -27 -2147483648 -2147483648 -2147483648 -2147483648 -10 24 -2147483648 -2147483648 -2147483648 -2147483648 -4 15 -2147483648 -2147483648 -14 -29 -2147483648 -2147483648 -2 -33 -21 -28 -2147483648 -2147483648 -2147483648 -2147483648 -2147483648 -2147483648 -2147483648 -2147483648 -2147483648 -2147483648 -2147483648 -2147483648 -2147483648 -2147483648 -2147483648 -2147483648 -2147483648 -2147483648 -2147483648 -2147483648 -2147483648 -2147483648 -2147483648 -2147483648 -2147483648 -2147483648 -2147483648 -2147483648 -2147483648 -2147483648 -22 -23 -2147483648 -2147483648 -2147483648 -2147483648 -2147483648 -2147483648 -2147483648 -2147483648 -2147483648 -2147483648 -2147483648 -2147483648 -2147483648 -2147483648 -2147483648 -2147483648 -2147483648 -2147483648 -2147483648 -2147483648 -2147483648 -2147483648 -2147483648 -2147483648 -2147483648 -2147483648 -2147483648 -2147483648 -2147483648 -2147483648 -2147483648 -2147483648 -2147483648 -2147483648 -13 -26 -2147483648 -2147483648 -2147483648 -2147483648 -2147483648 -2147483648 -2147483648 -2147483648 -2147483648 -2147483648 -16 -17 -2147483648 -2147483648 -2147483648 -2147483648 -2147483648 -2147483648 -2147483648 -2147483648 -2147483648 -2147483648 -2147483648 -2147483648 -2147483648 -2147483648 -2147483648 -2147483648 -2147483648 -2147483648 -2147483648 -2147483648 -2147483648 -2147483648 -2147483648 -2147483648 -2147483648 -2147483648 -2147483648 -2147483648 -2147483648 -2147483648 -2147483648 -2147483648 -2147483648 -2147483648 -2147483648 -2147483648 -2147483648 -2147483648 -2147483648 -2147483648 -2147483648 -2147483648 -2147483648 -2147483648 -2147483648 -2147483648 -2147483648 -2147483648 -2147483648 -2147483648 -2147483648 -2147483648 -2147483648 -2147483648 -2147483648 -2147483648 -2147483648 -2147483648 -2147483648 -2147483648 -2147483648 -2147483648 -2147483648 -2147483648 -2147483648 -2147483648 -2147483648 -2147483648 -2147483648 -2147483648 -2147483648 -2147483648 -2147483648 -2147483648 -2147483648 -2147483648
split_feature= 1 1 6 1 6 6 7 1 2 3 3 6 8 7 8 7 7 8 7 8 7 8 7 1 8 8 7 7 8 4 7 6
split_gain= 1087.89 320.052 172.714 138.709 73.4149 53.32 46.5975 39.537 38.1111 27.3306 24.5314 24.4232 21.9472 18.4855 21.1063 79.6176 8.84551 19.4813 8.45291 14.795 7.13886 12.2849 5.78293 5.73515 4.80162 4.08772 2.75537 2.66092 2.39896 1.2373 0.89827 0.0674868
threshold= 5.2771000000000017 3.3277500000000004 2.5102460737381374 7.2638000000000007 2.0376051459673437 2.7472725830126556 37.935000000000009 2.2210000000000005 19.500000000000004 3.4845502266762112 4.7252880533656763 1.9628175980828908 -117.79499999999999 37.945000000000007 -121.28499999999998 34.655000000000008 38.455000000000005 -118.25499999999998 37.955000000000005 -117.85499999999998 34.965000000000011 -121.87499999999999 33.655000000000008 9.1688500000000008 -117.16499999999998 -122.38499999999998 33.625000000000007 33.005000000000003 -122.40499999999999 1.0076024985240879 37.955000000000005 2.2634687595142249
decision_type= 2 2 2 2 2 2 2 2 2 2 2 2 2 2 2 2 2 2 2 2 2 2 2 2 2 2 2 2 2 2 2 2
left_child=1 4 6 5 16 18 8 9 -3 -6 25 -10 13 14 -4 -16 17 20 19 31 -1 -22 27 29 -13 -9 -21 -14 -20 -5 -7 -2
right_child=3 2 12 23 7 30 -8 10 11 -11 -12 24 22 -15 15 -17 -18 -19 28 26 21 -23 -24 -25 -26 -27 -28 -29 -30 -31 -32 -33
leaf_value= 0.057688421946578874 0.10220860779717021 0.0086939976341182494 0.021865043437477048 0.056772772777844129 -0.013327586658948041 0.029418522612244025 -0.011323846425170085 0.029845314064166614 0.084005965669009197 -0.047938843304758907 -0.032266965272185331 0.043197021547151354 -0.026039089765131047 -0.021545842625297348 0.0066579521141264045 -0.047383517099964891 -0.037307172273129165 -0.015422489810601717 0.080344570978828106 0.054074756998380415 0.028043073525710217 -0.04876510766098055 -0.043722918734355055 0.1116605674063689 -0.035294100608338007 -0.015002323835088477 -0.017094017797264091 0.017961314006326654 -0.023904625014128055 0.092315385957384616 -0.0081390980547824034 0.067381708218209643
leaf_weight=163 164 414 732 201 424 1131 281 99 266 2048 2221 864 260 699 1651 402 119 297 23 89 209 59 358 304 33 1791 57 139 51 349 123 491
leaf_count=163 164 414 732 201 424 1131 281 99 266 2048 2221 864 260 699 1651 402 119 297 23 89 209 59 358 304 33 1791 57 139 51 349 123 491
model_size=3616
internal_value=0 -0.0121339 0.00522755 0.0550316 -0.0263852 0.0406693 0.0317117 -0.0302915 0.0393801 -0.0420023 -0.0232497 0.0503036 -0.00637528 -0.00204111 0.00285433 -0.00392396 0.00397525 0.0107233 0.0620728 0.0670224 0.0287403 0.0111338 -0.0263228 0.0908363 0.0403094 -0.0126532 0.0262897 -0.0107106 0.00849715 0.0793262 0.0257346 0.0761017
internal_weight=0 13529 6099 2983 7430 2129 1858 6583 1577 2472 4111 1163 4241 3484 2785 2053 847 728 875 801 431 268 757 854 897 1890 146 399 74 550 1254 655
internal_count=16512 13529 6099 2983 7430 2129 1858 6583 1577 2472 4111 1163 4241 3484 2785 2053 847 728 875 801 431 268 757 854 897 1890 146 399 74 550 1254 655
is_linear=0
shrinkage=0.1


Tree=10
num_leaves= 30
num_cat= 0
full_tree_array_lgbids= 0 2 1 7 4 3 8 -1 11 10 5 6 9 22 26 -2147483648 -2147483648 -9 27 -4 23 14 21 -2 19 25 12 -3 -24 -10 -28 -2147483648 -2147483648 -2147483648 -2147483648 -2147483648 -2147483648 28 -29 -2147483648 -2147483648 24 -25 16 15 -7 -23 -2147483648 -2147483648 -8 -21 -5 -27 13 -14 -2147483648 -2147483648 -2147483648 -2147483648 -2147483648 -2147483648 -2147483648 -2147483648 -2147483648 -2147483648 -2147483648 -2147483648 -2147483648 -2147483648 -2147483648 -2147483648 -2147483648 -2147483648 -2147483648 -2147483648 -13 -30 -2147483648 -2147483648 -2147483648 -2147483648 -2147483648 -2147483648 -12 -26 -2147483648 -2147483648 -6 18 17 -17 -2147483648 -2147483648 -2147483648 -2147483648 -2147483648 -2147483648 -2147483648 -2147483648 -2147483648 -2147483648 -2147483648 -2147483648 -2147483648 -2147483648 -2147483648 -2147483648 20 -15 -2147483648 -2147483648 -2147483648 -2147483648 -2147483648 -2147483648 -2147483648 -2147483648 -2147483648 -2147483648 -2147483648 -2147483648 -2147483648 -2147483648 -2147483648 -2147483648 -2147483648 -2147483648 -2147483648 -2147483648 -2147483648 -2147483648 -2147483648 -2147483648 -2147483648 -2147483648 -2147483648 -2147483648 -2147483648 -2147483648 -2147483648 -2147483648 -2147483648 -2147483648 -2147483648 -2147483648 -2147483648 -2147483648 -2147483648 -2147483648 -2147483648 -2147483648 -2147483648 -2147483648 -2147483648 -2147483648 -2147483648 -2147483648 -2147483648 -2147483648 -2147483648 -2147483648 -2147483648 -2147483648 -2147483648 -2147483648 -2147483648 -2147483648 -2147483648 -2147483648 -2147483648 -2147483648 -2147483648 -2147483648 -2147483648 -2147483648 -2147483648 -2147483648 -18 -20 -16 -19 -2147483648 -2147483648 -2147483648 -2147483648 -2147483648 -2147483648 -2147483648 -2147483648 -2147483648 -2147483648 -2147483648 -2147483648 -2147483648 -2147483648 -2147483648 -2147483648 -2147483648 -2147483648 -2147483648 -2147483648 -2147483648 -2147483648 -2147483648 -2147483648 -2147483648 -2147483648 -2147483648 -2147483648 -2147483648 -2147483648 -2147483648 -2147483648 -2147483648 -2147483648 -11 -22 -2147483648 -2147483648 -2147483648 -2147483648 -2147483648 -2147483648 -2147483648 -2147483648 -2147483648 -2147483648 -2147483648 -2147483648 -2147483648 -2147483648 -2147483648 -2147483648 -2147483648 -2147483648 -2147483648 -2147483648 -2147483648 -2147483648 -2147483648 -2147483648 -2147483648 -2147483648 -2147483648 -2147483648 -2147483648 -2147483648 -2147483648 -2147483648 -2147483648 -2147483648 -2147483648 -2147483648 -2147483648 -2147483648
split_feature= 1 1 6 6 1 2 2 1 2 8 3 2 7 6 7 8 8 7 8 6 8 8 1 7 8 7 1 7 8
split_gain= 895.105 270.842 115.001 108.671 75.4343 30.4519 28.7929 26.5483 26.012 25.2464 24.2822 16.7052 16.4011 17.8212 14.7626 60.858 41.1788 28.0558 11.1397 10.9377 8.15885 8.05809 6.16431 5.08236 4.78804 3.33744 2.59182 2.11012 0.293755
threshold= 4.125700000000001 6.3350000000000009 2.0376051459673437 2.4469862317432325 2.5044000000000004 51.500000000000007 16.500000000000004 2.6992500000000006 21.500000000000004 -122.21499999999999 3.3654435698213785 24.500000000000004 37.615000000000002 3.1747392355722384 34.525000000000013 -119.94499999999998 -118.30499999999999 37.925000000000004 -117.56499999999998 2.0653737590585881 -118.22499999999998 -122.40499999999999 8.7395500000000013 34.455000000000005 -118.36499999999999 37.595000000000006 7.7055000000000016 37.815000000000005 -118.36499999999999
decision_type= 2 2 2 2 2 2 2 2 2 2 2 2 2 2 2 2 2 2 2 2 2 2 2 2 2 2 2 2 2
left_child=2 3 7 6 10 14 -2 -1 22 25 -4 -9 13 20 16 17 -6 -16 -18 -8 -11 -7 -3 24 -12 -5 -10 28 -13
right_child=1 8 4 9 5 21 19 11 26 12 23 27 -14 -15 15 -17 18 -19 -20 -21 -22 -23 -24 -25 -26 -27 -28 -29 -30
leaf_value= -0.007038242764765253 0.010244883488789625 0.040296220931476168 -0.0062509691311244207 0.092635801432990161 0.017828958462929024 0.060269076256168501 0.089623888537997187 0.0030357402078978004 0.069441868912793553 0.03086623626077712 0.022756354653761843 0.075336317646210627 -0.016297486452826516 -0.0043388878952634628 -0.0010593528062817724 -0.06060987704403778 -0.0085465275228465733 -0.029244470765596671 -0.031094936386749525 0.049127491998200615 0.0073554394170000665 0.0036823014456218578 0.087004174701043324 -0.045922413099265987 -0.032213728686009739 0.031531664677033569 0.098518471488264578 -0.0038662072848873563 0.030936912462619467
leaf_weight=528 220 495 431 61 609 107 228 249 438 850 71 201 523 947 1019 470 1488 1186 808 547 861 234 124 1706 1218 289 417 54 133
leaf_count=528 220 495 431 61 609 107 228 249 438 850 71 201 523 947 1019 470 1488 1186 808 547 861 234 124 1706 1218 289 417 54 133
model_size=3280
internal_value=0 0.0310823 -0.0177411 0.0186171 -0.0216735 -0.0141739 0.0498099 0.0138096 0.0693575 0.00982732 -0.0346347 0.03109 0.00626747 0.0107075 -0.0163502 -0.0240187 -0.00928885 -0.0162192 -0.0164817 0.0610413 0.0190353 0.0214383 0.0496529 -0.0387193 -0.0291859 0.0421812 0.0836231 0.0490939 0.0576563
internal_weight=0 6000 10512 4526 9347 5921 995 1165 1474 3531 3426 637 3181 2658 5580 2675 2905 2205 2296 775 1711 341 619 2995 1289 350 855 388 334
internal_count=16512 6000 10512 4526 9347 5921 995 1165 1474 3531 3426 637 3181 2658 5580 2675 2905 2205 2296 775 1711 341 619 2995 1289 350 855 388 334
is_linear=0
shrinkage=0.1


Tree=11
num_leaves= 31
num_cat= 0
full_tree_array_lgbids= 0 1 3 4 2 7 28 5 11 8 21 22 -9 -5 29 6 -7 12 13 -3 9 -4 -23 23 25 -2147483648 -2147483648 -2147483648 -2147483648 -30 -31 -1 10 -2147483648 -2147483648 19 -14 14 -15 -2147483648 -2147483648 -10 16 -2147483648 -2147483648 -2147483648 -2147483648 26 24 -24 -27 -2147483648 -2147483648 -2147483648 -2147483648 -2147483648 -2147483648 -2147483648 -2147483648 -2147483648 -2147483648 -2147483648 -2147483648 -2147483648 -2147483648 15 -12 -2147483648 -2147483648 -2147483648 -2147483648 20 -21 -2147483648 -2147483648 18 -16 -2147483648 -2147483648 -2147483648 -2147483648 -2147483648 -2147483648 -2147483648 -2147483648 17 -18 -2147483648 -2147483648 -2147483648 -2147483648 -2147483648 -2147483648 -2147483648 -2147483648 27 -28 -25 -26 -2147483648 -2147483648 -2147483648 -2147483648 -2147483648 -2147483648 -2147483648 -2147483648 -2147483648 -2147483648 -2147483648 -2147483648 -2147483648 -2147483648 -2147483648 -2147483648 -2147483648 -2147483648 -2147483648 -2147483648 -2147483648 -2147483648 -2147483648 -2147483648 -2147483648 -2147483648 -2147483648 -2147483648 -2147483648 -2147483648 -2147483648 -2147483648 -8 -17 -2147483648 -2147483648 -2147483648 -2147483648 -2147483648 -2147483648 -2147483648 -2147483648 -2147483648 -2147483648 -6 -22 -2147483648 -2147483648 -2147483648 -2147483648 -2147483648 -2147483648 -13 -20 -2147483648 -2147483648 -2147483648 -2147483648 -2147483648 -2147483648 -2147483648 -2147483648 -2147483648 -2147483648 -2147483648 -2147483648 -2147483648 -2147483648 -2147483648 -2147483648 -2147483648 -2147483648 -11 -19 -2147483648 -2147483648 -2147483648 -2147483648 -2147483648 -2147483648 -2147483648 -2147483648 -2147483648 -2147483648 -2147483648 -2147483648 -2147483648 -2147483648 -2147483648 -2147483648 -2147483648 -2147483648 -2 -29 -2147483648 -2147483648 -2147483648 -2147483648 -2147483648 -2147483648 -2147483648 -2147483648 -2147483648 -2147483648 -2147483648 -2147483648 -2147483648 -2147483648 -2147483648 -2147483648 -2147483648 -2147483648 -2147483648 -2147483648 -2147483648 -2147483648 -2147483648 -2147483648 -2147483648 -2147483648 -2147483648 -2147483648 -2147483648 -2147483648 -2147483648 -2147483648 -2147483648 -2147483648 -2147483648 -2147483648 -2147483648 -2147483648 -2147483648 -2147483648 -2147483648 -2147483648 -2147483648 -2147483648 -2147483648 -2147483648 -2147483648 -2147483648 -2147483648 -2147483648 -2147483648 -2147483648 -2147483648 -2147483648 -2147483648 -2147483648 -2147483648 -2147483648 -2147483648 -2147483648 -2147483648 -2147483648
split_feature= 1 1 6 1 6 7 8 6 2 6 8 7 8 8 7 7 7 8 8 7 8 8 8 7 8 7 4 8 3 8
split_gain= 729.297 221.722 100.063 72.2051 58.0615 32.6152 33.9815 30.5329 27.7812 32.905 22.7414 22.0269 25.0913 19.6571 26.4062 16.7036 12.962 8.61769 7.1381 6.61996 7.78786 6 5.7886 10.9248 23.1511 2.61269 2.07649 3.45928 1.05562 1.20084
threshold= 5.3736000000000006 3.5488500000000003 2.6829812717770039 7.2638000000000007 2.4404597018862955 37.925000000000004 -122.31499999999998 3.0089663118548242 18.500000000000004 1.9628175980828908 -117.145 34.715000000000011 -117.79499999999999 -120.56499999999998 37.895000000000003 34.455000000000005 37.895000000000003 -117.16499999999998 -122.31499999999998 34.025000000000013 -118.38499999999998 -122.40499999999999 -117.85499999999998 37.615000000000002 -122.40499999999999 33.935000000000009 1.0626400004008962 -122.02499999999999 4.9749804381846641 -118.00499999999998
decision_type= 2 2 2 2 2 2 2 2 2 2 2 2 2 2 2 2 2 2 2 2 2 2 2 2 2 2 2 2 2 2
left_child=1 4 8 7 5 6 -1 22 -3 -10 15 12 19 14 18 -8 17 -11 -13 20 -6 -4 23 26 -25 -24 27 -2 -5 -30
right_child=3 2 21 28 11 -7 10 -9 9 16 -12 13 -14 -15 -16 -17 -18 -19 -20 -21 -22 -23 25 24 -26 -27 -28 -29 29 -31
leaf_value= 0.067084661520936562 0.098237677444429961 0.00028221387926723152 0.024485339580388329 -0.055854067206382751 0.090729361517648946 -0.028309889743012406 0.018476432324189475 0.015363219184713273 0.074564354373221717 0.03492600068087981 -0.037234159884788835 0.031142966153233632 -0.035744686530152087 -0.051743066555679632 -0.040582697383930916 -0.012999947385533768 -0.0052816852372066653 -0.035457432381092356 -0.017110365874507798 0.00038203097337318847 -0.022160947259274161 -0.0079250364502478614 0.03143017021575361 0.084992367194388962 0.0035296621769268875 -0.048943714255138354 0.090655191467682791 0.045718901455347592 0.083766952634971178 0.050898605596360773
leaf_weight=115 85 579 225 9.9999999999999982 19 671 801 730 234 1137 251 115 973 860 1058 561 255 52 735 965 1146 2967 192 84 199 34 190 425 629 215
leaf_count=115 85 579 225 10 19 671 801 730 234 1137 251 115 973 860 1058 561 255 52 735 965 1146 2967 192 84 199 34 190 425 629 215
model_size=3392
internal_value=0 -0.00958574 0.00663008 0.0470844 -0.0202701 -0.00546908 0.00340024 0.0352927 0.0239839 0.0321623 -0.00114019 -0.0263181 -0.0187185 -0.0348375 -0.0272176 0.00551149 0.025291 0.0318478 -0.010582 -0.0109408 -0.0203198 -0.00564047 0.0473263 0.0537609 0.0277094 0.0193385 0.0642932 0.054472 0.0738572 0.0753941
internal_weight=0 13719 5449 2793 8270 2399 1728 1939 2257 1678 1613 5871 3103 2768 1908 1362 1444 1189 850 2130 1165 3192 1209 983 283 226 700 510 854 844
internal_count=16512 13719 5449 2793 8270 2399 1728 1939 2257 1678 1613 5871 3103 2768 1908 1362 1444 1189 850 2130 1165 3192 1209 983 283 226 700 510 854 844
is_linear=0
shrinkage=0.1


Tree=12
num_leaves= 21
num_cat= 0
full_tree_array_lgbids= 0 2 1 3 10 9 11 4 -5 13 -12 17 14 12 -13 18 5 -2147483648 -2147483648 -4 -15 -2147483648 -2147483648 -2 19 -11 15 -3 -14 -2147483648 -2147483648 -1 -20 6 -7 -2147483648 -2147483648 -2147483648 -2147483648 -2147483648 -2147483648 -2147483648 -2147483648 -2147483648 -2147483648 -2147483648 -2147483648 -2147483648 -2147483648 -19 -21 -2147483648 -2147483648 16 -17 -2147483648 -2147483648 -2147483648 -2147483648 -2147483648 -2147483648 -2147483648 -2147483648 -2147483648 -2147483648 -2147483648 -2147483648 8 7 -2147483648 -2147483648 -2147483648 -2147483648 -2147483648 -2147483648 -2147483648 -2147483648 -2147483648 -2147483648 -2147483648 -2147483648 -2147483648 -2147483648 -2147483648 -2147483648 -2147483648 -2147483648 -2147483648 -2147483648 -2147483648 -2147483648 -2147483648 -2147483648 -2147483648 -2147483648 -2147483648 -2147483648 -2147483648 -2147483648 -2147483648 -2147483648 -2147483648 -2147483648 -2147483648 -2147483648 -2147483648 -2147483648 -16 -18 -2147483648 -2147483648 -2147483648 -2147483648 -2147483648 -2147483648 -2147483648 -2147483648 -2147483648 -2147483648 -2147483648 -2147483648 -2147483648 -2147483648 -2147483648 -2147483648 -2147483648 -2147483648 -2147483648 -2147483648 -2147483648 -2147483648 -2147483648 -2147483648 -2147483648 -2147483648 -6 -10 -8 -9 -2147483648 -2147483648 -2147483648 -2147483648 -2147483648 -2147483648 -2147483648 -2147483648 -2147483648 -2147483648 -2147483648 -2147483648 -2147483648 -2147483648 -2147483648 -2147483648 -2147483648 -2147483648 -2147483648 -2147483648 -2147483648 -2147483648 -2147483648 -2147483648 -2147483648 -2147483648 -2147483648 -2147483648 -2147483648 -2147483648 -2147483648 -2147483648 -2147483648 -2147483648 -2147483648 -2147483648 -2147483648 -2147483648 -2147483648 -2147483648 -2147483648 -2147483648 -2147483648 -2147483648 -2147483648 -2147483648 -2147483648 -2147483648 -2147483648 -2147483648 -2147483648 -2147483648 -2147483648 -2147483648 -2147483648 -2147483648 -2147483648 -2147483648 -2147483648 -2147483648 -2147483648 -2147483648 -2147483648 -2147483648 -2147483648 -2147483648 -2147483648 -2147483648 -2147483648 -2147483648 -2147483648 -2147483648 -2147483648 -2147483648 -2147483648 -2147483648 -2147483648 -2147483648 -2147483648 -2147483648 -2147483648 -2147483648 -2147483648 -2147483648 -2147483648 -2147483648 -2147483648 -2147483648 -2147483648 -2147483648 -2147483648 -2147483648 -2147483648 -2147483648 -2147483648 -2147483648 -2147483648 -2147483648 -2147483648 -2147483648 -2147483648 -2147483648 -2147483648 -2147483648 -2147483648 -2147483648 -2147483648 -2147483648 -2147483648 -2147483648 -2147483648 -2147483648 -2147483648 -2147483648 -2147483648 -2147483648
split_feature= 1 1 6 7 8 8 7 8 8 6 1 2 1 3 2 8 3 2 7 4
split_gain= 600.626 131.246 101.449 71.6148 64.1228 41.6059 47.6564 75.1533 52.8874 38.8899 28.1066 16.6706 7.8556 7.09453 3.46364 4.6644 3.44278 1.82001 0.935206 0.0557839
threshold= 4.5301500000000017 6.2770500000000009 2.5763869593405579 37.945000000000007 -122.40499999999999 -117.145 34.455000000000005 -120.56499999999998 -118.35499999999998 2.5163636904584812 2.6181500000000004 29.500000000000004 9.1688500000000008 3.7225222146274786 16.500000000000004 -117.65499999999999 5.664911080711355 21.500000000000004 37.765000000000008 0.96771928234867721
decision_type= 2 2 2 2 2 2 2 2 2 2 2 2 2 2 2 2 2 2 2 2
left_child=2 9 3 4 18 6 8 -8 -6 17 13 12 -3 -4 -11 16 -16 -2 -1 -19
right_child=1 11 10 -5 5 -7 7 -9 -10 14 -12 -13 -14 -15 15 -17 -18 19 -20 -21
leaf_value= 0.028136313624646782 0.019219507592091501 0.037474745820166237 -0.013357749090330216 -0.023594910416035994 0.056334256969466479 -0.032249512386378867 0.0096641485120833003 -0.055431940113970395 0.0096887253760381594 -0.0039208236591551171 -0.013756903587684189 0.074911609578190971 0.080752901605760263 -0.034663297886788 0.0031152701723436219 -0.019857562742127272 0.027193025984394843 0.005606714136682559 0.089351711229335329 0.058302578863505164
leaf_weight=70 261 806 683 1097 452 367 778 300 1088 678 4542 574 156 2218 504 149 1108 69 141 471
leaf_count=70 261 806 683 1097 452 367 778 300 1088 678 4542 574 156 2218 504 149 1108 69 141 471
model_size=2272
internal_value=0 0.0303074 -0.0123337 0.000871765 0.00926975 0.00504455 0.0102726 -0.00845165 0.0233795 0.0181934 -0.0199503 0.0558603 0.0444928 -0.0296472 0.0106941 0.0163209 0.019665 0.0410283 0.0690433 0.0515692
internal_weight=0 4776 11736 4293 3196 2985 2618 1078 1540 3240 7443 1536 962 2901 2439 1761 1612 801 211 540
internal_count=16512 4776 11736 4293 3196 2985 2618 1078 1540 3240 7443 1536 962 2901 2439 1761 1612 801 211 540
is_linear=0
shrinkage=0.1


Tree=13
num_leaves= 24
num_cat= 0
full_tree_array_lgbids= 0 2 1 4 11 3 10 5 -6 13 12 15 16 18 -12 -1 6 -2147483648 -2147483648 14 -15 17 -14 -2 -17 -5 19 -3 -20 -2147483648 -2147483648 -2147483648 -2147483648 7 -8 -2147483648 -2147483648 -2147483648 -2147483648 -4 -16 -2147483648 -2147483648 22 -19 -2147483648 -2147483648 -2147483648 -2147483648 -2147483648 -2147483648 -2147483648 -2147483648 20 -21 -2147483648 -2147483648 -2147483648 -2147483648 -2147483648 -2147483648 -2147483648 -2147483648 -2147483648 -2147483648 -2147483648 -2147483648 9 8 -2147483648 -2147483648 -2147483648 -2147483648 -2147483648 -2147483648 -2147483648 -2147483648 -2147483648 -2147483648 -2147483648 -2147483648 -2147483648 -2147483648 -2147483648 -2147483648 -2147483648 -2147483648 -13 -24 -2147483648 -2147483648 -2147483648 -2147483648 -2147483648 -2147483648 -2147483648 -2147483648 -2147483648 -2147483648 -2147483648 -2147483648 -2147483648 -2147483648 -2147483648 -2147483648 -2147483648 -2147483648 21 -22 -2147483648 -2147483648 -2147483648 -2147483648 -2147483648 -2147483648 -2147483648 -2147483648 -2147483648 -2147483648 -2147483648 -2147483648 -2147483648 -2147483648 -2147483648 -2147483648 -2147483648 -2147483648 -2147483648 -2147483648 -2147483648 -2147483648 -2147483648 -2147483648 -2147483648 -2147483648 -7 -11 -9 -10 -2147483648 -2147483648 -2147483648 -2147483648 -2147483648 -2147483648 -2147483648 -2147483648 -2147483648 -2147483648 -2147483648 -2147483648 -2147483648 -2147483648 -2147483648 -2147483648 -2147483648 -2147483648 -2147483648 -2147483648 -2147483648 -2147483648 -2147483648 -2147483648 -2147483648 -2147483648 -2147483648 -2147483648 -2147483648 -2147483648 -2147483648 -2147483648 -2147483648 -2147483648 -2147483648 -2147483648 -2147483648 -2147483648 -2147483648 -2147483648 -2147483648 -2147483648 -2147483648 -2147483648 -2147483648 -2147483648 -2147483648 -2147483648 -2147483648 -2147483648 -2147483648 -2147483648 -2147483648 -2147483648 -2147483648 -2147483648 -2147483648 -2147483648 -2147483648 -2147483648 -2147483648 -2147483648 -2147483648 -2147483648 -2147483648 -2147483648 -2147483648 -2147483648 -2147483648 -2147483648 -2147483648 -2147483648 -2147483648 -2147483648 -2147483648 -2147483648 -18 -23 -2147483648 -2147483648 -2147483648 -2147483648 -2147483648 -2147483648 -2147483648 -2147483648 -2147483648 -2147483648 -2147483648 -2147483648 -2147483648 -2147483648 -2147483648 -2147483648 -2147483648 -2147483648 -2147483648 -2147483648 -2147483648 -2147483648 -2147483648 -2147483648 -2147483648 -2147483648 -2147483648 -2147483648 -2147483648 -2147483648 -2147483648 -2147483648 -2147483648 -2147483648 -2147483648 -2147483648 -2147483648 -2147483648
split_feature= 1 1 6 6 7 8 8 7 8 8 1 7 8 8 6 2 8 7 6 7 8 7 8
split_gain= 486.413 140.488 58.4613 49.8264 43.946 46.8008 21.8281 27.6458 47.2533 34.9253 20.2179 12.7455 20.4162 18.6119 15.916 11.6838 10.4793 10.1009 9.62927 6.47139 8.5002 11.2476 3.09812
threshold= 4.125700000000001 5.8308000000000009 2.5763869593405579 2.3055777777777782 37.925000000000004 -122.31499999999998 -117.145 34.595000000000006 -120.56499999999998 -118.30499999999999 7.7055000000000016 34.455000000000005 -120.09499999999998 -117.56499999999998 3.442186331338819 16.500000000000004 -122.19499999999998 37.915000000000006 2.5949646725452555 37.615000000000002 -118.22499999999998 34.165000000000006 -122.31499999999998
decision_type= 2 2 2 2 2 2 2 2 2 2 2 2 2 2 2 2 2 2 2 2 2 2 2
left_child=2 3 4 15 5 -1 7 9 -9 -7 18 13 17 14 -4 -2 -5 22 -3 20 21 -18 -13
right_child=1 10 11 16 -6 6 -8 8 -10 -11 -12 12 -14 -15 -16 -17 19 -19 -20 -21 -22 -23 -24
leaf_value= 0.059582496498820969 0.0048922379139231713 0.057986742274864812 0.0042516935303556725 0.031619757012642177 -0.022255109106617755 0.041847861107874987 -0.029540885860676797 0.0070310678571536382 -0.050741083530782584 0.0016227845140273059 0.064674673732509153 0.023247731251988479 -0.045547086983845624 -0.030125972497337311 -0.018044637364021895 0.054695051645519147 0.047616913977870531 -0.031392113833627271 0.02754221037355933 -0.01727871812551009 -0.0031837443074842981 0.0092133260857133557 -0.014851896656825337
leaf_weight=204 156 400 1249 363 1079 541 349 622 279 790 670 162 798 952 1412 448 243 1112 1024 501 1286 909 963
leaf_count=204 156 400 1249 363 1079 541 349 622 279 790 670 162 798 952 1412 448 243 1112 1024 501 1286 909 963
model_size=2608
internal_value=0 0.0231116 -0.0131915 0.0112492 -0.00207814 0.00573907 0.00148333 0.00633434 -0.0108584 0.0179727 0.0452388 -0.0196509 -0.0269492 -0.0135202 -0.00757935 0.0418321 0.00565502 -0.0203148 0.036094 0.00244807 0.00650186 0.0173141 -0.00936555
internal_weight=0 6000 10512 3906 3864 2785 2581 2232 901 1331 2094 6648 3035 3613 2661 604 3302 2237 1424 2939 2438 1152 1125
internal_count=16512 6000 10512 3906 3864 2785 2581 2232 901 1331 2094 6648 3035 3613 2661 604 3302 2237 1424 2939 2438 1152 1125
is_linear=0
shrinkage=0.1


Tree=14
num_leaves= 23
num_cat= 0
full_tree_array_lgbids= 0 3 1 17 4 2 5 -1 -19 8 12 6 7 10 18 -2147483648 -2147483648 -2147483648 -2147483648 -5 21 13 -14 -2 9 -4 -9 -3 -12 -7 -20 -2147483648 -2147483648 -2147483648 -2147483648 -2147483648 -2147483648 -2147483648 -2147483648 -2147483648 -2147483648 -10 -23 -6 14 -2147483648 -2147483648 -2147483648 -2147483648 11 19 -2147483648 -2147483648 -2147483648 -2147483648 -2147483648 -2147483648 -2147483648 -2147483648 -2147483648 -2147483648 -2147483648 -2147483648 -2147483648 -2147483648 -2147483648 -2147483648 -2147483648 -2147483648 -2147483648 -2147483648 -2147483648 -2147483648 -2147483648 -2147483648 -2147483648 -2147483648 -2147483648 -2147483648 -2147483648 -2147483648 -2147483648 -2147483648 -2147483648 -2147483648 -2147483648 -2147483648 -2147483648 -2147483648 15 16 -2147483648 -2147483648 -2147483648 -2147483648 -2147483648 -2147483648 -2147483648 -2147483648 -8 -13 -11 20 -2147483648 -2147483648 -2147483648 -2147483648 -2147483648 -2147483648 -2147483648 -2147483648 -2147483648 -2147483648 -2147483648 -2147483648 -2147483648 -2147483648 -2147483648 -2147483648 -2147483648 -2147483648 -2147483648 -2147483648 -2147483648 -2147483648 -2147483648 -2147483648 -2147483648 -2147483648 -2147483648 -2147483648 -2147483648 -2147483648 -2147483648 -2147483648 -2147483648 -2147483648 -2147483648 -2147483648 -2147483648 -2147483648 -2147483648 -2147483648 -2147483648 -2147483648 -2147483648 -2147483648 -2147483648 -2147483648 -2147483648 -2147483648 -2147483648 -2147483648 -2147483648 -2147483648 -2147483648 -2147483648 -2147483648 -2147483648 -2147483648 -2147483648 -2147483648 -2147483648 -2147483648 -2147483648 -2147483648 -2147483648 -2147483648 -2147483648 -2147483648 -2147483648 -2147483648 -2147483648 -2147483648 -2147483648 -2147483648 -2147483648 -2147483648 -2147483648 -15 -17 -16 -18 -2147483648 -2147483648 -2147483648 -2147483648 -2147483648 -2147483648 -2147483648 -2147483648 -2147483648 -2147483648 -2147483648 -2147483648 -2147483648 -2147483648 -2147483648 -2147483648 -2147483648 -2147483648 -2147483648 -2147483648 -2147483648 -2147483648 -21 -22 -2147483648 -2147483648 -2147483648 -2147483648 -2147483648 -2147483648 -2147483648 -2147483648 -2147483648 -2147483648 -2147483648 -2147483648 -2147483648 -2147483648 -2147483648 -2147483648 -2147483648 -2147483648 -2147483648 -2147483648 -2147483648 -2147483648 -2147483648 -2147483648 -2147483648 -2147483648 -2147483648 -2147483648 -2147483648 -2147483648 -2147483648 -2147483648 -2147483648 -2147483648 -2147483648 -2147483648 -2147483648 -2147483648 -2147483648 -2147483648 -2147483648 -2147483648 -2147483648 -2147483648 -2147483648 -2147483648 -2147483648 -2147483648
split_feature= 1 1 6 1 6 2 2 6 2 7 1 8 7 8 7 8 8 3 7 8 7 6
split_gain= 394.048 128.137 50.1302 37.6716 31.0658 16.8832 9.79054 8.93516 4.9501 4.85893 4.67935 4.39949 3.94512 16.3383 7.16698 15.8222 11.8273 2.00016 1.60455 1.22288 7.96405 0.466502
threshold= 3.9004500000000006 5.8308000000000009 2.4469862317432325 2.2210000000000005 2.1218790036427619 26.500000000000004 16.500000000000004 3.1336552646136835 27.500000000000004 34.145000000000003 9.1688500000000008 -118.36499999999999 39.355000000000011 -122.38499999999998 34.455000000000005 -117.65499999999999 -120.09499999999998 3.3654435698213785 38.025000000000013 -122.35499999999998 37.615000000000002 1.6538990040802002
decision_type= 2 2 2 2 2 2 2 2 2 2 2 2 2 2 2 2 2 2 2 2 2 2
left_child=3 2 6 17 8 10 -2 -4 -5 11 -3 -8 13 -6 15 -15 -16 -1 -7 -11 -21 -10
right_child=1 5 7 4 12 18 9 -9 21 19 -12 -13 -14 14 16 -17 -18 -19 -20 20 -22 -23
leaf_value= -0.0060958707709736319 0.0011687962058556055 0.025034300459069698 0.0087998240049578322 -0.0032061272423527356 0.019283138152087292 0.057964513083687032 0.091764170830696823 -0.0089764319562327596 0.07609887636911411 0.056273853338227188 0.067427637454845923 0.039698065711915628 -0.039451360906349653 0.00013088296803580993 -0.013813298952684711 -0.023437431064039796 -0.039726136755184216 -0.028837739173624061 -0.046006511343229153 0.035323624022703573 -0.017130433349689889 0.01974687036137732
leaf_weight=448 248 1080 2328 478 355 857 125 1301 65 145 139 227 269 2120 1748 835 581 2333 18 229 155 428
leaf_count=448 248 1080 2328 478 355 857 125 1301 65 145 139 227 269 2120 1748 835 581 2333 18 229 155 428
model_size=2496
internal_value=0 0.0187434 0.00907379 -0.013295 -0.00849261 0.0407149 0.0304388 0.00242702 0.0122199 0.0386783 0.0298683 0.0581874 -0.0118968 -0.0105823 -0.0125888 -0.00652886 -0.0202776 -0.0251742 0.0558257 0.0256968 0.0141508 0.0271766
internal_weight=0 6852 4758 9660 6879 2094 1129 3629 971 881 1219 352 5908 5639 5284 2955 2329 2781 875 529 384 493
internal_count=16512 6852 4758 9660 6879 2094 1129 3629 971 881 1219 352 5908 5639 5284 2955 2329 2781 875 529 384 493
is_linear=0
shrinkage=0.1


Tree=15
num_leaves= 15
num_cat= 0
full_tree_array_lgbids= 0 2 1 3 -4 9 -3 4 -5 -2147483648 -2147483648 -2 11 -2147483648 -2147483648 -1 5 -2147483648 -2147483648 -2147483648 -2147483648 -2147483648 -2147483648 -2147483648 -2147483648 13 -13 -2147483648 -2147483648 -2147483648 -2147483648 -2147483648 -2147483648 6 7 -2147483648 -2147483648 -2147483648 -2147483648 -2147483648 -2147483648 -2147483648 -2147483648 -2147483648 -2147483648 -2147483648 -2147483648 -2147483648 -2147483648 -2147483648 -2147483648 -11 -15 -2147483648 -2147483648 -2147483648 -2147483648 -2147483648 -2147483648 -2147483648 -2147483648 -2147483648 -2147483648 -2147483648 -2147483648 -2147483648 -2147483648 10 12 8 -9 -2147483648 -2147483648 -2147483648 -2147483648 -2147483648 -2147483648 -2147483648 -2147483648 -2147483648 -2147483648 -2147483648 -2147483648 -2147483648 -2147483648 -2147483648 -2147483648 -2147483648 -2147483648 -2147483648 -2147483648 -2147483648 -2147483648 -2147483648 -2147483648 -2147483648 -2147483648 -2147483648 -2147483648 -2147483648 -2147483648 -2147483648 -2147483648 -2147483648 -2147483648 -2147483648 -2147483648 -2147483648 -2147483648 -2147483648 -2147483648 -2147483648 -2147483648 -2147483648 -2147483648 -2147483648 -2147483648 -2147483648 -2147483648 -2147483648 -2147483648 -2147483648 -2147483648 -2147483648 -2147483648 -2147483648 -2147483648 -2147483648 -2147483648 -2147483648 -2147483648 -2147483648 -2147483648 -2147483648 -2147483648 -6 -12 -8 -14 -7 -10 -2147483648 -2147483648 -2147483648 -2147483648 -2147483648 -2147483648 -2147483648 -2147483648 -2147483648 -2147483648 -2147483648 -2147483648 -2147483648 -2147483648 -2147483648 -2147483648 -2147483648 -2147483648 -2147483648 -2147483648 -2147483648 -2147483648 -2147483648 -2147483648 -2147483648 -2147483648 -2147483648 -2147483648 -2147483648 -2147483648 -2147483648 -2147483648 -2147483648 -2147483648 -2147483648 -2147483648 -2147483648 -2147483648 -2147483648 -2147483648 -2147483648 -2147483648 -2147483648 -2147483648 -2147483648 -2147483648 -2147483648 -2147483648 -2147483648 -2147483648 -2147483648 -2147483648 -2147483648 -2147483648 -2147483648 -2147483648 -2147483648 -2147483648 -2147483648 -2147483648 -2147483648 -2147483648 -2147483648 -2147483648 -2147483648 -2147483648 -2147483648 -2147483648 -2147483648 -2147483648 -2147483648 -2147483648 -2147483648 -2147483648 -2147483648 -2147483648 -2147483648 -2147483648 -2147483648 -2147483648 -2147483648 -2147483648 -2147483648 -2147483648 -2147483648 -2147483648 -2147483648 -2147483648 -2147483648 -2147483648 -2147483648 -2147483648 -2147483648 -2147483648 -2147483648 -2147483648 -2147483648 -2147483648 -2147483648 -2147483648 -2147483648 -2147483648 -2147483648 -2147483648 -2147483648 -2147483648 -2147483648 -2147483648 -2147483648 -2147483648 -2147483648 -2147483648 -2147483648 -2147483648
split_feature= 1 1 6 7 8 7 8 8 7 6 7 2 8 6
split_gain= 320.535 61.9356 61.6497 54.0288 43.1165 26.0392 57.0946 47.5087 43.6403 21.7525 10.2498 6.67182 5.68373 0.168778
threshold= 4.5993500000000003 6.8672000000000013 2.8876678809691012 38.475000000000001 -122.35499999999998 34.455000000000005 -118.27499999999999 -120.09499999999998 37.595000000000006 2.3578464509898605 34.155000000000008 49.500000000000007 -117.13499999999998 3.1424162072895592
decision_type= 2 2 2 2 2 2 2 2 2 2 2 2 2 2
left_child=2 9 3 4 -1 6 10 8 -7 -2 -6 13 -8 -11
right_child=1 -3 -4 -5 5 7 12 -9 -10 11 -12 -13 -14 -15
leaf_value= 0.037582770289467771 0.041436653304218245 0.04743937630642904 -0.017872473115278835 -0.024057307754005639 0.044108047029869847 0.024332191524673443 0.0033693590949203569 -0.042291192966420948 -0.016350655904181104 0.015377936396834919 0.0087650523230937936 0.060310252363793553 -0.021952282291615735 -0.0013766176639495873
leaf_weight=476 520 1040 5388 1159 602 599 1352 504 980 1969 360 100 505 958
leaf_count=476 520 1040 5388 1159 602 599 1352 504 980 1969 360 100 505 958
model_size=1600
internal_value=0 0.0230816 -0.00887844 -0.00146528 0.00340348 8.45599e-05 0.00822204 -0.0109282 -0.000917454 0.0159398 0.030882 0.0115598 -0.00351671 0.00989421
internal_weight=0 4587 11925 6537 5378 4902 2819 2083 1579 3547 962 3027 1857 2927
internal_count=16512 4587 11925 6537 5378 4902 2819 2083 1579 3547 962 3027 1857 2927
is_linear=0
shrinkage=0.1


Tree=16
num_leaves= 20
num_cat= 0
full_tree_array_lgbids= 0 3 1 4 -5 2 6 5 -6 -2147483648 -2147483648 13 7 9 -8 -1 14 -2147483648 -2147483648 -2147483648 -2147483648 -2147483648 -2147483648 -2 -15 -4 8 10 -11 -2147483648 -2147483648 -2147483648 -2147483648 15 16 -2147483648 -2147483648 -2147483648 -2147483648 -2147483648 -2147483648 -2147483648 -2147483648 -2147483648 -2147483648 -2147483648 -2147483648 -2147483648 -2147483648 -2147483648 -2147483648 -2147483648 -2147483648 12 -10 -3 11 -2147483648 -2147483648 -2147483648 -2147483648 -2147483648 -2147483648 -2147483648 -2147483648 -2147483648 -2147483648 -7 18 17 -18 -2147483648 -2147483648 -2147483648 -2147483648 -2147483648 -2147483648 -2147483648 -2147483648 -2147483648 -2147483648 -2147483648 -2147483648 -2147483648 -2147483648 -2147483648 -2147483648 -2147483648 -2147483648 -2147483648 -2147483648 -2147483648 -2147483648 -2147483648 -2147483648 -2147483648 -2147483648 -2147483648 -2147483648 -2147483648 -2147483648 -2147483648 -2147483648 -2147483648 -2147483648 -2147483648 -2147483648 -9 -14 -2147483648 -2147483648 -2147483648 -2147483648 -12 -13 -2147483648 -2147483648 -2147483648 -2147483648 -2147483648 -2147483648 -2147483648 -2147483648 -2147483648 -2147483648 -2147483648 -2147483648 -2147483648 -2147483648 -2147483648 -2147483648 -2147483648 -2147483648 -2147483648 -2147483648 -2147483648 -2147483648 -17 -20 -16 -19 -2147483648 -2147483648 -2147483648 -2147483648 -2147483648 -2147483648 -2147483648 -2147483648 -2147483648 -2147483648 -2147483648 -2147483648 -2147483648 -2147483648 -2147483648 -2147483648 -2147483648 -2147483648 -2147483648 -2147483648 -2147483648 -2147483648 -2147483648 -2147483648 -2147483648 -2147483648 -2147483648 -2147483648 -2147483648 -2147483648 -2147483648 -2147483648 -2147483648 -2147483648 -2147483648 -2147483648 -2147483648 -2147483648 -2147483648 -2147483648 -2147483648 -2147483648 -2147483648 -2147483648 -2147483648 -2147483648 -2147483648 -2147483648 -2147483648 -2147483648 -2147483648 -2147483648 -2147483648 -2147483648 -2147483648 -2147483648 -2147483648 -2147483648 -2147483648 -2147483648 -2147483648 -2147483648 -2147483648 -2147483648 -2147483648 -2147483648 -2147483648 -2147483648 -2147483648 -2147483648 -2147483648 -2147483648 -2147483648 -2147483648 -2147483648 -2147483648 -2147483648 -2147483648 -2147483648 -2147483648 -2147483648 -2147483648 -2147483648 -2147483648 -2147483648 -2147483648 -2147483648 -2147483648 -2147483648 -2147483648 -2147483648 -2147483648 -2147483648 -2147483648 -2147483648 -2147483648 -2147483648 -2147483648 -2147483648 -2147483648 -2147483648 -2147483648 -2147483648 -2147483648 -2147483648 -2147483648 -2147483648 -2147483648 -2147483648 -2147483648 -2147483648 -2147483648 -2147483648 -2147483648
split_feature= 1 1 6 6 7 8 6 8 7 8 7 8 6 2 7 8 8 7 7
split_gain= 262.966 82.6916 25.7985 23.3921 21.0605 15.3786 10.0175 5.28395 4.32742 3.65171 14.2456 6.84425 3.23688 2.42372 1.2183 31.1261 16.0066 10.3938 1.51991
threshold= 3.8346500000000003 5.8308000000000009 2.2734093974820149 2.8024658054711251 38.475000000000001 -122.35499999999998 3.1424162072895592 -122.24499999999999 37.615000000000002 -117.83499999999999 37.615000000000002 -122.40499999999999 3.1970287353604139 16.500000000000004 34.455000000000005 -118.11499999999999 -121.52499999999999 37.595000000000006 33.695000000000007
decision_type= 2 2 2 2 2 2 2 2 2 2 2 2 2 2 2 2 2 2 2
left_child=3 2 13 4 5 -1 9 -4 12 10 -3 -12 -9 -2 15 -7 17 -16 -17
right_child=1 6 7 -5 -6 14 -8 8 -10 -11 11 -13 -14 -15 16 18 -18 -19 -20
leaf_value= 0.032236181519202801 0.00027886070098195756 0.055086818139971308 0.024783489748812788 -0.017885347161057399 -0.022777883665265026 0.021506628344406458 0.013849400251907127 0.010201597215304498 -0.015363383348374081 0.014022537849542244 0.062068865384693112 0.0015759667732351493 -0.0077304169183107429 0.039707135337178706 0.031830430048775962 0.0024954436065308984 -0.025792891093838224 -0.0099202194431816399 -0.024637046611185147
leaf_weight=297 175 956 460 4741 951 871 541 2109 698 262 96 239 975 547 249 560 785 484 516
leaf_count=297 175 956 460 4741 951 871 541 2109 698 262 96 239 975 547 249 560 785 484 516
model_size=2160
internal_value=0 0.0151017 0.00733751 -0.0112744 -0.00462416 -3.5055e-05 0.0335075 0.00345469 0.000860489 0.0403556 0.0456997 0.0189112 0.00453243 0.0301504 -0.00280116 0.00380945 -0.01128 0.00426247 -0.010516
internal_weight=0 7058 4964 9454 4713 3762 2094 4242 3782 1553 1291 335 3084 722 3465 1947 1518 733 1076
internal_count=16512 7058 4964 9454 4713 3762 2094 4242 3782 1553 1291 335 3084 722 3465 1947 1518 733 1076
is_linear=0
shrinkage=0.1


Tree=17
num_leaves= 18
num_cat= 0
full_tree_array_lgbids= 0 1 9 3 2 10 -11 -1 11 4 -4 13 16 -2147483648 -2147483648 -2147483648 -2147483648 -5 -13 5 -6 -2147483648 -2147483648 -2 14 -12 -18 -2147483648 -2147483648 -2147483648 -2147483648 -2147483648 -2147483648 -2147483648 -2147483648 -2147483648 -2147483648 -2147483648 -2147483648 7 6 -2147483648 -2147483648 -2147483648 -2147483648 -2147483648 -2147483648 -2147483648 -2147483648 -15 -16 -2147483648 -2147483648 -2147483648 -2147483648 -2147483648 -2147483648 -2147483648 -2147483648 -2147483648 -2147483648 -2147483648 -2147483648 -2147483648 -2147483648 -2147483648 -2147483648 -2147483648 -2147483648 -2147483648 -2147483648 -2147483648 -2147483648 -2147483648 -2147483648 -2147483648 -2147483648 -2147483648 -2147483648 8 15 -7 12 -2147483648 -2147483648 -2147483648 -2147483648 -2147483648 -2147483648 -2147483648 -2147483648 -2147483648 -2147483648 -2147483648 -2147483648 -2147483648 -2147483648 -2147483648 -2147483648 -2147483648 -2147483648 -2147483648 -2147483648 -2147483648 -2147483648 -2147483648 -2147483648 -2147483648 -2147483648 -2147483648 -2147483648 -2147483648 -2147483648 -2147483648 -2147483648 -2147483648 -2147483648 -2147483648 -2147483648 -2147483648 -2147483648 -2147483648 -2147483648 -2147483648 -2147483648 -2147483648 -2147483648 -2147483648 -2147483648 -2147483648 -2147483648 -2147483648 -2147483648 -2147483648 -2147483648 -2147483648 -2147483648 -2147483648 -2147483648 -2147483648 -2147483648 -2147483648 -2147483648 -2147483648 -2147483648 -2147483648 -2147483648 -2147483648 -2147483648 -2147483648 -2147483648 -2147483648 -2147483648 -2147483648 -2147483648 -2147483648 -2147483648 -2147483648 -2147483648 -3 -10 -9 -17 -2147483648 -2147483648 -8 -14 -2147483648 -2147483648 -2147483648 -2147483648 -2147483648 -2147483648 -2147483648 -2147483648 -2147483648 -2147483648 -2147483648 -2147483648 -2147483648 -2147483648 -2147483648 -2147483648 -2147483648 -2147483648 -2147483648 -2147483648 -2147483648 -2147483648 -2147483648 -2147483648 -2147483648 -2147483648 -2147483648 -2147483648 -2147483648 -2147483648 -2147483648 -2147483648 -2147483648 -2147483648 -2147483648 -2147483648 -2147483648 -2147483648 -2147483648 -2147483648 -2147483648 -2147483648 -2147483648 -2147483648 -2147483648 -2147483648 -2147483648 -2147483648 -2147483648 -2147483648 -2147483648 -2147483648 -2147483648 -2147483648 -2147483648 -2147483648 -2147483648 -2147483648 -2147483648 -2147483648 -2147483648 -2147483648 -2147483648 -2147483648 -2147483648 -2147483648 -2147483648 -2147483648 -2147483648 -2147483648 -2147483648 -2147483648 -2147483648 -2147483648 -2147483648 -2147483648 -2147483648 -2147483648 -2147483648 -2147483648 -2147483648 -2147483648 -2147483648 -2147483648 -2147483648 -2147483648 -2147483648 -2147483648
split_feature= 1 1 6 1 8 7 8 8 7 7 6 3 8 8 7 7 1
split_gain= 211.335 69.733 28.5107 9.33901 8.54396 10.0528 49.9473 16.5464 8.70267 8.1835 7.03152 4.41185 4.22115 3.13629 3.90784 1.69938 0.0527913
threshold= 5.6042500000000013 3.4883000000000002 2.7762783380468687 1.9486000000000003 -117.16499999999998 34.595000000000006 -121.63499999999998 -118.36499999999999 34.115000000000002 38.155000000000008 3.0089663118548242 4.4053436317780594 -119.94499999999998 -117.83499999999999 33.935000000000009 33.755000000000003 9.1688500000000008
decision_type= 2 2 2 2 2 2 2 2 2 2 2 2 2 2 2 2 2
left_child=1 3 4 -1 5 7 -7 8 -3 10 13 -5 -8 -2 -15 -9 -12
right_child=9 2 -4 11 -6 6 12 15 -10 -11 16 -13 -14 14 -16 -17 -18
leaf_value= -0.022815838221218469 0.044065320532125196 0.077750329377004213 -0.004320601015337453 -0.00074324852722116143 -0.027462123059817864 0.018981160961946346 -0.016820716275480773 0.03546209031190356 0.026000490493957102 -0.024321048333987835 0.011373032723528478 -0.013307564607150638 -0.07405104222336456 0.022756313580462588 -0.069784934918085739 0.0048171075977780781 0.057792872895835012
leaf_weight=1781 1227 193 3143 2325 155 1044 297 330 216 92 745 3905 91 214 30 626 98
leaf_count=1781 1227 193 3143 2325 155 1044 297 330 216 92 745 3905 91 214 30 626 98
model_size=1936
internal_value=0 -0.00487335 0.0041978 -0.0117749 0.0132674 0.0155244 0.00564381 0.0258901 0.0504203 0.0285717 0.0306746 -0.00861863 -0.0302433 0.0386434 0.0113783 0.0153954 0.0167694
internal_weight=0 14106 6095 8011 2952 2797 1432 1365 409 2406 2314 6230 388 1471 244 956 843
internal_count=16512 14106 6095 8011 2952 2797 1432 1365 409 2406 2314 6230 388 1471 244 956 843
is_linear=0
shrinkage=0.1


Tree=18
num_leaves= 12
num_cat= 0
full_tree_array_lgbids= 0 1 3 -1 2 5 -5 -2147483648 -2147483648 4 -4 8 -7 -2147483648 -2147483648 -2147483648 -2147483648 -2147483648 -2147483648 6 -6 -2147483648 -2147483648 -2 9 -2147483648 -2147483648 -2147483648 -2147483648 -2147483648 -2147483648 -2147483648 -2147483648 -2147483648 -2147483648 -2147483648 -2147483648 -2147483648 -2147483648 7 -8 -2147483648 -2147483648 -2147483648 -2147483648 -2147483648 -2147483648 -2147483648 -2147483648 -10 -11 -2147483648 -2147483648 -2147483648 -2147483648 -2147483648 -2147483648 -2147483648 -2147483648 -2147483648 -2147483648 -2147483648 -2147483648 -2147483648 -2147483648 -2147483648 -2147483648 -2147483648 -2147483648 -2147483648 -2147483648 -2147483648 -2147483648 -2147483648 -2147483648 -2147483648 -2147483648 -2147483648 -2147483648 -3 10 -2147483648 -2147483648 -2147483648 -2147483648 -2147483648 -2147483648 -2147483648 -2147483648 -2147483648 -2147483648 -2147483648 -2147483648 -2147483648 -2147483648 -2147483648 -2147483648 -2147483648 -2147483648 -2147483648 -2147483648 -2147483648 -2147483648 -2147483648 -2147483648 -2147483648 -2147483648 -2147483648 -2147483648 -2147483648 -2147483648 -2147483648 -2147483648 -2147483648 -2147483648 -2147483648 -2147483648 -2147483648 -2147483648 -2147483648 -2147483648 -2147483648 -2147483648 -2147483648 -2147483648 -2147483648 -2147483648 -2147483648 -2147483648 -2147483648 -2147483648 -2147483648 -2147483648 -2147483648 -2147483648 -2147483648 -2147483648 -2147483648 -2147483648 -2147483648 -2147483648 -2147483648 -2147483648 -2147483648 -2147483648 -2147483648 -2147483648 -2147483648 -2147483648 -2147483648 -2147483648 -2147483648 -2147483648 -2147483648 -2147483648 -2147483648 -2147483648 -2147483648 -2147483648 -2147483648 -2147483648 -9 -12 -2147483648 -2147483648 -2147483648 -2147483648 -2147483648 -2147483648 -2147483648 -2147483648 -2147483648 -2147483648 -2147483648 -2147483648 -2147483648 -2147483648 -2147483648 -2147483648 -2147483648 -2147483648 -2147483648 -2147483648 -2147483648 -2147483648 -2147483648 -2147483648 -2147483648 -2147483648 -2147483648 -2147483648 -2147483648 -2147483648 -2147483648 -2147483648 -2147483648 -2147483648 -2147483648 -2147483648 -2147483648 -2147483648 -2147483648 -2147483648 -2147483648 -2147483648 -2147483648 -2147483648 -2147483648 -2147483648 -2147483648 -2147483648 -2147483648 -2147483648 -2147483648 -2147483648 -2147483648 -2147483648 -2147483648 -2147483648 -2147483648 -2147483648 -2147483648 -2147483648 -2147483648 -2147483648 -2147483648 -2147483648 -2147483648 -2147483648 -2147483648 -2147483648 -2147483648 -2147483648 -2147483648 -2147483648 -2147483648 -2147483648 -2147483648 -2147483648 -2147483648 -2147483648 -2147483648 -2147483648 -2147483648 -2147483648 -2147483648 -2147483648 -2147483648 -2147483648 -2147483648 -2147483648 -2147483648 -2147483648 -2147483648 -2147483648
split_feature= 1 1 6 1 2 4 7 8 8 7 7
split_gain= 168.276 43.1459 23.5732 14.5169 3.69836 3.10725 1.96898 4.89337 0.90833 1.89165 0.0544086
threshold= 5.1326000000000009 2.8762500000000002 2.8273651247857257 7.7055000000000016 47.500000000000007 1.0626400004008962 37.645000000000003 -122.01499999999999 -122.25499999999998 37.945000000000007 34.655000000000008
decision_type= 2 2 2 2 2 2 2 2 2 2 2
left_child=1 -1 4 5 6 8 7 -3 -2 -10 -9
right_child=3 2 -4 -5 -6 -7 -8 10 9 -11 -12
leaf_value= -0.013536148003168286 0.042890546425920106 0.043896170224123184 -0.0076368527883650663 0.041251903396419515 0.026775417735326618 0.031329880976542976 -0.0069515389225731222 0.011209424476167074 0.010623728969049839 -0.030297434930172229 -0.010983681972852951
leaf_weight=5422 174 186 3569 670 518 707 1122 1912 1613 135 484
leaf_count=5422 174 186 3569 670 518 707 1122 1912 1613 135 484
model_size=1264
internal_value=0 -0.00532036 0.000397268 0.0213088 0.00718878 0.0162264 0.00444962 0.00940395 0.0106706 0.00746334 0.00672634
internal_weight=0 13213 7791 3299 4222 2629 3704 2582 1922 1748 2396
internal_count=16512 13213 7791 3299 4222 2629 3704 2582 1922 1748 2396
is_linear=0
shrinkage=0.1


Tree=19
num_leaves= 7
num_cat= 0
full_tree_array_lgbids= 0 3 1 4 -5 2 -3 -1 -6 -2147483648 -2147483648 -2 5 -2147483648 -2147483648 -2147483648 -2147483648 -2147483648 -2147483648 -2147483648 -2147483648 -2147483648 -2147483648 -2147483648 -2147483648 -4 -7 -2147483648 -2147483648 -2147483648 -2147483648
split_feature= 1 1 6 6 7 2
split_gain= 137.614 37.859 10.8895 9.23467 11.9947 0.579999
threshold= 3.8346500000000003 6.3350000000000009 2.4469862317432325 2.8024658054711251 39.355000000000011 50.500000000000007
decision_type= 2 2 2 2 2 2
left_child=3 2 -2 4 -1 -4
right_child=1 -3 5 -5 -6 -7
leaf_value= -0.00046730597408951445 0.020130740069330598 0.028770737568846256 0.0014900843420951335 -0.013882908429763613 -0.029840064233376973 0.041659395365295782
leaf_weight=4319 1277 1474 4181 4741 394 126
leaf_count=4319 1277 1474 4181 4741 394 126
model_size=704
internal_value=0 0.0112772 0.0066594 -0.0084191 -0.00292283 0.00266523
internal_weight=0 7058 5584 9454 4713 4307
internal_count=16512 7058 5584 9454 4713 4307
is_linear=0
shrinkage=0.1


end of trees

feature_importances:
Column_8=195
Column_7=191
Column_1=129
Column_6=127
Column_2=86
Column_3=26
Column_4=24
Column_5=16

parameters:
[boosting: gbdt]
[objective: regression]
[metric: rmse]
[tree_learner: serial]
[device_type: cpu]
[data_sample_strategy: bagging]
[data: data/california_housing.libsvm.train]
[valid: data/california_housing.libsvm.test]
[num_iterations: 20]
[learning_rate: 0.1]
[num_leaves: 255]
[num_threads: 0]
[seed: 42]
[deterministic: 0]
[force_col_wise: 0]
[force_row_wise: 0]
[histogram_pool_size: -1]
[max_depth: 7]
[min_data_in_leaf: 10]
[min_sum_hessian_in_leaf: 0.001]
[bagging_fraction: 1]
[pos_bagging_fraction: 1]
[neg_bagging_fraction: 1]
[bagging_freq: 0]
[bagging_seed: 400]
[feature_fraction: 1]
[feature_fraction_bynode: 1]
[feature_fraction_seed: 30056]
[extra_trees: 0]
[extra_seed: 12879]
[early_stopping_round: 0]
[early_stopping_min_delta: 0]
[first_metric_only: 0]
[max_delta_step: 0]
[lambda_l1: 0]
[lambda_l2: 0]
[linear_lambda: 0]
[min_gain_to_split: 0]
[drop_rate: 0.1]
[max_drop: 50]
[skip_drop: 0.5]
[xgboost_dart_mode: 0]
[uniform_drop: 0]
[drop_seed: 17869]
[top_rate: 0.2]
[other_rate: 0.1]
[min_data_per_group: 100]
[max_cat_threshold: 32]
[cat_l2: 10]
[cat_smooth: 10]
[max_cat_to_onehot: 4]
[top_k: 20]
[monotone_constraints: ]
[monotone_constraints_method: basic]
[monotone_penalty: 0]
[feature_contri: ]
[forcedsplits_filename: ]
[refit_decay_rate: 0.9]
[tinygbdt_penalty_feature: 0.125]
[tinygbdt_penalty_split: 0.015625]
[tinygbdt_forestsize: 64000]
[tinygbdt_precision: 7]
[cegb_tradeoff: 1]
[cegb_penalty_split: 0]
[cegb_penalty_feature_lazy: ]
[cegb_penalty_feature_coupled: ]
[path_smooth: 0]
[interaction_constraints: ]
[verbosity: 2]
[saved_feature_importance_type: 0]
[use_quantized_grad: 0]
[num_grad_quant_bins: 4]
[quant_train_renew_leaf: 0]
[stochastic_rounding: 1]
[linear_tree: 0]
[max_bin: 255]
[max_bin_by_feature: ]
[min_data_in_bin: 3]
[bin_construct_sample_cnt: 200000]
[data_random_seed: 175]
[is_enable_sparse: 1]
[enable_bundle: 1]
[use_missing: 1]
[zero_as_missing: 0]
[feature_pre_filter: 1]
[pre_partition: 0]
[two_round: 0]
[header: 0]
[label_column: ]
[weight_column: ]
[group_column: ]
[ignore_column: ]
[categorical_feature: ]
[forcedbins_filename: ]
[precise_float_parser: 0]
[parser_config_file: ]
[objective_seed: 16083]
[num_class: 1]
[is_unbalance: 0]
[scale_pos_weight: 1]
[sigmoid: 1]
[boost_from_average: 1]
[reg_sqrt: 0]
[alpha: 0.9]
[fair_c: 1]
[poisson_max_delta_step: 0.7]
[tweedie_variance_power: 1.5]
[lambdarank_truncation_level: 30]
[lambdarank_norm: 1]
[label_gain: ]
[lambdarank_position_bias_regularization: 0]
[eval_at: ]
[multi_error_top_k: 1]
[auc_mu_weights: ]
[num_machines: 1]
[local_listen_port: 12400]
[time_out: 120]
[machine_list_filename: ]
[machines: ]
[gpu_platform_id: -1]
[gpu_device_id: -1]
[gpu_use_dp: 0]
[num_gpu: 1]

end of parameters
