tree
version=v4
num_class=1
num_tree_per_iteration=1
label_index=0
max_feature_idx=8
objective=regression
feature_names=Column_0 Column_1 Column_2 Column_3 Column_4 Column_5 Column_6 Column_7 Column_8
feature_infos=none [0.49990000000000001:15.0001] [1:52] [0.88888888888888884:141.90909090909091] [0.33333333333333331:25.63636363636364] [3:35682] [0.69230769230769229:1243.333333333333] [32.549999999999997:41.950000000000003] [-124.34999999999999:-114.31]
tree_sizes=2999 3074 3152 3080 3105 3153 3159 3017 3038 2987 3134 2876 2835 2994 2565 2803 2924 2713 2685 2629 2280 2278 2287 2209 2285 2349 2143 2010 1929 2068 1918 1513 1585 1786 1861 2000 1778 1506 1928 499 379 1524 1784 380

Tree=0
num_leaves= 32
num_cat= 0
full_tree_array_lgbids= 0 1 2 5 3 4 10 9 11 6 7 15 12 19 22 14 13 24 20 25 8 18 16 27 17 26 21 30 29 23 28 -1 -16 -11 -15 -7 -26 -13 -22 -3 -27 -8 -10 -5 -20 -9 -18 -2 -29 -17 -19 -6 -28 -14 -23 -4 -32 -21 -31 -12 -25 -24 -30
split_feature= 1 1 1 6 6 3 2 1 7 1 1 1 1 6 3 2 6 6 2 2 6 2 1 2 7 1 6 1 5 7 4
split_gain= 6987.71 1685.2 1292.17 976.37 431.507 318.432 234.089 213.012 187.418 181.224 156.302 137.142 121.092 112.971 111.498 107.903 105.689 95.6299 85.5816 73.536 67.2119 43.9448 33.7189 37.3533 33.6439 31.2182 30.8906 28.5482 26.0677 16.4294 9.5904
threshold= 5.0387000000000013 3.0679500000000002 6.8672000000000013 2.3489548886254448 2.671038674349933 4.3101408005062494 24.500000000000004 4.0775500000000013 37.815000000000005 2.2210000000000005 7.852450000000001 2.4115000000000006 5.7307500000000013 2.4907552973342448 3.449226804123712 19.500000000000004 2.9005380231986346 2.0653737590585881 43.500000000000007 26.500000000000004 2.2906328481453726 27.500000000000004 8.7395500000000013 28.500000000000004 35.335000000000008 3.5330000000000008 2.9742256672023202 5.6402500000000009 139.50000000000003 37.645000000000003 1.0103851166134901
decision_type= 2 2 2 2 2 2 2 2 2 2 2 2 2 2 2 2 2 2 2 2 2 2 2 2 2 2 2 2 2 2 2
left_child=1 5 4 6 15 9 25 18 -8 14 19 24 26 -11 -1 27 -9 -17 -5 30 -13 -14 23 -12 -7 -3 -6 -2 -24 -21 -4
right_child=2 3 10 7 12 11 8 16 -10 13 22 20 21 -15 -16 17 -18 -19 -20 29 -22 -23 28 -25 -26 -27 -28 -29 -30 -31 -32
leaf_value= 2.0405687631288161 2.122367892078735 2.0619325518895399 2.1860943173854421 2.0293758741925956 2.1246833370498446 1.9807571227445304 2.1984147209355398 2.1002101309481218 2.0795283240852767 2.0970408790997888 2.2611911907323741 2.043693994763716 2.1410397950488846 2.0327038778370752 1.9814897297846104 2.3293276008777508 2.055796547371648 2.2183144165789459 2.080533949453383 2.3136092887030801 1.9920349409095919 2.1974100577568745 2.2256631944098948 2.3423931801380187 1.9518240180001829 2.1119780300641722 2.0841198818403921 2.1915848606410337 2.348659992346585 2.2369779892674675 2.2272434057145407
leaf_weight=503 128 198 107 2717 312 636 733 1016 163 430 147 309 586 767 899 91 1158 572 377 129 1491 187 19 97 1194 369 516 120 346 39 156
leaf_count=503 128 198 107 2717 312 636 733 1016 163 430 147 309 586 767 899 91 1158 572 377 129 1491 187 19 97 1194 369 516 120 346 39 156
model_size=3504
internal_value=2.07195 2.03789 2.19622 2.07259 2.15739 2.00039 2.1449 2.05251 2.17679 2.02716 2.28999 1.98123 2.12609 2.05582 2.00269 2.2124 2.07655 2.23355 2.03561 2.24376 2.0009 2.15468 2.32271 2.29347 1.96188 2.0945 2.0994 2.15586 2.34226 2.29582 2.2105
internal_weight=0 12960 3552 6731 2512 6229 1463 5268 896 2599 1040 3630 1601 1197 1402 911 2174 663 3094 431 1800 773 609 244 1830 567 828 248 365 168 263
internal_count=16512 12960 3552 6731 2512 6229 1463 5268 896 2599 1040 3630 1601 1197 1402 911 2174 663 3094 431 1800 773 609 244 1830 567 828 248 365 168 263
is_linear=0
shrinkage=1


Tree=1
num_leaves= 31
num_cat= 0
full_tree_array_lgbids= 0 1 2 5 3 4 12 13 6 7 9 18 16 19 23 14 29 8 10 27 11 17 15 24 20 22 21 26 25 -14 28 -1 -16 -15 -31 -7 -10 -8 -12 -3 -29 -9 -13 -5 -19 -11 -17 -2 -26 -20 -22 -6 -24 -18 -23 -4 -28 -21 -27 -2147483648 -2147483648 -25 -30
split_feature= 1 1 1 6 6 6 7 2 8 1 8 6 1 7 8 6 1 2 2 2 6 2 6 5 1 7 1 7 6 7
split_gain= 5660.48 1463.49 947.561 833.726 323.79 311.843 225.837 221.129 179.657 174.213 141.424 139.283 126.18 117.756 134.22 108.735 83.8226 81.2426 80.5986 80.327 62.3217 39.6448 27.8023 19.5089 18.9156 14.6158 14.2509 13.0539 10.5674 6.9142
threshold= 5.1326000000000009 3.1792500000000001 6.8672000000000013 2.2982753493904258 2.6585924622132828 2.1628386478062818 34.455000000000005 19.500000000000004 -117.77499999999999 4.1119000000000012 -121.63499999999998 1.9628175980828908 8.4454500000000028 37.935000000000009 -118.24499999999999 2.8335312747426764 5.8308000000000009 47.500000000000007 21.500000000000004 26.500000000000004 2.2038024706228287 27.500000000000004 3.1262267671728927 70.000000000000014 5.6402500000000009 37.645000000000003 7.3930000000000016 37.955000000000005 3.1747392355722384 38.815000000000005
decision_type= 2 2 2 2 2 2 2 2 2 2 2 2 2 2 2 2 2 2 2 2 2 2 2 2 2 2 2 2 2 2
left_child=1 5 4 7 18 13 8 27 -7 17 -8 -9 19 14 -1 -11 22 -5 24 26 -20 -18 -6 -14 -2 -21 -4 -3 -25 -15
right_child=2 3 12 9 16 6 10 11 -10 15 -12 -13 23 29 -16 -17 21 -19 20 25 -22 -23 -24 28 -26 -27 -28 -29 -30 -31
leaf_value= 0.044230430953254636 0.051710352190187048 0.021716185106585423 0.11257013540252361 -0.033517635639986235 0.048827385960445342 -0.032418481581660212 -0.062115720910071164 0.16254536505971776 -0.086464694131891839 0.033086021130256597 -0.10739158312721281 0.077517444901220187 0.10762568108427029 -0.060880741065378358 -0.039420649286328324 -0.010822406174656622 0.064840007462105109 0.030431795661703398 0.22015546661538954 0.22502748265708844 0.13662539405426799 0.12128281233978436 0.010032595539933747 0.25069624308012767 0.11076683308929205 0.16209582549591478 0.15471344836835946 -0.036636348605155945 0.20779113991926593 -0.10328082793857903
leaf_weight=447 107 300 153 2681 418 1871 1128 305 928 1009 1827 539 11.999999999999998 181 343 1321 524 219 117 194 423 172 367 331 131 52 215 50 83 64
leaf_count=447 107 300 153 2681 418 1871 1128 305 928 1009 1827 539 12 181 343 1321 524 219 117 194 423 172 367 331 131 52 215 50 83 64
model_size=3392
internal_value=0 -0.02926 0.117191 0.00497081 0.0807981 -0.0616504 -0.0707621 0.0804366 -0.0503373 -0.0122579 -0.0901086 0.108244 0.19624 -0.0109948 0.00791104 0.00819202 0.0532941 -0.0286884 0.133154 0.167054 0.154724 0.0787885 0.0306902 0.238307 0.0842162 0.211725 0.137192 0.0133801 0.242094 -0.0719567
internal_weight=0 13213 3299 6424 2259 6789 5754 1194 2799 5230 2955 844 1040 1035 790 2330 1481 2900 778 614 540 696 785 426 238 246 368 350 414 245
internal_count=16512 13213 3299 6424 2259 6789 5754 1194 2799 5230 2955 844 1040 1035 790 2330 1481 2900 778 614 540 696 785 426 238 246 368 350 414 245
is_linear=0
shrinkage=0.1


Tree=2
num_leaves= 32
num_cat= 0
full_tree_array_lgbids= 0 1 2 6 3 4 8 13 10 5 9 17 16 11 22 19 28 21 15 7 29 14 12 25 18 20 27 26 30 23 24 -1 -21 -15 -30 -8 -23 -12 -17 -3 -9 -7 -31 -5 -16 -11 -14 -2 -27 -19 -20 -6 -22 -18 -29 -4 -28 -13 -32 -10 -25 -24 -26
split_feature= 1 1 1 6 6 7 3 8 1 1 1 2 2 6 3 6 6 2 6 8 2 6 2 1 5 5 6 1 8 8 6
split_gain= 4597.06 1126.86 863.97 694.912 243.607 231.991 209.765 189.268 187.064 153.41 109.25 101.103 85.6546 79.9995 75.5331 68.0278 55.7105 51.8912 56.8381 45.2458 30.6961 25.5228 22.9226 18.6449 16.8707 16.5108 16.3076 14.8467 14.4032 11.7198 11.0979
threshold= 5.0387000000000013 2.8762500000000002 6.3963500000000009 2.4136952392348086 2.5827178004959954 37.995000000000012 3.8792159595040387 -122.35499999999998 7.852450000000001 3.8346500000000003 2.2948000000000004 26.500000000000004 42.500000000000007 3.0973600929976173 5.1947827066293142 2.2906328481453726 3.0375944537846187 21.500000000000004 2.0653737590585881 -117.145 20.500000000000004 2.1718174014038287 20.500000000000004 9.1688500000000008 139.50000000000003 358.50000000000006 2.6585924622132828 5.6851000000000012 -117.79499999999999 -122.27499999999999 2.2820667453403218
decision_type= 2 2 2 2 2 2 2 2 2 2 2 2 2 2 2 2 2 2 2 2 2 2 2 2 2 2 2 2 2 2 2
left_child=1 6 4 5 17 7 13 -3 11 14 21 26 -11 19 -5 -12 20 25 -19 -1 -6 -8 23 -10 -24 -2 -4 -18 -15 -7 -13
right_child=2 3 8 9 16 29 10 -9 22 12 15 30 -14 28 -16 -17 27 18 -20 -21 -22 -23 24 -25 -26 -27 -28 -29 -30 -31 -32
leaf_value= 0.0049431311228497277 -0.032807712559588253 0.15525302710059363 0.14084475033302257 -0.021756683590240855 0.028230403204931018 -0.0085063570053042735 -0.060645489713293081 0.050020475173194502 0.14853231923033794 -0.0097105011414146177 -0.017268745650373115 0.22271335677554213 0.048191479024689475 -0.047618668565411859 -0.05477748556130882 -0.06618015511440789 0.0064548819710920071 0.21353098875597906 0.11639004326505781 -0.07594990942899775 0.072191242709795947 -0.094691603641533117 0.10804279883702597 0.2121658910191461 0.22251148384886901 0.079527981925297891 0.091775990409602978 0.037027274828742698 -0.098404657180820199 -0.05778816729577671 0.16594247938094972
leaf_weight=605 15.999999999999998 195 94 1556 249 85 273 1509 120 2424 363 48 293 699 1309 1511 434 76 348 82 529 1819 14.999999999999998 89 385 179 397 309 70 167 264
leaf_count=605 16 195 94 1556 249 85 273 1509 120 2424 363 48 293 699 1309 1511 434 76 348 82 529 1819 15 89 385 179 397 309 70 167 264
model_size=3504
internal_value=0 -0.027629 0.100809 -0.00259932 0.0607028 0.0487636 -0.0624268 0.0620629 0.161592 -0.0205975 -0.0743991 0.12973 -0.00346638 -0.0298153 -0.0368437 -0.0567059 0.0390936 0.113801 0.133802 -0.00471222 0.0581215 -0.0902487 0.203603 0.17563 0.218219 0.0703107 0.10117 0.0191694 -0.0522416 -0.0411653 0.174676
internal_weight=0 12960 3552 7538 2140 1956 5422 1704 1412 5582 3966 803 2717 1456 2865 1874 1521 619 424 687 778 2092 609 209 400 195 491 743 769 252 312
internal_count=16512 12960 3552 7538 2140 1956 5422 1704 1412 5582 3966 803 2717 1456 2865 1874 1521 619 424 687 778 2092 609 209 400 195 491 743 769 252 312
is_linear=0
shrinkage=0.1


Tree=3
num_leaves= 31
num_cat= 0
full_tree_array_lgbids= 0 1 3 4 2 5 18 12 7 6 9 15 16 20 24 13 28 10 11 23 8 14 17 26 19 21 22 25 27 -20 29 -1 -15 -14 -30 -6 -12 -9 -13 -3 -25 -8 -10 -4 -16 -11 -19 -2 -28 -17 -21 -7 -23 -18 -24 -5 -27 -22 -29 -2147483648 -2147483648 -26 -31
split_feature= 1 1 6 1 6 6 2 7 6 1 8 8 7 8 8 2 1 2 1 6 2 7 2 8 5 8 4 7 7 6
split_gain= 3749.61 1109.23 607.253 491.354 209.557 180.693 180.352 171.545 165.657 146.815 142.104 108.719 85.4438 99.4393 82.8528 64.0486 61.6871 52.6165 43.5368 36.4628 34.9267 16.6853 14.8732 14.069 13.7519 11.9324 11.1279 5.84515 4.42368 3.50236
threshold= 5.3736000000000006 3.1913000000000005 2.4136952392348086 7.3930000000000016 2.1628386478062818 2.7472725830126556 19.500000000000004 34.455000000000005 1.9628175980828908 4.5301500000000017 -118.29499999999999 -121.63499999999998 37.935000000000009 -118.25499999999998 -122.38499999999998 21.500000000000004 6.2770500000000009 18.500000000000004 8.7395500000000013 2.2038024706228287 28.500000000000004 37.955000000000005 26.500000000000004 -117.26499999999999 70.000000000000014 -117.71499999999999 1.0671403331650682 37.805000000000007 38.515000000000008 3.3334890965732087
decision_type= 2 2 2 2 2 2 2 2 2 2 2 2 2 2 2 2 2 2 2 2 2 2 2 2 2 2 2 2 2 2
left_child=1 4 6 5 12 15 23 10 -8 14 -6 -9 13 -1 -4 26 21 -11 20 -17 25 -7 -18 -3 -20 -5 -2 -22 -14 -26
right_child=3 2 9 18 7 16 8 11 -10 17 -12 -13 28 -15 -16 19 22 -19 24 -21 27 -23 -24 -25 29 -27 -28 -29 -30 -31
leaf_value= 0.039451119854282381 0.050074562027042073 0.014673601934889589 0.030514567816019827 0.13942493334412576 0.005603701120295318 0.041814640331748476 0.14168041119293776 -0.049775768694974729 0.057326321117961099 -0.011524787454914474 -0.050956955529434571 -0.089487059237286545 -0.040077449281091748 -0.032641468240347297 -0.026036457895962137 0.19169570167078495 0.074722188845143797 0.028210208805655102 0.084323451295495039 0.12229882029350847 0.19785748734412825 -0.0098791204986628158 0.1249871934029986 -0.035042475343216216 0.20684665706422597 0.083465739440614903 0.097836052051910732 0.13821679582553251 -0.074009032937504313 0.16504856269610557
leaf_weight=445 133 394 290 205 564 668 320 1141 901 515 2266 1841 98 350 3289 97 350 1076 11.999999999999998 480 136 80 85 80 315 59 107 28 149 38
leaf_count=445 133 394 290 205 564 668 320 1141 901 515 2266 1841 98 350 3289 97 350 1076 12 480 136 80 85 80 315 59 107 28 149 38
model_size=3392
internal_value=0 -0.0215082 0.00693386 0.105646 -0.0499958 0.0791724 0.0589774 -0.0574411 0.0794339 -0.0101288 -0.0396848 -0.0742924 -0.00846804 0.00771224 -0.0214542 0.115577 0.0540309 0.0153482 0.172416 0.133965 0.150199 0.0362859 0.0845441 0.0062827 0.198467 0.126919 0.0713682 0.187675 -0.0605463 0.202347
internal_weight=0 13719 6865 2793 6854 2000 1695 5812 1221 5170 2830 2982 1042 795 3579 817 1183 1591 793 577 428 748 435 474 365 264 240 164 247 353
internal_count=16512 13719 6865 2793 6854 2000 1695 5812 1221 5170 2830 2982 1042 795 3579 817 1183 1591 793 577 428 748 435 474 365 264 240 164 247 353
is_linear=0
shrinkage=0.1


Tree=4
num_leaves= 31
num_cat= 0
full_tree_array_lgbids= 0 1 3 4 2 7 19 11 5 8 13 17 16 22 24 12 27 6 10 23 9 14 15 26 18 20 21 28 29 25 -26 -1 -14 -13 -29 -6 -8 -7 -12 -3 -25 -10 -11 -4 -16 -15 -17 -2 -28 -19 -20 -9 -22 -18 -23 -5 -30 -24 -31 -21 -27 -2147483648 -2147483648
split_feature= 1 1 6 1 6 7 8 6 2 6 8 7 8 6 7 8 1 2 4 2 2 2 1 8 7 5 5 7 4 3
split_gain= 3057.48 1017.32 451.174 311.168 264.948 146.269 162.486 134.544 131.537 130.406 129.204 118.292 113.064 101.854 107.678 45.0303 42.6298 31.4246 24.4892 24.107 22.8418 18.3135 15.0369 10.5168 10.3436 9.86199 7.77745 7.48668 3.91421 0.38557
threshold= 5.6042500000000013 3.5488500000000003 2.4136952392348086 7.7055000000000016 2.2352443515477258 34.455000000000005 -117.77499999999999 2.6529733204757315 19.500000000000004 1.9628175980828908 -121.63499999999998 37.915000000000006 -122.31499999999998 2.9742256672023202 37.915000000000006 -121.48499999999999 6.3350000000000009 21.500000000000004 1.0435797675926601 18.500000000000004 36.500000000000007 25.500000000000004 8.7395500000000013 -117.98499999999999 37.975000000000001 139.50000000000003 565.50000000000011 39.505000000000003 1.0003353454057682 6.7403703703703712
decision_type= 2 2 2 2 2 2 2 2 2 2 2 2 2 2 2 2 2 2 2 2 2 2 2 2 2 2 2 2 2 2
left_child=1 4 8 7 11 6 -6 17 23 -10 -7 12 -1 14 -4 -15 20 26 -19 22 -9 -18 28 -3 25 -21 -2 -13 -5 -24
right_child=3 2 13 19 5 10 -8 16 9 -11 -12 27 -14 15 -16 -17 21 18 -20 24 -22 -23 29 -25 -26 -27 -28 -29 -30 -31
leaf_value= 0.12221329533233401 0.028301499305026873 0.030065627903550985 0.024989935387350698 0.071385632569973295 -0.01853103332494694 -0.039557564729227793 -0.066178408721960041 0.038478877448761661 0.1500604770951352 0.063741580624560895 -0.079747494244217509 -0.046868625673093543 0.0036107076454320389 0.010885972737028085 -0.028745861697969922 -0.024781538724009646 0.070774336081202927 0.11809887295596214 0.17224842198446497 0.084594182962817815 0.1151922637358942 0.11436277262430308 0.10993223860859871 -0.0078481021603303298 0.062439170777797703 0.18124780129463092 0.095506151175086818 -0.093185839004683912 0.12314968413540295 0.1694644680754705
leaf_weight=89 28 230 1823 39 2253 1361 1075 589 236 736 2043 293 1099 483 484 1690 373 253 147 13.999999999999998 47 158 9.9999999999999982 154 9.9999999999999982 439 141 57 70 88
leaf_count=89 28 230 1823 39 2253 1361 1075 589 236 736 2043 293 1099 483 484 1690 373 253 147 14 47 158 10 154 10 439 141 57 70 88
model_size=3392
internal_value=0 -0.0177795 0.0142316 0.104238 -0.0403692 -0.0489682 -0.0339219 0.0817999 0.0649222 0.0846997 -0.0636786 -0.00273014 0.0124959 -0.00111143 0.0137164 -0.0168536 0.0621647 0.122071 0.137999 0.162378 0.0441479 0.0837442 0.132448 0.0148606 0.175759 0.178261 0.0843717 -0.0544117 0.104629 0.16339
internal_weight=0 14106 5836 2406 8270 6732 3328 1736 1356 972 3404 1538 1188 4480 2307 2173 1167 569 400 670 636 531 207 384 463 453 169 350 109 98
internal_count=16512 14106 5836 2406 8270 6732 3328 1736 1356 972 3404 1538 1188 4480 2307 2173 1167 569 400 670 636 531 207 384 463 453 169 350 109 98
is_linear=0
shrinkage=0.1


Tree=5
num_leaves= 32
num_cat= 0
full_tree_array_lgbids= 0 2 1 5 3 4 10 18 15 6 7 11 13 12 23 19 29 30 17 21 9 8 20 22 14 24 16 27 26 25 28 -1 -21 -20 -31 -7 -32 -17 -19 -4 -23 -8 -11 -5 -10 -9 -22 -2 -24 -13 -16 -6 -26 -15 -18 -3 -29 -14 -28 -12 -27 -25 -30
split_feature= 1 1 1 6 6 3 2 7 8 7 1 2 2 2 6 1 8 3 8 7 7 1 1 8 1 7 7 6 1 7 6
split_gain= 2530.08 655.855 498.499 383.456 215.909 136.57 128.549 123.531 207.71 113.401 102.487 58.9552 58.5502 54.9948 48.976 47.6245 46.5019 36.2075 28.2895 32.2242 18.7535 16.4894 16.2797 15.3285 11.9846 11.5475 10.765 9.69591 8.51363 6.53056 5.44547
threshold= 4.5301500000000017 6.3350000000000009 2.5894500000000007 2.2634687595142249 2.5219735498882589 3.6482937607122259 24.500000000000004 37.935000000000009 -122.24499999999999 37.815000000000005 7.852450000000001 21.500000000000004 26.500000000000004 16.500000000000004 2.0653737590585881 1.9486000000000003 -117.65499999999999 4.4053436317780594 -118.27499999999999 37.935000000000009 39.355000000000011 3.3627000000000002 5.6402500000000009 -118.00499999999998 5.4090500000000015 38.275000000000013 37.615000000000002 3.102783329035586 10.027200000000002 34.115000000000002 2.0231950334409352
decision_type= 2 2 2 2 2 2 2 2 2 2 2 2 2 2 2 2 2 2 2 2 2 2 2 2 2 2 2 2 2 2 2
left_child=2 4 5 6 11 18 21 8 -5 -8 12 22 27 24 -13 30 -15 -17 19 -1 -9 -4 -2 25 -6 -12 -14 -3 -25 -20 -7
right_child=1 10 3 7 13 15 9 20 -10 -11 23 14 26 16 -16 17 -18 -19 29 -21 -22 -23 -24 28 -26 -27 -28 -29 -30 -31 -32
leaf_value= 0.012117743446681969 0.026387971632642556 0.086716340036793182 -0.02280445498773126 0.068901415246001643 -0.01534550204371116 -0.049344614402462655 0.078091628408663308 -0.044191697640284446 -0.018588063996571074 -0.014747681463675867 0.16130969908919029 0.15929502011873786 0.13896144098723559 0.036356463537148095 0.084308055511275515 -0.032343891037603385 -0.023574800258394431 -0.061684693709160313 -0.041331448148151761 -0.070271137153419358 -0.082670796677642489 0.015684306962861903 0.089867827136601727 0.09778046139813576 0.014511714554519382 0.038622040003538138 0.089891499487488105 0.055276955451519616 0.15771283166749139 0.013646502265972752 -0.07926172752628019
leaf_weight=397 204 304 244 293 404 104 728 1008 4591 166 453 117 261 1626 445 689 151 1357 380 60 173 289 63 97 292 9.9999999999999982 74 226 49 35 1222
leaf_count=397 204 304 244 293 404 104 728 1008 4591 166 453 117 261 1626 445 689 151 1357 380 60 173 289 63 97 292 10 74 226 49 35 1222
model_size=3504
internal_value=0 0.0613988 -0.0249864 -0.00942684 0.0365818 -0.052454 0.0374009 -0.0204447 -0.0133394 0.060853 0.116993 0.0810608 0.0945379 0.0216715 0.0999192 -0.0616787 0.0312638 -0.051804 -0.0167819 0.00130082 -0.0498283 -0.00193531 0.0413664 0.148887 -0.0028192 0.15866 0.128122 0.0733101 0.117895 -0.0366948 -0.0769153
internal_weight=0 4776 11736 7492 3302 4244 1427 6065 4884 894 1474 829 865 2473 562 3372 1777 2046 872 457 1181 533 267 609 696 463 335 530 146 415 1326
internal_count=16512 4776 11736 7492 3302 4244 1427 6065 4884 894 1474 829 865 2473 562 3372 1777 2046 872 457 1181 533 267 609 696 463 335 530 146 415 1326
is_linear=0
shrinkage=0.1


Tree=6
num_leaves= 32
num_cat= 0
full_tree_array_lgbids= 0 2 1 7 3 4 9 10 17 8 5 15 14 13 22 16 25 26 21 23 11 6 12 20 18 19 24 29 28 27 30 -1 -18 -12 -27 -9 -28 -19 -23 -4 -25 -10 -13 -5 -8 -7 -14 -2 -22 -17 -20 -6 -21 -16 -26 -3 -31 -15 -30 -11 -29 -24 -32
split_feature= 1 1 1 6 6 6 7 3 2 1 6 7 8 2 6 2 7 1 6 7 5 7 2 2 7 3 6 1 7 8 5
split_gain= 2049.18 479.105 451.614 316.611 167.552 117.339 128.384 116.664 96.0539 82.3007 52.7129 51.025 42.0806 40.0714 39.9428 36.5251 35.9275 32.4288 30.9782 29.879 17.133 16.2164 16.0748 12.458 11.6402 10.8998 10.6878 9.1425 8.06877 7.96536 6.61079
threshold= 4.6754000000000007 6.3350000000000009 2.7820000000000005 2.0653737590585881 2.5288691539219195 2.8079590171801518 37.935000000000009 4.2015099382944241 24.500000000000004 7.7055000000000016 3.0973600929976173 37.815000000000005 -122.38499999999998 26.500000000000004 3.0375944537846187 21.500000000000004 37.915000000000006 2.2210000000000005 2.0653737590585881 37.955000000000005 374.50000000000006 39.285000000000004 18.500000000000004 16.500000000000004 37.775000000000013 3.0522493994321906 1.9139224725972623 8.7395500000000013 37.615000000000002 -122.21499999999999 139.50000000000003
decision_type= 2 2 2 2 2 2 2 2 2 2 2 2 2 2 2 2 2 2 2 2 2 2 2 2 2 2 2 2 2 2 2
left_child=2 4 7 8 15 6 -5 10 23 13 16 -10 -7 29 19 20 -1 26 -17 -6 -2 -19 27 -4 -16 -12 -9 -11 -15 -3 -24
right_child=1 9 3 5 14 12 -8 17 11 22 25 -13 -14 28 24 18 -18 21 -20 -21 -22 -23 30 -25 -26 -27 -28 -29 -30 -31 -32
leaf_value= 0.00063518148806396876 -0.049601518066430636 0.12282181248301641 -0.0091523677969496415 0.014145988078233342 0.041437028975974267 0.020198098520158789 -0.034518177096898313 -0.026211389813834102 0.097678374441017235 0.082681065084361433 -0.014401938209613397 -0.0029786853185449279 -0.028751953161978167 0.1231276332562023 0.010604784553332948 0.14550179829029367 -0.056761574735864996 -0.041817113313863681 0.079781015019075627 -0.0065733162661576099 0.052292475773720072 -0.080258654335488552 0.062272938589255013 0.035360831138379394 -0.026435008071481237 -0.046011706809321408 -0.069498946638094847 0.13223879371142508 0.076619160250909091 0.0608670820574604 0.14586568993483004
leaf_weight=828 22 32 167 2261 982 203 739 80 409 109 172 62 3040 240 900 100 140 1371 397 170 208 148 14.999999999999998 156 126 898 1459 98 69 463 448
leaf_count=828 22 32 167 2261 982 203 739 80 409 109 172 62 3040 240 900 100 140 1371 397 170 208 148 15 156 126 898 1459 98 69 463 448
model_size=3504
internal_value=0 0.0586889 -0.0211818 -0.00470043 0.0350417 -0.0123067 0.00215838 -0.0439407 0.0551053 0.105294 -0.0251307 0.0844284 -0.0256879 0.08327 0.0210226 0.0770411 -0.007666 -0.0564766 0.0930045 0.0343522 0.0425461 -0.0455626 0.131722 0.0123463 0.00605604 -0.0409305 -0.0672488 0.106143 0.112742 0.0648722 0.143158
internal_weight=0 4379 12133 7037 2905 6243 3000 5096 794 1474 2038 471 3243 804 2178 727 968 3058 497 1152 230 1519 670 323 1026 1070 1539 207 309 495 463
internal_count=16512 4379 12133 7037 2905 6243 3000 5096 794 1474 2038 471 3243 804 2178 727 968 3058 497 1152 230 1519 670 323 1026 1070 1539 207 309 495 463
is_linear=0
shrinkage=0.1


Tree=7
num_leaves= 30
num_cat= 0
full_tree_array_lgbids= 0 1 3 4 2 6 16 13 7 5 11 15 19 20 25 23 14 8 9 10 22 12 17 27 18 21 26 24 28 -18 -27 -1 -25 -15 -16 -6 -10 -9 -11 -3 -12 -7 -24 -4 -14 -13 -19 -2 -29 -17 -20 -8 -23 -21 -28 -5 -26 -22 -30 -2147483648 -2147483648 -2147483648 -2147483648
split_feature= 1 1 6 1 6 7 6 7 8 8 2 8 7 2 7 2 1 7 6 2 2 1 8 8 4 5 3 4 7
split_gain= 1683.39 490.658 282.713 224.643 131.129 122.384 99.5659 93.6481 128.134 122.106 92.4342 71.1697 79.0858 42.5602 39.0545 32.9258 23.1064 22.141 22.0274 20.4954 16.6138 16.0098 14.9685 13.004 6.97946 6.57865 4.47201 4.06114 3.30174
threshold= 5.2771000000000017 3.3941500000000002 2.5102460737381374 7.2638000000000007 2.0376051459673437 37.935000000000009 2.7472725830126556 34.455000000000005 -118.30499999999999 -120.09499999999998 19.500000000000004 -117.79499999999999 37.915000000000006 27.500000000000004 37.975000000000001 16.500000000000004 9.1688500000000008 33.655000000000008 2.2038024706228287 40.500000000000007 28.500000000000004 6.0886500000000003 -122.35499999999998 -118.10499999999998 1.0076024985240879 70.000000000000014 6.6568740261296906 1.0671403331650682 37.645000000000003
decision_type= 2 2 2 2 2 2 2 2 2 2 2 2 2 2 2 2 2 2 2 2 2 2 2 2 2 2 2 2 2
left_child=1 4 5 6 13 10 15 8 -6 -9 -3 12 -4 23 -15 27 20 -13 -17 21 24 -8 -7 -1 -5 -18 -21 -2 -22
right_child=3 2 11 16 7 22 19 9 -10 -11 -12 17 -14 14 -16 18 25 -19 -20 26 28 -23 -24 -25 -26 -27 -28 -29 -30
leaf_value= -0.0012619384543763267 0.014335230146587658 0.0095141289986474826 0.0066557830519129836 0.060998965450209768 0.019040572992765206 0.013489708609387772 0.018152575185137215 -0.037127621829279978 -0.033366659706953378 -0.080929786088976066 0.06699119924107462 -0.018802332390623636 -0.032428590558988897 0.042895697639095509 -0.042237113157785694 0.12808220913441526 0.044225913782914482 -0.056632968688626655 0.078058621720937679 0.059092749793004863 0.13292530742701053 0.044099968870893583 -0.042744827908355487 -0.04059110098808516 0.097640813849688146 0.13942358417513029 0.14169482803344727 0.057553465738211101 0.087818210240867403
leaf_weight=270 88 396 2665 132 584 91 686 2638 2713 874 1104 384 682 357 71 126 11.999999999999998 345 579 24 164 519 172 183 209 292 25 82 45
leaf_count=270 88 396 2665 132 584 91 686 2638 2713 874 1104 384 682 357 71 126 12 345 579 24 164 519 172 183 209 292 25 82 45
model_size=3280
internal_value=0 -0.0150099 0.00692999 0.0680755 -0.0316688 0.0406133 0.0505478 -0.036434 -0.0240837 -0.0480283 0.0518173 -0.00763913 -0.00130823 0.00516008 0.0287732 0.0769316 0.111771 -0.0367057 0.086999 0.0321381 0.0985643 0.0293283 -0.0232873 -0.0171499 0.0834569 0.135666 0.101237 0.0351817 0.123213
internal_weight=0 13529 5839 2983 7690 1763 2129 6809 3297 3512 1500 4076 3347 881 428 875 854 729 705 1254 550 1205 263 453 341 304 49 170 209
internal_count=16512 13529 5839 2983 7690 1763 2129 6809 3297 3512 1500 4076 3347 881 428 875 854 729 705 1254 550 1205 263 453 341 304 49 170 209
is_linear=0
shrinkage=0.1


Tree=8
num_leaves= 30
num_cat= 0
full_tree_array_lgbids= 0 2 1 7 4 3 11 21 16 12 5 8 15 13 25 -1 22 17 19 24 14 6 10 28 9 18 23 20 27 26 -27 -2147483648 -2147483648 -23 -24 -9 -19 -18 -21 -4 -26 -14 -16 -6 -8 -7 -12 -2 -30 -10 -11 -5 -20 -17 -25 -3 -22 -15 -29 -13 -28 -2147483648 -2147483648
split_feature= 1 1 1 6 6 2 3 3 2 6 8 1 2 6 7 1 7 8 8 8 2 7 7 6 8 7 8 1 5
split_gain= 1394.79 432.804 214.195 185.84 185.521 89.3026 82.3795 77.6986 72.7695 86.7781 59.792 56.9752 43.9129 38.1557 37.2773 34.6188 30.2068 32.2324 27.5384 23.4636 21.8251 17.0748 14.0185 10.3221 10.2822 6.12992 5.65494 5.22536 4.52726
threshold= 4.125700000000001 6.2770500000000009 2.5205000000000006 2.735488224282792 2.0376051459673437 51.500000000000007 5.0372251488776927 3.3654435698213785 16.500000000000004 2.0653737590585881 -122.33499999999999 8.0125000000000011 22.500000000000004 3.0089663118548242 37.815000000000005 5.3357000000000001 35.335000000000008 -118.31499999999998 -122.33499999999999 -119.84499999999998 18.500000000000004 34.045000000000009 37.935000000000009 3.1424162072895592 -118.29499999999999 38.035000000000004 -118.05499999999999 6.8672000000000013 1111.5000000000002
decision_type= 2 2 2 2 2 2 2 2 2 2 2 2 2 2 2 2 2 2 2 2 2 2 2 2 2 2 2 2 2
left_child=2 3 7 8 12 6 -6 21 28 -10 -7 13 24 20 -14 18 17 -9 -5 -18 -3 -1 -23 -17 -4 26 -13 -15 -2
right_child=1 11 4 15 5 10 -8 16 9 -11 -12 25 14 27 -16 23 19 -19 -20 -21 -22 22 -24 -25 -26 -27 -28 -29 -30
leaf_value= -0.030651805759290579 -0.010530385560814468 0.051229737188029839 0.021803364104528027 0.045571184147810265 -0.0070455506758917309 0.095537202478905695 -0.032091023454820809 0.00029756721351765288 0.1158633996358341 0.046759207246827299 0.0033178928582670375 0.1210551983850174 0.068006756670622379 0.024648339091258686 -0.013385108052249496 0.035892917081321155 -0.049168390090471942 -0.042168252085787589 -0.006916879375286982 -0.078630092192011392 0.096735707947890437 0.01797659225281208 -0.060303859621512169 0.0088141999881453503 -0.026717307282656078 0.010561960749328136 0.089721553389120995 0.057947222593091652 0.019740620436582795
leaf_weight=199 160 171 149 124 2663 113 2864 238 224 1274 225 403 408 172 74 427 1370 1345 1649 416 476 310 33 371 105 9.9999999999999982 135 169 235
leaf_count=199 160 171 149 124 2663 113 2864 238 224 1274 225 403 408 172 74 427 1370 1345 1649 416 476 310 33 371 105 10 135 169 235
model_size=3280
internal_value=0 0.0385271 -0.0219903 0.0226971 -0.0108967 -0.0169017 -0.0200237 -0.0407142 0.04674 0.0570925 0.0341486 0.0845328 0.036956 0.0696752 0.0555109 0.00499465 -0.0465172 -0.0357836 -0.00324597 -0.0560307 0.0847086 -0.0046439 0.0104452 0.0233037 0.00174561 0.11132 0.113193 0.0411513 0.00747895
internal_weight=0 6000 10512 4464 6601 5865 5527 3911 1893 1498 338 1536 736 988 482 2571 3369 1583 1773 1786 647 542 343 798 254 548 538 341 395
internal_count=16512 6000 10512 4464 6601 5865 5527 3911 1893 1498 338 1536 736 988 482 2571 3369 1583 1773 1786 647 542 343 798 254 548 538 341 395
is_linear=0
shrinkage=0.1


Tree=9
num_leaves= 29
num_cat= 0
full_tree_array_lgbids= 0 2 1 7 3 6 13 12 17 4 8 10 18 14 26 15 24 21 -19 5 25 9 22 11 16 20 19 23 -16 27 -28 -1 -17 -14 -26 -9 -23 -2147483648 -2147483648 -4 -7 -6 -27 -5 -11 -10 -24 -2 -13 -12 -18 -8 -22 -20 -21 -3 -25 -2147483648 -2147483648 -15 -29 -2147483648 -2147483648
split_feature= 1 1 1 6 7 8 6 3 8 7 7 8 6 2 1 7 8 7 8 7 7 6 7 6 8 8 7 1
split_gain= 1131.91 272.747 230.942 182.285 111.637 126.148 103.077 71.4929 42.4027 57.15 40.232 49.7914 39.3017 38.6961 29.5492 26.0896 24.6878 21.5783 21.1677 57.461 21.1682 13.8399 13.0231 11.7947 10.2507 8.56463 5.98009 3.20355
threshold= 4.5301500000000017 6.3963500000000009 2.7820000000000005 2.5763869593405579 37.935000000000009 -122.40499999999999 2.735488224282792 4.3101408005062494 -117.79499999999999 37.895000000000003 37.925000000000004 -118.30499999999999 2.8335312747426764 29.500000000000004 9.1688500000000008 37.915000000000006 -122.38499999999998 39.285000000000004 -121.52499999999999 34.655000000000008 37.915000000000006 2.8751854599406532 33.715000000000011 2.6585924622132828 -117.79499999999999 -122.35499999999998 37.985000000000007 7.7055000000000016
decision_type= 2 2 2 2 2 2 2 2 2 2 2 2 2 2 2 2 2 2 2 2 2 2 2 2 2 2 2 2
left_child=2 6 7 4 5 -4 10 12 9 -5 11 -2 15 14 23 -1 -12 21 20 -20 -8 -9 -10 -3 -14 -6 27 -15
right_child=1 13 3 8 25 -7 18 17 22 -11 16 -13 24 26 -16 -17 -18 -19 19 -21 -22 -23 -24 -25 -26 -27 -28 -29
leaf_value= 0.0063365612395891837 0.070192480569928606 0.083978802055603818 0.11173297081241858 -0.005459703597153991 -0.00078241720145715661 0.019921498657169426 0.041302824015089126 -0.031522751650265267 -0.024769089114725369 -0.038553068023598334 0.057178147389952631 0.026372530777315731 -0.026358676461989628 0.089310438365293357 0.10709651498458324 -0.041411310901706355 -0.031580942129208284 -0.068689580271802941 0.012888859641797343 -0.042838353046536819 -0.0055805088814210009 -0.048863267445552958 -0.055574019402440326 0.047590019148321144 -0.055974301039643098 -0.037052679703836994 -0.00089211374521255501 0.11383863805558768
leaf_weight=744 754 158 169 2653 139 1874 422 1229 367 715 56 453 1175 237 156 164 110 369 1166 241 162 1218 373 565 197 350 9.9999999999999982 286
leaf_count=744 754 158 169 2653 139 1874 422 1229 367 715 56 453 1175 237 156 164 110 369 1166 241 162 1218 373 565 197 350 10 286
model_size=3168
internal_value=0 0.0411243 -0.0167357 -0.00432693 0.0170373 0.0275163 0.0255143 -0.032904 -0.017495 -0.0124852 0.0470502 0.0537464 -0.0193313 0.0783141 0.0646918 -0.0022875 -0.00163812 -0.0438932 0.010663 0.00334354 0.0282975 -0.040154 -0.0402964 0.0555422 -0.0306111 -0.0267427 0.10078 0.102724
internal_weight=0 4776 11736 6640 2532 2043 3364 5096 4108 3368 1373 1207 2280 1412 879 908 166 2816 1991 1407 584 2447 740 723 1372 489 533 523
internal_count=16512 4776 11736 6640 2532 2043 3364 5096 4108 3368 1373 1207 2280 1412 879 908 166 2816 1991 1407 584 2447 740 723 1372 489 533 523
is_linear=0
shrinkage=0.1


Tree=10
num_leaves= 31
num_cat= 0
full_tree_array_lgbids= 0 2 1 10 4 3 7 16 11 12 5 9 8 14 22 17 25 15 29 26 27 6 24 28 19 18 13 21 20 -9 23 -1 -19 -18 -27 -12 -17 -13 -31 -4 -28 -14 -29 -6 -8 -7 -26 -2 -30 -11 -21 -5 -20 -10 -15 -3 -23 -16 -22 -2147483648 -2147483648 -24 -25
split_feature= 1 1 6 6 1 7 8 1 8 2 2 7 3 7 6 1 8 7 7 7 2 7 3 8 8 6 4 1 4 7
split_gain= 928.157 290.044 146.015 128.927 108.295 76.735 164.942 58.9025 54.9929 51.5496 50.1571 48.9722 43.1924 42.6324 40.8236 28.4629 22.5675 58.7243 21.2678 17.4828 15.9287 14.9945 10.4271 9.37565 9.21187 8.33414 8.13909 6.18113 4.32907 1.06818
threshold= 4.125700000000001 5.8308000000000009 2.0231950334409352 2.2982753493904258 2.2210000000000005 38.475000000000001 -122.35499999999998 7.7055000000000016 -122.19499999999998 16.500000000000004 27.500000000000004 37.815000000000005 3.4845502266762112 37.615000000000002 2.5949646725452555 3.4298000000000006 -118.19499999999998 34.965000000000011 37.615000000000002 38.435000000000009 32.500000000000007 37.615000000000002 5.396289833514504 -118.00499999999998 -121.34499999999998 1.5104297674263547 1.0291350557942953 1.8344000000000003 1.3812642694063928 38.455000000000005
decision_type= 2 2 2 2 2 2 2 2 2 2 2 2 2 2 2 2 2 2 2 2 2 2 2 2 2 2 2 2 2 2
left_child=2 3 10 9 12 6 -6 14 18 28 16 15 26 -10 21 -12 17 -1 -5 -11 -16 -3 -9 -24 -7 -18 -4 -14 -2 -13
right_child=1 7 4 8 5 24 -8 22 13 19 11 29 27 -15 20 -17 25 -19 -20 -21 -22 -23 23 -25 -26 -27 -28 -29 -30 -31
leaf_value= 0.07436963785889053 -0.00044492797165211024 0.091625539227577588 -0.031399482478930922 0.10193155197732484 0.054861528691221642 -0.052488096230144235 -0.015594235583064798 -0.035414802283048628 0.0084486694427198545 0.081523251720431775 0.03960276116727799 0.0014517061895171761 -0.053914898840828278 -0.025255579797602779 0.031565590286081892 0.10330331894469313 -0.080752348865975043 -0.016460462053253331 0.032893837021663784 -0.038791342894546693 0.067498863280750818 0.040844153118982485 0.097588641072045373 0.063761569433538862 -0.025602988509269828 -0.019778866566839103 0.0043490358884265131 -0.039282233985841596 0.098649218007922174 -0.043517122730346663
leaf_weight=114 140 296 168 67 364 601 5659 9.9999999999999982 2445 424 307 61 1044 504 824 112 44 238 300 15.999999999999998 200 104 493 167 287 184 257 1016 9.9999999999999982 56
leaf_count=114 140 296 168 67 364 601 5659 10 2445 424 307 61 1044 504 824 112 44 238 300 16 200 104 493 167 287 184 257 1016 10 56
model_size=3392
internal_value=0 0.0314632 -0.0179584 0.0152317 -0.0220867 -0.0155074 -0.0113362 0.0617402 0.00742634 0.0591007 0.0167991 0.0398873 -0.0403844 0.00268843 0.0497744 0.0566301 -0.0045377 0.0129561 0.0454975 0.0771482 0.0385838 0.0784224 0.087172 0.0890294 -0.0437989 -0.0315457 -0.00978214 -0.046698 0.00616135 -0.0200718
internal_weight=0 6000 10512 3906 9396 6911 6023 2094 3316 590 1116 536 2485 2949 1424 419 580 352 367 440 1024 400 670 660 888 228 425 2060 150 117
internal_count=16512 6000 10512 3906 9396 6911 6023 2094 3316 590 1116 536 2485 2949 1424 419 580 352 367 440 1024 400 670 660 888 228 425 2060 150 117
is_linear=0
shrinkage=0.1


Tree=11
num_leaves= 28
num_cat= 0
full_tree_array_lgbids= 0 1 7 3 2 13 19 9 4 11 8 16 24 20 22 10 -11 5 6 26 12 15 14 17 18 -15 25 23 21 -21 -24 -1 -12 -2147483648 -2147483648 -5 -7 -6 -8 -3 -28 -13 -14 -4 -17 -10 -16 -2 -19 -18 -20 -2147483648 -2147483648 -26 -27 -9 -25 -22 -23 -2147483648 -2147483648 -2147483648 -2147483648
split_feature= 1 1 6 6 7 8 8 1 8 8 7 2 7 6 7 7 8 7 7 1 4 8 5 5 3 7 5
split_gain= 753.674 272.213 135.265 88.1205 62.4134 89.8205 83.1679 60.4785 53.2937 49.159 71.1704 46.2842 48.5617 45.3574 42.7762 27.7959 19.243 27.3183 13.8391 8.16578 9.42144 5.41757 2.58194 2.24265 0.990681 0.969884 0.0638206
threshold= 5.6042500000000013 3.6530500000000008 2.3238229356603282 2.2982753493904258 34.455000000000005 -117.675 -120.09499999999998 7.2638000000000007 -122.24499999999999 -117.145 37.805000000000007 17.500000000000004 37.815000000000005 3.0089663118548242 34.525000000000013 37.895000000000003 -117.85499999999998 37.955000000000005 33.605000000000011 9.1688500000000008 1.0076024985240879 -117.83499999999999 139.50000000000003 431.50000000000006 5.9555396142196724 37.965000000000011 1118.5000000000002
decision_type= 2 2 2 2 2 2 2 2 2 2 2 2 2 2 2 2 2 2 2 2 2 2 2 2 2 2 2
left_child=1 3 11 9 5 -5 -6 13 15 10 -1 26 -13 16 -10 -4 17 -2 -18 20 23 -22 -21 -9 -15 -26 -3
right_child=7 2 8 4 6 -7 -8 19 14 -11 -12 12 -14 24 -16 -17 18 -19 -20 22 21 -23 -24 -25 25 -27 -28
leaf_value= 0.020387201823085843 0.068033595097302987 -0.010391103719988422 0.05946314117468391 -0.004483266313974511 -0.025802748348081214 -0.040905081920563156 -0.062638189621137583 -0.03322438995043437 0.006186576703178139 -0.05006025615506448 -0.025297657224342768 0.070193583414449728 -0.0035645866281345112 -0.0098492271248967617 -0.016509633243698519 0.0068297229579493274 0.05061459532608429 0.0018531679546079005 -0.015760525350493413 0.028879613743016598 0.086409553995587099 0.043861417668561144 0.095155483512371256 0.048221246296017574 0.023970669216891428 -0.01461989570044629 0.01897877613042628
leaf_weight=1140 711 121 252 2406 2556 1020 874 11.999999999999998 2445 195 539 584 119 78 1505 226 93 83 81 19 274 75 285 189 460 46 124
leaf_count=1140 711 121 252 2406 2556 1020 874 12 2445 195 539 584 119 78 1505 226 93 83 81 19 274 75 285 189 460 46 124
model_size=3056
internal_value=0 -0.00885375 0.00901643 -0.0198583 -0.0252636 -0.0153269 -0.0351888 0.0519081 0.00153736 -8.31255e-05 0.00572125 0.0439503 0.0577082 0.0396534 -0.00246097 0.0345779 0.0536738 0.0611155 0.0197158 0.0741791 0.0648744 0.077266 0.0910132 0.0433588 0.016414 0.0204624 0.00447365
internal_weight=0 14106 5376 8730 6856 3426 3430 2406 4428 1874 1679 948 703 1552 3950 478 968 794 174 854 550 349 304 201 584 506 245
internal_count=16512 14106 5376 8730 6856 3426 3430 2406 4428 1874 1679 948 703 1552 3950 478 968 794 174 854 550 349 304 201 584 506 245
is_linear=0
shrinkage=0.1


Tree=12
num_leaves= 27
num_cat= 0
full_tree_array_lgbids= 0 2 1 3 14 5 7 15 4 16 -16 9 8 12 18 -1 19 6 13 17 22 -2147483648 -2147483648 24 11 10 20 23 25 21 -20 -2147483648 -2147483648 -17 -21 -5 -8 -6 -15 -4 -19 -18 -24 -2147483648 -2147483648 -2147483648 -2147483648 -2 -26 -11 -13 -7 -12 -10 -22 -3 -25 -14 -27 -9 -23 -2147483648 -2147483648
split_feature= 1 1 7 8 6 6 8 2 8 2 7 7 1 7 7 7 8 7 7 2 7 5 8 4 5 1
split_gain= 619.586 194.853 103.198 237.069 106.74 94.5912 84.0052 41.8247 37.6315 32.1219 26.7189 25.9748 25.7901 25.6651 21.2559 18.1071 14.2693 20.5574 10.8559 9.62245 9.1952 6.78425 6.4516 6.00948 4.87806 4.0705
threshold= 4.0612500000000002 5.8308000000000009 37.925000000000004 -122.31499999999998 2.8941056667066012 2.4469862317432325 -117.77499999999999 26.500000000000004 -117.77499999999999 21.500000000000004 37.915000000000006 37.995000000000012 7.2638000000000007 34.435000000000009 39.355000000000011 37.755000000000003 -122.38499999999998 38.705000000000005 38.025000000000013 23.500000000000004 33.915000000000006 170.50000000000003 -121.19499999999998 0.97061363405465817 514.50000000000011 9.1688500000000008
decision_type= 2 2 2 2 2 2 2 2 2 2 2 2 2 2 2 2 2 2 2 2 2 2 2 2 2 2
left_child=2 5 3 15 6 9 -5 12 10 24 -7 -11 23 -6 16 -1 17 -4 21 -17 -10 -9 -18 -3 -2 -14
right_child=1 7 14 4 13 8 -8 18 20 11 -12 -13 25 -15 -16 19 22 -19 -20 -21 -22 -23 -24 -25 -26 -27
leaf_value= 0.042389928355152096 -0.029875974152237181 -0.0032181587217177156 0.015399646823760122 0.0081160346513103106 -0.019381957619321408 0.014057029246042655 -0.026952066562558486 0.00066831237077713025 -0.010441103069883533 0.059654584209722417 -0.014444981647905001 -0.029831526519375897 0.048483384569226476 -0.038536499032182751 -0.054800560196951759 -0.025205776244401935 -0.039125807719800426 -0.04487210424600302 -0.026496734149340131 0.10114524848255757 -0.045543434001916065 0.071924476841825083 -0.015379869176619008 0.03031633381182941 0.019799184530388734 0.079922361279295084
leaf_weight=155 50 122 200 2756 2786 2179 989 25 354 615 485 42 320 1222 527 9.9999999999999982 1038 112 18 185 180 832 267 638 266 139
leaf_count=155 50 122 200 2756 2786 2179 989 25 354 615 485 42 320 1222 527 10 1038 112 18 185 180 832 267 638 266 139
model_size=2944
internal_value=0 0.024883 -0.0152134 -0.00991575 -0.0135918 0.0122124 -0.00114494 0.0501213 0.00366807 0.0402954 0.00886804 0.053934 0.0373856 -0.025222 -0.0352354 0.071515 -0.0288588 -0.00623637 0.0678639 0.0946657 -0.0222733 0.0698458 -0.0342674 0.0249332 0.0119392 0.0580041
internal_weight=0 6265 10247 8103 7753 4171 3745 2094 3198 973 2664 657 1219 4008 2144 350 1617 312 875 195 534 857 1305 760 316 459
internal_count=16512 6265 10247 8103 7753 4171 3745 2094 3198 973 2664 657 1219 4008 2144 350 1617 312 875 195 534 857 1305 760 316 459
is_linear=0
shrinkage=0.1


Tree=13
num_leaves= 29
num_cat= 0
full_tree_array_lgbids= 0 1 2 7 3 6 15 16 14 8 4 10 23 21 20 -1 19 26 18 17 12 5 9 11 13 24 25 27 -23 22 -22 -2147483648 -2147483648 -18 -21 -9 -28 -16 -20 -3 -19 -10 -14 -5 -7 -6 -11 -2 -13 -12 -15 -8 -26 -25 -27 -4 -29 -2147483648 -2147483648 -17 -24 -2147483648 -2147483648
split_feature= 1 1 1 6 8 7 6 3 2 7 8 7 6 7 1 2 7 8 6 4 8 4 7 8 7 3 8 3
split_gain= 506.724 122.919 110.742 108.848 58.9027 82.9264 55.3502 34.7077 34.6691 30.8298 28.5896 40.6267 20.1154 19.247 15.8804 15.8235 9.73534 9.6841 9.56621 7.01462 5.28621 5.2603 3.99928 3.9038 3.74237 2.03304 0.295668 0.261776
threshold= 4.5993500000000003 2.5044000000000004 6.5626000000000007 2.0653737590585881 -117.75499999999998 34.525000000000013 2.9742256672023202 3.3654435698213785 26.500000000000004 33.645000000000003 -117.85499999999998 37.925000000000004 1.6949612205182323 33.935000000000009 1.9486000000000003 21.500000000000004 34.045000000000009 -118.29499999999999 2.427860421729632 0.9926017150155082 -117.18499999999999 1.0097363099187924 38.025000000000013 -117.63499999999998 37.815000000000005 6.7645078233313543 -116.53499999999998 6.3093506665392178
decision_type= 2 2 2 2 2 2 2 2 2 2 2 2 2 2 2 2 2 2 2 2 2 2 2 2 2 2 2 2
left_child=1 7 6 8 5 -5 10 16 17 -6 11 -2 -10 -12 26 21 -1 -3 -16 -18 22 27 -17 24 -8 -25 -9 -4
right_child=2 3 15 4 9 -7 23 14 12 -11 13 -13 -14 -15 18 20 19 -19 -20 -21 -22 -23 -24 25 -26 -27 -28 -29
leaf_value= -0.022807343628306713 0.042744819444461069 0.021865166845530568 -0.018445522129973947 0.010259669360597747 -0.012178216631694345 -0.014382398887657891 0.0094105361315112157 -0.037886942618439085 0.095536959221824369 -0.047581078965606989 0.014389977445183645 -0.0032396053736565554 0.037402760845043091 -0.053010949149195644 -0.0080531302168281634 0.067912884366271395 -0.028022530971793459 -0.017191671748155144 -0.028536383714167932 0.021709966251041594 -0.039899646341800689 0.049929877984406235 -0.01684194068823542 -0.033050547814608082 -0.016837730651391988 0.0067178876702616245 -0.069106151728015958 0.028048814719591593
leaf_weight=199 1388 255 34 2551 595 3422 943 1382 94 575 261 261 418 70 504 726 64 169 1354 277 9.9999999999999982 332 13.999999999999998 131 164 81 66 172
leaf_count=199 1388 255 34 2551 595 3422 943 1382 94 575 261 261 418 70 504 726 64 169 1354 277 10 332 14 131 164 81 66 172
model_size=3168
internal_value=0 -0.0109267 0.0284065 -0.00375842 -0.00807074 -0.00385805 0.018447 -0.0259845 0.0291507 -0.0295771 0.0295602 0.0354665 0.0480758 0.000136005 -0.0301324 0.0539161 -0.000589709 0.0062977 -0.0229801 0.012376 0.0648933 0.0386133 0.0663094 0.00176442 0.0055219 -0.017856 -0.0393099 0.020375
internal_weight=0 11925 4587 8079 7143 5973 3299 3846 936 1170 1980 1649 512 331 3306 1288 540 424 1858 341 750 538 740 1319 1107 212 1448 206
internal_count=16512 11925 4587 8079 7143 5973 3299 3846 936 1170 1980 1649 512 331 3306 1288 540 424 1858 341 750 538 740 1319 1107 212 1448 206
is_linear=0
shrinkage=0.1


Tree=14
num_leaves= 23
num_cat= 0
full_tree_array_lgbids= 0 3 1 4 18 2 11 13 5 -5 -20 10 8 15 19 17 -15 6 7 -2147483648 -2147483648 -2147483648 -2147483648 21 12 14 9 16 -17 -13 20 -1 -19 -2147483648 -2147483648 -6 -8 -7 -9 -2147483648 -2147483648 -2147483648 -2147483648 -2147483648 -2147483648 -2147483648 -2147483648 -2 -23 -12 -14 -4 -16 -10 -11 -3 -18 -2147483648 -2147483648 -2147483648 -2147483648 -21 -22
split_feature= 1 1 6 7 8 7 8 8 8 7 2 2 7 7 7 1 8 2 8 5 4 4
split_gain= 415.704 138.739 79.2179 68.3236 147.673 75.7787 184.85 141.684 41.8198 62.7891 32.645 26.5143 21.9379 21.2109 19.3628 15.7486 8.96475 8.67197 7.4641 6.08229 5.82345 1.1012
threshold= 3.9221500000000007 5.8308000000000009 2.2634687595142249 38.475000000000001 -122.38499999999998 34.455000000000005 -118.30499999999999 -120.09499999999998 -121.85499999999998 34.655000000000008 16.500000000000004 26.500000000000004 37.805000000000007 38.235000000000007 37.615000000000002 8.0125000000000011 -122.02499999999999 19.500000000000004 -121.36499999999999 170.50000000000003 1.1079358598254032 1.3812642694063928
decision_type= 2 2 2 2 2 2 2 2 2 2 2 2 2 2 2 2 2 2 2 2 2 2
left_child=3 2 10 4 13 6 -6 -7 14 -10 21 15 -12 17 -4 16 -3 -1 -5 -13 -21 -2
right_child=1 11 8 18 5 7 -8 -9 9 -11 12 19 -14 -15 -16 -17 -18 -19 -20 20 -22 -23
leaf_value= -0.029350869823247194 -0.005193634088285954 0.055835975030942522 0.043279649956678004 -0.04093523275864723 0.033914303793074127 -0.01063861344388542 -0.014976551878482207 -0.057495785869320137 0.0065339304163575616 -0.027973968771122522 0.06778699120693138 -0.008106936822677482 0.0045860290614997646 0.0059636498150346731 0.010400197998194839 0.055088733524593307 0.018230083629324684 0.069502552269900944 -0.017962048724771484 0.053881774351890337 0.092886320833878766 0.075542441600312801
leaf_weight=15.999999999999998 152 123 381 1011 1008 2100 3854 991 2254 779 407 29 85 108 620 278 818 294 346 758 88 11.999999999999998
leaf_count=16 152 123 381 1011 1008 2100 3854 991 2254 779 407 29 85 108 620 278 818 294 346 758 88 12
model_size=2496
internal_value=0 0.01914 0.00937519 -0.0133476 -0.00982502 -0.0129327 -0.0048404 -0.0256614 0.00393491 -0.00232913 0.0428296 0.0410105 0.0568681 0.0493019 0.0229148 0.0304304 0.0231456 0.0644004 -0.0350777 0.05575 0.057939 0.000713884
internal_weight=0 6784 4690 9728 8371 7953 4862 3091 4034 3033 656 2094 492 418 1001 1219 941 310 1357 875 846 164
internal_count=16512 6784 4690 9728 8371 7953 4862 3091 4034 3033 656 2094 492 418 1001 1219 941 310 1357 875 846 164
is_linear=0
shrinkage=0.1


Tree=15
num_leaves= 27
num_cat= 0
full_tree_array_lgbids= 0 1 5 2 7 6 18 3 11 8 23 13 15 22 19 16 4 12 -13 10 9 24 -25 21 14 20 17 25 -24 -20 -21 -1 -18 -5 -6 -4 -14 -2147483648 -2147483648 -3 -12 -10 -11 -9 -26 -2147483648 -2147483648 -2 -23 -15 -16 -8 -22 -17 -19 -7 -27 -2147483648 -2147483648 -2147483648 -2147483648 -2147483648 -2147483648
split_feature= 1 6 7 8 8 1 6 8 7 8 6 7 8 7 8 2 2 7 8 7 8 8 7 8 7 4
split_gain= 336.931 111.281 117.025 128.858 83.7702 54.3808 35.1593 22.4299 28.3785 70.4888 40.3606 19.2597 16.2577 12.5575 11.6264 11.6012 11.2786 6.96958 6.69039 7.29639 6.36658 6.03528 5.6034 5.09221 9.3151 1.36332
threshold= 5.0116000000000005 2.8396278889382178 37.945000000000007 -122.33499999999999 -117.145 6.8672000000000013 2.5498511575161031 -117.50499999999998 34.655000000000008 -121.56499999999998 3.442186331338819 39.355000000000011 -122.26499999999999 37.875000000000007 -122.40499999999999 36.500000000000007 19.500000000000004 33.985000000000007 -117.71499999999999 33.565000000000005 -117.175 -117.85499999999998 38.155000000000008 -116.31499999999998 33.855000000000011 1.0097363099187924
decision_type= 2 2 2 2 2 2 2 2 2 2 2 2 2 2 2 2 2 2 2 2 2 2 2 2 2 2
left_child=1 2 3 16 -5 6 13 8 10 -10 -3 12 -4 21 -15 20 -1 -17 22 -20 -8 -2 25 24 -9 -7
right_child=5 7 11 4 -6 18 15 23 9 -11 -12 -13 -14 14 -16 17 -18 -19 19 -21 -22 -23 -24 -25 -26 -27
leaf_value= -0.021060929552186282 0.054022991924643139 0.0079056180129616124 0.0067037821706953998 0.010227204879156035 -0.032565523208800837 0.04167419020279977 0.010590978254946218 -0.018552636034984606 -0.0033442539428173248 -0.039028134229873862 -0.018225615064347701 -0.042783294914633542 -0.022733081397530899 0.065501438719885688 -0.030553126018494373 -0.01671342786514398 0.075776630557710223 0.053585313875105622 0.047994772258444111 -0.017718210102895562 -0.023270997056776349 0.016650426419853995 -0.019603554005532164 -0.066624217472578351 -0.046240974117868712 0.061011140215871999
leaf_weight=20 473 1196 363 4073 560 337 1594 500 1076 1376 1602 426 937 28 65 33 323 152 69 59 120 110 23 95 350 552
leaf_count=20 473 1196 363 4073 560 337 1594 500 1076 1376 1602 426 937 28 65 33 323 152 69 59 120 110 23 95 350 552
model_size=2944
internal_value=0 -0.0076338 0.00154883 0.00954046 0.00505476 0.0272346 0.0189963 -0.0175679 -0.0146749 -0.0233691 -0.00705587 -0.0214908 -0.0145134 0.0402848 -0.00163347 0.0114181 0.0701301 0.0410455 0.0476324 0.0177052 0.00822024 0.0469716 0.0518328 -0.0336402 -0.0299537 0.0536809
internal_weight=0 12897 6702 4976 4633 3615 2575 6195 5250 2452 2798 1726 1300 676 93 1899 343 185 1040 128 1714 583 912 945 850 889
internal_count=16512 12897 6702 4976 4633 3615 2575 6195 5250 2452 2798 1726 1300 676 93 1899 343 185 1040 128 1714 583 912 945 850 889
is_linear=0
shrinkage=0.1


Tree=16
num_leaves= 28
num_cat= 0
full_tree_array_lgbids= 0 3 1 4 9 2 14 5 26 12 10 7 18 15 22 21 6 -6 -28 13 24 11 -12 23 8 20 19 16 17 25 -24 -1 -23 -7 -8 -2147483648 -2147483648 -2147483648 -2147483648 -5 -15 -14 -26 -11 -13 -2147483648 -2147483648 -2 -25 -9 -10 -4 -22 -20 -21 -3 -18 -17 -19 -16 -27 -2147483648 -2147483648
split_feature= 1 1 6 6 7 8 8 2 4 7 8 7 8 6 6 8 7 7 8 7 7 2 1 5 8 4 7
split_gain= 283.638 92.3083 60.3072 47.0286 43.1754 64.9327 35.7862 31.7238 39.2141 20.9313 35.0655 44.0234 33.0988 34.8395 20.3215 13.0925 21.7169 11.4501 10.7582 15.6039 12.7079 7.17742 6.27562 3.8727 3.85619 1.94959 1.50289
threshold= 3.8346500000000003 5.8308000000000009 2.9291766686969298 2.5763869593405579 37.895000000000003 -122.31499999999998 -117.145 21.500000000000004 1.0469524392733212 34.655000000000008 -120.62499999999999 37.895000000000003 -117.79499999999999 3.442186331338819 3.1424162072895592 -117.83499999999999 37.615000000000002 33.935000000000009 -121.46499999999999 34.525000000000013 37.915000000000006 23.500000000000004 10.398100000000001 534.50000000000011 -116.31499999999998 0.89316682724375618 39.82500000000001
decision_type= 2 2 2 2 2 2 2 2 2 2 2 2 2 2 2 2 2 2 2 2 2 2 2 2 2 2 2
left_child=3 2 7 4 5 21 -7 23 -9 12 11 -11 13 -5 15 16 -3 -17 20 -20 -4 -1 25 -2 -14 -16 -6
right_child=1 14 18 9 26 6 -8 8 -10 10 -12 -13 24 -15 22 17 -18 -19 19 -21 -22 -23 -24 -25 -26 -27 -28
leaf_value= -0.032662796539564928 -0.028643496149331593 0.054155537977784968 0.022227897961578414 0.011101421947701534 -0.016379196710283771 0.0070524285292280012 -0.031837009410558996 0.013415549433714636 0.045114282043278345 0.0015385974208827616 -0.042992786206783186 -0.032086473640399786 -0.024289067039845503 -0.01599012782615665 -0.077636293118650279 0.026061493167201535 0.020303579323556722 -0.048704749522546893 -0.0051916388054918661 -0.034703988203023423 -0.020673295595632815 0.079131454275920998 0.07236765817635589 0.0048425050283069995 -0.058841820137233151 0.01215817251083392 -0.041035590380997744
leaf_weight=11.999999999999998 106 956 368 1028 858 1992 327 1184 744 852 857 948 914 1260 10.999999999999998 224 335 38 1241 323 148 148 36 850 98 494 160
leaf_count=12 106 956 368 1028 858 1992 327 1184 744 852 857 948 914 1260 11 224 335 38 1241 323 148 148 36 850 98 494 160
model_size=3056
internal_value=0 0.0153465 0.0076545 -0.0114571 -0.00161905 0.00603358 0.00156867 0.0175204 0.0256478 -0.0172325 -0.0248219 -0.0161706 -0.0111218 -0.00381788 0.0335811 0.0402842 0.0453713 0.0152175 -0.006025 -0.0112866 0.0099229 0.0707469 0.014339 0.00112962 -0.0276351 0.0102023 -0.0202545
internal_weight=0 7058 4964 9454 3497 2479 2319 2884 1928 5957 2657 1800 3300 2288 2094 1553 1291 262 2080 1564 516 160 541 956 1012 505 1018
internal_count=16512 7058 4964 9454 3497 2479 2319 2884 1928 5957 2657 1800 3300 2288 2094 1553 1291 262 2080 1564 516 160 541 956 1012 505 1018
is_linear=0
shrinkage=0.1


Tree=17
num_leaves= 25
num_cat= 0
full_tree_array_lgbids= 0 3 1 11 4 2 13 18 22 7 9 5 16 14 -15 -1 19 23 -24 8 -9 10 17 12 6 21 -18 15 20 -2147483648 -2147483648 -2147483648 -2147483648 -20 -21 -13 -25 -2147483648 -2147483648 -5 -10 -2147483648 -2147483648 -6 -12 -11 -19 -2 -14 -7 -8 -4 -23 -2147483648 -2147483648 -3 -17 -16 -22 -2147483648 -2147483648 -2147483648 -2147483648
split_feature= 1 1 6 1 3 8 7 6 8 2 7 3 2 1 6 7 8 8 5 6 8 7 5 6
split_gain= 228.203 75.4222 57.1439 41.4899 48.0166 37.6248 73.5135 35.1454 16.8527 12.5336 12.5541 11.6798 9.56213 8.48159 8.63683 5.56701 5.3408 4.25073 3.82118 4.85858 2.78882 1.25375 0.842362 3.24635
threshold= 3.8346500000000003 6.2770500000000009 3.1336552646136835 2.2210000000000005 4.5952877783354031 -122.33499999999999 37.635000000000012 3.5589256535947715 -118.22499999999998 49.500000000000007 34.455000000000005 3.5590287573586119 47.500000000000007 8.7395500000000013 2.5949646725452555 37.615000000000002 -117.75499999999998 -122.43499999999999 1794.5000000000002 2.8458125169197452 -122.02499999999999 37.795000000000009 374.50000000000006 1.7620334620334621
decision_type= 2 2 2 2 2 2 2 2 2 2 2 2 2 2 2 2 2 2 2 2 2 2 2 2
left_child=3 2 5 11 7 12 -7 8 -5 10 -6 18 -2 14 15 -3 21 -11 -1 -20 -16 -4 23 -13
right_child=1 13 16 4 9 6 -8 -9 -10 17 -12 22 -14 -15 20 -17 -18 -19 19 -21 -22 -23 -24 -25
leaf_value= -0.015161138170047994 0.032307664727611679 0.058295845296047637 -0.0016747149834830295 0.021003227881021796 -0.0057449723715816553 0.018952102893600616 -0.017681625078207221 -0.016463811987796083 -0.0020500012386962538 0.062471362836181356 -0.02053840702925781 0.083315777685493239 0.075255074903745056 0.052256183450250598 0.047032895546761301 0.014328237411312082 -0.027267881261460254 0.0044898984818680029 0.064865916569692067 0.0018724896069719891 0.016754065987194956 -0.026331435115291527 -0.027429241002102995 -0.012268283175928825
leaf_weight=380 289 250 1062 1276 1451 2817 762 650 692 39 2328 11.999999999999998 130 365 126 88 306 237 37 157 707 156 2013 182
leaf_count=380 289 250 1062 1276 1451 2817 762 650 692 39 2328 12 130 365 126 88 306 237 37 157 707 156 2013 182
model_size=2720
internal_value=0 0.0138119 0.00811382 -0.0103114 -0.00568992 0.0147661 0.0111525 0.00560735 0.0128971 -0.0129837 -0.0148583 -0.0214007 0.0456326 0.0342966 0.0286986 0.0468487 -0.00933742 0.0126829 -0.00534358 0.0138867 0.0213341 -0.00483272 -0.0255768 -0.00635587
internal_weight=0 7058 5522 9454 6673 3998 3579 2618 1968 4055 3779 2781 419 1536 1171 338 1524 276 574 194 833 1218 2207 194
internal_count=16512 7058 5522 9454 6673 3998 3579 2618 1968 4055 3779 2781 419 1536 1171 338 1524 276 574 194 833 1218 2207 194
is_linear=0
shrinkage=0.1


Tree=18
num_leaves= 25
num_cat= 0
full_tree_array_lgbids= 0 1 5 2 10 6 21 3 19 11 17 15 7 23 22 4 8 20 -21 13 12 18 -19 -2 16 14 9 -7 -25 -23 -24 -1 -6 -5 -10 -4 -22 -2147483648 -2147483648 -3 -15 -13 -14 -12 -20 -2147483648 -2147483648 -2147483648 -2147483648 -17 -18 -8 -16 -9 -11 -2147483648 -2147483648 -2147483648 -2147483648 -2147483648 -2147483648 -2147483648 -2147483648
split_feature= 1 6 7 8 7 1 6 8 7 7 8 7 8 6 7 4 2 7 8 7 8 8 7 7
split_gain= 186.762 53.6291 48.9194 65.3583 56.6692 41.4521 34.0006 27.8928 27.732 14.7893 11.6803 27.9854 46.1881 29.1525 7.81161 6.6728 7.2969 3.2668 6.02158 2.23585 2.74906 2.00466 3.89659 2.09087
threshold= 4.405050000000001 2.6182831096480128 37.805000000000007 -117.895 34.525000000000013 6.8672000000000013 2.3578464509898605 -122.24499999999999 33.855000000000011 37.465000000000011 -117.56499999999998 34.655000000000008 -120.09499999999998 3.4287187039764357 37.615000000000002 0.95322700148183759 16.500000000000004 33.925000000000004 -116.53499999999998 39.355000000000011 -122.38499999999998 -117.96499999999999 33.645000000000003 38.155000000000008
decision_type= 2 2 2 2 2 2 2 2 2 2 2 2 2 2 2 2 2 2 2 2 2 2 2 2
left_child=1 2 3 4 -1 6 15 14 -5 -9 11 13 -13 -3 -8 -2 -17 18 -12 20 -4 23 -23 -7
right_child=5 10 19 8 -6 21 7 9 -10 -11 17 12 -14 -15 -16 16 -18 -19 -20 -21 -22 22 -24 -25
leaf_value= 0.035885863897490433 -0.019975331009820449 0.0089785732909978145 0.007847128805863985 -0.0029754138293236008 0.0019449885448704421 0.042937349530776214 0.079365567868309367 0.0078220156141457185 -0.048197521642248477 -0.013521406891726657 -0.011737221547884062 -0.011028267369263982 -0.042423554860172026 -0.013606294890725063 0.026979817363371697 0.010252074464741681 0.04780821417873151 -0.038451894450559979 -0.05036718353172237 -0.031074952980006953 -0.015596514438603005 0.040993610086292029 -0.00036060103988004989 -0.021998277100046044
leaf_weight=1112 43 1352 232 637 1108 754 70 2512 234 600 569 2290 711 1515 256 135 444 391 106 287 868 125 138 23
leaf_count=1112 43 1352 232 637 1108 754 70 2512 234 600 569 2290 711 1515 256 135 444 391 106 287 868 125 138 23
model_size=2720
internal_value=0 -0.0072462 0.00184252 0.00934538 0.018946 0.0162144 0.0112686 0.00698036 -0.0151246 0.00370696 -0.0131157 -0.0108883 -0.0184665 -0.00295588 0.0382283 0.034971 0.0390516 -0.0253772 -0.0178036 -0.014878 -0.010652 0.0355223 0.0192944 0.0410152
internal_weight=0 11412 4478 3091 2220 5100 4060 3438 871 3112 6934 5868 3001 2867 326 622 579 1066 675 1387 1100 1040 263 777
internal_count=16512 11412 4478 3091 2220 5100 4060 3438 871 3112 6934 5868 3001 2867 326 622 579 1066 675 1387 1100 1040 263 777
is_linear=0
shrinkage=0.1


Tree=19
num_leaves= 24
num_cat= 0
full_tree_array_lgbids= 0 1 8 2 12 9 -10 3 4 13 14 10 11 -2147483648 -2147483648 6 7 5 21 20 19 15 17 16 18 -11 22 -2147483648 -2147483648 -2147483648 -2147483648 -1 -8 -5 -9 -4 -7 -6 -23 -3 -22 -15 -21 -14 -17 -16 -19 -2 -18 -12 -20 -2147483648 -2147483648 -13 -24 -2147483648 -2147483648 -2147483648 -2147483648 -2147483648 -2147483648 -2147483648 -2147483648
split_feature= 1 6 7 8 8 7 7 8 8 7 6 8 8 7 7 8 4 8 3 7 8 1 3
split_gain= 153.539 57.0865 56.5166 137.576 127.184 73.4765 64.9822 38.8003 15.4018 14.9625 13.7822 12.7193 12.1858 34.7393 34.3967 23.3774 9.90419 4.02916 1.92258 1.75682 1.59336 0.946276 0.151119
threshold= 5.2771000000000017 2.8024658054711251 34.455000000000005 -118.35499999999998 -119.94499999999998 37.805000000000007 34.155000000000008 -117.145 -117.175 37.955000000000005 3.1424162072895592 -122.40499999999999 -121.56499999999998 37.915000000000006 35.335000000000008 -117.79499999999999 1.0671403331650682 -120.62499999999999 8.0108708495805292 38.735000000000007 -122.46499999999999 3.3096500000000004 5.705625879043601
decision_type= 2 2 2 2 2 2 2 2 2 2 2 2 2 2 2 2 2 2 2 2 2 2 2
left_child=1 2 3 6 5 -4 -1 -5 9 10 16 -11 13 20 15 -14 -2 -16 -12 -15 -3 -6 -13
right_child=8 12 4 7 21 -7 -8 -9 -10 11 18 22 14 19 17 -17 -18 -19 -20 -21 -22 -23 -24
leaf_value= 0.084680993327855406 0.025629150608268043 0.058521000792230063 0.019306928659710884 0.0089212364824232098 -0.049466125899223015 -0.012508882692345728 0.019374993593567529 -0.024963282764015295 -0.018465896645294768 0.043551491791832042 0.0054742849203437 -0.11013196170330049 -0.0035913003675141124 -0.01231074676023829 -0.02037275883838818 -0.022453558858621134 0.047864821255247034 -0.038859089252811736 0.037099473508470489 -0.040969482574431088 0.011587998488848002 -0.080329840082099771 -0.019642669410937154
leaf_weight=359 1455 44 1359 1778 323 1947 323 522 140 58 584 9.9999999999999982 2963 285 697 1230 466 659 113 188 729 123 157
leaf_count=359 1455 44 1359 1778 323 1947 323 522 140 58 584 10 2963 285 697 1230 466 659 113 188 729 123 157
model_size=2608
internal_value=0 -0.00463746 0.00230397 0.0132427 -0.00638987 0.000569668 0.0537516 0.00123092 0.0210326 0.0229776 0.0255862 -0.00737437 -0.0115166 -0.000151084 -0.0140686 -0.00912447 0.0310231 -0.0293569 0.0106015 -0.0237015 0.0142595 -0.0579779 -0.0250612
internal_weight=0 13529 6734 2982 3752 3306 682 2300 2983 2843 2618 225 6795 1246 5549 4193 1921 1356 697 473 773 446 167
internal_count=16512 13529 6734 2982 3752 3306 682 2300 2983 2843 2618 225 6795 1246 5549 4193 1921 1356 697 473 773 446 167
is_linear=0
shrinkage=0.1


Tree=20
num_leaves= 19
num_cat= 0
full_tree_array_lgbids= 0 6 1 15 7 2 5 -1 -17 9 13 3 17 11 -7 -2147483648 -2147483648 -2147483648 -2147483648 10 -11 -9 14 4 8 -4 -19 16 12 -2147483648 -2147483648 -2147483648 -2147483648 -2147483648 -2147483648 -2147483648 -2147483648 -2147483648 -2147483648 -8 -12 -2147483648 -2147483648 -2147483648 -2147483648 -15 -16 -2 -6 -5 -10 -2147483648 -2147483648 -2147483648 -2147483648 -3 -18 -13 -14 -2147483648 -2147483648 -2147483648 -2147483648
split_feature= 1 6 8 7 2 3 1 3 8 6 8 8 7 6 7 3 7 5
split_gain= 126.965 46.2749 39.4232 39.8614 25.4002 20.7605 19.4502 21.6118 18.9047 17.827 8.74419 6.26123 16.8018 5.40397 5.08502 4.61663 2.97915 0.0017884
threshold= 3.6530500000000008 3.0089663118548242 -117.175 37.925000000000004 20.500000000000004 7.5573198511601065 2.1260000000000003 4.4352710389939132 -122.40499999999999 3.6049620168317569 -122.38499999999998 -121.48499999999999 34.525000000000013 1.5681615996735363 33.845000000000006 2.6633984153933228 37.235000000000007 1151.5000000000002
decision_type= 2 2 2 2 2 2 2 2 2 2 2 2 2 2 2 2 2 2
left_child=6 2 3 4 -2 11 15 9 -5 10 -8 16 -13 -9 -15 -1 -3 -4
right_child=1 5 17 8 -6 -7 7 13 -10 -11 -12 12 -14 14 -16 -17 -18 -19
leaf_value= 0.010820544019710117 0.0068524182479524492 0.043872603173176317 -0.043543780403666382 0.025152288368255716 0.027678064407877623 0.026353723036944179 0.044509588599112603 -0.068055684635272395 -0.017386278396272766 -0.013933310821673806 0.0074823910091405812 -0.0043787668103576413 -0.035033666367695636 0.0044477138148255142 -0.01186338169432373 -0.019458412999754156 0.0029489720891214492 -0.0087541725887702072
leaf_weight=144 1029 73 127 205 2980 323 131 39 525 585 1536 1528 316 563 3489 2243 546 130
leaf_count=144 1029 73 127 205 2980 323 131 39 525 585 1536 1528 316 563 3489 2243 546 130
model_size=2048
internal_value=0 0.00956769 0.0157911 0.0180545 0.0223327 -0.00159236 -0.00852873 -0.00510306 -0.00544052 0.00407314 0.0103921 -0.00525723 -0.00963199 -0.0101544 -0.00959706 -0.0176318 0.00777518 -0.0259459
internal_weight=0 7782 4996 4739 4009 2786 8730 6343 730 2252 1667 2463 1844 4091 4052 2387 619 257
internal_count=16512 7782 4996 4739 4009 2786 8730 6343 730 2252 1667 2463 1844 4091 4052 2387 619 257
is_linear=0
shrinkage=0.1


Tree=21
num_leaves= 19
num_cat= 0
full_tree_array_lgbids= 0 1 13 2 8 14 -15 3 4 11 9 15 16 -2147483648 -2147483648 5 7 6 12 -3 -13 10 -11 -2 -17 -16 17 -2147483648 -2147483648 -2147483648 -2147483648 -1 -7 -5 -9 -4 -8 -6 -14 -2147483648 -2147483648 -2147483648 -2147483648 -10 -12 -2147483648 -2147483648 -2147483648 -2147483648 -2147483648 -2147483648 -2147483648 -2147483648 -18 -19 -2147483648 -2147483648 -2147483648 -2147483648 -2147483648 -2147483648 -2147483648 -2147483648
split_feature= 1 6 7 8 8 7 7 8 8 7 8 7 1 6 4 1 2 5
split_gain= 106.898 41.4578 54.964 129.049 127.095 77.8972 68.0669 35.07 9.85 9.98073 9.27532 8.53728 8.50801 8.00349 8.68154 3.68735 2.02391 2.07488
threshold= 5.5682000000000009 3.1336552646136835 34.525000000000013 -118.36499999999999 -119.94499999999998 34.155000000000008 37.805000000000007 -117.50499999999998 -121.48499999999999 35.135000000000012 -118.46499999999999 37.895000000000003 3.3096500000000004 3.1424162072895592 1.0003353454057682 8.4454500000000028 12.500000000000002 198.50000000000003
decision_type= 2 2 2 2 2 2 2 2 2 2 2 2 2 2 2 2 2 2
left_child=1 2 3 5 6 -1 -4 -5 11 10 -10 -3 -6 14 15 -2 -16 -18
right_child=13 8 4 7 12 -7 -8 -9 9 -11 -12 -13 -14 -15 16 -17 17 -19
leaf_value= 0.082799513589888102 0.0038055361245574156 0.012072798559317498 0.014623965802372879 0.0096526680436084256 -0.037423814635058311 0.017826863738081105 -0.011772309485383005 -0.013062845717744999 0.017648225196231253 -0.027712714852787076 -0.013137401010622994 -0.022248832560888464 -0.070557687405563965 0.006545300108375663 0.0089330700416685848 0.039037735377817212 -0.041388787663377391 0.036314199866832729
leaf_weight=360 469 508 1904 2156 466 468 2559 1362 195 837 2813 194 222 658 171 118 17 1035
leaf_count=360 469 508 1904 2156 466 468 2559 1362 195 837 2813 194 222 658 171 118 17 1035
model_size=2048
internal_value=0 -0.00349667 0.000609218 0.00947316 -0.00686946 0.0460758 -0.00051116 0.000858316 -0.0120723 -0.0147489 -0.0111417 0.0025879 -0.0481153 0.0198976 0.0247516 0.010888 0.0314057 0.0350585
internal_weight=0 14044 9497 4346 5151 828 4463 3518 4547 3845 3008 702 688 2468 1810 587 1223 1052
internal_count=16512 14044 9497 4346 5151 828 4463 3518 4547 3845 3008 702 688 2468 1810 587 1223 1052
is_linear=0
shrinkage=0.1


Tree=22
num_leaves= 19
num_cat= 0
full_tree_array_lgbids= 0 1 10 2 3 11 17 13 -4 4 5 12 -13 -12 -19 15 14 -2147483648 -2147483648 7 8 6 9 -2 16 -2147483648 -2147483648 -2147483648 -2147483648 -2147483648 -2147483648 -1 -17 -15 -16 -2147483648 -2147483648 -2147483648 -2147483648 -3 -9 -6 -10 -5 -8 -7 -11 -2147483648 -2147483648 -14 -18 -2147483648 -2147483648 -2147483648 -2147483648 -2147483648 -2147483648 -2147483648 -2147483648 -2147483648 -2147483648 -2147483648 -2147483648
split_feature= 1 8 7 7 8 8 7 7 8 1 4 1 8 7 7 6 7 5
split_gain= 85.0012 36.2191 87.3379 51.2463 132.919 83.5309 82.2225 29.5523 22.3364 13.0728 7.03997 8.39592 7.65952 4.28746 15.2317 2.17222 1.50571 0.422873
threshold= 5.6042500000000013 -122.38499999999998 38.705000000000005 34.525000000000013 -118.30499999999999 -119.94499999999998 37.595000000000006 34.165000000000006 -116.53499999999998 3.3096500000000004 1.0633636848814041 8.2050500000000017 -122.33499999999999 37.745000000000012 38.005000000000003 2.2147445135257553 37.57500000000001 170.50000000000003
decision_type= 2 2 2 2 2 2 2 2 2 2 2 2 2 2 2 2 2 2
left_child=1 2 13 4 7 6 -5 -3 -6 -7 11 12 -2 15 -15 -1 -14 -12
right_child=10 3 -4 5 8 9 -8 -9 -10 -11 17 -13 16 14 -16 -17 -18 -19
leaf_value= -0.069720386394432607 0.051776630779797286 0.039867479528153948 -0.030031649783780191 0.013997296439246182 -0.0050367603264859125 -0.029461194465124775 -0.016077767859359198 0.01002367773502387 -0.043456340144539994 -0.060020037180511278 -0.025754952862858772 0.033000090778126503 0.010098641936038185 0.058794846329004016 0.019189955029335883 0.019179474743281459 -0.0121855745756142 0.034218796527650405
leaf_weight=13.999999999999998 81 933 329 1489 5381 788 3040 776 215 320 25 352 1122 335 270 216 237 589
leaf_count=14 81 933 329 1489 5381 788 3040 776 215 320 25 352 1122 335 270 216 237 589
model_size=2048
internal_value=0 -0.00310248 0.0156047 -0.004785 0.00116753 -0.0124989 -0.00618998 0.0263164 -0.00651285 -0.0382869 0.0181894 0.0135338 0.00877542 0.0335859 0.0411199 0.0137682 0.00621243 0.0317769
internal_weight=0 14106 1164 12942 7305 5637 4529 1709 5596 1108 2406 1792 1440 835 605 230 1359 614
internal_count=16512 14106 1164 12942 7305 5637 4529 1709 5596 1108 2406 1792 1440 835 605 230 1359 614
is_linear=0
shrinkage=0.1


Tree=23
num_leaves= 18
num_cat= 0
full_tree_array_lgbids= 0 7 1 8 -9 3 2 9 10 -2147483648 -2147483648 -2 5 4 16 14 -11 11 12 -2147483648 -2147483648 -2147483648 -2147483648 -2147483648 -2147483648 6 13 -3 15 -4 -18 -1 -16 -2147483648 -2147483648 -10 -13 -12 -14 -2147483648 -2147483648 -2147483648 -2147483648 -2147483648 -2147483648 -2147483648 -2147483648 -2147483648 -2147483648 -2147483648 -2147483648 -5 -8 -7 -15 -2147483648 -2147483648 -6 -17 -2147483648 -2147483648 -2147483648 -2147483648
split_feature= 1 8 7 7 8 7 8 7 8 7 7 8 8 8 2 8 6
split_gain= 69.6149 30.3034 31.4358 29.1755 21.3515 21.1902 23.0942 10.3344 26.4356 16.4486 12.565 41.3063 30.599 5.71363 1.75703 1.6971 1.19812
threshold= 3.6530500000000008 -117.71499999999999 33.645000000000003 33.625000000000007 -117.145 37.965000000000011 -122.24499999999999 39.355000000000011 -122.38499999999998 38.305000000000007 35.335000000000008 -118.35499999999998 -121.56499999999998 -122.40499999999999 19.500000000000004 -116.11499999999999 2.9069418255464767
decision_type= 2 2 2 2 2 2 2 2 2 2 2 2 2 2 2 2 2
left_child=7 3 4 -2 -3 6 -5 8 9 14 11 -10 -12 -7 -1 -6 -4
right_child=1 2 16 5 15 13 -8 -9 10 -11 12 -13 -14 -15 -16 -17 -18
leaf_value= -0.028648918602419526 0.081103000080061938 0.023676550085356306 -0.053861884528077122 0.033200474951308144 -0.012620792365758166 0.014970948428183167 0.0094915312321124882 -0.02516046006979307 0.021201502675266597 -0.0046671725303561156 0.0012818781715567347 -0.0071648834084186916 -0.021770638547410244 -0.014323351953090108 0.047316898345315439 -0.09388079196214677 -0.022610177704384619
leaf_weight=19 74 388 153 631 344 216 4997 506 735 207 1166 3875 1981 689 241 15.999999999999998 274
leaf_count=19 74 388 153 631 344 216 4997 506 735 207 1166 3875 1981 689 241 16 274
model_size=1936
internal_value=0 0.00727988 -0.00944102 0.0102536 0.00446906 0.00945104 0.0121497 -0.00648935 -0.00534057 0.021184 -0.00693745 -0.00264226 -0.0132294 -0.00733156 0.0417656 -0.0162323 -0.0338081
internal_weight=0 7782 1175 6607 748 6533 5628 8730 8224 467 7757 4610 3147 905 260 360 427
internal_count=16512 7782 1175 6607 748 6533 5628 8730 8224 467 7757 4610 3147 905 260 360 427
is_linear=0
shrinkage=0.1


Tree=24
num_leaves= 19
num_cat= 0
full_tree_array_lgbids= 0 1 9 2 12 -2 10 3 4 13 14 -2147483648 -2147483648 16 11 5 7 6 8 -3 -15 15 -16 -2147483648 -2147483648 -2147483648 -2147483648 -11 -18 17 -13 -1 -7 -5 -9 -4 -8 -6 -10 -2147483648 -2147483648 -2147483648 -2147483648 -14 -17 -2147483648 -2147483648 -2147483648 -2147483648 -2147483648 -2147483648 -2147483648 -2147483648 -2147483648 -2147483648 -2147483648 -2147483648 -2147483648 -2147483648 -12 -19 -2147483648 -2147483648
split_feature= 1 6 7 8 8 7 7 8 1 4 6 1 8 7 7 8 5 8
split_gain= 58.0737 28.2738 32.334 81.4647 78.2667 55.4042 35.5725 19.8811 4.4952 4.13723 4.3489 4.2554 2.69246 1.73859 1.52005 4.9141 1.44567 1.08593
threshold= 5.6042500000000013 3.1336552646136835 34.525000000000013 -118.36499999999999 -119.94499999999998 34.115000000000002 37.595000000000006 -117.77499999999999 3.5488500000000003 0.96895480831013081 2.4530432249902163 8.2050500000000017 -121.48499999999999 37.895000000000003 34.885000000000012 -118.77499999999999 405.50000000000006 -122.02499999999999
decision_type= 2 2 2 2 2 2 2 2 2 2 2 2 2 2 2 2 2 2
left_child=1 2 3 5 6 -1 -4 -5 -6 -2 16 17 13 -3 15 -14 -11 -12
right_child=9 12 4 7 8 -7 -8 -9 -10 10 11 -13 14 -15 -16 -17 -18 -19
leaf_value= 0.07187193631092624 -0.0013675289805440765 0.0090607439271227219 0.018472917860800499 0.0091391836909821902 -0.030017104954996252 0.015272787589995238 -0.005354244188985894 -0.0088963820477603716 -0.061418013824618235 -0.01857692426250827 0.027991210856656748 0.031944788008209012 0.023204870403125945 -0.018025819121946379 -0.021615498524009326 -0.010760282435767092 0.040921133102290903 0.0061869739598056205
leaf_weight=329 381 511 1001 1949 509 508 3480 1586 179 31 251 347 122 194 870 2868 327 1069
leaf_count=329 381 511 1001 1949 509 508 3480 1586 179 31 251 347 122 194 870 2868 327 1069
model_size=2048
internal_value=0 -0.00262362 0.000911135 0.00802997 -0.00511006 0.0375202 -3.15508e-05 0.00104741 -0.0381868 0.0153819 0.0185333 0.0148317 -0.0100114 0.00160714 -0.0121334 -0.00937441 0.0357691 0.0103331
internal_weight=0 14106 9541 4372 5169 837 4481 3535 688 2406 2025 1667 4565 705 3860 2990 358 1320
internal_count=16512 14106 9541 4372 5169 837 4481 3535 688 2406 2025 1667 4565 705 3860 2990 358 1320
is_linear=0
shrinkage=0.1


Tree=25
num_leaves= 20
num_cat= 0
full_tree_array_lgbids= 0 1 8 15 2 9 13 17 16 6 3 -2 10 -10 14 -1 -19 18 -18 -3 7 4 5 -2147483648 -2147483648 11 12 -2147483648 -2147483648 -15 -16 -2147483648 -2147483648 -2147483648 -2147483648 -17 -20 -2147483648 -2147483648 -2147483648 -2147483648 -8 -9 -4 -6 -5 -7 -2147483648 -2147483648 -2147483648 -2147483648 -11 -13 -12 -14 -2147483648 -2147483648 -2147483648 -2147483648 -2147483648 -2147483648 -2147483648 -2147483648
split_feature= 1 4 1 2 6 8 3 1 8 7 8 7 7 7 8 8 7 7 8
split_gain= 45.3147 22.0617 27.2251 20.2102 11.4931 10.1899 5.97982 3.39262 2.72969 14.4259 9.77942 10.5588 5.39819 4.87527 3.4978 1.05684 13.146 2.54113 0.127298
threshold= 5.6851000000000012 0.99160544721033084 2.7820000000000005 47.500000000000007 3.2158038919327416 -122.29499999999999 3.0522493994321906 1.8344000000000003 -118.02499999999999 34.145000000000003 -122.01499999999999 37.615000000000002 34.595000000000006 33.645000000000003 -117.46499999999999 -121.675 35.335000000000008 37.555000000000007 -118.34499999999998
decision_type= 2 2 2 2 2 2 2 2 2 2 2 2 2 2 2 2 2 2 2
left_child=1 15 6 4 -4 -5 -3 -8 9 -2 11 -11 -12 -10 -15 17 18 -1 -17
right_child=8 2 3 5 -6 -7 7 -9 13 10 12 -13 -14 14 -16 16 -18 -19 -20
leaf_value= 0.020044881439023526 0.038891810304320915 0.01541477661237093 0.0052479325638859495 0.047523841571901398 -0.0076685796370572282 0.011233100094869147 -0.017575989892434606 -0.0054546679069781764 0.019750000770112769 0.047270980070575952 0.019058463239740711 0.0082158064446159872 -0.010538734965852468 -0.002883707197937322 -0.060279766793939329 0.0060543336202093269 -0.034899812806793988 -0.010291842269971102 -0.014011666040181343
leaf_weight=173 425 269 5164 231 1586 381 1133 3069 284 234 264 277 419 335 42 282 470 430 1044
leaf_count=173 425 269 5164 231 1586 381 1133 3069 284 234 264 277 419 335 42 282 470 430 1044
model_size=2160
internal_value=0 -0.00229013 -0.000195354 0.00410157 0.00221303 0.0249311 -0.00727072 -0.00872298 0.0142952 0.0188276 0.0116858 0.0261002 0.00090147 0.00319396 -0.00927796 -0.0126225 -0.0163273 -0.00158827 -0.00974424
internal_weight=0 14232 11833 7362 6750 612 4471 4202 2280 1619 1194 511 683 661 377 2399 1796 603 1326
internal_count=16512 14232 11833 7362 6750 612 4471 4202 2280 1619 1194 511 683 661 377 2399 1796 603 1326
is_linear=0
shrinkage=0.1


Tree=26
num_leaves= 17
num_cat= 0
full_tree_array_lgbids= 0 1 10 2 6 11 -12 -1 3 7 14 12 -13 -2147483648 -2147483648 -2147483648 -2147483648 4 5 9 8 15 -16 13 -14 -2147483648 -2147483648 -2147483648 -2147483648 -2147483648 -2147483648 -2147483648 -2147483648 -2147483648 -2147483648 -4 -6 -5 -7 -3 -11 -9 -10 -8 -17 -2147483648 -2147483648 -2 -15 -2147483648 -2147483648 -2147483648 -2147483648 -2147483648 -2147483648 -2147483648 -2147483648 -2147483648 -2147483648 -2147483648 -2147483648 -2147483648 -2147483648
split_feature= 3 6 2 7 8 8 8 7 8 7 8 7 2 8 7 8
split_gain= 37.7091 29.4825 18.3944 18.3277 34.1857 23.5648 8.40877 11.1572 30.6931 14.0538 8.00995 6.38616 5.69652 2.00432 1.24299 0.619395
threshold= 6.3286213786213787 2.4469862317432325 21.500000000000004 34.115000000000002 -118.36499999999999 -122.40499999999999 -117.79499999999999 34.525000000000013 -121.56499999999998 34.045000000000009 -116.53499999999998 39.085000000000008 32.500000000000007 -121.56499999999998 33.875000000000007 -117.145
decision_type= 2 2 2 2 2 2 2 2 2 2 2 2 2 2 2 2
left_child=1 2 -1 4 -4 -5 7 9 -9 -3 11 12 13 -2 15 -8
right_child=10 6 3 5 -6 -7 14 8 -10 -11 -12 -13 -14 -15 -16 -17
leaf_value= -0.0065826393887247221 0.02125608740776079 -0.0048892782040475214 0.059065371367962229 0.030679791444308754 0.012010545394630185 -0.0037164123597744196 0.0066611711763301124 0.00031366515204683603 -0.019194561378700837 0.011073581914788997 -0.032604680810894432 -0.019439027795136735 0.026187806206799197 0.0053484479911989928 -0.025321236025377159 -0.015785815256305569
leaf_weight=1199 600 2401 268 351 716 1274 278 2208 1976 1451 87 146 722 1580 644 611
leaf_count=1199 600 2401 268 351 716 1274 278 2208 1976 1451 87 146 722 1580 644 611
model_size=1824
internal_value=0 -0.00257435 0.0059271 0.0116761 0.0248263 0.00371317 -0.00595752 -0.00409498 -0.00889959 0.00112373 0.0109847 0.0122289 0.0138221 0.0097267 -0.0157209 -0.0087664
internal_weight=0 13377 3808 2609 984 1625 9569 8036 4184 3852 3135 3048 2902 2180 1533 889
internal_count=16512 13377 3808 2609 984 1625 9569 8036 4184 3852 3135 3048 2902 2180 1533 889
is_linear=0
shrinkage=0.1


Tree=27
num_leaves= 15
num_cat= 0
full_tree_array_lgbids= 0 4 1 5 -6 2 3 6 9 -2147483648 -2147483648 7 13 11 -5 -1 -8 10 -11 -2147483648 -2147483648 -2147483648 -2147483648 8 -9 -4 -15 -3 12 -2147483648 -2147483648 -2147483648 -2147483648 -2147483648 -2147483648 -7 -12 -2147483648 -2147483648 -2147483648 -2147483648 -2147483648 -2147483648 -2147483648 -2147483648 -2147483648 -2147483648 -2 -10 -2147483648 -2147483648 -2147483648 -2147483648 -2147483648 -2147483648 -2147483648 -2147483648 -13 -14 -2147483648 -2147483648 -2147483648 -2147483648
split_feature= 1 4 3 6 7 8 7 8 7 8 7 2 8 2
split_gain= 29.2692 22.9036 10.1356 8.11321 6.97426 17.2992 10.8184 6.71182 21.5777 5.57328 9.37439 5.44767 3.74615 1.42711
threshold= 3.8346500000000003 1.0411779658482612 6.4056302752877761 3.1424162072895592 39.355000000000011 -122.38499999999998 38.705000000000005 -118.27499999999999 34.155000000000008 -116.47499999999998 34.655000000000008 11.500000000000002 -117.16499999999998 33.500000000000007
decision_type= 2 2 2 2 2 2 2 2 2 2 2 2 2 2
left_child=4 2 7 11 5 6 -1 8 -2 10 -7 -3 -13 -4
right_child=1 3 13 -5 -6 9 -8 -9 -10 -11 -12 12 -14 -15
leaf_value= 0.027688159596617121 0.031457136092829283 -0.0006434188442653977 0.0057000149836767865 -0.00043871199925250815 -0.021350378208421894 0.00023141488360290966 -0.020896577950943972 -0.013962865378586188 -0.0045439733354355194 -0.033180763038796038 -0.0093448573306659458 0.022745255599589745 -0.016463134790749543 0.029135169129849339
leaf_weight=436 283 372 931 696 516 4637 105 1119 1463 176 3584 1863 88 243
leaf_count=436 283 372 931 696 516 4637 105 1119 1463 176 3584 1863 88 243
model_size=1600
internal_value=0 0.00558198 -0.000243464 0.0133756 -0.0041673 -0.0031753 0.0182586 -0.00466664 0.00129126 -0.00455624 -0.00394343 0.0175146 0.0209768 0.0105507
internal_weight=0 7058 4039 3019 9454 8938 541 2865 1746 8397 8221 2323 1951 1174
internal_count=16512 7058 4039 3019 9454 8938 541 2865 1746 8397 8221 2323 1951 1174
is_linear=0
shrinkage=0.1


Tree=28
num_leaves= 14
num_cat= 0
full_tree_array_lgbids= 0 1 9 2 6 10 -11 3 -4 7 -8 11 -12 -2147483648 -2147483648 5 4 -2147483648 -2147483648 8 -9 -2147483648 -2147483648 -2 12 -2147483648 -2147483648 -2147483648 -2147483648 -2147483648 -2147483648 -1 -7 -5 -6 -2147483648 -2147483648 -2147483648 -2147483648 -3 -10 -2147483648 -2147483648 -2147483648 -2147483648 -2147483648 -2147483648 -2147483648 -2147483648 -13 -14 -2147483648 -2147483648 -2147483648 -2147483648 -2147483648 -2147483648 -2147483648 -2147483648 -2147483648 -2147483648 -2147483648 -2147483648
split_feature= 3 6 8 7 8 8 8 7 8 8 7 8 7
split_gain= 23.5174 19.59 12.0994 19.1354 31.354 30.1652 4.10896 7.10148 18.3158 3.68903 1.96279 7.5351 1.9662
threshold= 6.3286213786213787 2.4469862317432325 -117.145 34.455000000000005 -120.09499999999998 -118.37499999999999 -117.79499999999999 37.915000000000006 -122.24499999999999 -116.22499999999998 38.345000000000006 -122.33499999999999 34.655000000000008
decision_type= 2 2 2 2 2 2 2 2 2 2 2 2 2
left_child=1 2 3 5 -5 -1 7 8 -3 10 11 -2 -13
right_child=9 6 -4 4 -6 -7 -8 -9 -10 -11 -12 12 -14
leaf_value= 0.040463788954392926 0.047316757421442916 0.023582815924953621 -0.024024561783893311 0.0032472181412271715 -0.050129045339962167 0.0065692352052742348 -0.013662359751350793 -0.01305861618280349 -0.0030138912659044247 -0.051379465927769034 -0.0050389267807162703 0.015975364078148126 0.0023486049566165713
leaf_weight=495 131 417 235 1800 155 1123 1533 1457 6162 35 435 1520 1014
leaf_count=495 131 417 235 1800 155 1123 1533 1457 6162 35 435 1520 1014
model_size=1488
internal_value=0 -0.00215836 0.00520905 0.00713177 -0.00098466 0.0169387 -0.00509023 -0.00345495 -0.0013281 0.00920967 0.00989374 0.0123312 0.0105225
internal_weight=0 13377 3808 3573 1955 1618 9569 8036 6579 3135 3100 2665 2534
internal_count=16512 13377 3808 3573 1955 1618 9569 8036 6579 3135 3100 2665 2534
is_linear=0
shrinkage=0.1


Tree=29
num_leaves= 16
num_cat= 0
full_tree_array_lgbids= 0 1 -2 3 2 -2147483648 -2147483648 7 10 4 9 -2147483648 -2147483648 -2147483648 -2147483648 13 8 12 11 6 5 14 -11 -2147483648 -2147483648 -2147483648 -2147483648 -2147483648 -2147483648 -2147483648 -2147483648 -1 -15 -9 -10 -5 -14 -12 -13 -3 -8 -6 -7 -4 -16 -2147483648 -2147483648 -2147483648 -2147483648 -2147483648 -2147483648 -2147483648 -2147483648 -2147483648 -2147483648 -2147483648 -2147483648 -2147483648 -2147483648 -2147483648 -2147483648 -2147483648 -2147483648
split_feature= 6 7 8 8 7 8 8 7 8 1 7 8 8 8 1
split_gain= 19.1651 23.2857 75.9092 62.5825 47.2535 32.7771 31.1281 26.6864 23.8976 18.2746 11.0473 35.7418 35.0309 4.19428 0.124148
threshold= 3.253673235601747 34.525000000000013 -119.94499999999998 -118.35499999999998 37.595000000000006 -122.40499999999999 -122.02499999999999 34.135000000000012 -119.34499999999998 5.0387000000000013 33.755000000000003 -117.46499999999999 -117.16499999999998 -118.41499999999998 2.8232000000000004
decision_type= 2 2 2 2 2 2 2 2 2 2 2 2 2 2 2
left_child=1 3 4 7 6 -6 -3 13 -9 14 12 -12 -5 -1 -4
right_child=-2 2 9 10 5 -7 -8 8 -10 -11 11 -13 -14 -15 -16
leaf_value= 0.061602281602988078 -0.0070051271566717588 0.043212337963651169 -0.016328717528133141 0.024275478810321442 0.012540746143140189 -0.010387444164946897 0.0074959343299871237 0.061669372665719729 0.0034444522566590037 -0.09957843699717317 0.0022057688177707711 -0.03172537240009158 -0.0083016421620820315 0.032253771814866924 -0.039030848669403415
leaf_weight=283 4308 463 368 978 1101 2969 1016 117 618 58 2289 474 734 360 376
leaf_count=283 4308 463 368 978 1101 2969 1016 117 618 58 2289 474 734 360 376
model_size=1712
internal_value=0 0.0024728 -0.0024988 0.00786742 0.00190849 -0.004185 0.0186769 0.0278583 0.0127129 -0.0329927 0.00171155 -0.00361521 0.0103084 0.0451708 -0.0278018
internal_weight=0 12204 6351 5853 5549 4070 1479 1378 735 802 4475 2763 1712 643 744
internal_count=16512 12204 6351 5853 5549 4070 1479 1378 735 802 4475 2763 1712 643 744
is_linear=0
shrinkage=0.1


Tree=30
num_leaves= 14
num_cat= 0
full_tree_array_lgbids= 0 1 7 -1 2 8 -9 -2147483648 -2147483648 3 4 12 9 -2147483648 -2147483648 -2147483648 -2147483648 -2147483648 -2147483648 -3 6 5 -6 -2 -14 11 10 -2147483648 -2147483648 -2147483648 -2147483648 -2147483648 -2147483648 -2147483648 -2147483648 -2147483648 -2147483648 -2147483648 -2147483648 -2147483648 -2147483648 -5 -8 -4 -7 -2147483648 -2147483648 -2147483648 -2147483648 -2147483648 -2147483648 -10 -13 -11 -12 -2147483648 -2147483648 -2147483648 -2147483648 -2147483648 -2147483648 -2147483648 -2147483648
split_feature= 3 4 8 7 7 8 7 8 7 8 1 7 8
split_gain= 16.5908 12.7125 9.7925 22.7133 15.388 17.6408 11.2076 0.935026 3.75764 35.4206 15.7546 11.2693 5.92848
threshold= 6.3286213786213787 0.9926017150155082 -117.77499999999999 33.625000000000007 33.565000000000005 -117.24499999999999 34.525000000000013 -117.175 34.655000000000008 -119.94499999999998 5.4090500000000015 37.615000000000002 -119.21499999999999
decision_type= 2 2 2 2 2 2 2 2 2 2 2 2 2
left_child=1 -1 3 -3 5 -4 -5 8 12 11 -11 -10 -2
right_child=7 2 4 6 -6 -7 -8 -9 9 10 -12 -13 -14
leaf_value= -0.010182023677587103 0.074959641010702946 0.10228292497049551 0.037416595395188781 0.0069076624776574676 -0.022657144874333898 -0.0066084976763877068 -0.0027688139578098256 -0.0091548090966738719 0.027686335097687944 -0.024196332351031496 -0.11781739914739453 0.0015593178851171213 0.015721572941156812
leaf_weight=2632 46 32 172 4054 794 770 4923 314 450 133 37 956 1199
leaf_count=2632 46 32 172 4054 794 770 4923 314 450 133 37 956 1199
model_size=1488
internal_value=0 -0.00192838 9.33629e-05 0.00195869 -0.00958679 0.00143005 0.00160107 0.00822836 0.0101632 0.00404328 -0.0445727 0.00992145 0.0179103
internal_weight=0 13377 10745 9009 1736 942 8977 3135 2821 1576 170 1406 1245
internal_count=16512 13377 10745 9009 1736 942 8977 3135 2821 1576 170 1406 1245
is_linear=0
shrinkage=0.1


Tree=31
num_leaves= 8
num_cat= 0
full_tree_array_lgbids= 0 1 -2 2 -3 -2147483648 -2147483648 6 3 -2147483648 -2147483648 -2147483648 -2147483648 -2147483648 -2147483648 -1 -8 5 4 -2147483648 -2147483648 -2147483648 -2147483648 -2147483648 -2147483648 -2147483648 -2147483648 -2147483648 -2147483648 -2147483648 -2147483648 -2147483648 -2147483648 -2147483648 -2147483648 -4 -7 -5 -6 -2147483648 -2147483648 -2147483648 -2147483648 -2147483648 -2147483648 -2147483648 -2147483648 -2147483648 -2147483648 -2147483648 -2147483648 -2147483648 -2147483648 -2147483648 -2147483648 -2147483648 -2147483648 -2147483648 -2147483648 -2147483648 -2147483648 -2147483648 -2147483648
split_feature= 6 7 8 7 8 8 7
split_gain= 13.0319 15.8557 21.4015 23.3611 52.2484 46.5933 6.88672
threshold= 3.253673235601747 39.085000000000008 -122.35499999999998 34.595000000000006 -120.56499999999998 -118.35499999999998 38.705000000000005
decision_type= 2 2 2 2 2 2 2
left_child=1 2 6 5 -5 -4 -1
right_child=-2 -3 3 4 -6 -7 -8
leaf_value= 0.024161402550916408 -0.0062497046873721375 -0.016163271450123251 0.024392180514275198 0.0016755141809806562 -0.026027308447799453 0.0013316642392778122 -0.028214344203185578
leaf_weight=893 4308 714 1385 3603 1041 4503 65
leaf_count=893 4308 714 1385 3603 1041 4503 65
model_size=816
internal_value=0 0.00220614 0.00334763 0.00177764 -0.00453436 0.00675606 0.0206077
internal_weight=0 12204 11490 10532 4644 5888 958
internal_count=16512 12204 11490 10532 4644 5888 958
is_linear=0
shrinkage=0.1


Tree=32
num_leaves= 9
num_cat= 0
full_tree_array_lgbids= 0 1 -2 2 3 -2147483648 -2147483648 -1 5 4 -5 -2147483648 -2147483648 -2147483648 -2147483648 -2147483648 -2147483648 6 -7 7 -6 -2147483648 -2147483648 -2147483648 -2147483648 -2147483648 -2147483648 -2147483648 -2147483648 -2147483648 -2147483648 -2147483648 -2147483648 -2147483648 -2147483648 -4 -8 -2147483648 -2147483648 -3 -9 -2147483648 -2147483648 -2147483648 -2147483648 -2147483648 -2147483648 -2147483648 -2147483648 -2147483648 -2147483648 -2147483648 -2147483648 -2147483648 -2147483648 -2147483648 -2147483648 -2147483648 -2147483648 -2147483648 -2147483648 -2147483648 -2147483648
split_feature= 3 8 7 7 8 7 8 2
split_gain= 11.6681 8.69529 20.679 11.5708 12.7463 11.0878 26.9351 6.89536
threshold= 6.5207558992324239 -117.77499999999999 33.625000000000007 33.565000000000005 -117.16499999999998 37.915000000000006 -122.29499999999999 20.500000000000004
decision_type= 2 2 2 2 2 2 2 2
left_child=1 2 -1 4 7 6 -4 -3
right_child=-2 3 5 -5 -6 -7 -8 -9
leaf_value= 0.093245673270097806 0.0084206037575172438 -0.0028984979123342783 0.024821273146395519 -0.020645257060426192 -0.010708849237185153 -0.0085910334371179144 0.00018438564555189044 0.037212664631294537
leaf_weight=35 2559 200 651 1011 812 2381 8647 216
leaf_count=35 2559 200 651 1011 812 2381 8647 216
model_size=928
internal_value=0 -0.00154435 4.79238e-05 -0.00987481 -0.00100761 -0.000231374 0.00190934 0.0179285
internal_weight=0 13953 11714 2239 1228 11679 9298 416
internal_count=16512 13953 11714 2239 1228 11679 9298 416
is_linear=0
shrinkage=0.1


Tree=33
num_leaves= 12
num_cat= 0
full_tree_array_lgbids= 0 9 1 -1 10 -2 2 -2147483648 -2147483648 -11 -12 -2147483648 -2147483648 3 5 -2147483648 -2147483648 -2147483648 -2147483648 -2147483648 -2147483648 -2147483648 -2147483648 -2147483648 -2147483648 -2147483648 -2147483648 4 6 7 8 -2147483648 -2147483648 -2147483648 -2147483648 -2147483648 -2147483648 -2147483648 -2147483648 -2147483648 -2147483648 -2147483648 -2147483648 -2147483648 -2147483648 -2147483648 -2147483648 -2147483648 -2147483648 -2147483648 -2147483648 -2147483648 -2147483648 -2147483648 -2147483648 -3 -6 -5 -8 -4 -9 -7 -10
split_feature= 4 1 8 7 7 7 8 8 6 3 5
split_gain= 8.95127 9.40521 4.85862 20.2516 22.7115 15.1152 9.99664 6.78091 1.96153 0.230723 5.78116
threshold= 0.99160544721033084 3.4883000000000002 -118.01499999999999 34.185000000000009 33.995000000000012 33.675000000000004 -121.52499999999999 -117.145 2.5949646725452555 5.4794457776435754 274.50000000000006
decision_type= 2 2 2 2 2 2 2 2 2 2 2
left_child=9 -2 3 4 -3 7 -5 -4 -7 -1 -11
right_child=1 2 5 6 -6 8 -8 -9 -10 10 -12
leaf_value= -0.011681155698481042 -0.0020673026172420561 0.0058289712037716858 0.022336583292484283 0.0094179614338230494 0.036353161452732381 -0.036765261206078106 -0.0065124260115391047 -0.0074481103496991455 -0.0076901186068848411 0.070473325210473226 -0.0017003875421619302
leaf_weight=1869 6961 716 500 2025 685 168 1280 302 861 31 1114
leaf_count=1869 6961 716 500 2025 685 168 1280 302 861 31 1114
model_size=1264
internal_value=0 0.00159591 0.00549673 0.00845961 0.0207534 -0.0021184 0.00324825 0.0111209 -0.0124371 -0.00714719 0.000253661
internal_weight=0 13498 6537 4706 1401 1831 3305 802 1029 3014 1145
internal_count=16512 13498 6537 4706 1401 1831 3305 802 1029 3014 1145
is_linear=0
shrinkage=0.1


Tree=34
num_leaves= 13
num_cat= 0
full_tree_array_lgbids= 0 2 1 3 -4 7 -3 4 9 -2147483648 -2147483648 -2 8 -2147483648 -2147483648 6 5 10 11 -2147483648 -2147483648 -2147483648 -2147483648 -2147483648 -2147483648 -9 -10 -2147483648 -2147483648 -2147483648 -2147483648 -1 -8 -6 -7 -5 -12 -11 -13 -2147483648 -2147483648 -2147483648 -2147483648 -2147483648 -2147483648 -2147483648 -2147483648 -2147483648 -2147483648 -2147483648 -2147483648 -2147483648 -2147483648 -2147483648 -2147483648 -2147483648 -2147483648 -2147483648 -2147483648 -2147483648 -2147483648 -2147483648 -2147483648
split_feature= 2 8 8 7 8 7 8 8 7 8 7 2
split_gain= 7.14981 6.24338 5.30552 6.73576 47.3062 67.2812 4.50841 1.83513 1.66143 1.00699 14.721 8.96733
threshold= 51.500000000000007 -122.43499999999999 -116.53499999999998 37.595000000000006 -121.24499999999999 35.335000000000008 -122.02499999999999 -122.55499999999999 37.765000000000008 -122.38499999999998 38.705000000000005 23.500000000000004
decision_type= 2 2 2 2 2 2 2 2 2 2 2 2
left_child=2 7 3 4 6 -6 -1 -2 -9 10 -5 -11
right_child=1 -3 -4 9 5 -7 -8 8 -10 11 -12 -13
leaf_value= 0.034481264792448278 -0.016321338918702355 0.0070789685055319303 -0.026119817671823805 0.014451753496949805 0.0021672486237497546 -0.024963482252459077 0.013083259074272716 0.015418810954279438 0.076906781221207768 -0.00032325936261387003 -0.019590542202467271 -0.016039980268443648
leaf_weight=483 29 861 236 656 8572 1197 927 49 84 1420 317 1681
leaf_count=483 29 861 236 656 8572 1197 927 49 84 1420 317 1681
model_size=1376
internal_value=0 0.0125487 -0.000828805 -0.000437493 0.00156356 -0.00115709 0.0204132 0.0416196 0.0542533 -0.00592835 0.00336089 -0.00884303
internal_weight=0 1023 15489 15253 11179 9769 1410 162 133 4074 973 3101
internal_count=16512 1023 15489 15253 11179 9769 1410 162 133 4074 973 3101
is_linear=0
shrinkage=0.1


Tree=35
num_leaves= 15
num_cat= 0
full_tree_array_lgbids= 0 1 -2 3 2 -2147483648 -2147483648 6 10 4 5 -2147483648 -2147483648 -2147483648 -2147483648 -1 7 -5 11 8 9 13 12 -2147483648 -2147483648 -2147483648 -2147483648 -2147483648 -2147483648 -2147483648 -2147483648 -2147483648 -2147483648 -8 -9 -2147483648 -2147483648 -12 -13 -3 -10 -6 -11 -4 -15 -7 -14 -2147483648 -2147483648 -2147483648 -2147483648 -2147483648 -2147483648 -2147483648 -2147483648 -2147483648 -2147483648 -2147483648 -2147483648 -2147483648 -2147483648 -2147483648 -2147483648
split_feature= 6 7 8 8 7 1 7 8 8 8 6 7 1 6
split_gain= 6.38396 8.57617 41.1792 33.1163 25.934 19.5368 18.6134 22.1089 17.8849 13.3994 3.71239 4.03502 2.82642 0.181581
threshold= 3.442186331338819 34.595000000000006 -119.94499999999998 -118.35499999999998 37.595000000000006 3.6670000000000003 34.165000000000006 -119.30499999999999 -120.62499999999999 -122.40499999999999 1.5104297674263547 33.765000000000008 5.8308000000000009 2.3055777777777782
decision_type= 2 2 2 2 2 2 2 2 2 2 2 2 2 2
left_child=1 3 4 6 8 13 -1 -8 -3 -6 -5 -12 -7 -4
right_child=-2 2 5 10 9 12 7 -9 -10 -11 11 -13 -14 -15
leaf_value= 0.03398134266485086 -0.0064587956635394801 0.019155699171903719 -0.045404238325797701 -0.046801999999831118 0.0087147804884494043 -0.046093502616064784 0.050909581738488599 -0.0039951847842844748 -0.019638294014798177 -0.0080372684178127689 0.0084459467388423078 -0.0025635299235260596 -0.11557371741341008 -0.0084612122929603861
leaf_weight=760 3196 1394 88 60 1143 203 131 585 215 3156 1870 3136 31 544
leaf_count=760 3196 1394 88 60 1143 203 131 585 215 3156 1870 3136 31 544
model_size=1600
internal_value=0 0.00155019 -0.00213494 0.005366 0.00119773 -0.0248709 0.0204321 0.00605024 0.0139719 -0.0035833 0.000976425 0.00154908 -0.0552981 -0.0136052
internal_weight=0 13316 6774 6542 5908 866 1476 716 1609 4299 5066 5006 234 632
internal_count=16512 13316 6774 6542 5908 866 1476 716 1609 4299 5066 5006 234 632
is_linear=0
shrinkage=0.1


Tree=36
num_leaves= 12
num_cat= 0
full_tree_array_lgbids= 0 1 2 -1 4 3 -4 -2147483648 -2147483648 8 5 9 -5 -2147483648 -2147483648 -2147483648 -2147483648 -2147483648 -2147483648 -3 10 7 6 -2 -11 -2147483648 -2147483648 -2147483648 -2147483648 -2147483648 -2147483648 -2147483648 -2147483648 -2147483648 -2147483648 -2147483648 -2147483648 -2147483648 -2147483648 -2147483648 -2147483648 -10 -12 -6 -9 -7 -8 -2147483648 -2147483648 -2147483648 -2147483648 -2147483648 -2147483648 -2147483648 -2147483648 -2147483648 -2147483648 -2147483648 -2147483648 -2147483648 -2147483648 -2147483648 -2147483648
split_feature= 8 7 7 8 3 7 8 8 4 4 6
split_gain= 5.87938 18.2403 14.7338 17.587 7.68454 13.7181 26.4243 6.30602 5.67022 4.59838 0.52774
threshold= -117.75499999999998 33.645000000000003 33.565000000000005 -117.145 5.5511074737062058 34.655000000000008 -119.94499999999998 -119.21499999999999 0.97865273220723459 1.1864242224781967 1.9322222929778572
decision_type= 2 2 2 2 2 2 2 2 2 2 2
left_child=1 -1 3 9 8 7 -7 -6 -3 -2 -10
right_child=2 4 -4 -5 5 6 -8 -9 10 -11 -12
leaf_value= 0.054104527931514323 0.013484276172133301 -0.012103498730463886 -0.017095230219201094 -0.009205369363914008 0.056071042926347958 0.0047097594414907788 -0.026694454694606209 0.012861076736838704 0.011756579483017242 0.066069293478503821 -0.001265305960519522
leaf_weight=102 527 1281 1298 892 94 2961 426 1661 709 60 6501
leaf_count=102 527 1281 1298 892 94 2961 426 1661 709 60 6501
model_size=1264
internal_value=0 0.00140738 -0.0069609 0.00193319 0.00101311 0.00568002 0.000759894 0.0151755 -0.00181309 0.0188592 1.52095e-05
internal_weight=0 13735 2777 1479 13633 5142 3387 1755 8491 587 7210
internal_count=16512 13735 2777 1479 13633 5142 3387 1755 8491 587 7210
is_linear=0
shrinkage=0.1


Tree=37
num_leaves= 8
num_cat= 0
full_tree_array_lgbids= 0 1 -2 3 2 -2147483648 -2147483648 4 -5 -3 6 -2147483648 -2147483648 -2147483648 -2147483648 -1 5 -2147483648 -2147483648 -2147483648 -2147483648 -4 -8 -2147483648 -2147483648 -2147483648 -2147483648 -2147483648 -2147483648 -2147483648 -2147483648 -2147483648 -2147483648 -6 -7 -2147483648 -2147483648 -2147483648 -2147483648 -2147483648 -2147483648 -2147483648 -2147483648 -2147483648 -2147483648 -2147483648 -2147483648 -2147483648 -2147483648 -2147483648 -2147483648 -2147483648 -2147483648 -2147483648 -2147483648 -2147483648 -2147483648 -2147483648 -2147483648 -2147483648 -2147483648 -2147483648 -2147483648
split_feature= 7 8 4 7 7 7 1
split_gain= 4.51019 8.42471 6.10855 3.60152 1.09083 1.78744 1.02128
threshold= 39.82500000000001 -122.35499999999998 1.0593161893629457 38.415000000000006 37.765000000000008 37.895000000000003 3.4298000000000006
decision_type= 2 2 2 2 2 2 2
left_child=1 3 -3 4 -1 -6 -4
right_child=-2 2 6 -5 5 -7 -8
leaf_value= 0.0065211455071985253 -0.020287392601095352 -0.003398205460814205 -0.00022297341804180127 -0.0063870680914824398 0.047350984250693784 0.015065864456682135 0.0083213453371490959
leaf_weight=400 355 8524 3798 289 213 261 2672
leaf_count=400 355 8524 3798 289 213 261 2672
model_size=816
internal_value=0 0.000445753 -0.000505437 0.012709 0.0190234 0.0295737 0.00330568
internal_weight=0 16157 14994 1163 874 474 6470
internal_count=16512 16157 14994 1163 874 474 6470
is_linear=0
shrinkage=0.1


Tree=38
num_leaves= 14
num_cat= 0
full_tree_array_lgbids= 0 1 2 -1 4 3 -4 -2147483648 -2147483648 5 7 11 -5 -2147483648 -2147483648 -2147483648 -2147483648 -2147483648 -2147483648 6 10 8 9 -2 12 -2147483648 -2147483648 -2147483648 -2147483648 -2147483648 -2147483648 -2147483648 -2147483648 -2147483648 -2147483648 -2147483648 -2147483648 -2147483648 -2147483648 -3 -8 -7 -12 -6 -10 -9 -11 -2147483648 -2147483648 -13 -14 -2147483648 -2147483648 -2147483648 -2147483648 -2147483648 -2147483648 -2147483648 -2147483648 -2147483648 -2147483648 -2147483648 -2147483648
split_feature= 8 7 7 8 7 7 8 8 7 1 7 7 4
split_gain= 2.69 12.1942 10.2606 12.5065 5.15295 29.5686 44.22 25.9278 35.6216 11.4557 7.91936 4.13473 8.47755
threshold= -117.77499999999999 33.645000000000003 33.565000000000005 -117.24499999999999 34.525000000000013 34.035000000000004 -118.40499999999999 -120.62499999999999 37.595000000000006 5.0387000000000013 34.165000000000006 33.005000000000003 1.2013358495051858
decision_type= 2 2 2 2 2 2 2 2 2 2 2 2 2
left_child=1 -1 3 11 5 6 -3 8 -6 -9 -7 -2 -13
right_child=2 4 -4 -5 7 10 -8 9 -10 -11 -12 12 -14
leaf_value= 0.050786244795333758 0.071320045019610465 0.046164655799674263 -0.01519578672651201 -0.0043115536308811625 0.015525485642143106 0.021337312042583868 -0.0060479601139306477 -0.012582153945479678 -0.003874385200615556 -0.061266124870797446 0.0044189812218498898 0.0049646059952543255 0.088834494833023317
leaf_weight=92 59 215 1348 1188 1689 1491 3029 1457 4471 99 1133 210 31
leaf_count=92 59 215 1348 1188 1689 1491 3029 1457 4471 99 1133 210 31
model_size=1488
internal_value=0 0.00128705 -0.00620653 0.00193696 0.00095181 0.00484437 -0.00258751 -0.00200847 0.00144483 -0.0156797 0.0140323 0.0266811 0.0157528
internal_weight=0 13676 2836 1488 13584 5868 3244 7716 6160 1556 2624 300 241
internal_count=16512 13676 2836 1488 13584 5868 3244 7716 6160 1556 2624 300 241
is_linear=0
shrinkage=0.1


Tree=39
num_leaves= 3
num_cat= 0
full_tree_array_lgbids= 0 1 -2 -1 -3 -2147483648 -2147483648
split_feature= 3 4
split_gain= 3.14839 0.520609
threshold= 5.5511074737062058 0.98548810139184051
decision_type= 2 2
left_child=1 -1
right_child=-2 -3
leaf_value= -0.009674753982121656 0.0035760538197589457 -0.00081285158042417526
leaf_weight=1716 6523 8273
leaf_count=1716 6523 8273
model_size=256
internal_value=0 -0.00233523
internal_weight=0 9989
internal_count=16512 9989
is_linear=0
shrinkage=0.1


Tree=40
num_leaves= 2
num_cat= 0
full_tree_array_lgbids= 0 -1 -2
split_feature= 3
split_gain= 1.23453
threshold= 6.5207558992324239
decision_type= 2
left_child=-1
right_child=-2
leaf_value= -0.0011499839948821628 0.0062703113604940484
leaf_weight=13953 2559
leaf_count=13953 2559
model_size=144
internal_value=0
internal_weight=0
internal_count=16512
is_linear=0
shrinkage=0.1


Tree=41
num_leaves= 8
num_cat= 0
full_tree_array_lgbids= 0 1 -2 2 3 -2147483648 -2147483648 -1 -4 4 6 -2147483648 -2147483648 -2147483648 -2147483648 -2147483648 -2147483648 -2147483648 -2147483648 -3 5 -5 -8 -2147483648 -2147483648 -2147483648 -2147483648 -2147483648 -2147483648 -2147483648 -2147483648 -2147483648 -2147483648 -2147483648 -2147483648 -2147483648 -2147483648 -2147483648 -2147483648 -2147483648 -2147483648 -6 -7 -2147483648 -2147483648 -2147483648 -2147483648 -2147483648 -2147483648 -2147483648 -2147483648 -2147483648 -2147483648 -2147483648 -2147483648 -2147483648 -2147483648 -2147483648 -2147483648 -2147483648 -2147483648 -2147483648 -2147483648
split_feature= 7 8 7 7 8 7 2
split_gain= 0.912018 6.04662 4.56094 3.78167 14.0046 10.1848 7.27691
threshold= 39.82500000000001 -122.23499999999999 37.595000000000006 37.485000000000007 -121.91499999999998 35.335000000000008 34.500000000000007
decision_type= 2 2 2 2 2 2 2
left_child=1 2 -1 4 -3 -6 -5
right_child=-2 3 -4 6 5 -7 -8
leaf_value= 0.037493831898675792 -0.017880773763565845 0.019925943185027193 0.0064757045245848856 -0.0020432802532782627 0.0016273807360757905 -0.010372580742467477 -0.019488373071157847
leaf_weight=176 355 641 1601 2044 9139 1725 831
leaf_count=176 355 641 1601 2044 9139 1725 831
model_size=816
internal_value=0 0.000392875 0.00954784 -0.000738445 0.000847671 -0.000277989 -0.00708567
internal_weight=0 16157 1777 14380 11505 10864 2875
internal_count=16512 16157 1777 14380 11505 10864 2875
is_linear=0
shrinkage=0.1


Tree=42
num_leaves= 12
num_cat= 0
full_tree_array_lgbids= 0 1 2 -1 4 3 -4 -2147483648 -2147483648 5 7 -2 -5 -2147483648 -2147483648 -2147483648 -2147483648 -2147483648 -2147483648 6 10 8 9 -2147483648 -2147483648 -2147483648 -2147483648 -2147483648 -2147483648 -2147483648 -2147483648 -2147483648 -2147483648 -2147483648 -2147483648 -2147483648 -2147483648 -2147483648 -2147483648 -3 -8 -7 -12 -6 -10 -9 -11 -2147483648 -2147483648 -2147483648 -2147483648 -2147483648 -2147483648 -2147483648 -2147483648 -2147483648 -2147483648 -2147483648 -2147483648 -2147483648 -2147483648 -2147483648 -2147483648
split_feature= 8 7 7 8 7 7 8 8 7 1 8
split_gain= 0.879009 7.22454 6.32183 1.87492 1.02552 21.2623 34.3736 16.3905 22.1025 9.07161 5.76013
threshold= -117.77499999999999 33.645000000000003 33.905000000000008 -117.145 34.525000000000013 34.035000000000004 -118.395 -120.62499999999999 37.595000000000006 3.3763000000000005 -118.01499999999999
decision_type= 2 2 2 2 2 2 2 2 2 2 2
left_child=1 -1 3 -2 5 6 -3 8 -6 -9 -7
right_child=2 4 -4 -5 7 10 -8 9 -10 -11 -12
leaf_value= 0.045300769227880823 0.008913836968370217 0.037955918305488015 -0.016760145766351677 -0.0075985924557612234 0.013213677224136564 0.015029380983701261 -0.0058083903007157094 -0.0059779162725772297 -0.0031683318195873411 -0.030515260446032411 -0.012519979349841984
leaf_weight=92 831 256 952 1053 1689 2384 2988 1081 4471 475 240
leaf_count=92 831 256 952 1053 1689 2384 2988 1081 4471 475 240
model_size=1264
internal_value=0 0.00121012 -0.00583554 -0.000315244 0.000911507 0.00429218 -0.00235473 -0.00165949 0.00132342 -0.0134684 0.0125096
internal_weight=0 13676 2836 1884 13584 5868 3244 7716 6160 1556 2624
internal_count=16512 13676 2836 1884 13584 5868 3244 7716 6160 1556 2624
is_linear=0
shrinkage=0.1


Tree=43
num_leaves= 2
num_cat= 0
full_tree_array_lgbids= 0 -1 -2
split_feature= 4
split_gain= 0.603346
threshold= 1.0291350557942953
decision_type= 2
left_child=-1
right_child=-2
leaf_value= -0.0033945440387081419 0.0020520317280305479
leaf_weight=6221 10291
leaf_count=6221 10291
model_size=144
internal_value=0
internal_weight=0
internal_count=16512
is_linear=0
shrinkage=0.1


end of trees

feature_importances:
Column_7=223
Column_8=209
Column_1=128
Column_6=112
Column_2=76
Column_3=36
Column_4=32
Column_5=25

parameters:
[boosting: gbdt]
[objective: regression]
[metric: rmse]
[tree_learner: serial]
[device_type: cpu]
[data_sample_strategy: bagging]
[data: data/california_housing.libsvm.train]
[valid: data/california_housing.libsvm.test]
[num_iterations: 1000]
[learning_rate: 0.1]
[num_leaves: 255]
[num_threads: 0]
[seed: 42]
[deterministic: 0]
[force_col_wise: 0]
[force_row_wise: 0]
[histogram_pool_size: -1]
[max_depth: 5]
[min_data_in_leaf: 10]
[min_sum_hessian_in_leaf: 0.001]
[bagging_fraction: 1]
[pos_bagging_fraction: 1]
[neg_bagging_fraction: 1]
[bagging_freq: 0]
[bagging_seed: 400]
[feature_fraction: 1]
[feature_fraction_bynode: 1]
[feature_fraction_seed: 30056]
[extra_trees: 0]
[extra_seed: 12879]
[early_stopping_round: 0]
[early_stopping_min_delta: 0]
[first_metric_only: 0]
[max_delta_step: 0]
[lambda_l1: 0]
[lambda_l2: 0]
[linear_lambda: 0]
[min_gain_to_split: 0]
[drop_rate: 0.1]
[max_drop: 50]
[skip_drop: 0.5]
[xgboost_dart_mode: 0]
[uniform_drop: 0]
[drop_seed: 17869]
[top_rate: 0.2]
[other_rate: 0.1]
[min_data_per_group: 100]
[max_cat_threshold: 32]
[cat_l2: 10]
[cat_smooth: 10]
[max_cat_to_onehot: 4]
[top_k: 20]
[monotone_constraints: ]
[monotone_constraints_method: basic]
[monotone_penalty: 0]
[feature_contri: ]
[forcedsplits_filename: ]
[refit_decay_rate: 0.9]
[tinygbdt_penalty_feature: 0.125]
[tinygbdt_penalty_split: 0.0078125]
[tinygbdt_forestsize: 64000]
[tinygbdt_precision: 7]
[cegb_tradeoff: 1]
[cegb_penalty_split: 0]
[cegb_penalty_feature_lazy: ]
[cegb_penalty_feature_coupled: ]
[path_smooth: 0]
[interaction_constraints: ]
[verbosity: 2]
[saved_feature_importance_type: 0]
[use_quantized_grad: 0]
[num_grad_quant_bins: 4]
[quant_train_renew_leaf: 0]
[stochastic_rounding: 1]
[linear_tree: 0]
[max_bin: 255]
[max_bin_by_feature: ]
[min_data_in_bin: 3]
[bin_construct_sample_cnt: 200000]
[data_random_seed: 175]
[is_enable_sparse: 1]
[enable_bundle: 1]
[use_missing: 1]
[zero_as_missing: 0]
[feature_pre_filter: 1]
[pre_partition: 0]
[two_round: 0]
[header: 0]
[label_column: ]
[weight_column: ]
[group_column: ]
[ignore_column: ]
[categorical_feature: ]
[forcedbins_filename: ]
[precise_float_parser: 0]
[parser_config_file: ]
[objective_seed: 16083]
[num_class: 1]
[is_unbalance: 0]
[scale_pos_weight: 1]
[sigmoid: 1]
[boost_from_average: 1]
[reg_sqrt: 0]
[alpha: 0.9]
[fair_c: 1]
[poisson_max_delta_step: 0.7]
[tweedie_variance_power: 1.5]
[lambdarank_truncation_level: 30]
[lambdarank_norm: 1]
[label_gain: ]
[lambdarank_position_bias_regularization: 0]
[eval_at: ]
[multi_error_top_k: 1]
[auc_mu_weights: ]
[num_machines: 1]
[local_listen_port: 12400]
[time_out: 120]
[machine_list_filename: ]
[machines: ]
[gpu_platform_id: -1]
[gpu_device_id: -1]
[gpu_use_dp: 0]
[num_gpu: 1]

end of parameters
