tree
version=v4
num_class=1
num_tree_per_iteration=1
label_index=0
max_feature_idx=8
objective=regression
feature_names=Column_0 Column_1 Column_2 Column_3 Column_4 Column_5 Column_6 Column_7 Column_8
feature_infos=none [0.49990000000000001:15.0001] [1:52] [0.88888888888888884:141.90909090909091] [0.33333333333333331:25.63636363636364] [3:35682] [0.69230769230769229:1243.333333333333] [32.549999999999997:41.950000000000003] [-124.34999999999999:-114.31]
tree_sizes=10686 8943 7469 6394 6171 5820 5830 3308 5406 4921 4637 4924 4429 4874 4082 4076 1718 4030 796 4239 917 3953 3887 1385 495 661 2825 497 2913 379 1785

Tree=0
num_leaves= 114
num_cat= 0
full_tree_array_lgbids= 0 1 2 5 3 4 10 9 11 6 7 16 13 20 33 15 14 35 21 37 8 19 17 44 18 39 29 76 64 34 46 45 53 27 52 49 58 54 31 71 38 12 36 22 25 24 51 79 67 89 23 72 73 63 59 101 81 91 104 80 108 -35 86 103 48 94 60 30 78 74 85 50 84 -37 66 69 100 32 42 95 110 77 55 28 26 57 99 41 40 47 70 43 65 97 62 -2 96 75 -69 -18 90 56 68 102 88 105 93 87 82 61 -61 112 -103 106 98 92 -93 -66 111 107 83 -36 -110 -2147483648 -2147483648 109 -88 -1 -105 -47 -50 -17 -96 -55 -62 -11 -32 -29 -80 -16 -76 -54 -87 -7 -52 -51 -86 -2147483648 -2147483648 -60 -68 -13 -71 -56 -102 -23 -34 -33 -44 -3 -97 -73 -112 -39 -79 -40 -57 -8 -30 -14 -28 -10 -59 -38 -101 -5 -43 -24 -42 -21 -49 -27 -72 -9 -45 -26 -67 -19 -99 -53 -64 -2147483648 -2147483648 -81 -98 -46 -77 -2147483648 -2147483648 -2147483648 -2147483648 -91 -92 -20 -58 -25 -70 -6 -104 -74 -90 -41 -107 -75 -95 -15 -89 -65 -84 -31 -63 -2147483648 -2147483648 -4 -114 -2147483648 -2147483648 -78 -108 -83 -100 -22 -94 -2147483648 -2147483648 -2147483648 -2147483648 -106 -113 -12 -109 -82 -85 -2147483648 -2147483648 -2147483648 -2147483648 -2147483648 -2147483648 -2147483648 -2147483648 -48 -111 -2147483648 -2147483648
split_feature= 1 1 1 6 6 3 2 1 7 1 1 1 6 1 6 3 2 6 6 2 2 6 3 1 2 8 8 8 1 2 7 7 8 1 2 7 7 1 2 6 7 6 8 7 1 4 5 7 7 8 6 8 6 6 7 5 7 8 7 6 7 2 8 1 7 8 7 7 4 2 6 3 2 2 8 6 4 8 8 5 4 6 6 8 8 8 2 4 7 7 8 4 8 6 4 8 2 7 8 7 8 5 5 8 8 8 2 5 7 1 8 2 8
split_gain= 6988.46 1685.93 1292.9 977.073 432.187 319.135 234.745 213.669 188.004 181.833 156.982 137.751 129.461 121.725 113.486 112.014 108.536 106.252 95.9737 86.1441 74.0282 67.6806 67.081 60.7897 59.1557 54.4966 51.1728 49.9627 45.2985 44.3589 39.99 39.3595 43.3783 34.2111 37.2517 34.1126 31.8718 31.8042 35.8746 31.3047 29.9216 29.7817 29.2027 28.9678 28.892 27.2755 25.9661 25.7667 24.7686 24.544 29.4705 24.4488 23.6448 22.8569 22.4112 20.6293 19.8758 19.6874 18.5304 18.3299 18.1245 17.7309 17.3694 16.718 16.6794 16.4028 14.9212 14.6608 13.3302 13.3117 12.5782 12.5397 12.4162 12.041 12.0236 10.7639 9.8404 9.52325 9.00949 7.18404 6.48248 6.4311 6.21508 6.1267 5.96788 5.2521 4.72367 4.70181 4.58905 4.43974 4.80432 4.26112 5.88769 4.24253 4.17592 4.03259 3.83235 3.31144 3.1321 3.07178 2.74454 2.62249 2.50197 1.95332 1.75741 1.5713 1.47558 1.28822 1.13947 0.744232 0.70966 0.219848 0.208426
threshold= 5.0387000000000013 3.0679500000000002 6.8672000000000013 2.3489548886254448 2.671038674349933 4.3101408005062494 24.500000000000004 4.0775500000000013 37.815000000000005 2.2210000000000005 7.852450000000001 2.4115000000000006 1.9628175980828908 5.7307500000000013 2.4907552973342448 3.449226804123712 19.500000000000004 2.9005380231986346 2.0653737590585881 43.500000000000007 26.500000000000004 2.2906328481453726 5.1186051221335997 5.8308000000000009 41.500000000000007 -122.40499999999999 -117.88499999999998 -118.26499999999999 3.4298000000000006 27.500000000000004 37.815000000000005 34.525000000000013 -117.77499999999999 8.7395500000000013 28.500000000000004 35.335000000000008 37.995000000000012 3.5330000000000008 18.500000000000004 2.9742256672023202 34.415000000000006 3.0817415934345274 -120.44499999999998 38.545000000000009 5.6402500000000009 1.0291350557942953 139.50000000000003 38.435000000000009 34.045000000000009 -117.35499999999998 2.254419630548663 -122.33499999999999 3.458170981799539 2.10671797776953 37.945000000000007 534.50000000000011 38.005000000000003 -122.425 36.835000000000008 3.458170981799539 35.335000000000008 40.500000000000007 -117.75499999999998 6.2770500000000009 37.645000000000003 -122.28499999999998 38.925000000000004 37.955000000000005 1.0435797675926601 26.500000000000004 2.8079590171801518 4.5820434769673541 22.500000000000004 16.500000000000004 -122.38499999999998 2.5219735498882589 1.0103851166134901 -118.26499999999999 -117.145 390.50000000000006 1.0003353454057682 2.5163636904584812 3.0089663118548242 -117.81499999999998 -116.40499999999999 -117.79499999999999 20.500000000000004 1.0110829055585981 37.925000000000004 34.145000000000003 -122.25499999999998 1.0139026949414627 -118.26499999999999 3.3663541575396478 1.1538900096482767 -117.23499999999999 16.500000000000004 38.235000000000007 -122.00499999999998 38.635000000000012 -122.35499999999998 1162.5000000000002 1614.5000000000002 -121.76499999999999 -122.23499999999999 -121.36499999999999 17.500000000000004 1203.5000000000002 37.805000000000007 9.1688500000000008 -121.81499999999998 35.500000000000007 -121.34499999999998
decision_type= 2 2 2 2 2 2 2 2 2 2 2 2 2 2 2 2 2 2 2 2 2 2 2 2 2 2 2 2 2 2 2 2 2 2 2 2 2 2 2 2 2 2 2 2 2 2 2 2 2 2 2 2 2 2 2 2 2 2 2 2 2 2 2 2 2 2 2 2 2 2 2 2 2 2 2 2 2 2 2 2 2 2 2 2 2 2 2 2 2 2 2 2 2 2 2 2 2 2 2 2 2 2 2 2 2 2 2 2 2 2 2 2 2
left_child=1 5 4 6 16 9 37 19 12 15 20 35 28 39 27 45 44 24 89 22 76 54 41 56 43 47 -14 30 -8 63 -11 32 -23 34 80 49 57 71 77 72 -24 -5 -33 -9 79 103 -35 -21 -47 50 -7 97 74 94 69 -40 -20 -10 -37 61 -55 -31 -53 87 91 -26 -60 75 -25 -13 -27 95 102 105 -16 -46 101 -39 -29 -2 107 106 -65 -82 -51 -54 109 -15 -74 -18 -91 92 -22 -75 -17 -3 -81 -19 -83 -38 -56 112 -6 -1 -66 -41 -78 -12 -36 -48 -73 -106 -4
right_child=2 3 10 7 13 11 8 17 36 14 33 21 26 29 52 53 18 51 23 25 64 31 40 68 65 70 -28 78 -30 59 -32 42 -34 46 108 58 99 38 55 73 -42 -43 -44 -45 67 48 86 -49 -50 84 -52 62 85 60 100 -57 -58 -59 66 -61 -62 -63 -64 82 104 -67 -68 -69 -70 -71 -72 110 88 93 -76 -77 81 -79 -80 96 83 98 -84 -85 -86 -87 -88 -89 -90 90 -92 -93 -94 -95 -96 -97 -98 -99 -100 -101 -102 -103 -104 -105 111 -107 -108 -109 -110 -111 -112 -113 -114
leaf_value= 2.0428115776403302 2.0322522439146704 2.0942646251487904 2.1970469771605763 2.0623490992633817 2.0788100563966578 2.0841138599801572 2.1965323452694219 2.0954689418246426 2.2142838774901663 2.1406373236940905 2.201214742644098 2.0345072442712553 2.1803908632616107 2.1096638881203256 2.1369577986748349 2.0163646038680656 2.3475029406369599 2.1269417179355425 2.1957668316364023 2.1654641714581091 2.3134738265400703 2.0423423215696768 2.0333915413355754 2.2374554972134808 2.2091709412441252 2.0795638084043055 2.0853910788377314 2.0653824157377607 2.2845502876908457 2.1919918556662772 2.0404662446165749 1.9910892755883369 1.9852344261613879 2.2256631944098948 2.3489229269490632 1.930502243003837 2.0412401231857533 2.1091870245220798 2.0245249734293451 2.0834683157028921 2.0042626363250329 2.0299805008867327 1.9516641567416866 2.0321558591188165 2.2290802035057791 2.0195706739465327 2.2974192872479229 1.9921922446126408 2.0794739076624724 1.9685349276794362 1.9888444208027325 2.0588902430478546 2.0194666467334796 1.9876247733728514 2.048631191897333 2.1734629168237776 2.087710141191141 2.0951919498649194 1.9717715616073146 2.0880122439150677 1.9546252503190962 2.2838810687809143 2.0262876156140166 2.1854929355010166 2.2731583668156543 2.1356460584060457 1.9436251819951067 2.0902165239069102 2.2872151599752977 2.0885806931844439 2.035621369557977 2.0615003930585472 2.1472471363027816 2.1070863956405002 2.0468548239882924 2.1539228614650354 2.2432252427681045 2.0673858812271733 2.0052765696740975 2.1164124939581668 2.299884311105183 2.261906623327202 2.1474610484222523 2.2336177960559054 1.9309619655047523 1.9695393397118284 2.3580152998203703 2.1384854126492021 2.0833785607593032 2.3441824260131363 2.24765874254427 2.3308207076200587 2.2209656433100169 2.0785653826666226 2.0851989775483477 2.0101922421986527 2.1698756092870899 2.0592165302409682 2.2078495719740459 1.9696822432512706 1.9934744660704813 2.2074340790255622 2.1199560171028113 2.0031723742454979 2.2451105803087024 2.0509785154122926 2.3295710676383008 2.2547846299662213 2.3036811097582559 2.3389576326004473 2.021195993752015 2.1657122381860678 2.1442219711450132
leaf_weight=27 9.9999999999999982 97 19 636 64 39 90 761 19 227 24 100 402 146 18 89 58 57 303 84 33 272 593 159 43 147 67 116 174 144 50 667 275 19 83 320 66 141 10.999999999999998 56 943 545 277 83 72 114 27 9.9999999999999982 208 231 294 858 368 506 19 104 19 68 497 14.999999999999998 289 28 229 91 17 129 377 13.999999999999998 91 109 136 27 176 205 350 34 11.000000000000002 113 37 88 63 24 159 29 72 31 235 190 19 17 15.999999999999998 81 14.999999999999998 137 14.999999999999998 9.9999999999999982 30 13.999999999999998 110 9.9999999999999982 81 55 53 154 12.000000000000002 118 10.999999999999998 31 13.999999999999998 84 64 9.9999999999999982 33
leaf_count=27 10 97 19 636 64 39 90 761 19 227 24 100 402 146 18 89 58 57 303 84 33 272 593 159 43 147 67 116 174 144 50 667 275 19 83 320 66 141 11 56 943 545 277 83 72 114 27 10 208 231 294 858 368 506 19 104 19 68 497 15 289 28 229 91 17 129 377 14 91 109 136 27 176 205 350 34 11 113 37 88 63 24 159 29 72 31 235 190 19 17 16 81 15 137 15 10 30 14 110 10 81 55 53 154 12 118 11 31 14 84 64 10 33
model_size=12688
internal_value=2.07195 2.03789 2.19622 2.07259 2.15739 2.00039 2.1449 2.05251 2.17679 2.02716 2.28999 1.98123 2.19841 2.12609 2.05582 2.00269 2.2124 2.07655 2.23355 2.03561 2.24376 2.0009 2.02938 2.21831 2.10021 2.08053 2.16682 2.09704 2.25454 2.15468 2.12256 1.99203 2.01363 2.32271 2.29347 1.96188 2.07953 2.0945 2.11198 2.0994 2.01551 2.04741 1.97952 2.08924 2.15586 2.04057 2.34226 2.14703 2.05827 1.98076 2 2.0558 2.0327 1.98149 2.04369 2.15922 2.18939 2.1212 1.95182 2.19741 1.97563 2.20695 2.05202 2.14104 2.29582 2.15403 1.95963 2.19158 2.25557 2.06271 2.05845 2.06193 2.12468 2.08412 2.05126 2.20497 2.2105 2.09059 2.05085 2.12237 2.26119 2.22724 2.1613 2.279 1.95961 2.01559 2.34866 2.12596 2.14102 2.32933 2.29738 2.31361 2.28457 2.09566 2.02629 2.08641 2.13 2.11359 2.21753 2.03182 2.00395 2.18609 2.09745 2.00909 2.23698 2.06144 2.2864 2.23141 2.34239 2.32885 2.03315 2.20902 2.16352
internal_weight=0 12960 3552 6731 2512 6229 1463 5268 896 2599 1040 3630 733 1601 1197 1402 911 2174 663 3094 431 1800 2717 572 1016 377 469 430 264 773 277 1491 547 609 244 1830 163 567 369 828 1536 1181 944 844 248 503 365 94 322 636 333 1158 767 899 309 115 322 87 1194 187 795 172 1087 586 168 172 874 120 250 209 283 198 312 516 368 106 263 254 153 128 147 156 250 92 303 399 346 336 195 91 33 129 48 342 104 107 118 71 134 76 100 107 117 181 39 174 22 55 97 111 91 22 52
internal_count=16512 12960 3552 6731 2512 6229 1463 5268 896 2599 1040 3630 733 1601 1197 1402 911 2174 663 3094 431 1800 2717 572 1016 377 469 430 264 773 277 1491 547 609 244 1830 163 567 369 828 1536 1181 944 844 248 503 365 94 322 636 333 1158 767 899 309 115 322 87 1194 187 795 172 1087 586 168 172 874 120 250 209 283 198 312 516 368 106 263 254 153 128 147 156 250 92 303 399 346 336 195 91 33 129 48 342 104 107 118 71 134 76 100 107 117 181 39 174 22 55 97 111 91 22 52
is_linear=0
shrinkage=1


Tree=1
num_leaves= 83
num_cat= 0
full_tree_array_lgbids= 0 1 2 5 3 4 12 16 6 7 10 19 13 21 48 17 79 9 14 8 41 22 23 47 24 33 25 57 56 -14 72 26 39 80 -81 18 52 15 37 30 11 53 -43 28 34 32 44 -2 67 -21 35 55 68 63 61 -4 70 -23 81 -2147483648 -2147483648 -50 73 60 27 76 62 -18 -82 -2147483648 -2147483648 36 51 54 -54 20 46 43 -39 31 71 40 29 -9 -55 -2147483648 -2147483648 42 38 58 69 50 74 45 49 -2147483648 -2147483648 -49 -69 -2147483648 -2147483648 64 66 59 75 -35 77 -15 -65 65 -63 -2147483648 -2147483648 78 -72 -2147483648 -2147483648 -58 -83 -2147483648 -2147483648 -2147483648 -2147483648 -2147483648 -2147483648 -74 -75 -1 -62 -28 -29 -19 -78 -41 -64 -2147483648 -2147483648 -2147483648 -2147483648 -2147483648 -2147483648 -2147483648 -2147483648 -7 -38 -20 -53 -11 -56 -2147483648 -2147483648 -8 -22 -17 -48 -16 -45 -2147483648 -2147483648 -3 -33 -32 -73 -10 -42 -13 -31 -2147483648 -2147483648 -2147483648 -2147483648 -2147483648 -2147483648 -2147483648 -2147483648 -5 -44 -30 -40 -24 -60 -36 -71 -12 -52 -34 -76 -25 -47 -46 -51 -2147483648 -2147483648 -2147483648 -2147483648 -2147483648 -2147483648 -2147483648 -2147483648 -2147483648 -2147483648 -2147483648 -2147483648 -26 -66 -37 -68 -6 -61 -57 -77 -2147483648 -2147483648 -70 -79 -2147483648 -2147483648 -2147483648 -2147483648 -27 -67 -2147483648 -2147483648 -2147483648 -2147483648 -2147483648 -2147483648 -59 -80 -2147483648 -2147483648 -2147483648 -2147483648 -2147483648 -2147483648 -2147483648 -2147483648 -2147483648 -2147483648 -2147483648 -2147483648 -2147483648 -2147483648 -2147483648 -2147483648 -2147483648 -2147483648 -2147483648 -2147483648 -2147483648 -2147483648 -2147483648 -2147483648 -2147483648 -2147483648
split_feature= 1 1 1 6 6 6 7 7 2 8 1 6 1 1 8 7 7 8 6 2 8 2 2 6 6 2 7 8 3 8 8 7 2 6 8 1 7 8 7 2 8 8 6 7 8 7 7 1 5 7 7 7 8 7 6 7 7 1 7 8 8 6 1 1 7 2 1 7 2 7 8 7 6 1 3 8 6 7 4 7 8 8
split_gain= 5653.86 1362.94 1040.48 785.201 346.696 266.927 195.135 192.71 185.089 148.645 139.69 132.32 120.89 112.167 111.272 136.994 99.0347 106.419 89.9148 79.9081 74.7452 74.713 63.6351 59.775 52.4043 49.4623 44.4762 59.4713 41.8476 39.2969 37.2734 45.9313 35.8503 35.2663 34.2849 28.0058 26.5592 25.9061 25.5769 21.019 20.2713 19.8921 19.642 18.5791 16.23 16.4216 16.1971 15.2483 13.8494 12.562 12.4574 10.9091 9.92966 9.25675 9.07314 8.94978 8.28095 8.26096 8.25688 8.20662 8.00928 7.01831 6.62655 5.97007 5.91332 5.70311 4.95653 4.20085 4.19654 4.1424 3.94113 3.70566 3.47995 4.52657 2.08396 1.01833 0.79299 0.54384 0.441096 0.347174 3.8931 0.135947
threshold= 5.0387000000000013 3.1097000000000006 6.8672000000000013 2.4136952392348086 2.5763869593405579 2.1628386478062818 34.455000000000005 37.935000000000009 24.500000000000004 -117.77499999999999 4.1119000000000012 1.9628175980828908 8.4454500000000028 5.8308000000000009 -121.63499999999998 37.895000000000003 37.945000000000007 -118.24499999999999 3.442186331338819 21.500000000000004 -122.31499999999998 26.500000000000004 44.500000000000007 2.9291766686969298 2.0653737590585881 27.500000000000004 34.655000000000008 -122.35499999999998 4.7926201822371182 -122.33499999999999 -118.29499999999999 34.155000000000008 42.500000000000007 2.9366774891774896 -122.40499999999999 5.5682000000000009 34.045000000000009 -119.84499999999998 34.435000000000009 28.500000000000004 -122.40499999999999 -122.35499999999998 3.1424162072895592 35.955000000000005 -121.46499999999999 37.915000000000006 38.675000000000004 5.6402500000000009 70.000000000000014 34.655000000000008 37.765000000000008 34.045000000000009 -116.53499999999998 38.005000000000003 2.8335312747426764 37.925000000000004 37.645000000000003 7.3930000000000016 38.155000000000008 -117.91499999999998 -118.37499999999999 3.458170981799539 2.2003500000000007 6.3350000000000009 37.935000000000009 40.500000000000007 6.3963500000000009 37.955000000000005 14.500000000000002 37.735000000000007 -117.71499999999999 33.695000000000007 3.1747392355722384 9.1688500000000008 6.0498344370860933 -122.19499999999998 1.5104297674263547 37.875000000000007 1.0417933552053971 38.815000000000005 -122.26499999999999 -122.28499999999998
decision_type= 2 2 2 2 2 2 2 2 2 2 2 2 2 2 2 2 2 2 2 2 2 2 2 2 2 2 2 2 2 2 2 2 2 2 2 2 2 2 2 2 2 2 2 2 2 2 2 2 2 2 2 2 2 2 2 2 2 2 2 2 2 2 2 2 2 2 2 2 2 2 2 2 2 2 2 2 2 2 2 2 2 2
left_child=1 5 4 7 19 16 9 8 30 18 22 40 21 33 15 20 17 26 36 47 -8 57 28 32 -21 63 60 -28 42 -13 31 -3 50 55 58 64 -7 43 -30 76 -10 53 -5 -16 45 -25 -17 -2 -14 -46 -12 -20 54 -9 -11 59 -23 -4 -24 -6 -1 65 -41 -15 -26 -27 -37 -49 -35 -36 78 -32 -50 -74 -34 -57 -19 -70 -59 80 -18 -58
right_child=2 3 12 10 13 6 14 41 11 52 23 29 48 25 37 46 79 39 51 24 -22 56 34 44 35 61 27 -29 38 -31 71 -33 74 68 69 66 -38 -39 -40 62 -42 -43 -44 -45 49 -47 -48 67 72 -51 -52 -53 -54 -55 -56 75 81 70 -60 -61 -62 -63 -64 -65 -66 -67 -68 -69 77 -71 -72 -73 73 -75 -76 -77 -78 -79 -80 -81 -82 -83
leaf_value= 0.12004633573159365 0.052482443997128453 0.13922680700818699 0.11267094415387298 0.0034526885907401779 0.075404580390038028 -0.028296137803472933 0.059045989572769034 0.09759424281391231 0.22363129605035315 -0.061943192205967147 0.021982394564230259 0.15200140062967937 0.10762568108427029 0.053162522945877137 -0.044530365270163332 -0.069216434904985663 -0.01065724958237764 -0.10687562200952978 -0.065454390534873716 0.23619967352512272 -0.044401682941903046 0.22480091196052807 0.086914337738907263 0.030477198241080378 0.11931676829390857 0.11920347212087722 0.12923717969437926 -0.010308660402737349 -0.032231015922305616 0.068068334948991935 0.016504864080099168 0.032567879023380715 0.060290220263644612 -0.012627814666900253 0.00083407082386541265 0.15569187857759881 0.013049518090156198 -0.12442312377457172 -0.058800488044297564 -0.056580343333383402 0.14707573651212263 -0.048374169815767122 -0.03598801625026745 -0.10072576994081051 -0.015255583482670965 -0.037837517231754547 -0.1113833193241352 0.12935530202899209 0.25046130566438518 -0.055307762242806785 -0.016821589142755541 -0.035308781839202996 -0.12139461574968227 -0.0044191512322868222 -0.092715229559096557 0.057807791382074362 0.23538385778665544 0.15016104017312712 -0.047407381460070612 0.02329359875109635 0.055957407419236355 0.015144229612567209 0.025112630911292389 0.084870239149263033 0.016562676749059133 0.18213537653287254 0.20825195800799592 0.022553581930696967 0.026152266231522465 -0.056458609286281804 0.11215140492582293 -0.025804899650238522 0.15353492438527092 0.23712397553704001 0.12437126843198654 -0.018313374910281881 -0.052144003201286364 -0.019491425386451662 0.19829679463058711 -0.10266434939112515 -0.076582966869195496 0.14114134669303896
leaf_weight=71 110 60 153 359 283 431 96 22 61 293 598 75 11.999999999999998 319 91 198 37 34 673 86 381 194 76 188 166 159 41 214 855 552 143 218 101 126 181 156 368 662 1041 30 203 154 341 995 641 72 398 94 331 159 172 287 121 64 471 25 11.999999999999998 104 9.9999999999999982 76 81 10.999999999999998 77 231 13.999999999999998 45 65 11.999999999999998 445 45 51 113 28 55 31 42 181 47 60 64 130 40
leaf_count=71 110 60 153 359 283 431 96 22 61 293 598 75 12 319 91 198 37 34 673 86 381 194 76 188 166 159 41 214 855 552 143 218 101 126 181 156 368 662 1041 30 203 154 341 995 641 72 398 94 331 159 172 287 121 64 471 25 12 104 10 76 81 11 77 231 14 45 65 12 445 45 51 113 28 55 31 42 181 47 60 64 130 40
model_size=9216
internal_value=0 -0.0306532 0.111843 0.00158441 0.076901 -0.0634427 -0.0720972 0.0611315 0.0753469 -0.0522257 -0.0187741 0.103784 0.19624 0.0535082 -0.0907219 -0.0645704 -0.0141747 0.0045445 -0.0350073 0.137097 -0.023582 0.167027 -0.0330328 0.00235965 0.160526 0.0835031 0.0396769 0.0121281 -0.0384442 0.0781082 0.0278982 0.0555878 0.0223913 0.0315291 0.0119928 0.144296 -0.00925333 -0.106775 -0.046819 -0.039862 0.164765 -0.0232724 -0.0157606 -0.0960169 -0.0146862 0.0115593 -0.0973749 0.0842737 0.238345 -0.023216 0.0133145 -0.0564421 -0.0864486 0.0216773 -0.0809139 0.0558353 0.211714 0.137155 0.0712955 0.0643727 0.0858937 0.127051 0.00220806 0.0664798 0.111325 0.133086 0.171151 0.117265 0.0147744 -0.0105738 0.154578 -0.00217093 0.242134 0.208925 0.0753396 0.01009 -0.0607992 0.021792 0.167772 -0.0732494 -0.0619767 0.16289
internal_weight=0 12960 3552 6535 2512 6425 5465 1665 1425 2644 4870 891 1040 1809 2821 1073 960 729 1759 703 477 614 2908 1962 487 765 407 255 2596 627 534 278 902 1044 312 401 799 1748 1896 322 264 240 700 1086 1060 260 596 216 426 800 770 960 885 86 764 426 246 368 86 359 152 215 107 550 180 204 221 106 618 226 215 256 414 83 132 67 215 492 164 231 167 52
internal_count=16512 12960 3552 6535 2512 6425 5465 1665 1425 2644 4870 891 1040 1809 2821 1073 960 729 1759 703 477 614 2908 1962 487 765 407 255 2596 627 534 278 902 1044 312 401 799 1748 1896 322 264 240 700 1086 1060 260 596 216 426 800 770 960 885 86 764 426 246 368 86 359 152 215 107 550 180 204 221 106 618 226 215 256 414 83 132 67 215 492 164 231 167 52
is_linear=0
shrinkage=0.1


Tree=2
num_leaves= 62
num_cat= 0
full_tree_array_lgbids= 0 1 2 5 3 4 13 15 7 6 8 18 21 24 38 16 -17 9 11 56 10 23 14 53 20 50 35 -4 60 39 47 25 37 -2147483648 -2147483648 17 51 12 33 57 -58 22 45 29 41 30 27 -2 -55 55 31 -6 -52 49 -37 -2147483648 -2147483648 -26 -62 -15 -41 -40 -49 54 26 -18 -39 -2147483648 -2147483648 -2147483648 -2147483648 43 34 -11 -53 19 46 42 -35 58 -59 -2147483648 -2147483648 32 28 -12 -47 40 52 -25 -43 -10 44 48 36 -2147483648 -2147483648 -2147483648 -2147483648 -20 -57 -22 59 -2147483648 -2147483648 -2147483648 -2147483648 -23 -51 -2147483648 -2147483648 -2147483648 -2147483648 -2147483648 -2147483648 -2147483648 -2147483648 -2147483648 -2147483648 -2147483648 -2147483648 -2147483648 -2147483648 -2147483648 -2147483648 -2147483648 -2147483648 -1 -56 -27 -28 -2147483648 -2147483648 -2147483648 -2147483648 -2147483648 -2147483648 -2147483648 -2147483648 -2147483648 -2147483648 -2147483648 -2147483648 -7 -45 -19 -36 -2147483648 -2147483648 -2147483648 -2147483648 -9 -21 -14 -48 -13 -44 -2147483648 -2147483648 -3 -60 -2147483648 -2147483648 -2147483648 -2147483648 -2147483648 -2147483648 -8 -34 -24 -30 -2147483648 -2147483648 -2147483648 -2147483648 -5 -42 -31 -54 -2147483648 -2147483648 -2147483648 -2147483648 -2147483648 -2147483648 -32 -46 -16 -50 -29 -38 -2147483648 -2147483648 -2147483648 -2147483648 -2147483648 -2147483648 -2147483648 -2147483648 -2147483648 -2147483648 -2147483648 -2147483648 -2147483648 -2147483648 -33 -61 -2147483648 -2147483648 -2147483648 -2147483648 -2147483648 -2147483648 -2147483648 -2147483648 -2147483648 -2147483648 -2147483648 -2147483648 -2147483648 -2147483648 -2147483648 -2147483648 -2147483648 -2147483648 -2147483648 -2147483648 -2147483648 -2147483648 -2147483648 -2147483648 -2147483648 -2147483648 -2147483648 -2147483648 -2147483648 -2147483648 -2147483648 -2147483648 -2147483648 -2147483648 -2147483648 -2147483648 -2147483648 -2147483648 -2147483648 -2147483648 -2147483648 -2147483648 -2147483648 -2147483648 -2147483648 -2147483648 -2147483648 -2147483648
split_feature= 1 1 1 6 6 6 2 7 1 8 7 8 7 1 6 7 8 6 2 8 6 1 6 2 2 7 8 8 1 3 2 1 2 8 7 6 7 2 1 2 7 8 7 8 8 8 7 5 7 2 6 1 7 1 8 7 7 8 7 6 7
split_gain= 4580.69 1184.01 756.031 672.815 253.361 232.729 167.072 164.786 131.913 126.697 103.257 97.7465 114.553 95.0582 87.9634 80.4798 90.1229 76.8449 62.1235 57.7192 53.0564 52.0485 50.2231 47.6749 37.055 33.1779 51.8963 32.0217 30.8102 30.0083 23.7691 20.4638 20.2011 17.9091 17.5593 14.4762 13.5244 12.4662 11.1311 15.1221 11.0737 10.6492 10.4416 10.2054 9.85199 9.8088 9.72146 6.99558 5.75528 5.33068 4.33428 4.09919 4.00799 3.80304 3.38577 2.87437 0.973985 8.9053 4.489 0.499625 0.0582415
threshold= 5.1326000000000009 3.1792500000000001 6.8672000000000013 2.2982753493904258 2.7407929055816385 2.1628386478062818 19.500000000000004 34.455000000000005 4.0612500000000002 -117.77499999999999 37.815000000000005 -121.63499999999998 37.915000000000006 7.852450000000001 2.6829812717770039 37.935000000000009 -118.24499999999999 3.1336552646136835 21.500000000000004 -122.33499999999999 2.2038024706228287 5.8308000000000009 1.9322222929778572 47.500000000000007 26.500000000000004 34.655000000000008 -120.02499999999999 -121.895 3.8136000000000005 5.1822875816993479 26.500000000000004 5.5682000000000009 28.500000000000004 -119.94499999999998 34.035000000000004 3.1424162072895592 34.655000000000008 32.500000000000007 8.7395500000000013 28.500000000000004 37.805000000000007 -122.29499999999999 35.645000000000003 -118.395 -122.29499999999999 -122.03499999999998 38.675000000000004 139.50000000000003 37.915000000000006 40.500000000000007 3.1262267671728927 2.2336500000000004 38.675000000000004 5.6402500000000009 -118.37499999999999 37.805000000000007 37.955000000000005 -118.29499999999999 34.175000000000004 2.4530432249902163 37.645000000000003
decision_type= 2 2 2 2 2 2 2 2 2 2 2 2 2 2 2 2 2 2 2 2 2 2 2 2 2 2 2 2 2 2 2 2 2 2 2 2 2 2 2 2 2 2 2 2 2 2 2 2 2 2 2 2 2 2 2 2 2 2 2 2 2
left_child=1 5 4 6 18 15 56 9 23 17 22 12 19 24 30 16 25 43 53 -9 55 50 32 29 -4 54 -27 48 -24 40 -10 -22 -8 42 -19 49 -29 -18 39 -15 -5 -25 -13 -7 -32 -12 -14 -40 -16 -23 -6 -11 -31 -2 -1 -20 57 58 -3 -33 -26
right_child=2 3 13 8 21 7 10 11 14 51 45 33 46 38 27 -17 37 34 20 -21 31 35 28 41 60 26 -28 36 -30 52 44 59 -34 -35 -36 -37 -38 -39 47 -41 -42 -43 -44 -45 -46 -47 -48 -49 -50 -51 -52 -53 -54 -55 -56 -57 -58 -59 -60 -61 -62
leaf_value= 0.1068667777857798 0.044354087056698986 0.11263111655510241 0.11180011307247012 -0.012954766055067072 0.039120188703661601 0.039174311865980811 0.10048757064132355 0.055769185814065772 0.010567780463632359 -0.091832097231682758 0.040656243935920933 -0.038586081916709314 -0.060546632633500158 0.15301852307858921 0.041204590882815452 -0.064398922394885094 -0.05004226354100666 -0.057241798496994248 0.21371178373694422 -0.037401543352930271 0.085769363261836901 0.080520070640737185 0.061270276997887445 0.068159482960899673 0.19501601857270381 0.031343903243423829 -0.10785834036375348 -0.0052796583810959426 0.12234886277205588 -0.038660211549705073 0.10944789446317234 0.16545990990381687 0.1771787354251636 -0.11152035808164762 -0.025459544633880324 0.044951280686571927 -0.034264948123396678 0.01185233111595508 0.12246008578099704 0.22086914195535112 -0.061520446319998472 -0.00017901905525762301 -0.089836823122416545 -0.0084882717356117299 0.046861038347584628 -0.044141471836456031 -0.099519575152148321 0.22456408492747071 -0.0065533949004535665 0.17581365332007409 0.0091445336548434848 -0.065782561038769144 -0.069873800196181876 0.091137689522301862 0.047902277209822777 0.11424848060397541 -0.033169997644668908 -0.004665550553969517 0.030300118882067701 0.12375223916501572 0.13272227908556278
leaf_weight=85 122 31 263 1077 339 117 78 99 276 407 94 92 210 147 234 245 261 783 100 407 201 316 226 75 129 237 38 1024 228 1163 65 100 175 718 454 280 423 82 19 97 106 130 1017 517 357 43 412 346 113 20 367 521 187 163 87 17 50 157 112 234 39
leaf_count=85 122 31 263 1077 339 117 78 99 276 407 94 92 210 147 234 245 261 783 100 407 201 316 226 75 129 237 38 1024 228 1163 65 100 175 718 454 280 423 82 19 97 106 130 1017 517 357 43 412 346 113 20 367 521 187 163 87 17 50 157 112 234 39
model_size=6864
internal_value=0 -0.0263505 0.105538 0.00456925 0.0728147 -0.0556079 0.0728683 -0.063649 -0.0110233 -0.0456707 0.0977613 -0.0806781 -0.0562218 0.176616 0.00632468 -0.0109042 0.00568598 -0.0300289 0.113472 -0.0191725 0.131989 0.0439976 0.113984 -0.0268126 0.1386 0.0370941 0.0121087 -0.00613105 0.0919441 -0.0309916 0.0383384 0.117278 0.153535 -0.0957776 -0.0455772 0.0674464 -0.0137529 -0.0352453 0.20352 0.179992 -0.0173064 0.0248229 -0.0855852 0.000307505 0.0565012 0.0140409 -0.0863615 0.219249 0.0256523 0.0861923 0.0235379 -0.0772073 -0.0429839 0.071111 0.0770417 0.19926 0.0128405 0.020509 0.0481481 0.13624 0.180555
internal_weight=0 13213 3299 6424 2259 6789 1194 5754 5230 2799 844 2955 1128 1040 2492 1035 790 1871 937 506 652 1322 707 2738 431 447 275 1794 454 2533 698 535 253 1827 1237 616 1447 343 609 244 1183 205 1109 634 422 137 622 365 347 336 706 928 1350 285 172 117 350 300 143 334 168
internal_count=16512 13213 3299 6424 2259 6789 1194 5754 5230 2799 844 2955 1128 1040 2492 1035 790 1871 937 506 652 1322 707 2738 431 447 275 1794 454 2533 698 535 253 1827 1237 616 1447 343 609 244 1183 205 1109 634 422 137 622 365 347 336 706 928 1350 285 172 117 350 300 143 334 168
is_linear=0
shrinkage=0.1


Tree=3
num_leaves= 46
num_cat= 0
full_tree_array_lgbids= 0 1 3 4 2 5 26 11 6 7 8 23 17 29 42 15 -13 10 13 -3 9 12 24 41 28 32 35 -5 -31 -28 -44 -1 22 -2147483648 -2147483648 18 -12 14 36 -2147483648 -2147483648 16 38 19 20 37 40 -2 -43 -25 34 44 -34 -19 -37 -2147483648 -2147483648 -2147483648 -2147483648 -2147483648 -2147483648 -2147483648 -2147483648 -2147483648 -2147483648 33 -24 -2147483648 -2147483648 -2147483648 -2147483648 31 -20 -2147483648 -2147483648 27 43 -15 -38 -2147483648 -2147483648 -2147483648 -2147483648 30 25 -11 -40 -4 -21 21 -22 -10 39 -26 -42 -2147483648 -2147483648 -2147483648 -2147483648 -2147483648 -2147483648 -30 -36 -7 -46 -2147483648 -2147483648 -2147483648 -2147483648 -2147483648 -2147483648 -2147483648 -2147483648 -2147483648 -2147483648 -2147483648 -2147483648 -2147483648 -2147483648 -2147483648 -2147483648 -2147483648 -2147483648 -2147483648 -2147483648 -2147483648 -2147483648 -2147483648 -2147483648 -2147483648 -2147483648 -17 -35 -2147483648 -2147483648 -2147483648 -2147483648 -2147483648 -2147483648 -2147483648 -2147483648 -2147483648 -2147483648 -6 -33 -2147483648 -2147483648 -2147483648 -2147483648 -2147483648 -2147483648 -8 -29 -16 -45 -2147483648 -2147483648 -2147483648 -2147483648 -2147483648 -2147483648 -2147483648 -2147483648 -2147483648 -2147483648 -2147483648 -2147483648 -9 -32 -18 -27 -2147483648 -2147483648 -2147483648 -2147483648 -2147483648 -2147483648 -2147483648 -2147483648 -14 -23 -2147483648 -2147483648 -2147483648 -2147483648 -39 -41 -2147483648 -2147483648 -2147483648 -2147483648 -2147483648 -2147483648 -2147483648 -2147483648 -2147483648 -2147483648 -2147483648 -2147483648 -2147483648 -2147483648 -2147483648 -2147483648 -2147483648 -2147483648 -2147483648 -2147483648 -2147483648 -2147483648 -2147483648 -2147483648 -2147483648 -2147483648 -2147483648 -2147483648 -2147483648 -2147483648 -2147483648 -2147483648 -2147483648 -2147483648 -2147483648 -2147483648 -2147483648 -2147483648 -2147483648 -2147483648 -2147483648 -2147483648 -2147483648 -2147483648 -2147483648 -2147483648 -2147483648 -2147483648 -2147483648 -2147483648 -2147483648 -2147483648 -2147483648 -2147483648 -2147483648 -2147483648 -2147483648 -2147483648 -2147483648 -2147483648 -2147483648 -2147483648 -2147483648 -2147483648 -2147483648 -2147483648 -2147483648 -2147483648
split_feature= 1 1 6 1 6 6 7 2 1 7 8 7 8 8 7 8 6 1 6 7 7 8 8 2 6 1 1 8 6 2 1 8 2 2 1 2 1 2 7 4 8 5 5 7 2
split_gain= 3711.39 1035.17 574.352 531.612 189.473 179.067 132.174 130.817 115.602 105.274 101.603 72.5492 66.2764 64.3052 72.5054 63.7912 62.0993 58.5525 57.4539 48.9192 42.1709 58.9693 40.522 37.8629 33.0989 28.7353 28.5303 28.442 23.8271 21.5786 19.2397 13.4705 13.4534 12.7709 10.8994 9.77682 9.38629 7.75558 4.75091 3.33394 2.4255 2.21992 1.4804 1.31434 1.02922
threshold= 5.2771000000000017 3.1913000000000005 2.3722374117110965 7.3930000000000016 2.2352443515477258 2.6585924622132828 34.455000000000005 19.500000000000004 4.5301500000000017 37.815000000000005 -117.77499999999999 37.935000000000009 -122.38499999999998 -121.63499999999998 37.915000000000006 -122.31499999999998 2.0231950334409352 6.2770500000000009 3.4287187039764357 38.735000000000007 37.945000000000007 -117.79499999999999 -117.145 21.500000000000004 2.8335312747426764 3.8769000000000005 8.7395500000000013 -122.33499999999999 2.2038024706228287 28.500000000000004 3.8769000000000005 -118.395 36.500000000000007 27.500000000000004 6.3350000000000009 28.500000000000004 2.2210000000000005 21.500000000000004 37.995000000000012 1.0373307138179437 -117.675 374.50000000000006 70.000000000000014 38.675000000000004 16.500000000000004
decision_type= 2 2 2 2 2 2 2 2 2 2 2 2 2 2 2 2 2 2 2 2 2 2 2 2 2 2 2 2 2 2 2 2 2 2 2 2 2 2 2 2 2 2 2 2 2
left_child=1 4 7 5 11 23 10 -3 12 16 18 15 19 14 27 -1 30 32 31 -4 21 -14 33 41 37 -18 29 -8 -25 -5 -9 -6 44 -17 -30 -19 -15 -10 -11 -39 -26 -2 -28 -16 -7
right_child=3 2 8 26 6 17 13 9 24 38 -12 -13 20 36 43 22 25 35 -20 -21 -22 -23 -24 28 40 -27 42 -29 34 -31 -32 -33 -34 -35 -36 -37 -38 39 -40 -41 -42 -43 -44 -45 -46
leaf_value= 0.11400488329376897 -0.010875829495489597 0.012142831573800028 0.048102530052251548 0.12801191650161689 0.034804954095446365 0.015452685885783898 0.040345742497289477 0.10410625985110825 0.0073781804118136125 0.038240255881596283 -0.071089336007022996 -0.058307253265170958 -0.010210745952081067 -0.099812474993890843 -0.055495196765521539 -0.014621531609977995 0.040228478964395693 0.074410471905335313 -0.045105924858744172 -0.075472759713931969 -0.054342925297281235 -0.048386793504203621 -0.06090692310225243 0.18708490128478003 0.007038122209902852 0.098230796865788658 0.084617103263735782 -0.035395247473520554 0.10259169795127117 0.18755101657077877 0.16529211110730724 -0.013797371057197184 0.098535051448664202 0.023722197607268514 0.1545440083500785 0.12891074955536455 -0.076594778715906447 0.032398063922871138 -0.026643542698476203 0.074330013944657852 -0.028258587171965301 0.084480184346224035 0.20115557625341013 -0.089703548880150696 0.043081937561794792
leaf_weight=58 20 423 263 264 141 304 92 196 176 94 894 323 2224 779 200 350 233 386 1017 49 529 649 149 108 728 282 11.999999999999998 385 272 164 164 695 71 387 142 102 994 245 86 170 164 192 353 390 593
leaf_count=58 20 423 263 264 141 304 92 196 176 94 894 323 2224 779 200 350 233 386 1017 49 529 649 149 108 728 282 12 385 272 164 164 695 71 387 142 102 994 245 86 170 164 192 353 390 593
model_size=5072
internal_value=0 -0.0223037 0.00591489 0.101156 -0.0497854 0.0754204 -0.0579911 0.0615878 -0.00991818 0.0814126 -0.0415392 -0.0136015 -0.0198994 -0.0739042 -0.0524825 0.00169503 0.0966709 0.0543355 -0.0272825 0.0286949 -0.024356 -0.0188346 -0.00565708 0.117245 0.0150786 0.071989 0.172228 -0.0207869 0.134206 0.150826 0.13198 -0.00560009 0.0384723 0.00551283 0.120411 0.0858019 -0.0867959 0.0370088 0.00724022 0.049575 0.000548593 0.0754843 0.197324 -0.0781075 0.0337182
internal_weight=0 13529 6675 2983 6854 2190 5587 1478 5197 1055 2747 1267 3714 2840 1067 944 875 1456 1853 312 3402 2873 886 734 1483 515 793 477 522 428 360 836 968 737 414 488 1773 591 180 415 892 212 365 590 897
internal_count=16512 13529 6675 2983 6854 2190 5587 1478 5197 1055 2747 1267 3714 2840 1067 944 875 1456 1853 312 3402 2873 886 734 1483 515 793 477 522 428 360 836 968 737 414 488 1773 591 180 415 892 212 365 590 897
is_linear=0
shrinkage=0.1


Tree=4
num_leaves= 42
num_cat= 0
full_tree_array_lgbids= 0 1 2 5 3 4 8 17 13 6 9 21 18 12 35 26 -19 -7 23 7 33 15 14 -2 22 31 -20 -4 -14 -10 -37 27 -28 -2147483648 -2147483648 -2147483648 -2147483648 30 28 25 10 -8 -35 32 24 19 29 -2147483648 -2147483648 -23 38 -6 -33 -2147483648 -2147483648 -2147483648 -2147483648 -2147483648 -2147483648 -2147483648 -2147483648 -2147483648 -2147483648 39 -29 -2147483648 -2147483648 -2147483648 -2147483648 -2147483648 -2147483648 -2147483648 -2147483648 -2147483648 -2147483648 -15 -32 -25 -30 -3 36 11 16 -2147483648 -2147483648 -2147483648 -2147483648 37 -34 34 -26 20 -21 -16 40 -2147483648 -2147483648 -2147483648 -2147483648 -2147483648 -2147483648 -24 -40 -2147483648 -2147483648 -2147483648 -2147483648 -2147483648 -2147483648 -2147483648 -2147483648 -2147483648 -2147483648 -2147483648 -2147483648 -2147483648 -2147483648 -2147483648 -2147483648 -2147483648 -2147483648 -2147483648 -2147483648 -2147483648 -2147483648 -2147483648 -2147483648 -1 -41 -2147483648 -2147483648 -2147483648 -2147483648 -2147483648 -2147483648 -2147483648 -2147483648 -2147483648 -2147483648 -2147483648 -2147483648 -2147483648 -2147483648 -2147483648 -2147483648 -2147483648 -2147483648 -2147483648 -2147483648 -2147483648 -2147483648 -2147483648 -2147483648 -2147483648 -2147483648 -2147483648 -2147483648 -2147483648 -2147483648 -2147483648 -2147483648 -27 -38 -9 -13 -12 -18 -2147483648 -2147483648 -2147483648 -2147483648 -2147483648 -2147483648 -2147483648 -2147483648 -5 -39 -2147483648 -2147483648 -17 -36 -2147483648 -2147483648 -11 -22 -2147483648 -2147483648 -2147483648 -2147483648 -31 -42 -2147483648 -2147483648 -2147483648 -2147483648 -2147483648 -2147483648 -2147483648 -2147483648 -2147483648 -2147483648 -2147483648 -2147483648 -2147483648 -2147483648 -2147483648 -2147483648 -2147483648 -2147483648 -2147483648 -2147483648 -2147483648 -2147483648 -2147483648 -2147483648 -2147483648 -2147483648 -2147483648 -2147483648 -2147483648 -2147483648 -2147483648 -2147483648 -2147483648 -2147483648 -2147483648 -2147483648 -2147483648 -2147483648 -2147483648 -2147483648 -2147483648 -2147483648 -2147483648 -2147483648 -2147483648 -2147483648 -2147483648 -2147483648 -2147483648 -2147483648 -2147483648 -2147483648 -2147483648 -2147483648 -2147483648 -2147483648 -2147483648 -2147483648 -2147483648 -2147483648 -2147483648 -2147483648 -2147483648 -2147483648
split_feature= 1 1 1 6 6 3 7 8 1 1 8 7 2 1 6 3 7 6 6 7 8 2 6 3 2 7 7 8 6 8 8 1 6 8 7 8 2 7 7 6 7
split_gain= 3009.18 750.879 543.261 461.75 151.059 135.228 129.332 115.382 112.844 106.437 59.9746 110.899 51.8038 49.5282 39.8332 30.1111 28.9642 28.5117 24.3876 22.8405 27.5868 22.4886 26.0946 18.5296 17.8687 13.5598 13.2921 15.1189 7.23135 5.78579 5.76133 5.5485 5.459 5.07927 3.68679 3.21044 1.10968 0.746591 0.289429 0.191093 0.16729
threshold= 5.0387000000000013 2.7820000000000005 6.3963500000000009 2.4136952392348086 2.5891438608419741 3.8792159595040387 37.935000000000009 -122.33499999999999 7.852450000000001 3.8346500000000003 -117.98499999999999 34.155000000000008 26.500000000000004 2.2210000000000005 3.016322398451238 4.8809487864875196 33.695000000000007 2.8941056667066012 3.0375944537846187 37.875000000000007 -122.21499999999999 16.500000000000004 2.0653737590585881 4.3645181386446135 44.500000000000007 37.765000000000008 37.935000000000009 -118.21499999999999 2.3336834733893559 -121.48499999999999 -122.41499999999998 5.6042500000000013 3.2651338971106418 -122.35499999999998 34.415000000000006 -118.00499999999998 47.500000000000007 37.915000000000006 37.955000000000005 1.6125326273398461 34.525000000000013
decision_type= 2 2 2 2 2 2 2 2 2 2 2 2 2 2 2 2 2 2 2 2 2 2 2 2 2 2 2 2 2 2 2 2 2 2 2 2 2 2 2 2 2
left_child=1 5 4 6 21 17 7 25 12 15 11 -9 -4 -7 19 32 -12 26 31 20 -11 -2 -23 30 34 -3 27 39 -25 -16 -15 -6 37 -8 -17 -10 -27 -5 -24 -1 -31
right_child=2 3 8 9 18 13 33 10 35 14 16 -13 -14 23 29 24 -18 -19 -20 -21 -22 22 38 28 -26 36 -28 -29 -30 40 -32 -33 -34 -35 -36 -37 -38 -39 -40 -41 -42
leaf_value= 0.093458040244877347 0.044605266100918972 0.08467829064479597 0.081160695772701519 -0.00015997634588023877 0.031683208901538619 -0.076248205650589942 0.014193193653744518 0.094684620738119341 0.17521379009999546 0.083115567675217841 0.027940192136422844 0.025945809154338414 0.14073599362484693 0.11535540764982051 0.0076188330167578193 -0.031433059388188141 -0.040684308214113118 -0.039619034638299661 0.01490197282723827 -0.020201662171091525 0.013675367250474441 0.16539498616206019 0.097014637456840802 -0.031429468208180197 0.0017808362632196332 0.097693026245668016 -0.065827445956920069 -0.028462822079081497 -0.063654506981165135 -0.017549140562835418 -0.027762624908326924 0.06533181393037947 -0.031540608073477278 -0.040802064707367532 -0.053698336406860031 0.13371379519621396 0.18822533224116675 -0.055490139175633918 0.020135741165528697 0.015951202750318128 -0.048707167082252582
leaf_weight=30 131 86 491 658 405 1893 102 456 463 99 279 653 312 10.999999999999998 269 648 145 833 743 311 1066 95 374 283 169 29 67 184 1103 754 393 362 520 217 1047 146 77 61 30 299 218
leaf_count=30 131 86 491 658 405 1893 102 456 463 99 279 653 312 11 269 648 145 833 743 311 1066 95 374 283 169 29 67 184 1103 754 393 362 520 217 1047 146 77 61 30 299 218
model_size=4624
internal_value=0 -0.0224076 0.0817576 -0.00282819 0.0495315 -0.0526221 0.038756 0.0502166 0.130599 -0.0174327 0.0404533 0.0542099 0.104308 -0.0632868 -0.00194225 -0.0309962 0.00447191 -0.0248246 0.0314927 0.0111949 0.0195763 0.0927672 0.105411 -0.0495795 -0.040928 0.128171 -0.00357663 0.00455359 -0.0570746 -0.0175671 -0.0238658 0.0475643 -0.0160543 -0.0232174 -0.0451863 0.165265 0.163457 -0.00485419 0.0913058 0.0230187 -0.0245373
internal_weight=0 12960 3552 7864 2140 5096 2044 1725 1412 5820 1533 1109 803 3683 2717 3103 424 1413 1510 1476 1165 630 499 1790 1864 192 580 513 1386 1241 404 767 1239 319 1695 609 106 719 404 329 972
internal_count=16512 12960 3552 7864 2140 5096 2044 1725 1412 5820 1533 1109 803 3683 2717 3103 424 1413 1510 1476 1165 630 499 1790 1864 192 580 513 1386 1241 404 767 1239 319 1695 609 106 719 404 329 972
is_linear=0
shrinkage=0.1


Tree=5
num_leaves= 37
num_cat= 0
full_tree_array_lgbids= 0 2 1 5 3 4 6 22 13 7 8 12 14 15 27 28 -24 -7 19 -4 11 9 21 35 18 25 33 -3 -17 -8 -29 29 -30 -2147483648 -2147483648 -2147483648 -2147483648 -15 30 -2147483648 -2147483648 17 -13 10 -11 23 -23 -2 -37 -14 32 -6 26 -16 -35 -2147483648 -2147483648 -2147483648 -2147483648 -2147483648 -2147483648 -2147483648 -2147483648 -1 -31 -2147483648 -2147483648 -2147483648 -2147483648 -2147483648 -2147483648 -2147483648 -2147483648 -2147483648 -2147483648 -2147483648 -2147483648 34 -32 -2147483648 -2147483648 -2147483648 -2147483648 -9 20 -2147483648 -2147483648 -5 16 -2147483648 -2147483648 24 -25 -2147483648 -2147483648 -2147483648 -2147483648 -2147483648 -2147483648 -2147483648 -2147483648 -20 -34 -2147483648 -2147483648 31 -28 -2147483648 -2147483648 -2147483648 -2147483648 -2147483648 -2147483648 -2147483648 -2147483648 -2147483648 -2147483648 -2147483648 -2147483648 -2147483648 -2147483648 -2147483648 -2147483648 -2147483648 -2147483648 -2147483648 -2147483648 -2147483648 -2147483648 -2147483648 -2147483648 -2147483648 -2147483648 -2147483648 -2147483648 -2147483648 -2147483648 -2147483648 -2147483648 -2147483648 -2147483648 -2147483648 -2147483648 -2147483648 -2147483648 -2147483648 -2147483648 -2147483648 -2147483648 -2147483648 -2147483648 -2147483648 -2147483648 -2147483648 -2147483648 -21 -36 -2147483648 -2147483648 -2147483648 -2147483648 -2147483648 -2147483648 -2147483648 -2147483648 -2147483648 -2147483648 -2147483648 -2147483648 -19 -22 -2147483648 -2147483648 -2147483648 -2147483648 -2147483648 -2147483648 -12 -18 -2147483648 -2147483648 -2147483648 -2147483648 -10 -26 -2147483648 -2147483648 -2147483648 -2147483648 -2147483648 -2147483648 -2147483648 -2147483648 -2147483648 -2147483648 -2147483648 -2147483648 -2147483648 -2147483648 -2147483648 -2147483648 -2147483648 -2147483648 -2147483648 -2147483648 -2147483648 -2147483648 -2147483648 -2147483648 -2147483648 -2147483648 -27 -33 -2147483648 -2147483648 -2147483648 -2147483648 -2147483648 -2147483648 -2147483648 -2147483648 -2147483648 -2147483648 -2147483648 -2147483648 -2147483648 -2147483648 -2147483648 -2147483648 -2147483648 -2147483648 -2147483648 -2147483648 -2147483648 -2147483648 -2147483648 -2147483648 -2147483648 -2147483648 -2147483648 -2147483648 -2147483648 -2147483648 -2147483648 -2147483648 -2147483648 -2147483648 -2147483648 -2147483648 -2147483648 -2147483648 -2147483648 -2147483648 -2147483648 -2147483648
split_feature= 1 1 1 6 6 3 1 2 6 7 8 7 2 1 1 2 7 8 6 6 1 8 6 7 8 2 8 2 7 8 7 7 7 2 8 1
split_gain= 2450.34 633.798 446.268 338.54 188.26 104.649 96.0593 80.4893 58.1915 52.2761 58.2017 48.6935 40.302 38.4339 34.1458 32.4688 31.1384 29.7978 24.3692 22.7335 21.6436 19.7307 18.6192 16.7206 23.6243 16.401 15.3927 7.28744 6.98785 15.5277 5.5654 5.00553 3.92894 3.87364 3.35595 0.111101
threshold= 4.5301500000000017 6.3350000000000009 2.7820000000000005 2.2634687595142249 2.5219735498882589 3.8792159595040387 7.7055000000000016 24.500000000000004 2.8079590171801518 37.945000000000007 -122.21499999999999 37.815000000000005 21.500000000000004 1.9486000000000003 5.6042500000000013 26.500000000000004 34.525000000000013 -122.40499999999999 2.0653737590585881 2.2906328481453726 3.4883000000000002 -117.79499999999999 3.0973600929976173 37.875000000000007 -122.24499999999999 16.500000000000004 -117.65499999999999 18.500000000000004 37.935000000000009 -118.21499999999999 34.715000000000011 37.915000000000006 38.005000000000003 32.500000000000007 -118.36499999999999 5.6402500000000009
decision_type= 2 2 2 2 2 2 2 2 2 2 2 2 2 2 2 2 2 2 2 2 2 2 2 2 2 2 2 2 2 2 2 2 2 2 2 2
left_child=2 4 5 7 12 22 15 -4 9 10 -5 17 35 -7 25 -3 -12 -9 -14 -15 -19 23 28 24 -10 -6 31 -8 29 -1 34 -27 -20 -16 -21 -2
right_child=1 6 3 8 14 13 27 11 21 -11 16 -13 18 19 33 -17 -18 20 32 30 -22 -23 -24 -25 -26 26 -28 -29 -30 -31 -32 -33 -34 -35 -36 -37
leaf_value= 0.019308967812223993 0.026287382523165148 0.070770299255429311 0.004740173729997646 0.070586971528497577 -0.010477022170853237 -0.075070673348194394 0.11739076186637372 0.14188188676662902 0.037770930198579848 -0.033998171547178414 0.011178438726385895 -0.00034986824283133385 0.15071486081832497 -0.022951943911288204 0.034415352127993119 0.12216455436486473 -0.026183979550085609 0.039005669662306702 0.088880301611364329 0.011276834296481009 0.092707131553977515 -0.051724502456089727 -0.037447741892005691 -0.049493842737272531 -0.02169594001303557 0.031228084131130169 -0.030034341147710752 0.15925349608288986 -0.061225645600909921 -0.030106061488216807 -0.063833093210648714 -0.011831171024617152 -0.0037075803235725119 0.075271606348482345 -0.04678455216194332 0.087255666783404739
leaf_weight=378 204 495 470 162 483 1169 207 94 125 611 1046 138 117 497 551 309 527 284 418 69 264 579 749 422 1918 1011 117 463 71 215 1188 141 27 170 760 63
leaf_count=378 204 495 470 162 483 1169 207 94 125 611 1046 138 117 497 551 309 527 284 418 69 264 579 749 422 1918 1011 117 463 71 215 1188 141 27 170 760 63
model_size=4064
internal_value=0 0.0606046 -0.0246632 -0.00724422 0.0359277 -0.0473599 0.115885 0.040855 -0.018399 -0.00487813 0.00537682 0.0626165 0.0790654 -0.0569581 0.021467 0.0905226 -0.00133904 0.0761514 0.0973052 -0.0485358 0.0648764 -0.0288194 -0.0223421 -0.0234393 -0.0180575 0.0121741 0.0207954 0.14632 -0.00530276 0.00139289 -0.0548398 0.0259578 0.0832626 0.0440486 -0.0419519 0.0406732
internal_weight=0 4776 11736 6640 3302 5096 1474 1250 5390 2346 1735 780 829 3683 2473 804 1573 642 562 2514 548 3044 1413 2465 2043 1752 1269 670 664 593 2017 1152 445 721 829 267
internal_count=16512 4776 11736 6640 3302 5096 1474 1250 5390 2346 1735 780 829 3683 2473 804 1573 642 562 2514 548 3044 1413 2465 2043 1752 1269 670 664 593 2017 1152 445 721 829 267
is_linear=0
shrinkage=0.1


Tree=6
num_leaves= 37
num_cat= 0
full_tree_array_lgbids= 0 1 3 4 2 5 24 12 6 10 14 20 23 31 -26 13 -14 7 8 -3 11 19 25 -2 30 -7 -25 -5 -33 -2147483648 -2147483648 -1 16 -2147483648 -2147483648 15 -9 9 22 -2147483648 -2147483648 -12 17 28 -21 34 26 -2147483648 -2147483648 -22 -32 -2147483648 -2147483648 -2147483648 -2147483648 -2147483648 -2147483648 -2147483648 -2147483648 -2147483648 -2147483648 -2147483648 -2147483648 -2147483648 -2147483648 21 -18 -2147483648 -2147483648 -2147483648 -2147483648 33 -17 -2147483648 -2147483648 18 -11 35 -24 -2147483648 -2147483648 -2147483648 -2147483648 -2147483648 -2147483648 32 -19 29 -30 -2147483648 -2147483648 -16 -36 27 -28 -2147483648 -2147483648 -2147483648 -2147483648 -2147483648 -2147483648 -2147483648 -2147483648 -2147483648 -2147483648 -2147483648 -2147483648 -2147483648 -2147483648 -2147483648 -2147483648 -2147483648 -2147483648 -2147483648 -2147483648 -2147483648 -2147483648 -2147483648 -2147483648 -2147483648 -2147483648 -2147483648 -2147483648 -2147483648 -2147483648 -2147483648 -2147483648 -2147483648 -2147483648 -2147483648 -2147483648 -15 -23 -2147483648 -2147483648 -2147483648 -2147483648 -2147483648 -2147483648 -2147483648 -2147483648 -2147483648 -2147483648 -6 -35 -2147483648 -2147483648 -2147483648 -2147483648 -2147483648 -2147483648 -8 -20 -2147483648 -2147483648 -10 -37 -2147483648 -2147483648 -2147483648 -2147483648 -2147483648 -2147483648 -2147483648 -2147483648 -2147483648 -2147483648 -2147483648 -2147483648 -2147483648 -2147483648 -13 -34 -2147483648 -2147483648 -4 -31 -2147483648 -2147483648 -2147483648 -2147483648 -2147483648 -2147483648 -2147483648 -2147483648 -2147483648 -2147483648 -27 -29 -2147483648 -2147483648 -2147483648 -2147483648 -2147483648 -2147483648 -2147483648 -2147483648 -2147483648 -2147483648 -2147483648 -2147483648 -2147483648 -2147483648 -2147483648 -2147483648 -2147483648 -2147483648 -2147483648 -2147483648 -2147483648 -2147483648 -2147483648 -2147483648 -2147483648 -2147483648 -2147483648 -2147483648 -2147483648 -2147483648 -2147483648 -2147483648 -2147483648 -2147483648 -2147483648 -2147483648 -2147483648 -2147483648 -2147483648 -2147483648 -2147483648 -2147483648 -2147483648 -2147483648 -2147483648 -2147483648 -2147483648 -2147483648 -2147483648 -2147483648 -2147483648 -2147483648 -2147483648 -2147483648 -2147483648 -2147483648 -2147483648 -2147483648 -2147483648 -2147483648 -2147483648 -2147483648 -2147483648 -2147483648 -2147483648 -2147483648
split_feature= 1 1 6 1 6 6 7 8 8 7 2 6 7 8 6 6 8 7 8 2 2 7 8 1 1 8 7 8 7 8 6 2 8 8 7 7
split_gain= 1986.03 609.057 275.48 245.296 163.984 85.9313 72.3957 88.4777 75.2149 71.5721 67.0927 59.6456 52.4976 47.3794 43.2704 39.5657 33.7511 26.5189 23.4088 20.6912 18.6429 13.3172 10.4291 8.53259 8.32757 7.38752 9.80111 6.68671 6.4021 14.3322 6.0779 5.29423 2.10855 1.94696 0.879283 0.00659209
threshold= 5.3736000000000006 3.5488500000000003 2.4469862317432325 7.3930000000000016 2.2352443515477258 2.7472725830126556 34.455000000000005 -117.77499999999999 -121.63499999999998 38.675000000000004 19.500000000000004 1.9628175980828908 37.935000000000009 -122.31499999999998 2.9742256672023202 3.442186331338819 -117.145 37.935000000000009 -122.38499999999998 38.500000000000007 21.500000000000004 34.455000000000005 -120.09499999999998 6.1273500000000007 9.1688500000000008 -121.48499999999999 34.525000000000013 -117.79499999999999 38.545000000000009 -117.50499999999998 2.2634687595142249 28.500000000000004 -117.16499999999998 -118.35499999999998 37.915000000000006 35.955000000000005
decision_type= 2 2 2 2 2 2 2 2 2 2 2 2 2 2 2 2 2 2 2 2 2 2 2 2 2 2 2 2 2 2 2 2 2 2 2 2
left_child=1 4 10 5 12 20 7 15 9 18 -3 -12 13 -1 19 33 21 32 -8 28 -2 -15 35 -7 31 34 27 -27 29 -4 -22 -5 -13 -6 -16 -10
right_child=3 2 14 24 6 23 8 -9 22 -11 11 17 -14 16 25 -17 -18 -19 -20 -21 30 -23 -24 -25 -26 26 -28 -29 -30 -31 -32 -33 -34 -35 -36 -37
leaf_value= 0.092989416968788999 0.052045038919895897 0.01041177175109661 0.013748776249939318 0.093417708384616924 0.026808145152560126 0.024650529043591204 0.026881508141892347 -0.054458118662703781 -0.01504851758818735 -0.068400079475694833 0.11757432532636243 0.064050024166334027 -0.041820831967120456 0.026519538946968482 0.01959211493369321 -0.031834183924686489 -0.04982270398953309 -0.0068163688929447665 -0.024914881262146252 0.039058151103908555 0.14028344238797824 -0.012026271379236798 -0.079374407888709336 0.0554166684171351 0.14975457677409348 -0.0041759861118538929 -0.047555761424315238 -0.03512368521986383 -0.032430825222761854 -0.027268223228346107 0.088597320827285622 0.13945475354283582 -0.038511147456509728 -0.0068061619362964794 -0.02713106589441593 -0.059103203617679095
leaf_weight=89 240 393 1239 298 240 639 205 1075 110 445 227 642 349 588 318 1148 162 118 711 370 120 350 868 544 304 817 341 408 185 239 457 191 21 865 131 1065
leaf_count=89 240 393 1239 298 240 639 205 1075 110 445 227 642 349 588 318 1148 162 118 711 370 120 350 868 544 304 817 341 408 185 239 457 191 21 865 131 1065
model_size=4064
internal_value=0 -0.0157236 0.0106396 0.077233 -0.0330939 0.0578561 -0.040208 -0.0284079 -0.0517447 -0.0313312 0.0501701 0.0656711 -0.00195474 0.00974691 -0.0030418 -0.0159783 0.00301183 0.0505852 -0.0133229 0.00933076 0.0854514 0.0121368 -0.0653437 0.0387983 0.126103 -0.0155249 -0.021685 -0.0144835 0.00271673 0.00711612 0.0993466 0.111399 0.0608015 0.000494683 0.00596018 -0.0549789
internal_weight=0 13719 5449 2793 8270 2000 6732 3328 3404 1361 1401 1008 1538 1189 4048 2253 1100 781 916 2033 817 938 2043 1183 793 2015 1566 1225 1663 1478 577 489 663 1105 449 1175
internal_count=16512 13719 5449 2793 8270 2000 6732 3328 3404 1361 1401 1008 1538 1189 4048 2253 1100 781 916 2033 817 938 2043 1183 793 2015 1566 1225 1663 1478 577 489 663 1105 449 1175
is_linear=0
shrinkage=0.1


Tree=7
num_leaves= 23
num_cat= 0
full_tree_array_lgbids= 0 2 1 5 3 4 7 -1 18 6 8 10 19 12 -9 -2147483648 -2147483648 -7 20 -4 13 9 17 -2 11 -6 -21 -3 -14 -2147483648 -2147483648 -2147483648 -2147483648 -2147483648 -2147483648 -2147483648 -2147483648 -20 -22 -2147483648 -2147483648 16 -15 14 15 21 -19 -2147483648 -2147483648 -12 -13 -2147483648 -2147483648 -2147483648 -2147483648 -2147483648 -2147483648 -2147483648 -2147483648 -2147483648 -2147483648 -2147483648 -2147483648 -2147483648 -2147483648 -2147483648 -2147483648 -2147483648 -2147483648 -2147483648 -2147483648 -2147483648 -2147483648 -2147483648 -2147483648 -2147483648 -2147483648 -2147483648 -2147483648 -2147483648 -2147483648 -2147483648 -2147483648 -8 -18 -2147483648 -2147483648 -5 -16 -11 -17 -10 -23 -2147483648 -2147483648 -2147483648 -2147483648 -2147483648 -2147483648 -2147483648 -2147483648 -2147483648 -2147483648 -2147483648 -2147483648 -2147483648 -2147483648 -2147483648 -2147483648 -2147483648 -2147483648 -2147483648 -2147483648 -2147483648 -2147483648 -2147483648 -2147483648 -2147483648 -2147483648 -2147483648 -2147483648 -2147483648 -2147483648 -2147483648 -2147483648 -2147483648 -2147483648
split_feature= 1 1 1 6 6 3 2 1 2 1 2 6 2 7 3 6 1 8 1 1 6 6
split_gain= 1634.92 405.396 300.941 235.493 125.558 68.8284 53.9269 47.7599 45.2478 26.9772 26.2928 25.7918 23.3425 22.493 21.904 18.0834 16.0282 15.707 11.3271 8.30778 3.36749 2.86804
threshold= 4.5301500000000017 6.3963500000000009 2.5894500000000007 2.2038024706228287 2.735488224282792 3.6482937607122259 24.500000000000004 8.0125000000000011 47.500000000000007 3.6265000000000005 21.500000000000004 2.1628386478062818 26.500000000000004 37.815000000000005 4.9749804381846641 2.8876678809691012 3.4105000000000003 -122.29499999999999 1.9486000000000003 5.6851000000000012 2.254419630548663 2.5827178004959954
decision_type= 2 2 2 2 2 2 2 2 2 2 2 2 2 2 2 2 2 2 2 2 2 2
left_child=2 4 5 6 10 -1 -4 12 9 14 -2 -12 -3 16 -5 -11 -8 21 -7 -6 -20 -10
right_child=1 7 3 8 19 18 13 -9 17 15 11 -13 -14 -15 -16 -17 -18 -19 20 -21 -22 -23
leaf_value= -0.013638314946715874 0.028134461492945292 0.05992353501483455 0.0028023106444102193 -0.015232320509619569 0.0057445340845479597 -0.061686226799659197 0.041852390267677717 0.1233684959316441 0.10837540068934043 0.0043748531977313978 0.11548687031591785 0.057522574047675482 0.10611810036689828 0.001463730065998706 -0.037938507693354884 -0.020631321236394176 0.090515308548327025 0.0010541627563477036 -0.018788437443250358 0.033115340277084841 -0.046893802862767758 0.027390168069315879
leaf_weight=872 433 522 472 1640 1465 1326 335 548 62 1220 169 771 342 132 1672 1267 290 315 376 526 1670 87
leaf_count=872 433 522 472 1640 1465 1326 335 548 62 1220 169 771 342 132 1672 1267 290 315 376 526 1670 87
model_size=2496
internal_value=0 0.0496361 -0.0201996 -0.00774113 0.0302865 -0.0421927 0.0339999 0.0957354 -0.0159321 -0.0188337 0.0553892 0.0679438 0.0782089 0.0534521 -0.0266951 -0.00836452 0.064432 0.0203325 -0.0495768 0.0129756 -0.0417288 0.0610887
internal_weight=0 4776 11736 7492 3364 4244 1229 1412 6263 5799 1373 940 864 757 3312 2487 625 464 3372 1991 2046 149
internal_count=16512 4776 11736 7492 3364 4244 1229 1412 6263 5799 1373 940 864 757 3312 2487 625 464 3372 1991 2046 149
is_linear=0
shrinkage=0.1


Tree=8
num_leaves= 31
num_cat= 0
full_tree_array_lgbids= 0 2 1 9 3 4 11 -1 21 12 5 22 20 17 -13 -2147483648 -2147483648 -11 -23 -4 16 8 6 -2 -24 23 -22 -3 -19 -2147483648 -2147483648 -2147483648 -2147483648 -2147483648 -2147483648 -2147483648 -2147483648 -2147483648 -2147483648 -2147483648 -2147483648 26 -18 14 25 7 10 -2147483648 -2147483648 -2147483648 -2147483648 24 -25 -2147483648 -2147483648 -2147483648 -2147483648 -2147483648 -2147483648 -2147483648 -2147483648 -2147483648 -2147483648 -2147483648 -2147483648 -2147483648 -2147483648 -2147483648 -2147483648 -2147483648 -2147483648 -2147483648 -2147483648 -2147483648 -2147483648 -2147483648 -2147483648 -2147483648 -2147483648 -2147483648 -2147483648 -2147483648 -2147483648 -14 27 -2147483648 -2147483648 29 15 28 -27 18 13 19 -12 -2147483648 -2147483648 -2147483648 -2147483648 -2147483648 -2147483648 -2147483648 -2147483648 -6 -26 -2147483648 -2147483648 -2147483648 -2147483648 -2147483648 -2147483648 -2147483648 -2147483648 -2147483648 -2147483648 -2147483648 -2147483648 -2147483648 -2147483648 -2147483648 -2147483648 -2147483648 -2147483648 -2147483648 -2147483648 -2147483648 -2147483648 -2147483648 -2147483648 -2147483648 -2147483648 -2147483648 -2147483648 -2147483648 -2147483648 -2147483648 -2147483648 -2147483648 -2147483648 -2147483648 -2147483648 -2147483648 -2147483648 -2147483648 -2147483648 -2147483648 -2147483648 -2147483648 -2147483648 -2147483648 -2147483648 -2147483648 -2147483648 -2147483648 -2147483648 -2147483648 -2147483648 -2147483648 -2147483648 -2147483648 -2147483648 -2147483648 -2147483648 -2147483648 -2147483648 -2147483648 -2147483648 -2147483648 -2147483648 -28 -29 -2147483648 -2147483648 -2147483648 -2147483648 -5 -31 -16 -17 -10 -30 -2147483648 -2147483648 -7 -20 -9 -15 -8 -21 -2147483648 -2147483648 -2147483648 -2147483648 -2147483648 -2147483648 -2147483648 -2147483648 -2147483648 -2147483648 -2147483648 -2147483648 -2147483648 -2147483648 -2147483648 -2147483648 -2147483648 -2147483648 -2147483648 -2147483648 -2147483648 -2147483648 -2147483648 -2147483648 -2147483648 -2147483648 -2147483648 -2147483648 -2147483648 -2147483648 -2147483648 -2147483648 -2147483648 -2147483648 -2147483648 -2147483648 -2147483648 -2147483648 -2147483648 -2147483648 -2147483648 -2147483648 -2147483648 -2147483648 -2147483648 -2147483648 -2147483648 -2147483648 -2147483648 -2147483648 -2147483648 -2147483648 -2147483648 -2147483648 -2147483648 -2147483648 -2147483648 -2147483648 -2147483648 -2147483648 -2147483648 -2147483648 -2147483648 -2147483648 -2147483648 -2147483648
split_feature= 1 1 1 6 6 8 7 8 7 3 8 1 2 8 8 7 1 6 6 7 6 7 2 7 8 7 8 7 8 7
split_gain= 1323.64 290.326 262.594 202.492 92.7192 57.6436 128.083 101.123 73.1835 48.1308 44.6243 38.9563 38.5663 27.6696 20.8165 24.0806 13.8697 12.6214 10.6929 9.52597 9.45141 5.77687 5.31854 4.08491 6.31241 3.65536 2.9663 10.9442 2.67924 2.26958
threshold= 4.6754000000000007 6.3350000000000009 2.5205000000000006 2.0653737590585881 2.5163636904584812 -121.85499999999998 34.455000000000005 -118.30499999999999 37.925000000000004 3.4845502266762112 -119.94499999999998 7.7055000000000016 19.500000000000004 -117.56499999999998 -122.31499999999998 37.57500000000001 3.9004500000000006 2.6529733204757315 2.6383313261073202 37.275000000000013 3.1424162072895592 35.335000000000008 21.500000000000004 37.955000000000005 -118.01499999999999 38.705000000000005 -122.33499999999999 37.57500000000001 -122.38499999999998 37.765000000000008
decision_type= 2 2 2 2 2 2 2 2 2 2 2 2 2 2 2 2 2 2 2 2 2 2 2 2 2 2 2 2 2 2
left_child=2 4 9 12 22 8 7 18 14 -1 19 17 -4 -9 29 -16 26 -3 -7 -8 23 -11 -2 24 -6 28 -14 -28 -10 -5
right_child=1 11 3 5 20 6 10 13 25 21 -12 -13 16 -15 15 -17 -18 -19 -20 -21 -22 -23 -24 -25 -26 -27 27 -29 -30 -31
leaf_value= -0.0093808276129625345 0.035113348813164129 0.0953317094389554 -0.00024913067677000285 0.041157619161691215 0.042119590406843432 0.050542232441609047 -0.0012940838702370802 -0.0067760596970229932 0.018231364920681156 -0.035329259697688346 -0.06998935456906602 0.10720523395339276 0.10061678686902407 -0.034396766255553213 0.039087650243388374 -0.014033288104439707 0.099035534842991504 0.0516306126007035 0.010550714666489026 -0.037120272369848932 0.0015996535364344649 -0.053783062551386124 0.077258669915265948 -0.0065591777959675759 0.0086936929410932444 -0.051728472661385999 0.049129717710350768 -0.016147849738898903 -0.029755417579924899 0.10508904065995749
leaf_weight=649 224 273 273 233 834 353 316 1926 189 1499 551 670 66 977 324 327 147 531 478 1074 802 1763 475 206 364 205 356 99 249 79
leaf_count=649 224 273 273 233 834 353 316 1926 189 1499 551 670 66 977 324 327 147 531 478 1074 802 1763 475 206 364 205 356 99 249 79
model_size=3392
internal_value=0 0.0475123 -0.017148 -0.00659084 0.0284982 -0.0125274 -0.0180814 -0.00636628 0.00709811 -0.0393419 -0.0406184 0.0849857 0.0393437 -0.0160718 0.026965 0.0124048 0.0555247 0.0664694 0.0275387 -0.0289756 0.0173273 -0.0453029 0.0637529 0.0263113 0.0319635 -0.0226558 0.0432481 0.0349265 -0.00904879 0.0573454
internal_weight=0 4379 12133 8222 2905 7281 5675 3734 1606 3911 1941 1474 941 2903 963 651 668 804 831 1390 2206 3262 699 1404 1198 643 521 455 438 312
internal_count=16512 4379 12133 8222 2905 7281 5675 3734 1606 3911 1941 1474 941 2903 963 651 668 804 831 1390 2206 3262 699 1404 1198 643 521 455 438 312
is_linear=0
shrinkage=0.1


Tree=9
num_leaves= 24
num_cat= 0
full_tree_array_lgbids= 0 1 3 4 2 6 -5 16 5 7 10 17 -8 -2147483648 -2147483648 -1 19 9 13 -3 8 22 11 18 -19 -2147483648 -2147483648 -2147483648 -2147483648 -2147483648 -2147483648 -2147483648 -2147483648 -18 -21 -6 -11 -7 -15 -2147483648 -2147483648 15 -10 -4 -24 12 -13 21 -20 -2147483648 -2147483648 -2147483648 -2147483648 -2147483648 -2147483648 -2147483648 -2147483648 -2147483648 -2147483648 -2147483648 -2147483648 -2147483648 -2147483648 -2147483648 -2147483648 -2147483648 -2147483648 -2147483648 -2147483648 -2147483648 -2147483648 -2147483648 -2147483648 -2147483648 -2147483648 -2147483648 -2147483648 -2147483648 -2147483648 -2147483648 -2147483648 -2147483648 -2147483648 -9 -17 -2147483648 -2147483648 -2147483648 -2147483648 -2147483648 -2147483648 14 20 -2147483648 -2147483648 -2 -23 -2147483648 -2147483648 -2147483648 -2147483648 -2147483648 -2147483648 -2147483648 -2147483648 -2147483648 -2147483648 -2147483648 -2147483648 -2147483648 -2147483648 -2147483648 -2147483648 -2147483648 -2147483648 -2147483648 -2147483648 -2147483648 -2147483648 -2147483648 -2147483648 -2147483648 -2147483648 -2147483648 -2147483648 -2147483648 -2147483648 -2147483648 -2147483648 -2147483648 -2147483648 -2147483648 -2147483648 -2147483648 -2147483648 -2147483648 -2147483648 -2147483648 -2147483648 -2147483648 -2147483648 -2147483648 -2147483648 -2147483648 -2147483648 -2147483648 -2147483648 -2147483648 -2147483648 -2147483648 -2147483648 -2147483648 -2147483648 -2147483648 -2147483648 -2147483648 -2147483648 -2147483648 -2147483648 -2147483648 -2147483648 -2147483648 -2147483648 -2147483648 -2147483648 -2147483648 -2147483648 -2147483648 -2147483648 -2147483648 -2147483648 -2147483648 -2147483648 -2147483648 -2147483648 -2147483648 -2147483648 -2147483648 -2147483648 -2147483648 -2147483648 -2147483648 -2147483648 -12 -16 -14 -22 -2147483648 -2147483648 -2147483648 -2147483648 -2147483648 -2147483648 -2147483648 -2147483648 -2147483648 -2147483648 -2147483648 -2147483648 -2147483648 -2147483648 -2147483648 -2147483648 -2147483648 -2147483648 -2147483648 -2147483648 -2147483648 -2147483648 -2147483648 -2147483648 -2147483648 -2147483648 -2147483648 -2147483648 -2147483648 -2147483648 -2147483648 -2147483648 -2147483648 -2147483648 -2147483648 -2147483648 -2147483648 -2147483648 -2147483648 -2147483648 -2147483648 -2147483648 -2147483648 -2147483648 -2147483648 -2147483648 -2147483648 -2147483648 -2147483648 -2147483648 -2147483648 -2147483648 -2147483648 -2147483648 -2147483648 -2147483648 -2147483648 -2147483648 -2147483648 -2147483648 -2147483648 -2147483648 -2147483648 -2147483648 -2147483648 -2147483648 -2147483648 -2147483648
split_feature= 1 1 6 1 6 1 6 2 7 3 8 7 8 3 6 6 2 7 8 7 7 4 7
split_gain= 1078.1 361.7 163.829 84.0409 76.51 43.7356 39.0721 35.8304 28.5248 21.853 21.2559 20.9736 30.5704 19.4095 18.6676 14.4712 7.06805 6.14207 12.5746 5.71219 3.87733 3.08125 2.14803
threshold= 5.6042500000000013 3.4883000000000002 2.4469862317432325 7.7055000000000016 2.0376051459673437 2.2210000000000005 3.0089663118548242 16.500000000000004 37.815000000000005 3.3133866958124387 -122.26499999999999 37.595000000000006 -117.79499999999999 4.7252880533656763 3.0004492362982935 2.0653737590585881 27.500000000000004 38.155000000000008 -117.83499999999999 37.995000000000012 33.835000000000008 1.0423757776567768 38.895000000000003
decision_type= 2 2 2 2 2 2 2 2 2 2 2 2 2 2 2 2 2 2 2 2 2 2 2
left_child=1 4 7 6 16 9 17 -3 15 -6 22 12 14 -7 -12 -9 -1 18 21 -18 -14 -2 -4
right_child=3 2 10 -5 5 13 -8 8 -10 -11 11 -13 20 -15 -16 -17 19 -19 -20 -21 -22 -23 -24
leaf_value= -0.011478468804283347 0.063409889433732644 -0.00021818582138409781 0.035758282898862077 0.096484708887900228 -0.0079267166044903106 -0.011253246077722847 0.0249443896941236 0.08262298926515016 0.0056120694104817908 -0.04761051209452536 0.020179220864103821 -0.026263659676542168 -0.0072723886635454402 -0.030527979641186427 -0.0056201834786462563 0.042781929334706224 0.035796385425047809 -0.0090901879235528987 0.02812719617541979 -0.036006223204348126 -0.044559596914826249 0.10024185345431519 -0.05529833218703667
leaf_weight=470 548 318 393 670 329 2056 649 380 233 2143 1239 798 472 2575 1273 626 372 52 187 66 330 300 33
leaf_count=470 548 318 393 670 329 2056 649 380 233 2143 1239 798 472 2575 1273 626 372 52 187 66 330 300 33
model_size=2608
internal_value=0 -0.0106651 0.00826851 0.0625278 -0.0250703 -0.0290558 0.0494223 0.0381609 0.0480112 -0.042329 -0.00198764 -0.00516733 -8.7409e-05 -0.0219707 0.00710492 0.0578312 0.00610679 0.064037 0.0677111 0.0249768 -0.022615 0.0764401 0.0287046
internal_weight=0 14106 6095 2406 8011 7103 1736 1557 1239 2472 4538 4112 3314 4631 2512 1006 908 1087 1035 438 802 848 426
internal_count=16512 14106 6095 2406 8011 7103 1736 1557 1239 2472 4538 4112 3314 4631 2512 1006 908 1087 1035 438 802 848 426
is_linear=0
shrinkage=0.1


Tree=10
num_leaves= 20
num_cat= 0
full_tree_array_lgbids= 0 2 1 7 3 4 10 18 -9 5 13 11 -6 -3 -12 -1 -20 -2147483648 -2147483648 6 -7 14 -15 -2 12 -2147483648 -2147483648 -2147483648 -2147483648 -2147483648 -2147483648 -2147483648 -2147483648 -2147483648 -2147483648 -2147483648 -2147483648 -2147483648 -2147483648 -4 8 -2147483648 -2147483648 17 15 -2147483648 -2147483648 -2147483648 -2147483648 -13 -14 -2147483648 -2147483648 -2147483648 -2147483648 -2147483648 -2147483648 -2147483648 -2147483648 -2147483648 -2147483648 -2147483648 -2147483648 -2147483648 -2147483648 -2147483648 -2147483648 -2147483648 -2147483648 -2147483648 -2147483648 -2147483648 -2147483648 -2147483648 -2147483648 -2147483648 -2147483648 -2147483648 -2147483648 -2147483648 -2147483648 9 -10 -2147483648 -2147483648 -2147483648 -2147483648 -5 -19 16 -17 -2147483648 -2147483648 -2147483648 -2147483648 -2147483648 -2147483648 -2147483648 -2147483648 -2147483648 -2147483648 -2147483648 -2147483648 -2147483648 -2147483648 -2147483648 -2147483648 -2147483648 -2147483648 -2147483648 -2147483648 -2147483648 -2147483648 -2147483648 -2147483648 -2147483648 -2147483648 -2147483648 -2147483648 -2147483648 -2147483648 -2147483648 -2147483648 -2147483648 -2147483648 -2147483648 -2147483648 -2147483648 -2147483648 -2147483648 -2147483648 -2147483648 -2147483648 -2147483648 -2147483648 -2147483648 -2147483648 -2147483648 -2147483648 -2147483648 -2147483648 -2147483648 -2147483648 -2147483648 -2147483648 -2147483648 -2147483648 -2147483648 -2147483648 -2147483648 -2147483648 -2147483648 -2147483648 -2147483648 -2147483648 -2147483648 -2147483648 -2147483648 -2147483648 -2147483648 -2147483648 -2147483648 -2147483648 -8 -11 -2147483648 -2147483648 -2147483648 -2147483648 -2147483648 -2147483648 -2147483648 -2147483648 -2147483648 -2147483648 -2147483648 -2147483648 -2147483648 -2147483648 -16 -18 -2147483648 -2147483648 -2147483648 -2147483648 -2147483648 -2147483648 -2147483648 -2147483648 -2147483648 -2147483648 -2147483648 -2147483648 -2147483648 -2147483648 -2147483648 -2147483648 -2147483648 -2147483648 -2147483648 -2147483648 -2147483648 -2147483648 -2147483648 -2147483648 -2147483648 -2147483648 -2147483648 -2147483648 -2147483648 -2147483648 -2147483648 -2147483648 -2147483648 -2147483648 -2147483648 -2147483648 -2147483648 -2147483648 -2147483648 -2147483648 -2147483648 -2147483648 -2147483648 -2147483648 -2147483648 -2147483648 -2147483648 -2147483648 -2147483648 -2147483648 -2147483648 -2147483648 -2147483648 -2147483648 -2147483648 -2147483648 -2147483648 -2147483648 -2147483648 -2147483648 -2147483648 -2147483648 -2147483648 -2147483648 -2147483648 -2147483648 -2147483648 -2147483648 -2147483648 -2147483648 -2147483648 -2147483648 -2147483648 -2147483648
split_feature= 1 1 1 6 6 7 8 3 8 7 2 2 4 8 7 8 7 6 6
split_gain= 885.885 201.83 151.46 119.919 67.1996 39.1526 40.1707 33.2058 17.648 22.084 14.8087 4.6979 8.25256 2.95689 6.8122 41.2525 16.2222 5.39375 1.89558
threshold= 4.5301500000000017 6.5626000000000007 2.7820000000000005 2.5288691539219195 2.689174240612294 37.965000000000011 -122.40499999999999 4.2015099382944241 -117.145 34.525000000000013 21.500000000000004 21.500000000000004 1.0444603857803287 -117.79499999999999 34.525000000000013 -120.09499999999998 37.895000000000003 3.253673235601747 2.8335312747426764
decision_type= 2 2 2 2 2 2 2 2 2 2 2 2 2 2 2 2 2 2 2
left_child=2 4 7 5 11 6 -4 18 9 -8 -3 -2 -13 14 17 16 -16 -5 -1
right_child=1 10 3 13 -6 -7 8 -9 -10 -11 -12 12 -14 -15 15 -17 -18 -19 -20
leaf_value= -0.0018644691086083184 0.022466690834388695 0.05206831614530151 0.082291392677259698 0.011430254635846971 0.011204575841182802 -0.020180929490145515 0.035211208784866631 -0.037591676759341566 -0.036461199348559604 0.00032493989266260513 0.087307408927970884 0.039742260037863589 0.079117353096265067 -0.03202027632369514 0.0034695038800166989 -0.061470651647051122 -0.028495978659697042 -0.015556648678217044 -0.025045684623055803
leaf_weight=800 401 538 169 866 2200 404 1011 3058 132 610 750 548 339 774 832 318 756 768 1238
leaf_count=800 401 538 169 866 2200 404 1011 3058 132 610 750 548 339 774 832 318 756 768 1238
model_size=2160
internal_value=0 0.036799 -0.0149755 -0.00426183 0.0235834 0.0157945 0.0233565 -0.0289351 0.0176748 0.0220831 0.072588 0.0447272 0.0547909 -0.0150757 -0.0113709 -0.0200441 -0.0117483 -0.00125392 -0.0159461
internal_weight=0 4776 11736 6640 3488 2326 1922 5096 1753 1621 1288 1288 887 4314 3540 1906 1588 1634 2038
internal_count=16512 4776 11736 6640 3488 2326 1922 5096 1753 1621 1288 1288 887 4314 3540 1906 1588 1634 2038
is_linear=0
shrinkage=0.1


Tree=11
num_leaves= 24
num_cat= 0
full_tree_array_lgbids= 0 2 1 9 4 3 5 -1 14 7 6 11 8 10 -7 -2147483648 -2147483648 15 -16 -4 -9 16 -8 -2 22 -5 12 -3 -12 -2147483648 -2147483648 -2147483648 -2147483648 -2147483648 -2147483648 -11 -17 -2147483648 -2147483648 -2147483648 -2147483648 -2147483648 -2147483648 18 17 -2147483648 -2147483648 -2147483648 -2147483648 -13 -24 -2147483648 -2147483648 13 -14 -2147483648 -2147483648 -2147483648 -2147483648 -2147483648 -2147483648 -2147483648 -2147483648 -2147483648 -2147483648 -2147483648 -2147483648 -2147483648 -2147483648 -2147483648 -2147483648 -2147483648 -2147483648 -2147483648 -2147483648 -2147483648 -2147483648 -2147483648 -2147483648 -2147483648 -2147483648 -2147483648 -2147483648 -2147483648 -2147483648 -2147483648 -2147483648 20 -20 19 21 -2147483648 -2147483648 -2147483648 -2147483648 -2147483648 -2147483648 -2147483648 -2147483648 -2147483648 -2147483648 -2147483648 -2147483648 -2147483648 -2147483648 -2147483648 -2147483648 -10 -15 -2147483648 -2147483648 -2147483648 -2147483648 -2147483648 -2147483648 -2147483648 -2147483648 -2147483648 -2147483648 -2147483648 -2147483648 -2147483648 -2147483648 -2147483648 -2147483648 -2147483648 -2147483648 -2147483648 -2147483648 -2147483648 -2147483648 -2147483648 -2147483648 -2147483648 -2147483648 -2147483648 -2147483648 -2147483648 -2147483648 -2147483648 -2147483648 -2147483648 -2147483648 -2147483648 -2147483648 -2147483648 -2147483648 -2147483648 -2147483648 -2147483648 -2147483648 -2147483648 -2147483648 -2147483648 -2147483648 -2147483648 -2147483648 -2147483648 -2147483648 -2147483648 -2147483648 -2147483648 -2147483648 -2147483648 -2147483648 -2147483648 -2147483648 -2147483648 -2147483648 -2147483648 -2147483648 -2147483648 -2147483648 -2147483648 -2147483648 -6 -22 -2147483648 -2147483648 -18 -21 -19 -23 -2147483648 -2147483648 -2147483648 -2147483648 -2147483648 -2147483648 -2147483648 -2147483648 -2147483648 -2147483648 -2147483648 -2147483648 -2147483648 -2147483648 -2147483648 -2147483648 -2147483648 -2147483648 -2147483648 -2147483648 -2147483648 -2147483648 -2147483648 -2147483648 -2147483648 -2147483648 -2147483648 -2147483648 -2147483648 -2147483648 -2147483648 -2147483648 -2147483648 -2147483648 -2147483648 -2147483648 -2147483648 -2147483648 -2147483648 -2147483648 -2147483648 -2147483648 -2147483648 -2147483648 -2147483648 -2147483648 -2147483648 -2147483648 -2147483648 -2147483648 -2147483648 -2147483648 -2147483648 -2147483648 -2147483648 -2147483648 -2147483648 -2147483648 -2147483648 -2147483648 -2147483648 -2147483648 -2147483648 -2147483648 -2147483648 -2147483648 -2147483648 -2147483648 -2147483648 -2147483648 -2147483648 -2147483648
split_feature= 1 1 6 6 1 1 2 3 8 1 2 2 7 8 8 7 7 8 8 7 6 8 6
split_gain= 722.71 208.516 93.016 84.2393 55.7759 17.4366 16.5336 16.0997 13.6728 12.873 11.3299 11.1616 11.117 8.52593 6.32378 8.53139 4.7361 50.6168 30.2042 21.4133 14.6179 2.8736 1.51188
threshold= 4.125700000000001 6.2770500000000009 2.0376051459673437 2.4469862317432325 2.3756000000000004 8.7395500000000013 51.500000000000007 3.0522493994321906 -122.21499999999999 2.5510500000000005 27.500000000000004 16.500000000000004 37.615000000000002 -117.77499999999999 -117.895 37.815000000000005 34.455000000000005 -121.56499999999998 -117.60499999999998 38.675000000000004 3.4287187039764357 -119.94499999999998 2.0653737590585881
decision_type= 2 2 2 2 2 2 2 2 2 2 2 2 2 2 2 2 2 2 2 2 2 2 2
left_child=2 3 9 11 7 10 16 -4 -5 -1 -3 -2 13 -10 15 -11 18 19 20 -18 -6 -19 -13
right_child=1 5 4 8 6 -7 -8 -9 12 14 -12 22 -14 -15 -16 -17 17 21 -20 -21 -22 -23 -24
leaf_value= -0.0091543957798017397 0.01020609779606603 0.038784763801059843 0.0062211889225204505 0.040030203313850189 0.0099513465401686596 0.091541957401045385 0.019814819087976145 -0.03673459357652703 0.015593024546986132 0.050750297516247579 0.075088888386045813 0.085217346807101954 -0.019407800746614173 -0.011693102904771815 -0.01291278006990234 -0.0095379080925716876 0.0045105612794770723 -0.027905318443277639 -0.030010251287495709 -0.040921247804550399 -0.01797889990252571 -0.056104017971031497 0.044259263245664468
leaf_weight=441 219 728 242 345 1412 365 355 2772 2039 459 443 224 516 580 149 116 1055 1026 862 287 799 537 541
leaf_count=441 219 728 242 345 1412 365 355 2772 2039 459 443 224 516 580 149 116 1055 1026 862 287 799 537 541
model_size=2608
internal_value=0 0.0281648 -0.0160758 0.0165941 -0.0198155 0.061792 -0.0134048 -0.0332856 0.00827821 0.0139287 0.0525189 0.0460041 0.00478397 0.00955028 0.0279889 0.0385878 -0.0153776 -0.0226315 -0.00852023 -0.00520548 -0.000141945 -0.0375935 0.0562522
internal_weight=0 6000 10512 4464 9347 1536 6333 3014 3480 1165 1171 984 3135 2619 724 575 5978 2905 3073 1342 2211 1563 765
internal_count=16512 6000 10512 4464 9347 1536 6333 3014 3480 1165 1171 984 3135 2619 724 575 5978 2905 3073 1342 2211 1563 765
is_linear=0
shrinkage=0.1


Tree=12
num_leaves= 17
num_cat= 0
full_tree_array_lgbids= 0 1 3 4 2 5 -5 -1 8 6 -4 14 -7 -2147483648 -2147483648 -2147483648 -2147483648 9 10 7 -8 -2147483648 -2147483648 15 -16 -2147483648 -2147483648 -2147483648 -2147483648 -2147483648 -2147483648 -2147483648 -2147483648 -2147483648 -2147483648 -6 -11 11 -12 12 -9 -2147483648 -2147483648 -2147483648 -2147483648 -2147483648 -2147483648 -2 -17 -2147483648 -2147483648 -2147483648 -2147483648 -2147483648 -2147483648 -2147483648 -2147483648 -2147483648 -2147483648 -2147483648 -2147483648 -2147483648 -2147483648 -2147483648 -2147483648 -2147483648 -2147483648 -2147483648 -2147483648 -2147483648 -2147483648 -2147483648 -2147483648 -2147483648 -2147483648 -10 -13 -2147483648 -2147483648 -3 13 -2147483648 -2147483648 -2147483648 -2147483648 -2147483648 -2147483648 -2147483648 -2147483648 -2147483648 -2147483648 -2147483648 -2147483648 -2147483648 -2147483648 -2147483648 -2147483648 -2147483648 -2147483648 -2147483648 -2147483648 -2147483648 -2147483648 -2147483648 -2147483648 -2147483648 -2147483648 -2147483648 -2147483648 -2147483648 -2147483648 -2147483648 -2147483648 -2147483648 -2147483648 -2147483648 -2147483648 -2147483648 -2147483648 -2147483648 -2147483648 -2147483648 -2147483648 -2147483648 -2147483648 -2147483648 -2147483648 -2147483648 -2147483648 -2147483648 -2147483648 -2147483648 -2147483648 -2147483648 -2147483648 -2147483648 -2147483648 -2147483648 -2147483648 -2147483648 -2147483648 -2147483648 -2147483648 -2147483648 -2147483648 -2147483648 -2147483648 -2147483648 -2147483648 -2147483648 -2147483648 -2147483648 -2147483648 -2147483648 -2147483648 -2147483648 -2147483648 -2147483648 -2147483648 -2147483648 -2147483648 -14 -15 -2147483648 -2147483648 -2147483648 -2147483648 -2147483648 -2147483648 -2147483648 -2147483648 -2147483648 -2147483648 -2147483648 -2147483648 -2147483648 -2147483648 -2147483648 -2147483648 -2147483648 -2147483648 -2147483648 -2147483648 -2147483648 -2147483648 -2147483648 -2147483648 -2147483648 -2147483648 -2147483648 -2147483648 -2147483648 -2147483648 -2147483648 -2147483648 -2147483648 -2147483648 -2147483648 -2147483648 -2147483648 -2147483648 -2147483648 -2147483648 -2147483648 -2147483648 -2147483648 -2147483648 -2147483648 -2147483648 -2147483648 -2147483648 -2147483648 -2147483648 -2147483648 -2147483648 -2147483648 -2147483648 -2147483648 -2147483648 -2147483648 -2147483648 -2147483648 -2147483648 -2147483648 -2147483648 -2147483648 -2147483648 -2147483648 -2147483648 -2147483648 -2147483648 -2147483648 -2147483648 -2147483648 -2147483648 -2147483648 -2147483648 -2147483648 -2147483648 -2147483648 -2147483648 -2147483648 -2147483648 -2147483648 -2147483648 -2147483648 -2147483648 -2147483648 -2147483648 -2147483648 -2147483648 -2147483648 -2147483648 -2147483648 -2147483648
split_feature= 1 1 6 1 6 6 7 8 7 8 8 7 8 7 7 8
split_gain= 596.904 153.043 91.0749 57.858 25.4989 23.836 22.4989 20.9611 14.2132 31.582 21.508 20.4602 3.57101 6.79976 0.923995 7.77434
threshold= 5.2771000000000017 3.3277500000000004 2.5763869593405579 7.2638000000000007 2.0376051459673437 2.9432978723404259 37.935000000000009 -117.16499999999998 34.455000000000005 -118.29499999999999 -121.675 37.895000000000003 -122.31499999999998 34.175000000000004 37.955000000000005 -117.85499999999998
decision_type= 2 2 2 2 2 2 2 2 2 2 2 2 2 2 2 2
left_child=1 4 6 5 -1 14 7 12 9 -6 11 -10 -3 -14 15 -2
right_child=3 2 -4 -5 8 -7 -8 -9 10 -11 -12 -13 13 -15 -16 -17
leaf_value= 0.0036622908336512851 0.057514817076808944 0.069882833224792898 -0.0065108115766933363 0.067824599749657752 0.012113049175464907 0.013089335833831464 -0.012227709781819571 -0.03570460417795749 0.0043262647543857637 -0.021263405739305657 -0.039624874340019926 -0.032978062464465267 0.041009844592605156 0.010744239624575651 -0.0016276170276742206 0.013281614088228644
leaf_weight=847 884 195 3986 854 650 913 336 105 631 2531 2060 711 863 614 117 215
leaf_count=847 884 195 3986 854 650 913 336 105 631 2531 2060 711 863 614 117 215
model_size=1824
internal_value=0 -0.00911974 0.00357534 0.0413614 -0.0195406 0.0307463 0.022602 0.0291877 -0.022526 -0.0144433 -0.0300837 -0.0154378 0.0332629 0.0284282 0.0440035 0.0488614
internal_weight=0 13529 6099 2983 7430 2129 2113 1777 6583 3181 3402 1342 1672 1477 1216 1099
internal_count=16512 13529 6099 2983 7430 2129 2113 1777 6583 3181 3402 1342 1672 1477 1216 1099
is_linear=0
shrinkage=0.1


Tree=13
num_leaves= 23
num_cat= 0
full_tree_array_lgbids= 0 1 4 3 2 9 -6 5 11 15 10 -2 -11 -2147483648 -2147483648 6 -7 12 13 -3 -17 -4 16 -2147483648 -2147483648 -2147483648 -2147483648 -2147483648 -2147483648 -2147483648 -2147483648 7 -8 -2147483648 -2147483648 -5 -14 14 -15 -2147483648 -2147483648 -2147483648 -2147483648 -2147483648 -2147483648 18 17 -2147483648 -2147483648 -2147483648 -2147483648 -2147483648 -2147483648 -2147483648 -2147483648 -2147483648 -2147483648 -2147483648 -2147483648 -2147483648 -2147483648 -2147483648 -2147483648 20 8 -2147483648 -2147483648 -2147483648 -2147483648 -2147483648 -2147483648 -2147483648 -2147483648 -2147483648 -2147483648 -13 -16 -2147483648 -2147483648 -2147483648 -2147483648 -2147483648 -2147483648 -2147483648 -2147483648 -2147483648 -2147483648 -2147483648 -2147483648 -2147483648 -2147483648 21 -20 19 -19 -2147483648 -2147483648 -2147483648 -2147483648 -2147483648 -2147483648 -2147483648 -2147483648 -2147483648 -2147483648 -2147483648 -2147483648 -2147483648 -2147483648 -2147483648 -2147483648 -2147483648 -2147483648 -2147483648 -2147483648 -2147483648 -2147483648 -2147483648 -2147483648 -2147483648 -2147483648 -2147483648 -2147483648 -2147483648 -2147483648 -2147483648 -2147483648 -1 -22 -9 -10 -2147483648 -2147483648 -2147483648 -2147483648 -2147483648 -2147483648 -2147483648 -2147483648 -2147483648 -2147483648 -2147483648 -2147483648 -2147483648 -2147483648 -2147483648 -2147483648 -2147483648 -2147483648 -2147483648 -2147483648 -2147483648 -2147483648 -2147483648 -2147483648 -2147483648 -2147483648 -2147483648 -2147483648 -2147483648 -2147483648 -2147483648 -2147483648 -2147483648 -2147483648 -2147483648 -2147483648 -2147483648 -2147483648 -2147483648 -2147483648 -2147483648 -2147483648 -2147483648 -2147483648 -2147483648 -2147483648 -2147483648 -2147483648 -2147483648 -2147483648 -2147483648 -2147483648 -12 -23 -2147483648 -2147483648 -18 -21 -2147483648 -2147483648 -2147483648 -2147483648 -2147483648 -2147483648 -2147483648 -2147483648 -2147483648 -2147483648 -2147483648 -2147483648 -2147483648 -2147483648 -2147483648 -2147483648 -2147483648 -2147483648 -2147483648 -2147483648 -2147483648 -2147483648 -2147483648 -2147483648 -2147483648 -2147483648 -2147483648 -2147483648 -2147483648 -2147483648 -2147483648 -2147483648 -2147483648 -2147483648 -2147483648 -2147483648 -2147483648 -2147483648 -2147483648 -2147483648 -2147483648 -2147483648 -2147483648 -2147483648 -2147483648 -2147483648 -2147483648 -2147483648 -2147483648 -2147483648 -2147483648 -2147483648 -2147483648 -2147483648 -2147483648 -2147483648 -2147483648 -2147483648 -2147483648 -2147483648 -2147483648 -2147483648 -2147483648 -2147483648 -2147483648 -2147483648
split_feature= 1 1 6 6 1 7 8 7 8 6 8 7 8 8 7 2 7 8 8 7 8 6
split_gain= 480.543 147.17 59.6597 36.7868 22.0304 18.0639 27.1056 21.2989 26.0467 15.3223 9.87219 7.70204 15.793 7.67914 7.11069 5.05123 2.08399 55.8877 37.0658 23.1629 1.59655 1.4675
threshold= 5.6042500000000013 3.6530500000000008 2.3055777777777782 2.4839226633581473 8.2050500000000017 37.895000000000003 -118.26499999999999 34.155000000000008 -122.31499999999998 2.5949646725452555 -122.24499999999999 34.715000000000011 -117.79499999999999 -120.56499999999998 37.895000000000003 16.500000000000004 34.525000000000013 -119.94499999999998 -118.22499999999998 37.485000000000007 -118.37499999999999 2.9069418255464767
decision_type= 2 2 2 2 2 2 2 2 2 2 2 2 2 2 2 2 2 2 2 2 2 2
left_child=1 3 15 5 9 6 7 20 -9 -2 -4 12 -5 14 -13 -3 18 19 21 -18 -1 -12
right_child=4 2 10 11 -6 -7 -8 8 -10 -11 16 13 -14 -15 -16 -17 17 -19 -20 -21 -22 -23
leaf_value= 0.095316039806864455 0.058751835280388846 0.0007989617487923666 0.026993746601528645 -0.0069603660136398409 0.070664259484343739 -0.023520121129842132 -0.015037226893319714 0.065546184830822571 -0.0032733190383959464 0.025934445806161707 0.047435796193080026 -0.0077637431974816639 -0.031903681420907007 -0.046576957588055828 -0.034579764986345941 0.045206281296559611 0.022708294879746117 -0.068354705207278585 -0.0057103137229961107 -0.01811918363165553 0.029716378139685196 0.0077341052207187322
leaf_weight=106 546 209 489 2206 487 793 818 131 748 1373 400 862 992 858 1042 700 476 228 1738 810 174 326
leaf_count=106 546 209 489 2206 487 793 818 131 748 1373 400 862 992 858 1042 700 476 228 1738 810 174 326
model_size=2496
internal_value=0 -0.00723805 0.00690665 -0.0159485 0.0424356 -0.00344392 0.00460891 0.0184748 0.00698306 0.0352718 0.00119069 -0.0217602 -0.0146976 -0.0299375 -0.0224393 0.034996 -0.00198118 -0.0128483 0.00469607 -0.0030073 0.0545505 0.0296083
internal_weight=0 14106 5376 8730 2406 2770 1977 1159 879 1919 4467 5960 3198 2762 1904 909 3978 1514 2464 1286 280 726
internal_count=16512 14106 5376 8730 2406 2770 1977 1159 879 1919 4467 5960 3198 2762 1904 909 3978 1514 2464 1286 280 726
is_linear=0
shrinkage=0.1


Tree=14
num_leaves= 12
num_cat= 0
full_tree_array_lgbids= 0 1 2 9 3 4 -4 -1 -11 5 -5 -2 10 -2147483648 -2147483648 -2147483648 -2147483648 -2147483648 -2147483648 6 -7 -2147483648 -2147483648 -2147483648 -2147483648 -6 -12 -2147483648 -2147483648 -2147483648 -2147483648 -2147483648 -2147483648 -2147483648 -2147483648 -2147483648 -2147483648 -2147483648 -2147483648 -3 7 -2147483648 -2147483648 -2147483648 -2147483648 -2147483648 -2147483648 -2147483648 -2147483648 -2147483648 -2147483648 -2147483648 -2147483648 -2147483648 -2147483648 -2147483648 -2147483648 -2147483648 -2147483648 -2147483648 -2147483648 -2147483648 -2147483648 -2147483648 -2147483648 -2147483648 -2147483648 -2147483648 -2147483648 -2147483648 -2147483648 -2147483648 -2147483648 -2147483648 -2147483648 -2147483648 -2147483648 -2147483648 -2147483648 -2147483648 -2147483648 8 -9 -2147483648 -2147483648 -2147483648 -2147483648 -2147483648 -2147483648 -2147483648 -2147483648 -2147483648 -2147483648 -2147483648 -2147483648 -2147483648 -2147483648 -2147483648 -2147483648 -2147483648 -2147483648 -2147483648 -2147483648 -2147483648 -2147483648 -2147483648 -2147483648 -2147483648 -2147483648 -2147483648 -2147483648 -2147483648 -2147483648 -2147483648 -2147483648 -2147483648 -2147483648 -2147483648 -2147483648 -2147483648 -2147483648 -2147483648 -2147483648 -2147483648 -2147483648 -2147483648 -2147483648 -2147483648 -2147483648 -2147483648 -2147483648 -2147483648 -2147483648 -2147483648 -2147483648 -2147483648 -2147483648 -2147483648 -2147483648 -2147483648 -2147483648 -2147483648 -2147483648 -2147483648 -2147483648 -2147483648 -2147483648 -2147483648 -2147483648 -2147483648 -2147483648 -2147483648 -2147483648 -2147483648 -2147483648 -2147483648 -2147483648 -2147483648 -2147483648 -2147483648 -2147483648 -2147483648 -2147483648 -8 -10 -2147483648 -2147483648 -2147483648 -2147483648 -2147483648 -2147483648 -2147483648 -2147483648 -2147483648 -2147483648 -2147483648 -2147483648 -2147483648 -2147483648 -2147483648 -2147483648 -2147483648 -2147483648 -2147483648 -2147483648 -2147483648 -2147483648 -2147483648 -2147483648 -2147483648 -2147483648 -2147483648 -2147483648 -2147483648 -2147483648 -2147483648 -2147483648 -2147483648 -2147483648 -2147483648 -2147483648 -2147483648 -2147483648 -2147483648 -2147483648 -2147483648 -2147483648 -2147483648 -2147483648 -2147483648 -2147483648 -2147483648 -2147483648 -2147483648 -2147483648 -2147483648 -2147483648 -2147483648 -2147483648 -2147483648 -2147483648 -2147483648 -2147483648 -2147483648 -2147483648 -2147483648 -2147483648 -2147483648 -2147483648 -2147483648 -2147483648 -2147483648 -2147483648 -2147483648 -2147483648 -2147483648 -2147483648 -2147483648 -2147483648 -2147483648 -2147483648 -2147483648 -2147483648 -2147483648 -2147483648 -2147483648 -2147483648 -2147483648 -2147483648 -2147483648 -2147483648 -2147483648 -2147483648 -2147483648 -2147483648
split_feature= 1 1 1 6 6 7 8 8 7 3 6
split_gain= 389.302 68.0251 65.9281 52.1931 27.0609 17.2079 25.3888 10.0438 29.3022 3.34708 0.498876
threshold= 4.6754000000000007 2.5044000000000004 6.8672000000000013 2.6485137608459874 2.3578464509898605 37.945000000000007 -122.35499999999998 -117.895 34.175000000000004 3.3654435698213785 3.1424162072895592
decision_type= 2 2 2 2 2 2 2 2 2 2 2
left_child=1 9 4 5 -2 6 -3 8 -8 -1 -6
right_child=2 3 -4 -5 10 -7 7 -9 -10 -11 -12
leaf_value= -0.00036411238911333149 0.049421244471644366 0.059712722269494249 0.052639906893108185 -0.011978451525003089 0.019830986373313552 -0.013932109738420915 0.035915651703138207 -0.011557448523901653 0.00128046103411449 -0.02620815980069164 -0.0014955507653216403
leaf_weight=540 483 230 1040 4745 1945 746 849 637 1080 3306 911
leaf_count=540 483 230 1040 4745 1945 746 849 637 1080 3306 911
model_size=1264
internal_value=0 -0.00954626 0.0264501 -0.00349752 0.0182927 0.00786385 0.0136792 0.00955308 0.0165243 -0.0225795 0.0130283
internal_weight=0 12133 4379 8287 3339 3542 2796 2566 1929 3846 2856
internal_count=16512 12133 4379 8287 3339 3542 2796 2566 1929 3846 2856
is_linear=0
shrinkage=0.1


Tree=15
num_leaves= 12
num_cat= 0
full_tree_array_lgbids= 0 2 1 3 -4 5 7 4 -5 -2147483648 -2147483648 -2 -7 -3 -9 -1 6 -2147483648 -2147483648 -2147483648 -2147483648 -2147483648 -2147483648 -2147483648 -2147483648 -2147483648 -2147483648 -2147483648 -2147483648 -2147483648 -2147483648 -2147483648 -2147483648 8 -8 -2147483648 -2147483648 -2147483648 -2147483648 -2147483648 -2147483648 -2147483648 -2147483648 -2147483648 -2147483648 -2147483648 -2147483648 -2147483648 -2147483648 -2147483648 -2147483648 -2147483648 -2147483648 -2147483648 -2147483648 -2147483648 -2147483648 -2147483648 -2147483648 -2147483648 -2147483648 -2147483648 -2147483648 -2147483648 -2147483648 -2147483648 -2147483648 10 9 -2147483648 -2147483648 -2147483648 -2147483648 -2147483648 -2147483648 -2147483648 -2147483648 -2147483648 -2147483648 -2147483648 -2147483648 -2147483648 -2147483648 -2147483648 -2147483648 -2147483648 -2147483648 -2147483648 -2147483648 -2147483648 -2147483648 -2147483648 -2147483648 -2147483648 -2147483648 -2147483648 -2147483648 -2147483648 -2147483648 -2147483648 -2147483648 -2147483648 -2147483648 -2147483648 -2147483648 -2147483648 -2147483648 -2147483648 -2147483648 -2147483648 -2147483648 -2147483648 -2147483648 -2147483648 -2147483648 -2147483648 -2147483648 -2147483648 -2147483648 -2147483648 -2147483648 -2147483648 -2147483648 -2147483648 -2147483648 -2147483648 -2147483648 -2147483648 -2147483648 -2147483648 -2147483648 -2147483648 -2147483648 -2147483648 -2147483648 -6 -12 -10 -11 -2147483648 -2147483648 -2147483648 -2147483648 -2147483648 -2147483648 -2147483648 -2147483648 -2147483648 -2147483648 -2147483648 -2147483648 -2147483648 -2147483648 -2147483648 -2147483648 -2147483648 -2147483648 -2147483648 -2147483648 -2147483648 -2147483648 -2147483648 -2147483648 -2147483648 -2147483648 -2147483648 -2147483648 -2147483648 -2147483648 -2147483648 -2147483648 -2147483648 -2147483648 -2147483648 -2147483648 -2147483648 -2147483648 -2147483648 -2147483648 -2147483648 -2147483648 -2147483648 -2147483648 -2147483648 -2147483648 -2147483648 -2147483648 -2147483648 -2147483648 -2147483648 -2147483648 -2147483648 -2147483648 -2147483648 -2147483648 -2147483648 -2147483648 -2147483648 -2147483648 -2147483648 -2147483648 -2147483648 -2147483648 -2147483648 -2147483648 -2147483648 -2147483648 -2147483648 -2147483648 -2147483648 -2147483648 -2147483648 -2147483648 -2147483648 -2147483648 -2147483648 -2147483648 -2147483648 -2147483648 -2147483648 -2147483648 -2147483648 -2147483648 -2147483648 -2147483648 -2147483648 -2147483648 -2147483648 -2147483648 -2147483648 -2147483648 -2147483648 -2147483648 -2147483648 -2147483648 -2147483648 -2147483648 -2147483648 -2147483648 -2147483648 -2147483648 -2147483648 -2147483648 -2147483648 -2147483648 -2147483648 -2147483648 -2147483648 -2147483648 -2147483648 -2147483648 -2147483648 -2147483648 -2147483648 -2147483648
split_feature= 1 1 6 7 8 6 8 2 7 8 8
split_gain= 316.593 82.0127 32.9556 24.2123 27.5684 22.5364 9.69259 9.48419 7.70081 41.9495 27.074
threshold= 4.125700000000001 5.8308000000000009 2.5763869593405579 37.925000000000004 -122.31499999999998 2.3055777777777782 -117.145 26.500000000000004 34.595000000000006 -120.56499999999998 -118.35499999999998
decision_type= 2 2 2 2 2 2 2 2 2 2 2
left_child=2 5 3 4 -1 -2 8 -3 10 -10 -6
right_child=1 7 -4 -5 6 -7 -8 -9 9 -11 -12
leaf_value= 0.056626624309950892 0.035833087549560293 0.026274780843650702 -0.016727455230733195 -0.019615238077292933 0.049786576572131661 0.004334003692566704 -0.028260759642363704 0.053447270267722863 0.010420878878538199 -0.049910317064584431 0.0046845911425856882
leaf_weight=204 604 1219 6648 1079 380 3302 349 875 622 279 951
leaf_count=204 604 1219 6648 1079 380 3302 349 875 622 279 951
model_size=1264
internal_value=0 0.0191249 -0.010916 -0.000917511 0.0063266 0.00920483 0.00235093 0.0376291 0.00713743 -0.00826103 0.0175612
internal_weight=0 6000 10512 3864 2785 3906 2581 2094 2232 901 1331
internal_count=16512 6000 10512 3864 2785 3906 2581 2094 2232 901 1331
is_linear=0
shrinkage=0.1


Tree=16
num_leaves= 11
num_cat= 0
full_tree_array_lgbids= 0 1 4 3 2 6 -6 -1 5 8 -4 7 -8 -2147483648 -2147483648 -2147483648 -2147483648 -5 -7 -3 9 -2147483648 -2147483648 -2 -9 -2147483648 -2147483648 -2147483648 -2147483648 -2147483648 -2147483648 -2147483648 -2147483648 -2147483648 -2147483648 -2147483648 -2147483648 -2147483648 -2147483648 -2147483648 -2147483648 -10 -11 -2147483648 -2147483648 -2147483648 -2147483648 -2147483648 -2147483648 -2147483648 -2147483648 -2147483648 -2147483648 -2147483648 -2147483648 -2147483648 -2147483648 -2147483648 -2147483648 -2147483648 -2147483648 -2147483648 -2147483648
split_feature= 1 1 6 1 6 3 7 8 2 6
split_gain= 251.841 67.5007 22.2747 11.9733 8.74711 8.0404 0.998998 5.16025 0.326829 4.27105
threshold= 5.5358500000000008 3.6530500000000008 2.788985387372485 1.9486000000000003 3.1424162072895592 4.4352710389939132 37.955000000000005 -117.83499999999999 16.500000000000004 2.0509070328557395
decision_type= 2 2 2 2 2 2 2 2 2 2
left_child=1 3 8 -1 6 -5 7 -2 -3 -10
right_child=4 2 -4 5 -6 -7 -8 -9 9 -11
leaf_value= -0.025431945093345343 0.048177684760728076 -0.0052244018084463585 -0.0044652822791541825 0.0010111891965049395 0.010562799914975605 -0.014052153201397161 -0.0065682370769048959 0.011747620115505826 0.0498770423707409 0.015144094721692267
leaf_weight=1781 1403 545 2688 2551 678 4398 138 311 325 1694
leaf_count=1781 1403 545 2688 2551 678 4398 138 311 325 1694
model_size=1152
internal_value=0 -0.00554298 0.00514359 -0.0119721 0.0306332 -0.00852235 0.0379808 0.0415676 0.0152172 0.0207351
internal_weight=0 13982 5252 8730 2530 6949 1852 1714 2564 2019
internal_count=16512 13982 5252 8730 2530 6949 1852 1714 2564 2019
is_linear=0
shrinkage=0.1


Tree=17
num_leaves= 11
num_cat= 0
full_tree_array_lgbids= 0 2 1 3 -4 5 -3 4 -5 -2147483648 -2147483648 -2 -7 -2147483648 -2147483648 -1 6 -2147483648 -2147483648 -2147483648 -2147483648 -2147483648 -2147483648 -2147483648 -2147483648 -2147483648 -2147483648 -2147483648 -2147483648 -2147483648 -2147483648 -2147483648 -2147483648 7 8 -2147483648 -2147483648 -2147483648 -2147483648 -2147483648 -2147483648 -2147483648 -2147483648 -2147483648 -2147483648 -2147483648 -2147483648 -2147483648 -2147483648 -2147483648 -2147483648 -2147483648 -2147483648 -2147483648 -2147483648 -2147483648 -2147483648 -2147483648 -2147483648 -2147483648 -2147483648 -2147483648 -2147483648 -2147483648 -2147483648 -2147483648 -2147483648 -6 -9 9 -10 -2147483648 -2147483648 -2147483648 -2147483648 -2147483648 -2147483648 -2147483648 -2147483648 -2147483648 -2147483648 -2147483648 -2147483648 -2147483648 -2147483648 -2147483648 -2147483648 -2147483648 -2147483648 -2147483648 -2147483648 -2147483648 -2147483648 -2147483648 -2147483648 -2147483648 -2147483648 -2147483648 -2147483648 -2147483648 -2147483648 -2147483648 -2147483648 -2147483648 -2147483648 -2147483648 -2147483648 -2147483648 -2147483648 -2147483648 -2147483648 -2147483648 -2147483648 -2147483648 -2147483648 -2147483648 -2147483648 -2147483648 -2147483648 -2147483648 -2147483648 -2147483648 -2147483648 -2147483648 -2147483648 -2147483648 -2147483648 -2147483648 -2147483648 -2147483648 -2147483648 -2147483648 -2147483648 -2147483648 -2147483648 -2147483648 -2147483648 -2147483648 -2147483648 -8 -11 -2147483648 -2147483648 -2147483648 -2147483648 -2147483648 -2147483648 -2147483648 -2147483648 -2147483648 -2147483648 -2147483648 -2147483648 -2147483648 -2147483648 -2147483648 -2147483648 -2147483648 -2147483648 -2147483648 -2147483648 -2147483648 -2147483648 -2147483648 -2147483648 -2147483648 -2147483648 -2147483648 -2147483648 -2147483648 -2147483648 -2147483648 -2147483648 -2147483648 -2147483648 -2147483648 -2147483648 -2147483648 -2147483648 -2147483648 -2147483648 -2147483648 -2147483648 -2147483648 -2147483648 -2147483648 -2147483648 -2147483648 -2147483648 -2147483648 -2147483648 -2147483648 -2147483648 -2147483648 -2147483648 -2147483648 -2147483648 -2147483648 -2147483648 -2147483648 -2147483648 -2147483648 -2147483648 -2147483648 -2147483648 -2147483648 -2147483648 -2147483648 -2147483648 -2147483648 -2147483648 -2147483648 -2147483648 -2147483648 -2147483648 -2147483648 -2147483648 -2147483648 -2147483648 -2147483648 -2147483648 -2147483648 -2147483648 -2147483648 -2147483648 -2147483648 -2147483648 -2147483648 -2147483648 -2147483648 -2147483648 -2147483648 -2147483648 -2147483648 -2147483648 -2147483648 -2147483648 -2147483648 -2147483648 -2147483648 -2147483648 -2147483648 -2147483648 -2147483648 -2147483648 -2147483648 -2147483648 -2147483648 -2147483648 -2147483648 -2147483648 -2147483648 -2147483648 -2147483648 -2147483648
split_feature= 1 1 6 7 8 6 7 8 8 7
split_gain= 202.225 37.3458 29.0216 26.4696 26.5606 12.3411 4.0469 48.0708 31.3298 23.1319
threshold= 4.405050000000001 6.8672000000000013 2.8024658054711251 38.475000000000001 -122.35499999999998 3.0298305221858191 34.455000000000005 -118.27499999999999 -120.09499999999998 37.595000000000006
decision_type= 2 2 2 2 2 2 2 2 2 2
left_child=2 5 3 4 -1 -2 7 -6 9 -8
right_child=1 -3 -4 -5 6 -7 8 -9 -10 -11
leaf_value= 0.038572948510146012 0.019379244768666801 0.040242472704935958 -0.015073206166849061 -0.021652939122165826 0.032386428651527986 -0.0017475558793168665 0.025644212020327985 -0.0049275542520652409 -0.042419762210920454 -0.014559247915214197
leaf_weight=420 2628 1040 5682 1045 849 1432 515 1598 433 870
leaf_count=420 2628 1040 5682 1045 849 1432 515 1598 433 870
model_size=1152
internal_value=0 0.0177016 -0.00791082 -0.000808442 0.00384097 0.0119276 0.000420706 0.00801874 -0.00980612 0.000390053
internal_weight=0 5100 11412 5730 4685 4060 4265 2447 1818 1385
internal_count=16512 5100 11412 5730 4685 4060 4265 2447 1818 1385
is_linear=0
shrinkage=0.1


Tree=18
num_leaves= 6
num_cat= 0
full_tree_array_lgbids= 0 2 1 -1 4 3 -3 -2147483648 -2147483648 -4 -6 -2 -5 -2147483648 -2147483648
split_feature= 1 1 1 6 6
split_gain= 162.045 40.7509 7.57208 7.23907 0.771761
threshold= 3.9221500000000007 5.8308000000000009 2.2210000000000005 2.2634687595142249 2.0782574626733381
decision_type= 2 2 2 2 2
left_child=2 3 -1 -2 -4
right_child=1 -3 4 -5 -6
leaf_value= -0.018755258135979391 0.028053606941688399 0.028130198086849956 0.012187449766789947 0.0025256970716601192 -0.0076119734794898976
leaf_weight=2781 656 2094 886 4034 6061
leaf_count=2781 656 2094 886 4034 6061
model_size=592
internal_value=0 0.0128975 -0.00899429 0.00609634 -0.00508681
internal_weight=0 6784 9728 4690 6947
internal_count=16512 6784 9728 4690 6947
is_linear=0
shrinkage=0.1


Tree=19
num_leaves= 14
num_cat= 0
full_tree_array_lgbids= 0 1 10 2 -3 11 12 3 -4 -2147483648 -2147483648 -2 -13 -12 -14 -1 4 -2147483648 -2147483648 -2147483648 -2147483648 -2147483648 -2147483648 -2147483648 -2147483648 -2147483648 -2147483648 -2147483648 -2147483648 -2147483648 -2147483648 -2147483648 -2147483648 5 7 -2147483648 -2147483648 -2147483648 -2147483648 -2147483648 -2147483648 -2147483648 -2147483648 -2147483648 -2147483648 -2147483648 -2147483648 -2147483648 -2147483648 -2147483648 -2147483648 -2147483648 -2147483648 -2147483648 -2147483648 -2147483648 -2147483648 -2147483648 -2147483648 -2147483648 -2147483648 -2147483648 -2147483648 -2147483648 -2147483648 -2147483648 -2147483648 8 6 9 -9 -2147483648 -2147483648 -2147483648 -2147483648 -2147483648 -2147483648 -2147483648 -2147483648 -2147483648 -2147483648 -2147483648 -2147483648 -2147483648 -2147483648 -2147483648 -2147483648 -2147483648 -2147483648 -2147483648 -2147483648 -2147483648 -2147483648 -2147483648 -2147483648 -2147483648 -2147483648 -2147483648 -2147483648 -2147483648 -2147483648 -2147483648 -2147483648 -2147483648 -2147483648 -2147483648 -2147483648 -2147483648 -2147483648 -2147483648 -2147483648 -2147483648 -2147483648 -2147483648 -2147483648 -2147483648 -2147483648 -2147483648 -2147483648 -2147483648 -2147483648 -2147483648 -2147483648 -2147483648 -2147483648 -2147483648 -2147483648 -2147483648 -2147483648 -2147483648 -2147483648 -2147483648 -2147483648 -2147483648 -2147483648 -5 -10 -7 -8 -6 -11 -2147483648 -2147483648 -2147483648 -2147483648 -2147483648 -2147483648 -2147483648 -2147483648 -2147483648 -2147483648 -2147483648 -2147483648 -2147483648 -2147483648 -2147483648 -2147483648 -2147483648 -2147483648 -2147483648 -2147483648 -2147483648 -2147483648 -2147483648 -2147483648 -2147483648 -2147483648 -2147483648 -2147483648 -2147483648 -2147483648 -2147483648 -2147483648 -2147483648 -2147483648 -2147483648 -2147483648 -2147483648 -2147483648 -2147483648 -2147483648 -2147483648 -2147483648 -2147483648 -2147483648 -2147483648 -2147483648 -2147483648 -2147483648 -2147483648 -2147483648 -2147483648 -2147483648 -2147483648 -2147483648 -2147483648 -2147483648 -2147483648 -2147483648 -2147483648 -2147483648 -2147483648 -2147483648 -2147483648 -2147483648 -2147483648 -2147483648 -2147483648 -2147483648 -2147483648 -2147483648 -2147483648 -2147483648 -2147483648 -2147483648 -2147483648 -2147483648 -2147483648 -2147483648 -2147483648 -2147483648 -2147483648 -2147483648 -2147483648 -2147483648 -2147483648 -2147483648 -2147483648 -2147483648 -2147483648 -2147483648 -2147483648 -2147483648 -2147483648 -2147483648 -2147483648 -2147483648 -2147483648 -2147483648 -2147483648 -2147483648 -2147483648 -2147483648 -2147483648 -2147483648 -2147483648 -2147483648 -2147483648 -2147483648 -2147483648 -2147483648 -2147483648 -2147483648 -2147483648 -2147483648
split_feature= 1 6 7 8 8 7 8 7 8 8 7 8 8
split_gain= 127.79 25.2454 34.2516 31.7448 12.4434 40.5946 69.8412 25.4349 16.8577 11.0651 10.7359 12.9571 0.507822
threshold= 5.1326000000000009 3.1100458715596333 37.925000000000004 -122.31499999999998 -117.77499999999999 34.595000000000006 -120.56499999999998 33.565000000000005 -118.36499999999999 -117.16499999999998 37.955000000000005 -117.85499999999998 -122.40499999999999
decision_type= 2 2 2 2 2 2 2 2 2 2 2 2 2
left_child=1 2 3 -1 5 8 -7 9 -5 -6 11 -2 -12
right_child=10 -3 -4 4 7 6 -8 -9 -10 -11 12 -13 -14
leaf_value= 0.041259157526491924 0.029142882077248435 -0.013923360530818319 -0.014977779568559543 0.039453488575436922 0.032762248234357687 0.0088517241602373582 -0.03719873650414373 -0.033913045618878875 0.0094323576717091455 -0.012614228126341852 0.041169970150177294 0.00056833693458279474 -0.037544668058046342
leaf_weight=430 2363 4457 2214 733 320 1404 706 666 1760 523 65 673 198
leaf_count=430 2363 4457 2214 733 320 1404 706 666 1760 523 65 673 198
model_size=1488
internal_value=0 -0.00488075 -0.000277856 0.00469702 0.00212475 0.00688374 -0.00655663 -0.0123919 0.0182593 0.00461053 0.0195481 0.0228087 -0.0180905
internal_weight=0 13213 8756 6542 6112 4603 2110 1509 2493 843 3299 3036 263
internal_count=16512 13213 8756 6542 6112 4603 2110 1509 2493 843 3299 3036 263
is_linear=0
shrinkage=0.1


Tree=20
num_leaves= 5
num_cat= 0
full_tree_array_lgbids= 0 -1 1 -2147483648 -2147483648 2 -3 -2147483648 -2147483648 -2147483648 -2147483648 3 -4 -2147483648 -2147483648 -2147483648 -2147483648 -2147483648 -2147483648 -2147483648 -2147483648 -2147483648 -2147483648 -2 -5 -2147483648 -2147483648 -2147483648 -2147483648 -2147483648 -2147483648
split_feature= 1 1 4 8
split_gain= 99.9701 23.9572 12.2126 2.77792
threshold= 3.8346500000000003 7.7055000000000016 1.0469524392733212 -122.24499999999999
decision_type= 2 2 2 2
left_child=-1 2 3 -2
right_child=1 -3 -4 -5
leaf_value= -0.0076731231574896225 0.027536451212436433 0.03733824305871411 0.017507709120971975 -0.0023720997147120533
leaf_weight=9454 414 670 2530 3444
leaf_count=9454 414 670 2530 3444
model_size=480
internal_value=0 0.0102779 0.00743974 0.000837372
internal_weight=0 7058 6388 3858
internal_count=16512 7058 6388 3858
is_linear=0
shrinkage=0.1


Tree=21
num_leaves= 10
num_cat= 0
full_tree_array_lgbids= 0 1 -2 2 -3 -2147483648 -2147483648 3 -4 -2147483648 -2147483648 -2147483648 -2147483648 -2147483648 -2147483648 -1 4 -2147483648 -2147483648 -2147483648 -2147483648 -2147483648 -2147483648 -2147483648 -2147483648 -2147483648 -2147483648 -2147483648 -2147483648 -2147483648 -2147483648 -2147483648 -2147483648 7 5 -2147483648 -2147483648 -2147483648 -2147483648 -2147483648 -2147483648 -2147483648 -2147483648 -2147483648 -2147483648 -2147483648 -2147483648 -2147483648 -2147483648 -2147483648 -2147483648 -2147483648 -2147483648 -2147483648 -2147483648 -2147483648 -2147483648 -2147483648 -2147483648 -2147483648 -2147483648 -2147483648 -2147483648 -2147483648 -2147483648 -2147483648 -2147483648 8 -9 6 -7 -2147483648 -2147483648 -2147483648 -2147483648 -2147483648 -2147483648 -2147483648 -2147483648 -2147483648 -2147483648 -2147483648 -2147483648 -2147483648 -2147483648 -2147483648 -2147483648 -2147483648 -2147483648 -2147483648 -2147483648 -2147483648 -2147483648 -2147483648 -2147483648 -2147483648 -2147483648 -2147483648 -2147483648 -2147483648 -2147483648 -2147483648 -2147483648 -2147483648 -2147483648 -2147483648 -2147483648 -2147483648 -2147483648 -2147483648 -2147483648 -2147483648 -2147483648 -2147483648 -2147483648 -2147483648 -2147483648 -2147483648 -2147483648 -2147483648 -2147483648 -2147483648 -2147483648 -2147483648 -2147483648 -2147483648 -2147483648 -2147483648 -2147483648 -2147483648 -2147483648 -2147483648 -2147483648 -2147483648 -2147483648 -5 -10 -2147483648 -2147483648 -6 -8 -2147483648 -2147483648 -2147483648 -2147483648 -2147483648 -2147483648 -2147483648 -2147483648 -2147483648 -2147483648 -2147483648 -2147483648 -2147483648 -2147483648 -2147483648 -2147483648 -2147483648 -2147483648 -2147483648 -2147483648 -2147483648 -2147483648 -2147483648 -2147483648 -2147483648 -2147483648 -2147483648 -2147483648 -2147483648 -2147483648 -2147483648 -2147483648 -2147483648 -2147483648 -2147483648 -2147483648 -2147483648 -2147483648 -2147483648 -2147483648 -2147483648 -2147483648 -2147483648 -2147483648 -2147483648 -2147483648 -2147483648 -2147483648 -2147483648 -2147483648 -2147483648 -2147483648 -2147483648 -2147483648 -2147483648 -2147483648 -2147483648 -2147483648 -2147483648 -2147483648 -2147483648 -2147483648 -2147483648 -2147483648 -2147483648 -2147483648 -2147483648 -2147483648 -2147483648 -2147483648 -2147483648 -2147483648 -2147483648 -2147483648 -2147483648 -2147483648 -2147483648 -2147483648 -2147483648 -2147483648 -2147483648 -2147483648 -2147483648 -2147483648 -2147483648 -2147483648 -2147483648 -2147483648 -2147483648 -2147483648 -2147483648 -2147483648 -2147483648 -2147483648 -2147483648 -2147483648 -2147483648 -2147483648 -2147483648 -2147483648 -2147483648 -2147483648 -2147483648 -2147483648 -2147483648 -2147483648 -2147483648 -2147483648 -2147483648 -2147483648 -2147483648 -2147483648 -2147483648 -2147483648
split_feature= 1 6 7 8 7 8 7 8 7
split_gain= 82.2052 18.4557 27.7562 26.0254 13.2645 59.5769 61.1467 59.4687 7.91732
threshold= 5.6042500000000013 3.1336552646136835 38.475000000000001 -122.41499999999998 34.655000000000008 -120.56499999999998 37.595000000000006 -118.30499999999999 34.155000000000008
decision_type= 2 2 2 2 2 2 2 2 2
left_child=1 2 3 -1 7 6 -6 8 -5
right_child=-2 -3 -4 4 5 -7 -8 -9 -10
leaf_value= 0.0341558436128859 0.019998887005901907 -0.011922479712650785 -0.017697648120309158 0.044415009325305101 0.028768881685261118 -0.035827565433881235 -0.012919656797236515 -0.0013387453535683889 0.010228262592013844
leaf_weight=576 2406 4565 1462 761 848 822 1392 3103 577
leaf_count=576 2406 4565 1462 761 848 822 1392 3103 577
model_size=1040
internal_value=0 -0.00341112 0.00066123 0.00398351 0.0016672 -0.00752397 0.00286243 0.00800437 0.0296723
internal_weight=0 14106 9541 8079 7503 3062 2240 4441 1338
internal_count=16512 14106 9541 8079 7503 3062 2240 4441 1338
is_linear=0
shrinkage=0.1


Tree=22
num_leaves= 9
num_cat= 0
full_tree_array_lgbids= 0 1 -2 -1 2 -2147483648 -2147483648 -2147483648 -2147483648 7 3 -2147483648 -2147483648 -2147483648 -2147483648 -2147483648 -2147483648 -2147483648 -2147483648 -3 -9 4 -5 -2147483648 -2147483648 -2147483648 -2147483648 -2147483648 -2147483648 -2147483648 -2147483648 -2147483648 -2147483648 -2147483648 -2147483648 -2147483648 -2147483648 -2147483648 -2147483648 -2147483648 -2147483648 -2147483648 -2147483648 -4 5 -2147483648 -2147483648 -2147483648 -2147483648 -2147483648 -2147483648 -2147483648 -2147483648 -2147483648 -2147483648 -2147483648 -2147483648 -2147483648 -2147483648 -2147483648 -2147483648 -2147483648 -2147483648 -2147483648 -2147483648 -2147483648 -2147483648 -2147483648 -2147483648 -2147483648 -2147483648 -2147483648 -2147483648 -2147483648 -2147483648 -2147483648 -2147483648 -2147483648 -2147483648 -2147483648 -2147483648 -2147483648 -2147483648 -2147483648 -2147483648 -2147483648 -2147483648 -2147483648 -2147483648 6 -7 -2147483648 -2147483648 -2147483648 -2147483648 -2147483648 -2147483648 -2147483648 -2147483648 -2147483648 -2147483648 -2147483648 -2147483648 -2147483648 -2147483648 -2147483648 -2147483648 -2147483648 -2147483648 -2147483648 -2147483648 -2147483648 -2147483648 -2147483648 -2147483648 -2147483648 -2147483648 -2147483648 -2147483648 -2147483648 -2147483648 -2147483648 -2147483648 -2147483648 -2147483648 -2147483648 -2147483648 -2147483648 -2147483648 -2147483648 -2147483648 -2147483648 -2147483648 -2147483648 -2147483648 -2147483648 -2147483648 -2147483648 -2147483648 -2147483648 -2147483648 -2147483648 -2147483648 -2147483648 -2147483648 -2147483648 -2147483648 -2147483648 -2147483648 -2147483648 -2147483648 -2147483648 -2147483648 -2147483648 -2147483648 -2147483648 -2147483648 -2147483648 -2147483648 -2147483648 -2147483648 -2147483648 -2147483648 -2147483648 -2147483648 -2147483648 -2147483648 -2147483648 -2147483648 -2147483648 -2147483648 -2147483648 -2147483648 -2147483648 -2147483648 -2147483648 -2147483648 -2147483648 -2147483648 -6 -8 -2147483648 -2147483648 -2147483648 -2147483648 -2147483648 -2147483648 -2147483648 -2147483648 -2147483648 -2147483648 -2147483648 -2147483648 -2147483648 -2147483648 -2147483648 -2147483648 -2147483648 -2147483648 -2147483648 -2147483648 -2147483648 -2147483648 -2147483648 -2147483648 -2147483648 -2147483648 -2147483648 -2147483648 -2147483648 -2147483648 -2147483648 -2147483648 -2147483648 -2147483648 -2147483648 -2147483648 -2147483648 -2147483648 -2147483648 -2147483648 -2147483648 -2147483648 -2147483648 -2147483648 -2147483648 -2147483648 -2147483648 -2147483648 -2147483648 -2147483648 -2147483648 -2147483648 -2147483648 -2147483648 -2147483648 -2147483648 -2147483648 -2147483648 -2147483648 -2147483648 -2147483648 -2147483648 -2147483648 -2147483648 -2147483648 -2147483648 -2147483648 -2147483648 -2147483648 -2147483648 -2147483648 -2147483648 -2147483648 -2147483648
split_feature= 1 1 8 7 8 7 8 7
split_gain= 61.7233 12.5481 11.1401 18.6038 22.9558 72.9169 48.885 4.59263
threshold= 5.8308000000000009 2.3096500000000004 -122.35499999999998 37.595000000000006 -121.32499999999997 35.335000000000008 -118.30499999999999 38.705000000000005
decision_type= 2 2 2 2 2 2 2 2
left_child=1 -1 7 4 -4 6 -6 -3
right_child=-2 2 3 -5 5 -7 -8 -9
leaf_value= -0.013267289237340468 0.019636876533457599 0.028715100893821472 0.02369076999455702 -0.014702539663408943 0.021021612942877049 -0.037443105545753495 -0.0041138207700229532 -0.019660097203723127
leaf_weight=3126 2094 807 989 2320 1748 710 4532 186
leaf_count=3126 2094 807 989 2320 1748 710 4532 186
model_size=928
internal_value=0 -0.00285196 3.13431e-05 -0.00186061 0.00187336 -0.00121354 0.00288248 0.0196539
internal_weight=0 14418 11292 10299 7979 6990 6280 993
internal_count=16512 14418 11292 10299 7979 6990 6280 993
is_linear=0
shrinkage=0.1


Tree=23
num_leaves= 6
num_cat= 0
full_tree_array_lgbids= 0 1 -2 2 -3 -2147483648 -2147483648 3 -4 -2147483648 -2147483648 -2147483648 -2147483648 -2147483648 -2147483648 -1 4 -2147483648 -2147483648 -2147483648 -2147483648 -2147483648 -2147483648 -2147483648 -2147483648 -2147483648 -2147483648 -2147483648 -2147483648 -2147483648 -2147483648 -2147483648 -2147483648 -5 -6 -2147483648 -2147483648 -2147483648 -2147483648 -2147483648 -2147483648 -2147483648 -2147483648 -2147483648 -2147483648 -2147483648 -2147483648 -2147483648 -2147483648 -2147483648 -2147483648 -2147483648 -2147483648 -2147483648 -2147483648 -2147483648 -2147483648 -2147483648 -2147483648 -2147483648 -2147483648 -2147483648 -2147483648
split_feature= 1 8 7 8 6
split_gain= 43.8096 10.0792 10.3959 29.6704 10.7384
threshold= 5.8308000000000009 -116.53499999999998 37.915000000000006 -122.29499999999999 3.0375944537846187
decision_type= 2 2 2 2 2
left_child=1 2 3 -1 -5
right_child=-2 -3 -4 4 -6
leaf_value= 0.031081113135740163 0.017673188858474725 -0.044818750329957746 -0.012899861767904107 0.0043771493733339075 -0.0082020065863507071
leaf_weight=625 2094 227 2758 6198 4610
leaf_count=625 2094 227 2758 6198 4610
model_size=592
internal_value=0 -0.00256677 -0.0018909 0.000764805 -0.000988312
internal_weight=0 14418 14191 11433 10808
internal_count=16512 14418 14191 11433 10808
is_linear=0
shrinkage=0.1


Tree=24
num_leaves= 3
num_cat= 0
full_tree_array_lgbids= 0 -1 1 -2147483648 -2147483648 -2 -3
split_feature= 1 2
split_gain= 32.139 0.685536
threshold= 4.5993500000000003 17.500000000000004
decision_type= 2 2
left_child=-1 -2
right_child=1 -3
leaf_value= -0.0038436990143687674 -0.002615428471721754 0.01552543769870695
leaf_weight=11925 1399 3188
leaf_count=11925 1399 3188
model_size=256
internal_value=0 0.00999261
internal_weight=0 4587
internal_count=16512 4587
is_linear=0
shrinkage=0.1


Tree=25
num_leaves= 4
num_cat= 0
full_tree_array_lgbids= 0 -1 1 -2147483648 -2147483648 -2 2 -2147483648 -2147483648 -2147483648 -2147483648 -2147483648 -2147483648 -3 -4
split_feature= 1 4 6
split_gain= 23.2073 9.86544 1.94209
threshold= 3.8346500000000003 1.0003353454057682 3.1336552646136835
decision_type= 2 2 2
left_child=-1 -2 -3
right_child=1 2 -4
leaf_value= -0.0049691653806035341 -0.0049988122893855364 0.016541691748094372 -0.0022098617095850661
leaf_weight=9454 2124 3653 1281
leaf_count=9454 2124 3653 1281
model_size=368
internal_value=0 0.00665606 0.0116733
internal_weight=0 7058 4934
internal_count=16512 7058 4934
is_linear=0
shrinkage=0.1


Tree=26
num_leaves= 16
num_cat= 0
full_tree_array_lgbids= 0 1 6 3 2 9 -8 4 7 5 14 -2 -11 -2147483648 -2147483648 -1 11 -5 8 12 10 -4 -16 -2147483648 -2147483648 -2147483648 -2147483648 -2147483648 -2147483648 -2147483648 -2147483648 -2147483648 -2147483648 -6 -13 -2147483648 -2147483648 -9 -10 -3 -14 13 -12 -2147483648 -2147483648 -2147483648 -2147483648 -2147483648 -2147483648 -2147483648 -2147483648 -2147483648 -2147483648 -2147483648 -2147483648 -2147483648 -2147483648 -2147483648 -2147483648 -2147483648 -2147483648 -2147483648 -2147483648 -2147483648 -2147483648 -2147483648 -2147483648 -2147483648 -2147483648 -2147483648 -2147483648 -2147483648 -2147483648 -2147483648 -2147483648 -2147483648 -2147483648 -2147483648 -2147483648 -2147483648 -2147483648 -2147483648 -2147483648 -7 -15 -2147483648 -2147483648 -2147483648 -2147483648 -2147483648 -2147483648 -2147483648 -2147483648 -2147483648 -2147483648 -2147483648 -2147483648 -2147483648 -2147483648 -2147483648 -2147483648 -2147483648 -2147483648 -2147483648 -2147483648 -2147483648 -2147483648 -2147483648 -2147483648 -2147483648 -2147483648 -2147483648 -2147483648 -2147483648 -2147483648 -2147483648 -2147483648 -2147483648 -2147483648 -2147483648 -2147483648 -2147483648 -2147483648 -2147483648 -2147483648 -2147483648 -2147483648
split_feature= 8 7 8 8 7 7 7 7 7 8 8 8 8 7 1
split_gain= 20.1053 55.5213 116.871 47.5365 56.9393 41.105 34.427 23.7399 29.36 22.9663 20.794 18.646 15.1163 14.0696 3.92857
threshold= -117.75499999999998 34.525000000000013 -121.63499999999998 -118.35499999999998 34.155000000000008 37.595000000000006 33.875000000000007 33.645000000000003 34.045000000000009 -117.145 -122.40499999999999 -119.30499999999999 -122.02499999999999 38.705000000000005 5.8786000000000014
decision_type= 2 2 2 2 2 2 2 2 2 2 2 2 2 2 2
left_child=1 3 5 4 -1 12 9 -5 -9 -2 13 -6 -3 -7 -4
right_child=6 2 14 7 11 10 -8 8 -10 -11 -12 -13 -14 -15 -16
leaf_value= 0.055588208592853239 0.018970931767026425 0.050244178709932807 -0.018827233042139221 0.077426831854857728 0.064537218282602629 0.026259174316030389 -0.033622398807503777 -0.005412595751291425 0.020703889473023731 -0.016092918423946095 -0.012119064365334404 0.00013398910348128067 0.012398960061704729 -0.017779309116887822 -0.082470623943954713
leaf_weight=746 770 514 3209 101 142 899 961 2924 1287 1046 1798 817 889 319 90
leaf_count=746 770 514 3209 101 142 899 961 2924 1287 1046 1798 817 889 319 90
model_size=1712
internal_value=0 0.0025145 -0.00451483 0.011531 0.029761 0.00746628 -0.0124367 0.00432272 0.00256934 -0.00122554 -0.00127808 0.00967023 0.0262639 0.0147253 -0.0205635
internal_weight=0 13735 7718 6017 1705 4419 2777 4312 4211 1816 3016 959 1403 1218 3299
internal_count=16512 13735 7718 6017 1705 4419 2777 4312 4211 1816 3016 959 1403 1218 3299
is_linear=0
shrinkage=0.1


Tree=27
num_leaves= 3
num_cat= 0
full_tree_array_lgbids= 0 1 -2 -1 -3 -2147483648 -2147483648
split_feature= 3 6
split_gain= 11.5739 5.76308
threshold= 6.3286213786213787 2.4469862317432325
decision_type= 2 2
left_child=1 -1
right_child=-2 -3
leaf_value= 0.0059546099389776565 0.010634238018981161 -0.0058536409997103503
leaf_weight=3808 3135 9569
leaf_count=3808 3135 9569
model_size=256
internal_value=0 -0.00249221
internal_weight=0 13377
internal_count=16512 13377
is_linear=0
shrinkage=0.1


Tree=28
num_leaves= 17
num_cat= 0
full_tree_array_lgbids= 0 1 6 3 2 7 -8 4 9 5 14 -2 -9 -2147483648 -2147483648 -1 11 -5 10 13 8 -4 15 -2147483648 -2147483648 -2147483648 -2147483648 -2147483648 -2147483648 -2147483648 -2147483648 -2147483648 -2147483648 -6 -13 -2147483648 -2147483648 -11 -12 -3 -15 12 -10 -2147483648 -2147483648 -16 -17 -2147483648 -2147483648 -2147483648 -2147483648 -2147483648 -2147483648 -2147483648 -2147483648 -2147483648 -2147483648 -2147483648 -2147483648 -2147483648 -2147483648 -2147483648 -2147483648 -2147483648 -2147483648 -2147483648 -2147483648 -2147483648 -2147483648 -2147483648 -2147483648 -2147483648 -2147483648 -2147483648 -2147483648 -2147483648 -2147483648 -2147483648 -2147483648 -2147483648 -2147483648 -2147483648 -2147483648 -7 -14 -2147483648 -2147483648 -2147483648 -2147483648 -2147483648 -2147483648 -2147483648 -2147483648 -2147483648 -2147483648 -2147483648 -2147483648 -2147483648 -2147483648 -2147483648 -2147483648 -2147483648 -2147483648 -2147483648 -2147483648 -2147483648 -2147483648 -2147483648 -2147483648 -2147483648 -2147483648 -2147483648 -2147483648 -2147483648 -2147483648 -2147483648 -2147483648 -2147483648 -2147483648 -2147483648 -2147483648 -2147483648 -2147483648 -2147483648 -2147483648 -2147483648 -2147483648
split_feature= 8 7 8 8 7 7 7 8 8 7 7 8 7 8 8 1
split_gain= 10.0886 40.6287 86.5794 30.2477 49.7291 30.1728 24.9753 27.7467 12.9138 12.1392 16.5713 6.23066 4.82207 2.44579 0.0127871 7.57188
threshold= -117.77499999999999 34.525000000000013 -121.56499999999998 -118.36499999999999 34.145000000000003 37.615000000000002 33.565000000000005 -117.16499999999998 -122.40499999999999 33.625000000000007 34.045000000000009 -119.30499999999999 38.705000000000005 -122.03499999999998 -119.94499999999998 5.0387000000000013
decision_type= 2 2 2 2 2 2 2 2 2 2 2 2 2 2 2 2
left_child=1 3 5 4 -1 13 7 -2 12 -5 -11 -6 -7 -3 -4 -16
right_child=6 2 14 9 11 8 -8 -9 -10 10 -12 -13 -14 -15 15 -17
leaf_value= 0.056306029819435249 0.028864850829182512 0.044665787459217211 -0.011780565379534126 0.093750963251699113 0.057883243883868132 0.023676485903064065 -0.026060519605296047 -0.012851446965376424 -0.011681235740695463 -0.0037539324666203255 0.019424721725027551 0.0015669823847633752 -0.016089523079597792 0.012214989522521277 -0.027889778630454994 -0.10450746070032252
leaf_weight=612 544 499 2116 55 142 890 1348 944 1852 3001 1307 843 319 975 992 73
leaf_count=612 544 499 2116 55 142 890 1348 944 1852 3001 1307 843 319 975 992 73
model_size=1824
internal_value=0 0.00230761 -0.0041109 0.0106172 0.0275515 0.00628527 -0.011128 0.00239967 -0.00186022 0.00441872 0.00327822 0.00968567 0.013184 0.0232007 -0.0189322 -0.0331415
internal_weight=0 13676 7716 5960 1597 4535 2836 1488 3061 4363 4308 985 1209 1474 3181 1065
internal_count=16512 13676 7716 5960 1597 4535 2836 1488 3061 4363 4308 985 1209 1474 3181 1065
is_linear=0
shrinkage=0.1


Tree=29
num_leaves= 2
num_cat= 0
full_tree_array_lgbids= 0 -1 -2
split_feature= 3
split_gain= 2.72028
threshold= 6.3286213786213787
decision_type= 2
left_child=-1
right_child=-2
leaf_value= -0.0022476867772493032 0.0095908471150500142
leaf_weight=13377 3135
leaf_count=13377 3135
model_size=144
internal_value=0
internal_weight=0
internal_count=16512
is_linear=0
shrinkage=0.1


Tree=30
num_leaves= 12
num_cat= 0
full_tree_array_lgbids= 0 1 6 4 2 7 -8 5 9 3 -4 -2 -9 -2147483648 -2147483648 -1 -7 -6 10 -3 8 -2147483648 -2147483648 -2147483648 -2147483648 -2147483648 -2147483648 -2147483648 -2147483648 -2147483648 -2147483648 -2147483648 -2147483648 -2147483648 -2147483648 -2147483648 -2147483648 -11 -12 -2147483648 -2147483648 -5 -10 -2147483648 -2147483648 -2147483648 -2147483648 -2147483648 -2147483648 -2147483648 -2147483648 -2147483648 -2147483648 -2147483648 -2147483648 -2147483648 -2147483648 -2147483648 -2147483648 -2147483648 -2147483648 -2147483648 -2147483648
split_feature= 8 7 8 7 8 7 7 8 8 7 7
split_gain= 2.03226 26.5128 66.6475 17.4088 16.9857 35.6789 13.3385 14.5227 3.8537 3.81847 7.64153
threshold= -117.75499999999998 34.655000000000008 -121.56499999999998 37.615000000000002 -118.36499999999999 34.165000000000006 33.565000000000005 -117.145 -122.40499999999999 33.645000000000003 34.045000000000009
decision_type= 2 2 2 2 2 2 2 2 2 2 2
left_child=1 4 3 -3 5 -1 7 -2 -5 -6 -11
right_child=6 2 -4 8 9 -7 -8 -9 -10 10 -12
leaf_value= 0.048108452528813204 0.023948175208718937 0.020813056268753599 -0.017628730038283049 0.011886738642260227 0.063577992219182825 0.0067573716643737963 -0.024014253094370386 -0.012677906772315986 -0.010540199931808391 -0.0039550170542269293 0.016866638069847943
leaf_weight=698 587 1474 3099 1209 101 944 1298 892 1852 2995 1363
leaf_count=698 587 1474 3099 1209 101 944 1298 892 1852 2995 1363
model_size=1264
internal_value=0 0.00206928 -0.0038122 0.00562934 0.00942862 0.0243354 -0.0102346 0.00185861 -0.00168226 0.0039393 0.00255713
internal_weight=0 13735 7634 4535 6101 1642 2777 1479 3061 4459 4358
internal_count=16512 13735 7634 4535 6101 1642 2777 1479 3061 4459 4358
is_linear=0
shrinkage=0.1


end of trees

feature_importances:
Column_8=174
Column_7=171
Column_1=124
Column_6=118
Column_2=73
Column_3=22
Column_4=13
Column_5=10

parameters:
[boosting: gbdt]
[objective: regression]
[metric: rmse]
[tree_learner: serial]
[device_type: cpu]
[data_sample_strategy: bagging]
[data: data/california_housing.libsvm.train]
[valid: data/california_housing.libsvm.test]
[num_iterations: 5000]
[learning_rate: 0.1]
[num_leaves: 255]
[num_threads: 0]
[seed: 42]
[deterministic: 0]
[force_col_wise: 0]
[force_row_wise: 0]
[histogram_pool_size: -1]
[max_depth: 7]
[min_data_in_leaf: 10]
[min_sum_hessian_in_leaf: 0.001]
[bagging_fraction: 1]
[pos_bagging_fraction: 1]
[neg_bagging_fraction: 1]
[bagging_freq: 0]
[bagging_seed: 400]
[feature_fraction: 1]
[feature_fraction_bynode: 1]
[feature_fraction_seed: 30056]
[extra_trees: 0]
[extra_seed: 12879]
[early_stopping_round: 0]
[early_stopping_min_delta: 0]
[first_metric_only: 0]
[max_delta_step: 0]
[lambda_l1: 0]
[lambda_l2: 0]
[linear_lambda: 0]
[min_gain_to_split: 0]
[drop_rate: 0.1]
[max_drop: 50]
[skip_drop: 0.5]
[xgboost_dart_mode: 0]
[uniform_drop: 0]
[drop_seed: 17869]
[top_rate: 0.2]
[other_rate: 0.1]
[min_data_per_group: 100]
[max_cat_threshold: 32]
[cat_l2: 10]
[cat_smooth: 10]
[max_cat_to_onehot: 4]
[top_k: 20]
[monotone_constraints: ]
[monotone_constraints_method: basic]
[monotone_penalty: 0]
[feature_contri: ]
[forcedsplits_filename: ]
[refit_decay_rate: 0.9]
[tinygbdt_penalty_feature: 0.03125]
[tinygbdt_penalty_split: 0.03125]
[tinygbdt_forestsize: 64000]
[tinygbdt_precision: 7]
[cegb_tradeoff: 1]
[cegb_penalty_split: 0]
[cegb_penalty_feature_lazy: ]
[cegb_penalty_feature_coupled: ]
[path_smooth: 0]
[interaction_constraints: ]
[verbosity: 2]
[saved_feature_importance_type: 0]
[use_quantized_grad: 0]
[num_grad_quant_bins: 4]
[quant_train_renew_leaf: 0]
[stochastic_rounding: 1]
[linear_tree: 0]
[max_bin: 255]
[max_bin_by_feature: ]
[min_data_in_bin: 3]
[bin_construct_sample_cnt: 200000]
[data_random_seed: 175]
[is_enable_sparse: 1]
[enable_bundle: 1]
[use_missing: 1]
[zero_as_missing: 0]
[feature_pre_filter: 1]
[pre_partition: 0]
[two_round: 0]
[header: 0]
[label_column: ]
[weight_column: ]
[group_column: ]
[ignore_column: ]
[categorical_feature: ]
[forcedbins_filename: ]
[precise_float_parser: 0]
[parser_config_file: ]
[objective_seed: 16083]
[num_class: 1]
[is_unbalance: 0]
[scale_pos_weight: 1]
[sigmoid: 1]
[boost_from_average: 1]
[reg_sqrt: 0]
[alpha: 0.9]
[fair_c: 1]
[poisson_max_delta_step: 0.7]
[tweedie_variance_power: 1.5]
[lambdarank_truncation_level: 30]
[lambdarank_norm: 1]
[label_gain: ]
[lambdarank_position_bias_regularization: 0]
[eval_at: ]
[multi_error_top_k: 1]
[auc_mu_weights: ]
[num_machines: 1]
[local_listen_port: 12400]
[time_out: 120]
[machine_list_filename: ]
[machines: ]
[gpu_platform_id: -1]
[gpu_device_id: -1]
[gpu_use_dp: 0]
[num_gpu: 1]

end of parameters
