tree
version=v4
num_class=1
num_tree_per_iteration=1
label_index=0
max_feature_idx=8
objective=regression
feature_names=Column_0 Column_1 Column_2 Column_3 Column_4 Column_5 Column_6 Column_7 Column_8
feature_infos=none [0.49990000000000001:15.0001] [1:52] [0.88888888888888884:141.90909090909091] [0.33333333333333331:25.63636363636364] [3:35682] [0.69230769230769229:1243.333333333333] [32.549999999999997:41.950000000000003] [-124.34999999999999:-114.31]
tree_sizes=11160 11413 11492 11459 10828 11018 11193 10586 10292

Tree=0
num_leaves= 120
num_cat= 0
full_tree_array_lgbids= 0 1 2 5 3 4 10 9 11 6 7 16 13 20 33 15 14 35 21 37 8 19 17 44 18 39 29 77 64 34 46 45 53 27 52 49 59 54 31 70 38 12 36 22 25 24 51 80 67 96 23 72 74 63 60 99 79 89 105 82 112 -35 91 107 48 94 58 30 78 71 85 50 84 115 66 68 101 32 42 92 111 76 55 28 26 56 102 41 40 47 73 43 65 98 62 -2 93 75 -69 118 97 57 69 100 86 104 88 87 81 61 -62 110 114 103 95 90 113 -66 109 106 83 117 -114 -2147483648 -2147483648 108 116 -1 -109 -47 -50 -17 -96 -55 -60 -11 -32 -29 -80 -16 -73 -54 -87 -7 -52 -51 -86 -37 -117 -61 -68 -13 -70 -56 -103 -23 -34 -33 -44 -3 -94 -72 -113 -39 -78 -40 -57 -8 -30 -14 -28 -10 -58 -38 -104 -5 -43 -24 -42 -21 -49 -27 -75 -9 -45 -26 -67 -19 -100 -53 -64 -2147483648 -2147483648 -82 -95 -46 -77 -2147483648 -2147483648 -18 -120 -98 -99 -20 -59 -25 -71 -6 -102 -74 -88 -41 -106 -76 -90 -15 -89 -65 -83 -31 -63 -2147483648 -2147483648 -4 -112 -101 -116 -79 -105 -81 -97 -22 -92 -91 -115 -2147483648 -2147483648 -107 -111 -12 -108 -84 -85 -36 -119 -2147483648 -2147483648 -2147483648 -2147483648 -2147483648 -2147483648 -48 -110 -93 -118
split_feature= 1 1 1 6 6 3 2 1 7 1 1 1 6 1 6 3 2 6 6 2 2 6 3 1 2 8 8 8 1 2 7 7 8 1 2 7 7 1 2 6 7 6 8 7 1 4 5 7 7 8 6 8 6 6 7 5 8 7 7 7 6 2 8 1 7 8 7 7 2 4 3 8 2 6 2 6 8 4 8 6 5 6 4 8 8 8 7 4 6 4 8 2 8 2 4 8 7 8 7 5 5 8 7 2 8 8 5 8 1 2 8 8 7 5 8 8 4 8 5
split_gain= 6988.65 1686.14 1293.12 977.321 432.465 319.383 235.053 213.977 188.403 182.202 157.26 138.12 129.921 122.064 113.977 112.504 108.874 106.681 96.6758 86.5738 74.5487 68.2314 67.874 61.5524 59.8881 55.2896 51.7539 50.6043 45.8795 44.9702 41.0252 40.213 44.5043 34.7316 38.4383 34.6634 32.3318 32.2036 37.1822 31.916 30.8054 30.6655 30.3287 29.9121 29.5941 27.9473 27.1526 26.7413 26.3184 25.791 31.1414 25.1813 24.2864 23.5287 23.2647 21.9672 20.9647 20.7899 19.9165 19.7775 19.4256 19.6743 19.1008 17.8137 17.5026 17.3471 16.8645 16.1803 15.134 14.2443 13.8473 13.7853 13.7844 13.5529 13.4091 12.9192 10.8611 10.6636 10.0446 8.82856 8.70357 8.24926 7.69927 8.58276 7.63877 7.01382 6.86541 6.73599 6.54819 6.32557 8.68066 6.30375 6.27966 6.25911 5.96791 5.62136 5.20243 7.52991 5.04289 5.01995 4.77834 4.56681 4.34912 3.96484 3.87697 3.82186 3.74427 3.50313 3.37997 3.28235 3.21331 2.95673 2.35626 2.13153 1.8748 1.78596 1.56445 1.19359 0.572351
threshold= 5.0387000000000013 3.0679500000000002 6.8672000000000013 2.3489548886254448 2.671038674349933 4.3101408005062494 24.500000000000004 4.0775500000000013 37.815000000000005 2.2210000000000005 7.852450000000001 2.4115000000000006 1.9628175980828908 5.7307500000000013 2.4907552973342448 3.449226804123712 19.500000000000004 2.9005380231986346 2.0653737590585881 43.500000000000007 26.500000000000004 2.2906328481453726 5.1186051221335997 5.8308000000000009 41.500000000000007 -122.40499999999999 -117.88499999999998 -118.26499999999999 3.4298000000000006 27.500000000000004 37.815000000000005 34.525000000000013 -117.77499999999999 8.7395500000000013 28.500000000000004 35.335000000000008 37.995000000000012 3.5330000000000008 18.500000000000004 2.9742256672023202 34.415000000000006 3.0817415934345274 -120.44499999999998 38.545000000000009 5.6402500000000009 1.0291350557942953 139.50000000000003 38.435000000000009 34.045000000000009 -117.35499999999998 2.254419630548663 -122.33499999999999 3.458170981799539 2.10671797776953 37.945000000000007 534.50000000000011 -122.425 38.005000000000003 35.335000000000008 36.835000000000008 3.458170981799539 40.500000000000007 -117.75499999999998 6.2770500000000009 37.645000000000003 -122.28499999999998 38.925000000000004 37.955000000000005 26.500000000000004 1.0435797675926601 4.5820434769673541 -122.38499999999998 22.500000000000004 2.8079590171801518 16.500000000000004 2.5219735498882589 -118.26499999999999 1.0103851166134901 -117.145 2.5163636904584812 390.50000000000006 3.0089663118548242 1.0003353454057682 -117.81499999999998 -116.40499999999999 -117.79499999999999 37.925000000000004 1.0110829055585981 3.3663541575396478 1.0139026949414627 -118.26499999999999 20.500000000000004 -117.23499999999999 16.500000000000004 1.1538900096482767 -122.00499999999998 34.145000000000003 -122.25499999999998 38.235000000000007 1162.5000000000002 1614.5000000000002 -122.35499999999998 38.635000000000012 17.500000000000004 -121.36499999999999 -122.23499999999999 1203.5000000000002 -121.76499999999999 9.1688500000000008 35.500000000000007 -121.34499999999998 -121.81499999999998 37.805000000000007 868.50000000000011 -117.96499999999999 -120.34499999999998 0.92197646103896114 -118.07499999999997 1345.5000000000002
decision_type= 2 2 2 2 2 2 2 2 2 2 2 2 2 2 2 2 2 2 2 2 2 2 2 2 2 2 2 2 2 2 2 2 2 2 2 2 2 2 2 2 2 2 2 2 2 2 2 2 2 2 2 2 2 2 2 2 2 2 2 2 2 2 2 2 2 2 2 2 2 2 2 2 2 2 2 2 2 2 2 2 2 2 2 2 2 2 2 2 2 2 2 2 2 2 2 2 2 2 2 2 2 2 2 2 2 2 2 2 2 2 2 2 2 2 2 2 2 2 2
left_child=1 5 4 6 16 9 37 19 12 15 20 35 28 39 27 45 44 24 96 22 77 54 41 57 43 47 -14 30 -8 63 -11 32 -23 34 82 49 56 70 76 72 -24 -5 -33 -9 80 107 -35 -21 -47 50 -7 98 71 94 68 -40 -10 -20 -55 115 61 -31 -53 87 89 -26 -61 75 -13 -25 92 -16 100 -27 104 -46 -39 99 -29 103 -2 -65 106 -84 -51 -54 -74 -15 -76 90 -22 108 -3 -82 -17 -81 118 -98 -19 110 -6 -56 -38 -79 -41 -66 -12 -1 -48 -107 -4 -72 117 -91 -101 -37 -93 -36 -18
right_child=2 3 10 7 13 11 8 17 36 14 33 21 26 29 52 53 18 51 23 25 64 31 40 69 65 73 -28 78 -30 60 -32 42 -34 46 112 59 102 38 55 74 -42 -43 -44 -45 67 48 91 -49 -50 84 -52 62 85 58 101 -57 -58 -59 -60 66 -62 -63 -64 81 105 -67 -68 -69 -70 -71 111 -73 86 -75 88 -77 -78 79 -80 95 93 -83 83 -85 -86 -87 -88 -89 -90 113 -92 116 -94 -95 -96 -97 97 -99 -100 114 -102 -103 -104 -105 -106 109 -108 -109 -110 -111 -112 -113 -114 -115 -116 -117 -118 -119 -120
leaf_value= 2.0428115776403302 2.0322522439146704 2.0942646251487904 2.1970469771605763 2.0623490992633817 2.0788100563966578 2.0841138599801572 2.1965323452694219 2.0954689418246426 2.2142838774901663 2.1406373236940905 2.201214742644098 2.0345072442712553 2.1803908632616107 2.1096638881203256 2.1369577986748349 2.0163646038680656 2.3525946477884716 2.1269417179355425 2.1957668316364023 2.1654641714581091 2.3134738265400703 2.0423423215696768 2.0333915413355754 2.2374554972134808 2.2091709412441252 2.0795638084043055 2.0853910788377314 2.0653824157377607 2.2845502876908457 2.1919918556662772 2.0404662446165749 1.9910892755883369 1.9852344261613879 2.2256631944098948 2.3539183635514314 1.9734622437591023 2.0412401231857533 2.1091870245220798 2.0245249734293451 2.0834683157028921 2.0042626363250329 2.0299805008867327 1.9516641567416866 2.0321558591188165 2.2290802035057791 2.0195706739465327 2.2974192872479229 1.9921922446126408 2.0794739076624724 1.9685349276794362 1.9888444208027325 2.0588902430478546 2.0194666467334796 1.9876247733728514 2.048631191897333 2.1734629168237776 2.0951919498649194 2.087710141191141 1.9546252503190962 1.9717715616073146 2.0880122439150677 2.2838810687809143 2.0262876156140166 2.1854929355010166 2.2731583668156543 2.1356460584060457 1.9436251819951067 2.0902165239069102 2.0885806931844439 2.2872151599752977 2.0615003930585472 2.0468548239882924 2.1472471363027816 2.035621369557977 2.1070863956405002 2.1539228614650354 2.0673858812271733 2.2432252427681045 2.0052765696740975 2.261906623327202 2.1164124939581668 2.1474610484222523 2.299884311105183 2.2336177960559054 1.9309619655047523 1.9695393397118284 2.0833785607593032 2.1384854126492021 2.0785653826666226 2.3505294585180594 2.2209656433100169 2.3175530508989759 2.0101922421986527 2.1698756092870899 2.0851989775483477 2.2078495719740459 2.3441824260131363 2.24765874254427 2.0592165302409682 2.2186498283933367 2.1199560171028113 1.9934744660704813 1.9696822432512706 2.3295710676383008 2.0509785154122926 2.2451105803087024 2.2547846299662213 2.0031723742454979 2.3389576326004473 2.1657122381860678 2.1442219711450132 2.021195993752015 2.3036811097582559 2.3165633133534196 2.1745879558770809 1.9291164365278606 2.3598136219946544 2.3162255237335629 2.323062746309704
leaf_weight=27 9.9999999999999982 97 19 636 64 39 90 761 19 227 24 100 402 146 18 89 48 57 303 84 33 272 593 159 43 147 67 116 174 144 50 667 275 19 72 9.9999999999999982 66 141 10.999999999999998 56 943 545 277 83 72 114 27 9.9999999999999982 208 231 294 858 368 506 19 104 68 19 289 497 14.999999999999998 28 229 91 17 129 377 13.999999999999998 109 91 27 350 176 136 205 34 113 11.000000000000002 37 24 88 159 63 29 72 31 19 190 137 34 14.999999999999998 9.9999999999999982 9.9999999999999982 30 14.999999999999998 110 17 15.999999999999998 13.999999999999998 41 53 81 9.9999999999999982 10.999999999999998 118 12.000000000000002 31 154 84 9.9999999999999982 33 64 13.999999999999998 47 13.999999999999998 310 225 10.999999999999998 9.9999999999999982
leaf_count=27 10 97 19 636 64 39 90 761 19 227 24 100 402 146 18 89 48 57 303 84 33 272 593 159 43 147 67 116 174 144 50 667 275 19 72 10 66 141 11 56 943 545 277 83 72 114 27 10 208 231 294 858 368 506 19 104 68 19 289 497 15 28 229 91 17 129 377 14 109 91 27 350 176 136 205 34 113 11 37 24 88 159 63 29 72 31 19 190 137 34 15 10 10 30 15 110 17 16 14 41 53 81 10 11 118 12 31 154 84 10 33 64 14 47 14 310 225 11 10
model_size=13360
internal_value=2.07195 2.03789 2.19622 2.07259 2.15739 2.00039 2.1449 2.05251 2.17679 2.02716 2.28999 1.98123 2.19841 2.12609 2.05582 2.00269 2.2124 2.07655 2.23355 2.03561 2.24376 2.0009 2.02938 2.21831 2.10021 2.08053 2.16682 2.09704 2.25454 2.15468 2.12256 1.99203 2.01363 2.32271 2.29347 1.96188 2.07953 2.0945 2.11198 2.0994 2.01551 2.04741 1.97952 2.08924 2.15586 2.04057 2.34226 2.14703 2.05827 1.98076 2 2.0558 2.0327 1.98149 2.04369 2.15922 2.1212 2.18939 1.97563 1.95182 2.19741 2.20695 2.05202 2.14104 2.29582 2.15403 1.95963 2.19158 2.06271 2.25557 2.06193 2.05126 2.12468 2.05845 2.08412 2.20497 2.09059 2.2105 2.05085 2.22724 2.12237 2.1613 2.26119 2.279 1.95961 2.01559 2.14102 2.12596 2.09566 2.31361 2.28457 2.34866 2.08641 2.13 2.02629 2.21753 2.32933 2.29738 2.11359 2.18609 2.09745 2.00395 2.03182 2.2864 2.06144 2.23698 2.23141 2.00909 2.32885 2.20902 2.16352 2.03315 2.34239 2.33082 2.20743 1.9305 2.35802 2.34892 2.3475
internal_weight=0 12960 3552 6731 2512 6229 1463 5268 896 2599 1040 3630 733 1601 1197 1402 911 2174 663 3094 431 1800 2717 572 1016 377 469 430 264 773 277 1491 547 609 244 1830 163 567 369 828 1536 1181 944 844 248 503 365 94 322 636 333 1158 767 899 309 115 87 322 795 1194 187 172 1087 586 168 172 874 120 209 250 198 368 312 283 516 106 254 263 153 156 128 250 147 92 303 399 195 336 342 129 48 346 107 118 104 134 91 33 71 107 117 100 76 22 174 39 55 181 111 22 52 91 97 81 55 320 235 83 58
internal_count=16512 12960 3552 6731 2512 6229 1463 5268 896 2599 1040 3630 733 1601 1197 1402 911 2174 663 3094 431 1800 2717 572 1016 377 469 430 264 773 277 1491 547 609 244 1830 163 567 369 828 1536 1181 944 844 248 503 365 94 322 636 333 1158 767 899 309 115 87 322 795 1194 187 172 1087 586 168 172 874 120 209 250 198 368 312 283 516 106 254 263 153 156 128 250 147 92 303 399 195 336 342 129 48 346 107 118 104 134 91 33 71 107 117 100 76 22 174 39 55 181 111 22 52 91 97 81 55 320 235 83 58
is_linear=0
shrinkage=1


Tree=1
num_leaves= 117
num_cat= 0
full_tree_array_lgbids= 0 1 2 5 3 4 12 16 6 7 10 19 13 21 48 17 82 9 14 8 42 22 23 47 24 33 25 58 59 -14 71 26 39 83 112 18 52 15 38 30 11 54 96 28 34 32 44 86 67 104 35 55 69 65 61 92 68 80 79 -2147483648 -2147483648 93 72 60 27 78 62 107 110 115 -114 36 51 53 111 20 46 43 89 31 73 40 29 113 85 114 106 41 37 57 70 50 74 45 49 97 87 84 -69 105 109 64 66 56 75 99 76 91 88 63 -63 100 94 77 90 81 102 -61 95 -2147483648 -2147483648 -2147483648 -2147483648 101 108 103 98 -1 -62 -28 -29 -19 -80 -41 -64 -18 -109 -85 -112 -84 -117 -2147483648 -2147483648 -7 -38 -20 -53 -11 -55 -54 -113 -8 -22 -17 -48 -16 -45 -40 -91 -3 -33 -32 -75 -10 -42 -13 -31 -9 -115 -56 -87 -44 -116 -98 -108 -5 -43 -30 -39 -24 -59 -36 -72 -12 -52 -34 -76 -25 -47 -46 -51 -2 -99 -88 -89 -49 -86 -2147483648 -2147483648 -21 -107 -106 -111 -26 -66 -37 -68 -6 -58 -57 -77 -35 -101 -71 -78 -15 -93 -67 -90 -27 -65 -2147483648 -2147483648 -4 -102 -94 -96 -60 -79 -70 -92 -23 -83 -82 -104 -2147483648 -2147483648 -81 -97 -2147483648 -2147483648 -2147483648 -2147483648 -2147483648 -2147483648 -2147483648 -2147483648 -50 -103 -95 -110 -73 -105 -74 -100
split_feature= 1 1 1 6 6 6 7 7 2 8 1 6 1 1 8 7 7 8 6 2 8 2 2 6 6 2 7 8 3 8 8 7 2 6 8 1 7 7 8 2 8 6 8 7 8 7 7 1 5 7 7 7 8 6 7 7 8 7 1 7 8 6 1 2 7 1 1 7 8 2 7 6 1 7 3 8 7 4 6 8 4 8 7 8 6 7 5 2 6 3 7 6 4 2 8 3 1 6 7 1 5 8 6 6 1 6 2 4 1 5 1 1 1 3 8 2
split_gain= 5660.57 1369.66 1047.19 791.948 353.443 273.651 201.966 199.487 191.988 155.513 146.468 139.218 127.581 118.974 118.098 143.949 105.865 113.421 96.8133 86.6862 81.7826 81.7073 70.5638 66.7038 59.4854 56.4212 51.5382 66.7127 49.0185 46.2256 44.1719 53.2233 43.0515 42.2253 41.4558 35.207 33.6393 32.8386 32.6933 28.0676 27.2 26.9037 26.7905 25.8872 23.4312 23.9861 23.2166 22.3397 20.8054 20.1265 19.81 17.9892 16.8281 16.789 16.7294 16.3326 15.9527 15.6397 15.4533 15.4443 15.2407 14.2195 14.1002 13.5703 13.3264 13.1712 12.3696 11.8246 11.586 11.5794 11.5252 11.0913 12.6713 10.9977 9.4365 8.76442 8.53115 8.51644 8.2671 7.86463 7.4328 11.8759 7.36671 12.1831 7.14357 6.92832 6.80199 7.35924 6.76983 6.22376 5.80901 5.27502 5.18743 4.09002 3.64792 3.59771 3.21013 2.86795 2.76075 2.56655 2.51225 2.33615 2.29819 1.99872 1.91427 2.70323 1.56674 1.10981 1.07589 1.04801 1.02941 0.960643 0.780407 0.753696 0.702669 0.0962721
threshold= 5.0387000000000013 3.1097000000000006 6.8672000000000013 2.4136952392348086 2.5763869593405579 2.1628386478062818 34.455000000000005 37.935000000000009 24.500000000000004 -117.77499999999999 4.1119000000000012 1.9628175980828908 8.4454500000000028 5.8308000000000009 -121.63499999999998 37.895000000000003 37.945000000000007 -118.24499999999999 3.442186331338819 21.500000000000004 -122.31499999999998 26.500000000000004 44.500000000000007 2.9291766686969298 2.0653737590585881 27.500000000000004 34.655000000000008 -122.35499999999998 4.7926201822371182 -122.33499999999999 -118.29499999999999 34.155000000000008 42.500000000000007 2.9366774891774896 -122.40499999999999 5.5682000000000009 34.045000000000009 34.435000000000009 -119.84499999999998 28.500000000000004 -122.40499999999999 3.1424162072895592 -122.35499999999998 35.645000000000003 -121.46499999999999 37.915000000000006 38.675000000000004 5.6402500000000009 70.000000000000014 34.655000000000008 37.765000000000008 34.045000000000009 -116.53499999999998 2.8335312747426764 38.005000000000003 37.925000000000004 -117.91499999999998 38.155000000000008 7.3930000000000016 37.645000000000003 -118.37499999999999 3.458170981799539 2.2003500000000007 40.500000000000007 37.935000000000009 6.3350000000000009 6.3963500000000009 37.955000000000005 -117.71499999999999 14.500000000000002 37.735000000000007 3.1747392355722384 9.1688500000000008 33.695000000000007 6.0498344370860933 -122.19499999999998 37.875000000000007 1.0417933552053971 1.5104297674263547 -122.28499999999998 1.0139026949414627 -118.09499999999998 38.815000000000005 -122.26499999999999 2.5219735498882589 38.765000000000008 1140.5000000000002 15.500000000000002 3.0298305221858191 5.1947827066293142 33.045000000000009 3.1424162072895592 1.0097363099187924 20.500000000000004 -118.175 6.8391702402831678 4.0612500000000002 2.0376051459673437 37.485000000000007 5.2158500000000005 1162.5000000000002 -121.79499999999999 3.1519910337552743 3.5391140273339228 5.3736000000000006 1.8799668983343667 34.500000000000007 1.0373307138179437 9.1688500000000008 534.50000000000011 1.6111500000000001 2.3270500000000003 2.1072500000000005 4.7522009241563348 -121.52499999999999 24.500000000000004
decision_type= 2 2 2 2 2 2 2 2 2 2 2 2 2 2 2 2 2 2 2 2 2 2 2 2 2 2 2 2 2 2 2 2 2 2 2 2 2 2 2 2 2 2 2 2 2 2 2 2 2 2 2 2 2 2 2 2 2 2 2 2 2 2 2 2 2 2 2 2 2 2 2 2 2 2 2 2 2 2 2 2 2 2 2 2 2 2 2 2 2 2 2 2 2 2 2 2 2 2 2 2 2 2 2 2 2 2 2 2 2 2 2 2 2 2 2 2
left_child=1 5 4 7 19 16 9 8 30 18 22 40 21 33 15 20 17 26 36 47 -8 58 28 32 104 65 60 -28 41 -13 31 -3 50 55 57 64 -7 -30 43 78 -10 -5 54 -16 45 -25 -17 86 -14 -46 -12 -20 53 -11 113 56 -6 -24 92 80 -1 63 -41 -27 -26 91 -37 84 77 99 -36 93 103 -32 -34 -57 -71 -60 -19 -61 81 -23 83 107 -49 -56 97 -88 -67 -40 -70 -15 100 101 -94 -81 114 -2 -74 -35 -4 -50 -82 -73 105 -21 -98 -18 -95 -106 -85 -54 115 -9 -44 -84
right_child=2 3 12 10 13 6 14 42 11 52 23 29 48 25 38 46 82 39 51 24 -22 59 34 44 35 61 27 -29 37 -31 73 -33 74 69 70 66 -38 -39 89 62 -42 -43 96 -45 49 -47 -48 67 71 -51 -52 -53 111 -55 85 75 -58 -59 68 79 -62 -63 -64 -65 -66 88 -68 -69 90 76 -72 72 98 -75 -76 -77 -78 -79 -80 95 102 -83 112 110 -86 -87 87 -89 -90 -91 -92 -93 94 108 -96 -97 106 -99 -100 -101 -102 -103 -104 -105 109 -107 -108 -109 -110 -111 -112 -113 -114 -115 -116 -117
leaf_value= 0.12004633573159365 0.062226991122588518 0.13922680700818699 0.072784451375136505 0.0034526885907401779 0.075404580390038028 -0.028296137803472933 0.059045989572769034 0.073434524089097952 0.22363129605035315 -0.061943192205967147 0.021982394564230259 0.15200140062967937 0.10762568108427029 0.065720721988223638 -0.04406507964340154 -0.069216434904985663 -0.043138038553297522 -0.10687562200952978 -0.065454390534873716 0.24721251585904291 -0.044412958529335383 0.21821601656350223 0.086914337738907263 0.030477198241080378 0.11931676829390857 0.11920347212087722 0.12923717969437926 -0.010319021570052361 -0.032231015922305616 0.068068334948991935 0.016504864080099168 0.032567879023380715 0.060290220263644612 -0.037547862212009293 0.00083407082386541265 0.15569187857759881 0.013049518090156198 -0.058800488044297564 -0.13237924952979693 -0.056580343333383402 0.14707573651212263 -0.03598801625026745 -0.044217556581283235 -0.10068640641175929 -0.015255583482670965 -0.037837517231754547 -0.1113833193241352 0.14114013086538763 0.26015746423176361 -0.055307762242806785 -0.016821589142755541 -0.035308781839202996 -0.12861121245372442 -0.092715229559096557 0.013384131411090495 0.057807791382074362 0.02329359875109635 -0.047407381460070612 0.15009402242990644 0.23530060201883318 0.055957407419236355 0.015144229612567209 0.025112630911292389 0.18213537653287254 0.016562676749059133 0.104575224239927 0.20825195800799592 0.022553581930696967 0.16369913816452028 0.026152266231522465 -0.056458609286281804 0.13203350676016673 0.24838527891370987 -0.025804899650238522 0.12437126843198654 -0.018313374910281881 -0.019491425386451662 0.19829679463058711 -0.052142471921738258 0.090242392366582713 0.24398089357044386 0.11046037100828612 -0.1018202669620514 -0.099931189134007406 0.061977053912622593 -0.068002303530062952 0.045179397108800277 0.11826862490177155 0.069289553263621739 -0.11205386106652776 0.088962110881028442 0.039190486925253218 0.15214398428797724 0.24450300888103596 0.10854418575763702 0.16044784660997063 -0.0051073003560304642 0.0082018824666738512 0.18695162892341616 -0.0034182318784903897 0.11356742570642382 0.21838390084735135 0.19278721159154721 0.19218352556228638 0.21592323541641237 0.18810206519232855 -0.048934647177948674 0.001372672258703797 0.26138838175180795 0.25764768327154769 -0.072084685515424393 -0.10678100742399693 -0.081560493757327407 0.1177273417512576 -0.064468557221462594 -0.12175822854042054
leaf_weight=71 15.999999999999998 60 37 359 283 431 96 10.000000000000002 61 293 598 75 11.999999999999998 168 89 198 9.9999999999999982 34 673 17 381 55 76 188 166 159 41 214 855 552 143 218 101 34 181 156 368 1041 401 30 203 341 39 997 641 72 398 80 21 159 172 287 81 471 50 25 76 9.9999999999999982 104 11.999999999999998 81 10.999999999999998 77 45 13.999999999999998 102 65 11.999999999999998 15.999999999999998 445 45 18.000000000000004 45 113 31 42 47 60 181 10.999999999999998 115 12.999999999999998 25 21 13.999999999999998 13.999999999999998 34 25 129 261 35 151 41 68 43 29 24 35 9.9999999999999982 92 32 57 10.999999999999998 9.9999999999999982 9.9999999999999982 18 17 27 185 41 109 40 18 11.999999999999998 74 21
leaf_count=71 16 60 37 359 283 431 96 10 61 293 598 75 12 168 89 198 10 34 673 17 381 55 76 188 166 159 41 214 855 552 143 218 101 34 181 156 368 1041 401 30 203 341 39 997 641 72 398 80 21 159 172 287 81 471 50 25 76 10 104 12 81 11 77 45 14 102 65 12 16 445 45 18 45 113 31 42 47 60 181 11 115 13 25 21 14 14 34 25 129 261 35 151 41 68 43 29 24 35 10 92 32 57 11 10 10 18 17 27 185 41 109 40 18 12 74 21
model_size=13024
internal_value=0 -0.0306532 0.111843 0.00158441 0.076901 -0.0634427 -0.0720969 0.0611315 0.0753469 -0.0522257 -0.0187741 0.103784 0.19624 0.0535082 -0.0907212 -0.0645744 -0.0141767 0.00454183 -0.0350073 0.137097 -0.023591 0.167033 -0.0330328 0.00235965 0.160522 0.0835031 0.0396715 0.0121194 -0.0384442 0.0781082 0.0278982 0.0555878 0.0223913 0.0315291 0.0119928 0.144296 -0.00925333 -0.046819 -0.106771 -0.0398612 0.164765 -0.0157606 -0.0232724 -0.0960462 -0.0146862 0.0115593 -0.0973749 0.0842826 0.238336 -0.023216 0.0133145 -0.0564421 -0.0864486 -0.0809139 0.0216773 0.0558353 0.0643727 0.0712955 0.137155 0.21173 0.0858937 0.127051 0.00220806 0.133086 0.111325 0.0664798 0.171151 0.11726 0.154607 0.0147744 -0.0105738 0.242124 0.208979 -0.00217093 0.0753396 0.01009 0.021792 0.167729 -0.0607979 0.16287 0.224826 0.197616 -0.0732494 -0.0619767 0.12935 -0.00441915 0.0525047 0.0761494 0.0848702 -0.124366 0.112409 0.0531625 0.112631 0.250436 0.129825 0.141141 -0.0483742 0.0251509 0.237216 -0.0126278 0.0916983 0.229631 0.239512 0.153516 0.236177 0.216813 -0.0232796 -0.0106572 0.25685 0.249466 -0.076583 -0.121395 -0.102664 0.0975942 -0.0574793 -0.110922
internal_weight=0 12960 3552 6535 2512 6425 5465 1665 1425 2644 4870 891 1040 1809 2821 1073 960 729 1759 703 477 614 2908 1962 487 765 407 255 2596 627 534 278 902 1044 312 401 799 1896 1748 322 264 700 240 1086 1060 260 596 216 426 800 770 960 885 764 86 426 359 86 368 246 152 215 107 204 180 550 221 106 215 618 226 414 83 256 132 67 492 164 215 52 194 68 231 167 94 64 110 59 231 662 51 319 153 331 84 40 154 51 55 126 69 78 126 28 86 35 41 37 253 51 130 121 64 22 113 46
internal_count=16512 12960 3552 6535 2512 6425 5465 1665 1425 2644 4870 891 1040 1809 2821 1073 960 729 1759 703 477 614 2908 1962 487 765 407 255 2596 627 534 278 902 1044 312 401 799 1896 1748 322 264 700 240 1086 1060 260 596 216 426 800 770 960 885 764 86 426 359 86 368 246 152 215 107 204 180 550 221 106 215 618 226 414 83 256 132 67 492 164 215 52 194 68 231 167 94 64 110 59 231 662 51 319 153 331 84 40 154 51 55 126 69 78 126 28 86 35 41 37 253 51 130 121 64 22 113 46
is_linear=0
shrinkage=0.1


Tree=2
num_leaves= 118
num_cat= 0
full_tree_array_lgbids= 0 1 2 5 3 4 13 15 7 6 8 20 19 24 41 16 76 9 11 57 10 22 14 51 23 48 31 71 61 42 49 25 37 77 115 17 53 12 33 58 106 21 47 29 40 30 27 82 68 56 35 60 89 39 79 92 72 94 102 84 108 -43 97 54 26 65 64 109 111 -78 -117 44 34 88 62 18 46 43 86 59 73 -59 114 32 28 67 116 38 52 63 69 78 45 50 36 100 83 91 81 93 -58 70 66 75 98 90 104 55 87 80 113 -4 96 105 74 95 107 -63 103 99 85 110 -110 -2147483648 -2147483648 101 112 -1 -56 -27 -28 -18 -67 -39 -66 -17 -111 -79 -113 -2147483648 -2147483648 -2147483648 -2147483648 -7 -46 -19 -36 -11 -90 -55 -64 -9 -20 -14 -48 -13 -45 -35 -88 -3 -61 -60 -75 -2147483648 -2147483648 -108 -116 -8 -34 -23 -30 -12 -69 -49 -118 -5 -40 -31 -54 -24 -65 -42 -71 -10 -80 -32 -47 -16 -52 -29 -38 -2 -102 -84 -85 -53 -93 -70 -83 -22 -95 -2147483648 -2147483648 -25 -72 -37 -68 -6 -77 -62 -100 -50 -92 -91 -106 -21 -57 -41 -89 -33 -82 -81 -115 -2147483648 -2147483648 -94 -98 -73 -107 -74 -76 -26 -97 -96 -109 -2147483648 -2147483648 -104 -105 -15 -101 -86 -87 -44 -112 -2147483648 -2147483648 -2147483648 -2147483648 -2147483648 -2147483648 -51 -103 -99 -114
split_feature= 1 1 1 6 6 6 2 7 1 8 7 8 7 1 6 7 8 6 8 1 2 6 2 6 2 7 8 8 1 3 2 6 2 8 7 1 7 2 7 2 8 1 2 7 8 8 7 8 6 5 7 1 7 1 8 8 7 7 8 7 2 7 7 7 1 6 1 1 4 7 8 8 4 5 6 8 7 8 8 7 3 5 4 8 4 8 7 7 8 7 8 8 5 5 4 8 7 2 4 2 6 1 8 2 3 7 8 2 4 5 1 8 4 6 6 1 2
split_gain= 4589.99 1195.08 767.206 683.911 263.21 243.553 178.641 175.659 142.572 137.595 113.342 108.59 125.454 105.789 98.3675 91.3539 101.067 87.7736 68.662 67.0659 65.726 61.1807 58.6049 52.8992 48.1813 44.1469 62.9087 42.9713 41.8785 41.0381 34.9049 32.9197 31.1897 28.6794 28.5485 28.5364 24.583 23.4245 22.1917 21.8118 21.7208 21.6861 25.9658 21.5176 21.1947 20.9459 20.6027 20.2956 19.1495 18.1696 16.8706 15.8234 15.0122 14.7435 14.4649 14.4498 13.6306 12.0572 20.3223 15.9033 12.0273 11.0825 10.0813 9.14 8.5589 8.47289 8.37916 8.17157 7.42789 7.39166 7.04516 7.01776 7.85306 6.94876 6.50773 6.49519 6.31601 8.76721 6.26781 6.24673 6.04314 5.93401 5.35713 7.0776 5.3443 5.81795 5.19815 4.96327 4.94381 4.93102 7.28176 4.29087 4.13283 4.11097 3.73384 5.56665 3.60406 3.52897 2.8942 2.78347 2.70218 2.40497 2.26091 2.18718 1.98415 1.81619 1.68932 1.38575 1.35771 0.963533 0.924013 0.887653 0.828917 0.727993 0.60944 0.396612 0.143375
threshold= 5.1326000000000009 3.1792500000000001 6.8672000000000013 2.2982753493904258 2.6585924622132828 2.1628386478062818 19.500000000000004 34.455000000000005 4.0612500000000002 -117.77499999999999 37.815000000000005 -121.63499999999998 37.915000000000006 7.852450000000001 2.6829812717770039 37.935000000000009 -118.24499999999999 3.1336552646136835 -122.33499999999999 5.6851000000000012 21.500000000000004 1.9322222929778572 47.500000000000007 2.2038024706228287 26.500000000000004 34.655000000000008 -120.02499999999999 -121.895 3.8136000000000005 5.1822875816993479 26.500000000000004 3.0228140180430265 28.500000000000004 -119.94499999999998 34.035000000000004 5.7307500000000013 34.655000000000008 32.500000000000007 37.805000000000007 36.500000000000007 -122.29499999999999 8.7395500000000013 28.500000000000004 35.645000000000003 -118.395 -122.29499999999999 38.675000000000004 -122.03499999999998 3.1262267671728927 139.50000000000003 37.915000000000006 5.6402500000000009 38.675000000000004 2.2336500000000004 -118.37499999999999 -117.81499999999998 37.805000000000007 37.955000000000005 -118.29499999999999 34.175000000000004 37.500000000000007 37.645000000000003 33.625000000000007 37.795000000000009 2.2003500000000007 1.5104297674263547 6.3350000000000009 4.125700000000001 1.0671403331650682 35.375000000000007 -122.44499999999998 -122.00499999999998 0.95712370739180408 1627.5000000000002 2.5763869593405579 -117.24499999999999 38.815000000000005 -122.26499999999999 -117.18499999999999 37.965000000000011 6.0885186209439537 899.50000000000011 1.0271096002911728 -117.23499999999999 1.0003353454057682 -117.81499999999998 36.975000000000001 37.595000000000006 -116.53499999999998 37.985000000000007 -121.44499999999998 -121.895 962.50000000000011 459.50000000000006 1.0139026949414627 -118.26499999999999 37.895000000000003 20.500000000000004 1.0097363099187924 14.500000000000002 2.4716480639382667 11.055650000000002 -122.23499999999999 35.500000000000007 7.3584173399399555 33.885000000000012 -122.44499999999998 33.500000000000007 1.0330925810040332 1070.5000000000002 8.4454500000000028 -121.95499999999998 0.92197646103896114 3.2651338971106418 2.1218790036427619 2.1072500000000005 51.500000000000007
decision_type= 2 2 2 2 2 2 2 2 2 2 2 2 2 2 2 2 2 2 2 2 2 2 2 2 2 2 2 2 2 2 2 2 2 2 2 2 2 2 2 2 2 2 2 2 2 2 2 2 2 2 2 2 2 2 2 2 2 2 2 2 2 2 2 2 2 2 2 2 2 2 2 2 2 2 2 2 2 2 2 2 2 2 2 2 2 2 2 2 2 2 2 2 2 2 2 2 2 2 2 2 2 2 2 2 2 2 2 2 2 2 2 2 2 2 2 2 2
left_child=1 5 4 6 20 15 57 9 22 17 21 12 18 24 30 16 25 44 -9 48 51 32 29 56 71 54 -27 50 -23 38 78 39 -8 43 -19 70 -29 65 -5 55 63 42 84 -13 -7 -32 -14 67 60 -43 -16 82 -31 88 -1 -21 93 58 59 -3 75 94 -55 -24 -39 -18 -37 -12 91 -42 -25 92 105 -60 -74 -6 77 109 -10 80 -33 -70 100 -84 99 -86 -35 -41 -11 90 -50 -53 -4 -22 95 -26 -94 101 -62 -15 -2 -51 -63 -104 -91 -73 -59 -96 110 -17 -44 -79 -99 -81 -108 -78 -49
right_child=2 3 13 8 19 7 10 11 14 53 47 33 46 41 27 76 37 34 -20 31 23 28 40 35 61 26 -28 36 -30 52 45 79 -34 86 -36 66 -38 64 -40 87 69 49 108 -45 -46 -47 -48 116 89 97 -52 68 -54 62 -56 -57 -58 106 73 -61 98 102 -64 -65 -66 -67 -68 -69 81 -71 -72 72 74 -75 -76 -77 115 111 -80 113 -82 -83 83 -85 85 -87 -88 -89 -90 104 -92 -93 96 -95 107 -97 -98 112 -100 -101 -102 -103 103 -105 -106 -107 114 -109 -110 -111 -112 -113 -114 -115 -116 -117 -118
leaf_value= 0.1068667777857798 -0.029773532742491129 0.11244246131710467 0.094998341271032904 -0.012954766055067072 0.03904804307210516 0.039174311865980811 0.10055992074597341 0.055769185814065772 0.015868875872328637 -0.086157078849675078 0.01892996585942925 -0.038770673644688468 -0.060576024599195949 0.091061682867653232 0.041215240475263953 -0.023770024619443577 -0.095640406737456454 -0.057241798496994248 -0.03741104342599734 0.090674651693552738 0.16596416199908537 0.061270276997887445 0.082225101366639144 0.15264305543331874 0.19555258985721705 0.031326524401869518 -0.1078026027271622 -0.0052674903897241172 0.12236220009559602 -0.03866388889439 0.10927008126790708 0.024547044911822823 0.17717708189013814 -0.11323089896608279 -0.025459544633880324 0.13077036546723497 -0.034206035491365319 -0.039792691739664106 -0.061432652744433824 0.17165749197204908 0.019630265128621951 0.12261014392501431 0.1961816361120769 -0.089843510500372425 -0.0084882717356117299 0.046837898178233216 -0.099505151247659934 -0.050309949740767482 0.041076905020172638 0.19906519680488399 -0.0065092886501379246 0.12069657126752038 -0.069681992636555265 -0.050995066101442145 0.047902277209822777 0.039722701565463203 0.11483804276760888 -0.003129124641418457 -0.017192319161811118 0.030255156903253273 0.13618957485471453 0.16320224790012136 -0.079521282854736516 -0.023203472197055819 0.033222685401038878 -0.042509314519078807 0.17162342315880202 0.083009558991761878 0.078895139452069996 -0.030809023607449207 0.089432304000979096 0.078907748702913505 0.16105363935542605 0.033207962757501847 0.10334666084584804 -0.01102977550077823 -0.099830140432585854 -0.046051265929753969 -0.034393481848140554 0.023554088498808839 0.0577201322029713 0.14782320360342663 0.072537542768155369 -0.013530280410001675 0.18662725147746861 0.13017496512881641 -0.066446769223720933 0.096080338037931007 -0.1158266360430341 -0.047393595742491579 0.00090276532972221376 0.060670081832829653 0.1897752434015274 0.22311132733362268 0.18610598444938661 0.1187605733672778 0.11338914632797242 0.19594991683959961 0.071307807317689847 0.14402081268398387 0.041982419416308404 0.23598150919223657 0.14155763039986288 0.071152206547558314 0.011415665410459042 0.012326973947611723 -0.064141064686210544 0.2192649635885443 0.23466911464929582 0.020160133689641951 0.23418849025453842 -0.071736829622393167 0.23341029410892064 -0.014180859533371405 -0.027457587420940399 -0.073404442663821914 -0.022381890361959283
leaf_weight=85 13.000000000000002 31 11.999999999999998 1077 278 117 78 99 246 331 62 92 210 17 234 32 37 783 407 259 17 226 65 21 33 237 38 1024 228 1163 65 72 175 691 454 124 423 24 106 36 79 19 35 1017 517 357 412 32 63 82 113 18 187 249 87 74 17 15.999999999999998 118 112 13.999999999999998 17 272 9.9999999999999982 58 224 93 32 20 51 185 10.000000000000002 24 39 172 31 46 26 30 19 344 42 70 11.999999999999998 63 29 27 12.999999999999998 76 26 207 51 24 83 25 14.999999999999998 9.9999999999999982 9.9999999999999982 19 38 11.999999999999998 29 12.000000000000002 9.9999999999999982 9.9999999999999982 10.999999999999998 19 56 48 9.9999999999999982 13.999999999999998 113 225 15.999999999999998 14.999999999999998 18 10.999999999999998
leaf_count=85 13 31 12 1077 278 117 78 99 246 331 62 92 210 17 234 32 37 783 407 259 17 226 65 21 33 237 38 1024 228 1163 65 72 175 691 454 124 423 24 106 36 79 19 35 1017 517 357 412 32 63 82 113 18 187 249 87 74 17 16 118 112 14 17 272 10 58 224 93 32 20 51 185 10 24 39 172 31 46 26 30 19 344 42 70 12 63 29 27 13 76 26 207 51 24 83 25 15 10 10 19 38 12 29 12 10 10 11 19 56 48 10 14 113 225 16 15 18 11
model_size=13136
internal_value=0 -0.0263462 0.105521 0.0045769 0.0727899 -0.0556069 0.0728888 -0.0636477 -0.0110186 -0.0456707 0.0978308 -0.0806757 -0.0562254 0.176616 0.00631676 -0.0109043 0.00568376 -0.0300289 -0.0191801 0.0480272 0.119928 0.113996 -0.0267964 0.139294 0.138619 0.0370896 0.0121014 -0.00610605 0.0919508 -0.0309754 0.0382459 0.0668628 0.153556 -0.0957714 -0.0455772 0.122759 -0.0137271 -0.0352446 -0.0172985 0.0886202 0.0248396 0.203507 0.180174 -0.0856066 0.000307505 0.0564542 -0.0863619 0.0144076 0.0238142 0.219105 0.0256738 0.0759882 -0.0429605 -0.0772073 0.0770417 0.079352 0.199076 0.0127431 0.020469 0.048072 0.0402776 0.180659 -0.0658878 0.068168 0.0118523 -0.0500413 0.148279 0.0407443 0.0996427 -0.000157456 0.0958761 0.111765 0.103989 -0.0046725 0.110413 0.0340241 -0.0643922 -0.0544897 0.0104056 0.048434 0.0519786 0.125588 0.047028 0.0599423 0.153425 0.168833 -0.111472 0.151606 -0.0916973 0.00541386 0.0102767 0.0763292 0.148445 0.213396 0.195086 0.171555 0.167309 0.224404 0.0988334 0.127652 0.00466932 0.20871 0.13294 0.109555 -0.0310577 0.0440321 -0.0336122 0.209031 0.220713 -0.0133105 0.207041 -0.0669323 0.231816 0.00630383 -0.0479572 -0.0923979 -0.0431656
internal_weight=0 13213 3299 6424 2259 6789 1194 5754 5230 2799 844 2955 1128 1040 2492 1035 790 1871 506 1481 778 707 2738 540 431 447 275 1794 454 2533 698 833 253 1827 1237 423 1447 343 1183 382 205 609 244 1109 634 422 622 137 648 365 347 238 1350 928 172 333 117 350 300 143 342 168 521 75 82 261 217 94 131 130 206 263 217 157 196 309 245 181 276 451 416 62 107 82 147 92 718 49 407 306 270 69 46 100 129 48 34 346 33 55 25 111 39 22 36 21 50 81 97 42 49 139 235 35 34 64 43
internal_count=16512 13213 3299 6424 2259 6789 1194 5754 5230 2799 844 2955 1128 1040 2492 1035 790 1871 506 1481 778 707 2738 540 431 447 275 1794 454 2533 698 833 253 1827 1237 423 1447 343 1183 382 205 609 244 1109 634 422 622 137 648 365 347 238 1350 928 172 333 117 350 300 143 342 168 521 75 82 261 217 94 131 130 206 263 217 157 196 309 245 181 276 451 416 62 107 82 147 92 718 49 407 306 270 69 46 100 129 48 34 346 33 55 25 111 39 22 36 21 50 81 97 42 49 139 235 35 34 64 43
is_linear=0
shrinkage=0.1


Tree=3
num_leaves= 115
num_cat= 0
full_tree_array_lgbids= 0 1 2 6 3 4 11 17 13 5 8 15 12 23 39 26 43 36 21 7 34 16 14 48 22 29 25 79 65 40 44 27 104 52 112 70 42 49 30 28 9 47 96 33 24 19 31 81 63 100 32 51 68 62 56 95 80 90 98 73 99 -41 89 41 66 110 -106 54 53 113 -114 71 107 60 64 77 50 88 69 76 38 10 18 106 75 -36 109 37 57 35 55 20 45 46 87 -2 82 74 -65 103 -102 61 59 58 72 86 83 85 84 67 92 97 105 94 93 91 -92 101 -100 78 -75 108 111 -2147483648 -2147483648 102 -91 -1 -43 -29 -68 -28 -112 -2147483648 -2147483648 -19 -56 -54 -55 -45 -115 -2147483648 -2147483648 -8 -73 -72 -109 -38 -62 -44 -66 -15 -79 -51 -52 -23 -90 -32 -71 -3 -78 -30 -40 -9 -12 -11 -20 -7 -108 -49 -77 -2147483648 -2147483648 -98 -111 -5 -39 -35 -59 -18 -37 -26 -57 -10 -22 -21 -47 -16 -48 -33 -89 -2147483648 -2147483648 -83 -84 -50 -76 -2147483648 -2147483648 -17 -105 -2147483648 -2147483648 -24 -63 -34 -61 -6 -60 -53 -74 -31 -88 -70 -85 -14 -87 -64 -86 -27 -69 -58 -94 -4 -99 -97 -107 -81 -96 -82 -95 -25 -93 -2147483648 -2147483648 -67 -103 -2147483648 -2147483648 -13 -80 -2147483648 -2147483648 -42 -110 -101 -113 -2147483648 -2147483648 -2147483648 -2147483648 -46 -104 -2147483648 -2147483648
split_feature= 1 1 1 6 6 7 3 8 1 8 7 1 1 1 6 2 3 6 7 7 8 6 6 2 2 2 7 8 7 6 3 8 1 6 8 7 6 7 2 1 2 6 7 8 5 8 7 7 1 2 6 7 7 8 8 8 8 8 8 7 8 7 1 7 5 7 8 3 2 7 8 7 8 4 8 7 7 6 6 4 6 5 2 7 6 5 8 7 6 6 4 8 3 8 2 5 1 8 3 7 4 2 2 5 6 8 3 7 8 2 8 8 8 2
split_gain= 3721.31 916.301 684.686 578.393 236.015 174.938 174.652 147.069 144.395 85.7027 141.5 85.4336 78.5308 71.0002 58.7517 57.0913 52.3156 52.1183 47.642 42.0044 47.4772 40.2996 39.6543 38.7701 38.4172 38.2982 34.0791 34.3952 29.41 28.5533 27.0784 24.9744 22.9751 22.1903 21.3592 20.8232 19.8572 18.3319 18.2745 17.5785 22.6086 17.1267 17.0964 16.9803 16.1267 15.9773 15.368 14.8471 14.2649 14.2438 18.1837 13.5433 12.6155 16.0927 14.7338 12.5973 11.1174 11.0701 10.8414 10.1556 10.0656 10.0567 9.85414 8.97597 8.88561 8.7209 8.45447 8.39877 7.98511 7.69889 7.13902 9.55637 7.10926 6.63293 6.21691 5.97184 5.83356 5.80725 5.80024 5.69061 5.25709 5.09109 5.61076 5.08685 4.32861 3.99082 3.81003 3.60196 3.406 3.19438 2.80716 3.45638 2.7187 2.65414 2.54058 2.47618 2.12147 1.92474 1.60215 1.38429 1.32287 1.19534 1.10659 1.05722 0.834199 0.803328 0.787746 0.769672 0.594855 0.327857 0.25157 0.196931 0.162309 0.263901
threshold= 5.0387000000000013 2.7820000000000005 6.8672000000000013 2.4136952392348086 2.5763869593405579 37.935000000000009 3.8792159595040387 -122.33499999999999 3.8346500000000003 -117.99499999999999 34.155000000000008 7.852450000000001 5.8308000000000009 2.2210000000000005 3.016322398451238 21.500000000000004 4.8809487864875196 2.8941056667066012 33.695000000000007 37.875000000000007 -122.21499999999999 2.2982753493904258 2.0653737590585881 26.500000000000004 44.500000000000007 27.500000000000004 37.935000000000009 -118.21499999999999 37.765000000000008 3.0298305221858191 4.3645181386446135 -117.79499999999999 5.5682000000000009 3.2651338971106418 -122.35499999999998 34.415000000000006 2.2038024706228287 37.915000000000006 47.500000000000007 9.1688500000000008 28.500000000000004 1.6125326273398461 34.105000000000011 -117.79499999999999 70.000000000000014 -122.40499999999999 37.795000000000009 38.005000000000003 5.6402500000000009 26.500000000000004 1.9322222929778572 37.955000000000005 34.595000000000006 -121.48499999999999 -118.27499999999999 -122.40499999999999 -117.96499999999999 -122.24499999999999 -118.22499999999998 37.615000000000002 -118.31499999999998 37.935000000000009 6.3350000000000009 37.955000000000005 252.50000000000003 37.645000000000003 -117.13499999999998 6.8025928032261413 15.500000000000002 34.715000000000011 -117.01499999999999 38.895000000000003 -122.19499999999998 1.1341727378312747 -118.01499999999999 39.425000000000004 37.595000000000006 1.5681615996735363 2.788985387372485 1.0103851166134901 2.5163636904584812 416.50000000000006 16.500000000000004 32.795000000000009 3.1174424219910848 1480.5000000000002 -121.36499999999999 33.885000000000012 3.102783329035586 3.5724599197268012 1.0579855072463773 -117.93499999999999 6.8768377815489048 -122.00499999999998 17.500000000000004 1162.5000000000002 3.6100000000000003 -121.34499999999998 7.4865982383344258 37.805000000000007 1.0801460222890127 39.500000000000007 18.500000000000004 639.50000000000011 2.3489548886254448 -117.96499999999999 4.6437571666840416 33.915000000000006 -118.00499999999998 32.500000000000007 -122.41499999999998 -122.26499999999999 -117.02499999999999 28.500000000000004
decision_type= 2 2 2 2 2 2 2 2 2 2 2 2 2 2 2 2 2 2 2 2 2 2 2 2 2 2 2 2 2 2 2 2 2 2 2 2 2 2 2 2 2 2 2 2 2 2 2 2 2 2 2 2 2 2 2 2 2 2 2 2 2 2 2 2 2 2 2 2 2 2 2 2 2 2 2 2 2 2 2 2 2 2 2 2 2 2 2 2 2 2 2 2 2 2 2 2 2 2 2 2 2 2 2 2 2 2 2 2 2 2 2 2 2 2
left_child=1 6 4 5 15 7 17 28 16 10 -9 23 29 36 19 48 33 26 -11 20 -10 49 100 79 35 62 27 41 76 51 88 46 61 37 47 -18 70 -5 -30 40 73 -1 60 52 -41 -21 -16 106 81 77 -51 58 54 -54 -19 -26 67 -35 -6 -34 -38 -24 85 74 -44 90 -29 -27 86 -32 71 -8 -53 78 -50 -49 -3 -15 -13 95 94 -2 -83 -70 -64 -14 -31 -33 -23 102 91 -25 -58 -82 -81 97 -36 -4 101 108 103 -67 -46 -17 110 -97 -7 -72 -42 -98 -28 -101 113 -45
right_child=2 3 11 8 12 34 13 9 14 18 -12 39 25 21 31 22 24 43 -20 45 -22 30 32 65 55 56 104 66 38 68 69 87 59 57 96 -37 42 -39 -40 44 99 -43 64 112 89 -47 -48 75 63 50 -52 72 53 -55 -56 -57 92 -59 -60 -61 -62 -63 84 -65 -66 98 -68 -69 83 -71 107 -73 -74 -75 -76 -77 -78 -79 -80 80 93 82 -84 -85 -86 -87 -88 -89 -90 -91 -92 -93 -94 -95 -96 105 109 -99 -100 111 -102 -103 -104 -105 -106 -107 -108 -109 -110 -111 -112 -113 -114 -115
leaf_value= 0.096972020839651438 -0.029410534203052521 0.16188762138287227 0.093680617291676371 -0.0017794249081382802 0.062907810304166659 0.05621218207292257 -0.039095300456948499 0.10302297268814571 0.086378735529653958 0.031067623423730536 0.029784600203435648 0.16919558748919916 0.030055143708717421 -0.094832492958415643 -0.0063362508246932433 0.14168096721172332 -0.035211460067593084 -0.01040279738496519 -0.039069588524599873 0.020126509667736377 0.013492420934882805 -0.022666009496617363 0.097614228897391409 0.17331692697036835 0.049579749305156018 0.097109678677952616 -0.037881465561010623 -0.017503054867395097 0.10442203067500017 0.012437685198439997 -0.057011223484747423 -0.035460645894591629 0.15236547519793597 0.03256564759043977 -0.053417405057402834 -0.058371910420019595 -0.017696538879810011 -0.060090355037665757 0.19919910452195577 0.084602099284529692 0.20887866893216323 0.016228300375734649 -0.054579130161488271 -0.067776451716499944 0.19343523760052289 -0.034686082660972638 -0.04178951556483905 0.0024859231802743719 0.12995042579494559 0.04989444237823288 -0.024312951768153668 0.043963789939880371 -0.032308194524718122 -0.10274793692489169 -0.04405569349109828 -0.015199839405433136 0.0093370236394306003 -0.037609505368787044 0.030555467570882251 0.10182392806337591 -0.075778082995252183 0.00655294620831098 0.083871084796495687 0.011048428528010846 -0.096585135462816982 0.12685556551989385 -0.067822281833814113 0.14366548305317281 -0.049159703575647799 -0.075589385870119902 -0.088015808910131457 -0.086521366220272955 -0.02228159964627897 0.21830519835154216 0.07541558080148407 -0.084595010280609131 0.082656261103378759 -0.037231254218058028 0.1255464657347222 0.12335313467139544 0.13925708215683699 0.032877930582446216 0.086594289564527582 0.018474867722837574 0.054452032473954297 0.054205307027754883 -0.026235859135814599 -0.061917336623331432 -0.045978484249071166 0.14724099852822045 0.20297460170353163 0.10816001702438703 0.084314726516604432 0.098193450145084751 0.19973196278918873 0.10809112852666436 -0.02079464897551403 0.047248694232918997 0.16064309835433963 0.19350470423698418 0.20872076139217471 0.075267592010398718 0.21201033905638217 0.18891082542283197 -0.09704000155131022 0.070456977710793053 0.10667130534465497 -0.13158409541303462 0.1713309395313263 -0.041860867072162883 -0.070904502027521008 0.15348268151283265 -0.10941405395666759 -0.090028245389461525
leaf_weight=30 9.9999999999999982 11.999999999999998 19 658 253 10.000000000000002 178 446 99 284 653 47 163 22 847 9.9999999999999982 648 206 150 72 1066 133 166 84 42 128 10.999999999999998 135 29 45 351 130 164 25 126 1047 34 61 77 11.999999999999998 92 299 57 31 68 239 150 69 53 48 119 28 68 67 399 127 15.000000000000002 495 194 57 484 13.999999999999998 121 11.999999999999998 1044 17.000000000000004 49 62 12.999999999999998 778 24 61 48 11.999999999999998 41 9.9999999999999982 74 169 122 11.000000000000002 24 68 32 374 110 156 89 114 170 10.999999999999998 34 10.999999999999998 9.9999999999999982 110 10.999999999999998 41 49 33 9.9999999999999982 10.000000000000002 41 11.999999999999998 213 35 18 13.999999999999998 12.999999999999998 10.999999999999998 9.9999999999999982 42 38 11.999999999999998 11.999999999999998 50
leaf_count=30 10 12 19 658 253 10 178 446 99 284 653 47 163 22 847 10 648 206 150 72 1066 133 166 84 42 128 11 135 29 45 351 130 164 25 126 1047 34 61 77 12 92 299 57 31 68 239 150 69 53 48 119 28 68 67 399 127 15 495 194 57 484 14 121 12 1044 17 49 62 13 778 24 61 48 12 41 10 74 169 122 11 24 68 32 374 110 156 89 114 170 11 34 11 10 110 11 41 49 33 10 10 41 12 213 35 18 14 13 11 10 42 38 12 12 50
model_size=12800
internal_value=0 -0.0248553 0.0906883 -0.00344311 0.0624252 0.0423449 -0.057898 0.0549485 -0.019524 0.0445925 0.0595065 0.158954 0.0432912 -0.0693858 -0.00265371 0.111662 -0.0342956 -0.0279549 0.00682665 0.0109035 0.0196862 -0.0550431 0.130747 0.124757 -0.0449466 0.0677303 -0.00479753 0.00404526 0.137634 0.0253833 -0.062605 -0.0187782 0.117425 -0.0182719 -0.0258096 -0.0495176 -0.0829481 -0.00672653 0.17327 0.183156 0.165887 0.0235909 -0.0872293 -0.0440789 0.200482 -0.0219964 -0.0116702 0.0124944 0.0686324 -0.0247953 -0.00298388 0.0420744 -0.038922 -0.0672672 -0.032597 0.00089923 0.103816 -0.0342357 0.0488667 0.13933 -0.0719658 0.0905317 0.0536239 0.0953962 -0.0944104 0.162593 -0.0309033 0.112302 0.00862808 -0.0698135 -0.0576517 -0.0511999 0.0021246 0.143031 0.106164 -0.00853698 0.0937118 -0.043866 0.137686 0.100588 0.113445 0.0428419 0.0500672 0.0162029 0.069862 0.0418653 -0.0132485 -0.0478216 -0.0357456 0.205245 0.175578 0.165772 0.0393281 0.105548 0.161543 0.0818437 -0.0438142 0.0642142 0.119646 0.19925 0.192863 0.105509 0.207515 0.178415 -0.0725043 0.0985115 0.0847326 -0.101709 0.205198 -0.0305175 -0.0634912 0.171675 -0.0851124 -0.0815121
internal_weight=0 12960 3552 7864 2512 2044 5096 1725 5820 1533 1099 1040 1809 3683 2717 703 3103 1413 434 1476 1165 1790 487 431 1864 765 580 513 192 1044 1432 1241 401 1239 319 1695 1893 719 106 609 305 329 1619 833 304 311 997 102 216 358 167 523 740 135 605 169 215 520 447 221 518 180 550 106 1101 168 184 190 521 1129 274 239 76 181 94 79 86 191 169 263 156 110 100 387 231 319 134 244 303 292 129 95 25 134 22 107 217 52 39 124 86 29 281 45 67 55 23 35 102 91 49 22 93 81
internal_count=16512 12960 3552 7864 2512 2044 5096 1725 5820 1533 1099 1040 1809 3683 2717 703 3103 1413 434 1476 1165 1790 487 431 1864 765 580 513 192 1044 1432 1241 401 1239 319 1695 1893 719 106 609 305 329 1619 833 304 311 997 102 216 358 167 523 740 135 605 169 215 520 447 221 518 180 550 106 1101 168 184 190 521 1129 274 239 76 181 94 79 86 191 169 263 156 110 100 387 231 319 134 244 303 292 129 95 25 134 22 107 217 52 39 124 86 29 281 45 67 55 23 35 102 91 49 22 93 81
is_linear=0
shrinkage=0.1


Tree=4
num_leaves= 109
num_cat= 0
full_tree_array_lgbids= 0 2 1 5 3 4 6 20 16 7 8 13 18 15 29 23 54 68 19 38 12 9 21 40 14 32 44 50 57 35 48 24 104 59 -56 99 69 36 26 73 41 17 43 10 30 28 66 71 47 46 27 84 33 53 81 58 85 101 63 90 98 -31 65 39 55 -25 -106 91 60 -2147483648 -2147483648 100 -101 77 78 37 95 82 52 74 102 88 49 22 25 80 -45 42 11 31 72 51 56 -23 93 -2 83 62 61 89 70 34 75 105 97 45 94 67 -55 87 107 -3 76 -52 86 -17 -103 64 96 103 92 -37 106 -2147483648 -2147483648 79 -67 -1 -41 -26 -57 -2147483648 -2147483648 -2147483648 -2147483648 -22 -93 -61 -62 -2147483648 -2147483648 -2147483648 -2147483648 -7 -102 -2147483648 -2147483648 -70 -79 -71 -80 -18 -39 -38 -97 -21 -84 -28 -54 -4 -76 -75 -104 -40 -90 -43 -51 -9 -24 -19 -27 -14 -82 -2147483648 -2147483648 -5 -44 -12 -13 -11 -33 -32 -74 -10 -53 -30 -58 -2147483648 -2147483648 -68 -95 -2147483648 -2147483648 -73 -85 -42 -64 -49 -63 -15 -91 -48 -72 -16 -36 -29 -77 -6 -107 -86 -99 -34 -47 -35 -96 -20 -69 -2147483648 -2147483648 -46 -89 -83 -109 -2147483648 -2147483648 -60 -78 -2147483648 -2147483648 -87 -88 -2147483648 -2147483648 -2147483648 -2147483648 -59 -66 -65 -98 -8 -105 -92 -94 -2147483648 -2147483648 -100 -108 -2147483648 -2147483648 -2147483648 -2147483648 -50 -81 -2147483648 -2147483648
split_feature= 1 1 1 6 6 3 1 2 8 7 8 7 7 2 6 2 1 1 1 6 6 7 8 7 8 6 3 1 8 2 8 7 2 8 7 1 7 2 1 6 5 2 8 8 6 7 4 6 5 1 6 6 1 2 8 8 8 6 4 3 1 1 2 7 8 7 5 4 6 7 7 8 1 7 8 6 2 8 8 1 8 7 7 1 4 3 8 8 7 6 4 5 8 7 3 7 8 8 3 8 7 1 6 5 6 8 1 8
split_gain= 3033.5 803.112 551.462 434.74 247.783 141.19 125.768 112.955 84.7754 114.392 120.192 91.441 78.7607 78.6099 79.9748 59.301 58.0959 56.2888 47.2002 43.8986 42.272 34.9593 30.9193 28.3998 35.9797 27.559 26.0668 24.5028 23.8313 20.983 20.3071 35.8447 19.9766 20.8981 19.7928 17.9268 17.7673 18.2737 16.0594 15.2014 14.3044 14.0511 13.7398 13.7336 13.5983 13.3328 12.4971 11.9385 11.8022 11.3382 11.2975 10.8471 10.6628 9.93787 9.91329 9.49702 9.31641 8.91454 8.41408 8.33857 7.61693 7.55619 6.83315 6.80361 8.44425 6.70099 6.4938 6.36517 6.34743 6.26653 5.99575 5.70858 5.66645 5.54188 11.1941 5.40663 5.39822 5.19861 4.75085 4.70321 4.69067 4.42691 4.39974 4.29756 3.86936 3.78742 4.0509 3.57008 3.53224 3.48362 3.43541 3.35079 3.28896 3.11617 2.88525 2.47722 2.45752 2.36948 1.89433 1.65175 2.35818 1.46608 1.03176 0.897638 0.802944 0.445862 0.26562 0.0697133
threshold= 4.5301500000000017 6.3963500000000009 2.7820000000000005 2.2634687595142249 2.735488224282792 3.8792159595040387 7.7055000000000016 24.500000000000004 -117.79499999999999 37.945000000000007 -122.21499999999999 34.525000000000013 37.815000000000005 21.500000000000004 2.1628386478062818 26.500000000000004 1.9486000000000003 3.4883000000000002 5.6042500000000013 2.2906328481453726 3.0973600929976173 33.655000000000008 -122.33499999999999 37.935000000000009 -118.21499999999999 2.0231950334409352 4.3645181386446135 5.5682000000000009 -117.16499999999998 18.500000000000004 -122.425 38.735000000000007 16.500000000000004 -117.50499999999998 37.935000000000009 8.7395500000000013 37.945000000000007 26.500000000000004 3.3627000000000002 2.0231950334409352 774.50000000000011 16.500000000000004 -122.44499999999998 -122.04499999999999 3.1424162072895592 37.915000000000006 1.0181992504140156 2.0509070328557395 139.50000000000003 4.2118000000000011 2.6585924622132828 2.5102460737381374 2.5205000000000006 42.500000000000007 -117.79499999999999 -117.13499999999998 -116.11499999999999 2.2820667453403218 0.95712370739180408 3.0522493994321906 1.7507000000000001 5.3063000000000011 17.500000000000004 37.645000000000003 -122.06499999999998 37.955000000000005 198.50000000000003 1.0167919415867082 2.0231950334409352 34.525000000000013 37.805000000000007 -122.11499999999999 3.6100000000000003 35.645000000000003 -118.395 2.4652231585518112 8.5000000000000018 -118.31499999999998 -119.84499999999998 9.1688500000000008 -122.48499999999999 37.815000000000005 34.595000000000006 5.3736000000000006 0.99348180144455467 5.94511539128926 -122.00499999999998 -121.91499999999998 37.985000000000007 2.0653737590585881 1.0003353454057682 2536.5000000000005 -117.83499999999999 34.715000000000011 6.2144426020714691 39.505000000000003 -122.40499999999999 -121.46499999999999 6.7403703703703712 -117.07499999999997 38.515000000000008 7.3930000000000016 1.7937987955083712 1250.5000000000002 2.3489548886254448 -121.36499999999999 11.055650000000002 -121.96499999999999
decision_type= 2 2 2 2 2 2 2 2 2 2 2 2 2 2 2 2 2 2 2 2 2 2 2 2 2 2 2 2 2 2 2 2 2 2 2 2 2 2 2 2 2 2 2 2 2 2 2 2 2 2 2 2 2 2 2 2 2 2 2 2 2 2 2 2 2 2 2 2 2 2 2 2 2 2 2 2 2 2 2 2 2 2 2 2 2 2 2 2 2 2 2 2 2 2 2 2 2 2 2 2 2 2 2 2 2 2 2 2
left_child=2 4 5 7 13 20 15 38 9 10 42 -12 17 40 46 50 68 22 32 36 23 28 -9 24 39 -19 82 34 51 35 31 -11 84 45 -16 90 37 -18 73 -1 71 88 -5 80 53 -34 89 62 -31 -43 58 -10 -28 67 59 -26 -30 101 -3 91 -61 -49 -42 64 -59 79 -23 -20 99 77 -48 -2 -32 74 -4 -29 -60 -70 -71 -50 -14 87 -21 -73 105 -52 -87 -46 -40 -15 103 -22 -92 -68 -35 -38 -65 -86 -37 100 -7 -17 -75 -8 -25 -6 -100 -83
right_child=1 6 3 8 18 16 29 12 21 30 11 -13 43 14 27 57 19 25 44 26 54 66 -24 104 55 -27 52 75 56 48 72 -33 33 94 -36 98 95 -39 41 -41 47 49 -44 -45 81 -47 70 61 65 -51 85 -53 -54 -55 -56 -57 -58 63 76 60 -62 -63 -64 96 -66 -67 93 -69 69 78 -72 83 -74 102 -76 -77 -78 -79 -80 -81 -82 107 -84 -85 97 86 -88 -89 -90 -91 92 -93 -94 -95 -96 -97 -98 -99 106 -101 -102 -103 -104 -105 -106 -107 -108 -109
leaf_value= 0.048698992302268748 0.075478605056802428 0.027787626331502741 0.057763551533222206 0.082353106413223645 -0.011159560311099758 -0.028444031989851667 0.060617427332770257 0.13415289926564408 0.055156082132210342 0.014819267773798304 0.001527938055008501 -0.03386829242702092 0.06273416646111471 0.13196397711490762 0.071263196083967487 0.19270275899342129 -0.036078779179652458 0.13948427162164551 0.036218405732481217 -0.032966246859571974 -0.027595257637058869 0.017166652753949168 0.040913052307843839 -0.057142050273488378 -0.017496169492805087 0.079795136181120246 -0.073505961593255051 0.12683987896163743 -0.03843681807582728 0.083900901526212698 -0.060425553610167583 -0.067206734228465292 0.024817707597042223 -0.053272704706462316 0.010837658637683489 0.11752516537904741 -0.047230335436243977 0.012503623809785614 0.0056033752101029679 0.0049595355315744999 0.072004934810101992 0.033330676561942503 0.037071174099045388 -0.043014782900903742 0.070604347949847587 -0.015263766500948354 0.17782326387156042 0.024031422495200124 0.16845829137828616 0.12347159706713523 0.022370493184361195 -0.010466429766122286 -0.055818111569733354 0.14907000288367273 -0.078852706817643989 -0.06456795415895826 -0.10239087961338185 0.18944695938018064 0.05642511773515832 -0.067803777858488651 -0.037342863721594288 0.059406695746602949 0.16028107565182906 0.14252373874187471 0.12962499437675734 0.10219421985630806 -0.066804769825737145 0.066877523265500768 -0.01879220634698868 -0.083150226635840999 0.098468034217755004 -0.021190875609872973 -0.04228519278224737 -0.068633242167140313 -0.020805040733169088 0.092052135964879753 0.13779915414052085 -0.075180184201491321 -0.10233633553280551 0.1910105467977978 0.0078006706673835156 0.0018622717354446648 -0.056963219808611444 0.025514298226111211 0.012710906164099773 0.10535658837126738 0.069754152096711194 0.025594494345757932 -0.044497622756753119 0.070794683930120977 0.14484220917026203 0.0071934795463267642 0.096307099610567104 -0.10486278102315705 -0.011320715795821943 -0.084125052546632717 0.083101576136243416 -0.01082080278055839 0.16495241796384094 -0.088279758832033942 -0.07095252821842829 0.13851898670196536 -0.031814692644592454 0.10283785462379456 -0.089681713012131792 -0.038543961957240337 0.18919131071479234 -0.032795399187930993
leaf_weight=125 11.999999999999998 10.999999999999998 25 117 23 43 21 42 36 138 1944 1185 26 29 476 35 169 178 143 341 116 9.9999999999999982 278 49 147 144 960 77 297 14.999999999999998 428 90 794 43 64 9.9999999999999982 144 155 128 253 40 124 180 51 24 99 109 148 225 17 18 109 593 11.999999999999998 70 68 27 31 10.999999999999998 118 396 122 12.999999999999998 11.999999999999998 157 12.999999999999998 436 164 20 481 11.999999999999998 59 364 19 88 154 64 357 221 210 61 16.000000000000004 123 39 75 44 308 227 20 19 36 49 34 29 41 29 41 251 61 17 30 9.9999999999999982 49 18 22 65 27 13.999999999999998
leaf_count=125 12 11 25 117 23 43 21 42 36 138 1944 1185 26 29 476 35 169 178 143 341 116 10 278 49 147 144 960 77 297 15 428 90 794 43 64 10 144 155 128 253 40 124 180 51 24 99 109 148 225 17 18 109 593 12 70 68 27 31 11 118 396 122 13 12 157 13 436 164 20 481 12 59 364 19 88 154 64 357 221 210 61 16 123 39 75 44 308 227 20 19 36 49 34 29 41 29 41 251 61 17 30 10 49 18 22 65 27 14
model_size=12128
internal_value=0 0.0671981 -0.0273465 -0.00834262 0.0406178 -0.0521082 0.130524 0.0448398 -0.0206762 -0.0148702 -0.00608742 -0.0118772 0.0682566 0.0733523 0.0896745 0.102075 -0.0624472 0.0830638 0.018044 -0.0538241 -0.0251594 -0.0480209 0.0531508 -0.00661654 0.000640099 0.112791 -0.0604431 0.0759502 -0.0284339 0.162031 -0.0443701 -0.0175594 0.00784654 0.0158027 0.0641017 0.135064 -0.0269619 -0.0128372 0.00597786 0.0194236 0.0379184 0.0209664 0.0549095 -0.000629164 0.0416852 0.0203742 0.152286 0.0488177 0.174087 0.0441987 0.0795354 0.00582606 -0.066752 0.0562257 -0.041598 -0.032384 -0.0437663 0.138011 0.11332 -0.0377573 -0.0443358 0.0400158 0.0936576 0.130047 0.139489 0.177107 -0.0673605 0.0525966 -0.0809916 -0.08325 0.169953 0.00591399 -0.0520883 -0.0179542 -0.00342261 0.103648 0.125864 -0.0721888 -0.0891903 0.179346 0.0242176 0.0251783 -0.0393275 -0.00260412 -0.0109293 0.0716828 0.0742045 0.0298982 -0.00116703 0.107751 0.10654 -0.0172641 0.121268 -0.0691783 -0.0327961 -0.053415 0.0965557 -0.00540707 0.166791 -0.0539158 -0.0459133 0.180662 -0.0421022 0.0801038 -0.0672248 -0.0313867 0.172389 -0.0143113
internal_weight=0 4776 11736 6640 3364 5096 1412 1250 5390 4446 3426 3129 780 1373 940 742 3683 642 1991 2514 1413 944 320 664 593 322 2017 771 469 670 1020 228 1391 977 540 207 497 324 470 378 433 289 297 138 600 893 169 323 463 141 456 145 1553 319 749 215 324 286 86 679 514 270 53 241 188 448 475 307 1169 1079 121 110 792 181 113 231 75 377 702 435 87 281 464 98 414 370 352 251 148 48 109 165 70 465 84 173 53 326 98 90 73 45 68 39 71 88 88 30
internal_count=16512 4776 11736 6640 3364 5096 1412 1250 5390 4446 3426 3129 780 1373 940 742 3683 642 1991 2514 1413 944 320 664 593 322 2017 771 469 670 1020 228 1391 977 540 207 497 324 470 378 433 289 297 138 600 893 169 323 463 141 456 145 1553 319 749 215 324 286 86 679 514 270 53 241 188 448 475 307 1169 1079 121 110 792 181 113 231 75 377 702 435 87 281 464 98 414 370 352 251 148 48 109 165 70 465 84 173 53 326 98 90 73 45 68 39 71 88 88 30
is_linear=0
shrinkage=0.1


Tree=5
num_leaves= 110
num_cat= 0
full_tree_array_lgbids= 0 1 3 4 2 5 27 15 8 6 12 19 17 32 51 46 21 9 10 55 7 18 26 60 24 39 43 58 76 -29 82 47 69 64 25 14 49 11 31 56 97 13 37 20 22 40 42 73 61 62 38 44 71 79 67 72 85 93 95 -2147483648 -2147483648 103 87 74 -49 83 70 -17 81 30 66 29 48 50 108 16 34 33 54 57 65 101 107 36 28 45 100 75 -22 23 35 41 84 102 53 92 80 68 -63 99 -64 52 59 63 78 -41 98 86 90 -45 89 77 91 -60 106 94 96 -78 -97 -2147483648 -2147483648 -2147483648 -2147483648 104 105 88 -89 -1 -76 -2147483648 -2147483648 -48 -85 -71 -72 -2147483648 -2147483648 -66 -83 -23 -32 -27 -68 -6 -31 -16 -50 -11 -52 -51 -110 -10 -18 -13 -36 -12 -35 -33 -56 -3 -59 -58 -67 -57 -103 -99 -109 -8 -38 -15 -30 -9 -47 -39 -102 -4 -77 -2147483648 -2147483648 -20 -25 -24 -37 -14 -43 -42 -86 -28 -104 -44 -55 -2 -94 -75 -82 -62 -70 -2147483648 -2147483648 -21 -101 -2147483648 -2147483648 -26 -54 -40 -61 -7 -65 -46 -80 -2147483648 -2147483648 -73 -100 -19 -88 -81 -92 -2147483648 -2147483648 -69 -91 -5 -79 -74 -93 -2147483648 -2147483648 -87 -108 -34 -96 -95 -98 -2147483648 -2147483648 -2147483648 -2147483648 -2147483648 -2147483648 -2147483648 -2147483648 -2147483648 -2147483648 -2147483648 -2147483648 -53 -106 -105 -107 -84 -90 -2147483648 -2147483648
split_feature= 1 1 6 1 6 6 2 7 7 8 8 7 1 6 6 1 8 1 8 2 7 2 6 7 6 7 6 1 8 8 8 8 2 7 7 8 1 7 1 7 8 7 8 2 6 8 3 5 2 8 7 5 8 2 7 7 8 7 8 7 4 8 7 4 4 7 8 7 5 1 4 8 4 2 1 2 7 6 8 1 8 6 6 6 7 7 8 1 2 7 7 7 7 3 6 1 8 1 3 5 7 5 5 4 4 2 1 8 3
split_gain= 2461.95 715.659 396.43 356.095 164.628 128.261 112.19 95.0289 94.3507 99.3484 94.0256 95.6136 72.6363 65.5392 63.5767 58.0323 50.748 45.7279 45.657 45.2292 35.4496 34.9421 32.3485 32.3913 28.8393 28.6177 27.1135 26.7881 26.6022 25.6855 24.8875 24.5621 23.6837 20.0663 18.0522 16.0909 15.5568 15.1033 15.0113 13.8237 11.9935 12.5891 11.9583 11.4542 11.386 11.2759 10.9448 12.4886 10.7961 10.5791 14.0908 9.87477 8.7874 8.40276 7.95848 7.87429 11.2646 14.6479 7.3967 7.38525 7.38194 10.0469 7.33669 7.21333 6.60762 6.48715 6.34453 5.13445 5.10222 4.93824 5.70981 4.91645 4.91537 4.64401 4.40879 4.20425 3.94044 3.86625 3.56579 3.37191 3.35726 3.34017 3.16809 3.14059 3.1352 2.98509 2.90195 2.34346 3.20731 2.00906 1.96119 1.68351 1.66469 1.63311 4.02784 1.59793 1.46216 1.27404 1.00972 0.940541 0.696012 0.650551 0.441724 0.408761 1.04441 0.805519 0.402957 0.0972125 0.00981993
threshold= 5.2771000000000017 3.3277500000000004 2.4469862317432325 7.3930000000000016 2.1628386478062818 2.7472725830126556 19.500000000000004 37.815000000000005 34.455000000000005 -117.77499999999999 -121.63499999999998 37.895000000000003 4.5301500000000017 2.0231950334409352 3.442186331338819 2.2948000000000004 -122.31499999999998 6.2770500000000009 -122.38499999999998 21.500000000000004 38.735000000000007 21.500000000000004 2.8079590171801518 37.735000000000007 2.2038024706228287 37.815000000000005 2.8335312747426764 8.7395500000000013 -117.16499999999998 -118.395 -122.27499999999999 -120.09499999999998 28.500000000000004 35.955000000000005 38.675000000000004 -117.79499999999999 3.8769000000000005 38.495000000000012 6.3350000000000009 37.955000000000005 -117.56499999999998 37.925000000000004 -122.33499999999999 28.500000000000004 3.1424162072895592 -122.425 3.5590287573586119 1933.5000000000002 29.500000000000004 -116.53499999999998 33.905000000000008 70.000000000000014 -117.87499999999999 38.500000000000007 37.235000000000007 37.945000000000007 -118.29499999999999 34.175000000000004 -117.71499999999999 37.615000000000002 1.0671403331650682 -117.23499999999999 37.805000000000007 1.0646557958336251 0.94567382432957647 33.715000000000011 -122.08499999999999 33.885000000000012 850.50000000000011 1.9486000000000003 1.2673166455403788 -122.21499999999999 1.0463314946500961 16.500000000000004 1.5053500000000002 49.500000000000007 37.805000000000007 2.9878418329637846 -121.46499999999999 6.8672000000000013 -122.02499999999999 1.6538990040802002 3.3020568950930627 2.0231950334409352 33.965000000000011 33.045000000000009 -122.21499999999999 11.055650000000002 11.500000000000002 34.235000000000007 33.515000000000008 34.225000000000001 34.885000000000012 6.3652809400434434 2.6485137608459874 7.7055000000000016 -117.91499999999998 3.9221500000000007 6.3892341673671602 431.50000000000006 38.895000000000003 781.50000000000011 837.50000000000011 0.96074150184091123 0.94567382432957647 8.5000000000000018 8.2050500000000017 -122.48499999999999 6.2524147859199415
decision_type= 2 2 2 2 2 2 2 2 2 2 2 2 2 2 2 2 2 2 2 2 2 2 2 2 2 2 2 2 2 2 2 2 2 2 2 2 2 2 2 2 2 2 2 2 2 2 2 2 2 2 2 2 2 2 2 2 2 2 2 2 2 2 2 2 2 2 2 2 2 2 2 2 2 2 2 2 2 2 2 2 2 2 2 2 2 2 2 2 2 2 2 2 2 2 2 2 2 2 2 2 2 2 2 2 2 2 2 2 2
left_child=1 4 6 5 15 19 55 13 9 14 11 16 18 36 29 46 -10 39 20 60 75 64 23 -20 62 30 40 32 -15 -6 -23 33 58 -12 -13 -24 -8 45 52 44 41 -14 102 79 63 -9 47 74 -16 50 -11 -29 -26 -44 -33 56 57 -3 72 -40 73 68 99 -7 -17 -58 -27 -45 -62 83 -71 -41 77 92 -1 -4 93 -5 -46 86 -75 -66 103 -48 -42 -60 -19 88 -84 -69 -81 -74 -2 94 -34 -78 -95 101 -73 -21 -39 -57 -28 104 -53 -105 -87 -99 -51
right_child=3 2 12 27 8 17 7 37 10 49 31 34 26 28 48 21 -18 43 22 24 -22 25 35 -25 38 66 42 51 -30 -31 -32 54 76 -35 -36 -37 -38 100 59 71 84 -43 53 67 78 -47 69 -49 -50 108 -52 82 -54 -55 -56 97 65 -59 85 -61 61 -63 -64 -65 81 -67 -68 89 -70 70 -72 98 91 80 -76 -77 95 -79 -80 90 -82 -83 87 -85 -86 106 -88 -89 -90 -91 -92 -93 -94 96 -96 -97 -98 107 -100 -101 -102 -103 -104 105 -106 -107 -108 -109 -110
leaf_value= -0.037768557195120789 0.037845849626076719 0.095512749982828452 0.030734152181539687 0.12034207001860653 0.03525347111116741 0.037511168839864995 0.093912411884923511 0.065804757107049236 0.051560837814019482 -0.042588490137060175 -0.019127250464511254 -0.039901348338977773 0.042809144034482452 0.065923705999855892 -0.017747112498058323 0.064537356197834017 -0.021528294929353601 0.11320354104042055 0.0053633700322361089 0.12197133809328081 -0.068640994244358614 0.11510848378719285 -0.02313451657627829 -0.038319462038849929 0.088041358758055147 0.0067089811095273968 0.075052673871127462 0.066594173262516654 -0.039221479371190075 -0.008955958814459106 0.032837922691901708 -0.08725581678123244 0.16509619832038877 -0.065726873587129947 -0.074439388812996096 -0.04651253445533729 0.13989198897601809 -0.023109514909711752 0.13248942820496407 0.02545001976982211 0.0016896809310174268 -0.001137727637894365 -0.0057962300514163108 0.039564894015590352 0.037955714214319987 0.0044773365916704298 -0.045188216116618024 0.07862463425844908 -0.042854167869409272 -0.090163627621673403 -0.069004859948814765 0.16350525101025901 0.028446148460110027 0.036180026005757482 -0.047562459180681194 -0.069708066682020828 0.010730152469434179 0.018901553279448327 0.11106614365297206 0.08304581127089003 0.05418897798841095 -0.004695084889729818 0.078095131424757158 0.073567349812652491 -0.053400553724296945 -0.030521361773403796 -0.047898784367010949 0.13867454137653112 0.10534562876018194 -0.03716275535109563 0.023697478945056596 -0.067224492728710172 0.16130741089582445 0.10626701458412058 0.0048102674397358779 0.065751404527640139 0.074227069020271277 0.083313096655716359 0.012858546479053433 0.12733575545251372 0.045832768913645017 -0.016994988435330108 0.15256921518594024 -0.079286991833494261 -0.058688486849560462 0.043179072704046001 0.049630883425727426 0.1809198552911932 0.079081895550092068 0.095215691962549767 0.070832587029768287 0.12028626406358348 0.0029419409809634091 0.17373913625876111 0.081097431074489246 0.13741418917973836 0.12580948248505594 0.021112265928902411 -0.018905440504578028 0.16807103514671329 -0.057991469899813332 -0.025858850295430631 0.037744250963706615 0.13617756962776184 0.11331161639907145 0.17171297435667002 0.084355598688125616 -0.015495801789705485 -0.070064658928482279
leaf_weight=67 54 33 160 70 163 307 149 50 122 487 107 253 380 600 241 9.9999999999999982 468 9.9999999999999982 727 9.9999999999999982 36 43 1480 230 320 51 12.999999999999998 11.999999999999998 26 831 340 775 20.000000000000004 1014 430 395 164 55 132 33 33 86 778 11.999999999999998 97 93 110 15.999999999999998 821 105 387 30 30 57 61 11.999999999999998 134 137 17 46 36 14.999999999999998 12.999999999999998 79 41 65 47 32 65 127 21 9.9999999999999982 28 17 53 57 10.000000000000002 71 276 9.9999999999999982 39 156 16.000000000000004 52 17 31 228 10.999999999999998 14.999999999999998 31 112 36 36 93 10.999999999999998 18 11.999999999999998 10.999999999999998 55 85 18 29 44 14.999999999999998 10.999999999999998 255 10.999999999999998 30 31
leaf_count=67 54 33 160 70 163 307 149 50 122 487 107 253 380 600 241 10 468 10 727 10 36 43 1480 230 320 51 13 12 26 831 340 775 20 1014 430 395 164 55 132 33 33 86 778 12 97 93 110 16 821 105 387 30 30 57 61 12 134 137 17 46 36 15 13 79 41 65 47 32 65 127 21 10 28 17 53 57 10 71 276 10 39 156 16 52 17 31 228 11 15 31 112 36 36 93 11 18 12 11 55 85 18 29 44 15 11 255 11 30 31
model_size=12240
internal_value=0 -0.018135 0.00726727 0.0822487 -0.0389867 0.0614304 0.0499613 0.0665467 -0.0453221 -0.0326944 -0.0573087 -0.0360478 -0.00799348 0.0803724 -0.0200177 -0.00381217 -0.00641495 0.0411801 -0.0166391 0.0905654 0.0244831 0.0145497 -0.0203128 -0.00513512 0.10512 0.0295332 0.0109495 0.139742 0.0615567 -0.00170632 0.0420746 -0.0711386 0.122472 -0.0612789 -0.0616456 -0.0280595 0.118004 0.00644334 0.0953321 0.0276385 0.029511 0.0346988 0.000212137 0.0678587 0.0323563 0.0259205 -0.0321372 -0.00748202 -0.0371566 -0.0584997 -0.0542854 0.159994 0.0829332 -0.00293079 -0.0843595 0.00748635 0.0140796 0.0337731 0.103563 0.119712 0.0552345 0.07524 0.152972 0.0448905 -0.020267 -0.00274396 -0.0194805 0.104854 0.0871116 -0.0429537 -0.0285272 -0.00889993 0.113103 0.0393397 -0.0189629 0.0399322 0.15291 0.101696 0.0193852 0.0601513 0.0641789 -0.0245718 0.163169 -0.0561335 -0.0188389 0.0704167 0.052302 0.133749 0.117011 0.11729 0.075464 0.138233 0.0238843 0.160746 0.13529 0.114847 0.168261 -0.0221834 -0.0263391 0.163218 -0.0317105 -0.0386928 0.0462532 0.167142 0.150039 0.169739 0.0539634 -0.00567413 -0.0855822
internal_weight=0 13529 6099 2983 7430 2190 1606 1155 6296 3066 3230 1273 4493 939 2056 1134 590 1292 3085 898 253 688 2832 957 636 481 1408 793 626 994 383 1957 428 1121 683 1875 313 216 528 857 516 466 892 435 759 143 446 136 1062 1010 874 365 350 835 836 451 369 170 264 178 262 116 108 386 207 199 98 75 101 310 148 98 205 146 120 217 164 141 373 360 56 197 353 162 50 59 238 42 31 63 122 64 90 136 31 28 105 82 65 95 73 41 57 311 41 270 42 41 136
internal_count=16512 13529 6099 2983 7430 2190 1606 1155 6296 3066 3230 1273 4493 939 2056 1134 590 1292 3085 898 253 688 2832 957 636 481 1408 793 626 994 383 1957 428 1121 683 1875 313 216 528 857 516 466 892 435 759 143 446 136 1062 1010 874 365 350 835 836 451 369 170 264 178 262 116 108 386 207 199 98 75 101 310 148 98 205 146 120 217 164 141 373 360 56 197 353 162 50 59 238 42 31 63 122 64 90 136 31 28 105 82 65 95 73 41 57 311 41 270 42 41 136
is_linear=0
shrinkage=0.1


Tree=6
num_leaves= 114
num_cat= 0
full_tree_array_lgbids= 0 2 1 5 3 4 6 24 16 11 7 17 20 14 40 31 45 42 27 47 15 10 8 38 25 29 35 64 60 41 71 57 36 74 58 90 43 52 39 48 89 19 63 21 26 9 12 -2 50 51 54 79 32 73 44 70 88 61 72 77 -43 98 105 68 93 55 -38 92 -76 75 102 91 103 46 66 53 110 95 80 49 82 101 112 33 30 96 -65 28 22 34 109 18 13 23 59 -2147483648 -2147483648 69 76 56 83 104 67 107 84 37 94 86 81 62 -46 87 78 99 97 106 65 -62 100 -8 85 -2147483648 -2147483648 108 111 -73 -107 -1 -70 -59 -95 -33 -57 -2147483648 -2147483648 -26 -94 -2147483648 -2147483648 -47 -77 -60 -104 -7 -93 -92 -105 -44 -48 -45 -68 -18 -55 -54 -112 -29 -97 -41 -82 -4 -51 -50 -84 -49 -103 -91 -114 -13 -35 -21 -32 -17 -98 -2147483648 -2147483648 -5 -30 -23 -24 -12 -36 -28 -111 -9 -20 -11 -15 -10 -25 -14 -61 -2147483648 -2147483648 -2147483648 -2147483648 -40 -71 -52 -78 -19 -58 -53 -85 -27 -106 -56 -69 -6 -109 -81 -86 -31 -39 -34 -96 -22 -88 -75 -83 -37 -64 -2147483648 -2147483648 -3 -89 -72 -80 -66 -101 -90 -99 -16 -108 -63 -67 -2147483648 -2147483648 -74 -102 -2147483648 -2147483648 -79 -87 -2147483648 -2147483648 -2147483648 -2147483648 -42 -110 -100 -113 -2147483648 -2147483648 -2147483648 -2147483648
split_feature= 1 1 1 6 6 3 1 8 7 8 7 2 8 8 2 7 1 2 6 1 1 8 7 7 6 4 7 6 6 2 4 1 8 6 8 2 8 7 5 3 8 7 6 7 6 3 8 7 8 7 1 6 7 6 6 6 4 3 1 7 7 6 2 8 6 3 5 5 4 6 4 1 8 2 8 7 1 3 2 4 7 8 6 8 7 2 5 2 1 8 8 7 5 2 3 6 8 8 6 6 3 1 6 6 7 7 8 5 4 2 7 3 1
split_gain= 2000.36 476.871 410.852 296.117 162.181 95.7443 88.694 81.4697 129.793 110.665 92.6249 80.8606 64.4374 48.3843 46.7339 46.1827 42.7855 39.4253 37.2885 36.0991 33.8003 32.9181 33.7905 31.393 28.5717 25.4833 24.2069 22.0922 21.4355 21.0142 20.5395 19.8598 19.1303 18.1076 16.5682 15.7206 15.0789 13.2807 13.2207 13.1581 11.7645 11.8114 11.239 11.1869 10.4226 10.069 9.89741 9.72065 23.9864 18.0876 9.61929 9.54688 9.29172 9.59679 8.69874 8.36488 8.24806 8.20523 7.34148 7.27691 7.12336 7.59315 7.05902 6.9439 6.90778 6.88604 6.81808 6.70738 6.51807 6.47431 6.35545 6.23673 5.75258 5.59373 5.25257 5.12023 5.05493 4.94004 4.63082 4.57879 4.21297 4.1644 4.06869 3.81588 3.79525 3.61663 3.47074 3.35766 3.33629 3.17683 3.1707 5.54009 3.06129 2.86217 2.77191 2.71866 2.09712 2.02947 1.99811 1.82187 1.74535 1.73426 1.71493 1.53733 1.53053 1.19613 0.807386 0.795805 0.74835 0.569499 0.44782 0.268534 0.136985
threshold= 4.6754000000000007 6.3350000000000009 2.7820000000000005 2.2147445135257553 2.5219735498882589 3.8792159595040387 7.852450000000001 -121.85499999999998 34.455000000000005 -118.28499999999998 37.935000000000009 24.500000000000004 -119.94499999999998 -117.56499999999998 26.500000000000004 37.815000000000005 2.2948000000000004 21.500000000000004 2.8195662241432546 3.4883000000000002 5.6042500000000013 -122.29499999999999 37.555000000000007 37.275000000000013 2.8941056667066012 1.0423757776567768 38.735000000000007 2.3407828762060774 2.611582225416218 16.500000000000004 1.0217055928535637 1.6618000000000002 -117.65499999999999 1.6125326273398461 -122.38499999999998 32.500000000000007 -117.22499999999998 37.915000000000006 390.50000000000006 4.3645181386446135 -118.00499999999998 38.275000000000013 2.2038024706228287 35.335000000000008 3.458170981799539 3.0522493994321906 -118.31499999999998 37.595000000000006 -118.30499999999999 34.175000000000004 5.8308000000000009 2.4530432249902163 37.945000000000007 1.5104297674263547 2.1496330815790889 2.0231950334409352 0.96771928234867721 2.8086964849735749 2.2336500000000004 34.885000000000012 37.615000000000002 2.5763869593405579 48.500000000000007 -122.02499999999999 2.6585924622132828 6.4673777210027508 170.50000000000003 459.50000000000006 0.96263268965298388 2.2352443515477258 1.0311268519754926 10.027200000000002 -122.425 15.500000000000002 -118.22499999999998 34.525000000000013 6.0497500000000004 5.5003382949932353 14.500000000000002 1.0196292490795449 39.285000000000004 -117.22499999999998 1.6538990040802002 -122.24499999999999 33.695000000000007 21.500000000000004 1417.5000000000002 23.500000000000004 6.8672000000000013 -122.425 -117.07499999999997 38.895000000000003 2536.5000000000005 19.500000000000004 6.8025928032261413 2.5102460737381374 -122.48499999999999 -122.00499999999998 2.6775496909791765 3.0089663118548242 6.7645078233313543 3.5792000000000006 4.0313335151349889 1.7937987955083712 34.085000000000008 33.645000000000003 -118.395 1314.5000000000002 1.0611263140950238 25.500000000000004 39.595000000000006 7.8431155458356123 4.0941500000000008
decision_type= 2 2 2 2 2 2 2 2 2 2 2 2 2 2 2 2 2 2 2 2 2 2 2 2 2 2 2 2 2 2 2 2 2 2 2 2 2 2 2 2 2 2 2 2 2 2 2 2 2 2 2 2 2 2 2 2 2 2 2 2 2 2 2 2 2 2 2 2 2 2 2 2 2 2 2 2 2 2 2 2 2 2 2 2 2 2 2 2 2 2 2 2 2 2 2 2 2 2 2 2 2 2 2 2 2 2 2 2 2 2 2 2 2
left_child=2 4 5 11 17 24 14 10 9 18 21 47 23 -11 64 19 42 38 -9 33 29 28 -23 -10 31 51 34 52 -5 79 -21 57 37 -13 -12 73 55 -31 -2 95 41 77 90 46 62 74 -44 48 49 -4 69 56 53 -18 104 -33 -19 68 75 -14 61 106 -37 96 70 -63 -45 -56 -1 -40 87 98 -62 86 92 -47 -52 -8 -72 107 -41 -75 -50 -53 -81 -79 -22 -3 99 101 91 -7 -26 -59 -34 -29 -17 -90 108 -66 -74 -49 -60 -92 -27 -73 -16 -6 -42 -28 -54 -100 -91
right_child=1 6 3 7 20 16 40 8 12 13 26 15 59 -15 60 63 27 25 -20 30 35 22 -24 -25 45 54 109 39 -30 32 -32 36 94 -35 -36 44 -38 -39 50 80 71 -43 43 66 -46 58 -48 89 82 -51 76 83 110 -55 67 -57 -58 93 102 -61 72 65 -64 -65 88 -67 -68 -69 -70 -71 78 105 100 81 -76 -77 -78 85 -80 84 -82 -83 -84 -85 -86 -87 -88 -89 97 112 103 -93 -94 -95 -96 -97 -98 -99 111 -101 -102 -103 -104 -105 -106 -107 -108 -109 -110 -111 -112 -113 -114
leaf_value= -0.080443430244922648 -0.032028353012477355 0.040122877326652866 0.086799173079656844 0.097213051240583992 -0.037209467090045412 -0.028026657495151281 0.067486311420798306 0.048181589981139389 -0.00048807267446617474 -0.0086953554820136253 0.014430788025382977 0.1317839929163456 -0.049692119932037662 -0.039192105402133151 0.15498147098744502 0.059418491979962906 -0.088576503310884749 0.042695877682316405 0.0020824531592304333 0.0487174445133218 -0.0088765705314775307 0.041383276326159832 -0.012480552854555993 -0.040977307750921538 -0.013372307611629367 0.16231997681988611 -0.050275455397921942 0.017394517241045831 0.037538223591208425 0.028702543702524504 0.11276943411678075 0.040493879828420357 -0.033674701342645746 0.040019272830731312 -0.03008472728061265 0.06568190105811314 -0.039678218874282078 -0.0083042716668569484 0.060324049064117237 -0.047973368589571519 0.095256716509660055 0.02948411270976067 -0.021837307243271077 -0.019106073407777424 -0.017293464951217176 -0.041314491634557568 -0.058528480220469463 -0.013369510886504463 -0.047714595406733715 0.016282729161602835 0.14508706396445634 0.10058280497789383 -0.035580023363805738 0.0015994610519852169 0.024930797517299652 0.0057008676736907994 0.093632617592811593 -0.015448015021781128 -0.014748197229093183 -0.084408026566539993 0.13750476737817127 0.073862391740412398 0.13415192969143391 -0.030800732016740814 0.063776674923464297 0.12236448892702659 -0.072112246762306612 0.10971709341051634 0.014518245455216279 0.017448659035018143 0.077850837908961162 0.15455978982376331 0.037315903249241056 0.040294286511839694 -0.044431831820143597 -0.072023097038756881 0.062703826420363928 0.1297213834311281 0.13965805931126371 0.027398076207776158 -0.071415132660111166 -0.0071972594261169439 -0.0015589732962350052 0.024180360217751176 -0.0059860767896260277 0.15264439979092181 0.02652492617539309 0.1164912836253643 0.099275202646385882 -0.038047160988207908 -0.026432742136107253 -0.065168919082498181 0.022041394192725421 -0.05741922389511224 0.015679008895531296 -0.028040530479564854 0.011738367679274896 0.064241806459326992 0.065569574506052081 0.039746064356079809 0.084032785977636068 0.047483129598773446 -0.036464387872080617 -0.082456861959921357 0.12625593309466904 0.10820636358112097 0.12809005232250437 -0.013914521271362902 0.15113381644090018 -0.071609619644004849 -0.067055360737599823 0.09352168845278877 -0.0049148082600108216
leaf_weight=9.9999999999999982 24 33 66 97 60 197 9.9999999999999982 371 259 1543 159 25 87 812 61 19 13.999999999999998 46 352 68 60 240 241 844 100 45 86 20 182 843 235 123 78 260 203 135 56 120 82 865 12.000000000000002 9.9999999999999982 94 29 14.999999999999998 310 627 19 29 93 15.999999999999998 9.9999999999999982 91 221 11.999999999999998 215 167 30 138 345 18 51 20 42 82 102 1033 116 55 83 27 33 21 372 45 84 21 126 34 56 109 25 150 54 208 317 94 9.9999999999999982 30 64 10.999999999999998 64 50 91 20 252 55 179 31 135 35 12.999999999999998 106 37 37 15.999999999999998 47 86 11.999999999999998 64 19 42 13.999999999999998
leaf_count=10 24 33 66 97 60 197 10 371 259 1543 159 25 87 812 61 19 14 46 352 68 60 240 241 844 100 45 86 20 182 843 235 123 78 260 203 135 56 120 82 865 12 10 94 29 15 310 627 19 29 93 16 10 91 221 12 215 167 30 138 345 18 51 20 42 82 102 1033 116 55 83 27 33 21 372 45 84 21 126 34 56 109 25 150 54 208 317 94 10 30 64 11 64 50 91 20 252 55 179 31 135 35 13 106 37 37 16 47 86 12 64 19 42 14
model_size=12688
internal_value=0 0.0579522 -0.0209159 -0.00523552 0.0344187 -0.0425687 0.104333 -0.0143282 -0.020548 -0.00865254 0.00822829 0.0412145 -0.0444008 -0.0192106 0.0836236 0.0624917 -0.0511072 0.075987 0.0257378 0.0740021 0.0208976 0.0305076 0.0143954 -0.0314699 -0.0203132 0.0922268 -0.0248426 -0.0385908 0.0582854 0.0120643 0.0983947 -0.00294839 0.0196858 0.0480688 -0.0105323 0.0389195 0.0101128 0.0240911 0.0409925 -0.0449434 0.133747 0.141907 -0.0606261 -0.0638228 0.0664158 -0.032404 -0.0537449 0.0077788 0.0166434 0.0455537 0.0496682 0.0718853 -0.0156476 -0.00377272 0.119058 0.0183622 0.0826322 -0.0306157 -0.0388055 -0.0774166 0.1132 0.121541 0.0745167 0.00414596 0.0649288 0.106197 -0.0706648 0.101768 -9.12431e-05 0.0387564 0.0898011 0.10787 0.083782 0.0304361 -0.0114595 -0.0478615 0.098329 0.144389 0.112301 -0.00765861 -0.0505967 0.0373036 -0.0090367 0.0361182 0.00109541 0.146125 0.0127321 0.057883 0.0588567 -0.0194597 -0.0421803 -0.0371343 -0.00156774 -0.0470131 -0.0236025 -0.0246997 0.0239806 0.0692705 0.0919305 0.0488268 0.066514 0.0113519 -0.0241823 -0.069618 0.146047 0.139424 0.143279 -0.0234878 0.123195 -0.059378 -0.0410167 0.0816516 -0.0321003
internal_weight=0 4379 12133 7037 2905 5096 1474 5885 4613 3078 1272 1152 1535 2355 865 704 3683 713 723 588 2192 760 481 1103 1413 487 512 1591 279 1471 303 580 1061 285 362 721 394 963 226 1246 609 463 2092 1783 170 833 721 448 338 159 202 277 345 235 210 338 213 186 638 432 335 261 155 116 530 153 1062 128 65 165 104 146 74 551 195 394 37 453 61 410 974 397 179 64 264 443 154 43 426 110 309 261 150 121 98 272 74 209 97 217 56 32 244 48 82 49 108 146 24 150 110 73 78
internal_count=16512 4379 12133 7037 2905 5096 1474 5885 4613 3078 1272 1152 1535 2355 865 704 3683 713 723 588 2192 760 481 1103 1413 487 512 1591 279 1471 303 580 1061 285 362 721 394 963 226 1246 609 463 2092 1783 170 833 721 448 338 159 202 277 345 235 210 338 213 186 638 432 335 261 155 116 530 153 1062 128 65 165 104 146 74 551 195 394 37 453 61 410 974 397 179 64 264 443 154 43 426 110 309 261 150 121 98 272 74 209 97 217 56 32 244 48 82 49 108 146 24 150 110 73 78
is_linear=0
shrinkage=0.1


Tree=7
num_leaves= 105
num_cat= 0
full_tree_array_lgbids= 0 2 1 7 3 4 8 25 16 5 12 11 18 14 27 26 69 68 19 6 62 17 15 38 13 29 34 59 56 -10 28 31 100 81 -71 91 74 43 22 21 9 63 101 30 32 20 40 85 39 50 23 93 36 52 58 67 82 57 71 -2147483648 -2147483648 48 51 33 53 -28 -102 88 96 -2147483648 -2147483648 92 94 86 84 44 95 65 46 -4 60 10 103 83 98 -64 -103 47 90 49 55 35 54 42 41 -2 -87 75 76 72 -52 24 45 -6 -95 37 80 79 66 73 102 77 70 87 -84 99 61 -58 97 -2147483648 -2147483648 -2147483648 -2147483648 78 -50 89 64 -1 -35 -33 -55 -2147483648 -2147483648 -2147483648 -2147483648 -27 -90 -83 -98 -2147483648 -2147483648 -2147483648 -2147483648 -9 -94 -93 -96 -70 -88 -76 -86 -18 -46 -45 -97 -21 -67 -24 -48 -2147483648 -2147483648 -23 -62 -8 -12 -11 -105 -7 -85 -65 -100 -2147483648 -2147483648 -2147483648 -2147483648 -5 -49 -32 -92 -19 -51 -34 -57 -14 -37 -22 -56 -17 -44 -42 -43 -2147483648 -2147483648 -2147483648 -2147483648 -40 -77 -41 -78 -13 -74 -2147483648 -2147483648 -15 -26 -25 -47 -2147483648 -2147483648 -2147483648 -2147483648 -31 -39 -38 -82 -20 -81 -54 -68 -36 -75 -60 -104 -3 -79 -69 -72 -61 -89 -2147483648 -2147483648 -16 -101 -59 -63 -2147483648 -2147483648 -73 -99 -2147483648 -2147483648 -2147483648 -2147483648 -2147483648 -2147483648 -2147483648 -2147483648 -29 -80 -2147483648 -2147483648 -30 -91 -53 -66
split_feature= 1 1 1 6 6 7 8 3 1 8 7 2 1 6 2 6 1 3 1 6 2 7 3 7 8 8 7 3 8 8 6 6 2 4 6 8 8 7 5 6 8 7 7 7 4 8 5 7 7 7 7 7 4 5 5 7 7 6 7 6 7 8 8 7 3 8 2 4 6 8 2 8 4 8 7 8 3 2 7 7 3 7 8 2 8 1 8 3 7 8 8 8 3 7 1 8 2 3 2 4 2 5 6 3
split_gain= 1629.87 423.424 299.585 248.439 136.911 86.6118 91.6063 80.4275 72.1696 51.0303 52.0942 43.972 42.1451 41.4134 32.5427 28.1234 26.5336 26.1448 23.9783 20.6552 20.4766 18.456 15.5848 14.0451 14.6402 13.7398 18.5667 13.1755 13.7457 12.5246 12.2866 11.7544 10.1998 9.95247 9.70588 9.21368 8.74825 13.4926 8.1026 10.5779 7.86142 12.665 8.86301 7.70078 11.1288 7.68393 7.40578 7.22049 7.21359 7.16618 7.15027 6.96701 6.75378 6.37579 6.28322 5.89424 5.72749 6.34446 5.68818 5.56792 5.44807 5.26872 5.17745 5.4215 5.10779 5.05118 4.9549 4.92915 4.91525 4.43838 4.39883 4.29801 4.22909 4.2175 4.16277 4.08682 3.64957 3.51546 3.35323 3.12956 3.00814 2.98707 2.87918 2.73669 2.7247 2.49411 2.46965 2.46738 2.32346 2.08594 1.90785 1.41347 6.91128 1.30049 1.20676 0.767142 0.627782 0.533638 0.524184 0.47696 0.218022 0.157783 0.133845 0.0185569
threshold= 4.5301500000000017 6.3350000000000009 2.5894500000000007 2.4530432249902163 2.735488224282792 37.965000000000011 -122.40499999999999 3.6482937607122259 7.7055000000000016 -117.145 34.455000000000005 21.500000000000004 3.6265000000000005 2.1628386478062818 26.500000000000004 2.9137341371666818 1.9486000000000003 4.7252880533656763 5.3357000000000001 2.254419630548663 42.500000000000007 37.725000000000001 4.4797903738713609 37.995000000000012 -118.30499999999999 -118.27499999999999 37.935000000000009 5.396289833514504 -118.00499999999998 -122.33499999999999 3.6402605459057074 2.8396278889382178 44.500000000000007 0.93734637799317577 3.0375944537846187 -117.56499999999998 -117.675 37.595000000000006 544.50000000000011 2.2820667453403218 -121.48499999999999 34.455000000000005 37.855000000000011 37.945000000000007 1.2013358495051858 -122.24499999999999 170.50000000000003 37.925000000000004 38.535000000000004 34.455000000000005 37.895000000000003 33.645000000000003 0.95117366587199725 1435.5000000000002 892.50000000000011 37.815000000000005 37.615000000000002 2.5827178004959954 37.805000000000007 2.6585924622132828 37.765000000000008 -122.06499999999998 -122.27499999999999 38.435000000000009 7.3584173399399555 -117.77499999999999 36.500000000000007 1.0559055821245014 2.0231950334409352 -117.145 10.500000000000002 -122.425 1.0687599090911248 -122.08499999999999 34.655000000000008 -118.395 6.3652809400434434 15.500000000000002 34.135000000000012 36.295000000000009 6.8391702402831678 34.115000000000002 -117.145 27.500000000000004 -119.84499999999998 5.5011500000000009 -118.38499999999998 5.94511539128926 33.725000000000001 -117.71499999999999 -121.85499999999998 -121.63499999999998 4.2314313450440943 37.635000000000012 1.1272500000000003 -122.23499999999999 35.500000000000007 6.7645078233313543 19.500000000000004 1.0587079029869406 19.500000000000004 229.50000000000003 3.5724599197268012 4.7136159068371946
decision_type= 2 2 2 2 2 2 2 2 2 2 2 2 2 2 2 2 2 2 2 2 2 2 2 2 2 2 2 2 2 2 2 2 2 2 2 2 2 2 2 2 2 2 2 2 2 2 2 2 2 2 2 2 2 2 2 2 2 2 2 2 2 2 2 2 2 2 2 2 2 2 2 2 2 2 2 2 2 2 2 2 2 2 2 2 2 2 2 2 2 2 2 2 2 2 2 2 2 2 2 2 2 2 2 2
left_child=2 4 7 5 11 6 21 25 14 10 -8 38 17 50 59 20 68 30 29 43 35 -4 65 24 -15 26 31 -10 48 93 47 33 49 -1 52 -14 37 -31 85 75 42 -42 -17 44 -18 -25 -24 -5 78 -19 72 89 79 -33 -22 -34 57 99 73 67 -23 -59 63 83 -53 -21 -54 77 91 81 -69 -58 -13 -36 86 -40 -41 -3 -29 -20 -38 88 87 -7 -76 -2 -70 -61 -27 -30 -32 92 -9 -6 -93 -45 -83 -73 -65 -16 -28 -64 -60 -11
right_child=1 8 3 12 18 62 9 16 27 103 -12 13 15 23 56 40 19 32 34 22 54 60 46 45 -26 69 100 28 51 36 90 53 55 -35 58 -37 80 -39 39 76 41 -43 -44 95 -46 -47 -48 -49 -50 -51 -52 64 66 -55 -56 -57 71 61 102 82 -62 -63 101 98 -66 -67 -68 70 74 -71 -72 97 -74 -75 84 -77 -78 -79 -80 -81 -82 96 -84 -85 -86 -87 -88 -89 -90 -91 -92 94 -94 -95 -96 -97 -98 -99 -100 -101 -102 -103 -104 -105
leaf_value= -0.07197527885437012 -0.023470281473482433 0.013881304080132396 -0.0018496242516181051 -0.005363582964739079 0.090572196096181876 -0.0048910587905876095 0.041217082128745065 0.062701175175607179 -0.00085167860612273222 -0.053460992832441594 0.0031332108774717402 0.099502694682757326 0.0016041727691066749 0.070055603465114386 0.11774451877140711 0.0094890234324996898 -0.017211753128037157 -0.02865416432415531 0.030555464327335347 -0.027218435814029752 0.012142598397225481 0.076775807249359784 0.01942509561777115 0.053315566611391578 0.037158350384060033 0.0077403359447738955 -0.023793456517159941 0.1451019753109325 0.14223988036955557 0.011623102922443829 -0.00028008554250963272 -0.03738744765520096 -0.00063059285381122639 0.032113570381951485 0.089787613261829727 -0.030081893718175469 -0.027581891290740009 -0.019626077661541327 0.081243328918104207 0.0099772332493316008 -0.017698592207691422 -0.046088352857101209 -0.032096554301816092 -0.021912889427039773 0.047008773530168191 -0.030026063518298254 -0.054704309770387365 -0.049204535907174052 0.037841200050897895 -0.043373267188406707 0.031772744127859673 0.02562912257218903 0.03902139496619661 0.0029596048649925162 0.056733419562512072 -0.059937320525447528 0.1211045239778126 0.14840358065234291 -0.010068218923378282 0.013278595500049138 0.1246299677109773 0.083796350224874916 0.0040873459354043009 -0.0023313592055014204 0.08853719049443802 -0.051523919722514126 0.084900919297202074 0.058064479036973073 0.0042490096254782245 -0.055227429042861334 0.13890946794014711 0.031681763678789138 0.13727408332797961 0.018298664234512051 -0.06211751275777555 0.039085323059788124 0.040508401430435957 0.078335114411737142 0.12412491662478738 -0.048868897886325924 0.010060338509218718 -0.012357709763778582 0.012973071559547231 0.047765685128117047 -0.078021031663050522 0.031522644574151319 -0.054717031940619679 0.056708288783656004 -0.029787684617945665 0.10100492708109043 -0.033569574272073036 0.00038923695683479309 -0.05013401990549432 0.036380180958380449 -0.053052167136532574 -0.049020511870471281 0.034238921482499469 0.06992695084190928 -0.03743730653869979 0.14450842283666135 -0.062950303692681106 -0.034383681237411041 -0.050223587588830436 -0.031775396111929283
leaf_weight=10.999999999999998 46 15.999999999999998 17 715 9.9999999999999982 31 982 10.000000000000002 9.9999999999999982 37 588 76 716 494 62 188 212 616 13.000000000000002 471 66 40 15.999999999999998 22 209 28 11.999999999999998 154 31 648 31 70 133 174 10.999999999999998 122 162 197 56 158 767 223 85 40 35 31 1045 47 9.9999999999999982 1054 11.999999999999998 22 282 142 89 24 17 18 41 21 109 120 9.9999999999999982 21 60 138 33 12.999999999999998 10.999999999999998 64 26 20 78 432 513 65 79 41 329 14.999999999999998 37 18 26 27 228 17 470 352 288 54 361 9.9999999999999982 18 67 66 89 17 32 47 40 48 247 10.999999999999998 99
leaf_count=11 46 16 17 715 10 31 982 10 10 37 588 76 716 494 62 188 212 616 13 471 66 40 16 22 209 28 12 154 31 648 31 70 133 174 11 122 162 197 56 158 767 223 85 40 35 31 1045 47 10 1054 12 22 282 142 89 24 17 18 41 21 109 120 10 21 60 138 33 13 11 64 26 20 78 432 513 65 79 41 329 15 37 18 26 27 228 17 470 352 288 54 361 10 18 67 66 89 17 32 47 40 48 247 11 99
model_size=11680
internal_value=0 0.0492687 -0.02005 -0.00799994 0.0293457 0.0198207 0.0287489 -0.0413222 0.0938994 0.0218017 0.0269538 0.0540503 -0.0199792 0.0664496 0.0735264 -0.00951574 -0.0483768 -0.0278979 0.0124094 -0.0410696 0.00335275 0.100146 -0.0459793 0.05637 0.0602753 -0.0140425 -0.00154915 0.118347 0.120153 0.00259821 -0.0158361 0.00654704 -0.0355166 0.0259245 0.0255339 -0.00300883 -0.000412453 0.00433779 0.0268955 0.0331473 -0.0196332 -0.0240935 -0.00345887 -0.0192631 -0.00811168 0.00456858 -0.0535864 -0.00806768 0.128927 -0.0379439 0.112355 0.0942501 0.039271 -0.0103625 0.0377464 -0.00969659 0.0994738 0.107531 0.016015 0.0573289 0.111783 0.0922234 -0.0238182 -0.00532112 0.0716594 -0.0327261 0.0438278 0.0812534 -0.0596518 -0.0278001 0.111961 0.0714504 0.118634 0.0200738 -0.061641 0.0585965 0.0201543 0.0602428 0.130813 -0.0119933 -0.0205831 -0.0227991 0.0515726 0.0196216 -0.0670109 -0.00863092 -0.0533685 0.0542632 -0.0264624 0.116044 -0.030937 -0.0362784 -0.00983574 0.0434181 -0.0460204 -0.040615 0.0102749 0.0552173 -0.0265958 0.12824 -0.0551189 -0.0328868 -0.0185626 -0.0376752
internal_weight=0 4776 11736 7492 3302 2255 1872 4244 1474 1706 1570 1343 5237 922 804 2256 3372 2981 1959 2046 993 166 1670 756 703 872 457 670 660 1121 1154 397 1827 185 838 838 1044 845 421 358 1263 990 273 376 247 53 1061 762 493 1670 166 167 343 212 155 157 309 240 495 495 149 138 383 126 82 609 315 96 1326 415 39 69 154 443 1222 121 237 57 483 28 199 351 399 58 741 63 481 373 316 85 392 104 28 77 76 129 35 52 68 102 60 257 52 136
internal_count=16512 4776 11736 7492 3302 2255 1872 4244 1474 1706 1570 1343 5237 922 804 2256 3372 2981 1959 2046 993 166 1670 756 703 872 457 670 660 1121 1154 397 1827 185 838 838 1044 845 421 358 1263 990 273 376 247 53 1061 762 493 1670 166 167 343 212 155 157 309 240 495 495 149 138 383 126 82 609 315 96 1326 415 39 69 154 443 1222 121 237 57 483 28 199 351 399 58 741 63 481 373 316 85 392 104 28 77 76 129 35 52 68 102 60 257 52 136
is_linear=0
shrinkage=0.1


Tree=8
num_leaves= 100
num_cat= 0
full_tree_array_lgbids= 0 1 3 4 2 5 26 12 7 6 14 22 24 33 53 13 61 8 9 67 11 17 25 64 28 50 46 63 49 -28 85 41 16 62 -63 15 47 10 29 68 74 34 21 18 40 35 27 90 70 54 37 55 76 79 65 88 93 -35 57 -2147483648 -2147483648 -55 86 -1 44 23 81 72 -64 -2147483648 -2147483648 30 43 48 -49 19 95 38 59 69 96 -69 77 52 78 36 60 20 31 45 84 51 75 32 39 91 -92 71 73 83 -56 42 -39 58 56 98 97 80 82 -48 92 -5 89 -65 94 -2147483648 -2147483648 66 87 -2147483648 -2147483648 -2147483648 -2147483648 -2147483648 -2147483648 -87 -88 -2147483648 -2147483648 -43 -46 -15 -25 -18 -83 -14 -74 -2147483648 -2147483648 -2147483648 -2147483648 -2147483648 -2147483648 -6 -32 -17 -45 -10 -50 -2147483648 -2147483648 -9 -21 -12 -97 -11 -40 -31 -61 -3 -71 -70 -98 -2147483648 -2147483648 -76 -79 -8 -54 -36 -80 -13 -38 -23 -62 -4 -22 -20 -33 -19 -47 -42 -86 -16 -53 -37 -77 -27 -34 -29 -41 -2 -93 -2147483648 -2147483648 -66 -73 -72 -75 -24 -85 -2147483648 -2147483648 -30 -44 -2147483648 -2147483648 -7 -60 -57 -58 -52 -100 -78 -99 -26 -82 -81 -84 -2147483648 -2147483648 -67 -94 -2147483648 -2147483648 -90 -91 -2147483648 -2147483648 -95 -96 -2147483648 -2147483648 -2147483648 -2147483648 -51 -68 -59 -89 -2147483648 -2147483648 -2147483648 -2147483648 -2147483648 -2147483648 -2147483648 -2147483648 -2147483648 -2147483648 -2147483648 -2147483648 -2147483648 -2147483648 -2147483648 -2147483648
split_feature= 1 1 6 1 6 6 2 7 8 8 7 6 7 8 6 6 8 7 8 8 8 7 2 7 1 8 1 7 6 8 8 7 8 2 4 7 1 8 7 8 8 3 7 8 2 7 2 8 7 5 7 7 2 5 7 4 6 6 8 4 8 7 8 4 4 7 4 8 7 2 8 7 5 7 1 7 8 7 7 6 8 8 5 5 3 6 2 1 3 8 7 8 7 3 6 7 5 3 8
split_gain= 1322.95 400.501 198.764 188.301 115.568 74.3106 57.9478 56.3761 74.935 69.054 64.0345 54.5323 46.5556 53.9045 45.0614 43.3322 38.6358 30.2158 35.0088 28.2844 24.7381 24.4361 23.5079 22.9192 19.9148 19.703 18.8124 18.2873 17.873 17.846 17.1465 14.8619 14.3906 14.2048 13.5507 13.4156 13.3241 12.9933 11.2119 10.2832 10.1055 10.0748 9.76661 8.33169 8.20138 7.90209 7.88558 7.00238 11.0306 6.88821 6.41783 6.31779 6.13485 6.02795 5.85253 5.13763 4.52442 4.50673 4.48056 4.28031 3.67624 3.59718 3.84237 3.59566 3.51965 3.48363 3.13954 3.12647 10.0883 7.62046 2.78007 3.00616 2.5746 2.43478 2.40677 2.15143 2.09316 2.01069 1.85457 1.77418 3.37416 1.67194 1.56831 1.553 1.35934 1.26033 1.0924 0.926347 0.704838 1.24677 0.660301 0.947671 0.600621 0.42294 0.417715 0.398537 0.369884 0.248654 0.102584
threshold= 5.2771000000000017 3.5488500000000003 2.4136952392348086 7.2638000000000007 2.2352443515477258 2.7472725830126556 18.500000000000004 34.455000000000005 -117.77499999999999 -121.63499999999998 38.675000000000004 1.9628175980828908 37.915000000000006 -122.31499999999998 2.9742256672023202 3.442186331338819 -117.145 37.875000000000007 -117.50499999999998 -122.38499999999998 -122.23499999999999 37.925000000000004 16.500000000000004 34.455000000000005 6.1273500000000007 -121.48499999999999 8.7395500000000013 34.525000000000013 2.2038024706228287 -120.09499999999998 -118.35499999999998 33.675000000000004 -117.79499999999999 20.500000000000004 1.0835581867240742 37.915000000000006 3.8769000000000005 -117.16499999999998 35.955000000000005 -120.09499999999998 -122.38499999999998 3.193182511128728 38.025000000000013 -118.46499999999999 49.500000000000007 38.735000000000007 28.500000000000004 -116.53499999999998 33.905000000000008 358.50000000000006 37.815000000000005 37.235000000000007 31.500000000000004 70.000000000000014 37.805000000000007 1.0656310328185332 3.1336552646136835 3.1678781541182075 -121.24499999999999 1.4301783517127977 -122.40499999999999 39.505000000000003 -122.26499999999999 1.0671403331650682 1.0671403331650682 33.885000000000012 1.0076024985240879 -118.25499999999998 37.555000000000007 15.500000000000002 -117.675 37.555000000000007 1257.5000000000002 33.115000000000002 3.9663000000000004 38.685000000000009 -121.96499999999999 33.715000000000011 34.155000000000008 3.0089663118548242 -117.81499999999998 -116.22499999999998 1145.5000000000002 405.50000000000006 6.1001355013550143 3.3334890965732087 11.500000000000002 8.0125000000000011 6.2893728574309353 -122.08499999999999 37.675000000000004 -119.84499999999998 34.235000000000007 7.2609974457545352 3.1819634040081328 39.765000000000008 781.50000000000011 6.426847469967238 -122.35499999999998
decision_type= 2 2 2 2 2 2 2 2 2 2 2 2 2 2 2 2 2 2 2 2 2 2 2 2 2 2 2 2 2 2 2 2 2 2 2 2 2 2 2 2 2 2 2 2 2 2 2 2 2 2 2 2 2 2 2 2 2 2 2 2 2 2 2 2 2 2 2 2 2 2 2 2 2 2 2 2 2 2 2 2 2 2 2 2 2 2 2 2 2 2 2 2 2 2 2 2 2 2 2
left_child=1 4 6 5 12 22 67 8 15 10 19 34 13 41 17 30 23 18 20 -9 -4 36 64 -15 50 35 33 32 54 38 -6 -20 -27 63 52 51 -13 42 -11 -29 45 -1 -30 -17 -43 -19 79 48 -10 -35 55 -16 -8 -28 83 58 -57 66 -7 -31 -23 62 72 88 90 -48 -51 68 69 -3 71 -66 -14 -72 -69 -37 98 -76 -36 80 -26 -18 -81 -24 -42 -55 -87 -59 -5 -90 91 -2 -67 -65 -95 -12 -70 -78 -52
right_child=3 2 14 26 7 24 11 9 47 29 95 21 61 16 25 43 81 40 31 -21 -22 60 28 -25 46 27 53 39 37 59 -32 -33 -34 49 78 75 -38 -39 -40 -41 84 44 -44 -45 -46 -47 65 -49 -50 57 76 -53 -54 85 -56 56 -58 87 -60 -61 -62 -63 -64 93 70 92 -68 74 96 -71 73 -73 -74 -75 77 -77 97 -79 -80 82 -82 -83 -84 -85 -86 86 -88 -89 89 -91 -92 -93 -94 94 -96 -97 -98 -99 -100
leaf_value= 0.011966852574712701 0.066806198893622923 0.014590129134460138 0.066615632156792434 0.018973152685378279 0.026045234682493781 0.033969778110601492 0.04770943638229487 0.024535888570315412 -0.031537188198705095 -0.013071525116154756 -0.048419256802862853 0.025552001006170708 -0.019034518605460311 0.021622676460142091 0.053780377477407465 0.022334198099680437 -0.039458399653618394 0.026437047930117082 -0.0032976897224413614 -0.018643290507535118 0.016624511293676311 0.029656884755407061 0.068033375591039655 -0.011688482963925703 0.064709999405724167 -0.0050819210947406993 0.040638699103146797 -0.027376048261784525 0.073240285135590555 -0.067034831151307164 -0.0053596812407513059 -0.058387572572955605 -0.029609600683409829 0.029100816299517954 0.14262981563224458 -0.016083496283722399 0.060731782910775162 -0.025987109262496234 -0.048614889845479403 -0.067173234740825927 -0.032209241035573113 0.049864327612643443 0.0061773366912697943 -0.02844469107945078 0.12755392750209951 -0.044692140266947122 0.022260682098567488 -0.068294778108542814 -0.054693185382240363 0.09094148584907609 0.041293052025139332 0.010821932307702191 0.096076422218961288 0.12356360556469077 0.047787655610591173 0.06398154688818801 0.023257044456633076 0.032021528695310858 0.0097711478840857222 -0.034153193997086155 -0.016195738465561497 -0.061733670205923553 -0.03818738136190649 0.12841967479749158 0.082493504825070868 0.098874956063735184 0.11936174757205523 -0.031728337008860852 -0.037665584600634044 0.078198829809060469 0.065602099150419216 0.019177562495072686 0.036028844257816675 -0.013301629782654346 0.015597439327587684 -0.064003253976504013 -0.062927074879407893 -0.022576333987800516 0.10183700818036284 0.017273012729381903 0.023823195115424869 -0.081201675832271586 0.039135232855290358 0.1249367165178992 -0.014023472466408374 0.11991098321974279 0.068594859354197985 0.093376962298696686 0.10919932067394256 0.055658681110130642 -0.012001498378813267 0.016290487214236669 0.067088707750663154 0.06456916601113652 0.10939108945429327 -0.061201909551118309 -0.0020816824924681458 -0.017538918621139602 0.0010686092726068526
leaf_weight=18 10.999999999999998 52 114 13.999999999999998 240 139 51 205 518 110 191 167 72 588 50 39 142 91 166 711 1257 35 9.9999999999999982 349 85 796 11.999999999999998 219 537 812 865 79 391 14.999999999999998 64 107 412 15.999999999999998 1065 111 198 24 26 1109 47 23 15.999999999999998 138 419 84 11.999999999999998 253 87 315 15.999999999999998 62 84 14.000000000000002 360 56 77 57 205 10.999999999999998 41 39 169 42 18 39 10.000000000000002 14.999999999999998 15.999999999999998 15.999999999999998 75 18 9.9999999999999982 34 28 92 43 20 191 100 143 20 18 10.999999999999998 9.9999999999999982 123 20 57 40 23 14.999999999999998 254 62 40 41
leaf_count=18 11 52 114 14 240 139 51 205 518 110 191 167 72 588 50 39 142 91 166 711 1257 35 10 349 85 796 12 219 537 812 865 79 391 15 64 107 412 16 1065 111 198 24 26 1109 47 23 16 138 419 84 12 253 87 315 16 62 84 14 360 56 77 57 205 11 41 39 169 42 18 39 10 15 16 16 75 18 10 34 28 92 43 20 191 100 143 20 18 11 10 123 20 57 40 23 15 254 62 40 41
model_size=11120
internal_value=0 -0.0132982 0.00831494 0.0603122 -0.0270423 0.0443414 0.0433807 -0.0327263 -0.0233584 -0.041885 -0.0242608 0.0562988 -0.00216277 0.00741996 -0.00253833 -0.0128981 0.00128092 0.00788326 0.0144376 -0.00897983 0.0207813 0.0420834 0.0669142 0.00921542 0.0285908 -0.013635 0.100127 -0.0191656 0.0751964 -0.0536258 0.0014613 -0.0210614 -0.0131614 0.0868413 0.0990068 0.00596723 0.0505849 0.0674868 -0.0452874 -0.0407624 -0.0153955 0.0832268 0.0701432 -0.0267196 0.101293 0.0120864 0.0444358 -0.0452813 -0.0418919 0.101444 0.0178721 0.0179108 0.0782017 0.117926 0.110624 0.0219533 0.040551 0.105348 0.0165118 -0.0649134 -0.00186679 -0.0346893 -0.0294281 0.0650113 0.0325676 0.0725878 0.109926 0.00643174 0.017552 0.041851 0.0501597 0.0655339 -0.009023 0.017046 -0.00616144 -0.0229839 -0.00768445 0.00369002 0.130215 0.0379287 0.0509746 -0.0446119 0.0320281 0.119764 -0.024583 0.120554 0.0956033 0.0590179 0.055807 0.0596843 0.016175 0.0244621 0.0827807 0.092624 0.082262 -0.0557154 -0.0100881 -0.0266165 0.010176
internal_weight=0 13529 5259 2983 8270 2129 1243 6732 3328 3404 1361 921 1538 1188 4016 2253 1099 2071 1616 916 1371 691 875 937 1254 1945 854 1517 705 2043 1105 245 1187 489 230 428 579 579 1175 330 455 89 563 1148 71 114 506 1075 937 293 748 303 138 365 126 645 146 278 499 868 112 350 293 196 170 95 253 322 171 91 82 56 88 26 151 125 103 109 92 411 128 162 283 110 341 353 38 25 147 133 88 68 79 49 38 445 80 50 53
internal_count=16512 13529 5259 2983 8270 2129 1243 6732 3328 3404 1361 921 1538 1188 4016 2253 1099 2071 1616 916 1371 691 875 937 1254 1945 854 1517 705 2043 1105 245 1187 489 230 428 579 579 1175 330 455 89 563 1148 71 114 506 1075 937 293 748 303 138 365 126 645 146 278 499 868 112 350 293 196 170 95 253 322 171 91 82 56 88 26 151 125 103 109 92 411 128 162 283 110 341 353 38 25 147 133 88 68 79 49 38 445 80 50 53
is_linear=0
shrinkage=0.1


end of trees

feature_importances:
Column_8=230
Column_7=219
Column_6=148
Column_1=131
Column_2=110
Column_4=55
Column_3=54
Column_5=52

parameters:
[boosting: gbdt]
[objective: regression]
[metric: rmse]
[tree_learner: serial]
[device_type: cpu]
[data_sample_strategy: bagging]
[data: data/california_housing.libsvm.train]
[valid: data/california_housing.libsvm.test]
[num_iterations: 100]
[learning_rate: 0.1]
[num_leaves: 255]
[num_threads: 0]
[seed: 42]
[deterministic: 0]
[force_col_wise: 0]
[force_row_wise: 0]
[histogram_pool_size: -1]
[max_depth: 7]
[min_data_in_leaf: 10]
[min_sum_hessian_in_leaf: 0.001]
[bagging_fraction: 1]
[pos_bagging_fraction: 1]
[neg_bagging_fraction: 1]
[bagging_freq: 0]
[bagging_seed: 400]
[feature_fraction: 1]
[feature_fraction_bynode: 1]
[feature_fraction_seed: 30056]
[extra_trees: 0]
[extra_seed: 12879]
[early_stopping_round: 0]
[early_stopping_min_delta: 0]
[first_metric_only: 0]
[max_delta_step: 0]
[lambda_l1: 0]
[lambda_l2: 0]
[linear_lambda: 0]
[min_gain_to_split: 0]
[drop_rate: 0.1]
[max_drop: 50]
[skip_drop: 0.5]
[xgboost_dart_mode: 0]
[uniform_drop: 0]
[drop_seed: 17869]
[top_rate: 0.2]
[other_rate: 0.1]
[min_data_per_group: 100]
[max_cat_threshold: 32]
[cat_l2: 10]
[cat_smooth: 10]
[max_cat_to_onehot: 4]
[top_k: 20]
[monotone_constraints: ]
[monotone_constraints_method: basic]
[monotone_penalty: 0]
[feature_contri: ]
[forcedsplits_filename: ]
[refit_decay_rate: 0.9]
[tinygbdt_penalty_feature: 0.0078125]
[tinygbdt_penalty_split: 0.000976562]
[tinygbdt_forestsize: 64000]
[tinygbdt_precision: 7]
[cegb_tradeoff: 1]
[cegb_penalty_split: 0]
[cegb_penalty_feature_lazy: ]
[cegb_penalty_feature_coupled: ]
[path_smooth: 0]
[interaction_constraints: ]
[verbosity: 2]
[saved_feature_importance_type: 0]
[use_quantized_grad: 0]
[num_grad_quant_bins: 4]
[quant_train_renew_leaf: 0]
[stochastic_rounding: 1]
[linear_tree: 0]
[max_bin: 255]
[max_bin_by_feature: ]
[min_data_in_bin: 3]
[bin_construct_sample_cnt: 200000]
[data_random_seed: 175]
[is_enable_sparse: 1]
[enable_bundle: 1]
[use_missing: 1]
[zero_as_missing: 0]
[feature_pre_filter: 1]
[pre_partition: 0]
[two_round: 0]
[header: 0]
[label_column: ]
[weight_column: ]
[group_column: ]
[ignore_column: ]
[categorical_feature: ]
[forcedbins_filename: ]
[precise_float_parser: 0]
[parser_config_file: ]
[objective_seed: 16083]
[num_class: 1]
[is_unbalance: 0]
[scale_pos_weight: 1]
[sigmoid: 1]
[boost_from_average: 1]
[reg_sqrt: 0]
[alpha: 0.9]
[fair_c: 1]
[poisson_max_delta_step: 0.7]
[tweedie_variance_power: 1.5]
[lambdarank_truncation_level: 30]
[lambdarank_norm: 1]
[label_gain: ]
[lambdarank_position_bias_regularization: 0]
[eval_at: ]
[multi_error_top_k: 1]
[auc_mu_weights: ]
[num_machines: 1]
[local_listen_port: 12400]
[time_out: 120]
[machine_list_filename: ]
[machines: ]
[gpu_platform_id: -1]
[gpu_device_id: -1]
[gpu_use_dp: 0]
[num_gpu: 1]

end of parameters
