tree
version=v4
num_class=1
num_tree_per_iteration=1
label_index=0
max_feature_idx=8
objective=regression
feature_names=Column_0 Column_1 Column_2 Column_3 Column_4 Column_5 Column_6 Column_7 Column_8
feature_infos=none [0.49990000000000001:15.0001] [1:52] [0.88888888888888884:141.90909090909091] [0.33333333333333331:25.63636363636364] [3:35682] [0.69230769230769229:1243.333333333333] [32.549999999999997:41.950000000000003] [-124.34999999999999:-114.31]
tree_sizes=895 917 922 921 914 922 922 924 921 923 925 927 934 927 930 945 922 927 934 926 928 928 937 926 927 922 935 923 926 932 931 930 918 939 923 928 921 910 935 919 933 926 923 864 935 921 933 936 927 941 796 930 932 933 932 929 796 924 934 928 932 799 947 924 793 937 930 937 931 802 866 940 931 941 929 731 938 959 926 933 929 868 943 800 940 731 866 949 934 928 949 937 947 940 923 927 734 733 794 937 930 890 734 862 931 934 946 940 967 733 735 939 739 937 947 926 735 936 941 929 964 734 948 937 740 963 947

Tree=0
num_leaves= 8
num_cat= 0
full_tree_array_lgbids= 0 1 2 5 3 4 6 -1 -7 -3 -5 -2 -6 -4 -8
split_feature= 1 1 1 6 6 3 1
split_gain= 6987.71 1685.21 1292.18 976.383 431.528 318.446 156.323
threshold= 5.0387000000000013 3.0679500000000002 6.8672000000000013 2.3489548886254448 2.671038674349933 4.3101408005062494 7.852450000000001
decision_type= 2 2 2 2 2 2 2
left_child=1 5 4 -3 -2 -1 -4
right_child=2 3 6 -5 -6 -7 -8
leaf_value= 2.0271553702362852 2.2124016810384575 2.1448965452081059 2.2437582437954506 2.0525059688733616 2.1260912310358373 1.9812300134534242 2.3227113326055062
leaf_weight=2599 911 1463 431 5268 1601 3630 609
leaf_count=2599 911 1463 431 5268 1601 3630 609
model_size=816
internal_value=2.07195 2.03789 2.19622 2.07259 2.15739 2.00039 2.28999
internal_weight=0 12960 3552 6731 2512 6229 1040
internal_count=16512 12960 3552 6731 2512 6229 1040
is_linear=0
shrinkage=1


Tree=1
num_leaves= 8
num_cat= 0
full_tree_array_lgbids= 0 1 3 4 2 5 6 -1 -6 -3 -4 -2 -7 -5 -8
split_feature= 1 1 6 1 6 2 2
split_gain= 5689.69 1847.5 920.458 584.952 346.867 233.793 45.0868
threshold= 5.6042500000000013 3.1913000000000005 2.4136952392348086 7.7055000000000016 2.1628386478062818 27.500000000000004 18.500000000000004
decision_type= 2 2 2 2 2 2 2
left_child=1 4 -3 5 -1 -2 -5
right_child=3 2 -4 6 -6 -7 -8
leaf_value= -0.0082740533818989534 0.08366184650830015 0.073703667606659334 -0.009300027036995534 0.18235227567940088 -0.071020922948427975 0.16009667489878079 0.23912470343303474
leaf_weight=1042 1104 1769 5483 207 5812 632 463
leaf_count=1042 1104 1769 5483 207 5812 632 463
model_size=816
internal_value=0 -0.0242454 0.0109473 0.142147 -0.0614816 0.111488 0.221585
internal_weight=0 14106 7252 2406 6854 1736 670
internal_count=16512 14106 7252 2406 6854 1736 670
is_linear=0
shrinkage=0.1


Tree=2
num_leaves= 8
num_cat= 0
full_tree_array_lgbids= 0 2 1 5 3 4 6 -1 -7 -4 -5 -2 -6 -3 -8
split_feature= 1 1 1 6 6 3 1
split_gain= 4714.14 1255.55 858.269 744.142 395.497 247.523 191.524
threshold= 4.5301500000000017 6.3350000000000009 2.6597500000000003 2.2634687595142249 2.735488224282792 3.8792159595040387 8.4454500000000028
decision_type= 2 2 2 2 2 2 2
left_child=2 4 5 -4 -2 -1 -3
right_child=1 6 3 -5 -6 -7 -8
leaf_value= -0.031434199577858646 0.09135010436317291 0.13749602040931769 0.054125912536775955 -0.028090511297110696 0.020804448647833221 -0.082837807867825727 0.2172294901010576
leaf_weight=1324 1343 1048 1361 5802 1959 3249 426
leaf_count=1324 1343 1048 1361 5802 1959 3249 426
model_size=816
internal_value=0 0.0837677 -0.0340895 -0.012469 0.049497 -0.0679552 0.16054
internal_weight=0 4776 11736 7163 3302 4573 1474
internal_count=16512 4776 11736 7163 3302 4573 1474
is_linear=0
shrinkage=0.1


Tree=3
num_leaves= 8
num_cat= 0
full_tree_array_lgbids= 0 1 2 4 3 5 6 -1 -6 -3 -5 -2 -7 -4 -8
split_feature= 1 1 1 6 6 6 2
split_gain= 3865.02 995.867 623.979 498.616 383.032 264.557 89.8897
threshold= 5.1326000000000009 3.5488500000000003 6.8672000000000013 2.4136952392348086 2.2352443515477258 2.5891438608419741 26.500000000000004
decision_type= 2 2 2 2 2 2 2
left_child=1 4 5 -3 -1 -2 -4
right_child=2 3 6 -5 -6 -7 -8
leaf_value= -0.00032717859172592273 0.1209627634686425 0.068317707879618536 0.1342409225415204 -0.00639358281591507 -0.055714748827192177 0.045392299710737806 0.19367872728995034
leaf_weight=1538 655 1174 572 3769 6732 1604 468
leaf_count=1538 655 1174 572 3769 6732 1604 468
model_size=816
internal_value=0 -0.0241783 0.0968376 0.0113509 -0.0454141 0.0673041 0.160988
internal_weight=0 13213 3299 4943 8270 2259 1040
internal_count=16512 13213 3299 4943 8270 2259 1040
is_linear=0
shrinkage=0.1


Tree=4
num_leaves= 8
num_cat= 0
full_tree_array_lgbids= 0 2 1 5 4 3 6 -1 -7 -4 -6 -2 -5 -3 -8
split_feature= 1 1 6 6 1 7 1
split_gain= 3163.69 1048 485.458 393.112 338.311 194.201 148.992
threshold= 4.125700000000001 6.2770500000000009 2.0376051459673437 2.735488224282792 2.4115000000000006 37.935000000000009 7.852450000000001
decision_type= 2 2 2 2 2 2 2
left_child=2 3 5 -2 -4 -1 -3
right_child=1 6 4 -5 -6 -7 -8
leaf_value= 0.046723925516650888 0.068050297178407743 0.10389827527151019 -0.067531376630762072 0.0079221475636292223 -0.027153371211985456 -0.060995450262528131 0.16779304719078914
leaf_weight=961 1893 927 3129 2571 6218 204 609
leaf_count=961 1893 927 3129 2571 6218 204 609
model_size=816
internal_value=0 0.0579478 -0.0330752 0.03342 -0.0406703 0.0278615 0.129232
internal_weight=0 6000 10512 4464 9347 1165 1536
internal_count=16512 6000 10512 4464 9347 1165 1536
is_linear=0
shrinkage=0.1


Tree=5
num_leaves= 8
num_cat= 0
full_tree_array_lgbids= 0 1 3 4 2 5 6 -1 -6 -3 -4 -2 -7 -5 -8
split_feature= 1 1 6 1 3 6 1
split_gain= 2617.58 774.819 535.917 355.263 204.395 182.494 43.0073
threshold= 5.2771000000000017 2.7820000000000005 2.2982753493904258 7.3930000000000016 3.8792159595040387 2.9432978723404259 8.7395500000000013
decision_type= 2 2 2 2 2 2 2
left_child=1 4 -3 5 -1 -2 -5
right_child=3 2 -4 6 -6 -7 -8
leaf_value= -0.017088251020950487 0.08918849631232631 0.051351511427174826 -0.012463528092660263 0.1204733240796758 -0.061943468674109083 0.030718887030665023 0.16777664620582372
leaf_weight=1413 1247 1636 6797 428 3683 943 365
leaf_count=1413 1247 1636 6797 428 3683 943 365
model_size=816
internal_value=0 -0.0186996 -8.34256e-05 0.0848096 -0.0495062 0.0640119 0.142246
internal_weight=0 13529 8433 2983 5096 2190 793
internal_count=16512 13529 8433 2983 5096 2190 793
is_linear=0
shrinkage=0.1


Tree=6
num_leaves= 8
num_cat= 0
full_tree_array_lgbids= 0 2 1 5 3 4 6 -1 -7 -4 -5 -2 -6 -3 -8
split_feature= 1 1 1 6 6 3 2
split_gain= 2176.06 545.186 433.439 415.252 214.699 166.624 119.521
threshold= 4.5301500000000017 6.3963500000000009 2.5044000000000004 2.0653737590585881 2.5219735498882589 3.4845502266762112 26.500000000000004
decision_type= 2 2 2 2 2 2 2
left_child=2 4 5 -4 -2 -1 -3
right_child=1 6 3 -5 -6 -7 -8
leaf_value= -0.0042477867484233996 0.07866960336471257 0.083560118447945586 0.053497639492713425 -0.018075561737046775 0.020317901281742174 -0.060106526585978828 0.14253657404181178
leaf_weight=646 847 800 920 6970 2517 3200 612
leaf_count=646 847 800 920 6970 2517 3200 612
model_size=816
internal_value=0 0.0569208 -0.0231641 -0.00972989 0.0350099 -0.0507241 0.109122
internal_weight=0 4776 11736 7890 3364 3846 1412
internal_count=16512 4776 11736 7890 3364 3846 1412
is_linear=0
shrinkage=0.1


Tree=7
num_leaves= 8
num_cat= 0
full_tree_array_lgbids= 0 2 1 3 6 4 5 -1 -5 -4 -8 -2 -6 -3 -7
split_feature= 1 1 7 8 6 2 7
split_gain= 1807.23 588.081 347.172 568.441 255.722 162.256 33.8684
threshold= 4.0612500000000002 5.8308000000000009 37.925000000000004 -122.31499999999998 2.6829812717770039 26.500000000000004 39.355000000000011
decision_type= 2 2 2 2 2 2 2
left_child=2 4 3 -1 -2 -3 -4
right_child=1 5 6 -5 -6 -7 -8
leaf_value= 0.10838538720591794 0.051811183091518311 0.0619402061765865 -0.054425619176352469 -0.02202612074400441 0.00087018854092307026 0.11857025996137943 -0.084086331967582528
leaf_weight=350 1615 1219 1617 7753 2556 875 527
leaf_count=350 1615 1219 1617 7753 2556 875 527
model_size=816
internal_value=0 0.042323 -0.0258762 -0.0163931 0.0205944 0.0856037 -0.0617163
internal_weight=0 6265 10247 8103 4171 2094 2144
internal_count=16512 6265 10247 8103 4171 2094 2144
is_linear=0
shrinkage=0.1


Tree=8
num_leaves= 8
num_cat= 0
full_tree_array_lgbids= 0 2 1 4 5 3 6 -1 -6 -4 -7 -2 -5 -3 -8
split_feature= 1 1 6 2 7 7 2
split_gain= 1464.14 464.006 299.136 241.635 232.959 203.795 85.0166
threshold= 4.125700000000001 6.3350000000000009 2.2982753493904258 36.500000000000007 37.935000000000009 34.455000000000005 21.500000000000004
decision_type= 2 2 2 2 2 2 2
left_child=2 3 4 -2 -1 -4 -3
right_child=1 6 5 -5 -6 -7 -8
leaf_value= 0.027675047371731838 0.012195252455326041 0.059808731187561526 -0.015743577798094818 0.070813532204159368 -0.050431692911272398 -0.04717121675472255 0.10878518466581727
leaf_weight=1718 3650 619 4210 876 494 4090 855
leaf_count=1718 3650 619 4210 876 494 4090 855
model_size=816
internal_value=0 0.0394297 -0.0225055 0.0235407 0.0102317 -0.0312302 0.0882177
internal_weight=0 6000 10512 4526 2212 8300 1474
internal_count=16512 6000 10512 4526 2212 8300 1474
is_linear=0
shrinkage=0.1


Tree=9
num_leaves= 8
num_cat= 0
full_tree_array_lgbids= 0 1 4 3 2 5 6 -1 -5 -3 -4 -2 -7 -6 -8
split_feature= 1 1 6 3 1 2 5
split_gain= 1205.16 468.965 324.138 182.508 138.812 103.796 27.0802
threshold= 5.6042500000000013 3.3277500000000004 2.5357030921530415 4.5044954944033631 7.7055000000000016 26.500000000000004 139.50000000000003
decision_type= 2 2 2 2 2 2 2
left_child=1 3 -3 -1 5 -2 -6
right_child=4 2 -4 -5 6 -7 -8
leaf_value= -0.012027113350361926 0.030807123625507218 0.040532129713628573 -0.0069246226770622145 -0.043500314997658246 0.0021546067240146493 0.081210531299379926 0.10838713973546575
leaf_weight=3549 1059 2113 4563 3881 26 677 644
leaf_count=3549 1059 2113 4563 3881 26 677 644
model_size=816
internal_value=0 -0.0111627 0.00809577 -0.0284669 0.0654454 0.0504633 0.104265
internal_weight=0 14106 6676 7430 2406 1736 670
internal_count=16512 14106 6676 7430 2406 1736 670
is_linear=0
shrinkage=0.1


Tree=10
num_leaves= 8
num_cat= 0
full_tree_array_lgbids= 0 1 3 5 2 4 6 -1 -7 -3 -4 -2 -6 -5 -8
split_feature= 1 1 6 1 2 3 1
split_gain= 1003.71 303.524 286.612 225.716 172.637 101.736 29.758
threshold= 4.6754000000000007 2.2336500000000004 2.0376051459673437 7.3930000000000016 21.500000000000004 3.5232617427316812 8.7395500000000013
decision_type= 2 2 2 2 2 2 2
left_child=1 5 -3 4 -2 -1 -5
right_child=3 2 -4 6 -6 -7 -8
leaf_value= -0.0051177343893241065 0.0037956615427647694 0.045083177825450196 -0.012107711162889131 0.071236168988218759 0.048601540192292118 -0.052875654570378718 0.11083567272310389
leaf_weight=562 1460 984 8303 428 2126 2284 365
leaf_count=562 1460 984 8303 428 2126 2284 365
model_size=816
internal_value=0 -0.0148201 -0.00604808 0.0410625 0.0303593 -0.0434449 0.0894629
internal_weight=0 12133 9287 4379 3586 2846 793
internal_count=16512 12133 9287 4379 3586 2846 793
is_linear=0
shrinkage=0.1


Tree=11
num_leaves= 8
num_cat= 0
full_tree_array_lgbids= 0 3 1 4 6 2 5 -1 -6 -5 -8 -2 -4 -3 -7
split_feature= 1 1 2 7 8 2 7
split_gain= 847.402 304.117 226.578 186.624 375.158 84.4318 20.5835
threshold= 3.8346500000000003 5.8308000000000009 18.500000000000004 37.915000000000006 -122.31499999999998 26.500000000000004 38.475000000000001
decision_type= 2 2 2 2 2 2 2
left_child=3 2 -2 4 -1 -3 -5
right_child=1 5 -4 6 -6 -7 -8
leaf_value= 0.099601954853349092 -0.019649023068574932 0.041129200948059247 0.026897534540647017 -0.032134002325449745 -0.016787709813313595 0.082117198194456953 -0.054149143877061358
leaf_weight=289 1511 1219 3453 676 7158 875 1331
leaf_count=289 1511 1219 3453 676 7158 875 1331
model_size=816
internal_value=0 0.0262364 0.0127292 -0.0195871 -0.0122709 0.0582565 -0.046734
internal_weight=0 7058 4964 9454 7447 2094 2007
internal_count=16512 7058 4964 9454 7447 2094 2007
is_linear=0
shrinkage=0.1


Tree=12
num_leaves= 8
num_cat= 0
full_tree_array_lgbids= 0 3 1 4 5 2 6 -1 -6 -5 -7 -2 -4 -3 -8
split_feature= 1 6 2 6 7 7 1
split_gain= 687.161 271.244 228.889 176.543 168.145 131.875 121.839
threshold= 3.9004500000000006 2.9742256672023202 20.500000000000004 2.4716480639382667 37.945000000000007 34.455000000000005 6.8672000000000013
decision_type= 2 2 2 2 2 2 2
left_child=3 2 -2 4 -1 -5 -3
right_child=1 6 -4 5 -6 -7 -8
leaf_value= 0.017357973354222341 0.0046041341521176008 -0.0098838752882973446 0.055432879179652172 -0.012873186969560036 -0.036699276965727987 -0.041143131343877232 0.051276384538236866
leaf_weight=2196 1278 2253 2936 3515 787 3162 385
leaf_count=2196 1278 2253 2936 3515 787 3162 385
model_size=816
internal_value=0 0.0242423 0.0400178 -0.0171955 0.00309614 -0.0262609 -0.000957909
internal_weight=0 6852 4214 9660 2983 6677 2638
internal_count=16512 6852 4214 9660 2983 6677 2638
is_linear=0
shrinkage=0.1


Tree=13
num_leaves= 8
num_cat= 0
full_tree_array_lgbids= 0 1 3 2 4 5 6 -1 -4 -3 -6 -2 -7 -5 -8
split_feature= 1 6 7 6 8 7 1
split_gain= 590.339 279.774 363.587 92.7618 91.4038 63.2207 36.7677
threshold= 5.3736000000000006 2.8396278889382178 37.945000000000007 3.1424162072895592 -117.77499999999999 37.955000000000005 9.1688500000000008
decision_type= 2 2 2 2 2 2 2
left_child=1 2 -1 5 -3 -2 -5
right_child=3 4 -4 6 -6 -7 -8
leaf_value= 0.018223219283070823 0.058180759069477707 -0.017808752452322187 -0.034125292666712888 0.004752511194697666 -0.048440849261851028 -0.0084725125372828031 0.084691355090874887
leaf_weight=5358 1886 5382 1771 685 1208 157 65
leaf_count=5358 1886 5382 1771 685 1208 157 65
model_size=816
internal_value=0 -0.00853992 0.0052187 0.0419474 -0.0234239 0.0530586 0.0116805
internal_weight=0 13719 7129 2793 6590 2043 750
internal_count=16512 13719 7129 2793 6590 2043 750
is_linear=0
shrinkage=0.1


Tree=14
num_leaves= 8
num_cat= 0
full_tree_array_lgbids= 0 3 1 4 6 2 5 -1 -6 -5 -8 -2 -4 -3 -7
split_feature= 1 7 8 3 1 8 2
split_gain= 501.715 225.356 271.647 131.952 169.405 75.2267 42.1909
threshold= 3.6530500000000008 37.965000000000011 -118.02499999999999 4.7136159068371946 2.2210000000000005 -122.40499999999999 43.500000000000007
decision_type= 2 2 2 2 2 2 2
left_child=3 2 -2 4 -1 -3 -5
right_child=1 5 -4 6 -6 -7 -8
leaf_value= -0.028046601784448136 0.038411964017363485 0.023346933497318621 -0.0042036676822332954 -0.033704452710411156 0.01106573414924762 -0.044817534056596914 -0.0040017056727550413
leaf_weight=1879 4660 216 2217 3537 2743 689 571
leaf_count=1879 4660 216 2217 3537 2743 689 571
model_size=816
internal_value=0 0.0184842 0.0246736 -0.016477 -0.00483476 -0.0285484 -0.0295759
internal_weight=0 7782 6877 8730 4622 905 4108
internal_count=16512 7782 6877 8730 4622 905 4108
is_linear=0
shrinkage=0.1


Tree=15
num_leaves= 8
num_cat= 0
full_tree_array_lgbids= 0 1 4 2 3 5 6 -1 -4 -3 -5 -2 -7 -6 -8
split_feature= 1 8 7 7 1 6 5
split_gain= 433.358 243.569 365.798 74.1693 66.4107 70.3129 24.3342
threshold= 5.6851000000000012 -117.77499999999999 34.525000000000013 33.565000000000005 8.7395500000000013 2.5949646725452555 70.000000000000014
decision_type= 2 2 2 2 2 2 2
left_child=1 2 -1 -3 5 -2 -6
right_child=4 3 -4 -5 6 -7 -8
leaf_value= 0.020135571781320572 0.063928636896067398 -0.018385128867526787 -0.015614123601812689 -0.05336692391377839 -0.06347245511909326 0.020934416052922806 0.084849676401182891
leaf_weight=4978 538 1287 6786 1181 11.999999999999998 1377 353
leaf_count=4978 538 1287 6786 1181 12 1377 353
model_size=816
internal_value=0 -0.00649315 -0.000486447 -0.0351248 0.0405309 0.0330132 0.0799733
internal_weight=0 14232 11764 2468 2280 1915 365
internal_count=16512 14232 11764 2468 2280 1915 365
is_linear=0
shrinkage=0.1


Tree=16
num_leaves= 8
num_cat= 0
full_tree_array_lgbids= 0 4 1 6 5 2 3 -1 -8 -6 -7 -2 -4 -3 -5
split_feature= 1 6 2 1 1 3 3
split_gain= 365.075 197.087 194.451 185.75 104.859 138.545 66.0939
threshold= 3.6530500000000008 2.0653737590585881 17.500000000000004 6.3963500000000009 2.2210000000000005 4.5689898008742116 3.3654435698213785
decision_type= 2 2 2 2 2 2 2
left_child=4 2 -2 -3 6 -6 -1
right_child=1 3 -4 -5 5 -7 -8
leaf_value= 0.0053169222771560151 -0.018444986986648999 0.0035817605813822429 0.11116563453700046 0.044759214625673116 0.012223728565151895 -0.019055055019266402 -0.03700036219726574
leaf_weight=448 165 5863 396 1358 2383 3566 2333
leaf_count=448 165 5863 396 1358 2383 3566 2333
model_size=816
internal_value=0 0.015775 0.0730449 0.0113257 -0.014062 -0.00652566 -0.0301833
internal_weight=0 7782 561 7221 8730 5949 2781
internal_count=16512 7782 561 7221 8730 5949 2781
is_linear=0
shrinkage=0.1


Tree=17
num_leaves= 8
num_cat= 0
full_tree_array_lgbids= 0 1 4 2 3 5 6 -1 -4 -3 -5 -2 -7 -6 -8
split_feature= 1 8 7 7 6 2 3
split_gain= 302.652 215.939 282.836 216.28 81.1425 65.5663 26.9126
threshold= 5.0116000000000005 -122.38499999999998 38.415000000000006 34.455000000000005 3.1424162072895592 16.500000000000004 8.0108708495805292
decision_type= 2 2 2 2 2 2 2
left_child=1 2 -1 -3 5 -2 -6
right_child=4 3 -4 -5 6 -7 -8
leaf_value= 0.079837342826250254 0.0044376295177151635 0.00099570850082109845 -0.023841387174325063 -0.026316212345297674 -0.0060264616112942959 0.04308233002404506 0.043967760357146085
leaf_weight=621 570 6580 460 5236 839 2076 130
leaf_count=621 570 6580 460 5236 839 2076 130
model_size=816
internal_value=0 -0.00718213 0.0357187 -0.011107 0.0256232 0.0347575 0.00068071
internal_weight=0 12897 1081 11816 3615 2646 969
internal_count=16512 12897 1081 11816 3615 2646 969
is_linear=0
shrinkage=0.1


Tree=18
num_leaves= 8
num_cat= 0
full_tree_array_lgbids= 0 1 3 2 5 6 4 -1 -4 -3 -7 -2 -8 -5 -6
split_feature= 6 7 8 8 7 8 7
split_gain= 270.923 325.003 362.475 72.6097 133.906 43.2644 38.371
threshold= 3.1100458715596333 37.925000000000004 -117.75499999999998 -121.56499999999998 34.525000000000013 -122.40499999999999 37.895000000000003
decision_type= 2 2 2 2 2 2 2
left_child=1 2 -1 6 -5 -3 -2
right_child=3 5 -4 4 -6 -7 -8
leaf_value= 0.028553390901530997 0.019453963486265519 -0.00026423410139478739 -0.021861717292848019 -0.014243169365368048 -0.055576444338007673 -0.031342036347319788 -0.028086578111539525
leaf_weight=6862 689 618 1808 3465 1025 1810 235
leaf_count=6862 689 618 1808 3465 1025 1810 235
model_size=816
internal_value=0 0.00896693 0.0180401 -0.018381 -0.0236789 -0.0234318 0.00736302
internal_weight=0 11098 8670 5414 4490 2428 924
internal_count=16512 11098 8670 5414 4490 2428 924
is_linear=0
shrinkage=0.1


Tree=19
num_leaves= 8
num_cat= 0
full_tree_array_lgbids= 0 4 1 6 5 2 3 -1 -8 -6 -7 -2 -4 -3 -5
split_feature= 1 2 1 8 3 1 7
split_gain= 234.376 198.657 143.083 98.3985 51.2823 57.2179 30.5615
threshold= 2.8762500000000002 47.500000000000007 6.2770500000000009 -122.29499999999999 3.3654435698213785 1.9486000000000003 33.995000000000012
decision_type= 2 2 2 2 2 2 2
left_child=4 2 -2 -3 6 -6 -1
right_child=1 3 -4 -5 5 -7 -8
leaf_value= -0.028552456832473067 -0.00038794387119818257 0.10019139126750023 0.034224743971060206 0.029840511072815087 -0.037411147020109198 -0.01336937474124616 0.023546974257076185
leaf_weight=157 8791 303 1396 600 1448 3355 462
leaf_count=157 8791 303 1396 600 1448 3355 462
model_size=816
internal_value=0 0.00835254 0.00435529 0.0534466 -0.017084 -0.0206174 0.0103327
internal_weight=0 11090 10187 903 5422 4803 619
internal_count=16512 11090 10187 903 5422 4803 619
is_linear=0
shrinkage=0.1


Tree=20
num_leaves= 8
num_cat= 0
full_tree_array_lgbids= 0 1 3 2 5 4 6 -1 -4 -3 -7 -2 -6 -5 -8
split_feature= 6 7 8 1 8 8 1
split_gain= 209.951 238.163 265.523 83.5172 56.6584 30.9951 30.6839
threshold= 2.9137341371666818 37.925000000000004 -117.85499999999998 5.8308000000000009 -121.56499999999998 -122.40499999999999 9.1688500000000008
decision_type= 2 2 2 2 2 2 2
left_child=1 2 -1 4 -2 -3 -5
right_child=3 5 -4 6 -6 -7 -8
leaf_value= 0.029129091450645867 0.0035981665706795382 0.0009640265052750915 -0.017142377401394297 0.008134646200935956 -0.021372035993816894 -0.027014872124108781 0.062160768835094027
leaf_weight=5547 1131 561 1607 791 5197 1551 127
leaf_count=5547 1131 561 1607 791 5197 1551 127
model_size=816
internal_value=0 0.0100013 0.0187352 -0.0127894 -0.0169091 -0.019583 0.0156088
internal_weight=0 9266 7154 7246 6328 2112 918
internal_count=16512 9266 7154 7246 6328 2112 918
is_linear=0
shrinkage=0.1


Tree=21
num_leaves= 8
num_cat= 0
full_tree_array_lgbids= 0 1 3 2 6 5 4 -1 -4 -3 -8 -2 -7 -5 -6
split_feature= 1 6 2 6 1 2 7
split_gain= 179.708 122.478 121.708 86.3326 83.4073 78.6104 45.4972
threshold= 4.405050000000001 2.5949646725452555 20.500000000000004 2.2820667453403218 8.0125000000000011 17.500000000000004 34.455000000000005
decision_type= 2 2 2 2 2 2 2
left_child=1 2 -1 5 -5 -2 -3
right_child=3 6 -4 4 -6 -7 -8
leaf_value= -0.018695872612738963 -0.0079115140407035756 -0.007718099753969131 0.017767994192043481 0.0060437797522580753 0.049421456108545737 0.074532198210880071 -0.024013756376956307
leaf_weight=1345 162 3885 2961 4003 507 428 3221
leaf_count=1345 162 3885 2961 4003 507 428 3221
model_size=816
internal_value=0 -0.0069986 0.00637833 0.0156604 0.0109202 0.0518951 -0.0151046
internal_weight=0 11412 4306 5100 4510 590 7106
internal_count=16512 11412 4306 5100 4510 590 7106
is_linear=0
shrinkage=0.1


Tree=22
num_leaves= 8
num_cat= 0
full_tree_array_lgbids= 0 3 1 5 6 2 4 -1 -7 -5 -8 -2 -4 -3 -6
split_feature= 8 7 8 7 8 8 7
split_gain= 169.309 469.489 491.15 198.76 187.782 124.457 57.7263
threshold= -121.85499999999998 34.525000000000013 -118.30499999999999 37.805000000000007 -119.94499999999998 -122.25499999999998 38.705000000000005
decision_type= 2 2 2 2 2 2 2
left_child=3 2 -2 5 -3 -1 -5
right_child=1 4 -4 6 -6 -7 -8
leaf_value= 0.071993749970035589 0.047681832606003102 -0.020376568201553771 -0.006752097501538469 0.0044215599592221603 -0.068806574231981582 0.021250278222559791 -0.036515418558965951
leaf_weight=736 2235 2723 6481 1251 1145 1451 490
leaf_count=736 2235 2723 6481 1251 1145 1451 490
model_size=816
internal_value=0 -0.00567867 0.00720612 0.0181926 -0.0347128 0.0383272 -0.00710005
internal_weight=0 12584 8716 3928 3868 2187 1741
internal_count=16512 12584 8716 3928 3868 2187 1741
is_linear=0
shrinkage=0.1


Tree=23
num_leaves= 8
num_cat= 0
full_tree_array_lgbids= 0 1 4 3 2 5 6 -1 -5 -3 -4 -2 -7 -6 -8
split_feature= 8 7 8 8 7 8 8
split_gain= 156.357 213.751 469.738 209.522 79.8295 104.645 10.0185
threshold= -117.75499999999998 34.525000000000013 -121.63499999999998 -118.30499999999999 33.695000000000007 -117.145 -117.50499999999998
decision_type= 2 2 2 2 2 2 2
left_child=1 3 -3 -1 5 -2 -6
right_child=4 2 -4 -5 6 -7 -8
leaf_value= 0.042913649325234032 0.021624377836486096 0.014690748118043009 -0.035246226760023751 0.0041756548193877434 -0.025930948738267942 -0.029678889703740559 -0.048349542512543218
leaf_weight=2235 709 4419 3299 3782 309 931 828
leaf_count=2235 709 4419 3299 3782 309 931 828
model_size=816
internal_value=0 0.00439355 -0.00665443 0.0185648 -0.0217304 -0.00749961 -0.0422569
internal_weight=0 13735 7718 6017 2777 1640 1137
internal_count=16512 13735 7718 6017 2777 1640 1137
is_linear=0
shrinkage=0.1


Tree=24
num_leaves= 8
num_cat= 0
full_tree_array_lgbids= 0 1 3 2 6 5 4 -1 -4 -3 -8 -2 -7 -5 -6
split_feature= 6 7 8 8 7 7 7
split_gain= 139.106 150.493 188.644 32.3661 51.9604 27.0969 20.5305
threshold= 3.1424162072895592 37.935000000000009 -122.31499999999998 -121.48499999999999 35.135000000000012 37.895000000000003 39.355000000000011
decision_type= 2 2 2 2 2 2 2
left_child=1 2 -1 5 -5 -2 -3
right_child=3 6 -4 4 -6 -7 -8
leaf_value= 0.067535666514527887 0.014601993632660203 -0.011011979960501224 0.0084004977591527249 -0.011774224800231839 -0.039671042349372306 -0.026493336727937467 -0.034197206773695726
leaf_weight=581 657 1921 8342 3414 856 226 515
leaf_count=581 657 1921 8342 3414 856 226 515
model_size=816
internal_value=0 0.0062109 0.0122509 -0.013691 -0.0173667 0.00408382 -0.0159136
internal_weight=0 11359 8923 5153 4270 883 2436
internal_count=16512 11359 8923 5153 4270 883 2436
is_linear=0
shrinkage=0.1


Tree=25
num_leaves= 8
num_cat= 0
full_tree_array_lgbids= 0 1 4 3 2 5 6 -1 -5 -3 -4 -2 -7 -6 -8
split_feature= 8 7 8 6 7 8 8
split_gain= 128.595 171.172 348.501 171.762 63.2923 83.0124 8.37189
threshold= -117.75499999999998 34.525000000000013 -121.56499999999998 3.0004492362982935 33.695000000000007 -117.145 -117.46499999999999
decision_type= 2 2 2 2 2 2 2
left_child=1 3 -3 -1 5 -2 -6
right_child=4 2 -4 -5 6 -7 -8
leaf_value= 0.032725928211404104 0.018957661417341162 0.011929622063045341 -0.03131799538690002 -0.0012460245193440073 -0.024234186495625101 -0.026814272247959344 -0.044211160261631272
leaf_weight=3175 709 4535 3183 2842 351 931 786
leaf_count=3175 709 4535 3183 2842 351 931 786
model_size=816
internal_value=0 0.0039883 -0.00590624 0.01668 -0.0197261 -0.00702628 -0.0380441
internal_weight=0 13735 7718 6017 2777 1640 1137
internal_count=16512 13735 7718 6017 2777 1640 1137
is_linear=0
shrinkage=0.1


Tree=26
num_leaves= 8
num_cat= 0
full_tree_array_lgbids= 0 1 4 3 2 5 6 -1 -5 -3 -4 -2 -7 -6 -8
split_feature= 8 7 8 8 7 8 7
split_gain= 103.903 138.39 292.088 155.373 53.6359 87.9817 7.87956
threshold= -117.75499999999998 34.525000000000013 -119.94499999999998 -118.35499999999998 33.565000000000005 -117.16499999999998 34.965000000000011
decision_type= 2 2 2 2 2 2 2
left_child=1 3 -3 -1 5 -2 -6
right_child=4 2 -4 -5 6 -7 -8
leaf_value= 0.040675315720817284 0.028065865523416861 0.0024938682380915992 -0.053994964466966167 0.0048645280469491632 -0.031542793900460768 -0.023073351306824006 -0.090535285296263535
leaf_weight=1705 535 6651 1067 4312 1271 944 27
leaf_count=1705 535 6651 1067 4312 1271 944 27
model_size=816
internal_value=0 0.00358947 -0.00531561 0.015012 -0.0177535 -0.00457472 -0.0327699
internal_weight=0 13735 7718 6017 2777 1479 1298
internal_count=16512 13735 7718 6017 2777 1479 1298
is_linear=0
shrinkage=0.1


Tree=27
num_leaves= 8
num_cat= 0
full_tree_array_lgbids= 0 1 2 3 5 6 4 -1 -5 -3 -7 -2 -8 -4 -6
split_feature= 2 1 8 6 7 1 8
split_gain= 95.1755 89.3664 69.6388 61.0752 32.3599 28.0574 19.1726
threshold= 51.500000000000007 5.8308000000000009 -122.31499999999998 2.0376051459673437 37.635000000000012 8.7395500000000013 -122.61499999999999
decision_type= 2 2 2 2 2 2 2
left_child=1 3 6 -1 -4 -3 -2
right_child=2 5 4 -5 -6 -7 -8
leaf_value= 0.016615438931255978 -0.016534283234236332 0.012770929903793077 0.030583824611927286 -0.007017112357039332 -0.013822830540278011 0.045996630184188397 0.076089262961397397
leaf_weight=1229 26 1635 406 12307 295 318 296
leaf_count=1229 26 1635 406 12307 295 318 296
model_size=816
internal_value=0 -0.00196474 0.0297476 -0.0048714 0.0118963 0.018181 0.0686103
internal_weight=0 15489 1023 13536 701 1953 322
internal_count=16512 15489 1023 13536 701 1953 322
is_linear=0
shrinkage=0.1


Tree=28
num_leaves= 8
num_cat= 0
full_tree_array_lgbids= 0 1 3 2 5 4 6 -1 -4 -3 -7 -2 -6 -5 -8
split_feature= 6 7 8 3 8 7 1
split_gain= 86.0818 104.721 143.711 23.273 19.9165 19.0861 3.38061
threshold= 3.1424162072895592 37.895000000000003 -122.29499999999999 8.0108708495805292 -117.50499999999998 39.355000000000011 10.027200000000002
decision_type= 2 2 2 2 2 2 2
left_child=1 2 -1 4 -2 -3 -5
right_child=3 5 -4 6 -6 -7 -8
leaf_value= 0.058994869258325269 -0.0094107699247084498 -0.0085182116728222072 0.0067447630707766666 0.018663932264602761 -0.028373767831519986 -0.030796130909550558 0.059370019610383011
leaf_weight=568 4316 2050 8226 114 685 515 38
leaf_count=568 4316 2050 8226 114 685 515 38
model_size=816
internal_value=0 0.00490089 0.0101196 -0.0108033 -0.0120082 -0.0129912 0.0288405
internal_weight=0 11359 8794 5153 5001 2565 152
internal_count=16512 11359 8794 5153 5001 2565 152
is_linear=0
shrinkage=0.1


Tree=29
num_leaves= 8
num_cat= 0
full_tree_array_lgbids= 0 1 4 3 2 5 6 -1 -5 -3 -4 -2 -7 -6 -8
split_feature= 8 7 8 6 7 8 6
split_gain= 79.8114 112.01 240.112 125.1 41.8659 66.2622 6.63451
threshold= -117.75499999999998 34.655000000000008 -121.56499999999998 2.4652231585518112 33.565000000000005 -117.16499999999998 2.7822627965043698
decision_type= 2 2 2 2 2 2 2
left_child=1 3 -3 -1 5 -2 -6
right_child=4 2 -4 -5 6 -7 -8
leaf_value= 0.039465581980300639 0.024496419037009262 0.0097327197205782558 -0.026483442451298946 0.0053890913308537979 -0.039114851927378937 -0.020001738266396927 -0.022879493526474393
leaf_weight=1419 535 4535 3099 4682 482 944 816
leaf_count=1419 535 4535 3099 4682 482 944 816
model_size=816
internal_value=0 0.00315246 -0.00496913 0.0133148 -0.015592 -0.00390538 -0.0289083
internal_weight=0 13735 7634 6101 2777 1479 1298
internal_count=16512 13735 7634 6101 2777 1479 1298
is_linear=0
shrinkage=0.1


Tree=30
num_leaves= 8
num_cat= 0
full_tree_array_lgbids= 0 1 2 4 6 3 5 -1 -6 -3 -8 -2 -5 -4 -7
split_feature= 8 7 7 8 2 2 1
split_gain= 70.2588 121.398 92.1416 150.708 19.2639 13.0174 2.08057
threshold= -122.40499999999999 38.705000000000005 37.615000000000002 -122.02499999999999 47.500000000000007 23.500000000000004 3.2758000000000007
decision_type= 2 2 2 2 2 2 2
left_child=1 4 3 -2 -1 -4 -3
right_child=2 6 5 -5 -6 -7 -8
leaf_value= 0.030496361725479745 0.055362017655193919 -0.025382818834868644 -0.0087498904231321992 -9.4373317497443456e-05 0.061743309339437863 -0.021926752997116595 -0.052314302717046492
leaf_weight=587 517 261 1415 11347 330 1997 58
leaf_count=587 517 261 1415 11347 330 1997 58
model_size=816
internal_value=0 0.0231533 -0.00187336 0.00232226 0.0417412 -0.0164621 -0.0302795
internal_weight=0 1236 15276 11864 917 3412 319
internal_count=16512 1236 15276 11864 917 3412 319
is_linear=0
shrinkage=0.1


Tree=31
num_leaves= 8
num_cat= 0
full_tree_array_lgbids= 0 1 4 2 3 6 5 -1 -4 -3 -5 -2 -8 -6 -7
split_feature= 6 7 8 7 8 7 7
split_gain= 65.2389 69.9291 99.1392 14.2397 13.5006 8.58074 7.86642
threshold= 3.442186331338819 37.895000000000003 -122.31499999999998 39.82500000000001 -121.32499999999997 35.335000000000008 37.925000000000004
decision_type= 2 2 2 2 2 2 2
left_child=1 2 -1 -3 6 -6 -2
right_child=4 3 -4 -5 5 -7 -8
leaf_value= 0.047283228399624885 0.010451935365379928 -0.008234371210223931 0.0045249158644526796 -0.030810463305920296 -0.013267588210665406 -0.029958149614898469 -0.021894147788052973
leaf_weight=582 381 2456 9928 350 2276 424 115
leaf_count=582 381 2456 9928 350 2276 424 115
model_size=816
internal_value=0 0.00311166 0.00689269 -0.0110503 -0.0129646 -0.0158886 0.00295234
internal_weight=0 13316 10510 2806 3196 2700 496
internal_count=16512 13316 10510 2806 3196 2700 496
is_linear=0
shrinkage=0.1


Tree=32
num_leaves= 8
num_cat= 0
full_tree_array_lgbids= 0 1 4 3 2 5 6 -1 -5 -3 -4 -2 -7 -6 -8
split_feature= 8 7 8 8 7 8 1
split_gain= 65.699 85.0152 222.165 122.97 36.5973 42.8559 4.31855
threshold= -117.50499999999998 34.655000000000008 -119.94499999999998 -118.30499999999999 33.915000000000006 -117.145 5.453450000000001
decision_type= 2 2 2 2 2 2 2
left_child=1 3 -3 -1 5 -2 -6
right_child=4 2 -4 -5 6 -7 -8
leaf_value= 0.029819057912910448 0.014850943405445375 0.0021105140261780254 -0.047683838382753606 0.00094166767455872592 -0.034048289775515238 -0.019850286283935429 -0.074476658130014264
leaf_weight=2281 564 6610 1044 4307 615 1054 37
leaf_count=2281 564 6610 1044 4307 615 1054 37
model_size=816
internal_value=0 0.0025447 -0.0046814 0.01094 -0.0159655 -0.00775418 -0.0363425
internal_weight=0 14242 7654 6588 2270 1618 652
internal_count=16512 14242 7654 6588 2270 1618 652
is_linear=0
shrinkage=0.1


Tree=33
num_leaves= 8
num_cat= 0
full_tree_array_lgbids= 0 1 4 2 3 6 5 -1 -4 -3 -5 -2 -8 -6 -7
split_feature= 8 6 2 3 8 1 7
split_gain= 53.8835 53.6613 59.3605 44.6844 2.03259 1.50715 0.593627
threshold= -116.53499999999998 2.8396278889382178 21.500000000000004 7.5573198511601065 -116.11499999999999 4.0170500000000011 33.745000000000012
decision_type= 2 2 2 2 2 2 2
left_child=1 2 -1 -3 6 -6 -2
right_child=4 3 -4 -5 5 -7 -8
leaf_value= -0.0059892103408555513 -0.021300806345435672 -0.0071823276247406547 0.01224728149530256 0.025264189558664482 -0.053826804739346201 -0.10076171457767487 -0.048005667136255974
leaf_weight=2698 53 7455 5658 465 109 14.999999999999998 59
leaf_count=2698 53 7455 5658 465 109 15 59
model_size=816
internal_value=0 0.000696721 0.00635905 -0.00527732 -0.0480501 -0.0595044 -0.0353685
internal_weight=0 16276 8356 7920 236 124 112
internal_count=16512 16276 8356 7920 236 124 112
is_linear=0
shrinkage=0.1


Tree=34
num_leaves= 8
num_cat= 0
full_tree_array_lgbids= 0 4 1 6 5 3 2 -1 -8 -6 -7 -2 -5 -3 -4
split_feature= 4 1 6 8 8 7 7
split_gain= 49.7692 57.5132 43.3229 37.4023 14.967 36.1561 20.6447
threshold= 0.99160544721033084 4.1408500000000013 2.2634687595142249 -117.77499999999999 -121.675 35.335000000000008 37.595000000000006
decision_type= 2 2 2 2 2 2 2
left_child=4 3 -3 -2 6 -6 -1
right_child=1 2 -4 -5 5 -7 -8
leaf_value= 0.020543652105569729 0.0010747445195711043 0.037983733186326779 0.0081786790104586473 -0.015949471542290972 -0.0091500788443859751 -0.040354139367294373 -0.012583039024216956
leaf_weight=323 7421 579 3864 1634 1656 503 532
leaf_count=323 7421 579 3864 1634 1656 503 532
model_size=816
internal_value=0 0.0026307 0.0120628 -0.00199732 -0.0117814 -0.0164199 -6.85113e-05
internal_weight=0 13498 4443 9055 3014 2159 855
internal_count=16512 13498 4443 9055 3014 2159 855
is_linear=0
shrinkage=0.1


Tree=35
num_leaves= 8
num_cat= 0
full_tree_array_lgbids= 0 4 1 5 6 3 2 -1 -7 -6 -8 -2 -5 -3 -4
split_feature= 1 8 7 7 3 5 5
split_gain= 46.8994 53.7721 79.6522 63.1826 16.2027 8.6038 4.32073
threshold= 1.9486000000000003 -122.40499999999999 37.615000000000002 38.705000000000005 2.6633984153933228 1499.5000000000002 494.50000000000006
decision_type= 2 2 2 2 2 2 2
left_child=4 3 -3 -2 5 -1 -6
right_child=1 2 -4 -5 6 -7 -8
leaf_value= -0.0070356035292315393 0.035634385705785795 0.004197126255139288 -0.014515853620382008 -0.024094263436844607 -0.0041888379644541467 0.048526489566124625 -0.020804295481040985
leaf_weight=67 880 10666 2957 228 244 63 1407
leaf_count=67 880 10666 2957 228 244 63 1407
model_size=816
internal_value=0 0.00188093 0.000135298 0.0233437 -0.0155575 0.0198906 -0.0183487
internal_weight=0 14731 13623 1108 1781 130 1651
internal_count=16512 14731 13623 1108 1781 130 1651
is_linear=0
shrinkage=0.1


Tree=36
num_leaves= 8
num_cat= 0
full_tree_array_lgbids= 0 1 3 6 2 4 5 -1 -8 -3 -4 -2 -6 -5 -7
split_feature= 8 7 7 7 8 6 1
split_gain= 44.5562 71.5886 58.6161 29.96 46.5723 9.05219 7.29596
threshold= -117.77499999999999 33.625000000000007 34.655000000000008 33.565000000000005 -117.24499999999999 1.5681615996735363 5.3357000000000001
decision_type= 2 2 2 2 2 2 2
left_child=1 6 -3 4 -2 -5 -1
right_child=3 2 -4 5 -6 -7 -8
leaf_value= 0.16193666476756335 0.034166355405002839 0.0094306429710677431 -0.003946692602268923 -0.091101631077683792 -0.010601075126717536 -0.021506108330492435 0.082171686366200453
leaf_weight=24 300 5988 7632 22 1188 1326 32
leaf_count=24 300 5988 7632 22 1188 1326 32
model_size=816
internal_value=0 0.00240315 0.00193462 -0.0115887 -0.00157538 -0.0226419 0.116357
internal_weight=0 13676 13620 2836 1488 1348 56
internal_count=16512 13676 13620 2836 1488 1348 56
is_linear=0
shrinkage=0.1


Tree=37
num_leaves= 8
num_cat= 0
full_tree_array_lgbids= 0 1 3 2 6 4 5 -1 -4 -3 -8 -2 -6 -5 -7
split_feature= 2 1 8 8 7 7 4
split_gain= 42.9801 43.9466 33.9646 27.1983 17.601 14.568 9.66698
threshold= 51.500000000000007 7.2638000000000007 -116.53499999999998 -122.425 37.755000000000003 37.635000000000012 1.0069504830917877
decision_type= 2 2 2 2 2 2 2
left_child=1 2 -1 4 -2 -5 -3
right_child=3 6 -4 5 -6 -7 -8
leaf_value= -0.0019536262200598735 0.0031654818515692443 0.0062228627090946701 -0.041330891626019932 0.025253087723325563 0.071262412855564922 -0.0028287469975783021 0.031213530640715595
leaf_weight=14483 56 277 232 420 154 393 497
leaf_count=14483 56 277 232 420 154 393 497
model_size=816
internal_value=0 -0.00133296 -0.00257446 0.0201821 0.0531032 0.0116785 0.0222698
internal_weight=0 15489 14715 1023 210 813 774
internal_count=16512 15489 14715 1023 210 813 774
is_linear=0
shrinkage=0.1


Tree=38
num_leaves= 8
num_cat= 0
full_tree_array_lgbids= 0 1 4 3 2 6 5 -1 -5 -3 -4 -2 -8 -6 -7
split_feature= 6 7 8 8 8 2 7
split_gain= 41.4553 45.8646 172.896 120.005 9.15499 4.97255 4.89599
threshold= 3.442186331338819 34.525000000000013 -119.94499999999998 -118.27499999999999 -121.32499999999997 31.500000000000004 37.925000000000004
decision_type= 2 2 2 2 2 2 2
left_child=1 3 -3 -1 6 -6 -2
right_child=4 2 -4 -5 5 -7 -8
leaf_value= 0.027977282850102644 0.009251839118527512 0.0029147057804771196 -0.044330533542980749 -0.0010382581190380674 -0.0078043123326314197 -0.017568359338394773 -0.01755749063242389
leaf_weight=2160 381 5912 900 4344 1298 1402 115
leaf_count=2160 381 5912 900 4344 1298 1402 115
model_size=816
internal_value=0 0.00249737 -0.00332733 0.0085979 -0.0104052 -0.0128744 0.00303597
internal_weight=0 13316 6812 6504 3196 2700 496
internal_count=16512 13316 6812 6504 3196 2700 496
is_linear=0
shrinkage=0.1


Tree=39
num_leaves= 8
num_cat= 0
full_tree_array_lgbids= 0 4 1 5 6 2 3 -1 -7 -6 -8 -2 -4 -3 -5
split_feature= 4 1 6 5 3 8 8
split_gain= 39.9657 37.8213 38.1881 14.4868 11.9812 6.21463 3.96441
threshold= 0.99160544721033084 5.7307500000000013 1.9322222929778572 170.50000000000003 6.7080251109600555 -121.675 -122.03499999999998
decision_type= 2 2 2 2 2 2 2
left_child=4 2 -2 -3 5 -1 -6
right_child=1 3 -4 -5 6 -7 -8
leaf_value= -0.0039918649841041935 0.020505073761725036 -0.051835146546363835 -0.0012836653750219419 0.018405467597826394 0.035510736385670802 -0.015926479834598214 0.0025891345848671897
leaf_weight=738 904 33 10974 1587 66 2002 208
leaf_count=738 904 33 10974 1587 66 2002 208
model_size=816
internal_value=0 0.00236691 0.000374612 0.0169746 -0.0106001 -0.012712 0.0105192
internal_weight=0 13498 11878 1620 3014 2740 274
internal_count=16512 13498 11878 1620 3014 2740 274
is_linear=0
shrinkage=0.1


Tree=40
num_leaves= 8
num_cat= 0
full_tree_array_lgbids= 0 4 1 5 6 3 2 -1 -7 -6 -8 -2 -5 -3 -4
split_feature= 4 1 6 1 8 7 1
split_gain= 33.7315 37.2532 39.7336 17.7079 15.8538 22.8205 14.0588
threshold= 1.0117321169808868 3.4883000000000002 2.0653737590585881 1.8066500000000001 -122.19499999999998 37.595000000000006 8.7395500000000013
decision_type= 2 2 2 2 2 2 2
left_child=4 3 -3 -2 5 -1 -6
right_child=1 2 -4 -5 6 -7 -8
leaf_value= 0.059432336329851621 -0.014186937978882878 0.034976431775330143 0.0061306739320421411 0.00012481648981568793 -0.010753879059726901 0.00044765568233536056 0.025772689677154029
leaf_weight=82 1141 550 4977 5229 3942 471 120
leaf_count=82 1141 550 4977 5229 3942 471 120
model_size=816
internal_value=0 0.00287592 0.00900116 -0.00243872 -0.00741382 0.00919403 -0.00967481
internal_weight=0 11897 5527 6370 4615 553 4062
internal_count=16512 11897 5527 6370 4615 553 4062
is_linear=0
shrinkage=0.1


Tree=41
num_leaves= 8
num_cat= 0
full_tree_array_lgbids= 0 1 2 4 6 3 5 -1 -6 -3 -8 -2 -5 -4 -7
split_feature= 8 7 7 8 7 2 1
split_gain= 31.2524 62.7106 54.0214 95.83 16.2453 12.1875 1.31526
threshold= -122.40499999999999 38.705000000000005 37.615000000000002 -122.01499999999999 37.755000000000003 23.500000000000004 3.2758000000000007
decision_type= 2 2 2 2 2 2 2
left_child=1 4 3 -2 -1 -4 -3
right_child=2 6 5 -5 -6 -7 -8
leaf_value= 0.008013589345856751 0.042657163520689212 -0.018568222570233939 -0.0049864432295782714 -4.9758317039230738e-05 0.038267816079141731 -0.017835811640772935 -0.042865805135204882
leaf_weight=278 560 261 1415 11304 639 1997 58
leaf_count=278 560 261 1415 11304 639 1997 58
model_size=816
internal_value=0 0.015654 -0.00126659 0.00196608 0.0290959 -0.012507 -0.022986
internal_weight=0 1236 15276 11864 917 3412 319
internal_count=16512 1236 15276 11864 917 3412 319
is_linear=0
shrinkage=0.1


Tree=42
num_leaves= 8
num_cat= 0
full_tree_array_lgbids= 0 1 3 5 2 4 6 -1 -7 -3 -4 -2 -6 -5 -8
split_feature= 8 7 7 7 8 2 6
split_gain= 29.8859 54.4523 41.2819 22.4978 34.3439 9.23189 7.82034
threshold= -117.77499999999999 33.645000000000003 34.175000000000004 33.565000000000005 -117.24499999999999 24.500000000000004 1.5681615996735363
decision_type= 2 2 2 2 2 2 2
left_child=1 5 -3 4 -2 -1 -5
right_child=3 2 -4 6 -6 -7 -8
leaf_value= 0.034044939053781108 0.03006543565137933 0.008989487582364614 -0.002722931998040942 -0.083782059767029515 -0.0086177964378281579 0.1052433096077609 -0.018166099663770818
leaf_weight=33 300 4850 8734 22 1188 59 1326
leaf_count=33 300 4850 8734 22 1188 59 1326
model_size=816
internal_value=0 0.00198521 0.00145884 -0.00957326 -0.000818758 0.0797048 -0.019237
internal_weight=0 13676 13584 2836 1488 92 1348
internal_count=16512 13676 13584 2836 1488 92 1348
is_linear=0
shrinkage=0.1


Tree=43
num_leaves= 7
num_cat= 0
full_tree_array_lgbids= 0 1 3 2 5 4 -5 -1 -4 -3 -7 -2 -6 -2147483648 -2147483648
split_feature= 3 6 2 8 7 8
split_gain= 30.4714 38.629 90.456 13.3085 15.3657 13.1101
threshold= 6.3652809400434434 2.4469862317432325 21.500000000000004 -116.22499999999998 37.645000000000003 -122.24499999999999
decision_type= 2 2 2 2 2 2
left_child=1 2 -1 4 -2 -3
right_child=3 5 -4 -5 -6 -7
leaf_value= -0.01631846099239715 0.015112157345028854 0.0066994739132190534 0.017077568146550638 -0.056310598935712788 -0.0011952546738140885 -0.0067429790467626082
leaf_weight=1202 2055 891 2626 34 918 8786
leaf_count=1202 2055 891 2626 34 918 8786
model_size=704
internal_value=0 -0.00207654 0.00659115 0.00932613 0.0100768 -0.00550528
internal_weight=0 13505 3828 3007 2973 9677
internal_count=16512 13505 3828 3007 2973 9677
is_linear=0
shrinkage=0.1


Tree=44
num_leaves= 8
num_cat= 0
full_tree_array_lgbids= 0 3 1 5 4 6 2 -1 -7 -5 -6 -2 -8 -3 -4
split_feature= 4 1 6 8 7 7 8
split_gain= 27.5895 28.354 29.5301 15.3982 36.642 30.1351 12.3103
threshold= 1.0291350557942953 3.3941500000000002 1.8179079789978452 -121.56499999999998 35.335000000000008 37.595000000000006 -116.22499999999998
decision_type= 2 2 2 2 2 2 2
left_child=3 6 -3 5 -5 -1 -2
right_child=1 2 -4 4 -6 -7 -8
leaf_value= 0.020116289664581996 -0.0010357553299796846 0.047075889953378212 0.0073781366194379666 -0.0038246607574266272 -0.026337059289903642 -0.0073460220944314009 -0.03893716009749499
leaf_weight=664 5464 206 4523 3453 963 1141 98
leaf_count=664 5464 206 4523 3453 963 1141 98
model_size=816
internal_value=0 0.00326438 0.00910741 -0.00540005 -0.00873395 0.00275646 -0.00170356
internal_weight=0 10291 4729 6221 4416 1805 5562
internal_count=16512 10291 4729 6221 4416 1805 5562
is_linear=0
shrinkage=0.1


Tree=45
num_leaves= 8
num_cat= 0
full_tree_array_lgbids= 0 1 3 2 6 4 5 -1 -4 -3 -8 -2 -6 -5 -7
split_feature= 2 1 4 8 7 5 5
split_gain= 26.195 21.9808 20.7268 16.6548 12.0307 10.4244 3.73892
threshold= 51.500000000000007 8.0125000000000011 1.0598844094540727 -122.425 37.755000000000003 107.50000000000001 139.50000000000003
decision_type= 2 2 2 2 2 2 2
left_child=1 2 -1 4 -2 -5 -3
right_child=3 6 -4 5 -6 -7 -8
leaf_value= -0.0051596988911966164 3.6863028071820736e-05 -0.035905421804636718 0.0026031405144774202 -0.057544109039008619 0.057499361159461373 0.011372115419846195 0.022433116059933925
leaf_weight=8424 56 15.999999999999998 6576 26 154 787 473
leaf_count=8424 56 16 6576 26 154 787 473
model_size=816
internal_value=0 -0.00105305 -0.00175647 0.015944 0.042176 0.00916815 0.0205243
internal_weight=0 15489 15000 1023 210 813 489
internal_count=16512 15489 15000 1023 210 813 489
is_linear=0
shrinkage=0.1


Tree=46
num_leaves= 8
num_cat= 0
full_tree_array_lgbids= 0 1 4 2 3 5 6 -1 -4 -3 -5 -2 -7 -6 -8
split_feature= 6 7 8 8 8 1 5
split_gain= 24.3508 31.415 179.267 56.6591 4.7443 4.81672 2.911
threshold= 3.6402605459057074 34.175000000000004 -118.36499999999999 -120.56499999999998 -121.36499999999999 4.2118000000000011 1906.5000000000002
decision_type= 2 2 2 2 2 2 2
left_child=1 2 -1 -3 5 -2 -6
right_child=4 3 -4 -5 6 -7 -8
leaf_value= 0.053797800822129233 0.013276879968511505 0.0028304132725145634 0.00078883259212321672 -0.015903587049028094 -0.014901565242904233 -0.015692650751284381 -0.0047712100097165484
leaf_weight=732 215 5770 5319 2327 1404 117 628
leaf_count=732 215 5770 5319 2327 1404 117 628
model_size=816
internal_value=0 0.00161858 0.00720142 -0.00255356 -0.00968681 0.00306774 -0.0117707
internal_weight=0 14148 6051 8097 2364 332 2032
internal_count=16512 14148 6051 8097 2364 332 2032
is_linear=0
shrinkage=0.1


Tree=47
num_leaves= 8
num_cat= 0
full_tree_array_lgbids= 0 1 4 3 2 5 6 -1 -5 -3 -4 -2 -7 -6 -8
split_feature= 7 8 7 7 8 8 1
split_gain= 23.5398 53.7795 122.73 25.2544 14.7161 10.5016 3.42112
threshold= 37.895000000000003 -121.24499999999999 35.335000000000008 37.595000000000006 -121.24499999999999 -122.38499999999998 5.5011500000000009
decision_type= 2 2 2 2 2 2 2
left_child=1 3 -3 -1 5 -2 -6
right_child=4 2 -4 -5 6 -7 -8
leaf_value= 0.023467584494586163 -0.00058358876479297831 0.0027893577398100319 -0.028677496594950738 0.0043401096553557193 0.010975174396071057 -0.015968378975163774 -0.029794054635931391
leaf_weight=1479 713 9139 1455 1452 460 1782 32
leaf_count=1479 713 9139 1455 1452 460 1782 32
model_size=816
internal_value=0 0.00183191 -0.00153236 0.0139919 -0.0082948 -0.0115718 0.00832352
internal_weight=0 13525 10594 2931 2987 2495 492
internal_count=16512 13525 10594 2931 2987 2495 492
is_linear=0
shrinkage=0.1


Tree=48
num_leaves= 8
num_cat= 0
full_tree_array_lgbids= 0 1 4 3 2 5 6 -1 -5 -3 -4 -2 -7 -6 -8
split_feature= 8 7 8 8 7 8 1
split_gain= 23.3543 32.2804 97.2838 58.7191 19.8673 19.0862 5.37137
threshold= -117.50499999999998 34.655000000000008 -119.94499999999998 -118.35499999999998 33.915000000000006 -117.145 3.0679500000000002
decision_type= 2 2 2 2 2 2 2
left_child=1 3 -3 -1 5 -2 -6
right_child=4 2 -4 -5 6 -7 -8
leaf_value= 0.022709557225027155 0.011880270622701406 0.0015446936818781852 -0.031566068147896996 0.0010519573425233576 -0.014692341417821948 -0.011825573610015298 -0.035314531768145273
leaf_weight=1750 564 6610 1044 4838 325 1054 327
leaf_count=1750 564 6610 1044 4838 325 1054 327
model_size=816
internal_value=0 0.0015508 -0.00297159 0.00680496 -0.00972976 -0.00356223 -0.0250351
internal_weight=0 14242 7654 6588 2270 1618 652
internal_count=16512 14242 7654 6588 2270 1618 652
is_linear=0
shrinkage=0.1


Tree=49
num_leaves= 8
num_cat= 0
full_tree_array_lgbids= 0 3 1 5 4 2 6 -1 -7 -5 -6 -2 -4 -3 -8
split_feature= 4 7 8 3 5 1 1
split_gain= 21.588 22.7423 35.9354 5.72632 10.4387 7.6184 1.00899
threshold= 0.98548810139184051 39.355000000000011 -122.35499999999998 5.5511074737062058 229.50000000000003 7.2638000000000007 3.7789000000000006
decision_type= 2 2 2 2 2 2 2
left_child=3 2 -2 5 -5 -1 -3
right_child=1 6 -4 4 -6 -7 -8
leaf_value= -0.011811583363650331 0.021210766597680494 -0.018695420462222018 0.00093825439026308164 0.069973984036756601 -0.0032206010430420096 -0.096209157086335706 -0.054509278883536662
leaf_weight=1703 985 470 12412 23 885 12.999999999999998 21
leaf_count=1703 985 470 12412 23 885 13 21
model_size=816
internal_value=0 0.00162778 0.00242877 -0.00861535 -0.00136655 -0.012451 -0.0202272
internal_weight=0 13888 13397 2624 908 1716 491
internal_count=16512 13888 13397 2624 908 1716 491
is_linear=0
shrinkage=0.1


Tree=50
num_leaves= 6
num_cat= 0
full_tree_array_lgbids= 0 1 4 2 3 -2 -6 -1 -4 -3 -5 -2147483648 -2147483648 -2147483648 -2147483648
split_feature= 8 3 6 7 1
split_gain= 20.3515 21.8704 18.5485 10.6813 1.40939
threshold= -116.53499999999998 6.5207558992324239 2.4469862317432325 33.645000000000003 3.1792500000000001
decision_type= 2 2 2 2 2
left_child=1 2 -1 -3 -2
right_child=4 3 -4 -5 -6
leaf_value= 0.0049516958588893519 -0.022508959684173532 0.028023678911277203 -0.003555399784380694 0.0067347489732375171 -0.046596135654927873
leaf_weight=3864 160 309 9928 2175 76
leaf_count=3864 160 309 9928 2175 76
model_size=592
internal_value=0 0.000438851 -0.00117203 0.00938301 -0.0302658
internal_weight=0 16276 13792 2484 236
internal_count=16512 16276 13792 2484 236
is_linear=0
shrinkage=0.1


Tree=51
num_leaves= 8
num_cat= 0
full_tree_array_lgbids= 0 1 4 2 3 5 6 -1 -4 -3 -5 -2 -7 -6 -8
split_feature= 7 8 7 8 8 7 1
split_gain= 19.5468 42.8724 23.8564 22.3189 11.7978 8.0302 2.52329
threshold= 37.895000000000003 -122.31499999999998 37.765000000000008 -118.27499999999999 -121.24499999999999 38.815000000000005 5.5011500000000009
decision_type= 2 2 2 2 2 2 2
left_child=1 2 -1 -3 5 -2 -6
right_child=4 3 -4 -5 6 -7 -8
leaf_value= 0.013301060915587885 -0.0067504227300037431 0.0046191607539504288 0.055321326591507639 -0.0040012777106657989 0.009873350608575731 -0.020638215026718698 -0.027200142963556575
leaf_weight=437 1806 6559 215 6314 460 689 32
leaf_count=437 1806 6559 215 6314 460 689 32
model_size=816
internal_value=0 0.00168131 0.0271574 0.000390974 -0.00761287 -0.0105856 0.00746207
internal_weight=0 13525 652 12873 2987 2495 492
internal_count=16512 13525 652 12873 2987 2495 492
is_linear=0
shrinkage=0.1


Tree=52
num_leaves= 8
num_cat= 0
full_tree_array_lgbids= 0 4 1 5 6 3 2 -1 -7 -6 -8 -2 -5 -3 -4
split_feature= 4 1 2 3 8 7 7
split_gain= 17.2721 16.7811 15.6228 9.32662 6.74183 11.5834 4.8114
threshold= 1.0117321169808868 1.8066500000000001 18.500000000000004 2.6633984153933228 -122.19499999999998 37.615000000000002 37.57500000000001
decision_type= 2 2 2 2 2 2 2
left_child=4 3 -3 -2 5 -1 -6
right_child=1 2 -4 -5 6 -7 -8
leaf_value= 0.04207005701352691 0.025434654072662932 -0.0028557576256842592 0.0059507714365238506 -0.012666989674369964 -0.0051152295319885138 -0.00053194084932983504 -0.015384565923386129
leaf_weight=86 81 3133 7623 1060 3318 467 744
leaf_count=86 81 3133 7623 1060 3318 467 744
model_size=816
internal_value=0 0.00210548 0.00338561 -0.00996214 -0.0054277 0.00609332 -0.00699617
internal_weight=0 11897 10756 1141 4615 553 4062
internal_count=16512 11897 10756 1141 4615 553 4062
is_linear=0
shrinkage=0.1


Tree=53
num_leaves= 8
num_cat= 0
full_tree_array_lgbids= 0 1 4 2 3 5 6 -1 -4 -3 -5 -2 -7 -6 -8
split_feature= 6 7 8 8 1 8 7
split_gain= 16.6243 23.2377 123.074 36.7474 2.99898 4.35942 2.33068
threshold= 3.6402605459057074 34.175000000000004 -118.36499999999999 -120.56499999999998 3.3627000000000002 -121.36499999999999 38.105000000000011
decision_type= 2 2 2 2 2 2 2
left_child=1 2 -1 -3 5 -2 -6
right_child=4 3 -4 -5 6 -7 -8
leaf_value= 0.044899737907165171 0.013307743588661623 0.0021064014169671626 0.00088061955130877816 -0.013101885320348124 -0.013396276779287531 -0.0071057162159154866 -0.060730768274515873
leaf_weight=732 159 5770 5319 2327 747 1440 18
leaf_count=732 159 5770 5319 2327 747 1440 18
model_size=816
internal_value=0 0.00135825 0.00620569 -0.00226431 -0.0081288 -0.00507586 -0.01451
internal_weight=0 14148 6051 8097 2364 1599 765
internal_count=16512 14148 6051 8097 2364 1599 765
is_linear=0
shrinkage=0.1


Tree=54
num_leaves= 8
num_cat= 0
full_tree_array_lgbids= 0 1 4 2 3 5 6 -1 -4 -3 -5 -2 -7 -6 -8
split_feature= 3 8 7 6 7 2 8
split_gain= 15.696 15.7319 30.406 11.5179 7.91214 8.30819 4.03639
threshold= 6.3286213786213787 -117.79499999999999 33.625000000000007 1.5104297674263547 38.345000000000006 33.500000000000007 -121.26499999999999
decision_type= 2 2 2 2 2 2 2
left_child=1 2 -1 -3 5 -2 -6
right_child=4 3 -4 -5 6 -7 -8
leaf_value= 0.10150852393839629 0.0055631849205285012 -0.070549121882234306 -0.00027054067761615415 -0.0087824496482789977 -0.016810439041058767 0.019916254701908487 0.0062715318410799074
leaf_weight=31 2072 35 11191 2120 251 628 184
leaf_count=31 2072 35 11191 2120 251 628 184
model_size=816
internal_value=0 -0.00156753 1.0617e-05 -0.00978562 0.00668863 0.0089016 -0.00704703
internal_weight=0 13377 11222 2155 3135 2700 435
internal_count=16512 13377 11222 2155 3135 2700 435
is_linear=0
shrinkage=0.1


Tree=55
num_leaves= 8
num_cat= 0
full_tree_array_lgbids= 0 1 4 2 3 5 6 -1 -4 -3 -5 -2 -7 -6 -8
split_feature= 7 8 7 7 8 8 7
split_gain= 14.6528 31.7961 19.1247 17.071 9.42422 6.76152 2.13751
threshold= 37.895000000000003 -122.31499999999998 37.765000000000008 37.57500000000001 -121.24499999999999 -122.38499999999998 39.355000000000011
decision_type= 2 2 2 2 2 2 2
left_child=1 2 -1 -3 5 -2 -6
right_child=4 3 -4 -5 6 -7 -8
leaf_value= 0.011050965887647831 -0.00021518984779148647 0.0015461417600797784 0.0490018018287455 -0.011858969074514926 0.01043125917530887 -0.013051908792755624 -0.015411099321567097
leaf_weight=437 713 11731 215 1142 427 1782 65
leaf_count=437 713 11731 215 1142 427 1782 65
model_size=816
internal_value=0 0.00147575 0.0235654 0.000356937 -0.00668212 -0.00938354 0.00701713
internal_weight=0 13525 652 12873 2987 2495 492
internal_count=16512 13525 652 12873 2987 2495 492
is_linear=0
shrinkage=0.1


Tree=56
num_leaves= 6
num_cat= 0
full_tree_array_lgbids= 0 1 4 3 2 -2 -6 -1 -5 -3 -4 -2147483648 -2147483648 -2147483648 -2147483648
split_feature= 8 4 7 8 1
split_gain= 14.7759 16.344 18.1745 7.90682 1.0128
threshold= -116.53499999999998 1.0396863811675041 34.655000000000008 -121.56499999999998 3.0523500000000001
decision_type= 2 2 2 2 2
left_child=1 3 -3 -1 -2
right_child=4 2 -4 -5 -6
leaf_value= 0.0023516655130663231 -0.018377510381647953 0.0079021997485292199 -0.001486681880985212 -0.0056319594369134314 -0.040571475299411873
leaf_weight=2109 153 4654 4347 5166 83
leaf_count=2109 153 4654 4347 5166 83
model_size=592
internal_value=0 0.000379651 0.00336787 -0.00331753 -0.026183
internal_weight=0 16276 9001 7275 236
internal_count=16512 16276 9001 7275 236
is_linear=0
shrinkage=0.1


Tree=57
num_leaves= 8
num_cat= 0
full_tree_array_lgbids= 0 1 3 6 2 4 5 -1 -8 -3 -4 -2 -6 -5 -7
split_feature= 8 7 7 7 8 5 2
split_gain= 13.3129 34.38 18.9361 13.6789 20.5882 6.82164 6.00268
threshold= -117.77499999999999 33.645000000000003 35.335000000000008 33.565000000000005 -117.24499999999999 139.50000000000003 24.500000000000004
decision_type= 2 2 2 2 2 2 2
left_child=1 6 -3 4 -2 -5 -1
right_child=3 2 -4 5 -6 -7 -8
leaf_value= 0.025183579133767071 0.024711945777720151 0.0051747836042018193 -0.00263656767984894 0.036492252058815212 -0.0057556548191219576 -0.015568526140105449 0.085299593554336139
leaf_weight=33 300 6234 7350 32 1188 1316 59
leaf_count=33 300 6234 7350 32 1188 1316 59
model_size=816
internal_value=0 0.00137062 0.000948235 -0.00660951 0.000387007 -0.0143327 0.0637362
internal_weight=0 13676 13584 2836 1488 1348 92
internal_count=16512 13676 13584 2836 1488 1348 92
is_linear=0
shrinkage=0.1


Tree=58
num_leaves= 8
num_cat= 0
full_tree_array_lgbids= 0 1 4 3 2 5 6 -1 -5 -3 -4 -2 -7 -6 -8
split_feature= 6 7 8 8 1 5 2
split_gain= 13.386 15.9228 76.8624 46.0711 2.15164 3.69062 2.46636
threshold= 3.6402605459057074 34.655000000000008 -119.94499999999998 -118.27499999999999 3.3627000000000002 459.50000000000006 21.500000000000004
decision_type= 2 2 2 2 2 2 2
left_child=1 3 -3 -1 5 -2 -6
right_child=4 2 -4 -5 6 -7 -8
leaf_value= 0.016493459185563396 0.019204099990657711 0.0017873652627184032 -0.02954713206113134 -0.00096852381141888369 -0.0027439043305909974 -0.0060116234755002631 -0.01834185040255534
leaf_weight=2325 89 6114 920 4789 253 1510 512
leaf_count=2325 89 6114 920 4789 253 1510 512
model_size=816
internal_value=0 0.00123365 -0.00231098 0.00473841 -0.00738309 -0.00460812 -0.0131833
internal_weight=0 14148 7034 7114 2364 1599 765
internal_count=16512 14148 7034 7114 2364 1599 765
is_linear=0
shrinkage=0.1


Tree=59
num_leaves= 8
num_cat= 0
full_tree_array_lgbids= 0 4 1 5 6 3 2 -1 -7 -6 -8 -2 -5 -3 -4
split_feature= 4 2 7 8 6 4 1
split_gain= 12.6057 14.0969 12.4374 10.4609 5.84387 4.7751 2.16449
threshold= 0.96627490177155873 51.500000000000007 37.805000000000007 -116.40499999999999 1.8972600116432272 0.89316682724375618 3.3449500000000003
decision_type= 2 2 2 2 2 2 2
left_child=4 3 -3 -2 5 -1 -6
right_child=1 2 -4 -5 6 -7 -8
leaf_value= -0.093292454453675372 0.0004768088757121031 0.020576974866304748 -0.0085977878278305896 -0.02564402316037255 -0.00048370211484062185 -0.017306191419009808 -0.011049662315701807
leaf_weight=19 13781 700 217 180 501 27 1087
leaf_count=19 13781 700 217 180 501 27 1087
model_size=816
internal_value=0 0.000974132 0.013673 0.000140031 -0.00886973 -0.0486918 -0.0077162
internal_weight=0 14878 917 13961 1634 46 1588
internal_count=16512 14878 917 13961 1634 46 1588
is_linear=0
shrinkage=0.1


Tree=60
num_leaves= 8
num_cat= 0
full_tree_array_lgbids= 0 1 4 2 3 5 6 -1 -4 -3 -5 -2 -7 -6 -8
split_feature= 3 8 7 6 7 8 1
split_gain= 12.5729 12.2383 81.6598 22.0434 6.01977 6.11052 1.50347
threshold= 6.3286213786213787 -118.27499999999999 34.155000000000008 1.5104297674263547 39.085000000000008 -121.85499999999998 3.8136000000000005
decision_type= 2 2 2 2 2 2 2
left_child=1 2 -1 -3 5 -2 -6
right_child=4 3 -4 -5 6 -7 -8
leaf_value= 0.024110156058351286 0.015744242780025338 -0.070222389717985487 -0.0032780004178706449 -0.0047869738874079032 -0.007282158494311965 0.0041269914965064427 -0.040369054088369015
leaf_weight=1324 781 56 6904 5093 106 2208 40
leaf_count=1324 781 56 6904 5093 106 2208 40
model_size=816
internal_value=0 -0.00142199 0.00112914 -0.00549864 0.00606762 0.00716248 -0.0163471
internal_weight=0 13377 8228 5149 3135 2989 146
internal_count=16512 13377 8228 5149 3135 2989 146
is_linear=0
shrinkage=0.1


Tree=61
num_leaves= 6
num_cat= 0
full_tree_array_lgbids= 0 1 4 3 2 -2 -6 -1 -5 -3 -4 -2147483648 -2147483648 -2147483648 -2147483648
split_feature= 7 8 7 7 1
split_gain= 11.8958 19.9703 19.4466 10.4071 0.655952
threshold= 39.82500000000001 -122.35499999999998 37.595000000000006 38.705000000000005 3.0679500000000002
decision_type= 2 2 2 2 2
left_child=1 3 -3 -1 -2
right_child=4 2 -4 -5 -6
leaf_value= 0.017403336147668719 -0.015359092009387313 0.0013605663786385785 -0.0078029982214627624 -0.013554013979672971 -0.035878415710792165
leaf_weight=1019 286 11795 3199 144 69
leaf_count=1019 286 11795 3199 144 69
model_size=592
internal_value=0 0.000425098 -0.000594499 0.0135703 -0.0193474
internal_weight=0 16157 14994 1163 355
internal_count=16512 16157 14994 1163 355
is_linear=0
shrinkage=0.1


Tree=62
num_leaves= 8
num_cat= 0
full_tree_array_lgbids= 0 1 4 2 3 5 6 -1 -4 -3 -5 -2 -7 -6 -8
split_feature= 6 7 8 8 8 5 2
split_gain= 10.7189 12.7955 55.2311 18.5388 7.04653 2.80218 1.87211
threshold= 3.9901635114651532 37.595000000000006 -120.62499999999999 -122.40499999999999 -122.24499999999999 2014.5000000000002 32.500000000000007
decision_type= 2 2 2 2 2 2 2
left_child=1 2 -1 -3 5 -2 -6
right_child=4 3 -4 -5 6 -7 -8
leaf_value= 0.020535499803298135 0.01608545727406939 0.0072996053878256742 -0.00018403540742179843 -0.0078121948365572616 -0.0050269952900689431 0.093278115031055431 -0.015235298847149893
leaf_weight=1556 24 1200 8968 3384 668 10.999999999999998 701
leaf_count=1556 24 1200 8968 3384 668 11 701
model_size=816
internal_value=0 0.000835707 0.0028794 -0.00385623 -0.00899278 0.040346 -0.0102542
internal_weight=0 15108 10524 4584 1404 35 1369
internal_count=16512 15108 10524 4584 1404 35 1369
is_linear=0
shrinkage=0.1


Tree=63
num_leaves= 8
num_cat= 0
full_tree_array_lgbids= 0 2 1 3 5 6 4 -1 -5 -4 -7 -2 -8 -3 -6
split_feature= 4 1 8 7 8 1 6
split_gain= 10.7674 10.793 9.33554 10.5194 9.16214 7.0324 1.60181
threshold= 1.0593161893629457 1.7507000000000001 -122.21499999999999 37.615000000000002 -117.24499999999999 9.1688500000000008 4.6953379263705157
decision_type= 2 2 2 2 2 2 2
left_child=2 6 3 -1 -3 -4 -2
right_child=1 4 5 -5 -6 -7 -8
leaf_value= 0.034395004678121274 -0.0099706820380101591 0.0059960659503984701 -0.004193996272945223 0.002908655244324728 -0.0070749454173972591 0.018650528316642021 0.027719416321876151
leaf_weight=141 760 5752 7967 982 715 171 24
leaf_count=141 760 5752 7967 982 715 171 24
model_size=816
internal_value=0 0.00310555 -0.00243152 0.00686197 0.00455092 -0.00371397 -0.0088169
internal_weight=0 7251 9261 1123 6467 8138 784
internal_count=16512 7251 9261 1123 6467 8138 784
is_linear=0
shrinkage=0.1


Tree=64
num_leaves= 6
num_cat= 0
full_tree_array_lgbids= 0 1 4 3 2 -2 -6 -1 -5 -3 -4 -2147483648 -2147483648 -2147483648 -2147483648
split_feature= 7 8 7 7 1
split_gain= 9.52804 12.8623 12.651 10.7486 0.206464
threshold= 39.82500000000001 -122.41499999999998 37.615000000000002 38.415000000000006 3.0679500000000002
decision_type= 2 2 2 2 2
left_child=1 3 -3 -1 -2
right_child=4 2 -4 -5 -6
leaf_value= 0.01938968496929179 -0.01399057733588624 0.0012440772125312672 -0.0062128789975343631 -0.0053341582814836232 -0.032572223438435924
leaf_weight=698 286 11869 3302 288 69
leaf_count=698 286 11869 3302 288 69
model_size=592
internal_value=0 0.000386754 -0.000378945 0.0121681 -0.0176022
internal_weight=0 16157 15171 986 355
internal_count=16512 16157 15171 986 355
is_linear=0
shrinkage=0.1


Tree=65
num_leaves= 8
num_cat= 0
full_tree_array_lgbids= 0 1 4 2 3 6 5 -1 -4 -3 -5 -2 -8 -6 -7
split_feature= 3 2 6 6 7 8 8
split_gain= 9.37084 10.2766 27.8637 26.8248 5.28306 7.76751 6.14335
threshold= 6.4946700411501865 16.500000000000004 2.1816923581397725 2.1496330815790889 33.645000000000003 -117.46499999999999 -116.53499999999998
decision_type= 2 2 2 2 2 2 2
left_child=1 2 -1 -3 6 -6 -2
right_child=4 3 -4 -5 5 -7 -8
leaf_value= -0.032187193636025478 0.023424274823038924 0.012947019401047434 -0.0025157448636757463 -0.001739927775189545 0.0059503073385359408 -0.017063196853268892 -0.038417291370305147
leaf_weight=406 316 1525 1950 10008 2089 196 22
leaf_count=406 316 1525 1950 10008 2089 196 22
model_size=816
internal_value=0 -0.00112627 -0.00762891 0.000202116 0.00596367 0.00397628 0.0193991
internal_weight=0 13889 2356 11533 2623 2285 338
internal_count=16512 13889 2356 11533 2623 2285 338
is_linear=0
shrinkage=0.1


Tree=66
num_leaves= 8
num_cat= 0
full_tree_array_lgbids= 0 3 1 4 5 2 6 -1 -6 -5 -7 -2 -4 -3 -8
split_feature= 4 6 7 4 6 5 1
split_gain= 8.88086 9.87295 10.4328 2.76589 7.57716 2.49714 2.09991
threshold= 0.99160544721033084 3.2358284584328918 34.165000000000006 0.89316682724375618 1.9322222929778572 252.50000000000003 0.86630000000000018
decision_type= 2 2 2 2 2 2 2
left_child=3 2 -2 4 -1 -5 -3
right_child=1 6 -4 5 -6 -7 -8
leaf_value= -0.08527912913184417 0.0071411705933386044 0.042267606329793733 4.0209549436516989e-05 0.019578546183566525 -0.012606447144720673 -0.0048178737312154513 -0.0039872252376017972
leaf_weight=19 4073 18 5917 73 244 2678 3490
leaf_count=19 4073 18 5917 73 244 2678 3490
model_size=816
internal_value=0 0.0011979 0.00293533 -0.00536473 -0.0178566 -0.0041705 -0.00374989
internal_weight=0 13498 9990 3014 263 2751 3508
internal_count=16512 13498 9990 3014 263 2751 3508
is_linear=0
shrinkage=0.1


Tree=67
num_leaves= 8
num_cat= 0
full_tree_array_lgbids= 0 1 3 6 2 4 5 -1 -8 -3 -4 -2 -6 -5 -7
split_feature= 8 7 7 7 8 6 8
split_gain= 8.37788 22.2079 25.1739 14.3597 22.5532 17.0558 6.22091
threshold= -117.98499999999999 33.755000000000003 33.995000000000012 33.655000000000008 -117.73499999999999 2.5891438608419741 -118.05499999999999
decision_type= 2 2 2 2 2 2 2
left_child=1 6 -3 4 -2 -5 -1
right_child=3 2 -4 5 -6 -7 -8
leaf_value= 0.063635031670284808 0.042950961888776312 -0.010212852260907339 0.0028818245334233622 -0.027414034902653418 -0.00064744269106143195 -0.0051792786458169145 0.014837223166150265
leaf_weight=79 139 1844 10556 485 1590 1761 58
leaf_count=79 139 1844 10556 485 1590 1761 58
model_size=816
internal_value=0 0.00139394 0.000934519 -0.00439642 0.00285758 -0.00998064 0.0429761
internal_weight=0 12537 12400 3975 1729 2246 137
internal_count=16512 12537 12400 3975 1729 2246 137
is_linear=0
shrinkage=0.1


Tree=68
num_leaves= 8
num_cat= 0
full_tree_array_lgbids= 0 4 1 5 6 2 3 -1 -7 -6 -8 -2 -4 -3 -5
split_feature= 4 6 2 1 8 7 7
split_gain= 7.95211 7.99762 37.1149 7.03247 5.80073 9.93122 5.38179
threshold= 1.0777590915099038 1.9322222929778572 21.500000000000004 5.6402500000000009 -122.43499999999999 38.235000000000007 37.595000000000006
decision_type= 2 2 2 2 2 2 2
left_child=4 2 -2 -3 5 -1 -6
right_child=1 3 -4 -5 6 -7 -8
leaf_value= 0.022058904126550333 -0.0167879333402518 0.00077686633081113941 0.038969227526951762 0.015565454770223789 -0.00097106675549195071 -0.0060479125203931495 -0.0072931041391833332
leaf_weight=323 210 4741 309 439 7910 273 2307
leaf_count=323 210 4741 309 439 7910 273 2307
model_size=816
internal_value=0 0.0033396 0.0164085 0.00203018 -0.00176014 0.00918447 -0.00239858
internal_weight=0 5699 519 5180 10813 596 10217
internal_count=16512 5699 519 5180 10813 596 10217
is_linear=0
shrinkage=0.1


Tree=69
num_leaves= 6
num_cat= 0
full_tree_array_lgbids= 0 1 4 2 3 -2 -6 -1 -4 -3 -5 -2147483648 -2147483648 -2147483648 -2147483648
split_feature= 7 8 7 7 2
split_gain= 7.32464 8.21564 20.1752 13.534 0.107905
threshold= 39.82500000000001 -118.01499999999999 34.165000000000006 33.855000000000011 24.500000000000004
decision_type= 2 2 2 2 2
left_child=1 2 -1 -3 -2
right_child=4 3 -4 -5 -6
leaf_value= 0.0084388498262169421 -0.0092858936979461522 0.00083104218252465093 -0.0009483393031935024 -0.011690388015482273 -0.023894804934443872
leaf_weight=3527 196 2598 8469 1563 159
leaf_count=3527 196 2598 8469 1563 159
model_size=592
internal_value=0 0.000347794 0.00181163 -0.00387239 -0.015829
internal_weight=0 16157 11996 4161 355
internal_count=16512 16157 11996 4161 355
is_linear=0
shrinkage=0.1


Tree=70
num_leaves= 7
num_cat= 0
full_tree_array_lgbids= 0 1 4 3 2 5 -6 -1 -5 -3 -4 -2 -7 -2147483648 -2147483648
split_feature= 3 7 7 8 8 7
split_gain= 6.87228 8.77885 37.4013 23.7785 3.42576 3.82462
threshold= 6.3286213786213787 33.995000000000012 34.155000000000008 -118.38499999999998 -116.22499999999998 33.655000000000008
decision_type= 2 2 2 2 2 2
left_child=1 3 -3 -1 5 -2
right_child=4 2 -4 -5 -6 -7
leaf_value= 0.039486763354701304 0.016248734429729655 0.012677729437979988 -0.0027724819724120392 -0.0068046553317790779 -0.033599500469863416 0.0035307247200345952
leaf_weight=123 397 2123 7230 3901 35 2703
leaf_count=123 397 2123 7230 3901 35 2703
model_size=704
internal_value=0 -0.00110775 0.0007345 -0.00538968 0.00472673 0.00515945
internal_weight=0 13377 9353 4024 3135 3100
internal_count=16512 13377 9353 4024 3135 3100
is_linear=0
shrinkage=0.1


Tree=71
num_leaves= 8
num_cat= 0
full_tree_array_lgbids= 0 1 3 5 2 4 6 -1 -7 -3 -4 -2 -6 -5 -8
split_feature= 6 1 7 8 5 2 2
split_gain= 6.88058 8.77945 8.37194 5.10568 1.88835 1.88504 1.33644
threshold= 3.9901635114651532 1.6618000000000002 34.165000000000006 -122.24499999999999 2014.5000000000002 22.500000000000004 32.500000000000007
decision_type= 2 2 2 2 2 2 2
left_child=1 5 -3 4 -2 -1 -5
right_child=3 2 -4 6 -6 -7 -8
leaf_value= 0.00064118601113049081 0.014364909458284579 0.004398798591089108 -0.00098658319246314793 -0.0037436746099362888 0.084123702135614375 -0.014244189332424146 -0.013292259757302841
leaf_weight=227 24 6162 8108 668 10.999999999999998 611 701
leaf_count=227 24 6162 8108 668 11 611 701
model_size=816
internal_value=0 0.000698208 0.00133891 -0.0075132 0.0362891 -0.010212 -0.00863305
internal_weight=0 15108 14270 1404 35 838 1369
internal_count=16512 15108 14270 1404 35 838 1369
is_linear=0
shrinkage=0.1


Tree=72
num_leaves= 8
num_cat= 0
full_tree_array_lgbids= 0 4 1 6 5 2 3 -1 -8 -6 -7 -2 -4 -3 -5
split_feature= 4 8 7 6 8 7 7
split_gain= 6.44794 6.18066 24.683 5.69423 4.79403 27.148 15.7581
threshold= 1.0396863811675041 -117.24499999999999 33.005000000000003 2.089835823648774 -120.62499999999999 35.135000000000012 37.595000000000006
decision_type= 2 2 2 2 2 2 2
left_child=4 2 -2 -3 6 -6 -1
right_child=1 3 -4 -5 5 -7 -8
leaf_value= 0.013037767079703326 0.079511097222566607 -0.024596093636308169 0.0025982154010244091 -0.0023149000244664006 -0.0021321388318805566 -0.028301709125798109 -0.0040295146957945822
leaf_weight=876 45 185 8152 815 4037 472 1930
leaf_count=876 45 185 8152 815 4037 472 1930
model_size=816
internal_value=0 0.00199214 0.00302045 -0.00643692 -0.00250468 -0.00487156 0.00129869
internal_weight=0 9197 8197 1000 7315 4509 2806
internal_count=16512 9197 8197 1000 7315 4509 2806
is_linear=0
shrinkage=0.1


Tree=73
num_leaves= 8
num_cat= 0
full_tree_array_lgbids= 0 1 3 6 2 5 4 -1 -8 -3 -4 -2 -7 -5 -6
split_feature= 8 7 7 6 7 2 2
split_gain= 5.74468 16.6973 22.5686 12.8263 13.2796 7.15538 4.88382
threshold= -117.98499999999999 33.755000000000003 33.995000000000012 1.6538990040802002 33.895000000000003 26.500000000000004 26.500000000000004
decision_type= 2 2 2 2 2 2 2
left_child=1 6 -3 5 -5 -2 -1
right_child=3 2 -4 4 -6 -7 -8
leaf_value= 0.019381166042553057 -0.058602454461498366 -0.0098067686122978118 0.0026527950230279913 0.0015624982345900109 -0.011566126248177521 0.038373961181125862 0.064313761973504122
leaf_weight=81 71 1844 10556 2565 1328 10.999999999999998 56
leaf_count=81 71 1844 10556 2565 1328 11 56
model_size=816
internal_value=0 0.00120369 0.000799937 -0.00379639 -0.00291601 -0.0455934 0.0377478
internal_weight=0 12537 12400 3975 3893 82 137
internal_count=16512 12537 12400 3975 3893 82 137
is_linear=0
shrinkage=0.1


Tree=74
num_leaves= 8
num_cat= 0
full_tree_array_lgbids= 0 4 1 5 6 3 2 -1 -7 -6 -8 -2 -5 -3 -4
split_feature= 4 2 7 8 6 4 1
split_gain= 5.61195 6.50118 5.99858 5.26091 3.48772 2.47742 2.4339
threshold= 0.96627490177155873 51.500000000000007 37.805000000000007 -116.22499999999998 1.8972600116432272 0.89316682724375618 3.3449500000000003
decision_type= 2 2 2 2 2 2 2
left_child=4 3 -3 -2 5 -1 -6
right_child=1 2 -4 -5 6 -7 -8
leaf_value= -0.076250545602095765 0.00032174654905718571 0.015063135766981371 -0.0066492194427318942 -0.022427763167492024 0.002186690284680025 -0.014242805066277031 -0.0089383637208299647
leaf_weight=19 13823 700 217 138 501 27 1087
leaf_count=19 13823 700 217 138 501 27 1087
model_size=816
internal_value=0 0.000702634 0.0099251 9.6875e-05 -0.00639767 -0.0398547 -0.00542851
internal_weight=0 14878 917 13961 1634 46 1588
internal_count=16512 14878 917 13961 1634 46 1588
is_linear=0
shrinkage=0.1


Tree=75
num_leaves= 5
num_cat= 0
full_tree_array_lgbids= 0 1 -2 2 3 -2147483648 -2147483648 -1 -4 -3 -5 -2147483648 -2147483648 -2147483648 -2147483648
split_feature= 7 8 3 7
split_gain= 5.50209 7.63594 8.66545 8.25742
threshold= 39.82500000000001 -122.35499999999998 3.3133866958124387 35.335000000000008
decision_type= 2 2 2 2
left_child=1 2 -1 -3
right_child=-2 3 -4 -5
leaf_value= -0.038326530079874729 -0.014204805588061122 0.0017132963525997747 0.010902599045002327 -0.0036002598587962656
leaf_weight=45 355 9139 1118 5855
leaf_count=45 355 9139 1118 5855
model_size=480
internal_value=0 0.000312107 0.00899777 -0.000361592
internal_weight=0 16157 1163 14994
internal_count=16512 16157 1163 14994
is_linear=0
shrinkage=0.1


Tree=76
num_leaves= 8
num_cat= 0
full_tree_array_lgbids= 0 2 1 3 4 5 6 -1 -5 -4 -6 -2 -7 -3 -8
split_feature= 4 7 8 7 7 8 3
split_gain= 5.13541 5.57798 5.54523 16.9151 13.9004 5.46871 4.81844
threshold= 1.0777590915099038 38.815000000000005 -121.56499999999998 37.595000000000006 35.335000000000008 -117.23499999999999 19.048314718787399
decision_type= 2 2 2 2 2 2 2
left_child=2 5 3 -1 -4 -2 -3
right_child=1 6 4 -5 -6 -7 -8
leaf_value= 0.013245626562374517 0.005426011160728406 -0.011020824643570036 -0.00075518707945103835 -0.0030910775314107013 -0.011671995802797855 -0.0058148621274783522 0.039018313239128993
leaf_weight=1082 4504 505 6043 2000 1688 662 28
leaf_count=1082 4504 505 6043 2000 1688 662 28
model_size=816
internal_value=0 0.00282792 -0.00149046 0.00264426 -0.00313878 0.00398554 -0.00839213
internal_weight=0 5699 10813 3082 7731 5166 533
internal_count=16512 5699 10813 3082 7731 5166 533
is_linear=0
shrinkage=0.1


Tree=77
num_leaves= 8
num_cat= 0
full_tree_array_lgbids= 0 1 4 2 3 5 6 -1 -4 -3 -5 -2 -7 -6 -8
split_feature= 6 7 8 8 8 5 7
split_gain= 5.14372 6.61853 75.6972 22.4972 3.65892 1.41472 1.35782
threshold= 3.9901635114651532 34.165000000000006 -118.37499999999999 -120.56499999999998 -122.15499999999999 2014.5000000000002 38.535000000000004
decision_type= 2 2 2 2 2 2 2
left_child=1 2 -1 -3 5 -2 -6
right_child=4 3 -4 -5 6 -7 -8
leaf_value= 0.037626155938382554 0.012338379725362315 0.002075328554809353 -0.00012768374112749137 -0.0095051188375560695 -0.0083801760506572991 0.07510930902578615 0.038019355218857527
leaf_weight=599 33 5988 5918 2603 1345 10.999999999999998 14.999999999999998
leaf_count=599 33 5988 5918 2603 1345 11 15
model_size=816
internal_value=0 0.000626667 0.0033424 -0.00143345 -0.00674336 0.0280311 -0.00786842
internal_weight=0 15108 6517 8591 1404 44 1360
internal_count=16512 15108 6517 8591 1404 44 1360
is_linear=0
shrinkage=0.1


Tree=78
num_leaves= 8
num_cat= 0
full_tree_array_lgbids= 0 1 4 3 2 6 5 -1 -5 -3 -4 -2 -8 -6 -7
split_feature= 3 7 7 8 7 8 8
split_gain= 4.75838 9.63037 23.0949 15.9553 4.12241 36.5158 24.4391
threshold= 5.5511074737062058 33.995000000000012 34.115000000000002 -118.395 34.655000000000008 -119.94499999999998 -119.21499999999999
decision_type= 2 2 2 2 2 2 2
left_child=1 3 -3 -1 6 -6 -2
right_child=4 2 -4 -5 5 -7 -8
leaf_value= 0.039887353808662741 0.057723377991784765 0.011975046687791133 -0.0025410638766099575 -0.0079034681324438982 0.0037635918453368142 -0.027306358570543428 0.0040231578585152297
leaf_weight=80 94 1518 5372 3019 2961 459 3009
leaf_count=80 94 1518 5372 3019 2961 459 3009
model_size=816
internal_value=0 -0.00161598 0.000657115 -0.00666976 0.00247464 -0.000406323 0.00564991
internal_weight=0 9989 6890 3099 6523 3420 3103
internal_count=16512 9989 6890 3099 6523 3420 3103
is_linear=0
shrinkage=0.1


Tree=79
num_leaves= 8
num_cat= 0
full_tree_array_lgbids= 0 1 3 2 6 4 5 -1 -4 -3 -8 -2 -6 -5 -7
split_feature= 5 8 7 3 8 8 1
split_gain= 4.08967 6.24993 20.0524 3.23842 7.97929 5.56848 1.49271
threshold= 1427.5000000000002 -117.145 33.755000000000003 3.0522493994321906 -122.25499999999998 -122.23499999999999 3.1913000000000005
decision_type= 2 2 2 2 2 2 2
left_child=1 2 -1 4 -2 -5 -3
right_child=3 6 -4 5 -6 -7 -8
leaf_value= 0.015334493246768858 -0.061077804836843698 -0.0056424172116726198 -0.0020843889681877591 0.013301008347037208 0.026308924567405575 0.00087762004446161881 -0.019461501618234775
leaf_weight=785 13.999999999999998 397 9002 529 161 5310 314
leaf_count=785 14 397 9002 529 161 5310 314
model_size=816
internal_value=0 -0.00143618 -0.000687248 0.00250699 0.019318 0.00200315 -0.0117454
internal_weight=0 10498 9787 6014 175 5839 711
internal_count=16512 10498 9787 6014 175 5839 711
is_linear=0
shrinkage=0.1


Tree=80
num_leaves= 8
num_cat= 0
full_tree_array_lgbids= 0 1 4 2 3 5 6 -1 -4 -3 -5 -2 -7 -6 -8
split_feature= 3 8 7 7 4 1 1
split_gain= 4.24691 5.18095 14.4803 5.97918 2.84229 6.66879 2.48697
threshold= 7.5573198511601065 -117.85499999999998 33.625000000000007 33.565000000000005 1.6248535049560022 6.0065500000000007 2.6992500000000006
decision_type= 2 2 2 2 2 2 2
left_child=1 2 -1 -3 5 -2 -6
right_child=4 3 -4 -5 6 -7 -8
leaf_value= 0.06435760525986553 0.038094818961610079 0.00025404740855994003 0.00033280865304631551 -0.010328374904314968 0.015822703825542704 0.0073790348414129268 -0.012361160860311284
leaf_weight=40 109 1410 12775 1392 80 532 174
leaf_count=40 109 1410 12775 1392 80 532 174
model_size=816
internal_value=0 -0.000460585 0.000532652 -0.00500317 0.00803682 0.0126022 -0.00348435
internal_weight=0 15617 12815 2802 895 641 254
internal_count=16512 15617 12815 2802 895 641 254
is_linear=0
shrinkage=0.1


Tree=81
num_leaves= 7
num_cat= 0
full_tree_array_lgbids= 0 3 1 5 4 2 -3 -1 -7 -5 -6 -2 -4 -2147483648 -2147483648
split_feature= 4 7 6 8 7 7
split_gain= 3.73978 4.46388 4.06692 4.01953 29.508 17.5258
threshold= 1.0777590915099038 39.425000000000004 1.9322222929778572 -120.62499999999999 35.135000000000012 37.595000000000006
decision_type= 2 2 2 2 2 2
left_child=3 2 -2 5 -5 -1
right_child=1 -3 -4 4 -6 -7
leaf_value= 0.012126332438995814 0.013551753129306161 -0.012358014229967547 0.0022199689487096132 -0.00079350198809405358 -0.02289253788977173 -0.0028593872700465811
leaf_weight=1235 511 272 4916 5982 720 2876
leaf_count=1235 511 272 4916 5982 720 2876
model_size=704
internal_value=0 0.00254026 0.00328696 -0.00133885 -0.00316762 0.00164253
internal_weight=0 5699 5427 10813 6702 4111
internal_count=16512 5699 5427 10813 6702 4111
is_linear=0
shrinkage=0.1


Tree=82
num_leaves= 8
num_cat= 0
full_tree_array_lgbids= 0 1 3 4 2 6 5 -1 -6 -3 -4 -2 -8 -5 -7
split_feature= 6 1 2 8 2 1 5
split_gain= 3.71327 5.50997 4.98251 2.4863 1.57433 1.09569 0.671428
threshold= 3.9901635114651532 1.5822000000000003 16.500000000000004 -122.15499999999999 20.500000000000004 1.1272500000000003 2014.5000000000002
decision_type= 2 2 2 2 2 2 2
left_child=1 4 -3 6 -1 -5 -2
right_child=3 2 -4 5 -6 -7 -8
leaf_value= 0.0031064709824211193 0.011062025888399645 -0.0031779608992334764 0.0021639405946693273 0.030338168357099807 -0.013806541632880493 -0.0076292532931440246 0.066725444793701169
leaf_weight=159 33 3051 11393 21 505 1339 10.999999999999998
leaf_count=159 33 3051 11393 21 505 1339 11
model_size=816
internal_value=0 0.000561255 0.00103557 -0.00603949 -0.00975659 -0.00704299 0.0249779
internal_weight=0 15108 14444 1404 664 1360 44
internal_count=16512 15108 14444 1404 664 1360 44
is_linear=0
shrinkage=0.1


Tree=83
num_leaves= 6
num_cat= 0
full_tree_array_lgbids= 0 1 4 2 3 -2 -6 -1 -4 -3 -5 -2147483648 -2147483648 -2147483648 -2147483648
split_feature= 8 3 1 7 1
split_gain= 3.27969 3.64128 9.11604 4.24005 0.965769
threshold= -116.11499999999999 5.5511074737062058 4.1119000000000012 34.655000000000008 3.5204000000000004
decision_type= 2 2 2 2 2
left_child=1 2 -1 -3 -2
right_child=4 3 -4 -5 -6
leaf_value= 0.00017056776820607026 -0.01349192376121951 0.005691049137829661 -0.0087262002676818991 -0.00047922635561506482 -0.053978798396530608
leaf_weight=8250 103 3049 1673 3416 21
leaf_count=8250 103 3049 1673 3416 21
model_size=592
internal_value=0 0.000153968 -0.00132941 0.00243078 -0.0203486
internal_weight=0 16388 9923 6465 124
internal_count=16512 16388 9923 6465 124
is_linear=0
shrinkage=0.1


Tree=84
num_leaves= 8
num_cat= 0
full_tree_array_lgbids= 0 1 3 6 2 5 4 -1 -8 -3 -4 -2 -7 -5 -6
split_feature= 8 7 7 6 7 2 6
split_gain= 3.5473 11.7385 17.8447 10.452 9.8156 5.31656 3.50254
threshold= -117.98499999999999 33.755000000000003 33.995000000000012 1.6538990040802002 33.865000000000002 26.500000000000004 1.8972600116432272
decision_type= 2 2 2 2 2 2 2
left_child=1 6 -3 5 -5 -2 -1
right_child=3 2 -4 4 -6 -7 -8
leaf_value= 0.083469117018911576 -0.05331535436357307 -0.0088715500617745462 0.0023440236699623519 0.0017910133121678065 -0.0095694349360188544 0.033738452975045553 0.024678983608996417
leaf_weight=18 71 1844 10556 2451 1442 10.999999999999998 119
leaf_count=18 71 1844 10556 2451 1442 11 119
model_size=816
internal_value=0 0.00102286 0.000676159 -0.00322607 -0.00241699 -0.0416374 0.0324032
internal_weight=0 12537 12400 3975 3893 82 137
internal_count=16512 12537 12400 3975 3893 82 137
is_linear=0
shrinkage=0.1


Tree=85
num_leaves= 5
num_cat= 0
full_tree_array_lgbids= 0 1 -2 3 2 -2147483648 -2147483648 -1 -5 -3 -4 -2147483648 -2147483648 -2147483648 -2147483648
split_feature= 7 8 7 7
split_gain= 3.19475 4.67203 7.23982 6.68687
threshold= 40.035000000000004 -122.41499999999998 37.615000000000002 38.415000000000006
decision_type= 2 2 2 2
left_child=1 3 -3 -1
right_child=-2 2 -4 -5
leaf_value= 0.014173403421691572 -0.012331780903876439 0.0010354886646923003 -0.004899438808739642 -0.0063122802645827099
leaf_weight=698 329 11869 3326 290
leaf_count=698 329 11869 3326 290
model_size=480
internal_value=0 0.000250705 -0.000263595 0.0081604
internal_weight=0 16183 15195 988
internal_count=16512 16183 15195 988
is_linear=0
shrinkage=0.1


Tree=86
num_leaves= 7
num_cat= 0
full_tree_array_lgbids= 0 1 3 2 5 -2 4 -1 -4 -3 -7 -2147483648 -2147483648 -5 -6
split_feature= 5 8 7 1 6 7
split_gain= 2.98952 4.48245 15.8426 2.41187 2.28759 0.988679
threshold= 1427.5000000000002 -117.16499999999998 33.655000000000008 1.0218000000000003 2.9562431619256024 33.045000000000009
decision_type= 2 2 2 2 2 2
left_child=1 2 -1 -2 -5 -3
right_child=3 5 -4 4 -6 -7
leaf_value= 0.017346274934293689 0.051238321471545438 -0.014652721117216706 -0.0016305690040981709 0.0049396085503577332 -0.00036579707749988878 -0.0016524499521268525
leaf_weight=521 18 496 9218 2821 3175 263
leaf_count=521 18 496 9218 2821 3175 263
model_size=704
internal_value=0 -0.00130458 -0.000615379 0.00227727 0.00213029 -0.010148
internal_weight=0 10498 9739 6014 5996 759
internal_count=16512 10498 9739 6014 5996 759
is_linear=0
shrinkage=0.1


Tree=87
num_leaves= 8
num_cat= 0
full_tree_array_lgbids= 0 1 4 2 3 6 5 -1 -4 -3 -5 -2 -8 -6 -7
split_feature= 8 7 7 8 6 7 2
split_gain= 3.01704 10.9328 64.1496 15.0389 8.32934 7.63579 4.05754
threshold= -117.98499999999999 34.165000000000006 34.045000000000009 -120.56499999999998 1.6538990040802002 34.025000000000013 26.500000000000004
decision_type= 2 2 2 2 2 2 2
left_child=1 2 -1 -3 6 -6 -2
right_child=4 3 -4 -5 5 -7 -8
leaf_value= -0.0031135626494098873 -0.048703451352325122 0.0017431378014249139 0.025650789636303573 -0.0078566007724329614 0.0004882010918558367 -0.011034519461185411 0.030562731284986846
leaf_weight=2544 71 6213 1164 2616 2939 954 10.999999999999998
leaf_count=2544 71 6213 1164 2616 2939 954 11
model_size=816
internal_value=0 0.000974225 0.00591602 -0.00110123 -0.00307267 -0.0023355 -0.0380702
internal_weight=0 12537 3708 8829 3975 3893 82
internal_count=16512 12537 3708 8829 3975 3893 82
is_linear=0
shrinkage=0.1


Tree=88
num_leaves= 8
num_cat= 0
full_tree_array_lgbids= 0 1 2 4 5 3 6 -1 -6 -3 -7 -2 -5 -4 -8
split_feature= 4 6 7 8 2 5 7
split_gain= 2.98906 5.67881 5.33504 13.306 4.91223 3.11901 1.9916
threshold= 1.1321898918370887 1.4183788552305943 37.005000000000003 -118.395 29.500000000000004 1140.5000000000002 37.255000000000003
decision_type= 2 2 2 2 2 2 2
left_child=1 4 3 -2 -1 -3 -4
right_child=2 5 6 -5 -6 -7 -8
leaf_value= -0.064948034979512584 0.023676911825307768 -0.0027252747155068094 -0.036959095529164189 0.0020633638795486214 0.016176025594274206 0.0011232511445719553 -0.0013821190003956531
leaf_weight=34 455 6245 32 1154 14.999999999999998 7531 1046
leaf_count=34 455 6245 32 1154 15 7531 1046
model_size=816
internal_value=0 -0.000761355 0.00391728 0.00817534 -0.0401141 -0.00062138 -0.00243821
internal_weight=0 13825 2687 1609 49 13776 1078
internal_count=16512 13825 2687 1609 49 13776 1078
is_linear=0
shrinkage=0.1


Tree=89
num_leaves= 8
num_cat= 0
full_tree_array_lgbids= 0 1 4 2 3 5 6 -1 -4 -3 -5 -2 -7 -6 -8
split_feature= 3 2 6 7 4 1 1
split_gain= 2.53528 3.21677 10.7767 4.47291 1.17846 5.30356 1.69973
threshold= 7.5573198511601065 10.500000000000002 2.254419630548663 37.595000000000006 1.6248535049560022 6.0065500000000007 2.6992500000000006
decision_type= 2 2 2 2 2 2 2
left_child=1 2 -1 -3 5 -2 -6
right_child=4 3 -4 -5 6 -7 -8
leaf_value= -0.032333829698992698 0.034105431870984582 0.0014266906266804441 -0.0024357586497658545 -0.0032444661969879274 0.015172657527728006 0.0057888176447328504 -0.010634448549485413
leaf_weight=168 109 10413 933 4103 80 532 174
leaf_count=168 109 10413 933 4103 80 532 174
model_size=816
internal_value=0 -0.000394478 -0.00699786 0.000106371 0.00688331 0.010604 -0.00250623
internal_weight=0 15617 1101 14516 895 641 254
internal_count=16512 15617 1101 14516 895 641 254
is_linear=0
shrinkage=0.1


Tree=90
num_leaves= 8
num_cat= 0
full_tree_array_lgbids= 0 1 4 3 2 6 5 -1 -5 -3 -4 -2 -8 -6 -7
split_feature= 6 7 8 8 8 1 8
split_gain= 2.5063 3.91865 28.2234 26.2381 2.54495 0.93986 0.752198
threshold= 4.0313335151349889 35.335000000000008 -120.62499999999999 -119.55499999999999 -122.175 8.0125000000000011 -122.27499999999999
decision_type= 2 2 2 2 2 2 2
left_child=1 3 -3 -1 6 -6 -2
right_child=4 2 -4 -5 5 -7 -8
leaf_value= 0.031705401749327893 0.011478279572750988 0.0012709166395311444 -0.016405343605906935 0.0011415929017295219 -0.0061338655468859875 -0.060201273262500771 0.069805379279635177
leaf_weight=314 29 5903 1155 7800 1290 9.9999999999999982 10.999999999999998
leaf_count=314 29 5903 1155 7800 1290 10 11
model_size=816
internal_value=0 0.000488661 -0.0016217 0.00232437 -0.00553281 -0.00654977 0.0275182
internal_weight=0 15172 7058 8114 1340 1300 40
internal_count=16512 15172 7058 8114 1340 1300 40
is_linear=0
shrinkage=0.1


Tree=91
num_leaves= 8
num_cat= 0
full_tree_array_lgbids= 0 1 4 2 3 6 5 -1 -4 -3 -5 -2 -8 -6 -7
split_feature= 4 1 5 3 1 7 7
split_gain= 2.40911 3.51464 10.6614 8.85007 3.15907 2.86838 0.559411
threshold= 1.0593161893629457 4.1408500000000013 41.500000000000007 5.5768938063458622 1.6383000000000001 37.595000000000006 34.025000000000013
decision_type= 2 2 2 2 2 2 2
left_child=1 2 -1 -3 6 -6 -2
right_child=4 3 -4 -5 5 -7 -8
leaf_value= 0.086793257383739247 -0.017698873738198329 -0.012110998538920519 0.00045246915744782403 -0.00085712292522337847 0.0043991105503516223 -0.0014806589736213324 -0.003048256859038815
leaf_weight=17 163 1209 5123 2912 4659 2002 427
leaf_count=17 163 1209 5123 2912 4659 2002 427
model_size=816
internal_value=0 -0.00144095 0.000738032 -0.00415873 0.00184039 0.00263191 -0.0070958
internal_weight=0 9261 5140 4121 7251 6661 590
internal_count=16512 9261 5140 4121 7251 6661 590
is_linear=0
shrinkage=0.1


Tree=92
num_leaves= 8
num_cat= 0
full_tree_array_lgbids= 0 1 4 2 3 6 5 -1 -4 -3 -5 -2 -8 -6 -7
split_feature= 8 7 7 8 7 6 4
split_gain= 2.66457 8.22114 59.1936 11.4964 6.27679 13.8892 6.72768
threshold= -118.01499999999999 34.155000000000008 34.045000000000009 -120.62499999999999 33.695000000000007 2.694384358429303 1.1668343393695511
decision_type= 2 2 2 2 2 2 2
left_child=1 2 -1 -3 6 -6 -2
right_child=4 3 -4 -5 5 -7 -8
leaf_value= -0.0031255252276063713 -0.00063579492931993878 0.0018004303292464515 0.026075861835494152 -0.0065967870454686399 -0.020869842697857317 -0.0019349792337980294 0.019505085889297172
leaf_weight=2396 1640 6160 1024 2771 602 1672 247
leaf_count=2396 1640 6160 1024 2771 602 1672 247
model_size=816
internal_value=0 0.000973515 0.00561781 -0.000804954 -0.00288966 -0.00694764 0.00200056
internal_weight=0 12351 3420 8931 4161 2274 1887
internal_count=16512 12351 3420 8931 4161 2274 1887
is_linear=0
shrinkage=0.1


Tree=93
num_leaves= 8
num_cat= 0
full_tree_array_lgbids= 0 1 3 2 6 5 4 -1 -4 -3 -8 -2 -7 -5 -6
split_feature= 4 2 1 8 7 7 1
split_gain= 2.33338 6.86614 13.4554 3.31434 5.4854 4.23299 0.91631
threshold= 0.89316682724375618 25.500000000000004 3.9004500000000006 -117.50499999999998 33.925000000000004 34.595000000000006 7.2638000000000007
decision_type= 2 2 2 2 2 2 2
left_child=1 2 -1 5 -5 -2 -3
right_child=3 6 -4 4 -6 -7 -8
leaf_value= 0.073490947472124271 0.0032167939522795837 -0.020920172267526922 -0.019699197489282359 -0.00070660526096337267 -0.013568769376545145 -0.0010131424791255516 -0.069937504541415438
leaf_weight=29 6430 175 46 1612 628 7579 12.999999999999998
leaf_count=29 6430 175 46 1612 628 7579 13
model_size=816
internal_value=0 -0.0127192 0.0163343 0.000205868 -0.0043126 0.000928359 -0.0243097
internal_weight=0 263 75 16249 2240 14009 188
internal_count=16512 263 75 16249 2240 14009 188
is_linear=0
shrinkage=0.1


Tree=94
num_leaves= 8
num_cat= 0
full_tree_array_lgbids= 0 1 4 2 3 6 5 -1 -4 -3 -5 -2 -8 -6 -7
split_feature= 8 7 7 8 6 3 4
split_gain= 2.18744 33.375 29.994 18.2531 12.386 4.69356 1.48958
threshold= -118.29499999999999 34.155000000000008 34.045000000000009 -119.34499999999998 1.5104297674263547 5.4794457776435754 1.0559055821245014
decision_type= 2 2 2 2 2 2 2
left_child=1 2 -1 -3 6 -6 -2
right_child=4 3 -4 -5 5 -7 -8
leaf_value= 0.0058369247009717263 -0.019580694110620592 0.001050268328954884 0.039218083550343313 -0.012257518569427505 -0.0040987933177123277 0.0024943568228411438 -0.070895811232427761
leaf_weight=894 21 7306 423 1356 3951 2525 36
leaf_count=894 21 7306 423 1356 3951 2525 36
model_size=816
internal_value=0 0.00128866 0.0165584 -0.00103301 -0.0019684 -0.00152812 -0.0519902
internal_weight=0 9979 1317 8662 6533 6476 57
internal_count=16512 9979 1317 8662 6533 6476 57
is_linear=0
shrinkage=0.1


Tree=95
num_leaves= 8
num_cat= 0
full_tree_array_lgbids= 0 3 1 4 5 2 6 -1 -6 -5 -7 -2 -4 -3 -8
split_feature= 4 7 8 8 7 6 3
split_gain= 2.0532 5.52563 10.9549 3.13295 14.4339 2.29132 1.41472
threshold= 1.1699514563106796 36.975000000000001 -121.91499999999998 -122.21499999999999 37.595000000000006 1.4183788552305943 19.048314718787399
decision_type= 2 2 2 2 2 2 2
left_child=3 2 -2 4 -1 -5 -3
right_child=1 6 -4 5 -6 -7 -8
leaf_value= 0.033109137142956671 0.084380097492881445 -0.00496303408922057 0.0084200659719021811 -0.030837417770253152 0.0013025778051732482 -0.0011336116538001482 0.024157985334479534
leaf_weight=180 23 679 990 49 1682 12866 43
leaf_count=180 23 679 990 49 1682 12866 43
model_size=816
internal_value=0 0.00457954 0.0101447 -0.000537694 0.00437733 -0.00124631 -0.00322868
internal_weight=0 1735 1013 14777 1862 12915 722
internal_count=16512 1735 1013 14777 1862 12915 722
is_linear=0
shrinkage=0.1


Tree=96
num_leaves= 5
num_cat= 0
full_tree_array_lgbids= 0 1 -2 2 3 -2147483648 -2147483648 -1 -4 -3 -5 -2147483648 -2147483648 -2147483648 -2147483648
split_feature= 7 8 7 4
split_gain= 1.95956 3.36071 5.49593 4.21205
threshold= 40.035000000000004 -122.41499999999998 37.745000000000012 1.1864242224781967
decision_type= 2 2 2 2
left_child=1 2 -1 -3
right_child=-2 3 -4 -5
leaf_value= -0.0097276755422368022 -0.010892726649444601 -0.00086067530807163318 0.011824749514167076 0.0064071622085786891
leaf_weight=204 329 13905 784 1290
leaf_count=204 329 13905 784 1290
model_size=480
internal_value=0 0.000221449 0.00737465 -0.000243662
internal_weight=0 16183 988 15195
internal_count=16512 16183 988 15195
is_linear=0
shrinkage=0.1


Tree=97
num_leaves= 5
num_cat= 0
full_tree_array_lgbids= 0 1 -2 2 3 -2147483648 -2147483648 -1 -4 -3 -5 -2147483648 -2147483648 -2147483648 -2147483648
split_feature= 8 7 8 8
split_gain= 2.07 1.68139 31.143 4.32507
threshold= -116.40499999999999 37.595000000000006 -122.02499999999999 -121.19499999999998
decision_type= 2 2 2 2
left_child=1 2 -1 -3
right_child=-2 3 -4 -5
leaf_value= 0.025962358613879917 -0.014683883245557578 -0.0036568413897539245 -2.2084785087930692e-05 0.0071842400336232133
leaf_weight=514 188 4053 11133 624
leaf_count=514 188 4053 11133 624
model_size=480
internal_value=0 0.000169111 0.00112465 -0.00221044
internal_weight=0 16324 11647 4677
internal_count=16512 16324 11647 4677
is_linear=0
shrinkage=0.1


Tree=98
num_leaves= 6
num_cat= 0
full_tree_array_lgbids= 0 1 4 2 3 -2 -6 -1 -4 -3 -5 -2147483648 -2147483648 -2147483648 -2147483648
split_feature= 8 6 7 7 1
split_gain= 1.38343 1.51253 3.476 1.73078 0.168283
threshold= -116.11499999999999 4.0313335151349889 35.335000000000008 37.745000000000012 3.5204000000000004
decision_type= 2 2 2 2 2
left_child=1 2 -1 -3 -2
right_child=4 3 -4 -5 -6
leaf_value= 0.0023583180758411887 -0.010523466698447293 -0.0061455102133118255 -0.0014754257470404625 0.016783906747188763 -0.046072622745608291
leaf_weight=8004 103 1251 7057 76 21
leaf_count=8004 103 1251 7057 76 21
model_size=592
internal_value=0 0.00012518 0.000561975 -0.0048323 -0.0165439
internal_weight=0 16388 15061 1327 124
internal_count=16512 16388 15061 1327 124
is_linear=0
shrinkage=0.1


Tree=99
num_leaves= 8
num_cat= 0
full_tree_array_lgbids= 0 1 4 3 2 5 6 -1 -5 -3 -4 -2 -7 -6 -8
split_feature= 7 7 8 8 7 8 8
split_gain= 1.57449 18.05 16.8745 16.8019 11.522 47.0371 7.81199
threshold= 33.995000000000012 33.885000000000012 -118.41499999999998 -118.27499999999999 34.135000000000012 -118.36499999999999 -120.62499999999999
decision_type= 2 2 2 2 2 2 2
left_child=1 3 -3 -1 5 -2 -6
right_child=4 2 -4 -5 6 -7 -8
leaf_value= 0.026432793299359283 0.041197795396127224 0.04610329661694057 -0.014818433656752221 -0.00043097014588509125 0.0016609961611021547 0.0012972331524172644 -0.0051483944595752005
leaf_weight=284 371 53 1331 3243 6160 1824 3246
leaf_count=284 371 53 1331 3243 6160 1824 3246
model_size=816
internal_value=0 -0.0022746 -0.0124854 0.00173215 0.000962898 0.00804125 -0.000688917
internal_weight=0 4911 1384 3527 11601 2195 9406
internal_count=16512 4911 1384 3527 11601 2195 9406
is_linear=0
shrinkage=0.1


Tree=100
num_leaves= 8
num_cat= 0
full_tree_array_lgbids= 0 1 4 3 2 5 6 -1 -5 -3 -4 -2 -7 -6 -8
split_feature= 5 1 5 2 8 7 7
split_gain= 1.41785 4.13827 8.15334 5.7122 2.6053 11.3705 11.3539
threshold= 1047.5000000000002 4.0009000000000006 107.50000000000001 6.5000000000000009 -120.56499999999998 35.645000000000003 34.655000000000008
decision_type= 2 2 2 2 2 2 2
left_child=1 3 -3 -1 5 -2 -6
right_child=4 2 -4 -5 6 -7 -8
leaf_value= 0.039571612229680315 0.046687416170966139 -0.042435182827628322 -0.0043020104486672511 0.00030557422770145196 0.0013780006589571526 0.0033204477460519774 -0.012702700990013789
leaf_weight=51 73 72 2797 4067 5455 3225 772
leaf_count=51 73 72 2797 4067 5455 3225 772
model_size=816
internal_value=0 -0.00169273 -0.00525899 0.00079187 0.00124169 0.00428036 -0.000367672
internal_weight=0 6987 2869 4118 9525 3298 6227
internal_count=16512 6987 2869 4118 9525 3298 6227
is_linear=0
shrinkage=0.1


Tree=101
num_leaves= 7
num_cat= 0
full_tree_array_lgbids= 0 1 3 2 -3 4 5 -1 -4 -2147483648 -2147483648 -2 -6 -5 -7
split_feature= 3 1 2 6 2 4
split_gain= 1.13927 7.19554 6.44404 2.09197 5.52586 1.35227
threshold= 5.5511074737062058 7.7055000000000016 17.500000000000004 1.8427212551791066 25.500000000000004 1.0489629380026984
decision_type= 2 2 2 2 2 2
left_child=1 2 -1 4 -2 -5
right_child=3 -3 -4 5 -6 -7
leaf_value= -0.0075006956769794637 0.0071998201281530784 -0.082392365033073095 0.0003029049526397762 -0.00086638375387841074 0.089572637279828393 0.0037328250118372958
leaf_weight=1680 44 13.999999999999998 8295 3163 14.999999999999998 3301
leaf_count=1680 44 14 8295 3163 15 3301
model_size=704
internal_value=0 -0.00112544 -0.00101139 0.00172345 0.0281421 0.00148231
internal_weight=0 9989 9975 6523 59 6464
internal_count=16512 9989 9975 6523 59 6464
is_linear=0
shrinkage=0.1


Tree=102
num_leaves= 5
num_cat= 0
full_tree_array_lgbids= 0 1 -2 2 3 -2147483648 -2147483648 -1 -4 -3 -5 -2147483648 -2147483648 -2147483648 -2147483648
split_feature= 7 8 7 7
split_gain= 1.12828 2.49588 5.70577 3.87472
threshold= 40.035000000000004 -122.41499999999998 38.235000000000007 37.615000000000002
decision_type= 2 2 2 2
left_child=1 2 -1 -3
right_child=-2 3 -4 -5
leaf_value= 0.01398315656545022 -0.0097643661457305006 0.00081734463104157047 -0.0041530877980759974 -0.0039670890357103141
leaf_weight=596 329 11869 392 3326
leaf_count=596 329 11869 392 3326
model_size=480
internal_value=0 0.000198509 0.0067874 -0.000229909
internal_weight=0 16183 988 15195
internal_count=16512 16183 988 15195
is_linear=0
shrinkage=0.1


Tree=103
num_leaves= 7
num_cat= 0
full_tree_array_lgbids= 0 1 2 -1 3 5 4 -2147483648 -2147483648 -3 -5 -2 -7 -4 -6
split_feature= 8 7 6 7 2 1
split_gain= 1.10756 10.4053 3.76216 3.64647 2.7047 2.06237
threshold= -117.16499999999998 32.725000000000001 2.3055777777777782 33.655000000000008 19.500000000000004 3.2027500000000004
decision_type= 2 2 2 2 2 2
left_child=1 -1 5 -3 -4 -2
right_child=2 3 4 -5 -6 -7
leaf_value= 0.086040825873394233 -0.010748904925798105 0.0087931627641541464 0.0057701288588276091 -0.00013861749433163596 -0.0080807346964315123 -0.039511647952525923
leaf_weight=17 198 755 487 14477 511 67
leaf_count=17 198 755 487 14477 511 67
model_size=704
internal_value=0 0.000399683 -0.00482563 0.000304101 -0.00132185 -0.018021
internal_weight=0 15249 1263 15232 998 265
internal_count=16512 15249 1263 15232 998 265
is_linear=0
shrinkage=0.1


Tree=104
num_leaves= 8
num_cat= 0
full_tree_array_lgbids= 0 1 4 3 2 5 6 -1 -5 -3 -4 -2 -7 -6 -8
split_feature= 7 7 8 8 7 8 8
split_gain= 1.18562 14.0396 14.0921 13.3607 8.43148 37.9579 5.54557
threshold= 33.995000000000012 33.885000000000012 -118.395 -118.27499999999999 34.135000000000012 -118.36499999999999 -119.21499999999999
decision_type= 2 2 2 2 2 2 2
left_child=1 3 -3 -1 5 -2 -6
right_child=4 2 -4 -5 6 -7 -8
leaf_value= 0.023790039365429064 0.037098904539494604 0.02993182901023584 -0.01414672711797366 -0.00053283861124766164 0.00090888668413352254 0.0010579465129606648 -0.0061453481236686258
leaf_weight=284 371 89 1295 3243 7476 1824 1930
leaf_count=284 371 89 1295 3243 7476 1824 1930
model_size=816
internal_value=0 -0.00216406 -0.0113122 0.00142568 0.000916102 0.00714961 -0.000538559
internal_weight=0 4911 1384 3527 11601 2195 9406
internal_count=16512 4911 1384 3527 11601 2195 9406
is_linear=0
shrinkage=0.1


Tree=105
num_leaves= 8
num_cat= 0
full_tree_array_lgbids= 0 1 4 2 3 5 6 -1 -4 -3 -5 -2 -7 -6 -8
split_feature= 3 7 6 7 6 2 1
split_gain= 0.981427 6.79325 7.87235 4.08344 2.87359 42.4353 2.53125
threshold= 3.8565941883990313 33.965000000000011 1.8179079789978452 37.595000000000006 1.9322222929778572 28.500000000000004 4.2466000000000017
decision_type= 2 2 2 2 2 2 2
left_child=1 2 -1 -3 5 -2 -6
right_child=4 3 -4 -5 6 -7 -8
leaf_value= -0.049507188771127003 -0.013618215424037404 0.0039854436256076455 -0.0093914402874820113 -0.013120847638951228 0.0014953048582399642 0.036971741908507265 -0.0022508235998892306
leaf_weight=72 395 1041 444 265 8654 311 5330
leaf_count=72 395 1041 444 265 8654 311 5330
model_size=816
internal_value=0 -0.00387623 -0.014989 0.000514412 0.000480769 0.00866716 6.74684e-05
internal_weight=0 1822 516 1306 14690 706 13984
internal_count=16512 1822 516 1306 14690 706 13984
is_linear=0
shrinkage=0.1


Tree=106
num_leaves= 8
num_cat= 0
full_tree_array_lgbids= 0 1 4 3 2 6 5 -1 -5 -3 -4 -2 -8 -6 -7
split_feature= 5 3 6 7 6 5 8
split_gain= 0.945196 2.19404 7.25139 6.74626 2.06691 2.17993 0.516705
threshold= 1427.5000000000002 3.6713332925411493 1.9322222929778572 33.965000000000011 6.5071256038647354 4111.5000000000009 -120.47499999999998
decision_type= 2 2 2 2 2 2 2
left_child=1 3 -3 -1 6 -6 -2
right_child=4 2 -4 -5 5 -7 -8
leaf_value= -0.025901045905196114 0.0044906721992086663 0.011527469425422361 -0.0012837149626553183 -0.0012756085361363557 0.062968536229296171 -0.011355772882234307 7.9762955773601539e-05
leaf_weight=208 2058 608 9192 490 22 11.999999999999998 3922
leaf_count=208 2058 608 9192 490 22 12 3922
model_size=816
internal_value=0 -0.00102912 -0.000488899 -0.00861385 0.00179642 0.0367364 0.00159776
internal_weight=0 10498 9800 698 6014 34 5980
internal_count=16512 10498 9800 698 6014 34 5980
is_linear=0
shrinkage=0.1


Tree=107
num_leaves= 8
num_cat= 0
full_tree_array_lgbids= 0 1 3 6 2 4 5 -1 -8 -3 -4 -2 -6 -5 -7
split_feature= 7 8 7 8 8 7 7
split_gain= 0.782486 24.7695 6.25459 3.60649 4.86687 4.25284 1.56997
threshold= 37.595000000000006 -122.01499999999999 35.335000000000008 -121.19499999999998 -122.40499999999999 37.695000000000007 37.235000000000007
decision_type= 2 2 2 2 2 2 2
left_child=1 6 -3 4 -2 -5 -1
right_child=3 2 -4 5 -6 -7 -8
leaf_value= -0.0010471294890157879 0.0028524380723685058 0.0010971057519084117 -0.0058478065185349681 -0.011808229918681039 -0.0062022293680633412 0.012292407818113964 0.025211169442509514
leaf_weight=60 1218 9139 2143 142 2835 482 493
leaf_count=60 1218 9139 2143 142 2835 482 493
model_size=816
internal_value=0 0.000833196 -0.000222071 -0.00210838 -0.00348114 0.00680797 0.0223622
internal_weight=0 11835 11282 4677 4053 624 553
internal_count=16512 11835 11282 4677 4053 624 553
is_linear=0
shrinkage=0.1


Tree=108
num_leaves= 8
num_cat= 0
full_tree_array_lgbids= 0 4 1 5 6 3 2 -1 -7 -6 -8 -2 -5 -3 -4
split_feature= 1 5 4 6 3 7 8
split_gain= 0.682266 8.48016 6.35376 3.28924 2.4651 2.69461 1.61822
threshold= 5.0602500000000008 70.000000000000014 1.0687599090911248 2.8079590171801518 5.5511074737062058 34.035000000000004 -117.50499999999998
decision_type= 2 2 2 2 2 2 2
left_child=4 3 -3 -2 5 -1 -6
right_child=1 2 -4 -5 6 -7 -8
leaf_value= -0.0035329467089829669 -0.11144927602547863 -0.0048232154298072441 0.0067526639746884514 -0.021794875924076355 0.0054486505389940952 0.0011881316960575062 -0.0025747433031459463
leaf_weight=3333 13.000000000000002 2627 834 13.999999999999998 2776 6178 737
leaf_count=3333 13 2627 834 14 2776 6178 737
model_size=816
internal_value=0 -0.00252088 -0.00203377 -0.0649618 0.000675125 -0.000466306 0.00376541
internal_weight=0 3488 3461 27 13024 9511 3513
internal_count=16512 3488 3461 27 13024 9511 3513
is_linear=0
shrinkage=0.1


Tree=109
num_leaves= 5
num_cat= 0
full_tree_array_lgbids= 0 1 -2 3 2 -2147483648 -2147483648 -1 -5 -3 -4 -2147483648 -2147483648 -2147483648 -2147483648
split_feature= 7 1 5 5
split_gain= 0.744979 0.885913 8.17197 4.15531
threshold= 40.035000000000004 3.5966500000000008 484.50000000000006 170.50000000000003
decision_type= 2 2 2 2
left_child=1 3 -3 -1
right_child=-2 2 -4 -5
leaf_value= 0.020251901765004732 -0.0092699328122170799 -0.013327008524252702 -0.00013153773371112637 0.0011311507408351595
leaf_weight=176 329 644 7373 7990
leaf_count=176 329 644 7373 7990
model_size=480
internal_value=0 0.000188458 -0.00119152 0.00154326
internal_weight=0 16183 8017 8166
internal_count=16512 16183 8017 8166
is_linear=0
shrinkage=0.1


Tree=110
num_leaves= 5
num_cat= 0
full_tree_array_lgbids= 0 1 -2 3 2 -2147483648 -2147483648 -1 -5 -3 -4 -2147483648 -2147483648 -2147483648 -2147483648
split_feature= 3 1 5 3
split_gain= 0.621151 2.43046 5.74276 1.35045
threshold= 7.5573198511601065 6.0497500000000004 107.50000000000001 5.5511074737062058
decision_type= 2 2 2 2
left_child=1 3 -3 -1
right_child=-2 2 -4 -5
leaf_value= -0.00083913808065347166 0.0054071101714878384 -0.069949680331506225 -0.0050368365264556458 0.00254278716247242
leaf_weight=9888 895 19 1284 4426
leaf_count=9888 895 19 1284 4426
model_size=480
internal_value=0 -0.000309878 -0.00598338 0.000206579
internal_weight=0 15617 1303 14314
internal_count=16512 15617 1303 14314
is_linear=0
shrinkage=0.1


Tree=111
num_leaves= 8
num_cat= 0
full_tree_array_lgbids= 0 1 3 6 2 5 4 -1 -8 -3 -4 -2 -7 -5 -6
split_feature= 7 8 7 5 3 1 1
split_gain= 0.626113 20.1948 4.80631 2.97742 2.81994 2.75763 1.26252
threshold= 37.595000000000006 -122.02499999999999 35.335000000000008 988.50000000000011 3.193182511128728 3.3763000000000005 7.7055000000000016
decision_type= 2 2 2 2 2 2 2
left_child=1 6 -3 5 -5 -2 -1
right_child=3 2 -4 4 -6 -7 -8
leaf_value= 0.024988178425854424 -0.0012796422277472686 0.0011007759260551096 -0.0051841154234177813 -0.034317613679629107 0.0016733319361641596 -0.010706768031055006 0.0036373244667589504
leaf_weight=423 1225 9139 2182 39 2407 1006 91
leaf_count=423 1225 9139 2182 39 2407 1006 91
model_size=816
internal_value=0 0.000815315 -0.000110569 -0.00206313 0.00109948 -0.00553051 0.0212082
internal_weight=0 11835 11321 4677 2446 2231 514
internal_count=16512 11835 11321 4677 2446 2231 514
is_linear=0
shrinkage=0.1


Tree=112
num_leaves= 5
num_cat= 0
full_tree_array_lgbids= 0 1 -2 2 3 -2147483648 -2147483648 -1 -4 -3 -5 -2147483648 -2147483648 -2147483648 -2147483648
split_feature= 8 7 8 7
split_gain= 0.520495 0.681603 8.51413 5.57094
threshold= -116.11499999999999 33.765000000000008 -118.09499999999998 33.995000000000012
decision_type= 2 2 2 2
left_child=1 2 -1 -3
right_child=-2 3 -4 -5
leaf_value= 0.037566967780532486 -0.014650468960321779 -0.0053684978331549399 0.0020272110860713169 0.00069012327528946761
leaf_weight=88 124 2575 2141 11584
leaf_count=88 124 2575 2141 11584
model_size=480
internal_value=0 0.000110853 0.00343031 -0.000411716
internal_weight=0 16388 2229 14159
internal_count=16512 16388 2229 14159
is_linear=0
shrinkage=0.1


Tree=113
num_leaves= 8
num_cat= 0
full_tree_array_lgbids= 0 3 1 4 6 5 2 -1 -6 -5 -8 -2 -7 -3 -4
split_feature= 8 7 1 7 8 3 7
split_gain= 0.39627 3.52045 5.04466 3.09944 9.04072 2.95866 2.47713
threshold= -117.46499999999999 33.895000000000003 5.4090500000000015 33.625000000000007 -117.73499999999999 3.8330595473270863 33.995000000000012
decision_type= 2 2 2 2 2 2 2
left_child=3 5 -3 4 -1 -2 -5
right_child=1 2 -4 6 -6 -7 -8
leaf_value= 0.047232047316928705 -0.016480298038605137 -0.0084851175917371111 -0.052902421872250929 -0.0032714934852944642 -0.00038835739459970901 0.0019337271817210244 0.0011894156216622469
leaf_weight=75 169 584 39 2956 145 1435 11109
leaf_count=75 169 584 39 2956 145 1435 11109
model_size=816
internal_value=0 -0.00315616 -0.0112657 0.000492039 0.0158459 -6.4039e-06 0.000251879
internal_weight=0 2227 623 14285 220 1604 14065
internal_count=16512 2227 623 14285 220 1604 14065
is_linear=0
shrinkage=0.1


Tree=114
num_leaves= 8
num_cat= 0
full_tree_array_lgbids= 0 1 4 3 2 6 5 -1 -5 -3 -4 -2 -8 -6 -7
split_feature= 7 8 7 7 8 2 8
split_gain= 0.550534 17.2864 25.3804 8.51243 2.39071 5.32509 5.27011
threshold= 37.595000000000006 -120.62499999999999 34.885000000000012 36.57500000000001 -121.34499999999998 24.500000000000004 -122.38499999999998
decision_type= 2 2 2 2 2 2 2
left_child=1 3 -3 -1 6 -6 -2
right_child=4 2 -4 -5 5 -7 -8
leaf_value= 0.039386591555412152 0.0023652411922245493 0.0010810917162284888 -0.014936982752651432 0.0085375750601830377 0.0098814043736795542 -0.0074708906344705499 -0.0071447276852679986
leaf_weight=121 1279 8925 1221 1568 694 389 2315
leaf_count=121 1279 8925 1221 1568 694 389 2315
model_size=816
internal_value=0 0.000808059 -0.000846571 0.0107476 -0.00204477 0.00364868 -0.00376041
internal_weight=0 11835 10146 1689 4677 1083 3594
internal_count=16512 11835 10146 1689 4677 1083 3594
is_linear=0
shrinkage=0.1


Tree=115
num_leaves= 8
num_cat= 0
full_tree_array_lgbids= 0 4 1 5 6 3 2 -1 -7 -6 -8 -2 -5 -3 -4
split_feature= 1 5 6 6 5 6 6
split_gain= 0.626041 5.89936 7.60165 5.2599 2.3717 3.51619 1.55345
threshold= 3.5966500000000008 534.50000000000011 1.7937987955083712 2.8079590171801518 274.50000000000006 2.7249600929852478 1.4183788552305943
decision_type= 2 2 2 2 2 2 2
left_child=4 3 -3 -2 5 -1 -6
right_child=1 2 -4 -5 6 -7 -8
leaf_value= 0.0016741477345210952 -0.017549500325977158 0.025825012577631586 -0.00078625412950719892 0.0024766182865458707 -0.027966127093467449 0.027725680535917896 0.00095431699896587332
leaf_weight=202 544 141 7082 282 45 144 8072
leaf_count=202 544 141 7082 282 45 144 8072
model_size=816
internal_value=0 -0.00133873 -0.000266776 -0.0107125 0.00127324 0.0125164 0.000793984
internal_weight=0 8049 7223 826 8463 346 8117
internal_count=16512 8049 7223 826 8463 346 8117
is_linear=0
shrinkage=0.1


Tree=116
num_leaves= 5
num_cat= 0
full_tree_array_lgbids= 0 1 -2 3 2 -2147483648 -2147483648 -1 -5 -3 -4 -2147483648 -2147483648 -2147483648 -2147483648
split_feature= 3 1 6 8
split_gain= 0.322388 3.63105 1.33757 0.787416
threshold= 6.8025928032261413 6.0497500000000004 2.4002670226969296 -118.34499999999998
decision_type= 2 2 2 2
left_child=1 3 -3 -1
right_child=-2 2 -4 -5
leaf_value= 0.0013091890274256153 0.003407136296780933 0.0032882264837098777 -0.01294605754809588 -0.0016507757081412084
leaf_weight=7792 1919 176 565 6060
leaf_count=7792 1919 176 565 6060
model_size=480
internal_value=0 -0.000448043 -0.00909014 1.42579e-05
internal_weight=0 14593 741 13852
internal_count=16512 14593 741 13852
is_linear=0
shrinkage=0.1


Tree=117
num_leaves= 8
num_cat= 0
full_tree_array_lgbids= 0 1 2 5 6 4 3 -1 -7 -3 -8 -2 -6 -4 -5
split_feature= 7 8 8 1 7 7 7
split_gain= 0.418112 22.386 11.9544 16.7955 13.5358 7.98463 5.18628
threshold= 35.335000000000008 -119.21499999999999 -120.75499999999998 3.5330000000000008 37.555000000000007 34.595000000000006 34.245000000000012
decision_type= 2 2 2 2 2 2 2
left_child=1 5 4 -4 -2 -1 -3
right_child=2 6 3 -5 -6 -7 -8
leaf_value= 0.041814135151828843 0.0095792892728272152 0.00080374507788761066 -0.0041983769304437145 -0.032562927537330755 -0.0022657292979875931 0.0099143466835724565 -0.010787909191133361
leaf_weight=194 1489 8148 1024 307 4553 207 590
leaf_count=194 1489 8148 1024 307 4553 207 590
model_size=816
internal_value=0 0.00113232 -0.00140353 -0.0107408 0.000653376 0.0253472 2.1063e-05
internal_weight=0 9139 7373 1331 6042 401 8738
internal_count=16512 9139 7373 1331 6042 401 8738
is_linear=0
shrinkage=0.1


Tree=118
num_leaves= 8
num_cat= 0
full_tree_array_lgbids= 0 1 4 3 2 5 6 -1 -5 -3 -4 -2 -7 -6 -8
split_feature= 3 1 2 5 1 7 3
split_gain= 0.330876 6.85817 10.5144 1.7626 0.745212 1.93268 1.03507
threshold= 5.5511074737062058 4.1119000000000012 16.500000000000004 41.500000000000007 6.0065500000000007 37.945000000000007 6.2893728574309353
decision_type= 2 2 2 2 2 2 2
left_child=1 3 -3 -1 5 -2 -6
right_child=4 2 -4 -5 6 -7 -8
leaf_value= 0.043829858941691266 0.004675200062864337 -0.026015582396573717 -0.0035642909512490165 0.00023842605086982213 -0.011679519034065437 -0.0019606171664513219 -6.4437067295023673e-05
leaf_weight=21 3428 310 1364 8294 287 1300 1508
leaf_count=21 3428 310 1364 8294 287 1300 1508
model_size=816
internal_value=0 -0.00100396 -0.00772194 0.000348519 0.00153742 0.00285063 -0.00192156
internal_weight=0 9989 1674 8315 6523 4728 1795
internal_count=16512 9989 1674 8315 6523 4728 1795
is_linear=0
shrinkage=0.1


Tree=119
num_leaves= 8
num_cat= 0
full_tree_array_lgbids= 0 1 3 4 2 5 6 -1 -6 -3 -4 -2 -7 -5 -8
split_feature= 8 7 8 6 6 2 2
split_gain= 0.216444 21.4615 3.21302 3.00342 2.50306 2.29104 1.97203
threshold= -117.24499999999999 33.005000000000003 -117.35499999999998 2.3336834733893559 1.9139224725972623 26.500000000000004 17.500000000000004
decision_type= 2 2 2 2 2 2 2
left_child=1 4 -3 5 -1 -2 -5
right_child=3 2 -4 6 -6 -7 -8
leaf_value= 0.02692168719050559 -0.021355151200488164 0.00044964464458304294 -0.012097000177472167 0.0064958081920777899 0.085471701657248517 0.0012938878393935083 -0.0053729381657312263
leaf_weight=22 261 14475 354 508 37 133 722
leaf_count=22 261 14475 354 508 37 133 722
model_size=816
internal_value=0 0.000401733 0.000150129 -0.00368288 0.0636395 -0.0137097 -0.000471049
internal_weight=0 14888 14829 1624 59 394 1230
internal_count=16512 14888 14829 1624 59 394 1230
is_linear=0
shrinkage=0.1


Tree=120
num_leaves= 8
num_cat= 0
full_tree_array_lgbids= 0 1 4 3 2 6 5 -1 -5 -3 -4 -2 -8 -6 -7
split_feature= 3 1 2 7 6 6 4
split_gain= 0.149876 4.49748 5.30705 2.18278 2.10714 2.3479 1.87529
threshold= 3.8565941883990313 3.0943500000000004 27.500000000000004 33.965000000000011 1.4183788552305943 1.7937987955083712 1.0818544704437378
decision_type= 2 2 2 2 2 2 2
left_child=1 3 -3 -1 6 -6 -2
right_child=4 2 -4 -5 5 -7 -8
leaf_value= -0.0095161368909915823 -0.080026335613085656 -0.030266177112738907 0.0014955050026810215 0.0026242703025858641 0.012119310662846071 0.00023071990662335516 -0.0042947919340804224
leaf_weight=412 13.000000000000002 178 129 1103 332 14329 15.999999999999998
leaf_count=412 13 178 129 1103 332 14329 16
model_size=816
internal_value=0 -0.00341413 -0.0169201 -0.000677279 0.000423454 0.000499938 -0.0382434
internal_weight=0 1822 307 1515 14690 14661 29
internal_count=16512 1822 307 1515 14690 14661 29
is_linear=0
shrinkage=0.1


Tree=121
num_leaves= 5
num_cat= 0
full_tree_array_lgbids= 0 1 -2 2 3 -2147483648 -2147483648 -1 -4 -3 -5 -2147483648 -2147483648 -2147483648 -2147483648
split_feature= 7 8 7 4
split_gain= 0.14382 0.5589 5.92678 1.46003
threshold= 39.82500000000001 -122.43499999999999 38.235000000000007 1.1864242224781967
decision_type= 2 2 2 2
left_child=1 2 -1 -3
right_child=-2 3 -4 -5
leaf_value= 0.014797314121160129 -0.0081179457839955921 -0.00060405986255099926 -0.0048957559693087573 0.0049978809736901109
leaf_weight=460 355 14018 389 1290
leaf_count=460 355 14018 389 1290
model_size=480
internal_value=0 0.000178367 0.00577422 -0.000131986
internal_weight=0 16157 849 15308
internal_count=16512 16157 849 15308
is_linear=0
shrinkage=0.1


Tree=122
num_leaves= 8
num_cat= 0
full_tree_array_lgbids= 0 4 1 6 5 2 3 -1 -8 -6 -7 -2 -4 -3 -5
split_feature= 1 3 2 2 3 6 8
split_gain= 0.127507 4.70955 4.99924 1.76359 1.19659 1.95366 0.754886
threshold= 4.2466000000000017 5.564198376726047 12.500000000000002 38.500000000000007 19.048314718787399 2.1354333231112963 -122.61499999999999
decision_type= 2 2 2 2 2 2 2
left_child=4 2 -2 -3 6 -6 -1
right_child=1 3 -4 -5 5 -7 -8
leaf_value= -0.0073842054205861185 -0.03011083904526789 -0.00087655453439656496 -0.005473277007242202 0.0081672043990820928 -0.023221539209286372 0.045404668663229258 0.0010767530707098724
leaf_weight=438 132 3586 1259 569 11.999999999999998 35 10481
leaf_count=438 132 3586 1259 569 12 35 10481
model_size=816
internal_value=0 -0.001688 -0.00781128 0.000361929 0.0008537 0.0278831 0.000737354
internal_weight=0 5546 1391 4155 10966 47 10919
internal_count=16512 5546 1391 4155 10966 47 10919
is_linear=0
shrinkage=0.1


Tree=123
num_leaves= 8
num_cat= 0
full_tree_array_lgbids= 0 1 3 2 6 5 4 -1 -4 -3 -8 -2 -7 -5 -6
split_feature= 7 8 8 8 1 7 7
split_gain= 0.0452476 17.8135 11.7943 10.1564 15.0132 10.9827 3.33604
threshold= 35.335000000000008 -119.55499999999999 -120.34499999999998 -120.75499999999998 5.4090500000000015 37.555000000000007 34.245000000000012
decision_type= 2 2 2 2 2 2 2
left_child=1 2 -1 5 -5 -2 -3
right_child=3 6 -4 4 -6 -7 -8
leaf_value= 0.0066560543395785821 0.0087977808482468372 0.00087474145001172499 0.048337218246492397 -0.0078813190540683985 -0.069612242875898137 -0.0020679343010457643 -0.0087220378772367487
leaf_weight=180 1489 8155 147 1284 47 4553 657
leaf_count=180 1489 8155 147 1284 47 4553 657
model_size=816
internal_value=0 0.00106213 0.0253935 -0.00131653 -0.0100611 0.00060983 0.00015923
internal_weight=0 9139 327 7373 1331 6042 8812
internal_count=16512 9139 327 7373 1331 6042 8812
is_linear=0
shrinkage=0.1


Tree=124
num_leaves= 5
num_cat= 0
full_tree_array_lgbids= 0 1 -2 2 3 -2147483648 -2147483648 -1 -4 -3 -5 -2147483648 -2147483648 -2147483648 -2147483648
split_feature= 8 7 8 7
split_gain= 0.0387859 0.411358 12.5611 7.6318
threshold= -116.40499999999999 33.855000000000011 -118.30499999999999 33.995000000000012
decision_type= 2 2 2 2
left_child=1 2 -1 -3
right_child=-2 3 -4 -5
leaf_value= 0.036819904233230567 -0.011024469272245931 -0.0076251411397284963 0.0013719425881889571 0.0005575599293633531
leaf_weight=123 188 1696 2933 11572
leaf_count=123 188 1696 2933 11572
model_size=480
internal_value=0 0.000126966 0.00279868 -0.000488405
internal_weight=0 16324 3056 13268
internal_count=16512 16324 3056 13268
is_linear=0
shrinkage=0.1


Tree=125
num_leaves= 8
num_cat= 0
full_tree_array_lgbids= 0 4 1 5 6 3 2 -1 -7 -6 -8 -2 -5 -3 -4
split_feature= 1 5 6 6 5 6 3
split_gain= 0.130776 4.62378 4.14466 1.43399 1.09494 9.61461 0.865244
threshold= 5.0602500000000008 70.000000000000014 2.0653737590585881 2.8079590171801518 170.50000000000003 2.7249600929852478 4.039437871465867
decision_type= 2 2 2 2 2 2 2
left_child=4 3 -3 -2 5 -1 -6
right_child=1 2 -4 -5 6 -7 -8
leaf_value= -0.0052191358040608237 -0.091168850660324083 0.016953747456808908 -0.0029227609586330327 -0.016967654720480955 -0.002923829862336985 0.038527858813348061 0.0011367948639215393
leaf_weight=159 13.000000000000002 171 3290 13.999999999999998 2332 102 10431
leaf_count=159 13 171 3290 14 2332 102 10431
model_size=816
internal_value=0 -0.00233358 -0.00194071 -0.0526942 0.000624964 0.0118774 0.000394855
internal_weight=0 3488 3461 27 13024 261 12763
internal_count=16512 3488 3461 27 13024 261 12763
is_linear=0
shrinkage=0.1


Tree=126
num_leaves= 8
num_cat= 0
full_tree_array_lgbids= 0 2 1 3 5 6 4 -1 -5 -4 -7 -2 -8 -3 -6
split_feature= 1 3 2 5 5 7 6
split_gain= 0.0612675 6.48882 4.62895 5.51032 3.69487 1.35522 0.6102
threshold= 3.0830000000000006 3.4130089899524068 35.500000000000007 41.500000000000007 459.50000000000006 34.045000000000009 1.5681615996735363
decision_type= 2 2 2 2 2 2 2
left_child=2 6 3 -1 -3 -4 -2
right_child=1 4 5 -5 -6 -7 -8
leaf_value= 0.06969763988422023 0.013511706764499346 -0.0094931553364415444 -0.0085696954812587382 0.0037240057629148414 7.7143458283876054e-06 -7.1714416401257901e-05 -0.039324256782601409
leaf_weight=18 11.999999999999998 713 753 3993 9416 1530 77
leaf_count=18 12 713 753 3993 9416 1530 77
model_size=816
internal_value=0 -0.000935781 0.00151919 0.00402007 -0.00066107 -0.0028746 -0.0322003
internal_weight=0 10218 6294 4011 10129 2283 89
internal_count=16512 10218 6294 4011 10129 2283 89
is_linear=0
shrinkage=0.1


end of trees

feature_importances:
Column_7=225
Column_8=200
Column_1=131
Column_6=100
Column_2=62
Column_3=49
Column_5=36
Column_4=33

parameters:
[boosting: gbdt]
[objective: regression]
[metric: rmse]
[tree_learner: serial]
[device_type: cpu]
[data_sample_strategy: bagging]
[data: data/california_housing.libsvm.train]
[valid: data/california_housing.libsvm.test]
[num_iterations: 10000]
[learning_rate: 0.1]
[num_leaves: 255]
[num_threads: 0]
[seed: 42]
[deterministic: 0]
[force_col_wise: 0]
[force_row_wise: 0]
[histogram_pool_size: -1]
[max_depth: 3]
[min_data_in_leaf: 10]
[min_sum_hessian_in_leaf: 0.001]
[bagging_fraction: 1]
[pos_bagging_fraction: 1]
[neg_bagging_fraction: 1]
[bagging_freq: 0]
[bagging_seed: 400]
[feature_fraction: 1]
[feature_fraction_bynode: 1]
[feature_fraction_seed: 30056]
[extra_trees: 0]
[extra_seed: 12879]
[early_stopping_round: 0]
[early_stopping_min_delta: 0]
[first_metric_only: 0]
[max_delta_step: 0]
[lambda_l1: 0]
[lambda_l2: 0]
[linear_lambda: 0]
[min_gain_to_split: 0]
[drop_rate: 0.1]
[max_drop: 50]
[skip_drop: 0.5]
[xgboost_dart_mode: 0]
[uniform_drop: 0]
[drop_seed: 17869]
[top_rate: 0.2]
[other_rate: 0.1]
[min_data_per_group: 100]
[max_cat_threshold: 32]
[cat_l2: 10]
[cat_smooth: 10]
[max_cat_to_onehot: 4]
[top_k: 20]
[monotone_constraints: ]
[monotone_constraints_method: basic]
[monotone_penalty: 0]
[feature_contri: ]
[forcedsplits_filename: ]
[refit_decay_rate: 0.9]
[tinygbdt_penalty_feature: 0.125]
[tinygbdt_penalty_split: 0.000976562]
[tinygbdt_forestsize: 64000]
[tinygbdt_precision: 7]
[cegb_tradeoff: 1]
[cegb_penalty_split: 0]
[cegb_penalty_feature_lazy: ]
[cegb_penalty_feature_coupled: ]
[path_smooth: 0]
[interaction_constraints: ]
[verbosity: 2]
[saved_feature_importance_type: 0]
[use_quantized_grad: 0]
[num_grad_quant_bins: 4]
[quant_train_renew_leaf: 0]
[stochastic_rounding: 1]
[linear_tree: 0]
[max_bin: 255]
[max_bin_by_feature: ]
[min_data_in_bin: 3]
[bin_construct_sample_cnt: 200000]
[data_random_seed: 175]
[is_enable_sparse: 1]
[enable_bundle: 1]
[use_missing: 1]
[zero_as_missing: 0]
[feature_pre_filter: 1]
[pre_partition: 0]
[two_round: 0]
[header: 0]
[label_column: ]
[weight_column: ]
[group_column: ]
[ignore_column: ]
[categorical_feature: ]
[forcedbins_filename: ]
[precise_float_parser: 0]
[parser_config_file: ]
[objective_seed: 16083]
[num_class: 1]
[is_unbalance: 0]
[scale_pos_weight: 1]
[sigmoid: 1]
[boost_from_average: 1]
[reg_sqrt: 0]
[alpha: 0.9]
[fair_c: 1]
[poisson_max_delta_step: 0.7]
[tweedie_variance_power: 1.5]
[lambdarank_truncation_level: 30]
[lambdarank_norm: 1]
[label_gain: ]
[lambdarank_position_bias_regularization: 0]
[eval_at: ]
[multi_error_top_k: 1]
[auc_mu_weights: ]
[num_machines: 1]
[local_listen_port: 12400]
[time_out: 120]
[machine_list_filename: ]
[machines: ]
[gpu_platform_id: -1]
[gpu_device_id: -1]
[gpu_use_dp: 0]
[num_gpu: 1]

end of parameters
