tree
version=v4
num_class=1
num_tree_per_iteration=1
label_index=0
max_feature_idx=8
objective=regression
feature_names=Column_0 Column_1 Column_2 Column_3 Column_4 Column_5 Column_6 Column_7 Column_8
feature_infos=none [0.49990000000000001:15.0001] [1:52] [0.88888888888888884:141.90909090909091] [0.33333333333333331:25.63636363636364] [3:35682] [0.69230769230769229:1243.333333333333] [32.549999999999997:41.950000000000003] [-124.34999999999999:-114.31]
tree_sizes=3002 3076 3154 3077 3103 3153 3157 3100 3121 2991 3131 2946 2832 3010 2784 2799 2978 2704 2826 2476 2284 2520 2481 2288 2282 2276 2133 2127 1853 1803 1788 1660 1585 2361 1626 2148 1717 1583 1794 1859 377 993 1661

Tree=0
num_leaves= 32
num_cat= 0
full_tree_array_lgbids= 0 1 2 5 3 4 10 9 11 6 7 15 12 19 22 14 13 24 20 25 8 18 16 27 17 26 21 30 29 23 28 -1 -16 -11 -15 -7 -26 -13 -22 -3 -27 -8 -10 -5 -20 -9 -18 -2 -29 -17 -19 -6 -28 -14 -23 -4 -32 -21 -31 -12 -25 -24 -30
split_feature= 1 1 1 6 6 3 2 1 7 1 1 1 1 6 3 2 6 6 2 2 6 2 1 2 7 1 6 1 5 7 4
split_gain= 6988.59 1686.07 1293.05 977.245 432.382 319.307 234.964 213.887 188.293 182.099 157.177 138.017 121.967 113.846 112.373 108.778 106.564 96.5049 86.4566 74.411 68.0869 44.8198 34.5939 38.2283 34.5189 32.0932 31.7656 29.4232 26.9427 17.3044 10.4654
threshold= 5.0387000000000013 3.0679500000000002 6.8672000000000013 2.3489548886254448 2.671038674349933 4.3101408005062494 24.500000000000004 4.0775500000000013 37.815000000000005 2.2210000000000005 7.852450000000001 2.4115000000000006 5.7307500000000013 2.4907552973342448 3.449226804123712 19.500000000000004 2.9005380231986346 2.0653737590585881 43.500000000000007 26.500000000000004 2.2906328481453726 27.500000000000004 8.7395500000000013 28.500000000000004 35.335000000000008 3.5330000000000008 2.9742256672023202 5.6402500000000009 139.50000000000003 37.645000000000003 1.0103851166134901
decision_type= 2 2 2 2 2 2 2 2 2 2 2 2 2 2 2 2 2 2 2 2 2 2 2 2 2 2 2 2 2 2 2
left_child=1 5 4 6 15 9 25 18 -8 14 19 24 26 -11 -1 27 -9 -17 -5 30 -13 -14 23 -12 -7 -3 -6 -2 -24 -21 -4
right_child=2 3 10 7 12 11 8 16 -10 13 22 20 21 -15 -16 17 -18 -19 -20 29 -22 -23 28 -25 -26 -27 -28 -29 -30 -31 -32
leaf_value= 2.0405687631288161 2.122367892078735 2.0619325518895399 2.1860943173854421 2.0293758741925956 2.1246833370498446 1.9807571227445304 2.1984147209355398 2.1002101309481218 2.0795283240852767 2.0970408790997888 2.2611911907323741 2.043693994763716 2.1410397950488846 2.0327038778370752 1.9814897297846104 2.3293276008777508 2.055796547371648 2.2183144165789459 2.080533949453383 2.3136092887030801 1.9920349409095919 2.1974100577568745 2.2256631944098948 2.3423931801380187 1.9518240180001829 2.1119780300641722 2.0841198818403921 2.1915848606410337 2.348659992346585 2.2369779892674675 2.2272434057145407
leaf_weight=503 128 198 107 2717 312 636 733 1016 163 430 147 309 586 767 899 91 1158 572 377 129 1491 187 19 97 1194 369 516 120 346 39 156
leaf_count=503 128 198 107 2717 312 636 733 1016 163 430 147 309 586 767 899 91 1158 572 377 129 1491 187 19 97 1194 369 516 120 346 39 156
model_size=3504
internal_value=2.07195 2.03789 2.19622 2.07259 2.15739 2.00039 2.1449 2.05251 2.17679 2.02716 2.28999 1.98123 2.12609 2.05582 2.00269 2.2124 2.07655 2.23355 2.03561 2.24376 2.0009 2.15468 2.32271 2.29347 1.96188 2.0945 2.0994 2.15586 2.34226 2.29582 2.2105
internal_weight=0 12960 3552 6731 2512 6229 1463 5268 896 2599 1040 3630 1601 1197 1402 911 2174 663 3094 431 1800 773 609 244 1830 567 828 248 365 168 263
internal_count=16512 12960 3552 6731 2512 6229 1463 5268 896 2599 1040 3630 1601 1197 1402 911 2174 663 3094 431 1800 773 609 244 1830 567 828 248 365 168 263
is_linear=0
shrinkage=1


Tree=1
num_leaves= 31
num_cat= 0
full_tree_array_lgbids= 0 1 2 5 3 4 12 13 6 7 9 18 16 19 23 14 29 8 10 27 11 17 15 24 20 22 21 26 25 -14 28 -1 -16 -15 -31 -7 -10 -8 -12 -3 -29 -9 -13 -5 -19 -11 -17 -2 -26 -20 -22 -6 -24 -18 -23 -4 -28 -21 -27 -2147483648 -2147483648 -25 -30
split_feature= 1 1 1 6 6 6 7 2 8 1 8 6 1 7 8 6 1 2 2 2 6 2 6 5 1 7 1 7 6 7
split_gain= 5661.35 1464.37 948.436 834.601 324.665 312.718 226.712 222.004 180.532 175.088 142.299 140.158 127.055 118.631 135.095 109.61 84.6976 82.1176 81.4736 81.202 63.1967 40.5198 28.6773 20.3839 19.7906 15.4908 15.1259 13.9289 11.4424 7.7892
threshold= 5.1326000000000009 3.1792500000000001 6.8672000000000013 2.2982753493904258 2.6585924622132828 2.1628386478062818 34.455000000000005 19.500000000000004 -117.77499999999999 4.1119000000000012 -121.63499999999998 1.9628175980828908 8.4454500000000028 37.935000000000009 -118.24499999999999 2.8335312747426764 5.8308000000000009 47.500000000000007 21.500000000000004 26.500000000000004 2.2038024706228287 27.500000000000004 3.1262267671728927 70.000000000000014 5.6402500000000009 37.645000000000003 7.3930000000000016 37.955000000000005 3.1747392355722384 38.815000000000005
decision_type= 2 2 2 2 2 2 2 2 2 2 2 2 2 2 2 2 2 2 2 2 2 2 2 2 2 2 2 2 2 2
left_child=1 5 4 7 18 13 8 27 -7 17 -8 -9 19 14 -1 -11 22 -5 24 26 -20 -18 -6 -14 -2 -21 -4 -3 -25 -15
right_child=2 3 12 9 16 6 10 11 -10 15 -12 -13 23 29 -16 -17 21 -19 20 25 -22 -23 -24 28 -26 -27 -28 -29 -30 -31
leaf_value= 0.044230430953254636 0.051710352190187048 0.021716185106585423 0.11257013540252361 -0.033517635639986235 0.048827385960445342 -0.032418481581660212 -0.062115720910071164 0.16254536505971776 -0.086464694131891839 0.033086021130256597 -0.10739158312721281 0.077517444901220187 0.10762568108427029 -0.060880741065378358 -0.039420649286328324 -0.010822406174656622 0.064840007462105109 0.030431795661703398 0.22015546661538954 0.22502748265708844 0.13662539405426799 0.12128281233978436 0.010032595539933747 0.25069624308012767 0.11076683308929205 0.16209582549591478 0.15471344836835946 -0.036636348605155945 0.20779113991926593 -0.10328082793857903
leaf_weight=447 107 300 153 2681 418 1871 1128 305 928 1009 1827 539 11.999999999999998 181 343 1321 524 219 117 194 423 172 367 331 131 52 215 50 83 64
leaf_count=447 107 300 153 2681 418 1871 1128 305 928 1009 1827 539 12 181 343 1321 524 219 117 194 423 172 367 331 131 52 215 50 83 64
model_size=3392
internal_value=0 -0.02926 0.117191 0.00497081 0.0807981 -0.0616504 -0.0707621 0.0804366 -0.0503373 -0.0122579 -0.0901086 0.108244 0.19624 -0.0109948 0.00791104 0.00819202 0.0532941 -0.0286884 0.133154 0.167054 0.154724 0.0787885 0.0306902 0.238307 0.0842162 0.211725 0.137192 0.0133801 0.242094 -0.0719567
internal_weight=0 13213 3299 6424 2259 6789 5754 1194 2799 5230 2955 844 1040 1035 790 2330 1481 2900 778 614 540 696 785 426 238 246 368 350 414 245
internal_count=16512 13213 3299 6424 2259 6789 5754 1194 2799 5230 2955 844 1040 1035 790 2330 1481 2900 778 614 540 696 785 426 238 246 368 350 414 245
is_linear=0
shrinkage=0.1


Tree=2
num_leaves= 32
num_cat= 0
full_tree_array_lgbids= 0 1 2 6 3 4 8 13 10 5 9 17 16 11 22 19 28 21 15 7 29 14 12 25 18 20 27 26 30 23 24 -1 -21 -15 -30 -8 -23 -12 -17 -3 -9 -7 -31 -5 -16 -11 -14 -2 -27 -19 -20 -6 -22 -18 -29 -4 -28 -13 -32 -10 -25 -24 -26
split_feature= 1 1 1 6 6 7 3 8 1 1 1 2 2 6 3 6 6 2 6 8 2 6 2 1 5 5 6 1 8 8 6
split_gain= 4597.94 1127.74 864.845 695.787 244.482 232.866 210.64 190.143 187.939 154.285 110.125 101.978 86.5296 80.8745 76.4081 68.9028 56.5855 52.7662 57.7131 46.1208 31.5711 26.3978 23.7976 19.5199 17.7457 17.3858 17.1826 15.7217 15.2782 12.5948 11.9729
threshold= 5.0387000000000013 2.8762500000000002 6.3963500000000009 2.4136952392348086 2.5827178004959954 37.995000000000012 3.8792159595040387 -122.35499999999998 7.852450000000001 3.8346500000000003 2.2948000000000004 26.500000000000004 42.500000000000007 3.0973600929976173 5.1947827066293142 2.2906328481453726 3.0375944537846187 21.500000000000004 2.0653737590585881 -117.145 20.500000000000004 2.1718174014038287 20.500000000000004 9.1688500000000008 139.50000000000003 358.50000000000006 2.6585924622132828 5.6851000000000012 -117.79499999999999 -122.27499999999999 2.2820667453403218
decision_type= 2 2 2 2 2 2 2 2 2 2 2 2 2 2 2 2 2 2 2 2 2 2 2 2 2 2 2 2 2 2 2
left_child=1 6 4 5 17 7 13 -3 11 14 21 26 -11 19 -5 -12 20 25 -19 -1 -6 -8 23 -10 -24 -2 -4 -18 -15 -7 -13
right_child=2 3 8 9 16 29 10 -9 22 12 15 30 -14 28 -16 -17 27 18 -20 -21 -22 -23 24 -25 -26 -27 -28 -29 -30 -31 -32
leaf_value= 0.0049431311228497277 -0.032807712559588253 0.15525302710059363 0.14084475033302257 -0.021756683590240855 0.028230403204931018 -0.0085063570053042735 -0.060645489713293081 0.050020475173194502 0.14853231923033794 -0.0097105011414146177 -0.017268745650373115 0.22271335677554213 0.048191479024689475 -0.047618668565411859 -0.05477748556130882 -0.06618015511440789 0.0064548819710920071 0.21353098875597906 0.11639004326505781 -0.07594990942899775 0.072191242709795947 -0.094691603641533117 0.10804279883702597 0.2121658910191461 0.22251148384886901 0.079527981925297891 0.091775990409602978 0.037027274828742698 -0.098404657180820199 -0.05778816729577671 0.16594247938094972
leaf_weight=605 15.999999999999998 195 94 1556 249 85 273 1509 120 2424 363 48 293 699 1309 1511 434 76 348 82 529 1819 14.999999999999998 89 385 179 397 309 70 167 264
leaf_count=605 16 195 94 1556 249 85 273 1509 120 2424 363 48 293 699 1309 1511 434 76 348 82 529 1819 15 89 385 179 397 309 70 167 264
model_size=3504
internal_value=0 -0.027629 0.100809 -0.00259932 0.0607028 0.0487636 -0.0624268 0.0620629 0.161592 -0.0205975 -0.0743991 0.12973 -0.00346638 -0.0298153 -0.0368437 -0.0567059 0.0390936 0.113801 0.133802 -0.00471222 0.0581215 -0.0902487 0.203603 0.17563 0.218219 0.0703107 0.10117 0.0191694 -0.0522416 -0.0411653 0.174676
internal_weight=0 12960 3552 7538 2140 1956 5422 1704 1412 5582 3966 803 2717 1456 2865 1874 1521 619 424 687 778 2092 609 209 400 195 491 743 769 252 312
internal_count=16512 12960 3552 7538 2140 1956 5422 1704 1412 5582 3966 803 2717 1456 2865 1874 1521 619 424 687 778 2092 609 209 400 195 491 743 769 252 312
is_linear=0
shrinkage=0.1


Tree=3
num_leaves= 31
num_cat= 0
full_tree_array_lgbids= 0 1 3 4 2 5 18 12 7 6 9 15 16 20 24 13 28 10 11 23 8 14 17 26 19 21 22 25 27 -20 29 -1 -15 -14 -30 -6 -12 -9 -13 -3 -25 -8 -10 -4 -16 -11 -19 -2 -28 -17 -21 -7 -23 -18 -24 -5 -27 -22 -29 -2147483648 -2147483648 -26 -31
split_feature= 1 1 6 1 6 6 2 7 6 1 8 8 7 8 8 2 1 2 1 6 2 7 2 8 5 8 4 7 7 6
split_gain= 3750.49 1110.1 608.128 492.229 210.432 181.568 181.227 172.42 166.532 147.69 142.979 109.594 86.3188 100.314 83.7278 64.9236 62.5621 53.4915 44.4118 37.3378 35.8017 17.5603 15.7482 14.944 14.6269 12.8074 12.0029 6.72015 5.29868 4.37736
threshold= 5.3736000000000006 3.1913000000000005 2.4136952392348086 7.3930000000000016 2.1628386478062818 2.7472725830126556 19.500000000000004 34.455000000000005 1.9628175980828908 4.5301500000000017 -118.29499999999999 -121.63499999999998 37.935000000000009 -118.25499999999998 -122.38499999999998 21.500000000000004 6.2770500000000009 18.500000000000004 8.7395500000000013 2.2038024706228287 28.500000000000004 37.955000000000005 26.500000000000004 -117.26499999999999 70.000000000000014 -117.71499999999999 1.0671403331650682 37.805000000000007 38.515000000000008 3.3334890965732087
decision_type= 2 2 2 2 2 2 2 2 2 2 2 2 2 2 2 2 2 2 2 2 2 2 2 2 2 2 2 2 2 2
left_child=1 4 6 5 12 15 23 10 -8 14 -6 -9 13 -1 -4 26 21 -11 20 -17 25 -7 -18 -3 -20 -5 -2 -22 -14 -26
right_child=3 2 9 18 7 16 8 11 -10 17 -12 -13 28 -15 -16 19 22 -19 24 -21 27 -23 -24 -25 29 -27 -28 -29 -30 -31
leaf_value= 0.039451119854282381 0.050074562027042073 0.014673601934889589 0.030514567816019827 0.13942493334412576 0.005603701120295318 0.041814640331748476 0.14168041119293776 -0.049775768694974729 0.057326321117961099 -0.011524787454914474 -0.050956955529434571 -0.089487059237286545 -0.040077449281091748 -0.032641468240347297 -0.026036457895962137 0.19169570167078495 0.074722188845143797 0.028210208805655102 0.084323451295495039 0.12229882029350847 0.19785748734412825 -0.0098791204986628158 0.1249871934029986 -0.035042475343216216 0.20684665706422597 0.083465739440614903 0.097836052051910732 0.13821679582553251 -0.074009032937504313 0.16504856269610557
leaf_weight=445 133 394 290 205 564 668 320 1141 901 515 2266 1841 98 350 3289 97 350 1076 11.999999999999998 480 136 80 85 80 315 59 107 28 149 38
leaf_count=445 133 394 290 205 564 668 320 1141 901 515 2266 1841 98 350 3289 97 350 1076 12 480 136 80 85 80 315 59 107 28 149 38
model_size=3392
internal_value=0 -0.0215082 0.00693386 0.105646 -0.0499958 0.0791724 0.0589774 -0.0574411 0.0794339 -0.0101288 -0.0396848 -0.0742924 -0.00846804 0.00771224 -0.0214542 0.115577 0.0540309 0.0153482 0.172416 0.133965 0.150199 0.0362859 0.0845441 0.0062827 0.198467 0.126919 0.0713682 0.187675 -0.0605463 0.202347
internal_weight=0 13719 6865 2793 6854 2000 1695 5812 1221 5170 2830 2982 1042 795 3579 817 1183 1591 793 577 428 748 435 474 365 264 240 164 247 353
internal_count=16512 13719 6865 2793 6854 2000 1695 5812 1221 5170 2830 2982 1042 795 3579 817 1183 1591 793 577 428 748 435 474 365 264 240 164 247 353
is_linear=0
shrinkage=0.1


Tree=4
num_leaves= 31
num_cat= 0
full_tree_array_lgbids= 0 1 3 4 2 7 19 11 5 8 13 17 16 22 24 12 27 6 10 23 9 14 15 26 18 20 21 28 29 25 -26 -1 -14 -13 -29 -6 -8 -7 -12 -3 -25 -10 -11 -4 -16 -15 -17 -2 -28 -19 -20 -9 -22 -18 -23 -5 -30 -24 -31 -21 -27 -2147483648 -2147483648
split_feature= 1 1 6 1 6 7 8 6 2 6 8 7 8 6 7 8 1 2 4 2 2 2 1 8 7 5 5 7 4 3
split_gain= 3058.36 1018.2 452.049 312.043 265.823 147.144 163.361 135.419 132.412 131.281 130.079 119.167 113.939 102.729 108.553 45.9053 43.5048 32.2996 25.3642 24.982 23.7168 19.1885 15.9119 11.3918 11.2186 10.737 8.65245 8.36168 4.78921 1.26057
threshold= 5.6042500000000013 3.5488500000000003 2.4136952392348086 7.7055000000000016 2.2352443515477258 34.455000000000005 -117.77499999999999 2.6529733204757315 19.500000000000004 1.9628175980828908 -121.63499999999998 37.915000000000006 -122.31499999999998 2.9742256672023202 37.915000000000006 -121.48499999999999 6.3350000000000009 21.500000000000004 1.0435797675926601 18.500000000000004 36.500000000000007 25.500000000000004 8.7395500000000013 -117.98499999999999 37.975000000000001 139.50000000000003 565.50000000000011 39.505000000000003 1.0003353454057682 6.7403703703703712
decision_type= 2 2 2 2 2 2 2 2 2 2 2 2 2 2 2 2 2 2 2 2 2 2 2 2 2 2 2 2 2 2
left_child=1 4 8 7 11 6 -6 17 23 -10 -7 12 -1 14 -4 -15 20 26 -19 22 -9 -18 28 -3 25 -21 -2 -13 -5 -24
right_child=3 2 13 19 5 10 -8 16 9 -11 -12 27 -14 15 -16 -17 21 18 -20 24 -22 -23 29 -25 -26 -27 -28 -29 -30 -31
leaf_value= 0.12221329533233401 0.028301499305026873 0.030065627903550985 0.024989935387350698 0.071385632569973295 -0.01853103332494694 -0.039557564729227793 -0.066178408721960041 0.038478877448761661 0.1500604770951352 0.063741580624560895 -0.079747494244217509 -0.046868625673093543 0.0036107076454320389 0.010885972737028085 -0.028745861697969922 -0.024781538724009646 0.070774336081202927 0.11809887295596214 0.17224842198446497 0.084594182962817815 0.1151922637358942 0.11436277262430308 0.10993223860859871 -0.0078481021603303298 0.062439170777797703 0.18124780129463092 0.095506151175086818 -0.093185839004683912 0.12314968413540295 0.1694644680754705
leaf_weight=89 28 230 1823 39 2253 1361 1075 589 236 736 2043 293 1099 483 484 1690 373 253 147 13.999999999999998 47 158 9.9999999999999982 154 9.9999999999999982 439 141 57 70 88
leaf_count=89 28 230 1823 39 2253 1361 1075 589 236 736 2043 293 1099 483 484 1690 373 253 147 14 47 158 10 154 10 439 141 57 70 88
model_size=3392
internal_value=0 -0.0177795 0.0142316 0.104238 -0.0403692 -0.0489682 -0.0339219 0.0817999 0.0649222 0.0846997 -0.0636786 -0.00273014 0.0124959 -0.00111143 0.0137164 -0.0168536 0.0621647 0.122071 0.137999 0.162378 0.0441479 0.0837442 0.132448 0.0148606 0.175759 0.178261 0.0843717 -0.0544117 0.104629 0.16339
internal_weight=0 14106 5836 2406 8270 6732 3328 1736 1356 972 3404 1538 1188 4480 2307 2173 1167 569 400 670 636 531 207 384 463 453 169 350 109 98
internal_count=16512 14106 5836 2406 8270 6732 3328 1736 1356 972 3404 1538 1188 4480 2307 2173 1167 569 400 670 636 531 207 384 463 453 169 350 109 98
is_linear=0
shrinkage=0.1


Tree=5
num_leaves= 32
num_cat= 0
full_tree_array_lgbids= 0 2 1 5 3 4 10 18 15 6 7 11 13 12 23 19 29 30 17 21 9 8 20 22 14 24 16 27 26 25 28 -1 -21 -20 -31 -7 -32 -17 -19 -4 -23 -8 -11 -5 -10 -9 -22 -2 -24 -13 -16 -6 -26 -15 -18 -3 -29 -14 -28 -12 -27 -25 -30
split_feature= 1 1 1 6 6 3 2 7 8 7 1 2 2 2 6 1 8 3 8 7 7 1 1 8 1 7 7 6 1 7 6
split_gain= 2530.96 656.73 499.374 384.331 216.784 137.445 129.424 124.406 208.585 114.276 103.362 59.8302 59.4252 55.8698 49.851 48.4995 47.3769 37.0825 29.1645 33.0992 19.6285 17.3644 17.1547 16.2035 12.8596 12.4225 11.64 10.5709 9.38863 7.40556 6.32047
threshold= 4.5301500000000017 6.3350000000000009 2.5894500000000007 2.2634687595142249 2.5219735498882589 3.6482937607122259 24.500000000000004 37.935000000000009 -122.24499999999999 37.815000000000005 7.852450000000001 21.500000000000004 26.500000000000004 16.500000000000004 2.0653737590585881 1.9486000000000003 -117.65499999999999 4.4053436317780594 -118.27499999999999 37.935000000000009 39.355000000000011 3.3627000000000002 5.6402500000000009 -118.00499999999998 5.4090500000000015 38.275000000000013 37.615000000000002 3.102783329035586 10.027200000000002 34.115000000000002 2.0231950334409352
decision_type= 2 2 2 2 2 2 2 2 2 2 2 2 2 2 2 2 2 2 2 2 2 2 2 2 2 2 2 2 2 2 2
left_child=2 4 5 6 11 18 21 8 -5 -8 12 22 27 24 -13 30 -15 -17 19 -1 -9 -4 -2 25 -6 -12 -14 -3 -25 -20 -7
right_child=1 10 3 7 13 15 9 20 -10 -11 23 14 26 16 -16 17 -18 -19 29 -21 -22 -23 -24 28 -26 -27 -28 -29 -30 -31 -32
leaf_value= 0.012117743446681969 0.026387971632642556 0.086716340036793182 -0.02280445498773126 0.068901415246001643 -0.01534550204371116 -0.049344614402462655 0.078091628408663308 -0.044191697640284446 -0.018588063996571074 -0.014747681463675867 0.16130969908919029 0.15929502011873786 0.13896144098723559 0.036356463537148095 0.084308055511275515 -0.032343891037603385 -0.023574800258394431 -0.061684693709160313 -0.041331448148151761 -0.070271137153419358 -0.082670796677642489 0.015684306962861903 0.089867827136601727 0.09778046139813576 0.014511714554519382 0.038622040003538138 0.089891499487488105 0.055276955451519616 0.15771283166749139 0.013646502265972752 -0.07926172752628019
leaf_weight=397 204 304 244 293 404 104 728 1008 4591 166 453 117 261 1626 445 689 151 1357 380 60 173 289 63 97 292 9.9999999999999982 74 226 49 35 1222
leaf_count=397 204 304 244 293 404 104 728 1008 4591 166 453 117 261 1626 445 689 151 1357 380 60 173 289 63 97 292 10 74 226 49 35 1222
model_size=3504
internal_value=0 0.0613988 -0.0249864 -0.00942684 0.0365818 -0.052454 0.0374009 -0.0204447 -0.0133394 0.060853 0.116993 0.0810608 0.0945379 0.0216715 0.0999192 -0.0616787 0.0312638 -0.051804 -0.0167819 0.00130082 -0.0498283 -0.00193531 0.0413664 0.148887 -0.0028192 0.15866 0.128122 0.0733101 0.117895 -0.0366948 -0.0769153
internal_weight=0 4776 11736 7492 3302 4244 1427 6065 4884 894 1474 829 865 2473 562 3372 1777 2046 872 457 1181 533 267 609 696 463 335 530 146 415 1326
internal_count=16512 4776 11736 7492 3302 4244 1427 6065 4884 894 1474 829 865 2473 562 3372 1777 2046 872 457 1181 533 267 609 696 463 335 530 146 415 1326
is_linear=0
shrinkage=0.1


Tree=6
num_leaves= 32
num_cat= 0
full_tree_array_lgbids= 0 2 1 7 3 4 9 10 17 8 5 15 14 13 22 16 25 26 21 23 11 6 12 20 18 19 24 29 28 27 30 -1 -18 -12 -27 -9 -28 -19 -23 -4 -25 -10 -13 -5 -8 -7 -14 -2 -22 -17 -20 -6 -21 -16 -26 -3 -31 -15 -30 -11 -29 -24 -32
split_feature= 1 1 1 6 6 6 7 3 2 1 6 7 8 2 6 2 7 1 6 7 5 7 2 2 7 3 6 1 7 8 5
split_gain= 2050.06 479.98 452.489 317.486 168.427 118.214 129.259 117.539 96.9289 83.1757 53.5879 51.9 42.9556 40.9464 40.8178 37.4001 36.8025 33.3038 31.8532 30.754 18.008 17.0914 16.9498 13.333 12.5152 11.7748 11.5628 10.0175 8.94377 8.84036 7.48579
threshold= 4.6754000000000007 6.3350000000000009 2.7820000000000005 2.0653737590585881 2.5288691539219195 2.8079590171801518 37.935000000000009 4.2015099382944241 24.500000000000004 7.7055000000000016 3.0973600929976173 37.815000000000005 -122.38499999999998 26.500000000000004 3.0375944537846187 21.500000000000004 37.915000000000006 2.2210000000000005 2.0653737590585881 37.955000000000005 374.50000000000006 39.285000000000004 18.500000000000004 16.500000000000004 37.775000000000013 3.0522493994321906 1.9139224725972623 8.7395500000000013 37.615000000000002 -122.21499999999999 139.50000000000003
decision_type= 2 2 2 2 2 2 2 2 2 2 2 2 2 2 2 2 2 2 2 2 2 2 2 2 2 2 2 2 2 2 2
left_child=2 4 7 8 15 6 -5 10 23 13 16 -10 -7 29 19 20 -1 26 -17 -6 -2 -19 27 -4 -16 -12 -9 -11 -15 -3 -24
right_child=1 9 3 5 14 12 -8 17 11 22 25 -13 -14 28 24 18 -18 21 -20 -21 -22 -23 30 -25 -26 -27 -28 -29 -30 -31 -32
leaf_value= 0.00063518148806396876 -0.049601518066430636 0.12282181248301641 -0.0091523677969496415 0.014145988078233342 0.041437028975974267 0.020198098520158789 -0.034518177096898313 -0.026211389813834102 0.097678374441017235 0.082681065084361433 -0.014401938209613397 -0.0029786853185449279 -0.028751953161978167 0.1231276332562023 0.010604784553332948 0.14550179829029367 -0.056761574735864996 -0.041817113313863681 0.079781015019075627 -0.0065733162661576099 0.052292475773720072 -0.080258654335488552 0.062272938589255013 0.035360831138379394 -0.026435008071481237 -0.046011706809321408 -0.069498946638094847 0.13223879371142508 0.076619160250909091 0.0608670820574604 0.14586568993483004
leaf_weight=828 22 32 167 2261 982 203 739 80 409 109 172 62 3040 240 900 100 140 1371 397 170 208 148 14.999999999999998 156 126 898 1459 98 69 463 448
leaf_count=828 22 32 167 2261 982 203 739 80 409 109 172 62 3040 240 900 100 140 1371 397 170 208 148 15 156 126 898 1459 98 69 463 448
model_size=3504
internal_value=0 0.0586889 -0.0211818 -0.00470043 0.0350417 -0.0123067 0.00215838 -0.0439407 0.0551053 0.105294 -0.0251307 0.0844284 -0.0256879 0.08327 0.0210226 0.0770411 -0.007666 -0.0564766 0.0930045 0.0343522 0.0425461 -0.0455626 0.131722 0.0123463 0.00605604 -0.0409305 -0.0672488 0.106143 0.112742 0.0648722 0.143158
internal_weight=0 4379 12133 7037 2905 6243 3000 5096 794 1474 2038 471 3243 804 2178 727 968 3058 497 1152 230 1519 670 323 1026 1070 1539 207 309 495 463
internal_count=16512 4379 12133 7037 2905 6243 3000 5096 794 1474 2038 471 3243 804 2178 727 968 3058 497 1152 230 1519 670 323 1026 1070 1539 207 309 495 463
is_linear=0
shrinkage=0.1


Tree=7
num_leaves= 31
num_cat= 0
full_tree_array_lgbids= 0 1 3 4 2 6 16 13 7 5 11 15 19 20 25 23 14 8 9 10 22 12 17 27 18 21 26 24 28 -18 29 -1 -25 -15 -16 -6 -10 -9 -11 -3 -12 -7 -24 -4 -14 -13 -19 -2 -29 -17 -20 -8 -23 -21 -28 -5 -26 -22 -30 -2147483648 -2147483648 -27 -31
split_feature= 1 1 6 1 6 7 6 7 8 8 2 8 7 2 7 2 1 7 6 2 2 1 8 8 4 5 3 4 7 4
split_gain= 1684.27 491.533 283.588 225.518 132.004 123.259 100.441 94.5231 129.009 122.981 93.3092 72.0447 79.9608 43.4352 39.9295 33.8008 23.9814 23.016 22.9024 21.3704 17.4888 16.8848 15.8435 13.879 7.85446 7.45365 5.34701 4.93614 4.17674 0.705446
threshold= 5.2771000000000017 3.3941500000000002 2.5102460737381374 7.2638000000000007 2.0376051459673437 37.935000000000009 2.7472725830126556 34.455000000000005 -118.30499999999999 -120.09499999999998 19.500000000000004 -117.79499999999999 37.915000000000006 27.500000000000004 37.975000000000001 16.500000000000004 9.1688500000000008 33.655000000000008 2.2038024706228287 40.500000000000007 28.500000000000004 6.0886500000000003 -122.35499999999998 -118.10499999999998 1.0076024985240879 70.000000000000014 6.6568740261296906 1.0671403331650682 37.645000000000003 0.88056399418835041
decision_type= 2 2 2 2 2 2 2 2 2 2 2 2 2 2 2 2 2 2 2 2 2 2 2 2 2 2 2 2 2 2
left_child=1 4 5 6 13 10 15 8 -6 -9 -3 12 -4 23 -15 27 20 -13 -17 21 24 -8 -7 -1 -5 -18 -21 -2 -22 -27
right_child=3 2 11 16 7 22 19 9 -10 -11 -12 17 -14 14 -16 18 25 -19 -20 26 28 -23 -24 -25 -26 29 -28 -29 -30 -31
leaf_value= -0.0012619384543763267 0.014335230146587658 0.0095141289986474826 0.0066557830519129836 0.060998965450209768 0.019040572992765206 0.013489708609387772 0.018152575185137215 -0.037127621829279978 -0.033366659706953378 -0.080929786088976066 0.06699119924107462 -0.018802332390623636 -0.032428590558988897 0.042895697639095509 -0.042237113157785694 0.12808220913441526 0.044225913782914482 -0.056632968688626655 0.078058621720937679 0.059092749793004863 0.13292530742701053 0.044099968870893583 -0.042744827908355487 -0.04059110098808516 0.097640813849688146 0.079350904598832137 0.14169482803344727 0.057553465738211101 0.087818210240867403 0.14155382103953804
leaf_weight=270 88 396 2665 132 584 91 686 2638 2713 874 1104 384 682 357 71 126 11.999999999999998 345 579 24 164 519 172 183 209 9.9999999999999982 25 82 45 282
leaf_count=270 88 396 2665 132 584 91 686 2638 2713 874 1104 384 682 357 71 126 12 345 579 24 164 519 172 183 209 10 25 82 45 282
model_size=3392
internal_value=0 -0.0150099 0.00692999 0.0680755 -0.0316688 0.0406133 0.0505478 -0.036434 -0.0240837 -0.0480283 0.0518173 -0.00763913 -0.00130823 0.00516008 0.0287732 0.0769316 0.111771 -0.0367057 0.086999 0.0321381 0.0985643 0.0293283 -0.0232873 -0.0171499 0.0834569 0.135666 0.101237 0.0351817 0.123213 0.139424
internal_weight=0 13529 5839 2983 7690 1763 2129 6809 3297 3512 1500 4076 3347 881 428 875 854 729 705 1254 550 1205 263 453 341 304 49 170 209 292
internal_count=16512 13529 5839 2983 7690 1763 2129 6809 3297 3512 1500 4076 3347 881 428 875 854 729 705 1254 550 1205 263 453 341 304 49 170 209 292
is_linear=0
shrinkage=0.1


Tree=8
num_leaves= 31
num_cat= 0
full_tree_array_lgbids= 0 2 1 7 4 3 11 21 16 12 5 8 15 13 25 29 22 17 19 24 14 6 10 28 9 18 23 20 27 26 -27 -1 -31 -23 -24 -9 -19 -18 -21 -4 -26 -14 -16 -6 -8 -7 -12 -2 -30 -10 -11 -5 -20 -17 -25 -3 -22 -15 -29 -13 -28 -2147483648 -2147483648
split_feature= 1 1 1 6 6 2 3 3 2 6 8 1 2 6 7 1 7 8 8 8 2 7 7 6 8 7 8 1 5 8
split_gain= 1395.65 433.663 215.054 186.699 186.38 90.1619 83.2389 78.558 73.6288 87.6375 60.6514 57.8346 44.7722 39.0151 38.1367 35.4782 31.0662 33.0918 28.3977 24.323 22.6845 17.9341 14.8779 11.1814 11.1415 6.74415 6.50691 6.08473 5.38663 0.109895
threshold= 4.125700000000001 6.2770500000000009 2.5205000000000006 2.735488224282792 2.0376051459673437 51.500000000000007 5.0372251488776927 3.3654435698213785 16.500000000000004 2.0653737590585881 -122.33499999999999 8.0125000000000011 22.500000000000004 3.0089663118548242 37.815000000000005 5.3357000000000001 35.335000000000008 -118.31499999999998 -122.33499999999999 -119.84499999999998 18.500000000000004 34.045000000000009 37.935000000000009 3.1424162072895592 -118.29499999999999 38.035000000000004 -118.05499999999999 6.8672000000000013 1111.5000000000002 -118.33499999999999
decision_type= 2 2 2 2 2 2 2 2 2 2 2 2 2 2 2 2 2 2 2 2 2 2 2 2 2 2 2 2 2 2
left_child=2 3 7 8 12 6 -6 21 28 -10 -7 13 24 20 -14 18 17 -9 -5 -18 -3 29 -23 -17 -4 26 -13 -15 -2 -1
right_child=1 11 4 15 5 10 -8 16 9 -11 -12 25 14 27 -16 23 19 -19 -20 -21 -22 22 -24 -25 -26 -27 -28 -29 -30 -31
leaf_value= 0.01761468297668866 -0.010530385560814468 0.051229737188029839 0.021803364104528027 0.045571184147810265 -0.0070455506758917309 0.095537202478905695 -0.032091023454820809 0.00029756721351765288 0.1158633996358341 0.046759207246827299 0.0033178928582670375 0.12102993063018577 0.068006756670622379 0.024648339091258686 -0.013385108052249496 0.035892917081321155 -0.049168390090471942 -0.042168252085787589 -0.006916879375286982 -0.078630092192011392 0.096735707947890437 0.01797659225281208 -0.060303859621512169 0.0088141999881453503 -0.026717307282656078 0.011763414181768895 0.089707982747091186 0.057947222593091652 0.019740620436582795 -0.034304404906878201
leaf_weight=13.999999999999998 160 171 149 124 2663 113 2864 238 224 1274 225 403 408 172 74 427 1370 1345 1649 416 476 310 33 371 105 9.9999999999999982 135 169 235 185
leaf_count=14 160 171 149 124 2663 113 2864 238 224 1274 225 403 408 172 74 427 1370 1345 1649 416 476 310 33 371 105 10 135 169 235 185
model_size=3392
internal_value=0 0.0385271 -0.0219903 0.0226971 -0.0108967 -0.0169017 -0.0200237 -0.0407142 0.04674 0.0570925 0.0341486 0.0845328 0.036956 0.0696752 0.0555109 0.00499465 -0.0465172 -0.0357836 -0.00324597 -0.0560307 0.0847086 -0.0046439 0.0104452 0.0233037 0.00174561 0.11132 0.11317 0.0411513 0.00747895 -0.0306518
internal_weight=0 6000 10512 4464 6601 5865 5527 3911 1893 1498 338 1536 736 988 482 2571 3369 1583 1773 1786 647 542 343 798 254 548 538 341 395 199
internal_count=16512 6000 10512 4464 6601 5865 5527 3911 1893 1498 338 1536 736 988 482 2571 3369 1583 1773 1786 647 542 343 798 254 548 538 341 395 199
is_linear=0
shrinkage=0.1


Tree=9
num_leaves= 29
num_cat= 0
full_tree_array_lgbids= 0 2 1 7 3 6 13 12 17 4 8 10 18 14 26 15 24 21 -19 5 25 9 22 11 16 20 19 23 -16 27 -28 -1 -17 -14 -26 -9 -23 -2147483648 -2147483648 -4 -7 -6 -27 -5 -11 -10 -24 -2 -13 -12 -18 -8 -22 -20 -21 -3 -25 -2147483648 -2147483648 -15 -29 -2147483648 -2147483648
split_feature= 1 1 1 6 7 8 6 3 8 7 7 8 6 2 1 7 8 7 8 7 7 6 7 6 3 8 7 1
split_gain= 1132.75 273.591 231.786 183.129 112.48 126.992 103.921 72.3367 43.2465 57.9937 41.0757 50.6352 40.0489 39.5498 30.3844 26.9039 25.5316 22.4221 22.0114 58.3047 22.0119 14.6836 13.8668 12.6377 11.1203 9.40838 6.71016 4.03808
threshold= 4.5301500000000017 6.3963500000000009 2.7820000000000005 2.5763869593405579 37.935000000000009 -122.40499999999999 2.735488224282792 4.3101408005062494 -117.79499999999999 37.895000000000003 37.925000000000004 -118.30499999999999 2.8335312747426764 29.500000000000004 9.1688500000000008 37.915000000000006 -122.38499999999998 39.285000000000004 -121.52499999999999 34.655000000000008 37.915000000000006 2.8751854599406532 33.715000000000011 2.6585924622132828 3.0522493994321906 -122.35499999999998 37.985000000000007 7.7055000000000016
decision_type= 2 2 2 2 2 2 2 2 2 2 2 2 2 2 2 2 2 2 2 2 2 2 2 2 2 2 2 2
left_child=2 6 7 4 5 -4 10 12 9 -5 11 -2 15 14 23 -1 -12 21 20 -20 -8 -9 -10 -3 -14 -6 27 -15
right_child=1 13 3 8 25 -7 18 17 22 -11 16 -13 24 26 -16 -17 -18 -19 19 -21 -22 -23 -24 -25 -26 -27 -28 -29
leaf_value= 0.0063136272393998676 0.070192480569928606 0.083977695499381777 0.11173297081241858 -0.005459703597153991 -0.00078241720145715661 0.019921498657169426 0.041302824015089126 -0.031522751650265267 -0.024769089114725369 -0.038553068023598334 0.057178147389952631 0.026372530777315731 -0.0055099423777251813 0.089310438365293357 0.10708963702886531 -0.041411310901706355 -0.031580942129208284 -0.068689580271802941 0.012888859641797343 -0.042838353046536819 -0.0055805088814210009 -0.048863267445552958 -0.055574019402440326 0.047589787149768886 -0.034905056209172662 -0.037052679703836994 -0.00033944472670555115 0.11382413989265117
leaf_weight=744 754 158 169 2653 139 1874 422 1229 367 715 56 453 201 237 156 164 110 369 1166 241 162 1218 373 565 1171 350 9.9999999999999982 286
leaf_count=744 754 158 169 2653 139 1874 422 1229 367 715 56 453 201 237 156 164 110 369 1166 241 162 1218 373 565 1171 350 10 286
model_size=3168
internal_value=0 0.0411243 -0.0167357 -0.00432693 0.0170373 0.0275163 0.0255143 -0.032904 -0.017495 -0.0124852 0.0470502 0.0537464 -0.0193313 0.0783141 0.0646902 -0.0023063 -0.00163812 -0.0438932 0.010663 0.00334354 0.0282975 -0.040154 -0.0402964 0.0555418 -0.0305986 -0.0267427 0.100782 0.102716
internal_weight=0 4776 11736 6640 2532 2043 3364 5096 4108 3368 1373 1207 2280 1412 879 908 166 2816 1991 1407 584 2447 740 723 1372 489 533 523
internal_count=16512 4776 11736 6640 2532 2043 3364 5096 4108 3368 1373 1207 2280 1412 879 908 166 2816 1991 1407 584 2447 740 723 1372 489 533 523
is_linear=0
shrinkage=0.1


Tree=10
num_leaves= 31
num_cat= 0
full_tree_array_lgbids= 0 2 1 10 4 3 7 16 11 13 5 9 8 14 22 17 25 15 29 26 27 6 24 28 19 18 12 21 20 -9 23 -1 -19 -18 -27 -12 -17 -13 -31 -4 -28 -15 -29 -6 -8 -7 -26 -2 -30 -11 -21 -5 -20 -10 -14 -3 -23 -16 -22 -2147483648 -2147483648 -24 -25
split_feature= 1 1 6 6 1 7 8 1 8 2 2 7 7 3 6 1 8 7 7 7 2 7 3 8 8 6 4 1 4 7
split_gain= 929.001 290.888 146.755 129.77 109.696 77.6803 165.779 59.7486 55.8366 52.3934 50.9775 49.7852 43.4761 42.3043 41.6655 29.3375 23.3529 59.4543 22.1116 18.3266 16.7724 15.8407 11.1309 10.2153 10.0556 9.16661 8.8191 7.02506 5.17282 1.91207
threshold= 4.125700000000001 5.8308000000000009 2.0231950334409352 2.2982753493904258 2.2210000000000005 38.475000000000001 -122.35499999999998 7.7055000000000016 -122.19499999999998 16.500000000000004 27.500000000000004 37.815000000000005 37.615000000000002 3.4845502266762112 2.5949646725452555 3.4298000000000006 -118.19499999999998 34.965000000000011 37.615000000000002 38.435000000000009 32.500000000000007 37.615000000000002 5.396289833514504 -118.00499999999998 -121.34499999999998 1.5104297674263547 1.0291350557942953 1.8344000000000003 1.3812642694063928 38.455000000000005
decision_type= 2 2 2 2 2 2 2 2 2 2 2 2 2 2 2 2 2 2 2 2 2 2 2 2 2 2 2 2 2 2
left_child=2 3 10 9 13 6 -6 14 18 28 16 15 -10 26 21 -12 17 -1 -5 -11 -16 -3 -9 -24 -7 -18 -4 -15 -2 -13
right_child=1 7 4 8 5 24 -8 22 12 19 11 29 -14 27 20 -17 25 -19 -20 -21 -22 -23 23 -25 -26 -27 -28 -29 -30 -31
leaf_value= 0.074288667250310247 -0.00044492797165211024 0.091625564047324193 -0.031863300547480496 0.10193155197732484 0.05488040638284164 -0.052488096230144235 -0.01557396217505066 -0.034850661009550095 0.0084486694427198545 0.081523251720431775 0.039573267791115918 0.0014522325715095904 -0.025255579797602779 -0.053843619520294254 0.031565603937028709 0.10330331894469313 -0.08070995621383191 -0.016460192240690254 0.032893837021663784 -0.038791342894546693 0.067498863280750818 0.040840984924356095 0.0975793239802243 0.063757147361708441 -0.025602988509269828 -0.019762536931944932 0.0036590789472992005 -0.039210831575539895 0.098649218007922174 -0.043517122730346663
leaf_weight=114 140 296 168 67 364 601 5659 9.9999999999999982 2445 424 307 61 504 1044 824 112 44 238 300 15.999999999999998 200 104 493 167 287 184 257 1016 9.9999999999999982 56
leaf_count=114 140 296 168 67 364 601 5659 10 2445 424 307 61 504 1044 824 112 44 238 300 16 200 104 493 167 287 184 257 1016 10 56
model_size=3392
internal_value=0 0.0314632 -0.0179584 0.0152317 -0.0220853 -0.0154898 -0.0113161 0.0617402 0.00742634 0.0591007 0.0167871 0.0398705 0.00268843 -0.040428 0.0497742 0.0566085 -0.00454511 0.0129301 0.0454975 0.0771482 0.0385838 0.0784216 0.0871725 0.0890213 -0.0437989 -0.0315243 -0.0103827 -0.0466267 0.00616135 -0.0200716
internal_weight=0 6000 10512 3906 9396 6911 6023 2094 3316 590 1116 536 2949 2485 1424 419 580 352 367 440 1024 400 670 660 888 228 425 2060 150 117
internal_count=16512 6000 10512 3906 9396 6911 6023 2094 3316 590 1116 536 2949 2485 1424 419 580 352 367 440 1024 400 670 660 888 228 425 2060 150 117
is_linear=0
shrinkage=0.1


Tree=11
num_leaves= 29
num_cat= 0
full_tree_array_lgbids= 0 1 7 3 2 13 19 9 4 11 8 16 24 20 22 10 27 5 6 26 12 15 14 17 18 -15 25 23 21 -21 -24 -1 -12 -11 -29 -5 -7 -6 -8 -3 -28 -13 -14 -4 -17 -10 -16 -2 -19 -18 -20 -2147483648 -2147483648 -26 -27 -9 -25 -22 -23 -2147483648 -2147483648 -2147483648 -2147483648
split_feature= 1 1 6 6 7 8 8 1 8 8 7 2 7 6 7 7 8 7 7 1 4 8 5 5 3 7 5 8
split_gain= 754.517 273.04 136.112 88.8968 62.6308 93.0924 83.9927 61.3231 54.1375 49.9557 71.9725 47.128 49.4061 46.2008 43.6193 28.6396 20.0866 28.1639 14.6828 9.01188 10.268 6.26109 3.36945 3.09228 1.83443 1.81363 0.907562 0.117594
threshold= 5.6042500000000013 3.6530500000000008 2.3238229356603282 2.2982753493904258 34.455000000000005 -117.675 -120.09499999999998 7.2638000000000007 -122.24499999999999 -117.145 37.805000000000007 17.500000000000004 37.815000000000005 3.0089663118548242 34.525000000000013 37.895000000000003 -117.85499999999998 37.955000000000005 33.605000000000011 9.1688500000000008 1.0076024985240879 -117.83499999999999 139.50000000000003 431.50000000000006 5.9555396142196724 37.965000000000011 1118.5000000000002 -116.22499999999998
decision_type= 2 2 2 2 2 2 2 2 2 2 2 2 2 2 2 2 2 2 2 2 2 2 2 2 2 2 2 2
left_child=1 3 11 9 5 -5 -6 13 15 10 -1 26 -13 16 -10 -4 17 -2 -18 20 23 -22 -21 -9 -15 -26 -3 -11
right_child=7 2 8 4 6 -7 -8 19 14 27 -12 12 -14 24 -16 -17 18 -19 -20 22 21 -23 -24 -25 25 -27 -28 -29
leaf_value= 0.020373845906139828 0.06803363453630068 -0.010391317910326199 0.059462529301757938 -0.0043894568574596683 -0.025755401422190599 -0.041273681250750094 -0.062586899878493418 -0.033257199078798295 0.0061859323945161193 -0.044637442942213466 -0.025298530131566351 0.07019348267548757 -0.0035651279425545899 -0.0098492250509130269 -0.016510122320255068 0.0068292100163819527 0.050614611905628965 0.0018512624012957139 -0.015760511973941769 0.029104955102268022 0.086409984042963198 0.043862317082782591 0.095142194440490324 0.048220389696064764 0.023970676585626991 -0.014619889610406498 0.018978538840700263 -0.092572534355250272
leaf_weight=1140 711 121 252 2406 2556 1020 874 11.999999999999998 2445 173 539 584 119 78 1505 226 93 83 81 19 274 75 285 189 460 46 124 22
leaf_count=1140 711 121 252 2406 2556 1020 874 12 2445 173 539 584 119 78 1505 226 93 83 81 19 274 75 285 189 460 46 124 22
model_size=3168
internal_value=0 -0.00885375 0.00901592 -0.019858 -0.0252614 -0.0153707 -0.0351405 0.0519081 0.00153677 -8.99663e-05 0.0057119 0.0439501 0.057708 0.0396533 -0.00246155 0.0345773 0.0536737 0.0611153 0.0197158 0.0741793 0.0648738 0.0772665 0.0910149 0.0433561 0.016414 0.0204624 0.00447343 -0.0500455
internal_weight=0 14106 5376 8730 6856 3426 3430 2406 4428 1874 1679 948 703 1552 3950 478 968 794 174 854 550 349 304 201 584 506 245 195
internal_count=16512 14106 5376 8730 6856 3426 3430 2406 4428 1874 1679 948 703 1552 3950 478 968 794 174 854 550 349 304 201 584 506 245 195
is_linear=0
shrinkage=0.1


Tree=12
num_leaves= 27
num_cat= 0
full_tree_array_lgbids= 0 2 1 3 14 5 7 15 4 16 -16 9 8 12 18 -1 19 6 13 17 22 -2147483648 -2147483648 24 11 10 20 23 25 21 -20 -2147483648 -2147483648 -17 -21 -5 -8 -6 -15 -4 -19 -18 -24 -2147483648 -2147483648 -2147483648 -2147483648 -2 -26 -11 -13 -7 -12 -10 -22 -3 -25 -14 -27 -9 -23 -2147483648 -2147483648
split_feature= 1 1 7 8 6 6 8 2 8 2 7 7 1 7 7 7 8 7 7 2 7 5 8 4 5 1
split_gain= 620.413 195.681 103.92 238.013 107.558 95.4193 84.7065 42.6768 38.4597 32.9499 27.5469 26.803 26.6019 26.027 22.137 18.914 15.0704 21.3727 11.5923 10.43 10.0233 7.45532 7.25656 6.83759 5.70624 4.88215
threshold= 4.0612500000000002 5.8308000000000009 37.925000000000004 -122.31499999999998 2.8941056667066012 2.4469862317432325 -117.77499999999999 26.500000000000004 -117.77499999999999 21.500000000000004 37.915000000000006 37.995000000000012 7.2638000000000007 34.435000000000009 39.355000000000011 37.755000000000003 -122.38499999999998 38.705000000000005 38.025000000000013 23.500000000000004 33.915000000000006 170.50000000000003 -121.19499999999998 0.97061363405465817 514.50000000000011 9.1688500000000008
decision_type= 2 2 2 2 2 2 2 2 2 2 2 2 2 2 2 2 2 2 2 2 2 2 2 2 2 2
left_child=2 5 3 15 6 9 -5 12 10 24 -7 -11 23 -6 16 -1 17 -4 21 -17 -10 -9 -18 -3 -2 -14
right_child=1 7 14 4 13 8 -8 18 20 11 -12 -13 25 -15 -16 19 22 -19 -20 -21 -22 -23 -24 -25 -26 -27
leaf_value= 0.042419994443114249 -0.029876064386218787 -0.0032181040025087166 0.015394945687847212 0.008105485717106526 -0.019428739283364336 0.014056975714512983 -0.026937766045935105 0.0011094540059566498 -0.010441202644726044 0.059654513681686019 -0.0144450025241726 -0.029831703027178136 0.048482942118680511 -0.038439470847959803 -0.054810125466243524 -0.025117996558547018 -0.039101310616950387 -0.044862016709105647 -0.026227339708970655 0.10114737827129461 -0.045543486787306998 0.071910117153646966 -0.015378350925532412 0.030316367775798839 0.019799227233629507 0.079894877800034542
leaf_weight=155 50 122 200 2756 2786 2179 989 25 354 615 485 42 320 1222 527 9.9999999999999982 1038 112 18 185 180 832 267 638 266 139
leaf_count=155 50 122 200 2756 2786 2179 989 25 354 615 485 42 320 1222 527 10 1038 112 18 185 180 832 267 638 266 139
model_size=2944
internal_value=0 0.024883 -0.0152134 -0.00991831 -0.0135953 0.0122123 -0.00114893 0.0501213 0.00366801 0.0402954 0.00886799 0.0539339 0.0373824 -0.0252249 -0.0352256 0.071532 -0.0288428 -0.00623576 0.0678684 0.0946722 -0.0222734 0.0698448 -0.0342476 0.0249332 0.0119392 0.0579955
internal_weight=0 6265 10247 8103 7753 4171 3745 2094 3198 973 2664 657 1219 4008 2144 350 1617 312 875 195 534 857 1305 760 316 459
internal_count=16512 6265 10247 8103 7753 4171 3745 2094 3198 973 2664 657 1219 4008 2144 350 1617 312 875 195 534 857 1305 760 316 459
is_linear=0
shrinkage=0.1


Tree=13
num_leaves= 29
num_cat= 0
full_tree_array_lgbids= 0 1 2 8 3 6 14 16 15 7 4 10 23 21 20 -1 18 27 19 17 12 5 9 11 13 24 25 26 -23 22 -22 -2147483648 -2147483648 -18 -20 -10 -29 -17 -21 -3 -19 -9 -14 -5 -7 -6 -11 -2 -13 -12 -15 -8 -26 -25 -27 -4 -28 -2147483648 -2147483648 -16 -24 -2147483648 -2147483648
split_feature= 1 1 1 6 8 7 6 2 3 7 8 7 6 7 2 1 7 8 4 6 8 4 7 8 7 3 3 5
split_gain= 507.553 124.124 111.57 109.518 59.9419 84.0449 56.1788 35.5043 33.8178 31.6021 29.4177 41.4483 20.9579 20.0672 16.6559 15.62 12.7549 10.5472 9.98976 9.94762 6.10641 6.00339 4.74888 4.73184 4.56298 2.85333 0.93896 0.778125
threshold= 4.5993500000000003 2.5044000000000004 6.5626000000000007 2.0653737590585881 -117.75499999999998 34.525000000000013 2.9742256672023202 26.500000000000004 3.5590287573586119 33.645000000000003 -117.85499999999998 37.925000000000004 1.6949612205182323 33.935000000000009 21.500000000000004 1.9486000000000003 34.045000000000009 -118.29499999999999 0.99439121259388419 2.427860421729632 -117.18499999999999 1.0097363099187924 38.025000000000013 -117.63499999999998 37.815000000000005 6.7645078233313543 6.3093506665392178 41.500000000000007
decision_type= 2 2 2 2 2 2 2 2 2 2 2 2 2 2 2 2 2 2 2 2 2 2 2 2 2 2 2 2
left_child=1 8 6 7 5 -5 10 17 16 -6 11 -2 -9 -12 21 27 -1 -3 -18 -17 22 26 -16 24 -8 -25 -4 -10
right_child=2 3 14 4 9 -7 23 12 15 -11 13 -13 -14 -15 20 19 18 -19 -20 -21 -22 -23 -24 25 -26 -27 -28 -29
leaf_value= -0.024122985610706062 0.042745005384285863 0.021868461219721712 -0.0179281169329496 0.010303061664182408 -0.012213079536181068 -0.014379293648275837 0.0094105515002502887 0.095539577564898337 0.026491530812703647 -0.047588974206505916 0.014390051781496042 -0.0032400549434025514 0.037389176376342204 -0.053010799298728151 0.067908190313813899 -0.0086630979477820454 -0.028743584500625731 -0.017232378400840173 0.017641121421896409 -0.029314094598183873 -0.039898037612438209 0.049888952321538435 -0.016542366519570351 -0.033050476073621569 -0.016838116475903407 0.0067179256360288021 0.028020827305979681 -0.040631205546380771
leaf_weight=288 1388 255 34 2551 595 3422 943 94 12.999999999999998 575 261 261 418 70 726 484 88 169 337 1278 9.9999999999999982 332 13.999999999999998 131 164 81 172 1358
leaf_count=288 1388 255 34 2551 595 3422 943 94 13 575 261 261 418 70 726 484 88 169 337 1278 10 332 14 131 164 81 172 1358
model_size=3168
internal_value=0 -0.0109267 0.0284065 -0.00374795 -0.0080573 -0.00383774 0.018447 0.0291384 -0.0260065 -0.0295987 0.0295603 0.0354666 0.0480652 0.000136095 0.0539161 -0.0307977 -0.00495343 0.00628346 0.00803676 -0.0236415 0.0648944 0.0386118 0.0663105 0.0017644 0.00552186 -0.0178559 0.020437 -0.0399947
internal_weight=0 11925 4587 8079 7143 5973 3299 936 3846 1170 1980 1649 512 331 1288 3133 713 424 425 1762 750 538 740 1319 1107 212 206 1371
internal_count=16512 11925 4587 8079 7143 5973 3299 936 3846 1170 1980 1649 512 331 1288 3133 713 424 425 1762 750 538 740 1319 1107 212 206 1371
is_linear=0
shrinkage=0.1


Tree=14
num_leaves= 26
num_cat= 0
full_tree_array_lgbids= 0 3 1 4 18 2 11 13 5 22 -20 10 8 15 19 17 -15 6 7 23 -24 -2147483648 -2147483648 21 12 14 9 16 24 -13 20 -1 -19 -2147483648 -2147483648 -6 -8 -7 -9 -5 -25 -2147483648 -2147483648 -2147483648 -2147483648 -2147483648 -2147483648 -2 -23 -12 -14 -4 -16 -10 -11 -3 -18 -17 -26 -2147483648 -2147483648 -21 -22
split_feature= 1 1 6 7 8 7 8 8 8 7 2 2 7 7 7 1 8 2 8 5 4 4 7 8 4
split_gain= 416.502 139.566 80.0412 68.8751 148.659 75.5532 185.587 142.325 42.6419 63.6083 33.4647 27.3521 22.7586 22.042 20.1835 16.5522 9.78447 9.47454 8.25511 6.7787 6.62406 1.92136 0.482711 6.13127 0.0569526
threshold= 3.9221500000000007 5.8308000000000009 2.2634687595142249 38.475000000000001 -122.38499999999998 34.455000000000005 -118.30499999999999 -120.09499999999998 -121.85499999999998 34.655000000000008 16.500000000000004 26.500000000000004 37.805000000000007 38.235000000000007 37.615000000000002 8.0125000000000011 -122.02499999999999 19.500000000000004 -121.36499999999999 170.50000000000003 1.1079358598254032 1.3812642694063928 38.815000000000005 -121.56499999999998 0.97468995028955063
decision_type= 2 2 2 2 2 2 2 2 2 2 2 2 2 2 2 2 2 2 2 2 2 2 2 2 2
left_child=3 2 10 4 13 6 -6 -7 14 -10 21 15 -12 17 -4 16 -3 -1 22 -13 -21 -2 23 -5 -17
right_child=1 11 8 18 5 7 -8 -9 9 -11 12 19 -14 -15 -16 24 -18 -19 -20 20 -22 -23 -24 -25 -26
leaf_value= -0.029265827825292946 -0.005193416791428861 0.055835266051836675 0.043279326984818033 -1.823041268405607e-05 0.033846304593117521 -0.010573879575010367 -0.015033842543136717 -0.057402700449407706 0.0065329075897798865 -0.02797470982778287 0.067786839798880005 -0.0077787053482285861 0.0045854359865188602 0.0059811116416110767 0.01039964494524743 0.026379166534697674 0.018230107956671314 0.069528445953718654 -0.017940895623178223 0.053877942936340142 0.092850451438095088 0.075541839934885502 -0.046636255936839066 -0.040975929808127108 0.061836329901383984
leaf_weight=15.999999999999998 152 123 381 91 1008 2100 3854 991 2254 779 407 29 85 108 620 53 818 294 346 758 88 11.999999999999998 643 277 225
leaf_count=16 152 123 381 91 1008 2100 3854 991 2254 779 407 29 85 108 620 53 818 294 346 758 88 12 643 277 225
model_size=2832
internal_value=0 0.0191395 0.00937445 -0.0133473 -0.00983102 -0.0129403 -0.00489991 -0.0255876 0.00393408 -0.00233008 0.0428294 0.0410105 0.0568679 0.0493279 0.0229143 0.0304276 0.0231456 0.0644294 -0.0350381 0.055754 0.0579318 0.000714041 -0.0408893 -0.0308478 0.0550765
internal_weight=0 6784 4690 9728 8371 7953 4862 3091 4034 3033 656 2094 492 418 1001 1219 941 310 1357 875 846 164 1011 368 278
internal_count=16512 6784 4690 9728 8371 7953 4862 3091 4034 3033 656 2094 492 418 1001 1219 941 310 1357 875 846 164 1011 368 278
is_linear=0
shrinkage=0.1


Tree=15
num_leaves= 27
num_cat= 0
full_tree_array_lgbids= 0 1 5 2 7 6 18 3 11 8 22 13 15 24 19 16 4 12 -13 10 9 23 -24 21 14 20 17 25 -26 -20 -21 -1 -18 -5 -6 -4 -14 -2147483648 -2147483648 -3 -12 -10 -11 -9 -25 -2147483648 -2147483648 -2 -23 -15 -16 -8 -22 -17 -19 -7 -27 -2147483648 -2147483648 -2147483648 -2147483648 -2147483648 -2147483648
split_feature= 1 6 7 8 8 1 6 8 7 8 6 7 8 7 8 2 2 7 8 7 8 8 8 7 7 4
split_gain= 337.714 111.943 117.394 129.749 85.3667 55.1624 35.9405 24.6566 29.1349 70.7944 40.591 18.8266 16.6843 13.3414 12.4176 12.3819 12.0561 7.75924 7.46238 7.9848 7.15534 6.8243 6.43649 9.7132 6.18363 1.68777
threshold= 5.0116000000000005 2.8396278889382178 37.945000000000007 -122.33499999999999 -117.145 6.8672000000000013 2.5498511575161031 -117.50499999999998 34.655000000000008 -121.56499999999998 3.442186331338819 39.355000000000011 -122.26499999999999 37.875000000000007 -122.40499999999999 36.500000000000007 19.500000000000004 33.985000000000007 -117.71499999999999 33.565000000000005 -117.175 -117.85499999999998 -116.31499999999998 33.855000000000011 38.155000000000008 1.0097363099187924
decision_type= 2 2 2 2 2 2 2 2 2 2 2 2 2 2 2 2 2 2 2 2 2 2 2 2 2 2
left_child=1 2 3 16 -5 6 13 8 10 -10 -3 12 -4 21 -15 20 -1 -17 24 -20 -8 -2 23 -9 25 -7
right_child=5 7 11 4 -6 18 15 22 9 -11 -12 -13 -14 14 -16 17 -18 -19 19 -21 -22 -23 -24 -25 -26 -27
leaf_value= -0.021044648515526204 0.054023435680898617 0.0078912364599346748 0.0064001592385506305 0.010230666636971532 -0.032755130757411412 0.042006309248661784 0.010591032887853383 -0.01900162895836402 -0.0033264554219713861 -0.038899774441006757 -0.018085611819081211 -0.042239124851712322 -0.022800434995149416 0.065502501970955307 -0.030557783382156724 -0.016715181212533604 0.075782465556241435 0.05358514689295063 0.047894293820296509 -0.017577464910129372 -0.023270548032014633 0.016650937206895006 -0.067815933462820555 -0.046337958434463616 -0.01898272923477318 0.060780249807335762
leaf_weight=20 473 1196 363 4073 560 337 1594 500 1076 1376 1602 426 937 28 65 33 323 152 69 59 120 110 95 350 23 552
leaf_count=20 473 1196 363 4073 560 337 1594 500 1076 1376 1602 426 937 28 65 33 323 152 69 59 120 110 95 350 23 552
model_size=2944
internal_value=0 -0.00763382 0.00154414 0.0095224 0.00503489 0.0272347 0.0189963 -0.0175629 -0.0145982 -0.0232893 -0.00698186 -0.0214569 -0.0146467 0.0402848 -0.00163641 0.0114181 0.0701366 0.0410451 0.0476326 0.0177159 0.00822033 0.046972 -0.0340335 -0.0302578 0.0518314 0.0536635
internal_weight=0 12897 6702 4976 4633 3615 2575 6195 5250 2452 2798 1726 1300 676 93 1899 343 185 1040 128 1714 583 945 850 912 889
internal_count=16512 12897 6702 4976 4633 3615 2575 6195 5250 2452 2798 1726 1300 676 93 1899 343 185 1040 128 1714 583 945 850 912 889
is_linear=0
shrinkage=0.1


Tree=16
num_leaves= 29
num_cat= 0
full_tree_array_lgbids= 0 3 1 4 9 2 14 5 26 12 10 7 18 15 22 21 6 -6 -28 13 23 11 27 24 8 20 19 16 17 25 -24 -1 -23 -7 -8 -2147483648 -2147483648 -2147483648 -2147483648 -5 -15 -14 -25 -11 -13 -12 -29 -2 -26 -9 -10 -4 -22 -20 -21 -3 -18 -17 -19 -16 -27 -2147483648 -2147483648
split_feature= 1 1 6 6 7 8 8 2 4 7 8 7 8 6 6 8 7 7 8 7 7 2 1 8 5 3 7 3
split_gain= 284.367 93.1147 61.096 47.5593 43.7506 65.7908 37.1717 32.5102 39.998 21.1593 35.7375 44.8676 35.7016 35.0198 21.0938 13.7885 22.3634 12.1095 11.5295 16.4154 13.5215 7.95915 7.07101 5.15427 4.65968 2.67979 1.92636 0.560011
threshold= 3.8346500000000003 5.8308000000000009 2.9291766686969298 2.5763869593405579 37.895000000000003 -122.31499999999998 -117.145 21.500000000000004 1.0469524392733212 34.655000000000008 -120.62499999999999 37.895000000000003 -117.79499999999999 3.442186331338819 3.1424162072895592 -117.83499999999999 37.615000000000002 33.935000000000009 -121.46499999999999 34.525000000000013 37.915000000000006 23.500000000000004 10.398100000000001 -116.31499999999998 534.50000000000011 5.8828640355837019 39.82500000000001 6.9566301031144784
decision_type= 2 2 2 2 2 2 2 2 2 2 2 2 2 2 2 2 2 2 2 2 2 2 2 2 2 2 2 2
left_child=3 2 7 4 5 21 -7 24 -9 12 11 -11 13 -5 15 16 -3 -17 20 -20 -4 -1 25 -14 -2 -16 -6 -12
right_child=1 14 18 9 26 6 -8 8 -10 10 27 -13 23 -15 22 17 -18 -19 19 -21 -22 -23 -24 -25 -26 -27 -28 -29
leaf_value= -0.03264322259152929 -0.028642272698102118 0.054119429276283409 0.022225292751871798 0.01110902863972189 -0.016449084942715377 0.0070497251708101644 -0.032111764600392244 0.013413661084593293 0.045110608318067028 0.0016286592837505068 -0.044799086347283884 -0.032014691372567058 -0.024628744114860813 -0.015783327820374528 -0.038412326374365126 0.026079585873230827 0.02035246889871448 -0.048419304531355588 -0.0051881448329209844 -0.034715347897244085 -0.020703002337265658 0.07912148734730845 0.072387738712131985 -0.060003898965612971 0.0048404222797561328 0.013716888437225561 -0.040549450673424872 -0.0035703456401824951
leaf_weight=11.999999999999998 106 956 368 1028 858 1992 327 1184 744 852 817 948 914 1260 34 224 335 38 1241 323 148 148 36 98 850 471 160 40
leaf_count=12 106 956 368 1028 858 1992 327 1184 744 852 817 948 914 1260 34 224 335 38 1241 323 148 148 36 98 850 471 160 40
model_size=3168
internal_value=0 0.0153449 0.00765223 -0.0114559 -0.00164154 0.00599466 0.0015276 0.0175182 0.0256453 -0.0172174 -0.0247294 -0.0160902 -0.0111691 -0.00370057 0.0335811 0.0402821 0.0453573 0.0152744 -0.00602725 -0.0112862 0.00991253 0.0707391 0.0143449 -0.0280544 0.00112791 0.0102072 -0.020237 -0.0428748
internal_weight=0 7058 4964 9454 3497 2479 2319 2884 1928 5957 2657 1800 3300 2288 2094 1553 1291 262 2080 1564 516 160 541 1012 956 505 1018 857
internal_count=16512 7058 4964 9454 3497 2479 2319 2884 1928 5957 2657 1800 3300 2288 2094 1553 1291 262 2080 1564 516 160 541 1012 956 505 1018 857
is_linear=0
shrinkage=0.1


Tree=17
num_leaves= 25
num_cat= 0
full_tree_array_lgbids= 0 3 1 11 4 2 13 18 22 7 9 5 15 14 -15 -1 19 23 -24 8 -9 10 17 12 6 21 -17 16 20 -2147483648 -2147483648 -2147483648 -2147483648 -20 -21 -13 -25 -2147483648 -2147483648 -5 -10 -2147483648 -2147483648 -6 -12 -11 -19 -2 -14 -7 -8 -4 -23 -2147483648 -2147483648 -3 -18 -16 -22 -2147483648 -2147483648 -2147483648 -2147483648
split_feature= 1 1 6 1 3 8 7 6 8 2 7 3 2 1 6 8 7 8 5 6 8 7 5 6
split_gain= 228.927 75.9544 57.7417 42.0129 49.0433 38.336 74.3112 35.614 17.7543 13.3503 13.5974 10.9165 10.362 9.22011 8.34911 6.14782 5.77316 5.01876 3.81817 6.27103 2.91442 2.03591 1.1731 3.76906
threshold= 3.8346500000000003 6.2770500000000009 3.1336552646136835 2.2210000000000005 4.5952877783354031 -122.33499999999999 37.635000000000012 3.5589256535947715 -118.22499999999998 49.500000000000007 34.455000000000005 3.5232617427316812 47.500000000000007 8.2050500000000017 2.5949646725452555 -117.75499999999998 37.615000000000002 -122.43499999999999 1794.5000000000002 2.8458125169197452 -122.02499999999999 37.795000000000009 374.50000000000006 1.7620334620334621
decision_type= 2 2 2 2 2 2 2 2 2 2 2 2 2 2 2 2 2 2 2 2 2 2 2 2
left_child=3 2 5 11 7 12 -7 8 -5 10 -6 18 -2 14 16 21 -3 -11 -1 -20 -16 -4 23 -13
right_child=1 13 15 4 9 6 -8 -9 -10 17 -12 22 -14 -15 20 -17 -18 -19 19 -21 -22 -23 -24 -25
leaf_value= -0.015271114854441879 0.032273275174513123 0.057781555235539732 -0.0016345860316306739 0.021013664566984815 -0.0057120657130457437 0.01895358335709214 -0.017685671494079 -0.016368692522557328 -0.0021014322534496795 0.062460220082161524 -0.020607194137229237 0.082012470532208684 0.075255015445783599 0.048964429913601198 0.045885226739489519 -0.027261488152906799 0.012409013283403615 0.0044926789670766088 0.066264514531940225 0.00061422690860186979 0.015190884365400198 -0.026315959213444817 -0.027055337061134173 -0.012436090105796582
leaf_weight=365 289 224 1062 1276 1451 2817 762 650 692 39 2328 11.999999999999998 130 487 115 306 79 237 36 151 631 156 2035 182
leaf_count=365 289 224 1062 1276 1451 2817 762 650 692 39 2328 12 130 487 115 306 79 237 36 151 631 156 2035 182
model_size=2720
internal_value=0 0.0138104 0.00812073 -0.0103103 -0.0057008 0.0147639 0.0111528 0.00562246 0.0128858 -0.0130114 -0.014888 -0.0213709 0.0456089 0.0342652 0.027441 -0.00930658 0.0459518 0.0126837 -0.00560813 0.0132528 0.0199226 -0.00479575 -0.0252745 -0.00659391
internal_weight=0 7058 5522 9454 6673 3998 3579 2618 1968 4055 3779 2781 419 1536 1049 1524 303 276 552 187 746 1218 2229 194
internal_count=16512 7058 5522 9454 6673 3998 3579 2618 1968 4055 3779 2781 419 1536 1049 1524 303 276 552 187 746 1218 2229 194
is_linear=0
shrinkage=0.1


Tree=18
num_leaves= 27
num_cat= 0
full_tree_array_lgbids= 0 1 5 2 10 6 19 3 22 11 17 15 7 21 20 4 8 23 -24 13 12 18 -19 -2 16 14 9 25 -23 -21 24 -1 -6 -5 -10 -4 -25 -2147483648 -2147483648 -3 -15 -13 -14 -12 -20 -2147483648 -2147483648 -2147483648 -2147483648 -17 -18 -8 -16 -9 -11 -7 -27 -2147483648 -2147483648 -2147483648 -2147483648 -22 -26
split_feature= 1 6 7 8 7 1 6 8 7 7 8 7 8 6 7 4 2 7 8 8 7 7 7 8 8 7
split_gain= 187.556 54.1664 49.539 66.4402 57.3883 41.658 34.6968 28.6431 28.6193 15.6259 13.3648 28.7364 46.6333 29.5132 8.56707 7.43584 8.06609 3.65823 7.2159 2.95257 4.80958 2.89352 2.48514 3.18988 0.440267 0.143924
threshold= 4.405050000000001 2.6182831096480128 37.805000000000007 -117.895 34.525000000000013 6.8672000000000013 2.3578464509898605 -122.24499999999999 33.855000000000011 37.465000000000011 -117.56499999999998 34.655000000000008 -120.09499999999998 3.4287187039764357 37.615000000000002 0.95322700148183759 16.500000000000004 33.925000000000004 -116.53499999999998 -117.96499999999999 33.645000000000003 38.155000000000008 39.355000000000011 -122.38499999999998 -117.46499999999999 34.135000000000012
decision_type= 2 2 2 2 2 2 2 2 2 2 2 2 2 2 2 2 2 2 2 2 2 2 2 2 2 2
left_child=1 2 3 4 -1 6 15 14 -5 -9 11 13 -13 -3 -8 -2 -17 18 -12 21 -21 25 23 -4 -22 -7
right_child=5 10 22 8 -6 19 7 9 -10 -11 17 12 -14 -15 -16 16 -18 -19 -20 20 24 -23 -24 -25 -26 -27
leaf_value= 0.035873249468091908 -0.019960489046088485 0.0089743273493733278 0.007448326067262691 -0.0030348990744146487 0.0019447339140840122 0.057165350832907261 0.079378151074717088 0.0078626392358343254 -0.048335529748414069 -0.0135151007915653 -0.012059378699867647 -0.010985128011635309 -0.042286242513737936 -0.013484714459581784 0.027010062261706481 0.010257925673353452 0.047818654265935401 -0.038501515041303148 -0.051305411184944638 0.040874314268678429 0.007959537563195531 -0.022204563305105854 -0.030624184522774552 -0.015632315371956054 -0.058928354167275959 0.036656856778654316
leaf_weight=1112 43 1352 232 637 1108 229 70 2512 234 600 569 2290 711 1515 256 135 444 391 106 125 120 23 287 868 18 525
leaf_count=1112 43 1352 232 637 1108 229 70 2512 234 600 569 2290 711 1515 256 135 444 391 106 125 120 23 287 868 18 525
model_size=2944
internal_value=0 -0.00724673 0.00182494 0.00931804 0.0189396 0.0162156 0.0112983 0.00701365 -0.0152052 0.00374097 -0.0131052 -0.0108244 -0.018401 -0.00289364 0.0382547 0.0349807 0.039061 -0.0256606 -0.0182225 0.0354122 0.0190256 0.0409588 -0.0148738 -0.0107644 -0.00076497 0.0428856
internal_weight=0 11412 4478 3091 2220 5100 4060 3438 871 3112 6934 5868 3001 2867 326 622 579 1066 675 1040 263 777 1387 1100 138 754
internal_count=16512 11412 4478 3091 2220 5100 4060 3438 871 3112 6934 5868 3001 2867 326 622 579 1066 675 1040 263 777 1387 1100 138 754
is_linear=0
shrinkage=0.1


Tree=19
num_leaves= 22
num_cat= 0
full_tree_array_lgbids= 0 1 8 2 10 9 -10 3 4 11 19 13 16 -2147483648 -2147483648 6 7 5 18 12 17 20 -21 15 14 -11 -18 -2147483648 -2147483648 -2147483648 -2147483648 -1 -8 -5 -9 -4 -7 -6 -20 -3 -14 -13 -19 -12 -22 -2147483648 -2147483648 -2 -17 -15 -16 -2147483648 -2147483648 -2147483648 -2147483648 -2147483648 -2147483648 -2147483648 -2147483648 -2147483648 -2147483648 -2147483648 -2147483648
split_feature= 1 6 7 8 8 7 7 8 8 6 8 7 8 7 8 8 3 8 1 7 8
split_gain= 154.314 57.5676 57.1419 138.1 127.96 74.28 65.6721 40.0096 15.7301 15.7503 13.7229 17.8553 40.2106 11.3068 32.0155 14.319 2.69866 1.94549 1.71616 0.919382 4.28033
threshold= 5.2771000000000017 2.8024658054711251 34.455000000000005 -118.35499999999998 -119.94499999999998 37.805000000000007 34.155000000000008 -117.145 -117.175 3.1424162072895592 -117.50499999999998 37.915000000000006 -121.28499999999998 37.615000000000002 -122.40499999999999 -122.02499999999999 8.0108708495805292 -121.22499999999998 3.3096500000000004 33.915000000000006 -116.53499999999998
decision_type= 2 2 2 2 2 2 2 2 2 2 2 2 2 2 2 2 2 2 2 2 2
left_child=1 2 3 6 5 -4 -1 -5 9 13 11 12 -3 15 -15 -2 -11 -13 -6 20 -12
right_child=8 10 4 7 18 -7 -8 -9 -10 16 19 17 -14 14 -16 -17 -18 -19 -20 -21 -22
leaf_value= 0.084622307143804518 0.061117945948185828 0.015469953519967952 0.019310087309947675 0.0089470453011799133 -0.049460921583454998 -0.012520827603188948 0.019332817754269961 -0.025113545081272271 -0.018118027591013483 0.0031573020111775826 -0.012440350903135196 -0.027954099159340558 -0.010794407681338098 0.056282252413973978 -0.0069523149708316748 0.028620562222665472 0.034333188486373824 0.0025267233235422072 -0.080403324022389408 -0.036202471499405087 -0.048090721783228221
leaf_weight=359 234 820 1359 1778 323 1947 323 522 140 629 555 798 4045 136 340 1388 116 107 123 366 104
leaf_count=359 234 820 1359 1778 323 1947 323 522 140 629 555 798 4045 136 340 1388 116 107 123 366 104
model_size=2384
internal_value=0 -0.00463816 0.00229007 0.0132201 -0.00639689 0.000563931 0.0537007 0.00121677 0.0210357 0.0229638 -0.0115042 -0.00918805 -0.00636753 0.0282734 0.0111147 0.0333088 0.00801153 -0.0243503 -0.0579944 -0.0245424 -0.0180665
internal_weight=0 13529 6734 2982 3752 3306 682 2300 2983 2843 6795 5770 4865 2098 476 1622 745 905 446 1025 659
internal_count=16512 13529 6734 2982 3752 3306 682 2300 2983 2843 6795 5770 4865 2098 476 1622 745 905 446 1025 659
is_linear=0
shrinkage=0.1


Tree=20
num_leaves= 19
num_cat= 0
full_tree_array_lgbids= 0 5 1 14 6 2 9 -1 -16 7 12 3 10 -3 16 -2147483648 -2147483648 -2147483648 -2147483648 11 -9 -8 13 4 8 15 17 -2147483648 -2147483648 -11 -18 -2147483648 -2147483648 -2147483648 -2147483648 -2147483648 -2147483648 -2147483648 -2147483648 -7 -13 -2147483648 -2147483648 -2147483648 -2147483648 -14 -15 -2 -6 -5 -10 -4 -17 -12 -19 -2147483648 -2147483648 -2147483648 -2147483648 -2147483648 -2147483648 -2147483648 -2147483648
split_feature= 1 6 7 8 7 1 3 6 7 3 8 8 6 7 3 7 1 2
split_gain= 128.885 46.4288 35.3065 50.5353 87.3936 20.5915 23.7978 17.5649 17.3728 14.2061 14.1551 9.59627 6.09718 6.92186 5.04818 4.31401 2.58158 0.0743065
threshold= 3.6530500000000008 3.1336552646136835 37.965000000000011 -118.24499999999999 34.165000000000006 2.1260000000000003 4.4352710389939132 3.6049620168317569 33.755000000000003 6.1963000852514929 -122.40499999999999 -122.38499999999998 1.5681615996735363 34.655000000000008 2.6633984153933228 38.735000000000007 9.1688500000000008 23.500000000000004
decision_type= 2 2 2 2 2 2 2 2 2 2 2 2 2 2 2 2 2 2
left_child=5 2 3 4 -2 14 7 11 -5 -3 15 -7 -8 -14 -1 -4 -11 -12
right_child=1 9 10 8 -6 6 12 -9 -10 16 17 -13 13 -15 -16 -17 -18 -19
leaf_value= 0.010350847545325654 0.057328025332993686 -0.012495352355981388 0.029482897818142367 0.016817181702585584 0.016461657687664475 0.044697598167446284 -0.068065307060113323 -0.013365112855387693 -0.0061285789755581369 0.004865189155019308 -0.0085678574793059768 0.0075563786790742897 -0.0023916576140645077 -0.014439174520078269 -0.019536949837706784 -0.046889504680240696 0.045153500846936367 -0.031988316177434868
leaf_weight=144 751 1223 173 847 2287 131 39 585 1023 839 343 1536 1583 2469 2243 22 64 210
leaf_count=144 751 1223 173 847 2287 131 39 585 1023 839 343 1536 1583 2469 2243 22 64 210
model_size=2048
internal_value=0 0.00960914 0.0146903 0.0180676 0.0265639 -0.00856567 -0.00511548 0.00428215 0.0042645 -0.0039088 -0.00746972 0.0104751 -0.0102886 -0.00973256 -0.0177339 0.0208665 0.00772062 -0.0174617
internal_weight=0 7782 5656 4908 3038 8730 6343 2252 1870 2126 748 1667 4091 4052 2387 195 903 553
internal_count=16512 7782 5656 4908 3038 8730 6343 2252 1870 2126 748 1667 4091 4052 2387 195 903 553
is_linear=0
shrinkage=0.1


Tree=21
num_leaves= 22
num_cat= 0
full_tree_array_lgbids= 0 1 12 2 9 14 13 4 3 10 17 20 -16 16 -15 5 7 6 8 11 15 18 -19 -2 -22 -2147483648 -2147483648 -14 19 -2147483648 -2147483648 -1 -7 -6 -9 -4 -8 -5 -10 -3 -13 -12 -17 -11 -20 -2147483648 -2147483648 -2147483648 -2147483648 -2147483648 -2147483648 -2147483648 -2147483648 -2147483648 -2147483648 -2147483648 -2147483648 -18 -21 -2147483648 -2147483648 -2147483648 -2147483648
split_feature= 1 8 7 8 8 7 7 7 8 7 8 4 4 6 1 8 2 5 4 5 8
split_gain= 106.585 43.8177 84.7548 152.151 93.7898 105.978 93.3447 46.0536 44.2566 31.0637 40.5895 10.9999 8.17209 9.43723 4.38898 4.24361 3.47504 3.17555 10.2807 2.59019 0.844408
threshold= 5.5682000000000009 -117.77499999999999 34.525000000000013 -121.56499999999998 -118.36499999999999 34.155000000000008 38.675000000000004 34.045000000000009 -119.94499999999998 33.695000000000007 -117.16499999999998 1.1668343393695511 1.0003353454057682 3.1100458715596333 8.4454500000000028 -116.11499999999999 10.500000000000002 139.50000000000003 1.3223186760539911 198.50000000000003 -122.26499999999999
decision_type= 2 2 2 2 2 2 2 2 2 2 2 2 2 2 2 2 2 2 2 2 2
left_child=1 2 4 6 5 -1 -4 -6 -5 10 11 -3 14 16 20 -12 -14 18 -11 -18 -2
right_child=12 9 3 8 7 -7 -8 -9 -10 17 15 -13 13 -15 -16 -17 19 -19 -20 -21 -22
leaf_value= 0.080210917126739945 0.040517933528325611 0.011830586959670842 0.013538424152215019 -0.015912837060799389 -0.005876857676142334 0.013134361863642556 -0.029972271616685989 0.020039805604222687 -0.04337695181013182 0.10792559845639126 -0.015321349076695337 0.067738972432733344 0.0059095590216208622 0.0092092564758297201 0.033704756939820696 -0.051495224357385072 -0.0405258734628339 -0.032413752573685582 -0.057082275922099746 0.036425048524546914 -0.00032897319713308349
leaf_weight=383 53 418 2994 2030 2645 734 646 1134 1029 14.000000000000002 798 68 143 461 151 99 17 1040 11.999999999999998 1028 615
leaf_count=383 53 418 2994 2030 2645 734 646 1134 1029 14 798 68 143 461 151 99 17 1040 12 1028 615
model_size=2384
internal_value=0 -0.00348057 -0.000709248 -0.00832452 0.00971043 0.0361338 0.00581647 0.0019002 -0.0251513 -0.0166016 -0.00562041 0.0196532 0.019806 0.0253769 0.00858919 -0.0193138 0.0316507 -0.0308483 0.0317681 0.0351732 0.00291187
internal_weight=0 14044 11595 6699 4896 1117 3640 3779 3059 2449 1383 486 2468 1649 819 897 1188 1066 26 1045 668
internal_count=16512 14044 11595 6699 4896 1117 3640 3779 3059 2449 1383 486 2468 1649 819 897 1188 1066 26 1045 668
is_linear=0
shrinkage=0.1


Tree=22
num_leaves= 22
num_cat= 0
full_tree_array_lgbids= 0 1 10 2 3 11 19 15 -4 4 5 17 12 -12 20 -1 16 -2147483648 -2147483648 7 8 6 9 -2 18 14 13 -2147483648 -2147483648 -21 -22 -2147483648 -2147483648 -17 -18 -2147483648 -2147483648 -2147483648 -2147483648 -3 -9 -6 -10 -5 -8 -7 -11 -2147483648 -2147483648 -19 -20 -13 -16 -14 -15 -2147483648 -2147483648 -2147483648 -2147483648 -2147483648 -2147483648 -2147483648 -2147483648
split_feature= 1 8 7 7 8 8 7 7 8 1 4 8 7 8 8 2 7 7 8 5 2
split_gain= 84.9077 38.1147 79.0996 54.9758 125.637 90.215 87.6261 26.6424 20.852 18.4147 9.15968 8.40832 11.0911 40.6583 10.9048 5.8629 11.1131 4.77068 6.46773 0.900379 0.523184
threshold= 5.6042500000000013 -122.38499999999998 38.705000000000005 34.525000000000013 -118.30499999999999 -119.94499999999998 37.595000000000006 34.165000000000006 -117.50499999999998 3.3096500000000004 1.0633636848814041 -122.01499999999999 34.595000000000006 -121.00499999999998 -118.02499999999999 47.500000000000007 37.765000000000008 37.615000000000002 -122.40499999999999 170.50000000000003 10.500000000000002
decision_type= 2 2 2 2 2 2 2 2 2 2 2 2 2 2 2 2 2 2 2 2 2
left_child=1 2 15 4 7 6 -5 -3 -6 -7 11 17 14 -14 -13 -1 -17 -2 -19 -12 -21
right_child=10 3 -4 5 8 9 -8 -9 -10 -11 19 12 13 -15 -16 16 -18 18 -20 20 -22
leaf_value= 0.023197385459430019 0.049286480653198794 0.038627839785699725 -0.027581708871626427 0.014515814750626622 -0.00082110820493106872 -0.02957734917299373 -0.01633501018685796 0.010239080487897191 -0.015655854440121807 -0.063322025437373669 -0.024497707068920137 0.027903249215645094 0.0017919230033449397 -0.11215699399333626 0.00086868214155846196 0.022536190184043119 0.07158019056336748 0.046618093291682927 -0.0041641359895082386 0.012405300918621869 0.04088158162952768
leaf_weight=522 188 933 329 1489 3585 788 3040 776 2011 320 25 528 319 42 483 142 171 87 145 127 462
leaf_count=522 188 933 329 1489 3585 788 3040 776 2011 320 25 528 319 42 483 142 171 87 145 127 462
model_size=2384
internal_value=0 -0.00308958 0.015872 -0.00479498 0.00130838 -0.0127043 -0.00619218 0.0257374 -0.00615218 -0.0393231 0.0181137 0.0132429 0.00802735 -0.0114653 0.0149876 0.0329933 0.0493302 0.0302806 0.0148792 0.0323295 0.0347415
internal_weight=0 14106 1164 12942 7305 5637 4529 1709 5596 1108 2406 1792 1372 361 1011 835 313 420 232 614 589
internal_count=16512 14106 1164 12942 7305 5637 4529 1709 5596 1108 2406 1792 1372 361 1011 835 313 420 232 614 589
is_linear=0
shrinkage=0.1


Tree=23
num_leaves= 19
num_cat= 0
full_tree_array_lgbids= 0 7 1 17 8 2 4 -1 -19 9 13 -2 3 6 15 -2147483648 -2147483648 -2147483648 -2147483648 12 10 -10 16 -2147483648 -2147483648 5 11 -3 14 -6 -17 -2147483648 -2147483648 -2147483648 -2147483648 -2147483648 -2147483648 -2147483648 -2147483648 -9 -14 -11 -12 -2147483648 -2147483648 -15 -18 -2147483648 -2147483648 -2147483648 -2147483648 -4 -7 -5 -13 -2147483648 -2147483648 -8 -16 -2147483648 -2147483648 -2147483648 -2147483648
split_feature= 1 8 7 7 7 8 8 1 6 2 7 8 7 5 8 6 7 3
split_gain= 70.0456 29.6461 31.0642 26.1681 24.4739 23.8075 22.7873 10.7797 9.56174 8.47526 6.09114 5.93273 5.86047 3.81713 1.79114 1.65362 1.40754 0.632575
threshold= 3.6530500000000008 -117.71499999999999 33.625000000000007 37.965000000000011 33.645000000000003 -122.33499999999999 -117.145 1.8066500000000001 2.5949646725452555 51.500000000000007 37.805000000000007 -122.40499999999999 34.455000000000005 70.000000000000014 -116.11499999999999 2.9069418255464767 37.915000000000006 2.6633984153933228
decision_type= 2 2 2 2 2 2 2 2 2 2 2 2 2 2 2 2 2 2
left_child=7 2 -2 5 6 -4 -3 17 9 12 -11 -5 -9 -10 -8 -6 -15 -1
right_child=1 4 3 11 15 -7 14 8 13 10 -12 -13 -14 16 -16 -17 -18 -19
leaf_value= 0.0092831378517387163 0.082186498563434629 0.022801291570907517 0.037813874180494089 0.013359653410562142 -0.050917025686399955 0.010071083205301418 -0.014119144138571439 0.0071888837887871086 0.069498520805255357 0.039954761004550976 -0.0084636461406642962 -0.01546911258446345 -0.0074366668108578476 -0.0066360431363183345 -0.093051730282604703 -0.019994193310959835 -0.018727988797980558 -0.019352737014301791
leaf_weight=111 74 388 445 216 153 5183 344 1159 19 188 86 689 1409 3728 15.999999999999998 274 752 1278
leaf_count=111 74 388 445 216 153 5183 344 1159 19 188 86 689 1409 3728 16 274 752 1278
model_size=2048
internal_value=0 0.00726898 0.0101914 0.00937595 -0.00916394 0.0122647 0.0033437 -0.00647964 -0.00447689 0.00163169 0.0247577 -0.00858843 -0.000835805 -0.00833566 -0.0176273 -0.0310743 -0.00866576 -0.0170643
internal_weight=0 7782 6607 6533 1175 5628 748 8730 7341 2842 274 905 2568 4499 360 427 4480 1389
internal_count=16512 7782 6607 6533 1175 5628 748 8730 7341 2842 274 905 2568 4499 360 427 4480 1389
is_linear=0
shrinkage=0.1


Tree=24
num_leaves= 19
num_cat= 0
full_tree_array_lgbids= 0 1 12 2 9 13 -14 4 3 14 10 15 -15 -2147483648 -2147483648 5 7 6 8 -3 -16 11 -12 16 17 -2147483648 -2147483648 -2147483648 -2147483648 -2147483648 -2147483648 -1 -7 -6 -9 -4 -8 -5 -10 -2147483648 -2147483648 -2147483648 -2147483648 -11 -13 -2147483648 -2147483648 -2 -18 -17 -19 -2147483648 -2147483648 -2147483648 -2147483648 -2147483648 -2147483648 -2147483648 -2147483648 -2147483648 -2147483648 -2147483648 -2147483648
split_feature= 1 6 7 8 8 7 7 8 1 8 7 8 4 1 7 8 7 7
split_gain= 58.2487 32.7437 34.0151 92.604 80.5185 53.728 39.7529 22.8945 10.6112 5.87516 6.59681 5.43083 5.41581 5.17079 3.92339 2.41985 4.15472 3.43573
threshold= 5.6042500000000013 3.1336552646136835 34.655000000000008 -119.94499999999998 -118.36499999999999 34.115000000000002 37.595000000000006 -117.50499999999998 3.5488500000000003 -121.48499999999999 35.135000000000012 -118.46499999999999 1.0720492556284056 8.7395500000000013 37.895000000000003 -122.02499999999999 37.615000000000002 34.595000000000006
decision_type= 2 2 2 2 2 2 2 2 2 2 2 2 2 2 2 2 2 2
left_child=1 2 4 6 5 -1 -4 -6 -5 14 11 -11 13 15 -3 16 -2 -17
right_child=12 9 3 8 7 -7 -8 -9 -10 10 -12 -13 -14 -15 -16 17 -18 -19
leaf_value= 0.070891782581964699 0.047056870799707745 0.010457753397512055 0.019913415781456559 -0.032024097317903059 0.0085999955204431999 0.016064955667105311 -0.0051703446920059468 -0.010475463010721876 -0.070935290045693419 0.015466343007050454 -0.024332037161344688 -0.011257526940829644 0.029597488133841943 0.031534309256552893 -0.018537412733607688 0.0098855265999203967 0.0081744221369735911 -0.010937501947641023
leaf_weight=329 133 511 968 489 2188 544 3480 1380 163 200 841 2819 514 277 194 915 200 367
leaf_count=329 133 511 968 489 2188 544 3480 1380 163 200 841 2819 514 277 194 915 200 367
model_size=2048
internal_value=0 -0.00261398 0.00109889 -0.00508605 0.00820162 0.0367271 0.000288531 0.00122216 -0.0417519 -0.010374 -0.0127215 -0.00948715 0.0153253 0.011448 0.00247894 0.00800287 0.023704 0.00392449
internal_weight=0 14106 9541 5100 4441 873 4448 3568 652 4565 3860 3019 2406 1892 705 1615 333 1282
internal_count=16512 14106 9541 5100 4441 873 4448 3568 652 4565 3860 3019 2406 1892 705 1615 333 1282
is_linear=0
shrinkage=0.1


Tree=25
num_leaves= 19
num_cat= 0
full_tree_array_lgbids= 0 1 12 2 3 17 13 10 -4 4 5 -2 -19 14 -15 -1 11 -2147483648 -2147483648 7 8 6 9 -2147483648 -2147483648 -2147483648 -2147483648 16 15 -2147483648 -2147483648 -2147483648 -2147483648 -12 -13 -2147483648 -2147483648 -2147483648 -2147483648 -3 -9 -6 -10 -5 -8 -7 -11 -2147483648 -2147483648 -2147483648 -2147483648 -2147483648 -2147483648 -2147483648 -2147483648 -14 -18 -16 -17 -2147483648 -2147483648 -2147483648 -2147483648
split_feature= 1 8 7 7 8 8 7 7 8 1 2 3 4 7 8 7 7 3
split_gain= 45.6178 26.1469 58.5143 33.5303 80.9365 59.0538 79.1614 51.5002 15.0183 8.83467 3.80252 7.53097 3.03381 1.36911 2.77109 4.31957 3.40262 0.833723
threshold= 5.6851000000000012 -122.35499999999998 38.705000000000005 34.655000000000008 -118.35499999999998 -120.56499999999998 37.595000000000006 34.155000000000008 -116.53499999999998 3.3096500000000004 47.500000000000007 3.193182511128728 0.96895480831013081 38.015000000000008 -118.03499999999998 33.645000000000003 34.145000000000003 5.4549101278228429
decision_type= 2 2 2 2 2 2 2 2 2 2 2 2 2 2 2 2 2 2
left_child=1 2 10 4 7 6 -5 -3 -6 -7 -1 -12 17 14 16 -16 -14 -2
right_child=12 3 -4 5 8 9 -8 -9 -10 -11 11 -13 13 -15 15 -17 -18 -19
leaf_value= 0.019459961373557121 -0.041965012485161428 0.052780864705605605 -0.023083665355576974 0.01812129305549964 -0.0027779909592364743 -0.022060804209691792 -0.01356569842324251 0.0084432096172686183 -0.036060183440902081 -0.04600917604526366 -0.037809426087716765 0.049446620213554747 0.038966648049521733 -0.015334512601223064 0.024290147196205165 -0.0057633907948843235 0.017897265724028003 0.004330798467539902
leaf_weight=564 48 481 354 1254 5953 1025 2829 819 216 414 22 301 363 85 242 319 908 315
leaf_count=564 48 481 354 1254 5953 1025 2829 819 216 414 22 301 363 85 242 319 908 315
model_size=2048
internal_value=0 -0.0022823 0.0135821 -0.0037978 0.00106791 -0.0103791 -0.00383376 0.0248481 -0.00394333 -0.0289507 0.0282154 0.0435035 0.0142464 0.0172832 0.0187966 0.00720088 0.0239147 -0.00179096
internal_weight=0 14232 1241 12991 7469 5522 4083 1300 6169 1439 887 323 2280 1917 1832 561 1271 363
internal_count=16512 14232 1241 12991 7469 5522 4083 1300 6169 1439 887 323 2280 1917 1832 561 1271 363
is_linear=0
shrinkage=0.1


Tree=26
num_leaves= 17
num_cat= 0
full_tree_array_lgbids= 0 1 6 2 8 7 -8 14 3 9 10 12 -9 -2147483648 -2147483648 15 -16 4 5 -3 -11 11 -12 -2 13 -2147483648 -2147483648 -2147483648 -2147483648 -2147483648 -2147483648 -1 -17 -2147483648 -2147483648 -4 -6 -5 -7 -2147483648 -2147483648 -2147483648 -2147483648 -10 -13 -2147483648 -2147483648 -2147483648 -2147483648 -14 -15 -2147483648 -2147483648 -2147483648 -2147483648 -2147483648 -2147483648 -2147483648 -2147483648 -2147483648 -2147483648 -2147483648 -2147483648
split_feature= 3 6 2 7 8 8 8 7 8 7 7 8 8 7 8 7
split_gain= 41.0485 27.1099 19.2466 14.6573 27.1819 23.5857 9.09868 8.59979 7.05768 14.1397 8.85596 24.9016 5.09619 3.32065 0.139274 1.6217
threshold= 6.3286213786213787 2.4469862317432325 21.500000000000004 34.115000000000002 -118.36499999999999 -122.35499999999998 -117.175 37.985000000000007 -122.38499999999998 38.415000000000006 37.595000000000006 -121.34499999999998 -122.33499999999999 33.565000000000005 -117.98499999999999 34.155000000000008
decision_type= 2 2 2 2 2 2 2 2 2 2 2 2 2 2 2 2
left_child=1 2 14 4 -4 -5 7 12 9 -3 11 -10 -2 -14 15 -1
right_child=6 8 3 5 -6 -7 -8 -9 10 -11 -12 -13 13 -15 -16 -17
leaf_value= 0.022546174338397881 0.055116884884141064 0.024736339552312345 0.054351233113070586 0.029106942389648734 0.011706798007892571 -0.0038278974258889411 -0.011027656882930144 -0.0011568811936210374 0.015539356851116222 -0.01498190871148836 -0.015856516866798977 -0.0070449776083349267 0.042165111415322476 0.014075729847785715 -0.019173089256305585 -0.0063780697828852697
leaf_weight=144 92 372 268 385 716 1240 314 597 723 230 1734 6510 159 1973 387 668
leaf_count=144 92 372 268 385 716 1240 314 597 723 230 1734 6510 159 1973 387 668
model_size=1824
internal_value=0 -0.00264582 0.00550785 0.0112717 0.0233213 0.00397513 0.0112897 0.0137738 -0.00589058 0.00956159 -0.00692796 -0.00478748 0.0177817 0.0161706 -0.0070341 -0.00124865
internal_weight=0 13377 3808 2609 984 1625 3135 2821 9569 602 8967 7233 2224 2132 1199 812
internal_count=16512 13377 3808 2609 984 1625 3135 2821 9569 602 8967 7233 2224 2132 1199 812
is_linear=0
shrinkage=0.1


Tree=27
num_leaves= 17
num_cat= 0
full_tree_array_lgbids= 0 1 13 3 2 -2 -15 7 9 4 11 -2147483648 -2147483648 -2147483648 -2147483648 12 8 10 15 6 5 14 -13 -2147483648 -2147483648 -2147483648 -2147483648 -2147483648 -2147483648 -2147483648 -2147483648 -1 -14 -9 -10 -5 -12 -11 -17 -3 -8 -6 -7 -4 -16 -2147483648 -2147483648 -2147483648 -2147483648 -2147483648 -2147483648 -2147483648 -2147483648 -2147483648 -2147483648 -2147483648 -2147483648 -2147483648 -2147483648 -2147483648 -2147483648 -2147483648 -2147483648
split_feature= 6 7 8 8 7 8 8 7 8 8 7 1 8 3 6 8
split_gain= 32.0091 27.7976 89.0595 65.1087 42.949 34.5959 32.4863 24.8395 26.833 18.9884 33.4998 14.9176 1.93489 1.57923 0.913048 0.0679809
threshold= 3.253673235601747 34.525000000000013 -119.94499999999998 -118.36499999999999 37.595000000000006 -122.40499999999999 -122.02499999999999 34.135000000000012 -119.34499999999998 -117.145 33.755000000000003 5.0116000000000005 -118.41499999999998 6.1632226112202213 2.3055777777777782 -116.22499999999998
decision_type= 2 2 2 2 2 2 2 2 2 2 2 2 2 2 2 2
left_child=1 3 4 7 6 -6 -3 12 -9 10 -5 14 -1 -2 -4 -11
right_child=13 2 11 9 5 -7 -8 8 -10 15 -12 -13 -14 -15 -16 -17
leaf_value= 0.061396899168250446 -0.010476974611839622 0.04302087783869956 -0.059548868942371713 0.023634993041027248 0.01350327342026518 -0.0096419865526278428 0.0071540260741118095 0.065753718387558432 0.0057887851075749926 -0.010568402984535295 -0.00017303775755627589 -0.095427909304024811 0.034332551566642042 0.002485660603596028 -0.0258025299593399 -0.047680066067920024
leaf_weight=283 3594 463 94 1021 1101 2969 1016 117 606 789 2687 59 283 714 649 67
leaf_count=283 3594 463 94 1021 1101 2969 1016 117 606 789 2687 59 283 714 649 67
model_size=1824
internal_value=0 0.00293998 -0.00229042 0.0086154 0.00241975 -0.00338082 0.0183821 0.0297072 0.0154927 0.00265849 0.00638252 -0.0348799 0.0478647 -0.00832857 -0.0300719 -0.0134732
internal_weight=0 12204 6351 5853 5549 4070 1479 1289 723 4564 3708 802 566 4308 743 856
internal_count=16512 12204 6351 5853 5549 4070 1479 1289 723 4564 3708 802 566 4308 743 856
is_linear=0
shrinkage=0.1


Tree=28
num_leaves= 13
num_cat= 0
full_tree_array_lgbids= 0 1 7 -1 2 8 9 -2147483648 -2147483648 3 5 -2 -10 10 -11 -2147483648 -2147483648 -2147483648 -2147483648 -3 4 6 -7 -2147483648 -2147483648 -2147483648 -2147483648 11 -12 -2147483648 -2147483648 -2147483648 -2147483648 -2147483648 -2147483648 -2147483648 -2147483648 -2147483648 -2147483648 -2147483648 -2147483648 -5 -6 -4 -8 -2147483648 -2147483648 -2147483648 -2147483648 -2147483648 -2147483648 -2147483648 -2147483648 -2147483648 -2147483648 -9 -13 -2147483648 -2147483648 -2147483648 -2147483648 -2147483648 -2147483648
split_feature= 3 4 8 7 7 7 8 2 8 7 8 8
split_gain= 28.7828 19.6864 16.4325 26.5769 17.911 15.7315 19.1604 5.37151 1.79951 0.0478863 3.25439 1.47804
threshold= 6.3286213786213787 0.9926017150155082 -117.77499999999999 33.625000000000007 34.525000000000013 33.565000000000005 -117.24499999999999 32.500000000000007 -116.22499999999998 37.595000000000006 -118.00499999999998 -118.05499999999999
decision_type= 2 2 2 2 2 2 2 2 2 2 2 2
left_child=1 -1 3 -3 -5 6 -4 8 -2 10 11 -9
right_child=7 2 5 4 -6 -7 -8 9 -10 -11 -12 -13
leaf_value= -0.011593371135125388 0.006864409053483041 0.10675361247267574 0.036168977054821458 0.0077068528609719328 -0.0032134480579638111 -0.023918886134565619 -0.0082676093991507198 0.032835448805271887 -0.050554717361228546 0.0059201847416569748 -0.0034399713470560055 0.10740993366037543
leaf_weight=2632 2356 32 172 4054 4923 794 770 400 32 236 92 19
leaf_count=2632 2356 32 172 4054 4923 794 770 400 32 236 92 19
model_size=1376
internal_value=0 -0.00230324 -2.76127e-05 0.00209123 0.00171814 -0.0110234 -0.000153923 0.0098279 0.00609497 0.0217613 0.0290773 0.0362171
internal_weight=0 13377 10745 9009 8977 1736 942 3135 2388 747 511 419
internal_count=16512 13377 10745 9009 8977 1736 942 3135 2388 747 511 419
is_linear=0
shrinkage=0.1


Tree=29
num_leaves= 12
num_cat= 0
full_tree_array_lgbids= 0 1 8 2 7 -2 9 6 3 -3 -9 -2147483648 -2147483648 -10 10 -1 -8 4 5 -2147483648 -2147483648 -2147483648 -2147483648 -2147483648 -2147483648 -2147483648 -2147483648 -2147483648 -2147483648 -11 -12 -2147483648 -2147483648 -2147483648 -2147483648 -4 -6 -5 -7 -2147483648 -2147483648 -2147483648 -2147483648 -2147483648 -2147483648 -2147483648 -2147483648 -2147483648 -2147483648 -2147483648 -2147483648 -2147483648 -2147483648 -2147483648 -2147483648 -2147483648 -2147483648 -2147483648 -2147483648 -2147483648 -2147483648 -2147483648 -2147483648
split_feature= 6 7 8 8 7 7 7 7 8 7 1
split_gain= 23.3398 19.6098 31.3145 18.8031 40.0379 31.1691 13.3822 3.21916 1.33431 2.44965 1.7082
threshold= 3.253673235601747 37.945000000000007 -122.41499999999998 -117.75499999999998 34.525000000000013 33.565000000000005 37.755000000000003 39.82500000000001 -121.48499999999999 35.335000000000008 6.0886500000000003
decision_type= 2 2 2 2 2 2 2 2 2 2 2
left_child=1 2 6 4 -4 -5 -1 -3 -2 -10 -11
right_child=8 7 3 5 -6 -7 -8 -9 9 10 -12
leaf_value= 0.0080327059964196441 0.0036803322066210143 -0.0040870453735399707 0.014118275168756789 0.0055804646921529151 -0.0023405909113505836 -0.022843180749060273 0.053541182948538338 -0.024038893831044104 -0.0068617310967615287 -0.01960376630353472 -0.1224822473526001
leaf_weight=183 686 2159 3910 1145 3335 868 256 348 2948 664 9.9999999999999982
leaf_count=183 686 2159 3910 1145 3335 868 256 348 2948 664 10
model_size=1264
internal_value=0 0.00261762 0.00506702 0.003668 0.00654197 -0.00667573 0.0345707 -0.00685659 -0.00741537 -0.00951687 -0.0211302
internal_weight=0 12204 9697 9258 7245 2013 439 2507 4308 3622 674
internal_count=16512 12204 9697 9258 7245 2013 439 2507 4308 3622 674
is_linear=0
shrinkage=0.1


Tree=30
num_leaves= 12
num_cat= 0
full_tree_array_lgbids= 0 1 5 -1 2 6 -7 -2147483648 -2147483648 3 -4 10 7 -2147483648 -2147483648 -2147483648 -2147483648 -2147483648 -2147483648 4 -5 -2147483648 -2147483648 -2 -12 9 8 -2147483648 -2147483648 -2147483648 -2147483648 -2147483648 -2147483648 -2147483648 -2147483648 -2147483648 -2147483648 -2147483648 -2147483648 -3 -6 -2147483648 -2147483648 -2147483648 -2147483648 -2147483648 -2147483648 -2147483648 -2147483648 -2147483648 -2147483648 -8 -11 -9 -10 -2147483648 -2147483648 -2147483648 -2147483648 -2147483648 -2147483648 -2147483648 -2147483648
split_feature= 3 4 6 7 8 7 8 7 8 8 7
split_gain= 22.1966 13.8766 11.5792 6.75364 25.7846 1.7445 2.95314 16.7357 14.9711 12.646 5.07821
threshold= 6.3286213786213787 0.99160544721033084 3.1100458715596333 37.915000000000006 -122.31499999999998 39.355000000000011 -121.63499999999998 34.655000000000008 -119.94499999999998 -117.86499999999999 37.665000000000006
decision_type= 2 2 2 2 2 2 2 2 2 2 2
left_child=1 -1 3 4 -3 6 10 9 -9 -8 -2
right_child=5 2 -4 -5 -6 -7 7 8 -10 -11 -12
leaf_value= -0.010516853004147312 0.034346435421191639 0.033636337165430734 -0.0063181257419058796 -0.0058271486163669912 0.0032349095818489438 -0.026237118109241578 0.024965596641299811 0.0012591959691434611 -0.042451291837161252 0.0014188508870951223 0.0091299002210019492
leaf_weight=2583 371 403 3531 1582 5278 83 740 420 177 812 532
leaf_count=2583 371 403 3531 1582 5278 83 740 420 177 812 532
model_size=1264
internal_value=0 -0.0020979 -8.32457e-05 0.00294792 0.00539153 0.0089517 0.00990867 0.00588256 -0.0117002 0.012646 0.0194902
internal_weight=0 13377 10794 7263 5681 3135 3052 2149 597 1552 903
internal_count=16512 13377 10794 7263 5681 3135 3052 2149 597 1552 903
is_linear=0
shrinkage=0.1


Tree=31
num_leaves= 10
num_cat= 0
full_tree_array_lgbids= 0 1 -2 2 6 -2147483648 -2147483648 -1 3 7 -8 -2147483648 -2147483648 -2147483648 -2147483648 -2147483648 -2147483648 5 4 8 -9 -2147483648 -2147483648 -2147483648 -2147483648 -2147483648 -2147483648 -2147483648 -2147483648 -2147483648 -2147483648 -2147483648 -2147483648 -2147483648 -2147483648 -4 -7 -5 -6 -3 -10 -2147483648 -2147483648 -2147483648 -2147483648 -2147483648 -2147483648 -2147483648 -2147483648 -2147483648 -2147483648 -2147483648 -2147483648 -2147483648 -2147483648 -2147483648 -2147483648 -2147483648 -2147483648 -2147483648 -2147483648 -2147483648 -2147483648
split_feature= 3 8 7 7 8 8 7 8 2
split_gain= 16.675 13.1552 23.2334 12.8801 51.4865 29.2289 8.16316 14.1047 8.02483
threshold= 6.5207558992324239 -117.77499999999999 33.625000000000007 34.525000000000013 -121.56499999999998 -118.36499999999999 33.565000000000005 -117.16499999999998 20.500000000000004
decision_type= 2 2 2 2 2 2 2 2 2
left_child=1 2 -1 5 -5 -4 7 8 -3
right_child=-2 6 3 4 -6 -7 -8 -9 -10
leaf_value= 0.095783214100769593 0.0091951387974226802 -0.0047053429946536203 0.019354365963796499 0.0040845475583686456 -0.015554187025732425 -0.00036450550665097713 -0.020419664243516572 -0.012662913692633433 0.035710119373753617
leaf_weight=35 2559 200 1308 3744 2694 3933 1011 812 216
leaf_count=35 2559 200 1308 3744 2694 3933 1011 812 216
model_size=1040
internal_value=0 -0.0016864 5.32601e-05 -0.000233626 -0.00413334 0.00455675 -0.010788 -0.00285828 0.0162796
internal_weight=0 13953 11714 11679 6438 5241 2239 1228 416
internal_count=16512 13953 11714 11679 6438 5241 2239 1228 416
is_linear=0
shrinkage=0.1


Tree=32
num_leaves= 9
num_cat= 0
full_tree_array_lgbids= 0 1 6 -1 2 7 -8 -2147483648 -2147483648 4 3 -2 -9 -2147483648 -2147483648 -2147483648 -2147483648 -2147483648 -2147483648 5 -6 -4 -5 -2147483648 -2147483648 -2147483648 -2147483648 -2147483648 -2147483648 -2147483648 -2147483648 -2147483648 -2147483648 -2147483648 -2147483648 -2147483648 -2147483648 -2147483648 -2147483648 -3 -7 -2147483648 -2147483648 -2147483648 -2147483648 -2147483648 -2147483648 -2147483648 -2147483648 -2147483648 -2147483648 -2147483648 -2147483648 -2147483648 -2147483648 -2147483648 -2147483648 -2147483648 -2147483648 -2147483648 -2147483648 -2147483648 -2147483648
split_feature= 3 4 2 8 6 7 8 7
split_gain= 11.7772 9.50557 7.29804 4.809 2.41529 4.36278 0.285166 0.0384158
threshold= 6.3286213786213787 0.98327525320217724 51.500000000000007 -122.43499999999999 3.1100458715596333 34.525000000000013 -116.53499999999998 39.355000000000011
decision_type= 2 2 2 2 2 2 2 2
left_child=1 -1 4 -4 5 -3 7 -2
right_child=6 2 3 -5 -6 -7 -8 -9
leaf_value= -0.010202008217601193 0.0091627369320019508 0.0056910776061021079 0.046035198619235954 0.0083872285600168611 -0.0056833539914407779 -0.0031110776636193633 -0.024909319965457866 -0.024338789881173387
leaf_weight=2158 2965 3450 116 615 3577 3461 87 83
leaf_count=2158 2965 3450 116 615 3577 3461 87 83
model_size=928
internal_value=0 -0.0017179 -8.59569e-05 0.0143615 -0.00109292 0.00128299 0.00733023 0.00825046
internal_weight=0 13377 11219 731 10488 6911 3135 3048
internal_count=16512 13377 11219 731 10488 6911 3135 3048
is_linear=0
shrinkage=0.1


Tree=33
num_leaves= 20
num_cat= 0
full_tree_array_lgbids= 0 3 1 11 9 2 4 -1 18 10 -11 6 13 12 5 -2147483648 -2147483648 -13 -20 17 -12 -2147483648 -2147483648 7 8 -4 14 -3 -14 16 15 -2147483648 -2147483648 -2147483648 -2147483648 -2147483648 -2147483648 -2147483648 -2147483648 -5 -19 -2147483648 -2147483648 -2147483648 -2147483648 -2147483648 -2147483648 -2 -9 -8 -10 -2147483648 -2147483648 -15 -16 -2147483648 -2147483648 -2147483648 -2147483648 -6 -18 -7 -17
split_feature= 8 7 8 7 8 1 7 7 8 8 7 8 2 6 7 1 7 7 1
split_gain= 11.2615 44.1625 42.2172 34.1083 18.8241 25.6247 15.0546 25.8203 21.1198 14.871 29.0784 7.40776 6.06926 5.40157 6.06976 2.10621 1.678 1.40263 0.0816466
threshold= -121.85499999999998 35.335000000000008 -118.30499999999999 37.595000000000006 -120.62499999999999 4.1408500000000013 34.165000000000006 34.045000000000009 -119.21499999999999 -122.40499999999999 38.705000000000005 -122.13499999999998 24.500000000000004 1.5104297674263547 33.765000000000008 5.6851000000000012 37.855000000000011 37.755000000000003 1.8847000000000003
decision_type= 2 2 2 2 2 2 2 2 2 2 2 2 2 2 2 2 2 2 2
left_child=3 2 6 11 12 16 7 -2 -8 10 17 -1 -3 -4 -15 -7 -6 -5 -13
right_child=1 4 13 9 5 15 8 -9 -10 -11 -12 18 -14 14 -16 -17 -18 -19 -20
leaf_value= 0.044410975962341163 0.01153094108326564 0.0018614607541477845 -0.05234603473980879 0.0038393947131072103 -0.022295358601174119 -0.054085855364974122 0.026993768077657646 0.046193677130994072 -0.0064117284060797239 -0.0083840485367059816 -0.019481049102897462 0.10689779422245921 -0.014857950633060529 0.0045022834698682686 -0.005614606683402374 -0.11867696537691004 0.0051022335268926869 0.027689233725305348 0.014848858334990845
leaf_weight=271 811 1194 58 260 925 128 399 453 843 1595 319 10.999999999999998 994 2262 4313 34 170 639 833
leaf_count=271 811 1194 58 260 925 128 399 453 843 1595 319 11 994 2262 4313 34 170 639 833
model_size=2160
internal_value=0 -0.00196162 0.0020325 0.00628437 -0.0125573 -0.0244342 0.014223 0.0239536 0.00431999 -0.00031829 0.010244 0.022942 -0.0057341 -0.00257315 -0.00213409 -0.067642 -0.0180419 0.0207916 0.0160485
internal_weight=0 12584 9139 3928 3445 1257 2506 1264 1242 2813 1218 1115 2188 6633 6575 162 1095 899 844
internal_count=16512 12584 9139 3928 3445 1257 2506 1264 1242 2813 1218 1115 2188 6633 6575 162 1095 899 844
is_linear=0
shrinkage=0.1


Tree=34
num_leaves= 10
num_cat= 0
full_tree_array_lgbids= 0 1 -2 5 2 -2147483648 -2147483648 7 -7 3 -4 -2147483648 -2147483648 -2147483648 -2147483648 -1 8 -2147483648 -2147483648 6 4 -2147483648 -2147483648 -2147483648 -2147483648 -2147483648 -2147483648 -2147483648 -2147483648 -2147483648 -2147483648 -2147483648 -2147483648 -9 -10 -2147483648 -2147483648 -2147483648 -2147483648 -3 -8 -5 -6 -2147483648 -2147483648 -2147483648 -2147483648 -2147483648 -2147483648 -2147483648 -2147483648 -2147483648 -2147483648 -2147483648 -2147483648 -2147483648 -2147483648 -2147483648 -2147483648 -2147483648 -2147483648 -2147483648 -2147483648
split_feature= 8 7 8 3 7 4 4 2 6
split_gain= 10.0107 20.5747 20.9912 10.9253 12.8816 8.5086 7.03493 1.92527 1.08819
threshold= -117.145 33.695000000000007 -117.425 5.5511074737062058 34.525000000000013 1.242469606242061 0.97865273220723459 28.500000000000004 2.6319530932956439
decision_type= 2 2 2 2 2 2 2 2 2
left_child=1 5 3 6 -5 7 -3 -1 -9
right_child=-2 2 -4 4 -6 -7 -8 8 -10
leaf_value= 0.0077022006959301921 -0.012236882284223094 -0.012633840558859863 -0.025156638652031767 0.014490630671811054 0.00082865434475874701 0.064771571718001117 -0.00048757330037206797 0.046233140063903687 -0.005511959615693081
leaf_weight=676 1196 1306 470 1815 3448 75 7311 164 51
leaf_count=676 1196 1306 470 1815 3448 75 7311 164 51
model_size=1040
internal_value=0 0.000955557 -0.00019027 0.000655133 0.00554013 0.0179769 -0.00232847 0.0140379 0.0339587
internal_weight=0 15316 14350 13880 5263 966 8617 891 215
internal_count=16512 15316 14350 13880 5263 966 8617 891 215
is_linear=0
shrinkage=0.1


Tree=35
num_leaves= 17
num_cat= 0
full_tree_array_lgbids= 0 4 1 11 8 2 6 -1 -13 9 -10 3 13 10 7 -2147483648 -2147483648 -2147483648 -2147483648 -6 -11 -2147483648 -2147483648 12 5 14 -15 -3 -12 -8 15 -2147483648 -2147483648 -2147483648 -2147483648 -2147483648 -2147483648 -2147483648 -2147483648 -2147483648 -2147483648 -2147483648 -2147483648 -2147483648 -2147483648 -2147483648 -2147483648 -2 -14 -5 -7 -4 -16 -2147483648 -2147483648 -2147483648 -2147483648 -2147483648 -2147483648 -2147483648 -2147483648 -9 -17
split_feature= 8 7 8 7 7 8 8 1 7 8 7 8 8 8 7 1
split_gain= 7.63639 32.5887 31.2158 25.6671 25.5786 14.3543 13.2296 19.3931 10.1149 24.316 4.15009 3.93768 3.47369 3.1038 3.84906 2.0024
threshold= -121.85499999999998 35.335000000000008 -118.35499999999998 34.135000000000012 37.595000000000006 -119.21499999999999 -120.62499999999999 3.7424000000000004 38.705000000000005 -122.40499999999999 37.235000000000007 -122.13499999999998 -118.41499999999998 -116.53499999999998 33.855000000000011 5.6851000000000012
decision_type= 2 2 2 2 2 2 2 2 2 2 2 2 2 2 2 2
left_child=4 2 3 12 11 -5 10 -8 9 -6 -3 -1 -2 14 -4 -9
right_child=1 6 13 5 8 -7 7 15 -10 -11 -12 -13 -14 -15 -16 -17
leaf_value= 0.040054918091049996 0.048561769998869152 0.015620401992911426 0.0040955331261023353 0.024995869924598828 0.018803385923447213 -0.0043211286071247364 -0.014585376393346536 -0.044281466215775882 -0.01833248733458518 -0.005939385612312568 -0.00805785548891369 0.014542563214952731 0.020799338843342206 -0.024495108023387356 -0.0047538633907485452 -0.10689213459982592
leaf_weight=271 295 277 2957 401 899 891 1019 204 490 1424 1911 844 386 234 3975 34
leaf_count=271 295 277 2957 401 899 891 1019 204 490 1424 1911 844 386 234 3975 34
model_size=1824
internal_value=0 -0.00179533 0.00175178 0.0144589 0.00575164 0.00477803 -0.0112052 -0.0219016 -0.000190672 0.00363606 -0.0050602 0.0207433 0.0328256 -0.00174686 -0.000978955 -0.0532258
internal_weight=0 12584 9139 1973 3928 1292 3445 1257 2813 2323 2188 1115 681 7166 6932 238
internal_count=16512 12584 9139 1973 3928 1292 3445 1257 2813 2323 2188 1115 681 7166 6932 238
is_linear=0
shrinkage=0.1


Tree=36
num_leaves= 11
num_cat= 0
full_tree_array_lgbids= 0 1 2 -1 4 3 -4 -2147483648 -2147483648 8 5 9 -5 -2147483648 -2147483648 -2147483648 -2147483648 -2147483648 -2147483648 -3 -10 7 6 -2 -11 -2147483648 -2147483648 -2147483648 -2147483648 -2147483648 -2147483648 -2147483648 -2147483648 -2147483648 -2147483648 -2147483648 -2147483648 -2147483648 -2147483648 -2147483648 -2147483648 -2147483648 -2147483648 -6 -9 -7 -8 -2147483648 -2147483648 -2147483648 -2147483648 -2147483648 -2147483648 -2147483648 -2147483648 -2147483648 -2147483648 -2147483648 -2147483648 -2147483648 -2147483648 -2147483648 -2147483648
split_feature= 8 7 7 8 3 7 8 8 4 4
split_gain= 6.76642 18.1782 7.78074 16.3832 6.26387 9.29591 28.8609 12.0625 3.82616 3.21786
threshold= -117.77499999999999 33.645000000000003 33.565000000000005 -117.16499999999998 5.5511074737062058 34.525000000000013 -119.94499999999998 -119.21499999999999 0.88056399418835041 1.1864242224781967
decision_type= 2 2 2 2 2 2 2 2 2 2
left_child=1 -1 3 9 8 7 -7 -6 -3 -2
right_child=2 4 -4 -5 5 6 -8 -9 -10 -11
leaf_value= 0.056158752207462075 0.012688427998825864 -0.032039620762553171 -0.015121814617618124 -0.0094866282502152899 0.066607242366919922 0.0053250156300216241 -0.025934150011108312 0.011673341727013686 -0.0010727744690100971 0.062734389952138855
leaf_weight=92 487 142 1348 944 75 2980 453 1609 8325 57
leaf_count=92 487 142 1348 944 75 2980 453 1609 8325 57
model_size=1152
internal_value=0 0.00143203 -0.00690566 0.000537465 0.00106138 0.00545209 0.00120023 0.0141199 -0.00159212 0.0179322
internal_weight=0 13676 2836 1488 13584 5117 3433 1684 8467 544
internal_count=16512 13676 2836 1488 13584 5117 3433 1684 8467 544
is_linear=0
shrinkage=0.1


Tree=37
num_leaves= 9
num_cat= 0
full_tree_array_lgbids= 0 2 1 6 3 -2 7 -1 -8 4 -5 -2147483648 -2147483648 -3 -9 -2147483648 -2147483648 -2147483648 -2147483648 5 -6 -2147483648 -2147483648 -2147483648 -2147483648 -2147483648 -2147483648 -2147483648 -2147483648 -2147483648 -2147483648 -2147483648 -2147483648 -2147483648 -2147483648 -2147483648 -2147483648 -2147483648 -2147483648 -4 -7 -2147483648 -2147483648 -2147483648 -2147483648 -2147483648 -2147483648 -2147483648 -2147483648 -2147483648 -2147483648 -2147483648 -2147483648 -2147483648 -2147483648 -2147483648 -2147483648 -2147483648 -2147483648 -2147483648 -2147483648 -2147483648 -2147483648
split_feature= 4 1 8 7 8 7 7 6
split_gain= 6.05294 5.33899 3.21711 12.9368 3.99937 6.72395 2.93286 2.3805
threshold= 1.0291350557942953 3.3627000000000002 -121.56499999999998 34.655000000000008 -118.28499999999998 33.835000000000008 37.615000000000002 3.1424162072895592
decision_type= 2 2 2 2 2 2 2 2
left_child=2 -2 6 4 5 -4 -1 -3
right_child=1 7 3 -5 -6 -7 -8 -9
leaf_value= 0.013814405026333264 -0.0011812720002838482 0.0092472879206829204 0.056625234962455806 -0.019738339081340796 -0.0068412373962779263 0.0038143175706886905 -0.0033907664735111039 -0.0025287384093170546
leaf_weight=686 5476 3679 63 1043 2437 873 1119 1136
leaf_count=686 5476 3679 63 1043 2437 873 1119 1136
model_size=928
internal_value=0 0.00239816 -0.00396712 -0.00687543 -0.00289796 0.0073689 0.00314815 0.00646898
internal_weight=0 10291 6221 4416 3373 936 1805 4815
internal_count=16512 10291 6221 4416 3373 936 1805 4815
is_linear=0
shrinkage=0.1


Tree=38
num_leaves= 12
num_cat= 0
full_tree_array_lgbids= 0 1 9 3 2 10 -11 6 4 -3 -4 -2 -12 -2147483648 -2147483648 8 -8 7 5 -2147483648 -2147483648 -2147483648 -2147483648 -2147483648 -2147483648 -2147483648 -2147483648 -2147483648 -2147483648 -2147483648 -2147483648 -1 -10 -2147483648 -2147483648 -5 -9 -6 -7 -2147483648 -2147483648 -2147483648 -2147483648 -2147483648 -2147483648 -2147483648 -2147483648 -2147483648 -2147483648 -2147483648 -2147483648 -2147483648 -2147483648 -2147483648 -2147483648 -2147483648 -2147483648 -2147483648 -2147483648 -2147483648 -2147483648 -2147483648 -2147483648
split_feature= 2 4 1 8 7 8 7 8 8 8 8
split_gain= 3.46918 2.01121 1.35264 0.910558 11.4106 4.17415 3.38952 3.16411 3.11862 0.654805 0.967909
threshold= 51.500000000000007 1.0598844094540727 3.4298000000000006 -121.56499999999998 34.595000000000006 -120.62499999999999 37.615000000000002 -119.30499999999999 -122.03499999999998 -122.43499999999999 -122.55499999999999
decision_type= 2 2 2 2 2 2 2 2 2 2 2
left_child=1 3 -3 6 7 -6 8 -5 -1 10 -2
right_child=9 2 -4 4 5 -7 -8 -9 -10 -11 -12
leaf_value= 0.027941774977972608 -0.020876242105592174 -0.00096500640412262905 0.0073004225917580427 0.040635962848817667 -0.0068284903210328197 -0.02585640781275568 -0.0035176804606857968 -0.0026294518006656589 0.00336718661937907 0.0066335435451506499 0.046267269490832902
leaf_weight=322 29 3969 2752 70 852 701 1414 4779 630 861 133
leaf_count=322 29 3969 2752 70 852 701 1414 4779 630 861 133
model_size=1264
internal_value=0 -0.000726943 0.00241938 -0.00313872 -0.00525849 -0.0154174 0.00259703 -0.00200487 0.0116792 0.0110065 0.0342478
internal_weight=0 15489 6721 8768 6402 1553 2366 4849 952 1023 162
internal_count=16512 15489 6721 8768 6402 1553 2366 4849 952 1023 162
is_linear=0
shrinkage=0.1


Tree=39
num_leaves= 13
num_cat= 0
full_tree_array_lgbids= 0 1 2 -1 3 10 -4 -2147483648 -2147483648 4 6 11 -12 -2147483648 -2147483648 -2147483648 -2147483648 -2147483648 -2147483648 5 9 7 8 -2 -13 -2147483648 -2147483648 -2147483648 -2147483648 -2147483648 -2147483648 -2147483648 -2147483648 -2147483648 -2147483648 -2147483648 -2147483648 -2147483648 -2147483648 -3 -7 -6 -11 -5 -9 -8 -10 -2147483648 -2147483648 -2147483648 -2147483648 -2147483648 -2147483648 -2147483648 -2147483648 -2147483648 -2147483648 -2147483648 -2147483648 -2147483648 -2147483648 -2147483648 -2147483648
split_feature= 8 7 7 7 7 8 8 7 1 7 8 6
split_gain= 2.94924 12.0665 4.61186 3.3036 28.0762 36.5051 25.1955 20.4659 8.25916 6.26974 3.00275 1.00074
threshold= -117.77499999999999 33.645000000000003 33.905000000000008 34.525000000000013 34.035000000000004 -118.40499999999999 -120.62499999999999 37.595000000000006 3.2595000000000005 34.175000000000004 -117.145 1.6125326273398461
decision_type= 2 2 2 2 2 2 2 2 2 2 2 2
left_child=1 -1 10 4 5 -3 7 -5 -8 -6 11 -2
right_child=2 3 -4 6 9 -7 8 -9 -10 -11 -12 -13
leaf_value= 0.049931361058564938 -0.042678182907402523 0.042161001622741827 -0.016169692672496957 0.013033525762472152 0.019698102005005623 -0.0059090062808774269 -0.0076270133935332557 -0.0027026427242260805 -0.030612588345104542 0.00359699020634676 -0.0083833732752789224 0.010844116855444218
leaf_weight=92 40 215 952 1689 1606 3029 1044 4471 512 1018 1053 791
leaf_count=92 40 215 952 1689 1606 3029 1044 4471 512 1018 1053 791
model_size=1376
internal_value=0 0.00126869 -0.00611801 0.000939118 0.00450973 -0.00272311 -0.00177633 0.00161203 -0.0151904 0.0134516 -0.00103881 0.00826783
internal_weight=0 13676 2836 13584 5868 3244 7716 6160 1556 2624 1884 831
internal_count=16512 13676 2836 13584 5868 3244 7716 6160 1556 2624 1884 831
is_linear=0
shrinkage=0.1


Tree=40
num_leaves= 2
num_cat= 0
full_tree_array_lgbids= 0 -1 -2
split_feature= 3
split_gain= 1.64235
threshold= 5.5511074737062058
decision_type= 2
left_child=-1
right_child=-2
leaf_value= -0.0021472097539474936 0.0032881309618162263
leaf_weight=9989 6523
leaf_count=9989 6523
model_size=144
internal_value=0
internal_weight=0
internal_count=16512
is_linear=0
shrinkage=0.1


Tree=41
num_leaves= 6
num_cat= 0
full_tree_array_lgbids= 0 -1 1 -2147483648 -2147483648 2 -3 -2147483648 -2147483648 -2147483648 -2147483648 3 4 -2147483648 -2147483648 -2147483648 -2147483648 -2147483648 -2147483648 -2147483648 -2147483648 -2147483648 -2147483648 -2 -5 -4 -6 -2147483648 -2147483648 -2147483648 -2147483648
split_feature= 4 7 8 7 8
split_gain= 1.23956 1.91128 1.74051 0.854495 0.0382473
threshold= 1.0117321169808868 39.355000000000011 -122.35499999999998 38.415000000000006 -116.47499999999998
decision_type= 2 2 2 2 2
left_child=-1 2 3 -2 -4
right_child=1 -3 4 -5 -6
leaf_value= -0.0041947930544958779 0.02017002914604208 -0.014357723251192106 0.0017520433913560494 -0.0056893027943588767 -0.021983557548322766
leaf_weight=4615 636 450 10410 219 182
leaf_count=4615 636 450 10410 219 182
model_size=592
internal_value=0 0.00162721 0.00225561 0.0135464 0.0013442
internal_weight=0 11897 11447 855 10592
internal_count=16512 11897 11447 855 10592
is_linear=0
shrinkage=0.1


Tree=42
num_leaves= 10
num_cat= 0
full_tree_array_lgbids= 0 1 -2 2 6 -2147483648 -2147483648 -1 3 7 -8 -2147483648 -2147483648 -2147483648 -2147483648 -2147483648 -2147483648 5 4 8 -9 -2147483648 -2147483648 -2147483648 -2147483648 -2147483648 -2147483648 -2147483648 -2147483648 -2147483648 -2147483648 -2147483648 -2147483648 -2147483648 -2147483648 -4 -7 -5 -6 -3 -10 -2147483648 -2147483648 -2147483648 -2147483648 -2147483648 -2147483648 -2147483648 -2147483648 -2147483648 -2147483648 -2147483648 -2147483648 -2147483648 -2147483648 -2147483648 -2147483648 -2147483648 -2147483648 -2147483648 -2147483648 -2147483648 -2147483648
split_feature= 3 8 7 7 8 7 7 8 7
split_gain= 0.428966 0.647224 7.97727 1.7129 22.2686 18.3452 1.35722 6.41492 5.48002
threshold= 7.5573198511601065 -117.77499999999999 33.645000000000003 34.655000000000008 -120.56499999999998 34.035000000000004 33.565000000000005 -117.24499999999999 33.005000000000003
decision_type= 2 2 2 2 2 2 2 2 2
left_child=1 2 -1 5 -5 -4 7 8 -3
right_child=-2 6 3 4 -6 -7 -8 -9 -10
leaf_value= 0.047956147992517802 0.010545116064714935 0.070333012887540292 -0.0026875946212438127 0.00071326500210907478 -0.016737318992505201 0.011464494955357365 -0.013754052115014024 -0.0057271434998642148 0.0099594317542940035
leaf_weight=80 895 53 3169 5912 1296 2574 1181 1131 221
leaf_count=80 895 53 3169 5912 1296 2574 1181 1131 221
model_size=1040
internal_value=0 -0.000604334 0.000564375 0.00027163 -0.00242435 0.00365534 -0.00649352 -0.000390545 0.0216375
internal_weight=0 15617 13031 12951 7208 5743 2586 1405 274
internal_count=16512 15617 13031 12951 7208 5743 2586 1405 274
is_linear=0
shrinkage=0.1


end of trees

feature_importances:
Column_7=232
Column_8=215
Column_1=127
Column_6=109
Column_2=77
Column_3=41
Column_4=35
Column_5=25

parameters:
[boosting: gbdt]
[objective: regression]
[metric: rmse]
[tree_learner: serial]
[device_type: cpu]
[data_sample_strategy: bagging]
[data: data/california_housing.libsvm.train]
[valid: data/california_housing.libsvm.test]
[num_iterations: 1000]
[learning_rate: 0.1]
[num_leaves: 255]
[num_threads: 0]
[seed: 42]
[deterministic: 0]
[force_col_wise: 0]
[force_row_wise: 0]
[histogram_pool_size: -1]
[max_depth: 5]
[min_data_in_leaf: 10]
[min_sum_hessian_in_leaf: 0.001]
[bagging_fraction: 1]
[pos_bagging_fraction: 1]
[neg_bagging_fraction: 1]
[bagging_freq: 0]
[bagging_seed: 400]
[feature_fraction: 1]
[feature_fraction_bynode: 1]
[feature_fraction_seed: 30056]
[extra_trees: 0]
[extra_seed: 12879]
[early_stopping_round: 0]
[early_stopping_min_delta: 0]
[first_metric_only: 0]
[max_delta_step: 0]
[lambda_l1: 0]
[lambda_l2: 0]
[linear_lambda: 0]
[min_gain_to_split: 0]
[drop_rate: 0.1]
[max_drop: 50]
[skip_drop: 0.5]
[xgboost_dart_mode: 0]
[uniform_drop: 0]
[drop_seed: 17869]
[top_rate: 0.2]
[other_rate: 0.1]
[min_data_per_group: 100]
[max_cat_threshold: 32]
[cat_l2: 10]
[cat_smooth: 10]
[max_cat_to_onehot: 4]
[top_k: 20]
[monotone_constraints: ]
[monotone_constraints_method: basic]
[monotone_penalty: 0]
[feature_contri: ]
[forcedsplits_filename: ]
[refit_decay_rate: 0.9]
[tinygbdt_penalty_feature: 0.015625]
[tinygbdt_penalty_split: 0.0078125]
[tinygbdt_forestsize: 64000]
[tinygbdt_precision: 7]
[cegb_tradeoff: 1]
[cegb_penalty_split: 0]
[cegb_penalty_feature_lazy: ]
[cegb_penalty_feature_coupled: ]
[path_smooth: 0]
[interaction_constraints: ]
[verbosity: 2]
[saved_feature_importance_type: 0]
[use_quantized_grad: 0]
[num_grad_quant_bins: 4]
[quant_train_renew_leaf: 0]
[stochastic_rounding: 1]
[linear_tree: 0]
[max_bin: 255]
[max_bin_by_feature: ]
[min_data_in_bin: 3]
[bin_construct_sample_cnt: 200000]
[data_random_seed: 175]
[is_enable_sparse: 1]
[enable_bundle: 1]
[use_missing: 1]
[zero_as_missing: 0]
[feature_pre_filter: 1]
[pre_partition: 0]
[two_round: 0]
[header: 0]
[label_column: ]
[weight_column: ]
[group_column: ]
[ignore_column: ]
[categorical_feature: ]
[forcedbins_filename: ]
[precise_float_parser: 0]
[parser_config_file: ]
[objective_seed: 16083]
[num_class: 1]
[is_unbalance: 0]
[scale_pos_weight: 1]
[sigmoid: 1]
[boost_from_average: 1]
[reg_sqrt: 0]
[alpha: 0.9]
[fair_c: 1]
[poisson_max_delta_step: 0.7]
[tweedie_variance_power: 1.5]
[lambdarank_truncation_level: 30]
[lambdarank_norm: 1]
[label_gain: ]
[lambdarank_position_bias_regularization: 0]
[eval_at: ]
[multi_error_top_k: 1]
[auc_mu_weights: ]
[num_machines: 1]
[local_listen_port: 12400]
[time_out: 120]
[machine_list_filename: ]
[machines: ]
[gpu_platform_id: -1]
[gpu_device_id: -1]
[gpu_use_dp: 0]
[num_gpu: 1]

end of parameters
