no_trees,depth,no_features,no_thresholds,no_leaves,our_bits,lgb_bits,logloss,rmse,accuracy,tinygbdt_penalty_feature,tinygbdt_penalty_split,max_trees
4.0,3.0,7.0,30.0,24.0,1164.0,2288.0,0.0,0.0,0.9109375,0.000976562,0.000976562,5
9.0,3.0,8.0,52.0,45.0,2249.0,4240.0,0.0,0.0,0.9109375,0.000976562,0.000976562,10
14.0,3.0,10.0,83.0,74.0,3795.0,7088.0,0.0,0.0,0.93125,0.000976562,0.000976562,15
19.0,3.0,11.0,112.0,102.0,5146.0,9824.0,0.0,0.0,0.93125,0.000976562,0.000976562,20
29.0,3.0,14.0,179.0,165.0,8363.0,16080.0,0.0,0.0,0.93125,0.000976562,0.000976562,30
39.0,3.0,19.0,248.0,229.0,11725.0,22448.0,0.0,0.0,0.9375,0.000976562,0.000976562,40
49.0,3.0,22.0,314.0,292.0,15220.0,28704.0,0.0,0.0,0.9453125,0.000976562,0.000976562,50
99.0,3.0,27.0,627.0,600.0,31544.0,59200.0,0.0,0.0,0.959375,0.000976562,0.000976562,100
150.0,3.0,30.0,913.0,883.0,46733.0,86816.0,0.0,0.0,0.9640625,0.000976562,0.000976562,500
4.0,3.0,7.0,30.0,24.0,1164.0,2288.0,0.0,0.0,0.9109375,0.000976562,0.00195312,5
9.0,3.0,8.0,52.0,45.0,2249.0,4240.0,0.0,0.0,0.9109375,0.000976562,0.00195312,10
14.0,3.0,10.0,83.0,74.0,3795.0,7088.0,0.0,0.0,0.93125,0.000976562,0.00195312,15
19.0,3.0,11.0,112.0,102.0,5146.0,9824.0,0.0,0.0,0.93125,0.000976562,0.00195312,20
29.0,3.0,14.0,179.0,165.0,8363.0,16080.0,0.0,0.0,0.93125,0.000976562,0.00195312,30
39.0,3.0,19.0,247.0,228.0,11692.0,22336.0,0.0,0.0,0.9375,0.000976562,0.00195312,40
49.0,3.0,22.0,313.0,291.0,15187.0,28592.0,0.0,0.0,0.9453125,0.000976562,0.00195312,50
99.0,3.0,27.0,611.0,584.0,31016.0,57408.0,0.0,0.0,0.9609375,0.000976562,0.00195312,100
123.0,3.0,28.0,745.0,717.0,38153.0,70384.0,0.0,0.0,0.96875,0.000976562,0.00195312,500
4.0,3.0,7.0,30.0,24.0,1164.0,2288.0,0.0,0.0,0.9109375,0.000976562,0.00390625,5
9.0,3.0,8.0,52.0,45.0,2249.0,4240.0,0.0,0.0,0.9109375,0.000976562,0.00390625,10
14.0,3.0,10.0,83.0,74.0,3795.0,7088.0,0.0,0.0,0.93125,0.000976562,0.00390625,15
19.0,3.0,11.0,112.0,102.0,5146.0,9824.0,0.0,0.0,0.93125,0.000976562,0.00390625,20
29.0,3.0,14.0,179.0,165.0,8363.0,16080.0,0.0,0.0,0.93125,0.000976562,0.00390625,30
39.0,3.0,19.0,247.0,228.0,11692.0,22336.0,0.0,0.0,0.9375,0.000976562,0.00390625,40
49.0,3.0,22.0,312.0,290.0,15154.0,28480.0,0.0,0.0,0.9453125,0.000976562,0.00390625,50
97.0,3.0,27.0,593.0,566.0,30194.0,55552.0,0.0,0.0,0.965625,0.000976562,0.00390625,100
97.0,3.0,27.0,593.0,566.0,30194.0,55552.0,0.0,0.0,0.965625,0.000976562,0.00390625,500
4.0,3.0,7.0,30.0,24.0,1164.0,2288.0,0.0,0.0,0.9109375,0.000976562,0.0078125,5
9.0,3.0,8.0,52.0,45.0,2249.0,4240.0,0.0,0.0,0.9109375,0.000976562,0.0078125,10
14.0,3.0,10.0,83.0,74.0,3795.0,7088.0,0.0,0.0,0.93125,0.000976562,0.0078125,15
19.0,3.0,11.0,112.0,102.0,5146.0,9824.0,0.0,0.0,0.93125,0.000976562,0.0078125,20
29.0,3.0,14.0,179.0,165.0,8363.0,16080.0,0.0,0.0,0.93125,0.000976562,0.0078125,30
39.0,3.0,19.0,246.0,227.0,11659.0,22224.0,0.0,0.0,0.9375,0.000976562,0.0078125,40
49.0,3.0,21.0,307.0,286.0,15010.0,28032.0,0.0,0.0,0.9453125,0.000976562,0.0078125,50
77.0,3.0,25.0,462.0,437.0,23009.0,42704.0,0.0,0.0,0.9546875,0.000976562,0.0078125,100
77.0,3.0,25.0,462.0,437.0,23009.0,42704.0,0.0,0.0,0.9546875,0.000976562,0.0078125,500
4.0,3.0,7.0,30.0,24.0,1164.0,2288.0,0.0,0.0,0.9109375,0.000976562,0.015625,5
9.0,3.0,8.0,52.0,45.0,2249.0,4240.0,0.0,0.0,0.9109375,0.000976562,0.015625,10
14.0,3.0,10.0,83.0,74.0,3795.0,7088.0,0.0,0.0,0.93125,0.000976562,0.015625,15
19.0,3.0,11.0,111.0,101.0,5113.0,9712.0,0.0,0.0,0.93125,0.000976562,0.015625,20
29.0,3.0,13.0,173.0,160.0,8186.0,15520.0,0.0,0.0,0.93125,0.000976562,0.015625,30
39.0,3.0,19.0,243.0,224.0,11560.0,21888.0,0.0,0.0,0.94375,0.000976562,0.015625,40
49.0,3.0,19.0,299.0,280.0,14788.0,27360.0,0.0,0.0,0.9453125,0.000976562,0.015625,50
60.0,3.0,21.0,362.0,341.0,17991.0,33312.0,0.0,0.0,0.9453125,0.000976562,0.015625,100
60.0,3.0,21.0,362.0,341.0,17991.0,33312.0,0.0,0.0,0.9453125,0.000976562,0.015625,500
4.0,3.0,7.0,30.0,24.0,1164.0,2288.0,0.0,0.0,0.9109375,0.000976562,0.03125,5
9.0,3.0,8.0,52.0,45.0,2249.0,4240.0,0.0,0.0,0.9109375,0.000976562,0.03125,10
14.0,3.0,10.0,83.0,74.0,3795.0,7088.0,0.0,0.0,0.93125,0.000976562,0.03125,15
19.0,3.0,11.0,109.0,99.0,5047.0,9488.0,0.0,0.0,0.93125,0.000976562,0.03125,20
29.0,3.0,13.0,171.0,158.0,8120.0,15296.0,0.0,0.0,0.93125,0.000976562,0.03125,30
39.0,3.0,19.0,241.0,222.0,11494.0,21664.0,0.0,0.0,0.94375,0.000976562,0.03125,40
48.0,3.0,20.0,287.0,267.0,14265.0,25984.0,0.0,0.0,0.94375,0.000976562,0.03125,50
48.0,3.0,20.0,287.0,267.0,14265.0,25984.0,0.0,0.0,0.94375,0.000976562,0.03125,100
48.0,3.0,20.0,287.0,267.0,14265.0,25984.0,0.0,0.0,0.94375,0.000976562,0.03125,500
4.0,3.0,7.0,30.0,24.0,1164.0,2288.0,0.0,0.0,0.9109375,0.000976562,0.0625,5
9.0,3.0,8.0,52.0,45.0,2249.0,4240.0,0.0,0.0,0.9109375,0.000976562,0.0625,10
14.0,3.0,10.0,80.0,71.0,3696.0,6752.0,0.0,0.0,0.93125,0.000976562,0.0625,15
19.0,3.0,11.0,106.0,96.0,4948.0,9152.0,0.0,0.0,0.93125,0.000976562,0.0625,20
29.0,3.0,13.0,168.0,155.0,8021.0,14960.0,0.0,0.0,0.93125,0.000976562,0.0625,30
39.0,3.0,16.0,218.0,202.0,10518.0,19424.0,0.0,0.0,0.9359375,0.000976562,0.0625,40
39.0,3.0,16.0,218.0,202.0,10518.0,19424.0,0.0,0.0,0.9359375,0.000976562,0.0625,50
39.0,3.0,16.0,218.0,202.0,10518.0,19424.0,0.0,0.0,0.9359375,0.000976562,0.0625,100
39.0,3.0,16.0,218.0,202.0,10518.0,19424.0,0.0,0.0,0.9359375,0.000976562,0.0625,500
4.0,3.0,7.0,30.0,24.0,1164.0,2288.0,0.0,0.0,0.9109375,0.000976562,0.125,5
9.0,3.0,8.0,51.0,44.0,2216.0,4128.0,0.0,0.0,0.9109375,0.000976562,0.125,10
14.0,3.0,10.0,74.0,65.0,3498.0,6080.0,0.0,0.0,0.93125,0.000976562,0.125,15
19.0,3.0,10.0,99.0,90.0,4738.0,8480.0,0.0,0.0,0.93125,0.000976562,0.125,20
29.0,3.0,12.0,157.0,146.0,7711.0,13952.0,0.0,0.0,0.93125,0.000976562,0.125,30
31.0,3.0,12.0,164.0,153.0,8124.0,14576.0,0.0,0.0,0.93125,0.000976562,0.125,40
31.0,3.0,12.0,164.0,153.0,8124.0,14576.0,0.0,0.0,0.93125,0.000976562,0.125,50
31.0,3.0,12.0,164.0,153.0,8124.0,14576.0,0.0,0.0,0.93125,0.000976562,0.125,100
31.0,3.0,12.0,164.0,153.0,8124.0,14576.0,0.0,0.0,0.93125,0.000976562,0.125,500
4.0,3.0,6.0,27.0,22.0,1086.0,2064.0,0.0,0.0,0.9109375,0.000976562,0.25,5
9.0,3.0,7.0,48.0,42.0,2138.0,3904.0,0.0,0.0,0.9109375,0.000976562,0.25,10
14.0,3.0,9.0,71.0,63.0,3300.0,5856.0,0.0,0.0,0.93125,0.000976562,0.25,15
19.0,3.0,9.0,96.0,88.0,4660.0,8256.0,0.0,0.0,0.93125,0.000976562,0.25,20
25.0,3.0,10.0,126.0,117.0,6158.0,11024.0,0.0,0.0,0.93125,0.000976562,0.25,30
25.0,3.0,10.0,126.0,117.0,6158.0,11024.0,0.0,0.0,0.93125,0.000976562,0.25,40
25.0,3.0,10.0,126.0,117.0,6158.0,11024.0,0.0,0.0,0.93125,0.000976562,0.25,50
25.0,3.0,10.0,126.0,117.0,6158.0,11024.0,0.0,0.0,0.93125,0.000976562,0.25,100
25.0,3.0,10.0,126.0,117.0,6158.0,11024.0,0.0,0.0,0.93125,0.000976562,0.25,500
4.0,3.0,5.0,25.0,21.0,1041.0,1952.0,0.0,0.0,0.9109375,0.000976562,0.5,5
9.0,3.0,6.0,46.0,41.0,2093.0,3792.0,0.0,0.0,0.9109375,0.000976562,0.5,10
14.0,3.0,8.0,69.0,62.0,3150.0,5744.0,0.0,0.0,0.93125,0.000976562,0.5,15
19.0,3.0,8.0,93.0,86.0,4442.0,8032.0,0.0,0.0,0.93125,0.000976562,0.5,20
20.0,3.0,8.0,97.0,90.0,4650.0,8400.0,0.0,0.0,0.93125,0.000976562,0.5,30
20.0,3.0,8.0,97.0,90.0,4650.0,8400.0,0.0,0.0,0.93125,0.000976562,0.5,40
20.0,3.0,8.0,97.0,90.0,4650.0,8400.0,0.0,0.0,0.93125,0.000976562,0.5,50
20.0,3.0,8.0,97.0,90.0,4650.0,8400.0,0.0,0.0,0.93125,0.000976562,0.5,100
20.0,3.0,8.0,97.0,90.0,4650.0,8400.0,0.0,0.0,0.93125,0.000976562,0.5,500
4.0,3.0,5.0,25.0,21.0,1041.0,1952.0,0.0,0.0,0.9109375,0.000976562,1.0,5
9.0,3.0,6.0,46.0,41.0,2093.0,3792.0,0.0,0.0,0.9109375,0.000976562,1.0,10
14.0,3.0,8.0,69.0,62.0,3150.0,5744.0,0.0,0.0,0.93125,0.000976562,1.0,15
14.0,3.0,8.0,69.0,62.0,3150.0,5744.0,0.0,0.0,0.93125,0.000976562,1.0,20
14.0,3.0,8.0,69.0,62.0,3150.0,5744.0,0.0,0.0,0.93125,0.000976562,1.0,30
14.0,3.0,8.0,69.0,62.0,3150.0,5744.0,0.0,0.0,0.93125,0.000976562,1.0,40
14.0,3.0,8.0,69.0,62.0,3150.0,5744.0,0.0,0.0,0.93125,0.000976562,1.0,50
14.0,3.0,8.0,69.0,62.0,3150.0,5744.0,0.0,0.0,0.93125,0.000976562,1.0,100
14.0,3.0,8.0,69.0,62.0,3150.0,5744.0,0.0,0.0,0.93125,0.000976562,1.0,500
4.0,3.0,5.0,25.0,21.0,1041.0,1952.0,0.0,0.0,0.9109375,0.000976562,2.0,5
9.0,3.0,6.0,46.0,41.0,2093.0,3792.0,0.0,0.0,0.9109375,0.000976562,2.0,10
11.0,3.0,7.0,56.0,50.0,2538.0,4640.0,0.0,0.0,0.93125,0.000976562,2.0,15
11.0,3.0,7.0,56.0,50.0,2538.0,4640.0,0.0,0.0,0.93125,0.000976562,2.0,20
11.0,3.0,7.0,56.0,50.0,2538.0,4640.0,0.0,0.0,0.93125,0.000976562,2.0,30
11.0,3.0,7.0,56.0,50.0,2538.0,4640.0,0.0,0.0,0.93125,0.000976562,2.0,40
11.0,3.0,7.0,56.0,50.0,2538.0,4640.0,0.0,0.0,0.93125,0.000976562,2.0,50
11.0,3.0,7.0,56.0,50.0,2538.0,4640.0,0.0,0.0,0.93125,0.000976562,2.0,100
11.0,3.0,7.0,56.0,50.0,2538.0,4640.0,0.0,0.0,0.93125,0.000976562,2.0,500
4.0,3.0,4.0,23.0,20.0,961.0,1840.0,0.0,0.0,0.9109375,0.000976562,4.0,5
8.0,3.0,5.0,40.0,36.0,1848.0,3312.0,0.0,0.0,0.9109375,0.000976562,4.0,10
8.0,3.0,5.0,40.0,36.0,1848.0,3312.0,0.0,0.0,0.9109375,0.000976562,4.0,15
8.0,3.0,5.0,40.0,36.0,1848.0,3312.0,0.0,0.0,0.9109375,0.000976562,4.0,20
8.0,3.0,5.0,40.0,36.0,1848.0,3312.0,0.0,0.0,0.9109375,0.000976562,4.0,30
8.0,3.0,5.0,40.0,36.0,1848.0,3312.0,0.0,0.0,0.9109375,0.000976562,4.0,40
8.0,3.0,5.0,40.0,36.0,1848.0,3312.0,0.0,0.0,0.9109375,0.000976562,4.0,50
8.0,3.0,5.0,40.0,36.0,1848.0,3312.0,0.0,0.0,0.9109375,0.000976562,4.0,100
8.0,3.0,5.0,40.0,36.0,1848.0,3312.0,0.0,0.0,0.9109375,0.000976562,4.0,500
4.0,3.0,4.0,23.0,20.0,961.0,1840.0,0.0,0.0,0.9109375,0.000976562,8.0,5
5.0,3.0,4.0,27.0,24.0,1146.0,2208.0,0.0,0.0,0.9109375,0.000976562,8.0,10
5.0,3.0,4.0,27.0,24.0,1146.0,2208.0,0.0,0.0,0.9109375,0.000976562,8.0,15
5.0,3.0,4.0,27.0,24.0,1146.0,2208.0,0.0,0.0,0.9109375,0.000976562,8.0,20
5.0,3.0,4.0,27.0,24.0,1146.0,2208.0,0.0,0.0,0.9109375,0.000976562,8.0,30
5.0,3.0,4.0,27.0,24.0,1146.0,2208.0,0.0,0.0,0.9109375,0.000976562,8.0,40
5.0,3.0,4.0,27.0,24.0,1146.0,2208.0,0.0,0.0,0.9109375,0.000976562,8.0,50
5.0,3.0,4.0,27.0,24.0,1146.0,2208.0,0.0,0.0,0.9109375,0.000976562,8.0,100
5.0,3.0,4.0,27.0,24.0,1146.0,2208.0,0.0,0.0,0.9109375,0.000976562,8.0,500
3.0,3.0,4.0,19.0,16.0,744.0,1472.0,0.0,0.0,0.9109375,0.000976562,16.0,5
3.0,3.0,4.0,19.0,16.0,744.0,1472.0,0.0,0.0,0.9109375,0.000976562,16.0,10
3.0,3.0,4.0,19.0,16.0,744.0,1472.0,0.0,0.0,0.9109375,0.000976562,16.0,15
3.0,3.0,4.0,19.0,16.0,744.0,1472.0,0.0,0.0,0.9109375,0.000976562,16.0,20
3.0,3.0,4.0,19.0,16.0,744.0,1472.0,0.0,0.0,0.9109375,0.000976562,16.0,30
3.0,3.0,4.0,19.0,16.0,744.0,1472.0,0.0,0.0,0.9109375,0.000976562,16.0,40
3.0,3.0,4.0,19.0,16.0,744.0,1472.0,0.0,0.0,0.9109375,0.000976562,16.0,50
3.0,3.0,4.0,19.0,16.0,744.0,1472.0,0.0,0.0,0.9109375,0.000976562,16.0,100
3.0,3.0,4.0,19.0,16.0,744.0,1472.0,0.0,0.0,0.9109375,0.000976562,16.0,500
2.0,3.0,4.0,15.0,12.0,567.0,1104.0,0.0,0.0,0.9109375,0.000976562,32.0,5
2.0,3.0,4.0,15.0,12.0,567.0,1104.0,0.0,0.0,0.9109375,0.000976562,32.0,10
2.0,3.0,4.0,15.0,12.0,567.0,1104.0,0.0,0.0,0.9109375,0.000976562,32.0,15
2.0,3.0,4.0,15.0,12.0,567.0,1104.0,0.0,0.0,0.9109375,0.000976562,32.0,20
2.0,3.0,4.0,15.0,12.0,567.0,1104.0,0.0,0.0,0.9109375,0.000976562,32.0,30
2.0,3.0,4.0,15.0,12.0,567.0,1104.0,0.0,0.0,0.9109375,0.000976562,32.0,40
2.0,3.0,4.0,15.0,12.0,567.0,1104.0,0.0,0.0,0.9109375,0.000976562,32.0,50
2.0,3.0,4.0,15.0,12.0,567.0,1104.0,0.0,0.0,0.9109375,0.000976562,32.0,100
2.0,3.0,4.0,15.0,12.0,567.0,1104.0,0.0,0.0,0.9109375,0.000976562,32.0,500
1.0,3.0,4.0,11.0,8.0,374.0,736.0,0.0,0.0,0.9109375,0.000976562,64.0,5
1.0,3.0,4.0,11.0,8.0,374.0,736.0,0.0,0.0,0.9109375,0.000976562,64.0,10
1.0,3.0,4.0,11.0,8.0,374.0,736.0,0.0,0.0,0.9109375,0.000976562,64.0,15
1.0,3.0,4.0,11.0,8.0,374.0,736.0,0.0,0.0,0.9109375,0.000976562,64.0,20
1.0,3.0,4.0,11.0,8.0,374.0,736.0,0.0,0.0,0.9109375,0.000976562,64.0,30
1.0,3.0,4.0,11.0,8.0,374.0,736.0,0.0,0.0,0.9109375,0.000976562,64.0,40
1.0,3.0,4.0,11.0,8.0,374.0,736.0,0.0,0.0,0.9109375,0.000976562,64.0,50
1.0,3.0,4.0,11.0,8.0,374.0,736.0,0.0,0.0,0.9109375,0.000976562,64.0,100
1.0,3.0,4.0,11.0,8.0,374.0,736.0,0.0,0.0,0.9109375,0.000976562,64.0,500
0.0,3.0,4.0,7.0,4.0,197.0,368.0,0.0,0.0,0.9109375,0.000976562,128.0,5
0.0,3.0,4.0,7.0,4.0,197.0,368.0,0.0,0.0,0.9109375,0.000976562,128.0,10
0.0,3.0,4.0,7.0,4.0,197.0,368.0,0.0,0.0,0.9109375,0.000976562,128.0,15
0.0,3.0,4.0,7.0,4.0,197.0,368.0,0.0,0.0,0.9109375,0.000976562,128.0,20
0.0,3.0,4.0,7.0,4.0,197.0,368.0,0.0,0.0,0.9109375,0.000976562,128.0,30
0.0,3.0,4.0,7.0,4.0,197.0,368.0,0.0,0.0,0.9109375,0.000976562,128.0,40
0.0,3.0,4.0,7.0,4.0,197.0,368.0,0.0,0.0,0.9109375,0.000976562,128.0,50
0.0,3.0,4.0,7.0,4.0,197.0,368.0,0.0,0.0,0.9109375,0.000976562,128.0,100
0.0,3.0,4.0,7.0,4.0,197.0,368.0,0.0,0.0,0.9109375,0.000976562,128.0,500
0.0,3.0,4.0,7.0,4.0,197.0,368.0,0.0,0.0,0.9109375,0.000976562,256.0,5
0.0,3.0,4.0,7.0,4.0,197.0,368.0,0.0,0.0,0.9109375,0.000976562,256.0,10
0.0,3.0,4.0,7.0,4.0,197.0,368.0,0.0,0.0,0.9109375,0.000976562,256.0,15
0.0,3.0,4.0,7.0,4.0,197.0,368.0,0.0,0.0,0.9109375,0.000976562,256.0,20
0.0,3.0,4.0,7.0,4.0,197.0,368.0,0.0,0.0,0.9109375,0.000976562,256.0,30
0.0,3.0,4.0,7.0,4.0,197.0,368.0,0.0,0.0,0.9109375,0.000976562,256.0,40
0.0,3.0,4.0,7.0,4.0,197.0,368.0,0.0,0.0,0.9109375,0.000976562,256.0,50
0.0,3.0,4.0,7.0,4.0,197.0,368.0,0.0,0.0,0.9109375,0.000976562,256.0,100
0.0,3.0,4.0,7.0,4.0,197.0,368.0,0.0,0.0,0.9109375,0.000976562,256.0,500
0.0,3.0,3.0,5.0,3.0,152.0,256.0,0.0,0.0,0.7828125,0.000976562,512.0,5
0.0,3.0,3.0,5.0,3.0,152.0,256.0,0.0,0.0,0.7828125,0.000976562,512.0,10
0.0,3.0,3.0,5.0,3.0,152.0,256.0,0.0,0.0,0.7828125,0.000976562,512.0,15
0.0,3.0,3.0,5.0,3.0,152.0,256.0,0.0,0.0,0.7828125,0.000976562,512.0,20
0.0,3.0,3.0,5.0,3.0,152.0,256.0,0.0,0.0,0.7828125,0.000976562,512.0,30
0.0,3.0,3.0,5.0,3.0,152.0,256.0,0.0,0.0,0.7828125,0.000976562,512.0,40
0.0,3.0,3.0,5.0,3.0,152.0,256.0,0.0,0.0,0.7828125,0.000976562,512.0,50
0.0,3.0,3.0,5.0,3.0,152.0,256.0,0.0,0.0,0.7828125,0.000976562,512.0,100
0.0,3.0,3.0,5.0,3.0,152.0,256.0,0.0,0.0,0.7828125,0.000976562,512.0,500
0.0,3.0,2.0,3.0,2.0,92.0,144.0,0.0,0.0,0.53125,0.000976562,1024.0,5
0.0,3.0,2.0,3.0,2.0,92.0,144.0,0.0,0.0,0.53125,0.000976562,1024.0,10
0.0,3.0,2.0,3.0,2.0,92.0,144.0,0.0,0.0,0.53125,0.000976562,1024.0,15
0.0,3.0,2.0,3.0,2.0,92.0,144.0,0.0,0.0,0.53125,0.000976562,1024.0,20
0.0,3.0,2.0,3.0,2.0,92.0,144.0,0.0,0.0,0.53125,0.000976562,1024.0,30
0.0,3.0,2.0,3.0,2.0,92.0,144.0,0.0,0.0,0.53125,0.000976562,1024.0,40
0.0,3.0,2.0,3.0,2.0,92.0,144.0,0.0,0.0,0.53125,0.000976562,1024.0,50
0.0,3.0,2.0,3.0,2.0,92.0,144.0,0.0,0.0,0.53125,0.000976562,1024.0,100
0.0,3.0,2.0,3.0,2.0,92.0,144.0,0.0,0.0,0.53125,0.000976562,1024.0,500
0.0,3.0,2.0,3.0,2.0,92.0,144.0,0.0,0.0,0.53125,0.000976562,2048.0,5
0.0,3.0,2.0,3.0,2.0,92.0,144.0,0.0,0.0,0.53125,0.000976562,2048.0,10
0.0,3.0,2.0,3.0,2.0,92.0,144.0,0.0,0.0,0.53125,0.000976562,2048.0,15
0.0,3.0,2.0,3.0,2.0,92.0,144.0,0.0,0.0,0.53125,0.000976562,2048.0,20
0.0,3.0,2.0,3.0,2.0,92.0,144.0,0.0,0.0,0.53125,0.000976562,2048.0,30
0.0,3.0,2.0,3.0,2.0,92.0,144.0,0.0,0.0,0.53125,0.000976562,2048.0,40
0.0,3.0,2.0,3.0,2.0,92.0,144.0,0.0,0.0,0.53125,0.000976562,2048.0,50
0.0,3.0,2.0,3.0,2.0,92.0,144.0,0.0,0.0,0.53125,0.000976562,2048.0,100
0.0,3.0,2.0,3.0,2.0,92.0,144.0,0.0,0.0,0.53125,0.000976562,2048.0,500
0.0,3.0,2.0,3.0,2.0,92.0,144.0,0.0,0.0,0.53125,0.000976562,4096.0,5
0.0,3.0,2.0,3.0,2.0,92.0,144.0,0.0,0.0,0.53125,0.000976562,4096.0,10
0.0,3.0,2.0,3.0,2.0,92.0,144.0,0.0,0.0,0.53125,0.000976562,4096.0,15
0.0,3.0,2.0,3.0,2.0,92.0,144.0,0.0,0.0,0.53125,0.000976562,4096.0,20
0.0,3.0,2.0,3.0,2.0,92.0,144.0,0.0,0.0,0.53125,0.000976562,4096.0,30
0.0,3.0,2.0,3.0,2.0,92.0,144.0,0.0,0.0,0.53125,0.000976562,4096.0,40
0.0,3.0,2.0,3.0,2.0,92.0,144.0,0.0,0.0,0.53125,0.000976562,4096.0,50
0.0,3.0,2.0,3.0,2.0,92.0,144.0,0.0,0.0,0.53125,0.000976562,4096.0,100
0.0,3.0,2.0,3.0,2.0,92.0,144.0,0.0,0.0,0.53125,0.000976562,4096.0,500
0.0,3.0,2.0,3.0,2.0,92.0,144.0,0.0,0.0,0.53125,0.000976562,8192.0,5
0.0,3.0,2.0,3.0,2.0,92.0,144.0,0.0,0.0,0.53125,0.000976562,8192.0,10
0.0,3.0,2.0,3.0,2.0,92.0,144.0,0.0,0.0,0.53125,0.000976562,8192.0,15
0.0,3.0,2.0,3.0,2.0,92.0,144.0,0.0,0.0,0.53125,0.000976562,8192.0,20
0.0,3.0,2.0,3.0,2.0,92.0,144.0,0.0,0.0,0.53125,0.000976562,8192.0,30
0.0,3.0,2.0,3.0,2.0,92.0,144.0,0.0,0.0,0.53125,0.000976562,8192.0,40
0.0,3.0,2.0,3.0,2.0,92.0,144.0,0.0,0.0,0.53125,0.000976562,8192.0,50
0.0,3.0,2.0,3.0,2.0,92.0,144.0,0.0,0.0,0.53125,0.000976562,8192.0,100
0.0,3.0,2.0,3.0,2.0,92.0,144.0,0.0,0.0,0.53125,0.000976562,8192.0,500
0.0,3.0,2.0,3.0,2.0,92.0,144.0,0.0,0.0,0.53125,0.000976562,16384.0,5
0.0,3.0,2.0,3.0,2.0,92.0,144.0,0.0,0.0,0.53125,0.000976562,16384.0,10
0.0,3.0,2.0,3.0,2.0,92.0,144.0,0.0,0.0,0.53125,0.000976562,16384.0,15
0.0,3.0,2.0,3.0,2.0,92.0,144.0,0.0,0.0,0.53125,0.000976562,16384.0,20
0.0,3.0,2.0,3.0,2.0,92.0,144.0,0.0,0.0,0.53125,0.000976562,16384.0,30
0.0,3.0,2.0,3.0,2.0,92.0,144.0,0.0,0.0,0.53125,0.000976562,16384.0,40
0.0,3.0,2.0,3.0,2.0,92.0,144.0,0.0,0.0,0.53125,0.000976562,16384.0,50
0.0,3.0,2.0,3.0,2.0,92.0,144.0,0.0,0.0,0.53125,0.000976562,16384.0,100
0.0,3.0,2.0,3.0,2.0,92.0,144.0,0.0,0.0,0.53125,0.000976562,16384.0,500
0.0,3.0,2.0,3.0,2.0,92.0,144.0,0.0,0.0,0.53125,0.000976562,32768.0,5
0.0,3.0,2.0,3.0,2.0,92.0,144.0,0.0,0.0,0.53125,0.000976562,32768.0,10
0.0,3.0,2.0,3.0,2.0,92.0,144.0,0.0,0.0,0.53125,0.000976562,32768.0,15
0.0,3.0,2.0,3.0,2.0,92.0,144.0,0.0,0.0,0.53125,0.000976562,32768.0,20
0.0,3.0,2.0,3.0,2.0,92.0,144.0,0.0,0.0,0.53125,0.000976562,32768.0,30
0.0,3.0,2.0,3.0,2.0,92.0,144.0,0.0,0.0,0.53125,0.000976562,32768.0,40
0.0,3.0,2.0,3.0,2.0,92.0,144.0,0.0,0.0,0.53125,0.000976562,32768.0,50
0.0,3.0,2.0,3.0,2.0,92.0,144.0,0.0,0.0,0.53125,0.000976562,32768.0,100
0.0,3.0,2.0,3.0,2.0,92.0,144.0,0.0,0.0,0.53125,0.000976562,32768.0,500
4.0,3.0,7.0,30.0,24.0,1164.0,2288.0,0.0,0.0,0.9109375,0.00195312,0.000976562,5
9.0,3.0,8.0,52.0,45.0,2249.0,4240.0,0.0,0.0,0.9109375,0.00195312,0.000976562,10
14.0,3.0,10.0,83.0,74.0,3795.0,7088.0,0.0,0.0,0.93125,0.00195312,0.000976562,15
19.0,3.0,11.0,112.0,102.0,5146.0,9824.0,0.0,0.0,0.93125,0.00195312,0.000976562,20
29.0,3.0,14.0,179.0,165.0,8363.0,16080.0,0.0,0.0,0.93125,0.00195312,0.000976562,30
39.0,3.0,19.0,247.0,228.0,11692.0,22336.0,0.0,0.0,0.9375,0.00195312,0.000976562,40
49.0,3.0,22.0,313.0,291.0,15187.0,28592.0,0.0,0.0,0.9453125,0.00195312,0.000976562,50
99.0,3.0,27.0,622.0,595.0,31379.0,58640.0,0.0,0.0,0.959375,0.00195312,0.000976562,100
150.0,3.0,30.0,905.0,875.0,46469.0,85920.0,0.0,0.0,0.9640625,0.00195312,0.000976562,500
4.0,3.0,7.0,30.0,24.0,1164.0,2288.0,0.0,0.0,0.9109375,0.00195312,0.00195312,5
9.0,3.0,8.0,52.0,45.0,2249.0,4240.0,0.0,0.0,0.9109375,0.00195312,0.00195312,10
14.0,3.0,10.0,83.0,74.0,3795.0,7088.0,0.0,0.0,0.93125,0.00195312,0.00195312,15
19.0,3.0,11.0,112.0,102.0,5146.0,9824.0,0.0,0.0,0.93125,0.00195312,0.00195312,20
29.0,3.0,14.0,179.0,165.0,8363.0,16080.0,0.0,0.0,0.93125,0.00195312,0.00195312,30
39.0,3.0,19.0,247.0,228.0,11692.0,22336.0,0.0,0.0,0.9375,0.00195312,0.00195312,40
49.0,3.0,22.0,313.0,291.0,15187.0,28592.0,0.0,0.0,0.9453125,0.00195312,0.00195312,50
99.0,3.0,27.0,611.0,584.0,31016.0,57408.0,0.0,0.0,0.9609375,0.00195312,0.00195312,100
124.0,3.0,28.0,743.0,715.0,38201.0,70080.0,0.0,0.0,0.96875,0.00195312,0.00195312,500
4.0,3.0,7.0,30.0,24.0,1164.0,2288.0,0.0,0.0,0.9109375,0.00195312,0.00390625,5
9.0,3.0,8.0,52.0,45.0,2249.0,4240.0,0.0,0.0,0.9109375,0.00195312,0.00390625,10
14.0,3.0,10.0,83.0,74.0,3795.0,7088.0,0.0,0.0,0.93125,0.00195312,0.00390625,15
19.0,3.0,11.0,112.0,102.0,5146.0,9824.0,0.0,0.0,0.93125,0.00195312,0.00390625,20
29.0,3.0,14.0,179.0,165.0,8363.0,16080.0,0.0,0.0,0.93125,0.00195312,0.00390625,30
39.0,3.0,19.0,247.0,228.0,11692.0,22336.0,0.0,0.0,0.9375,0.00195312,0.00390625,40
49.0,3.0,22.0,312.0,290.0,15154.0,28480.0,0.0,0.0,0.9453125,0.00195312,0.00390625,50
97.0,3.0,27.0,593.0,566.0,30194.0,55552.0,0.0,0.0,0.965625,0.00195312,0.00390625,100
97.0,3.0,27.0,593.0,566.0,30194.0,55552.0,0.0,0.0,0.965625,0.00195312,0.00390625,500
4.0,3.0,7.0,30.0,24.0,1164.0,2288.0,0.0,0.0,0.9109375,0.00195312,0.0078125,5
9.0,3.0,8.0,52.0,45.0,2249.0,4240.0,0.0,0.0,0.9109375,0.00195312,0.0078125,10
14.0,3.0,10.0,83.0,74.0,3795.0,7088.0,0.0,0.0,0.93125,0.00195312,0.0078125,15
19.0,3.0,11.0,112.0,102.0,5146.0,9824.0,0.0,0.0,0.93125,0.00195312,0.0078125,20
29.0,3.0,14.0,179.0,165.0,8363.0,16080.0,0.0,0.0,0.93125,0.00195312,0.0078125,30
39.0,3.0,19.0,246.0,227.0,11659.0,22224.0,0.0,0.0,0.9375,0.00195312,0.0078125,40
49.0,3.0,21.0,307.0,286.0,15010.0,28032.0,0.0,0.0,0.9453125,0.00195312,0.0078125,50
78.0,3.0,24.0,468.0,444.0,23334.0,43408.0,0.0,0.0,0.953125,0.00195312,0.0078125,100
78.0,3.0,24.0,468.0,444.0,23334.0,43408.0,0.0,0.0,0.953125,0.00195312,0.0078125,500
4.0,3.0,7.0,30.0,24.0,1164.0,2288.0,0.0,0.0,0.9109375,0.00195312,0.015625,5
9.0,3.0,8.0,52.0,45.0,2249.0,4240.0,0.0,0.0,0.9109375,0.00195312,0.015625,10
14.0,3.0,10.0,83.0,74.0,3795.0,7088.0,0.0,0.0,0.93125,0.00195312,0.015625,15
19.0,3.0,11.0,111.0,101.0,5113.0,9712.0,0.0,0.0,0.93125,0.00195312,0.015625,20
29.0,3.0,13.0,173.0,160.0,8186.0,15520.0,0.0,0.0,0.93125,0.00195312,0.015625,30
39.0,3.0,19.0,243.0,224.0,11560.0,21888.0,0.0,0.0,0.94375,0.00195312,0.015625,40
49.0,3.0,19.0,299.0,280.0,14788.0,27360.0,0.0,0.0,0.9453125,0.00195312,0.015625,50
60.0,3.0,21.0,362.0,341.0,17991.0,33312.0,0.0,0.0,0.9453125,0.00195312,0.015625,100
60.0,3.0,21.0,362.0,341.0,17991.0,33312.0,0.0,0.0,0.9453125,0.00195312,0.015625,500
4.0,3.0,7.0,30.0,24.0,1164.0,2288.0,0.0,0.0,0.9109375,0.00195312,0.03125,5
9.0,3.0,8.0,52.0,45.0,2249.0,4240.0,0.0,0.0,0.9109375,0.00195312,0.03125,10
14.0,3.0,10.0,83.0,74.0,3795.0,7088.0,0.0,0.0,0.93125,0.00195312,0.03125,15
19.0,3.0,11.0,109.0,99.0,5047.0,9488.0,0.0,0.0,0.93125,0.00195312,0.03125,20
29.0,3.0,13.0,171.0,158.0,8120.0,15296.0,0.0,0.0,0.93125,0.00195312,0.03125,30
39.0,3.0,19.0,241.0,222.0,11494.0,21664.0,0.0,0.0,0.94375,0.00195312,0.03125,40
48.0,3.0,20.0,287.0,267.0,14265.0,25984.0,0.0,0.0,0.94375,0.00195312,0.03125,50
48.0,3.0,20.0,287.0,267.0,14265.0,25984.0,0.0,0.0,0.94375,0.00195312,0.03125,100
48.0,3.0,20.0,287.0,267.0,14265.0,25984.0,0.0,0.0,0.94375,0.00195312,0.03125,500
4.0,3.0,7.0,30.0,24.0,1164.0,2288.0,0.0,0.0,0.9109375,0.00195312,0.0625,5
9.0,3.0,8.0,52.0,45.0,2249.0,4240.0,0.0,0.0,0.9109375,0.00195312,0.0625,10
14.0,3.0,10.0,80.0,71.0,3696.0,6752.0,0.0,0.0,0.93125,0.00195312,0.0625,15
19.0,3.0,11.0,106.0,96.0,4948.0,9152.0,0.0,0.0,0.93125,0.00195312,0.0625,20
29.0,3.0,13.0,168.0,155.0,8021.0,14960.0,0.0,0.0,0.93125,0.00195312,0.0625,30
39.0,3.0,16.0,218.0,202.0,10518.0,19424.0,0.0,0.0,0.9359375,0.00195312,0.0625,40
39.0,3.0,16.0,218.0,202.0,10518.0,19424.0,0.0,0.0,0.9359375,0.00195312,0.0625,50
39.0,3.0,16.0,218.0,202.0,10518.0,19424.0,0.0,0.0,0.9359375,0.00195312,0.0625,100
39.0,3.0,16.0,218.0,202.0,10518.0,19424.0,0.0,0.0,0.9359375,0.00195312,0.0625,500
4.0,3.0,7.0,30.0,24.0,1164.0,2288.0,0.0,0.0,0.9109375,0.00195312,0.125,5
9.0,3.0,8.0,51.0,44.0,2216.0,4128.0,0.0,0.0,0.9109375,0.00195312,0.125,10
14.0,3.0,10.0,74.0,65.0,3498.0,6080.0,0.0,0.0,0.93125,0.00195312,0.125,15
19.0,3.0,10.0,99.0,90.0,4738.0,8480.0,0.0,0.0,0.93125,0.00195312,0.125,20
29.0,3.0,12.0,157.0,146.0,7711.0,13952.0,0.0,0.0,0.93125,0.00195312,0.125,30
31.0,3.0,12.0,164.0,153.0,8124.0,14576.0,0.0,0.0,0.93125,0.00195312,0.125,40
31.0,3.0,12.0,164.0,153.0,8124.0,14576.0,0.0,0.0,0.93125,0.00195312,0.125,50
31.0,3.0,12.0,164.0,153.0,8124.0,14576.0,0.0,0.0,0.93125,0.00195312,0.125,100
31.0,3.0,12.0,164.0,153.0,8124.0,14576.0,0.0,0.0,0.93125,0.00195312,0.125,500
4.0,3.0,6.0,27.0,22.0,1086.0,2064.0,0.0,0.0,0.9109375,0.00195312,0.25,5
9.0,3.0,7.0,48.0,42.0,2138.0,3904.0,0.0,0.0,0.9109375,0.00195312,0.25,10
14.0,3.0,9.0,71.0,63.0,3300.0,5856.0,0.0,0.0,0.93125,0.00195312,0.25,15
19.0,3.0,9.0,96.0,88.0,4660.0,8256.0,0.0,0.0,0.93125,0.00195312,0.25,20
25.0,3.0,10.0,126.0,117.0,6158.0,11024.0,0.0,0.0,0.93125,0.00195312,0.25,30
25.0,3.0,10.0,126.0,117.0,6158.0,11024.0,0.0,0.0,0.93125,0.00195312,0.25,40
25.0,3.0,10.0,126.0,117.0,6158.0,11024.0,0.0,0.0,0.93125,0.00195312,0.25,50
25.0,3.0,10.0,126.0,117.0,6158.0,11024.0,0.0,0.0,0.93125,0.00195312,0.25,100
25.0,3.0,10.0,126.0,117.0,6158.0,11024.0,0.0,0.0,0.93125,0.00195312,0.25,500
4.0,3.0,5.0,25.0,21.0,1041.0,1952.0,0.0,0.0,0.9109375,0.00195312,0.5,5
9.0,3.0,6.0,46.0,41.0,2093.0,3792.0,0.0,0.0,0.9109375,0.00195312,0.5,10
14.0,3.0,8.0,69.0,62.0,3150.0,5744.0,0.0,0.0,0.93125,0.00195312,0.5,15
19.0,3.0,8.0,93.0,86.0,4442.0,8032.0,0.0,0.0,0.93125,0.00195312,0.5,20
20.0,3.0,8.0,97.0,90.0,4650.0,8400.0,0.0,0.0,0.93125,0.00195312,0.5,30
20.0,3.0,8.0,97.0,90.0,4650.0,8400.0,0.0,0.0,0.93125,0.00195312,0.5,40
20.0,3.0,8.0,97.0,90.0,4650.0,8400.0,0.0,0.0,0.93125,0.00195312,0.5,50
20.0,3.0,8.0,97.0,90.0,4650.0,8400.0,0.0,0.0,0.93125,0.00195312,0.5,100
20.0,3.0,8.0,97.0,90.0,4650.0,8400.0,0.0,0.0,0.93125,0.00195312,0.5,500
4.0,3.0,5.0,25.0,21.0,1041.0,1952.0,0.0,0.0,0.9109375,0.00195312,1.0,5
9.0,3.0,6.0,46.0,41.0,2093.0,3792.0,0.0,0.0,0.9109375,0.00195312,1.0,10
14.0,3.0,8.0,69.0,62.0,3150.0,5744.0,0.0,0.0,0.93125,0.00195312,1.0,15
14.0,3.0,8.0,69.0,62.0,3150.0,5744.0,0.0,0.0,0.93125,0.00195312,1.0,20
14.0,3.0,8.0,69.0,62.0,3150.0,5744.0,0.0,0.0,0.93125,0.00195312,1.0,30
14.0,3.0,8.0,69.0,62.0,3150.0,5744.0,0.0,0.0,0.93125,0.00195312,1.0,40
14.0,3.0,8.0,69.0,62.0,3150.0,5744.0,0.0,0.0,0.93125,0.00195312,1.0,50
14.0,3.0,8.0,69.0,62.0,3150.0,5744.0,0.0,0.0,0.93125,0.00195312,1.0,100
14.0,3.0,8.0,69.0,62.0,3150.0,5744.0,0.0,0.0,0.93125,0.00195312,1.0,500
4.0,3.0,5.0,25.0,21.0,1041.0,1952.0,0.0,0.0,0.9109375,0.00195312,2.0,5
9.0,3.0,6.0,46.0,41.0,2093.0,3792.0,0.0,0.0,0.9109375,0.00195312,2.0,10
11.0,3.0,7.0,56.0,50.0,2538.0,4640.0,0.0,0.0,0.93125,0.00195312,2.0,15
11.0,3.0,7.0,56.0,50.0,2538.0,4640.0,0.0,0.0,0.93125,0.00195312,2.0,20
11.0,3.0,7.0,56.0,50.0,2538.0,4640.0,0.0,0.0,0.93125,0.00195312,2.0,30
11.0,3.0,7.0,56.0,50.0,2538.0,4640.0,0.0,0.0,0.93125,0.00195312,2.0,40
11.0,3.0,7.0,56.0,50.0,2538.0,4640.0,0.0,0.0,0.93125,0.00195312,2.0,50
11.0,3.0,7.0,56.0,50.0,2538.0,4640.0,0.0,0.0,0.93125,0.00195312,2.0,100
11.0,3.0,7.0,56.0,50.0,2538.0,4640.0,0.0,0.0,0.93125,0.00195312,2.0,500
4.0,3.0,4.0,23.0,20.0,961.0,1840.0,0.0,0.0,0.9109375,0.00195312,4.0,5
8.0,3.0,5.0,40.0,36.0,1848.0,3312.0,0.0,0.0,0.9109375,0.00195312,4.0,10
8.0,3.0,5.0,40.0,36.0,1848.0,3312.0,0.0,0.0,0.9109375,0.00195312,4.0,15
8.0,3.0,5.0,40.0,36.0,1848.0,3312.0,0.0,0.0,0.9109375,0.00195312,4.0,20
8.0,3.0,5.0,40.0,36.0,1848.0,3312.0,0.0,0.0,0.9109375,0.00195312,4.0,30
8.0,3.0,5.0,40.0,36.0,1848.0,3312.0,0.0,0.0,0.9109375,0.00195312,4.0,40
8.0,3.0,5.0,40.0,36.0,1848.0,3312.0,0.0,0.0,0.9109375,0.00195312,4.0,50
8.0,3.0,5.0,40.0,36.0,1848.0,3312.0,0.0,0.0,0.9109375,0.00195312,4.0,100
8.0,3.0,5.0,40.0,36.0,1848.0,3312.0,0.0,0.0,0.9109375,0.00195312,4.0,500
4.0,3.0,4.0,23.0,20.0,961.0,1840.0,0.0,0.0,0.9109375,0.00195312,8.0,5
5.0,3.0,4.0,27.0,24.0,1146.0,2208.0,0.0,0.0,0.9109375,0.00195312,8.0,10
5.0,3.0,4.0,27.0,24.0,1146.0,2208.0,0.0,0.0,0.9109375,0.00195312,8.0,15
5.0,3.0,4.0,27.0,24.0,1146.0,2208.0,0.0,0.0,0.9109375,0.00195312,8.0,20
5.0,3.0,4.0,27.0,24.0,1146.0,2208.0,0.0,0.0,0.9109375,0.00195312,8.0,30
5.0,3.0,4.0,27.0,24.0,1146.0,2208.0,0.0,0.0,0.9109375,0.00195312,8.0,40
5.0,3.0,4.0,27.0,24.0,1146.0,2208.0,0.0,0.0,0.9109375,0.00195312,8.0,50
5.0,3.0,4.0,27.0,24.0,1146.0,2208.0,0.0,0.0,0.9109375,0.00195312,8.0,100
5.0,3.0,4.0,27.0,24.0,1146.0,2208.0,0.0,0.0,0.9109375,0.00195312,8.0,500
3.0,3.0,4.0,19.0,16.0,744.0,1472.0,0.0,0.0,0.9109375,0.00195312,16.0,5
3.0,3.0,4.0,19.0,16.0,744.0,1472.0,0.0,0.0,0.9109375,0.00195312,16.0,10
3.0,3.0,4.0,19.0,16.0,744.0,1472.0,0.0,0.0,0.9109375,0.00195312,16.0,15
3.0,3.0,4.0,19.0,16.0,744.0,1472.0,0.0,0.0,0.9109375,0.00195312,16.0,20
3.0,3.0,4.0,19.0,16.0,744.0,1472.0,0.0,0.0,0.9109375,0.00195312,16.0,30
3.0,3.0,4.0,19.0,16.0,744.0,1472.0,0.0,0.0,0.9109375,0.00195312,16.0,40
3.0,3.0,4.0,19.0,16.0,744.0,1472.0,0.0,0.0,0.9109375,0.00195312,16.0,50
3.0,3.0,4.0,19.0,16.0,744.0,1472.0,0.0,0.0,0.9109375,0.00195312,16.0,100
3.0,3.0,4.0,19.0,16.0,744.0,1472.0,0.0,0.0,0.9109375,0.00195312,16.0,500
2.0,3.0,4.0,15.0,12.0,567.0,1104.0,0.0,0.0,0.9109375,0.00195312,32.0,5
2.0,3.0,4.0,15.0,12.0,567.0,1104.0,0.0,0.0,0.9109375,0.00195312,32.0,10
2.0,3.0,4.0,15.0,12.0,567.0,1104.0,0.0,0.0,0.9109375,0.00195312,32.0,15
2.0,3.0,4.0,15.0,12.0,567.0,1104.0,0.0,0.0,0.9109375,0.00195312,32.0,20
2.0,3.0,4.0,15.0,12.0,567.0,1104.0,0.0,0.0,0.9109375,0.00195312,32.0,30
2.0,3.0,4.0,15.0,12.0,567.0,1104.0,0.0,0.0,0.9109375,0.00195312,32.0,40
2.0,3.0,4.0,15.0,12.0,567.0,1104.0,0.0,0.0,0.9109375,0.00195312,32.0,50
2.0,3.0,4.0,15.0,12.0,567.0,1104.0,0.0,0.0,0.9109375,0.00195312,32.0,100
2.0,3.0,4.0,15.0,12.0,567.0,1104.0,0.0,0.0,0.9109375,0.00195312,32.0,500
1.0,3.0,4.0,11.0,8.0,374.0,736.0,0.0,0.0,0.9109375,0.00195312,64.0,5
1.0,3.0,4.0,11.0,8.0,374.0,736.0,0.0,0.0,0.9109375,0.00195312,64.0,10
1.0,3.0,4.0,11.0,8.0,374.0,736.0,0.0,0.0,0.9109375,0.00195312,64.0,15
1.0,3.0,4.0,11.0,8.0,374.0,736.0,0.0,0.0,0.9109375,0.00195312,64.0,20
1.0,3.0,4.0,11.0,8.0,374.0,736.0,0.0,0.0,0.9109375,0.00195312,64.0,30
1.0,3.0,4.0,11.0,8.0,374.0,736.0,0.0,0.0,0.9109375,0.00195312,64.0,40
1.0,3.0,4.0,11.0,8.0,374.0,736.0,0.0,0.0,0.9109375,0.00195312,64.0,50
1.0,3.0,4.0,11.0,8.0,374.0,736.0,0.0,0.0,0.9109375,0.00195312,64.0,100
1.0,3.0,4.0,11.0,8.0,374.0,736.0,0.0,0.0,0.9109375,0.00195312,64.0,500
0.0,3.0,4.0,7.0,4.0,197.0,368.0,0.0,0.0,0.9109375,0.00195312,128.0,5
0.0,3.0,4.0,7.0,4.0,197.0,368.0,0.0,0.0,0.9109375,0.00195312,128.0,10
0.0,3.0,4.0,7.0,4.0,197.0,368.0,0.0,0.0,0.9109375,0.00195312,128.0,15
0.0,3.0,4.0,7.0,4.0,197.0,368.0,0.0,0.0,0.9109375,0.00195312,128.0,20
0.0,3.0,4.0,7.0,4.0,197.0,368.0,0.0,0.0,0.9109375,0.00195312,128.0,30
0.0,3.0,4.0,7.0,4.0,197.0,368.0,0.0,0.0,0.9109375,0.00195312,128.0,40
0.0,3.0,4.0,7.0,4.0,197.0,368.0,0.0,0.0,0.9109375,0.00195312,128.0,50
0.0,3.0,4.0,7.0,4.0,197.0,368.0,0.0,0.0,0.9109375,0.00195312,128.0,100
0.0,3.0,4.0,7.0,4.0,197.0,368.0,0.0,0.0,0.9109375,0.00195312,128.0,500
0.0,3.0,4.0,7.0,4.0,197.0,368.0,0.0,0.0,0.9109375,0.00195312,256.0,5
0.0,3.0,4.0,7.0,4.0,197.0,368.0,0.0,0.0,0.9109375,0.00195312,256.0,10
0.0,3.0,4.0,7.0,4.0,197.0,368.0,0.0,0.0,0.9109375,0.00195312,256.0,15
0.0,3.0,4.0,7.0,4.0,197.0,368.0,0.0,0.0,0.9109375,0.00195312,256.0,20
0.0,3.0,4.0,7.0,4.0,197.0,368.0,0.0,0.0,0.9109375,0.00195312,256.0,30
0.0,3.0,4.0,7.0,4.0,197.0,368.0,0.0,0.0,0.9109375,0.00195312,256.0,40
0.0,3.0,4.0,7.0,4.0,197.0,368.0,0.0,0.0,0.9109375,0.00195312,256.0,50
0.0,3.0,4.0,7.0,4.0,197.0,368.0,0.0,0.0,0.9109375,0.00195312,256.0,100
0.0,3.0,4.0,7.0,4.0,197.0,368.0,0.0,0.0,0.9109375,0.00195312,256.0,500
0.0,3.0,3.0,5.0,3.0,152.0,256.0,0.0,0.0,0.7828125,0.00195312,512.0,5
0.0,3.0,3.0,5.0,3.0,152.0,256.0,0.0,0.0,0.7828125,0.00195312,512.0,10
0.0,3.0,3.0,5.0,3.0,152.0,256.0,0.0,0.0,0.7828125,0.00195312,512.0,15
0.0,3.0,3.0,5.0,3.0,152.0,256.0,0.0,0.0,0.7828125,0.00195312,512.0,20
0.0,3.0,3.0,5.0,3.0,152.0,256.0,0.0,0.0,0.7828125,0.00195312,512.0,30
0.0,3.0,3.0,5.0,3.0,152.0,256.0,0.0,0.0,0.7828125,0.00195312,512.0,40
0.0,3.0,3.0,5.0,3.0,152.0,256.0,0.0,0.0,0.7828125,0.00195312,512.0,50
0.0,3.0,3.0,5.0,3.0,152.0,256.0,0.0,0.0,0.7828125,0.00195312,512.0,100
0.0,3.0,3.0,5.0,3.0,152.0,256.0,0.0,0.0,0.7828125,0.00195312,512.0,500
0.0,3.0,2.0,3.0,2.0,92.0,144.0,0.0,0.0,0.53125,0.00195312,1024.0,5
0.0,3.0,2.0,3.0,2.0,92.0,144.0,0.0,0.0,0.53125,0.00195312,1024.0,10
0.0,3.0,2.0,3.0,2.0,92.0,144.0,0.0,0.0,0.53125,0.00195312,1024.0,15
0.0,3.0,2.0,3.0,2.0,92.0,144.0,0.0,0.0,0.53125,0.00195312,1024.0,20
0.0,3.0,2.0,3.0,2.0,92.0,144.0,0.0,0.0,0.53125,0.00195312,1024.0,30
0.0,3.0,2.0,3.0,2.0,92.0,144.0,0.0,0.0,0.53125,0.00195312,1024.0,40
0.0,3.0,2.0,3.0,2.0,92.0,144.0,0.0,0.0,0.53125,0.00195312,1024.0,50
0.0,3.0,2.0,3.0,2.0,92.0,144.0,0.0,0.0,0.53125,0.00195312,1024.0,100
0.0,3.0,2.0,3.0,2.0,92.0,144.0,0.0,0.0,0.53125,0.00195312,1024.0,500
0.0,3.0,2.0,3.0,2.0,92.0,144.0,0.0,0.0,0.53125,0.00195312,2048.0,5
0.0,3.0,2.0,3.0,2.0,92.0,144.0,0.0,0.0,0.53125,0.00195312,2048.0,10
0.0,3.0,2.0,3.0,2.0,92.0,144.0,0.0,0.0,0.53125,0.00195312,2048.0,15
0.0,3.0,2.0,3.0,2.0,92.0,144.0,0.0,0.0,0.53125,0.00195312,2048.0,20
0.0,3.0,2.0,3.0,2.0,92.0,144.0,0.0,0.0,0.53125,0.00195312,2048.0,30
0.0,3.0,2.0,3.0,2.0,92.0,144.0,0.0,0.0,0.53125,0.00195312,2048.0,40
0.0,3.0,2.0,3.0,2.0,92.0,144.0,0.0,0.0,0.53125,0.00195312,2048.0,50
0.0,3.0,2.0,3.0,2.0,92.0,144.0,0.0,0.0,0.53125,0.00195312,2048.0,100
0.0,3.0,2.0,3.0,2.0,92.0,144.0,0.0,0.0,0.53125,0.00195312,2048.0,500
0.0,3.0,2.0,3.0,2.0,92.0,144.0,0.0,0.0,0.53125,0.00195312,4096.0,5
0.0,3.0,2.0,3.0,2.0,92.0,144.0,0.0,0.0,0.53125,0.00195312,4096.0,10
0.0,3.0,2.0,3.0,2.0,92.0,144.0,0.0,0.0,0.53125,0.00195312,4096.0,15
0.0,3.0,2.0,3.0,2.0,92.0,144.0,0.0,0.0,0.53125,0.00195312,4096.0,20
0.0,3.0,2.0,3.0,2.0,92.0,144.0,0.0,0.0,0.53125,0.00195312,4096.0,30
0.0,3.0,2.0,3.0,2.0,92.0,144.0,0.0,0.0,0.53125,0.00195312,4096.0,40
0.0,3.0,2.0,3.0,2.0,92.0,144.0,0.0,0.0,0.53125,0.00195312,4096.0,50
0.0,3.0,2.0,3.0,2.0,92.0,144.0,0.0,0.0,0.53125,0.00195312,4096.0,100
0.0,3.0,2.0,3.0,2.0,92.0,144.0,0.0,0.0,0.53125,0.00195312,4096.0,500
0.0,3.0,2.0,3.0,2.0,92.0,144.0,0.0,0.0,0.53125,0.00195312,8192.0,5
0.0,3.0,2.0,3.0,2.0,92.0,144.0,0.0,0.0,0.53125,0.00195312,8192.0,10
0.0,3.0,2.0,3.0,2.0,92.0,144.0,0.0,0.0,0.53125,0.00195312,8192.0,15
0.0,3.0,2.0,3.0,2.0,92.0,144.0,0.0,0.0,0.53125,0.00195312,8192.0,20
0.0,3.0,2.0,3.0,2.0,92.0,144.0,0.0,0.0,0.53125,0.00195312,8192.0,30
0.0,3.0,2.0,3.0,2.0,92.0,144.0,0.0,0.0,0.53125,0.00195312,8192.0,40
0.0,3.0,2.0,3.0,2.0,92.0,144.0,0.0,0.0,0.53125,0.00195312,8192.0,50
0.0,3.0,2.0,3.0,2.0,92.0,144.0,0.0,0.0,0.53125,0.00195312,8192.0,100
0.0,3.0,2.0,3.0,2.0,92.0,144.0,0.0,0.0,0.53125,0.00195312,8192.0,500
0.0,3.0,2.0,3.0,2.0,92.0,144.0,0.0,0.0,0.53125,0.00195312,16384.0,5
0.0,3.0,2.0,3.0,2.0,92.0,144.0,0.0,0.0,0.53125,0.00195312,16384.0,10
0.0,3.0,2.0,3.0,2.0,92.0,144.0,0.0,0.0,0.53125,0.00195312,16384.0,15
0.0,3.0,2.0,3.0,2.0,92.0,144.0,0.0,0.0,0.53125,0.00195312,16384.0,20
0.0,3.0,2.0,3.0,2.0,92.0,144.0,0.0,0.0,0.53125,0.00195312,16384.0,30
0.0,3.0,2.0,3.0,2.0,92.0,144.0,0.0,0.0,0.53125,0.00195312,16384.0,40
0.0,3.0,2.0,3.0,2.0,92.0,144.0,0.0,0.0,0.53125,0.00195312,16384.0,50
0.0,3.0,2.0,3.0,2.0,92.0,144.0,0.0,0.0,0.53125,0.00195312,16384.0,100
0.0,3.0,2.0,3.0,2.0,92.0,144.0,0.0,0.0,0.53125,0.00195312,16384.0,500
0.0,3.0,2.0,3.0,2.0,92.0,144.0,0.0,0.0,0.53125,0.00195312,32768.0,5
0.0,3.0,2.0,3.0,2.0,92.0,144.0,0.0,0.0,0.53125,0.00195312,32768.0,10
0.0,3.0,2.0,3.0,2.0,92.0,144.0,0.0,0.0,0.53125,0.00195312,32768.0,15
0.0,3.0,2.0,3.0,2.0,92.0,144.0,0.0,0.0,0.53125,0.00195312,32768.0,20
0.0,3.0,2.0,3.0,2.0,92.0,144.0,0.0,0.0,0.53125,0.00195312,32768.0,30
0.0,3.0,2.0,3.0,2.0,92.0,144.0,0.0,0.0,0.53125,0.00195312,32768.0,40
0.0,3.0,2.0,3.0,2.0,92.0,144.0,0.0,0.0,0.53125,0.00195312,32768.0,50
0.0,3.0,2.0,3.0,2.0,92.0,144.0,0.0,0.0,0.53125,0.00195312,32768.0,100
0.0,3.0,2.0,3.0,2.0,92.0,144.0,0.0,0.0,0.53125,0.00195312,32768.0,500
4.0,3.0,7.0,30.0,24.0,1164.0,2288.0,0.0,0.0,0.9109375,0.00390625,0.000976562,5
9.0,3.0,8.0,52.0,45.0,2249.0,4240.0,0.0,0.0,0.9109375,0.00390625,0.000976562,10
14.0,3.0,10.0,83.0,74.0,3795.0,7088.0,0.0,0.0,0.93125,0.00390625,0.000976562,15
19.0,3.0,11.0,112.0,102.0,5146.0,9824.0,0.0,0.0,0.93125,0.00390625,0.000976562,20
29.0,3.0,14.0,179.0,165.0,8363.0,16080.0,0.0,0.0,0.93125,0.00390625,0.000976562,30
39.0,3.0,19.0,247.0,228.0,11692.0,22336.0,0.0,0.0,0.9375,0.00390625,0.000976562,40
49.0,3.0,22.0,313.0,291.0,15187.0,28592.0,0.0,0.0,0.9453125,0.00390625,0.000976562,50
99.0,3.0,27.0,622.0,595.0,31379.0,58640.0,0.0,0.0,0.959375,0.00390625,0.000976562,100
149.0,3.0,29.0,899.0,870.0,46178.0,85440.0,0.0,0.0,0.9640625,0.00390625,0.000976562,500
4.0,3.0,7.0,30.0,24.0,1164.0,2288.0,0.0,0.0,0.9109375,0.00390625,0.00195312,5
9.0,3.0,8.0,52.0,45.0,2249.0,4240.0,0.0,0.0,0.9109375,0.00390625,0.00195312,10
14.0,3.0,10.0,83.0,74.0,3795.0,7088.0,0.0,0.0,0.93125,0.00390625,0.00195312,15
19.0,3.0,11.0,112.0,102.0,5146.0,9824.0,0.0,0.0,0.93125,0.00390625,0.00195312,20
29.0,3.0,14.0,179.0,165.0,8363.0,16080.0,0.0,0.0,0.93125,0.00390625,0.00195312,30
39.0,3.0,19.0,247.0,228.0,11692.0,22336.0,0.0,0.0,0.9375,0.00390625,0.00195312,40
49.0,3.0,22.0,313.0,291.0,15187.0,28592.0,0.0,0.0,0.9453125,0.00390625,0.00195312,50
99.0,3.0,27.0,608.0,581.0,30917.0,57072.0,0.0,0.0,0.95625,0.00390625,0.00195312,100
118.0,3.0,27.0,711.0,684.0,36482.0,67088.0,0.0,0.0,0.9625,0.00390625,0.00195312,500
4.0,3.0,7.0,30.0,24.0,1164.0,2288.0,0.0,0.0,0.9109375,0.00390625,0.00390625,5
9.0,3.0,8.0,52.0,45.0,2249.0,4240.0,0.0,0.0,0.9109375,0.00390625,0.00390625,10
14.0,3.0,10.0,83.0,74.0,3795.0,7088.0,0.0,0.0,0.93125,0.00390625,0.00390625,15
19.0,3.0,11.0,112.0,102.0,5146.0,9824.0,0.0,0.0,0.93125,0.00390625,0.00390625,20
29.0,3.0,14.0,179.0,165.0,8363.0,16080.0,0.0,0.0,0.93125,0.00390625,0.00390625,30
39.0,3.0,19.0,247.0,228.0,11692.0,22336.0,0.0,0.0,0.9375,0.00390625,0.00390625,40
49.0,3.0,21.0,310.0,289.0,15109.0,28368.0,0.0,0.0,0.9453125,0.00390625,0.00390625,50
98.0,3.0,28.0,593.0,565.0,30287.0,55360.0,0.0,0.0,0.959375,0.00390625,0.00390625,100
98.0,3.0,28.0,593.0,565.0,30287.0,55360.0,0.0,0.0,0.959375,0.00390625,0.00390625,500
4.0,3.0,7.0,30.0,24.0,1164.0,2288.0,0.0,0.0,0.9109375,0.00390625,0.0078125,5
9.0,3.0,8.0,52.0,45.0,2249.0,4240.0,0.0,0.0,0.9109375,0.00390625,0.0078125,10
14.0,3.0,10.0,83.0,74.0,3795.0,7088.0,0.0,0.0,0.93125,0.00390625,0.0078125,15
19.0,3.0,11.0,112.0,102.0,5146.0,9824.0,0.0,0.0,0.93125,0.00390625,0.0078125,20
29.0,3.0,14.0,179.0,165.0,8363.0,16080.0,0.0,0.0,0.93125,0.00390625,0.0078125,30
39.0,3.0,19.0,246.0,227.0,11659.0,22224.0,0.0,0.0,0.9375,0.00390625,0.0078125,40
49.0,3.0,21.0,306.0,285.0,14977.0,27920.0,0.0,0.0,0.9453125,0.00390625,0.0078125,50
77.0,3.0,24.0,462.0,438.0,23030.0,42816.0,0.0,0.0,0.9625,0.00390625,0.0078125,100
77.0,3.0,24.0,462.0,438.0,23030.0,42816.0,0.0,0.0,0.9625,0.00390625,0.0078125,500
4.0,3.0,7.0,30.0,24.0,1164.0,2288.0,0.0,0.0,0.9109375,0.00390625,0.015625,5
9.0,3.0,8.0,52.0,45.0,2249.0,4240.0,0.0,0.0,0.9109375,0.00390625,0.015625,10
14.0,3.0,10.0,83.0,74.0,3795.0,7088.0,0.0,0.0,0.93125,0.00390625,0.015625,15
19.0,3.0,11.0,111.0,101.0,5113.0,9712.0,0.0,0.0,0.93125,0.00390625,0.015625,20
29.0,3.0,13.0,173.0,160.0,8186.0,15520.0,0.0,0.0,0.93125,0.00390625,0.015625,30
39.0,3.0,19.0,243.0,224.0,11560.0,21888.0,0.0,0.0,0.94375,0.00390625,0.015625,40
49.0,3.0,19.0,299.0,280.0,14788.0,27360.0,0.0,0.0,0.9453125,0.00390625,0.015625,50
60.0,3.0,21.0,362.0,341.0,17991.0,33312.0,0.0,0.0,0.9453125,0.00390625,0.015625,100
60.0,3.0,21.0,362.0,341.0,17991.0,33312.0,0.0,0.0,0.9453125,0.00390625,0.015625,500
4.0,3.0,7.0,30.0,24.0,1164.0,2288.0,0.0,0.0,0.9109375,0.00390625,0.03125,5
9.0,3.0,8.0,52.0,45.0,2249.0,4240.0,0.0,0.0,0.9109375,0.00390625,0.03125,10
14.0,3.0,10.0,83.0,74.0,3795.0,7088.0,0.0,0.0,0.93125,0.00390625,0.03125,15
19.0,3.0,11.0,109.0,99.0,5047.0,9488.0,0.0,0.0,0.93125,0.00390625,0.03125,20
29.0,3.0,13.0,171.0,158.0,8120.0,15296.0,0.0,0.0,0.93125,0.00390625,0.03125,30
39.0,3.0,19.0,241.0,222.0,11494.0,21664.0,0.0,0.0,0.94375,0.00390625,0.03125,40
48.0,3.0,20.0,287.0,267.0,14265.0,25984.0,0.0,0.0,0.94375,0.00390625,0.03125,50
48.0,3.0,20.0,287.0,267.0,14265.0,25984.0,0.0,0.0,0.94375,0.00390625,0.03125,100
48.0,3.0,20.0,287.0,267.0,14265.0,25984.0,0.0,0.0,0.94375,0.00390625,0.03125,500
4.0,3.0,7.0,30.0,24.0,1164.0,2288.0,0.0,0.0,0.9109375,0.00390625,0.0625,5
9.0,3.0,8.0,52.0,45.0,2249.0,4240.0,0.0,0.0,0.9109375,0.00390625,0.0625,10
14.0,3.0,10.0,80.0,71.0,3696.0,6752.0,0.0,0.0,0.93125,0.00390625,0.0625,15
19.0,3.0,11.0,106.0,96.0,4948.0,9152.0,0.0,0.0,0.93125,0.00390625,0.0625,20
29.0,3.0,13.0,168.0,155.0,8021.0,14960.0,0.0,0.0,0.93125,0.00390625,0.0625,30
39.0,3.0,16.0,218.0,202.0,10518.0,19424.0,0.0,0.0,0.9359375,0.00390625,0.0625,40
39.0,3.0,16.0,218.0,202.0,10518.0,19424.0,0.0,0.0,0.9359375,0.00390625,0.0625,50
39.0,3.0,16.0,218.0,202.0,10518.0,19424.0,0.0,0.0,0.9359375,0.00390625,0.0625,100
39.0,3.0,16.0,218.0,202.0,10518.0,19424.0,0.0,0.0,0.9359375,0.00390625,0.0625,500
4.0,3.0,7.0,30.0,24.0,1164.0,2288.0,0.0,0.0,0.9109375,0.00390625,0.125,5
9.0,3.0,8.0,51.0,44.0,2216.0,4128.0,0.0,0.0,0.9109375,0.00390625,0.125,10
14.0,3.0,10.0,74.0,65.0,3498.0,6080.0,0.0,0.0,0.93125,0.00390625,0.125,15
19.0,3.0,10.0,99.0,90.0,4738.0,8480.0,0.0,0.0,0.93125,0.00390625,0.125,20
29.0,3.0,12.0,157.0,146.0,7711.0,13952.0,0.0,0.0,0.93125,0.00390625,0.125,30
31.0,3.0,12.0,164.0,153.0,8124.0,14576.0,0.0,0.0,0.93125,0.00390625,0.125,40
31.0,3.0,12.0,164.0,153.0,8124.0,14576.0,0.0,0.0,0.93125,0.00390625,0.125,50
31.0,3.0,12.0,164.0,153.0,8124.0,14576.0,0.0,0.0,0.93125,0.00390625,0.125,100
31.0,3.0,12.0,164.0,153.0,8124.0,14576.0,0.0,0.0,0.93125,0.00390625,0.125,500
4.0,3.0,6.0,27.0,22.0,1086.0,2064.0,0.0,0.0,0.9109375,0.00390625,0.25,5
9.0,3.0,7.0,48.0,42.0,2138.0,3904.0,0.0,0.0,0.9109375,0.00390625,0.25,10
14.0,3.0,9.0,71.0,63.0,3300.0,5856.0,0.0,0.0,0.93125,0.00390625,0.25,15
19.0,3.0,9.0,96.0,88.0,4660.0,8256.0,0.0,0.0,0.93125,0.00390625,0.25,20
25.0,3.0,10.0,126.0,117.0,6158.0,11024.0,0.0,0.0,0.93125,0.00390625,0.25,30
25.0,3.0,10.0,126.0,117.0,6158.0,11024.0,0.0,0.0,0.93125,0.00390625,0.25,40
25.0,3.0,10.0,126.0,117.0,6158.0,11024.0,0.0,0.0,0.93125,0.00390625,0.25,50
25.0,3.0,10.0,126.0,117.0,6158.0,11024.0,0.0,0.0,0.93125,0.00390625,0.25,100
25.0,3.0,10.0,126.0,117.0,6158.0,11024.0,0.0,0.0,0.93125,0.00390625,0.25,500
4.0,3.0,5.0,25.0,21.0,1041.0,1952.0,0.0,0.0,0.9109375,0.00390625,0.5,5
9.0,3.0,6.0,46.0,41.0,2093.0,3792.0,0.0,0.0,0.9109375,0.00390625,0.5,10
14.0,3.0,8.0,69.0,62.0,3150.0,5744.0,0.0,0.0,0.93125,0.00390625,0.5,15
19.0,3.0,8.0,93.0,86.0,4442.0,8032.0,0.0,0.0,0.93125,0.00390625,0.5,20
20.0,3.0,8.0,97.0,90.0,4650.0,8400.0,0.0,0.0,0.93125,0.00390625,0.5,30
20.0,3.0,8.0,97.0,90.0,4650.0,8400.0,0.0,0.0,0.93125,0.00390625,0.5,40
20.0,3.0,8.0,97.0,90.0,4650.0,8400.0,0.0,0.0,0.93125,0.00390625,0.5,50
20.0,3.0,8.0,97.0,90.0,4650.0,8400.0,0.0,0.0,0.93125,0.00390625,0.5,100
20.0,3.0,8.0,97.0,90.0,4650.0,8400.0,0.0,0.0,0.93125,0.00390625,0.5,500
4.0,3.0,5.0,25.0,21.0,1041.0,1952.0,0.0,0.0,0.9109375,0.00390625,1.0,5
9.0,3.0,6.0,46.0,41.0,2093.0,3792.0,0.0,0.0,0.9109375,0.00390625,1.0,10
14.0,3.0,8.0,69.0,62.0,3150.0,5744.0,0.0,0.0,0.93125,0.00390625,1.0,15
14.0,3.0,8.0,69.0,62.0,3150.0,5744.0,0.0,0.0,0.93125,0.00390625,1.0,20
14.0,3.0,8.0,69.0,62.0,3150.0,5744.0,0.0,0.0,0.93125,0.00390625,1.0,30
14.0,3.0,8.0,69.0,62.0,3150.0,5744.0,0.0,0.0,0.93125,0.00390625,1.0,40
14.0,3.0,8.0,69.0,62.0,3150.0,5744.0,0.0,0.0,0.93125,0.00390625,1.0,50
14.0,3.0,8.0,69.0,62.0,3150.0,5744.0,0.0,0.0,0.93125,0.00390625,1.0,100
14.0,3.0,8.0,69.0,62.0,3150.0,5744.0,0.0,0.0,0.93125,0.00390625,1.0,500
4.0,3.0,5.0,25.0,21.0,1041.0,1952.0,0.0,0.0,0.9109375,0.00390625,2.0,5
9.0,3.0,6.0,46.0,41.0,2093.0,3792.0,0.0,0.0,0.9109375,0.00390625,2.0,10
11.0,3.0,7.0,56.0,50.0,2538.0,4640.0,0.0,0.0,0.93125,0.00390625,2.0,15
11.0,3.0,7.0,56.0,50.0,2538.0,4640.0,0.0,0.0,0.93125,0.00390625,2.0,20
11.0,3.0,7.0,56.0,50.0,2538.0,4640.0,0.0,0.0,0.93125,0.00390625,2.0,30
11.0,3.0,7.0,56.0,50.0,2538.0,4640.0,0.0,0.0,0.93125,0.00390625,2.0,40
11.0,3.0,7.0,56.0,50.0,2538.0,4640.0,0.0,0.0,0.93125,0.00390625,2.0,50
11.0,3.0,7.0,56.0,50.0,2538.0,4640.0,0.0,0.0,0.93125,0.00390625,2.0,100
11.0,3.0,7.0,56.0,50.0,2538.0,4640.0,0.0,0.0,0.93125,0.00390625,2.0,500
4.0,3.0,4.0,23.0,20.0,961.0,1840.0,0.0,0.0,0.9109375,0.00390625,4.0,5
8.0,3.0,5.0,40.0,36.0,1848.0,3312.0,0.0,0.0,0.9109375,0.00390625,4.0,10
8.0,3.0,5.0,40.0,36.0,1848.0,3312.0,0.0,0.0,0.9109375,0.00390625,4.0,15
8.0,3.0,5.0,40.0,36.0,1848.0,3312.0,0.0,0.0,0.9109375,0.00390625,4.0,20
8.0,3.0,5.0,40.0,36.0,1848.0,3312.0,0.0,0.0,0.9109375,0.00390625,4.0,30
8.0,3.0,5.0,40.0,36.0,1848.0,3312.0,0.0,0.0,0.9109375,0.00390625,4.0,40
8.0,3.0,5.0,40.0,36.0,1848.0,3312.0,0.0,0.0,0.9109375,0.00390625,4.0,50
8.0,3.0,5.0,40.0,36.0,1848.0,3312.0,0.0,0.0,0.9109375,0.00390625,4.0,100
8.0,3.0,5.0,40.0,36.0,1848.0,3312.0,0.0,0.0,0.9109375,0.00390625,4.0,500
4.0,3.0,4.0,23.0,20.0,961.0,1840.0,0.0,0.0,0.9109375,0.00390625,8.0,5
5.0,3.0,4.0,27.0,24.0,1146.0,2208.0,0.0,0.0,0.9109375,0.00390625,8.0,10
5.0,3.0,4.0,27.0,24.0,1146.0,2208.0,0.0,0.0,0.9109375,0.00390625,8.0,15
5.0,3.0,4.0,27.0,24.0,1146.0,2208.0,0.0,0.0,0.9109375,0.00390625,8.0,20
5.0,3.0,4.0,27.0,24.0,1146.0,2208.0,0.0,0.0,0.9109375,0.00390625,8.0,30
5.0,3.0,4.0,27.0,24.0,1146.0,2208.0,0.0,0.0,0.9109375,0.00390625,8.0,40
5.0,3.0,4.0,27.0,24.0,1146.0,2208.0,0.0,0.0,0.9109375,0.00390625,8.0,50
5.0,3.0,4.0,27.0,24.0,1146.0,2208.0,0.0,0.0,0.9109375,0.00390625,8.0,100
5.0,3.0,4.0,27.0,24.0,1146.0,2208.0,0.0,0.0,0.9109375,0.00390625,8.0,500
3.0,3.0,4.0,19.0,16.0,744.0,1472.0,0.0,0.0,0.9109375,0.00390625,16.0,5
3.0,3.0,4.0,19.0,16.0,744.0,1472.0,0.0,0.0,0.9109375,0.00390625,16.0,10
3.0,3.0,4.0,19.0,16.0,744.0,1472.0,0.0,0.0,0.9109375,0.00390625,16.0,15
3.0,3.0,4.0,19.0,16.0,744.0,1472.0,0.0,0.0,0.9109375,0.00390625,16.0,20
3.0,3.0,4.0,19.0,16.0,744.0,1472.0,0.0,0.0,0.9109375,0.00390625,16.0,30
3.0,3.0,4.0,19.0,16.0,744.0,1472.0,0.0,0.0,0.9109375,0.00390625,16.0,40
3.0,3.0,4.0,19.0,16.0,744.0,1472.0,0.0,0.0,0.9109375,0.00390625,16.0,50
3.0,3.0,4.0,19.0,16.0,744.0,1472.0,0.0,0.0,0.9109375,0.00390625,16.0,100
3.0,3.0,4.0,19.0,16.0,744.0,1472.0,0.0,0.0,0.9109375,0.00390625,16.0,500
2.0,3.0,4.0,15.0,12.0,567.0,1104.0,0.0,0.0,0.9109375,0.00390625,32.0,5
2.0,3.0,4.0,15.0,12.0,567.0,1104.0,0.0,0.0,0.9109375,0.00390625,32.0,10
2.0,3.0,4.0,15.0,12.0,567.0,1104.0,0.0,0.0,0.9109375,0.00390625,32.0,15
2.0,3.0,4.0,15.0,12.0,567.0,1104.0,0.0,0.0,0.9109375,0.00390625,32.0,20
2.0,3.0,4.0,15.0,12.0,567.0,1104.0,0.0,0.0,0.9109375,0.00390625,32.0,30
2.0,3.0,4.0,15.0,12.0,567.0,1104.0,0.0,0.0,0.9109375,0.00390625,32.0,40
2.0,3.0,4.0,15.0,12.0,567.0,1104.0,0.0,0.0,0.9109375,0.00390625,32.0,50
2.0,3.0,4.0,15.0,12.0,567.0,1104.0,0.0,0.0,0.9109375,0.00390625,32.0,100
2.0,3.0,4.0,15.0,12.0,567.0,1104.0,0.0,0.0,0.9109375,0.00390625,32.0,500
1.0,3.0,4.0,11.0,8.0,374.0,736.0,0.0,0.0,0.9109375,0.00390625,64.0,5
1.0,3.0,4.0,11.0,8.0,374.0,736.0,0.0,0.0,0.9109375,0.00390625,64.0,10
1.0,3.0,4.0,11.0,8.0,374.0,736.0,0.0,0.0,0.9109375,0.00390625,64.0,15
1.0,3.0,4.0,11.0,8.0,374.0,736.0,0.0,0.0,0.9109375,0.00390625,64.0,20
1.0,3.0,4.0,11.0,8.0,374.0,736.0,0.0,0.0,0.9109375,0.00390625,64.0,30
1.0,3.0,4.0,11.0,8.0,374.0,736.0,0.0,0.0,0.9109375,0.00390625,64.0,40
1.0,3.0,4.0,11.0,8.0,374.0,736.0,0.0,0.0,0.9109375,0.00390625,64.0,50
1.0,3.0,4.0,11.0,8.0,374.0,736.0,0.0,0.0,0.9109375,0.00390625,64.0,100
1.0,3.0,4.0,11.0,8.0,374.0,736.0,0.0,0.0,0.9109375,0.00390625,64.0,500
0.0,3.0,4.0,7.0,4.0,197.0,368.0,0.0,0.0,0.9109375,0.00390625,128.0,5
0.0,3.0,4.0,7.0,4.0,197.0,368.0,0.0,0.0,0.9109375,0.00390625,128.0,10
0.0,3.0,4.0,7.0,4.0,197.0,368.0,0.0,0.0,0.9109375,0.00390625,128.0,15
0.0,3.0,4.0,7.0,4.0,197.0,368.0,0.0,0.0,0.9109375,0.00390625,128.0,20
0.0,3.0,4.0,7.0,4.0,197.0,368.0,0.0,0.0,0.9109375,0.00390625,128.0,30
0.0,3.0,4.0,7.0,4.0,197.0,368.0,0.0,0.0,0.9109375,0.00390625,128.0,40
0.0,3.0,4.0,7.0,4.0,197.0,368.0,0.0,0.0,0.9109375,0.00390625,128.0,50
0.0,3.0,4.0,7.0,4.0,197.0,368.0,0.0,0.0,0.9109375,0.00390625,128.0,100
0.0,3.0,4.0,7.0,4.0,197.0,368.0,0.0,0.0,0.9109375,0.00390625,128.0,500
0.0,3.0,4.0,7.0,4.0,197.0,368.0,0.0,0.0,0.9109375,0.00390625,256.0,5
0.0,3.0,4.0,7.0,4.0,197.0,368.0,0.0,0.0,0.9109375,0.00390625,256.0,10
0.0,3.0,4.0,7.0,4.0,197.0,368.0,0.0,0.0,0.9109375,0.00390625,256.0,15
0.0,3.0,4.0,7.0,4.0,197.0,368.0,0.0,0.0,0.9109375,0.00390625,256.0,20
0.0,3.0,4.0,7.0,4.0,197.0,368.0,0.0,0.0,0.9109375,0.00390625,256.0,30
0.0,3.0,4.0,7.0,4.0,197.0,368.0,0.0,0.0,0.9109375,0.00390625,256.0,40
0.0,3.0,4.0,7.0,4.0,197.0,368.0,0.0,0.0,0.9109375,0.00390625,256.0,50
0.0,3.0,4.0,7.0,4.0,197.0,368.0,0.0,0.0,0.9109375,0.00390625,256.0,100
0.0,3.0,4.0,7.0,4.0,197.0,368.0,0.0,0.0,0.9109375,0.00390625,256.0,500
0.0,3.0,3.0,5.0,3.0,152.0,256.0,0.0,0.0,0.7828125,0.00390625,512.0,5
0.0,3.0,3.0,5.0,3.0,152.0,256.0,0.0,0.0,0.7828125,0.00390625,512.0,10
0.0,3.0,3.0,5.0,3.0,152.0,256.0,0.0,0.0,0.7828125,0.00390625,512.0,15
0.0,3.0,3.0,5.0,3.0,152.0,256.0,0.0,0.0,0.7828125,0.00390625,512.0,20
0.0,3.0,3.0,5.0,3.0,152.0,256.0,0.0,0.0,0.7828125,0.00390625,512.0,30
0.0,3.0,3.0,5.0,3.0,152.0,256.0,0.0,0.0,0.7828125,0.00390625,512.0,40
0.0,3.0,3.0,5.0,3.0,152.0,256.0,0.0,0.0,0.7828125,0.00390625,512.0,50
0.0,3.0,3.0,5.0,3.0,152.0,256.0,0.0,0.0,0.7828125,0.00390625,512.0,100
0.0,3.0,3.0,5.0,3.0,152.0,256.0,0.0,0.0,0.7828125,0.00390625,512.0,500
0.0,3.0,2.0,3.0,2.0,92.0,144.0,0.0,0.0,0.53125,0.00390625,1024.0,5
0.0,3.0,2.0,3.0,2.0,92.0,144.0,0.0,0.0,0.53125,0.00390625,1024.0,10
0.0,3.0,2.0,3.0,2.0,92.0,144.0,0.0,0.0,0.53125,0.00390625,1024.0,15
0.0,3.0,2.0,3.0,2.0,92.0,144.0,0.0,0.0,0.53125,0.00390625,1024.0,20
0.0,3.0,2.0,3.0,2.0,92.0,144.0,0.0,0.0,0.53125,0.00390625,1024.0,30
0.0,3.0,2.0,3.0,2.0,92.0,144.0,0.0,0.0,0.53125,0.00390625,1024.0,40
0.0,3.0,2.0,3.0,2.0,92.0,144.0,0.0,0.0,0.53125,0.00390625,1024.0,50
0.0,3.0,2.0,3.0,2.0,92.0,144.0,0.0,0.0,0.53125,0.00390625,1024.0,100
0.0,3.0,2.0,3.0,2.0,92.0,144.0,0.0,0.0,0.53125,0.00390625,1024.0,500
0.0,3.0,2.0,3.0,2.0,92.0,144.0,0.0,0.0,0.53125,0.00390625,2048.0,5
0.0,3.0,2.0,3.0,2.0,92.0,144.0,0.0,0.0,0.53125,0.00390625,2048.0,10
0.0,3.0,2.0,3.0,2.0,92.0,144.0,0.0,0.0,0.53125,0.00390625,2048.0,15
0.0,3.0,2.0,3.0,2.0,92.0,144.0,0.0,0.0,0.53125,0.00390625,2048.0,20
0.0,3.0,2.0,3.0,2.0,92.0,144.0,0.0,0.0,0.53125,0.00390625,2048.0,30
0.0,3.0,2.0,3.0,2.0,92.0,144.0,0.0,0.0,0.53125,0.00390625,2048.0,40
0.0,3.0,2.0,3.0,2.0,92.0,144.0,0.0,0.0,0.53125,0.00390625,2048.0,50
0.0,3.0,2.0,3.0,2.0,92.0,144.0,0.0,0.0,0.53125,0.00390625,2048.0,100
0.0,3.0,2.0,3.0,2.0,92.0,144.0,0.0,0.0,0.53125,0.00390625,2048.0,500
0.0,3.0,2.0,3.0,2.0,92.0,144.0,0.0,0.0,0.53125,0.00390625,4096.0,5
0.0,3.0,2.0,3.0,2.0,92.0,144.0,0.0,0.0,0.53125,0.00390625,4096.0,10
0.0,3.0,2.0,3.0,2.0,92.0,144.0,0.0,0.0,0.53125,0.00390625,4096.0,15
0.0,3.0,2.0,3.0,2.0,92.0,144.0,0.0,0.0,0.53125,0.00390625,4096.0,20
0.0,3.0,2.0,3.0,2.0,92.0,144.0,0.0,0.0,0.53125,0.00390625,4096.0,30
0.0,3.0,2.0,3.0,2.0,92.0,144.0,0.0,0.0,0.53125,0.00390625,4096.0,40
0.0,3.0,2.0,3.0,2.0,92.0,144.0,0.0,0.0,0.53125,0.00390625,4096.0,50
0.0,3.0,2.0,3.0,2.0,92.0,144.0,0.0,0.0,0.53125,0.00390625,4096.0,100
0.0,3.0,2.0,3.0,2.0,92.0,144.0,0.0,0.0,0.53125,0.00390625,4096.0,500
0.0,3.0,2.0,3.0,2.0,92.0,144.0,0.0,0.0,0.53125,0.00390625,8192.0,5
0.0,3.0,2.0,3.0,2.0,92.0,144.0,0.0,0.0,0.53125,0.00390625,8192.0,10
0.0,3.0,2.0,3.0,2.0,92.0,144.0,0.0,0.0,0.53125,0.00390625,8192.0,15
0.0,3.0,2.0,3.0,2.0,92.0,144.0,0.0,0.0,0.53125,0.00390625,8192.0,20
0.0,3.0,2.0,3.0,2.0,92.0,144.0,0.0,0.0,0.53125,0.00390625,8192.0,30
0.0,3.0,2.0,3.0,2.0,92.0,144.0,0.0,0.0,0.53125,0.00390625,8192.0,40
0.0,3.0,2.0,3.0,2.0,92.0,144.0,0.0,0.0,0.53125,0.00390625,8192.0,50
0.0,3.0,2.0,3.0,2.0,92.0,144.0,0.0,0.0,0.53125,0.00390625,8192.0,100
0.0,3.0,2.0,3.0,2.0,92.0,144.0,0.0,0.0,0.53125,0.00390625,8192.0,500
0.0,3.0,2.0,3.0,2.0,92.0,144.0,0.0,0.0,0.53125,0.00390625,16384.0,5
0.0,3.0,2.0,3.0,2.0,92.0,144.0,0.0,0.0,0.53125,0.00390625,16384.0,10
0.0,3.0,2.0,3.0,2.0,92.0,144.0,0.0,0.0,0.53125,0.00390625,16384.0,15
0.0,3.0,2.0,3.0,2.0,92.0,144.0,0.0,0.0,0.53125,0.00390625,16384.0,20
0.0,3.0,2.0,3.0,2.0,92.0,144.0,0.0,0.0,0.53125,0.00390625,16384.0,30
0.0,3.0,2.0,3.0,2.0,92.0,144.0,0.0,0.0,0.53125,0.00390625,16384.0,40
0.0,3.0,2.0,3.0,2.0,92.0,144.0,0.0,0.0,0.53125,0.00390625,16384.0,50
0.0,3.0,2.0,3.0,2.0,92.0,144.0,0.0,0.0,0.53125,0.00390625,16384.0,100
0.0,3.0,2.0,3.0,2.0,92.0,144.0,0.0,0.0,0.53125,0.00390625,16384.0,500
0.0,3.0,2.0,3.0,2.0,92.0,144.0,0.0,0.0,0.53125,0.00390625,32768.0,5
0.0,3.0,2.0,3.0,2.0,92.0,144.0,0.0,0.0,0.53125,0.00390625,32768.0,10
0.0,3.0,2.0,3.0,2.0,92.0,144.0,0.0,0.0,0.53125,0.00390625,32768.0,15
0.0,3.0,2.0,3.0,2.0,92.0,144.0,0.0,0.0,0.53125,0.00390625,32768.0,20
0.0,3.0,2.0,3.0,2.0,92.0,144.0,0.0,0.0,0.53125,0.00390625,32768.0,30
0.0,3.0,2.0,3.0,2.0,92.0,144.0,0.0,0.0,0.53125,0.00390625,32768.0,40
0.0,3.0,2.0,3.0,2.0,92.0,144.0,0.0,0.0,0.53125,0.00390625,32768.0,50
0.0,3.0,2.0,3.0,2.0,92.0,144.0,0.0,0.0,0.53125,0.00390625,32768.0,100
0.0,3.0,2.0,3.0,2.0,92.0,144.0,0.0,0.0,0.53125,0.00390625,32768.0,500
4.0,3.0,7.0,30.0,24.0,1164.0,2288.0,0.0,0.0,0.9109375,0.0078125,0.000976562,5
9.0,3.0,8.0,52.0,45.0,2249.0,4240.0,0.0,0.0,0.9109375,0.0078125,0.000976562,10
14.0,3.0,10.0,83.0,74.0,3795.0,7088.0,0.0,0.0,0.93125,0.0078125,0.000976562,15
19.0,3.0,11.0,112.0,102.0,5146.0,9824.0,0.0,0.0,0.93125,0.0078125,0.000976562,20
29.0,3.0,14.0,179.0,165.0,8363.0,16080.0,0.0,0.0,0.93125,0.0078125,0.000976562,30
39.0,3.0,19.0,247.0,228.0,11692.0,22336.0,0.0,0.0,0.9375,0.0078125,0.000976562,40
49.0,3.0,22.0,313.0,291.0,15187.0,28592.0,0.0,0.0,0.9453125,0.0078125,0.000976562,50
99.0,3.0,27.0,618.0,591.0,31247.0,58192.0,0.0,0.0,0.965625,0.0078125,0.000976562,100
141.0,3.0,28.0,855.0,827.0,43835.0,81264.0,0.0,0.0,0.9640625,0.0078125,0.000976562,500
4.0,3.0,7.0,30.0,24.0,1164.0,2288.0,0.0,0.0,0.9109375,0.0078125,0.00195312,5
9.0,3.0,8.0,52.0,45.0,2249.0,4240.0,0.0,0.0,0.9109375,0.0078125,0.00195312,10
14.0,3.0,10.0,83.0,74.0,3795.0,7088.0,0.0,0.0,0.93125,0.0078125,0.00195312,15
19.0,3.0,11.0,112.0,102.0,5146.0,9824.0,0.0,0.0,0.93125,0.0078125,0.00195312,20
29.0,3.0,14.0,179.0,165.0,8363.0,16080.0,0.0,0.0,0.93125,0.0078125,0.00195312,30
39.0,3.0,19.0,247.0,228.0,11692.0,22336.0,0.0,0.0,0.9375,0.0078125,0.00195312,40
49.0,3.0,22.0,313.0,291.0,15187.0,28592.0,0.0,0.0,0.9453125,0.0078125,0.00195312,50
99.0,3.0,27.0,608.0,581.0,30917.0,57072.0,0.0,0.0,0.9578125,0.0078125,0.00195312,100
118.0,3.0,27.0,716.0,689.0,36647.0,67648.0,0.0,0.0,0.9640625,0.0078125,0.00195312,500
4.0,3.0,7.0,30.0,24.0,1164.0,2288.0,0.0,0.0,0.9109375,0.0078125,0.00390625,5
9.0,3.0,8.0,52.0,45.0,2249.0,4240.0,0.0,0.0,0.9109375,0.0078125,0.00390625,10
14.0,3.0,10.0,83.0,74.0,3795.0,7088.0,0.0,0.0,0.93125,0.0078125,0.00390625,15
19.0,3.0,11.0,112.0,102.0,5146.0,9824.0,0.0,0.0,0.93125,0.0078125,0.00390625,20
29.0,3.0,14.0,179.0,165.0,8363.0,16080.0,0.0,0.0,0.93125,0.0078125,0.00390625,30
39.0,3.0,19.0,247.0,228.0,11692.0,22336.0,0.0,0.0,0.9375,0.0078125,0.00390625,40
49.0,3.0,21.0,310.0,289.0,15109.0,28368.0,0.0,0.0,0.9453125,0.0078125,0.00390625,50
98.0,3.0,28.0,593.0,565.0,30287.0,55360.0,0.0,0.0,0.959375,0.0078125,0.00390625,100
98.0,3.0,28.0,593.0,565.0,30287.0,55360.0,0.0,0.0,0.959375,0.0078125,0.00390625,500
4.0,3.0,7.0,30.0,24.0,1164.0,2288.0,0.0,0.0,0.9109375,0.0078125,0.0078125,5
9.0,3.0,8.0,52.0,45.0,2249.0,4240.0,0.0,0.0,0.9109375,0.0078125,0.0078125,10
14.0,3.0,10.0,83.0,74.0,3795.0,7088.0,0.0,0.0,0.93125,0.0078125,0.0078125,15
19.0,3.0,11.0,112.0,102.0,5146.0,9824.0,0.0,0.0,0.93125,0.0078125,0.0078125,20
29.0,3.0,13.0,177.0,164.0,8318.0,15968.0,0.0,0.0,0.93125,0.0078125,0.0078125,30
39.0,3.0,18.0,244.0,226.0,11614.0,22112.0,0.0,0.0,0.9375,0.0078125,0.0078125,40
49.0,3.0,20.0,304.0,284.0,14932.0,27808.0,0.0,0.0,0.9453125,0.0078125,0.0078125,50
77.0,3.0,23.0,459.0,436.0,22952.0,42592.0,0.0,0.0,0.9484375,0.0078125,0.0078125,100
77.0,3.0,23.0,459.0,436.0,22952.0,42592.0,0.0,0.0,0.9484375,0.0078125,0.0078125,500
4.0,3.0,7.0,30.0,24.0,1164.0,2288.0,0.0,0.0,0.9109375,0.0078125,0.015625,5
9.0,3.0,8.0,52.0,45.0,2249.0,4240.0,0.0,0.0,0.9109375,0.0078125,0.015625,10
14.0,3.0,10.0,83.0,74.0,3795.0,7088.0,0.0,0.0,0.93125,0.0078125,0.015625,15
19.0,3.0,11.0,111.0,101.0,5113.0,9712.0,0.0,0.0,0.93125,0.0078125,0.015625,20
29.0,3.0,13.0,173.0,160.0,8186.0,15520.0,0.0,0.0,0.93125,0.0078125,0.015625,30
39.0,3.0,19.0,243.0,224.0,11560.0,21888.0,0.0,0.0,0.94375,0.0078125,0.015625,40
49.0,3.0,19.0,299.0,280.0,14788.0,27360.0,0.0,0.0,0.9453125,0.0078125,0.015625,50
60.0,3.0,21.0,361.0,340.0,17958.0,33200.0,0.0,0.0,0.9453125,0.0078125,0.015625,100
60.0,3.0,21.0,361.0,340.0,17958.0,33200.0,0.0,0.0,0.9453125,0.0078125,0.015625,500
4.0,3.0,7.0,30.0,24.0,1164.0,2288.0,0.0,0.0,0.9109375,0.0078125,0.03125,5
9.0,3.0,8.0,52.0,45.0,2249.0,4240.0,0.0,0.0,0.9109375,0.0078125,0.03125,10
14.0,3.0,10.0,83.0,74.0,3795.0,7088.0,0.0,0.0,0.93125,0.0078125,0.03125,15
19.0,3.0,11.0,109.0,99.0,5047.0,9488.0,0.0,0.0,0.93125,0.0078125,0.03125,20
29.0,3.0,13.0,171.0,158.0,8120.0,15296.0,0.0,0.0,0.93125,0.0078125,0.03125,30
39.0,3.0,19.0,241.0,222.0,11494.0,21664.0,0.0,0.0,0.94375,0.0078125,0.03125,40
48.0,3.0,20.0,287.0,267.0,14265.0,25984.0,0.0,0.0,0.94375,0.0078125,0.03125,50
48.0,3.0,20.0,287.0,267.0,14265.0,25984.0,0.0,0.0,0.94375,0.0078125,0.03125,100
48.0,3.0,20.0,287.0,267.0,14265.0,25984.0,0.0,0.0,0.94375,0.0078125,0.03125,500
4.0,3.0,7.0,30.0,24.0,1164.0,2288.0,0.0,0.0,0.9109375,0.0078125,0.0625,5
9.0,3.0,8.0,52.0,45.0,2249.0,4240.0,0.0,0.0,0.9109375,0.0078125,0.0625,10
14.0,3.0,10.0,80.0,71.0,3696.0,6752.0,0.0,0.0,0.93125,0.0078125,0.0625,15
19.0,3.0,11.0,106.0,96.0,4948.0,9152.0,0.0,0.0,0.93125,0.0078125,0.0625,20
29.0,3.0,13.0,168.0,155.0,8021.0,14960.0,0.0,0.0,0.93125,0.0078125,0.0625,30
39.0,3.0,16.0,218.0,202.0,10518.0,19424.0,0.0,0.0,0.9359375,0.0078125,0.0625,40
39.0,3.0,16.0,218.0,202.0,10518.0,19424.0,0.0,0.0,0.9359375,0.0078125,0.0625,50
39.0,3.0,16.0,218.0,202.0,10518.0,19424.0,0.0,0.0,0.9359375,0.0078125,0.0625,100
39.0,3.0,16.0,218.0,202.0,10518.0,19424.0,0.0,0.0,0.9359375,0.0078125,0.0625,500
4.0,3.0,7.0,30.0,24.0,1164.0,2288.0,0.0,0.0,0.9109375,0.0078125,0.125,5
9.0,3.0,8.0,51.0,44.0,2216.0,4128.0,0.0,0.0,0.9109375,0.0078125,0.125,10
14.0,3.0,10.0,74.0,65.0,3498.0,6080.0,0.0,0.0,0.93125,0.0078125,0.125,15
19.0,3.0,10.0,99.0,90.0,4738.0,8480.0,0.0,0.0,0.93125,0.0078125,0.125,20
29.0,3.0,12.0,157.0,146.0,7711.0,13952.0,0.0,0.0,0.93125,0.0078125,0.125,30
31.0,3.0,12.0,164.0,153.0,8124.0,14576.0,0.0,0.0,0.93125,0.0078125,0.125,40
31.0,3.0,12.0,164.0,153.0,8124.0,14576.0,0.0,0.0,0.93125,0.0078125,0.125,50
31.0,3.0,12.0,164.0,153.0,8124.0,14576.0,0.0,0.0,0.93125,0.0078125,0.125,100
31.0,3.0,12.0,164.0,153.0,8124.0,14576.0,0.0,0.0,0.93125,0.0078125,0.125,500
4.0,3.0,6.0,27.0,22.0,1086.0,2064.0,0.0,0.0,0.9109375,0.0078125,0.25,5
9.0,3.0,7.0,48.0,42.0,2138.0,3904.0,0.0,0.0,0.9109375,0.0078125,0.25,10
14.0,3.0,9.0,71.0,63.0,3300.0,5856.0,0.0,0.0,0.93125,0.0078125,0.25,15
19.0,3.0,9.0,96.0,88.0,4660.0,8256.0,0.0,0.0,0.93125,0.0078125,0.25,20
25.0,3.0,10.0,126.0,117.0,6158.0,11024.0,0.0,0.0,0.93125,0.0078125,0.25,30
25.0,3.0,10.0,126.0,117.0,6158.0,11024.0,0.0,0.0,0.93125,0.0078125,0.25,40
25.0,3.0,10.0,126.0,117.0,6158.0,11024.0,0.0,0.0,0.93125,0.0078125,0.25,50
25.0,3.0,10.0,126.0,117.0,6158.0,11024.0,0.0,0.0,0.93125,0.0078125,0.25,100
25.0,3.0,10.0,126.0,117.0,6158.0,11024.0,0.0,0.0,0.93125,0.0078125,0.25,500
4.0,3.0,5.0,25.0,21.0,1041.0,1952.0,0.0,0.0,0.9109375,0.0078125,0.5,5
9.0,3.0,6.0,46.0,41.0,2093.0,3792.0,0.0,0.0,0.9109375,0.0078125,0.5,10
14.0,3.0,8.0,69.0,62.0,3150.0,5744.0,0.0,0.0,0.93125,0.0078125,0.5,15
19.0,3.0,8.0,93.0,86.0,4442.0,8032.0,0.0,0.0,0.93125,0.0078125,0.5,20
20.0,3.0,8.0,97.0,90.0,4650.0,8400.0,0.0,0.0,0.93125,0.0078125,0.5,30
20.0,3.0,8.0,97.0,90.0,4650.0,8400.0,0.0,0.0,0.93125,0.0078125,0.5,40
20.0,3.0,8.0,97.0,90.0,4650.0,8400.0,0.0,0.0,0.93125,0.0078125,0.5,50
20.0,3.0,8.0,97.0,90.0,4650.0,8400.0,0.0,0.0,0.93125,0.0078125,0.5,100
20.0,3.0,8.0,97.0,90.0,4650.0,8400.0,0.0,0.0,0.93125,0.0078125,0.5,500
4.0,3.0,5.0,25.0,21.0,1041.0,1952.0,0.0,0.0,0.9109375,0.0078125,1.0,5
9.0,3.0,6.0,46.0,41.0,2093.0,3792.0,0.0,0.0,0.9109375,0.0078125,1.0,10
14.0,3.0,8.0,69.0,62.0,3150.0,5744.0,0.0,0.0,0.93125,0.0078125,1.0,15
14.0,3.0,8.0,69.0,62.0,3150.0,5744.0,0.0,0.0,0.93125,0.0078125,1.0,20
14.0,3.0,8.0,69.0,62.0,3150.0,5744.0,0.0,0.0,0.93125,0.0078125,1.0,30
14.0,3.0,8.0,69.0,62.0,3150.0,5744.0,0.0,0.0,0.93125,0.0078125,1.0,40
14.0,3.0,8.0,69.0,62.0,3150.0,5744.0,0.0,0.0,0.93125,0.0078125,1.0,50
14.0,3.0,8.0,69.0,62.0,3150.0,5744.0,0.0,0.0,0.93125,0.0078125,1.0,100
14.0,3.0,8.0,69.0,62.0,3150.0,5744.0,0.0,0.0,0.93125,0.0078125,1.0,500
4.0,3.0,5.0,25.0,21.0,1041.0,1952.0,0.0,0.0,0.9109375,0.0078125,2.0,5
9.0,3.0,6.0,46.0,41.0,2093.0,3792.0,0.0,0.0,0.9109375,0.0078125,2.0,10
11.0,3.0,7.0,56.0,50.0,2538.0,4640.0,0.0,0.0,0.93125,0.0078125,2.0,15
11.0,3.0,7.0,56.0,50.0,2538.0,4640.0,0.0,0.0,0.93125,0.0078125,2.0,20
11.0,3.0,7.0,56.0,50.0,2538.0,4640.0,0.0,0.0,0.93125,0.0078125,2.0,30
11.0,3.0,7.0,56.0,50.0,2538.0,4640.0,0.0,0.0,0.93125,0.0078125,2.0,40
11.0,3.0,7.0,56.0,50.0,2538.0,4640.0,0.0,0.0,0.93125,0.0078125,2.0,50
11.0,3.0,7.0,56.0,50.0,2538.0,4640.0,0.0,0.0,0.93125,0.0078125,2.0,100
11.0,3.0,7.0,56.0,50.0,2538.0,4640.0,0.0,0.0,0.93125,0.0078125,2.0,500
4.0,3.0,4.0,23.0,20.0,961.0,1840.0,0.0,0.0,0.9109375,0.0078125,4.0,5
8.0,3.0,5.0,40.0,36.0,1848.0,3312.0,0.0,0.0,0.9109375,0.0078125,4.0,10
8.0,3.0,5.0,40.0,36.0,1848.0,3312.0,0.0,0.0,0.9109375,0.0078125,4.0,15
8.0,3.0,5.0,40.0,36.0,1848.0,3312.0,0.0,0.0,0.9109375,0.0078125,4.0,20
8.0,3.0,5.0,40.0,36.0,1848.0,3312.0,0.0,0.0,0.9109375,0.0078125,4.0,30
8.0,3.0,5.0,40.0,36.0,1848.0,3312.0,0.0,0.0,0.9109375,0.0078125,4.0,40
8.0,3.0,5.0,40.0,36.0,1848.0,3312.0,0.0,0.0,0.9109375,0.0078125,4.0,50
8.0,3.0,5.0,40.0,36.0,1848.0,3312.0,0.0,0.0,0.9109375,0.0078125,4.0,100
8.0,3.0,5.0,40.0,36.0,1848.0,3312.0,0.0,0.0,0.9109375,0.0078125,4.0,500
4.0,3.0,4.0,23.0,20.0,961.0,1840.0,0.0,0.0,0.9109375,0.0078125,8.0,5
5.0,3.0,4.0,27.0,24.0,1146.0,2208.0,0.0,0.0,0.9109375,0.0078125,8.0,10
5.0,3.0,4.0,27.0,24.0,1146.0,2208.0,0.0,0.0,0.9109375,0.0078125,8.0,15
5.0,3.0,4.0,27.0,24.0,1146.0,2208.0,0.0,0.0,0.9109375,0.0078125,8.0,20
5.0,3.0,4.0,27.0,24.0,1146.0,2208.0,0.0,0.0,0.9109375,0.0078125,8.0,30
5.0,3.0,4.0,27.0,24.0,1146.0,2208.0,0.0,0.0,0.9109375,0.0078125,8.0,40
5.0,3.0,4.0,27.0,24.0,1146.0,2208.0,0.0,0.0,0.9109375,0.0078125,8.0,50
5.0,3.0,4.0,27.0,24.0,1146.0,2208.0,0.0,0.0,0.9109375,0.0078125,8.0,100
5.0,3.0,4.0,27.0,24.0,1146.0,2208.0,0.0,0.0,0.9109375,0.0078125,8.0,500
3.0,3.0,4.0,19.0,16.0,744.0,1472.0,0.0,0.0,0.9109375,0.0078125,16.0,5
3.0,3.0,4.0,19.0,16.0,744.0,1472.0,0.0,0.0,0.9109375,0.0078125,16.0,10
3.0,3.0,4.0,19.0,16.0,744.0,1472.0,0.0,0.0,0.9109375,0.0078125,16.0,15
3.0,3.0,4.0,19.0,16.0,744.0,1472.0,0.0,0.0,0.9109375,0.0078125,16.0,20
3.0,3.0,4.0,19.0,16.0,744.0,1472.0,0.0,0.0,0.9109375,0.0078125,16.0,30
3.0,3.0,4.0,19.0,16.0,744.0,1472.0,0.0,0.0,0.9109375,0.0078125,16.0,40
3.0,3.0,4.0,19.0,16.0,744.0,1472.0,0.0,0.0,0.9109375,0.0078125,16.0,50
3.0,3.0,4.0,19.0,16.0,744.0,1472.0,0.0,0.0,0.9109375,0.0078125,16.0,100
3.0,3.0,4.0,19.0,16.0,744.0,1472.0,0.0,0.0,0.9109375,0.0078125,16.0,500
2.0,3.0,4.0,15.0,12.0,567.0,1104.0,0.0,0.0,0.9109375,0.0078125,32.0,5
2.0,3.0,4.0,15.0,12.0,567.0,1104.0,0.0,0.0,0.9109375,0.0078125,32.0,10
2.0,3.0,4.0,15.0,12.0,567.0,1104.0,0.0,0.0,0.9109375,0.0078125,32.0,15
2.0,3.0,4.0,15.0,12.0,567.0,1104.0,0.0,0.0,0.9109375,0.0078125,32.0,20
2.0,3.0,4.0,15.0,12.0,567.0,1104.0,0.0,0.0,0.9109375,0.0078125,32.0,30
2.0,3.0,4.0,15.0,12.0,567.0,1104.0,0.0,0.0,0.9109375,0.0078125,32.0,40
2.0,3.0,4.0,15.0,12.0,567.0,1104.0,0.0,0.0,0.9109375,0.0078125,32.0,50
2.0,3.0,4.0,15.0,12.0,567.0,1104.0,0.0,0.0,0.9109375,0.0078125,32.0,100
2.0,3.0,4.0,15.0,12.0,567.0,1104.0,0.0,0.0,0.9109375,0.0078125,32.0,500
1.0,3.0,4.0,11.0,8.0,374.0,736.0,0.0,0.0,0.9109375,0.0078125,64.0,5
1.0,3.0,4.0,11.0,8.0,374.0,736.0,0.0,0.0,0.9109375,0.0078125,64.0,10
1.0,3.0,4.0,11.0,8.0,374.0,736.0,0.0,0.0,0.9109375,0.0078125,64.0,15
1.0,3.0,4.0,11.0,8.0,374.0,736.0,0.0,0.0,0.9109375,0.0078125,64.0,20
1.0,3.0,4.0,11.0,8.0,374.0,736.0,0.0,0.0,0.9109375,0.0078125,64.0,30
1.0,3.0,4.0,11.0,8.0,374.0,736.0,0.0,0.0,0.9109375,0.0078125,64.0,40
1.0,3.0,4.0,11.0,8.0,374.0,736.0,0.0,0.0,0.9109375,0.0078125,64.0,50
1.0,3.0,4.0,11.0,8.0,374.0,736.0,0.0,0.0,0.9109375,0.0078125,64.0,100
1.0,3.0,4.0,11.0,8.0,374.0,736.0,0.0,0.0,0.9109375,0.0078125,64.0,500
0.0,3.0,4.0,7.0,4.0,197.0,368.0,0.0,0.0,0.9109375,0.0078125,128.0,5
0.0,3.0,4.0,7.0,4.0,197.0,368.0,0.0,0.0,0.9109375,0.0078125,128.0,10
0.0,3.0,4.0,7.0,4.0,197.0,368.0,0.0,0.0,0.9109375,0.0078125,128.0,15
0.0,3.0,4.0,7.0,4.0,197.0,368.0,0.0,0.0,0.9109375,0.0078125,128.0,20
0.0,3.0,4.0,7.0,4.0,197.0,368.0,0.0,0.0,0.9109375,0.0078125,128.0,30
0.0,3.0,4.0,7.0,4.0,197.0,368.0,0.0,0.0,0.9109375,0.0078125,128.0,40
0.0,3.0,4.0,7.0,4.0,197.0,368.0,0.0,0.0,0.9109375,0.0078125,128.0,50
0.0,3.0,4.0,7.0,4.0,197.0,368.0,0.0,0.0,0.9109375,0.0078125,128.0,100
0.0,3.0,4.0,7.0,4.0,197.0,368.0,0.0,0.0,0.9109375,0.0078125,128.0,500
0.0,3.0,4.0,7.0,4.0,197.0,368.0,0.0,0.0,0.9109375,0.0078125,256.0,5
0.0,3.0,4.0,7.0,4.0,197.0,368.0,0.0,0.0,0.9109375,0.0078125,256.0,10
0.0,3.0,4.0,7.0,4.0,197.0,368.0,0.0,0.0,0.9109375,0.0078125,256.0,15
0.0,3.0,4.0,7.0,4.0,197.0,368.0,0.0,0.0,0.9109375,0.0078125,256.0,20
0.0,3.0,4.0,7.0,4.0,197.0,368.0,0.0,0.0,0.9109375,0.0078125,256.0,30
0.0,3.0,4.0,7.0,4.0,197.0,368.0,0.0,0.0,0.9109375,0.0078125,256.0,40
0.0,3.0,4.0,7.0,4.0,197.0,368.0,0.0,0.0,0.9109375,0.0078125,256.0,50
0.0,3.0,4.0,7.0,4.0,197.0,368.0,0.0,0.0,0.9109375,0.0078125,256.0,100
0.0,3.0,4.0,7.0,4.0,197.0,368.0,0.0,0.0,0.9109375,0.0078125,256.0,500
0.0,3.0,3.0,5.0,3.0,152.0,256.0,0.0,0.0,0.7828125,0.0078125,512.0,5
0.0,3.0,3.0,5.0,3.0,152.0,256.0,0.0,0.0,0.7828125,0.0078125,512.0,10
0.0,3.0,3.0,5.0,3.0,152.0,256.0,0.0,0.0,0.7828125,0.0078125,512.0,15
0.0,3.0,3.0,5.0,3.0,152.0,256.0,0.0,0.0,0.7828125,0.0078125,512.0,20
0.0,3.0,3.0,5.0,3.0,152.0,256.0,0.0,0.0,0.7828125,0.0078125,512.0,30
0.0,3.0,3.0,5.0,3.0,152.0,256.0,0.0,0.0,0.7828125,0.0078125,512.0,40
0.0,3.0,3.0,5.0,3.0,152.0,256.0,0.0,0.0,0.7828125,0.0078125,512.0,50
0.0,3.0,3.0,5.0,3.0,152.0,256.0,0.0,0.0,0.7828125,0.0078125,512.0,100
0.0,3.0,3.0,5.0,3.0,152.0,256.0,0.0,0.0,0.7828125,0.0078125,512.0,500
0.0,3.0,2.0,3.0,2.0,92.0,144.0,0.0,0.0,0.53125,0.0078125,1024.0,5
0.0,3.0,2.0,3.0,2.0,92.0,144.0,0.0,0.0,0.53125,0.0078125,1024.0,10
0.0,3.0,2.0,3.0,2.0,92.0,144.0,0.0,0.0,0.53125,0.0078125,1024.0,15
0.0,3.0,2.0,3.0,2.0,92.0,144.0,0.0,0.0,0.53125,0.0078125,1024.0,20
0.0,3.0,2.0,3.0,2.0,92.0,144.0,0.0,0.0,0.53125,0.0078125,1024.0,30
0.0,3.0,2.0,3.0,2.0,92.0,144.0,0.0,0.0,0.53125,0.0078125,1024.0,40
0.0,3.0,2.0,3.0,2.0,92.0,144.0,0.0,0.0,0.53125,0.0078125,1024.0,50
0.0,3.0,2.0,3.0,2.0,92.0,144.0,0.0,0.0,0.53125,0.0078125,1024.0,100
0.0,3.0,2.0,3.0,2.0,92.0,144.0,0.0,0.0,0.53125,0.0078125,1024.0,500
0.0,3.0,2.0,3.0,2.0,92.0,144.0,0.0,0.0,0.53125,0.0078125,2048.0,5
0.0,3.0,2.0,3.0,2.0,92.0,144.0,0.0,0.0,0.53125,0.0078125,2048.0,10
0.0,3.0,2.0,3.0,2.0,92.0,144.0,0.0,0.0,0.53125,0.0078125,2048.0,15
0.0,3.0,2.0,3.0,2.0,92.0,144.0,0.0,0.0,0.53125,0.0078125,2048.0,20
0.0,3.0,2.0,3.0,2.0,92.0,144.0,0.0,0.0,0.53125,0.0078125,2048.0,30
0.0,3.0,2.0,3.0,2.0,92.0,144.0,0.0,0.0,0.53125,0.0078125,2048.0,40
0.0,3.0,2.0,3.0,2.0,92.0,144.0,0.0,0.0,0.53125,0.0078125,2048.0,50
0.0,3.0,2.0,3.0,2.0,92.0,144.0,0.0,0.0,0.53125,0.0078125,2048.0,100
0.0,3.0,2.0,3.0,2.0,92.0,144.0,0.0,0.0,0.53125,0.0078125,2048.0,500
0.0,3.0,2.0,3.0,2.0,92.0,144.0,0.0,0.0,0.53125,0.0078125,4096.0,5
0.0,3.0,2.0,3.0,2.0,92.0,144.0,0.0,0.0,0.53125,0.0078125,4096.0,10
0.0,3.0,2.0,3.0,2.0,92.0,144.0,0.0,0.0,0.53125,0.0078125,4096.0,15
0.0,3.0,2.0,3.0,2.0,92.0,144.0,0.0,0.0,0.53125,0.0078125,4096.0,20
0.0,3.0,2.0,3.0,2.0,92.0,144.0,0.0,0.0,0.53125,0.0078125,4096.0,30
0.0,3.0,2.0,3.0,2.0,92.0,144.0,0.0,0.0,0.53125,0.0078125,4096.0,40
0.0,3.0,2.0,3.0,2.0,92.0,144.0,0.0,0.0,0.53125,0.0078125,4096.0,50
0.0,3.0,2.0,3.0,2.0,92.0,144.0,0.0,0.0,0.53125,0.0078125,4096.0,100
0.0,3.0,2.0,3.0,2.0,92.0,144.0,0.0,0.0,0.53125,0.0078125,4096.0,500
0.0,3.0,2.0,3.0,2.0,92.0,144.0,0.0,0.0,0.53125,0.0078125,8192.0,5
0.0,3.0,2.0,3.0,2.0,92.0,144.0,0.0,0.0,0.53125,0.0078125,8192.0,10
0.0,3.0,2.0,3.0,2.0,92.0,144.0,0.0,0.0,0.53125,0.0078125,8192.0,15
0.0,3.0,2.0,3.0,2.0,92.0,144.0,0.0,0.0,0.53125,0.0078125,8192.0,20
0.0,3.0,2.0,3.0,2.0,92.0,144.0,0.0,0.0,0.53125,0.0078125,8192.0,30
0.0,3.0,2.0,3.0,2.0,92.0,144.0,0.0,0.0,0.53125,0.0078125,8192.0,40
0.0,3.0,2.0,3.0,2.0,92.0,144.0,0.0,0.0,0.53125,0.0078125,8192.0,50
0.0,3.0,2.0,3.0,2.0,92.0,144.0,0.0,0.0,0.53125,0.0078125,8192.0,100
0.0,3.0,2.0,3.0,2.0,92.0,144.0,0.0,0.0,0.53125,0.0078125,8192.0,500
0.0,3.0,2.0,3.0,2.0,92.0,144.0,0.0,0.0,0.53125,0.0078125,16384.0,5
0.0,3.0,2.0,3.0,2.0,92.0,144.0,0.0,0.0,0.53125,0.0078125,16384.0,10
0.0,3.0,2.0,3.0,2.0,92.0,144.0,0.0,0.0,0.53125,0.0078125,16384.0,15
0.0,3.0,2.0,3.0,2.0,92.0,144.0,0.0,0.0,0.53125,0.0078125,16384.0,20
0.0,3.0,2.0,3.0,2.0,92.0,144.0,0.0,0.0,0.53125,0.0078125,16384.0,30
0.0,3.0,2.0,3.0,2.0,92.0,144.0,0.0,0.0,0.53125,0.0078125,16384.0,40
0.0,3.0,2.0,3.0,2.0,92.0,144.0,0.0,0.0,0.53125,0.0078125,16384.0,50
0.0,3.0,2.0,3.0,2.0,92.0,144.0,0.0,0.0,0.53125,0.0078125,16384.0,100
0.0,3.0,2.0,3.0,2.0,92.0,144.0,0.0,0.0,0.53125,0.0078125,16384.0,500
0.0,3.0,2.0,3.0,2.0,92.0,144.0,0.0,0.0,0.53125,0.0078125,32768.0,5
0.0,3.0,2.0,3.0,2.0,92.0,144.0,0.0,0.0,0.53125,0.0078125,32768.0,10
0.0,3.0,2.0,3.0,2.0,92.0,144.0,0.0,0.0,0.53125,0.0078125,32768.0,15
0.0,3.0,2.0,3.0,2.0,92.0,144.0,0.0,0.0,0.53125,0.0078125,32768.0,20
0.0,3.0,2.0,3.0,2.0,92.0,144.0,0.0,0.0,0.53125,0.0078125,32768.0,30
0.0,3.0,2.0,3.0,2.0,92.0,144.0,0.0,0.0,0.53125,0.0078125,32768.0,40
0.0,3.0,2.0,3.0,2.0,92.0,144.0,0.0,0.0,0.53125,0.0078125,32768.0,50
0.0,3.0,2.0,3.0,2.0,92.0,144.0,0.0,0.0,0.53125,0.0078125,32768.0,100
0.0,3.0,2.0,3.0,2.0,92.0,144.0,0.0,0.0,0.53125,0.0078125,32768.0,500
4.0,3.0,7.0,30.0,24.0,1164.0,2288.0,0.0,0.0,0.9109375,0.015625,0.000976562,5
9.0,3.0,8.0,52.0,45.0,2249.0,4240.0,0.0,0.0,0.9109375,0.015625,0.000976562,10
14.0,3.0,10.0,83.0,74.0,3795.0,7088.0,0.0,0.0,0.93125,0.015625,0.000976562,15
19.0,3.0,11.0,112.0,102.0,5146.0,9824.0,0.0,0.0,0.93125,0.015625,0.000976562,20
29.0,3.0,14.0,179.0,165.0,8363.0,16080.0,0.0,0.0,0.93125,0.015625,0.000976562,30
39.0,3.0,19.0,247.0,228.0,11692.0,22336.0,0.0,0.0,0.9375,0.015625,0.000976562,40
49.0,3.0,22.0,313.0,291.0,15187.0,28592.0,0.0,0.0,0.9453125,0.015625,0.000976562,50
99.0,3.0,27.0,608.0,581.0,30917.0,57072.0,0.0,0.0,0.9578125,0.015625,0.000976562,100
128.0,3.0,27.0,771.0,744.0,39602.0,73008.0,0.0,0.0,0.9703125,0.015625,0.000976562,500
4.0,3.0,7.0,30.0,24.0,1164.0,2288.0,0.0,0.0,0.9109375,0.015625,0.00195312,5
9.0,3.0,8.0,52.0,45.0,2249.0,4240.0,0.0,0.0,0.9109375,0.015625,0.00195312,10
14.0,3.0,10.0,83.0,74.0,3795.0,7088.0,0.0,0.0,0.93125,0.015625,0.00195312,15
19.0,3.0,11.0,112.0,102.0,5146.0,9824.0,0.0,0.0,0.93125,0.015625,0.00195312,20
29.0,3.0,14.0,179.0,165.0,8363.0,16080.0,0.0,0.0,0.93125,0.015625,0.00195312,30
39.0,3.0,19.0,247.0,228.0,11692.0,22336.0,0.0,0.0,0.9375,0.015625,0.00195312,40
49.0,3.0,22.0,312.0,290.0,15154.0,28480.0,0.0,0.0,0.9453125,0.015625,0.00195312,50
99.0,3.0,28.0,603.0,575.0,30731.0,56400.0,0.0,0.0,0.9625,0.015625,0.00195312,100
111.0,3.0,28.0,667.0,639.0,34211.0,62608.0,0.0,0.0,0.9625,0.015625,0.00195312,500
4.0,3.0,7.0,30.0,24.0,1164.0,2288.0,0.0,0.0,0.9109375,0.015625,0.00390625,5
9.0,3.0,8.0,52.0,45.0,2249.0,4240.0,0.0,0.0,0.9109375,0.015625,0.00390625,10
14.0,3.0,10.0,83.0,74.0,3795.0,7088.0,0.0,0.0,0.93125,0.015625,0.00390625,15
19.0,3.0,11.0,112.0,102.0,5146.0,9824.0,0.0,0.0,0.93125,0.015625,0.00390625,20
29.0,3.0,14.0,179.0,165.0,8363.0,16080.0,0.0,0.0,0.93125,0.015625,0.00390625,30
39.0,3.0,19.0,246.0,227.0,11659.0,22224.0,0.0,0.0,0.9375,0.015625,0.00390625,40
49.0,3.0,21.0,309.0,288.0,15076.0,28256.0,0.0,0.0,0.9453125,0.015625,0.00390625,50
91.0,3.0,26.0,543.0,517.0,27881.0,50544.0,0.0,0.0,0.9609375,0.015625,0.00390625,100
91.0,3.0,26.0,543.0,517.0,27881.0,50544.0,0.0,0.0,0.9609375,0.015625,0.00390625,500
4.0,3.0,7.0,30.0,24.0,1164.0,2288.0,0.0,0.0,0.9109375,0.015625,0.0078125,5
9.0,3.0,8.0,52.0,45.0,2249.0,4240.0,0.0,0.0,0.9109375,0.015625,0.0078125,10
14.0,3.0,10.0,83.0,74.0,3795.0,7088.0,0.0,0.0,0.93125,0.015625,0.0078125,15
19.0,3.0,11.0,112.0,102.0,5146.0,9824.0,0.0,0.0,0.93125,0.015625,0.0078125,20
29.0,3.0,13.0,176.0,163.0,8285.0,15856.0,0.0,0.0,0.93125,0.015625,0.0078125,30
39.0,3.0,18.0,243.0,225.0,11581.0,22000.0,0.0,0.0,0.9375,0.015625,0.0078125,40
49.0,3.0,20.0,304.0,284.0,14932.0,27808.0,0.0,0.0,0.9453125,0.015625,0.0078125,50
73.0,3.0,22.0,439.0,417.0,21889.0,40784.0,0.0,0.0,0.9515625,0.015625,0.0078125,100
73.0,3.0,22.0,439.0,417.0,21889.0,40784.0,0.0,0.0,0.9515625,0.015625,0.0078125,500
4.0,3.0,7.0,30.0,24.0,1164.0,2288.0,0.0,0.0,0.9109375,0.015625,0.015625,5
9.0,3.0,8.0,52.0,45.0,2249.0,4240.0,0.0,0.0,0.9109375,0.015625,0.015625,10
14.0,3.0,10.0,83.0,74.0,3795.0,7088.0,0.0,0.0,0.93125,0.015625,0.015625,15
19.0,3.0,11.0,109.0,99.0,5047.0,9488.0,0.0,0.0,0.93125,0.015625,0.015625,20
29.0,3.0,13.0,171.0,158.0,8120.0,15296.0,0.0,0.0,0.93125,0.015625,0.015625,30
39.0,3.0,19.0,241.0,222.0,11494.0,21664.0,0.0,0.0,0.94375,0.015625,0.015625,40
49.0,3.0,20.0,301.0,281.0,14833.0,27472.0,0.0,0.0,0.9484375,0.015625,0.015625,50
60.0,3.0,22.0,360.0,338.0,17904.0,32976.0,0.0,0.0,0.9453125,0.015625,0.015625,100
60.0,3.0,22.0,360.0,338.0,17904.0,32976.0,0.0,0.0,0.9453125,0.015625,0.015625,500
4.0,3.0,7.0,30.0,24.0,1164.0,2288.0,0.0,0.0,0.9109375,0.015625,0.03125,5
9.0,3.0,8.0,52.0,45.0,2249.0,4240.0,0.0,0.0,0.9109375,0.015625,0.03125,10
14.0,3.0,10.0,82.0,73.0,3762.0,6976.0,0.0,0.0,0.93125,0.015625,0.03125,15
19.0,3.0,11.0,108.0,98.0,5014.0,9376.0,0.0,0.0,0.93125,0.015625,0.03125,20
29.0,3.0,13.0,170.0,157.0,8087.0,15184.0,0.0,0.0,0.93125,0.015625,0.03125,30
39.0,3.0,17.0,237.0,220.0,11404.0,21440.0,0.0,0.0,0.94375,0.015625,0.03125,40
48.0,3.0,18.0,278.0,260.0,14010.0,25200.0,0.0,0.0,0.94375,0.015625,0.03125,50
48.0,3.0,18.0,278.0,260.0,14010.0,25200.0,0.0,0.0,0.94375,0.015625,0.03125,100
48.0,3.0,18.0,278.0,260.0,14010.0,25200.0,0.0,0.0,0.94375,0.015625,0.03125,500
4.0,3.0,7.0,30.0,24.0,1164.0,2288.0,0.0,0.0,0.9109375,0.015625,0.0625,5
9.0,3.0,8.0,52.0,45.0,2249.0,4240.0,0.0,0.0,0.9109375,0.015625,0.0625,10
14.0,3.0,10.0,80.0,71.0,3696.0,6752.0,0.0,0.0,0.93125,0.015625,0.0625,15
19.0,3.0,11.0,105.0,95.0,4915.0,9040.0,0.0,0.0,0.93125,0.015625,0.0625,20
29.0,3.0,13.0,167.0,154.0,7988.0,14848.0,0.0,0.0,0.93125,0.015625,0.0625,30
39.0,3.0,16.0,216.0,200.0,10452.0,19200.0,0.0,0.0,0.9359375,0.015625,0.0625,40
39.0,3.0,16.0,216.0,200.0,10452.0,19200.0,0.0,0.0,0.9359375,0.015625,0.0625,50
39.0,3.0,16.0,216.0,200.0,10452.0,19200.0,0.0,0.0,0.9359375,0.015625,0.0625,100
39.0,3.0,16.0,216.0,200.0,10452.0,19200.0,0.0,0.0,0.9359375,0.015625,0.0625,500
4.0,3.0,7.0,30.0,24.0,1164.0,2288.0,0.0,0.0,0.9109375,0.015625,0.125,5
9.0,3.0,8.0,51.0,44.0,2216.0,4128.0,0.0,0.0,0.9109375,0.015625,0.125,10
14.0,3.0,10.0,74.0,65.0,3498.0,6080.0,0.0,0.0,0.93125,0.015625,0.125,15
19.0,3.0,10.0,99.0,90.0,4738.0,8480.0,0.0,0.0,0.93125,0.015625,0.125,20
29.0,3.0,13.0,159.0,147.0,7756.0,14064.0,0.0,0.0,0.93125,0.015625,0.125,30
31.0,3.0,13.0,166.0,154.0,8169.0,14688.0,0.0,0.0,0.93125,0.015625,0.125,40
31.0,3.0,13.0,166.0,154.0,8169.0,14688.0,0.0,0.0,0.93125,0.015625,0.125,50
31.0,3.0,13.0,166.0,154.0,8169.0,14688.0,0.0,0.0,0.93125,0.015625,0.125,100
31.0,3.0,13.0,166.0,154.0,8169.0,14688.0,0.0,0.0,0.93125,0.015625,0.125,500
4.0,3.0,6.0,27.0,22.0,1086.0,2064.0,0.0,0.0,0.9109375,0.015625,0.25,5
9.0,3.0,7.0,48.0,42.0,2138.0,3904.0,0.0,0.0,0.9109375,0.015625,0.25,10
14.0,3.0,9.0,71.0,63.0,3300.0,5856.0,0.0,0.0,0.93125,0.015625,0.25,15
19.0,3.0,9.0,96.0,88.0,4660.0,8256.0,0.0,0.0,0.93125,0.015625,0.25,20
25.0,3.0,10.0,126.0,117.0,6158.0,11024.0,0.0,0.0,0.93125,0.015625,0.25,30
25.0,3.0,10.0,126.0,117.0,6158.0,11024.0,0.0,0.0,0.93125,0.015625,0.25,40
25.0,3.0,10.0,126.0,117.0,6158.0,11024.0,0.0,0.0,0.93125,0.015625,0.25,50
25.0,3.0,10.0,126.0,117.0,6158.0,11024.0,0.0,0.0,0.93125,0.015625,0.25,100
25.0,3.0,10.0,126.0,117.0,6158.0,11024.0,0.0,0.0,0.93125,0.015625,0.25,500
4.0,3.0,5.0,25.0,21.0,1041.0,1952.0,0.0,0.0,0.9109375,0.015625,0.5,5
9.0,3.0,6.0,46.0,41.0,2093.0,3792.0,0.0,0.0,0.9109375,0.015625,0.5,10
14.0,3.0,8.0,69.0,62.0,3150.0,5744.0,0.0,0.0,0.93125,0.015625,0.5,15
19.0,3.0,8.0,93.0,86.0,4442.0,8032.0,0.0,0.0,0.93125,0.015625,0.5,20
20.0,3.0,8.0,97.0,90.0,4650.0,8400.0,0.0,0.0,0.93125,0.015625,0.5,30
20.0,3.0,8.0,97.0,90.0,4650.0,8400.0,0.0,0.0,0.93125,0.015625,0.5,40
20.0,3.0,8.0,97.0,90.0,4650.0,8400.0,0.0,0.0,0.93125,0.015625,0.5,50
20.0,3.0,8.0,97.0,90.0,4650.0,8400.0,0.0,0.0,0.93125,0.015625,0.5,100
20.0,3.0,8.0,97.0,90.0,4650.0,8400.0,0.0,0.0,0.93125,0.015625,0.5,500
4.0,3.0,5.0,25.0,21.0,1041.0,1952.0,0.0,0.0,0.9109375,0.015625,1.0,5
9.0,3.0,6.0,46.0,41.0,2093.0,3792.0,0.0,0.0,0.9109375,0.015625,1.0,10
14.0,3.0,8.0,69.0,62.0,3150.0,5744.0,0.0,0.0,0.93125,0.015625,1.0,15
14.0,3.0,8.0,69.0,62.0,3150.0,5744.0,0.0,0.0,0.93125,0.015625,1.0,20
14.0,3.0,8.0,69.0,62.0,3150.0,5744.0,0.0,0.0,0.93125,0.015625,1.0,30
14.0,3.0,8.0,69.0,62.0,3150.0,5744.0,0.0,0.0,0.93125,0.015625,1.0,40
14.0,3.0,8.0,69.0,62.0,3150.0,5744.0,0.0,0.0,0.93125,0.015625,1.0,50
14.0,3.0,8.0,69.0,62.0,3150.0,5744.0,0.0,0.0,0.93125,0.015625,1.0,100
14.0,3.0,8.0,69.0,62.0,3150.0,5744.0,0.0,0.0,0.93125,0.015625,1.0,500
4.0,3.0,4.0,23.0,20.0,961.0,1840.0,0.0,0.0,0.9109375,0.015625,2.0,5
9.0,3.0,5.0,44.0,40.0,2048.0,3680.0,0.0,0.0,0.9109375,0.015625,2.0,10
11.0,3.0,6.0,54.0,49.0,2493.0,4528.0,0.0,0.0,0.93125,0.015625,2.0,15
11.0,3.0,6.0,54.0,49.0,2493.0,4528.0,0.0,0.0,0.93125,0.015625,2.0,20
11.0,3.0,6.0,54.0,49.0,2493.0,4528.0,0.0,0.0,0.93125,0.015625,2.0,30
11.0,3.0,6.0,54.0,49.0,2493.0,4528.0,0.0,0.0,0.93125,0.015625,2.0,40
11.0,3.0,6.0,54.0,49.0,2493.0,4528.0,0.0,0.0,0.93125,0.015625,2.0,50
11.0,3.0,6.0,54.0,49.0,2493.0,4528.0,0.0,0.0,0.93125,0.015625,2.0,100
11.0,3.0,6.0,54.0,49.0,2493.0,4528.0,0.0,0.0,0.93125,0.015625,2.0,500
4.0,3.0,4.0,23.0,20.0,961.0,1840.0,0.0,0.0,0.9109375,0.015625,4.0,5
8.0,3.0,5.0,40.0,36.0,1848.0,3312.0,0.0,0.0,0.9109375,0.015625,4.0,10
8.0,3.0,5.0,40.0,36.0,1848.0,3312.0,0.0,0.0,0.9109375,0.015625,4.0,15
8.0,3.0,5.0,40.0,36.0,1848.0,3312.0,0.0,0.0,0.9109375,0.015625,4.0,20
8.0,3.0,5.0,40.0,36.0,1848.0,3312.0,0.0,0.0,0.9109375,0.015625,4.0,30
8.0,3.0,5.0,40.0,36.0,1848.0,3312.0,0.0,0.0,0.9109375,0.015625,4.0,40
8.0,3.0,5.0,40.0,36.0,1848.0,3312.0,0.0,0.0,0.9109375,0.015625,4.0,50
8.0,3.0,5.0,40.0,36.0,1848.0,3312.0,0.0,0.0,0.9109375,0.015625,4.0,100
8.0,3.0,5.0,40.0,36.0,1848.0,3312.0,0.0,0.0,0.9109375,0.015625,4.0,500
4.0,3.0,4.0,23.0,20.0,961.0,1840.0,0.0,0.0,0.9109375,0.015625,8.0,5
5.0,3.0,4.0,27.0,24.0,1146.0,2208.0,0.0,0.0,0.9109375,0.015625,8.0,10
5.0,3.0,4.0,27.0,24.0,1146.0,2208.0,0.0,0.0,0.9109375,0.015625,8.0,15
5.0,3.0,4.0,27.0,24.0,1146.0,2208.0,0.0,0.0,0.9109375,0.015625,8.0,20
5.0,3.0,4.0,27.0,24.0,1146.0,2208.0,0.0,0.0,0.9109375,0.015625,8.0,30
5.0,3.0,4.0,27.0,24.0,1146.0,2208.0,0.0,0.0,0.9109375,0.015625,8.0,40
5.0,3.0,4.0,27.0,24.0,1146.0,2208.0,0.0,0.0,0.9109375,0.015625,8.0,50
5.0,3.0,4.0,27.0,24.0,1146.0,2208.0,0.0,0.0,0.9109375,0.015625,8.0,100
5.0,3.0,4.0,27.0,24.0,1146.0,2208.0,0.0,0.0,0.9109375,0.015625,8.0,500
3.0,3.0,4.0,19.0,16.0,744.0,1472.0,0.0,0.0,0.9109375,0.015625,16.0,5
3.0,3.0,4.0,19.0,16.0,744.0,1472.0,0.0,0.0,0.9109375,0.015625,16.0,10
3.0,3.0,4.0,19.0,16.0,744.0,1472.0,0.0,0.0,0.9109375,0.015625,16.0,15
3.0,3.0,4.0,19.0,16.0,744.0,1472.0,0.0,0.0,0.9109375,0.015625,16.0,20
3.0,3.0,4.0,19.0,16.0,744.0,1472.0,0.0,0.0,0.9109375,0.015625,16.0,30
3.0,3.0,4.0,19.0,16.0,744.0,1472.0,0.0,0.0,0.9109375,0.015625,16.0,40
3.0,3.0,4.0,19.0,16.0,744.0,1472.0,0.0,0.0,0.9109375,0.015625,16.0,50
3.0,3.0,4.0,19.0,16.0,744.0,1472.0,0.0,0.0,0.9109375,0.015625,16.0,100
3.0,3.0,4.0,19.0,16.0,744.0,1472.0,0.0,0.0,0.9109375,0.015625,16.0,500
2.0,3.0,4.0,15.0,12.0,567.0,1104.0,0.0,0.0,0.9109375,0.015625,32.0,5
2.0,3.0,4.0,15.0,12.0,567.0,1104.0,0.0,0.0,0.9109375,0.015625,32.0,10
2.0,3.0,4.0,15.0,12.0,567.0,1104.0,0.0,0.0,0.9109375,0.015625,32.0,15
2.0,3.0,4.0,15.0,12.0,567.0,1104.0,0.0,0.0,0.9109375,0.015625,32.0,20
2.0,3.0,4.0,15.0,12.0,567.0,1104.0,0.0,0.0,0.9109375,0.015625,32.0,30
2.0,3.0,4.0,15.0,12.0,567.0,1104.0,0.0,0.0,0.9109375,0.015625,32.0,40
2.0,3.0,4.0,15.0,12.0,567.0,1104.0,0.0,0.0,0.9109375,0.015625,32.0,50
2.0,3.0,4.0,15.0,12.0,567.0,1104.0,0.0,0.0,0.9109375,0.015625,32.0,100
2.0,3.0,4.0,15.0,12.0,567.0,1104.0,0.0,0.0,0.9109375,0.015625,32.0,500
1.0,3.0,4.0,11.0,8.0,374.0,736.0,0.0,0.0,0.9109375,0.015625,64.0,5
1.0,3.0,4.0,11.0,8.0,374.0,736.0,0.0,0.0,0.9109375,0.015625,64.0,10
1.0,3.0,4.0,11.0,8.0,374.0,736.0,0.0,0.0,0.9109375,0.015625,64.0,15
1.0,3.0,4.0,11.0,8.0,374.0,736.0,0.0,0.0,0.9109375,0.015625,64.0,20
1.0,3.0,4.0,11.0,8.0,374.0,736.0,0.0,0.0,0.9109375,0.015625,64.0,30
1.0,3.0,4.0,11.0,8.0,374.0,736.0,0.0,0.0,0.9109375,0.015625,64.0,40
1.0,3.0,4.0,11.0,8.0,374.0,736.0,0.0,0.0,0.9109375,0.015625,64.0,50
1.0,3.0,4.0,11.0,8.0,374.0,736.0,0.0,0.0,0.9109375,0.015625,64.0,100
1.0,3.0,4.0,11.0,8.0,374.0,736.0,0.0,0.0,0.9109375,0.015625,64.0,500
0.0,3.0,4.0,7.0,4.0,197.0,368.0,0.0,0.0,0.9109375,0.015625,128.0,5
0.0,3.0,4.0,7.0,4.0,197.0,368.0,0.0,0.0,0.9109375,0.015625,128.0,10
0.0,3.0,4.0,7.0,4.0,197.0,368.0,0.0,0.0,0.9109375,0.015625,128.0,15
0.0,3.0,4.0,7.0,4.0,197.0,368.0,0.0,0.0,0.9109375,0.015625,128.0,20
0.0,3.0,4.0,7.0,4.0,197.0,368.0,0.0,0.0,0.9109375,0.015625,128.0,30
0.0,3.0,4.0,7.0,4.0,197.0,368.0,0.0,0.0,0.9109375,0.015625,128.0,40
0.0,3.0,4.0,7.0,4.0,197.0,368.0,0.0,0.0,0.9109375,0.015625,128.0,50
0.0,3.0,4.0,7.0,4.0,197.0,368.0,0.0,0.0,0.9109375,0.015625,128.0,100
0.0,3.0,4.0,7.0,4.0,197.0,368.0,0.0,0.0,0.9109375,0.015625,128.0,500
0.0,3.0,4.0,7.0,4.0,197.0,368.0,0.0,0.0,0.9109375,0.015625,256.0,5
0.0,3.0,4.0,7.0,4.0,197.0,368.0,0.0,0.0,0.9109375,0.015625,256.0,10
0.0,3.0,4.0,7.0,4.0,197.0,368.0,0.0,0.0,0.9109375,0.015625,256.0,15
0.0,3.0,4.0,7.0,4.0,197.0,368.0,0.0,0.0,0.9109375,0.015625,256.0,20
0.0,3.0,4.0,7.0,4.0,197.0,368.0,0.0,0.0,0.9109375,0.015625,256.0,30
0.0,3.0,4.0,7.0,4.0,197.0,368.0,0.0,0.0,0.9109375,0.015625,256.0,40
0.0,3.0,4.0,7.0,4.0,197.0,368.0,0.0,0.0,0.9109375,0.015625,256.0,50
0.0,3.0,4.0,7.0,4.0,197.0,368.0,0.0,0.0,0.9109375,0.015625,256.0,100
0.0,3.0,4.0,7.0,4.0,197.0,368.0,0.0,0.0,0.9109375,0.015625,256.0,500
0.0,3.0,3.0,5.0,3.0,152.0,256.0,0.0,0.0,0.7828125,0.015625,512.0,5
0.0,3.0,3.0,5.0,3.0,152.0,256.0,0.0,0.0,0.7828125,0.015625,512.0,10
0.0,3.0,3.0,5.0,3.0,152.0,256.0,0.0,0.0,0.7828125,0.015625,512.0,15
0.0,3.0,3.0,5.0,3.0,152.0,256.0,0.0,0.0,0.7828125,0.015625,512.0,20
0.0,3.0,3.0,5.0,3.0,152.0,256.0,0.0,0.0,0.7828125,0.015625,512.0,30
0.0,3.0,3.0,5.0,3.0,152.0,256.0,0.0,0.0,0.7828125,0.015625,512.0,40
0.0,3.0,3.0,5.0,3.0,152.0,256.0,0.0,0.0,0.7828125,0.015625,512.0,50
0.0,3.0,3.0,5.0,3.0,152.0,256.0,0.0,0.0,0.7828125,0.015625,512.0,100
0.0,3.0,3.0,5.0,3.0,152.0,256.0,0.0,0.0,0.7828125,0.015625,512.0,500
0.0,3.0,2.0,3.0,2.0,92.0,144.0,0.0,0.0,0.53125,0.015625,1024.0,5
0.0,3.0,2.0,3.0,2.0,92.0,144.0,0.0,0.0,0.53125,0.015625,1024.0,10
0.0,3.0,2.0,3.0,2.0,92.0,144.0,0.0,0.0,0.53125,0.015625,1024.0,15
0.0,3.0,2.0,3.0,2.0,92.0,144.0,0.0,0.0,0.53125,0.015625,1024.0,20
0.0,3.0,2.0,3.0,2.0,92.0,144.0,0.0,0.0,0.53125,0.015625,1024.0,30
0.0,3.0,2.0,3.0,2.0,92.0,144.0,0.0,0.0,0.53125,0.015625,1024.0,40
0.0,3.0,2.0,3.0,2.0,92.0,144.0,0.0,0.0,0.53125,0.015625,1024.0,50
0.0,3.0,2.0,3.0,2.0,92.0,144.0,0.0,0.0,0.53125,0.015625,1024.0,100
0.0,3.0,2.0,3.0,2.0,92.0,144.0,0.0,0.0,0.53125,0.015625,1024.0,500
0.0,3.0,2.0,3.0,2.0,92.0,144.0,0.0,0.0,0.53125,0.015625,2048.0,5
0.0,3.0,2.0,3.0,2.0,92.0,144.0,0.0,0.0,0.53125,0.015625,2048.0,10
0.0,3.0,2.0,3.0,2.0,92.0,144.0,0.0,0.0,0.53125,0.015625,2048.0,15
0.0,3.0,2.0,3.0,2.0,92.0,144.0,0.0,0.0,0.53125,0.015625,2048.0,20
0.0,3.0,2.0,3.0,2.0,92.0,144.0,0.0,0.0,0.53125,0.015625,2048.0,30
0.0,3.0,2.0,3.0,2.0,92.0,144.0,0.0,0.0,0.53125,0.015625,2048.0,40
0.0,3.0,2.0,3.0,2.0,92.0,144.0,0.0,0.0,0.53125,0.015625,2048.0,50
0.0,3.0,2.0,3.0,2.0,92.0,144.0,0.0,0.0,0.53125,0.015625,2048.0,100
0.0,3.0,2.0,3.0,2.0,92.0,144.0,0.0,0.0,0.53125,0.015625,2048.0,500
0.0,3.0,2.0,3.0,2.0,92.0,144.0,0.0,0.0,0.53125,0.015625,4096.0,5
0.0,3.0,2.0,3.0,2.0,92.0,144.0,0.0,0.0,0.53125,0.015625,4096.0,10
0.0,3.0,2.0,3.0,2.0,92.0,144.0,0.0,0.0,0.53125,0.015625,4096.0,15
0.0,3.0,2.0,3.0,2.0,92.0,144.0,0.0,0.0,0.53125,0.015625,4096.0,20
0.0,3.0,2.0,3.0,2.0,92.0,144.0,0.0,0.0,0.53125,0.015625,4096.0,30
0.0,3.0,2.0,3.0,2.0,92.0,144.0,0.0,0.0,0.53125,0.015625,4096.0,40
0.0,3.0,2.0,3.0,2.0,92.0,144.0,0.0,0.0,0.53125,0.015625,4096.0,50
0.0,3.0,2.0,3.0,2.0,92.0,144.0,0.0,0.0,0.53125,0.015625,4096.0,100
0.0,3.0,2.0,3.0,2.0,92.0,144.0,0.0,0.0,0.53125,0.015625,4096.0,500
0.0,3.0,2.0,3.0,2.0,92.0,144.0,0.0,0.0,0.53125,0.015625,8192.0,5
0.0,3.0,2.0,3.0,2.0,92.0,144.0,0.0,0.0,0.53125,0.015625,8192.0,10
0.0,3.0,2.0,3.0,2.0,92.0,144.0,0.0,0.0,0.53125,0.015625,8192.0,15
0.0,3.0,2.0,3.0,2.0,92.0,144.0,0.0,0.0,0.53125,0.015625,8192.0,20
0.0,3.0,2.0,3.0,2.0,92.0,144.0,0.0,0.0,0.53125,0.015625,8192.0,30
0.0,3.0,2.0,3.0,2.0,92.0,144.0,0.0,0.0,0.53125,0.015625,8192.0,40
0.0,3.0,2.0,3.0,2.0,92.0,144.0,0.0,0.0,0.53125,0.015625,8192.0,50
0.0,3.0,2.0,3.0,2.0,92.0,144.0,0.0,0.0,0.53125,0.015625,8192.0,100
0.0,3.0,2.0,3.0,2.0,92.0,144.0,0.0,0.0,0.53125,0.015625,8192.0,500
0.0,3.0,2.0,3.0,2.0,92.0,144.0,0.0,0.0,0.53125,0.015625,16384.0,5
0.0,3.0,2.0,3.0,2.0,92.0,144.0,0.0,0.0,0.53125,0.015625,16384.0,10
0.0,3.0,2.0,3.0,2.0,92.0,144.0,0.0,0.0,0.53125,0.015625,16384.0,15
0.0,3.0,2.0,3.0,2.0,92.0,144.0,0.0,0.0,0.53125,0.015625,16384.0,20
0.0,3.0,2.0,3.0,2.0,92.0,144.0,0.0,0.0,0.53125,0.015625,16384.0,30
0.0,3.0,2.0,3.0,2.0,92.0,144.0,0.0,0.0,0.53125,0.015625,16384.0,40
0.0,3.0,2.0,3.0,2.0,92.0,144.0,0.0,0.0,0.53125,0.015625,16384.0,50
0.0,3.0,2.0,3.0,2.0,92.0,144.0,0.0,0.0,0.53125,0.015625,16384.0,100
0.0,3.0,2.0,3.0,2.0,92.0,144.0,0.0,0.0,0.53125,0.015625,16384.0,500
0.0,3.0,2.0,3.0,2.0,92.0,144.0,0.0,0.0,0.53125,0.015625,32768.0,5
0.0,3.0,2.0,3.0,2.0,92.0,144.0,0.0,0.0,0.53125,0.015625,32768.0,10
0.0,3.0,2.0,3.0,2.0,92.0,144.0,0.0,0.0,0.53125,0.015625,32768.0,15
0.0,3.0,2.0,3.0,2.0,92.0,144.0,0.0,0.0,0.53125,0.015625,32768.0,20
0.0,3.0,2.0,3.0,2.0,92.0,144.0,0.0,0.0,0.53125,0.015625,32768.0,30
0.0,3.0,2.0,3.0,2.0,92.0,144.0,0.0,0.0,0.53125,0.015625,32768.0,40
0.0,3.0,2.0,3.0,2.0,92.0,144.0,0.0,0.0,0.53125,0.015625,32768.0,50
0.0,3.0,2.0,3.0,2.0,92.0,144.0,0.0,0.0,0.53125,0.015625,32768.0,100
0.0,3.0,2.0,3.0,2.0,92.0,144.0,0.0,0.0,0.53125,0.015625,32768.0,500
4.0,3.0,7.0,30.0,24.0,1164.0,2288.0,0.0,0.0,0.9109375,0.03125,0.000976562,5
9.0,3.0,8.0,52.0,45.0,2249.0,4240.0,0.0,0.0,0.9109375,0.03125,0.000976562,10
14.0,3.0,10.0,83.0,74.0,3795.0,7088.0,0.0,0.0,0.93125,0.03125,0.000976562,15
19.0,3.0,11.0,112.0,102.0,5146.0,9824.0,0.0,0.0,0.93125,0.03125,0.000976562,20
29.0,3.0,14.0,179.0,165.0,8363.0,16080.0,0.0,0.0,0.93125,0.03125,0.000976562,30
39.0,3.0,19.0,246.0,227.0,11659.0,22224.0,0.0,0.0,0.9375,0.03125,0.000976562,40
49.0,3.0,21.0,309.0,288.0,15076.0,28256.0,0.0,0.0,0.9453125,0.03125,0.000976562,50
99.0,3.0,28.0,612.0,584.0,31028.0,57408.0,0.0,0.0,0.9640625,0.03125,0.000976562,100
113.0,3.0,28.0,684.0,656.0,35000.0,64352.0,0.0,0.0,0.9640625,0.03125,0.000976562,500
4.0,3.0,7.0,30.0,24.0,1164.0,2288.0,0.0,0.0,0.9109375,0.03125,0.00195312,5
9.0,3.0,8.0,52.0,45.0,2249.0,4240.0,0.0,0.0,0.9109375,0.03125,0.00195312,10
14.0,3.0,10.0,83.0,74.0,3795.0,7088.0,0.0,0.0,0.93125,0.03125,0.00195312,15
19.0,3.0,11.0,112.0,102.0,5146.0,9824.0,0.0,0.0,0.93125,0.03125,0.00195312,20
29.0,3.0,14.0,179.0,165.0,8363.0,16080.0,0.0,0.0,0.93125,0.03125,0.00195312,30
39.0,3.0,19.0,246.0,227.0,11659.0,22224.0,0.0,0.0,0.9375,0.03125,0.00195312,40
49.0,3.0,21.0,309.0,288.0,15076.0,28256.0,0.0,0.0,0.9453125,0.03125,0.00195312,50
98.0,3.0,28.0,597.0,569.0,30419.0,55808.0,0.0,0.0,0.959375,0.03125,0.00195312,100
98.0,3.0,28.0,597.0,569.0,30419.0,55808.0,0.0,0.0,0.959375,0.03125,0.00195312,500
4.0,3.0,7.0,30.0,24.0,1164.0,2288.0,0.0,0.0,0.9109375,0.03125,0.00390625,5
9.0,3.0,8.0,52.0,45.0,2249.0,4240.0,0.0,0.0,0.9109375,0.03125,0.00390625,10
14.0,3.0,10.0,83.0,74.0,3795.0,7088.0,0.0,0.0,0.93125,0.03125,0.00390625,15
19.0,3.0,11.0,111.0,101.0,5113.0,9712.0,0.0,0.0,0.93125,0.03125,0.00390625,20
29.0,3.0,14.0,176.0,162.0,8264.0,15744.0,0.0,0.0,0.93125,0.03125,0.00390625,30
39.0,3.0,20.0,246.0,226.0,11638.0,22112.0,0.0,0.0,0.94375,0.03125,0.00390625,40
49.0,3.0,20.0,302.0,282.0,14866.0,27584.0,0.0,0.0,0.9453125,0.03125,0.00390625,50
86.0,3.0,26.0,522.0,496.0,25922.0,48592.0,0.0,0.0,0.959375,0.03125,0.00390625,100
86.0,3.0,26.0,522.0,496.0,25922.0,48592.0,0.0,0.0,0.959375,0.03125,0.00390625,500
4.0,3.0,7.0,30.0,24.0,1164.0,2288.0,0.0,0.0,0.9109375,0.03125,0.0078125,5
9.0,3.0,8.0,52.0,45.0,2249.0,4240.0,0.0,0.0,0.9109375,0.03125,0.0078125,10
14.0,3.0,10.0,83.0,74.0,3795.0,7088.0,0.0,0.0,0.93125,0.03125,0.0078125,15
19.0,3.0,11.0,111.0,101.0,5113.0,9712.0,0.0,0.0,0.93125,0.03125,0.0078125,20
29.0,3.0,13.0,173.0,160.0,8186.0,15520.0,0.0,0.0,0.93125,0.03125,0.0078125,30
39.0,3.0,19.0,243.0,224.0,11560.0,21888.0,0.0,0.0,0.94375,0.03125,0.0078125,40
49.0,3.0,19.0,299.0,280.0,14788.0,27360.0,0.0,0.0,0.9453125,0.03125,0.0078125,50
70.0,3.0,22.0,421.0,399.0,20977.0,39008.0,0.0,0.0,0.9484375,0.03125,0.0078125,100
70.0,3.0,22.0,421.0,399.0,20977.0,39008.0,0.0,0.0,0.9484375,0.03125,0.0078125,500
4.0,3.0,7.0,30.0,24.0,1164.0,2288.0,0.0,0.0,0.9109375,0.03125,0.015625,5
9.0,3.0,8.0,52.0,45.0,2249.0,4240.0,0.0,0.0,0.9109375,0.03125,0.015625,10
14.0,3.0,10.0,83.0,74.0,3795.0,7088.0,0.0,0.0,0.93125,0.03125,0.015625,15
19.0,3.0,11.0,109.0,99.0,5047.0,9488.0,0.0,0.0,0.93125,0.03125,0.015625,20
29.0,3.0,13.0,171.0,158.0,8120.0,15296.0,0.0,0.0,0.93125,0.03125,0.015625,30
39.0,3.0,19.0,241.0,222.0,11494.0,21664.0,0.0,0.0,0.94375,0.03125,0.015625,40
49.0,3.0,20.0,301.0,281.0,14833.0,27472.0,0.0,0.0,0.9484375,0.03125,0.015625,50
57.0,3.0,21.0,343.0,322.0,17046.0,31424.0,0.0,0.0,0.9484375,0.03125,0.015625,100
57.0,3.0,21.0,343.0,322.0,17046.0,31424.0,0.0,0.0,0.9484375,0.03125,0.015625,500
4.0,3.0,7.0,30.0,24.0,1164.0,2288.0,0.0,0.0,0.9109375,0.03125,0.03125,5
9.0,3.0,8.0,52.0,45.0,2249.0,4240.0,0.0,0.0,0.9109375,0.03125,0.03125,10
14.0,3.0,10.0,80.0,71.0,3696.0,6752.0,0.0,0.0,0.93125,0.03125,0.03125,15
19.0,3.0,11.0,106.0,96.0,4948.0,9152.0,0.0,0.0,0.93125,0.03125,0.03125,20
29.0,3.0,13.0,168.0,155.0,8021.0,14960.0,0.0,0.0,0.93125,0.03125,0.03125,30
39.0,3.0,18.0,235.0,217.0,11317.0,21104.0,0.0,0.0,0.94375,0.03125,0.03125,40
46.0,3.0,19.0,269.0,250.0,13104.0,24240.0,0.0,0.0,0.94375,0.03125,0.03125,50
46.0,3.0,19.0,269.0,250.0,13104.0,24240.0,0.0,0.0,0.94375,0.03125,0.03125,100
46.0,3.0,19.0,269.0,250.0,13104.0,24240.0,0.0,0.0,0.94375,0.03125,0.03125,500
4.0,3.0,7.0,30.0,24.0,1164.0,2288.0,0.0,0.0,0.9109375,0.03125,0.0625,5
9.0,3.0,8.0,52.0,45.0,2249.0,4240.0,0.0,0.0,0.9109375,0.03125,0.0625,10
14.0,3.0,10.0,79.0,70.0,3663.0,6640.0,0.0,0.0,0.93125,0.03125,0.0625,15
19.0,3.0,11.0,104.0,94.0,4882.0,8928.0,0.0,0.0,0.93125,0.03125,0.0625,20
29.0,3.0,13.0,166.0,153.0,7955.0,14736.0,0.0,0.0,0.93125,0.03125,0.0625,30
39.0,3.0,16.0,214.0,198.0,10386.0,18976.0,0.0,0.0,0.94375,0.03125,0.0625,40
39.0,3.0,16.0,214.0,198.0,10386.0,18976.0,0.0,0.0,0.94375,0.03125,0.0625,50
39.0,3.0,16.0,214.0,198.0,10386.0,18976.0,0.0,0.0,0.94375,0.03125,0.0625,100
39.0,3.0,16.0,214.0,198.0,10386.0,18976.0,0.0,0.0,0.94375,0.03125,0.0625,500
4.0,3.0,6.0,28.0,23.0,1119.0,2176.0,0.0,0.0,0.9109375,0.03125,0.125,5
9.0,3.0,7.0,49.0,43.0,2171.0,4016.0,0.0,0.0,0.9109375,0.03125,0.125,10
14.0,3.0,9.0,72.0,64.0,3333.0,5968.0,0.0,0.0,0.93125,0.03125,0.125,15
19.0,3.0,9.0,97.0,89.0,4693.0,8368.0,0.0,0.0,0.93125,0.03125,0.125,20
29.0,3.0,12.0,156.0,145.0,7678.0,13840.0,0.0,0.0,0.93125,0.03125,0.125,30
31.0,3.0,12.0,164.0,153.0,8124.0,14576.0,0.0,0.0,0.93125,0.03125,0.125,40
31.0,3.0,12.0,164.0,153.0,8124.0,14576.0,0.0,0.0,0.93125,0.03125,0.125,50
31.0,3.0,12.0,164.0,153.0,8124.0,14576.0,0.0,0.0,0.93125,0.03125,0.125,100
31.0,3.0,12.0,164.0,153.0,8124.0,14576.0,0.0,0.0,0.93125,0.03125,0.125,500
4.0,3.0,6.0,27.0,22.0,1086.0,2064.0,0.0,0.0,0.9109375,0.03125,0.25,5
9.0,3.0,7.0,48.0,42.0,2138.0,3904.0,0.0,0.0,0.9109375,0.03125,0.25,10
14.0,3.0,9.0,71.0,63.0,3300.0,5856.0,0.0,0.0,0.93125,0.03125,0.25,15
19.0,3.0,9.0,96.0,88.0,4660.0,8256.0,0.0,0.0,0.93125,0.03125,0.25,20
25.0,3.0,10.0,126.0,117.0,6158.0,11024.0,0.0,0.0,0.93125,0.03125,0.25,30
25.0,3.0,10.0,126.0,117.0,6158.0,11024.0,0.0,0.0,0.93125,0.03125,0.25,40
25.0,3.0,10.0,126.0,117.0,6158.0,11024.0,0.0,0.0,0.93125,0.03125,0.25,50
25.0,3.0,10.0,126.0,117.0,6158.0,11024.0,0.0,0.0,0.93125,0.03125,0.25,100
25.0,3.0,10.0,126.0,117.0,6158.0,11024.0,0.0,0.0,0.93125,0.03125,0.25,500
4.0,3.0,5.0,25.0,21.0,1041.0,1952.0,0.0,0.0,0.9109375,0.03125,0.5,5
9.0,3.0,6.0,46.0,41.0,2093.0,3792.0,0.0,0.0,0.9109375,0.03125,0.5,10
14.0,3.0,8.0,69.0,62.0,3150.0,5744.0,0.0,0.0,0.93125,0.03125,0.5,15
19.0,3.0,8.0,93.0,86.0,4442.0,8032.0,0.0,0.0,0.93125,0.03125,0.5,20
19.0,3.0,8.0,93.0,86.0,4442.0,8032.0,0.0,0.0,0.93125,0.03125,0.5,30
19.0,3.0,8.0,93.0,86.0,4442.0,8032.0,0.0,0.0,0.93125,0.03125,0.5,40
19.0,3.0,8.0,93.0,86.0,4442.0,8032.0,0.0,0.0,0.93125,0.03125,0.5,50
19.0,3.0,8.0,93.0,86.0,4442.0,8032.0,0.0,0.0,0.93125,0.03125,0.5,100
19.0,3.0,8.0,93.0,86.0,4442.0,8032.0,0.0,0.0,0.93125,0.03125,0.5,500
4.0,3.0,5.0,25.0,21.0,1041.0,1952.0,0.0,0.0,0.9109375,0.03125,1.0,5
9.0,3.0,6.0,46.0,41.0,2093.0,3792.0,0.0,0.0,0.9109375,0.03125,1.0,10
14.0,3.0,8.0,69.0,62.0,3150.0,5744.0,0.0,0.0,0.93125,0.03125,1.0,15
14.0,3.0,8.0,69.0,62.0,3150.0,5744.0,0.0,0.0,0.93125,0.03125,1.0,20
14.0,3.0,8.0,69.0,62.0,3150.0,5744.0,0.0,0.0,0.93125,0.03125,1.0,30
14.0,3.0,8.0,69.0,62.0,3150.0,5744.0,0.0,0.0,0.93125,0.03125,1.0,40
14.0,3.0,8.0,69.0,62.0,3150.0,5744.0,0.0,0.0,0.93125,0.03125,1.0,50
14.0,3.0,8.0,69.0,62.0,3150.0,5744.0,0.0,0.0,0.93125,0.03125,1.0,100
14.0,3.0,8.0,69.0,62.0,3150.0,5744.0,0.0,0.0,0.93125,0.03125,1.0,500
4.0,3.0,4.0,23.0,20.0,961.0,1840.0,0.0,0.0,0.9109375,0.03125,2.0,5
9.0,3.0,5.0,44.0,40.0,2048.0,3680.0,0.0,0.0,0.9109375,0.03125,2.0,10
11.0,3.0,6.0,54.0,49.0,2493.0,4528.0,0.0,0.0,0.93125,0.03125,2.0,15
11.0,3.0,6.0,54.0,49.0,2493.0,4528.0,0.0,0.0,0.93125,0.03125,2.0,20
11.0,3.0,6.0,54.0,49.0,2493.0,4528.0,0.0,0.0,0.93125,0.03125,2.0,30
11.0,3.0,6.0,54.0,49.0,2493.0,4528.0,0.0,0.0,0.93125,0.03125,2.0,40
11.0,3.0,6.0,54.0,49.0,2493.0,4528.0,0.0,0.0,0.93125,0.03125,2.0,50
11.0,3.0,6.0,54.0,49.0,2493.0,4528.0,0.0,0.0,0.93125,0.03125,2.0,100
11.0,3.0,6.0,54.0,49.0,2493.0,4528.0,0.0,0.0,0.93125,0.03125,2.0,500
4.0,3.0,4.0,23.0,20.0,961.0,1840.0,0.0,0.0,0.9109375,0.03125,4.0,5
8.0,3.0,5.0,40.0,36.0,1848.0,3312.0,0.0,0.0,0.9109375,0.03125,4.0,10
8.0,3.0,5.0,40.0,36.0,1848.0,3312.0,0.0,0.0,0.9109375,0.03125,4.0,15
8.0,3.0,5.0,40.0,36.0,1848.0,3312.0,0.0,0.0,0.9109375,0.03125,4.0,20
8.0,3.0,5.0,40.0,36.0,1848.0,3312.0,0.0,0.0,0.9109375,0.03125,4.0,30
8.0,3.0,5.0,40.0,36.0,1848.0,3312.0,0.0,0.0,0.9109375,0.03125,4.0,40
8.0,3.0,5.0,40.0,36.0,1848.0,3312.0,0.0,0.0,0.9109375,0.03125,4.0,50
8.0,3.0,5.0,40.0,36.0,1848.0,3312.0,0.0,0.0,0.9109375,0.03125,4.0,100
8.0,3.0,5.0,40.0,36.0,1848.0,3312.0,0.0,0.0,0.9109375,0.03125,4.0,500
4.0,3.0,4.0,23.0,20.0,961.0,1840.0,0.0,0.0,0.9109375,0.03125,8.0,5
5.0,3.0,4.0,27.0,24.0,1146.0,2208.0,0.0,0.0,0.9109375,0.03125,8.0,10
5.0,3.0,4.0,27.0,24.0,1146.0,2208.0,0.0,0.0,0.9109375,0.03125,8.0,15
5.0,3.0,4.0,27.0,24.0,1146.0,2208.0,0.0,0.0,0.9109375,0.03125,8.0,20
5.0,3.0,4.0,27.0,24.0,1146.0,2208.0,0.0,0.0,0.9109375,0.03125,8.0,30
5.0,3.0,4.0,27.0,24.0,1146.0,2208.0,0.0,0.0,0.9109375,0.03125,8.0,40
5.0,3.0,4.0,27.0,24.0,1146.0,2208.0,0.0,0.0,0.9109375,0.03125,8.0,50
5.0,3.0,4.0,27.0,24.0,1146.0,2208.0,0.0,0.0,0.9109375,0.03125,8.0,100
5.0,3.0,4.0,27.0,24.0,1146.0,2208.0,0.0,0.0,0.9109375,0.03125,8.0,500
3.0,3.0,4.0,19.0,16.0,744.0,1472.0,0.0,0.0,0.9109375,0.03125,16.0,5
3.0,3.0,4.0,19.0,16.0,744.0,1472.0,0.0,0.0,0.9109375,0.03125,16.0,10
3.0,3.0,4.0,19.0,16.0,744.0,1472.0,0.0,0.0,0.9109375,0.03125,16.0,15
3.0,3.0,4.0,19.0,16.0,744.0,1472.0,0.0,0.0,0.9109375,0.03125,16.0,20
3.0,3.0,4.0,19.0,16.0,744.0,1472.0,0.0,0.0,0.9109375,0.03125,16.0,30
3.0,3.0,4.0,19.0,16.0,744.0,1472.0,0.0,0.0,0.9109375,0.03125,16.0,40
3.0,3.0,4.0,19.0,16.0,744.0,1472.0,0.0,0.0,0.9109375,0.03125,16.0,50
3.0,3.0,4.0,19.0,16.0,744.0,1472.0,0.0,0.0,0.9109375,0.03125,16.0,100
3.0,3.0,4.0,19.0,16.0,744.0,1472.0,0.0,0.0,0.9109375,0.03125,16.0,500
2.0,3.0,4.0,15.0,12.0,567.0,1104.0,0.0,0.0,0.9109375,0.03125,32.0,5
2.0,3.0,4.0,15.0,12.0,567.0,1104.0,0.0,0.0,0.9109375,0.03125,32.0,10
2.0,3.0,4.0,15.0,12.0,567.0,1104.0,0.0,0.0,0.9109375,0.03125,32.0,15
2.0,3.0,4.0,15.0,12.0,567.0,1104.0,0.0,0.0,0.9109375,0.03125,32.0,20
2.0,3.0,4.0,15.0,12.0,567.0,1104.0,0.0,0.0,0.9109375,0.03125,32.0,30
2.0,3.0,4.0,15.0,12.0,567.0,1104.0,0.0,0.0,0.9109375,0.03125,32.0,40
2.0,3.0,4.0,15.0,12.0,567.0,1104.0,0.0,0.0,0.9109375,0.03125,32.0,50
2.0,3.0,4.0,15.0,12.0,567.0,1104.0,0.0,0.0,0.9109375,0.03125,32.0,100
2.0,3.0,4.0,15.0,12.0,567.0,1104.0,0.0,0.0,0.9109375,0.03125,32.0,500
0.0,3.0,4.0,7.0,4.0,197.0,368.0,0.0,0.0,0.9109375,0.03125,64.0,5
0.0,3.0,4.0,7.0,4.0,197.0,368.0,0.0,0.0,0.9109375,0.03125,64.0,10
0.0,3.0,4.0,7.0,4.0,197.0,368.0,0.0,0.0,0.9109375,0.03125,64.0,15
0.0,3.0,4.0,7.0,4.0,197.0,368.0,0.0,0.0,0.9109375,0.03125,64.0,20
0.0,3.0,4.0,7.0,4.0,197.0,368.0,0.0,0.0,0.9109375,0.03125,64.0,30
0.0,3.0,4.0,7.0,4.0,197.0,368.0,0.0,0.0,0.9109375,0.03125,64.0,40
0.0,3.0,4.0,7.0,4.0,197.0,368.0,0.0,0.0,0.9109375,0.03125,64.0,50
0.0,3.0,4.0,7.0,4.0,197.0,368.0,0.0,0.0,0.9109375,0.03125,64.0,100
0.0,3.0,4.0,7.0,4.0,197.0,368.0,0.0,0.0,0.9109375,0.03125,64.0,500
0.0,3.0,4.0,7.0,4.0,197.0,368.0,0.0,0.0,0.9109375,0.03125,128.0,5
0.0,3.0,4.0,7.0,4.0,197.0,368.0,0.0,0.0,0.9109375,0.03125,128.0,10
0.0,3.0,4.0,7.0,4.0,197.0,368.0,0.0,0.0,0.9109375,0.03125,128.0,15
0.0,3.0,4.0,7.0,4.0,197.0,368.0,0.0,0.0,0.9109375,0.03125,128.0,20
0.0,3.0,4.0,7.0,4.0,197.0,368.0,0.0,0.0,0.9109375,0.03125,128.0,30
0.0,3.0,4.0,7.0,4.0,197.0,368.0,0.0,0.0,0.9109375,0.03125,128.0,40
0.0,3.0,4.0,7.0,4.0,197.0,368.0,0.0,0.0,0.9109375,0.03125,128.0,50
0.0,3.0,4.0,7.0,4.0,197.0,368.0,0.0,0.0,0.9109375,0.03125,128.0,100
0.0,3.0,4.0,7.0,4.0,197.0,368.0,0.0,0.0,0.9109375,0.03125,128.0,500
0.0,3.0,4.0,7.0,4.0,197.0,368.0,0.0,0.0,0.9109375,0.03125,256.0,5
0.0,3.0,4.0,7.0,4.0,197.0,368.0,0.0,0.0,0.9109375,0.03125,256.0,10
0.0,3.0,4.0,7.0,4.0,197.0,368.0,0.0,0.0,0.9109375,0.03125,256.0,15
0.0,3.0,4.0,7.0,4.0,197.0,368.0,0.0,0.0,0.9109375,0.03125,256.0,20
0.0,3.0,4.0,7.0,4.0,197.0,368.0,0.0,0.0,0.9109375,0.03125,256.0,30
0.0,3.0,4.0,7.0,4.0,197.0,368.0,0.0,0.0,0.9109375,0.03125,256.0,40
0.0,3.0,4.0,7.0,4.0,197.0,368.0,0.0,0.0,0.9109375,0.03125,256.0,50
0.0,3.0,4.0,7.0,4.0,197.0,368.0,0.0,0.0,0.9109375,0.03125,256.0,100
0.0,3.0,4.0,7.0,4.0,197.0,368.0,0.0,0.0,0.9109375,0.03125,256.0,500
0.0,3.0,3.0,5.0,3.0,152.0,256.0,0.0,0.0,0.7828125,0.03125,512.0,5
0.0,3.0,3.0,5.0,3.0,152.0,256.0,0.0,0.0,0.7828125,0.03125,512.0,10
0.0,3.0,3.0,5.0,3.0,152.0,256.0,0.0,0.0,0.7828125,0.03125,512.0,15
0.0,3.0,3.0,5.0,3.0,152.0,256.0,0.0,0.0,0.7828125,0.03125,512.0,20
0.0,3.0,3.0,5.0,3.0,152.0,256.0,0.0,0.0,0.7828125,0.03125,512.0,30
0.0,3.0,3.0,5.0,3.0,152.0,256.0,0.0,0.0,0.7828125,0.03125,512.0,40
0.0,3.0,3.0,5.0,3.0,152.0,256.0,0.0,0.0,0.7828125,0.03125,512.0,50
0.0,3.0,3.0,5.0,3.0,152.0,256.0,0.0,0.0,0.7828125,0.03125,512.0,100
0.0,3.0,3.0,5.0,3.0,152.0,256.0,0.0,0.0,0.7828125,0.03125,512.0,500
0.0,3.0,2.0,3.0,2.0,92.0,144.0,0.0,0.0,0.53125,0.03125,1024.0,5
0.0,3.0,2.0,3.0,2.0,92.0,144.0,0.0,0.0,0.53125,0.03125,1024.0,10
0.0,3.0,2.0,3.0,2.0,92.0,144.0,0.0,0.0,0.53125,0.03125,1024.0,15
0.0,3.0,2.0,3.0,2.0,92.0,144.0,0.0,0.0,0.53125,0.03125,1024.0,20
0.0,3.0,2.0,3.0,2.0,92.0,144.0,0.0,0.0,0.53125,0.03125,1024.0,30
0.0,3.0,2.0,3.0,2.0,92.0,144.0,0.0,0.0,0.53125,0.03125,1024.0,40
0.0,3.0,2.0,3.0,2.0,92.0,144.0,0.0,0.0,0.53125,0.03125,1024.0,50
0.0,3.0,2.0,3.0,2.0,92.0,144.0,0.0,0.0,0.53125,0.03125,1024.0,100
0.0,3.0,2.0,3.0,2.0,92.0,144.0,0.0,0.0,0.53125,0.03125,1024.0,500
0.0,3.0,2.0,3.0,2.0,92.0,144.0,0.0,0.0,0.53125,0.03125,2048.0,5
0.0,3.0,2.0,3.0,2.0,92.0,144.0,0.0,0.0,0.53125,0.03125,2048.0,10
0.0,3.0,2.0,3.0,2.0,92.0,144.0,0.0,0.0,0.53125,0.03125,2048.0,15
0.0,3.0,2.0,3.0,2.0,92.0,144.0,0.0,0.0,0.53125,0.03125,2048.0,20
0.0,3.0,2.0,3.0,2.0,92.0,144.0,0.0,0.0,0.53125,0.03125,2048.0,30
0.0,3.0,2.0,3.0,2.0,92.0,144.0,0.0,0.0,0.53125,0.03125,2048.0,40
0.0,3.0,2.0,3.0,2.0,92.0,144.0,0.0,0.0,0.53125,0.03125,2048.0,50
0.0,3.0,2.0,3.0,2.0,92.0,144.0,0.0,0.0,0.53125,0.03125,2048.0,100
0.0,3.0,2.0,3.0,2.0,92.0,144.0,0.0,0.0,0.53125,0.03125,2048.0,500
0.0,3.0,2.0,3.0,2.0,92.0,144.0,0.0,0.0,0.53125,0.03125,4096.0,5
0.0,3.0,2.0,3.0,2.0,92.0,144.0,0.0,0.0,0.53125,0.03125,4096.0,10
0.0,3.0,2.0,3.0,2.0,92.0,144.0,0.0,0.0,0.53125,0.03125,4096.0,15
0.0,3.0,2.0,3.0,2.0,92.0,144.0,0.0,0.0,0.53125,0.03125,4096.0,20
0.0,3.0,2.0,3.0,2.0,92.0,144.0,0.0,0.0,0.53125,0.03125,4096.0,30
0.0,3.0,2.0,3.0,2.0,92.0,144.0,0.0,0.0,0.53125,0.03125,4096.0,40
0.0,3.0,2.0,3.0,2.0,92.0,144.0,0.0,0.0,0.53125,0.03125,4096.0,50
0.0,3.0,2.0,3.0,2.0,92.0,144.0,0.0,0.0,0.53125,0.03125,4096.0,100
0.0,3.0,2.0,3.0,2.0,92.0,144.0,0.0,0.0,0.53125,0.03125,4096.0,500
0.0,3.0,2.0,3.0,2.0,92.0,144.0,0.0,0.0,0.53125,0.03125,8192.0,5
0.0,3.0,2.0,3.0,2.0,92.0,144.0,0.0,0.0,0.53125,0.03125,8192.0,10
0.0,3.0,2.0,3.0,2.0,92.0,144.0,0.0,0.0,0.53125,0.03125,8192.0,15
0.0,3.0,2.0,3.0,2.0,92.0,144.0,0.0,0.0,0.53125,0.03125,8192.0,20
0.0,3.0,2.0,3.0,2.0,92.0,144.0,0.0,0.0,0.53125,0.03125,8192.0,30
0.0,3.0,2.0,3.0,2.0,92.0,144.0,0.0,0.0,0.53125,0.03125,8192.0,40
0.0,3.0,2.0,3.0,2.0,92.0,144.0,0.0,0.0,0.53125,0.03125,8192.0,50
0.0,3.0,2.0,3.0,2.0,92.0,144.0,0.0,0.0,0.53125,0.03125,8192.0,100
0.0,3.0,2.0,3.0,2.0,92.0,144.0,0.0,0.0,0.53125,0.03125,8192.0,500
0.0,3.0,2.0,3.0,2.0,92.0,144.0,0.0,0.0,0.53125,0.03125,16384.0,5
0.0,3.0,2.0,3.0,2.0,92.0,144.0,0.0,0.0,0.53125,0.03125,16384.0,10
0.0,3.0,2.0,3.0,2.0,92.0,144.0,0.0,0.0,0.53125,0.03125,16384.0,15
0.0,3.0,2.0,3.0,2.0,92.0,144.0,0.0,0.0,0.53125,0.03125,16384.0,20
0.0,3.0,2.0,3.0,2.0,92.0,144.0,0.0,0.0,0.53125,0.03125,16384.0,30
0.0,3.0,2.0,3.0,2.0,92.0,144.0,0.0,0.0,0.53125,0.03125,16384.0,40
0.0,3.0,2.0,3.0,2.0,92.0,144.0,0.0,0.0,0.53125,0.03125,16384.0,50
0.0,3.0,2.0,3.0,2.0,92.0,144.0,0.0,0.0,0.53125,0.03125,16384.0,100
0.0,3.0,2.0,3.0,2.0,92.0,144.0,0.0,0.0,0.53125,0.03125,16384.0,500
0.0,3.0,2.0,3.0,2.0,92.0,144.0,0.0,0.0,0.53125,0.03125,32768.0,5
0.0,3.0,2.0,3.0,2.0,92.0,144.0,0.0,0.0,0.53125,0.03125,32768.0,10
0.0,3.0,2.0,3.0,2.0,92.0,144.0,0.0,0.0,0.53125,0.03125,32768.0,15
0.0,3.0,2.0,3.0,2.0,92.0,144.0,0.0,0.0,0.53125,0.03125,32768.0,20
0.0,3.0,2.0,3.0,2.0,92.0,144.0,0.0,0.0,0.53125,0.03125,32768.0,30
0.0,3.0,2.0,3.0,2.0,92.0,144.0,0.0,0.0,0.53125,0.03125,32768.0,40
0.0,3.0,2.0,3.0,2.0,92.0,144.0,0.0,0.0,0.53125,0.03125,32768.0,50
0.0,3.0,2.0,3.0,2.0,92.0,144.0,0.0,0.0,0.53125,0.03125,32768.0,100
0.0,3.0,2.0,3.0,2.0,92.0,144.0,0.0,0.0,0.53125,0.03125,32768.0,500
4.0,3.0,7.0,30.0,24.0,1164.0,2288.0,0.0,0.0,0.9109375,0.0625,0.000976562,5
9.0,3.0,8.0,52.0,45.0,2249.0,4240.0,0.0,0.0,0.9109375,0.0625,0.000976562,10
14.0,3.0,10.0,83.0,74.0,3795.0,7088.0,0.0,0.0,0.93125,0.0625,0.000976562,15
19.0,3.0,11.0,109.0,99.0,5047.0,9488.0,0.0,0.0,0.93125,0.0625,0.000976562,20
29.0,3.0,13.0,171.0,158.0,8120.0,15296.0,0.0,0.0,0.93125,0.0625,0.000976562,30
39.0,3.0,19.0,241.0,222.0,11494.0,21664.0,0.0,0.0,0.94375,0.0625,0.000976562,40
49.0,3.0,20.0,301.0,281.0,14833.0,27472.0,0.0,0.0,0.9484375,0.0625,0.000976562,50
90.0,3.0,27.0,541.0,514.0,27680.0,50288.0,0.0,0.0,0.9609375,0.0625,0.000976562,100
90.0,3.0,27.0,541.0,514.0,27680.0,50288.0,0.0,0.0,0.9609375,0.0625,0.000976562,500
4.0,3.0,7.0,30.0,24.0,1164.0,2288.0,0.0,0.0,0.9109375,0.0625,0.00195312,5
9.0,3.0,8.0,52.0,45.0,2249.0,4240.0,0.0,0.0,0.9109375,0.0625,0.00195312,10
14.0,3.0,10.0,83.0,74.0,3795.0,7088.0,0.0,0.0,0.93125,0.0625,0.00195312,15
19.0,3.0,11.0,109.0,99.0,5047.0,9488.0,0.0,0.0,0.93125,0.0625,0.00195312,20
29.0,3.0,13.0,171.0,158.0,8120.0,15296.0,0.0,0.0,0.93125,0.0625,0.00195312,30
39.0,3.0,19.0,241.0,222.0,11494.0,21664.0,0.0,0.0,0.94375,0.0625,0.00195312,40
49.0,3.0,20.0,301.0,281.0,14833.0,27472.0,0.0,0.0,0.9484375,0.0625,0.00195312,50
83.0,3.0,25.0,497.0,472.0,24800.0,46144.0,0.0,0.0,0.959375,0.0625,0.00195312,100
83.0,3.0,25.0,497.0,472.0,24800.0,46144.0,0.0,0.0,0.959375,0.0625,0.00195312,500
4.0,3.0,7.0,30.0,24.0,1164.0,2288.0,0.0,0.0,0.9109375,0.0625,0.00390625,5
9.0,3.0,8.0,52.0,45.0,2249.0,4240.0,0.0,0.0,0.9109375,0.0625,0.00390625,10
14.0,3.0,10.0,83.0,74.0,3795.0,7088.0,0.0,0.0,0.93125,0.0625,0.00390625,15
19.0,3.0,11.0,109.0,99.0,5047.0,9488.0,0.0,0.0,0.93125,0.0625,0.00390625,20
29.0,3.0,13.0,171.0,158.0,8120.0,15296.0,0.0,0.0,0.93125,0.0625,0.00390625,30
39.0,3.0,19.0,241.0,222.0,11494.0,21664.0,0.0,0.0,0.94375,0.0625,0.00390625,40
49.0,3.0,20.0,301.0,281.0,14833.0,27472.0,0.0,0.0,0.9484375,0.0625,0.00390625,50
72.0,3.0,23.0,436.0,413.0,21663.0,40416.0,0.0,0.0,0.9453125,0.0625,0.00390625,100
72.0,3.0,23.0,436.0,413.0,21663.0,40416.0,0.0,0.0,0.9453125,0.0625,0.00390625,500
4.0,3.0,7.0,30.0,24.0,1164.0,2288.0,0.0,0.0,0.9109375,0.0625,0.0078125,5
9.0,3.0,8.0,52.0,45.0,2249.0,4240.0,0.0,0.0,0.9109375,0.0625,0.0078125,10
14.0,3.0,10.0,82.0,73.0,3762.0,6976.0,0.0,0.0,0.93125,0.0625,0.0078125,15
19.0,3.0,11.0,108.0,98.0,5014.0,9376.0,0.0,0.0,0.93125,0.0625,0.0078125,20
29.0,3.0,13.0,170.0,157.0,8087.0,15184.0,0.0,0.0,0.93125,0.0625,0.0078125,30
39.0,3.0,17.0,237.0,220.0,11404.0,21440.0,0.0,0.0,0.94375,0.0625,0.0078125,40
49.0,3.0,18.0,293.0,275.0,14611.0,26800.0,0.0,0.0,0.9453125,0.0625,0.0078125,50
67.0,3.0,22.0,394.0,372.0,19768.0,36224.0,0.0,0.0,0.9453125,0.0625,0.0078125,100
67.0,3.0,22.0,394.0,372.0,19768.0,36224.0,0.0,0.0,0.9453125,0.0625,0.0078125,500
4.0,3.0,7.0,30.0,24.0,1164.0,2288.0,0.0,0.0,0.9109375,0.0625,0.015625,5
9.0,3.0,8.0,52.0,45.0,2249.0,4240.0,0.0,0.0,0.9109375,0.0625,0.015625,10
14.0,3.0,10.0,80.0,71.0,3696.0,6752.0,0.0,0.0,0.93125,0.0625,0.015625,15
19.0,3.0,11.0,106.0,96.0,4948.0,9152.0,0.0,0.0,0.93125,0.0625,0.015625,20
29.0,3.0,13.0,168.0,155.0,8021.0,14960.0,0.0,0.0,0.93125,0.0625,0.015625,30
39.0,3.0,18.0,236.0,218.0,11350.0,21216.0,0.0,0.0,0.94375,0.0625,0.015625,40
49.0,3.0,19.0,291.0,272.0,14524.0,26464.0,0.0,0.0,0.9453125,0.0625,0.015625,50
56.0,3.0,20.0,324.0,304.0,16334.0,29488.0,0.0,0.0,0.9453125,0.0625,0.015625,100
56.0,3.0,20.0,324.0,304.0,16334.0,29488.0,0.0,0.0,0.9453125,0.0625,0.015625,500
4.0,3.0,7.0,30.0,24.0,1164.0,2288.0,0.0,0.0,0.9109375,0.0625,0.03125,5
9.0,3.0,8.0,52.0,45.0,2249.0,4240.0,0.0,0.0,0.9109375,0.0625,0.03125,10
14.0,3.0,10.0,80.0,71.0,3696.0,6752.0,0.0,0.0,0.93125,0.0625,0.03125,15
19.0,3.0,11.0,106.0,96.0,4948.0,9152.0,0.0,0.0,0.93125,0.0625,0.03125,20
29.0,3.0,13.0,168.0,155.0,8021.0,14960.0,0.0,0.0,0.93125,0.0625,0.03125,30
39.0,3.0,18.0,232.0,214.0,11218.0,20768.0,0.0,0.0,0.94375,0.0625,0.03125,40
45.0,3.0,20.0,262.0,242.0,12754.0,23424.0,0.0,0.0,0.94375,0.0625,0.03125,50
45.0,3.0,20.0,262.0,242.0,12754.0,23424.0,0.0,0.0,0.94375,0.0625,0.03125,100
45.0,3.0,20.0,262.0,242.0,12754.0,23424.0,0.0,0.0,0.94375,0.0625,0.03125,500
4.0,3.0,7.0,30.0,24.0,1164.0,2288.0,0.0,0.0,0.9109375,0.0625,0.0625,5
9.0,3.0,8.0,51.0,44.0,2216.0,4128.0,0.0,0.0,0.9109375,0.0625,0.0625,10
14.0,3.0,10.0,74.0,65.0,3498.0,6080.0,0.0,0.0,0.93125,0.0625,0.0625,15
19.0,3.0,10.0,99.0,90.0,4738.0,8480.0,0.0,0.0,0.93125,0.0625,0.0625,20
29.0,3.0,13.0,160.0,148.0,7789.0,14176.0,0.0,0.0,0.93125,0.0625,0.0625,30
39.0,3.0,16.0,206.0,191.0,10154.0,18192.0,0.0,0.0,0.934375,0.0625,0.0625,40
39.0,3.0,16.0,206.0,191.0,10154.0,18192.0,0.0,0.0,0.934375,0.0625,0.0625,50
39.0,3.0,16.0,206.0,191.0,10154.0,18192.0,0.0,0.0,0.934375,0.0625,0.0625,100
39.0,3.0,16.0,206.0,191.0,10154.0,18192.0,0.0,0.0,0.934375,0.0625,0.0625,500
4.0,3.0,6.0,27.0,22.0,1086.0,2064.0,0.0,0.0,0.9109375,0.0625,0.125,5
9.0,3.0,7.0,48.0,42.0,2138.0,3904.0,0.0,0.0,0.9109375,0.0625,0.125,10
14.0,3.0,9.0,71.0,63.0,3300.0,5856.0,0.0,0.0,0.93125,0.0625,0.125,15
19.0,3.0,9.0,96.0,88.0,4660.0,8256.0,0.0,0.0,0.93125,0.0625,0.125,20
29.0,3.0,12.0,155.0,144.0,7645.0,13728.0,0.0,0.0,0.93125,0.0625,0.125,30
31.0,3.0,12.0,163.0,152.0,8091.0,14464.0,0.0,0.0,0.93125,0.0625,0.125,40
31.0,3.0,12.0,163.0,152.0,8091.0,14464.0,0.0,0.0,0.93125,0.0625,0.125,50
31.0,3.0,12.0,163.0,152.0,8091.0,14464.0,0.0,0.0,0.93125,0.0625,0.125,100
31.0,3.0,12.0,163.0,152.0,8091.0,14464.0,0.0,0.0,0.93125,0.0625,0.125,500
4.0,3.0,5.0,25.0,21.0,1041.0,1952.0,0.0,0.0,0.9109375,0.0625,0.25,5
9.0,3.0,6.0,46.0,41.0,2093.0,3792.0,0.0,0.0,0.9109375,0.0625,0.25,10
14.0,3.0,8.0,69.0,62.0,3150.0,5744.0,0.0,0.0,0.93125,0.0625,0.25,15
19.0,3.0,8.0,94.0,87.0,4475.0,8144.0,0.0,0.0,0.93125,0.0625,0.25,20
25.0,3.0,9.0,124.0,116.0,6113.0,10912.0,0.0,0.0,0.93125,0.0625,0.25,30
25.0,3.0,9.0,124.0,116.0,6113.0,10912.0,0.0,0.0,0.93125,0.0625,0.25,40
25.0,3.0,9.0,124.0,116.0,6113.0,10912.0,0.0,0.0,0.93125,0.0625,0.25,50
25.0,3.0,9.0,124.0,116.0,6113.0,10912.0,0.0,0.0,0.93125,0.0625,0.25,100
25.0,3.0,9.0,124.0,116.0,6113.0,10912.0,0.0,0.0,0.93125,0.0625,0.25,500
4.0,3.0,5.0,25.0,21.0,1041.0,1952.0,0.0,0.0,0.9109375,0.0625,0.5,5
9.0,3.0,6.0,46.0,41.0,2093.0,3792.0,0.0,0.0,0.9109375,0.0625,0.5,10
14.0,3.0,8.0,69.0,62.0,3150.0,5744.0,0.0,0.0,0.93125,0.0625,0.5,15
19.0,3.0,8.0,93.0,86.0,4442.0,8032.0,0.0,0.0,0.93125,0.0625,0.5,20
19.0,3.0,8.0,93.0,86.0,4442.0,8032.0,0.0,0.0,0.93125,0.0625,0.5,30
19.0,3.0,8.0,93.0,86.0,4442.0,8032.0,0.0,0.0,0.93125,0.0625,0.5,40
19.0,3.0,8.0,93.0,86.0,4442.0,8032.0,0.0,0.0,0.93125,0.0625,0.5,50
19.0,3.0,8.0,93.0,86.0,4442.0,8032.0,0.0,0.0,0.93125,0.0625,0.5,100
19.0,3.0,8.0,93.0,86.0,4442.0,8032.0,0.0,0.0,0.93125,0.0625,0.5,500
4.0,3.0,5.0,25.0,21.0,1041.0,1952.0,0.0,0.0,0.9109375,0.0625,1.0,5
9.0,3.0,6.0,46.0,41.0,2093.0,3792.0,0.0,0.0,0.9109375,0.0625,1.0,10
14.0,3.0,8.0,69.0,62.0,3150.0,5744.0,0.0,0.0,0.93125,0.0625,1.0,15
14.0,3.0,8.0,69.0,62.0,3150.0,5744.0,0.0,0.0,0.93125,0.0625,1.0,20
14.0,3.0,8.0,69.0,62.0,3150.0,5744.0,0.0,0.0,0.93125,0.0625,1.0,30
14.0,3.0,8.0,69.0,62.0,3150.0,5744.0,0.0,0.0,0.93125,0.0625,1.0,40
14.0,3.0,8.0,69.0,62.0,3150.0,5744.0,0.0,0.0,0.93125,0.0625,1.0,50
14.0,3.0,8.0,69.0,62.0,3150.0,5744.0,0.0,0.0,0.93125,0.0625,1.0,100
14.0,3.0,8.0,69.0,62.0,3150.0,5744.0,0.0,0.0,0.93125,0.0625,1.0,500
4.0,3.0,4.0,23.0,20.0,961.0,1840.0,0.0,0.0,0.9109375,0.0625,2.0,5
9.0,3.0,5.0,44.0,40.0,2048.0,3680.0,0.0,0.0,0.9109375,0.0625,2.0,10
11.0,3.0,6.0,54.0,49.0,2493.0,4528.0,0.0,0.0,0.93125,0.0625,2.0,15
11.0,3.0,6.0,54.0,49.0,2493.0,4528.0,0.0,0.0,0.93125,0.0625,2.0,20
11.0,3.0,6.0,54.0,49.0,2493.0,4528.0,0.0,0.0,0.93125,0.0625,2.0,30
11.0,3.0,6.0,54.0,49.0,2493.0,4528.0,0.0,0.0,0.93125,0.0625,2.0,40
11.0,3.0,6.0,54.0,49.0,2493.0,4528.0,0.0,0.0,0.93125,0.0625,2.0,50
11.0,3.0,6.0,54.0,49.0,2493.0,4528.0,0.0,0.0,0.93125,0.0625,2.0,100
11.0,3.0,6.0,54.0,49.0,2493.0,4528.0,0.0,0.0,0.93125,0.0625,2.0,500
4.0,3.0,4.0,23.0,20.0,961.0,1840.0,0.0,0.0,0.9109375,0.0625,4.0,5
8.0,3.0,5.0,40.0,36.0,1848.0,3312.0,0.0,0.0,0.9109375,0.0625,4.0,10
8.0,3.0,5.0,40.0,36.0,1848.0,3312.0,0.0,0.0,0.9109375,0.0625,4.0,15
8.0,3.0,5.0,40.0,36.0,1848.0,3312.0,0.0,0.0,0.9109375,0.0625,4.0,20
8.0,3.0,5.0,40.0,36.0,1848.0,3312.0,0.0,0.0,0.9109375,0.0625,4.0,30
8.0,3.0,5.0,40.0,36.0,1848.0,3312.0,0.0,0.0,0.9109375,0.0625,4.0,40
8.0,3.0,5.0,40.0,36.0,1848.0,3312.0,0.0,0.0,0.9109375,0.0625,4.0,50
8.0,3.0,5.0,40.0,36.0,1848.0,3312.0,0.0,0.0,0.9109375,0.0625,4.0,100
8.0,3.0,5.0,40.0,36.0,1848.0,3312.0,0.0,0.0,0.9109375,0.0625,4.0,500
4.0,3.0,4.0,23.0,20.0,961.0,1840.0,0.0,0.0,0.9109375,0.0625,8.0,5
5.0,3.0,4.0,27.0,24.0,1146.0,2208.0,0.0,0.0,0.9109375,0.0625,8.0,10
5.0,3.0,4.0,27.0,24.0,1146.0,2208.0,0.0,0.0,0.9109375,0.0625,8.0,15
5.0,3.0,4.0,27.0,24.0,1146.0,2208.0,0.0,0.0,0.9109375,0.0625,8.0,20
5.0,3.0,4.0,27.0,24.0,1146.0,2208.0,0.0,0.0,0.9109375,0.0625,8.0,30
5.0,3.0,4.0,27.0,24.0,1146.0,2208.0,0.0,0.0,0.9109375,0.0625,8.0,40
5.0,3.0,4.0,27.0,24.0,1146.0,2208.0,0.0,0.0,0.9109375,0.0625,8.0,50
5.0,3.0,4.0,27.0,24.0,1146.0,2208.0,0.0,0.0,0.9109375,0.0625,8.0,100
5.0,3.0,4.0,27.0,24.0,1146.0,2208.0,0.0,0.0,0.9109375,0.0625,8.0,500
3.0,3.0,4.0,19.0,16.0,744.0,1472.0,0.0,0.0,0.9109375,0.0625,16.0,5
3.0,3.0,4.0,19.0,16.0,744.0,1472.0,0.0,0.0,0.9109375,0.0625,16.0,10
3.0,3.0,4.0,19.0,16.0,744.0,1472.0,0.0,0.0,0.9109375,0.0625,16.0,15
3.0,3.0,4.0,19.0,16.0,744.0,1472.0,0.0,0.0,0.9109375,0.0625,16.0,20
3.0,3.0,4.0,19.0,16.0,744.0,1472.0,0.0,0.0,0.9109375,0.0625,16.0,30
3.0,3.0,4.0,19.0,16.0,744.0,1472.0,0.0,0.0,0.9109375,0.0625,16.0,40
3.0,3.0,4.0,19.0,16.0,744.0,1472.0,0.0,0.0,0.9109375,0.0625,16.0,50
3.0,3.0,4.0,19.0,16.0,744.0,1472.0,0.0,0.0,0.9109375,0.0625,16.0,100
3.0,3.0,4.0,19.0,16.0,744.0,1472.0,0.0,0.0,0.9109375,0.0625,16.0,500
2.0,3.0,4.0,15.0,12.0,567.0,1104.0,0.0,0.0,0.9109375,0.0625,32.0,5
2.0,3.0,4.0,15.0,12.0,567.0,1104.0,0.0,0.0,0.9109375,0.0625,32.0,10
2.0,3.0,4.0,15.0,12.0,567.0,1104.0,0.0,0.0,0.9109375,0.0625,32.0,15
2.0,3.0,4.0,15.0,12.0,567.0,1104.0,0.0,0.0,0.9109375,0.0625,32.0,20
2.0,3.0,4.0,15.0,12.0,567.0,1104.0,0.0,0.0,0.9109375,0.0625,32.0,30
2.0,3.0,4.0,15.0,12.0,567.0,1104.0,0.0,0.0,0.9109375,0.0625,32.0,40
2.0,3.0,4.0,15.0,12.0,567.0,1104.0,0.0,0.0,0.9109375,0.0625,32.0,50
2.0,3.0,4.0,15.0,12.0,567.0,1104.0,0.0,0.0,0.9109375,0.0625,32.0,100
2.0,3.0,4.0,15.0,12.0,567.0,1104.0,0.0,0.0,0.9109375,0.0625,32.0,500
0.0,3.0,4.0,7.0,4.0,197.0,368.0,0.0,0.0,0.9109375,0.0625,64.0,5
0.0,3.0,4.0,7.0,4.0,197.0,368.0,0.0,0.0,0.9109375,0.0625,64.0,10
0.0,3.0,4.0,7.0,4.0,197.0,368.0,0.0,0.0,0.9109375,0.0625,64.0,15
0.0,3.0,4.0,7.0,4.0,197.0,368.0,0.0,0.0,0.9109375,0.0625,64.0,20
0.0,3.0,4.0,7.0,4.0,197.0,368.0,0.0,0.0,0.9109375,0.0625,64.0,30
0.0,3.0,4.0,7.0,4.0,197.0,368.0,0.0,0.0,0.9109375,0.0625,64.0,40
0.0,3.0,4.0,7.0,4.0,197.0,368.0,0.0,0.0,0.9109375,0.0625,64.0,50
0.0,3.0,4.0,7.0,4.0,197.0,368.0,0.0,0.0,0.9109375,0.0625,64.0,100
0.0,3.0,4.0,7.0,4.0,197.0,368.0,0.0,0.0,0.9109375,0.0625,64.0,500
0.0,3.0,4.0,7.0,4.0,197.0,368.0,0.0,0.0,0.9109375,0.0625,128.0,5
0.0,3.0,4.0,7.0,4.0,197.0,368.0,0.0,0.0,0.9109375,0.0625,128.0,10
0.0,3.0,4.0,7.0,4.0,197.0,368.0,0.0,0.0,0.9109375,0.0625,128.0,15
0.0,3.0,4.0,7.0,4.0,197.0,368.0,0.0,0.0,0.9109375,0.0625,128.0,20
0.0,3.0,4.0,7.0,4.0,197.0,368.0,0.0,0.0,0.9109375,0.0625,128.0,30
0.0,3.0,4.0,7.0,4.0,197.0,368.0,0.0,0.0,0.9109375,0.0625,128.0,40
0.0,3.0,4.0,7.0,4.0,197.0,368.0,0.0,0.0,0.9109375,0.0625,128.0,50
0.0,3.0,4.0,7.0,4.0,197.0,368.0,0.0,0.0,0.9109375,0.0625,128.0,100
0.0,3.0,4.0,7.0,4.0,197.0,368.0,0.0,0.0,0.9109375,0.0625,128.0,500
0.0,3.0,4.0,7.0,4.0,197.0,368.0,0.0,0.0,0.9109375,0.0625,256.0,5
0.0,3.0,4.0,7.0,4.0,197.0,368.0,0.0,0.0,0.9109375,0.0625,256.0,10
0.0,3.0,4.0,7.0,4.0,197.0,368.0,0.0,0.0,0.9109375,0.0625,256.0,15
0.0,3.0,4.0,7.0,4.0,197.0,368.0,0.0,0.0,0.9109375,0.0625,256.0,20
0.0,3.0,4.0,7.0,4.0,197.0,368.0,0.0,0.0,0.9109375,0.0625,256.0,30
0.0,3.0,4.0,7.0,4.0,197.0,368.0,0.0,0.0,0.9109375,0.0625,256.0,40
0.0,3.0,4.0,7.0,4.0,197.0,368.0,0.0,0.0,0.9109375,0.0625,256.0,50
0.0,3.0,4.0,7.0,4.0,197.0,368.0,0.0,0.0,0.9109375,0.0625,256.0,100
0.0,3.0,4.0,7.0,4.0,197.0,368.0,0.0,0.0,0.9109375,0.0625,256.0,500
0.0,3.0,3.0,5.0,3.0,152.0,256.0,0.0,0.0,0.7828125,0.0625,512.0,5
0.0,3.0,3.0,5.0,3.0,152.0,256.0,0.0,0.0,0.7828125,0.0625,512.0,10
0.0,3.0,3.0,5.0,3.0,152.0,256.0,0.0,0.0,0.7828125,0.0625,512.0,15
0.0,3.0,3.0,5.0,3.0,152.0,256.0,0.0,0.0,0.7828125,0.0625,512.0,20
0.0,3.0,3.0,5.0,3.0,152.0,256.0,0.0,0.0,0.7828125,0.0625,512.0,30
0.0,3.0,3.0,5.0,3.0,152.0,256.0,0.0,0.0,0.7828125,0.0625,512.0,40
0.0,3.0,3.0,5.0,3.0,152.0,256.0,0.0,0.0,0.7828125,0.0625,512.0,50
0.0,3.0,3.0,5.0,3.0,152.0,256.0,0.0,0.0,0.7828125,0.0625,512.0,100
0.0,3.0,3.0,5.0,3.0,152.0,256.0,0.0,0.0,0.7828125,0.0625,512.0,500
0.0,3.0,2.0,3.0,2.0,92.0,144.0,0.0,0.0,0.53125,0.0625,1024.0,5
0.0,3.0,2.0,3.0,2.0,92.0,144.0,0.0,0.0,0.53125,0.0625,1024.0,10
0.0,3.0,2.0,3.0,2.0,92.0,144.0,0.0,0.0,0.53125,0.0625,1024.0,15
0.0,3.0,2.0,3.0,2.0,92.0,144.0,0.0,0.0,0.53125,0.0625,1024.0,20
0.0,3.0,2.0,3.0,2.0,92.0,144.0,0.0,0.0,0.53125,0.0625,1024.0,30
0.0,3.0,2.0,3.0,2.0,92.0,144.0,0.0,0.0,0.53125,0.0625,1024.0,40
0.0,3.0,2.0,3.0,2.0,92.0,144.0,0.0,0.0,0.53125,0.0625,1024.0,50
0.0,3.0,2.0,3.0,2.0,92.0,144.0,0.0,0.0,0.53125,0.0625,1024.0,100
0.0,3.0,2.0,3.0,2.0,92.0,144.0,0.0,0.0,0.53125,0.0625,1024.0,500
0.0,3.0,2.0,3.0,2.0,92.0,144.0,0.0,0.0,0.53125,0.0625,2048.0,5
0.0,3.0,2.0,3.0,2.0,92.0,144.0,0.0,0.0,0.53125,0.0625,2048.0,10
0.0,3.0,2.0,3.0,2.0,92.0,144.0,0.0,0.0,0.53125,0.0625,2048.0,15
0.0,3.0,2.0,3.0,2.0,92.0,144.0,0.0,0.0,0.53125,0.0625,2048.0,20
0.0,3.0,2.0,3.0,2.0,92.0,144.0,0.0,0.0,0.53125,0.0625,2048.0,30
0.0,3.0,2.0,3.0,2.0,92.0,144.0,0.0,0.0,0.53125,0.0625,2048.0,40
0.0,3.0,2.0,3.0,2.0,92.0,144.0,0.0,0.0,0.53125,0.0625,2048.0,50
0.0,3.0,2.0,3.0,2.0,92.0,144.0,0.0,0.0,0.53125,0.0625,2048.0,100
0.0,3.0,2.0,3.0,2.0,92.0,144.0,0.0,0.0,0.53125,0.0625,2048.0,500
0.0,3.0,2.0,3.0,2.0,92.0,144.0,0.0,0.0,0.53125,0.0625,4096.0,5
0.0,3.0,2.0,3.0,2.0,92.0,144.0,0.0,0.0,0.53125,0.0625,4096.0,10
0.0,3.0,2.0,3.0,2.0,92.0,144.0,0.0,0.0,0.53125,0.0625,4096.0,15
0.0,3.0,2.0,3.0,2.0,92.0,144.0,0.0,0.0,0.53125,0.0625,4096.0,20
0.0,3.0,2.0,3.0,2.0,92.0,144.0,0.0,0.0,0.53125,0.0625,4096.0,30
0.0,3.0,2.0,3.0,2.0,92.0,144.0,0.0,0.0,0.53125,0.0625,4096.0,40
0.0,3.0,2.0,3.0,2.0,92.0,144.0,0.0,0.0,0.53125,0.0625,4096.0,50
0.0,3.0,2.0,3.0,2.0,92.0,144.0,0.0,0.0,0.53125,0.0625,4096.0,100
0.0,3.0,2.0,3.0,2.0,92.0,144.0,0.0,0.0,0.53125,0.0625,4096.0,500
0.0,3.0,2.0,3.0,2.0,92.0,144.0,0.0,0.0,0.53125,0.0625,8192.0,5
0.0,3.0,2.0,3.0,2.0,92.0,144.0,0.0,0.0,0.53125,0.0625,8192.0,10
0.0,3.0,2.0,3.0,2.0,92.0,144.0,0.0,0.0,0.53125,0.0625,8192.0,15
0.0,3.0,2.0,3.0,2.0,92.0,144.0,0.0,0.0,0.53125,0.0625,8192.0,20
0.0,3.0,2.0,3.0,2.0,92.0,144.0,0.0,0.0,0.53125,0.0625,8192.0,30
0.0,3.0,2.0,3.0,2.0,92.0,144.0,0.0,0.0,0.53125,0.0625,8192.0,40
0.0,3.0,2.0,3.0,2.0,92.0,144.0,0.0,0.0,0.53125,0.0625,8192.0,50
0.0,3.0,2.0,3.0,2.0,92.0,144.0,0.0,0.0,0.53125,0.0625,8192.0,100
0.0,3.0,2.0,3.0,2.0,92.0,144.0,0.0,0.0,0.53125,0.0625,8192.0,500
0.0,3.0,2.0,3.0,2.0,92.0,144.0,0.0,0.0,0.53125,0.0625,16384.0,5
0.0,3.0,2.0,3.0,2.0,92.0,144.0,0.0,0.0,0.53125,0.0625,16384.0,10
0.0,3.0,2.0,3.0,2.0,92.0,144.0,0.0,0.0,0.53125,0.0625,16384.0,15
0.0,3.0,2.0,3.0,2.0,92.0,144.0,0.0,0.0,0.53125,0.0625,16384.0,20
0.0,3.0,2.0,3.0,2.0,92.0,144.0,0.0,0.0,0.53125,0.0625,16384.0,30
0.0,3.0,2.0,3.0,2.0,92.0,144.0,0.0,0.0,0.53125,0.0625,16384.0,40
0.0,3.0,2.0,3.0,2.0,92.0,144.0,0.0,0.0,0.53125,0.0625,16384.0,50
0.0,3.0,2.0,3.0,2.0,92.0,144.0,0.0,0.0,0.53125,0.0625,16384.0,100
0.0,3.0,2.0,3.0,2.0,92.0,144.0,0.0,0.0,0.53125,0.0625,16384.0,500
0.0,3.0,2.0,3.0,2.0,92.0,144.0,0.0,0.0,0.53125,0.0625,32768.0,5
0.0,3.0,2.0,3.0,2.0,92.0,144.0,0.0,0.0,0.53125,0.0625,32768.0,10
0.0,3.0,2.0,3.0,2.0,92.0,144.0,0.0,0.0,0.53125,0.0625,32768.0,15
0.0,3.0,2.0,3.0,2.0,92.0,144.0,0.0,0.0,0.53125,0.0625,32768.0,20
0.0,3.0,2.0,3.0,2.0,92.0,144.0,0.0,0.0,0.53125,0.0625,32768.0,30
0.0,3.0,2.0,3.0,2.0,92.0,144.0,0.0,0.0,0.53125,0.0625,32768.0,40
0.0,3.0,2.0,3.0,2.0,92.0,144.0,0.0,0.0,0.53125,0.0625,32768.0,50
0.0,3.0,2.0,3.0,2.0,92.0,144.0,0.0,0.0,0.53125,0.0625,32768.0,100
0.0,3.0,2.0,3.0,2.0,92.0,144.0,0.0,0.0,0.53125,0.0625,32768.0,500
4.0,3.0,5.0,25.0,21.0,1041.0,1952.0,0.0,0.0,0.9109375,0.125,0.000976562,5
9.0,3.0,7.0,48.0,42.0,2138.0,3904.0,0.0,0.0,0.9109375,0.125,0.000976562,10
14.0,3.0,9.0,76.0,68.0,3585.0,6416.0,0.0,0.0,0.93125,0.125,0.000976562,15
19.0,3.0,10.0,102.0,93.0,4837.0,8816.0,0.0,0.0,0.93125,0.125,0.000976562,20
29.0,3.0,13.0,165.0,152.0,7922.0,14624.0,0.0,0.0,0.93125,0.125,0.000976562,30
39.0,3.0,18.0,233.0,215.0,11251.0,20880.0,0.0,0.0,0.94375,0.125,0.000976562,40
49.0,3.0,19.0,297.0,278.0,14722.0,27136.0,0.0,0.0,0.9453125,0.125,0.000976562,50
67.0,3.0,21.0,399.0,378.0,19954.0,36896.0,0.0,0.0,0.9453125,0.125,0.000976562,100
67.0,3.0,21.0,399.0,378.0,19954.0,36896.0,0.0,0.0,0.9453125,0.125,0.000976562,500
4.0,3.0,5.0,25.0,21.0,1041.0,1952.0,0.0,0.0,0.9109375,0.125,0.00195312,5
9.0,3.0,6.0,46.0,41.0,2093.0,3792.0,0.0,0.0,0.9109375,0.125,0.00195312,10
14.0,3.0,8.0,74.0,67.0,3435.0,6304.0,0.0,0.0,0.93125,0.125,0.00195312,15
19.0,3.0,10.0,101.0,92.0,4804.0,8704.0,0.0,0.0,0.93125,0.125,0.00195312,20
29.0,3.0,13.0,164.0,151.0,7889.0,14512.0,0.0,0.0,0.93125,0.125,0.00195312,30
39.0,3.0,18.0,232.0,214.0,11218.0,20768.0,0.0,0.0,0.94375,0.125,0.00195312,40
49.0,3.0,19.0,294.0,275.0,14623.0,26800.0,0.0,0.0,0.94375,0.125,0.00195312,50
64.0,3.0,22.0,377.0,355.0,18889.0,34560.0,0.0,0.0,0.9453125,0.125,0.00195312,100
64.0,3.0,22.0,377.0,355.0,18889.0,34560.0,0.0,0.0,0.9453125,0.125,0.00195312,500
4.0,3.0,5.0,25.0,21.0,1041.0,1952.0,0.0,0.0,0.9109375,0.125,0.00390625,5
9.0,3.0,6.0,46.0,41.0,2093.0,3792.0,0.0,0.0,0.9109375,0.125,0.00390625,10
14.0,3.0,8.0,74.0,67.0,3435.0,6304.0,0.0,0.0,0.93125,0.125,0.00390625,15
19.0,3.0,10.0,101.0,92.0,4804.0,8704.0,0.0,0.0,0.93125,0.125,0.00390625,20
29.0,3.0,13.0,164.0,151.0,7889.0,14512.0,0.0,0.0,0.93125,0.125,0.00390625,30
39.0,3.0,18.0,232.0,214.0,11218.0,20768.0,0.0,0.0,0.94375,0.125,0.00390625,40
49.0,3.0,19.0,293.0,274.0,14590.0,26688.0,0.0,0.0,0.94375,0.125,0.00390625,50
62.0,3.0,22.0,365.0,343.0,18281.0,33376.0,0.0,0.0,0.95,0.125,0.00390625,100
62.0,3.0,22.0,365.0,343.0,18281.0,33376.0,0.0,0.0,0.95,0.125,0.00390625,500
4.0,3.0,5.0,25.0,21.0,1041.0,1952.0,0.0,0.0,0.9109375,0.125,0.0078125,5
9.0,3.0,6.0,46.0,41.0,2093.0,3792.0,0.0,0.0,0.9109375,0.125,0.0078125,10
14.0,3.0,8.0,73.0,66.0,3402.0,6192.0,0.0,0.0,0.93125,0.125,0.0078125,15
19.0,3.0,10.0,100.0,91.0,4771.0,8592.0,0.0,0.0,0.93125,0.125,0.0078125,20
29.0,3.0,13.0,163.0,150.0,7856.0,14400.0,0.0,0.0,0.93125,0.125,0.0078125,30
39.0,3.0,18.0,231.0,213.0,11185.0,20656.0,0.0,0.0,0.94375,0.125,0.0078125,40
49.0,3.0,19.0,289.0,270.0,14458.0,26240.0,0.0,0.0,0.94375,0.125,0.0078125,50
56.0,3.0,21.0,326.0,305.0,16379.0,29600.0,0.0,0.0,0.9453125,0.125,0.0078125,100
56.0,3.0,21.0,326.0,305.0,16379.0,29600.0,0.0,0.0,0.9453125,0.125,0.0078125,500
4.0,3.0,4.0,23.0,20.0,961.0,1840.0,0.0,0.0,0.9109375,0.125,0.015625,5
9.0,3.0,5.0,44.0,40.0,2048.0,3680.0,0.0,0.0,0.9109375,0.125,0.015625,10
14.0,3.0,8.0,72.0,65.0,3369.0,6080.0,0.0,0.0,0.93125,0.125,0.015625,15
19.0,3.0,9.0,98.0,90.0,4726.0,8480.0,0.0,0.0,0.93125,0.125,0.015625,20
29.0,3.0,12.0,161.0,149.0,7811.0,14288.0,0.0,0.0,0.93125,0.125,0.015625,30
39.0,3.0,17.0,229.0,212.0,11140.0,20544.0,0.0,0.0,0.94375,0.125,0.015625,40
49.0,3.0,20.0,280.0,260.0,14140.0,25120.0,0.0,0.0,0.94375,0.125,0.015625,50
49.0,3.0,20.0,280.0,260.0,14140.0,25120.0,0.0,0.0,0.94375,0.125,0.015625,100
49.0,3.0,20.0,280.0,260.0,14140.0,25120.0,0.0,0.0,0.94375,0.125,0.015625,500
4.0,3.0,4.0,23.0,20.0,961.0,1840.0,0.0,0.0,0.9109375,0.125,0.03125,5
9.0,3.0,5.0,44.0,40.0,2048.0,3680.0,0.0,0.0,0.9109375,0.125,0.03125,10
14.0,3.0,8.0,69.0,62.0,3150.0,5744.0,0.0,0.0,0.93125,0.125,0.03125,15
19.0,3.0,8.0,94.0,87.0,4475.0,8144.0,0.0,0.0,0.93125,0.125,0.03125,20
29.0,3.0,12.0,157.0,146.0,7711.0,13952.0,0.0,0.0,0.93125,0.125,0.03125,30
39.0,3.0,16.0,215.0,200.0,10451.0,19200.0,0.0,0.0,0.94375,0.125,0.03125,40
43.0,3.0,17.0,236.0,219.0,11763.0,21008.0,0.0,0.0,0.946875,0.125,0.03125,50
43.0,3.0,17.0,236.0,219.0,11763.0,21008.0,0.0,0.0,0.946875,0.125,0.03125,100
43.0,3.0,17.0,236.0,219.0,11763.0,21008.0,0.0,0.0,0.946875,0.125,0.03125,500
4.0,3.0,4.0,23.0,20.0,961.0,1840.0,0.0,0.0,0.9109375,0.125,0.0625,5
9.0,3.0,5.0,44.0,40.0,2048.0,3680.0,0.0,0.0,0.9109375,0.125,0.0625,10
14.0,3.0,7.0,67.0,61.0,3105.0,5632.0,0.0,0.0,0.93125,0.125,0.0625,15
19.0,3.0,7.0,92.0,86.0,4430.0,8032.0,0.0,0.0,0.93125,0.125,0.0625,20
29.0,3.0,9.0,150.0,142.0,7543.0,13504.0,0.0,0.0,0.93125,0.125,0.0625,30
37.0,3.0,12.0,187.0,176.0,9429.0,16672.0,0.0,0.0,0.934375,0.125,0.0625,40
37.0,3.0,12.0,187.0,176.0,9429.0,16672.0,0.0,0.0,0.934375,0.125,0.0625,50
37.0,3.0,12.0,187.0,176.0,9429.0,16672.0,0.0,0.0,0.934375,0.125,0.0625,100
37.0,3.0,12.0,187.0,176.0,9429.0,16672.0,0.0,0.0,0.934375,0.125,0.0625,500
4.0,3.0,4.0,23.0,20.0,961.0,1840.0,0.0,0.0,0.9109375,0.125,0.125,5
9.0,3.0,5.0,44.0,40.0,2048.0,3680.0,0.0,0.0,0.9109375,0.125,0.125,10
14.0,3.0,7.0,67.0,61.0,3105.0,5632.0,0.0,0.0,0.93125,0.125,0.125,15
19.0,3.0,7.0,92.0,86.0,4430.0,8032.0,0.0,0.0,0.93125,0.125,0.125,20
29.0,3.0,8.0,145.0,138.0,7189.0,13056.0,0.0,0.0,0.93125,0.125,0.125,30
30.0,3.0,8.0,148.0,141.0,7372.0,13312.0,0.0,0.0,0.93125,0.125,0.125,40
30.0,3.0,8.0,148.0,141.0,7372.0,13312.0,0.0,0.0,0.93125,0.125,0.125,50
30.0,3.0,8.0,148.0,141.0,7372.0,13312.0,0.0,0.0,0.93125,0.125,0.125,100
30.0,3.0,8.0,148.0,141.0,7372.0,13312.0,0.0,0.0,0.93125,0.125,0.125,500
4.0,3.0,4.0,23.0,20.0,961.0,1840.0,0.0,0.0,0.9109375,0.125,0.25,5
9.0,3.0,5.0,44.0,40.0,2048.0,3680.0,0.0,0.0,0.9109375,0.125,0.25,10
14.0,3.0,7.0,67.0,61.0,3105.0,5632.0,0.0,0.0,0.93125,0.125,0.25,15
19.0,3.0,7.0,92.0,86.0,4430.0,8032.0,0.0,0.0,0.93125,0.125,0.25,20
25.0,3.0,7.0,119.0,113.0,5777.0,10576.0,0.0,0.0,0.93125,0.125,0.25,30
25.0,3.0,7.0,119.0,113.0,5777.0,10576.0,0.0,0.0,0.93125,0.125,0.25,40
25.0,3.0,7.0,119.0,113.0,5777.0,10576.0,0.0,0.0,0.93125,0.125,0.25,50
25.0,3.0,7.0,119.0,113.0,5777.0,10576.0,0.0,0.0,0.93125,0.125,0.25,100
25.0,3.0,7.0,119.0,113.0,5777.0,10576.0,0.0,0.0,0.93125,0.125,0.25,500
4.0,3.0,4.0,23.0,20.0,961.0,1840.0,0.0,0.0,0.9109375,0.125,0.5,5
9.0,3.0,5.0,44.0,40.0,2048.0,3680.0,0.0,0.0,0.9109375,0.125,0.5,10
14.0,3.0,7.0,67.0,61.0,3105.0,5632.0,0.0,0.0,0.93125,0.125,0.5,15
19.0,3.0,7.0,91.0,85.0,4397.0,7920.0,0.0,0.0,0.93125,0.125,0.5,20
19.0,3.0,7.0,91.0,85.0,4397.0,7920.0,0.0,0.0,0.93125,0.125,0.5,30
19.0,3.0,7.0,91.0,85.0,4397.0,7920.0,0.0,0.0,0.93125,0.125,0.5,40
19.0,3.0,7.0,91.0,85.0,4397.0,7920.0,0.0,0.0,0.93125,0.125,0.5,50
19.0,3.0,7.0,91.0,85.0,4397.0,7920.0,0.0,0.0,0.93125,0.125,0.5,100
19.0,3.0,7.0,91.0,85.0,4397.0,7920.0,0.0,0.0,0.93125,0.125,0.5,500
4.0,3.0,4.0,23.0,20.0,961.0,1840.0,0.0,0.0,0.9109375,0.125,1.0,5
9.0,3.0,5.0,44.0,40.0,2048.0,3680.0,0.0,0.0,0.9109375,0.125,1.0,10
14.0,3.0,7.0,67.0,61.0,3105.0,5632.0,0.0,0.0,0.93125,0.125,1.0,15
14.0,3.0,7.0,67.0,61.0,3105.0,5632.0,0.0,0.0,0.93125,0.125,1.0,20
14.0,3.0,7.0,67.0,61.0,3105.0,5632.0,0.0,0.0,0.93125,0.125,1.0,30
14.0,3.0,7.0,67.0,61.0,3105.0,5632.0,0.0,0.0,0.93125,0.125,1.0,40
14.0,3.0,7.0,67.0,61.0,3105.0,5632.0,0.0,0.0,0.93125,0.125,1.0,50
14.0,3.0,7.0,67.0,61.0,3105.0,5632.0,0.0,0.0,0.93125,0.125,1.0,100
14.0,3.0,7.0,67.0,61.0,3105.0,5632.0,0.0,0.0,0.93125,0.125,1.0,500
4.0,3.0,4.0,23.0,20.0,961.0,1840.0,0.0,0.0,0.9109375,0.125,2.0,5
9.0,3.0,5.0,44.0,40.0,2048.0,3680.0,0.0,0.0,0.9109375,0.125,2.0,10
11.0,3.0,6.0,54.0,49.0,2493.0,4528.0,0.0,0.0,0.93125,0.125,2.0,15
11.0,3.0,6.0,54.0,49.0,2493.0,4528.0,0.0,0.0,0.93125,0.125,2.0,20
11.0,3.0,6.0,54.0,49.0,2493.0,4528.0,0.0,0.0,0.93125,0.125,2.0,30
11.0,3.0,6.0,54.0,49.0,2493.0,4528.0,0.0,0.0,0.93125,0.125,2.0,40
11.0,3.0,6.0,54.0,49.0,2493.0,4528.0,0.0,0.0,0.93125,0.125,2.0,50
11.0,3.0,6.0,54.0,49.0,2493.0,4528.0,0.0,0.0,0.93125,0.125,2.0,100
11.0,3.0,6.0,54.0,49.0,2493.0,4528.0,0.0,0.0,0.93125,0.125,2.0,500
4.0,3.0,4.0,23.0,20.0,961.0,1840.0,0.0,0.0,0.9109375,0.125,4.0,5
8.0,3.0,5.0,40.0,36.0,1848.0,3312.0,0.0,0.0,0.9109375,0.125,4.0,10
8.0,3.0,5.0,40.0,36.0,1848.0,3312.0,0.0,0.0,0.9109375,0.125,4.0,15
8.0,3.0,5.0,40.0,36.0,1848.0,3312.0,0.0,0.0,0.9109375,0.125,4.0,20
8.0,3.0,5.0,40.0,36.0,1848.0,3312.0,0.0,0.0,0.9109375,0.125,4.0,30
8.0,3.0,5.0,40.0,36.0,1848.0,3312.0,0.0,0.0,0.9109375,0.125,4.0,40
8.0,3.0,5.0,40.0,36.0,1848.0,3312.0,0.0,0.0,0.9109375,0.125,4.0,50
8.0,3.0,5.0,40.0,36.0,1848.0,3312.0,0.0,0.0,0.9109375,0.125,4.0,100
8.0,3.0,5.0,40.0,36.0,1848.0,3312.0,0.0,0.0,0.9109375,0.125,4.0,500
4.0,3.0,4.0,23.0,20.0,961.0,1840.0,0.0,0.0,0.9109375,0.125,8.0,5
5.0,3.0,4.0,27.0,24.0,1146.0,2208.0,0.0,0.0,0.9109375,0.125,8.0,10
5.0,3.0,4.0,27.0,24.0,1146.0,2208.0,0.0,0.0,0.9109375,0.125,8.0,15
5.0,3.0,4.0,27.0,24.0,1146.0,2208.0,0.0,0.0,0.9109375,0.125,8.0,20
5.0,3.0,4.0,27.0,24.0,1146.0,2208.0,0.0,0.0,0.9109375,0.125,8.0,30
5.0,3.0,4.0,27.0,24.0,1146.0,2208.0,0.0,0.0,0.9109375,0.125,8.0,40
5.0,3.0,4.0,27.0,24.0,1146.0,2208.0,0.0,0.0,0.9109375,0.125,8.0,50
5.0,3.0,4.0,27.0,24.0,1146.0,2208.0,0.0,0.0,0.9109375,0.125,8.0,100
5.0,3.0,4.0,27.0,24.0,1146.0,2208.0,0.0,0.0,0.9109375,0.125,8.0,500
3.0,3.0,4.0,19.0,16.0,744.0,1472.0,0.0,0.0,0.9109375,0.125,16.0,5
3.0,3.0,4.0,19.0,16.0,744.0,1472.0,0.0,0.0,0.9109375,0.125,16.0,10
3.0,3.0,4.0,19.0,16.0,744.0,1472.0,0.0,0.0,0.9109375,0.125,16.0,15
3.0,3.0,4.0,19.0,16.0,744.0,1472.0,0.0,0.0,0.9109375,0.125,16.0,20
3.0,3.0,4.0,19.0,16.0,744.0,1472.0,0.0,0.0,0.9109375,0.125,16.0,30
3.0,3.0,4.0,19.0,16.0,744.0,1472.0,0.0,0.0,0.9109375,0.125,16.0,40
3.0,3.0,4.0,19.0,16.0,744.0,1472.0,0.0,0.0,0.9109375,0.125,16.0,50
3.0,3.0,4.0,19.0,16.0,744.0,1472.0,0.0,0.0,0.9109375,0.125,16.0,100
3.0,3.0,4.0,19.0,16.0,744.0,1472.0,0.0,0.0,0.9109375,0.125,16.0,500
2.0,3.0,4.0,15.0,12.0,567.0,1104.0,0.0,0.0,0.9109375,0.125,32.0,5
2.0,3.0,4.0,15.0,12.0,567.0,1104.0,0.0,0.0,0.9109375,0.125,32.0,10
2.0,3.0,4.0,15.0,12.0,567.0,1104.0,0.0,0.0,0.9109375,0.125,32.0,15
2.0,3.0,4.0,15.0,12.0,567.0,1104.0,0.0,0.0,0.9109375,0.125,32.0,20
2.0,3.0,4.0,15.0,12.0,567.0,1104.0,0.0,0.0,0.9109375,0.125,32.0,30
2.0,3.0,4.0,15.0,12.0,567.0,1104.0,0.0,0.0,0.9109375,0.125,32.0,40
2.0,3.0,4.0,15.0,12.0,567.0,1104.0,0.0,0.0,0.9109375,0.125,32.0,50
2.0,3.0,4.0,15.0,12.0,567.0,1104.0,0.0,0.0,0.9109375,0.125,32.0,100
2.0,3.0,4.0,15.0,12.0,567.0,1104.0,0.0,0.0,0.9109375,0.125,32.0,500
0.0,3.0,4.0,7.0,4.0,197.0,368.0,0.0,0.0,0.9109375,0.125,64.0,5
0.0,3.0,4.0,7.0,4.0,197.0,368.0,0.0,0.0,0.9109375,0.125,64.0,10
0.0,3.0,4.0,7.0,4.0,197.0,368.0,0.0,0.0,0.9109375,0.125,64.0,15
0.0,3.0,4.0,7.0,4.0,197.0,368.0,0.0,0.0,0.9109375,0.125,64.0,20
0.0,3.0,4.0,7.0,4.0,197.0,368.0,0.0,0.0,0.9109375,0.125,64.0,30
0.0,3.0,4.0,7.0,4.0,197.0,368.0,0.0,0.0,0.9109375,0.125,64.0,40
0.0,3.0,4.0,7.0,4.0,197.0,368.0,0.0,0.0,0.9109375,0.125,64.0,50
0.0,3.0,4.0,7.0,4.0,197.0,368.0,0.0,0.0,0.9109375,0.125,64.0,100
0.0,3.0,4.0,7.0,4.0,197.0,368.0,0.0,0.0,0.9109375,0.125,64.0,500
0.0,3.0,4.0,7.0,4.0,197.0,368.0,0.0,0.0,0.9109375,0.125,128.0,5
0.0,3.0,4.0,7.0,4.0,197.0,368.0,0.0,0.0,0.9109375,0.125,128.0,10
0.0,3.0,4.0,7.0,4.0,197.0,368.0,0.0,0.0,0.9109375,0.125,128.0,15
0.0,3.0,4.0,7.0,4.0,197.0,368.0,0.0,0.0,0.9109375,0.125,128.0,20
0.0,3.0,4.0,7.0,4.0,197.0,368.0,0.0,0.0,0.9109375,0.125,128.0,30
0.0,3.0,4.0,7.0,4.0,197.0,368.0,0.0,0.0,0.9109375,0.125,128.0,40
0.0,3.0,4.0,7.0,4.0,197.0,368.0,0.0,0.0,0.9109375,0.125,128.0,50
0.0,3.0,4.0,7.0,4.0,197.0,368.0,0.0,0.0,0.9109375,0.125,128.0,100
0.0,3.0,4.0,7.0,4.0,197.0,368.0,0.0,0.0,0.9109375,0.125,128.0,500
0.0,3.0,4.0,7.0,4.0,197.0,368.0,0.0,0.0,0.9109375,0.125,256.0,5
0.0,3.0,4.0,7.0,4.0,197.0,368.0,0.0,0.0,0.9109375,0.125,256.0,10
0.0,3.0,4.0,7.0,4.0,197.0,368.0,0.0,0.0,0.9109375,0.125,256.0,15
0.0,3.0,4.0,7.0,4.0,197.0,368.0,0.0,0.0,0.9109375,0.125,256.0,20
0.0,3.0,4.0,7.0,4.0,197.0,368.0,0.0,0.0,0.9109375,0.125,256.0,30
0.0,3.0,4.0,7.0,4.0,197.0,368.0,0.0,0.0,0.9109375,0.125,256.0,40
0.0,3.0,4.0,7.0,4.0,197.0,368.0,0.0,0.0,0.9109375,0.125,256.0,50
0.0,3.0,4.0,7.0,4.0,197.0,368.0,0.0,0.0,0.9109375,0.125,256.0,100
0.0,3.0,4.0,7.0,4.0,197.0,368.0,0.0,0.0,0.9109375,0.125,256.0,500
0.0,3.0,3.0,5.0,3.0,152.0,256.0,0.0,0.0,0.7828125,0.125,512.0,5
0.0,3.0,3.0,5.0,3.0,152.0,256.0,0.0,0.0,0.7828125,0.125,512.0,10
0.0,3.0,3.0,5.0,3.0,152.0,256.0,0.0,0.0,0.7828125,0.125,512.0,15
0.0,3.0,3.0,5.0,3.0,152.0,256.0,0.0,0.0,0.7828125,0.125,512.0,20
0.0,3.0,3.0,5.0,3.0,152.0,256.0,0.0,0.0,0.7828125,0.125,512.0,30
0.0,3.0,3.0,5.0,3.0,152.0,256.0,0.0,0.0,0.7828125,0.125,512.0,40
0.0,3.0,3.0,5.0,3.0,152.0,256.0,0.0,0.0,0.7828125,0.125,512.0,50
0.0,3.0,3.0,5.0,3.0,152.0,256.0,0.0,0.0,0.7828125,0.125,512.0,100
0.0,3.0,3.0,5.0,3.0,152.0,256.0,0.0,0.0,0.7828125,0.125,512.0,500
0.0,3.0,2.0,3.0,2.0,92.0,144.0,0.0,0.0,0.53125,0.125,1024.0,5
0.0,3.0,2.0,3.0,2.0,92.0,144.0,0.0,0.0,0.53125,0.125,1024.0,10
0.0,3.0,2.0,3.0,2.0,92.0,144.0,0.0,0.0,0.53125,0.125,1024.0,15
0.0,3.0,2.0,3.0,2.0,92.0,144.0,0.0,0.0,0.53125,0.125,1024.0,20
0.0,3.0,2.0,3.0,2.0,92.0,144.0,0.0,0.0,0.53125,0.125,1024.0,30
0.0,3.0,2.0,3.0,2.0,92.0,144.0,0.0,0.0,0.53125,0.125,1024.0,40
0.0,3.0,2.0,3.0,2.0,92.0,144.0,0.0,0.0,0.53125,0.125,1024.0,50
0.0,3.0,2.0,3.0,2.0,92.0,144.0,0.0,0.0,0.53125,0.125,1024.0,100
0.0,3.0,2.0,3.0,2.0,92.0,144.0,0.0,0.0,0.53125,0.125,1024.0,500
0.0,3.0,2.0,3.0,2.0,92.0,144.0,0.0,0.0,0.53125,0.125,2048.0,5
0.0,3.0,2.0,3.0,2.0,92.0,144.0,0.0,0.0,0.53125,0.125,2048.0,10
0.0,3.0,2.0,3.0,2.0,92.0,144.0,0.0,0.0,0.53125,0.125,2048.0,15
0.0,3.0,2.0,3.0,2.0,92.0,144.0,0.0,0.0,0.53125,0.125,2048.0,20
0.0,3.0,2.0,3.0,2.0,92.0,144.0,0.0,0.0,0.53125,0.125,2048.0,30
0.0,3.0,2.0,3.0,2.0,92.0,144.0,0.0,0.0,0.53125,0.125,2048.0,40
0.0,3.0,2.0,3.0,2.0,92.0,144.0,0.0,0.0,0.53125,0.125,2048.0,50
0.0,3.0,2.0,3.0,2.0,92.0,144.0,0.0,0.0,0.53125,0.125,2048.0,100
0.0,3.0,2.0,3.0,2.0,92.0,144.0,0.0,0.0,0.53125,0.125,2048.0,500
0.0,3.0,2.0,3.0,2.0,92.0,144.0,0.0,0.0,0.53125,0.125,4096.0,5
0.0,3.0,2.0,3.0,2.0,92.0,144.0,0.0,0.0,0.53125,0.125,4096.0,10
0.0,3.0,2.0,3.0,2.0,92.0,144.0,0.0,0.0,0.53125,0.125,4096.0,15
0.0,3.0,2.0,3.0,2.0,92.0,144.0,0.0,0.0,0.53125,0.125,4096.0,20
0.0,3.0,2.0,3.0,2.0,92.0,144.0,0.0,0.0,0.53125,0.125,4096.0,30
0.0,3.0,2.0,3.0,2.0,92.0,144.0,0.0,0.0,0.53125,0.125,4096.0,40
0.0,3.0,2.0,3.0,2.0,92.0,144.0,0.0,0.0,0.53125,0.125,4096.0,50
0.0,3.0,2.0,3.0,2.0,92.0,144.0,0.0,0.0,0.53125,0.125,4096.0,100
0.0,3.0,2.0,3.0,2.0,92.0,144.0,0.0,0.0,0.53125,0.125,4096.0,500
0.0,3.0,2.0,3.0,2.0,92.0,144.0,0.0,0.0,0.53125,0.125,8192.0,5
0.0,3.0,2.0,3.0,2.0,92.0,144.0,0.0,0.0,0.53125,0.125,8192.0,10
0.0,3.0,2.0,3.0,2.0,92.0,144.0,0.0,0.0,0.53125,0.125,8192.0,15
0.0,3.0,2.0,3.0,2.0,92.0,144.0,0.0,0.0,0.53125,0.125,8192.0,20
0.0,3.0,2.0,3.0,2.0,92.0,144.0,0.0,0.0,0.53125,0.125,8192.0,30
0.0,3.0,2.0,3.0,2.0,92.0,144.0,0.0,0.0,0.53125,0.125,8192.0,40
0.0,3.0,2.0,3.0,2.0,92.0,144.0,0.0,0.0,0.53125,0.125,8192.0,50
0.0,3.0,2.0,3.0,2.0,92.0,144.0,0.0,0.0,0.53125,0.125,8192.0,100
0.0,3.0,2.0,3.0,2.0,92.0,144.0,0.0,0.0,0.53125,0.125,8192.0,500
0.0,3.0,2.0,3.0,2.0,92.0,144.0,0.0,0.0,0.53125,0.125,16384.0,5
0.0,3.0,2.0,3.0,2.0,92.0,144.0,0.0,0.0,0.53125,0.125,16384.0,10
0.0,3.0,2.0,3.0,2.0,92.0,144.0,0.0,0.0,0.53125,0.125,16384.0,15
0.0,3.0,2.0,3.0,2.0,92.0,144.0,0.0,0.0,0.53125,0.125,16384.0,20
0.0,3.0,2.0,3.0,2.0,92.0,144.0,0.0,0.0,0.53125,0.125,16384.0,30
0.0,3.0,2.0,3.0,2.0,92.0,144.0,0.0,0.0,0.53125,0.125,16384.0,40
0.0,3.0,2.0,3.0,2.0,92.0,144.0,0.0,0.0,0.53125,0.125,16384.0,50
0.0,3.0,2.0,3.0,2.0,92.0,144.0,0.0,0.0,0.53125,0.125,16384.0,100
0.0,3.0,2.0,3.0,2.0,92.0,144.0,0.0,0.0,0.53125,0.125,16384.0,500
0.0,3.0,2.0,3.0,2.0,92.0,144.0,0.0,0.0,0.53125,0.125,32768.0,5
0.0,3.0,2.0,3.0,2.0,92.0,144.0,0.0,0.0,0.53125,0.125,32768.0,10
0.0,3.0,2.0,3.0,2.0,92.0,144.0,0.0,0.0,0.53125,0.125,32768.0,15
0.0,3.0,2.0,3.0,2.0,92.0,144.0,0.0,0.0,0.53125,0.125,32768.0,20
0.0,3.0,2.0,3.0,2.0,92.0,144.0,0.0,0.0,0.53125,0.125,32768.0,30
0.0,3.0,2.0,3.0,2.0,92.0,144.0,0.0,0.0,0.53125,0.125,32768.0,40
0.0,3.0,2.0,3.0,2.0,92.0,144.0,0.0,0.0,0.53125,0.125,32768.0,50
0.0,3.0,2.0,3.0,2.0,92.0,144.0,0.0,0.0,0.53125,0.125,32768.0,100
0.0,3.0,2.0,3.0,2.0,92.0,144.0,0.0,0.0,0.53125,0.125,32768.0,500
4.0,3.0,4.0,23.0,20.0,961.0,1840.0,0.0,0.0,0.9109375,0.25,0.000976562,5
9.0,3.0,5.0,44.0,40.0,2048.0,3680.0,0.0,0.0,0.9109375,0.25,0.000976562,10
14.0,3.0,7.0,67.0,61.0,3105.0,5632.0,0.0,0.0,0.93125,0.25,0.000976562,15
19.0,3.0,7.0,92.0,86.0,4430.0,8032.0,0.0,0.0,0.93125,0.25,0.000976562,20
29.0,3.0,10.0,154.0,145.0,7654.0,13840.0,0.0,0.0,0.93125,0.25,0.000976562,30
39.0,3.0,14.0,213.0,199.0,10395.0,19088.0,0.0,0.0,0.9421875,0.25,0.000976562,40
49.0,3.0,16.0,267.0,251.0,13045.0,24112.0,0.0,0.0,0.94375,0.25,0.000976562,50
51.0,3.0,17.0,276.0,259.0,14283.0,24848.0,0.0,0.0,0.946875,0.25,0.000976562,100
51.0,3.0,17.0,276.0,259.0,14283.0,24848.0,0.0,0.0,0.946875,0.25,0.000976562,500
4.0,3.0,4.0,23.0,20.0,961.0,1840.0,0.0,0.0,0.9109375,0.25,0.00195312,5
9.0,3.0,5.0,44.0,40.0,2048.0,3680.0,0.0,0.0,0.9109375,0.25,0.00195312,10
14.0,3.0,7.0,67.0,61.0,3105.0,5632.0,0.0,0.0,0.93125,0.25,0.00195312,15
19.0,3.0,7.0,92.0,86.0,4430.0,8032.0,0.0,0.0,0.93125,0.25,0.00195312,20
29.0,3.0,10.0,154.0,145.0,7654.0,13840.0,0.0,0.0,0.93125,0.25,0.00195312,30
39.0,3.0,15.0,212.0,198.0,10373.0,18976.0,0.0,0.0,0.9359375,0.25,0.00195312,40
48.0,3.0,16.0,257.0,241.0,12624.0,23072.0,0.0,0.0,0.94375,0.25,0.00195312,50
48.0,3.0,16.0,257.0,241.0,12624.0,23072.0,0.0,0.0,0.94375,0.25,0.00195312,100
48.0,3.0,16.0,257.0,241.0,12624.0,23072.0,0.0,0.0,0.94375,0.25,0.00195312,500
4.0,3.0,4.0,23.0,20.0,961.0,1840.0,0.0,0.0,0.9109375,0.25,0.00390625,5
9.0,3.0,5.0,44.0,40.0,2048.0,3680.0,0.0,0.0,0.9109375,0.25,0.00390625,10
14.0,3.0,7.0,67.0,61.0,3105.0,5632.0,0.0,0.0,0.93125,0.25,0.00390625,15
19.0,3.0,7.0,92.0,86.0,4430.0,8032.0,0.0,0.0,0.93125,0.25,0.00390625,20
29.0,3.0,10.0,154.0,145.0,7654.0,13840.0,0.0,0.0,0.93125,0.25,0.00390625,30
39.0,3.0,15.0,212.0,198.0,10373.0,18976.0,0.0,0.0,0.9359375,0.25,0.00390625,40
47.0,3.0,16.0,251.0,235.0,12335.0,22480.0,0.0,0.0,0.94375,0.25,0.00390625,50
47.0,3.0,16.0,251.0,235.0,12335.0,22480.0,0.0,0.0,0.94375,0.25,0.00390625,100
47.0,3.0,16.0,251.0,235.0,12335.0,22480.0,0.0,0.0,0.94375,0.25,0.00390625,500
4.0,3.0,4.0,23.0,20.0,961.0,1840.0,0.0,0.0,0.9109375,0.25,0.0078125,5
9.0,3.0,5.0,44.0,40.0,2048.0,3680.0,0.0,0.0,0.9109375,0.25,0.0078125,10
14.0,3.0,7.0,67.0,61.0,3105.0,5632.0,0.0,0.0,0.93125,0.25,0.0078125,15
19.0,3.0,7.0,92.0,86.0,4430.0,8032.0,0.0,0.0,0.93125,0.25,0.0078125,20
29.0,3.0,10.0,154.0,145.0,7654.0,13840.0,0.0,0.0,0.93125,0.25,0.0078125,30
39.0,3.0,14.0,209.0,196.0,10295.0,18752.0,0.0,0.0,0.94375,0.25,0.0078125,40
46.0,3.0,15.0,246.0,231.0,12100.0,22112.0,0.0,0.0,0.94375,0.25,0.0078125,50
46.0,3.0,15.0,246.0,231.0,12100.0,22112.0,0.0,0.0,0.94375,0.25,0.0078125,100
46.0,3.0,15.0,246.0,231.0,12100.0,22112.0,0.0,0.0,0.94375,0.25,0.0078125,500
4.0,3.0,4.0,23.0,20.0,961.0,1840.0,0.0,0.0,0.9109375,0.25,0.015625,5
9.0,3.0,5.0,44.0,40.0,2048.0,3680.0,0.0,0.0,0.9109375,0.25,0.015625,10
14.0,3.0,7.0,67.0,61.0,3105.0,5632.0,0.0,0.0,0.93125,0.25,0.015625,15
19.0,3.0,7.0,92.0,86.0,4430.0,8032.0,0.0,0.0,0.93125,0.25,0.015625,20
29.0,3.0,10.0,154.0,145.0,7654.0,13840.0,0.0,0.0,0.93125,0.25,0.015625,30
39.0,3.0,14.0,206.0,193.0,10196.0,18416.0,0.0,0.0,0.94375,0.25,0.015625,40
42.0,3.0,14.0,220.0,206.0,10899.0,19632.0,0.0,0.0,0.94375,0.25,0.015625,50
42.0,3.0,14.0,220.0,206.0,10899.0,19632.0,0.0,0.0,0.94375,0.25,0.015625,100
42.0,3.0,14.0,220.0,206.0,10899.0,19632.0,0.0,0.0,0.94375,0.25,0.015625,500
4.0,3.0,4.0,23.0,20.0,961.0,1840.0,0.0,0.0,0.9109375,0.25,0.03125,5
9.0,3.0,5.0,44.0,40.0,2048.0,3680.0,0.0,0.0,0.9109375,0.25,0.03125,10
14.0,3.0,7.0,67.0,61.0,3105.0,5632.0,0.0,0.0,0.93125,0.25,0.03125,15
19.0,3.0,7.0,92.0,86.0,4430.0,8032.0,0.0,0.0,0.93125,0.25,0.03125,20
29.0,3.0,9.0,150.0,142.0,7543.0,13504.0,0.0,0.0,0.93125,0.25,0.03125,30
39.0,3.0,13.0,198.0,186.0,9953.0,17632.0,0.0,0.0,0.934375,0.25,0.03125,40
39.0,3.0,13.0,198.0,186.0,9953.0,17632.0,0.0,0.0,0.934375,0.25,0.03125,50
39.0,3.0,13.0,198.0,186.0,9953.0,17632.0,0.0,0.0,0.934375,0.25,0.03125,100
39.0,3.0,13.0,198.0,186.0,9953.0,17632.0,0.0,0.0,0.934375,0.25,0.03125,500
4.0,3.0,4.0,23.0,20.0,961.0,1840.0,0.0,0.0,0.9109375,0.25,0.0625,5
9.0,3.0,5.0,44.0,40.0,2048.0,3680.0,0.0,0.0,0.9109375,0.25,0.0625,10
14.0,3.0,7.0,67.0,61.0,3105.0,5632.0,0.0,0.0,0.93125,0.25,0.0625,15
19.0,3.0,7.0,92.0,86.0,4430.0,8032.0,0.0,0.0,0.93125,0.25,0.0625,20
29.0,3.0,9.0,150.0,141.0,7511.0,13392.0,0.0,0.0,0.93125,0.25,0.0625,30
33.0,3.0,10.0,169.0,159.0,8481.0,15088.0,0.0,0.0,0.93125,0.25,0.0625,40
33.0,3.0,10.0,169.0,159.0,8481.0,15088.0,0.0,0.0,0.93125,0.25,0.0625,50
33.0,3.0,10.0,169.0,159.0,8481.0,15088.0,0.0,0.0,0.93125,0.25,0.0625,100
33.0,3.0,10.0,169.0,159.0,8481.0,15088.0,0.0,0.0,0.93125,0.25,0.0625,500
4.0,3.0,4.0,23.0,20.0,961.0,1840.0,0.0,0.0,0.9109375,0.25,0.125,5
9.0,3.0,5.0,44.0,40.0,2048.0,3680.0,0.0,0.0,0.9109375,0.25,0.125,10
14.0,3.0,7.0,67.0,61.0,3105.0,5632.0,0.0,0.0,0.93125,0.25,0.125,15
19.0,3.0,7.0,92.0,86.0,4430.0,8032.0,0.0,0.0,0.93125,0.25,0.125,20
28.0,3.0,9.0,139.0,131.0,7089.0,12352.0,0.0,0.0,0.93125,0.25,0.125,30
28.0,3.0,9.0,139.0,131.0,7089.0,12352.0,0.0,0.0,0.93125,0.25,0.125,40
28.0,3.0,9.0,139.0,131.0,7089.0,12352.0,0.0,0.0,0.93125,0.25,0.125,50
28.0,3.0,9.0,139.0,131.0,7089.0,12352.0,0.0,0.0,0.93125,0.25,0.125,100
28.0,3.0,9.0,139.0,131.0,7089.0,12352.0,0.0,0.0,0.93125,0.25,0.125,500
4.0,3.0,4.0,23.0,20.0,961.0,1840.0,0.0,0.0,0.9109375,0.25,0.25,5
9.0,3.0,5.0,44.0,40.0,2048.0,3680.0,0.0,0.0,0.9109375,0.25,0.25,10
14.0,3.0,7.0,67.0,61.0,3105.0,5632.0,0.0,0.0,0.93125,0.25,0.25,15
19.0,3.0,7.0,91.0,85.0,4397.0,7920.0,0.0,0.0,0.93125,0.25,0.25,20
23.0,3.0,7.0,109.0,103.0,5295.0,9616.0,0.0,0.0,0.93125,0.25,0.25,30
23.0,3.0,7.0,109.0,103.0,5295.0,9616.0,0.0,0.0,0.93125,0.25,0.25,40
23.0,3.0,7.0,109.0,103.0,5295.0,9616.0,0.0,0.0,0.93125,0.25,0.25,50
23.0,3.0,7.0,109.0,103.0,5295.0,9616.0,0.0,0.0,0.93125,0.25,0.25,100
23.0,3.0,7.0,109.0,103.0,5295.0,9616.0,0.0,0.0,0.93125,0.25,0.25,500
4.0,3.0,4.0,23.0,20.0,961.0,1840.0,0.0,0.0,0.9109375,0.25,0.5,5
9.0,3.0,5.0,44.0,40.0,2048.0,3680.0,0.0,0.0,0.9109375,0.25,0.5,10
14.0,3.0,7.0,67.0,61.0,3105.0,5632.0,0.0,0.0,0.93125,0.25,0.5,15
19.0,3.0,7.0,91.0,85.0,4397.0,7920.0,0.0,0.0,0.93125,0.25,0.5,20
19.0,3.0,7.0,91.0,85.0,4397.0,7920.0,0.0,0.0,0.93125,0.25,0.5,30
19.0,3.0,7.0,91.0,85.0,4397.0,7920.0,0.0,0.0,0.93125,0.25,0.5,40
19.0,3.0,7.0,91.0,85.0,4397.0,7920.0,0.0,0.0,0.93125,0.25,0.5,50
19.0,3.0,7.0,91.0,85.0,4397.0,7920.0,0.0,0.0,0.93125,0.25,0.5,100
19.0,3.0,7.0,91.0,85.0,4397.0,7920.0,0.0,0.0,0.93125,0.25,0.5,500
4.0,3.0,4.0,23.0,20.0,961.0,1840.0,0.0,0.0,0.9109375,0.25,1.0,5
9.0,3.0,5.0,44.0,40.0,2048.0,3680.0,0.0,0.0,0.9109375,0.25,1.0,10
14.0,3.0,7.0,67.0,61.0,3105.0,5632.0,0.0,0.0,0.93125,0.25,1.0,15
14.0,3.0,7.0,67.0,61.0,3105.0,5632.0,0.0,0.0,0.93125,0.25,1.0,20
14.0,3.0,7.0,67.0,61.0,3105.0,5632.0,0.0,0.0,0.93125,0.25,1.0,30
14.0,3.0,7.0,67.0,61.0,3105.0,5632.0,0.0,0.0,0.93125,0.25,1.0,40
14.0,3.0,7.0,67.0,61.0,3105.0,5632.0,0.0,0.0,0.93125,0.25,1.0,50
14.0,3.0,7.0,67.0,61.0,3105.0,5632.0,0.0,0.0,0.93125,0.25,1.0,100
14.0,3.0,7.0,67.0,61.0,3105.0,5632.0,0.0,0.0,0.93125,0.25,1.0,500
4.0,3.0,4.0,23.0,20.0,961.0,1840.0,0.0,0.0,0.9109375,0.25,2.0,5
9.0,3.0,5.0,44.0,40.0,2048.0,3680.0,0.0,0.0,0.9109375,0.25,2.0,10
11.0,3.0,6.0,54.0,49.0,2493.0,4528.0,0.0,0.0,0.93125,0.25,2.0,15
11.0,3.0,6.0,54.0,49.0,2493.0,4528.0,0.0,0.0,0.93125,0.25,2.0,20
11.0,3.0,6.0,54.0,49.0,2493.0,4528.0,0.0,0.0,0.93125,0.25,2.0,30
11.0,3.0,6.0,54.0,49.0,2493.0,4528.0,0.0,0.0,0.93125,0.25,2.0,40
11.0,3.0,6.0,54.0,49.0,2493.0,4528.0,0.0,0.0,0.93125,0.25,2.0,50
11.0,3.0,6.0,54.0,49.0,2493.0,4528.0,0.0,0.0,0.93125,0.25,2.0,100
11.0,3.0,6.0,54.0,49.0,2493.0,4528.0,0.0,0.0,0.93125,0.25,2.0,500
4.0,3.0,4.0,23.0,20.0,961.0,1840.0,0.0,0.0,0.9109375,0.25,4.0,5
7.0,3.0,5.0,36.0,32.0,1584.0,2944.0,0.0,0.0,0.9109375,0.25,4.0,10
7.0,3.0,5.0,36.0,32.0,1584.0,2944.0,0.0,0.0,0.9109375,0.25,4.0,15
7.0,3.0,5.0,36.0,32.0,1584.0,2944.0,0.0,0.0,0.9109375,0.25,4.0,20
7.0,3.0,5.0,36.0,32.0,1584.0,2944.0,0.0,0.0,0.9109375,0.25,4.0,30
7.0,3.0,5.0,36.0,32.0,1584.0,2944.0,0.0,0.0,0.9109375,0.25,4.0,40
7.0,3.0,5.0,36.0,32.0,1584.0,2944.0,0.0,0.0,0.9109375,0.25,4.0,50
7.0,3.0,5.0,36.0,32.0,1584.0,2944.0,0.0,0.0,0.9109375,0.25,4.0,100
7.0,3.0,5.0,36.0,32.0,1584.0,2944.0,0.0,0.0,0.9109375,0.25,4.0,500
4.0,3.0,4.0,23.0,20.0,961.0,1840.0,0.0,0.0,0.9109375,0.25,8.0,5
5.0,3.0,4.0,27.0,24.0,1146.0,2208.0,0.0,0.0,0.9109375,0.25,8.0,10
5.0,3.0,4.0,27.0,24.0,1146.0,2208.0,0.0,0.0,0.9109375,0.25,8.0,15
5.0,3.0,4.0,27.0,24.0,1146.0,2208.0,0.0,0.0,0.9109375,0.25,8.0,20
5.0,3.0,4.0,27.0,24.0,1146.0,2208.0,0.0,0.0,0.9109375,0.25,8.0,30
5.0,3.0,4.0,27.0,24.0,1146.0,2208.0,0.0,0.0,0.9109375,0.25,8.0,40
5.0,3.0,4.0,27.0,24.0,1146.0,2208.0,0.0,0.0,0.9109375,0.25,8.0,50
5.0,3.0,4.0,27.0,24.0,1146.0,2208.0,0.0,0.0,0.9109375,0.25,8.0,100
5.0,3.0,4.0,27.0,24.0,1146.0,2208.0,0.0,0.0,0.9109375,0.25,8.0,500
3.0,3.0,4.0,19.0,16.0,744.0,1472.0,0.0,0.0,0.9109375,0.25,16.0,5
3.0,3.0,4.0,19.0,16.0,744.0,1472.0,0.0,0.0,0.9109375,0.25,16.0,10
3.0,3.0,4.0,19.0,16.0,744.0,1472.0,0.0,0.0,0.9109375,0.25,16.0,15
3.0,3.0,4.0,19.0,16.0,744.0,1472.0,0.0,0.0,0.9109375,0.25,16.0,20
3.0,3.0,4.0,19.0,16.0,744.0,1472.0,0.0,0.0,0.9109375,0.25,16.0,30
3.0,3.0,4.0,19.0,16.0,744.0,1472.0,0.0,0.0,0.9109375,0.25,16.0,40
3.0,3.0,4.0,19.0,16.0,744.0,1472.0,0.0,0.0,0.9109375,0.25,16.0,50
3.0,3.0,4.0,19.0,16.0,744.0,1472.0,0.0,0.0,0.9109375,0.25,16.0,100
3.0,3.0,4.0,19.0,16.0,744.0,1472.0,0.0,0.0,0.9109375,0.25,16.0,500
2.0,3.0,4.0,15.0,12.0,567.0,1104.0,0.0,0.0,0.9109375,0.25,32.0,5
2.0,3.0,4.0,15.0,12.0,567.0,1104.0,0.0,0.0,0.9109375,0.25,32.0,10
2.0,3.0,4.0,15.0,12.0,567.0,1104.0,0.0,0.0,0.9109375,0.25,32.0,15
2.0,3.0,4.0,15.0,12.0,567.0,1104.0,0.0,0.0,0.9109375,0.25,32.0,20
2.0,3.0,4.0,15.0,12.0,567.0,1104.0,0.0,0.0,0.9109375,0.25,32.0,30
2.0,3.0,4.0,15.0,12.0,567.0,1104.0,0.0,0.0,0.9109375,0.25,32.0,40
2.0,3.0,4.0,15.0,12.0,567.0,1104.0,0.0,0.0,0.9109375,0.25,32.0,50
2.0,3.0,4.0,15.0,12.0,567.0,1104.0,0.0,0.0,0.9109375,0.25,32.0,100
2.0,3.0,4.0,15.0,12.0,567.0,1104.0,0.0,0.0,0.9109375,0.25,32.0,500
0.0,3.0,4.0,7.0,4.0,197.0,368.0,0.0,0.0,0.9109375,0.25,64.0,5
0.0,3.0,4.0,7.0,4.0,197.0,368.0,0.0,0.0,0.9109375,0.25,64.0,10
0.0,3.0,4.0,7.0,4.0,197.0,368.0,0.0,0.0,0.9109375,0.25,64.0,15
0.0,3.0,4.0,7.0,4.0,197.0,368.0,0.0,0.0,0.9109375,0.25,64.0,20
0.0,3.0,4.0,7.0,4.0,197.0,368.0,0.0,0.0,0.9109375,0.25,64.0,30
0.0,3.0,4.0,7.0,4.0,197.0,368.0,0.0,0.0,0.9109375,0.25,64.0,40
0.0,3.0,4.0,7.0,4.0,197.0,368.0,0.0,0.0,0.9109375,0.25,64.0,50
0.0,3.0,4.0,7.0,4.0,197.0,368.0,0.0,0.0,0.9109375,0.25,64.0,100
0.0,3.0,4.0,7.0,4.0,197.0,368.0,0.0,0.0,0.9109375,0.25,64.0,500
0.0,3.0,4.0,7.0,4.0,197.0,368.0,0.0,0.0,0.9109375,0.25,128.0,5
0.0,3.0,4.0,7.0,4.0,197.0,368.0,0.0,0.0,0.9109375,0.25,128.0,10
0.0,3.0,4.0,7.0,4.0,197.0,368.0,0.0,0.0,0.9109375,0.25,128.0,15
0.0,3.0,4.0,7.0,4.0,197.0,368.0,0.0,0.0,0.9109375,0.25,128.0,20
0.0,3.0,4.0,7.0,4.0,197.0,368.0,0.0,0.0,0.9109375,0.25,128.0,30
0.0,3.0,4.0,7.0,4.0,197.0,368.0,0.0,0.0,0.9109375,0.25,128.0,40
0.0,3.0,4.0,7.0,4.0,197.0,368.0,0.0,0.0,0.9109375,0.25,128.0,50
0.0,3.0,4.0,7.0,4.0,197.0,368.0,0.0,0.0,0.9109375,0.25,128.0,100
0.0,3.0,4.0,7.0,4.0,197.0,368.0,0.0,0.0,0.9109375,0.25,128.0,500
0.0,3.0,4.0,7.0,4.0,197.0,368.0,0.0,0.0,0.9109375,0.25,256.0,5
0.0,3.0,4.0,7.0,4.0,197.0,368.0,0.0,0.0,0.9109375,0.25,256.0,10
0.0,3.0,4.0,7.0,4.0,197.0,368.0,0.0,0.0,0.9109375,0.25,256.0,15
0.0,3.0,4.0,7.0,4.0,197.0,368.0,0.0,0.0,0.9109375,0.25,256.0,20
0.0,3.0,4.0,7.0,4.0,197.0,368.0,0.0,0.0,0.9109375,0.25,256.0,30
0.0,3.0,4.0,7.0,4.0,197.0,368.0,0.0,0.0,0.9109375,0.25,256.0,40
0.0,3.0,4.0,7.0,4.0,197.0,368.0,0.0,0.0,0.9109375,0.25,256.0,50
0.0,3.0,4.0,7.0,4.0,197.0,368.0,0.0,0.0,0.9109375,0.25,256.0,100
0.0,3.0,4.0,7.0,4.0,197.0,368.0,0.0,0.0,0.9109375,0.25,256.0,500
0.0,3.0,3.0,5.0,3.0,152.0,256.0,0.0,0.0,0.7828125,0.25,512.0,5
0.0,3.0,3.0,5.0,3.0,152.0,256.0,0.0,0.0,0.7828125,0.25,512.0,10
0.0,3.0,3.0,5.0,3.0,152.0,256.0,0.0,0.0,0.7828125,0.25,512.0,15
0.0,3.0,3.0,5.0,3.0,152.0,256.0,0.0,0.0,0.7828125,0.25,512.0,20
0.0,3.0,3.0,5.0,3.0,152.0,256.0,0.0,0.0,0.7828125,0.25,512.0,30
0.0,3.0,3.0,5.0,3.0,152.0,256.0,0.0,0.0,0.7828125,0.25,512.0,40
0.0,3.0,3.0,5.0,3.0,152.0,256.0,0.0,0.0,0.7828125,0.25,512.0,50
0.0,3.0,3.0,5.0,3.0,152.0,256.0,0.0,0.0,0.7828125,0.25,512.0,100
0.0,3.0,3.0,5.0,3.0,152.0,256.0,0.0,0.0,0.7828125,0.25,512.0,500
0.0,3.0,2.0,3.0,2.0,92.0,144.0,0.0,0.0,0.53125,0.25,1024.0,5
0.0,3.0,2.0,3.0,2.0,92.0,144.0,0.0,0.0,0.53125,0.25,1024.0,10
0.0,3.0,2.0,3.0,2.0,92.0,144.0,0.0,0.0,0.53125,0.25,1024.0,15
0.0,3.0,2.0,3.0,2.0,92.0,144.0,0.0,0.0,0.53125,0.25,1024.0,20
0.0,3.0,2.0,3.0,2.0,92.0,144.0,0.0,0.0,0.53125,0.25,1024.0,30
0.0,3.0,2.0,3.0,2.0,92.0,144.0,0.0,0.0,0.53125,0.25,1024.0,40
0.0,3.0,2.0,3.0,2.0,92.0,144.0,0.0,0.0,0.53125,0.25,1024.0,50
0.0,3.0,2.0,3.0,2.0,92.0,144.0,0.0,0.0,0.53125,0.25,1024.0,100
0.0,3.0,2.0,3.0,2.0,92.0,144.0,0.0,0.0,0.53125,0.25,1024.0,500
0.0,3.0,2.0,3.0,2.0,92.0,144.0,0.0,0.0,0.53125,0.25,2048.0,5
0.0,3.0,2.0,3.0,2.0,92.0,144.0,0.0,0.0,0.53125,0.25,2048.0,10
0.0,3.0,2.0,3.0,2.0,92.0,144.0,0.0,0.0,0.53125,0.25,2048.0,15
0.0,3.0,2.0,3.0,2.0,92.0,144.0,0.0,0.0,0.53125,0.25,2048.0,20
0.0,3.0,2.0,3.0,2.0,92.0,144.0,0.0,0.0,0.53125,0.25,2048.0,30
0.0,3.0,2.0,3.0,2.0,92.0,144.0,0.0,0.0,0.53125,0.25,2048.0,40
0.0,3.0,2.0,3.0,2.0,92.0,144.0,0.0,0.0,0.53125,0.25,2048.0,50
0.0,3.0,2.0,3.0,2.0,92.0,144.0,0.0,0.0,0.53125,0.25,2048.0,100
0.0,3.0,2.0,3.0,2.0,92.0,144.0,0.0,0.0,0.53125,0.25,2048.0,500
0.0,3.0,2.0,3.0,2.0,92.0,144.0,0.0,0.0,0.53125,0.25,4096.0,5
0.0,3.0,2.0,3.0,2.0,92.0,144.0,0.0,0.0,0.53125,0.25,4096.0,10
0.0,3.0,2.0,3.0,2.0,92.0,144.0,0.0,0.0,0.53125,0.25,4096.0,15
0.0,3.0,2.0,3.0,2.0,92.0,144.0,0.0,0.0,0.53125,0.25,4096.0,20
0.0,3.0,2.0,3.0,2.0,92.0,144.0,0.0,0.0,0.53125,0.25,4096.0,30
0.0,3.0,2.0,3.0,2.0,92.0,144.0,0.0,0.0,0.53125,0.25,4096.0,40
0.0,3.0,2.0,3.0,2.0,92.0,144.0,0.0,0.0,0.53125,0.25,4096.0,50
0.0,3.0,2.0,3.0,2.0,92.0,144.0,0.0,0.0,0.53125,0.25,4096.0,100
0.0,3.0,2.0,3.0,2.0,92.0,144.0,0.0,0.0,0.53125,0.25,4096.0,500
0.0,3.0,2.0,3.0,2.0,92.0,144.0,0.0,0.0,0.53125,0.25,8192.0,5
0.0,3.0,2.0,3.0,2.0,92.0,144.0,0.0,0.0,0.53125,0.25,8192.0,10
0.0,3.0,2.0,3.0,2.0,92.0,144.0,0.0,0.0,0.53125,0.25,8192.0,15
0.0,3.0,2.0,3.0,2.0,92.0,144.0,0.0,0.0,0.53125,0.25,8192.0,20
0.0,3.0,2.0,3.0,2.0,92.0,144.0,0.0,0.0,0.53125,0.25,8192.0,30
0.0,3.0,2.0,3.0,2.0,92.0,144.0,0.0,0.0,0.53125,0.25,8192.0,40
0.0,3.0,2.0,3.0,2.0,92.0,144.0,0.0,0.0,0.53125,0.25,8192.0,50
0.0,3.0,2.0,3.0,2.0,92.0,144.0,0.0,0.0,0.53125,0.25,8192.0,100
0.0,3.0,2.0,3.0,2.0,92.0,144.0,0.0,0.0,0.53125,0.25,8192.0,500
0.0,3.0,2.0,3.0,2.0,92.0,144.0,0.0,0.0,0.53125,0.25,16384.0,5
0.0,3.0,2.0,3.0,2.0,92.0,144.0,0.0,0.0,0.53125,0.25,16384.0,10
0.0,3.0,2.0,3.0,2.0,92.0,144.0,0.0,0.0,0.53125,0.25,16384.0,15
0.0,3.0,2.0,3.0,2.0,92.0,144.0,0.0,0.0,0.53125,0.25,16384.0,20
0.0,3.0,2.0,3.0,2.0,92.0,144.0,0.0,0.0,0.53125,0.25,16384.0,30
0.0,3.0,2.0,3.0,2.0,92.0,144.0,0.0,0.0,0.53125,0.25,16384.0,40
0.0,3.0,2.0,3.0,2.0,92.0,144.0,0.0,0.0,0.53125,0.25,16384.0,50
0.0,3.0,2.0,3.0,2.0,92.0,144.0,0.0,0.0,0.53125,0.25,16384.0,100
0.0,3.0,2.0,3.0,2.0,92.0,144.0,0.0,0.0,0.53125,0.25,16384.0,500
0.0,3.0,2.0,3.0,2.0,92.0,144.0,0.0,0.0,0.53125,0.25,32768.0,5
0.0,3.0,2.0,3.0,2.0,92.0,144.0,0.0,0.0,0.53125,0.25,32768.0,10
0.0,3.0,2.0,3.0,2.0,92.0,144.0,0.0,0.0,0.53125,0.25,32768.0,15
0.0,3.0,2.0,3.0,2.0,92.0,144.0,0.0,0.0,0.53125,0.25,32768.0,20
0.0,3.0,2.0,3.0,2.0,92.0,144.0,0.0,0.0,0.53125,0.25,32768.0,30
0.0,3.0,2.0,3.0,2.0,92.0,144.0,0.0,0.0,0.53125,0.25,32768.0,40
0.0,3.0,2.0,3.0,2.0,92.0,144.0,0.0,0.0,0.53125,0.25,32768.0,50
0.0,3.0,2.0,3.0,2.0,92.0,144.0,0.0,0.0,0.53125,0.25,32768.0,100
0.0,3.0,2.0,3.0,2.0,92.0,144.0,0.0,0.0,0.53125,0.25,32768.0,500
4.0,3.0,4.0,23.0,20.0,961.0,1840.0,0.0,0.0,0.9109375,0.5,0.000976562,5
9.0,3.0,5.0,44.0,40.0,2048.0,3680.0,0.0,0.0,0.9109375,0.5,0.000976562,10
14.0,3.0,7.0,67.0,61.0,3105.0,5632.0,0.0,0.0,0.93125,0.5,0.000976562,15
19.0,3.0,7.0,92.0,86.0,4430.0,8032.0,0.0,0.0,0.93125,0.5,0.000976562,20
29.0,3.0,9.0,145.0,137.0,7378.0,12944.0,0.0,0.0,0.93125,0.5,0.000976562,30
36.0,3.0,12.0,175.0,164.0,8942.0,15408.0,0.0,0.0,0.934375,0.5,0.000976562,40
36.0,3.0,12.0,175.0,164.0,8942.0,15408.0,0.0,0.0,0.934375,0.5,0.000976562,50
36.0,3.0,12.0,175.0,164.0,8942.0,15408.0,0.0,0.0,0.934375,0.5,0.000976562,100
36.0,3.0,12.0,175.0,164.0,8942.0,15408.0,0.0,0.0,0.934375,0.5,0.000976562,500
4.0,3.0,4.0,23.0,20.0,961.0,1840.0,0.0,0.0,0.9109375,0.5,0.00195312,5
9.0,3.0,5.0,44.0,40.0,2048.0,3680.0,0.0,0.0,0.9109375,0.5,0.00195312,10
14.0,3.0,7.0,67.0,61.0,3105.0,5632.0,0.0,0.0,0.93125,0.5,0.00195312,15
19.0,3.0,7.0,92.0,86.0,4430.0,8032.0,0.0,0.0,0.93125,0.5,0.00195312,20
29.0,3.0,9.0,145.0,137.0,7378.0,12944.0,0.0,0.0,0.93125,0.5,0.00195312,30
36.0,3.0,12.0,175.0,164.0,8942.0,15408.0,0.0,0.0,0.934375,0.5,0.00195312,40
36.0,3.0,12.0,175.0,164.0,8942.0,15408.0,0.0,0.0,0.934375,0.5,0.00195312,50
36.0,3.0,12.0,175.0,164.0,8942.0,15408.0,0.0,0.0,0.934375,0.5,0.00195312,100
36.0,3.0,12.0,175.0,164.0,8942.0,15408.0,0.0,0.0,0.934375,0.5,0.00195312,500
4.0,3.0,4.0,23.0,20.0,961.0,1840.0,0.0,0.0,0.9109375,0.5,0.00390625,5
9.0,3.0,5.0,44.0,40.0,2048.0,3680.0,0.0,0.0,0.9109375,0.5,0.00390625,10
14.0,3.0,7.0,67.0,61.0,3105.0,5632.0,0.0,0.0,0.93125,0.5,0.00390625,15
19.0,3.0,7.0,92.0,86.0,4430.0,8032.0,0.0,0.0,0.93125,0.5,0.00390625,20
29.0,3.0,9.0,145.0,137.0,7378.0,12944.0,0.0,0.0,0.93125,0.5,0.00390625,30
35.0,3.0,12.0,173.0,162.0,8785.0,15264.0,0.0,0.0,0.934375,0.5,0.00390625,40
35.0,3.0,12.0,173.0,162.0,8785.0,15264.0,0.0,0.0,0.934375,0.5,0.00390625,50
35.0,3.0,12.0,173.0,162.0,8785.0,15264.0,0.0,0.0,0.934375,0.5,0.00390625,100
35.0,3.0,12.0,173.0,162.0,8785.0,15264.0,0.0,0.0,0.934375,0.5,0.00390625,500
4.0,3.0,4.0,23.0,20.0,961.0,1840.0,0.0,0.0,0.9109375,0.5,0.0078125,5
9.0,3.0,5.0,44.0,40.0,2048.0,3680.0,0.0,0.0,0.9109375,0.5,0.0078125,10
14.0,3.0,7.0,67.0,61.0,3105.0,5632.0,0.0,0.0,0.93125,0.5,0.0078125,15
19.0,3.0,7.0,92.0,86.0,4430.0,8032.0,0.0,0.0,0.93125,0.5,0.0078125,20
29.0,3.0,9.0,145.0,137.0,7378.0,12944.0,0.0,0.0,0.93125,0.5,0.0078125,30
36.0,3.0,12.0,172.0,161.0,8843.0,15072.0,0.0,0.0,0.93125,0.5,0.0078125,40
36.0,3.0,12.0,172.0,161.0,8843.0,15072.0,0.0,0.0,0.93125,0.5,0.0078125,50
36.0,3.0,12.0,172.0,161.0,8843.0,15072.0,0.0,0.0,0.93125,0.5,0.0078125,100
36.0,3.0,12.0,172.0,161.0,8843.0,15072.0,0.0,0.0,0.93125,0.5,0.0078125,500
4.0,3.0,4.0,23.0,20.0,961.0,1840.0,0.0,0.0,0.9109375,0.5,0.015625,5
9.0,3.0,5.0,44.0,40.0,2048.0,3680.0,0.0,0.0,0.9109375,0.5,0.015625,10
14.0,3.0,7.0,67.0,61.0,3105.0,5632.0,0.0,0.0,0.93125,0.5,0.015625,15
19.0,3.0,7.0,92.0,86.0,4430.0,8032.0,0.0,0.0,0.93125,0.5,0.015625,20
29.0,3.0,9.0,145.0,137.0,7378.0,12944.0,0.0,0.0,0.93125,0.5,0.015625,30
35.0,3.0,10.0,166.0,157.0,8596.0,14704.0,0.0,0.0,0.93125,0.5,0.015625,40
35.0,3.0,10.0,166.0,157.0,8596.0,14704.0,0.0,0.0,0.93125,0.5,0.015625,50
35.0,3.0,10.0,166.0,157.0,8596.0,14704.0,0.0,0.0,0.93125,0.5,0.015625,100
35.0,3.0,10.0,166.0,157.0,8596.0,14704.0,0.0,0.0,0.93125,0.5,0.015625,500
4.0,3.0,4.0,23.0,20.0,961.0,1840.0,0.0,0.0,0.9109375,0.5,0.03125,5
9.0,3.0,5.0,44.0,40.0,2048.0,3680.0,0.0,0.0,0.9109375,0.5,0.03125,10
14.0,3.0,7.0,67.0,61.0,3105.0,5632.0,0.0,0.0,0.93125,0.5,0.03125,15
19.0,3.0,7.0,92.0,86.0,4430.0,8032.0,0.0,0.0,0.93125,0.5,0.03125,20
29.0,3.0,9.0,145.0,137.0,7378.0,12944.0,0.0,0.0,0.93125,0.5,0.03125,30
31.0,3.0,9.0,151.0,143.0,7758.0,13456.0,0.0,0.0,0.93125,0.5,0.03125,40
31.0,3.0,9.0,151.0,143.0,7758.0,13456.0,0.0,0.0,0.93125,0.5,0.03125,50
31.0,3.0,9.0,151.0,143.0,7758.0,13456.0,0.0,0.0,0.93125,0.5,0.03125,100
31.0,3.0,9.0,151.0,143.0,7758.0,13456.0,0.0,0.0,0.93125,0.5,0.03125,500
4.0,3.0,4.0,23.0,20.0,961.0,1840.0,0.0,0.0,0.9109375,0.5,0.0625,5
9.0,3.0,5.0,44.0,40.0,2048.0,3680.0,0.0,0.0,0.9109375,0.5,0.0625,10
14.0,3.0,7.0,67.0,61.0,3105.0,5632.0,0.0,0.0,0.93125,0.5,0.0625,15
19.0,3.0,7.0,92.0,86.0,4430.0,8032.0,0.0,0.0,0.93125,0.5,0.0625,20
29.0,3.0,8.0,140.0,133.0,7024.0,12496.0,0.0,0.0,0.93125,0.5,0.0625,30
29.0,3.0,8.0,140.0,133.0,7024.0,12496.0,0.0,0.0,0.93125,0.5,0.0625,40
29.0,3.0,8.0,140.0,133.0,7024.0,12496.0,0.0,0.0,0.93125,0.5,0.0625,50
29.0,3.0,8.0,140.0,133.0,7024.0,12496.0,0.0,0.0,0.93125,0.5,0.0625,100
29.0,3.0,8.0,140.0,133.0,7024.0,12496.0,0.0,0.0,0.93125,0.5,0.0625,500
4.0,3.0,4.0,23.0,20.0,961.0,1840.0,0.0,0.0,0.9109375,0.5,0.125,5
9.0,3.0,5.0,44.0,40.0,2048.0,3680.0,0.0,0.0,0.9109375,0.5,0.125,10
14.0,3.0,7.0,67.0,61.0,3105.0,5632.0,0.0,0.0,0.93125,0.5,0.125,15
19.0,3.0,7.0,92.0,86.0,4430.0,8032.0,0.0,0.0,0.93125,0.5,0.125,20
25.0,3.0,8.0,122.0,115.0,5886.0,10800.0,0.0,0.0,0.93125,0.5,0.125,30
25.0,3.0,8.0,122.0,115.0,5886.0,10800.0,0.0,0.0,0.93125,0.5,0.125,40
25.0,3.0,8.0,122.0,115.0,5886.0,10800.0,0.0,0.0,0.93125,0.5,0.125,50
25.0,3.0,8.0,122.0,115.0,5886.0,10800.0,0.0,0.0,0.93125,0.5,0.125,100
25.0,3.0,8.0,122.0,115.0,5886.0,10800.0,0.0,0.0,0.93125,0.5,0.125,500
4.0,3.0,4.0,23.0,20.0,961.0,1840.0,0.0,0.0,0.9109375,0.5,0.25,5
9.0,3.0,5.0,44.0,40.0,2048.0,3680.0,0.0,0.0,0.9109375,0.5,0.25,10
14.0,3.0,7.0,67.0,61.0,3105.0,5632.0,0.0,0.0,0.93125,0.5,0.25,15
19.0,3.0,7.0,91.0,85.0,4397.0,7920.0,0.0,0.0,0.93125,0.5,0.25,20
21.0,3.0,7.0,99.0,93.0,4813.0,8656.0,0.0,0.0,0.93125,0.5,0.25,30
21.0,3.0,7.0,99.0,93.0,4813.0,8656.0,0.0,0.0,0.93125,0.5,0.25,40
21.0,3.0,7.0,99.0,93.0,4813.0,8656.0,0.0,0.0,0.93125,0.5,0.25,50
21.0,3.0,7.0,99.0,93.0,4813.0,8656.0,0.0,0.0,0.93125,0.5,0.25,100
21.0,3.0,7.0,99.0,93.0,4813.0,8656.0,0.0,0.0,0.93125,0.5,0.25,500
4.0,3.0,4.0,23.0,20.0,961.0,1840.0,0.0,0.0,0.9109375,0.5,0.5,5
9.0,3.0,5.0,44.0,40.0,2048.0,3680.0,0.0,0.0,0.9109375,0.5,0.5,10
14.0,3.0,7.0,67.0,61.0,3105.0,5632.0,0.0,0.0,0.93125,0.5,0.5,15
17.0,3.0,7.0,81.0,75.0,3915.0,6960.0,0.0,0.0,0.93125,0.5,0.5,20
17.0,3.0,7.0,81.0,75.0,3915.0,6960.0,0.0,0.0,0.93125,0.5,0.5,30
17.0,3.0,7.0,81.0,75.0,3915.0,6960.0,0.0,0.0,0.93125,0.5,0.5,40
17.0,3.0,7.0,81.0,75.0,3915.0,6960.0,0.0,0.0,0.93125,0.5,0.5,50
17.0,3.0,7.0,81.0,75.0,3915.0,6960.0,0.0,0.0,0.93125,0.5,0.5,100
17.0,3.0,7.0,81.0,75.0,3915.0,6960.0,0.0,0.0,0.93125,0.5,0.5,500
4.0,3.0,4.0,23.0,20.0,961.0,1840.0,0.0,0.0,0.9109375,0.5,1.0,5
9.0,3.0,5.0,44.0,40.0,2048.0,3680.0,0.0,0.0,0.9109375,0.5,1.0,10
13.0,3.0,6.0,62.0,57.0,2893.0,5264.0,0.0,0.0,0.93125,0.5,1.0,15
13.0,3.0,6.0,62.0,57.0,2893.0,5264.0,0.0,0.0,0.93125,0.5,1.0,20
13.0,3.0,6.0,62.0,57.0,2893.0,5264.0,0.0,0.0,0.93125,0.5,1.0,30
13.0,3.0,6.0,62.0,57.0,2893.0,5264.0,0.0,0.0,0.93125,0.5,1.0,40
13.0,3.0,6.0,62.0,57.0,2893.0,5264.0,0.0,0.0,0.93125,0.5,1.0,50
13.0,3.0,6.0,62.0,57.0,2893.0,5264.0,0.0,0.0,0.93125,0.5,1.0,100
13.0,3.0,6.0,62.0,57.0,2893.0,5264.0,0.0,0.0,0.93125,0.5,1.0,500
4.0,3.0,4.0,23.0,20.0,961.0,1840.0,0.0,0.0,0.9109375,0.5,2.0,5
9.0,3.0,5.0,44.0,40.0,2048.0,3680.0,0.0,0.0,0.9109375,0.5,2.0,10
10.0,3.0,5.0,49.0,45.0,2281.0,4160.0,0.0,0.0,0.9109375,0.5,2.0,15
10.0,3.0,5.0,49.0,45.0,2281.0,4160.0,0.0,0.0,0.9109375,0.5,2.0,20
10.0,3.0,5.0,49.0,45.0,2281.0,4160.0,0.0,0.0,0.9109375,0.5,2.0,30
10.0,3.0,5.0,49.0,45.0,2281.0,4160.0,0.0,0.0,0.9109375,0.5,2.0,40
10.0,3.0,5.0,49.0,45.0,2281.0,4160.0,0.0,0.0,0.9109375,0.5,2.0,50
10.0,3.0,5.0,49.0,45.0,2281.0,4160.0,0.0,0.0,0.9109375,0.5,2.0,100
10.0,3.0,5.0,49.0,45.0,2281.0,4160.0,0.0,0.0,0.9109375,0.5,2.0,500
4.0,3.0,4.0,23.0,20.0,961.0,1840.0,0.0,0.0,0.9109375,0.5,4.0,5
7.0,3.0,5.0,36.0,32.0,1584.0,2944.0,0.0,0.0,0.9109375,0.5,4.0,10
7.0,3.0,5.0,36.0,32.0,1584.0,2944.0,0.0,0.0,0.9109375,0.5,4.0,15
7.0,3.0,5.0,36.0,32.0,1584.0,2944.0,0.0,0.0,0.9109375,0.5,4.0,20
7.0,3.0,5.0,36.0,32.0,1584.0,2944.0,0.0,0.0,0.9109375,0.5,4.0,30
7.0,3.0,5.0,36.0,32.0,1584.0,2944.0,0.0,0.0,0.9109375,0.5,4.0,40
7.0,3.0,5.0,36.0,32.0,1584.0,2944.0,0.0,0.0,0.9109375,0.5,4.0,50
7.0,3.0,5.0,36.0,32.0,1584.0,2944.0,0.0,0.0,0.9109375,0.5,4.0,100
7.0,3.0,5.0,36.0,32.0,1584.0,2944.0,0.0,0.0,0.9109375,0.5,4.0,500
4.0,3.0,4.0,23.0,20.0,961.0,1840.0,0.0,0.0,0.9109375,0.5,8.0,5
5.0,3.0,4.0,27.0,24.0,1146.0,2208.0,0.0,0.0,0.9109375,0.5,8.0,10
5.0,3.0,4.0,27.0,24.0,1146.0,2208.0,0.0,0.0,0.9109375,0.5,8.0,15
5.0,3.0,4.0,27.0,24.0,1146.0,2208.0,0.0,0.0,0.9109375,0.5,8.0,20
5.0,3.0,4.0,27.0,24.0,1146.0,2208.0,0.0,0.0,0.9109375,0.5,8.0,30
5.0,3.0,4.0,27.0,24.0,1146.0,2208.0,0.0,0.0,0.9109375,0.5,8.0,40
5.0,3.0,4.0,27.0,24.0,1146.0,2208.0,0.0,0.0,0.9109375,0.5,8.0,50
5.0,3.0,4.0,27.0,24.0,1146.0,2208.0,0.0,0.0,0.9109375,0.5,8.0,100
5.0,3.0,4.0,27.0,24.0,1146.0,2208.0,0.0,0.0,0.9109375,0.5,8.0,500
3.0,3.0,4.0,19.0,16.0,744.0,1472.0,0.0,0.0,0.9109375,0.5,16.0,5
3.0,3.0,4.0,19.0,16.0,744.0,1472.0,0.0,0.0,0.9109375,0.5,16.0,10
3.0,3.0,4.0,19.0,16.0,744.0,1472.0,0.0,0.0,0.9109375,0.5,16.0,15
3.0,3.0,4.0,19.0,16.0,744.0,1472.0,0.0,0.0,0.9109375,0.5,16.0,20
3.0,3.0,4.0,19.0,16.0,744.0,1472.0,0.0,0.0,0.9109375,0.5,16.0,30
3.0,3.0,4.0,19.0,16.0,744.0,1472.0,0.0,0.0,0.9109375,0.5,16.0,40
3.0,3.0,4.0,19.0,16.0,744.0,1472.0,0.0,0.0,0.9109375,0.5,16.0,50
3.0,3.0,4.0,19.0,16.0,744.0,1472.0,0.0,0.0,0.9109375,0.5,16.0,100
3.0,3.0,4.0,19.0,16.0,744.0,1472.0,0.0,0.0,0.9109375,0.5,16.0,500
2.0,3.0,4.0,15.0,12.0,567.0,1104.0,0.0,0.0,0.9109375,0.5,32.0,5
2.0,3.0,4.0,15.0,12.0,567.0,1104.0,0.0,0.0,0.9109375,0.5,32.0,10
2.0,3.0,4.0,15.0,12.0,567.0,1104.0,0.0,0.0,0.9109375,0.5,32.0,15
2.0,3.0,4.0,15.0,12.0,567.0,1104.0,0.0,0.0,0.9109375,0.5,32.0,20
2.0,3.0,4.0,15.0,12.0,567.0,1104.0,0.0,0.0,0.9109375,0.5,32.0,30
2.0,3.0,4.0,15.0,12.0,567.0,1104.0,0.0,0.0,0.9109375,0.5,32.0,40
2.0,3.0,4.0,15.0,12.0,567.0,1104.0,0.0,0.0,0.9109375,0.5,32.0,50
2.0,3.0,4.0,15.0,12.0,567.0,1104.0,0.0,0.0,0.9109375,0.5,32.0,100
2.0,3.0,4.0,15.0,12.0,567.0,1104.0,0.0,0.0,0.9109375,0.5,32.0,500
0.0,3.0,4.0,7.0,4.0,197.0,368.0,0.0,0.0,0.9109375,0.5,64.0,5
0.0,3.0,4.0,7.0,4.0,197.0,368.0,0.0,0.0,0.9109375,0.5,64.0,10
0.0,3.0,4.0,7.0,4.0,197.0,368.0,0.0,0.0,0.9109375,0.5,64.0,15
0.0,3.0,4.0,7.0,4.0,197.0,368.0,0.0,0.0,0.9109375,0.5,64.0,20
0.0,3.0,4.0,7.0,4.0,197.0,368.0,0.0,0.0,0.9109375,0.5,64.0,30
0.0,3.0,4.0,7.0,4.0,197.0,368.0,0.0,0.0,0.9109375,0.5,64.0,40
0.0,3.0,4.0,7.0,4.0,197.0,368.0,0.0,0.0,0.9109375,0.5,64.0,50
0.0,3.0,4.0,7.0,4.0,197.0,368.0,0.0,0.0,0.9109375,0.5,64.0,100
0.0,3.0,4.0,7.0,4.0,197.0,368.0,0.0,0.0,0.9109375,0.5,64.0,500
0.0,3.0,4.0,7.0,4.0,197.0,368.0,0.0,0.0,0.9109375,0.5,128.0,5
0.0,3.0,4.0,7.0,4.0,197.0,368.0,0.0,0.0,0.9109375,0.5,128.0,10
0.0,3.0,4.0,7.0,4.0,197.0,368.0,0.0,0.0,0.9109375,0.5,128.0,15
0.0,3.0,4.0,7.0,4.0,197.0,368.0,0.0,0.0,0.9109375,0.5,128.0,20
0.0,3.0,4.0,7.0,4.0,197.0,368.0,0.0,0.0,0.9109375,0.5,128.0,30
0.0,3.0,4.0,7.0,4.0,197.0,368.0,0.0,0.0,0.9109375,0.5,128.0,40
0.0,3.0,4.0,7.0,4.0,197.0,368.0,0.0,0.0,0.9109375,0.5,128.0,50
0.0,3.0,4.0,7.0,4.0,197.0,368.0,0.0,0.0,0.9109375,0.5,128.0,100
0.0,3.0,4.0,7.0,4.0,197.0,368.0,0.0,0.0,0.9109375,0.5,128.0,500
0.0,3.0,4.0,7.0,4.0,197.0,368.0,0.0,0.0,0.9109375,0.5,256.0,5
0.0,3.0,4.0,7.0,4.0,197.0,368.0,0.0,0.0,0.9109375,0.5,256.0,10
0.0,3.0,4.0,7.0,4.0,197.0,368.0,0.0,0.0,0.9109375,0.5,256.0,15
0.0,3.0,4.0,7.0,4.0,197.0,368.0,0.0,0.0,0.9109375,0.5,256.0,20
0.0,3.0,4.0,7.0,4.0,197.0,368.0,0.0,0.0,0.9109375,0.5,256.0,30
0.0,3.0,4.0,7.0,4.0,197.0,368.0,0.0,0.0,0.9109375,0.5,256.0,40
0.0,3.0,4.0,7.0,4.0,197.0,368.0,0.0,0.0,0.9109375,0.5,256.0,50
0.0,3.0,4.0,7.0,4.0,197.0,368.0,0.0,0.0,0.9109375,0.5,256.0,100
0.0,3.0,4.0,7.0,4.0,197.0,368.0,0.0,0.0,0.9109375,0.5,256.0,500
0.0,3.0,3.0,5.0,3.0,152.0,256.0,0.0,0.0,0.7828125,0.5,512.0,5
0.0,3.0,3.0,5.0,3.0,152.0,256.0,0.0,0.0,0.7828125,0.5,512.0,10
0.0,3.0,3.0,5.0,3.0,152.0,256.0,0.0,0.0,0.7828125,0.5,512.0,15
0.0,3.0,3.0,5.0,3.0,152.0,256.0,0.0,0.0,0.7828125,0.5,512.0,20
0.0,3.0,3.0,5.0,3.0,152.0,256.0,0.0,0.0,0.7828125,0.5,512.0,30
0.0,3.0,3.0,5.0,3.0,152.0,256.0,0.0,0.0,0.7828125,0.5,512.0,40
0.0,3.0,3.0,5.0,3.0,152.0,256.0,0.0,0.0,0.7828125,0.5,512.0,50
0.0,3.0,3.0,5.0,3.0,152.0,256.0,0.0,0.0,0.7828125,0.5,512.0,100
0.0,3.0,3.0,5.0,3.0,152.0,256.0,0.0,0.0,0.7828125,0.5,512.0,500
0.0,3.0,2.0,3.0,2.0,92.0,144.0,0.0,0.0,0.53125,0.5,1024.0,5
0.0,3.0,2.0,3.0,2.0,92.0,144.0,0.0,0.0,0.53125,0.5,1024.0,10
0.0,3.0,2.0,3.0,2.0,92.0,144.0,0.0,0.0,0.53125,0.5,1024.0,15
0.0,3.0,2.0,3.0,2.0,92.0,144.0,0.0,0.0,0.53125,0.5,1024.0,20
0.0,3.0,2.0,3.0,2.0,92.0,144.0,0.0,0.0,0.53125,0.5,1024.0,30
0.0,3.0,2.0,3.0,2.0,92.0,144.0,0.0,0.0,0.53125,0.5,1024.0,40
0.0,3.0,2.0,3.0,2.0,92.0,144.0,0.0,0.0,0.53125,0.5,1024.0,50
0.0,3.0,2.0,3.0,2.0,92.0,144.0,0.0,0.0,0.53125,0.5,1024.0,100
0.0,3.0,2.0,3.0,2.0,92.0,144.0,0.0,0.0,0.53125,0.5,1024.0,500
0.0,3.0,2.0,3.0,2.0,92.0,144.0,0.0,0.0,0.53125,0.5,2048.0,5
0.0,3.0,2.0,3.0,2.0,92.0,144.0,0.0,0.0,0.53125,0.5,2048.0,10
0.0,3.0,2.0,3.0,2.0,92.0,144.0,0.0,0.0,0.53125,0.5,2048.0,15
0.0,3.0,2.0,3.0,2.0,92.0,144.0,0.0,0.0,0.53125,0.5,2048.0,20
0.0,3.0,2.0,3.0,2.0,92.0,144.0,0.0,0.0,0.53125,0.5,2048.0,30
0.0,3.0,2.0,3.0,2.0,92.0,144.0,0.0,0.0,0.53125,0.5,2048.0,40
0.0,3.0,2.0,3.0,2.0,92.0,144.0,0.0,0.0,0.53125,0.5,2048.0,50
0.0,3.0,2.0,3.0,2.0,92.0,144.0,0.0,0.0,0.53125,0.5,2048.0,100
0.0,3.0,2.0,3.0,2.0,92.0,144.0,0.0,0.0,0.53125,0.5,2048.0,500
0.0,3.0,2.0,3.0,2.0,92.0,144.0,0.0,0.0,0.53125,0.5,4096.0,5
0.0,3.0,2.0,3.0,2.0,92.0,144.0,0.0,0.0,0.53125,0.5,4096.0,10
0.0,3.0,2.0,3.0,2.0,92.0,144.0,0.0,0.0,0.53125,0.5,4096.0,15
0.0,3.0,2.0,3.0,2.0,92.0,144.0,0.0,0.0,0.53125,0.5,4096.0,20
0.0,3.0,2.0,3.0,2.0,92.0,144.0,0.0,0.0,0.53125,0.5,4096.0,30
0.0,3.0,2.0,3.0,2.0,92.0,144.0,0.0,0.0,0.53125,0.5,4096.0,40
0.0,3.0,2.0,3.0,2.0,92.0,144.0,0.0,0.0,0.53125,0.5,4096.0,50
0.0,3.0,2.0,3.0,2.0,92.0,144.0,0.0,0.0,0.53125,0.5,4096.0,100
0.0,3.0,2.0,3.0,2.0,92.0,144.0,0.0,0.0,0.53125,0.5,4096.0,500
0.0,3.0,2.0,3.0,2.0,92.0,144.0,0.0,0.0,0.53125,0.5,8192.0,5
0.0,3.0,2.0,3.0,2.0,92.0,144.0,0.0,0.0,0.53125,0.5,8192.0,10
0.0,3.0,2.0,3.0,2.0,92.0,144.0,0.0,0.0,0.53125,0.5,8192.0,15
0.0,3.0,2.0,3.0,2.0,92.0,144.0,0.0,0.0,0.53125,0.5,8192.0,20
0.0,3.0,2.0,3.0,2.0,92.0,144.0,0.0,0.0,0.53125,0.5,8192.0,30
0.0,3.0,2.0,3.0,2.0,92.0,144.0,0.0,0.0,0.53125,0.5,8192.0,40
0.0,3.0,2.0,3.0,2.0,92.0,144.0,0.0,0.0,0.53125,0.5,8192.0,50
0.0,3.0,2.0,3.0,2.0,92.0,144.0,0.0,0.0,0.53125,0.5,8192.0,100
0.0,3.0,2.0,3.0,2.0,92.0,144.0,0.0,0.0,0.53125,0.5,8192.0,500
0.0,3.0,2.0,3.0,2.0,92.0,144.0,0.0,0.0,0.53125,0.5,16384.0,5
0.0,3.0,2.0,3.0,2.0,92.0,144.0,0.0,0.0,0.53125,0.5,16384.0,10
0.0,3.0,2.0,3.0,2.0,92.0,144.0,0.0,0.0,0.53125,0.5,16384.0,15
0.0,3.0,2.0,3.0,2.0,92.0,144.0,0.0,0.0,0.53125,0.5,16384.0,20
0.0,3.0,2.0,3.0,2.0,92.0,144.0,0.0,0.0,0.53125,0.5,16384.0,30
0.0,3.0,2.0,3.0,2.0,92.0,144.0,0.0,0.0,0.53125,0.5,16384.0,40
0.0,3.0,2.0,3.0,2.0,92.0,144.0,0.0,0.0,0.53125,0.5,16384.0,50
0.0,3.0,2.0,3.0,2.0,92.0,144.0,0.0,0.0,0.53125,0.5,16384.0,100
0.0,3.0,2.0,3.0,2.0,92.0,144.0,0.0,0.0,0.53125,0.5,16384.0,500
0.0,3.0,2.0,3.0,2.0,92.0,144.0,0.0,0.0,0.53125,0.5,32768.0,5
0.0,3.0,2.0,3.0,2.0,92.0,144.0,0.0,0.0,0.53125,0.5,32768.0,10
0.0,3.0,2.0,3.0,2.0,92.0,144.0,0.0,0.0,0.53125,0.5,32768.0,15
0.0,3.0,2.0,3.0,2.0,92.0,144.0,0.0,0.0,0.53125,0.5,32768.0,20
0.0,3.0,2.0,3.0,2.0,92.0,144.0,0.0,0.0,0.53125,0.5,32768.0,30
0.0,3.0,2.0,3.0,2.0,92.0,144.0,0.0,0.0,0.53125,0.5,32768.0,40
0.0,3.0,2.0,3.0,2.0,92.0,144.0,0.0,0.0,0.53125,0.5,32768.0,50
0.0,3.0,2.0,3.0,2.0,92.0,144.0,0.0,0.0,0.53125,0.5,32768.0,100
0.0,3.0,2.0,3.0,2.0,92.0,144.0,0.0,0.0,0.53125,0.5,32768.0,500
4.0,3.0,4.0,23.0,20.0,961.0,1840.0,0.0,0.0,0.9109375,1.0,0.000976562,5
9.0,3.0,5.0,44.0,40.0,2048.0,3680.0,0.0,0.0,0.9109375,1.0,0.000976562,10
14.0,3.0,7.0,67.0,61.0,3105.0,5632.0,0.0,0.0,0.93125,1.0,0.000976562,15
19.0,3.0,7.0,91.0,85.0,4397.0,7920.0,0.0,0.0,0.93125,1.0,0.000976562,20
25.0,3.0,7.0,115.0,109.0,5645.0,10128.0,0.0,0.0,0.93125,1.0,0.000976562,30
25.0,3.0,7.0,115.0,109.0,5645.0,10128.0,0.0,0.0,0.93125,1.0,0.000976562,40
25.0,3.0,7.0,115.0,109.0,5645.0,10128.0,0.0,0.0,0.93125,1.0,0.000976562,50
25.0,3.0,7.0,115.0,109.0,5645.0,10128.0,0.0,0.0,0.93125,1.0,0.000976562,100
25.0,3.0,7.0,115.0,109.0,5645.0,10128.0,0.0,0.0,0.93125,1.0,0.000976562,500
4.0,3.0,4.0,23.0,20.0,961.0,1840.0,0.0,0.0,0.9109375,1.0,0.00195312,5
9.0,3.0,5.0,44.0,40.0,2048.0,3680.0,0.0,0.0,0.9109375,1.0,0.00195312,10
14.0,3.0,7.0,67.0,61.0,3105.0,5632.0,0.0,0.0,0.93125,1.0,0.00195312,15
19.0,3.0,7.0,91.0,85.0,4397.0,7920.0,0.0,0.0,0.93125,1.0,0.00195312,20
25.0,3.0,7.0,115.0,109.0,5645.0,10128.0,0.0,0.0,0.93125,1.0,0.00195312,30
25.0,3.0,7.0,115.0,109.0,5645.0,10128.0,0.0,0.0,0.93125,1.0,0.00195312,40
25.0,3.0,7.0,115.0,109.0,5645.0,10128.0,0.0,0.0,0.93125,1.0,0.00195312,50
25.0,3.0,7.0,115.0,109.0,5645.0,10128.0,0.0,0.0,0.93125,1.0,0.00195312,100
25.0,3.0,7.0,115.0,109.0,5645.0,10128.0,0.0,0.0,0.93125,1.0,0.00195312,500
4.0,3.0,4.0,23.0,20.0,961.0,1840.0,0.0,0.0,0.9109375,1.0,0.00390625,5
9.0,3.0,5.0,44.0,40.0,2048.0,3680.0,0.0,0.0,0.9109375,1.0,0.00390625,10
14.0,3.0,7.0,67.0,61.0,3105.0,5632.0,0.0,0.0,0.93125,1.0,0.00390625,15
19.0,3.0,7.0,91.0,85.0,4397.0,7920.0,0.0,0.0,0.93125,1.0,0.00390625,20
25.0,3.0,7.0,115.0,109.0,5645.0,10128.0,0.0,0.0,0.93125,1.0,0.00390625,30
25.0,3.0,7.0,115.0,109.0,5645.0,10128.0,0.0,0.0,0.93125,1.0,0.00390625,40
25.0,3.0,7.0,115.0,109.0,5645.0,10128.0,0.0,0.0,0.93125,1.0,0.00390625,50
25.0,3.0,7.0,115.0,109.0,5645.0,10128.0,0.0,0.0,0.93125,1.0,0.00390625,100
25.0,3.0,7.0,115.0,109.0,5645.0,10128.0,0.0,0.0,0.93125,1.0,0.00390625,500
4.0,3.0,4.0,23.0,20.0,961.0,1840.0,0.0,0.0,0.9109375,1.0,0.0078125,5
9.0,3.0,5.0,44.0,40.0,2048.0,3680.0,0.0,0.0,0.9109375,1.0,0.0078125,10
14.0,3.0,7.0,67.0,61.0,3105.0,5632.0,0.0,0.0,0.93125,1.0,0.0078125,15
19.0,3.0,7.0,91.0,85.0,4397.0,7920.0,0.0,0.0,0.93125,1.0,0.0078125,20
25.0,3.0,7.0,115.0,109.0,5645.0,10128.0,0.0,0.0,0.93125,1.0,0.0078125,30
25.0,3.0,7.0,115.0,109.0,5645.0,10128.0,0.0,0.0,0.93125,1.0,0.0078125,40
25.0,3.0,7.0,115.0,109.0,5645.0,10128.0,0.0,0.0,0.93125,1.0,0.0078125,50
25.0,3.0,7.0,115.0,109.0,5645.0,10128.0,0.0,0.0,0.93125,1.0,0.0078125,100
25.0,3.0,7.0,115.0,109.0,5645.0,10128.0,0.0,0.0,0.93125,1.0,0.0078125,500
4.0,3.0,4.0,23.0,20.0,961.0,1840.0,0.0,0.0,0.9109375,1.0,0.015625,5
9.0,3.0,5.0,44.0,40.0,2048.0,3680.0,0.0,0.0,0.9109375,1.0,0.015625,10
14.0,3.0,7.0,67.0,61.0,3105.0,5632.0,0.0,0.0,0.93125,1.0,0.015625,15
19.0,3.0,7.0,91.0,85.0,4397.0,7920.0,0.0,0.0,0.93125,1.0,0.015625,20
24.0,3.0,7.0,111.0,105.0,5437.0,9760.0,0.0,0.0,0.93125,1.0,0.015625,30
24.0,3.0,7.0,111.0,105.0,5437.0,9760.0,0.0,0.0,0.93125,1.0,0.015625,40
24.0,3.0,7.0,111.0,105.0,5437.0,9760.0,0.0,0.0,0.93125,1.0,0.015625,50
24.0,3.0,7.0,111.0,105.0,5437.0,9760.0,0.0,0.0,0.93125,1.0,0.015625,100
24.0,3.0,7.0,111.0,105.0,5437.0,9760.0,0.0,0.0,0.93125,1.0,0.015625,500
4.0,3.0,4.0,23.0,20.0,961.0,1840.0,0.0,0.0,0.9109375,1.0,0.03125,5
9.0,3.0,5.0,44.0,40.0,2048.0,3680.0,0.0,0.0,0.9109375,1.0,0.03125,10
14.0,3.0,7.0,67.0,61.0,3105.0,5632.0,0.0,0.0,0.93125,1.0,0.03125,15
19.0,3.0,7.0,91.0,85.0,4397.0,7920.0,0.0,0.0,0.93125,1.0,0.03125,20
23.0,3.0,7.0,107.0,101.0,5229.0,9392.0,0.0,0.0,0.93125,1.0,0.03125,30
23.0,3.0,7.0,107.0,101.0,5229.0,9392.0,0.0,0.0,0.93125,1.0,0.03125,40
23.0,3.0,7.0,107.0,101.0,5229.0,9392.0,0.0,0.0,0.93125,1.0,0.03125,50
23.0,3.0,7.0,107.0,101.0,5229.0,9392.0,0.0,0.0,0.93125,1.0,0.03125,100
23.0,3.0,7.0,107.0,101.0,5229.0,9392.0,0.0,0.0,0.93125,1.0,0.03125,500
4.0,3.0,4.0,23.0,20.0,961.0,1840.0,0.0,0.0,0.9109375,1.0,0.0625,5
9.0,3.0,5.0,44.0,40.0,2048.0,3680.0,0.0,0.0,0.9109375,1.0,0.0625,10
14.0,3.0,7.0,67.0,61.0,3105.0,5632.0,0.0,0.0,0.93125,1.0,0.0625,15
19.0,3.0,7.0,91.0,85.0,4397.0,7920.0,0.0,0.0,0.93125,1.0,0.0625,20
21.0,3.0,7.0,99.0,93.0,4813.0,8656.0,0.0,0.0,0.93125,1.0,0.0625,30
21.0,3.0,7.0,99.0,93.0,4813.0,8656.0,0.0,0.0,0.93125,1.0,0.0625,40
21.0,3.0,7.0,99.0,93.0,4813.0,8656.0,0.0,0.0,0.93125,1.0,0.0625,50
21.0,3.0,7.0,99.0,93.0,4813.0,8656.0,0.0,0.0,0.93125,1.0,0.0625,100
21.0,3.0,7.0,99.0,93.0,4813.0,8656.0,0.0,0.0,0.93125,1.0,0.0625,500
4.0,3.0,4.0,23.0,20.0,961.0,1840.0,0.0,0.0,0.9109375,1.0,0.125,5
9.0,3.0,5.0,44.0,40.0,2048.0,3680.0,0.0,0.0,0.9109375,1.0,0.125,10
14.0,3.0,7.0,67.0,61.0,3105.0,5632.0,0.0,0.0,0.93125,1.0,0.125,15
19.0,3.0,7.0,91.0,85.0,4397.0,7920.0,0.0,0.0,0.93125,1.0,0.125,20
20.0,3.0,7.0,95.0,89.0,4605.0,8288.0,0.0,0.0,0.93125,1.0,0.125,30
20.0,3.0,7.0,95.0,89.0,4605.0,8288.0,0.0,0.0,0.93125,1.0,0.125,40
20.0,3.0,7.0,95.0,89.0,4605.0,8288.0,0.0,0.0,0.93125,1.0,0.125,50
20.0,3.0,7.0,95.0,89.0,4605.0,8288.0,0.0,0.0,0.93125,1.0,0.125,100
20.0,3.0,7.0,95.0,89.0,4605.0,8288.0,0.0,0.0,0.93125,1.0,0.125,500
4.0,3.0,4.0,23.0,20.0,961.0,1840.0,0.0,0.0,0.9109375,1.0,0.25,5
9.0,3.0,5.0,44.0,40.0,2048.0,3680.0,0.0,0.0,0.9109375,1.0,0.25,10
14.0,3.0,7.0,67.0,61.0,3105.0,5632.0,0.0,0.0,0.93125,1.0,0.25,15
18.0,3.0,7.0,86.0,80.0,4156.0,7440.0,0.0,0.0,0.93125,1.0,0.25,20
18.0,3.0,7.0,86.0,80.0,4156.0,7440.0,0.0,0.0,0.93125,1.0,0.25,30
18.0,3.0,7.0,86.0,80.0,4156.0,7440.0,0.0,0.0,0.93125,1.0,0.25,40
18.0,3.0,7.0,86.0,80.0,4156.0,7440.0,0.0,0.0,0.93125,1.0,0.25,50
18.0,3.0,7.0,86.0,80.0,4156.0,7440.0,0.0,0.0,0.93125,1.0,0.25,100
18.0,3.0,7.0,86.0,80.0,4156.0,7440.0,0.0,0.0,0.93125,1.0,0.25,500
4.0,3.0,4.0,23.0,20.0,961.0,1840.0,0.0,0.0,0.9109375,1.0,0.5,5
9.0,3.0,5.0,44.0,40.0,2048.0,3680.0,0.0,0.0,0.9109375,1.0,0.5,10
14.0,3.0,7.0,67.0,61.0,3105.0,5632.0,0.0,0.0,0.93125,1.0,0.5,15
14.0,3.0,7.0,67.0,61.0,3105.0,5632.0,0.0,0.0,0.93125,1.0,0.5,20
14.0,3.0,7.0,67.0,61.0,3105.0,5632.0,0.0,0.0,0.93125,1.0,0.5,30
14.0,3.0,7.0,67.0,61.0,3105.0,5632.0,0.0,0.0,0.93125,1.0,0.5,40
14.0,3.0,7.0,67.0,61.0,3105.0,5632.0,0.0,0.0,0.93125,1.0,0.5,50
14.0,3.0,7.0,67.0,61.0,3105.0,5632.0,0.0,0.0,0.93125,1.0,0.5,100
14.0,3.0,7.0,67.0,61.0,3105.0,5632.0,0.0,0.0,0.93125,1.0,0.5,500
4.0,3.0,4.0,23.0,20.0,961.0,1840.0,0.0,0.0,0.9109375,1.0,1.0,5
9.0,3.0,5.0,44.0,40.0,2048.0,3680.0,0.0,0.0,0.9109375,1.0,1.0,10
12.0,3.0,6.0,58.0,53.0,2693.0,4896.0,0.0,0.0,0.93125,1.0,1.0,15
12.0,3.0,6.0,58.0,53.0,2693.0,4896.0,0.0,0.0,0.93125,1.0,1.0,20
12.0,3.0,6.0,58.0,53.0,2693.0,4896.0,0.0,0.0,0.93125,1.0,1.0,30
12.0,3.0,6.0,58.0,53.0,2693.0,4896.0,0.0,0.0,0.93125,1.0,1.0,40
12.0,3.0,6.0,58.0,53.0,2693.0,4896.0,0.0,0.0,0.93125,1.0,1.0,50
12.0,3.0,6.0,58.0,53.0,2693.0,4896.0,0.0,0.0,0.93125,1.0,1.0,100
12.0,3.0,6.0,58.0,53.0,2693.0,4896.0,0.0,0.0,0.93125,1.0,1.0,500
4.0,3.0,4.0,23.0,20.0,961.0,1840.0,0.0,0.0,0.9109375,1.0,2.0,5
9.0,3.0,5.0,44.0,40.0,2048.0,3680.0,0.0,0.0,0.9109375,1.0,2.0,10
9.0,3.0,5.0,44.0,40.0,2048.0,3680.0,0.0,0.0,0.9109375,1.0,2.0,15
9.0,3.0,5.0,44.0,40.0,2048.0,3680.0,0.0,0.0,0.9109375,1.0,2.0,20
9.0,3.0,5.0,44.0,40.0,2048.0,3680.0,0.0,0.0,0.9109375,1.0,2.0,30
9.0,3.0,5.0,44.0,40.0,2048.0,3680.0,0.0,0.0,0.9109375,1.0,2.0,40
9.0,3.0,5.0,44.0,40.0,2048.0,3680.0,0.0,0.0,0.9109375,1.0,2.0,50
9.0,3.0,5.0,44.0,40.0,2048.0,3680.0,0.0,0.0,0.9109375,1.0,2.0,100
9.0,3.0,5.0,44.0,40.0,2048.0,3680.0,0.0,0.0,0.9109375,1.0,2.0,500
4.0,3.0,4.0,23.0,20.0,961.0,1840.0,0.0,0.0,0.9109375,1.0,4.0,5
7.0,3.0,5.0,36.0,32.0,1584.0,2944.0,0.0,0.0,0.9109375,1.0,4.0,10
7.0,3.0,5.0,36.0,32.0,1584.0,2944.0,0.0,0.0,0.9109375,1.0,4.0,15
7.0,3.0,5.0,36.0,32.0,1584.0,2944.0,0.0,0.0,0.9109375,1.0,4.0,20
7.0,3.0,5.0,36.0,32.0,1584.0,2944.0,0.0,0.0,0.9109375,1.0,4.0,30
7.0,3.0,5.0,36.0,32.0,1584.0,2944.0,0.0,0.0,0.9109375,1.0,4.0,40
7.0,3.0,5.0,36.0,32.0,1584.0,2944.0,0.0,0.0,0.9109375,1.0,4.0,50
7.0,3.0,5.0,36.0,32.0,1584.0,2944.0,0.0,0.0,0.9109375,1.0,4.0,100
7.0,3.0,5.0,36.0,32.0,1584.0,2944.0,0.0,0.0,0.9109375,1.0,4.0,500
4.0,3.0,4.0,23.0,20.0,961.0,1840.0,0.0,0.0,0.9109375,1.0,8.0,5
5.0,3.0,4.0,27.0,24.0,1146.0,2208.0,0.0,0.0,0.9109375,1.0,8.0,10
5.0,3.0,4.0,27.0,24.0,1146.0,2208.0,0.0,0.0,0.9109375,1.0,8.0,15
5.0,3.0,4.0,27.0,24.0,1146.0,2208.0,0.0,0.0,0.9109375,1.0,8.0,20
5.0,3.0,4.0,27.0,24.0,1146.0,2208.0,0.0,0.0,0.9109375,1.0,8.0,30
5.0,3.0,4.0,27.0,24.0,1146.0,2208.0,0.0,0.0,0.9109375,1.0,8.0,40
5.0,3.0,4.0,27.0,24.0,1146.0,2208.0,0.0,0.0,0.9109375,1.0,8.0,50
5.0,3.0,4.0,27.0,24.0,1146.0,2208.0,0.0,0.0,0.9109375,1.0,8.0,100
5.0,3.0,4.0,27.0,24.0,1146.0,2208.0,0.0,0.0,0.9109375,1.0,8.0,500
3.0,3.0,4.0,19.0,16.0,744.0,1472.0,0.0,0.0,0.9109375,1.0,16.0,5
3.0,3.0,4.0,19.0,16.0,744.0,1472.0,0.0,0.0,0.9109375,1.0,16.0,10
3.0,3.0,4.0,19.0,16.0,744.0,1472.0,0.0,0.0,0.9109375,1.0,16.0,15
3.0,3.0,4.0,19.0,16.0,744.0,1472.0,0.0,0.0,0.9109375,1.0,16.0,20
3.0,3.0,4.0,19.0,16.0,744.0,1472.0,0.0,0.0,0.9109375,1.0,16.0,30
3.0,3.0,4.0,19.0,16.0,744.0,1472.0,0.0,0.0,0.9109375,1.0,16.0,40
3.0,3.0,4.0,19.0,16.0,744.0,1472.0,0.0,0.0,0.9109375,1.0,16.0,50
3.0,3.0,4.0,19.0,16.0,744.0,1472.0,0.0,0.0,0.9109375,1.0,16.0,100
3.0,3.0,4.0,19.0,16.0,744.0,1472.0,0.0,0.0,0.9109375,1.0,16.0,500
1.0,3.0,4.0,11.0,8.0,374.0,736.0,0.0,0.0,0.9109375,1.0,32.0,5
1.0,3.0,4.0,11.0,8.0,374.0,736.0,0.0,0.0,0.9109375,1.0,32.0,10
1.0,3.0,4.0,11.0,8.0,374.0,736.0,0.0,0.0,0.9109375,1.0,32.0,15
1.0,3.0,4.0,11.0,8.0,374.0,736.0,0.0,0.0,0.9109375,1.0,32.0,20
1.0,3.0,4.0,11.0,8.0,374.0,736.0,0.0,0.0,0.9109375,1.0,32.0,30
1.0,3.0,4.0,11.0,8.0,374.0,736.0,0.0,0.0,0.9109375,1.0,32.0,40
1.0,3.0,4.0,11.0,8.0,374.0,736.0,0.0,0.0,0.9109375,1.0,32.0,50
1.0,3.0,4.0,11.0,8.0,374.0,736.0,0.0,0.0,0.9109375,1.0,32.0,100
1.0,3.0,4.0,11.0,8.0,374.0,736.0,0.0,0.0,0.9109375,1.0,32.0,500
0.0,3.0,4.0,7.0,4.0,197.0,368.0,0.0,0.0,0.9109375,1.0,64.0,5
0.0,3.0,4.0,7.0,4.0,197.0,368.0,0.0,0.0,0.9109375,1.0,64.0,10
0.0,3.0,4.0,7.0,4.0,197.0,368.0,0.0,0.0,0.9109375,1.0,64.0,15
0.0,3.0,4.0,7.0,4.0,197.0,368.0,0.0,0.0,0.9109375,1.0,64.0,20
0.0,3.0,4.0,7.0,4.0,197.0,368.0,0.0,0.0,0.9109375,1.0,64.0,30
0.0,3.0,4.0,7.0,4.0,197.0,368.0,0.0,0.0,0.9109375,1.0,64.0,40
0.0,3.0,4.0,7.0,4.0,197.0,368.0,0.0,0.0,0.9109375,1.0,64.0,50
0.0,3.0,4.0,7.0,4.0,197.0,368.0,0.0,0.0,0.9109375,1.0,64.0,100
0.0,3.0,4.0,7.0,4.0,197.0,368.0,0.0,0.0,0.9109375,1.0,64.0,500
0.0,3.0,4.0,7.0,4.0,197.0,368.0,0.0,0.0,0.9109375,1.0,128.0,5
0.0,3.0,4.0,7.0,4.0,197.0,368.0,0.0,0.0,0.9109375,1.0,128.0,10
0.0,3.0,4.0,7.0,4.0,197.0,368.0,0.0,0.0,0.9109375,1.0,128.0,15
0.0,3.0,4.0,7.0,4.0,197.0,368.0,0.0,0.0,0.9109375,1.0,128.0,20
0.0,3.0,4.0,7.0,4.0,197.0,368.0,0.0,0.0,0.9109375,1.0,128.0,30
0.0,3.0,4.0,7.0,4.0,197.0,368.0,0.0,0.0,0.9109375,1.0,128.0,40
0.0,3.0,4.0,7.0,4.0,197.0,368.0,0.0,0.0,0.9109375,1.0,128.0,50
0.0,3.0,4.0,7.0,4.0,197.0,368.0,0.0,0.0,0.9109375,1.0,128.0,100
0.0,3.0,4.0,7.0,4.0,197.0,368.0,0.0,0.0,0.9109375,1.0,128.0,500
0.0,3.0,4.0,7.0,4.0,197.0,368.0,0.0,0.0,0.9109375,1.0,256.0,5
0.0,3.0,4.0,7.0,4.0,197.0,368.0,0.0,0.0,0.9109375,1.0,256.0,10
0.0,3.0,4.0,7.0,4.0,197.0,368.0,0.0,0.0,0.9109375,1.0,256.0,15
0.0,3.0,4.0,7.0,4.0,197.0,368.0,0.0,0.0,0.9109375,1.0,256.0,20
0.0,3.0,4.0,7.0,4.0,197.0,368.0,0.0,0.0,0.9109375,1.0,256.0,30
0.0,3.0,4.0,7.0,4.0,197.0,368.0,0.0,0.0,0.9109375,1.0,256.0,40
0.0,3.0,4.0,7.0,4.0,197.0,368.0,0.0,0.0,0.9109375,1.0,256.0,50
0.0,3.0,4.0,7.0,4.0,197.0,368.0,0.0,0.0,0.9109375,1.0,256.0,100
0.0,3.0,4.0,7.0,4.0,197.0,368.0,0.0,0.0,0.9109375,1.0,256.0,500
0.0,3.0,3.0,5.0,3.0,152.0,256.0,0.0,0.0,0.7828125,1.0,512.0,5
0.0,3.0,3.0,5.0,3.0,152.0,256.0,0.0,0.0,0.7828125,1.0,512.0,10
0.0,3.0,3.0,5.0,3.0,152.0,256.0,0.0,0.0,0.7828125,1.0,512.0,15
0.0,3.0,3.0,5.0,3.0,152.0,256.0,0.0,0.0,0.7828125,1.0,512.0,20
0.0,3.0,3.0,5.0,3.0,152.0,256.0,0.0,0.0,0.7828125,1.0,512.0,30
0.0,3.0,3.0,5.0,3.0,152.0,256.0,0.0,0.0,0.7828125,1.0,512.0,40
0.0,3.0,3.0,5.0,3.0,152.0,256.0,0.0,0.0,0.7828125,1.0,512.0,50
0.0,3.0,3.0,5.0,3.0,152.0,256.0,0.0,0.0,0.7828125,1.0,512.0,100
0.0,3.0,3.0,5.0,3.0,152.0,256.0,0.0,0.0,0.7828125,1.0,512.0,500
0.0,3.0,2.0,3.0,2.0,92.0,144.0,0.0,0.0,0.53125,1.0,1024.0,5
0.0,3.0,2.0,3.0,2.0,92.0,144.0,0.0,0.0,0.53125,1.0,1024.0,10
0.0,3.0,2.0,3.0,2.0,92.0,144.0,0.0,0.0,0.53125,1.0,1024.0,15
0.0,3.0,2.0,3.0,2.0,92.0,144.0,0.0,0.0,0.53125,1.0,1024.0,20
0.0,3.0,2.0,3.0,2.0,92.0,144.0,0.0,0.0,0.53125,1.0,1024.0,30
0.0,3.0,2.0,3.0,2.0,92.0,144.0,0.0,0.0,0.53125,1.0,1024.0,40
0.0,3.0,2.0,3.0,2.0,92.0,144.0,0.0,0.0,0.53125,1.0,1024.0,50
0.0,3.0,2.0,3.0,2.0,92.0,144.0,0.0,0.0,0.53125,1.0,1024.0,100
0.0,3.0,2.0,3.0,2.0,92.0,144.0,0.0,0.0,0.53125,1.0,1024.0,500
0.0,3.0,2.0,3.0,2.0,92.0,144.0,0.0,0.0,0.53125,1.0,2048.0,5
0.0,3.0,2.0,3.0,2.0,92.0,144.0,0.0,0.0,0.53125,1.0,2048.0,10
0.0,3.0,2.0,3.0,2.0,92.0,144.0,0.0,0.0,0.53125,1.0,2048.0,15
0.0,3.0,2.0,3.0,2.0,92.0,144.0,0.0,0.0,0.53125,1.0,2048.0,20
0.0,3.0,2.0,3.0,2.0,92.0,144.0,0.0,0.0,0.53125,1.0,2048.0,30
0.0,3.0,2.0,3.0,2.0,92.0,144.0,0.0,0.0,0.53125,1.0,2048.0,40
0.0,3.0,2.0,3.0,2.0,92.0,144.0,0.0,0.0,0.53125,1.0,2048.0,50
0.0,3.0,2.0,3.0,2.0,92.0,144.0,0.0,0.0,0.53125,1.0,2048.0,100
0.0,3.0,2.0,3.0,2.0,92.0,144.0,0.0,0.0,0.53125,1.0,2048.0,500
0.0,3.0,2.0,3.0,2.0,92.0,144.0,0.0,0.0,0.53125,1.0,4096.0,5
0.0,3.0,2.0,3.0,2.0,92.0,144.0,0.0,0.0,0.53125,1.0,4096.0,10
0.0,3.0,2.0,3.0,2.0,92.0,144.0,0.0,0.0,0.53125,1.0,4096.0,15
0.0,3.0,2.0,3.0,2.0,92.0,144.0,0.0,0.0,0.53125,1.0,4096.0,20
0.0,3.0,2.0,3.0,2.0,92.0,144.0,0.0,0.0,0.53125,1.0,4096.0,30
0.0,3.0,2.0,3.0,2.0,92.0,144.0,0.0,0.0,0.53125,1.0,4096.0,40
0.0,3.0,2.0,3.0,2.0,92.0,144.0,0.0,0.0,0.53125,1.0,4096.0,50
0.0,3.0,2.0,3.0,2.0,92.0,144.0,0.0,0.0,0.53125,1.0,4096.0,100
0.0,3.0,2.0,3.0,2.0,92.0,144.0,0.0,0.0,0.53125,1.0,4096.0,500
0.0,3.0,2.0,3.0,2.0,92.0,144.0,0.0,0.0,0.53125,1.0,8192.0,5
0.0,3.0,2.0,3.0,2.0,92.0,144.0,0.0,0.0,0.53125,1.0,8192.0,10
0.0,3.0,2.0,3.0,2.0,92.0,144.0,0.0,0.0,0.53125,1.0,8192.0,15
0.0,3.0,2.0,3.0,2.0,92.0,144.0,0.0,0.0,0.53125,1.0,8192.0,20
0.0,3.0,2.0,3.0,2.0,92.0,144.0,0.0,0.0,0.53125,1.0,8192.0,30
0.0,3.0,2.0,3.0,2.0,92.0,144.0,0.0,0.0,0.53125,1.0,8192.0,40
0.0,3.0,2.0,3.0,2.0,92.0,144.0,0.0,0.0,0.53125,1.0,8192.0,50
0.0,3.0,2.0,3.0,2.0,92.0,144.0,0.0,0.0,0.53125,1.0,8192.0,100
0.0,3.0,2.0,3.0,2.0,92.0,144.0,0.0,0.0,0.53125,1.0,8192.0,500
0.0,3.0,2.0,3.0,2.0,92.0,144.0,0.0,0.0,0.53125,1.0,16384.0,5
0.0,3.0,2.0,3.0,2.0,92.0,144.0,0.0,0.0,0.53125,1.0,16384.0,10
0.0,3.0,2.0,3.0,2.0,92.0,144.0,0.0,0.0,0.53125,1.0,16384.0,15
0.0,3.0,2.0,3.0,2.0,92.0,144.0,0.0,0.0,0.53125,1.0,16384.0,20
0.0,3.0,2.0,3.0,2.0,92.0,144.0,0.0,0.0,0.53125,1.0,16384.0,30
0.0,3.0,2.0,3.0,2.0,92.0,144.0,0.0,0.0,0.53125,1.0,16384.0,40
0.0,3.0,2.0,3.0,2.0,92.0,144.0,0.0,0.0,0.53125,1.0,16384.0,50
0.0,3.0,2.0,3.0,2.0,92.0,144.0,0.0,0.0,0.53125,1.0,16384.0,100
0.0,3.0,2.0,3.0,2.0,92.0,144.0,0.0,0.0,0.53125,1.0,16384.0,500
0.0,3.0,2.0,3.0,2.0,92.0,144.0,0.0,0.0,0.53125,1.0,32768.0,5
0.0,3.0,2.0,3.0,2.0,92.0,144.0,0.0,0.0,0.53125,1.0,32768.0,10
0.0,3.0,2.0,3.0,2.0,92.0,144.0,0.0,0.0,0.53125,1.0,32768.0,15
0.0,3.0,2.0,3.0,2.0,92.0,144.0,0.0,0.0,0.53125,1.0,32768.0,20
0.0,3.0,2.0,3.0,2.0,92.0,144.0,0.0,0.0,0.53125,1.0,32768.0,30
0.0,3.0,2.0,3.0,2.0,92.0,144.0,0.0,0.0,0.53125,1.0,32768.0,40
0.0,3.0,2.0,3.0,2.0,92.0,144.0,0.0,0.0,0.53125,1.0,32768.0,50
0.0,3.0,2.0,3.0,2.0,92.0,144.0,0.0,0.0,0.53125,1.0,32768.0,100
0.0,3.0,2.0,3.0,2.0,92.0,144.0,0.0,0.0,0.53125,1.0,32768.0,500
4.0,3.0,4.0,23.0,20.0,961.0,1840.0,0.0,0.0,0.9109375,2.0,0.000976562,5
9.0,3.0,5.0,44.0,40.0,2048.0,3680.0,0.0,0.0,0.9109375,2.0,0.000976562,10
14.0,3.0,7.0,67.0,61.0,3105.0,5632.0,0.0,0.0,0.93125,2.0,0.000976562,15
14.0,3.0,7.0,67.0,61.0,3105.0,5632.0,0.0,0.0,0.93125,2.0,0.000976562,20
14.0,3.0,7.0,67.0,61.0,3105.0,5632.0,0.0,0.0,0.93125,2.0,0.000976562,30
14.0,3.0,7.0,67.0,61.0,3105.0,5632.0,0.0,0.0,0.93125,2.0,0.000976562,40
14.0,3.0,7.0,67.0,61.0,3105.0,5632.0,0.0,0.0,0.93125,2.0,0.000976562,50
14.0,3.0,7.0,67.0,61.0,3105.0,5632.0,0.0,0.0,0.93125,2.0,0.000976562,100
14.0,3.0,7.0,67.0,61.0,3105.0,5632.0,0.0,0.0,0.93125,2.0,0.000976562,500
4.0,3.0,4.0,23.0,20.0,961.0,1840.0,0.0,0.0,0.9109375,2.0,0.00195312,5
9.0,3.0,5.0,44.0,40.0,2048.0,3680.0,0.0,0.0,0.9109375,2.0,0.00195312,10
14.0,3.0,7.0,67.0,61.0,3105.0,5632.0,0.0,0.0,0.93125,2.0,0.00195312,15
14.0,3.0,7.0,67.0,61.0,3105.0,5632.0,0.0,0.0,0.93125,2.0,0.00195312,20
14.0,3.0,7.0,67.0,61.0,3105.0,5632.0,0.0,0.0,0.93125,2.0,0.00195312,30
14.0,3.0,7.0,67.0,61.0,3105.0,5632.0,0.0,0.0,0.93125,2.0,0.00195312,40
14.0,3.0,7.0,67.0,61.0,3105.0,5632.0,0.0,0.0,0.93125,2.0,0.00195312,50
14.0,3.0,7.0,67.0,61.0,3105.0,5632.0,0.0,0.0,0.93125,2.0,0.00195312,100
14.0,3.0,7.0,67.0,61.0,3105.0,5632.0,0.0,0.0,0.93125,2.0,0.00195312,500
4.0,3.0,4.0,23.0,20.0,961.0,1840.0,0.0,0.0,0.9109375,2.0,0.00390625,5
9.0,3.0,5.0,44.0,40.0,2048.0,3680.0,0.0,0.0,0.9109375,2.0,0.00390625,10
14.0,3.0,7.0,67.0,61.0,3105.0,5632.0,0.0,0.0,0.93125,2.0,0.00390625,15
14.0,3.0,7.0,67.0,61.0,3105.0,5632.0,0.0,0.0,0.93125,2.0,0.00390625,20
14.0,3.0,7.0,67.0,61.0,3105.0,5632.0,0.0,0.0,0.93125,2.0,0.00390625,30
14.0,3.0,7.0,67.0,61.0,3105.0,5632.0,0.0,0.0,0.93125,2.0,0.00390625,40
14.0,3.0,7.0,67.0,61.0,3105.0,5632.0,0.0,0.0,0.93125,2.0,0.00390625,50
14.0,3.0,7.0,67.0,61.0,3105.0,5632.0,0.0,0.0,0.93125,2.0,0.00390625,100
14.0,3.0,7.0,67.0,61.0,3105.0,5632.0,0.0,0.0,0.93125,2.0,0.00390625,500
4.0,3.0,4.0,23.0,20.0,961.0,1840.0,0.0,0.0,0.9109375,2.0,0.0078125,5
9.0,3.0,5.0,44.0,40.0,2048.0,3680.0,0.0,0.0,0.9109375,2.0,0.0078125,10
14.0,3.0,7.0,67.0,61.0,3105.0,5632.0,0.0,0.0,0.93125,2.0,0.0078125,15
14.0,3.0,7.0,67.0,61.0,3105.0,5632.0,0.0,0.0,0.93125,2.0,0.0078125,20
14.0,3.0,7.0,67.0,61.0,3105.0,5632.0,0.0,0.0,0.93125,2.0,0.0078125,30
14.0,3.0,7.0,67.0,61.0,3105.0,5632.0,0.0,0.0,0.93125,2.0,0.0078125,40
14.0,3.0,7.0,67.0,61.0,3105.0,5632.0,0.0,0.0,0.93125,2.0,0.0078125,50
14.0,3.0,7.0,67.0,61.0,3105.0,5632.0,0.0,0.0,0.93125,2.0,0.0078125,100
14.0,3.0,7.0,67.0,61.0,3105.0,5632.0,0.0,0.0,0.93125,2.0,0.0078125,500
4.0,3.0,4.0,23.0,20.0,961.0,1840.0,0.0,0.0,0.9109375,2.0,0.015625,5
9.0,3.0,5.0,44.0,40.0,2048.0,3680.0,0.0,0.0,0.9109375,2.0,0.015625,10
14.0,3.0,7.0,67.0,61.0,3105.0,5632.0,0.0,0.0,0.93125,2.0,0.015625,15
14.0,3.0,7.0,67.0,61.0,3105.0,5632.0,0.0,0.0,0.93125,2.0,0.015625,20
14.0,3.0,7.0,67.0,61.0,3105.0,5632.0,0.0,0.0,0.93125,2.0,0.015625,30
14.0,3.0,7.0,67.0,61.0,3105.0,5632.0,0.0,0.0,0.93125,2.0,0.015625,40
14.0,3.0,7.0,67.0,61.0,3105.0,5632.0,0.0,0.0,0.93125,2.0,0.015625,50
14.0,3.0,7.0,67.0,61.0,3105.0,5632.0,0.0,0.0,0.93125,2.0,0.015625,100
14.0,3.0,7.0,67.0,61.0,3105.0,5632.0,0.0,0.0,0.93125,2.0,0.015625,500
4.0,3.0,4.0,23.0,20.0,961.0,1840.0,0.0,0.0,0.9109375,2.0,0.03125,5
9.0,3.0,5.0,44.0,40.0,2048.0,3680.0,0.0,0.0,0.9109375,2.0,0.03125,10
14.0,3.0,7.0,67.0,61.0,3105.0,5632.0,0.0,0.0,0.93125,2.0,0.03125,15
14.0,3.0,7.0,67.0,61.0,3105.0,5632.0,0.0,0.0,0.93125,2.0,0.03125,20
14.0,3.0,7.0,67.0,61.0,3105.0,5632.0,0.0,0.0,0.93125,2.0,0.03125,30
14.0,3.0,7.0,67.0,61.0,3105.0,5632.0,0.0,0.0,0.93125,2.0,0.03125,40
14.0,3.0,7.0,67.0,61.0,3105.0,5632.0,0.0,0.0,0.93125,2.0,0.03125,50
14.0,3.0,7.0,67.0,61.0,3105.0,5632.0,0.0,0.0,0.93125,2.0,0.03125,100
14.0,3.0,7.0,67.0,61.0,3105.0,5632.0,0.0,0.0,0.93125,2.0,0.03125,500
4.0,3.0,4.0,23.0,20.0,961.0,1840.0,0.0,0.0,0.9109375,2.0,0.0625,5
9.0,3.0,5.0,44.0,40.0,2048.0,3680.0,0.0,0.0,0.9109375,2.0,0.0625,10
14.0,3.0,7.0,67.0,61.0,3105.0,5632.0,0.0,0.0,0.93125,2.0,0.0625,15
14.0,3.0,7.0,67.0,61.0,3105.0,5632.0,0.0,0.0,0.93125,2.0,0.0625,20
14.0,3.0,7.0,67.0,61.0,3105.0,5632.0,0.0,0.0,0.93125,2.0,0.0625,30
14.0,3.0,7.0,67.0,61.0,3105.0,5632.0,0.0,0.0,0.93125,2.0,0.0625,40
14.0,3.0,7.0,67.0,61.0,3105.0,5632.0,0.0,0.0,0.93125,2.0,0.0625,50
14.0,3.0,7.0,67.0,61.0,3105.0,5632.0,0.0,0.0,0.93125,2.0,0.0625,100
14.0,3.0,7.0,67.0,61.0,3105.0,5632.0,0.0,0.0,0.93125,2.0,0.0625,500
4.0,3.0,4.0,23.0,20.0,961.0,1840.0,0.0,0.0,0.9109375,2.0,0.125,5
9.0,3.0,5.0,44.0,40.0,2048.0,3680.0,0.0,0.0,0.9109375,2.0,0.125,10
13.0,3.0,6.0,62.0,57.0,2893.0,5264.0,0.0,0.0,0.93125,2.0,0.125,15
13.0,3.0,6.0,62.0,57.0,2893.0,5264.0,0.0,0.0,0.93125,2.0,0.125,20
13.0,3.0,6.0,62.0,57.0,2893.0,5264.0,0.0,0.0,0.93125,2.0,0.125,30
13.0,3.0,6.0,62.0,57.0,2893.0,5264.0,0.0,0.0,0.93125,2.0,0.125,40
13.0,3.0,6.0,62.0,57.0,2893.0,5264.0,0.0,0.0,0.93125,2.0,0.125,50
13.0,3.0,6.0,62.0,57.0,2893.0,5264.0,0.0,0.0,0.93125,2.0,0.125,100
13.0,3.0,6.0,62.0,57.0,2893.0,5264.0,0.0,0.0,0.93125,2.0,0.125,500
4.0,3.0,4.0,23.0,20.0,961.0,1840.0,0.0,0.0,0.9109375,2.0,0.25,5
9.0,3.0,5.0,44.0,40.0,2048.0,3680.0,0.0,0.0,0.9109375,2.0,0.25,10
13.0,3.0,6.0,62.0,57.0,2893.0,5264.0,0.0,0.0,0.93125,2.0,0.25,15
13.0,3.0,6.0,62.0,57.0,2893.0,5264.0,0.0,0.0,0.93125,2.0,0.25,20
13.0,3.0,6.0,62.0,57.0,2893.0,5264.0,0.0,0.0,0.93125,2.0,0.25,30
13.0,3.0,6.0,62.0,57.0,2893.0,5264.0,0.0,0.0,0.93125,2.0,0.25,40
13.0,3.0,6.0,62.0,57.0,2893.0,5264.0,0.0,0.0,0.93125,2.0,0.25,50
13.0,3.0,6.0,62.0,57.0,2893.0,5264.0,0.0,0.0,0.93125,2.0,0.25,100
13.0,3.0,6.0,62.0,57.0,2893.0,5264.0,0.0,0.0,0.93125,2.0,0.25,500
4.0,3.0,4.0,23.0,20.0,961.0,1840.0,0.0,0.0,0.9109375,2.0,0.5,5
9.0,3.0,5.0,44.0,40.0,2048.0,3680.0,0.0,0.0,0.9109375,2.0,0.5,10
12.0,3.0,6.0,58.0,53.0,2693.0,4896.0,0.0,0.0,0.93125,2.0,0.5,15
12.0,3.0,6.0,58.0,53.0,2693.0,4896.0,0.0,0.0,0.93125,2.0,0.5,20
12.0,3.0,6.0,58.0,53.0,2693.0,4896.0,0.0,0.0,0.93125,2.0,0.5,30
12.0,3.0,6.0,58.0,53.0,2693.0,4896.0,0.0,0.0,0.93125,2.0,0.5,40
12.0,3.0,6.0,58.0,53.0,2693.0,4896.0,0.0,0.0,0.93125,2.0,0.5,50
12.0,3.0,6.0,58.0,53.0,2693.0,4896.0,0.0,0.0,0.93125,2.0,0.5,100
12.0,3.0,6.0,58.0,53.0,2693.0,4896.0,0.0,0.0,0.93125,2.0,0.5,500
4.0,3.0,4.0,23.0,20.0,961.0,1840.0,0.0,0.0,0.9109375,2.0,1.0,5
9.0,3.0,5.0,44.0,40.0,2048.0,3680.0,0.0,0.0,0.9109375,2.0,1.0,10
10.0,3.0,5.0,49.0,45.0,2281.0,4160.0,0.0,0.0,0.9109375,2.0,1.0,15
10.0,3.0,5.0,49.0,45.0,2281.0,4160.0,0.0,0.0,0.9109375,2.0,1.0,20
10.0,3.0,5.0,49.0,45.0,2281.0,4160.0,0.0,0.0,0.9109375,2.0,1.0,30
10.0,3.0,5.0,49.0,45.0,2281.0,4160.0,0.0,0.0,0.9109375,2.0,1.0,40
10.0,3.0,5.0,49.0,45.0,2281.0,4160.0,0.0,0.0,0.9109375,2.0,1.0,50
10.0,3.0,5.0,49.0,45.0,2281.0,4160.0,0.0,0.0,0.9109375,2.0,1.0,100
10.0,3.0,5.0,49.0,45.0,2281.0,4160.0,0.0,0.0,0.9109375,2.0,1.0,500
4.0,3.0,4.0,23.0,20.0,961.0,1840.0,0.0,0.0,0.9109375,2.0,2.0,5
8.0,3.0,5.0,40.0,36.0,1848.0,3312.0,0.0,0.0,0.9109375,2.0,2.0,10
8.0,3.0,5.0,40.0,36.0,1848.0,3312.0,0.0,0.0,0.9109375,2.0,2.0,15
8.0,3.0,5.0,40.0,36.0,1848.0,3312.0,0.0,0.0,0.9109375,2.0,2.0,20
8.0,3.0,5.0,40.0,36.0,1848.0,3312.0,0.0,0.0,0.9109375,2.0,2.0,30
8.0,3.0,5.0,40.0,36.0,1848.0,3312.0,0.0,0.0,0.9109375,2.0,2.0,40
8.0,3.0,5.0,40.0,36.0,1848.0,3312.0,0.0,0.0,0.9109375,2.0,2.0,50
8.0,3.0,5.0,40.0,36.0,1848.0,3312.0,0.0,0.0,0.9109375,2.0,2.0,100
8.0,3.0,5.0,40.0,36.0,1848.0,3312.0,0.0,0.0,0.9109375,2.0,2.0,500
4.0,3.0,4.0,23.0,20.0,961.0,1840.0,0.0,0.0,0.9109375,2.0,4.0,5
6.0,3.0,5.0,32.0,28.0,1392.0,2576.0,0.0,0.0,0.9109375,2.0,4.0,10
6.0,3.0,5.0,32.0,28.0,1392.0,2576.0,0.0,0.0,0.9109375,2.0,4.0,15
6.0,3.0,5.0,32.0,28.0,1392.0,2576.0,0.0,0.0,0.9109375,2.0,4.0,20
6.0,3.0,5.0,32.0,28.0,1392.0,2576.0,0.0,0.0,0.9109375,2.0,4.0,30
6.0,3.0,5.0,32.0,28.0,1392.0,2576.0,0.0,0.0,0.9109375,2.0,4.0,40
6.0,3.0,5.0,32.0,28.0,1392.0,2576.0,0.0,0.0,0.9109375,2.0,4.0,50
6.0,3.0,5.0,32.0,28.0,1392.0,2576.0,0.0,0.0,0.9109375,2.0,4.0,100
6.0,3.0,5.0,32.0,28.0,1392.0,2576.0,0.0,0.0,0.9109375,2.0,4.0,500
4.0,3.0,4.0,23.0,20.0,961.0,1840.0,0.0,0.0,0.9109375,2.0,8.0,5
4.0,3.0,4.0,23.0,20.0,961.0,1840.0,0.0,0.0,0.9109375,2.0,8.0,10
4.0,3.0,4.0,23.0,20.0,961.0,1840.0,0.0,0.0,0.9109375,2.0,8.0,15
4.0,3.0,4.0,23.0,20.0,961.0,1840.0,0.0,0.0,0.9109375,2.0,8.0,20
4.0,3.0,4.0,23.0,20.0,961.0,1840.0,0.0,0.0,0.9109375,2.0,8.0,30
4.0,3.0,4.0,23.0,20.0,961.0,1840.0,0.0,0.0,0.9109375,2.0,8.0,40
4.0,3.0,4.0,23.0,20.0,961.0,1840.0,0.0,0.0,0.9109375,2.0,8.0,50
4.0,3.0,4.0,23.0,20.0,961.0,1840.0,0.0,0.0,0.9109375,2.0,8.0,100
4.0,3.0,4.0,23.0,20.0,961.0,1840.0,0.0,0.0,0.9109375,2.0,8.0,500
3.0,3.0,4.0,19.0,16.0,744.0,1472.0,0.0,0.0,0.9109375,2.0,16.0,5
3.0,3.0,4.0,19.0,16.0,744.0,1472.0,0.0,0.0,0.9109375,2.0,16.0,10
3.0,3.0,4.0,19.0,16.0,744.0,1472.0,0.0,0.0,0.9109375,2.0,16.0,15
3.0,3.0,4.0,19.0,16.0,744.0,1472.0,0.0,0.0,0.9109375,2.0,16.0,20
3.0,3.0,4.0,19.0,16.0,744.0,1472.0,0.0,0.0,0.9109375,2.0,16.0,30
3.0,3.0,4.0,19.0,16.0,744.0,1472.0,0.0,0.0,0.9109375,2.0,16.0,40
3.0,3.0,4.0,19.0,16.0,744.0,1472.0,0.0,0.0,0.9109375,2.0,16.0,50
3.0,3.0,4.0,19.0,16.0,744.0,1472.0,0.0,0.0,0.9109375,2.0,16.0,100
3.0,3.0,4.0,19.0,16.0,744.0,1472.0,0.0,0.0,0.9109375,2.0,16.0,500
1.0,3.0,4.0,11.0,8.0,374.0,736.0,0.0,0.0,0.9109375,2.0,32.0,5
1.0,3.0,4.0,11.0,8.0,374.0,736.0,0.0,0.0,0.9109375,2.0,32.0,10
1.0,3.0,4.0,11.0,8.0,374.0,736.0,0.0,0.0,0.9109375,2.0,32.0,15
1.0,3.0,4.0,11.0,8.0,374.0,736.0,0.0,0.0,0.9109375,2.0,32.0,20
1.0,3.0,4.0,11.0,8.0,374.0,736.0,0.0,0.0,0.9109375,2.0,32.0,30
1.0,3.0,4.0,11.0,8.0,374.0,736.0,0.0,0.0,0.9109375,2.0,32.0,40
1.0,3.0,4.0,11.0,8.0,374.0,736.0,0.0,0.0,0.9109375,2.0,32.0,50
1.0,3.0,4.0,11.0,8.0,374.0,736.0,0.0,0.0,0.9109375,2.0,32.0,100
1.0,3.0,4.0,11.0,8.0,374.0,736.0,0.0,0.0,0.9109375,2.0,32.0,500
0.0,3.0,4.0,7.0,4.0,197.0,368.0,0.0,0.0,0.9109375,2.0,64.0,5
0.0,3.0,4.0,7.0,4.0,197.0,368.0,0.0,0.0,0.9109375,2.0,64.0,10
0.0,3.0,4.0,7.0,4.0,197.0,368.0,0.0,0.0,0.9109375,2.0,64.0,15
0.0,3.0,4.0,7.0,4.0,197.0,368.0,0.0,0.0,0.9109375,2.0,64.0,20
0.0,3.0,4.0,7.0,4.0,197.0,368.0,0.0,0.0,0.9109375,2.0,64.0,30
0.0,3.0,4.0,7.0,4.0,197.0,368.0,0.0,0.0,0.9109375,2.0,64.0,40
0.0,3.0,4.0,7.0,4.0,197.0,368.0,0.0,0.0,0.9109375,2.0,64.0,50
0.0,3.0,4.0,7.0,4.0,197.0,368.0,0.0,0.0,0.9109375,2.0,64.0,100
0.0,3.0,4.0,7.0,4.0,197.0,368.0,0.0,0.0,0.9109375,2.0,64.0,500
0.0,3.0,4.0,7.0,4.0,197.0,368.0,0.0,0.0,0.9109375,2.0,128.0,5
0.0,3.0,4.0,7.0,4.0,197.0,368.0,0.0,0.0,0.9109375,2.0,128.0,10
0.0,3.0,4.0,7.0,4.0,197.0,368.0,0.0,0.0,0.9109375,2.0,128.0,15
0.0,3.0,4.0,7.0,4.0,197.0,368.0,0.0,0.0,0.9109375,2.0,128.0,20
0.0,3.0,4.0,7.0,4.0,197.0,368.0,0.0,0.0,0.9109375,2.0,128.0,30
0.0,3.0,4.0,7.0,4.0,197.0,368.0,0.0,0.0,0.9109375,2.0,128.0,40
0.0,3.0,4.0,7.0,4.0,197.0,368.0,0.0,0.0,0.9109375,2.0,128.0,50
0.0,3.0,4.0,7.0,4.0,197.0,368.0,0.0,0.0,0.9109375,2.0,128.0,100
0.0,3.0,4.0,7.0,4.0,197.0,368.0,0.0,0.0,0.9109375,2.0,128.0,500
0.0,3.0,4.0,7.0,4.0,197.0,368.0,0.0,0.0,0.9109375,2.0,256.0,5
0.0,3.0,4.0,7.0,4.0,197.0,368.0,0.0,0.0,0.9109375,2.0,256.0,10
0.0,3.0,4.0,7.0,4.0,197.0,368.0,0.0,0.0,0.9109375,2.0,256.0,15
0.0,3.0,4.0,7.0,4.0,197.0,368.0,0.0,0.0,0.9109375,2.0,256.0,20
0.0,3.0,4.0,7.0,4.0,197.0,368.0,0.0,0.0,0.9109375,2.0,256.0,30
0.0,3.0,4.0,7.0,4.0,197.0,368.0,0.0,0.0,0.9109375,2.0,256.0,40
0.0,3.0,4.0,7.0,4.0,197.0,368.0,0.0,0.0,0.9109375,2.0,256.0,50
0.0,3.0,4.0,7.0,4.0,197.0,368.0,0.0,0.0,0.9109375,2.0,256.0,100
0.0,3.0,4.0,7.0,4.0,197.0,368.0,0.0,0.0,0.9109375,2.0,256.0,500
0.0,3.0,3.0,5.0,3.0,152.0,256.0,0.0,0.0,0.7828125,2.0,512.0,5
0.0,3.0,3.0,5.0,3.0,152.0,256.0,0.0,0.0,0.7828125,2.0,512.0,10
0.0,3.0,3.0,5.0,3.0,152.0,256.0,0.0,0.0,0.7828125,2.0,512.0,15
0.0,3.0,3.0,5.0,3.0,152.0,256.0,0.0,0.0,0.7828125,2.0,512.0,20
0.0,3.0,3.0,5.0,3.0,152.0,256.0,0.0,0.0,0.7828125,2.0,512.0,30
0.0,3.0,3.0,5.0,3.0,152.0,256.0,0.0,0.0,0.7828125,2.0,512.0,40
0.0,3.0,3.0,5.0,3.0,152.0,256.0,0.0,0.0,0.7828125,2.0,512.0,50
0.0,3.0,3.0,5.0,3.0,152.0,256.0,0.0,0.0,0.7828125,2.0,512.0,100
0.0,3.0,3.0,5.0,3.0,152.0,256.0,0.0,0.0,0.7828125,2.0,512.0,500
0.0,3.0,2.0,3.0,2.0,92.0,144.0,0.0,0.0,0.53125,2.0,1024.0,5
0.0,3.0,2.0,3.0,2.0,92.0,144.0,0.0,0.0,0.53125,2.0,1024.0,10
0.0,3.0,2.0,3.0,2.0,92.0,144.0,0.0,0.0,0.53125,2.0,1024.0,15
0.0,3.0,2.0,3.0,2.0,92.0,144.0,0.0,0.0,0.53125,2.0,1024.0,20
0.0,3.0,2.0,3.0,2.0,92.0,144.0,0.0,0.0,0.53125,2.0,1024.0,30
0.0,3.0,2.0,3.0,2.0,92.0,144.0,0.0,0.0,0.53125,2.0,1024.0,40
0.0,3.0,2.0,3.0,2.0,92.0,144.0,0.0,0.0,0.53125,2.0,1024.0,50
0.0,3.0,2.0,3.0,2.0,92.0,144.0,0.0,0.0,0.53125,2.0,1024.0,100
0.0,3.0,2.0,3.0,2.0,92.0,144.0,0.0,0.0,0.53125,2.0,1024.0,500
0.0,3.0,2.0,3.0,2.0,92.0,144.0,0.0,0.0,0.53125,2.0,2048.0,5
0.0,3.0,2.0,3.0,2.0,92.0,144.0,0.0,0.0,0.53125,2.0,2048.0,10
0.0,3.0,2.0,3.0,2.0,92.0,144.0,0.0,0.0,0.53125,2.0,2048.0,15
0.0,3.0,2.0,3.0,2.0,92.0,144.0,0.0,0.0,0.53125,2.0,2048.0,20
0.0,3.0,2.0,3.0,2.0,92.0,144.0,0.0,0.0,0.53125,2.0,2048.0,30
0.0,3.0,2.0,3.0,2.0,92.0,144.0,0.0,0.0,0.53125,2.0,2048.0,40
0.0,3.0,2.0,3.0,2.0,92.0,144.0,0.0,0.0,0.53125,2.0,2048.0,50
0.0,3.0,2.0,3.0,2.0,92.0,144.0,0.0,0.0,0.53125,2.0,2048.0,100
0.0,3.0,2.0,3.0,2.0,92.0,144.0,0.0,0.0,0.53125,2.0,2048.0,500
0.0,3.0,2.0,3.0,2.0,92.0,144.0,0.0,0.0,0.53125,2.0,4096.0,5
0.0,3.0,2.0,3.0,2.0,92.0,144.0,0.0,0.0,0.53125,2.0,4096.0,10
0.0,3.0,2.0,3.0,2.0,92.0,144.0,0.0,0.0,0.53125,2.0,4096.0,15
0.0,3.0,2.0,3.0,2.0,92.0,144.0,0.0,0.0,0.53125,2.0,4096.0,20
0.0,3.0,2.0,3.0,2.0,92.0,144.0,0.0,0.0,0.53125,2.0,4096.0,30
0.0,3.0,2.0,3.0,2.0,92.0,144.0,0.0,0.0,0.53125,2.0,4096.0,40
0.0,3.0,2.0,3.0,2.0,92.0,144.0,0.0,0.0,0.53125,2.0,4096.0,50
0.0,3.0,2.0,3.0,2.0,92.0,144.0,0.0,0.0,0.53125,2.0,4096.0,100
0.0,3.0,2.0,3.0,2.0,92.0,144.0,0.0,0.0,0.53125,2.0,4096.0,500
0.0,3.0,2.0,3.0,2.0,92.0,144.0,0.0,0.0,0.53125,2.0,8192.0,5
0.0,3.0,2.0,3.0,2.0,92.0,144.0,0.0,0.0,0.53125,2.0,8192.0,10
0.0,3.0,2.0,3.0,2.0,92.0,144.0,0.0,0.0,0.53125,2.0,8192.0,15
0.0,3.0,2.0,3.0,2.0,92.0,144.0,0.0,0.0,0.53125,2.0,8192.0,20
0.0,3.0,2.0,3.0,2.0,92.0,144.0,0.0,0.0,0.53125,2.0,8192.0,30
0.0,3.0,2.0,3.0,2.0,92.0,144.0,0.0,0.0,0.53125,2.0,8192.0,40
0.0,3.0,2.0,3.0,2.0,92.0,144.0,0.0,0.0,0.53125,2.0,8192.0,50
0.0,3.0,2.0,3.0,2.0,92.0,144.0,0.0,0.0,0.53125,2.0,8192.0,100
0.0,3.0,2.0,3.0,2.0,92.0,144.0,0.0,0.0,0.53125,2.0,8192.0,500
0.0,3.0,2.0,3.0,2.0,92.0,144.0,0.0,0.0,0.53125,2.0,16384.0,5
0.0,3.0,2.0,3.0,2.0,92.0,144.0,0.0,0.0,0.53125,2.0,16384.0,10
0.0,3.0,2.0,3.0,2.0,92.0,144.0,0.0,0.0,0.53125,2.0,16384.0,15
0.0,3.0,2.0,3.0,2.0,92.0,144.0,0.0,0.0,0.53125,2.0,16384.0,20
0.0,3.0,2.0,3.0,2.0,92.0,144.0,0.0,0.0,0.53125,2.0,16384.0,30
0.0,3.0,2.0,3.0,2.0,92.0,144.0,0.0,0.0,0.53125,2.0,16384.0,40
0.0,3.0,2.0,3.0,2.0,92.0,144.0,0.0,0.0,0.53125,2.0,16384.0,50
0.0,3.0,2.0,3.0,2.0,92.0,144.0,0.0,0.0,0.53125,2.0,16384.0,100
0.0,3.0,2.0,3.0,2.0,92.0,144.0,0.0,0.0,0.53125,2.0,16384.0,500
0.0,3.0,2.0,3.0,2.0,92.0,144.0,0.0,0.0,0.53125,2.0,32768.0,5
0.0,3.0,2.0,3.0,2.0,92.0,144.0,0.0,0.0,0.53125,2.0,32768.0,10
0.0,3.0,2.0,3.0,2.0,92.0,144.0,0.0,0.0,0.53125,2.0,32768.0,15
0.0,3.0,2.0,3.0,2.0,92.0,144.0,0.0,0.0,0.53125,2.0,32768.0,20
0.0,3.0,2.0,3.0,2.0,92.0,144.0,0.0,0.0,0.53125,2.0,32768.0,30
0.0,3.0,2.0,3.0,2.0,92.0,144.0,0.0,0.0,0.53125,2.0,32768.0,40
0.0,3.0,2.0,3.0,2.0,92.0,144.0,0.0,0.0,0.53125,2.0,32768.0,50
0.0,3.0,2.0,3.0,2.0,92.0,144.0,0.0,0.0,0.53125,2.0,32768.0,100
0.0,3.0,2.0,3.0,2.0,92.0,144.0,0.0,0.0,0.53125,2.0,32768.0,500
4.0,3.0,4.0,23.0,20.0,961.0,1840.0,0.0,0.0,0.9109375,4.0,0.000976562,5
8.0,3.0,5.0,40.0,36.0,1848.0,3312.0,0.0,0.0,0.9109375,4.0,0.000976562,10
8.0,3.0,5.0,40.0,36.0,1848.0,3312.0,0.0,0.0,0.9109375,4.0,0.000976562,15
8.0,3.0,5.0,40.0,36.0,1848.0,3312.0,0.0,0.0,0.9109375,4.0,0.000976562,20
8.0,3.0,5.0,40.0,36.0,1848.0,3312.0,0.0,0.0,0.9109375,4.0,0.000976562,30
8.0,3.0,5.0,40.0,36.0,1848.0,3312.0,0.0,0.0,0.9109375,4.0,0.000976562,40
8.0,3.0,5.0,40.0,36.0,1848.0,3312.0,0.0,0.0,0.9109375,4.0,0.000976562,50
8.0,3.0,5.0,40.0,36.0,1848.0,3312.0,0.0,0.0,0.9109375,4.0,0.000976562,100
8.0,3.0,5.0,40.0,36.0,1848.0,3312.0,0.0,0.0,0.9109375,4.0,0.000976562,500
4.0,3.0,4.0,23.0,20.0,961.0,1840.0,0.0,0.0,0.9109375,4.0,0.00195312,5
8.0,3.0,5.0,40.0,36.0,1848.0,3312.0,0.0,0.0,0.9109375,4.0,0.00195312,10
8.0,3.0,5.0,40.0,36.0,1848.0,3312.0,0.0,0.0,0.9109375,4.0,0.00195312,15
8.0,3.0,5.0,40.0,36.0,1848.0,3312.0,0.0,0.0,0.9109375,4.0,0.00195312,20
8.0,3.0,5.0,40.0,36.0,1848.0,3312.0,0.0,0.0,0.9109375,4.0,0.00195312,30
8.0,3.0,5.0,40.0,36.0,1848.0,3312.0,0.0,0.0,0.9109375,4.0,0.00195312,40
8.0,3.0,5.0,40.0,36.0,1848.0,3312.0,0.0,0.0,0.9109375,4.0,0.00195312,50
8.0,3.0,5.0,40.0,36.0,1848.0,3312.0,0.0,0.0,0.9109375,4.0,0.00195312,100
8.0,3.0,5.0,40.0,36.0,1848.0,3312.0,0.0,0.0,0.9109375,4.0,0.00195312,500
4.0,3.0,4.0,23.0,20.0,961.0,1840.0,0.0,0.0,0.9109375,4.0,0.00390625,5
8.0,3.0,5.0,40.0,36.0,1848.0,3312.0,0.0,0.0,0.9109375,4.0,0.00390625,10
8.0,3.0,5.0,40.0,36.0,1848.0,3312.0,0.0,0.0,0.9109375,4.0,0.00390625,15
8.0,3.0,5.0,40.0,36.0,1848.0,3312.0,0.0,0.0,0.9109375,4.0,0.00390625,20
8.0,3.0,5.0,40.0,36.0,1848.0,3312.0,0.0,0.0,0.9109375,4.0,0.00390625,30
8.0,3.0,5.0,40.0,36.0,1848.0,3312.0,0.0,0.0,0.9109375,4.0,0.00390625,40
8.0,3.0,5.0,40.0,36.0,1848.0,3312.0,0.0,0.0,0.9109375,4.0,0.00390625,50
8.0,3.0,5.0,40.0,36.0,1848.0,3312.0,0.0,0.0,0.9109375,4.0,0.00390625,100
8.0,3.0,5.0,40.0,36.0,1848.0,3312.0,0.0,0.0,0.9109375,4.0,0.00390625,500
4.0,3.0,4.0,23.0,20.0,961.0,1840.0,0.0,0.0,0.9109375,4.0,0.0078125,5
8.0,3.0,5.0,40.0,36.0,1848.0,3312.0,0.0,0.0,0.9109375,4.0,0.0078125,10
8.0,3.0,5.0,40.0,36.0,1848.0,3312.0,0.0,0.0,0.9109375,4.0,0.0078125,15
8.0,3.0,5.0,40.0,36.0,1848.0,3312.0,0.0,0.0,0.9109375,4.0,0.0078125,20
8.0,3.0,5.0,40.0,36.0,1848.0,3312.0,0.0,0.0,0.9109375,4.0,0.0078125,30
8.0,3.0,5.0,40.0,36.0,1848.0,3312.0,0.0,0.0,0.9109375,4.0,0.0078125,40
8.0,3.0,5.0,40.0,36.0,1848.0,3312.0,0.0,0.0,0.9109375,4.0,0.0078125,50
8.0,3.0,5.0,40.0,36.0,1848.0,3312.0,0.0,0.0,0.9109375,4.0,0.0078125,100
8.0,3.0,5.0,40.0,36.0,1848.0,3312.0,0.0,0.0,0.9109375,4.0,0.0078125,500
4.0,3.0,4.0,23.0,20.0,961.0,1840.0,0.0,0.0,0.9109375,4.0,0.015625,5
8.0,3.0,5.0,40.0,36.0,1848.0,3312.0,0.0,0.0,0.9109375,4.0,0.015625,10
8.0,3.0,5.0,40.0,36.0,1848.0,3312.0,0.0,0.0,0.9109375,4.0,0.015625,15
8.0,3.0,5.0,40.0,36.0,1848.0,3312.0,0.0,0.0,0.9109375,4.0,0.015625,20
8.0,3.0,5.0,40.0,36.0,1848.0,3312.0,0.0,0.0,0.9109375,4.0,0.015625,30
8.0,3.0,5.0,40.0,36.0,1848.0,3312.0,0.0,0.0,0.9109375,4.0,0.015625,40
8.0,3.0,5.0,40.0,36.0,1848.0,3312.0,0.0,0.0,0.9109375,4.0,0.015625,50
8.0,3.0,5.0,40.0,36.0,1848.0,3312.0,0.0,0.0,0.9109375,4.0,0.015625,100
8.0,3.0,5.0,40.0,36.0,1848.0,3312.0,0.0,0.0,0.9109375,4.0,0.015625,500
4.0,3.0,4.0,23.0,20.0,961.0,1840.0,0.0,0.0,0.9109375,4.0,0.03125,5
8.0,3.0,5.0,40.0,36.0,1848.0,3312.0,0.0,0.0,0.9109375,4.0,0.03125,10
8.0,3.0,5.0,40.0,36.0,1848.0,3312.0,0.0,0.0,0.9109375,4.0,0.03125,15
8.0,3.0,5.0,40.0,36.0,1848.0,3312.0,0.0,0.0,0.9109375,4.0,0.03125,20
8.0,3.0,5.0,40.0,36.0,1848.0,3312.0,0.0,0.0,0.9109375,4.0,0.03125,30
8.0,3.0,5.0,40.0,36.0,1848.0,3312.0,0.0,0.0,0.9109375,4.0,0.03125,40
8.0,3.0,5.0,40.0,36.0,1848.0,3312.0,0.0,0.0,0.9109375,4.0,0.03125,50
8.0,3.0,5.0,40.0,36.0,1848.0,3312.0,0.0,0.0,0.9109375,4.0,0.03125,100
8.0,3.0,5.0,40.0,36.0,1848.0,3312.0,0.0,0.0,0.9109375,4.0,0.03125,500
4.0,3.0,4.0,23.0,20.0,961.0,1840.0,0.0,0.0,0.9109375,4.0,0.0625,5
8.0,3.0,5.0,40.0,36.0,1848.0,3312.0,0.0,0.0,0.9109375,4.0,0.0625,10
8.0,3.0,5.0,40.0,36.0,1848.0,3312.0,0.0,0.0,0.9109375,4.0,0.0625,15
8.0,3.0,5.0,40.0,36.0,1848.0,3312.0,0.0,0.0,0.9109375,4.0,0.0625,20
8.0,3.0,5.0,40.0,36.0,1848.0,3312.0,0.0,0.0,0.9109375,4.0,0.0625,30
8.0,3.0,5.0,40.0,36.0,1848.0,3312.0,0.0,0.0,0.9109375,4.0,0.0625,40
8.0,3.0,5.0,40.0,36.0,1848.0,3312.0,0.0,0.0,0.9109375,4.0,0.0625,50
8.0,3.0,5.0,40.0,36.0,1848.0,3312.0,0.0,0.0,0.9109375,4.0,0.0625,100
8.0,3.0,5.0,40.0,36.0,1848.0,3312.0,0.0,0.0,0.9109375,4.0,0.0625,500
4.0,3.0,4.0,23.0,20.0,961.0,1840.0,0.0,0.0,0.9109375,4.0,0.125,5
8.0,3.0,5.0,40.0,36.0,1848.0,3312.0,0.0,0.0,0.9109375,4.0,0.125,10
8.0,3.0,5.0,40.0,36.0,1848.0,3312.0,0.0,0.0,0.9109375,4.0,0.125,15
8.0,3.0,5.0,40.0,36.0,1848.0,3312.0,0.0,0.0,0.9109375,4.0,0.125,20
8.0,3.0,5.0,40.0,36.0,1848.0,3312.0,0.0,0.0,0.9109375,4.0,0.125,30
8.0,3.0,5.0,40.0,36.0,1848.0,3312.0,0.0,0.0,0.9109375,4.0,0.125,40
8.0,3.0,5.0,40.0,36.0,1848.0,3312.0,0.0,0.0,0.9109375,4.0,0.125,50
8.0,3.0,5.0,40.0,36.0,1848.0,3312.0,0.0,0.0,0.9109375,4.0,0.125,100
8.0,3.0,5.0,40.0,36.0,1848.0,3312.0,0.0,0.0,0.9109375,4.0,0.125,500
4.0,3.0,4.0,23.0,20.0,961.0,1840.0,0.0,0.0,0.9109375,4.0,0.25,5
8.0,3.0,5.0,40.0,36.0,1848.0,3312.0,0.0,0.0,0.9109375,4.0,0.25,10
8.0,3.0,5.0,40.0,36.0,1848.0,3312.0,0.0,0.0,0.9109375,4.0,0.25,15
8.0,3.0,5.0,40.0,36.0,1848.0,3312.0,0.0,0.0,0.9109375,4.0,0.25,20
8.0,3.0,5.0,40.0,36.0,1848.0,3312.0,0.0,0.0,0.9109375,4.0,0.25,30
8.0,3.0,5.0,40.0,36.0,1848.0,3312.0,0.0,0.0,0.9109375,4.0,0.25,40
8.0,3.0,5.0,40.0,36.0,1848.0,3312.0,0.0,0.0,0.9109375,4.0,0.25,50
8.0,3.0,5.0,40.0,36.0,1848.0,3312.0,0.0,0.0,0.9109375,4.0,0.25,100
8.0,3.0,5.0,40.0,36.0,1848.0,3312.0,0.0,0.0,0.9109375,4.0,0.25,500
4.0,3.0,4.0,23.0,20.0,961.0,1840.0,0.0,0.0,0.9109375,4.0,0.5,5
7.0,3.0,5.0,36.0,32.0,1584.0,2944.0,0.0,0.0,0.9109375,4.0,0.5,10
7.0,3.0,5.0,36.0,32.0,1584.0,2944.0,0.0,0.0,0.9109375,4.0,0.5,15
7.0,3.0,5.0,36.0,32.0,1584.0,2944.0,0.0,0.0,0.9109375,4.0,0.5,20
7.0,3.0,5.0,36.0,32.0,1584.0,2944.0,0.0,0.0,0.9109375,4.0,0.5,30
7.0,3.0,5.0,36.0,32.0,1584.0,2944.0,0.0,0.0,0.9109375,4.0,0.5,40
7.0,3.0,5.0,36.0,32.0,1584.0,2944.0,0.0,0.0,0.9109375,4.0,0.5,50
7.0,3.0,5.0,36.0,32.0,1584.0,2944.0,0.0,0.0,0.9109375,4.0,0.5,100
7.0,3.0,5.0,36.0,32.0,1584.0,2944.0,0.0,0.0,0.9109375,4.0,0.5,500
4.0,3.0,4.0,23.0,20.0,961.0,1840.0,0.0,0.0,0.9109375,4.0,1.0,5
7.0,3.0,5.0,36.0,32.0,1584.0,2944.0,0.0,0.0,0.9109375,4.0,1.0,10
7.0,3.0,5.0,36.0,32.0,1584.0,2944.0,0.0,0.0,0.9109375,4.0,1.0,15
7.0,3.0,5.0,36.0,32.0,1584.0,2944.0,0.0,0.0,0.9109375,4.0,1.0,20
7.0,3.0,5.0,36.0,32.0,1584.0,2944.0,0.0,0.0,0.9109375,4.0,1.0,30
7.0,3.0,5.0,36.0,32.0,1584.0,2944.0,0.0,0.0,0.9109375,4.0,1.0,40
7.0,3.0,5.0,36.0,32.0,1584.0,2944.0,0.0,0.0,0.9109375,4.0,1.0,50
7.0,3.0,5.0,36.0,32.0,1584.0,2944.0,0.0,0.0,0.9109375,4.0,1.0,100
7.0,3.0,5.0,36.0,32.0,1584.0,2944.0,0.0,0.0,0.9109375,4.0,1.0,500
4.0,3.0,4.0,23.0,20.0,961.0,1840.0,0.0,0.0,0.9109375,4.0,2.0,5
6.0,3.0,5.0,32.0,28.0,1392.0,2576.0,0.0,0.0,0.9109375,4.0,2.0,10
6.0,3.0,5.0,32.0,28.0,1392.0,2576.0,0.0,0.0,0.9109375,4.0,2.0,15
6.0,3.0,5.0,32.0,28.0,1392.0,2576.0,0.0,0.0,0.9109375,4.0,2.0,20
6.0,3.0,5.0,32.0,28.0,1392.0,2576.0,0.0,0.0,0.9109375,4.0,2.0,30
6.0,3.0,5.0,32.0,28.0,1392.0,2576.0,0.0,0.0,0.9109375,4.0,2.0,40
6.0,3.0,5.0,32.0,28.0,1392.0,2576.0,0.0,0.0,0.9109375,4.0,2.0,50
6.0,3.0,5.0,32.0,28.0,1392.0,2576.0,0.0,0.0,0.9109375,4.0,2.0,100
6.0,3.0,5.0,32.0,28.0,1392.0,2576.0,0.0,0.0,0.9109375,4.0,2.0,500
4.0,3.0,4.0,23.0,20.0,961.0,1840.0,0.0,0.0,0.9109375,4.0,4.0,5
5.0,3.0,4.0,27.0,24.0,1146.0,2208.0,0.0,0.0,0.9109375,4.0,4.0,10
5.0,3.0,4.0,27.0,24.0,1146.0,2208.0,0.0,0.0,0.9109375,4.0,4.0,15
5.0,3.0,4.0,27.0,24.0,1146.0,2208.0,0.0,0.0,0.9109375,4.0,4.0,20
5.0,3.0,4.0,27.0,24.0,1146.0,2208.0,0.0,0.0,0.9109375,4.0,4.0,30
5.0,3.0,4.0,27.0,24.0,1146.0,2208.0,0.0,0.0,0.9109375,4.0,4.0,40
5.0,3.0,4.0,27.0,24.0,1146.0,2208.0,0.0,0.0,0.9109375,4.0,4.0,50
5.0,3.0,4.0,27.0,24.0,1146.0,2208.0,0.0,0.0,0.9109375,4.0,4.0,100
5.0,3.0,4.0,27.0,24.0,1146.0,2208.0,0.0,0.0,0.9109375,4.0,4.0,500
3.0,3.0,4.0,19.0,16.0,744.0,1472.0,0.0,0.0,0.9109375,4.0,8.0,5
3.0,3.0,4.0,19.0,16.0,744.0,1472.0,0.0,0.0,0.9109375,4.0,8.0,10
3.0,3.0,4.0,19.0,16.0,744.0,1472.0,0.0,0.0,0.9109375,4.0,8.0,15
3.0,3.0,4.0,19.0,16.0,744.0,1472.0,0.0,0.0,0.9109375,4.0,8.0,20
3.0,3.0,4.0,19.0,16.0,744.0,1472.0,0.0,0.0,0.9109375,4.0,8.0,30
3.0,3.0,4.0,19.0,16.0,744.0,1472.0,0.0,0.0,0.9109375,4.0,8.0,40
3.0,3.0,4.0,19.0,16.0,744.0,1472.0,0.0,0.0,0.9109375,4.0,8.0,50
3.0,3.0,4.0,19.0,16.0,744.0,1472.0,0.0,0.0,0.9109375,4.0,8.0,100
3.0,3.0,4.0,19.0,16.0,744.0,1472.0,0.0,0.0,0.9109375,4.0,8.0,500
2.0,3.0,4.0,15.0,12.0,567.0,1104.0,0.0,0.0,0.9109375,4.0,16.0,5
2.0,3.0,4.0,15.0,12.0,567.0,1104.0,0.0,0.0,0.9109375,4.0,16.0,10
2.0,3.0,4.0,15.0,12.0,567.0,1104.0,0.0,0.0,0.9109375,4.0,16.0,15
2.0,3.0,4.0,15.0,12.0,567.0,1104.0,0.0,0.0,0.9109375,4.0,16.0,20
2.0,3.0,4.0,15.0,12.0,567.0,1104.0,0.0,0.0,0.9109375,4.0,16.0,30
2.0,3.0,4.0,15.0,12.0,567.0,1104.0,0.0,0.0,0.9109375,4.0,16.0,40
2.0,3.0,4.0,15.0,12.0,567.0,1104.0,0.0,0.0,0.9109375,4.0,16.0,50
2.0,3.0,4.0,15.0,12.0,567.0,1104.0,0.0,0.0,0.9109375,4.0,16.0,100
2.0,3.0,4.0,15.0,12.0,567.0,1104.0,0.0,0.0,0.9109375,4.0,16.0,500
1.0,3.0,4.0,11.0,8.0,374.0,736.0,0.0,0.0,0.9109375,4.0,32.0,5
1.0,3.0,4.0,11.0,8.0,374.0,736.0,0.0,0.0,0.9109375,4.0,32.0,10
1.0,3.0,4.0,11.0,8.0,374.0,736.0,0.0,0.0,0.9109375,4.0,32.0,15
1.0,3.0,4.0,11.0,8.0,374.0,736.0,0.0,0.0,0.9109375,4.0,32.0,20
1.0,3.0,4.0,11.0,8.0,374.0,736.0,0.0,0.0,0.9109375,4.0,32.0,30
1.0,3.0,4.0,11.0,8.0,374.0,736.0,0.0,0.0,0.9109375,4.0,32.0,40
1.0,3.0,4.0,11.0,8.0,374.0,736.0,0.0,0.0,0.9109375,4.0,32.0,50
1.0,3.0,4.0,11.0,8.0,374.0,736.0,0.0,0.0,0.9109375,4.0,32.0,100
1.0,3.0,4.0,11.0,8.0,374.0,736.0,0.0,0.0,0.9109375,4.0,32.0,500
0.0,3.0,4.0,7.0,4.0,197.0,368.0,0.0,0.0,0.9109375,4.0,64.0,5
0.0,3.0,4.0,7.0,4.0,197.0,368.0,0.0,0.0,0.9109375,4.0,64.0,10
0.0,3.0,4.0,7.0,4.0,197.0,368.0,0.0,0.0,0.9109375,4.0,64.0,15
0.0,3.0,4.0,7.0,4.0,197.0,368.0,0.0,0.0,0.9109375,4.0,64.0,20
0.0,3.0,4.0,7.0,4.0,197.0,368.0,0.0,0.0,0.9109375,4.0,64.0,30
0.0,3.0,4.0,7.0,4.0,197.0,368.0,0.0,0.0,0.9109375,4.0,64.0,40
0.0,3.0,4.0,7.0,4.0,197.0,368.0,0.0,0.0,0.9109375,4.0,64.0,50
0.0,3.0,4.0,7.0,4.0,197.0,368.0,0.0,0.0,0.9109375,4.0,64.0,100
0.0,3.0,4.0,7.0,4.0,197.0,368.0,0.0,0.0,0.9109375,4.0,64.0,500
0.0,3.0,4.0,7.0,4.0,197.0,368.0,0.0,0.0,0.9109375,4.0,128.0,5
0.0,3.0,4.0,7.0,4.0,197.0,368.0,0.0,0.0,0.9109375,4.0,128.0,10
0.0,3.0,4.0,7.0,4.0,197.0,368.0,0.0,0.0,0.9109375,4.0,128.0,15
0.0,3.0,4.0,7.0,4.0,197.0,368.0,0.0,0.0,0.9109375,4.0,128.0,20
0.0,3.0,4.0,7.0,4.0,197.0,368.0,0.0,0.0,0.9109375,4.0,128.0,30
0.0,3.0,4.0,7.0,4.0,197.0,368.0,0.0,0.0,0.9109375,4.0,128.0,40
0.0,3.0,4.0,7.0,4.0,197.0,368.0,0.0,0.0,0.9109375,4.0,128.0,50
0.0,3.0,4.0,7.0,4.0,197.0,368.0,0.0,0.0,0.9109375,4.0,128.0,100
0.0,3.0,4.0,7.0,4.0,197.0,368.0,0.0,0.0,0.9109375,4.0,128.0,500
0.0,3.0,3.0,5.0,3.0,152.0,256.0,0.0,0.0,0.7828125,4.0,256.0,5
0.0,3.0,3.0,5.0,3.0,152.0,256.0,0.0,0.0,0.7828125,4.0,256.0,10
0.0,3.0,3.0,5.0,3.0,152.0,256.0,0.0,0.0,0.7828125,4.0,256.0,15
0.0,3.0,3.0,5.0,3.0,152.0,256.0,0.0,0.0,0.7828125,4.0,256.0,20
0.0,3.0,3.0,5.0,3.0,152.0,256.0,0.0,0.0,0.7828125,4.0,256.0,30
0.0,3.0,3.0,5.0,3.0,152.0,256.0,0.0,0.0,0.7828125,4.0,256.0,40
0.0,3.0,3.0,5.0,3.0,152.0,256.0,0.0,0.0,0.7828125,4.0,256.0,50
0.0,3.0,3.0,5.0,3.0,152.0,256.0,0.0,0.0,0.7828125,4.0,256.0,100
0.0,3.0,3.0,5.0,3.0,152.0,256.0,0.0,0.0,0.7828125,4.0,256.0,500
0.0,3.0,2.0,3.0,2.0,92.0,144.0,0.0,0.0,0.53125,4.0,512.0,5
0.0,3.0,2.0,3.0,2.0,92.0,144.0,0.0,0.0,0.53125,4.0,512.0,10
0.0,3.0,2.0,3.0,2.0,92.0,144.0,0.0,0.0,0.53125,4.0,512.0,15
0.0,3.0,2.0,3.0,2.0,92.0,144.0,0.0,0.0,0.53125,4.0,512.0,20
0.0,3.0,2.0,3.0,2.0,92.0,144.0,0.0,0.0,0.53125,4.0,512.0,30
0.0,3.0,2.0,3.0,2.0,92.0,144.0,0.0,0.0,0.53125,4.0,512.0,40
0.0,3.0,2.0,3.0,2.0,92.0,144.0,0.0,0.0,0.53125,4.0,512.0,50
0.0,3.0,2.0,3.0,2.0,92.0,144.0,0.0,0.0,0.53125,4.0,512.0,100
0.0,3.0,2.0,3.0,2.0,92.0,144.0,0.0,0.0,0.53125,4.0,512.0,500
0.0,3.0,2.0,3.0,2.0,92.0,144.0,0.0,0.0,0.53125,4.0,1024.0,5
0.0,3.0,2.0,3.0,2.0,92.0,144.0,0.0,0.0,0.53125,4.0,1024.0,10
0.0,3.0,2.0,3.0,2.0,92.0,144.0,0.0,0.0,0.53125,4.0,1024.0,15
0.0,3.0,2.0,3.0,2.0,92.0,144.0,0.0,0.0,0.53125,4.0,1024.0,20
0.0,3.0,2.0,3.0,2.0,92.0,144.0,0.0,0.0,0.53125,4.0,1024.0,30
0.0,3.0,2.0,3.0,2.0,92.0,144.0,0.0,0.0,0.53125,4.0,1024.0,40
0.0,3.0,2.0,3.0,2.0,92.0,144.0,0.0,0.0,0.53125,4.0,1024.0,50
0.0,3.0,2.0,3.0,2.0,92.0,144.0,0.0,0.0,0.53125,4.0,1024.0,100
0.0,3.0,2.0,3.0,2.0,92.0,144.0,0.0,0.0,0.53125,4.0,1024.0,500
0.0,3.0,2.0,3.0,2.0,92.0,144.0,0.0,0.0,0.53125,4.0,2048.0,5
0.0,3.0,2.0,3.0,2.0,92.0,144.0,0.0,0.0,0.53125,4.0,2048.0,10
0.0,3.0,2.0,3.0,2.0,92.0,144.0,0.0,0.0,0.53125,4.0,2048.0,15
0.0,3.0,2.0,3.0,2.0,92.0,144.0,0.0,0.0,0.53125,4.0,2048.0,20
0.0,3.0,2.0,3.0,2.0,92.0,144.0,0.0,0.0,0.53125,4.0,2048.0,30
0.0,3.0,2.0,3.0,2.0,92.0,144.0,0.0,0.0,0.53125,4.0,2048.0,40
0.0,3.0,2.0,3.0,2.0,92.0,144.0,0.0,0.0,0.53125,4.0,2048.0,50
0.0,3.0,2.0,3.0,2.0,92.0,144.0,0.0,0.0,0.53125,4.0,2048.0,100
0.0,3.0,2.0,3.0,2.0,92.0,144.0,0.0,0.0,0.53125,4.0,2048.0,500
0.0,3.0,2.0,3.0,2.0,92.0,144.0,0.0,0.0,0.53125,4.0,4096.0,5
0.0,3.0,2.0,3.0,2.0,92.0,144.0,0.0,0.0,0.53125,4.0,4096.0,10
0.0,3.0,2.0,3.0,2.0,92.0,144.0,0.0,0.0,0.53125,4.0,4096.0,15
0.0,3.0,2.0,3.0,2.0,92.0,144.0,0.0,0.0,0.53125,4.0,4096.0,20
0.0,3.0,2.0,3.0,2.0,92.0,144.0,0.0,0.0,0.53125,4.0,4096.0,30
0.0,3.0,2.0,3.0,2.0,92.0,144.0,0.0,0.0,0.53125,4.0,4096.0,40
0.0,3.0,2.0,3.0,2.0,92.0,144.0,0.0,0.0,0.53125,4.0,4096.0,50
0.0,3.0,2.0,3.0,2.0,92.0,144.0,0.0,0.0,0.53125,4.0,4096.0,100
0.0,3.0,2.0,3.0,2.0,92.0,144.0,0.0,0.0,0.53125,4.0,4096.0,500
0.0,3.0,2.0,3.0,2.0,92.0,144.0,0.0,0.0,0.53125,4.0,8192.0,5
0.0,3.0,2.0,3.0,2.0,92.0,144.0,0.0,0.0,0.53125,4.0,8192.0,10
0.0,3.0,2.0,3.0,2.0,92.0,144.0,0.0,0.0,0.53125,4.0,8192.0,15
0.0,3.0,2.0,3.0,2.0,92.0,144.0,0.0,0.0,0.53125,4.0,8192.0,20
0.0,3.0,2.0,3.0,2.0,92.0,144.0,0.0,0.0,0.53125,4.0,8192.0,30
0.0,3.0,2.0,3.0,2.0,92.0,144.0,0.0,0.0,0.53125,4.0,8192.0,40
0.0,3.0,2.0,3.0,2.0,92.0,144.0,0.0,0.0,0.53125,4.0,8192.0,50
0.0,3.0,2.0,3.0,2.0,92.0,144.0,0.0,0.0,0.53125,4.0,8192.0,100
0.0,3.0,2.0,3.0,2.0,92.0,144.0,0.0,0.0,0.53125,4.0,8192.0,500
0.0,3.0,2.0,3.0,2.0,92.0,144.0,0.0,0.0,0.53125,4.0,16384.0,5
0.0,3.0,2.0,3.0,2.0,92.0,144.0,0.0,0.0,0.53125,4.0,16384.0,10
0.0,3.0,2.0,3.0,2.0,92.0,144.0,0.0,0.0,0.53125,4.0,16384.0,15
0.0,3.0,2.0,3.0,2.0,92.0,144.0,0.0,0.0,0.53125,4.0,16384.0,20
0.0,3.0,2.0,3.0,2.0,92.0,144.0,0.0,0.0,0.53125,4.0,16384.0,30
0.0,3.0,2.0,3.0,2.0,92.0,144.0,0.0,0.0,0.53125,4.0,16384.0,40
0.0,3.0,2.0,3.0,2.0,92.0,144.0,0.0,0.0,0.53125,4.0,16384.0,50
0.0,3.0,2.0,3.0,2.0,92.0,144.0,0.0,0.0,0.53125,4.0,16384.0,100
0.0,3.0,2.0,3.0,2.0,92.0,144.0,0.0,0.0,0.53125,4.0,16384.0,500
0.0,3.0,2.0,3.0,2.0,92.0,144.0,0.0,0.0,0.53125,4.0,32768.0,5
0.0,3.0,2.0,3.0,2.0,92.0,144.0,0.0,0.0,0.53125,4.0,32768.0,10
0.0,3.0,2.0,3.0,2.0,92.0,144.0,0.0,0.0,0.53125,4.0,32768.0,15
0.0,3.0,2.0,3.0,2.0,92.0,144.0,0.0,0.0,0.53125,4.0,32768.0,20
0.0,3.0,2.0,3.0,2.0,92.0,144.0,0.0,0.0,0.53125,4.0,32768.0,30
0.0,3.0,2.0,3.0,2.0,92.0,144.0,0.0,0.0,0.53125,4.0,32768.0,40
0.0,3.0,2.0,3.0,2.0,92.0,144.0,0.0,0.0,0.53125,4.0,32768.0,50
0.0,3.0,2.0,3.0,2.0,92.0,144.0,0.0,0.0,0.53125,4.0,32768.0,100
0.0,3.0,2.0,3.0,2.0,92.0,144.0,0.0,0.0,0.53125,4.0,32768.0,500
3.0,3.0,4.0,19.0,16.0,744.0,1472.0,0.0,0.0,0.9109375,8.0,0.000976562,5
3.0,3.0,4.0,19.0,16.0,744.0,1472.0,0.0,0.0,0.9109375,8.0,0.000976562,10
3.0,3.0,4.0,19.0,16.0,744.0,1472.0,0.0,0.0,0.9109375,8.0,0.000976562,15
3.0,3.0,4.0,19.0,16.0,744.0,1472.0,0.0,0.0,0.9109375,8.0,0.000976562,20
3.0,3.0,4.0,19.0,16.0,744.0,1472.0,0.0,0.0,0.9109375,8.0,0.000976562,30
3.0,3.0,4.0,19.0,16.0,744.0,1472.0,0.0,0.0,0.9109375,8.0,0.000976562,40
3.0,3.0,4.0,19.0,16.0,744.0,1472.0,0.0,0.0,0.9109375,8.0,0.000976562,50
3.0,3.0,4.0,19.0,16.0,744.0,1472.0,0.0,0.0,0.9109375,8.0,0.000976562,100
3.0,3.0,4.0,19.0,16.0,744.0,1472.0,0.0,0.0,0.9109375,8.0,0.000976562,500
3.0,3.0,4.0,19.0,16.0,744.0,1472.0,0.0,0.0,0.9109375,8.0,0.00195312,5
3.0,3.0,4.0,19.0,16.0,744.0,1472.0,0.0,0.0,0.9109375,8.0,0.00195312,10
3.0,3.0,4.0,19.0,16.0,744.0,1472.0,0.0,0.0,0.9109375,8.0,0.00195312,15
3.0,3.0,4.0,19.0,16.0,744.0,1472.0,0.0,0.0,0.9109375,8.0,0.00195312,20
3.0,3.0,4.0,19.0,16.0,744.0,1472.0,0.0,0.0,0.9109375,8.0,0.00195312,30
3.0,3.0,4.0,19.0,16.0,744.0,1472.0,0.0,0.0,0.9109375,8.0,0.00195312,40
3.0,3.0,4.0,19.0,16.0,744.0,1472.0,0.0,0.0,0.9109375,8.0,0.00195312,50
3.0,3.0,4.0,19.0,16.0,744.0,1472.0,0.0,0.0,0.9109375,8.0,0.00195312,100
3.0,3.0,4.0,19.0,16.0,744.0,1472.0,0.0,0.0,0.9109375,8.0,0.00195312,500
3.0,3.0,4.0,19.0,16.0,744.0,1472.0,0.0,0.0,0.9109375,8.0,0.00390625,5
3.0,3.0,4.0,19.0,16.0,744.0,1472.0,0.0,0.0,0.9109375,8.0,0.00390625,10
3.0,3.0,4.0,19.0,16.0,744.0,1472.0,0.0,0.0,0.9109375,8.0,0.00390625,15
3.0,3.0,4.0,19.0,16.0,744.0,1472.0,0.0,0.0,0.9109375,8.0,0.00390625,20
3.0,3.0,4.0,19.0,16.0,744.0,1472.0,0.0,0.0,0.9109375,8.0,0.00390625,30
3.0,3.0,4.0,19.0,16.0,744.0,1472.0,0.0,0.0,0.9109375,8.0,0.00390625,40
3.0,3.0,4.0,19.0,16.0,744.0,1472.0,0.0,0.0,0.9109375,8.0,0.00390625,50
3.0,3.0,4.0,19.0,16.0,744.0,1472.0,0.0,0.0,0.9109375,8.0,0.00390625,100
3.0,3.0,4.0,19.0,16.0,744.0,1472.0,0.0,0.0,0.9109375,8.0,0.00390625,500
3.0,3.0,4.0,19.0,16.0,744.0,1472.0,0.0,0.0,0.9109375,8.0,0.0078125,5
3.0,3.0,4.0,19.0,16.0,744.0,1472.0,0.0,0.0,0.9109375,8.0,0.0078125,10
3.0,3.0,4.0,19.0,16.0,744.0,1472.0,0.0,0.0,0.9109375,8.0,0.0078125,15
3.0,3.0,4.0,19.0,16.0,744.0,1472.0,0.0,0.0,0.9109375,8.0,0.0078125,20
3.0,3.0,4.0,19.0,16.0,744.0,1472.0,0.0,0.0,0.9109375,8.0,0.0078125,30
3.0,3.0,4.0,19.0,16.0,744.0,1472.0,0.0,0.0,0.9109375,8.0,0.0078125,40
3.0,3.0,4.0,19.0,16.0,744.0,1472.0,0.0,0.0,0.9109375,8.0,0.0078125,50
3.0,3.0,4.0,19.0,16.0,744.0,1472.0,0.0,0.0,0.9109375,8.0,0.0078125,100
3.0,3.0,4.0,19.0,16.0,744.0,1472.0,0.0,0.0,0.9109375,8.0,0.0078125,500
3.0,3.0,4.0,19.0,16.0,744.0,1472.0,0.0,0.0,0.9109375,8.0,0.015625,5
3.0,3.0,4.0,19.0,16.0,744.0,1472.0,0.0,0.0,0.9109375,8.0,0.015625,10
3.0,3.0,4.0,19.0,16.0,744.0,1472.0,0.0,0.0,0.9109375,8.0,0.015625,15
3.0,3.0,4.0,19.0,16.0,744.0,1472.0,0.0,0.0,0.9109375,8.0,0.015625,20
3.0,3.0,4.0,19.0,16.0,744.0,1472.0,0.0,0.0,0.9109375,8.0,0.015625,30
3.0,3.0,4.0,19.0,16.0,744.0,1472.0,0.0,0.0,0.9109375,8.0,0.015625,40
3.0,3.0,4.0,19.0,16.0,744.0,1472.0,0.0,0.0,0.9109375,8.0,0.015625,50
3.0,3.0,4.0,19.0,16.0,744.0,1472.0,0.0,0.0,0.9109375,8.0,0.015625,100
3.0,3.0,4.0,19.0,16.0,744.0,1472.0,0.0,0.0,0.9109375,8.0,0.015625,500
3.0,3.0,4.0,19.0,16.0,744.0,1472.0,0.0,0.0,0.9109375,8.0,0.03125,5
3.0,3.0,4.0,19.0,16.0,744.0,1472.0,0.0,0.0,0.9109375,8.0,0.03125,10
3.0,3.0,4.0,19.0,16.0,744.0,1472.0,0.0,0.0,0.9109375,8.0,0.03125,15
3.0,3.0,4.0,19.0,16.0,744.0,1472.0,0.0,0.0,0.9109375,8.0,0.03125,20
3.0,3.0,4.0,19.0,16.0,744.0,1472.0,0.0,0.0,0.9109375,8.0,0.03125,30
3.0,3.0,4.0,19.0,16.0,744.0,1472.0,0.0,0.0,0.9109375,8.0,0.03125,40
3.0,3.0,4.0,19.0,16.0,744.0,1472.0,0.0,0.0,0.9109375,8.0,0.03125,50
3.0,3.0,4.0,19.0,16.0,744.0,1472.0,0.0,0.0,0.9109375,8.0,0.03125,100
3.0,3.0,4.0,19.0,16.0,744.0,1472.0,0.0,0.0,0.9109375,8.0,0.03125,500
3.0,3.0,4.0,19.0,16.0,744.0,1472.0,0.0,0.0,0.9109375,8.0,0.0625,5
3.0,3.0,4.0,19.0,16.0,744.0,1472.0,0.0,0.0,0.9109375,8.0,0.0625,10
3.0,3.0,4.0,19.0,16.0,744.0,1472.0,0.0,0.0,0.9109375,8.0,0.0625,15
3.0,3.0,4.0,19.0,16.0,744.0,1472.0,0.0,0.0,0.9109375,8.0,0.0625,20
3.0,3.0,4.0,19.0,16.0,744.0,1472.0,0.0,0.0,0.9109375,8.0,0.0625,30
3.0,3.0,4.0,19.0,16.0,744.0,1472.0,0.0,0.0,0.9109375,8.0,0.0625,40
3.0,3.0,4.0,19.0,16.0,744.0,1472.0,0.0,0.0,0.9109375,8.0,0.0625,50
3.0,3.0,4.0,19.0,16.0,744.0,1472.0,0.0,0.0,0.9109375,8.0,0.0625,100
3.0,3.0,4.0,19.0,16.0,744.0,1472.0,0.0,0.0,0.9109375,8.0,0.0625,500
3.0,3.0,4.0,19.0,16.0,744.0,1472.0,0.0,0.0,0.9109375,8.0,0.125,5
3.0,3.0,4.0,19.0,16.0,744.0,1472.0,0.0,0.0,0.9109375,8.0,0.125,10
3.0,3.0,4.0,19.0,16.0,744.0,1472.0,0.0,0.0,0.9109375,8.0,0.125,15
3.0,3.0,4.0,19.0,16.0,744.0,1472.0,0.0,0.0,0.9109375,8.0,0.125,20
3.0,3.0,4.0,19.0,16.0,744.0,1472.0,0.0,0.0,0.9109375,8.0,0.125,30
3.0,3.0,4.0,19.0,16.0,744.0,1472.0,0.0,0.0,0.9109375,8.0,0.125,40
3.0,3.0,4.0,19.0,16.0,744.0,1472.0,0.0,0.0,0.9109375,8.0,0.125,50
3.0,3.0,4.0,19.0,16.0,744.0,1472.0,0.0,0.0,0.9109375,8.0,0.125,100
3.0,3.0,4.0,19.0,16.0,744.0,1472.0,0.0,0.0,0.9109375,8.0,0.125,500
3.0,3.0,4.0,19.0,16.0,744.0,1472.0,0.0,0.0,0.9109375,8.0,0.25,5
3.0,3.0,4.0,19.0,16.0,744.0,1472.0,0.0,0.0,0.9109375,8.0,0.25,10
3.0,3.0,4.0,19.0,16.0,744.0,1472.0,0.0,0.0,0.9109375,8.0,0.25,15
3.0,3.0,4.0,19.0,16.0,744.0,1472.0,0.0,0.0,0.9109375,8.0,0.25,20
3.0,3.0,4.0,19.0,16.0,744.0,1472.0,0.0,0.0,0.9109375,8.0,0.25,30
3.0,3.0,4.0,19.0,16.0,744.0,1472.0,0.0,0.0,0.9109375,8.0,0.25,40
3.0,3.0,4.0,19.0,16.0,744.0,1472.0,0.0,0.0,0.9109375,8.0,0.25,50
3.0,3.0,4.0,19.0,16.0,744.0,1472.0,0.0,0.0,0.9109375,8.0,0.25,100
3.0,3.0,4.0,19.0,16.0,744.0,1472.0,0.0,0.0,0.9109375,8.0,0.25,500
3.0,3.0,4.0,19.0,16.0,744.0,1472.0,0.0,0.0,0.9109375,8.0,0.5,5
3.0,3.0,4.0,19.0,16.0,744.0,1472.0,0.0,0.0,0.9109375,8.0,0.5,10
3.0,3.0,4.0,19.0,16.0,744.0,1472.0,0.0,0.0,0.9109375,8.0,0.5,15
3.0,3.0,4.0,19.0,16.0,744.0,1472.0,0.0,0.0,0.9109375,8.0,0.5,20
3.0,3.0,4.0,19.0,16.0,744.0,1472.0,0.0,0.0,0.9109375,8.0,0.5,30
3.0,3.0,4.0,19.0,16.0,744.0,1472.0,0.0,0.0,0.9109375,8.0,0.5,40
3.0,3.0,4.0,19.0,16.0,744.0,1472.0,0.0,0.0,0.9109375,8.0,0.5,50
3.0,3.0,4.0,19.0,16.0,744.0,1472.0,0.0,0.0,0.9109375,8.0,0.5,100
3.0,3.0,4.0,19.0,16.0,744.0,1472.0,0.0,0.0,0.9109375,8.0,0.5,500
3.0,3.0,4.0,19.0,16.0,744.0,1472.0,0.0,0.0,0.9109375,8.0,1.0,5
3.0,3.0,4.0,19.0,16.0,744.0,1472.0,0.0,0.0,0.9109375,8.0,1.0,10
3.0,3.0,4.0,19.0,16.0,744.0,1472.0,0.0,0.0,0.9109375,8.0,1.0,15
3.0,3.0,4.0,19.0,16.0,744.0,1472.0,0.0,0.0,0.9109375,8.0,1.0,20
3.0,3.0,4.0,19.0,16.0,744.0,1472.0,0.0,0.0,0.9109375,8.0,1.0,30
3.0,3.0,4.0,19.0,16.0,744.0,1472.0,0.0,0.0,0.9109375,8.0,1.0,40
3.0,3.0,4.0,19.0,16.0,744.0,1472.0,0.0,0.0,0.9109375,8.0,1.0,50
3.0,3.0,4.0,19.0,16.0,744.0,1472.0,0.0,0.0,0.9109375,8.0,1.0,100
3.0,3.0,4.0,19.0,16.0,744.0,1472.0,0.0,0.0,0.9109375,8.0,1.0,500
3.0,3.0,4.0,19.0,16.0,744.0,1472.0,0.0,0.0,0.9109375,8.0,2.0,5
3.0,3.0,4.0,19.0,16.0,744.0,1472.0,0.0,0.0,0.9109375,8.0,2.0,10
3.0,3.0,4.0,19.0,16.0,744.0,1472.0,0.0,0.0,0.9109375,8.0,2.0,15
3.0,3.0,4.0,19.0,16.0,744.0,1472.0,0.0,0.0,0.9109375,8.0,2.0,20
3.0,3.0,4.0,19.0,16.0,744.0,1472.0,0.0,0.0,0.9109375,8.0,2.0,30
3.0,3.0,4.0,19.0,16.0,744.0,1472.0,0.0,0.0,0.9109375,8.0,2.0,40
3.0,3.0,4.0,19.0,16.0,744.0,1472.0,0.0,0.0,0.9109375,8.0,2.0,50
3.0,3.0,4.0,19.0,16.0,744.0,1472.0,0.0,0.0,0.9109375,8.0,2.0,100
3.0,3.0,4.0,19.0,16.0,744.0,1472.0,0.0,0.0,0.9109375,8.0,2.0,500
2.0,3.0,4.0,15.0,12.0,567.0,1104.0,0.0,0.0,0.9109375,8.0,4.0,5
2.0,3.0,4.0,15.0,12.0,567.0,1104.0,0.0,0.0,0.9109375,8.0,4.0,10
2.0,3.0,4.0,15.0,12.0,567.0,1104.0,0.0,0.0,0.9109375,8.0,4.0,15
2.0,3.0,4.0,15.0,12.0,567.0,1104.0,0.0,0.0,0.9109375,8.0,4.0,20
2.0,3.0,4.0,15.0,12.0,567.0,1104.0,0.0,0.0,0.9109375,8.0,4.0,30
2.0,3.0,4.0,15.0,12.0,567.0,1104.0,0.0,0.0,0.9109375,8.0,4.0,40
2.0,3.0,4.0,15.0,12.0,567.0,1104.0,0.0,0.0,0.9109375,8.0,4.0,50
2.0,3.0,4.0,15.0,12.0,567.0,1104.0,0.0,0.0,0.9109375,8.0,4.0,100
2.0,3.0,4.0,15.0,12.0,567.0,1104.0,0.0,0.0,0.9109375,8.0,4.0,500
2.0,3.0,4.0,15.0,12.0,567.0,1104.0,0.0,0.0,0.9109375,8.0,8.0,5
2.0,3.0,4.0,15.0,12.0,567.0,1104.0,0.0,0.0,0.9109375,8.0,8.0,10
2.0,3.0,4.0,15.0,12.0,567.0,1104.0,0.0,0.0,0.9109375,8.0,8.0,15
2.0,3.0,4.0,15.0,12.0,567.0,1104.0,0.0,0.0,0.9109375,8.0,8.0,20
2.0,3.0,4.0,15.0,12.0,567.0,1104.0,0.0,0.0,0.9109375,8.0,8.0,30
2.0,3.0,4.0,15.0,12.0,567.0,1104.0,0.0,0.0,0.9109375,8.0,8.0,40
2.0,3.0,4.0,15.0,12.0,567.0,1104.0,0.0,0.0,0.9109375,8.0,8.0,50
2.0,3.0,4.0,15.0,12.0,567.0,1104.0,0.0,0.0,0.9109375,8.0,8.0,100
2.0,3.0,4.0,15.0,12.0,567.0,1104.0,0.0,0.0,0.9109375,8.0,8.0,500
1.0,3.0,4.0,11.0,8.0,374.0,736.0,0.0,0.0,0.9109375,8.0,16.0,5
1.0,3.0,4.0,11.0,8.0,374.0,736.0,0.0,0.0,0.9109375,8.0,16.0,10
1.0,3.0,4.0,11.0,8.0,374.0,736.0,0.0,0.0,0.9109375,8.0,16.0,15
1.0,3.0,4.0,11.0,8.0,374.0,736.0,0.0,0.0,0.9109375,8.0,16.0,20
1.0,3.0,4.0,11.0,8.0,374.0,736.0,0.0,0.0,0.9109375,8.0,16.0,30
1.0,3.0,4.0,11.0,8.0,374.0,736.0,0.0,0.0,0.9109375,8.0,16.0,40
1.0,3.0,4.0,11.0,8.0,374.0,736.0,0.0,0.0,0.9109375,8.0,16.0,50
1.0,3.0,4.0,11.0,8.0,374.0,736.0,0.0,0.0,0.9109375,8.0,16.0,100
1.0,3.0,4.0,11.0,8.0,374.0,736.0,0.0,0.0,0.9109375,8.0,16.0,500
0.0,3.0,4.0,7.0,4.0,197.0,368.0,0.0,0.0,0.9109375,8.0,32.0,5
0.0,3.0,4.0,7.0,4.0,197.0,368.0,0.0,0.0,0.9109375,8.0,32.0,10
0.0,3.0,4.0,7.0,4.0,197.0,368.0,0.0,0.0,0.9109375,8.0,32.0,15
0.0,3.0,4.0,7.0,4.0,197.0,368.0,0.0,0.0,0.9109375,8.0,32.0,20
0.0,3.0,4.0,7.0,4.0,197.0,368.0,0.0,0.0,0.9109375,8.0,32.0,30
0.0,3.0,4.0,7.0,4.0,197.0,368.0,0.0,0.0,0.9109375,8.0,32.0,40
0.0,3.0,4.0,7.0,4.0,197.0,368.0,0.0,0.0,0.9109375,8.0,32.0,50
0.0,3.0,4.0,7.0,4.0,197.0,368.0,0.0,0.0,0.9109375,8.0,32.0,100
0.0,3.0,4.0,7.0,4.0,197.0,368.0,0.0,0.0,0.9109375,8.0,32.0,500
0.0,3.0,4.0,7.0,4.0,197.0,368.0,0.0,0.0,0.9109375,8.0,64.0,5
0.0,3.0,4.0,7.0,4.0,197.0,368.0,0.0,0.0,0.9109375,8.0,64.0,10
0.0,3.0,4.0,7.0,4.0,197.0,368.0,0.0,0.0,0.9109375,8.0,64.0,15
0.0,3.0,4.0,7.0,4.0,197.0,368.0,0.0,0.0,0.9109375,8.0,64.0,20
0.0,3.0,4.0,7.0,4.0,197.0,368.0,0.0,0.0,0.9109375,8.0,64.0,30
0.0,3.0,4.0,7.0,4.0,197.0,368.0,0.0,0.0,0.9109375,8.0,64.0,40
0.0,3.0,4.0,7.0,4.0,197.0,368.0,0.0,0.0,0.9109375,8.0,64.0,50
0.0,3.0,4.0,7.0,4.0,197.0,368.0,0.0,0.0,0.9109375,8.0,64.0,100
0.0,3.0,4.0,7.0,4.0,197.0,368.0,0.0,0.0,0.9109375,8.0,64.0,500
0.0,3.0,4.0,7.0,4.0,197.0,368.0,0.0,0.0,0.9109375,8.0,128.0,5
0.0,3.0,4.0,7.0,4.0,197.0,368.0,0.0,0.0,0.9109375,8.0,128.0,10
0.0,3.0,4.0,7.0,4.0,197.0,368.0,0.0,0.0,0.9109375,8.0,128.0,15
0.0,3.0,4.0,7.0,4.0,197.0,368.0,0.0,0.0,0.9109375,8.0,128.0,20
0.0,3.0,4.0,7.0,4.0,197.0,368.0,0.0,0.0,0.9109375,8.0,128.0,30
0.0,3.0,4.0,7.0,4.0,197.0,368.0,0.0,0.0,0.9109375,8.0,128.0,40
0.0,3.0,4.0,7.0,4.0,197.0,368.0,0.0,0.0,0.9109375,8.0,128.0,50
0.0,3.0,4.0,7.0,4.0,197.0,368.0,0.0,0.0,0.9109375,8.0,128.0,100
0.0,3.0,4.0,7.0,4.0,197.0,368.0,0.0,0.0,0.9109375,8.0,128.0,500
0.0,3.0,3.0,5.0,3.0,152.0,256.0,0.0,0.0,0.7828125,8.0,256.0,5
0.0,3.0,3.0,5.0,3.0,152.0,256.0,0.0,0.0,0.7828125,8.0,256.0,10
0.0,3.0,3.0,5.0,3.0,152.0,256.0,0.0,0.0,0.7828125,8.0,256.0,15
0.0,3.0,3.0,5.0,3.0,152.0,256.0,0.0,0.0,0.7828125,8.0,256.0,20
0.0,3.0,3.0,5.0,3.0,152.0,256.0,0.0,0.0,0.7828125,8.0,256.0,30
0.0,3.0,3.0,5.0,3.0,152.0,256.0,0.0,0.0,0.7828125,8.0,256.0,40
0.0,3.0,3.0,5.0,3.0,152.0,256.0,0.0,0.0,0.7828125,8.0,256.0,50
0.0,3.0,3.0,5.0,3.0,152.0,256.0,0.0,0.0,0.7828125,8.0,256.0,100
0.0,3.0,3.0,5.0,3.0,152.0,256.0,0.0,0.0,0.7828125,8.0,256.0,500
0.0,3.0,2.0,3.0,2.0,92.0,144.0,0.0,0.0,0.53125,8.0,512.0,5
0.0,3.0,2.0,3.0,2.0,92.0,144.0,0.0,0.0,0.53125,8.0,512.0,10
0.0,3.0,2.0,3.0,2.0,92.0,144.0,0.0,0.0,0.53125,8.0,512.0,15
0.0,3.0,2.0,3.0,2.0,92.0,144.0,0.0,0.0,0.53125,8.0,512.0,20
0.0,3.0,2.0,3.0,2.0,92.0,144.0,0.0,0.0,0.53125,8.0,512.0,30
0.0,3.0,2.0,3.0,2.0,92.0,144.0,0.0,0.0,0.53125,8.0,512.0,40
0.0,3.0,2.0,3.0,2.0,92.0,144.0,0.0,0.0,0.53125,8.0,512.0,50
0.0,3.0,2.0,3.0,2.0,92.0,144.0,0.0,0.0,0.53125,8.0,512.0,100
0.0,3.0,2.0,3.0,2.0,92.0,144.0,0.0,0.0,0.53125,8.0,512.0,500
0.0,3.0,2.0,3.0,2.0,92.0,144.0,0.0,0.0,0.53125,8.0,1024.0,5
0.0,3.0,2.0,3.0,2.0,92.0,144.0,0.0,0.0,0.53125,8.0,1024.0,10
0.0,3.0,2.0,3.0,2.0,92.0,144.0,0.0,0.0,0.53125,8.0,1024.0,15
0.0,3.0,2.0,3.0,2.0,92.0,144.0,0.0,0.0,0.53125,8.0,1024.0,20
0.0,3.0,2.0,3.0,2.0,92.0,144.0,0.0,0.0,0.53125,8.0,1024.0,30
0.0,3.0,2.0,3.0,2.0,92.0,144.0,0.0,0.0,0.53125,8.0,1024.0,40
0.0,3.0,2.0,3.0,2.0,92.0,144.0,0.0,0.0,0.53125,8.0,1024.0,50
0.0,3.0,2.0,3.0,2.0,92.0,144.0,0.0,0.0,0.53125,8.0,1024.0,100
0.0,3.0,2.0,3.0,2.0,92.0,144.0,0.0,0.0,0.53125,8.0,1024.0,500
0.0,3.0,2.0,3.0,2.0,92.0,144.0,0.0,0.0,0.53125,8.0,2048.0,5
0.0,3.0,2.0,3.0,2.0,92.0,144.0,0.0,0.0,0.53125,8.0,2048.0,10
0.0,3.0,2.0,3.0,2.0,92.0,144.0,0.0,0.0,0.53125,8.0,2048.0,15
0.0,3.0,2.0,3.0,2.0,92.0,144.0,0.0,0.0,0.53125,8.0,2048.0,20
0.0,3.0,2.0,3.0,2.0,92.0,144.0,0.0,0.0,0.53125,8.0,2048.0,30
0.0,3.0,2.0,3.0,2.0,92.0,144.0,0.0,0.0,0.53125,8.0,2048.0,40
0.0,3.0,2.0,3.0,2.0,92.0,144.0,0.0,0.0,0.53125,8.0,2048.0,50
0.0,3.0,2.0,3.0,2.0,92.0,144.0,0.0,0.0,0.53125,8.0,2048.0,100
0.0,3.0,2.0,3.0,2.0,92.0,144.0,0.0,0.0,0.53125,8.0,2048.0,500
0.0,3.0,2.0,3.0,2.0,92.0,144.0,0.0,0.0,0.53125,8.0,4096.0,5
0.0,3.0,2.0,3.0,2.0,92.0,144.0,0.0,0.0,0.53125,8.0,4096.0,10
0.0,3.0,2.0,3.0,2.0,92.0,144.0,0.0,0.0,0.53125,8.0,4096.0,15
0.0,3.0,2.0,3.0,2.0,92.0,144.0,0.0,0.0,0.53125,8.0,4096.0,20
0.0,3.0,2.0,3.0,2.0,92.0,144.0,0.0,0.0,0.53125,8.0,4096.0,30
0.0,3.0,2.0,3.0,2.0,92.0,144.0,0.0,0.0,0.53125,8.0,4096.0,40
0.0,3.0,2.0,3.0,2.0,92.0,144.0,0.0,0.0,0.53125,8.0,4096.0,50
0.0,3.0,2.0,3.0,2.0,92.0,144.0,0.0,0.0,0.53125,8.0,4096.0,100
0.0,3.0,2.0,3.0,2.0,92.0,144.0,0.0,0.0,0.53125,8.0,4096.0,500
0.0,3.0,2.0,3.0,2.0,92.0,144.0,0.0,0.0,0.53125,8.0,8192.0,5
0.0,3.0,2.0,3.0,2.0,92.0,144.0,0.0,0.0,0.53125,8.0,8192.0,10
0.0,3.0,2.0,3.0,2.0,92.0,144.0,0.0,0.0,0.53125,8.0,8192.0,15
0.0,3.0,2.0,3.0,2.0,92.0,144.0,0.0,0.0,0.53125,8.0,8192.0,20
0.0,3.0,2.0,3.0,2.0,92.0,144.0,0.0,0.0,0.53125,8.0,8192.0,30
0.0,3.0,2.0,3.0,2.0,92.0,144.0,0.0,0.0,0.53125,8.0,8192.0,40
0.0,3.0,2.0,3.0,2.0,92.0,144.0,0.0,0.0,0.53125,8.0,8192.0,50
0.0,3.0,2.0,3.0,2.0,92.0,144.0,0.0,0.0,0.53125,8.0,8192.0,100
0.0,3.0,2.0,3.0,2.0,92.0,144.0,0.0,0.0,0.53125,8.0,8192.0,500
0.0,3.0,2.0,3.0,2.0,92.0,144.0,0.0,0.0,0.53125,8.0,16384.0,5
0.0,3.0,2.0,3.0,2.0,92.0,144.0,0.0,0.0,0.53125,8.0,16384.0,10
0.0,3.0,2.0,3.0,2.0,92.0,144.0,0.0,0.0,0.53125,8.0,16384.0,15
0.0,3.0,2.0,3.0,2.0,92.0,144.0,0.0,0.0,0.53125,8.0,16384.0,20
0.0,3.0,2.0,3.0,2.0,92.0,144.0,0.0,0.0,0.53125,8.0,16384.0,30
0.0,3.0,2.0,3.0,2.0,92.0,144.0,0.0,0.0,0.53125,8.0,16384.0,40
0.0,3.0,2.0,3.0,2.0,92.0,144.0,0.0,0.0,0.53125,8.0,16384.0,50
0.0,3.0,2.0,3.0,2.0,92.0,144.0,0.0,0.0,0.53125,8.0,16384.0,100
0.0,3.0,2.0,3.0,2.0,92.0,144.0,0.0,0.0,0.53125,8.0,16384.0,500
0.0,3.0,2.0,3.0,2.0,92.0,144.0,0.0,0.0,0.53125,8.0,32768.0,5
0.0,3.0,2.0,3.0,2.0,92.0,144.0,0.0,0.0,0.53125,8.0,32768.0,10
0.0,3.0,2.0,3.0,2.0,92.0,144.0,0.0,0.0,0.53125,8.0,32768.0,15
0.0,3.0,2.0,3.0,2.0,92.0,144.0,0.0,0.0,0.53125,8.0,32768.0,20
0.0,3.0,2.0,3.0,2.0,92.0,144.0,0.0,0.0,0.53125,8.0,32768.0,30
0.0,3.0,2.0,3.0,2.0,92.0,144.0,0.0,0.0,0.53125,8.0,32768.0,40
0.0,3.0,2.0,3.0,2.0,92.0,144.0,0.0,0.0,0.53125,8.0,32768.0,50
0.0,3.0,2.0,3.0,2.0,92.0,144.0,0.0,0.0,0.53125,8.0,32768.0,100
0.0,3.0,2.0,3.0,2.0,92.0,144.0,0.0,0.0,0.53125,8.0,32768.0,500
0.0,3.0,1.0,1.0,1.0,47.0,32.0,0.0,0.0,0.53125,16.0,0.000976562,5
0.0,3.0,1.0,1.0,1.0,47.0,32.0,0.0,0.0,0.53125,16.0,0.000976562,10
0.0,3.0,1.0,1.0,1.0,47.0,32.0,0.0,0.0,0.53125,16.0,0.000976562,15
0.0,3.0,1.0,1.0,1.0,47.0,32.0,0.0,0.0,0.53125,16.0,0.000976562,20
0.0,3.0,1.0,1.0,1.0,47.0,32.0,0.0,0.0,0.53125,16.0,0.000976562,30
0.0,3.0,1.0,1.0,1.0,47.0,32.0,0.0,0.0,0.53125,16.0,0.000976562,40
0.0,3.0,1.0,1.0,1.0,47.0,32.0,0.0,0.0,0.53125,16.0,0.000976562,50
0.0,3.0,1.0,1.0,1.0,47.0,32.0,0.0,0.0,0.53125,16.0,0.000976562,100
0.0,3.0,1.0,1.0,1.0,47.0,32.0,0.0,0.0,0.53125,16.0,0.000976562,500
0.0,3.0,1.0,1.0,1.0,47.0,32.0,0.0,0.0,0.53125,16.0,0.00195312,5
0.0,3.0,1.0,1.0,1.0,47.0,32.0,0.0,0.0,0.53125,16.0,0.00195312,10
0.0,3.0,1.0,1.0,1.0,47.0,32.0,0.0,0.0,0.53125,16.0,0.00195312,15
0.0,3.0,1.0,1.0,1.0,47.0,32.0,0.0,0.0,0.53125,16.0,0.00195312,20
0.0,3.0,1.0,1.0,1.0,47.0,32.0,0.0,0.0,0.53125,16.0,0.00195312,30
0.0,3.0,1.0,1.0,1.0,47.0,32.0,0.0,0.0,0.53125,16.0,0.00195312,40
0.0,3.0,1.0,1.0,1.0,47.0,32.0,0.0,0.0,0.53125,16.0,0.00195312,50
0.0,3.0,1.0,1.0,1.0,47.0,32.0,0.0,0.0,0.53125,16.0,0.00195312,100
0.0,3.0,1.0,1.0,1.0,47.0,32.0,0.0,0.0,0.53125,16.0,0.00195312,500
0.0,3.0,1.0,1.0,1.0,47.0,32.0,0.0,0.0,0.53125,16.0,0.00390625,5
0.0,3.0,1.0,1.0,1.0,47.0,32.0,0.0,0.0,0.53125,16.0,0.00390625,10
0.0,3.0,1.0,1.0,1.0,47.0,32.0,0.0,0.0,0.53125,16.0,0.00390625,15
0.0,3.0,1.0,1.0,1.0,47.0,32.0,0.0,0.0,0.53125,16.0,0.00390625,20
0.0,3.0,1.0,1.0,1.0,47.0,32.0,0.0,0.0,0.53125,16.0,0.00390625,30
0.0,3.0,1.0,1.0,1.0,47.0,32.0,0.0,0.0,0.53125,16.0,0.00390625,40
0.0,3.0,1.0,1.0,1.0,47.0,32.0,0.0,0.0,0.53125,16.0,0.00390625,50
0.0,3.0,1.0,1.0,1.0,47.0,32.0,0.0,0.0,0.53125,16.0,0.00390625,100
0.0,3.0,1.0,1.0,1.0,47.0,32.0,0.0,0.0,0.53125,16.0,0.00390625,500
0.0,3.0,1.0,1.0,1.0,47.0,32.0,0.0,0.0,0.53125,16.0,0.0078125,5
0.0,3.0,1.0,1.0,1.0,47.0,32.0,0.0,0.0,0.53125,16.0,0.0078125,10
0.0,3.0,1.0,1.0,1.0,47.0,32.0,0.0,0.0,0.53125,16.0,0.0078125,15
0.0,3.0,1.0,1.0,1.0,47.0,32.0,0.0,0.0,0.53125,16.0,0.0078125,20
0.0,3.0,1.0,1.0,1.0,47.0,32.0,0.0,0.0,0.53125,16.0,0.0078125,30
0.0,3.0,1.0,1.0,1.0,47.0,32.0,0.0,0.0,0.53125,16.0,0.0078125,40
0.0,3.0,1.0,1.0,1.0,47.0,32.0,0.0,0.0,0.53125,16.0,0.0078125,50
0.0,3.0,1.0,1.0,1.0,47.0,32.0,0.0,0.0,0.53125,16.0,0.0078125,100
0.0,3.0,1.0,1.0,1.0,47.0,32.0,0.0,0.0,0.53125,16.0,0.0078125,500
0.0,3.0,1.0,1.0,1.0,47.0,32.0,0.0,0.0,0.53125,16.0,0.015625,5
0.0,3.0,1.0,1.0,1.0,47.0,32.0,0.0,0.0,0.53125,16.0,0.015625,10
0.0,3.0,1.0,1.0,1.0,47.0,32.0,0.0,0.0,0.53125,16.0,0.015625,15
0.0,3.0,1.0,1.0,1.0,47.0,32.0,0.0,0.0,0.53125,16.0,0.015625,20
0.0,3.0,1.0,1.0,1.0,47.0,32.0,0.0,0.0,0.53125,16.0,0.015625,30
0.0,3.0,1.0,1.0,1.0,47.0,32.0,0.0,0.0,0.53125,16.0,0.015625,40
0.0,3.0,1.0,1.0,1.0,47.0,32.0,0.0,0.0,0.53125,16.0,0.015625,50
0.0,3.0,1.0,1.0,1.0,47.0,32.0,0.0,0.0,0.53125,16.0,0.015625,100
0.0,3.0,1.0,1.0,1.0,47.0,32.0,0.0,0.0,0.53125,16.0,0.015625,500
0.0,3.0,1.0,1.0,1.0,47.0,32.0,0.0,0.0,0.53125,16.0,0.03125,5
0.0,3.0,1.0,1.0,1.0,47.0,32.0,0.0,0.0,0.53125,16.0,0.03125,10
0.0,3.0,1.0,1.0,1.0,47.0,32.0,0.0,0.0,0.53125,16.0,0.03125,15
0.0,3.0,1.0,1.0,1.0,47.0,32.0,0.0,0.0,0.53125,16.0,0.03125,20
0.0,3.0,1.0,1.0,1.0,47.0,32.0,0.0,0.0,0.53125,16.0,0.03125,30
0.0,3.0,1.0,1.0,1.0,47.0,32.0,0.0,0.0,0.53125,16.0,0.03125,40
0.0,3.0,1.0,1.0,1.0,47.0,32.0,0.0,0.0,0.53125,16.0,0.03125,50
0.0,3.0,1.0,1.0,1.0,47.0,32.0,0.0,0.0,0.53125,16.0,0.03125,100
0.0,3.0,1.0,1.0,1.0,47.0,32.0,0.0,0.0,0.53125,16.0,0.03125,500
0.0,3.0,1.0,1.0,1.0,47.0,32.0,0.0,0.0,0.53125,16.0,0.0625,5
0.0,3.0,1.0,1.0,1.0,47.0,32.0,0.0,0.0,0.53125,16.0,0.0625,10
0.0,3.0,1.0,1.0,1.0,47.0,32.0,0.0,0.0,0.53125,16.0,0.0625,15
0.0,3.0,1.0,1.0,1.0,47.0,32.0,0.0,0.0,0.53125,16.0,0.0625,20
0.0,3.0,1.0,1.0,1.0,47.0,32.0,0.0,0.0,0.53125,16.0,0.0625,30
0.0,3.0,1.0,1.0,1.0,47.0,32.0,0.0,0.0,0.53125,16.0,0.0625,40
0.0,3.0,1.0,1.0,1.0,47.0,32.0,0.0,0.0,0.53125,16.0,0.0625,50
0.0,3.0,1.0,1.0,1.0,47.0,32.0,0.0,0.0,0.53125,16.0,0.0625,100
0.0,3.0,1.0,1.0,1.0,47.0,32.0,0.0,0.0,0.53125,16.0,0.0625,500
0.0,3.0,1.0,1.0,1.0,47.0,32.0,0.0,0.0,0.53125,16.0,0.125,5
0.0,3.0,1.0,1.0,1.0,47.0,32.0,0.0,0.0,0.53125,16.0,0.125,10
0.0,3.0,1.0,1.0,1.0,47.0,32.0,0.0,0.0,0.53125,16.0,0.125,15
0.0,3.0,1.0,1.0,1.0,47.0,32.0,0.0,0.0,0.53125,16.0,0.125,20
0.0,3.0,1.0,1.0,1.0,47.0,32.0,0.0,0.0,0.53125,16.0,0.125,30
0.0,3.0,1.0,1.0,1.0,47.0,32.0,0.0,0.0,0.53125,16.0,0.125,40
0.0,3.0,1.0,1.0,1.0,47.0,32.0,0.0,0.0,0.53125,16.0,0.125,50
0.0,3.0,1.0,1.0,1.0,47.0,32.0,0.0,0.0,0.53125,16.0,0.125,100
0.0,3.0,1.0,1.0,1.0,47.0,32.0,0.0,0.0,0.53125,16.0,0.125,500
0.0,3.0,1.0,1.0,1.0,47.0,32.0,0.0,0.0,0.53125,16.0,0.25,5
0.0,3.0,1.0,1.0,1.0,47.0,32.0,0.0,0.0,0.53125,16.0,0.25,10
0.0,3.0,1.0,1.0,1.0,47.0,32.0,0.0,0.0,0.53125,16.0,0.25,15
0.0,3.0,1.0,1.0,1.0,47.0,32.0,0.0,0.0,0.53125,16.0,0.25,20
0.0,3.0,1.0,1.0,1.0,47.0,32.0,0.0,0.0,0.53125,16.0,0.25,30
0.0,3.0,1.0,1.0,1.0,47.0,32.0,0.0,0.0,0.53125,16.0,0.25,40
0.0,3.0,1.0,1.0,1.0,47.0,32.0,0.0,0.0,0.53125,16.0,0.25,50
0.0,3.0,1.0,1.0,1.0,47.0,32.0,0.0,0.0,0.53125,16.0,0.25,100
0.0,3.0,1.0,1.0,1.0,47.0,32.0,0.0,0.0,0.53125,16.0,0.25,500
0.0,3.0,1.0,1.0,1.0,47.0,32.0,0.0,0.0,0.53125,16.0,0.5,5
0.0,3.0,1.0,1.0,1.0,47.0,32.0,0.0,0.0,0.53125,16.0,0.5,10
0.0,3.0,1.0,1.0,1.0,47.0,32.0,0.0,0.0,0.53125,16.0,0.5,15
0.0,3.0,1.0,1.0,1.0,47.0,32.0,0.0,0.0,0.53125,16.0,0.5,20
0.0,3.0,1.0,1.0,1.0,47.0,32.0,0.0,0.0,0.53125,16.0,0.5,30
0.0,3.0,1.0,1.0,1.0,47.0,32.0,0.0,0.0,0.53125,16.0,0.5,40
0.0,3.0,1.0,1.0,1.0,47.0,32.0,0.0,0.0,0.53125,16.0,0.5,50
0.0,3.0,1.0,1.0,1.0,47.0,32.0,0.0,0.0,0.53125,16.0,0.5,100
0.0,3.0,1.0,1.0,1.0,47.0,32.0,0.0,0.0,0.53125,16.0,0.5,500
0.0,3.0,1.0,1.0,1.0,47.0,32.0,0.0,0.0,0.53125,16.0,1.0,5
0.0,3.0,1.0,1.0,1.0,47.0,32.0,0.0,0.0,0.53125,16.0,1.0,10
0.0,3.0,1.0,1.0,1.0,47.0,32.0,0.0,0.0,0.53125,16.0,1.0,15
0.0,3.0,1.0,1.0,1.0,47.0,32.0,0.0,0.0,0.53125,16.0,1.0,20
0.0,3.0,1.0,1.0,1.0,47.0,32.0,0.0,0.0,0.53125,16.0,1.0,30
0.0,3.0,1.0,1.0,1.0,47.0,32.0,0.0,0.0,0.53125,16.0,1.0,40
0.0,3.0,1.0,1.0,1.0,47.0,32.0,0.0,0.0,0.53125,16.0,1.0,50
0.0,3.0,1.0,1.0,1.0,47.0,32.0,0.0,0.0,0.53125,16.0,1.0,100
0.0,3.0,1.0,1.0,1.0,47.0,32.0,0.0,0.0,0.53125,16.0,1.0,500
0.0,3.0,1.0,1.0,1.0,47.0,32.0,0.0,0.0,0.53125,16.0,2.0,5
0.0,3.0,1.0,1.0,1.0,47.0,32.0,0.0,0.0,0.53125,16.0,2.0,10
0.0,3.0,1.0,1.0,1.0,47.0,32.0,0.0,0.0,0.53125,16.0,2.0,15
0.0,3.0,1.0,1.0,1.0,47.0,32.0,0.0,0.0,0.53125,16.0,2.0,20
0.0,3.0,1.0,1.0,1.0,47.0,32.0,0.0,0.0,0.53125,16.0,2.0,30
0.0,3.0,1.0,1.0,1.0,47.0,32.0,0.0,0.0,0.53125,16.0,2.0,40
0.0,3.0,1.0,1.0,1.0,47.0,32.0,0.0,0.0,0.53125,16.0,2.0,50
0.0,3.0,1.0,1.0,1.0,47.0,32.0,0.0,0.0,0.53125,16.0,2.0,100
0.0,3.0,1.0,1.0,1.0,47.0,32.0,0.0,0.0,0.53125,16.0,2.0,500
0.0,3.0,1.0,1.0,1.0,47.0,32.0,0.0,0.0,0.53125,16.0,4.0,5
0.0,3.0,1.0,1.0,1.0,47.0,32.0,0.0,0.0,0.53125,16.0,4.0,10
0.0,3.0,1.0,1.0,1.0,47.0,32.0,0.0,0.0,0.53125,16.0,4.0,15
0.0,3.0,1.0,1.0,1.0,47.0,32.0,0.0,0.0,0.53125,16.0,4.0,20
0.0,3.0,1.0,1.0,1.0,47.0,32.0,0.0,0.0,0.53125,16.0,4.0,30
0.0,3.0,1.0,1.0,1.0,47.0,32.0,0.0,0.0,0.53125,16.0,4.0,40
0.0,3.0,1.0,1.0,1.0,47.0,32.0,0.0,0.0,0.53125,16.0,4.0,50
0.0,3.0,1.0,1.0,1.0,47.0,32.0,0.0,0.0,0.53125,16.0,4.0,100
0.0,3.0,1.0,1.0,1.0,47.0,32.0,0.0,0.0,0.53125,16.0,4.0,500
0.0,3.0,1.0,1.0,1.0,47.0,32.0,0.0,0.0,0.53125,16.0,8.0,5
0.0,3.0,1.0,1.0,1.0,47.0,32.0,0.0,0.0,0.53125,16.0,8.0,10
0.0,3.0,1.0,1.0,1.0,47.0,32.0,0.0,0.0,0.53125,16.0,8.0,15
0.0,3.0,1.0,1.0,1.0,47.0,32.0,0.0,0.0,0.53125,16.0,8.0,20
0.0,3.0,1.0,1.0,1.0,47.0,32.0,0.0,0.0,0.53125,16.0,8.0,30
0.0,3.0,1.0,1.0,1.0,47.0,32.0,0.0,0.0,0.53125,16.0,8.0,40
0.0,3.0,1.0,1.0,1.0,47.0,32.0,0.0,0.0,0.53125,16.0,8.0,50
0.0,3.0,1.0,1.0,1.0,47.0,32.0,0.0,0.0,0.53125,16.0,8.0,100
0.0,3.0,1.0,1.0,1.0,47.0,32.0,0.0,0.0,0.53125,16.0,8.0,500
0.0,3.0,1.0,1.0,1.0,47.0,32.0,0.0,0.0,0.53125,16.0,16.0,5
0.0,3.0,1.0,1.0,1.0,47.0,32.0,0.0,0.0,0.53125,16.0,16.0,10
0.0,3.0,1.0,1.0,1.0,47.0,32.0,0.0,0.0,0.53125,16.0,16.0,15
0.0,3.0,1.0,1.0,1.0,47.0,32.0,0.0,0.0,0.53125,16.0,16.0,20
0.0,3.0,1.0,1.0,1.0,47.0,32.0,0.0,0.0,0.53125,16.0,16.0,30
0.0,3.0,1.0,1.0,1.0,47.0,32.0,0.0,0.0,0.53125,16.0,16.0,40
0.0,3.0,1.0,1.0,1.0,47.0,32.0,0.0,0.0,0.53125,16.0,16.0,50
0.0,3.0,1.0,1.0,1.0,47.0,32.0,0.0,0.0,0.53125,16.0,16.0,100
0.0,3.0,1.0,1.0,1.0,47.0,32.0,0.0,0.0,0.53125,16.0,16.0,500
0.0,3.0,1.0,1.0,1.0,47.0,32.0,0.0,0.0,0.53125,16.0,32.0,5
0.0,3.0,1.0,1.0,1.0,47.0,32.0,0.0,0.0,0.53125,16.0,32.0,10
0.0,3.0,1.0,1.0,1.0,47.0,32.0,0.0,0.0,0.53125,16.0,32.0,15
0.0,3.0,1.0,1.0,1.0,47.0,32.0,0.0,0.0,0.53125,16.0,32.0,20
0.0,3.0,1.0,1.0,1.0,47.0,32.0,0.0,0.0,0.53125,16.0,32.0,30
0.0,3.0,1.0,1.0,1.0,47.0,32.0,0.0,0.0,0.53125,16.0,32.0,40
0.0,3.0,1.0,1.0,1.0,47.0,32.0,0.0,0.0,0.53125,16.0,32.0,50
0.0,3.0,1.0,1.0,1.0,47.0,32.0,0.0,0.0,0.53125,16.0,32.0,100
0.0,3.0,1.0,1.0,1.0,47.0,32.0,0.0,0.0,0.53125,16.0,32.0,500
0.0,3.0,1.0,1.0,1.0,47.0,32.0,0.0,0.0,0.53125,16.0,64.0,5
0.0,3.0,1.0,1.0,1.0,47.0,32.0,0.0,0.0,0.53125,16.0,64.0,10
0.0,3.0,1.0,1.0,1.0,47.0,32.0,0.0,0.0,0.53125,16.0,64.0,15
0.0,3.0,1.0,1.0,1.0,47.0,32.0,0.0,0.0,0.53125,16.0,64.0,20
0.0,3.0,1.0,1.0,1.0,47.0,32.0,0.0,0.0,0.53125,16.0,64.0,30
0.0,3.0,1.0,1.0,1.0,47.0,32.0,0.0,0.0,0.53125,16.0,64.0,40
0.0,3.0,1.0,1.0,1.0,47.0,32.0,0.0,0.0,0.53125,16.0,64.0,50
0.0,3.0,1.0,1.0,1.0,47.0,32.0,0.0,0.0,0.53125,16.0,64.0,100
0.0,3.0,1.0,1.0,1.0,47.0,32.0,0.0,0.0,0.53125,16.0,64.0,500
0.0,3.0,1.0,1.0,1.0,47.0,32.0,0.0,0.0,0.53125,16.0,128.0,5
0.0,3.0,1.0,1.0,1.0,47.0,32.0,0.0,0.0,0.53125,16.0,128.0,10
0.0,3.0,1.0,1.0,1.0,47.0,32.0,0.0,0.0,0.53125,16.0,128.0,15
0.0,3.0,1.0,1.0,1.0,47.0,32.0,0.0,0.0,0.53125,16.0,128.0,20
0.0,3.0,1.0,1.0,1.0,47.0,32.0,0.0,0.0,0.53125,16.0,128.0,30
0.0,3.0,1.0,1.0,1.0,47.0,32.0,0.0,0.0,0.53125,16.0,128.0,40
0.0,3.0,1.0,1.0,1.0,47.0,32.0,0.0,0.0,0.53125,16.0,128.0,50
0.0,3.0,1.0,1.0,1.0,47.0,32.0,0.0,0.0,0.53125,16.0,128.0,100
0.0,3.0,1.0,1.0,1.0,47.0,32.0,0.0,0.0,0.53125,16.0,128.0,500
0.0,3.0,1.0,1.0,1.0,47.0,32.0,0.0,0.0,0.53125,16.0,256.0,5
0.0,3.0,1.0,1.0,1.0,47.0,32.0,0.0,0.0,0.53125,16.0,256.0,10
0.0,3.0,1.0,1.0,1.0,47.0,32.0,0.0,0.0,0.53125,16.0,256.0,15
0.0,3.0,1.0,1.0,1.0,47.0,32.0,0.0,0.0,0.53125,16.0,256.0,20
0.0,3.0,1.0,1.0,1.0,47.0,32.0,0.0,0.0,0.53125,16.0,256.0,30
0.0,3.0,1.0,1.0,1.0,47.0,32.0,0.0,0.0,0.53125,16.0,256.0,40
0.0,3.0,1.0,1.0,1.0,47.0,32.0,0.0,0.0,0.53125,16.0,256.0,50
0.0,3.0,1.0,1.0,1.0,47.0,32.0,0.0,0.0,0.53125,16.0,256.0,100
0.0,3.0,1.0,1.0,1.0,47.0,32.0,0.0,0.0,0.53125,16.0,256.0,500
0.0,3.0,1.0,1.0,1.0,47.0,32.0,0.0,0.0,0.53125,16.0,512.0,5
0.0,3.0,1.0,1.0,1.0,47.0,32.0,0.0,0.0,0.53125,16.0,512.0,10
0.0,3.0,1.0,1.0,1.0,47.0,32.0,0.0,0.0,0.53125,16.0,512.0,15
0.0,3.0,1.0,1.0,1.0,47.0,32.0,0.0,0.0,0.53125,16.0,512.0,20
0.0,3.0,1.0,1.0,1.0,47.0,32.0,0.0,0.0,0.53125,16.0,512.0,30
0.0,3.0,1.0,1.0,1.0,47.0,32.0,0.0,0.0,0.53125,16.0,512.0,40
0.0,3.0,1.0,1.0,1.0,47.0,32.0,0.0,0.0,0.53125,16.0,512.0,50
0.0,3.0,1.0,1.0,1.0,47.0,32.0,0.0,0.0,0.53125,16.0,512.0,100
0.0,3.0,1.0,1.0,1.0,47.0,32.0,0.0,0.0,0.53125,16.0,512.0,500
0.0,3.0,1.0,1.0,1.0,47.0,32.0,0.0,0.0,0.53125,16.0,1024.0,5
0.0,3.0,1.0,1.0,1.0,47.0,32.0,0.0,0.0,0.53125,16.0,1024.0,10
0.0,3.0,1.0,1.0,1.0,47.0,32.0,0.0,0.0,0.53125,16.0,1024.0,15
0.0,3.0,1.0,1.0,1.0,47.0,32.0,0.0,0.0,0.53125,16.0,1024.0,20
0.0,3.0,1.0,1.0,1.0,47.0,32.0,0.0,0.0,0.53125,16.0,1024.0,30
0.0,3.0,1.0,1.0,1.0,47.0,32.0,0.0,0.0,0.53125,16.0,1024.0,40
0.0,3.0,1.0,1.0,1.0,47.0,32.0,0.0,0.0,0.53125,16.0,1024.0,50
0.0,3.0,1.0,1.0,1.0,47.0,32.0,0.0,0.0,0.53125,16.0,1024.0,100
0.0,3.0,1.0,1.0,1.0,47.0,32.0,0.0,0.0,0.53125,16.0,1024.0,500
0.0,3.0,1.0,1.0,1.0,47.0,32.0,0.0,0.0,0.53125,16.0,2048.0,5
0.0,3.0,1.0,1.0,1.0,47.0,32.0,0.0,0.0,0.53125,16.0,2048.0,10
0.0,3.0,1.0,1.0,1.0,47.0,32.0,0.0,0.0,0.53125,16.0,2048.0,15
0.0,3.0,1.0,1.0,1.0,47.0,32.0,0.0,0.0,0.53125,16.0,2048.0,20
0.0,3.0,1.0,1.0,1.0,47.0,32.0,0.0,0.0,0.53125,16.0,2048.0,30
0.0,3.0,1.0,1.0,1.0,47.0,32.0,0.0,0.0,0.53125,16.0,2048.0,40
0.0,3.0,1.0,1.0,1.0,47.0,32.0,0.0,0.0,0.53125,16.0,2048.0,50
0.0,3.0,1.0,1.0,1.0,47.0,32.0,0.0,0.0,0.53125,16.0,2048.0,100
0.0,3.0,1.0,1.0,1.0,47.0,32.0,0.0,0.0,0.53125,16.0,2048.0,500
0.0,3.0,1.0,1.0,1.0,47.0,32.0,0.0,0.0,0.53125,16.0,4096.0,5
0.0,3.0,1.0,1.0,1.0,47.0,32.0,0.0,0.0,0.53125,16.0,4096.0,10
0.0,3.0,1.0,1.0,1.0,47.0,32.0,0.0,0.0,0.53125,16.0,4096.0,15
0.0,3.0,1.0,1.0,1.0,47.0,32.0,0.0,0.0,0.53125,16.0,4096.0,20
0.0,3.0,1.0,1.0,1.0,47.0,32.0,0.0,0.0,0.53125,16.0,4096.0,30
0.0,3.0,1.0,1.0,1.0,47.0,32.0,0.0,0.0,0.53125,16.0,4096.0,40
0.0,3.0,1.0,1.0,1.0,47.0,32.0,0.0,0.0,0.53125,16.0,4096.0,50
0.0,3.0,1.0,1.0,1.0,47.0,32.0,0.0,0.0,0.53125,16.0,4096.0,100
0.0,3.0,1.0,1.0,1.0,47.0,32.0,0.0,0.0,0.53125,16.0,4096.0,500
0.0,3.0,1.0,1.0,1.0,47.0,32.0,0.0,0.0,0.53125,16.0,8192.0,5
0.0,3.0,1.0,1.0,1.0,47.0,32.0,0.0,0.0,0.53125,16.0,8192.0,10
0.0,3.0,1.0,1.0,1.0,47.0,32.0,0.0,0.0,0.53125,16.0,8192.0,15
0.0,3.0,1.0,1.0,1.0,47.0,32.0,0.0,0.0,0.53125,16.0,8192.0,20
0.0,3.0,1.0,1.0,1.0,47.0,32.0,0.0,0.0,0.53125,16.0,8192.0,30
0.0,3.0,1.0,1.0,1.0,47.0,32.0,0.0,0.0,0.53125,16.0,8192.0,40
0.0,3.0,1.0,1.0,1.0,47.0,32.0,0.0,0.0,0.53125,16.0,8192.0,50
0.0,3.0,1.0,1.0,1.0,47.0,32.0,0.0,0.0,0.53125,16.0,8192.0,100
0.0,3.0,1.0,1.0,1.0,47.0,32.0,0.0,0.0,0.53125,16.0,8192.0,500
0.0,3.0,1.0,1.0,1.0,47.0,32.0,0.0,0.0,0.53125,16.0,16384.0,5
0.0,3.0,1.0,1.0,1.0,47.0,32.0,0.0,0.0,0.53125,16.0,16384.0,10
0.0,3.0,1.0,1.0,1.0,47.0,32.0,0.0,0.0,0.53125,16.0,16384.0,15
0.0,3.0,1.0,1.0,1.0,47.0,32.0,0.0,0.0,0.53125,16.0,16384.0,20
0.0,3.0,1.0,1.0,1.0,47.0,32.0,0.0,0.0,0.53125,16.0,16384.0,30
0.0,3.0,1.0,1.0,1.0,47.0,32.0,0.0,0.0,0.53125,16.0,16384.0,40
0.0,3.0,1.0,1.0,1.0,47.0,32.0,0.0,0.0,0.53125,16.0,16384.0,50
0.0,3.0,1.0,1.0,1.0,47.0,32.0,0.0,0.0,0.53125,16.0,16384.0,100
0.0,3.0,1.0,1.0,1.0,47.0,32.0,0.0,0.0,0.53125,16.0,16384.0,500
0.0,3.0,1.0,1.0,1.0,47.0,32.0,0.0,0.0,0.53125,16.0,32768.0,5
0.0,3.0,1.0,1.0,1.0,47.0,32.0,0.0,0.0,0.53125,16.0,32768.0,10
0.0,3.0,1.0,1.0,1.0,47.0,32.0,0.0,0.0,0.53125,16.0,32768.0,15
0.0,3.0,1.0,1.0,1.0,47.0,32.0,0.0,0.0,0.53125,16.0,32768.0,20
0.0,3.0,1.0,1.0,1.0,47.0,32.0,0.0,0.0,0.53125,16.0,32768.0,30
0.0,3.0,1.0,1.0,1.0,47.0,32.0,0.0,0.0,0.53125,16.0,32768.0,40
0.0,3.0,1.0,1.0,1.0,47.0,32.0,0.0,0.0,0.53125,16.0,32768.0,50
0.0,3.0,1.0,1.0,1.0,47.0,32.0,0.0,0.0,0.53125,16.0,32768.0,100
0.0,3.0,1.0,1.0,1.0,47.0,32.0,0.0,0.0,0.53125,16.0,32768.0,500
0.0,3.0,1.0,1.0,1.0,47.0,32.0,0.0,0.0,0.53125,32.0,0.000976562,5
0.0,3.0,1.0,1.0,1.0,47.0,32.0,0.0,0.0,0.53125,32.0,0.000976562,10
0.0,3.0,1.0,1.0,1.0,47.0,32.0,0.0,0.0,0.53125,32.0,0.000976562,15
0.0,3.0,1.0,1.0,1.0,47.0,32.0,0.0,0.0,0.53125,32.0,0.000976562,20
0.0,3.0,1.0,1.0,1.0,47.0,32.0,0.0,0.0,0.53125,32.0,0.000976562,30
0.0,3.0,1.0,1.0,1.0,47.0,32.0,0.0,0.0,0.53125,32.0,0.000976562,40
0.0,3.0,1.0,1.0,1.0,47.0,32.0,0.0,0.0,0.53125,32.0,0.000976562,50
0.0,3.0,1.0,1.0,1.0,47.0,32.0,0.0,0.0,0.53125,32.0,0.000976562,100
0.0,3.0,1.0,1.0,1.0,47.0,32.0,0.0,0.0,0.53125,32.0,0.000976562,500
0.0,3.0,1.0,1.0,1.0,47.0,32.0,0.0,0.0,0.53125,32.0,0.00195312,5
0.0,3.0,1.0,1.0,1.0,47.0,32.0,0.0,0.0,0.53125,32.0,0.00195312,10
0.0,3.0,1.0,1.0,1.0,47.0,32.0,0.0,0.0,0.53125,32.0,0.00195312,15
0.0,3.0,1.0,1.0,1.0,47.0,32.0,0.0,0.0,0.53125,32.0,0.00195312,20
0.0,3.0,1.0,1.0,1.0,47.0,32.0,0.0,0.0,0.53125,32.0,0.00195312,30
0.0,3.0,1.0,1.0,1.0,47.0,32.0,0.0,0.0,0.53125,32.0,0.00195312,40
0.0,3.0,1.0,1.0,1.0,47.0,32.0,0.0,0.0,0.53125,32.0,0.00195312,50
0.0,3.0,1.0,1.0,1.0,47.0,32.0,0.0,0.0,0.53125,32.0,0.00195312,100
0.0,3.0,1.0,1.0,1.0,47.0,32.0,0.0,0.0,0.53125,32.0,0.00195312,500
0.0,3.0,1.0,1.0,1.0,47.0,32.0,0.0,0.0,0.53125,32.0,0.00390625,5
0.0,3.0,1.0,1.0,1.0,47.0,32.0,0.0,0.0,0.53125,32.0,0.00390625,10
0.0,3.0,1.0,1.0,1.0,47.0,32.0,0.0,0.0,0.53125,32.0,0.00390625,15
0.0,3.0,1.0,1.0,1.0,47.0,32.0,0.0,0.0,0.53125,32.0,0.00390625,20
0.0,3.0,1.0,1.0,1.0,47.0,32.0,0.0,0.0,0.53125,32.0,0.00390625,30
0.0,3.0,1.0,1.0,1.0,47.0,32.0,0.0,0.0,0.53125,32.0,0.00390625,40
0.0,3.0,1.0,1.0,1.0,47.0,32.0,0.0,0.0,0.53125,32.0,0.00390625,50
0.0,3.0,1.0,1.0,1.0,47.0,32.0,0.0,0.0,0.53125,32.0,0.00390625,100
0.0,3.0,1.0,1.0,1.0,47.0,32.0,0.0,0.0,0.53125,32.0,0.00390625,500
0.0,3.0,1.0,1.0,1.0,47.0,32.0,0.0,0.0,0.53125,32.0,0.0078125,5
0.0,3.0,1.0,1.0,1.0,47.0,32.0,0.0,0.0,0.53125,32.0,0.0078125,10
0.0,3.0,1.0,1.0,1.0,47.0,32.0,0.0,0.0,0.53125,32.0,0.0078125,15
0.0,3.0,1.0,1.0,1.0,47.0,32.0,0.0,0.0,0.53125,32.0,0.0078125,20
0.0,3.0,1.0,1.0,1.0,47.0,32.0,0.0,0.0,0.53125,32.0,0.0078125,30
0.0,3.0,1.0,1.0,1.0,47.0,32.0,0.0,0.0,0.53125,32.0,0.0078125,40
0.0,3.0,1.0,1.0,1.0,47.0,32.0,0.0,0.0,0.53125,32.0,0.0078125,50
0.0,3.0,1.0,1.0,1.0,47.0,32.0,0.0,0.0,0.53125,32.0,0.0078125,100
0.0,3.0,1.0,1.0,1.0,47.0,32.0,0.0,0.0,0.53125,32.0,0.0078125,500
0.0,3.0,1.0,1.0,1.0,47.0,32.0,0.0,0.0,0.53125,32.0,0.015625,5
0.0,3.0,1.0,1.0,1.0,47.0,32.0,0.0,0.0,0.53125,32.0,0.015625,10
0.0,3.0,1.0,1.0,1.0,47.0,32.0,0.0,0.0,0.53125,32.0,0.015625,15
0.0,3.0,1.0,1.0,1.0,47.0,32.0,0.0,0.0,0.53125,32.0,0.015625,20
0.0,3.0,1.0,1.0,1.0,47.0,32.0,0.0,0.0,0.53125,32.0,0.015625,30
0.0,3.0,1.0,1.0,1.0,47.0,32.0,0.0,0.0,0.53125,32.0,0.015625,40
0.0,3.0,1.0,1.0,1.0,47.0,32.0,0.0,0.0,0.53125,32.0,0.015625,50
0.0,3.0,1.0,1.0,1.0,47.0,32.0,0.0,0.0,0.53125,32.0,0.015625,100
0.0,3.0,1.0,1.0,1.0,47.0,32.0,0.0,0.0,0.53125,32.0,0.015625,500
0.0,3.0,1.0,1.0,1.0,47.0,32.0,0.0,0.0,0.53125,32.0,0.03125,5
0.0,3.0,1.0,1.0,1.0,47.0,32.0,0.0,0.0,0.53125,32.0,0.03125,10
0.0,3.0,1.0,1.0,1.0,47.0,32.0,0.0,0.0,0.53125,32.0,0.03125,15
0.0,3.0,1.0,1.0,1.0,47.0,32.0,0.0,0.0,0.53125,32.0,0.03125,20
0.0,3.0,1.0,1.0,1.0,47.0,32.0,0.0,0.0,0.53125,32.0,0.03125,30
0.0,3.0,1.0,1.0,1.0,47.0,32.0,0.0,0.0,0.53125,32.0,0.03125,40
0.0,3.0,1.0,1.0,1.0,47.0,32.0,0.0,0.0,0.53125,32.0,0.03125,50
0.0,3.0,1.0,1.0,1.0,47.0,32.0,0.0,0.0,0.53125,32.0,0.03125,100
0.0,3.0,1.0,1.0,1.0,47.0,32.0,0.0,0.0,0.53125,32.0,0.03125,500
0.0,3.0,1.0,1.0,1.0,47.0,32.0,0.0,0.0,0.53125,32.0,0.0625,5
0.0,3.0,1.0,1.0,1.0,47.0,32.0,0.0,0.0,0.53125,32.0,0.0625,10
0.0,3.0,1.0,1.0,1.0,47.0,32.0,0.0,0.0,0.53125,32.0,0.0625,15
0.0,3.0,1.0,1.0,1.0,47.0,32.0,0.0,0.0,0.53125,32.0,0.0625,20
0.0,3.0,1.0,1.0,1.0,47.0,32.0,0.0,0.0,0.53125,32.0,0.0625,30
0.0,3.0,1.0,1.0,1.0,47.0,32.0,0.0,0.0,0.53125,32.0,0.0625,40
0.0,3.0,1.0,1.0,1.0,47.0,32.0,0.0,0.0,0.53125,32.0,0.0625,50
0.0,3.0,1.0,1.0,1.0,47.0,32.0,0.0,0.0,0.53125,32.0,0.0625,100
0.0,3.0,1.0,1.0,1.0,47.0,32.0,0.0,0.0,0.53125,32.0,0.0625,500
0.0,3.0,1.0,1.0,1.0,47.0,32.0,0.0,0.0,0.53125,32.0,0.125,5
0.0,3.0,1.0,1.0,1.0,47.0,32.0,0.0,0.0,0.53125,32.0,0.125,10
0.0,3.0,1.0,1.0,1.0,47.0,32.0,0.0,0.0,0.53125,32.0,0.125,15
0.0,3.0,1.0,1.0,1.0,47.0,32.0,0.0,0.0,0.53125,32.0,0.125,20
0.0,3.0,1.0,1.0,1.0,47.0,32.0,0.0,0.0,0.53125,32.0,0.125,30
0.0,3.0,1.0,1.0,1.0,47.0,32.0,0.0,0.0,0.53125,32.0,0.125,40
0.0,3.0,1.0,1.0,1.0,47.0,32.0,0.0,0.0,0.53125,32.0,0.125,50
0.0,3.0,1.0,1.0,1.0,47.0,32.0,0.0,0.0,0.53125,32.0,0.125,100
0.0,3.0,1.0,1.0,1.0,47.0,32.0,0.0,0.0,0.53125,32.0,0.125,500
0.0,3.0,1.0,1.0,1.0,47.0,32.0,0.0,0.0,0.53125,32.0,0.25,5
0.0,3.0,1.0,1.0,1.0,47.0,32.0,0.0,0.0,0.53125,32.0,0.25,10
0.0,3.0,1.0,1.0,1.0,47.0,32.0,0.0,0.0,0.53125,32.0,0.25,15
0.0,3.0,1.0,1.0,1.0,47.0,32.0,0.0,0.0,0.53125,32.0,0.25,20
0.0,3.0,1.0,1.0,1.0,47.0,32.0,0.0,0.0,0.53125,32.0,0.25,30
0.0,3.0,1.0,1.0,1.0,47.0,32.0,0.0,0.0,0.53125,32.0,0.25,40
0.0,3.0,1.0,1.0,1.0,47.0,32.0,0.0,0.0,0.53125,32.0,0.25,50
0.0,3.0,1.0,1.0,1.0,47.0,32.0,0.0,0.0,0.53125,32.0,0.25,100
0.0,3.0,1.0,1.0,1.0,47.0,32.0,0.0,0.0,0.53125,32.0,0.25,500
0.0,3.0,1.0,1.0,1.0,47.0,32.0,0.0,0.0,0.53125,32.0,0.5,5
0.0,3.0,1.0,1.0,1.0,47.0,32.0,0.0,0.0,0.53125,32.0,0.5,10
0.0,3.0,1.0,1.0,1.0,47.0,32.0,0.0,0.0,0.53125,32.0,0.5,15
0.0,3.0,1.0,1.0,1.0,47.0,32.0,0.0,0.0,0.53125,32.0,0.5,20
0.0,3.0,1.0,1.0,1.0,47.0,32.0,0.0,0.0,0.53125,32.0,0.5,30
0.0,3.0,1.0,1.0,1.0,47.0,32.0,0.0,0.0,0.53125,32.0,0.5,40
0.0,3.0,1.0,1.0,1.0,47.0,32.0,0.0,0.0,0.53125,32.0,0.5,50
0.0,3.0,1.0,1.0,1.0,47.0,32.0,0.0,0.0,0.53125,32.0,0.5,100
0.0,3.0,1.0,1.0,1.0,47.0,32.0,0.0,0.0,0.53125,32.0,0.5,500
0.0,3.0,1.0,1.0,1.0,47.0,32.0,0.0,0.0,0.53125,32.0,1.0,5
0.0,3.0,1.0,1.0,1.0,47.0,32.0,0.0,0.0,0.53125,32.0,1.0,10
0.0,3.0,1.0,1.0,1.0,47.0,32.0,0.0,0.0,0.53125,32.0,1.0,15
0.0,3.0,1.0,1.0,1.0,47.0,32.0,0.0,0.0,0.53125,32.0,1.0,20
0.0,3.0,1.0,1.0,1.0,47.0,32.0,0.0,0.0,0.53125,32.0,1.0,30
0.0,3.0,1.0,1.0,1.0,47.0,32.0,0.0,0.0,0.53125,32.0,1.0,40
0.0,3.0,1.0,1.0,1.0,47.0,32.0,0.0,0.0,0.53125,32.0,1.0,50
0.0,3.0,1.0,1.0,1.0,47.0,32.0,0.0,0.0,0.53125,32.0,1.0,100
0.0,3.0,1.0,1.0,1.0,47.0,32.0,0.0,0.0,0.53125,32.0,1.0,500
0.0,3.0,1.0,1.0,1.0,47.0,32.0,0.0,0.0,0.53125,32.0,2.0,5
0.0,3.0,1.0,1.0,1.0,47.0,32.0,0.0,0.0,0.53125,32.0,2.0,10
0.0,3.0,1.0,1.0,1.0,47.0,32.0,0.0,0.0,0.53125,32.0,2.0,15
0.0,3.0,1.0,1.0,1.0,47.0,32.0,0.0,0.0,0.53125,32.0,2.0,20
0.0,3.0,1.0,1.0,1.0,47.0,32.0,0.0,0.0,0.53125,32.0,2.0,30
0.0,3.0,1.0,1.0,1.0,47.0,32.0,0.0,0.0,0.53125,32.0,2.0,40
0.0,3.0,1.0,1.0,1.0,47.0,32.0,0.0,0.0,0.53125,32.0,2.0,50
0.0,3.0,1.0,1.0,1.0,47.0,32.0,0.0,0.0,0.53125,32.0,2.0,100
0.0,3.0,1.0,1.0,1.0,47.0,32.0,0.0,0.0,0.53125,32.0,2.0,500
0.0,3.0,1.0,1.0,1.0,47.0,32.0,0.0,0.0,0.53125,32.0,4.0,5
0.0,3.0,1.0,1.0,1.0,47.0,32.0,0.0,0.0,0.53125,32.0,4.0,10
0.0,3.0,1.0,1.0,1.0,47.0,32.0,0.0,0.0,0.53125,32.0,4.0,15
0.0,3.0,1.0,1.0,1.0,47.0,32.0,0.0,0.0,0.53125,32.0,4.0,20
0.0,3.0,1.0,1.0,1.0,47.0,32.0,0.0,0.0,0.53125,32.0,4.0,30
0.0,3.0,1.0,1.0,1.0,47.0,32.0,0.0,0.0,0.53125,32.0,4.0,40
0.0,3.0,1.0,1.0,1.0,47.0,32.0,0.0,0.0,0.53125,32.0,4.0,50
0.0,3.0,1.0,1.0,1.0,47.0,32.0,0.0,0.0,0.53125,32.0,4.0,100
0.0,3.0,1.0,1.0,1.0,47.0,32.0,0.0,0.0,0.53125,32.0,4.0,500
0.0,3.0,1.0,1.0,1.0,47.0,32.0,0.0,0.0,0.53125,32.0,8.0,5
0.0,3.0,1.0,1.0,1.0,47.0,32.0,0.0,0.0,0.53125,32.0,8.0,10
0.0,3.0,1.0,1.0,1.0,47.0,32.0,0.0,0.0,0.53125,32.0,8.0,15
0.0,3.0,1.0,1.0,1.0,47.0,32.0,0.0,0.0,0.53125,32.0,8.0,20
0.0,3.0,1.0,1.0,1.0,47.0,32.0,0.0,0.0,0.53125,32.0,8.0,30
0.0,3.0,1.0,1.0,1.0,47.0,32.0,0.0,0.0,0.53125,32.0,8.0,40
0.0,3.0,1.0,1.0,1.0,47.0,32.0,0.0,0.0,0.53125,32.0,8.0,50
0.0,3.0,1.0,1.0,1.0,47.0,32.0,0.0,0.0,0.53125,32.0,8.0,100
0.0,3.0,1.0,1.0,1.0,47.0,32.0,0.0,0.0,0.53125,32.0,8.0,500
0.0,3.0,1.0,1.0,1.0,47.0,32.0,0.0,0.0,0.53125,32.0,16.0,5
0.0,3.0,1.0,1.0,1.0,47.0,32.0,0.0,0.0,0.53125,32.0,16.0,10
0.0,3.0,1.0,1.0,1.0,47.0,32.0,0.0,0.0,0.53125,32.0,16.0,15
0.0,3.0,1.0,1.0,1.0,47.0,32.0,0.0,0.0,0.53125,32.0,16.0,20
0.0,3.0,1.0,1.0,1.0,47.0,32.0,0.0,0.0,0.53125,32.0,16.0,30
0.0,3.0,1.0,1.0,1.0,47.0,32.0,0.0,0.0,0.53125,32.0,16.0,40
0.0,3.0,1.0,1.0,1.0,47.0,32.0,0.0,0.0,0.53125,32.0,16.0,50
0.0,3.0,1.0,1.0,1.0,47.0,32.0,0.0,0.0,0.53125,32.0,16.0,100
0.0,3.0,1.0,1.0,1.0,47.0,32.0,0.0,0.0,0.53125,32.0,16.0,500
0.0,3.0,1.0,1.0,1.0,47.0,32.0,0.0,0.0,0.53125,32.0,32.0,5
0.0,3.0,1.0,1.0,1.0,47.0,32.0,0.0,0.0,0.53125,32.0,32.0,10
0.0,3.0,1.0,1.0,1.0,47.0,32.0,0.0,0.0,0.53125,32.0,32.0,15
0.0,3.0,1.0,1.0,1.0,47.0,32.0,0.0,0.0,0.53125,32.0,32.0,20
0.0,3.0,1.0,1.0,1.0,47.0,32.0,0.0,0.0,0.53125,32.0,32.0,30
0.0,3.0,1.0,1.0,1.0,47.0,32.0,0.0,0.0,0.53125,32.0,32.0,40
0.0,3.0,1.0,1.0,1.0,47.0,32.0,0.0,0.0,0.53125,32.0,32.0,50
0.0,3.0,1.0,1.0,1.0,47.0,32.0,0.0,0.0,0.53125,32.0,32.0,100
0.0,3.0,1.0,1.0,1.0,47.0,32.0,0.0,0.0,0.53125,32.0,32.0,500
0.0,3.0,1.0,1.0,1.0,47.0,32.0,0.0,0.0,0.53125,32.0,64.0,5
0.0,3.0,1.0,1.0,1.0,47.0,32.0,0.0,0.0,0.53125,32.0,64.0,10
0.0,3.0,1.0,1.0,1.0,47.0,32.0,0.0,0.0,0.53125,32.0,64.0,15
0.0,3.0,1.0,1.0,1.0,47.0,32.0,0.0,0.0,0.53125,32.0,64.0,20
0.0,3.0,1.0,1.0,1.0,47.0,32.0,0.0,0.0,0.53125,32.0,64.0,30
0.0,3.0,1.0,1.0,1.0,47.0,32.0,0.0,0.0,0.53125,32.0,64.0,40
0.0,3.0,1.0,1.0,1.0,47.0,32.0,0.0,0.0,0.53125,32.0,64.0,50
0.0,3.0,1.0,1.0,1.0,47.0,32.0,0.0,0.0,0.53125,32.0,64.0,100
0.0,3.0,1.0,1.0,1.0,47.0,32.0,0.0,0.0,0.53125,32.0,64.0,500
0.0,3.0,1.0,1.0,1.0,47.0,32.0,0.0,0.0,0.53125,32.0,128.0,5
0.0,3.0,1.0,1.0,1.0,47.0,32.0,0.0,0.0,0.53125,32.0,128.0,10
0.0,3.0,1.0,1.0,1.0,47.0,32.0,0.0,0.0,0.53125,32.0,128.0,15
0.0,3.0,1.0,1.0,1.0,47.0,32.0,0.0,0.0,0.53125,32.0,128.0,20
0.0,3.0,1.0,1.0,1.0,47.0,32.0,0.0,0.0,0.53125,32.0,128.0,30
0.0,3.0,1.0,1.0,1.0,47.0,32.0,0.0,0.0,0.53125,32.0,128.0,40
0.0,3.0,1.0,1.0,1.0,47.0,32.0,0.0,0.0,0.53125,32.0,128.0,50
0.0,3.0,1.0,1.0,1.0,47.0,32.0,0.0,0.0,0.53125,32.0,128.0,100
0.0,3.0,1.0,1.0,1.0,47.0,32.0,0.0,0.0,0.53125,32.0,128.0,500
0.0,3.0,1.0,1.0,1.0,47.0,32.0,0.0,0.0,0.53125,32.0,256.0,5
0.0,3.0,1.0,1.0,1.0,47.0,32.0,0.0,0.0,0.53125,32.0,256.0,10
0.0,3.0,1.0,1.0,1.0,47.0,32.0,0.0,0.0,0.53125,32.0,256.0,15
0.0,3.0,1.0,1.0,1.0,47.0,32.0,0.0,0.0,0.53125,32.0,256.0,20
0.0,3.0,1.0,1.0,1.0,47.0,32.0,0.0,0.0,0.53125,32.0,256.0,30
0.0,3.0,1.0,1.0,1.0,47.0,32.0,0.0,0.0,0.53125,32.0,256.0,40
0.0,3.0,1.0,1.0,1.0,47.0,32.0,0.0,0.0,0.53125,32.0,256.0,50
0.0,3.0,1.0,1.0,1.0,47.0,32.0,0.0,0.0,0.53125,32.0,256.0,100
0.0,3.0,1.0,1.0,1.0,47.0,32.0,0.0,0.0,0.53125,32.0,256.0,500
0.0,3.0,1.0,1.0,1.0,47.0,32.0,0.0,0.0,0.53125,32.0,512.0,5
0.0,3.0,1.0,1.0,1.0,47.0,32.0,0.0,0.0,0.53125,32.0,512.0,10
0.0,3.0,1.0,1.0,1.0,47.0,32.0,0.0,0.0,0.53125,32.0,512.0,15
0.0,3.0,1.0,1.0,1.0,47.0,32.0,0.0,0.0,0.53125,32.0,512.0,20
0.0,3.0,1.0,1.0,1.0,47.0,32.0,0.0,0.0,0.53125,32.0,512.0,30
0.0,3.0,1.0,1.0,1.0,47.0,32.0,0.0,0.0,0.53125,32.0,512.0,40
0.0,3.0,1.0,1.0,1.0,47.0,32.0,0.0,0.0,0.53125,32.0,512.0,50
0.0,3.0,1.0,1.0,1.0,47.0,32.0,0.0,0.0,0.53125,32.0,512.0,100
0.0,3.0,1.0,1.0,1.0,47.0,32.0,0.0,0.0,0.53125,32.0,512.0,500
0.0,3.0,1.0,1.0,1.0,47.0,32.0,0.0,0.0,0.53125,32.0,1024.0,5
0.0,3.0,1.0,1.0,1.0,47.0,32.0,0.0,0.0,0.53125,32.0,1024.0,10
0.0,3.0,1.0,1.0,1.0,47.0,32.0,0.0,0.0,0.53125,32.0,1024.0,15
0.0,3.0,1.0,1.0,1.0,47.0,32.0,0.0,0.0,0.53125,32.0,1024.0,20
0.0,3.0,1.0,1.0,1.0,47.0,32.0,0.0,0.0,0.53125,32.0,1024.0,30
0.0,3.0,1.0,1.0,1.0,47.0,32.0,0.0,0.0,0.53125,32.0,1024.0,40
0.0,3.0,1.0,1.0,1.0,47.0,32.0,0.0,0.0,0.53125,32.0,1024.0,50
0.0,3.0,1.0,1.0,1.0,47.0,32.0,0.0,0.0,0.53125,32.0,1024.0,100
0.0,3.0,1.0,1.0,1.0,47.0,32.0,0.0,0.0,0.53125,32.0,1024.0,500
0.0,3.0,1.0,1.0,1.0,47.0,32.0,0.0,0.0,0.53125,32.0,2048.0,5
0.0,3.0,1.0,1.0,1.0,47.0,32.0,0.0,0.0,0.53125,32.0,2048.0,10
0.0,3.0,1.0,1.0,1.0,47.0,32.0,0.0,0.0,0.53125,32.0,2048.0,15
0.0,3.0,1.0,1.0,1.0,47.0,32.0,0.0,0.0,0.53125,32.0,2048.0,20
0.0,3.0,1.0,1.0,1.0,47.0,32.0,0.0,0.0,0.53125,32.0,2048.0,30
0.0,3.0,1.0,1.0,1.0,47.0,32.0,0.0,0.0,0.53125,32.0,2048.0,40
0.0,3.0,1.0,1.0,1.0,47.0,32.0,0.0,0.0,0.53125,32.0,2048.0,50
0.0,3.0,1.0,1.0,1.0,47.0,32.0,0.0,0.0,0.53125,32.0,2048.0,100
0.0,3.0,1.0,1.0,1.0,47.0,32.0,0.0,0.0,0.53125,32.0,2048.0,500
0.0,3.0,1.0,1.0,1.0,47.0,32.0,0.0,0.0,0.53125,32.0,4096.0,5
0.0,3.0,1.0,1.0,1.0,47.0,32.0,0.0,0.0,0.53125,32.0,4096.0,10
0.0,3.0,1.0,1.0,1.0,47.0,32.0,0.0,0.0,0.53125,32.0,4096.0,15
0.0,3.0,1.0,1.0,1.0,47.0,32.0,0.0,0.0,0.53125,32.0,4096.0,20
0.0,3.0,1.0,1.0,1.0,47.0,32.0,0.0,0.0,0.53125,32.0,4096.0,30
0.0,3.0,1.0,1.0,1.0,47.0,32.0,0.0,0.0,0.53125,32.0,4096.0,40
0.0,3.0,1.0,1.0,1.0,47.0,32.0,0.0,0.0,0.53125,32.0,4096.0,50
0.0,3.0,1.0,1.0,1.0,47.0,32.0,0.0,0.0,0.53125,32.0,4096.0,100
0.0,3.0,1.0,1.0,1.0,47.0,32.0,0.0,0.0,0.53125,32.0,4096.0,500
0.0,3.0,1.0,1.0,1.0,47.0,32.0,0.0,0.0,0.53125,32.0,8192.0,5
0.0,3.0,1.0,1.0,1.0,47.0,32.0,0.0,0.0,0.53125,32.0,8192.0,10
0.0,3.0,1.0,1.0,1.0,47.0,32.0,0.0,0.0,0.53125,32.0,8192.0,15
0.0,3.0,1.0,1.0,1.0,47.0,32.0,0.0,0.0,0.53125,32.0,8192.0,20
0.0,3.0,1.0,1.0,1.0,47.0,32.0,0.0,0.0,0.53125,32.0,8192.0,30
0.0,3.0,1.0,1.0,1.0,47.0,32.0,0.0,0.0,0.53125,32.0,8192.0,40
0.0,3.0,1.0,1.0,1.0,47.0,32.0,0.0,0.0,0.53125,32.0,8192.0,50
0.0,3.0,1.0,1.0,1.0,47.0,32.0,0.0,0.0,0.53125,32.0,8192.0,100
0.0,3.0,1.0,1.0,1.0,47.0,32.0,0.0,0.0,0.53125,32.0,8192.0,500
0.0,3.0,1.0,1.0,1.0,47.0,32.0,0.0,0.0,0.53125,32.0,16384.0,5
0.0,3.0,1.0,1.0,1.0,47.0,32.0,0.0,0.0,0.53125,32.0,16384.0,10
0.0,3.0,1.0,1.0,1.0,47.0,32.0,0.0,0.0,0.53125,32.0,16384.0,15
0.0,3.0,1.0,1.0,1.0,47.0,32.0,0.0,0.0,0.53125,32.0,16384.0,20
0.0,3.0,1.0,1.0,1.0,47.0,32.0,0.0,0.0,0.53125,32.0,16384.0,30
0.0,3.0,1.0,1.0,1.0,47.0,32.0,0.0,0.0,0.53125,32.0,16384.0,40
0.0,3.0,1.0,1.0,1.0,47.0,32.0,0.0,0.0,0.53125,32.0,16384.0,50
0.0,3.0,1.0,1.0,1.0,47.0,32.0,0.0,0.0,0.53125,32.0,16384.0,100
0.0,3.0,1.0,1.0,1.0,47.0,32.0,0.0,0.0,0.53125,32.0,16384.0,500
0.0,3.0,1.0,1.0,1.0,47.0,32.0,0.0,0.0,0.53125,32.0,32768.0,5
0.0,3.0,1.0,1.0,1.0,47.0,32.0,0.0,0.0,0.53125,32.0,32768.0,10
0.0,3.0,1.0,1.0,1.0,47.0,32.0,0.0,0.0,0.53125,32.0,32768.0,15
0.0,3.0,1.0,1.0,1.0,47.0,32.0,0.0,0.0,0.53125,32.0,32768.0,20
0.0,3.0,1.0,1.0,1.0,47.0,32.0,0.0,0.0,0.53125,32.0,32768.0,30
0.0,3.0,1.0,1.0,1.0,47.0,32.0,0.0,0.0,0.53125,32.0,32768.0,40
0.0,3.0,1.0,1.0,1.0,47.0,32.0,0.0,0.0,0.53125,32.0,32768.0,50
0.0,3.0,1.0,1.0,1.0,47.0,32.0,0.0,0.0,0.53125,32.0,32768.0,100
0.0,3.0,1.0,1.0,1.0,47.0,32.0,0.0,0.0,0.53125,32.0,32768.0,500
0.0,3.0,1.0,1.0,1.0,47.0,32.0,0.0,0.0,0.53125,64.0,0.000976562,5
0.0,3.0,1.0,1.0,1.0,47.0,32.0,0.0,0.0,0.53125,64.0,0.000976562,10
0.0,3.0,1.0,1.0,1.0,47.0,32.0,0.0,0.0,0.53125,64.0,0.000976562,15
0.0,3.0,1.0,1.0,1.0,47.0,32.0,0.0,0.0,0.53125,64.0,0.000976562,20
0.0,3.0,1.0,1.0,1.0,47.0,32.0,0.0,0.0,0.53125,64.0,0.000976562,30
0.0,3.0,1.0,1.0,1.0,47.0,32.0,0.0,0.0,0.53125,64.0,0.000976562,40
0.0,3.0,1.0,1.0,1.0,47.0,32.0,0.0,0.0,0.53125,64.0,0.000976562,50
0.0,3.0,1.0,1.0,1.0,47.0,32.0,0.0,0.0,0.53125,64.0,0.000976562,100
0.0,3.0,1.0,1.0,1.0,47.0,32.0,0.0,0.0,0.53125,64.0,0.000976562,500
0.0,3.0,1.0,1.0,1.0,47.0,32.0,0.0,0.0,0.53125,64.0,0.00195312,5
0.0,3.0,1.0,1.0,1.0,47.0,32.0,0.0,0.0,0.53125,64.0,0.00195312,10
0.0,3.0,1.0,1.0,1.0,47.0,32.0,0.0,0.0,0.53125,64.0,0.00195312,15
0.0,3.0,1.0,1.0,1.0,47.0,32.0,0.0,0.0,0.53125,64.0,0.00195312,20
0.0,3.0,1.0,1.0,1.0,47.0,32.0,0.0,0.0,0.53125,64.0,0.00195312,30
0.0,3.0,1.0,1.0,1.0,47.0,32.0,0.0,0.0,0.53125,64.0,0.00195312,40
0.0,3.0,1.0,1.0,1.0,47.0,32.0,0.0,0.0,0.53125,64.0,0.00195312,50
0.0,3.0,1.0,1.0,1.0,47.0,32.0,0.0,0.0,0.53125,64.0,0.00195312,100
0.0,3.0,1.0,1.0,1.0,47.0,32.0,0.0,0.0,0.53125,64.0,0.00195312,500
0.0,3.0,1.0,1.0,1.0,47.0,32.0,0.0,0.0,0.53125,64.0,0.00390625,5
0.0,3.0,1.0,1.0,1.0,47.0,32.0,0.0,0.0,0.53125,64.0,0.00390625,10
0.0,3.0,1.0,1.0,1.0,47.0,32.0,0.0,0.0,0.53125,64.0,0.00390625,15
0.0,3.0,1.0,1.0,1.0,47.0,32.0,0.0,0.0,0.53125,64.0,0.00390625,20
0.0,3.0,1.0,1.0,1.0,47.0,32.0,0.0,0.0,0.53125,64.0,0.00390625,30
0.0,3.0,1.0,1.0,1.0,47.0,32.0,0.0,0.0,0.53125,64.0,0.00390625,40
0.0,3.0,1.0,1.0,1.0,47.0,32.0,0.0,0.0,0.53125,64.0,0.00390625,50
0.0,3.0,1.0,1.0,1.0,47.0,32.0,0.0,0.0,0.53125,64.0,0.00390625,100
0.0,3.0,1.0,1.0,1.0,47.0,32.0,0.0,0.0,0.53125,64.0,0.00390625,500
0.0,3.0,1.0,1.0,1.0,47.0,32.0,0.0,0.0,0.53125,64.0,0.0078125,5
0.0,3.0,1.0,1.0,1.0,47.0,32.0,0.0,0.0,0.53125,64.0,0.0078125,10
0.0,3.0,1.0,1.0,1.0,47.0,32.0,0.0,0.0,0.53125,64.0,0.0078125,15
0.0,3.0,1.0,1.0,1.0,47.0,32.0,0.0,0.0,0.53125,64.0,0.0078125,20
0.0,3.0,1.0,1.0,1.0,47.0,32.0,0.0,0.0,0.53125,64.0,0.0078125,30
0.0,3.0,1.0,1.0,1.0,47.0,32.0,0.0,0.0,0.53125,64.0,0.0078125,40
0.0,3.0,1.0,1.0,1.0,47.0,32.0,0.0,0.0,0.53125,64.0,0.0078125,50
0.0,3.0,1.0,1.0,1.0,47.0,32.0,0.0,0.0,0.53125,64.0,0.0078125,100
0.0,3.0,1.0,1.0,1.0,47.0,32.0,0.0,0.0,0.53125,64.0,0.0078125,500
0.0,3.0,1.0,1.0,1.0,47.0,32.0,0.0,0.0,0.53125,64.0,0.015625,5
0.0,3.0,1.0,1.0,1.0,47.0,32.0,0.0,0.0,0.53125,64.0,0.015625,10
0.0,3.0,1.0,1.0,1.0,47.0,32.0,0.0,0.0,0.53125,64.0,0.015625,15
0.0,3.0,1.0,1.0,1.0,47.0,32.0,0.0,0.0,0.53125,64.0,0.015625,20
0.0,3.0,1.0,1.0,1.0,47.0,32.0,0.0,0.0,0.53125,64.0,0.015625,30
0.0,3.0,1.0,1.0,1.0,47.0,32.0,0.0,0.0,0.53125,64.0,0.015625,40
0.0,3.0,1.0,1.0,1.0,47.0,32.0,0.0,0.0,0.53125,64.0,0.015625,50
0.0,3.0,1.0,1.0,1.0,47.0,32.0,0.0,0.0,0.53125,64.0,0.015625,100
0.0,3.0,1.0,1.0,1.0,47.0,32.0,0.0,0.0,0.53125,64.0,0.015625,500
0.0,3.0,1.0,1.0,1.0,47.0,32.0,0.0,0.0,0.53125,64.0,0.03125,5
0.0,3.0,1.0,1.0,1.0,47.0,32.0,0.0,0.0,0.53125,64.0,0.03125,10
0.0,3.0,1.0,1.0,1.0,47.0,32.0,0.0,0.0,0.53125,64.0,0.03125,15
0.0,3.0,1.0,1.0,1.0,47.0,32.0,0.0,0.0,0.53125,64.0,0.03125,20
0.0,3.0,1.0,1.0,1.0,47.0,32.0,0.0,0.0,0.53125,64.0,0.03125,30
0.0,3.0,1.0,1.0,1.0,47.0,32.0,0.0,0.0,0.53125,64.0,0.03125,40
0.0,3.0,1.0,1.0,1.0,47.0,32.0,0.0,0.0,0.53125,64.0,0.03125,50
0.0,3.0,1.0,1.0,1.0,47.0,32.0,0.0,0.0,0.53125,64.0,0.03125,100
0.0,3.0,1.0,1.0,1.0,47.0,32.0,0.0,0.0,0.53125,64.0,0.03125,500
0.0,3.0,1.0,1.0,1.0,47.0,32.0,0.0,0.0,0.53125,64.0,0.0625,5
0.0,3.0,1.0,1.0,1.0,47.0,32.0,0.0,0.0,0.53125,64.0,0.0625,10
0.0,3.0,1.0,1.0,1.0,47.0,32.0,0.0,0.0,0.53125,64.0,0.0625,15
0.0,3.0,1.0,1.0,1.0,47.0,32.0,0.0,0.0,0.53125,64.0,0.0625,20
0.0,3.0,1.0,1.0,1.0,47.0,32.0,0.0,0.0,0.53125,64.0,0.0625,30
0.0,3.0,1.0,1.0,1.0,47.0,32.0,0.0,0.0,0.53125,64.0,0.0625,40
0.0,3.0,1.0,1.0,1.0,47.0,32.0,0.0,0.0,0.53125,64.0,0.0625,50
0.0,3.0,1.0,1.0,1.0,47.0,32.0,0.0,0.0,0.53125,64.0,0.0625,100
0.0,3.0,1.0,1.0,1.0,47.0,32.0,0.0,0.0,0.53125,64.0,0.0625,500
0.0,3.0,1.0,1.0,1.0,47.0,32.0,0.0,0.0,0.53125,64.0,0.125,5
0.0,3.0,1.0,1.0,1.0,47.0,32.0,0.0,0.0,0.53125,64.0,0.125,10
0.0,3.0,1.0,1.0,1.0,47.0,32.0,0.0,0.0,0.53125,64.0,0.125,15
0.0,3.0,1.0,1.0,1.0,47.0,32.0,0.0,0.0,0.53125,64.0,0.125,20
0.0,3.0,1.0,1.0,1.0,47.0,32.0,0.0,0.0,0.53125,64.0,0.125,30
0.0,3.0,1.0,1.0,1.0,47.0,32.0,0.0,0.0,0.53125,64.0,0.125,40
0.0,3.0,1.0,1.0,1.0,47.0,32.0,0.0,0.0,0.53125,64.0,0.125,50
0.0,3.0,1.0,1.0,1.0,47.0,32.0,0.0,0.0,0.53125,64.0,0.125,100
0.0,3.0,1.0,1.0,1.0,47.0,32.0,0.0,0.0,0.53125,64.0,0.125,500
0.0,3.0,1.0,1.0,1.0,47.0,32.0,0.0,0.0,0.53125,64.0,0.25,5
0.0,3.0,1.0,1.0,1.0,47.0,32.0,0.0,0.0,0.53125,64.0,0.25,10
0.0,3.0,1.0,1.0,1.0,47.0,32.0,0.0,0.0,0.53125,64.0,0.25,15
0.0,3.0,1.0,1.0,1.0,47.0,32.0,0.0,0.0,0.53125,64.0,0.25,20
0.0,3.0,1.0,1.0,1.0,47.0,32.0,0.0,0.0,0.53125,64.0,0.25,30
0.0,3.0,1.0,1.0,1.0,47.0,32.0,0.0,0.0,0.53125,64.0,0.25,40
0.0,3.0,1.0,1.0,1.0,47.0,32.0,0.0,0.0,0.53125,64.0,0.25,50
0.0,3.0,1.0,1.0,1.0,47.0,32.0,0.0,0.0,0.53125,64.0,0.25,100
0.0,3.0,1.0,1.0,1.0,47.0,32.0,0.0,0.0,0.53125,64.0,0.25,500
0.0,3.0,1.0,1.0,1.0,47.0,32.0,0.0,0.0,0.53125,64.0,0.5,5
0.0,3.0,1.0,1.0,1.0,47.0,32.0,0.0,0.0,0.53125,64.0,0.5,10
0.0,3.0,1.0,1.0,1.0,47.0,32.0,0.0,0.0,0.53125,64.0,0.5,15
0.0,3.0,1.0,1.0,1.0,47.0,32.0,0.0,0.0,0.53125,64.0,0.5,20
0.0,3.0,1.0,1.0,1.0,47.0,32.0,0.0,0.0,0.53125,64.0,0.5,30
0.0,3.0,1.0,1.0,1.0,47.0,32.0,0.0,0.0,0.53125,64.0,0.5,40
0.0,3.0,1.0,1.0,1.0,47.0,32.0,0.0,0.0,0.53125,64.0,0.5,50
0.0,3.0,1.0,1.0,1.0,47.0,32.0,0.0,0.0,0.53125,64.0,0.5,100
0.0,3.0,1.0,1.0,1.0,47.0,32.0,0.0,0.0,0.53125,64.0,0.5,500
0.0,3.0,1.0,1.0,1.0,47.0,32.0,0.0,0.0,0.53125,64.0,1.0,5
0.0,3.0,1.0,1.0,1.0,47.0,32.0,0.0,0.0,0.53125,64.0,1.0,10
0.0,3.0,1.0,1.0,1.0,47.0,32.0,0.0,0.0,0.53125,64.0,1.0,15
0.0,3.0,1.0,1.0,1.0,47.0,32.0,0.0,0.0,0.53125,64.0,1.0,20
0.0,3.0,1.0,1.0,1.0,47.0,32.0,0.0,0.0,0.53125,64.0,1.0,30
0.0,3.0,1.0,1.0,1.0,47.0,32.0,0.0,0.0,0.53125,64.0,1.0,40
0.0,3.0,1.0,1.0,1.0,47.0,32.0,0.0,0.0,0.53125,64.0,1.0,50
0.0,3.0,1.0,1.0,1.0,47.0,32.0,0.0,0.0,0.53125,64.0,1.0,100
0.0,3.0,1.0,1.0,1.0,47.0,32.0,0.0,0.0,0.53125,64.0,1.0,500
0.0,3.0,1.0,1.0,1.0,47.0,32.0,0.0,0.0,0.53125,64.0,2.0,5
0.0,3.0,1.0,1.0,1.0,47.0,32.0,0.0,0.0,0.53125,64.0,2.0,10
0.0,3.0,1.0,1.0,1.0,47.0,32.0,0.0,0.0,0.53125,64.0,2.0,15
0.0,3.0,1.0,1.0,1.0,47.0,32.0,0.0,0.0,0.53125,64.0,2.0,20
0.0,3.0,1.0,1.0,1.0,47.0,32.0,0.0,0.0,0.53125,64.0,2.0,30
0.0,3.0,1.0,1.0,1.0,47.0,32.0,0.0,0.0,0.53125,64.0,2.0,40
0.0,3.0,1.0,1.0,1.0,47.0,32.0,0.0,0.0,0.53125,64.0,2.0,50
0.0,3.0,1.0,1.0,1.0,47.0,32.0,0.0,0.0,0.53125,64.0,2.0,100
0.0,3.0,1.0,1.0,1.0,47.0,32.0,0.0,0.0,0.53125,64.0,2.0,500
0.0,3.0,1.0,1.0,1.0,47.0,32.0,0.0,0.0,0.53125,64.0,4.0,5
0.0,3.0,1.0,1.0,1.0,47.0,32.0,0.0,0.0,0.53125,64.0,4.0,10
0.0,3.0,1.0,1.0,1.0,47.0,32.0,0.0,0.0,0.53125,64.0,4.0,15
0.0,3.0,1.0,1.0,1.0,47.0,32.0,0.0,0.0,0.53125,64.0,4.0,20
0.0,3.0,1.0,1.0,1.0,47.0,32.0,0.0,0.0,0.53125,64.0,4.0,30
0.0,3.0,1.0,1.0,1.0,47.0,32.0,0.0,0.0,0.53125,64.0,4.0,40
0.0,3.0,1.0,1.0,1.0,47.0,32.0,0.0,0.0,0.53125,64.0,4.0,50
0.0,3.0,1.0,1.0,1.0,47.0,32.0,0.0,0.0,0.53125,64.0,4.0,100
0.0,3.0,1.0,1.0,1.0,47.0,32.0,0.0,0.0,0.53125,64.0,4.0,500
0.0,3.0,1.0,1.0,1.0,47.0,32.0,0.0,0.0,0.53125,64.0,8.0,5
0.0,3.0,1.0,1.0,1.0,47.0,32.0,0.0,0.0,0.53125,64.0,8.0,10
0.0,3.0,1.0,1.0,1.0,47.0,32.0,0.0,0.0,0.53125,64.0,8.0,15
0.0,3.0,1.0,1.0,1.0,47.0,32.0,0.0,0.0,0.53125,64.0,8.0,20
0.0,3.0,1.0,1.0,1.0,47.0,32.0,0.0,0.0,0.53125,64.0,8.0,30
0.0,3.0,1.0,1.0,1.0,47.0,32.0,0.0,0.0,0.53125,64.0,8.0,40
0.0,3.0,1.0,1.0,1.0,47.0,32.0,0.0,0.0,0.53125,64.0,8.0,50
0.0,3.0,1.0,1.0,1.0,47.0,32.0,0.0,0.0,0.53125,64.0,8.0,100
0.0,3.0,1.0,1.0,1.0,47.0,32.0,0.0,0.0,0.53125,64.0,8.0,500
0.0,3.0,1.0,1.0,1.0,47.0,32.0,0.0,0.0,0.53125,64.0,16.0,5
0.0,3.0,1.0,1.0,1.0,47.0,32.0,0.0,0.0,0.53125,64.0,16.0,10
0.0,3.0,1.0,1.0,1.0,47.0,32.0,0.0,0.0,0.53125,64.0,16.0,15
0.0,3.0,1.0,1.0,1.0,47.0,32.0,0.0,0.0,0.53125,64.0,16.0,20
0.0,3.0,1.0,1.0,1.0,47.0,32.0,0.0,0.0,0.53125,64.0,16.0,30
0.0,3.0,1.0,1.0,1.0,47.0,32.0,0.0,0.0,0.53125,64.0,16.0,40
0.0,3.0,1.0,1.0,1.0,47.0,32.0,0.0,0.0,0.53125,64.0,16.0,50
0.0,3.0,1.0,1.0,1.0,47.0,32.0,0.0,0.0,0.53125,64.0,16.0,100
0.0,3.0,1.0,1.0,1.0,47.0,32.0,0.0,0.0,0.53125,64.0,16.0,500
0.0,3.0,1.0,1.0,1.0,47.0,32.0,0.0,0.0,0.53125,64.0,32.0,5
0.0,3.0,1.0,1.0,1.0,47.0,32.0,0.0,0.0,0.53125,64.0,32.0,10
0.0,3.0,1.0,1.0,1.0,47.0,32.0,0.0,0.0,0.53125,64.0,32.0,15
0.0,3.0,1.0,1.0,1.0,47.0,32.0,0.0,0.0,0.53125,64.0,32.0,20
0.0,3.0,1.0,1.0,1.0,47.0,32.0,0.0,0.0,0.53125,64.0,32.0,30
0.0,3.0,1.0,1.0,1.0,47.0,32.0,0.0,0.0,0.53125,64.0,32.0,40
0.0,3.0,1.0,1.0,1.0,47.0,32.0,0.0,0.0,0.53125,64.0,32.0,50
0.0,3.0,1.0,1.0,1.0,47.0,32.0,0.0,0.0,0.53125,64.0,32.0,100
0.0,3.0,1.0,1.0,1.0,47.0,32.0,0.0,0.0,0.53125,64.0,32.0,500
0.0,3.0,1.0,1.0,1.0,47.0,32.0,0.0,0.0,0.53125,64.0,64.0,5
0.0,3.0,1.0,1.0,1.0,47.0,32.0,0.0,0.0,0.53125,64.0,64.0,10
0.0,3.0,1.0,1.0,1.0,47.0,32.0,0.0,0.0,0.53125,64.0,64.0,15
0.0,3.0,1.0,1.0,1.0,47.0,32.0,0.0,0.0,0.53125,64.0,64.0,20
0.0,3.0,1.0,1.0,1.0,47.0,32.0,0.0,0.0,0.53125,64.0,64.0,30
0.0,3.0,1.0,1.0,1.0,47.0,32.0,0.0,0.0,0.53125,64.0,64.0,40
0.0,3.0,1.0,1.0,1.0,47.0,32.0,0.0,0.0,0.53125,64.0,64.0,50
0.0,3.0,1.0,1.0,1.0,47.0,32.0,0.0,0.0,0.53125,64.0,64.0,100
0.0,3.0,1.0,1.0,1.0,47.0,32.0,0.0,0.0,0.53125,64.0,64.0,500
0.0,3.0,1.0,1.0,1.0,47.0,32.0,0.0,0.0,0.53125,64.0,128.0,5
0.0,3.0,1.0,1.0,1.0,47.0,32.0,0.0,0.0,0.53125,64.0,128.0,10
0.0,3.0,1.0,1.0,1.0,47.0,32.0,0.0,0.0,0.53125,64.0,128.0,15
0.0,3.0,1.0,1.0,1.0,47.0,32.0,0.0,0.0,0.53125,64.0,128.0,20
0.0,3.0,1.0,1.0,1.0,47.0,32.0,0.0,0.0,0.53125,64.0,128.0,30
0.0,3.0,1.0,1.0,1.0,47.0,32.0,0.0,0.0,0.53125,64.0,128.0,40
0.0,3.0,1.0,1.0,1.0,47.0,32.0,0.0,0.0,0.53125,64.0,128.0,50
0.0,3.0,1.0,1.0,1.0,47.0,32.0,0.0,0.0,0.53125,64.0,128.0,100
0.0,3.0,1.0,1.0,1.0,47.0,32.0,0.0,0.0,0.53125,64.0,128.0,500
0.0,3.0,1.0,1.0,1.0,47.0,32.0,0.0,0.0,0.53125,64.0,256.0,5
0.0,3.0,1.0,1.0,1.0,47.0,32.0,0.0,0.0,0.53125,64.0,256.0,10
0.0,3.0,1.0,1.0,1.0,47.0,32.0,0.0,0.0,0.53125,64.0,256.0,15
0.0,3.0,1.0,1.0,1.0,47.0,32.0,0.0,0.0,0.53125,64.0,256.0,20
0.0,3.0,1.0,1.0,1.0,47.0,32.0,0.0,0.0,0.53125,64.0,256.0,30
0.0,3.0,1.0,1.0,1.0,47.0,32.0,0.0,0.0,0.53125,64.0,256.0,40
0.0,3.0,1.0,1.0,1.0,47.0,32.0,0.0,0.0,0.53125,64.0,256.0,50
0.0,3.0,1.0,1.0,1.0,47.0,32.0,0.0,0.0,0.53125,64.0,256.0,100
0.0,3.0,1.0,1.0,1.0,47.0,32.0,0.0,0.0,0.53125,64.0,256.0,500
0.0,3.0,1.0,1.0,1.0,47.0,32.0,0.0,0.0,0.53125,64.0,512.0,5
0.0,3.0,1.0,1.0,1.0,47.0,32.0,0.0,0.0,0.53125,64.0,512.0,10
0.0,3.0,1.0,1.0,1.0,47.0,32.0,0.0,0.0,0.53125,64.0,512.0,15
0.0,3.0,1.0,1.0,1.0,47.0,32.0,0.0,0.0,0.53125,64.0,512.0,20
0.0,3.0,1.0,1.0,1.0,47.0,32.0,0.0,0.0,0.53125,64.0,512.0,30
0.0,3.0,1.0,1.0,1.0,47.0,32.0,0.0,0.0,0.53125,64.0,512.0,40
0.0,3.0,1.0,1.0,1.0,47.0,32.0,0.0,0.0,0.53125,64.0,512.0,50
0.0,3.0,1.0,1.0,1.0,47.0,32.0,0.0,0.0,0.53125,64.0,512.0,100
0.0,3.0,1.0,1.0,1.0,47.0,32.0,0.0,0.0,0.53125,64.0,512.0,500
0.0,3.0,1.0,1.0,1.0,47.0,32.0,0.0,0.0,0.53125,64.0,1024.0,5
0.0,3.0,1.0,1.0,1.0,47.0,32.0,0.0,0.0,0.53125,64.0,1024.0,10
0.0,3.0,1.0,1.0,1.0,47.0,32.0,0.0,0.0,0.53125,64.0,1024.0,15
0.0,3.0,1.0,1.0,1.0,47.0,32.0,0.0,0.0,0.53125,64.0,1024.0,20
0.0,3.0,1.0,1.0,1.0,47.0,32.0,0.0,0.0,0.53125,64.0,1024.0,30
0.0,3.0,1.0,1.0,1.0,47.0,32.0,0.0,0.0,0.53125,64.0,1024.0,40
0.0,3.0,1.0,1.0,1.0,47.0,32.0,0.0,0.0,0.53125,64.0,1024.0,50
0.0,3.0,1.0,1.0,1.0,47.0,32.0,0.0,0.0,0.53125,64.0,1024.0,100
0.0,3.0,1.0,1.0,1.0,47.0,32.0,0.0,0.0,0.53125,64.0,1024.0,500
0.0,3.0,1.0,1.0,1.0,47.0,32.0,0.0,0.0,0.53125,64.0,2048.0,5
0.0,3.0,1.0,1.0,1.0,47.0,32.0,0.0,0.0,0.53125,64.0,2048.0,10
0.0,3.0,1.0,1.0,1.0,47.0,32.0,0.0,0.0,0.53125,64.0,2048.0,15
0.0,3.0,1.0,1.0,1.0,47.0,32.0,0.0,0.0,0.53125,64.0,2048.0,20
0.0,3.0,1.0,1.0,1.0,47.0,32.0,0.0,0.0,0.53125,64.0,2048.0,30
0.0,3.0,1.0,1.0,1.0,47.0,32.0,0.0,0.0,0.53125,64.0,2048.0,40
0.0,3.0,1.0,1.0,1.0,47.0,32.0,0.0,0.0,0.53125,64.0,2048.0,50
0.0,3.0,1.0,1.0,1.0,47.0,32.0,0.0,0.0,0.53125,64.0,2048.0,100
0.0,3.0,1.0,1.0,1.0,47.0,32.0,0.0,0.0,0.53125,64.0,2048.0,500
0.0,3.0,1.0,1.0,1.0,47.0,32.0,0.0,0.0,0.53125,64.0,4096.0,5
0.0,3.0,1.0,1.0,1.0,47.0,32.0,0.0,0.0,0.53125,64.0,4096.0,10
0.0,3.0,1.0,1.0,1.0,47.0,32.0,0.0,0.0,0.53125,64.0,4096.0,15
0.0,3.0,1.0,1.0,1.0,47.0,32.0,0.0,0.0,0.53125,64.0,4096.0,20
0.0,3.0,1.0,1.0,1.0,47.0,32.0,0.0,0.0,0.53125,64.0,4096.0,30
0.0,3.0,1.0,1.0,1.0,47.0,32.0,0.0,0.0,0.53125,64.0,4096.0,40
0.0,3.0,1.0,1.0,1.0,47.0,32.0,0.0,0.0,0.53125,64.0,4096.0,50
0.0,3.0,1.0,1.0,1.0,47.0,32.0,0.0,0.0,0.53125,64.0,4096.0,100
0.0,3.0,1.0,1.0,1.0,47.0,32.0,0.0,0.0,0.53125,64.0,4096.0,500
0.0,3.0,1.0,1.0,1.0,47.0,32.0,0.0,0.0,0.53125,64.0,8192.0,5
0.0,3.0,1.0,1.0,1.0,47.0,32.0,0.0,0.0,0.53125,64.0,8192.0,10
0.0,3.0,1.0,1.0,1.0,47.0,32.0,0.0,0.0,0.53125,64.0,8192.0,15
0.0,3.0,1.0,1.0,1.0,47.0,32.0,0.0,0.0,0.53125,64.0,8192.0,20
0.0,3.0,1.0,1.0,1.0,47.0,32.0,0.0,0.0,0.53125,64.0,8192.0,30
0.0,3.0,1.0,1.0,1.0,47.0,32.0,0.0,0.0,0.53125,64.0,8192.0,40
0.0,3.0,1.0,1.0,1.0,47.0,32.0,0.0,0.0,0.53125,64.0,8192.0,50
0.0,3.0,1.0,1.0,1.0,47.0,32.0,0.0,0.0,0.53125,64.0,8192.0,100
0.0,3.0,1.0,1.0,1.0,47.0,32.0,0.0,0.0,0.53125,64.0,8192.0,500
0.0,3.0,1.0,1.0,1.0,47.0,32.0,0.0,0.0,0.53125,64.0,16384.0,5
0.0,3.0,1.0,1.0,1.0,47.0,32.0,0.0,0.0,0.53125,64.0,16384.0,10
0.0,3.0,1.0,1.0,1.0,47.0,32.0,0.0,0.0,0.53125,64.0,16384.0,15
0.0,3.0,1.0,1.0,1.0,47.0,32.0,0.0,0.0,0.53125,64.0,16384.0,20
0.0,3.0,1.0,1.0,1.0,47.0,32.0,0.0,0.0,0.53125,64.0,16384.0,30
0.0,3.0,1.0,1.0,1.0,47.0,32.0,0.0,0.0,0.53125,64.0,16384.0,40
0.0,3.0,1.0,1.0,1.0,47.0,32.0,0.0,0.0,0.53125,64.0,16384.0,50
0.0,3.0,1.0,1.0,1.0,47.0,32.0,0.0,0.0,0.53125,64.0,16384.0,100
0.0,3.0,1.0,1.0,1.0,47.0,32.0,0.0,0.0,0.53125,64.0,16384.0,500
0.0,3.0,1.0,1.0,1.0,47.0,32.0,0.0,0.0,0.53125,64.0,32768.0,5
0.0,3.0,1.0,1.0,1.0,47.0,32.0,0.0,0.0,0.53125,64.0,32768.0,10
0.0,3.0,1.0,1.0,1.0,47.0,32.0,0.0,0.0,0.53125,64.0,32768.0,15
0.0,3.0,1.0,1.0,1.0,47.0,32.0,0.0,0.0,0.53125,64.0,32768.0,20
0.0,3.0,1.0,1.0,1.0,47.0,32.0,0.0,0.0,0.53125,64.0,32768.0,30
0.0,3.0,1.0,1.0,1.0,47.0,32.0,0.0,0.0,0.53125,64.0,32768.0,40
0.0,3.0,1.0,1.0,1.0,47.0,32.0,0.0,0.0,0.53125,64.0,32768.0,50
0.0,3.0,1.0,1.0,1.0,47.0,32.0,0.0,0.0,0.53125,64.0,32768.0,100
0.0,3.0,1.0,1.0,1.0,47.0,32.0,0.0,0.0,0.53125,64.0,32768.0,500
0.0,3.0,1.0,1.0,1.0,47.0,32.0,0.0,0.0,0.53125,128.0,0.000976562,5
0.0,3.0,1.0,1.0,1.0,47.0,32.0,0.0,0.0,0.53125,128.0,0.000976562,10
0.0,3.0,1.0,1.0,1.0,47.0,32.0,0.0,0.0,0.53125,128.0,0.000976562,15
0.0,3.0,1.0,1.0,1.0,47.0,32.0,0.0,0.0,0.53125,128.0,0.000976562,20
0.0,3.0,1.0,1.0,1.0,47.0,32.0,0.0,0.0,0.53125,128.0,0.000976562,30
0.0,3.0,1.0,1.0,1.0,47.0,32.0,0.0,0.0,0.53125,128.0,0.000976562,40
0.0,3.0,1.0,1.0,1.0,47.0,32.0,0.0,0.0,0.53125,128.0,0.000976562,50
0.0,3.0,1.0,1.0,1.0,47.0,32.0,0.0,0.0,0.53125,128.0,0.000976562,100
0.0,3.0,1.0,1.0,1.0,47.0,32.0,0.0,0.0,0.53125,128.0,0.000976562,500
0.0,3.0,1.0,1.0,1.0,47.0,32.0,0.0,0.0,0.53125,128.0,0.00195312,5
0.0,3.0,1.0,1.0,1.0,47.0,32.0,0.0,0.0,0.53125,128.0,0.00195312,10
0.0,3.0,1.0,1.0,1.0,47.0,32.0,0.0,0.0,0.53125,128.0,0.00195312,15
0.0,3.0,1.0,1.0,1.0,47.0,32.0,0.0,0.0,0.53125,128.0,0.00195312,20
0.0,3.0,1.0,1.0,1.0,47.0,32.0,0.0,0.0,0.53125,128.0,0.00195312,30
0.0,3.0,1.0,1.0,1.0,47.0,32.0,0.0,0.0,0.53125,128.0,0.00195312,40
0.0,3.0,1.0,1.0,1.0,47.0,32.0,0.0,0.0,0.53125,128.0,0.00195312,50
0.0,3.0,1.0,1.0,1.0,47.0,32.0,0.0,0.0,0.53125,128.0,0.00195312,100
0.0,3.0,1.0,1.0,1.0,47.0,32.0,0.0,0.0,0.53125,128.0,0.00195312,500
0.0,3.0,1.0,1.0,1.0,47.0,32.0,0.0,0.0,0.53125,128.0,0.00390625,5
0.0,3.0,1.0,1.0,1.0,47.0,32.0,0.0,0.0,0.53125,128.0,0.00390625,10
0.0,3.0,1.0,1.0,1.0,47.0,32.0,0.0,0.0,0.53125,128.0,0.00390625,15
0.0,3.0,1.0,1.0,1.0,47.0,32.0,0.0,0.0,0.53125,128.0,0.00390625,20
0.0,3.0,1.0,1.0,1.0,47.0,32.0,0.0,0.0,0.53125,128.0,0.00390625,30
0.0,3.0,1.0,1.0,1.0,47.0,32.0,0.0,0.0,0.53125,128.0,0.00390625,40
0.0,3.0,1.0,1.0,1.0,47.0,32.0,0.0,0.0,0.53125,128.0,0.00390625,50
0.0,3.0,1.0,1.0,1.0,47.0,32.0,0.0,0.0,0.53125,128.0,0.00390625,100
0.0,3.0,1.0,1.0,1.0,47.0,32.0,0.0,0.0,0.53125,128.0,0.00390625,500
0.0,3.0,1.0,1.0,1.0,47.0,32.0,0.0,0.0,0.53125,128.0,0.0078125,5
0.0,3.0,1.0,1.0,1.0,47.0,32.0,0.0,0.0,0.53125,128.0,0.0078125,10
0.0,3.0,1.0,1.0,1.0,47.0,32.0,0.0,0.0,0.53125,128.0,0.0078125,15
0.0,3.0,1.0,1.0,1.0,47.0,32.0,0.0,0.0,0.53125,128.0,0.0078125,20
0.0,3.0,1.0,1.0,1.0,47.0,32.0,0.0,0.0,0.53125,128.0,0.0078125,30
0.0,3.0,1.0,1.0,1.0,47.0,32.0,0.0,0.0,0.53125,128.0,0.0078125,40
0.0,3.0,1.0,1.0,1.0,47.0,32.0,0.0,0.0,0.53125,128.0,0.0078125,50
0.0,3.0,1.0,1.0,1.0,47.0,32.0,0.0,0.0,0.53125,128.0,0.0078125,100
0.0,3.0,1.0,1.0,1.0,47.0,32.0,0.0,0.0,0.53125,128.0,0.0078125,500
0.0,3.0,1.0,1.0,1.0,47.0,32.0,0.0,0.0,0.53125,128.0,0.015625,5
0.0,3.0,1.0,1.0,1.0,47.0,32.0,0.0,0.0,0.53125,128.0,0.015625,10
0.0,3.0,1.0,1.0,1.0,47.0,32.0,0.0,0.0,0.53125,128.0,0.015625,15
0.0,3.0,1.0,1.0,1.0,47.0,32.0,0.0,0.0,0.53125,128.0,0.015625,20
0.0,3.0,1.0,1.0,1.0,47.0,32.0,0.0,0.0,0.53125,128.0,0.015625,30
0.0,3.0,1.0,1.0,1.0,47.0,32.0,0.0,0.0,0.53125,128.0,0.015625,40
0.0,3.0,1.0,1.0,1.0,47.0,32.0,0.0,0.0,0.53125,128.0,0.015625,50
0.0,3.0,1.0,1.0,1.0,47.0,32.0,0.0,0.0,0.53125,128.0,0.015625,100
0.0,3.0,1.0,1.0,1.0,47.0,32.0,0.0,0.0,0.53125,128.0,0.015625,500
0.0,3.0,1.0,1.0,1.0,47.0,32.0,0.0,0.0,0.53125,128.0,0.03125,5
0.0,3.0,1.0,1.0,1.0,47.0,32.0,0.0,0.0,0.53125,128.0,0.03125,10
0.0,3.0,1.0,1.0,1.0,47.0,32.0,0.0,0.0,0.53125,128.0,0.03125,15
0.0,3.0,1.0,1.0,1.0,47.0,32.0,0.0,0.0,0.53125,128.0,0.03125,20
0.0,3.0,1.0,1.0,1.0,47.0,32.0,0.0,0.0,0.53125,128.0,0.03125,30
0.0,3.0,1.0,1.0,1.0,47.0,32.0,0.0,0.0,0.53125,128.0,0.03125,40
0.0,3.0,1.0,1.0,1.0,47.0,32.0,0.0,0.0,0.53125,128.0,0.03125,50
0.0,3.0,1.0,1.0,1.0,47.0,32.0,0.0,0.0,0.53125,128.0,0.03125,100
0.0,3.0,1.0,1.0,1.0,47.0,32.0,0.0,0.0,0.53125,128.0,0.03125,500
0.0,3.0,1.0,1.0,1.0,47.0,32.0,0.0,0.0,0.53125,128.0,0.0625,5
0.0,3.0,1.0,1.0,1.0,47.0,32.0,0.0,0.0,0.53125,128.0,0.0625,10
0.0,3.0,1.0,1.0,1.0,47.0,32.0,0.0,0.0,0.53125,128.0,0.0625,15
0.0,3.0,1.0,1.0,1.0,47.0,32.0,0.0,0.0,0.53125,128.0,0.0625,20
0.0,3.0,1.0,1.0,1.0,47.0,32.0,0.0,0.0,0.53125,128.0,0.0625,30
0.0,3.0,1.0,1.0,1.0,47.0,32.0,0.0,0.0,0.53125,128.0,0.0625,40
0.0,3.0,1.0,1.0,1.0,47.0,32.0,0.0,0.0,0.53125,128.0,0.0625,50
0.0,3.0,1.0,1.0,1.0,47.0,32.0,0.0,0.0,0.53125,128.0,0.0625,100
0.0,3.0,1.0,1.0,1.0,47.0,32.0,0.0,0.0,0.53125,128.0,0.0625,500
0.0,3.0,1.0,1.0,1.0,47.0,32.0,0.0,0.0,0.53125,128.0,0.125,5
0.0,3.0,1.0,1.0,1.0,47.0,32.0,0.0,0.0,0.53125,128.0,0.125,10
0.0,3.0,1.0,1.0,1.0,47.0,32.0,0.0,0.0,0.53125,128.0,0.125,15
0.0,3.0,1.0,1.0,1.0,47.0,32.0,0.0,0.0,0.53125,128.0,0.125,20
0.0,3.0,1.0,1.0,1.0,47.0,32.0,0.0,0.0,0.53125,128.0,0.125,30
0.0,3.0,1.0,1.0,1.0,47.0,32.0,0.0,0.0,0.53125,128.0,0.125,40
0.0,3.0,1.0,1.0,1.0,47.0,32.0,0.0,0.0,0.53125,128.0,0.125,50
0.0,3.0,1.0,1.0,1.0,47.0,32.0,0.0,0.0,0.53125,128.0,0.125,100
0.0,3.0,1.0,1.0,1.0,47.0,32.0,0.0,0.0,0.53125,128.0,0.125,500
0.0,3.0,1.0,1.0,1.0,47.0,32.0,0.0,0.0,0.53125,128.0,0.25,5
0.0,3.0,1.0,1.0,1.0,47.0,32.0,0.0,0.0,0.53125,128.0,0.25,10
0.0,3.0,1.0,1.0,1.0,47.0,32.0,0.0,0.0,0.53125,128.0,0.25,15
0.0,3.0,1.0,1.0,1.0,47.0,32.0,0.0,0.0,0.53125,128.0,0.25,20
0.0,3.0,1.0,1.0,1.0,47.0,32.0,0.0,0.0,0.53125,128.0,0.25,30
0.0,3.0,1.0,1.0,1.0,47.0,32.0,0.0,0.0,0.53125,128.0,0.25,40
0.0,3.0,1.0,1.0,1.0,47.0,32.0,0.0,0.0,0.53125,128.0,0.25,50
0.0,3.0,1.0,1.0,1.0,47.0,32.0,0.0,0.0,0.53125,128.0,0.25,100
0.0,3.0,1.0,1.0,1.0,47.0,32.0,0.0,0.0,0.53125,128.0,0.25,500
0.0,3.0,1.0,1.0,1.0,47.0,32.0,0.0,0.0,0.53125,128.0,0.5,5
0.0,3.0,1.0,1.0,1.0,47.0,32.0,0.0,0.0,0.53125,128.0,0.5,10
0.0,3.0,1.0,1.0,1.0,47.0,32.0,0.0,0.0,0.53125,128.0,0.5,15
0.0,3.0,1.0,1.0,1.0,47.0,32.0,0.0,0.0,0.53125,128.0,0.5,20
0.0,3.0,1.0,1.0,1.0,47.0,32.0,0.0,0.0,0.53125,128.0,0.5,30
0.0,3.0,1.0,1.0,1.0,47.0,32.0,0.0,0.0,0.53125,128.0,0.5,40
0.0,3.0,1.0,1.0,1.0,47.0,32.0,0.0,0.0,0.53125,128.0,0.5,50
0.0,3.0,1.0,1.0,1.0,47.0,32.0,0.0,0.0,0.53125,128.0,0.5,100
0.0,3.0,1.0,1.0,1.0,47.0,32.0,0.0,0.0,0.53125,128.0,0.5,500
0.0,3.0,1.0,1.0,1.0,47.0,32.0,0.0,0.0,0.53125,128.0,1.0,5
0.0,3.0,1.0,1.0,1.0,47.0,32.0,0.0,0.0,0.53125,128.0,1.0,10
0.0,3.0,1.0,1.0,1.0,47.0,32.0,0.0,0.0,0.53125,128.0,1.0,15
0.0,3.0,1.0,1.0,1.0,47.0,32.0,0.0,0.0,0.53125,128.0,1.0,20
0.0,3.0,1.0,1.0,1.0,47.0,32.0,0.0,0.0,0.53125,128.0,1.0,30
0.0,3.0,1.0,1.0,1.0,47.0,32.0,0.0,0.0,0.53125,128.0,1.0,40
0.0,3.0,1.0,1.0,1.0,47.0,32.0,0.0,0.0,0.53125,128.0,1.0,50
0.0,3.0,1.0,1.0,1.0,47.0,32.0,0.0,0.0,0.53125,128.0,1.0,100
0.0,3.0,1.0,1.0,1.0,47.0,32.0,0.0,0.0,0.53125,128.0,1.0,500
0.0,3.0,1.0,1.0,1.0,47.0,32.0,0.0,0.0,0.53125,128.0,2.0,5
0.0,3.0,1.0,1.0,1.0,47.0,32.0,0.0,0.0,0.53125,128.0,2.0,10
0.0,3.0,1.0,1.0,1.0,47.0,32.0,0.0,0.0,0.53125,128.0,2.0,15
0.0,3.0,1.0,1.0,1.0,47.0,32.0,0.0,0.0,0.53125,128.0,2.0,20
0.0,3.0,1.0,1.0,1.0,47.0,32.0,0.0,0.0,0.53125,128.0,2.0,30
0.0,3.0,1.0,1.0,1.0,47.0,32.0,0.0,0.0,0.53125,128.0,2.0,40
0.0,3.0,1.0,1.0,1.0,47.0,32.0,0.0,0.0,0.53125,128.0,2.0,50
0.0,3.0,1.0,1.0,1.0,47.0,32.0,0.0,0.0,0.53125,128.0,2.0,100
0.0,3.0,1.0,1.0,1.0,47.0,32.0,0.0,0.0,0.53125,128.0,2.0,500
0.0,3.0,1.0,1.0,1.0,47.0,32.0,0.0,0.0,0.53125,128.0,4.0,5
0.0,3.0,1.0,1.0,1.0,47.0,32.0,0.0,0.0,0.53125,128.0,4.0,10
0.0,3.0,1.0,1.0,1.0,47.0,32.0,0.0,0.0,0.53125,128.0,4.0,15
0.0,3.0,1.0,1.0,1.0,47.0,32.0,0.0,0.0,0.53125,128.0,4.0,20
0.0,3.0,1.0,1.0,1.0,47.0,32.0,0.0,0.0,0.53125,128.0,4.0,30
0.0,3.0,1.0,1.0,1.0,47.0,32.0,0.0,0.0,0.53125,128.0,4.0,40
0.0,3.0,1.0,1.0,1.0,47.0,32.0,0.0,0.0,0.53125,128.0,4.0,50
0.0,3.0,1.0,1.0,1.0,47.0,32.0,0.0,0.0,0.53125,128.0,4.0,100
0.0,3.0,1.0,1.0,1.0,47.0,32.0,0.0,0.0,0.53125,128.0,4.0,500
0.0,3.0,1.0,1.0,1.0,47.0,32.0,0.0,0.0,0.53125,128.0,8.0,5
0.0,3.0,1.0,1.0,1.0,47.0,32.0,0.0,0.0,0.53125,128.0,8.0,10
0.0,3.0,1.0,1.0,1.0,47.0,32.0,0.0,0.0,0.53125,128.0,8.0,15
0.0,3.0,1.0,1.0,1.0,47.0,32.0,0.0,0.0,0.53125,128.0,8.0,20
0.0,3.0,1.0,1.0,1.0,47.0,32.0,0.0,0.0,0.53125,128.0,8.0,30
0.0,3.0,1.0,1.0,1.0,47.0,32.0,0.0,0.0,0.53125,128.0,8.0,40
0.0,3.0,1.0,1.0,1.0,47.0,32.0,0.0,0.0,0.53125,128.0,8.0,50
0.0,3.0,1.0,1.0,1.0,47.0,32.0,0.0,0.0,0.53125,128.0,8.0,100
0.0,3.0,1.0,1.0,1.0,47.0,32.0,0.0,0.0,0.53125,128.0,8.0,500
0.0,3.0,1.0,1.0,1.0,47.0,32.0,0.0,0.0,0.53125,128.0,16.0,5
0.0,3.0,1.0,1.0,1.0,47.0,32.0,0.0,0.0,0.53125,128.0,16.0,10
0.0,3.0,1.0,1.0,1.0,47.0,32.0,0.0,0.0,0.53125,128.0,16.0,15
0.0,3.0,1.0,1.0,1.0,47.0,32.0,0.0,0.0,0.53125,128.0,16.0,20
0.0,3.0,1.0,1.0,1.0,47.0,32.0,0.0,0.0,0.53125,128.0,16.0,30
0.0,3.0,1.0,1.0,1.0,47.0,32.0,0.0,0.0,0.53125,128.0,16.0,40
0.0,3.0,1.0,1.0,1.0,47.0,32.0,0.0,0.0,0.53125,128.0,16.0,50
0.0,3.0,1.0,1.0,1.0,47.0,32.0,0.0,0.0,0.53125,128.0,16.0,100
0.0,3.0,1.0,1.0,1.0,47.0,32.0,0.0,0.0,0.53125,128.0,16.0,500
0.0,3.0,1.0,1.0,1.0,47.0,32.0,0.0,0.0,0.53125,128.0,32.0,5
0.0,3.0,1.0,1.0,1.0,47.0,32.0,0.0,0.0,0.53125,128.0,32.0,10
0.0,3.0,1.0,1.0,1.0,47.0,32.0,0.0,0.0,0.53125,128.0,32.0,15
0.0,3.0,1.0,1.0,1.0,47.0,32.0,0.0,0.0,0.53125,128.0,32.0,20
0.0,3.0,1.0,1.0,1.0,47.0,32.0,0.0,0.0,0.53125,128.0,32.0,30
0.0,3.0,1.0,1.0,1.0,47.0,32.0,0.0,0.0,0.53125,128.0,32.0,40
0.0,3.0,1.0,1.0,1.0,47.0,32.0,0.0,0.0,0.53125,128.0,32.0,50
0.0,3.0,1.0,1.0,1.0,47.0,32.0,0.0,0.0,0.53125,128.0,32.0,100
0.0,3.0,1.0,1.0,1.0,47.0,32.0,0.0,0.0,0.53125,128.0,32.0,500
0.0,3.0,1.0,1.0,1.0,47.0,32.0,0.0,0.0,0.53125,128.0,64.0,5
0.0,3.0,1.0,1.0,1.0,47.0,32.0,0.0,0.0,0.53125,128.0,64.0,10
0.0,3.0,1.0,1.0,1.0,47.0,32.0,0.0,0.0,0.53125,128.0,64.0,15
0.0,3.0,1.0,1.0,1.0,47.0,32.0,0.0,0.0,0.53125,128.0,64.0,20
0.0,3.0,1.0,1.0,1.0,47.0,32.0,0.0,0.0,0.53125,128.0,64.0,30
0.0,3.0,1.0,1.0,1.0,47.0,32.0,0.0,0.0,0.53125,128.0,64.0,40
0.0,3.0,1.0,1.0,1.0,47.0,32.0,0.0,0.0,0.53125,128.0,64.0,50
0.0,3.0,1.0,1.0,1.0,47.0,32.0,0.0,0.0,0.53125,128.0,64.0,100
0.0,3.0,1.0,1.0,1.0,47.0,32.0,0.0,0.0,0.53125,128.0,64.0,500
0.0,3.0,1.0,1.0,1.0,47.0,32.0,0.0,0.0,0.53125,128.0,128.0,5
0.0,3.0,1.0,1.0,1.0,47.0,32.0,0.0,0.0,0.53125,128.0,128.0,10
0.0,3.0,1.0,1.0,1.0,47.0,32.0,0.0,0.0,0.53125,128.0,128.0,15
0.0,3.0,1.0,1.0,1.0,47.0,32.0,0.0,0.0,0.53125,128.0,128.0,20
0.0,3.0,1.0,1.0,1.0,47.0,32.0,0.0,0.0,0.53125,128.0,128.0,30
0.0,3.0,1.0,1.0,1.0,47.0,32.0,0.0,0.0,0.53125,128.0,128.0,40
0.0,3.0,1.0,1.0,1.0,47.0,32.0,0.0,0.0,0.53125,128.0,128.0,50
0.0,3.0,1.0,1.0,1.0,47.0,32.0,0.0,0.0,0.53125,128.0,128.0,100
0.0,3.0,1.0,1.0,1.0,47.0,32.0,0.0,0.0,0.53125,128.0,128.0,500
0.0,3.0,1.0,1.0,1.0,47.0,32.0,0.0,0.0,0.53125,128.0,256.0,5
0.0,3.0,1.0,1.0,1.0,47.0,32.0,0.0,0.0,0.53125,128.0,256.0,10
0.0,3.0,1.0,1.0,1.0,47.0,32.0,0.0,0.0,0.53125,128.0,256.0,15
0.0,3.0,1.0,1.0,1.0,47.0,32.0,0.0,0.0,0.53125,128.0,256.0,20
0.0,3.0,1.0,1.0,1.0,47.0,32.0,0.0,0.0,0.53125,128.0,256.0,30
0.0,3.0,1.0,1.0,1.0,47.0,32.0,0.0,0.0,0.53125,128.0,256.0,40
0.0,3.0,1.0,1.0,1.0,47.0,32.0,0.0,0.0,0.53125,128.0,256.0,50
0.0,3.0,1.0,1.0,1.0,47.0,32.0,0.0,0.0,0.53125,128.0,256.0,100
0.0,3.0,1.0,1.0,1.0,47.0,32.0,0.0,0.0,0.53125,128.0,256.0,500
0.0,3.0,1.0,1.0,1.0,47.0,32.0,0.0,0.0,0.53125,128.0,512.0,5
0.0,3.0,1.0,1.0,1.0,47.0,32.0,0.0,0.0,0.53125,128.0,512.0,10
0.0,3.0,1.0,1.0,1.0,47.0,32.0,0.0,0.0,0.53125,128.0,512.0,15
0.0,3.0,1.0,1.0,1.0,47.0,32.0,0.0,0.0,0.53125,128.0,512.0,20
0.0,3.0,1.0,1.0,1.0,47.0,32.0,0.0,0.0,0.53125,128.0,512.0,30
0.0,3.0,1.0,1.0,1.0,47.0,32.0,0.0,0.0,0.53125,128.0,512.0,40
0.0,3.0,1.0,1.0,1.0,47.0,32.0,0.0,0.0,0.53125,128.0,512.0,50
0.0,3.0,1.0,1.0,1.0,47.0,32.0,0.0,0.0,0.53125,128.0,512.0,100
0.0,3.0,1.0,1.0,1.0,47.0,32.0,0.0,0.0,0.53125,128.0,512.0,500
0.0,3.0,1.0,1.0,1.0,47.0,32.0,0.0,0.0,0.53125,128.0,1024.0,5
0.0,3.0,1.0,1.0,1.0,47.0,32.0,0.0,0.0,0.53125,128.0,1024.0,10
0.0,3.0,1.0,1.0,1.0,47.0,32.0,0.0,0.0,0.53125,128.0,1024.0,15
0.0,3.0,1.0,1.0,1.0,47.0,32.0,0.0,0.0,0.53125,128.0,1024.0,20
0.0,3.0,1.0,1.0,1.0,47.0,32.0,0.0,0.0,0.53125,128.0,1024.0,30
0.0,3.0,1.0,1.0,1.0,47.0,32.0,0.0,0.0,0.53125,128.0,1024.0,40
0.0,3.0,1.0,1.0,1.0,47.0,32.0,0.0,0.0,0.53125,128.0,1024.0,50
0.0,3.0,1.0,1.0,1.0,47.0,32.0,0.0,0.0,0.53125,128.0,1024.0,100
0.0,3.0,1.0,1.0,1.0,47.0,32.0,0.0,0.0,0.53125,128.0,1024.0,500
0.0,3.0,1.0,1.0,1.0,47.0,32.0,0.0,0.0,0.53125,128.0,2048.0,5
0.0,3.0,1.0,1.0,1.0,47.0,32.0,0.0,0.0,0.53125,128.0,2048.0,10
0.0,3.0,1.0,1.0,1.0,47.0,32.0,0.0,0.0,0.53125,128.0,2048.0,15
0.0,3.0,1.0,1.0,1.0,47.0,32.0,0.0,0.0,0.53125,128.0,2048.0,20
0.0,3.0,1.0,1.0,1.0,47.0,32.0,0.0,0.0,0.53125,128.0,2048.0,30
0.0,3.0,1.0,1.0,1.0,47.0,32.0,0.0,0.0,0.53125,128.0,2048.0,40
0.0,3.0,1.0,1.0,1.0,47.0,32.0,0.0,0.0,0.53125,128.0,2048.0,50
0.0,3.0,1.0,1.0,1.0,47.0,32.0,0.0,0.0,0.53125,128.0,2048.0,100
0.0,3.0,1.0,1.0,1.0,47.0,32.0,0.0,0.0,0.53125,128.0,2048.0,500
0.0,3.0,1.0,1.0,1.0,47.0,32.0,0.0,0.0,0.53125,128.0,4096.0,5
0.0,3.0,1.0,1.0,1.0,47.0,32.0,0.0,0.0,0.53125,128.0,4096.0,10
0.0,3.0,1.0,1.0,1.0,47.0,32.0,0.0,0.0,0.53125,128.0,4096.0,15
0.0,3.0,1.0,1.0,1.0,47.0,32.0,0.0,0.0,0.53125,128.0,4096.0,20
0.0,3.0,1.0,1.0,1.0,47.0,32.0,0.0,0.0,0.53125,128.0,4096.0,30
0.0,3.0,1.0,1.0,1.0,47.0,32.0,0.0,0.0,0.53125,128.0,4096.0,40
0.0,3.0,1.0,1.0,1.0,47.0,32.0,0.0,0.0,0.53125,128.0,4096.0,50
0.0,3.0,1.0,1.0,1.0,47.0,32.0,0.0,0.0,0.53125,128.0,4096.0,100
0.0,3.0,1.0,1.0,1.0,47.0,32.0,0.0,0.0,0.53125,128.0,4096.0,500
0.0,3.0,1.0,1.0,1.0,47.0,32.0,0.0,0.0,0.53125,128.0,8192.0,5
0.0,3.0,1.0,1.0,1.0,47.0,32.0,0.0,0.0,0.53125,128.0,8192.0,10
0.0,3.0,1.0,1.0,1.0,47.0,32.0,0.0,0.0,0.53125,128.0,8192.0,15
0.0,3.0,1.0,1.0,1.0,47.0,32.0,0.0,0.0,0.53125,128.0,8192.0,20
0.0,3.0,1.0,1.0,1.0,47.0,32.0,0.0,0.0,0.53125,128.0,8192.0,30
0.0,3.0,1.0,1.0,1.0,47.0,32.0,0.0,0.0,0.53125,128.0,8192.0,40
0.0,3.0,1.0,1.0,1.0,47.0,32.0,0.0,0.0,0.53125,128.0,8192.0,50
0.0,3.0,1.0,1.0,1.0,47.0,32.0,0.0,0.0,0.53125,128.0,8192.0,100
0.0,3.0,1.0,1.0,1.0,47.0,32.0,0.0,0.0,0.53125,128.0,8192.0,500
0.0,3.0,1.0,1.0,1.0,47.0,32.0,0.0,0.0,0.53125,128.0,16384.0,5
0.0,3.0,1.0,1.0,1.0,47.0,32.0,0.0,0.0,0.53125,128.0,16384.0,10
0.0,3.0,1.0,1.0,1.0,47.0,32.0,0.0,0.0,0.53125,128.0,16384.0,15
0.0,3.0,1.0,1.0,1.0,47.0,32.0,0.0,0.0,0.53125,128.0,16384.0,20
0.0,3.0,1.0,1.0,1.0,47.0,32.0,0.0,0.0,0.53125,128.0,16384.0,30
0.0,3.0,1.0,1.0,1.0,47.0,32.0,0.0,0.0,0.53125,128.0,16384.0,40
0.0,3.0,1.0,1.0,1.0,47.0,32.0,0.0,0.0,0.53125,128.0,16384.0,50
0.0,3.0,1.0,1.0,1.0,47.0,32.0,0.0,0.0,0.53125,128.0,16384.0,100
0.0,3.0,1.0,1.0,1.0,47.0,32.0,0.0,0.0,0.53125,128.0,16384.0,500
0.0,3.0,1.0,1.0,1.0,47.0,32.0,0.0,0.0,0.53125,128.0,32768.0,5
0.0,3.0,1.0,1.0,1.0,47.0,32.0,0.0,0.0,0.53125,128.0,32768.0,10
0.0,3.0,1.0,1.0,1.0,47.0,32.0,0.0,0.0,0.53125,128.0,32768.0,15
0.0,3.0,1.0,1.0,1.0,47.0,32.0,0.0,0.0,0.53125,128.0,32768.0,20
0.0,3.0,1.0,1.0,1.0,47.0,32.0,0.0,0.0,0.53125,128.0,32768.0,30
0.0,3.0,1.0,1.0,1.0,47.0,32.0,0.0,0.0,0.53125,128.0,32768.0,40
0.0,3.0,1.0,1.0,1.0,47.0,32.0,0.0,0.0,0.53125,128.0,32768.0,50
0.0,3.0,1.0,1.0,1.0,47.0,32.0,0.0,0.0,0.53125,128.0,32768.0,100
0.0,3.0,1.0,1.0,1.0,47.0,32.0,0.0,0.0,0.53125,128.0,32768.0,500
0.0,3.0,1.0,1.0,1.0,47.0,32.0,0.0,0.0,0.53125,256.0,0.000976562,5
0.0,3.0,1.0,1.0,1.0,47.0,32.0,0.0,0.0,0.53125,256.0,0.000976562,10
0.0,3.0,1.0,1.0,1.0,47.0,32.0,0.0,0.0,0.53125,256.0,0.000976562,15
0.0,3.0,1.0,1.0,1.0,47.0,32.0,0.0,0.0,0.53125,256.0,0.000976562,20
0.0,3.0,1.0,1.0,1.0,47.0,32.0,0.0,0.0,0.53125,256.0,0.000976562,30
0.0,3.0,1.0,1.0,1.0,47.0,32.0,0.0,0.0,0.53125,256.0,0.000976562,40
0.0,3.0,1.0,1.0,1.0,47.0,32.0,0.0,0.0,0.53125,256.0,0.000976562,50
0.0,3.0,1.0,1.0,1.0,47.0,32.0,0.0,0.0,0.53125,256.0,0.000976562,100
0.0,3.0,1.0,1.0,1.0,47.0,32.0,0.0,0.0,0.53125,256.0,0.000976562,500
0.0,3.0,1.0,1.0,1.0,47.0,32.0,0.0,0.0,0.53125,256.0,0.00195312,5
0.0,3.0,1.0,1.0,1.0,47.0,32.0,0.0,0.0,0.53125,256.0,0.00195312,10
0.0,3.0,1.0,1.0,1.0,47.0,32.0,0.0,0.0,0.53125,256.0,0.00195312,15
0.0,3.0,1.0,1.0,1.0,47.0,32.0,0.0,0.0,0.53125,256.0,0.00195312,20
0.0,3.0,1.0,1.0,1.0,47.0,32.0,0.0,0.0,0.53125,256.0,0.00195312,30
0.0,3.0,1.0,1.0,1.0,47.0,32.0,0.0,0.0,0.53125,256.0,0.00195312,40
0.0,3.0,1.0,1.0,1.0,47.0,32.0,0.0,0.0,0.53125,256.0,0.00195312,50
0.0,3.0,1.0,1.0,1.0,47.0,32.0,0.0,0.0,0.53125,256.0,0.00195312,100
0.0,3.0,1.0,1.0,1.0,47.0,32.0,0.0,0.0,0.53125,256.0,0.00195312,500
0.0,3.0,1.0,1.0,1.0,47.0,32.0,0.0,0.0,0.53125,256.0,0.00390625,5
0.0,3.0,1.0,1.0,1.0,47.0,32.0,0.0,0.0,0.53125,256.0,0.00390625,10
0.0,3.0,1.0,1.0,1.0,47.0,32.0,0.0,0.0,0.53125,256.0,0.00390625,15
0.0,3.0,1.0,1.0,1.0,47.0,32.0,0.0,0.0,0.53125,256.0,0.00390625,20
0.0,3.0,1.0,1.0,1.0,47.0,32.0,0.0,0.0,0.53125,256.0,0.00390625,30
0.0,3.0,1.0,1.0,1.0,47.0,32.0,0.0,0.0,0.53125,256.0,0.00390625,40
0.0,3.0,1.0,1.0,1.0,47.0,32.0,0.0,0.0,0.53125,256.0,0.00390625,50
0.0,3.0,1.0,1.0,1.0,47.0,32.0,0.0,0.0,0.53125,256.0,0.00390625,100
0.0,3.0,1.0,1.0,1.0,47.0,32.0,0.0,0.0,0.53125,256.0,0.00390625,500
0.0,3.0,1.0,1.0,1.0,47.0,32.0,0.0,0.0,0.53125,256.0,0.0078125,5
0.0,3.0,1.0,1.0,1.0,47.0,32.0,0.0,0.0,0.53125,256.0,0.0078125,10
0.0,3.0,1.0,1.0,1.0,47.0,32.0,0.0,0.0,0.53125,256.0,0.0078125,15
0.0,3.0,1.0,1.0,1.0,47.0,32.0,0.0,0.0,0.53125,256.0,0.0078125,20
0.0,3.0,1.0,1.0,1.0,47.0,32.0,0.0,0.0,0.53125,256.0,0.0078125,30
0.0,3.0,1.0,1.0,1.0,47.0,32.0,0.0,0.0,0.53125,256.0,0.0078125,40
0.0,3.0,1.0,1.0,1.0,47.0,32.0,0.0,0.0,0.53125,256.0,0.0078125,50
0.0,3.0,1.0,1.0,1.0,47.0,32.0,0.0,0.0,0.53125,256.0,0.0078125,100
0.0,3.0,1.0,1.0,1.0,47.0,32.0,0.0,0.0,0.53125,256.0,0.0078125,500
0.0,3.0,1.0,1.0,1.0,47.0,32.0,0.0,0.0,0.53125,256.0,0.015625,5
0.0,3.0,1.0,1.0,1.0,47.0,32.0,0.0,0.0,0.53125,256.0,0.015625,10
0.0,3.0,1.0,1.0,1.0,47.0,32.0,0.0,0.0,0.53125,256.0,0.015625,15
0.0,3.0,1.0,1.0,1.0,47.0,32.0,0.0,0.0,0.53125,256.0,0.015625,20
0.0,3.0,1.0,1.0,1.0,47.0,32.0,0.0,0.0,0.53125,256.0,0.015625,30
0.0,3.0,1.0,1.0,1.0,47.0,32.0,0.0,0.0,0.53125,256.0,0.015625,40
0.0,3.0,1.0,1.0,1.0,47.0,32.0,0.0,0.0,0.53125,256.0,0.015625,50
0.0,3.0,1.0,1.0,1.0,47.0,32.0,0.0,0.0,0.53125,256.0,0.015625,100
0.0,3.0,1.0,1.0,1.0,47.0,32.0,0.0,0.0,0.53125,256.0,0.015625,500
0.0,3.0,1.0,1.0,1.0,47.0,32.0,0.0,0.0,0.53125,256.0,0.03125,5
0.0,3.0,1.0,1.0,1.0,47.0,32.0,0.0,0.0,0.53125,256.0,0.03125,10
0.0,3.0,1.0,1.0,1.0,47.0,32.0,0.0,0.0,0.53125,256.0,0.03125,15
0.0,3.0,1.0,1.0,1.0,47.0,32.0,0.0,0.0,0.53125,256.0,0.03125,20
0.0,3.0,1.0,1.0,1.0,47.0,32.0,0.0,0.0,0.53125,256.0,0.03125,30
0.0,3.0,1.0,1.0,1.0,47.0,32.0,0.0,0.0,0.53125,256.0,0.03125,40
0.0,3.0,1.0,1.0,1.0,47.0,32.0,0.0,0.0,0.53125,256.0,0.03125,50
0.0,3.0,1.0,1.0,1.0,47.0,32.0,0.0,0.0,0.53125,256.0,0.03125,100
0.0,3.0,1.0,1.0,1.0,47.0,32.0,0.0,0.0,0.53125,256.0,0.03125,500
0.0,3.0,1.0,1.0,1.0,47.0,32.0,0.0,0.0,0.53125,256.0,0.0625,5
0.0,3.0,1.0,1.0,1.0,47.0,32.0,0.0,0.0,0.53125,256.0,0.0625,10
0.0,3.0,1.0,1.0,1.0,47.0,32.0,0.0,0.0,0.53125,256.0,0.0625,15
0.0,3.0,1.0,1.0,1.0,47.0,32.0,0.0,0.0,0.53125,256.0,0.0625,20
0.0,3.0,1.0,1.0,1.0,47.0,32.0,0.0,0.0,0.53125,256.0,0.0625,30
0.0,3.0,1.0,1.0,1.0,47.0,32.0,0.0,0.0,0.53125,256.0,0.0625,40
0.0,3.0,1.0,1.0,1.0,47.0,32.0,0.0,0.0,0.53125,256.0,0.0625,50
0.0,3.0,1.0,1.0,1.0,47.0,32.0,0.0,0.0,0.53125,256.0,0.0625,100
0.0,3.0,1.0,1.0,1.0,47.0,32.0,0.0,0.0,0.53125,256.0,0.0625,500
0.0,3.0,1.0,1.0,1.0,47.0,32.0,0.0,0.0,0.53125,256.0,0.125,5
0.0,3.0,1.0,1.0,1.0,47.0,32.0,0.0,0.0,0.53125,256.0,0.125,10
0.0,3.0,1.0,1.0,1.0,47.0,32.0,0.0,0.0,0.53125,256.0,0.125,15
0.0,3.0,1.0,1.0,1.0,47.0,32.0,0.0,0.0,0.53125,256.0,0.125,20
0.0,3.0,1.0,1.0,1.0,47.0,32.0,0.0,0.0,0.53125,256.0,0.125,30
0.0,3.0,1.0,1.0,1.0,47.0,32.0,0.0,0.0,0.53125,256.0,0.125,40
0.0,3.0,1.0,1.0,1.0,47.0,32.0,0.0,0.0,0.53125,256.0,0.125,50
0.0,3.0,1.0,1.0,1.0,47.0,32.0,0.0,0.0,0.53125,256.0,0.125,100
0.0,3.0,1.0,1.0,1.0,47.0,32.0,0.0,0.0,0.53125,256.0,0.125,500
0.0,3.0,1.0,1.0,1.0,47.0,32.0,0.0,0.0,0.53125,256.0,0.25,5
0.0,3.0,1.0,1.0,1.0,47.0,32.0,0.0,0.0,0.53125,256.0,0.25,10
0.0,3.0,1.0,1.0,1.0,47.0,32.0,0.0,0.0,0.53125,256.0,0.25,15
0.0,3.0,1.0,1.0,1.0,47.0,32.0,0.0,0.0,0.53125,256.0,0.25,20
0.0,3.0,1.0,1.0,1.0,47.0,32.0,0.0,0.0,0.53125,256.0,0.25,30
0.0,3.0,1.0,1.0,1.0,47.0,32.0,0.0,0.0,0.53125,256.0,0.25,40
0.0,3.0,1.0,1.0,1.0,47.0,32.0,0.0,0.0,0.53125,256.0,0.25,50
0.0,3.0,1.0,1.0,1.0,47.0,32.0,0.0,0.0,0.53125,256.0,0.25,100
0.0,3.0,1.0,1.0,1.0,47.0,32.0,0.0,0.0,0.53125,256.0,0.25,500
0.0,3.0,1.0,1.0,1.0,47.0,32.0,0.0,0.0,0.53125,256.0,0.5,5
0.0,3.0,1.0,1.0,1.0,47.0,32.0,0.0,0.0,0.53125,256.0,0.5,10
0.0,3.0,1.0,1.0,1.0,47.0,32.0,0.0,0.0,0.53125,256.0,0.5,15
0.0,3.0,1.0,1.0,1.0,47.0,32.0,0.0,0.0,0.53125,256.0,0.5,20
0.0,3.0,1.0,1.0,1.0,47.0,32.0,0.0,0.0,0.53125,256.0,0.5,30
0.0,3.0,1.0,1.0,1.0,47.0,32.0,0.0,0.0,0.53125,256.0,0.5,40
0.0,3.0,1.0,1.0,1.0,47.0,32.0,0.0,0.0,0.53125,256.0,0.5,50
0.0,3.0,1.0,1.0,1.0,47.0,32.0,0.0,0.0,0.53125,256.0,0.5,100
0.0,3.0,1.0,1.0,1.0,47.0,32.0,0.0,0.0,0.53125,256.0,0.5,500
0.0,3.0,1.0,1.0,1.0,47.0,32.0,0.0,0.0,0.53125,256.0,1.0,5
0.0,3.0,1.0,1.0,1.0,47.0,32.0,0.0,0.0,0.53125,256.0,1.0,10
0.0,3.0,1.0,1.0,1.0,47.0,32.0,0.0,0.0,0.53125,256.0,1.0,15
0.0,3.0,1.0,1.0,1.0,47.0,32.0,0.0,0.0,0.53125,256.0,1.0,20
0.0,3.0,1.0,1.0,1.0,47.0,32.0,0.0,0.0,0.53125,256.0,1.0,30
0.0,3.0,1.0,1.0,1.0,47.0,32.0,0.0,0.0,0.53125,256.0,1.0,40
0.0,3.0,1.0,1.0,1.0,47.0,32.0,0.0,0.0,0.53125,256.0,1.0,50
0.0,3.0,1.0,1.0,1.0,47.0,32.0,0.0,0.0,0.53125,256.0,1.0,100
0.0,3.0,1.0,1.0,1.0,47.0,32.0,0.0,0.0,0.53125,256.0,1.0,500
0.0,3.0,1.0,1.0,1.0,47.0,32.0,0.0,0.0,0.53125,256.0,2.0,5
0.0,3.0,1.0,1.0,1.0,47.0,32.0,0.0,0.0,0.53125,256.0,2.0,10
0.0,3.0,1.0,1.0,1.0,47.0,32.0,0.0,0.0,0.53125,256.0,2.0,15
0.0,3.0,1.0,1.0,1.0,47.0,32.0,0.0,0.0,0.53125,256.0,2.0,20
0.0,3.0,1.0,1.0,1.0,47.0,32.0,0.0,0.0,0.53125,256.0,2.0,30
0.0,3.0,1.0,1.0,1.0,47.0,32.0,0.0,0.0,0.53125,256.0,2.0,40
0.0,3.0,1.0,1.0,1.0,47.0,32.0,0.0,0.0,0.53125,256.0,2.0,50
0.0,3.0,1.0,1.0,1.0,47.0,32.0,0.0,0.0,0.53125,256.0,2.0,100
0.0,3.0,1.0,1.0,1.0,47.0,32.0,0.0,0.0,0.53125,256.0,2.0,500
0.0,3.0,1.0,1.0,1.0,47.0,32.0,0.0,0.0,0.53125,256.0,4.0,5
0.0,3.0,1.0,1.0,1.0,47.0,32.0,0.0,0.0,0.53125,256.0,4.0,10
0.0,3.0,1.0,1.0,1.0,47.0,32.0,0.0,0.0,0.53125,256.0,4.0,15
0.0,3.0,1.0,1.0,1.0,47.0,32.0,0.0,0.0,0.53125,256.0,4.0,20
0.0,3.0,1.0,1.0,1.0,47.0,32.0,0.0,0.0,0.53125,256.0,4.0,30
0.0,3.0,1.0,1.0,1.0,47.0,32.0,0.0,0.0,0.53125,256.0,4.0,40
0.0,3.0,1.0,1.0,1.0,47.0,32.0,0.0,0.0,0.53125,256.0,4.0,50
0.0,3.0,1.0,1.0,1.0,47.0,32.0,0.0,0.0,0.53125,256.0,4.0,100
0.0,3.0,1.0,1.0,1.0,47.0,32.0,0.0,0.0,0.53125,256.0,4.0,500
0.0,3.0,1.0,1.0,1.0,47.0,32.0,0.0,0.0,0.53125,256.0,8.0,5
0.0,3.0,1.0,1.0,1.0,47.0,32.0,0.0,0.0,0.53125,256.0,8.0,10
0.0,3.0,1.0,1.0,1.0,47.0,32.0,0.0,0.0,0.53125,256.0,8.0,15
0.0,3.0,1.0,1.0,1.0,47.0,32.0,0.0,0.0,0.53125,256.0,8.0,20
0.0,3.0,1.0,1.0,1.0,47.0,32.0,0.0,0.0,0.53125,256.0,8.0,30
0.0,3.0,1.0,1.0,1.0,47.0,32.0,0.0,0.0,0.53125,256.0,8.0,40
0.0,3.0,1.0,1.0,1.0,47.0,32.0,0.0,0.0,0.53125,256.0,8.0,50
0.0,3.0,1.0,1.0,1.0,47.0,32.0,0.0,0.0,0.53125,256.0,8.0,100
0.0,3.0,1.0,1.0,1.0,47.0,32.0,0.0,0.0,0.53125,256.0,8.0,500
0.0,3.0,1.0,1.0,1.0,47.0,32.0,0.0,0.0,0.53125,256.0,16.0,5
0.0,3.0,1.0,1.0,1.0,47.0,32.0,0.0,0.0,0.53125,256.0,16.0,10
0.0,3.0,1.0,1.0,1.0,47.0,32.0,0.0,0.0,0.53125,256.0,16.0,15
0.0,3.0,1.0,1.0,1.0,47.0,32.0,0.0,0.0,0.53125,256.0,16.0,20
0.0,3.0,1.0,1.0,1.0,47.0,32.0,0.0,0.0,0.53125,256.0,16.0,30
0.0,3.0,1.0,1.0,1.0,47.0,32.0,0.0,0.0,0.53125,256.0,16.0,40
0.0,3.0,1.0,1.0,1.0,47.0,32.0,0.0,0.0,0.53125,256.0,16.0,50
0.0,3.0,1.0,1.0,1.0,47.0,32.0,0.0,0.0,0.53125,256.0,16.0,100
0.0,3.0,1.0,1.0,1.0,47.0,32.0,0.0,0.0,0.53125,256.0,16.0,500
0.0,3.0,1.0,1.0,1.0,47.0,32.0,0.0,0.0,0.53125,256.0,32.0,5
0.0,3.0,1.0,1.0,1.0,47.0,32.0,0.0,0.0,0.53125,256.0,32.0,10
0.0,3.0,1.0,1.0,1.0,47.0,32.0,0.0,0.0,0.53125,256.0,32.0,15
0.0,3.0,1.0,1.0,1.0,47.0,32.0,0.0,0.0,0.53125,256.0,32.0,20
0.0,3.0,1.0,1.0,1.0,47.0,32.0,0.0,0.0,0.53125,256.0,32.0,30
0.0,3.0,1.0,1.0,1.0,47.0,32.0,0.0,0.0,0.53125,256.0,32.0,40
0.0,3.0,1.0,1.0,1.0,47.0,32.0,0.0,0.0,0.53125,256.0,32.0,50
0.0,3.0,1.0,1.0,1.0,47.0,32.0,0.0,0.0,0.53125,256.0,32.0,100
0.0,3.0,1.0,1.0,1.0,47.0,32.0,0.0,0.0,0.53125,256.0,32.0,500
0.0,3.0,1.0,1.0,1.0,47.0,32.0,0.0,0.0,0.53125,256.0,64.0,5
0.0,3.0,1.0,1.0,1.0,47.0,32.0,0.0,0.0,0.53125,256.0,64.0,10
0.0,3.0,1.0,1.0,1.0,47.0,32.0,0.0,0.0,0.53125,256.0,64.0,15
0.0,3.0,1.0,1.0,1.0,47.0,32.0,0.0,0.0,0.53125,256.0,64.0,20
0.0,3.0,1.0,1.0,1.0,47.0,32.0,0.0,0.0,0.53125,256.0,64.0,30
0.0,3.0,1.0,1.0,1.0,47.0,32.0,0.0,0.0,0.53125,256.0,64.0,40
0.0,3.0,1.0,1.0,1.0,47.0,32.0,0.0,0.0,0.53125,256.0,64.0,50
0.0,3.0,1.0,1.0,1.0,47.0,32.0,0.0,0.0,0.53125,256.0,64.0,100
0.0,3.0,1.0,1.0,1.0,47.0,32.0,0.0,0.0,0.53125,256.0,64.0,500
0.0,3.0,1.0,1.0,1.0,47.0,32.0,0.0,0.0,0.53125,256.0,128.0,5
0.0,3.0,1.0,1.0,1.0,47.0,32.0,0.0,0.0,0.53125,256.0,128.0,10
0.0,3.0,1.0,1.0,1.0,47.0,32.0,0.0,0.0,0.53125,256.0,128.0,15
0.0,3.0,1.0,1.0,1.0,47.0,32.0,0.0,0.0,0.53125,256.0,128.0,20
0.0,3.0,1.0,1.0,1.0,47.0,32.0,0.0,0.0,0.53125,256.0,128.0,30
0.0,3.0,1.0,1.0,1.0,47.0,32.0,0.0,0.0,0.53125,256.0,128.0,40
0.0,3.0,1.0,1.0,1.0,47.0,32.0,0.0,0.0,0.53125,256.0,128.0,50
0.0,3.0,1.0,1.0,1.0,47.0,32.0,0.0,0.0,0.53125,256.0,128.0,100
0.0,3.0,1.0,1.0,1.0,47.0,32.0,0.0,0.0,0.53125,256.0,128.0,500
0.0,3.0,1.0,1.0,1.0,47.0,32.0,0.0,0.0,0.53125,256.0,256.0,5
0.0,3.0,1.0,1.0,1.0,47.0,32.0,0.0,0.0,0.53125,256.0,256.0,10
0.0,3.0,1.0,1.0,1.0,47.0,32.0,0.0,0.0,0.53125,256.0,256.0,15
0.0,3.0,1.0,1.0,1.0,47.0,32.0,0.0,0.0,0.53125,256.0,256.0,20
0.0,3.0,1.0,1.0,1.0,47.0,32.0,0.0,0.0,0.53125,256.0,256.0,30
0.0,3.0,1.0,1.0,1.0,47.0,32.0,0.0,0.0,0.53125,256.0,256.0,40
0.0,3.0,1.0,1.0,1.0,47.0,32.0,0.0,0.0,0.53125,256.0,256.0,50
0.0,3.0,1.0,1.0,1.0,47.0,32.0,0.0,0.0,0.53125,256.0,256.0,100
0.0,3.0,1.0,1.0,1.0,47.0,32.0,0.0,0.0,0.53125,256.0,256.0,500
0.0,3.0,1.0,1.0,1.0,47.0,32.0,0.0,0.0,0.53125,256.0,512.0,5
0.0,3.0,1.0,1.0,1.0,47.0,32.0,0.0,0.0,0.53125,256.0,512.0,10
0.0,3.0,1.0,1.0,1.0,47.0,32.0,0.0,0.0,0.53125,256.0,512.0,15
0.0,3.0,1.0,1.0,1.0,47.0,32.0,0.0,0.0,0.53125,256.0,512.0,20
0.0,3.0,1.0,1.0,1.0,47.0,32.0,0.0,0.0,0.53125,256.0,512.0,30
0.0,3.0,1.0,1.0,1.0,47.0,32.0,0.0,0.0,0.53125,256.0,512.0,40
0.0,3.0,1.0,1.0,1.0,47.0,32.0,0.0,0.0,0.53125,256.0,512.0,50
0.0,3.0,1.0,1.0,1.0,47.0,32.0,0.0,0.0,0.53125,256.0,512.0,100
0.0,3.0,1.0,1.0,1.0,47.0,32.0,0.0,0.0,0.53125,256.0,512.0,500
0.0,3.0,1.0,1.0,1.0,47.0,32.0,0.0,0.0,0.53125,256.0,1024.0,5
0.0,3.0,1.0,1.0,1.0,47.0,32.0,0.0,0.0,0.53125,256.0,1024.0,10
0.0,3.0,1.0,1.0,1.0,47.0,32.0,0.0,0.0,0.53125,256.0,1024.0,15
0.0,3.0,1.0,1.0,1.0,47.0,32.0,0.0,0.0,0.53125,256.0,1024.0,20
0.0,3.0,1.0,1.0,1.0,47.0,32.0,0.0,0.0,0.53125,256.0,1024.0,30
0.0,3.0,1.0,1.0,1.0,47.0,32.0,0.0,0.0,0.53125,256.0,1024.0,40
0.0,3.0,1.0,1.0,1.0,47.0,32.0,0.0,0.0,0.53125,256.0,1024.0,50
0.0,3.0,1.0,1.0,1.0,47.0,32.0,0.0,0.0,0.53125,256.0,1024.0,100
0.0,3.0,1.0,1.0,1.0,47.0,32.0,0.0,0.0,0.53125,256.0,1024.0,500
0.0,3.0,1.0,1.0,1.0,47.0,32.0,0.0,0.0,0.53125,256.0,2048.0,5
0.0,3.0,1.0,1.0,1.0,47.0,32.0,0.0,0.0,0.53125,256.0,2048.0,10
0.0,3.0,1.0,1.0,1.0,47.0,32.0,0.0,0.0,0.53125,256.0,2048.0,15
0.0,3.0,1.0,1.0,1.0,47.0,32.0,0.0,0.0,0.53125,256.0,2048.0,20
0.0,3.0,1.0,1.0,1.0,47.0,32.0,0.0,0.0,0.53125,256.0,2048.0,30
0.0,3.0,1.0,1.0,1.0,47.0,32.0,0.0,0.0,0.53125,256.0,2048.0,40
0.0,3.0,1.0,1.0,1.0,47.0,32.0,0.0,0.0,0.53125,256.0,2048.0,50
0.0,3.0,1.0,1.0,1.0,47.0,32.0,0.0,0.0,0.53125,256.0,2048.0,100
0.0,3.0,1.0,1.0,1.0,47.0,32.0,0.0,0.0,0.53125,256.0,2048.0,500
0.0,3.0,1.0,1.0,1.0,47.0,32.0,0.0,0.0,0.53125,256.0,4096.0,5
0.0,3.0,1.0,1.0,1.0,47.0,32.0,0.0,0.0,0.53125,256.0,4096.0,10
0.0,3.0,1.0,1.0,1.0,47.0,32.0,0.0,0.0,0.53125,256.0,4096.0,15
0.0,3.0,1.0,1.0,1.0,47.0,32.0,0.0,0.0,0.53125,256.0,4096.0,20
0.0,3.0,1.0,1.0,1.0,47.0,32.0,0.0,0.0,0.53125,256.0,4096.0,30
0.0,3.0,1.0,1.0,1.0,47.0,32.0,0.0,0.0,0.53125,256.0,4096.0,40
0.0,3.0,1.0,1.0,1.0,47.0,32.0,0.0,0.0,0.53125,256.0,4096.0,50
0.0,3.0,1.0,1.0,1.0,47.0,32.0,0.0,0.0,0.53125,256.0,4096.0,100
0.0,3.0,1.0,1.0,1.0,47.0,32.0,0.0,0.0,0.53125,256.0,4096.0,500
0.0,3.0,1.0,1.0,1.0,47.0,32.0,0.0,0.0,0.53125,256.0,8192.0,5
0.0,3.0,1.0,1.0,1.0,47.0,32.0,0.0,0.0,0.53125,256.0,8192.0,10
0.0,3.0,1.0,1.0,1.0,47.0,32.0,0.0,0.0,0.53125,256.0,8192.0,15
0.0,3.0,1.0,1.0,1.0,47.0,32.0,0.0,0.0,0.53125,256.0,8192.0,20
0.0,3.0,1.0,1.0,1.0,47.0,32.0,0.0,0.0,0.53125,256.0,8192.0,30
0.0,3.0,1.0,1.0,1.0,47.0,32.0,0.0,0.0,0.53125,256.0,8192.0,40
0.0,3.0,1.0,1.0,1.0,47.0,32.0,0.0,0.0,0.53125,256.0,8192.0,50
0.0,3.0,1.0,1.0,1.0,47.0,32.0,0.0,0.0,0.53125,256.0,8192.0,100
0.0,3.0,1.0,1.0,1.0,47.0,32.0,0.0,0.0,0.53125,256.0,8192.0,500
0.0,3.0,1.0,1.0,1.0,47.0,32.0,0.0,0.0,0.53125,256.0,16384.0,5
0.0,3.0,1.0,1.0,1.0,47.0,32.0,0.0,0.0,0.53125,256.0,16384.0,10
0.0,3.0,1.0,1.0,1.0,47.0,32.0,0.0,0.0,0.53125,256.0,16384.0,15
0.0,3.0,1.0,1.0,1.0,47.0,32.0,0.0,0.0,0.53125,256.0,16384.0,20
0.0,3.0,1.0,1.0,1.0,47.0,32.0,0.0,0.0,0.53125,256.0,16384.0,30
0.0,3.0,1.0,1.0,1.0,47.0,32.0,0.0,0.0,0.53125,256.0,16384.0,40
0.0,3.0,1.0,1.0,1.0,47.0,32.0,0.0,0.0,0.53125,256.0,16384.0,50
0.0,3.0,1.0,1.0,1.0,47.0,32.0,0.0,0.0,0.53125,256.0,16384.0,100
0.0,3.0,1.0,1.0,1.0,47.0,32.0,0.0,0.0,0.53125,256.0,16384.0,500
0.0,3.0,1.0,1.0,1.0,47.0,32.0,0.0,0.0,0.53125,256.0,32768.0,5
0.0,3.0,1.0,1.0,1.0,47.0,32.0,0.0,0.0,0.53125,256.0,32768.0,10
0.0,3.0,1.0,1.0,1.0,47.0,32.0,0.0,0.0,0.53125,256.0,32768.0,15
0.0,3.0,1.0,1.0,1.0,47.0,32.0,0.0,0.0,0.53125,256.0,32768.0,20
0.0,3.0,1.0,1.0,1.0,47.0,32.0,0.0,0.0,0.53125,256.0,32768.0,30
0.0,3.0,1.0,1.0,1.0,47.0,32.0,0.0,0.0,0.53125,256.0,32768.0,40
0.0,3.0,1.0,1.0,1.0,47.0,32.0,0.0,0.0,0.53125,256.0,32768.0,50
0.0,3.0,1.0,1.0,1.0,47.0,32.0,0.0,0.0,0.53125,256.0,32768.0,100
0.0,3.0,1.0,1.0,1.0,47.0,32.0,0.0,0.0,0.53125,256.0,32768.0,500
0.0,3.0,1.0,1.0,1.0,47.0,32.0,0.0,0.0,0.53125,512.0,0.000976562,5
0.0,3.0,1.0,1.0,1.0,47.0,32.0,0.0,0.0,0.53125,512.0,0.000976562,10
0.0,3.0,1.0,1.0,1.0,47.0,32.0,0.0,0.0,0.53125,512.0,0.000976562,15
0.0,3.0,1.0,1.0,1.0,47.0,32.0,0.0,0.0,0.53125,512.0,0.000976562,20
0.0,3.0,1.0,1.0,1.0,47.0,32.0,0.0,0.0,0.53125,512.0,0.000976562,30
0.0,3.0,1.0,1.0,1.0,47.0,32.0,0.0,0.0,0.53125,512.0,0.000976562,40
0.0,3.0,1.0,1.0,1.0,47.0,32.0,0.0,0.0,0.53125,512.0,0.000976562,50
0.0,3.0,1.0,1.0,1.0,47.0,32.0,0.0,0.0,0.53125,512.0,0.000976562,100
0.0,3.0,1.0,1.0,1.0,47.0,32.0,0.0,0.0,0.53125,512.0,0.000976562,500
0.0,3.0,1.0,1.0,1.0,47.0,32.0,0.0,0.0,0.53125,512.0,0.00195312,5
0.0,3.0,1.0,1.0,1.0,47.0,32.0,0.0,0.0,0.53125,512.0,0.00195312,10
0.0,3.0,1.0,1.0,1.0,47.0,32.0,0.0,0.0,0.53125,512.0,0.00195312,15
0.0,3.0,1.0,1.0,1.0,47.0,32.0,0.0,0.0,0.53125,512.0,0.00195312,20
0.0,3.0,1.0,1.0,1.0,47.0,32.0,0.0,0.0,0.53125,512.0,0.00195312,30
0.0,3.0,1.0,1.0,1.0,47.0,32.0,0.0,0.0,0.53125,512.0,0.00195312,40
0.0,3.0,1.0,1.0,1.0,47.0,32.0,0.0,0.0,0.53125,512.0,0.00195312,50
0.0,3.0,1.0,1.0,1.0,47.0,32.0,0.0,0.0,0.53125,512.0,0.00195312,100
0.0,3.0,1.0,1.0,1.0,47.0,32.0,0.0,0.0,0.53125,512.0,0.00195312,500
0.0,3.0,1.0,1.0,1.0,47.0,32.0,0.0,0.0,0.53125,512.0,0.00390625,5
0.0,3.0,1.0,1.0,1.0,47.0,32.0,0.0,0.0,0.53125,512.0,0.00390625,10
0.0,3.0,1.0,1.0,1.0,47.0,32.0,0.0,0.0,0.53125,512.0,0.00390625,15
0.0,3.0,1.0,1.0,1.0,47.0,32.0,0.0,0.0,0.53125,512.0,0.00390625,20
0.0,3.0,1.0,1.0,1.0,47.0,32.0,0.0,0.0,0.53125,512.0,0.00390625,30
0.0,3.0,1.0,1.0,1.0,47.0,32.0,0.0,0.0,0.53125,512.0,0.00390625,40
0.0,3.0,1.0,1.0,1.0,47.0,32.0,0.0,0.0,0.53125,512.0,0.00390625,50
0.0,3.0,1.0,1.0,1.0,47.0,32.0,0.0,0.0,0.53125,512.0,0.00390625,100
0.0,3.0,1.0,1.0,1.0,47.0,32.0,0.0,0.0,0.53125,512.0,0.00390625,500
0.0,3.0,1.0,1.0,1.0,47.0,32.0,0.0,0.0,0.53125,512.0,0.0078125,5
0.0,3.0,1.0,1.0,1.0,47.0,32.0,0.0,0.0,0.53125,512.0,0.0078125,10
0.0,3.0,1.0,1.0,1.0,47.0,32.0,0.0,0.0,0.53125,512.0,0.0078125,15
0.0,3.0,1.0,1.0,1.0,47.0,32.0,0.0,0.0,0.53125,512.0,0.0078125,20
0.0,3.0,1.0,1.0,1.0,47.0,32.0,0.0,0.0,0.53125,512.0,0.0078125,30
0.0,3.0,1.0,1.0,1.0,47.0,32.0,0.0,0.0,0.53125,512.0,0.0078125,40
0.0,3.0,1.0,1.0,1.0,47.0,32.0,0.0,0.0,0.53125,512.0,0.0078125,50
0.0,3.0,1.0,1.0,1.0,47.0,32.0,0.0,0.0,0.53125,512.0,0.0078125,100
0.0,3.0,1.0,1.0,1.0,47.0,32.0,0.0,0.0,0.53125,512.0,0.0078125,500
0.0,3.0,1.0,1.0,1.0,47.0,32.0,0.0,0.0,0.53125,512.0,0.015625,5
0.0,3.0,1.0,1.0,1.0,47.0,32.0,0.0,0.0,0.53125,512.0,0.015625,10
0.0,3.0,1.0,1.0,1.0,47.0,32.0,0.0,0.0,0.53125,512.0,0.015625,15
0.0,3.0,1.0,1.0,1.0,47.0,32.0,0.0,0.0,0.53125,512.0,0.015625,20
0.0,3.0,1.0,1.0,1.0,47.0,32.0,0.0,0.0,0.53125,512.0,0.015625,30
0.0,3.0,1.0,1.0,1.0,47.0,32.0,0.0,0.0,0.53125,512.0,0.015625,40
0.0,3.0,1.0,1.0,1.0,47.0,32.0,0.0,0.0,0.53125,512.0,0.015625,50
0.0,3.0,1.0,1.0,1.0,47.0,32.0,0.0,0.0,0.53125,512.0,0.015625,100
0.0,3.0,1.0,1.0,1.0,47.0,32.0,0.0,0.0,0.53125,512.0,0.015625,500
0.0,3.0,1.0,1.0,1.0,47.0,32.0,0.0,0.0,0.53125,512.0,0.03125,5
0.0,3.0,1.0,1.0,1.0,47.0,32.0,0.0,0.0,0.53125,512.0,0.03125,10
0.0,3.0,1.0,1.0,1.0,47.0,32.0,0.0,0.0,0.53125,512.0,0.03125,15
0.0,3.0,1.0,1.0,1.0,47.0,32.0,0.0,0.0,0.53125,512.0,0.03125,20
0.0,3.0,1.0,1.0,1.0,47.0,32.0,0.0,0.0,0.53125,512.0,0.03125,30
0.0,3.0,1.0,1.0,1.0,47.0,32.0,0.0,0.0,0.53125,512.0,0.03125,40
0.0,3.0,1.0,1.0,1.0,47.0,32.0,0.0,0.0,0.53125,512.0,0.03125,50
0.0,3.0,1.0,1.0,1.0,47.0,32.0,0.0,0.0,0.53125,512.0,0.03125,100
0.0,3.0,1.0,1.0,1.0,47.0,32.0,0.0,0.0,0.53125,512.0,0.03125,500
0.0,3.0,1.0,1.0,1.0,47.0,32.0,0.0,0.0,0.53125,512.0,0.0625,5
0.0,3.0,1.0,1.0,1.0,47.0,32.0,0.0,0.0,0.53125,512.0,0.0625,10
0.0,3.0,1.0,1.0,1.0,47.0,32.0,0.0,0.0,0.53125,512.0,0.0625,15
0.0,3.0,1.0,1.0,1.0,47.0,32.0,0.0,0.0,0.53125,512.0,0.0625,20
0.0,3.0,1.0,1.0,1.0,47.0,32.0,0.0,0.0,0.53125,512.0,0.0625,30
0.0,3.0,1.0,1.0,1.0,47.0,32.0,0.0,0.0,0.53125,512.0,0.0625,40
0.0,3.0,1.0,1.0,1.0,47.0,32.0,0.0,0.0,0.53125,512.0,0.0625,50
0.0,3.0,1.0,1.0,1.0,47.0,32.0,0.0,0.0,0.53125,512.0,0.0625,100
0.0,3.0,1.0,1.0,1.0,47.0,32.0,0.0,0.0,0.53125,512.0,0.0625,500
0.0,3.0,1.0,1.0,1.0,47.0,32.0,0.0,0.0,0.53125,512.0,0.125,5
0.0,3.0,1.0,1.0,1.0,47.0,32.0,0.0,0.0,0.53125,512.0,0.125,10
0.0,3.0,1.0,1.0,1.0,47.0,32.0,0.0,0.0,0.53125,512.0,0.125,15
0.0,3.0,1.0,1.0,1.0,47.0,32.0,0.0,0.0,0.53125,512.0,0.125,20
0.0,3.0,1.0,1.0,1.0,47.0,32.0,0.0,0.0,0.53125,512.0,0.125,30
0.0,3.0,1.0,1.0,1.0,47.0,32.0,0.0,0.0,0.53125,512.0,0.125,40
0.0,3.0,1.0,1.0,1.0,47.0,32.0,0.0,0.0,0.53125,512.0,0.125,50
0.0,3.0,1.0,1.0,1.0,47.0,32.0,0.0,0.0,0.53125,512.0,0.125,100
0.0,3.0,1.0,1.0,1.0,47.0,32.0,0.0,0.0,0.53125,512.0,0.125,500
0.0,3.0,1.0,1.0,1.0,47.0,32.0,0.0,0.0,0.53125,512.0,0.25,5
0.0,3.0,1.0,1.0,1.0,47.0,32.0,0.0,0.0,0.53125,512.0,0.25,10
0.0,3.0,1.0,1.0,1.0,47.0,32.0,0.0,0.0,0.53125,512.0,0.25,15
0.0,3.0,1.0,1.0,1.0,47.0,32.0,0.0,0.0,0.53125,512.0,0.25,20
0.0,3.0,1.0,1.0,1.0,47.0,32.0,0.0,0.0,0.53125,512.0,0.25,30
0.0,3.0,1.0,1.0,1.0,47.0,32.0,0.0,0.0,0.53125,512.0,0.25,40
0.0,3.0,1.0,1.0,1.0,47.0,32.0,0.0,0.0,0.53125,512.0,0.25,50
0.0,3.0,1.0,1.0,1.0,47.0,32.0,0.0,0.0,0.53125,512.0,0.25,100
0.0,3.0,1.0,1.0,1.0,47.0,32.0,0.0,0.0,0.53125,512.0,0.25,500
0.0,3.0,1.0,1.0,1.0,47.0,32.0,0.0,0.0,0.53125,512.0,0.5,5
0.0,3.0,1.0,1.0,1.0,47.0,32.0,0.0,0.0,0.53125,512.0,0.5,10
0.0,3.0,1.0,1.0,1.0,47.0,32.0,0.0,0.0,0.53125,512.0,0.5,15
0.0,3.0,1.0,1.0,1.0,47.0,32.0,0.0,0.0,0.53125,512.0,0.5,20
0.0,3.0,1.0,1.0,1.0,47.0,32.0,0.0,0.0,0.53125,512.0,0.5,30
0.0,3.0,1.0,1.0,1.0,47.0,32.0,0.0,0.0,0.53125,512.0,0.5,40
0.0,3.0,1.0,1.0,1.0,47.0,32.0,0.0,0.0,0.53125,512.0,0.5,50
0.0,3.0,1.0,1.0,1.0,47.0,32.0,0.0,0.0,0.53125,512.0,0.5,100
0.0,3.0,1.0,1.0,1.0,47.0,32.0,0.0,0.0,0.53125,512.0,0.5,500
0.0,3.0,1.0,1.0,1.0,47.0,32.0,0.0,0.0,0.53125,512.0,1.0,5
0.0,3.0,1.0,1.0,1.0,47.0,32.0,0.0,0.0,0.53125,512.0,1.0,10
0.0,3.0,1.0,1.0,1.0,47.0,32.0,0.0,0.0,0.53125,512.0,1.0,15
0.0,3.0,1.0,1.0,1.0,47.0,32.0,0.0,0.0,0.53125,512.0,1.0,20
0.0,3.0,1.0,1.0,1.0,47.0,32.0,0.0,0.0,0.53125,512.0,1.0,30
0.0,3.0,1.0,1.0,1.0,47.0,32.0,0.0,0.0,0.53125,512.0,1.0,40
0.0,3.0,1.0,1.0,1.0,47.0,32.0,0.0,0.0,0.53125,512.0,1.0,50
0.0,3.0,1.0,1.0,1.0,47.0,32.0,0.0,0.0,0.53125,512.0,1.0,100
0.0,3.0,1.0,1.0,1.0,47.0,32.0,0.0,0.0,0.53125,512.0,1.0,500
0.0,3.0,1.0,1.0,1.0,47.0,32.0,0.0,0.0,0.53125,512.0,2.0,5
0.0,3.0,1.0,1.0,1.0,47.0,32.0,0.0,0.0,0.53125,512.0,2.0,10
0.0,3.0,1.0,1.0,1.0,47.0,32.0,0.0,0.0,0.53125,512.0,2.0,15
0.0,3.0,1.0,1.0,1.0,47.0,32.0,0.0,0.0,0.53125,512.0,2.0,20
0.0,3.0,1.0,1.0,1.0,47.0,32.0,0.0,0.0,0.53125,512.0,2.0,30
0.0,3.0,1.0,1.0,1.0,47.0,32.0,0.0,0.0,0.53125,512.0,2.0,40
0.0,3.0,1.0,1.0,1.0,47.0,32.0,0.0,0.0,0.53125,512.0,2.0,50
0.0,3.0,1.0,1.0,1.0,47.0,32.0,0.0,0.0,0.53125,512.0,2.0,100
0.0,3.0,1.0,1.0,1.0,47.0,32.0,0.0,0.0,0.53125,512.0,2.0,500
0.0,3.0,1.0,1.0,1.0,47.0,32.0,0.0,0.0,0.53125,512.0,4.0,5
0.0,3.0,1.0,1.0,1.0,47.0,32.0,0.0,0.0,0.53125,512.0,4.0,10
0.0,3.0,1.0,1.0,1.0,47.0,32.0,0.0,0.0,0.53125,512.0,4.0,15
0.0,3.0,1.0,1.0,1.0,47.0,32.0,0.0,0.0,0.53125,512.0,4.0,20
0.0,3.0,1.0,1.0,1.0,47.0,32.0,0.0,0.0,0.53125,512.0,4.0,30
0.0,3.0,1.0,1.0,1.0,47.0,32.0,0.0,0.0,0.53125,512.0,4.0,40
0.0,3.0,1.0,1.0,1.0,47.0,32.0,0.0,0.0,0.53125,512.0,4.0,50
0.0,3.0,1.0,1.0,1.0,47.0,32.0,0.0,0.0,0.53125,512.0,4.0,100
0.0,3.0,1.0,1.0,1.0,47.0,32.0,0.0,0.0,0.53125,512.0,4.0,500
0.0,3.0,1.0,1.0,1.0,47.0,32.0,0.0,0.0,0.53125,512.0,8.0,5
0.0,3.0,1.0,1.0,1.0,47.0,32.0,0.0,0.0,0.53125,512.0,8.0,10
0.0,3.0,1.0,1.0,1.0,47.0,32.0,0.0,0.0,0.53125,512.0,8.0,15
0.0,3.0,1.0,1.0,1.0,47.0,32.0,0.0,0.0,0.53125,512.0,8.0,20
0.0,3.0,1.0,1.0,1.0,47.0,32.0,0.0,0.0,0.53125,512.0,8.0,30
0.0,3.0,1.0,1.0,1.0,47.0,32.0,0.0,0.0,0.53125,512.0,8.0,40
0.0,3.0,1.0,1.0,1.0,47.0,32.0,0.0,0.0,0.53125,512.0,8.0,50
0.0,3.0,1.0,1.0,1.0,47.0,32.0,0.0,0.0,0.53125,512.0,8.0,100
0.0,3.0,1.0,1.0,1.0,47.0,32.0,0.0,0.0,0.53125,512.0,8.0,500
0.0,3.0,1.0,1.0,1.0,47.0,32.0,0.0,0.0,0.53125,512.0,16.0,5
0.0,3.0,1.0,1.0,1.0,47.0,32.0,0.0,0.0,0.53125,512.0,16.0,10
0.0,3.0,1.0,1.0,1.0,47.0,32.0,0.0,0.0,0.53125,512.0,16.0,15
0.0,3.0,1.0,1.0,1.0,47.0,32.0,0.0,0.0,0.53125,512.0,16.0,20
0.0,3.0,1.0,1.0,1.0,47.0,32.0,0.0,0.0,0.53125,512.0,16.0,30
0.0,3.0,1.0,1.0,1.0,47.0,32.0,0.0,0.0,0.53125,512.0,16.0,40
0.0,3.0,1.0,1.0,1.0,47.0,32.0,0.0,0.0,0.53125,512.0,16.0,50
0.0,3.0,1.0,1.0,1.0,47.0,32.0,0.0,0.0,0.53125,512.0,16.0,100
0.0,3.0,1.0,1.0,1.0,47.0,32.0,0.0,0.0,0.53125,512.0,16.0,500
0.0,3.0,1.0,1.0,1.0,47.0,32.0,0.0,0.0,0.53125,512.0,32.0,5
0.0,3.0,1.0,1.0,1.0,47.0,32.0,0.0,0.0,0.53125,512.0,32.0,10
0.0,3.0,1.0,1.0,1.0,47.0,32.0,0.0,0.0,0.53125,512.0,32.0,15
0.0,3.0,1.0,1.0,1.0,47.0,32.0,0.0,0.0,0.53125,512.0,32.0,20
0.0,3.0,1.0,1.0,1.0,47.0,32.0,0.0,0.0,0.53125,512.0,32.0,30
0.0,3.0,1.0,1.0,1.0,47.0,32.0,0.0,0.0,0.53125,512.0,32.0,40
0.0,3.0,1.0,1.0,1.0,47.0,32.0,0.0,0.0,0.53125,512.0,32.0,50
0.0,3.0,1.0,1.0,1.0,47.0,32.0,0.0,0.0,0.53125,512.0,32.0,100
0.0,3.0,1.0,1.0,1.0,47.0,32.0,0.0,0.0,0.53125,512.0,32.0,500
0.0,3.0,1.0,1.0,1.0,47.0,32.0,0.0,0.0,0.53125,512.0,64.0,5
0.0,3.0,1.0,1.0,1.0,47.0,32.0,0.0,0.0,0.53125,512.0,64.0,10
0.0,3.0,1.0,1.0,1.0,47.0,32.0,0.0,0.0,0.53125,512.0,64.0,15
0.0,3.0,1.0,1.0,1.0,47.0,32.0,0.0,0.0,0.53125,512.0,64.0,20
0.0,3.0,1.0,1.0,1.0,47.0,32.0,0.0,0.0,0.53125,512.0,64.0,30
0.0,3.0,1.0,1.0,1.0,47.0,32.0,0.0,0.0,0.53125,512.0,64.0,40
0.0,3.0,1.0,1.0,1.0,47.0,32.0,0.0,0.0,0.53125,512.0,64.0,50
0.0,3.0,1.0,1.0,1.0,47.0,32.0,0.0,0.0,0.53125,512.0,64.0,100
0.0,3.0,1.0,1.0,1.0,47.0,32.0,0.0,0.0,0.53125,512.0,64.0,500
0.0,3.0,1.0,1.0,1.0,47.0,32.0,0.0,0.0,0.53125,512.0,128.0,5
0.0,3.0,1.0,1.0,1.0,47.0,32.0,0.0,0.0,0.53125,512.0,128.0,10
0.0,3.0,1.0,1.0,1.0,47.0,32.0,0.0,0.0,0.53125,512.0,128.0,15
0.0,3.0,1.0,1.0,1.0,47.0,32.0,0.0,0.0,0.53125,512.0,128.0,20
0.0,3.0,1.0,1.0,1.0,47.0,32.0,0.0,0.0,0.53125,512.0,128.0,30
0.0,3.0,1.0,1.0,1.0,47.0,32.0,0.0,0.0,0.53125,512.0,128.0,40
0.0,3.0,1.0,1.0,1.0,47.0,32.0,0.0,0.0,0.53125,512.0,128.0,50
0.0,3.0,1.0,1.0,1.0,47.0,32.0,0.0,0.0,0.53125,512.0,128.0,100
0.0,3.0,1.0,1.0,1.0,47.0,32.0,0.0,0.0,0.53125,512.0,128.0,500
0.0,3.0,1.0,1.0,1.0,47.0,32.0,0.0,0.0,0.53125,512.0,256.0,5
0.0,3.0,1.0,1.0,1.0,47.0,32.0,0.0,0.0,0.53125,512.0,256.0,10
0.0,3.0,1.0,1.0,1.0,47.0,32.0,0.0,0.0,0.53125,512.0,256.0,15
0.0,3.0,1.0,1.0,1.0,47.0,32.0,0.0,0.0,0.53125,512.0,256.0,20
0.0,3.0,1.0,1.0,1.0,47.0,32.0,0.0,0.0,0.53125,512.0,256.0,30
0.0,3.0,1.0,1.0,1.0,47.0,32.0,0.0,0.0,0.53125,512.0,256.0,40
0.0,3.0,1.0,1.0,1.0,47.0,32.0,0.0,0.0,0.53125,512.0,256.0,50
0.0,3.0,1.0,1.0,1.0,47.0,32.0,0.0,0.0,0.53125,512.0,256.0,100
0.0,3.0,1.0,1.0,1.0,47.0,32.0,0.0,0.0,0.53125,512.0,256.0,500
0.0,3.0,1.0,1.0,1.0,47.0,32.0,0.0,0.0,0.53125,512.0,512.0,5
0.0,3.0,1.0,1.0,1.0,47.0,32.0,0.0,0.0,0.53125,512.0,512.0,10
0.0,3.0,1.0,1.0,1.0,47.0,32.0,0.0,0.0,0.53125,512.0,512.0,15
0.0,3.0,1.0,1.0,1.0,47.0,32.0,0.0,0.0,0.53125,512.0,512.0,20
0.0,3.0,1.0,1.0,1.0,47.0,32.0,0.0,0.0,0.53125,512.0,512.0,30
0.0,3.0,1.0,1.0,1.0,47.0,32.0,0.0,0.0,0.53125,512.0,512.0,40
0.0,3.0,1.0,1.0,1.0,47.0,32.0,0.0,0.0,0.53125,512.0,512.0,50
0.0,3.0,1.0,1.0,1.0,47.0,32.0,0.0,0.0,0.53125,512.0,512.0,100
0.0,3.0,1.0,1.0,1.0,47.0,32.0,0.0,0.0,0.53125,512.0,512.0,500
0.0,3.0,1.0,1.0,1.0,47.0,32.0,0.0,0.0,0.53125,512.0,1024.0,5
0.0,3.0,1.0,1.0,1.0,47.0,32.0,0.0,0.0,0.53125,512.0,1024.0,10
0.0,3.0,1.0,1.0,1.0,47.0,32.0,0.0,0.0,0.53125,512.0,1024.0,15
0.0,3.0,1.0,1.0,1.0,47.0,32.0,0.0,0.0,0.53125,512.0,1024.0,20
0.0,3.0,1.0,1.0,1.0,47.0,32.0,0.0,0.0,0.53125,512.0,1024.0,30
0.0,3.0,1.0,1.0,1.0,47.0,32.0,0.0,0.0,0.53125,512.0,1024.0,40
0.0,3.0,1.0,1.0,1.0,47.0,32.0,0.0,0.0,0.53125,512.0,1024.0,50
0.0,3.0,1.0,1.0,1.0,47.0,32.0,0.0,0.0,0.53125,512.0,1024.0,100
0.0,3.0,1.0,1.0,1.0,47.0,32.0,0.0,0.0,0.53125,512.0,1024.0,500
0.0,3.0,1.0,1.0,1.0,47.0,32.0,0.0,0.0,0.53125,512.0,2048.0,5
0.0,3.0,1.0,1.0,1.0,47.0,32.0,0.0,0.0,0.53125,512.0,2048.0,10
0.0,3.0,1.0,1.0,1.0,47.0,32.0,0.0,0.0,0.53125,512.0,2048.0,15
0.0,3.0,1.0,1.0,1.0,47.0,32.0,0.0,0.0,0.53125,512.0,2048.0,20
0.0,3.0,1.0,1.0,1.0,47.0,32.0,0.0,0.0,0.53125,512.0,2048.0,30
0.0,3.0,1.0,1.0,1.0,47.0,32.0,0.0,0.0,0.53125,512.0,2048.0,40
0.0,3.0,1.0,1.0,1.0,47.0,32.0,0.0,0.0,0.53125,512.0,2048.0,50
0.0,3.0,1.0,1.0,1.0,47.0,32.0,0.0,0.0,0.53125,512.0,2048.0,100
0.0,3.0,1.0,1.0,1.0,47.0,32.0,0.0,0.0,0.53125,512.0,2048.0,500
0.0,3.0,1.0,1.0,1.0,47.0,32.0,0.0,0.0,0.53125,512.0,4096.0,5
0.0,3.0,1.0,1.0,1.0,47.0,32.0,0.0,0.0,0.53125,512.0,4096.0,10
0.0,3.0,1.0,1.0,1.0,47.0,32.0,0.0,0.0,0.53125,512.0,4096.0,15
0.0,3.0,1.0,1.0,1.0,47.0,32.0,0.0,0.0,0.53125,512.0,4096.0,20
0.0,3.0,1.0,1.0,1.0,47.0,32.0,0.0,0.0,0.53125,512.0,4096.0,30
0.0,3.0,1.0,1.0,1.0,47.0,32.0,0.0,0.0,0.53125,512.0,4096.0,40
0.0,3.0,1.0,1.0,1.0,47.0,32.0,0.0,0.0,0.53125,512.0,4096.0,50
0.0,3.0,1.0,1.0,1.0,47.0,32.0,0.0,0.0,0.53125,512.0,4096.0,100
0.0,3.0,1.0,1.0,1.0,47.0,32.0,0.0,0.0,0.53125,512.0,4096.0,500
0.0,3.0,1.0,1.0,1.0,47.0,32.0,0.0,0.0,0.53125,512.0,8192.0,5
0.0,3.0,1.0,1.0,1.0,47.0,32.0,0.0,0.0,0.53125,512.0,8192.0,10
0.0,3.0,1.0,1.0,1.0,47.0,32.0,0.0,0.0,0.53125,512.0,8192.0,15
0.0,3.0,1.0,1.0,1.0,47.0,32.0,0.0,0.0,0.53125,512.0,8192.0,20
0.0,3.0,1.0,1.0,1.0,47.0,32.0,0.0,0.0,0.53125,512.0,8192.0,30
0.0,3.0,1.0,1.0,1.0,47.0,32.0,0.0,0.0,0.53125,512.0,8192.0,40
0.0,3.0,1.0,1.0,1.0,47.0,32.0,0.0,0.0,0.53125,512.0,8192.0,50
0.0,3.0,1.0,1.0,1.0,47.0,32.0,0.0,0.0,0.53125,512.0,8192.0,100
0.0,3.0,1.0,1.0,1.0,47.0,32.0,0.0,0.0,0.53125,512.0,8192.0,500
0.0,3.0,1.0,1.0,1.0,47.0,32.0,0.0,0.0,0.53125,512.0,16384.0,5
0.0,3.0,1.0,1.0,1.0,47.0,32.0,0.0,0.0,0.53125,512.0,16384.0,10
0.0,3.0,1.0,1.0,1.0,47.0,32.0,0.0,0.0,0.53125,512.0,16384.0,15
0.0,3.0,1.0,1.0,1.0,47.0,32.0,0.0,0.0,0.53125,512.0,16384.0,20
0.0,3.0,1.0,1.0,1.0,47.0,32.0,0.0,0.0,0.53125,512.0,16384.0,30
0.0,3.0,1.0,1.0,1.0,47.0,32.0,0.0,0.0,0.53125,512.0,16384.0,40
0.0,3.0,1.0,1.0,1.0,47.0,32.0,0.0,0.0,0.53125,512.0,16384.0,50
0.0,3.0,1.0,1.0,1.0,47.0,32.0,0.0,0.0,0.53125,512.0,16384.0,100
0.0,3.0,1.0,1.0,1.0,47.0,32.0,0.0,0.0,0.53125,512.0,16384.0,500
0.0,3.0,1.0,1.0,1.0,47.0,32.0,0.0,0.0,0.53125,512.0,32768.0,5
0.0,3.0,1.0,1.0,1.0,47.0,32.0,0.0,0.0,0.53125,512.0,32768.0,10
0.0,3.0,1.0,1.0,1.0,47.0,32.0,0.0,0.0,0.53125,512.0,32768.0,15
0.0,3.0,1.0,1.0,1.0,47.0,32.0,0.0,0.0,0.53125,512.0,32768.0,20
0.0,3.0,1.0,1.0,1.0,47.0,32.0,0.0,0.0,0.53125,512.0,32768.0,30
0.0,3.0,1.0,1.0,1.0,47.0,32.0,0.0,0.0,0.53125,512.0,32768.0,40
0.0,3.0,1.0,1.0,1.0,47.0,32.0,0.0,0.0,0.53125,512.0,32768.0,50
0.0,3.0,1.0,1.0,1.0,47.0,32.0,0.0,0.0,0.53125,512.0,32768.0,100
0.0,3.0,1.0,1.0,1.0,47.0,32.0,0.0,0.0,0.53125,512.0,32768.0,500
0.0,3.0,1.0,1.0,1.0,47.0,32.0,0.0,0.0,0.53125,1024.0,0.000976562,5
0.0,3.0,1.0,1.0,1.0,47.0,32.0,0.0,0.0,0.53125,1024.0,0.000976562,10
0.0,3.0,1.0,1.0,1.0,47.0,32.0,0.0,0.0,0.53125,1024.0,0.000976562,15
0.0,3.0,1.0,1.0,1.0,47.0,32.0,0.0,0.0,0.53125,1024.0,0.000976562,20
0.0,3.0,1.0,1.0,1.0,47.0,32.0,0.0,0.0,0.53125,1024.0,0.000976562,30
0.0,3.0,1.0,1.0,1.0,47.0,32.0,0.0,0.0,0.53125,1024.0,0.000976562,40
0.0,3.0,1.0,1.0,1.0,47.0,32.0,0.0,0.0,0.53125,1024.0,0.000976562,50
0.0,3.0,1.0,1.0,1.0,47.0,32.0,0.0,0.0,0.53125,1024.0,0.000976562,100
0.0,3.0,1.0,1.0,1.0,47.0,32.0,0.0,0.0,0.53125,1024.0,0.000976562,500
0.0,3.0,1.0,1.0,1.0,47.0,32.0,0.0,0.0,0.53125,1024.0,0.00195312,5
0.0,3.0,1.0,1.0,1.0,47.0,32.0,0.0,0.0,0.53125,1024.0,0.00195312,10
0.0,3.0,1.0,1.0,1.0,47.0,32.0,0.0,0.0,0.53125,1024.0,0.00195312,15
0.0,3.0,1.0,1.0,1.0,47.0,32.0,0.0,0.0,0.53125,1024.0,0.00195312,20
0.0,3.0,1.0,1.0,1.0,47.0,32.0,0.0,0.0,0.53125,1024.0,0.00195312,30
0.0,3.0,1.0,1.0,1.0,47.0,32.0,0.0,0.0,0.53125,1024.0,0.00195312,40
0.0,3.0,1.0,1.0,1.0,47.0,32.0,0.0,0.0,0.53125,1024.0,0.00195312,50
0.0,3.0,1.0,1.0,1.0,47.0,32.0,0.0,0.0,0.53125,1024.0,0.00195312,100
0.0,3.0,1.0,1.0,1.0,47.0,32.0,0.0,0.0,0.53125,1024.0,0.00195312,500
0.0,3.0,1.0,1.0,1.0,47.0,32.0,0.0,0.0,0.53125,1024.0,0.00390625,5
0.0,3.0,1.0,1.0,1.0,47.0,32.0,0.0,0.0,0.53125,1024.0,0.00390625,10
0.0,3.0,1.0,1.0,1.0,47.0,32.0,0.0,0.0,0.53125,1024.0,0.00390625,15
0.0,3.0,1.0,1.0,1.0,47.0,32.0,0.0,0.0,0.53125,1024.0,0.00390625,20
0.0,3.0,1.0,1.0,1.0,47.0,32.0,0.0,0.0,0.53125,1024.0,0.00390625,30
0.0,3.0,1.0,1.0,1.0,47.0,32.0,0.0,0.0,0.53125,1024.0,0.00390625,40
0.0,3.0,1.0,1.0,1.0,47.0,32.0,0.0,0.0,0.53125,1024.0,0.00390625,50
0.0,3.0,1.0,1.0,1.0,47.0,32.0,0.0,0.0,0.53125,1024.0,0.00390625,100
0.0,3.0,1.0,1.0,1.0,47.0,32.0,0.0,0.0,0.53125,1024.0,0.00390625,500
0.0,3.0,1.0,1.0,1.0,47.0,32.0,0.0,0.0,0.53125,1024.0,0.0078125,5
0.0,3.0,1.0,1.0,1.0,47.0,32.0,0.0,0.0,0.53125,1024.0,0.0078125,10
0.0,3.0,1.0,1.0,1.0,47.0,32.0,0.0,0.0,0.53125,1024.0,0.0078125,15
0.0,3.0,1.0,1.0,1.0,47.0,32.0,0.0,0.0,0.53125,1024.0,0.0078125,20
0.0,3.0,1.0,1.0,1.0,47.0,32.0,0.0,0.0,0.53125,1024.0,0.0078125,30
0.0,3.0,1.0,1.0,1.0,47.0,32.0,0.0,0.0,0.53125,1024.0,0.0078125,40
0.0,3.0,1.0,1.0,1.0,47.0,32.0,0.0,0.0,0.53125,1024.0,0.0078125,50
0.0,3.0,1.0,1.0,1.0,47.0,32.0,0.0,0.0,0.53125,1024.0,0.0078125,100
0.0,3.0,1.0,1.0,1.0,47.0,32.0,0.0,0.0,0.53125,1024.0,0.0078125,500
0.0,3.0,1.0,1.0,1.0,47.0,32.0,0.0,0.0,0.53125,1024.0,0.015625,5
0.0,3.0,1.0,1.0,1.0,47.0,32.0,0.0,0.0,0.53125,1024.0,0.015625,10
0.0,3.0,1.0,1.0,1.0,47.0,32.0,0.0,0.0,0.53125,1024.0,0.015625,15
0.0,3.0,1.0,1.0,1.0,47.0,32.0,0.0,0.0,0.53125,1024.0,0.015625,20
0.0,3.0,1.0,1.0,1.0,47.0,32.0,0.0,0.0,0.53125,1024.0,0.015625,30
0.0,3.0,1.0,1.0,1.0,47.0,32.0,0.0,0.0,0.53125,1024.0,0.015625,40
0.0,3.0,1.0,1.0,1.0,47.0,32.0,0.0,0.0,0.53125,1024.0,0.015625,50
0.0,3.0,1.0,1.0,1.0,47.0,32.0,0.0,0.0,0.53125,1024.0,0.015625,100
0.0,3.0,1.0,1.0,1.0,47.0,32.0,0.0,0.0,0.53125,1024.0,0.015625,500
0.0,3.0,1.0,1.0,1.0,47.0,32.0,0.0,0.0,0.53125,1024.0,0.03125,5
0.0,3.0,1.0,1.0,1.0,47.0,32.0,0.0,0.0,0.53125,1024.0,0.03125,10
0.0,3.0,1.0,1.0,1.0,47.0,32.0,0.0,0.0,0.53125,1024.0,0.03125,15
0.0,3.0,1.0,1.0,1.0,47.0,32.0,0.0,0.0,0.53125,1024.0,0.03125,20
0.0,3.0,1.0,1.0,1.0,47.0,32.0,0.0,0.0,0.53125,1024.0,0.03125,30
0.0,3.0,1.0,1.0,1.0,47.0,32.0,0.0,0.0,0.53125,1024.0,0.03125,40
0.0,3.0,1.0,1.0,1.0,47.0,32.0,0.0,0.0,0.53125,1024.0,0.03125,50
0.0,3.0,1.0,1.0,1.0,47.0,32.0,0.0,0.0,0.53125,1024.0,0.03125,100
0.0,3.0,1.0,1.0,1.0,47.0,32.0,0.0,0.0,0.53125,1024.0,0.03125,500
0.0,3.0,1.0,1.0,1.0,47.0,32.0,0.0,0.0,0.53125,1024.0,0.0625,5
0.0,3.0,1.0,1.0,1.0,47.0,32.0,0.0,0.0,0.53125,1024.0,0.0625,10
0.0,3.0,1.0,1.0,1.0,47.0,32.0,0.0,0.0,0.53125,1024.0,0.0625,15
0.0,3.0,1.0,1.0,1.0,47.0,32.0,0.0,0.0,0.53125,1024.0,0.0625,20
0.0,3.0,1.0,1.0,1.0,47.0,32.0,0.0,0.0,0.53125,1024.0,0.0625,30
0.0,3.0,1.0,1.0,1.0,47.0,32.0,0.0,0.0,0.53125,1024.0,0.0625,40
0.0,3.0,1.0,1.0,1.0,47.0,32.0,0.0,0.0,0.53125,1024.0,0.0625,50
0.0,3.0,1.0,1.0,1.0,47.0,32.0,0.0,0.0,0.53125,1024.0,0.0625,100
0.0,3.0,1.0,1.0,1.0,47.0,32.0,0.0,0.0,0.53125,1024.0,0.0625,500
0.0,3.0,1.0,1.0,1.0,47.0,32.0,0.0,0.0,0.53125,1024.0,0.125,5
0.0,3.0,1.0,1.0,1.0,47.0,32.0,0.0,0.0,0.53125,1024.0,0.125,10
0.0,3.0,1.0,1.0,1.0,47.0,32.0,0.0,0.0,0.53125,1024.0,0.125,15
0.0,3.0,1.0,1.0,1.0,47.0,32.0,0.0,0.0,0.53125,1024.0,0.125,20
0.0,3.0,1.0,1.0,1.0,47.0,32.0,0.0,0.0,0.53125,1024.0,0.125,30
0.0,3.0,1.0,1.0,1.0,47.0,32.0,0.0,0.0,0.53125,1024.0,0.125,40
0.0,3.0,1.0,1.0,1.0,47.0,32.0,0.0,0.0,0.53125,1024.0,0.125,50
0.0,3.0,1.0,1.0,1.0,47.0,32.0,0.0,0.0,0.53125,1024.0,0.125,100
0.0,3.0,1.0,1.0,1.0,47.0,32.0,0.0,0.0,0.53125,1024.0,0.125,500
0.0,3.0,1.0,1.0,1.0,47.0,32.0,0.0,0.0,0.53125,1024.0,0.25,5
0.0,3.0,1.0,1.0,1.0,47.0,32.0,0.0,0.0,0.53125,1024.0,0.25,10
0.0,3.0,1.0,1.0,1.0,47.0,32.0,0.0,0.0,0.53125,1024.0,0.25,15
0.0,3.0,1.0,1.0,1.0,47.0,32.0,0.0,0.0,0.53125,1024.0,0.25,20
0.0,3.0,1.0,1.0,1.0,47.0,32.0,0.0,0.0,0.53125,1024.0,0.25,30
0.0,3.0,1.0,1.0,1.0,47.0,32.0,0.0,0.0,0.53125,1024.0,0.25,40
0.0,3.0,1.0,1.0,1.0,47.0,32.0,0.0,0.0,0.53125,1024.0,0.25,50
0.0,3.0,1.0,1.0,1.0,47.0,32.0,0.0,0.0,0.53125,1024.0,0.25,100
0.0,3.0,1.0,1.0,1.0,47.0,32.0,0.0,0.0,0.53125,1024.0,0.25,500
0.0,3.0,1.0,1.0,1.0,47.0,32.0,0.0,0.0,0.53125,1024.0,0.5,5
0.0,3.0,1.0,1.0,1.0,47.0,32.0,0.0,0.0,0.53125,1024.0,0.5,10
0.0,3.0,1.0,1.0,1.0,47.0,32.0,0.0,0.0,0.53125,1024.0,0.5,15
0.0,3.0,1.0,1.0,1.0,47.0,32.0,0.0,0.0,0.53125,1024.0,0.5,20
0.0,3.0,1.0,1.0,1.0,47.0,32.0,0.0,0.0,0.53125,1024.0,0.5,30
0.0,3.0,1.0,1.0,1.0,47.0,32.0,0.0,0.0,0.53125,1024.0,0.5,40
0.0,3.0,1.0,1.0,1.0,47.0,32.0,0.0,0.0,0.53125,1024.0,0.5,50
0.0,3.0,1.0,1.0,1.0,47.0,32.0,0.0,0.0,0.53125,1024.0,0.5,100
0.0,3.0,1.0,1.0,1.0,47.0,32.0,0.0,0.0,0.53125,1024.0,0.5,500
0.0,3.0,1.0,1.0,1.0,47.0,32.0,0.0,0.0,0.53125,1024.0,1.0,5
0.0,3.0,1.0,1.0,1.0,47.0,32.0,0.0,0.0,0.53125,1024.0,1.0,10
0.0,3.0,1.0,1.0,1.0,47.0,32.0,0.0,0.0,0.53125,1024.0,1.0,15
0.0,3.0,1.0,1.0,1.0,47.0,32.0,0.0,0.0,0.53125,1024.0,1.0,20
0.0,3.0,1.0,1.0,1.0,47.0,32.0,0.0,0.0,0.53125,1024.0,1.0,30
0.0,3.0,1.0,1.0,1.0,47.0,32.0,0.0,0.0,0.53125,1024.0,1.0,40
0.0,3.0,1.0,1.0,1.0,47.0,32.0,0.0,0.0,0.53125,1024.0,1.0,50
0.0,3.0,1.0,1.0,1.0,47.0,32.0,0.0,0.0,0.53125,1024.0,1.0,100
0.0,3.0,1.0,1.0,1.0,47.0,32.0,0.0,0.0,0.53125,1024.0,1.0,500
0.0,3.0,1.0,1.0,1.0,47.0,32.0,0.0,0.0,0.53125,1024.0,2.0,5
0.0,3.0,1.0,1.0,1.0,47.0,32.0,0.0,0.0,0.53125,1024.0,2.0,10
0.0,3.0,1.0,1.0,1.0,47.0,32.0,0.0,0.0,0.53125,1024.0,2.0,15
0.0,3.0,1.0,1.0,1.0,47.0,32.0,0.0,0.0,0.53125,1024.0,2.0,20
0.0,3.0,1.0,1.0,1.0,47.0,32.0,0.0,0.0,0.53125,1024.0,2.0,30
0.0,3.0,1.0,1.0,1.0,47.0,32.0,0.0,0.0,0.53125,1024.0,2.0,40
0.0,3.0,1.0,1.0,1.0,47.0,32.0,0.0,0.0,0.53125,1024.0,2.0,50
0.0,3.0,1.0,1.0,1.0,47.0,32.0,0.0,0.0,0.53125,1024.0,2.0,100
0.0,3.0,1.0,1.0,1.0,47.0,32.0,0.0,0.0,0.53125,1024.0,2.0,500
0.0,3.0,1.0,1.0,1.0,47.0,32.0,0.0,0.0,0.53125,1024.0,4.0,5
0.0,3.0,1.0,1.0,1.0,47.0,32.0,0.0,0.0,0.53125,1024.0,4.0,10
0.0,3.0,1.0,1.0,1.0,47.0,32.0,0.0,0.0,0.53125,1024.0,4.0,15
0.0,3.0,1.0,1.0,1.0,47.0,32.0,0.0,0.0,0.53125,1024.0,4.0,20
0.0,3.0,1.0,1.0,1.0,47.0,32.0,0.0,0.0,0.53125,1024.0,4.0,30
0.0,3.0,1.0,1.0,1.0,47.0,32.0,0.0,0.0,0.53125,1024.0,4.0,40
0.0,3.0,1.0,1.0,1.0,47.0,32.0,0.0,0.0,0.53125,1024.0,4.0,50
0.0,3.0,1.0,1.0,1.0,47.0,32.0,0.0,0.0,0.53125,1024.0,4.0,100
0.0,3.0,1.0,1.0,1.0,47.0,32.0,0.0,0.0,0.53125,1024.0,4.0,500
0.0,3.0,1.0,1.0,1.0,47.0,32.0,0.0,0.0,0.53125,1024.0,8.0,5
0.0,3.0,1.0,1.0,1.0,47.0,32.0,0.0,0.0,0.53125,1024.0,8.0,10
0.0,3.0,1.0,1.0,1.0,47.0,32.0,0.0,0.0,0.53125,1024.0,8.0,15
0.0,3.0,1.0,1.0,1.0,47.0,32.0,0.0,0.0,0.53125,1024.0,8.0,20
0.0,3.0,1.0,1.0,1.0,47.0,32.0,0.0,0.0,0.53125,1024.0,8.0,30
0.0,3.0,1.0,1.0,1.0,47.0,32.0,0.0,0.0,0.53125,1024.0,8.0,40
0.0,3.0,1.0,1.0,1.0,47.0,32.0,0.0,0.0,0.53125,1024.0,8.0,50
0.0,3.0,1.0,1.0,1.0,47.0,32.0,0.0,0.0,0.53125,1024.0,8.0,100
0.0,3.0,1.0,1.0,1.0,47.0,32.0,0.0,0.0,0.53125,1024.0,8.0,500
0.0,3.0,1.0,1.0,1.0,47.0,32.0,0.0,0.0,0.53125,1024.0,16.0,5
0.0,3.0,1.0,1.0,1.0,47.0,32.0,0.0,0.0,0.53125,1024.0,16.0,10
0.0,3.0,1.0,1.0,1.0,47.0,32.0,0.0,0.0,0.53125,1024.0,16.0,15
0.0,3.0,1.0,1.0,1.0,47.0,32.0,0.0,0.0,0.53125,1024.0,16.0,20
0.0,3.0,1.0,1.0,1.0,47.0,32.0,0.0,0.0,0.53125,1024.0,16.0,30
0.0,3.0,1.0,1.0,1.0,47.0,32.0,0.0,0.0,0.53125,1024.0,16.0,40
0.0,3.0,1.0,1.0,1.0,47.0,32.0,0.0,0.0,0.53125,1024.0,16.0,50
0.0,3.0,1.0,1.0,1.0,47.0,32.0,0.0,0.0,0.53125,1024.0,16.0,100
0.0,3.0,1.0,1.0,1.0,47.0,32.0,0.0,0.0,0.53125,1024.0,16.0,500
0.0,3.0,1.0,1.0,1.0,47.0,32.0,0.0,0.0,0.53125,1024.0,32.0,5
0.0,3.0,1.0,1.0,1.0,47.0,32.0,0.0,0.0,0.53125,1024.0,32.0,10
0.0,3.0,1.0,1.0,1.0,47.0,32.0,0.0,0.0,0.53125,1024.0,32.0,15
0.0,3.0,1.0,1.0,1.0,47.0,32.0,0.0,0.0,0.53125,1024.0,32.0,20
0.0,3.0,1.0,1.0,1.0,47.0,32.0,0.0,0.0,0.53125,1024.0,32.0,30
0.0,3.0,1.0,1.0,1.0,47.0,32.0,0.0,0.0,0.53125,1024.0,32.0,40
0.0,3.0,1.0,1.0,1.0,47.0,32.0,0.0,0.0,0.53125,1024.0,32.0,50
0.0,3.0,1.0,1.0,1.0,47.0,32.0,0.0,0.0,0.53125,1024.0,32.0,100
0.0,3.0,1.0,1.0,1.0,47.0,32.0,0.0,0.0,0.53125,1024.0,32.0,500
0.0,3.0,1.0,1.0,1.0,47.0,32.0,0.0,0.0,0.53125,1024.0,64.0,5
0.0,3.0,1.0,1.0,1.0,47.0,32.0,0.0,0.0,0.53125,1024.0,64.0,10
0.0,3.0,1.0,1.0,1.0,47.0,32.0,0.0,0.0,0.53125,1024.0,64.0,15
0.0,3.0,1.0,1.0,1.0,47.0,32.0,0.0,0.0,0.53125,1024.0,64.0,20
0.0,3.0,1.0,1.0,1.0,47.0,32.0,0.0,0.0,0.53125,1024.0,64.0,30
0.0,3.0,1.0,1.0,1.0,47.0,32.0,0.0,0.0,0.53125,1024.0,64.0,40
0.0,3.0,1.0,1.0,1.0,47.0,32.0,0.0,0.0,0.53125,1024.0,64.0,50
0.0,3.0,1.0,1.0,1.0,47.0,32.0,0.0,0.0,0.53125,1024.0,64.0,100
0.0,3.0,1.0,1.0,1.0,47.0,32.0,0.0,0.0,0.53125,1024.0,64.0,500
0.0,3.0,1.0,1.0,1.0,47.0,32.0,0.0,0.0,0.53125,1024.0,128.0,5
0.0,3.0,1.0,1.0,1.0,47.0,32.0,0.0,0.0,0.53125,1024.0,128.0,10
0.0,3.0,1.0,1.0,1.0,47.0,32.0,0.0,0.0,0.53125,1024.0,128.0,15
0.0,3.0,1.0,1.0,1.0,47.0,32.0,0.0,0.0,0.53125,1024.0,128.0,20
0.0,3.0,1.0,1.0,1.0,47.0,32.0,0.0,0.0,0.53125,1024.0,128.0,30
0.0,3.0,1.0,1.0,1.0,47.0,32.0,0.0,0.0,0.53125,1024.0,128.0,40
0.0,3.0,1.0,1.0,1.0,47.0,32.0,0.0,0.0,0.53125,1024.0,128.0,50
0.0,3.0,1.0,1.0,1.0,47.0,32.0,0.0,0.0,0.53125,1024.0,128.0,100
0.0,3.0,1.0,1.0,1.0,47.0,32.0,0.0,0.0,0.53125,1024.0,128.0,500
0.0,3.0,1.0,1.0,1.0,47.0,32.0,0.0,0.0,0.53125,1024.0,256.0,5
0.0,3.0,1.0,1.0,1.0,47.0,32.0,0.0,0.0,0.53125,1024.0,256.0,10
0.0,3.0,1.0,1.0,1.0,47.0,32.0,0.0,0.0,0.53125,1024.0,256.0,15
0.0,3.0,1.0,1.0,1.0,47.0,32.0,0.0,0.0,0.53125,1024.0,256.0,20
0.0,3.0,1.0,1.0,1.0,47.0,32.0,0.0,0.0,0.53125,1024.0,256.0,30
0.0,3.0,1.0,1.0,1.0,47.0,32.0,0.0,0.0,0.53125,1024.0,256.0,40
0.0,3.0,1.0,1.0,1.0,47.0,32.0,0.0,0.0,0.53125,1024.0,256.0,50
0.0,3.0,1.0,1.0,1.0,47.0,32.0,0.0,0.0,0.53125,1024.0,256.0,100
0.0,3.0,1.0,1.0,1.0,47.0,32.0,0.0,0.0,0.53125,1024.0,256.0,500
0.0,3.0,1.0,1.0,1.0,47.0,32.0,0.0,0.0,0.53125,1024.0,512.0,5
0.0,3.0,1.0,1.0,1.0,47.0,32.0,0.0,0.0,0.53125,1024.0,512.0,10
0.0,3.0,1.0,1.0,1.0,47.0,32.0,0.0,0.0,0.53125,1024.0,512.0,15
0.0,3.0,1.0,1.0,1.0,47.0,32.0,0.0,0.0,0.53125,1024.0,512.0,20
0.0,3.0,1.0,1.0,1.0,47.0,32.0,0.0,0.0,0.53125,1024.0,512.0,30
0.0,3.0,1.0,1.0,1.0,47.0,32.0,0.0,0.0,0.53125,1024.0,512.0,40
0.0,3.0,1.0,1.0,1.0,47.0,32.0,0.0,0.0,0.53125,1024.0,512.0,50
0.0,3.0,1.0,1.0,1.0,47.0,32.0,0.0,0.0,0.53125,1024.0,512.0,100
0.0,3.0,1.0,1.0,1.0,47.0,32.0,0.0,0.0,0.53125,1024.0,512.0,500
0.0,3.0,1.0,1.0,1.0,47.0,32.0,0.0,0.0,0.53125,1024.0,1024.0,5
0.0,3.0,1.0,1.0,1.0,47.0,32.0,0.0,0.0,0.53125,1024.0,1024.0,10
0.0,3.0,1.0,1.0,1.0,47.0,32.0,0.0,0.0,0.53125,1024.0,1024.0,15
0.0,3.0,1.0,1.0,1.0,47.0,32.0,0.0,0.0,0.53125,1024.0,1024.0,20
0.0,3.0,1.0,1.0,1.0,47.0,32.0,0.0,0.0,0.53125,1024.0,1024.0,30
0.0,3.0,1.0,1.0,1.0,47.0,32.0,0.0,0.0,0.53125,1024.0,1024.0,40
0.0,3.0,1.0,1.0,1.0,47.0,32.0,0.0,0.0,0.53125,1024.0,1024.0,50
0.0,3.0,1.0,1.0,1.0,47.0,32.0,0.0,0.0,0.53125,1024.0,1024.0,100
0.0,3.0,1.0,1.0,1.0,47.0,32.0,0.0,0.0,0.53125,1024.0,1024.0,500
0.0,3.0,1.0,1.0,1.0,47.0,32.0,0.0,0.0,0.53125,1024.0,2048.0,5
0.0,3.0,1.0,1.0,1.0,47.0,32.0,0.0,0.0,0.53125,1024.0,2048.0,10
0.0,3.0,1.0,1.0,1.0,47.0,32.0,0.0,0.0,0.53125,1024.0,2048.0,15
0.0,3.0,1.0,1.0,1.0,47.0,32.0,0.0,0.0,0.53125,1024.0,2048.0,20
0.0,3.0,1.0,1.0,1.0,47.0,32.0,0.0,0.0,0.53125,1024.0,2048.0,30
0.0,3.0,1.0,1.0,1.0,47.0,32.0,0.0,0.0,0.53125,1024.0,2048.0,40
0.0,3.0,1.0,1.0,1.0,47.0,32.0,0.0,0.0,0.53125,1024.0,2048.0,50
0.0,3.0,1.0,1.0,1.0,47.0,32.0,0.0,0.0,0.53125,1024.0,2048.0,100
0.0,3.0,1.0,1.0,1.0,47.0,32.0,0.0,0.0,0.53125,1024.0,2048.0,500
0.0,3.0,1.0,1.0,1.0,47.0,32.0,0.0,0.0,0.53125,1024.0,4096.0,5
0.0,3.0,1.0,1.0,1.0,47.0,32.0,0.0,0.0,0.53125,1024.0,4096.0,10
0.0,3.0,1.0,1.0,1.0,47.0,32.0,0.0,0.0,0.53125,1024.0,4096.0,15
0.0,3.0,1.0,1.0,1.0,47.0,32.0,0.0,0.0,0.53125,1024.0,4096.0,20
0.0,3.0,1.0,1.0,1.0,47.0,32.0,0.0,0.0,0.53125,1024.0,4096.0,30
0.0,3.0,1.0,1.0,1.0,47.0,32.0,0.0,0.0,0.53125,1024.0,4096.0,40
0.0,3.0,1.0,1.0,1.0,47.0,32.0,0.0,0.0,0.53125,1024.0,4096.0,50
0.0,3.0,1.0,1.0,1.0,47.0,32.0,0.0,0.0,0.53125,1024.0,4096.0,100
0.0,3.0,1.0,1.0,1.0,47.0,32.0,0.0,0.0,0.53125,1024.0,4096.0,500
0.0,3.0,1.0,1.0,1.0,47.0,32.0,0.0,0.0,0.53125,1024.0,8192.0,5
0.0,3.0,1.0,1.0,1.0,47.0,32.0,0.0,0.0,0.53125,1024.0,8192.0,10
0.0,3.0,1.0,1.0,1.0,47.0,32.0,0.0,0.0,0.53125,1024.0,8192.0,15
0.0,3.0,1.0,1.0,1.0,47.0,32.0,0.0,0.0,0.53125,1024.0,8192.0,20
0.0,3.0,1.0,1.0,1.0,47.0,32.0,0.0,0.0,0.53125,1024.0,8192.0,30
0.0,3.0,1.0,1.0,1.0,47.0,32.0,0.0,0.0,0.53125,1024.0,8192.0,40
0.0,3.0,1.0,1.0,1.0,47.0,32.0,0.0,0.0,0.53125,1024.0,8192.0,50
0.0,3.0,1.0,1.0,1.0,47.0,32.0,0.0,0.0,0.53125,1024.0,8192.0,100
0.0,3.0,1.0,1.0,1.0,47.0,32.0,0.0,0.0,0.53125,1024.0,8192.0,500
0.0,3.0,1.0,1.0,1.0,47.0,32.0,0.0,0.0,0.53125,1024.0,16384.0,5
0.0,3.0,1.0,1.0,1.0,47.0,32.0,0.0,0.0,0.53125,1024.0,16384.0,10
0.0,3.0,1.0,1.0,1.0,47.0,32.0,0.0,0.0,0.53125,1024.0,16384.0,15
0.0,3.0,1.0,1.0,1.0,47.0,32.0,0.0,0.0,0.53125,1024.0,16384.0,20
0.0,3.0,1.0,1.0,1.0,47.0,32.0,0.0,0.0,0.53125,1024.0,16384.0,30
0.0,3.0,1.0,1.0,1.0,47.0,32.0,0.0,0.0,0.53125,1024.0,16384.0,40
0.0,3.0,1.0,1.0,1.0,47.0,32.0,0.0,0.0,0.53125,1024.0,16384.0,50
0.0,3.0,1.0,1.0,1.0,47.0,32.0,0.0,0.0,0.53125,1024.0,16384.0,100
0.0,3.0,1.0,1.0,1.0,47.0,32.0,0.0,0.0,0.53125,1024.0,16384.0,500
0.0,3.0,1.0,1.0,1.0,47.0,32.0,0.0,0.0,0.53125,1024.0,32768.0,5
0.0,3.0,1.0,1.0,1.0,47.0,32.0,0.0,0.0,0.53125,1024.0,32768.0,10
0.0,3.0,1.0,1.0,1.0,47.0,32.0,0.0,0.0,0.53125,1024.0,32768.0,15
0.0,3.0,1.0,1.0,1.0,47.0,32.0,0.0,0.0,0.53125,1024.0,32768.0,20
0.0,3.0,1.0,1.0,1.0,47.0,32.0,0.0,0.0,0.53125,1024.0,32768.0,30
0.0,3.0,1.0,1.0,1.0,47.0,32.0,0.0,0.0,0.53125,1024.0,32768.0,40
0.0,3.0,1.0,1.0,1.0,47.0,32.0,0.0,0.0,0.53125,1024.0,32768.0,50
0.0,3.0,1.0,1.0,1.0,47.0,32.0,0.0,0.0,0.53125,1024.0,32768.0,100
0.0,3.0,1.0,1.0,1.0,47.0,32.0,0.0,0.0,0.53125,1024.0,32768.0,500
0.0,3.0,1.0,1.0,1.0,47.0,32.0,0.0,0.0,0.53125,2048.0,0.000976562,5
0.0,3.0,1.0,1.0,1.0,47.0,32.0,0.0,0.0,0.53125,2048.0,0.000976562,10
0.0,3.0,1.0,1.0,1.0,47.0,32.0,0.0,0.0,0.53125,2048.0,0.000976562,15
0.0,3.0,1.0,1.0,1.0,47.0,32.0,0.0,0.0,0.53125,2048.0,0.000976562,20
0.0,3.0,1.0,1.0,1.0,47.0,32.0,0.0,0.0,0.53125,2048.0,0.000976562,30
0.0,3.0,1.0,1.0,1.0,47.0,32.0,0.0,0.0,0.53125,2048.0,0.000976562,40
0.0,3.0,1.0,1.0,1.0,47.0,32.0,0.0,0.0,0.53125,2048.0,0.000976562,50
0.0,3.0,1.0,1.0,1.0,47.0,32.0,0.0,0.0,0.53125,2048.0,0.000976562,100
0.0,3.0,1.0,1.0,1.0,47.0,32.0,0.0,0.0,0.53125,2048.0,0.000976562,500
0.0,3.0,1.0,1.0,1.0,47.0,32.0,0.0,0.0,0.53125,2048.0,0.00195312,5
0.0,3.0,1.0,1.0,1.0,47.0,32.0,0.0,0.0,0.53125,2048.0,0.00195312,10
0.0,3.0,1.0,1.0,1.0,47.0,32.0,0.0,0.0,0.53125,2048.0,0.00195312,15
0.0,3.0,1.0,1.0,1.0,47.0,32.0,0.0,0.0,0.53125,2048.0,0.00195312,20
0.0,3.0,1.0,1.0,1.0,47.0,32.0,0.0,0.0,0.53125,2048.0,0.00195312,30
0.0,3.0,1.0,1.0,1.0,47.0,32.0,0.0,0.0,0.53125,2048.0,0.00195312,40
0.0,3.0,1.0,1.0,1.0,47.0,32.0,0.0,0.0,0.53125,2048.0,0.00195312,50
0.0,3.0,1.0,1.0,1.0,47.0,32.0,0.0,0.0,0.53125,2048.0,0.00195312,100
0.0,3.0,1.0,1.0,1.0,47.0,32.0,0.0,0.0,0.53125,2048.0,0.00195312,500
0.0,3.0,1.0,1.0,1.0,47.0,32.0,0.0,0.0,0.53125,2048.0,0.00390625,5
0.0,3.0,1.0,1.0,1.0,47.0,32.0,0.0,0.0,0.53125,2048.0,0.00390625,10
0.0,3.0,1.0,1.0,1.0,47.0,32.0,0.0,0.0,0.53125,2048.0,0.00390625,15
0.0,3.0,1.0,1.0,1.0,47.0,32.0,0.0,0.0,0.53125,2048.0,0.00390625,20
0.0,3.0,1.0,1.0,1.0,47.0,32.0,0.0,0.0,0.53125,2048.0,0.00390625,30
0.0,3.0,1.0,1.0,1.0,47.0,32.0,0.0,0.0,0.53125,2048.0,0.00390625,40
0.0,3.0,1.0,1.0,1.0,47.0,32.0,0.0,0.0,0.53125,2048.0,0.00390625,50
0.0,3.0,1.0,1.0,1.0,47.0,32.0,0.0,0.0,0.53125,2048.0,0.00390625,100
0.0,3.0,1.0,1.0,1.0,47.0,32.0,0.0,0.0,0.53125,2048.0,0.00390625,500
0.0,3.0,1.0,1.0,1.0,47.0,32.0,0.0,0.0,0.53125,2048.0,0.0078125,5
0.0,3.0,1.0,1.0,1.0,47.0,32.0,0.0,0.0,0.53125,2048.0,0.0078125,10
0.0,3.0,1.0,1.0,1.0,47.0,32.0,0.0,0.0,0.53125,2048.0,0.0078125,15
0.0,3.0,1.0,1.0,1.0,47.0,32.0,0.0,0.0,0.53125,2048.0,0.0078125,20
0.0,3.0,1.0,1.0,1.0,47.0,32.0,0.0,0.0,0.53125,2048.0,0.0078125,30
0.0,3.0,1.0,1.0,1.0,47.0,32.0,0.0,0.0,0.53125,2048.0,0.0078125,40
0.0,3.0,1.0,1.0,1.0,47.0,32.0,0.0,0.0,0.53125,2048.0,0.0078125,50
0.0,3.0,1.0,1.0,1.0,47.0,32.0,0.0,0.0,0.53125,2048.0,0.0078125,100
0.0,3.0,1.0,1.0,1.0,47.0,32.0,0.0,0.0,0.53125,2048.0,0.0078125,500
0.0,3.0,1.0,1.0,1.0,47.0,32.0,0.0,0.0,0.53125,2048.0,0.015625,5
0.0,3.0,1.0,1.0,1.0,47.0,32.0,0.0,0.0,0.53125,2048.0,0.015625,10
0.0,3.0,1.0,1.0,1.0,47.0,32.0,0.0,0.0,0.53125,2048.0,0.015625,15
0.0,3.0,1.0,1.0,1.0,47.0,32.0,0.0,0.0,0.53125,2048.0,0.015625,20
0.0,3.0,1.0,1.0,1.0,47.0,32.0,0.0,0.0,0.53125,2048.0,0.015625,30
0.0,3.0,1.0,1.0,1.0,47.0,32.0,0.0,0.0,0.53125,2048.0,0.015625,40
0.0,3.0,1.0,1.0,1.0,47.0,32.0,0.0,0.0,0.53125,2048.0,0.015625,50
0.0,3.0,1.0,1.0,1.0,47.0,32.0,0.0,0.0,0.53125,2048.0,0.015625,100
0.0,3.0,1.0,1.0,1.0,47.0,32.0,0.0,0.0,0.53125,2048.0,0.015625,500
0.0,3.0,1.0,1.0,1.0,47.0,32.0,0.0,0.0,0.53125,2048.0,0.03125,5
0.0,3.0,1.0,1.0,1.0,47.0,32.0,0.0,0.0,0.53125,2048.0,0.03125,10
0.0,3.0,1.0,1.0,1.0,47.0,32.0,0.0,0.0,0.53125,2048.0,0.03125,15
0.0,3.0,1.0,1.0,1.0,47.0,32.0,0.0,0.0,0.53125,2048.0,0.03125,20
0.0,3.0,1.0,1.0,1.0,47.0,32.0,0.0,0.0,0.53125,2048.0,0.03125,30
0.0,3.0,1.0,1.0,1.0,47.0,32.0,0.0,0.0,0.53125,2048.0,0.03125,40
0.0,3.0,1.0,1.0,1.0,47.0,32.0,0.0,0.0,0.53125,2048.0,0.03125,50
0.0,3.0,1.0,1.0,1.0,47.0,32.0,0.0,0.0,0.53125,2048.0,0.03125,100
0.0,3.0,1.0,1.0,1.0,47.0,32.0,0.0,0.0,0.53125,2048.0,0.03125,500
0.0,3.0,1.0,1.0,1.0,47.0,32.0,0.0,0.0,0.53125,2048.0,0.0625,5
0.0,3.0,1.0,1.0,1.0,47.0,32.0,0.0,0.0,0.53125,2048.0,0.0625,10
0.0,3.0,1.0,1.0,1.0,47.0,32.0,0.0,0.0,0.53125,2048.0,0.0625,15
0.0,3.0,1.0,1.0,1.0,47.0,32.0,0.0,0.0,0.53125,2048.0,0.0625,20
0.0,3.0,1.0,1.0,1.0,47.0,32.0,0.0,0.0,0.53125,2048.0,0.0625,30
0.0,3.0,1.0,1.0,1.0,47.0,32.0,0.0,0.0,0.53125,2048.0,0.0625,40
0.0,3.0,1.0,1.0,1.0,47.0,32.0,0.0,0.0,0.53125,2048.0,0.0625,50
0.0,3.0,1.0,1.0,1.0,47.0,32.0,0.0,0.0,0.53125,2048.0,0.0625,100
0.0,3.0,1.0,1.0,1.0,47.0,32.0,0.0,0.0,0.53125,2048.0,0.0625,500
0.0,3.0,1.0,1.0,1.0,47.0,32.0,0.0,0.0,0.53125,2048.0,0.125,5
0.0,3.0,1.0,1.0,1.0,47.0,32.0,0.0,0.0,0.53125,2048.0,0.125,10
0.0,3.0,1.0,1.0,1.0,47.0,32.0,0.0,0.0,0.53125,2048.0,0.125,15
0.0,3.0,1.0,1.0,1.0,47.0,32.0,0.0,0.0,0.53125,2048.0,0.125,20
0.0,3.0,1.0,1.0,1.0,47.0,32.0,0.0,0.0,0.53125,2048.0,0.125,30
0.0,3.0,1.0,1.0,1.0,47.0,32.0,0.0,0.0,0.53125,2048.0,0.125,40
0.0,3.0,1.0,1.0,1.0,47.0,32.0,0.0,0.0,0.53125,2048.0,0.125,50
0.0,3.0,1.0,1.0,1.0,47.0,32.0,0.0,0.0,0.53125,2048.0,0.125,100
0.0,3.0,1.0,1.0,1.0,47.0,32.0,0.0,0.0,0.53125,2048.0,0.125,500
0.0,3.0,1.0,1.0,1.0,47.0,32.0,0.0,0.0,0.53125,2048.0,0.25,5
0.0,3.0,1.0,1.0,1.0,47.0,32.0,0.0,0.0,0.53125,2048.0,0.25,10
0.0,3.0,1.0,1.0,1.0,47.0,32.0,0.0,0.0,0.53125,2048.0,0.25,15
0.0,3.0,1.0,1.0,1.0,47.0,32.0,0.0,0.0,0.53125,2048.0,0.25,20
0.0,3.0,1.0,1.0,1.0,47.0,32.0,0.0,0.0,0.53125,2048.0,0.25,30
0.0,3.0,1.0,1.0,1.0,47.0,32.0,0.0,0.0,0.53125,2048.0,0.25,40
0.0,3.0,1.0,1.0,1.0,47.0,32.0,0.0,0.0,0.53125,2048.0,0.25,50
0.0,3.0,1.0,1.0,1.0,47.0,32.0,0.0,0.0,0.53125,2048.0,0.25,100
0.0,3.0,1.0,1.0,1.0,47.0,32.0,0.0,0.0,0.53125,2048.0,0.25,500
0.0,3.0,1.0,1.0,1.0,47.0,32.0,0.0,0.0,0.53125,2048.0,0.5,5
0.0,3.0,1.0,1.0,1.0,47.0,32.0,0.0,0.0,0.53125,2048.0,0.5,10
0.0,3.0,1.0,1.0,1.0,47.0,32.0,0.0,0.0,0.53125,2048.0,0.5,15
0.0,3.0,1.0,1.0,1.0,47.0,32.0,0.0,0.0,0.53125,2048.0,0.5,20
0.0,3.0,1.0,1.0,1.0,47.0,32.0,0.0,0.0,0.53125,2048.0,0.5,30
0.0,3.0,1.0,1.0,1.0,47.0,32.0,0.0,0.0,0.53125,2048.0,0.5,40
0.0,3.0,1.0,1.0,1.0,47.0,32.0,0.0,0.0,0.53125,2048.0,0.5,50
0.0,3.0,1.0,1.0,1.0,47.0,32.0,0.0,0.0,0.53125,2048.0,0.5,100
0.0,3.0,1.0,1.0,1.0,47.0,32.0,0.0,0.0,0.53125,2048.0,0.5,500
0.0,3.0,1.0,1.0,1.0,47.0,32.0,0.0,0.0,0.53125,2048.0,1.0,5
0.0,3.0,1.0,1.0,1.0,47.0,32.0,0.0,0.0,0.53125,2048.0,1.0,10
0.0,3.0,1.0,1.0,1.0,47.0,32.0,0.0,0.0,0.53125,2048.0,1.0,15
0.0,3.0,1.0,1.0,1.0,47.0,32.0,0.0,0.0,0.53125,2048.0,1.0,20
0.0,3.0,1.0,1.0,1.0,47.0,32.0,0.0,0.0,0.53125,2048.0,1.0,30
0.0,3.0,1.0,1.0,1.0,47.0,32.0,0.0,0.0,0.53125,2048.0,1.0,40
0.0,3.0,1.0,1.0,1.0,47.0,32.0,0.0,0.0,0.53125,2048.0,1.0,50
0.0,3.0,1.0,1.0,1.0,47.0,32.0,0.0,0.0,0.53125,2048.0,1.0,100
0.0,3.0,1.0,1.0,1.0,47.0,32.0,0.0,0.0,0.53125,2048.0,1.0,500
0.0,3.0,1.0,1.0,1.0,47.0,32.0,0.0,0.0,0.53125,2048.0,2.0,5
0.0,3.0,1.0,1.0,1.0,47.0,32.0,0.0,0.0,0.53125,2048.0,2.0,10
0.0,3.0,1.0,1.0,1.0,47.0,32.0,0.0,0.0,0.53125,2048.0,2.0,15
0.0,3.0,1.0,1.0,1.0,47.0,32.0,0.0,0.0,0.53125,2048.0,2.0,20
0.0,3.0,1.0,1.0,1.0,47.0,32.0,0.0,0.0,0.53125,2048.0,2.0,30
0.0,3.0,1.0,1.0,1.0,47.0,32.0,0.0,0.0,0.53125,2048.0,2.0,40
0.0,3.0,1.0,1.0,1.0,47.0,32.0,0.0,0.0,0.53125,2048.0,2.0,50
0.0,3.0,1.0,1.0,1.0,47.0,32.0,0.0,0.0,0.53125,2048.0,2.0,100
0.0,3.0,1.0,1.0,1.0,47.0,32.0,0.0,0.0,0.53125,2048.0,2.0,500
0.0,3.0,1.0,1.0,1.0,47.0,32.0,0.0,0.0,0.53125,2048.0,4.0,5
0.0,3.0,1.0,1.0,1.0,47.0,32.0,0.0,0.0,0.53125,2048.0,4.0,10
0.0,3.0,1.0,1.0,1.0,47.0,32.0,0.0,0.0,0.53125,2048.0,4.0,15
0.0,3.0,1.0,1.0,1.0,47.0,32.0,0.0,0.0,0.53125,2048.0,4.0,20
0.0,3.0,1.0,1.0,1.0,47.0,32.0,0.0,0.0,0.53125,2048.0,4.0,30
0.0,3.0,1.0,1.0,1.0,47.0,32.0,0.0,0.0,0.53125,2048.0,4.0,40
0.0,3.0,1.0,1.0,1.0,47.0,32.0,0.0,0.0,0.53125,2048.0,4.0,50
0.0,3.0,1.0,1.0,1.0,47.0,32.0,0.0,0.0,0.53125,2048.0,4.0,100
0.0,3.0,1.0,1.0,1.0,47.0,32.0,0.0,0.0,0.53125,2048.0,4.0,500
0.0,3.0,1.0,1.0,1.0,47.0,32.0,0.0,0.0,0.53125,2048.0,8.0,5
0.0,3.0,1.0,1.0,1.0,47.0,32.0,0.0,0.0,0.53125,2048.0,8.0,10
0.0,3.0,1.0,1.0,1.0,47.0,32.0,0.0,0.0,0.53125,2048.0,8.0,15
0.0,3.0,1.0,1.0,1.0,47.0,32.0,0.0,0.0,0.53125,2048.0,8.0,20
0.0,3.0,1.0,1.0,1.0,47.0,32.0,0.0,0.0,0.53125,2048.0,8.0,30
0.0,3.0,1.0,1.0,1.0,47.0,32.0,0.0,0.0,0.53125,2048.0,8.0,40
0.0,3.0,1.0,1.0,1.0,47.0,32.0,0.0,0.0,0.53125,2048.0,8.0,50
0.0,3.0,1.0,1.0,1.0,47.0,32.0,0.0,0.0,0.53125,2048.0,8.0,100
0.0,3.0,1.0,1.0,1.0,47.0,32.0,0.0,0.0,0.53125,2048.0,8.0,500
0.0,3.0,1.0,1.0,1.0,47.0,32.0,0.0,0.0,0.53125,2048.0,16.0,5
0.0,3.0,1.0,1.0,1.0,47.0,32.0,0.0,0.0,0.53125,2048.0,16.0,10
0.0,3.0,1.0,1.0,1.0,47.0,32.0,0.0,0.0,0.53125,2048.0,16.0,15
0.0,3.0,1.0,1.0,1.0,47.0,32.0,0.0,0.0,0.53125,2048.0,16.0,20
0.0,3.0,1.0,1.0,1.0,47.0,32.0,0.0,0.0,0.53125,2048.0,16.0,30
0.0,3.0,1.0,1.0,1.0,47.0,32.0,0.0,0.0,0.53125,2048.0,16.0,40
0.0,3.0,1.0,1.0,1.0,47.0,32.0,0.0,0.0,0.53125,2048.0,16.0,50
0.0,3.0,1.0,1.0,1.0,47.0,32.0,0.0,0.0,0.53125,2048.0,16.0,100
0.0,3.0,1.0,1.0,1.0,47.0,32.0,0.0,0.0,0.53125,2048.0,16.0,500
0.0,3.0,1.0,1.0,1.0,47.0,32.0,0.0,0.0,0.53125,2048.0,32.0,5
0.0,3.0,1.0,1.0,1.0,47.0,32.0,0.0,0.0,0.53125,2048.0,32.0,10
0.0,3.0,1.0,1.0,1.0,47.0,32.0,0.0,0.0,0.53125,2048.0,32.0,15
0.0,3.0,1.0,1.0,1.0,47.0,32.0,0.0,0.0,0.53125,2048.0,32.0,20
0.0,3.0,1.0,1.0,1.0,47.0,32.0,0.0,0.0,0.53125,2048.0,32.0,30
0.0,3.0,1.0,1.0,1.0,47.0,32.0,0.0,0.0,0.53125,2048.0,32.0,40
0.0,3.0,1.0,1.0,1.0,47.0,32.0,0.0,0.0,0.53125,2048.0,32.0,50
0.0,3.0,1.0,1.0,1.0,47.0,32.0,0.0,0.0,0.53125,2048.0,32.0,100
0.0,3.0,1.0,1.0,1.0,47.0,32.0,0.0,0.0,0.53125,2048.0,32.0,500
0.0,3.0,1.0,1.0,1.0,47.0,32.0,0.0,0.0,0.53125,2048.0,64.0,5
0.0,3.0,1.0,1.0,1.0,47.0,32.0,0.0,0.0,0.53125,2048.0,64.0,10
0.0,3.0,1.0,1.0,1.0,47.0,32.0,0.0,0.0,0.53125,2048.0,64.0,15
0.0,3.0,1.0,1.0,1.0,47.0,32.0,0.0,0.0,0.53125,2048.0,64.0,20
0.0,3.0,1.0,1.0,1.0,47.0,32.0,0.0,0.0,0.53125,2048.0,64.0,30
0.0,3.0,1.0,1.0,1.0,47.0,32.0,0.0,0.0,0.53125,2048.0,64.0,40
0.0,3.0,1.0,1.0,1.0,47.0,32.0,0.0,0.0,0.53125,2048.0,64.0,50
0.0,3.0,1.0,1.0,1.0,47.0,32.0,0.0,0.0,0.53125,2048.0,64.0,100
0.0,3.0,1.0,1.0,1.0,47.0,32.0,0.0,0.0,0.53125,2048.0,64.0,500
0.0,3.0,1.0,1.0,1.0,47.0,32.0,0.0,0.0,0.53125,2048.0,128.0,5
0.0,3.0,1.0,1.0,1.0,47.0,32.0,0.0,0.0,0.53125,2048.0,128.0,10
0.0,3.0,1.0,1.0,1.0,47.0,32.0,0.0,0.0,0.53125,2048.0,128.0,15
0.0,3.0,1.0,1.0,1.0,47.0,32.0,0.0,0.0,0.53125,2048.0,128.0,20
0.0,3.0,1.0,1.0,1.0,47.0,32.0,0.0,0.0,0.53125,2048.0,128.0,30
0.0,3.0,1.0,1.0,1.0,47.0,32.0,0.0,0.0,0.53125,2048.0,128.0,40
0.0,3.0,1.0,1.0,1.0,47.0,32.0,0.0,0.0,0.53125,2048.0,128.0,50
0.0,3.0,1.0,1.0,1.0,47.0,32.0,0.0,0.0,0.53125,2048.0,128.0,100
0.0,3.0,1.0,1.0,1.0,47.0,32.0,0.0,0.0,0.53125,2048.0,128.0,500
0.0,3.0,1.0,1.0,1.0,47.0,32.0,0.0,0.0,0.53125,2048.0,256.0,5
0.0,3.0,1.0,1.0,1.0,47.0,32.0,0.0,0.0,0.53125,2048.0,256.0,10
0.0,3.0,1.0,1.0,1.0,47.0,32.0,0.0,0.0,0.53125,2048.0,256.0,15
0.0,3.0,1.0,1.0,1.0,47.0,32.0,0.0,0.0,0.53125,2048.0,256.0,20
0.0,3.0,1.0,1.0,1.0,47.0,32.0,0.0,0.0,0.53125,2048.0,256.0,30
0.0,3.0,1.0,1.0,1.0,47.0,32.0,0.0,0.0,0.53125,2048.0,256.0,40
0.0,3.0,1.0,1.0,1.0,47.0,32.0,0.0,0.0,0.53125,2048.0,256.0,50
0.0,3.0,1.0,1.0,1.0,47.0,32.0,0.0,0.0,0.53125,2048.0,256.0,100
0.0,3.0,1.0,1.0,1.0,47.0,32.0,0.0,0.0,0.53125,2048.0,256.0,500
0.0,3.0,1.0,1.0,1.0,47.0,32.0,0.0,0.0,0.53125,2048.0,512.0,5
0.0,3.0,1.0,1.0,1.0,47.0,32.0,0.0,0.0,0.53125,2048.0,512.0,10
0.0,3.0,1.0,1.0,1.0,47.0,32.0,0.0,0.0,0.53125,2048.0,512.0,15
0.0,3.0,1.0,1.0,1.0,47.0,32.0,0.0,0.0,0.53125,2048.0,512.0,20
0.0,3.0,1.0,1.0,1.0,47.0,32.0,0.0,0.0,0.53125,2048.0,512.0,30
0.0,3.0,1.0,1.0,1.0,47.0,32.0,0.0,0.0,0.53125,2048.0,512.0,40
0.0,3.0,1.0,1.0,1.0,47.0,32.0,0.0,0.0,0.53125,2048.0,512.0,50
0.0,3.0,1.0,1.0,1.0,47.0,32.0,0.0,0.0,0.53125,2048.0,512.0,100
0.0,3.0,1.0,1.0,1.0,47.0,32.0,0.0,0.0,0.53125,2048.0,512.0,500
0.0,3.0,1.0,1.0,1.0,47.0,32.0,0.0,0.0,0.53125,2048.0,1024.0,5
0.0,3.0,1.0,1.0,1.0,47.0,32.0,0.0,0.0,0.53125,2048.0,1024.0,10
0.0,3.0,1.0,1.0,1.0,47.0,32.0,0.0,0.0,0.53125,2048.0,1024.0,15
0.0,3.0,1.0,1.0,1.0,47.0,32.0,0.0,0.0,0.53125,2048.0,1024.0,20
0.0,3.0,1.0,1.0,1.0,47.0,32.0,0.0,0.0,0.53125,2048.0,1024.0,30
0.0,3.0,1.0,1.0,1.0,47.0,32.0,0.0,0.0,0.53125,2048.0,1024.0,40
0.0,3.0,1.0,1.0,1.0,47.0,32.0,0.0,0.0,0.53125,2048.0,1024.0,50
0.0,3.0,1.0,1.0,1.0,47.0,32.0,0.0,0.0,0.53125,2048.0,1024.0,100
0.0,3.0,1.0,1.0,1.0,47.0,32.0,0.0,0.0,0.53125,2048.0,1024.0,500
0.0,3.0,1.0,1.0,1.0,47.0,32.0,0.0,0.0,0.53125,2048.0,2048.0,5
0.0,3.0,1.0,1.0,1.0,47.0,32.0,0.0,0.0,0.53125,2048.0,2048.0,10
0.0,3.0,1.0,1.0,1.0,47.0,32.0,0.0,0.0,0.53125,2048.0,2048.0,15
0.0,3.0,1.0,1.0,1.0,47.0,32.0,0.0,0.0,0.53125,2048.0,2048.0,20
0.0,3.0,1.0,1.0,1.0,47.0,32.0,0.0,0.0,0.53125,2048.0,2048.0,30
0.0,3.0,1.0,1.0,1.0,47.0,32.0,0.0,0.0,0.53125,2048.0,2048.0,40
0.0,3.0,1.0,1.0,1.0,47.0,32.0,0.0,0.0,0.53125,2048.0,2048.0,50
0.0,3.0,1.0,1.0,1.0,47.0,32.0,0.0,0.0,0.53125,2048.0,2048.0,100
0.0,3.0,1.0,1.0,1.0,47.0,32.0,0.0,0.0,0.53125,2048.0,2048.0,500
0.0,3.0,1.0,1.0,1.0,47.0,32.0,0.0,0.0,0.53125,2048.0,4096.0,5
0.0,3.0,1.0,1.0,1.0,47.0,32.0,0.0,0.0,0.53125,2048.0,4096.0,10
0.0,3.0,1.0,1.0,1.0,47.0,32.0,0.0,0.0,0.53125,2048.0,4096.0,15
0.0,3.0,1.0,1.0,1.0,47.0,32.0,0.0,0.0,0.53125,2048.0,4096.0,20
0.0,3.0,1.0,1.0,1.0,47.0,32.0,0.0,0.0,0.53125,2048.0,4096.0,30
0.0,3.0,1.0,1.0,1.0,47.0,32.0,0.0,0.0,0.53125,2048.0,4096.0,40
0.0,3.0,1.0,1.0,1.0,47.0,32.0,0.0,0.0,0.53125,2048.0,4096.0,50
0.0,3.0,1.0,1.0,1.0,47.0,32.0,0.0,0.0,0.53125,2048.0,4096.0,100
0.0,3.0,1.0,1.0,1.0,47.0,32.0,0.0,0.0,0.53125,2048.0,4096.0,500
0.0,3.0,1.0,1.0,1.0,47.0,32.0,0.0,0.0,0.53125,2048.0,8192.0,5
0.0,3.0,1.0,1.0,1.0,47.0,32.0,0.0,0.0,0.53125,2048.0,8192.0,10
0.0,3.0,1.0,1.0,1.0,47.0,32.0,0.0,0.0,0.53125,2048.0,8192.0,15
0.0,3.0,1.0,1.0,1.0,47.0,32.0,0.0,0.0,0.53125,2048.0,8192.0,20
0.0,3.0,1.0,1.0,1.0,47.0,32.0,0.0,0.0,0.53125,2048.0,8192.0,30
0.0,3.0,1.0,1.0,1.0,47.0,32.0,0.0,0.0,0.53125,2048.0,8192.0,40
0.0,3.0,1.0,1.0,1.0,47.0,32.0,0.0,0.0,0.53125,2048.0,8192.0,50
0.0,3.0,1.0,1.0,1.0,47.0,32.0,0.0,0.0,0.53125,2048.0,8192.0,100
0.0,3.0,1.0,1.0,1.0,47.0,32.0,0.0,0.0,0.53125,2048.0,8192.0,500
0.0,3.0,1.0,1.0,1.0,47.0,32.0,0.0,0.0,0.53125,2048.0,16384.0,5
0.0,3.0,1.0,1.0,1.0,47.0,32.0,0.0,0.0,0.53125,2048.0,16384.0,10
0.0,3.0,1.0,1.0,1.0,47.0,32.0,0.0,0.0,0.53125,2048.0,16384.0,15
0.0,3.0,1.0,1.0,1.0,47.0,32.0,0.0,0.0,0.53125,2048.0,16384.0,20
0.0,3.0,1.0,1.0,1.0,47.0,32.0,0.0,0.0,0.53125,2048.0,16384.0,30
0.0,3.0,1.0,1.0,1.0,47.0,32.0,0.0,0.0,0.53125,2048.0,16384.0,40
0.0,3.0,1.0,1.0,1.0,47.0,32.0,0.0,0.0,0.53125,2048.0,16384.0,50
0.0,3.0,1.0,1.0,1.0,47.0,32.0,0.0,0.0,0.53125,2048.0,16384.0,100
0.0,3.0,1.0,1.0,1.0,47.0,32.0,0.0,0.0,0.53125,2048.0,16384.0,500
0.0,3.0,1.0,1.0,1.0,47.0,32.0,0.0,0.0,0.53125,2048.0,32768.0,5
0.0,3.0,1.0,1.0,1.0,47.0,32.0,0.0,0.0,0.53125,2048.0,32768.0,10
0.0,3.0,1.0,1.0,1.0,47.0,32.0,0.0,0.0,0.53125,2048.0,32768.0,15
0.0,3.0,1.0,1.0,1.0,47.0,32.0,0.0,0.0,0.53125,2048.0,32768.0,20
0.0,3.0,1.0,1.0,1.0,47.0,32.0,0.0,0.0,0.53125,2048.0,32768.0,30
0.0,3.0,1.0,1.0,1.0,47.0,32.0,0.0,0.0,0.53125,2048.0,32768.0,40
0.0,3.0,1.0,1.0,1.0,47.0,32.0,0.0,0.0,0.53125,2048.0,32768.0,50
0.0,3.0,1.0,1.0,1.0,47.0,32.0,0.0,0.0,0.53125,2048.0,32768.0,100
0.0,3.0,1.0,1.0,1.0,47.0,32.0,0.0,0.0,0.53125,2048.0,32768.0,500
0.0,3.0,1.0,1.0,1.0,47.0,32.0,0.0,0.0,0.53125,4096.0,0.000976562,5
0.0,3.0,1.0,1.0,1.0,47.0,32.0,0.0,0.0,0.53125,4096.0,0.000976562,10
0.0,3.0,1.0,1.0,1.0,47.0,32.0,0.0,0.0,0.53125,4096.0,0.000976562,15
0.0,3.0,1.0,1.0,1.0,47.0,32.0,0.0,0.0,0.53125,4096.0,0.000976562,20
0.0,3.0,1.0,1.0,1.0,47.0,32.0,0.0,0.0,0.53125,4096.0,0.000976562,30
0.0,3.0,1.0,1.0,1.0,47.0,32.0,0.0,0.0,0.53125,4096.0,0.000976562,40
0.0,3.0,1.0,1.0,1.0,47.0,32.0,0.0,0.0,0.53125,4096.0,0.000976562,50
0.0,3.0,1.0,1.0,1.0,47.0,32.0,0.0,0.0,0.53125,4096.0,0.000976562,100
0.0,3.0,1.0,1.0,1.0,47.0,32.0,0.0,0.0,0.53125,4096.0,0.000976562,500
0.0,3.0,1.0,1.0,1.0,47.0,32.0,0.0,0.0,0.53125,4096.0,0.00195312,5
0.0,3.0,1.0,1.0,1.0,47.0,32.0,0.0,0.0,0.53125,4096.0,0.00195312,10
0.0,3.0,1.0,1.0,1.0,47.0,32.0,0.0,0.0,0.53125,4096.0,0.00195312,15
0.0,3.0,1.0,1.0,1.0,47.0,32.0,0.0,0.0,0.53125,4096.0,0.00195312,20
0.0,3.0,1.0,1.0,1.0,47.0,32.0,0.0,0.0,0.53125,4096.0,0.00195312,30
0.0,3.0,1.0,1.0,1.0,47.0,32.0,0.0,0.0,0.53125,4096.0,0.00195312,40
0.0,3.0,1.0,1.0,1.0,47.0,32.0,0.0,0.0,0.53125,4096.0,0.00195312,50
0.0,3.0,1.0,1.0,1.0,47.0,32.0,0.0,0.0,0.53125,4096.0,0.00195312,100
0.0,3.0,1.0,1.0,1.0,47.0,32.0,0.0,0.0,0.53125,4096.0,0.00195312,500
0.0,3.0,1.0,1.0,1.0,47.0,32.0,0.0,0.0,0.53125,4096.0,0.00390625,5
0.0,3.0,1.0,1.0,1.0,47.0,32.0,0.0,0.0,0.53125,4096.0,0.00390625,10
0.0,3.0,1.0,1.0,1.0,47.0,32.0,0.0,0.0,0.53125,4096.0,0.00390625,15
0.0,3.0,1.0,1.0,1.0,47.0,32.0,0.0,0.0,0.53125,4096.0,0.00390625,20
0.0,3.0,1.0,1.0,1.0,47.0,32.0,0.0,0.0,0.53125,4096.0,0.00390625,30
0.0,3.0,1.0,1.0,1.0,47.0,32.0,0.0,0.0,0.53125,4096.0,0.00390625,40
0.0,3.0,1.0,1.0,1.0,47.0,32.0,0.0,0.0,0.53125,4096.0,0.00390625,50
0.0,3.0,1.0,1.0,1.0,47.0,32.0,0.0,0.0,0.53125,4096.0,0.00390625,100
0.0,3.0,1.0,1.0,1.0,47.0,32.0,0.0,0.0,0.53125,4096.0,0.00390625,500
0.0,3.0,1.0,1.0,1.0,47.0,32.0,0.0,0.0,0.53125,4096.0,0.0078125,5
0.0,3.0,1.0,1.0,1.0,47.0,32.0,0.0,0.0,0.53125,4096.0,0.0078125,10
0.0,3.0,1.0,1.0,1.0,47.0,32.0,0.0,0.0,0.53125,4096.0,0.0078125,15
0.0,3.0,1.0,1.0,1.0,47.0,32.0,0.0,0.0,0.53125,4096.0,0.0078125,20
0.0,3.0,1.0,1.0,1.0,47.0,32.0,0.0,0.0,0.53125,4096.0,0.0078125,30
0.0,3.0,1.0,1.0,1.0,47.0,32.0,0.0,0.0,0.53125,4096.0,0.0078125,40
0.0,3.0,1.0,1.0,1.0,47.0,32.0,0.0,0.0,0.53125,4096.0,0.0078125,50
0.0,3.0,1.0,1.0,1.0,47.0,32.0,0.0,0.0,0.53125,4096.0,0.0078125,100
0.0,3.0,1.0,1.0,1.0,47.0,32.0,0.0,0.0,0.53125,4096.0,0.0078125,500
0.0,3.0,1.0,1.0,1.0,47.0,32.0,0.0,0.0,0.53125,4096.0,0.015625,5
0.0,3.0,1.0,1.0,1.0,47.0,32.0,0.0,0.0,0.53125,4096.0,0.015625,10
0.0,3.0,1.0,1.0,1.0,47.0,32.0,0.0,0.0,0.53125,4096.0,0.015625,15
0.0,3.0,1.0,1.0,1.0,47.0,32.0,0.0,0.0,0.53125,4096.0,0.015625,20
0.0,3.0,1.0,1.0,1.0,47.0,32.0,0.0,0.0,0.53125,4096.0,0.015625,30
0.0,3.0,1.0,1.0,1.0,47.0,32.0,0.0,0.0,0.53125,4096.0,0.015625,40
0.0,3.0,1.0,1.0,1.0,47.0,32.0,0.0,0.0,0.53125,4096.0,0.015625,50
0.0,3.0,1.0,1.0,1.0,47.0,32.0,0.0,0.0,0.53125,4096.0,0.015625,100
0.0,3.0,1.0,1.0,1.0,47.0,32.0,0.0,0.0,0.53125,4096.0,0.015625,500
0.0,3.0,1.0,1.0,1.0,47.0,32.0,0.0,0.0,0.53125,4096.0,0.03125,5
0.0,3.0,1.0,1.0,1.0,47.0,32.0,0.0,0.0,0.53125,4096.0,0.03125,10
0.0,3.0,1.0,1.0,1.0,47.0,32.0,0.0,0.0,0.53125,4096.0,0.03125,15
0.0,3.0,1.0,1.0,1.0,47.0,32.0,0.0,0.0,0.53125,4096.0,0.03125,20
0.0,3.0,1.0,1.0,1.0,47.0,32.0,0.0,0.0,0.53125,4096.0,0.03125,30
0.0,3.0,1.0,1.0,1.0,47.0,32.0,0.0,0.0,0.53125,4096.0,0.03125,40
0.0,3.0,1.0,1.0,1.0,47.0,32.0,0.0,0.0,0.53125,4096.0,0.03125,50
0.0,3.0,1.0,1.0,1.0,47.0,32.0,0.0,0.0,0.53125,4096.0,0.03125,100
0.0,3.0,1.0,1.0,1.0,47.0,32.0,0.0,0.0,0.53125,4096.0,0.03125,500
0.0,3.0,1.0,1.0,1.0,47.0,32.0,0.0,0.0,0.53125,4096.0,0.0625,5
0.0,3.0,1.0,1.0,1.0,47.0,32.0,0.0,0.0,0.53125,4096.0,0.0625,10
0.0,3.0,1.0,1.0,1.0,47.0,32.0,0.0,0.0,0.53125,4096.0,0.0625,15
0.0,3.0,1.0,1.0,1.0,47.0,32.0,0.0,0.0,0.53125,4096.0,0.0625,20
0.0,3.0,1.0,1.0,1.0,47.0,32.0,0.0,0.0,0.53125,4096.0,0.0625,30
0.0,3.0,1.0,1.0,1.0,47.0,32.0,0.0,0.0,0.53125,4096.0,0.0625,40
0.0,3.0,1.0,1.0,1.0,47.0,32.0,0.0,0.0,0.53125,4096.0,0.0625,50
0.0,3.0,1.0,1.0,1.0,47.0,32.0,0.0,0.0,0.53125,4096.0,0.0625,100
0.0,3.0,1.0,1.0,1.0,47.0,32.0,0.0,0.0,0.53125,4096.0,0.0625,500
0.0,3.0,1.0,1.0,1.0,47.0,32.0,0.0,0.0,0.53125,4096.0,0.125,5
0.0,3.0,1.0,1.0,1.0,47.0,32.0,0.0,0.0,0.53125,4096.0,0.125,10
0.0,3.0,1.0,1.0,1.0,47.0,32.0,0.0,0.0,0.53125,4096.0,0.125,15
0.0,3.0,1.0,1.0,1.0,47.0,32.0,0.0,0.0,0.53125,4096.0,0.125,20
0.0,3.0,1.0,1.0,1.0,47.0,32.0,0.0,0.0,0.53125,4096.0,0.125,30
0.0,3.0,1.0,1.0,1.0,47.0,32.0,0.0,0.0,0.53125,4096.0,0.125,40
0.0,3.0,1.0,1.0,1.0,47.0,32.0,0.0,0.0,0.53125,4096.0,0.125,50
0.0,3.0,1.0,1.0,1.0,47.0,32.0,0.0,0.0,0.53125,4096.0,0.125,100
0.0,3.0,1.0,1.0,1.0,47.0,32.0,0.0,0.0,0.53125,4096.0,0.125,500
0.0,3.0,1.0,1.0,1.0,47.0,32.0,0.0,0.0,0.53125,4096.0,0.25,5
0.0,3.0,1.0,1.0,1.0,47.0,32.0,0.0,0.0,0.53125,4096.0,0.25,10
0.0,3.0,1.0,1.0,1.0,47.0,32.0,0.0,0.0,0.53125,4096.0,0.25,15
0.0,3.0,1.0,1.0,1.0,47.0,32.0,0.0,0.0,0.53125,4096.0,0.25,20
0.0,3.0,1.0,1.0,1.0,47.0,32.0,0.0,0.0,0.53125,4096.0,0.25,30
0.0,3.0,1.0,1.0,1.0,47.0,32.0,0.0,0.0,0.53125,4096.0,0.25,40
0.0,3.0,1.0,1.0,1.0,47.0,32.0,0.0,0.0,0.53125,4096.0,0.25,50
0.0,3.0,1.0,1.0,1.0,47.0,32.0,0.0,0.0,0.53125,4096.0,0.25,100
0.0,3.0,1.0,1.0,1.0,47.0,32.0,0.0,0.0,0.53125,4096.0,0.25,500
0.0,3.0,1.0,1.0,1.0,47.0,32.0,0.0,0.0,0.53125,4096.0,0.5,5
0.0,3.0,1.0,1.0,1.0,47.0,32.0,0.0,0.0,0.53125,4096.0,0.5,10
0.0,3.0,1.0,1.0,1.0,47.0,32.0,0.0,0.0,0.53125,4096.0,0.5,15
0.0,3.0,1.0,1.0,1.0,47.0,32.0,0.0,0.0,0.53125,4096.0,0.5,20
0.0,3.0,1.0,1.0,1.0,47.0,32.0,0.0,0.0,0.53125,4096.0,0.5,30
0.0,3.0,1.0,1.0,1.0,47.0,32.0,0.0,0.0,0.53125,4096.0,0.5,40
0.0,3.0,1.0,1.0,1.0,47.0,32.0,0.0,0.0,0.53125,4096.0,0.5,50
0.0,3.0,1.0,1.0,1.0,47.0,32.0,0.0,0.0,0.53125,4096.0,0.5,100
0.0,3.0,1.0,1.0,1.0,47.0,32.0,0.0,0.0,0.53125,4096.0,0.5,500
0.0,3.0,1.0,1.0,1.0,47.0,32.0,0.0,0.0,0.53125,4096.0,1.0,5
0.0,3.0,1.0,1.0,1.0,47.0,32.0,0.0,0.0,0.53125,4096.0,1.0,10
0.0,3.0,1.0,1.0,1.0,47.0,32.0,0.0,0.0,0.53125,4096.0,1.0,15
0.0,3.0,1.0,1.0,1.0,47.0,32.0,0.0,0.0,0.53125,4096.0,1.0,20
0.0,3.0,1.0,1.0,1.0,47.0,32.0,0.0,0.0,0.53125,4096.0,1.0,30
0.0,3.0,1.0,1.0,1.0,47.0,32.0,0.0,0.0,0.53125,4096.0,1.0,40
0.0,3.0,1.0,1.0,1.0,47.0,32.0,0.0,0.0,0.53125,4096.0,1.0,50
0.0,3.0,1.0,1.0,1.0,47.0,32.0,0.0,0.0,0.53125,4096.0,1.0,100
0.0,3.0,1.0,1.0,1.0,47.0,32.0,0.0,0.0,0.53125,4096.0,1.0,500
0.0,3.0,1.0,1.0,1.0,47.0,32.0,0.0,0.0,0.53125,4096.0,2.0,5
0.0,3.0,1.0,1.0,1.0,47.0,32.0,0.0,0.0,0.53125,4096.0,2.0,10
0.0,3.0,1.0,1.0,1.0,47.0,32.0,0.0,0.0,0.53125,4096.0,2.0,15
0.0,3.0,1.0,1.0,1.0,47.0,32.0,0.0,0.0,0.53125,4096.0,2.0,20
0.0,3.0,1.0,1.0,1.0,47.0,32.0,0.0,0.0,0.53125,4096.0,2.0,30
0.0,3.0,1.0,1.0,1.0,47.0,32.0,0.0,0.0,0.53125,4096.0,2.0,40
0.0,3.0,1.0,1.0,1.0,47.0,32.0,0.0,0.0,0.53125,4096.0,2.0,50
0.0,3.0,1.0,1.0,1.0,47.0,32.0,0.0,0.0,0.53125,4096.0,2.0,100
0.0,3.0,1.0,1.0,1.0,47.0,32.0,0.0,0.0,0.53125,4096.0,2.0,500
0.0,3.0,1.0,1.0,1.0,47.0,32.0,0.0,0.0,0.53125,4096.0,4.0,5
0.0,3.0,1.0,1.0,1.0,47.0,32.0,0.0,0.0,0.53125,4096.0,4.0,10
0.0,3.0,1.0,1.0,1.0,47.0,32.0,0.0,0.0,0.53125,4096.0,4.0,15
0.0,3.0,1.0,1.0,1.0,47.0,32.0,0.0,0.0,0.53125,4096.0,4.0,20
0.0,3.0,1.0,1.0,1.0,47.0,32.0,0.0,0.0,0.53125,4096.0,4.0,30
0.0,3.0,1.0,1.0,1.0,47.0,32.0,0.0,0.0,0.53125,4096.0,4.0,40
0.0,3.0,1.0,1.0,1.0,47.0,32.0,0.0,0.0,0.53125,4096.0,4.0,50
0.0,3.0,1.0,1.0,1.0,47.0,32.0,0.0,0.0,0.53125,4096.0,4.0,100
0.0,3.0,1.0,1.0,1.0,47.0,32.0,0.0,0.0,0.53125,4096.0,4.0,500
0.0,3.0,1.0,1.0,1.0,47.0,32.0,0.0,0.0,0.53125,4096.0,8.0,5
0.0,3.0,1.0,1.0,1.0,47.0,32.0,0.0,0.0,0.53125,4096.0,8.0,10
0.0,3.0,1.0,1.0,1.0,47.0,32.0,0.0,0.0,0.53125,4096.0,8.0,15
0.0,3.0,1.0,1.0,1.0,47.0,32.0,0.0,0.0,0.53125,4096.0,8.0,20
0.0,3.0,1.0,1.0,1.0,47.0,32.0,0.0,0.0,0.53125,4096.0,8.0,30
0.0,3.0,1.0,1.0,1.0,47.0,32.0,0.0,0.0,0.53125,4096.0,8.0,40
0.0,3.0,1.0,1.0,1.0,47.0,32.0,0.0,0.0,0.53125,4096.0,8.0,50
0.0,3.0,1.0,1.0,1.0,47.0,32.0,0.0,0.0,0.53125,4096.0,8.0,100
0.0,3.0,1.0,1.0,1.0,47.0,32.0,0.0,0.0,0.53125,4096.0,8.0,500
0.0,3.0,1.0,1.0,1.0,47.0,32.0,0.0,0.0,0.53125,4096.0,16.0,5
0.0,3.0,1.0,1.0,1.0,47.0,32.0,0.0,0.0,0.53125,4096.0,16.0,10
0.0,3.0,1.0,1.0,1.0,47.0,32.0,0.0,0.0,0.53125,4096.0,16.0,15
0.0,3.0,1.0,1.0,1.0,47.0,32.0,0.0,0.0,0.53125,4096.0,16.0,20
0.0,3.0,1.0,1.0,1.0,47.0,32.0,0.0,0.0,0.53125,4096.0,16.0,30
0.0,3.0,1.0,1.0,1.0,47.0,32.0,0.0,0.0,0.53125,4096.0,16.0,40
0.0,3.0,1.0,1.0,1.0,47.0,32.0,0.0,0.0,0.53125,4096.0,16.0,50
0.0,3.0,1.0,1.0,1.0,47.0,32.0,0.0,0.0,0.53125,4096.0,16.0,100
0.0,3.0,1.0,1.0,1.0,47.0,32.0,0.0,0.0,0.53125,4096.0,16.0,500
0.0,3.0,1.0,1.0,1.0,47.0,32.0,0.0,0.0,0.53125,4096.0,32.0,5
0.0,3.0,1.0,1.0,1.0,47.0,32.0,0.0,0.0,0.53125,4096.0,32.0,10
0.0,3.0,1.0,1.0,1.0,47.0,32.0,0.0,0.0,0.53125,4096.0,32.0,15
0.0,3.0,1.0,1.0,1.0,47.0,32.0,0.0,0.0,0.53125,4096.0,32.0,20
0.0,3.0,1.0,1.0,1.0,47.0,32.0,0.0,0.0,0.53125,4096.0,32.0,30
0.0,3.0,1.0,1.0,1.0,47.0,32.0,0.0,0.0,0.53125,4096.0,32.0,40
0.0,3.0,1.0,1.0,1.0,47.0,32.0,0.0,0.0,0.53125,4096.0,32.0,50
0.0,3.0,1.0,1.0,1.0,47.0,32.0,0.0,0.0,0.53125,4096.0,32.0,100
0.0,3.0,1.0,1.0,1.0,47.0,32.0,0.0,0.0,0.53125,4096.0,32.0,500
0.0,3.0,1.0,1.0,1.0,47.0,32.0,0.0,0.0,0.53125,4096.0,64.0,5
0.0,3.0,1.0,1.0,1.0,47.0,32.0,0.0,0.0,0.53125,4096.0,64.0,10
0.0,3.0,1.0,1.0,1.0,47.0,32.0,0.0,0.0,0.53125,4096.0,64.0,15
0.0,3.0,1.0,1.0,1.0,47.0,32.0,0.0,0.0,0.53125,4096.0,64.0,20
0.0,3.0,1.0,1.0,1.0,47.0,32.0,0.0,0.0,0.53125,4096.0,64.0,30
0.0,3.0,1.0,1.0,1.0,47.0,32.0,0.0,0.0,0.53125,4096.0,64.0,40
0.0,3.0,1.0,1.0,1.0,47.0,32.0,0.0,0.0,0.53125,4096.0,64.0,50
0.0,3.0,1.0,1.0,1.0,47.0,32.0,0.0,0.0,0.53125,4096.0,64.0,100
0.0,3.0,1.0,1.0,1.0,47.0,32.0,0.0,0.0,0.53125,4096.0,64.0,500
0.0,3.0,1.0,1.0,1.0,47.0,32.0,0.0,0.0,0.53125,4096.0,128.0,5
0.0,3.0,1.0,1.0,1.0,47.0,32.0,0.0,0.0,0.53125,4096.0,128.0,10
0.0,3.0,1.0,1.0,1.0,47.0,32.0,0.0,0.0,0.53125,4096.0,128.0,15
0.0,3.0,1.0,1.0,1.0,47.0,32.0,0.0,0.0,0.53125,4096.0,128.0,20
0.0,3.0,1.0,1.0,1.0,47.0,32.0,0.0,0.0,0.53125,4096.0,128.0,30
0.0,3.0,1.0,1.0,1.0,47.0,32.0,0.0,0.0,0.53125,4096.0,128.0,40
0.0,3.0,1.0,1.0,1.0,47.0,32.0,0.0,0.0,0.53125,4096.0,128.0,50
0.0,3.0,1.0,1.0,1.0,47.0,32.0,0.0,0.0,0.53125,4096.0,128.0,100
0.0,3.0,1.0,1.0,1.0,47.0,32.0,0.0,0.0,0.53125,4096.0,128.0,500
0.0,3.0,1.0,1.0,1.0,47.0,32.0,0.0,0.0,0.53125,4096.0,256.0,5
0.0,3.0,1.0,1.0,1.0,47.0,32.0,0.0,0.0,0.53125,4096.0,256.0,10
0.0,3.0,1.0,1.0,1.0,47.0,32.0,0.0,0.0,0.53125,4096.0,256.0,15
0.0,3.0,1.0,1.0,1.0,47.0,32.0,0.0,0.0,0.53125,4096.0,256.0,20
0.0,3.0,1.0,1.0,1.0,47.0,32.0,0.0,0.0,0.53125,4096.0,256.0,30
0.0,3.0,1.0,1.0,1.0,47.0,32.0,0.0,0.0,0.53125,4096.0,256.0,40
0.0,3.0,1.0,1.0,1.0,47.0,32.0,0.0,0.0,0.53125,4096.0,256.0,50
0.0,3.0,1.0,1.0,1.0,47.0,32.0,0.0,0.0,0.53125,4096.0,256.0,100
0.0,3.0,1.0,1.0,1.0,47.0,32.0,0.0,0.0,0.53125,4096.0,256.0,500
0.0,3.0,1.0,1.0,1.0,47.0,32.0,0.0,0.0,0.53125,4096.0,512.0,5
0.0,3.0,1.0,1.0,1.0,47.0,32.0,0.0,0.0,0.53125,4096.0,512.0,10
0.0,3.0,1.0,1.0,1.0,47.0,32.0,0.0,0.0,0.53125,4096.0,512.0,15
0.0,3.0,1.0,1.0,1.0,47.0,32.0,0.0,0.0,0.53125,4096.0,512.0,20
0.0,3.0,1.0,1.0,1.0,47.0,32.0,0.0,0.0,0.53125,4096.0,512.0,30
0.0,3.0,1.0,1.0,1.0,47.0,32.0,0.0,0.0,0.53125,4096.0,512.0,40
0.0,3.0,1.0,1.0,1.0,47.0,32.0,0.0,0.0,0.53125,4096.0,512.0,50
0.0,3.0,1.0,1.0,1.0,47.0,32.0,0.0,0.0,0.53125,4096.0,512.0,100
0.0,3.0,1.0,1.0,1.0,47.0,32.0,0.0,0.0,0.53125,4096.0,512.0,500
0.0,3.0,1.0,1.0,1.0,47.0,32.0,0.0,0.0,0.53125,4096.0,1024.0,5
0.0,3.0,1.0,1.0,1.0,47.0,32.0,0.0,0.0,0.53125,4096.0,1024.0,10
0.0,3.0,1.0,1.0,1.0,47.0,32.0,0.0,0.0,0.53125,4096.0,1024.0,15
0.0,3.0,1.0,1.0,1.0,47.0,32.0,0.0,0.0,0.53125,4096.0,1024.0,20
0.0,3.0,1.0,1.0,1.0,47.0,32.0,0.0,0.0,0.53125,4096.0,1024.0,30
0.0,3.0,1.0,1.0,1.0,47.0,32.0,0.0,0.0,0.53125,4096.0,1024.0,40
0.0,3.0,1.0,1.0,1.0,47.0,32.0,0.0,0.0,0.53125,4096.0,1024.0,50
0.0,3.0,1.0,1.0,1.0,47.0,32.0,0.0,0.0,0.53125,4096.0,1024.0,100
0.0,3.0,1.0,1.0,1.0,47.0,32.0,0.0,0.0,0.53125,4096.0,1024.0,500
0.0,3.0,1.0,1.0,1.0,47.0,32.0,0.0,0.0,0.53125,4096.0,2048.0,5
0.0,3.0,1.0,1.0,1.0,47.0,32.0,0.0,0.0,0.53125,4096.0,2048.0,10
0.0,3.0,1.0,1.0,1.0,47.0,32.0,0.0,0.0,0.53125,4096.0,2048.0,15
0.0,3.0,1.0,1.0,1.0,47.0,32.0,0.0,0.0,0.53125,4096.0,2048.0,20
0.0,3.0,1.0,1.0,1.0,47.0,32.0,0.0,0.0,0.53125,4096.0,2048.0,30
0.0,3.0,1.0,1.0,1.0,47.0,32.0,0.0,0.0,0.53125,4096.0,2048.0,40
0.0,3.0,1.0,1.0,1.0,47.0,32.0,0.0,0.0,0.53125,4096.0,2048.0,50
0.0,3.0,1.0,1.0,1.0,47.0,32.0,0.0,0.0,0.53125,4096.0,2048.0,100
0.0,3.0,1.0,1.0,1.0,47.0,32.0,0.0,0.0,0.53125,4096.0,2048.0,500
0.0,3.0,1.0,1.0,1.0,47.0,32.0,0.0,0.0,0.53125,4096.0,4096.0,5
0.0,3.0,1.0,1.0,1.0,47.0,32.0,0.0,0.0,0.53125,4096.0,4096.0,10
0.0,3.0,1.0,1.0,1.0,47.0,32.0,0.0,0.0,0.53125,4096.0,4096.0,15
0.0,3.0,1.0,1.0,1.0,47.0,32.0,0.0,0.0,0.53125,4096.0,4096.0,20
0.0,3.0,1.0,1.0,1.0,47.0,32.0,0.0,0.0,0.53125,4096.0,4096.0,30
0.0,3.0,1.0,1.0,1.0,47.0,32.0,0.0,0.0,0.53125,4096.0,4096.0,40
0.0,3.0,1.0,1.0,1.0,47.0,32.0,0.0,0.0,0.53125,4096.0,4096.0,50
0.0,3.0,1.0,1.0,1.0,47.0,32.0,0.0,0.0,0.53125,4096.0,4096.0,100
0.0,3.0,1.0,1.0,1.0,47.0,32.0,0.0,0.0,0.53125,4096.0,4096.0,500
0.0,3.0,1.0,1.0,1.0,47.0,32.0,0.0,0.0,0.53125,4096.0,8192.0,5
0.0,3.0,1.0,1.0,1.0,47.0,32.0,0.0,0.0,0.53125,4096.0,8192.0,10
0.0,3.0,1.0,1.0,1.0,47.0,32.0,0.0,0.0,0.53125,4096.0,8192.0,15
0.0,3.0,1.0,1.0,1.0,47.0,32.0,0.0,0.0,0.53125,4096.0,8192.0,20
0.0,3.0,1.0,1.0,1.0,47.0,32.0,0.0,0.0,0.53125,4096.0,8192.0,30
0.0,3.0,1.0,1.0,1.0,47.0,32.0,0.0,0.0,0.53125,4096.0,8192.0,40
0.0,3.0,1.0,1.0,1.0,47.0,32.0,0.0,0.0,0.53125,4096.0,8192.0,50
0.0,3.0,1.0,1.0,1.0,47.0,32.0,0.0,0.0,0.53125,4096.0,8192.0,100
0.0,3.0,1.0,1.0,1.0,47.0,32.0,0.0,0.0,0.53125,4096.0,8192.0,500
0.0,3.0,1.0,1.0,1.0,47.0,32.0,0.0,0.0,0.53125,4096.0,16384.0,5
0.0,3.0,1.0,1.0,1.0,47.0,32.0,0.0,0.0,0.53125,4096.0,16384.0,10
0.0,3.0,1.0,1.0,1.0,47.0,32.0,0.0,0.0,0.53125,4096.0,16384.0,15
0.0,3.0,1.0,1.0,1.0,47.0,32.0,0.0,0.0,0.53125,4096.0,16384.0,20
0.0,3.0,1.0,1.0,1.0,47.0,32.0,0.0,0.0,0.53125,4096.0,16384.0,30
0.0,3.0,1.0,1.0,1.0,47.0,32.0,0.0,0.0,0.53125,4096.0,16384.0,40
0.0,3.0,1.0,1.0,1.0,47.0,32.0,0.0,0.0,0.53125,4096.0,16384.0,50
0.0,3.0,1.0,1.0,1.0,47.0,32.0,0.0,0.0,0.53125,4096.0,16384.0,100
0.0,3.0,1.0,1.0,1.0,47.0,32.0,0.0,0.0,0.53125,4096.0,16384.0,500
0.0,3.0,1.0,1.0,1.0,47.0,32.0,0.0,0.0,0.53125,4096.0,32768.0,5
0.0,3.0,1.0,1.0,1.0,47.0,32.0,0.0,0.0,0.53125,4096.0,32768.0,10
0.0,3.0,1.0,1.0,1.0,47.0,32.0,0.0,0.0,0.53125,4096.0,32768.0,15
0.0,3.0,1.0,1.0,1.0,47.0,32.0,0.0,0.0,0.53125,4096.0,32768.0,20
0.0,3.0,1.0,1.0,1.0,47.0,32.0,0.0,0.0,0.53125,4096.0,32768.0,30
0.0,3.0,1.0,1.0,1.0,47.0,32.0,0.0,0.0,0.53125,4096.0,32768.0,40
0.0,3.0,1.0,1.0,1.0,47.0,32.0,0.0,0.0,0.53125,4096.0,32768.0,50
0.0,3.0,1.0,1.0,1.0,47.0,32.0,0.0,0.0,0.53125,4096.0,32768.0,100
0.0,3.0,1.0,1.0,1.0,47.0,32.0,0.0,0.0,0.53125,4096.0,32768.0,500
0.0,3.0,1.0,1.0,1.0,47.0,32.0,0.0,0.0,0.53125,8192.0,0.000976562,5
0.0,3.0,1.0,1.0,1.0,47.0,32.0,0.0,0.0,0.53125,8192.0,0.000976562,10
0.0,3.0,1.0,1.0,1.0,47.0,32.0,0.0,0.0,0.53125,8192.0,0.000976562,15
0.0,3.0,1.0,1.0,1.0,47.0,32.0,0.0,0.0,0.53125,8192.0,0.000976562,20
0.0,3.0,1.0,1.0,1.0,47.0,32.0,0.0,0.0,0.53125,8192.0,0.000976562,30
0.0,3.0,1.0,1.0,1.0,47.0,32.0,0.0,0.0,0.53125,8192.0,0.000976562,40
0.0,3.0,1.0,1.0,1.0,47.0,32.0,0.0,0.0,0.53125,8192.0,0.000976562,50
0.0,3.0,1.0,1.0,1.0,47.0,32.0,0.0,0.0,0.53125,8192.0,0.000976562,100
0.0,3.0,1.0,1.0,1.0,47.0,32.0,0.0,0.0,0.53125,8192.0,0.000976562,500
0.0,3.0,1.0,1.0,1.0,47.0,32.0,0.0,0.0,0.53125,8192.0,0.00195312,5
0.0,3.0,1.0,1.0,1.0,47.0,32.0,0.0,0.0,0.53125,8192.0,0.00195312,10
0.0,3.0,1.0,1.0,1.0,47.0,32.0,0.0,0.0,0.53125,8192.0,0.00195312,15
0.0,3.0,1.0,1.0,1.0,47.0,32.0,0.0,0.0,0.53125,8192.0,0.00195312,20
0.0,3.0,1.0,1.0,1.0,47.0,32.0,0.0,0.0,0.53125,8192.0,0.00195312,30
0.0,3.0,1.0,1.0,1.0,47.0,32.0,0.0,0.0,0.53125,8192.0,0.00195312,40
0.0,3.0,1.0,1.0,1.0,47.0,32.0,0.0,0.0,0.53125,8192.0,0.00195312,50
0.0,3.0,1.0,1.0,1.0,47.0,32.0,0.0,0.0,0.53125,8192.0,0.00195312,100
0.0,3.0,1.0,1.0,1.0,47.0,32.0,0.0,0.0,0.53125,8192.0,0.00195312,500
0.0,3.0,1.0,1.0,1.0,47.0,32.0,0.0,0.0,0.53125,8192.0,0.00390625,5
0.0,3.0,1.0,1.0,1.0,47.0,32.0,0.0,0.0,0.53125,8192.0,0.00390625,10
0.0,3.0,1.0,1.0,1.0,47.0,32.0,0.0,0.0,0.53125,8192.0,0.00390625,15
0.0,3.0,1.0,1.0,1.0,47.0,32.0,0.0,0.0,0.53125,8192.0,0.00390625,20
0.0,3.0,1.0,1.0,1.0,47.0,32.0,0.0,0.0,0.53125,8192.0,0.00390625,30
0.0,3.0,1.0,1.0,1.0,47.0,32.0,0.0,0.0,0.53125,8192.0,0.00390625,40
0.0,3.0,1.0,1.0,1.0,47.0,32.0,0.0,0.0,0.53125,8192.0,0.00390625,50
0.0,3.0,1.0,1.0,1.0,47.0,32.0,0.0,0.0,0.53125,8192.0,0.00390625,100
0.0,3.0,1.0,1.0,1.0,47.0,32.0,0.0,0.0,0.53125,8192.0,0.00390625,500
0.0,3.0,1.0,1.0,1.0,47.0,32.0,0.0,0.0,0.53125,8192.0,0.0078125,5
0.0,3.0,1.0,1.0,1.0,47.0,32.0,0.0,0.0,0.53125,8192.0,0.0078125,10
0.0,3.0,1.0,1.0,1.0,47.0,32.0,0.0,0.0,0.53125,8192.0,0.0078125,15
0.0,3.0,1.0,1.0,1.0,47.0,32.0,0.0,0.0,0.53125,8192.0,0.0078125,20
0.0,3.0,1.0,1.0,1.0,47.0,32.0,0.0,0.0,0.53125,8192.0,0.0078125,30
0.0,3.0,1.0,1.0,1.0,47.0,32.0,0.0,0.0,0.53125,8192.0,0.0078125,40
0.0,3.0,1.0,1.0,1.0,47.0,32.0,0.0,0.0,0.53125,8192.0,0.0078125,50
0.0,3.0,1.0,1.0,1.0,47.0,32.0,0.0,0.0,0.53125,8192.0,0.0078125,100
0.0,3.0,1.0,1.0,1.0,47.0,32.0,0.0,0.0,0.53125,8192.0,0.0078125,500
0.0,3.0,1.0,1.0,1.0,47.0,32.0,0.0,0.0,0.53125,8192.0,0.015625,5
0.0,3.0,1.0,1.0,1.0,47.0,32.0,0.0,0.0,0.53125,8192.0,0.015625,10
0.0,3.0,1.0,1.0,1.0,47.0,32.0,0.0,0.0,0.53125,8192.0,0.015625,15
0.0,3.0,1.0,1.0,1.0,47.0,32.0,0.0,0.0,0.53125,8192.0,0.015625,20
0.0,3.0,1.0,1.0,1.0,47.0,32.0,0.0,0.0,0.53125,8192.0,0.015625,30
0.0,3.0,1.0,1.0,1.0,47.0,32.0,0.0,0.0,0.53125,8192.0,0.015625,40
0.0,3.0,1.0,1.0,1.0,47.0,32.0,0.0,0.0,0.53125,8192.0,0.015625,50
0.0,3.0,1.0,1.0,1.0,47.0,32.0,0.0,0.0,0.53125,8192.0,0.015625,100
0.0,3.0,1.0,1.0,1.0,47.0,32.0,0.0,0.0,0.53125,8192.0,0.015625,500
0.0,3.0,1.0,1.0,1.0,47.0,32.0,0.0,0.0,0.53125,8192.0,0.03125,5
0.0,3.0,1.0,1.0,1.0,47.0,32.0,0.0,0.0,0.53125,8192.0,0.03125,10
0.0,3.0,1.0,1.0,1.0,47.0,32.0,0.0,0.0,0.53125,8192.0,0.03125,15
0.0,3.0,1.0,1.0,1.0,47.0,32.0,0.0,0.0,0.53125,8192.0,0.03125,20
0.0,3.0,1.0,1.0,1.0,47.0,32.0,0.0,0.0,0.53125,8192.0,0.03125,30
0.0,3.0,1.0,1.0,1.0,47.0,32.0,0.0,0.0,0.53125,8192.0,0.03125,40
0.0,3.0,1.0,1.0,1.0,47.0,32.0,0.0,0.0,0.53125,8192.0,0.03125,50
0.0,3.0,1.0,1.0,1.0,47.0,32.0,0.0,0.0,0.53125,8192.0,0.03125,100
0.0,3.0,1.0,1.0,1.0,47.0,32.0,0.0,0.0,0.53125,8192.0,0.03125,500
0.0,3.0,1.0,1.0,1.0,47.0,32.0,0.0,0.0,0.53125,8192.0,0.0625,5
0.0,3.0,1.0,1.0,1.0,47.0,32.0,0.0,0.0,0.53125,8192.0,0.0625,10
0.0,3.0,1.0,1.0,1.0,47.0,32.0,0.0,0.0,0.53125,8192.0,0.0625,15
0.0,3.0,1.0,1.0,1.0,47.0,32.0,0.0,0.0,0.53125,8192.0,0.0625,20
0.0,3.0,1.0,1.0,1.0,47.0,32.0,0.0,0.0,0.53125,8192.0,0.0625,30
0.0,3.0,1.0,1.0,1.0,47.0,32.0,0.0,0.0,0.53125,8192.0,0.0625,40
0.0,3.0,1.0,1.0,1.0,47.0,32.0,0.0,0.0,0.53125,8192.0,0.0625,50
0.0,3.0,1.0,1.0,1.0,47.0,32.0,0.0,0.0,0.53125,8192.0,0.0625,100
0.0,3.0,1.0,1.0,1.0,47.0,32.0,0.0,0.0,0.53125,8192.0,0.0625,500
0.0,3.0,1.0,1.0,1.0,47.0,32.0,0.0,0.0,0.53125,8192.0,0.125,5
0.0,3.0,1.0,1.0,1.0,47.0,32.0,0.0,0.0,0.53125,8192.0,0.125,10
0.0,3.0,1.0,1.0,1.0,47.0,32.0,0.0,0.0,0.53125,8192.0,0.125,15
0.0,3.0,1.0,1.0,1.0,47.0,32.0,0.0,0.0,0.53125,8192.0,0.125,20
0.0,3.0,1.0,1.0,1.0,47.0,32.0,0.0,0.0,0.53125,8192.0,0.125,30
0.0,3.0,1.0,1.0,1.0,47.0,32.0,0.0,0.0,0.53125,8192.0,0.125,40
0.0,3.0,1.0,1.0,1.0,47.0,32.0,0.0,0.0,0.53125,8192.0,0.125,50
0.0,3.0,1.0,1.0,1.0,47.0,32.0,0.0,0.0,0.53125,8192.0,0.125,100
0.0,3.0,1.0,1.0,1.0,47.0,32.0,0.0,0.0,0.53125,8192.0,0.125,500
0.0,3.0,1.0,1.0,1.0,47.0,32.0,0.0,0.0,0.53125,8192.0,0.25,5
0.0,3.0,1.0,1.0,1.0,47.0,32.0,0.0,0.0,0.53125,8192.0,0.25,10
0.0,3.0,1.0,1.0,1.0,47.0,32.0,0.0,0.0,0.53125,8192.0,0.25,15
0.0,3.0,1.0,1.0,1.0,47.0,32.0,0.0,0.0,0.53125,8192.0,0.25,20
0.0,3.0,1.0,1.0,1.0,47.0,32.0,0.0,0.0,0.53125,8192.0,0.25,30
0.0,3.0,1.0,1.0,1.0,47.0,32.0,0.0,0.0,0.53125,8192.0,0.25,40
0.0,3.0,1.0,1.0,1.0,47.0,32.0,0.0,0.0,0.53125,8192.0,0.25,50
0.0,3.0,1.0,1.0,1.0,47.0,32.0,0.0,0.0,0.53125,8192.0,0.25,100
0.0,3.0,1.0,1.0,1.0,47.0,32.0,0.0,0.0,0.53125,8192.0,0.25,500
0.0,3.0,1.0,1.0,1.0,47.0,32.0,0.0,0.0,0.53125,8192.0,0.5,5
0.0,3.0,1.0,1.0,1.0,47.0,32.0,0.0,0.0,0.53125,8192.0,0.5,10
0.0,3.0,1.0,1.0,1.0,47.0,32.0,0.0,0.0,0.53125,8192.0,0.5,15
0.0,3.0,1.0,1.0,1.0,47.0,32.0,0.0,0.0,0.53125,8192.0,0.5,20
0.0,3.0,1.0,1.0,1.0,47.0,32.0,0.0,0.0,0.53125,8192.0,0.5,30
0.0,3.0,1.0,1.0,1.0,47.0,32.0,0.0,0.0,0.53125,8192.0,0.5,40
0.0,3.0,1.0,1.0,1.0,47.0,32.0,0.0,0.0,0.53125,8192.0,0.5,50
0.0,3.0,1.0,1.0,1.0,47.0,32.0,0.0,0.0,0.53125,8192.0,0.5,100
0.0,3.0,1.0,1.0,1.0,47.0,32.0,0.0,0.0,0.53125,8192.0,0.5,500
0.0,3.0,1.0,1.0,1.0,47.0,32.0,0.0,0.0,0.53125,8192.0,1.0,5
0.0,3.0,1.0,1.0,1.0,47.0,32.0,0.0,0.0,0.53125,8192.0,1.0,10
0.0,3.0,1.0,1.0,1.0,47.0,32.0,0.0,0.0,0.53125,8192.0,1.0,15
0.0,3.0,1.0,1.0,1.0,47.0,32.0,0.0,0.0,0.53125,8192.0,1.0,20
0.0,3.0,1.0,1.0,1.0,47.0,32.0,0.0,0.0,0.53125,8192.0,1.0,30
0.0,3.0,1.0,1.0,1.0,47.0,32.0,0.0,0.0,0.53125,8192.0,1.0,40
0.0,3.0,1.0,1.0,1.0,47.0,32.0,0.0,0.0,0.53125,8192.0,1.0,50
0.0,3.0,1.0,1.0,1.0,47.0,32.0,0.0,0.0,0.53125,8192.0,1.0,100
0.0,3.0,1.0,1.0,1.0,47.0,32.0,0.0,0.0,0.53125,8192.0,1.0,500
0.0,3.0,1.0,1.0,1.0,47.0,32.0,0.0,0.0,0.53125,8192.0,2.0,5
0.0,3.0,1.0,1.0,1.0,47.0,32.0,0.0,0.0,0.53125,8192.0,2.0,10
0.0,3.0,1.0,1.0,1.0,47.0,32.0,0.0,0.0,0.53125,8192.0,2.0,15
0.0,3.0,1.0,1.0,1.0,47.0,32.0,0.0,0.0,0.53125,8192.0,2.0,20
0.0,3.0,1.0,1.0,1.0,47.0,32.0,0.0,0.0,0.53125,8192.0,2.0,30
0.0,3.0,1.0,1.0,1.0,47.0,32.0,0.0,0.0,0.53125,8192.0,2.0,40
0.0,3.0,1.0,1.0,1.0,47.0,32.0,0.0,0.0,0.53125,8192.0,2.0,50
0.0,3.0,1.0,1.0,1.0,47.0,32.0,0.0,0.0,0.53125,8192.0,2.0,100
0.0,3.0,1.0,1.0,1.0,47.0,32.0,0.0,0.0,0.53125,8192.0,2.0,500
0.0,3.0,1.0,1.0,1.0,47.0,32.0,0.0,0.0,0.53125,8192.0,4.0,5
0.0,3.0,1.0,1.0,1.0,47.0,32.0,0.0,0.0,0.53125,8192.0,4.0,10
0.0,3.0,1.0,1.0,1.0,47.0,32.0,0.0,0.0,0.53125,8192.0,4.0,15
0.0,3.0,1.0,1.0,1.0,47.0,32.0,0.0,0.0,0.53125,8192.0,4.0,20
0.0,3.0,1.0,1.0,1.0,47.0,32.0,0.0,0.0,0.53125,8192.0,4.0,30
0.0,3.0,1.0,1.0,1.0,47.0,32.0,0.0,0.0,0.53125,8192.0,4.0,40
0.0,3.0,1.0,1.0,1.0,47.0,32.0,0.0,0.0,0.53125,8192.0,4.0,50
0.0,3.0,1.0,1.0,1.0,47.0,32.0,0.0,0.0,0.53125,8192.0,4.0,100
0.0,3.0,1.0,1.0,1.0,47.0,32.0,0.0,0.0,0.53125,8192.0,4.0,500
0.0,3.0,1.0,1.0,1.0,47.0,32.0,0.0,0.0,0.53125,8192.0,8.0,5
0.0,3.0,1.0,1.0,1.0,47.0,32.0,0.0,0.0,0.53125,8192.0,8.0,10
0.0,3.0,1.0,1.0,1.0,47.0,32.0,0.0,0.0,0.53125,8192.0,8.0,15
0.0,3.0,1.0,1.0,1.0,47.0,32.0,0.0,0.0,0.53125,8192.0,8.0,20
0.0,3.0,1.0,1.0,1.0,47.0,32.0,0.0,0.0,0.53125,8192.0,8.0,30
0.0,3.0,1.0,1.0,1.0,47.0,32.0,0.0,0.0,0.53125,8192.0,8.0,40
0.0,3.0,1.0,1.0,1.0,47.0,32.0,0.0,0.0,0.53125,8192.0,8.0,50
0.0,3.0,1.0,1.0,1.0,47.0,32.0,0.0,0.0,0.53125,8192.0,8.0,100
0.0,3.0,1.0,1.0,1.0,47.0,32.0,0.0,0.0,0.53125,8192.0,8.0,500
0.0,3.0,1.0,1.0,1.0,47.0,32.0,0.0,0.0,0.53125,8192.0,16.0,5
0.0,3.0,1.0,1.0,1.0,47.0,32.0,0.0,0.0,0.53125,8192.0,16.0,10
0.0,3.0,1.0,1.0,1.0,47.0,32.0,0.0,0.0,0.53125,8192.0,16.0,15
0.0,3.0,1.0,1.0,1.0,47.0,32.0,0.0,0.0,0.53125,8192.0,16.0,20
0.0,3.0,1.0,1.0,1.0,47.0,32.0,0.0,0.0,0.53125,8192.0,16.0,30
0.0,3.0,1.0,1.0,1.0,47.0,32.0,0.0,0.0,0.53125,8192.0,16.0,40
0.0,3.0,1.0,1.0,1.0,47.0,32.0,0.0,0.0,0.53125,8192.0,16.0,50
0.0,3.0,1.0,1.0,1.0,47.0,32.0,0.0,0.0,0.53125,8192.0,16.0,100
0.0,3.0,1.0,1.0,1.0,47.0,32.0,0.0,0.0,0.53125,8192.0,16.0,500
0.0,3.0,1.0,1.0,1.0,47.0,32.0,0.0,0.0,0.53125,8192.0,32.0,5
0.0,3.0,1.0,1.0,1.0,47.0,32.0,0.0,0.0,0.53125,8192.0,32.0,10
0.0,3.0,1.0,1.0,1.0,47.0,32.0,0.0,0.0,0.53125,8192.0,32.0,15
0.0,3.0,1.0,1.0,1.0,47.0,32.0,0.0,0.0,0.53125,8192.0,32.0,20
0.0,3.0,1.0,1.0,1.0,47.0,32.0,0.0,0.0,0.53125,8192.0,32.0,30
0.0,3.0,1.0,1.0,1.0,47.0,32.0,0.0,0.0,0.53125,8192.0,32.0,40
0.0,3.0,1.0,1.0,1.0,47.0,32.0,0.0,0.0,0.53125,8192.0,32.0,50
0.0,3.0,1.0,1.0,1.0,47.0,32.0,0.0,0.0,0.53125,8192.0,32.0,100
0.0,3.0,1.0,1.0,1.0,47.0,32.0,0.0,0.0,0.53125,8192.0,32.0,500
0.0,3.0,1.0,1.0,1.0,47.0,32.0,0.0,0.0,0.53125,8192.0,64.0,5
0.0,3.0,1.0,1.0,1.0,47.0,32.0,0.0,0.0,0.53125,8192.0,64.0,10
0.0,3.0,1.0,1.0,1.0,47.0,32.0,0.0,0.0,0.53125,8192.0,64.0,15
0.0,3.0,1.0,1.0,1.0,47.0,32.0,0.0,0.0,0.53125,8192.0,64.0,20
0.0,3.0,1.0,1.0,1.0,47.0,32.0,0.0,0.0,0.53125,8192.0,64.0,30
0.0,3.0,1.0,1.0,1.0,47.0,32.0,0.0,0.0,0.53125,8192.0,64.0,40
0.0,3.0,1.0,1.0,1.0,47.0,32.0,0.0,0.0,0.53125,8192.0,64.0,50
0.0,3.0,1.0,1.0,1.0,47.0,32.0,0.0,0.0,0.53125,8192.0,64.0,100
0.0,3.0,1.0,1.0,1.0,47.0,32.0,0.0,0.0,0.53125,8192.0,64.0,500
0.0,3.0,1.0,1.0,1.0,47.0,32.0,0.0,0.0,0.53125,8192.0,128.0,5
0.0,3.0,1.0,1.0,1.0,47.0,32.0,0.0,0.0,0.53125,8192.0,128.0,10
0.0,3.0,1.0,1.0,1.0,47.0,32.0,0.0,0.0,0.53125,8192.0,128.0,15
0.0,3.0,1.0,1.0,1.0,47.0,32.0,0.0,0.0,0.53125,8192.0,128.0,20
0.0,3.0,1.0,1.0,1.0,47.0,32.0,0.0,0.0,0.53125,8192.0,128.0,30
0.0,3.0,1.0,1.0,1.0,47.0,32.0,0.0,0.0,0.53125,8192.0,128.0,40
0.0,3.0,1.0,1.0,1.0,47.0,32.0,0.0,0.0,0.53125,8192.0,128.0,50
0.0,3.0,1.0,1.0,1.0,47.0,32.0,0.0,0.0,0.53125,8192.0,128.0,100
0.0,3.0,1.0,1.0,1.0,47.0,32.0,0.0,0.0,0.53125,8192.0,128.0,500
0.0,3.0,1.0,1.0,1.0,47.0,32.0,0.0,0.0,0.53125,8192.0,256.0,5
0.0,3.0,1.0,1.0,1.0,47.0,32.0,0.0,0.0,0.53125,8192.0,256.0,10
0.0,3.0,1.0,1.0,1.0,47.0,32.0,0.0,0.0,0.53125,8192.0,256.0,15
0.0,3.0,1.0,1.0,1.0,47.0,32.0,0.0,0.0,0.53125,8192.0,256.0,20
0.0,3.0,1.0,1.0,1.0,47.0,32.0,0.0,0.0,0.53125,8192.0,256.0,30
0.0,3.0,1.0,1.0,1.0,47.0,32.0,0.0,0.0,0.53125,8192.0,256.0,40
0.0,3.0,1.0,1.0,1.0,47.0,32.0,0.0,0.0,0.53125,8192.0,256.0,50
0.0,3.0,1.0,1.0,1.0,47.0,32.0,0.0,0.0,0.53125,8192.0,256.0,100
0.0,3.0,1.0,1.0,1.0,47.0,32.0,0.0,0.0,0.53125,8192.0,256.0,500
0.0,3.0,1.0,1.0,1.0,47.0,32.0,0.0,0.0,0.53125,8192.0,512.0,5
0.0,3.0,1.0,1.0,1.0,47.0,32.0,0.0,0.0,0.53125,8192.0,512.0,10
0.0,3.0,1.0,1.0,1.0,47.0,32.0,0.0,0.0,0.53125,8192.0,512.0,15
0.0,3.0,1.0,1.0,1.0,47.0,32.0,0.0,0.0,0.53125,8192.0,512.0,20
0.0,3.0,1.0,1.0,1.0,47.0,32.0,0.0,0.0,0.53125,8192.0,512.0,30
0.0,3.0,1.0,1.0,1.0,47.0,32.0,0.0,0.0,0.53125,8192.0,512.0,40
0.0,3.0,1.0,1.0,1.0,47.0,32.0,0.0,0.0,0.53125,8192.0,512.0,50
0.0,3.0,1.0,1.0,1.0,47.0,32.0,0.0,0.0,0.53125,8192.0,512.0,100
0.0,3.0,1.0,1.0,1.0,47.0,32.0,0.0,0.0,0.53125,8192.0,512.0,500
0.0,3.0,1.0,1.0,1.0,47.0,32.0,0.0,0.0,0.53125,8192.0,1024.0,5
0.0,3.0,1.0,1.0,1.0,47.0,32.0,0.0,0.0,0.53125,8192.0,1024.0,10
0.0,3.0,1.0,1.0,1.0,47.0,32.0,0.0,0.0,0.53125,8192.0,1024.0,15
0.0,3.0,1.0,1.0,1.0,47.0,32.0,0.0,0.0,0.53125,8192.0,1024.0,20
0.0,3.0,1.0,1.0,1.0,47.0,32.0,0.0,0.0,0.53125,8192.0,1024.0,30
0.0,3.0,1.0,1.0,1.0,47.0,32.0,0.0,0.0,0.53125,8192.0,1024.0,40
0.0,3.0,1.0,1.0,1.0,47.0,32.0,0.0,0.0,0.53125,8192.0,1024.0,50
0.0,3.0,1.0,1.0,1.0,47.0,32.0,0.0,0.0,0.53125,8192.0,1024.0,100
0.0,3.0,1.0,1.0,1.0,47.0,32.0,0.0,0.0,0.53125,8192.0,1024.0,500
0.0,3.0,1.0,1.0,1.0,47.0,32.0,0.0,0.0,0.53125,8192.0,2048.0,5
0.0,3.0,1.0,1.0,1.0,47.0,32.0,0.0,0.0,0.53125,8192.0,2048.0,10
0.0,3.0,1.0,1.0,1.0,47.0,32.0,0.0,0.0,0.53125,8192.0,2048.0,15
0.0,3.0,1.0,1.0,1.0,47.0,32.0,0.0,0.0,0.53125,8192.0,2048.0,20
0.0,3.0,1.0,1.0,1.0,47.0,32.0,0.0,0.0,0.53125,8192.0,2048.0,30
0.0,3.0,1.0,1.0,1.0,47.0,32.0,0.0,0.0,0.53125,8192.0,2048.0,40
0.0,3.0,1.0,1.0,1.0,47.0,32.0,0.0,0.0,0.53125,8192.0,2048.0,50
0.0,3.0,1.0,1.0,1.0,47.0,32.0,0.0,0.0,0.53125,8192.0,2048.0,100
0.0,3.0,1.0,1.0,1.0,47.0,32.0,0.0,0.0,0.53125,8192.0,2048.0,500
0.0,3.0,1.0,1.0,1.0,47.0,32.0,0.0,0.0,0.53125,8192.0,4096.0,5
0.0,3.0,1.0,1.0,1.0,47.0,32.0,0.0,0.0,0.53125,8192.0,4096.0,10
0.0,3.0,1.0,1.0,1.0,47.0,32.0,0.0,0.0,0.53125,8192.0,4096.0,15
0.0,3.0,1.0,1.0,1.0,47.0,32.0,0.0,0.0,0.53125,8192.0,4096.0,20
0.0,3.0,1.0,1.0,1.0,47.0,32.0,0.0,0.0,0.53125,8192.0,4096.0,30
0.0,3.0,1.0,1.0,1.0,47.0,32.0,0.0,0.0,0.53125,8192.0,4096.0,40
0.0,3.0,1.0,1.0,1.0,47.0,32.0,0.0,0.0,0.53125,8192.0,4096.0,50
0.0,3.0,1.0,1.0,1.0,47.0,32.0,0.0,0.0,0.53125,8192.0,4096.0,100
0.0,3.0,1.0,1.0,1.0,47.0,32.0,0.0,0.0,0.53125,8192.0,4096.0,500
0.0,3.0,1.0,1.0,1.0,47.0,32.0,0.0,0.0,0.53125,8192.0,8192.0,5
0.0,3.0,1.0,1.0,1.0,47.0,32.0,0.0,0.0,0.53125,8192.0,8192.0,10
0.0,3.0,1.0,1.0,1.0,47.0,32.0,0.0,0.0,0.53125,8192.0,8192.0,15
0.0,3.0,1.0,1.0,1.0,47.0,32.0,0.0,0.0,0.53125,8192.0,8192.0,20
0.0,3.0,1.0,1.0,1.0,47.0,32.0,0.0,0.0,0.53125,8192.0,8192.0,30
0.0,3.0,1.0,1.0,1.0,47.0,32.0,0.0,0.0,0.53125,8192.0,8192.0,40
0.0,3.0,1.0,1.0,1.0,47.0,32.0,0.0,0.0,0.53125,8192.0,8192.0,50
0.0,3.0,1.0,1.0,1.0,47.0,32.0,0.0,0.0,0.53125,8192.0,8192.0,100
0.0,3.0,1.0,1.0,1.0,47.0,32.0,0.0,0.0,0.53125,8192.0,8192.0,500
0.0,3.0,1.0,1.0,1.0,47.0,32.0,0.0,0.0,0.53125,8192.0,16384.0,5
0.0,3.0,1.0,1.0,1.0,47.0,32.0,0.0,0.0,0.53125,8192.0,16384.0,10
0.0,3.0,1.0,1.0,1.0,47.0,32.0,0.0,0.0,0.53125,8192.0,16384.0,15
0.0,3.0,1.0,1.0,1.0,47.0,32.0,0.0,0.0,0.53125,8192.0,16384.0,20
0.0,3.0,1.0,1.0,1.0,47.0,32.0,0.0,0.0,0.53125,8192.0,16384.0,30
0.0,3.0,1.0,1.0,1.0,47.0,32.0,0.0,0.0,0.53125,8192.0,16384.0,40
0.0,3.0,1.0,1.0,1.0,47.0,32.0,0.0,0.0,0.53125,8192.0,16384.0,50
0.0,3.0,1.0,1.0,1.0,47.0,32.0,0.0,0.0,0.53125,8192.0,16384.0,100
0.0,3.0,1.0,1.0,1.0,47.0,32.0,0.0,0.0,0.53125,8192.0,16384.0,500
0.0,3.0,1.0,1.0,1.0,47.0,32.0,0.0,0.0,0.53125,8192.0,32768.0,5
0.0,3.0,1.0,1.0,1.0,47.0,32.0,0.0,0.0,0.53125,8192.0,32768.0,10
0.0,3.0,1.0,1.0,1.0,47.0,32.0,0.0,0.0,0.53125,8192.0,32768.0,15
0.0,3.0,1.0,1.0,1.0,47.0,32.0,0.0,0.0,0.53125,8192.0,32768.0,20
0.0,3.0,1.0,1.0,1.0,47.0,32.0,0.0,0.0,0.53125,8192.0,32768.0,30
0.0,3.0,1.0,1.0,1.0,47.0,32.0,0.0,0.0,0.53125,8192.0,32768.0,40
0.0,3.0,1.0,1.0,1.0,47.0,32.0,0.0,0.0,0.53125,8192.0,32768.0,50
0.0,3.0,1.0,1.0,1.0,47.0,32.0,0.0,0.0,0.53125,8192.0,32768.0,100
0.0,3.0,1.0,1.0,1.0,47.0,32.0,0.0,0.0,0.53125,8192.0,32768.0,500
0.0,3.0,1.0,1.0,1.0,47.0,32.0,0.0,0.0,0.53125,16384.0,0.000976562,5
0.0,3.0,1.0,1.0,1.0,47.0,32.0,0.0,0.0,0.53125,16384.0,0.000976562,10
0.0,3.0,1.0,1.0,1.0,47.0,32.0,0.0,0.0,0.53125,16384.0,0.000976562,15
0.0,3.0,1.0,1.0,1.0,47.0,32.0,0.0,0.0,0.53125,16384.0,0.000976562,20
0.0,3.0,1.0,1.0,1.0,47.0,32.0,0.0,0.0,0.53125,16384.0,0.000976562,30
0.0,3.0,1.0,1.0,1.0,47.0,32.0,0.0,0.0,0.53125,16384.0,0.000976562,40
0.0,3.0,1.0,1.0,1.0,47.0,32.0,0.0,0.0,0.53125,16384.0,0.000976562,50
0.0,3.0,1.0,1.0,1.0,47.0,32.0,0.0,0.0,0.53125,16384.0,0.000976562,100
0.0,3.0,1.0,1.0,1.0,47.0,32.0,0.0,0.0,0.53125,16384.0,0.000976562,500
0.0,3.0,1.0,1.0,1.0,47.0,32.0,0.0,0.0,0.53125,16384.0,0.00195312,5
0.0,3.0,1.0,1.0,1.0,47.0,32.0,0.0,0.0,0.53125,16384.0,0.00195312,10
0.0,3.0,1.0,1.0,1.0,47.0,32.0,0.0,0.0,0.53125,16384.0,0.00195312,15
0.0,3.0,1.0,1.0,1.0,47.0,32.0,0.0,0.0,0.53125,16384.0,0.00195312,20
0.0,3.0,1.0,1.0,1.0,47.0,32.0,0.0,0.0,0.53125,16384.0,0.00195312,30
0.0,3.0,1.0,1.0,1.0,47.0,32.0,0.0,0.0,0.53125,16384.0,0.00195312,40
0.0,3.0,1.0,1.0,1.0,47.0,32.0,0.0,0.0,0.53125,16384.0,0.00195312,50
0.0,3.0,1.0,1.0,1.0,47.0,32.0,0.0,0.0,0.53125,16384.0,0.00195312,100
0.0,3.0,1.0,1.0,1.0,47.0,32.0,0.0,0.0,0.53125,16384.0,0.00195312,500
0.0,3.0,1.0,1.0,1.0,47.0,32.0,0.0,0.0,0.53125,16384.0,0.00390625,5
0.0,3.0,1.0,1.0,1.0,47.0,32.0,0.0,0.0,0.53125,16384.0,0.00390625,10
0.0,3.0,1.0,1.0,1.0,47.0,32.0,0.0,0.0,0.53125,16384.0,0.00390625,15
0.0,3.0,1.0,1.0,1.0,47.0,32.0,0.0,0.0,0.53125,16384.0,0.00390625,20
0.0,3.0,1.0,1.0,1.0,47.0,32.0,0.0,0.0,0.53125,16384.0,0.00390625,30
0.0,3.0,1.0,1.0,1.0,47.0,32.0,0.0,0.0,0.53125,16384.0,0.00390625,40
0.0,3.0,1.0,1.0,1.0,47.0,32.0,0.0,0.0,0.53125,16384.0,0.00390625,50
0.0,3.0,1.0,1.0,1.0,47.0,32.0,0.0,0.0,0.53125,16384.0,0.00390625,100
0.0,3.0,1.0,1.0,1.0,47.0,32.0,0.0,0.0,0.53125,16384.0,0.00390625,500
0.0,3.0,1.0,1.0,1.0,47.0,32.0,0.0,0.0,0.53125,16384.0,0.0078125,5
0.0,3.0,1.0,1.0,1.0,47.0,32.0,0.0,0.0,0.53125,16384.0,0.0078125,10
0.0,3.0,1.0,1.0,1.0,47.0,32.0,0.0,0.0,0.53125,16384.0,0.0078125,15
0.0,3.0,1.0,1.0,1.0,47.0,32.0,0.0,0.0,0.53125,16384.0,0.0078125,20
0.0,3.0,1.0,1.0,1.0,47.0,32.0,0.0,0.0,0.53125,16384.0,0.0078125,30
0.0,3.0,1.0,1.0,1.0,47.0,32.0,0.0,0.0,0.53125,16384.0,0.0078125,40
0.0,3.0,1.0,1.0,1.0,47.0,32.0,0.0,0.0,0.53125,16384.0,0.0078125,50
0.0,3.0,1.0,1.0,1.0,47.0,32.0,0.0,0.0,0.53125,16384.0,0.0078125,100
0.0,3.0,1.0,1.0,1.0,47.0,32.0,0.0,0.0,0.53125,16384.0,0.0078125,500
0.0,3.0,1.0,1.0,1.0,47.0,32.0,0.0,0.0,0.53125,16384.0,0.015625,5
0.0,3.0,1.0,1.0,1.0,47.0,32.0,0.0,0.0,0.53125,16384.0,0.015625,10
0.0,3.0,1.0,1.0,1.0,47.0,32.0,0.0,0.0,0.53125,16384.0,0.015625,15
0.0,3.0,1.0,1.0,1.0,47.0,32.0,0.0,0.0,0.53125,16384.0,0.015625,20
0.0,3.0,1.0,1.0,1.0,47.0,32.0,0.0,0.0,0.53125,16384.0,0.015625,30
0.0,3.0,1.0,1.0,1.0,47.0,32.0,0.0,0.0,0.53125,16384.0,0.015625,40
0.0,3.0,1.0,1.0,1.0,47.0,32.0,0.0,0.0,0.53125,16384.0,0.015625,50
0.0,3.0,1.0,1.0,1.0,47.0,32.0,0.0,0.0,0.53125,16384.0,0.015625,100
0.0,3.0,1.0,1.0,1.0,47.0,32.0,0.0,0.0,0.53125,16384.0,0.015625,500
0.0,3.0,1.0,1.0,1.0,47.0,32.0,0.0,0.0,0.53125,16384.0,0.03125,5
0.0,3.0,1.0,1.0,1.0,47.0,32.0,0.0,0.0,0.53125,16384.0,0.03125,10
0.0,3.0,1.0,1.0,1.0,47.0,32.0,0.0,0.0,0.53125,16384.0,0.03125,15
0.0,3.0,1.0,1.0,1.0,47.0,32.0,0.0,0.0,0.53125,16384.0,0.03125,20
0.0,3.0,1.0,1.0,1.0,47.0,32.0,0.0,0.0,0.53125,16384.0,0.03125,30
0.0,3.0,1.0,1.0,1.0,47.0,32.0,0.0,0.0,0.53125,16384.0,0.03125,40
0.0,3.0,1.0,1.0,1.0,47.0,32.0,0.0,0.0,0.53125,16384.0,0.03125,50
0.0,3.0,1.0,1.0,1.0,47.0,32.0,0.0,0.0,0.53125,16384.0,0.03125,100
0.0,3.0,1.0,1.0,1.0,47.0,32.0,0.0,0.0,0.53125,16384.0,0.03125,500
0.0,3.0,1.0,1.0,1.0,47.0,32.0,0.0,0.0,0.53125,16384.0,0.0625,5
0.0,3.0,1.0,1.0,1.0,47.0,32.0,0.0,0.0,0.53125,16384.0,0.0625,10
0.0,3.0,1.0,1.0,1.0,47.0,32.0,0.0,0.0,0.53125,16384.0,0.0625,15
0.0,3.0,1.0,1.0,1.0,47.0,32.0,0.0,0.0,0.53125,16384.0,0.0625,20
0.0,3.0,1.0,1.0,1.0,47.0,32.0,0.0,0.0,0.53125,16384.0,0.0625,30
0.0,3.0,1.0,1.0,1.0,47.0,32.0,0.0,0.0,0.53125,16384.0,0.0625,40
0.0,3.0,1.0,1.0,1.0,47.0,32.0,0.0,0.0,0.53125,16384.0,0.0625,50
0.0,3.0,1.0,1.0,1.0,47.0,32.0,0.0,0.0,0.53125,16384.0,0.0625,100
0.0,3.0,1.0,1.0,1.0,47.0,32.0,0.0,0.0,0.53125,16384.0,0.0625,500
0.0,3.0,1.0,1.0,1.0,47.0,32.0,0.0,0.0,0.53125,16384.0,0.125,5
0.0,3.0,1.0,1.0,1.0,47.0,32.0,0.0,0.0,0.53125,16384.0,0.125,10
0.0,3.0,1.0,1.0,1.0,47.0,32.0,0.0,0.0,0.53125,16384.0,0.125,15
0.0,3.0,1.0,1.0,1.0,47.0,32.0,0.0,0.0,0.53125,16384.0,0.125,20
0.0,3.0,1.0,1.0,1.0,47.0,32.0,0.0,0.0,0.53125,16384.0,0.125,30
0.0,3.0,1.0,1.0,1.0,47.0,32.0,0.0,0.0,0.53125,16384.0,0.125,40
0.0,3.0,1.0,1.0,1.0,47.0,32.0,0.0,0.0,0.53125,16384.0,0.125,50
0.0,3.0,1.0,1.0,1.0,47.0,32.0,0.0,0.0,0.53125,16384.0,0.125,100
0.0,3.0,1.0,1.0,1.0,47.0,32.0,0.0,0.0,0.53125,16384.0,0.125,500
0.0,3.0,1.0,1.0,1.0,47.0,32.0,0.0,0.0,0.53125,16384.0,0.25,5
0.0,3.0,1.0,1.0,1.0,47.0,32.0,0.0,0.0,0.53125,16384.0,0.25,10
0.0,3.0,1.0,1.0,1.0,47.0,32.0,0.0,0.0,0.53125,16384.0,0.25,15
0.0,3.0,1.0,1.0,1.0,47.0,32.0,0.0,0.0,0.53125,16384.0,0.25,20
0.0,3.0,1.0,1.0,1.0,47.0,32.0,0.0,0.0,0.53125,16384.0,0.25,30
0.0,3.0,1.0,1.0,1.0,47.0,32.0,0.0,0.0,0.53125,16384.0,0.25,40
0.0,3.0,1.0,1.0,1.0,47.0,32.0,0.0,0.0,0.53125,16384.0,0.25,50
0.0,3.0,1.0,1.0,1.0,47.0,32.0,0.0,0.0,0.53125,16384.0,0.25,100
0.0,3.0,1.0,1.0,1.0,47.0,32.0,0.0,0.0,0.53125,16384.0,0.25,500
0.0,3.0,1.0,1.0,1.0,47.0,32.0,0.0,0.0,0.53125,16384.0,0.5,5
0.0,3.0,1.0,1.0,1.0,47.0,32.0,0.0,0.0,0.53125,16384.0,0.5,10
0.0,3.0,1.0,1.0,1.0,47.0,32.0,0.0,0.0,0.53125,16384.0,0.5,15
0.0,3.0,1.0,1.0,1.0,47.0,32.0,0.0,0.0,0.53125,16384.0,0.5,20
0.0,3.0,1.0,1.0,1.0,47.0,32.0,0.0,0.0,0.53125,16384.0,0.5,30
0.0,3.0,1.0,1.0,1.0,47.0,32.0,0.0,0.0,0.53125,16384.0,0.5,40
0.0,3.0,1.0,1.0,1.0,47.0,32.0,0.0,0.0,0.53125,16384.0,0.5,50
0.0,3.0,1.0,1.0,1.0,47.0,32.0,0.0,0.0,0.53125,16384.0,0.5,100
0.0,3.0,1.0,1.0,1.0,47.0,32.0,0.0,0.0,0.53125,16384.0,0.5,500
0.0,3.0,1.0,1.0,1.0,47.0,32.0,0.0,0.0,0.53125,16384.0,1.0,5
0.0,3.0,1.0,1.0,1.0,47.0,32.0,0.0,0.0,0.53125,16384.0,1.0,10
0.0,3.0,1.0,1.0,1.0,47.0,32.0,0.0,0.0,0.53125,16384.0,1.0,15
0.0,3.0,1.0,1.0,1.0,47.0,32.0,0.0,0.0,0.53125,16384.0,1.0,20
0.0,3.0,1.0,1.0,1.0,47.0,32.0,0.0,0.0,0.53125,16384.0,1.0,30
0.0,3.0,1.0,1.0,1.0,47.0,32.0,0.0,0.0,0.53125,16384.0,1.0,40
0.0,3.0,1.0,1.0,1.0,47.0,32.0,0.0,0.0,0.53125,16384.0,1.0,50
0.0,3.0,1.0,1.0,1.0,47.0,32.0,0.0,0.0,0.53125,16384.0,1.0,100
0.0,3.0,1.0,1.0,1.0,47.0,32.0,0.0,0.0,0.53125,16384.0,1.0,500
0.0,3.0,1.0,1.0,1.0,47.0,32.0,0.0,0.0,0.53125,16384.0,2.0,5
0.0,3.0,1.0,1.0,1.0,47.0,32.0,0.0,0.0,0.53125,16384.0,2.0,10
0.0,3.0,1.0,1.0,1.0,47.0,32.0,0.0,0.0,0.53125,16384.0,2.0,15
0.0,3.0,1.0,1.0,1.0,47.0,32.0,0.0,0.0,0.53125,16384.0,2.0,20
0.0,3.0,1.0,1.0,1.0,47.0,32.0,0.0,0.0,0.53125,16384.0,2.0,30
0.0,3.0,1.0,1.0,1.0,47.0,32.0,0.0,0.0,0.53125,16384.0,2.0,40
0.0,3.0,1.0,1.0,1.0,47.0,32.0,0.0,0.0,0.53125,16384.0,2.0,50
0.0,3.0,1.0,1.0,1.0,47.0,32.0,0.0,0.0,0.53125,16384.0,2.0,100
0.0,3.0,1.0,1.0,1.0,47.0,32.0,0.0,0.0,0.53125,16384.0,2.0,500
0.0,3.0,1.0,1.0,1.0,47.0,32.0,0.0,0.0,0.53125,16384.0,4.0,5
0.0,3.0,1.0,1.0,1.0,47.0,32.0,0.0,0.0,0.53125,16384.0,4.0,10
0.0,3.0,1.0,1.0,1.0,47.0,32.0,0.0,0.0,0.53125,16384.0,4.0,15
0.0,3.0,1.0,1.0,1.0,47.0,32.0,0.0,0.0,0.53125,16384.0,4.0,20
0.0,3.0,1.0,1.0,1.0,47.0,32.0,0.0,0.0,0.53125,16384.0,4.0,30
0.0,3.0,1.0,1.0,1.0,47.0,32.0,0.0,0.0,0.53125,16384.0,4.0,40
0.0,3.0,1.0,1.0,1.0,47.0,32.0,0.0,0.0,0.53125,16384.0,4.0,50
0.0,3.0,1.0,1.0,1.0,47.0,32.0,0.0,0.0,0.53125,16384.0,4.0,100
0.0,3.0,1.0,1.0,1.0,47.0,32.0,0.0,0.0,0.53125,16384.0,4.0,500
0.0,3.0,1.0,1.0,1.0,47.0,32.0,0.0,0.0,0.53125,16384.0,8.0,5
0.0,3.0,1.0,1.0,1.0,47.0,32.0,0.0,0.0,0.53125,16384.0,8.0,10
0.0,3.0,1.0,1.0,1.0,47.0,32.0,0.0,0.0,0.53125,16384.0,8.0,15
0.0,3.0,1.0,1.0,1.0,47.0,32.0,0.0,0.0,0.53125,16384.0,8.0,20
0.0,3.0,1.0,1.0,1.0,47.0,32.0,0.0,0.0,0.53125,16384.0,8.0,30
0.0,3.0,1.0,1.0,1.0,47.0,32.0,0.0,0.0,0.53125,16384.0,8.0,40
0.0,3.0,1.0,1.0,1.0,47.0,32.0,0.0,0.0,0.53125,16384.0,8.0,50
0.0,3.0,1.0,1.0,1.0,47.0,32.0,0.0,0.0,0.53125,16384.0,8.0,100
0.0,3.0,1.0,1.0,1.0,47.0,32.0,0.0,0.0,0.53125,16384.0,8.0,500
0.0,3.0,1.0,1.0,1.0,47.0,32.0,0.0,0.0,0.53125,16384.0,16.0,5
0.0,3.0,1.0,1.0,1.0,47.0,32.0,0.0,0.0,0.53125,16384.0,16.0,10
0.0,3.0,1.0,1.0,1.0,47.0,32.0,0.0,0.0,0.53125,16384.0,16.0,15
0.0,3.0,1.0,1.0,1.0,47.0,32.0,0.0,0.0,0.53125,16384.0,16.0,20
0.0,3.0,1.0,1.0,1.0,47.0,32.0,0.0,0.0,0.53125,16384.0,16.0,30
0.0,3.0,1.0,1.0,1.0,47.0,32.0,0.0,0.0,0.53125,16384.0,16.0,40
0.0,3.0,1.0,1.0,1.0,47.0,32.0,0.0,0.0,0.53125,16384.0,16.0,50
0.0,3.0,1.0,1.0,1.0,47.0,32.0,0.0,0.0,0.53125,16384.0,16.0,100
0.0,3.0,1.0,1.0,1.0,47.0,32.0,0.0,0.0,0.53125,16384.0,16.0,500
0.0,3.0,1.0,1.0,1.0,47.0,32.0,0.0,0.0,0.53125,16384.0,32.0,5
0.0,3.0,1.0,1.0,1.0,47.0,32.0,0.0,0.0,0.53125,16384.0,32.0,10
0.0,3.0,1.0,1.0,1.0,47.0,32.0,0.0,0.0,0.53125,16384.0,32.0,15
0.0,3.0,1.0,1.0,1.0,47.0,32.0,0.0,0.0,0.53125,16384.0,32.0,20
0.0,3.0,1.0,1.0,1.0,47.0,32.0,0.0,0.0,0.53125,16384.0,32.0,30
0.0,3.0,1.0,1.0,1.0,47.0,32.0,0.0,0.0,0.53125,16384.0,32.0,40
0.0,3.0,1.0,1.0,1.0,47.0,32.0,0.0,0.0,0.53125,16384.0,32.0,50
0.0,3.0,1.0,1.0,1.0,47.0,32.0,0.0,0.0,0.53125,16384.0,32.0,100
0.0,3.0,1.0,1.0,1.0,47.0,32.0,0.0,0.0,0.53125,16384.0,32.0,500
0.0,3.0,1.0,1.0,1.0,47.0,32.0,0.0,0.0,0.53125,16384.0,64.0,5
0.0,3.0,1.0,1.0,1.0,47.0,32.0,0.0,0.0,0.53125,16384.0,64.0,10
0.0,3.0,1.0,1.0,1.0,47.0,32.0,0.0,0.0,0.53125,16384.0,64.0,15
0.0,3.0,1.0,1.0,1.0,47.0,32.0,0.0,0.0,0.53125,16384.0,64.0,20
0.0,3.0,1.0,1.0,1.0,47.0,32.0,0.0,0.0,0.53125,16384.0,64.0,30
0.0,3.0,1.0,1.0,1.0,47.0,32.0,0.0,0.0,0.53125,16384.0,64.0,40
0.0,3.0,1.0,1.0,1.0,47.0,32.0,0.0,0.0,0.53125,16384.0,64.0,50
0.0,3.0,1.0,1.0,1.0,47.0,32.0,0.0,0.0,0.53125,16384.0,64.0,100
0.0,3.0,1.0,1.0,1.0,47.0,32.0,0.0,0.0,0.53125,16384.0,64.0,500
0.0,3.0,1.0,1.0,1.0,47.0,32.0,0.0,0.0,0.53125,16384.0,128.0,5
0.0,3.0,1.0,1.0,1.0,47.0,32.0,0.0,0.0,0.53125,16384.0,128.0,10
0.0,3.0,1.0,1.0,1.0,47.0,32.0,0.0,0.0,0.53125,16384.0,128.0,15
0.0,3.0,1.0,1.0,1.0,47.0,32.0,0.0,0.0,0.53125,16384.0,128.0,20
0.0,3.0,1.0,1.0,1.0,47.0,32.0,0.0,0.0,0.53125,16384.0,128.0,30
0.0,3.0,1.0,1.0,1.0,47.0,32.0,0.0,0.0,0.53125,16384.0,128.0,40
0.0,3.0,1.0,1.0,1.0,47.0,32.0,0.0,0.0,0.53125,16384.0,128.0,50
0.0,3.0,1.0,1.0,1.0,47.0,32.0,0.0,0.0,0.53125,16384.0,128.0,100
0.0,3.0,1.0,1.0,1.0,47.0,32.0,0.0,0.0,0.53125,16384.0,128.0,500
0.0,3.0,1.0,1.0,1.0,47.0,32.0,0.0,0.0,0.53125,16384.0,256.0,5
0.0,3.0,1.0,1.0,1.0,47.0,32.0,0.0,0.0,0.53125,16384.0,256.0,10
0.0,3.0,1.0,1.0,1.0,47.0,32.0,0.0,0.0,0.53125,16384.0,256.0,15
0.0,3.0,1.0,1.0,1.0,47.0,32.0,0.0,0.0,0.53125,16384.0,256.0,20
0.0,3.0,1.0,1.0,1.0,47.0,32.0,0.0,0.0,0.53125,16384.0,256.0,30
0.0,3.0,1.0,1.0,1.0,47.0,32.0,0.0,0.0,0.53125,16384.0,256.0,40
0.0,3.0,1.0,1.0,1.0,47.0,32.0,0.0,0.0,0.53125,16384.0,256.0,50
0.0,3.0,1.0,1.0,1.0,47.0,32.0,0.0,0.0,0.53125,16384.0,256.0,100
0.0,3.0,1.0,1.0,1.0,47.0,32.0,0.0,0.0,0.53125,16384.0,256.0,500
0.0,3.0,1.0,1.0,1.0,47.0,32.0,0.0,0.0,0.53125,16384.0,512.0,5
0.0,3.0,1.0,1.0,1.0,47.0,32.0,0.0,0.0,0.53125,16384.0,512.0,10
0.0,3.0,1.0,1.0,1.0,47.0,32.0,0.0,0.0,0.53125,16384.0,512.0,15
0.0,3.0,1.0,1.0,1.0,47.0,32.0,0.0,0.0,0.53125,16384.0,512.0,20
0.0,3.0,1.0,1.0,1.0,47.0,32.0,0.0,0.0,0.53125,16384.0,512.0,30
0.0,3.0,1.0,1.0,1.0,47.0,32.0,0.0,0.0,0.53125,16384.0,512.0,40
0.0,3.0,1.0,1.0,1.0,47.0,32.0,0.0,0.0,0.53125,16384.0,512.0,50
0.0,3.0,1.0,1.0,1.0,47.0,32.0,0.0,0.0,0.53125,16384.0,512.0,100
0.0,3.0,1.0,1.0,1.0,47.0,32.0,0.0,0.0,0.53125,16384.0,512.0,500
0.0,3.0,1.0,1.0,1.0,47.0,32.0,0.0,0.0,0.53125,16384.0,1024.0,5
0.0,3.0,1.0,1.0,1.0,47.0,32.0,0.0,0.0,0.53125,16384.0,1024.0,10
0.0,3.0,1.0,1.0,1.0,47.0,32.0,0.0,0.0,0.53125,16384.0,1024.0,15
0.0,3.0,1.0,1.0,1.0,47.0,32.0,0.0,0.0,0.53125,16384.0,1024.0,20
0.0,3.0,1.0,1.0,1.0,47.0,32.0,0.0,0.0,0.53125,16384.0,1024.0,30
0.0,3.0,1.0,1.0,1.0,47.0,32.0,0.0,0.0,0.53125,16384.0,1024.0,40
0.0,3.0,1.0,1.0,1.0,47.0,32.0,0.0,0.0,0.53125,16384.0,1024.0,50
0.0,3.0,1.0,1.0,1.0,47.0,32.0,0.0,0.0,0.53125,16384.0,1024.0,100
0.0,3.0,1.0,1.0,1.0,47.0,32.0,0.0,0.0,0.53125,16384.0,1024.0,500
0.0,3.0,1.0,1.0,1.0,47.0,32.0,0.0,0.0,0.53125,16384.0,2048.0,5
0.0,3.0,1.0,1.0,1.0,47.0,32.0,0.0,0.0,0.53125,16384.0,2048.0,10
0.0,3.0,1.0,1.0,1.0,47.0,32.0,0.0,0.0,0.53125,16384.0,2048.0,15
0.0,3.0,1.0,1.0,1.0,47.0,32.0,0.0,0.0,0.53125,16384.0,2048.0,20
0.0,3.0,1.0,1.0,1.0,47.0,32.0,0.0,0.0,0.53125,16384.0,2048.0,30
0.0,3.0,1.0,1.0,1.0,47.0,32.0,0.0,0.0,0.53125,16384.0,2048.0,40
0.0,3.0,1.0,1.0,1.0,47.0,32.0,0.0,0.0,0.53125,16384.0,2048.0,50
0.0,3.0,1.0,1.0,1.0,47.0,32.0,0.0,0.0,0.53125,16384.0,2048.0,100
0.0,3.0,1.0,1.0,1.0,47.0,32.0,0.0,0.0,0.53125,16384.0,2048.0,500
0.0,3.0,1.0,1.0,1.0,47.0,32.0,0.0,0.0,0.53125,16384.0,4096.0,5
0.0,3.0,1.0,1.0,1.0,47.0,32.0,0.0,0.0,0.53125,16384.0,4096.0,10
0.0,3.0,1.0,1.0,1.0,47.0,32.0,0.0,0.0,0.53125,16384.0,4096.0,15
0.0,3.0,1.0,1.0,1.0,47.0,32.0,0.0,0.0,0.53125,16384.0,4096.0,20
0.0,3.0,1.0,1.0,1.0,47.0,32.0,0.0,0.0,0.53125,16384.0,4096.0,30
0.0,3.0,1.0,1.0,1.0,47.0,32.0,0.0,0.0,0.53125,16384.0,4096.0,40
0.0,3.0,1.0,1.0,1.0,47.0,32.0,0.0,0.0,0.53125,16384.0,4096.0,50
0.0,3.0,1.0,1.0,1.0,47.0,32.0,0.0,0.0,0.53125,16384.0,4096.0,100
0.0,3.0,1.0,1.0,1.0,47.0,32.0,0.0,0.0,0.53125,16384.0,4096.0,500
0.0,3.0,1.0,1.0,1.0,47.0,32.0,0.0,0.0,0.53125,16384.0,8192.0,5
0.0,3.0,1.0,1.0,1.0,47.0,32.0,0.0,0.0,0.53125,16384.0,8192.0,10
0.0,3.0,1.0,1.0,1.0,47.0,32.0,0.0,0.0,0.53125,16384.0,8192.0,15
0.0,3.0,1.0,1.0,1.0,47.0,32.0,0.0,0.0,0.53125,16384.0,8192.0,20
0.0,3.0,1.0,1.0,1.0,47.0,32.0,0.0,0.0,0.53125,16384.0,8192.0,30
0.0,3.0,1.0,1.0,1.0,47.0,32.0,0.0,0.0,0.53125,16384.0,8192.0,40
0.0,3.0,1.0,1.0,1.0,47.0,32.0,0.0,0.0,0.53125,16384.0,8192.0,50
0.0,3.0,1.0,1.0,1.0,47.0,32.0,0.0,0.0,0.53125,16384.0,8192.0,100
0.0,3.0,1.0,1.0,1.0,47.0,32.0,0.0,0.0,0.53125,16384.0,8192.0,500
0.0,3.0,1.0,1.0,1.0,47.0,32.0,0.0,0.0,0.53125,16384.0,16384.0,5
0.0,3.0,1.0,1.0,1.0,47.0,32.0,0.0,0.0,0.53125,16384.0,16384.0,10
0.0,3.0,1.0,1.0,1.0,47.0,32.0,0.0,0.0,0.53125,16384.0,16384.0,15
0.0,3.0,1.0,1.0,1.0,47.0,32.0,0.0,0.0,0.53125,16384.0,16384.0,20
0.0,3.0,1.0,1.0,1.0,47.0,32.0,0.0,0.0,0.53125,16384.0,16384.0,30
0.0,3.0,1.0,1.0,1.0,47.0,32.0,0.0,0.0,0.53125,16384.0,16384.0,40
0.0,3.0,1.0,1.0,1.0,47.0,32.0,0.0,0.0,0.53125,16384.0,16384.0,50
0.0,3.0,1.0,1.0,1.0,47.0,32.0,0.0,0.0,0.53125,16384.0,16384.0,100
0.0,3.0,1.0,1.0,1.0,47.0,32.0,0.0,0.0,0.53125,16384.0,16384.0,500
0.0,3.0,1.0,1.0,1.0,47.0,32.0,0.0,0.0,0.53125,16384.0,32768.0,5
0.0,3.0,1.0,1.0,1.0,47.0,32.0,0.0,0.0,0.53125,16384.0,32768.0,10
0.0,3.0,1.0,1.0,1.0,47.0,32.0,0.0,0.0,0.53125,16384.0,32768.0,15
0.0,3.0,1.0,1.0,1.0,47.0,32.0,0.0,0.0,0.53125,16384.0,32768.0,20
0.0,3.0,1.0,1.0,1.0,47.0,32.0,0.0,0.0,0.53125,16384.0,32768.0,30
0.0,3.0,1.0,1.0,1.0,47.0,32.0,0.0,0.0,0.53125,16384.0,32768.0,40
0.0,3.0,1.0,1.0,1.0,47.0,32.0,0.0,0.0,0.53125,16384.0,32768.0,50
0.0,3.0,1.0,1.0,1.0,47.0,32.0,0.0,0.0,0.53125,16384.0,32768.0,100
0.0,3.0,1.0,1.0,1.0,47.0,32.0,0.0,0.0,0.53125,16384.0,32768.0,500
0.0,3.0,1.0,1.0,1.0,47.0,32.0,0.0,0.0,0.53125,32768.0,0.000976562,5
0.0,3.0,1.0,1.0,1.0,47.0,32.0,0.0,0.0,0.53125,32768.0,0.000976562,10
0.0,3.0,1.0,1.0,1.0,47.0,32.0,0.0,0.0,0.53125,32768.0,0.000976562,15
0.0,3.0,1.0,1.0,1.0,47.0,32.0,0.0,0.0,0.53125,32768.0,0.000976562,20
0.0,3.0,1.0,1.0,1.0,47.0,32.0,0.0,0.0,0.53125,32768.0,0.000976562,30
0.0,3.0,1.0,1.0,1.0,47.0,32.0,0.0,0.0,0.53125,32768.0,0.000976562,40
0.0,3.0,1.0,1.0,1.0,47.0,32.0,0.0,0.0,0.53125,32768.0,0.000976562,50
0.0,3.0,1.0,1.0,1.0,47.0,32.0,0.0,0.0,0.53125,32768.0,0.000976562,100
0.0,3.0,1.0,1.0,1.0,47.0,32.0,0.0,0.0,0.53125,32768.0,0.000976562,500
0.0,3.0,1.0,1.0,1.0,47.0,32.0,0.0,0.0,0.53125,32768.0,0.00195312,5
0.0,3.0,1.0,1.0,1.0,47.0,32.0,0.0,0.0,0.53125,32768.0,0.00195312,10
0.0,3.0,1.0,1.0,1.0,47.0,32.0,0.0,0.0,0.53125,32768.0,0.00195312,15
0.0,3.0,1.0,1.0,1.0,47.0,32.0,0.0,0.0,0.53125,32768.0,0.00195312,20
0.0,3.0,1.0,1.0,1.0,47.0,32.0,0.0,0.0,0.53125,32768.0,0.00195312,30
0.0,3.0,1.0,1.0,1.0,47.0,32.0,0.0,0.0,0.53125,32768.0,0.00195312,40
0.0,3.0,1.0,1.0,1.0,47.0,32.0,0.0,0.0,0.53125,32768.0,0.00195312,50
0.0,3.0,1.0,1.0,1.0,47.0,32.0,0.0,0.0,0.53125,32768.0,0.00195312,100
0.0,3.0,1.0,1.0,1.0,47.0,32.0,0.0,0.0,0.53125,32768.0,0.00195312,500
0.0,3.0,1.0,1.0,1.0,47.0,32.0,0.0,0.0,0.53125,32768.0,0.00390625,5
0.0,3.0,1.0,1.0,1.0,47.0,32.0,0.0,0.0,0.53125,32768.0,0.00390625,10
0.0,3.0,1.0,1.0,1.0,47.0,32.0,0.0,0.0,0.53125,32768.0,0.00390625,15
0.0,3.0,1.0,1.0,1.0,47.0,32.0,0.0,0.0,0.53125,32768.0,0.00390625,20
0.0,3.0,1.0,1.0,1.0,47.0,32.0,0.0,0.0,0.53125,32768.0,0.00390625,30
0.0,3.0,1.0,1.0,1.0,47.0,32.0,0.0,0.0,0.53125,32768.0,0.00390625,40
0.0,3.0,1.0,1.0,1.0,47.0,32.0,0.0,0.0,0.53125,32768.0,0.00390625,50
0.0,3.0,1.0,1.0,1.0,47.0,32.0,0.0,0.0,0.53125,32768.0,0.00390625,100
0.0,3.0,1.0,1.0,1.0,47.0,32.0,0.0,0.0,0.53125,32768.0,0.00390625,500
0.0,3.0,1.0,1.0,1.0,47.0,32.0,0.0,0.0,0.53125,32768.0,0.0078125,5
0.0,3.0,1.0,1.0,1.0,47.0,32.0,0.0,0.0,0.53125,32768.0,0.0078125,10
0.0,3.0,1.0,1.0,1.0,47.0,32.0,0.0,0.0,0.53125,32768.0,0.0078125,15
0.0,3.0,1.0,1.0,1.0,47.0,32.0,0.0,0.0,0.53125,32768.0,0.0078125,20
0.0,3.0,1.0,1.0,1.0,47.0,32.0,0.0,0.0,0.53125,32768.0,0.0078125,30
0.0,3.0,1.0,1.0,1.0,47.0,32.0,0.0,0.0,0.53125,32768.0,0.0078125,40
0.0,3.0,1.0,1.0,1.0,47.0,32.0,0.0,0.0,0.53125,32768.0,0.0078125,50
0.0,3.0,1.0,1.0,1.0,47.0,32.0,0.0,0.0,0.53125,32768.0,0.0078125,100
0.0,3.0,1.0,1.0,1.0,47.0,32.0,0.0,0.0,0.53125,32768.0,0.0078125,500
0.0,3.0,1.0,1.0,1.0,47.0,32.0,0.0,0.0,0.53125,32768.0,0.015625,5
0.0,3.0,1.0,1.0,1.0,47.0,32.0,0.0,0.0,0.53125,32768.0,0.015625,10
0.0,3.0,1.0,1.0,1.0,47.0,32.0,0.0,0.0,0.53125,32768.0,0.015625,15
0.0,3.0,1.0,1.0,1.0,47.0,32.0,0.0,0.0,0.53125,32768.0,0.015625,20
0.0,3.0,1.0,1.0,1.0,47.0,32.0,0.0,0.0,0.53125,32768.0,0.015625,30
0.0,3.0,1.0,1.0,1.0,47.0,32.0,0.0,0.0,0.53125,32768.0,0.015625,40
0.0,3.0,1.0,1.0,1.0,47.0,32.0,0.0,0.0,0.53125,32768.0,0.015625,50
0.0,3.0,1.0,1.0,1.0,47.0,32.0,0.0,0.0,0.53125,32768.0,0.015625,100
0.0,3.0,1.0,1.0,1.0,47.0,32.0,0.0,0.0,0.53125,32768.0,0.015625,500
0.0,3.0,1.0,1.0,1.0,47.0,32.0,0.0,0.0,0.53125,32768.0,0.03125,5
0.0,3.0,1.0,1.0,1.0,47.0,32.0,0.0,0.0,0.53125,32768.0,0.03125,10
0.0,3.0,1.0,1.0,1.0,47.0,32.0,0.0,0.0,0.53125,32768.0,0.03125,15
0.0,3.0,1.0,1.0,1.0,47.0,32.0,0.0,0.0,0.53125,32768.0,0.03125,20
0.0,3.0,1.0,1.0,1.0,47.0,32.0,0.0,0.0,0.53125,32768.0,0.03125,30
0.0,3.0,1.0,1.0,1.0,47.0,32.0,0.0,0.0,0.53125,32768.0,0.03125,40
0.0,3.0,1.0,1.0,1.0,47.0,32.0,0.0,0.0,0.53125,32768.0,0.03125,50
0.0,3.0,1.0,1.0,1.0,47.0,32.0,0.0,0.0,0.53125,32768.0,0.03125,100
0.0,3.0,1.0,1.0,1.0,47.0,32.0,0.0,0.0,0.53125,32768.0,0.03125,500
0.0,3.0,1.0,1.0,1.0,47.0,32.0,0.0,0.0,0.53125,32768.0,0.0625,5
0.0,3.0,1.0,1.0,1.0,47.0,32.0,0.0,0.0,0.53125,32768.0,0.0625,10
0.0,3.0,1.0,1.0,1.0,47.0,32.0,0.0,0.0,0.53125,32768.0,0.0625,15
0.0,3.0,1.0,1.0,1.0,47.0,32.0,0.0,0.0,0.53125,32768.0,0.0625,20
0.0,3.0,1.0,1.0,1.0,47.0,32.0,0.0,0.0,0.53125,32768.0,0.0625,30
0.0,3.0,1.0,1.0,1.0,47.0,32.0,0.0,0.0,0.53125,32768.0,0.0625,40
0.0,3.0,1.0,1.0,1.0,47.0,32.0,0.0,0.0,0.53125,32768.0,0.0625,50
0.0,3.0,1.0,1.0,1.0,47.0,32.0,0.0,0.0,0.53125,32768.0,0.0625,100
0.0,3.0,1.0,1.0,1.0,47.0,32.0,0.0,0.0,0.53125,32768.0,0.0625,500
0.0,3.0,1.0,1.0,1.0,47.0,32.0,0.0,0.0,0.53125,32768.0,0.125,5
0.0,3.0,1.0,1.0,1.0,47.0,32.0,0.0,0.0,0.53125,32768.0,0.125,10
0.0,3.0,1.0,1.0,1.0,47.0,32.0,0.0,0.0,0.53125,32768.0,0.125,15
0.0,3.0,1.0,1.0,1.0,47.0,32.0,0.0,0.0,0.53125,32768.0,0.125,20
0.0,3.0,1.0,1.0,1.0,47.0,32.0,0.0,0.0,0.53125,32768.0,0.125,30
0.0,3.0,1.0,1.0,1.0,47.0,32.0,0.0,0.0,0.53125,32768.0,0.125,40
0.0,3.0,1.0,1.0,1.0,47.0,32.0,0.0,0.0,0.53125,32768.0,0.125,50
0.0,3.0,1.0,1.0,1.0,47.0,32.0,0.0,0.0,0.53125,32768.0,0.125,100
0.0,3.0,1.0,1.0,1.0,47.0,32.0,0.0,0.0,0.53125,32768.0,0.125,500
0.0,3.0,1.0,1.0,1.0,47.0,32.0,0.0,0.0,0.53125,32768.0,0.25,5
0.0,3.0,1.0,1.0,1.0,47.0,32.0,0.0,0.0,0.53125,32768.0,0.25,10
0.0,3.0,1.0,1.0,1.0,47.0,32.0,0.0,0.0,0.53125,32768.0,0.25,15
0.0,3.0,1.0,1.0,1.0,47.0,32.0,0.0,0.0,0.53125,32768.0,0.25,20
0.0,3.0,1.0,1.0,1.0,47.0,32.0,0.0,0.0,0.53125,32768.0,0.25,30
0.0,3.0,1.0,1.0,1.0,47.0,32.0,0.0,0.0,0.53125,32768.0,0.25,40
0.0,3.0,1.0,1.0,1.0,47.0,32.0,0.0,0.0,0.53125,32768.0,0.25,50
0.0,3.0,1.0,1.0,1.0,47.0,32.0,0.0,0.0,0.53125,32768.0,0.25,100
0.0,3.0,1.0,1.0,1.0,47.0,32.0,0.0,0.0,0.53125,32768.0,0.25,500
0.0,3.0,1.0,1.0,1.0,47.0,32.0,0.0,0.0,0.53125,32768.0,0.5,5
0.0,3.0,1.0,1.0,1.0,47.0,32.0,0.0,0.0,0.53125,32768.0,0.5,10
0.0,3.0,1.0,1.0,1.0,47.0,32.0,0.0,0.0,0.53125,32768.0,0.5,15
0.0,3.0,1.0,1.0,1.0,47.0,32.0,0.0,0.0,0.53125,32768.0,0.5,20
0.0,3.0,1.0,1.0,1.0,47.0,32.0,0.0,0.0,0.53125,32768.0,0.5,30
0.0,3.0,1.0,1.0,1.0,47.0,32.0,0.0,0.0,0.53125,32768.0,0.5,40
0.0,3.0,1.0,1.0,1.0,47.0,32.0,0.0,0.0,0.53125,32768.0,0.5,50
0.0,3.0,1.0,1.0,1.0,47.0,32.0,0.0,0.0,0.53125,32768.0,0.5,100
0.0,3.0,1.0,1.0,1.0,47.0,32.0,0.0,0.0,0.53125,32768.0,0.5,500
0.0,3.0,1.0,1.0,1.0,47.0,32.0,0.0,0.0,0.53125,32768.0,1.0,5
0.0,3.0,1.0,1.0,1.0,47.0,32.0,0.0,0.0,0.53125,32768.0,1.0,10
0.0,3.0,1.0,1.0,1.0,47.0,32.0,0.0,0.0,0.53125,32768.0,1.0,15
0.0,3.0,1.0,1.0,1.0,47.0,32.0,0.0,0.0,0.53125,32768.0,1.0,20
0.0,3.0,1.0,1.0,1.0,47.0,32.0,0.0,0.0,0.53125,32768.0,1.0,30
0.0,3.0,1.0,1.0,1.0,47.0,32.0,0.0,0.0,0.53125,32768.0,1.0,40
0.0,3.0,1.0,1.0,1.0,47.0,32.0,0.0,0.0,0.53125,32768.0,1.0,50
0.0,3.0,1.0,1.0,1.0,47.0,32.0,0.0,0.0,0.53125,32768.0,1.0,100
0.0,3.0,1.0,1.0,1.0,47.0,32.0,0.0,0.0,0.53125,32768.0,1.0,500
0.0,3.0,1.0,1.0,1.0,47.0,32.0,0.0,0.0,0.53125,32768.0,2.0,5
0.0,3.0,1.0,1.0,1.0,47.0,32.0,0.0,0.0,0.53125,32768.0,2.0,10
0.0,3.0,1.0,1.0,1.0,47.0,32.0,0.0,0.0,0.53125,32768.0,2.0,15
0.0,3.0,1.0,1.0,1.0,47.0,32.0,0.0,0.0,0.53125,32768.0,2.0,20
0.0,3.0,1.0,1.0,1.0,47.0,32.0,0.0,0.0,0.53125,32768.0,2.0,30
0.0,3.0,1.0,1.0,1.0,47.0,32.0,0.0,0.0,0.53125,32768.0,2.0,40
0.0,3.0,1.0,1.0,1.0,47.0,32.0,0.0,0.0,0.53125,32768.0,2.0,50
0.0,3.0,1.0,1.0,1.0,47.0,32.0,0.0,0.0,0.53125,32768.0,2.0,100
0.0,3.0,1.0,1.0,1.0,47.0,32.0,0.0,0.0,0.53125,32768.0,2.0,500
0.0,3.0,1.0,1.0,1.0,47.0,32.0,0.0,0.0,0.53125,32768.0,4.0,5
0.0,3.0,1.0,1.0,1.0,47.0,32.0,0.0,0.0,0.53125,32768.0,4.0,10
0.0,3.0,1.0,1.0,1.0,47.0,32.0,0.0,0.0,0.53125,32768.0,4.0,15
0.0,3.0,1.0,1.0,1.0,47.0,32.0,0.0,0.0,0.53125,32768.0,4.0,20
0.0,3.0,1.0,1.0,1.0,47.0,32.0,0.0,0.0,0.53125,32768.0,4.0,30
0.0,3.0,1.0,1.0,1.0,47.0,32.0,0.0,0.0,0.53125,32768.0,4.0,40
0.0,3.0,1.0,1.0,1.0,47.0,32.0,0.0,0.0,0.53125,32768.0,4.0,50
0.0,3.0,1.0,1.0,1.0,47.0,32.0,0.0,0.0,0.53125,32768.0,4.0,100
0.0,3.0,1.0,1.0,1.0,47.0,32.0,0.0,0.0,0.53125,32768.0,4.0,500
0.0,3.0,1.0,1.0,1.0,47.0,32.0,0.0,0.0,0.53125,32768.0,8.0,5
0.0,3.0,1.0,1.0,1.0,47.0,32.0,0.0,0.0,0.53125,32768.0,8.0,10
0.0,3.0,1.0,1.0,1.0,47.0,32.0,0.0,0.0,0.53125,32768.0,8.0,15
0.0,3.0,1.0,1.0,1.0,47.0,32.0,0.0,0.0,0.53125,32768.0,8.0,20
0.0,3.0,1.0,1.0,1.0,47.0,32.0,0.0,0.0,0.53125,32768.0,8.0,30
0.0,3.0,1.0,1.0,1.0,47.0,32.0,0.0,0.0,0.53125,32768.0,8.0,40
0.0,3.0,1.0,1.0,1.0,47.0,32.0,0.0,0.0,0.53125,32768.0,8.0,50
0.0,3.0,1.0,1.0,1.0,47.0,32.0,0.0,0.0,0.53125,32768.0,8.0,100
0.0,3.0,1.0,1.0,1.0,47.0,32.0,0.0,0.0,0.53125,32768.0,8.0,500
0.0,3.0,1.0,1.0,1.0,47.0,32.0,0.0,0.0,0.53125,32768.0,16.0,5
0.0,3.0,1.0,1.0,1.0,47.0,32.0,0.0,0.0,0.53125,32768.0,16.0,10
0.0,3.0,1.0,1.0,1.0,47.0,32.0,0.0,0.0,0.53125,32768.0,16.0,15
0.0,3.0,1.0,1.0,1.0,47.0,32.0,0.0,0.0,0.53125,32768.0,16.0,20
0.0,3.0,1.0,1.0,1.0,47.0,32.0,0.0,0.0,0.53125,32768.0,16.0,30
0.0,3.0,1.0,1.0,1.0,47.0,32.0,0.0,0.0,0.53125,32768.0,16.0,40
0.0,3.0,1.0,1.0,1.0,47.0,32.0,0.0,0.0,0.53125,32768.0,16.0,50
0.0,3.0,1.0,1.0,1.0,47.0,32.0,0.0,0.0,0.53125,32768.0,16.0,100
0.0,3.0,1.0,1.0,1.0,47.0,32.0,0.0,0.0,0.53125,32768.0,16.0,500
0.0,3.0,1.0,1.0,1.0,47.0,32.0,0.0,0.0,0.53125,32768.0,32.0,5
0.0,3.0,1.0,1.0,1.0,47.0,32.0,0.0,0.0,0.53125,32768.0,32.0,10
0.0,3.0,1.0,1.0,1.0,47.0,32.0,0.0,0.0,0.53125,32768.0,32.0,15
0.0,3.0,1.0,1.0,1.0,47.0,32.0,0.0,0.0,0.53125,32768.0,32.0,20
0.0,3.0,1.0,1.0,1.0,47.0,32.0,0.0,0.0,0.53125,32768.0,32.0,30
0.0,3.0,1.0,1.0,1.0,47.0,32.0,0.0,0.0,0.53125,32768.0,32.0,40
0.0,3.0,1.0,1.0,1.0,47.0,32.0,0.0,0.0,0.53125,32768.0,32.0,50
0.0,3.0,1.0,1.0,1.0,47.0,32.0,0.0,0.0,0.53125,32768.0,32.0,100
0.0,3.0,1.0,1.0,1.0,47.0,32.0,0.0,0.0,0.53125,32768.0,32.0,500
0.0,3.0,1.0,1.0,1.0,47.0,32.0,0.0,0.0,0.53125,32768.0,64.0,5
0.0,3.0,1.0,1.0,1.0,47.0,32.0,0.0,0.0,0.53125,32768.0,64.0,10
0.0,3.0,1.0,1.0,1.0,47.0,32.0,0.0,0.0,0.53125,32768.0,64.0,15
0.0,3.0,1.0,1.0,1.0,47.0,32.0,0.0,0.0,0.53125,32768.0,64.0,20
0.0,3.0,1.0,1.0,1.0,47.0,32.0,0.0,0.0,0.53125,32768.0,64.0,30
0.0,3.0,1.0,1.0,1.0,47.0,32.0,0.0,0.0,0.53125,32768.0,64.0,40
0.0,3.0,1.0,1.0,1.0,47.0,32.0,0.0,0.0,0.53125,32768.0,64.0,50
0.0,3.0,1.0,1.0,1.0,47.0,32.0,0.0,0.0,0.53125,32768.0,64.0,100
0.0,3.0,1.0,1.0,1.0,47.0,32.0,0.0,0.0,0.53125,32768.0,64.0,500
0.0,3.0,1.0,1.0,1.0,47.0,32.0,0.0,0.0,0.53125,32768.0,128.0,5
0.0,3.0,1.0,1.0,1.0,47.0,32.0,0.0,0.0,0.53125,32768.0,128.0,10
0.0,3.0,1.0,1.0,1.0,47.0,32.0,0.0,0.0,0.53125,32768.0,128.0,15
0.0,3.0,1.0,1.0,1.0,47.0,32.0,0.0,0.0,0.53125,32768.0,128.0,20
0.0,3.0,1.0,1.0,1.0,47.0,32.0,0.0,0.0,0.53125,32768.0,128.0,30
0.0,3.0,1.0,1.0,1.0,47.0,32.0,0.0,0.0,0.53125,32768.0,128.0,40
0.0,3.0,1.0,1.0,1.0,47.0,32.0,0.0,0.0,0.53125,32768.0,128.0,50
0.0,3.0,1.0,1.0,1.0,47.0,32.0,0.0,0.0,0.53125,32768.0,128.0,100
0.0,3.0,1.0,1.0,1.0,47.0,32.0,0.0,0.0,0.53125,32768.0,128.0,500
0.0,3.0,1.0,1.0,1.0,47.0,32.0,0.0,0.0,0.53125,32768.0,256.0,5
0.0,3.0,1.0,1.0,1.0,47.0,32.0,0.0,0.0,0.53125,32768.0,256.0,10
0.0,3.0,1.0,1.0,1.0,47.0,32.0,0.0,0.0,0.53125,32768.0,256.0,15
0.0,3.0,1.0,1.0,1.0,47.0,32.0,0.0,0.0,0.53125,32768.0,256.0,20
0.0,3.0,1.0,1.0,1.0,47.0,32.0,0.0,0.0,0.53125,32768.0,256.0,30
0.0,3.0,1.0,1.0,1.0,47.0,32.0,0.0,0.0,0.53125,32768.0,256.0,40
0.0,3.0,1.0,1.0,1.0,47.0,32.0,0.0,0.0,0.53125,32768.0,256.0,50
0.0,3.0,1.0,1.0,1.0,47.0,32.0,0.0,0.0,0.53125,32768.0,256.0,100
0.0,3.0,1.0,1.0,1.0,47.0,32.0,0.0,0.0,0.53125,32768.0,256.0,500
0.0,3.0,1.0,1.0,1.0,47.0,32.0,0.0,0.0,0.53125,32768.0,512.0,5
0.0,3.0,1.0,1.0,1.0,47.0,32.0,0.0,0.0,0.53125,32768.0,512.0,10
0.0,3.0,1.0,1.0,1.0,47.0,32.0,0.0,0.0,0.53125,32768.0,512.0,15
0.0,3.0,1.0,1.0,1.0,47.0,32.0,0.0,0.0,0.53125,32768.0,512.0,20
0.0,3.0,1.0,1.0,1.0,47.0,32.0,0.0,0.0,0.53125,32768.0,512.0,30
0.0,3.0,1.0,1.0,1.0,47.0,32.0,0.0,0.0,0.53125,32768.0,512.0,40
0.0,3.0,1.0,1.0,1.0,47.0,32.0,0.0,0.0,0.53125,32768.0,512.0,50
0.0,3.0,1.0,1.0,1.0,47.0,32.0,0.0,0.0,0.53125,32768.0,512.0,100
0.0,3.0,1.0,1.0,1.0,47.0,32.0,0.0,0.0,0.53125,32768.0,512.0,500
0.0,3.0,1.0,1.0,1.0,47.0,32.0,0.0,0.0,0.53125,32768.0,1024.0,5
0.0,3.0,1.0,1.0,1.0,47.0,32.0,0.0,0.0,0.53125,32768.0,1024.0,10
0.0,3.0,1.0,1.0,1.0,47.0,32.0,0.0,0.0,0.53125,32768.0,1024.0,15
0.0,3.0,1.0,1.0,1.0,47.0,32.0,0.0,0.0,0.53125,32768.0,1024.0,20
0.0,3.0,1.0,1.0,1.0,47.0,32.0,0.0,0.0,0.53125,32768.0,1024.0,30
0.0,3.0,1.0,1.0,1.0,47.0,32.0,0.0,0.0,0.53125,32768.0,1024.0,40
0.0,3.0,1.0,1.0,1.0,47.0,32.0,0.0,0.0,0.53125,32768.0,1024.0,50
0.0,3.0,1.0,1.0,1.0,47.0,32.0,0.0,0.0,0.53125,32768.0,1024.0,100
0.0,3.0,1.0,1.0,1.0,47.0,32.0,0.0,0.0,0.53125,32768.0,1024.0,500
0.0,3.0,1.0,1.0,1.0,47.0,32.0,0.0,0.0,0.53125,32768.0,2048.0,5
0.0,3.0,1.0,1.0,1.0,47.0,32.0,0.0,0.0,0.53125,32768.0,2048.0,10
0.0,3.0,1.0,1.0,1.0,47.0,32.0,0.0,0.0,0.53125,32768.0,2048.0,15
0.0,3.0,1.0,1.0,1.0,47.0,32.0,0.0,0.0,0.53125,32768.0,2048.0,20
0.0,3.0,1.0,1.0,1.0,47.0,32.0,0.0,0.0,0.53125,32768.0,2048.0,30
0.0,3.0,1.0,1.0,1.0,47.0,32.0,0.0,0.0,0.53125,32768.0,2048.0,40
0.0,3.0,1.0,1.0,1.0,47.0,32.0,0.0,0.0,0.53125,32768.0,2048.0,50
0.0,3.0,1.0,1.0,1.0,47.0,32.0,0.0,0.0,0.53125,32768.0,2048.0,100
0.0,3.0,1.0,1.0,1.0,47.0,32.0,0.0,0.0,0.53125,32768.0,2048.0,500
0.0,3.0,1.0,1.0,1.0,47.0,32.0,0.0,0.0,0.53125,32768.0,4096.0,5
0.0,3.0,1.0,1.0,1.0,47.0,32.0,0.0,0.0,0.53125,32768.0,4096.0,10
0.0,3.0,1.0,1.0,1.0,47.0,32.0,0.0,0.0,0.53125,32768.0,4096.0,15
0.0,3.0,1.0,1.0,1.0,47.0,32.0,0.0,0.0,0.53125,32768.0,4096.0,20
0.0,3.0,1.0,1.0,1.0,47.0,32.0,0.0,0.0,0.53125,32768.0,4096.0,30
0.0,3.0,1.0,1.0,1.0,47.0,32.0,0.0,0.0,0.53125,32768.0,4096.0,40
0.0,3.0,1.0,1.0,1.0,47.0,32.0,0.0,0.0,0.53125,32768.0,4096.0,50
0.0,3.0,1.0,1.0,1.0,47.0,32.0,0.0,0.0,0.53125,32768.0,4096.0,100
0.0,3.0,1.0,1.0,1.0,47.0,32.0,0.0,0.0,0.53125,32768.0,4096.0,500
0.0,3.0,1.0,1.0,1.0,47.0,32.0,0.0,0.0,0.53125,32768.0,8192.0,5
0.0,3.0,1.0,1.0,1.0,47.0,32.0,0.0,0.0,0.53125,32768.0,8192.0,10
0.0,3.0,1.0,1.0,1.0,47.0,32.0,0.0,0.0,0.53125,32768.0,8192.0,15
0.0,3.0,1.0,1.0,1.0,47.0,32.0,0.0,0.0,0.53125,32768.0,8192.0,20
0.0,3.0,1.0,1.0,1.0,47.0,32.0,0.0,0.0,0.53125,32768.0,8192.0,30
0.0,3.0,1.0,1.0,1.0,47.0,32.0,0.0,0.0,0.53125,32768.0,8192.0,40
0.0,3.0,1.0,1.0,1.0,47.0,32.0,0.0,0.0,0.53125,32768.0,8192.0,50
0.0,3.0,1.0,1.0,1.0,47.0,32.0,0.0,0.0,0.53125,32768.0,8192.0,100
0.0,3.0,1.0,1.0,1.0,47.0,32.0,0.0,0.0,0.53125,32768.0,8192.0,500
0.0,3.0,1.0,1.0,1.0,47.0,32.0,0.0,0.0,0.53125,32768.0,16384.0,5
0.0,3.0,1.0,1.0,1.0,47.0,32.0,0.0,0.0,0.53125,32768.0,16384.0,10
0.0,3.0,1.0,1.0,1.0,47.0,32.0,0.0,0.0,0.53125,32768.0,16384.0,15
0.0,3.0,1.0,1.0,1.0,47.0,32.0,0.0,0.0,0.53125,32768.0,16384.0,20
0.0,3.0,1.0,1.0,1.0,47.0,32.0,0.0,0.0,0.53125,32768.0,16384.0,30
0.0,3.0,1.0,1.0,1.0,47.0,32.0,0.0,0.0,0.53125,32768.0,16384.0,40
0.0,3.0,1.0,1.0,1.0,47.0,32.0,0.0,0.0,0.53125,32768.0,16384.0,50
0.0,3.0,1.0,1.0,1.0,47.0,32.0,0.0,0.0,0.53125,32768.0,16384.0,100
0.0,3.0,1.0,1.0,1.0,47.0,32.0,0.0,0.0,0.53125,32768.0,16384.0,500
0.0,3.0,1.0,1.0,1.0,47.0,32.0,0.0,0.0,0.53125,32768.0,32768.0,5
0.0,3.0,1.0,1.0,1.0,47.0,32.0,0.0,0.0,0.53125,32768.0,32768.0,10
0.0,3.0,1.0,1.0,1.0,47.0,32.0,0.0,0.0,0.53125,32768.0,32768.0,15
0.0,3.0,1.0,1.0,1.0,47.0,32.0,0.0,0.0,0.53125,32768.0,32768.0,20
0.0,3.0,1.0,1.0,1.0,47.0,32.0,0.0,0.0,0.53125,32768.0,32768.0,30
0.0,3.0,1.0,1.0,1.0,47.0,32.0,0.0,0.0,0.53125,32768.0,32768.0,40
0.0,3.0,1.0,1.0,1.0,47.0,32.0,0.0,0.0,0.53125,32768.0,32768.0,50
0.0,3.0,1.0,1.0,1.0,47.0,32.0,0.0,0.0,0.53125,32768.0,32768.0,100
0.0,3.0,1.0,1.0,1.0,47.0,32.0,0.0,0.0,0.53125,32768.0,32768.0,500
