model,dataset,max_trees,no_trees,depth,alpha,train_loss,test_accuracy,nodes
lgbm_base,breastcancer,8,8,8,0.0,0.9736263736263736,0.9035087719298246,216
lgbm_quant,breastcancer,8,8,8,0.0,0.9736263736263736,0.9035087719298246,216
lgbm_base,breastcancer,1,1,1,0.0,0.6263736263736264,0.631578947368421,3
lgbm_quant,breastcancer,1,1,1,0.0,0.6263736263736264,0.631578947368421,3
lgbm_base,breastcancer,32,32,1,0.0,0.9736263736263736,0.9298245614035088,96
lgbm_quant,breastcancer,32,32,1,0.0,0.9736263736263736,0.9298245614035088,96
lgbm_base,breastcancer,64,64,2,0.0,0.9978021978021978,0.956140350877193,448
lgbm_quant,breastcancer,64,64,2,0.0,0.9978021978021978,0.956140350877193,448
lgbm_base,kin8nm,2,2,2,0.0,0.06249043310550876,0.06185041583974018,14
lgbm_quant,kin8nm,2,2,2,0.0,0.0625141298829601,0.06187369781447242,14
lgbm_base,mushroom,8,8,8,0.0,0.9932297276504077,0.9938461538461538,444
lgbm_quant,mushroom,8,8,8,0.0,0.9932297276504077,0.9938461538461538,444
lgbm_base,kin8nm,4,4,4,0.0,0.05352686127477812,0.05381086130577513,124
lgbm_base,mushroom,4,4,4,0.0,0.974457608862902,0.9766153846153847,104
lgbm_quant,kin8nm,4,4,4,0.0,0.05351860542871645,0.05380240659906313,124
lgbm_base,mushroom,2,2,2,0.0,0.9099861517156486,0.9144615384615384,14
lgbm_quant,mushroom,4,4,4,0.0,0.974457608862902,0.9766153846153847,104
lgbm_quant,mushroom,2,2,2,0.0,0.9099861517156486,0.9144615384615384,14
lgbm_base,california_housing,2,2,2,0.0,1.1303896744626412,1.1120305918300426,14
lgbm_quant,california_housing,2,2,2,0.0,1.130509481977278,1.1121131245658809,14
lgbm_base,mushroom,1024,1024,1,0.0,0.9995383905216187,0.9969230769230769,3072
lgbm_base,kin8nm,8,8,8,0.0,0.03914311842925161,0.041868032688729656,488
lgbm_quant,kin8nm,8,8,8,0.0,0.039143337270645034,0.041869466310083134,488
lgbm_base,mushroom,64,64,2,0.0,0.9986151715648561,0.9956923076923077,446
lgbm_quant,mushroom,64,64,2,0.0,0.9986151715648561,0.9956923076923077,446
lgbm_base,kin8nm,32,32,1,0.0,0.0471037549145804,0.0469945426646895,96
lgbm_quant,kin8nm,32,32,1,0.0,0.047114522583653805,0.047000465056759554,96
lgbm_base,mushroom,32,32,1,0.0,0.9615325434682259,0.9593846153846154,96
lgbm_quant,mushroom,32,32,1,0.0,0.9615325434682259,0.9593846153846154,96
lgbm_base,california_housing,1,1,1,0.0,1.2571914647574123,1.237422852167543,3
lgbm_quant,california_housing,1,1,1,0.0,1.256904968132225,1.237117587262942,3
lgbm_base,california_housing,32,32,1,0.0,0.6551279079281752,0.6496963251181734,96
lgbm_quant,california_housing,32,32,1,0.0,0.655163783308851,0.649512949618973,96
lgbm_quant,mushroom,1024,1024,1,0.0,0.9995383905216187,0.9969230769230769,3072
lgbm_base,kin8nm,1,1,1,0.0,0.06658372588648219,0.06571994905758295,3
lgbm_quant,kin8nm,1,1,1,0.0,0.06661840755152956,0.06575313140256238,3
lgbm_base,california_housing,4,4,4,0.0,0.8783111467007421,0.8673407138602505,124
lgbm_base,california_housing,8,8,8,0.0,0.566579991909233,0.57275698055909,488
lgbm_quant,california_housing,4,4,4,0.0,0.878308697906837,0.8672320029782438,124
lgbm_quant,california_housing,8,8,8,0.0,0.5670962944009978,0.5728546742733722,488
lgbm_base,california_housing,64,64,2,0.0,0.36359749075646414,0.3732622718254695,448
lgbm_base,california_housing,128,128,4,0.0,0.20704679392944922,0.2459004993043005,3676
lgbm_quant,california_housing,64,64,2,0.0,0.36648036983933485,0.3751763615602612,448
lgbm_base,mushroom,128,128,4,0.0,1.0,1.0,3614
lgbm_quant,mushroom,128,128,4,0.0,1.0,1.0,3614
lgbm_base,california_housing,1024,1024,1,0.0,0.31910223695198586,0.3354406092418929,3072
lgbm_quant,california_housing,128,128,4,0.0,0.21277202173979182,0.24904433018364872,3676
lgbm_base,mushroom,256,256,8,0.0,1.0,1.0,7888
lgbm_base,california_housing,256,256,8,0.0,0.10667704131274258,0.20360432200687767,15616
lgbm_quant,mushroom,256,256,8,0.0,1.0,1.0,7888
lgbm_quant,california_housing,1024,1024,1,0.0,0.32319146775451923,0.33851841784297093,3072
lgbm_quant,california_housing,256,256,8,0.0,46.47844368973854,46.273989468708685,15616
lgbm_base,mushroom,1,1,1,0.0,0.7905831666410217,0.788923076923077,3
lgbm_quant,mushroom,1,1,1,0.0,0.7905831666410217,0.788923076923077,3
lgbm_base,breastcancer,8,8,4,0.0,0.9714285714285714,0.9122807017543859,122
lgbm_quant,breastcancer,8,8,4,0.0,0.9714285714285714,0.9122807017543859,122
lgbm_base,breastcancer,64,64,1,0.0,0.989010989010989,0.956140350877193,192
lgbm_quant,breastcancer,64,64,1,0.0,0.989010989010989,0.956140350877193,192
lgbm_base,breastcancer,16,16,8,0.0,0.9912087912087912,0.956140350877193,458
lgbm_quant,breastcancer,16,16,8,0.0,0.9912087912087912,0.956140350877193,458
lgbm_base,covtype,128,128,4,0.0,0.8022478050123815,0.8003407829401995,3880
lgbm_base,mushroom,4,4,2,0.0,0.9146022464994614,0.9181538461538462,28
lgbm_quant,mushroom,4,4,2,0.0,0.9146022464994614,0.9181538461538462,28
lgbm_base,kin8nm,16,16,8,0.0,0.028080521520439775,0.03208655848318303,976
lgbm_quant,kin8nm,16,16,8,0.0,0.17895167668058384,0.20055559808933104,976
lgbm_base,mushroom,2,2,1,0.0,0.7905831666410217,0.788923076923077,6
lgbm_quant,mushroom,2,2,1,0.0,0.7905831666410217,0.788923076923077,6
lgbm_base,mushroom,8,8,4,0.0,0.9890752423449761,0.9870769230769231,204
lgbm_quant,mushroom,8,8,4,0.0,0.9890752423449761,0.9870769230769231,204
lgbm_base,mushroom,128,128,2,0.0,0.9995383905216187,0.9969230769230769,894
lgbm_quant,mushroom,128,128,2,0.0,0.9995383905216187,0.9969230769230769,894
lgbm_base,kin8nm,4,4,2,0.0,0.05742569222437234,0.056894705618560894,28
lgbm_quant,kin8nm,4,4,2,0.0,0.057444817091444944,0.05691363524699681,28
lgbm_base,mushroom,16,16,8,0.0,0.9941529466071704,0.9950769230769231,932
lgbm_quant,mushroom,16,16,8,0.0,0.9941529466071704,0.9950769230769231,932
lgbm_base,kin8nm,2,2,1,0.0,0.06407253355180217,0.06332043023817106,6
lgbm_quant,kin8nm,2,2,1,0.0,0.06410342314112352,0.06334986057501873,6
lgbm_base,kin8nm,8,8,4,0.0,0.0449117416235573,0.04617585083930555,248
lgbm_quant,kin8nm,8,8,4,0.0,0.04490679469708213,0.04617016758915147,248
lgbm_base,california_housing,8,8,4,0.0,0.6506005378179411,0.6504796622887956,248
lgbm_base,california_housing,2,2,1,0.0,1.1918025641988952,1.174974594389737,6
lgbm_quant,california_housing,8,8,4,0.0,0.6508612643613242,0.6505032631746447,248
lgbm_quant,california_housing,2,2,1,0.0,1.1915602400207266,1.1747120929546724,6
lgbm_base,california_housing,4,4,2,0.0,0.986294289843436,0.9708711976585527,28
lgbm_quant,california_housing,4,4,2,0.0,0.9863923797372074,0.9708666178792957,28
lgbm_base,mushroom,64,64,1,0.0,0.9755346976457917,0.9723076923076923,192
lgbm_quant,mushroom,64,64,1,0.0,0.9755346976457917,0.9723076923076923,192
lgbm_base,california_housing,64,64,1,0.0,0.5335258158568013,0.5363978439843251,192
lgbm_base,california_housing,16,16,8,0.0,0.3588496142296239,0.3796890145894118,976
lgbm_quant,california_housing,64,64,1,0.0,0.5337965339305472,0.5365554623082076,192
lgbm_base,california_housing,128,128,2,0.0,0.2956717498345895,0.31192518215334547,896
lgbm_quant,california_housing,16,16,8,0.0,0.36112067132442227,0.3813713104204893,976
lgbm_base,kin8nm,64,64,2,0.0,0.03491596515150647,0.03648182297126774,448
lgbm_quant,kin8nm,64,64,2,0.0,0.034921441039889915,0.036486569246572724,448
lgbm_quant,california_housing,128,128,2,0.0,0.29980022893070646,0.3151962877872231,896
lgbm_base,mushroom,256,256,4,0.0,1.0,1.0,5648
lgbm_quant,mushroom,256,256,4,0.0,1.0,1.0,5648
lgbm_base,mushroom,512,512,8,0.0,1.0,1.0,8688
lgbm_base,california_housing,256,256,4,0.0,0.17112995231057285,0.22190570492665868,7224
lgbm_base,california_housing,512,512,8,0.0,0.06862601843421845,0.19676950906380525,31222
lgbm_quant,california_housing,256,256,4,0.0,5.770482191899997,5.852569330414131,7224
lgbm_quant,covtype,128,128,4,0.0,0.8021337796815466,0.8002633322719723,3880
lgbm_quant,california_housing,512,512,8,0.0,108.98367573295698,109.4977110966352,31222
lgbm_base,breastcancer,32,32,8,0.0,0.9978021978021978,0.956140350877193,978
lgbm_quant,breastcancer,32,32,8,0.0,0.9978021978021978,0.956140350877193,978
lgbm_base,breastcancer,1,1,8,0.0,0.6263736263736264,0.631578947368421,19
lgbm_quant,breastcancer,1,1,8,0.0,0.6263736263736264,0.631578947368421,19
lgbm_base,breastcancer,16,16,4,0.0,0.9868131868131869,0.9473684210526315,254
lgbm_quant,breastcancer,16,16,4,0.0,0.9868131868131869,0.9473684210526315,254
lgbm_base,covtype,256,256,8,0.0,0.8733006460718273,0.8695386521862603,15616
lgbm_base,kin8nm,128,128,4,0.0,0.016087903054176213,0.021748593210942194,3440
lgbm_quant,kin8nm,128,128,4,0.0,0.08194065531942782,0.08859516207748852,3440
lgbm_base,breastcancer,8,8,2,0.0,0.9692307692307692,0.9122807017543859,56
lgbm_quant,breastcancer,8,8,2,0.0,0.9692307692307692,0.9122807017543859,56
lgbm_base,kin8nm,8,8,2,0.0,0.051531293028787346,0.0511760271831572,56
lgbm_quant,kin8nm,8,8,2,0.0,0.05154508552664159,0.05118976201662772,56
lgbm_base,mushroom,4,4,1,0.0,0.8015079242960456,0.8043076923076923,12
lgbm_quant,mushroom,4,4,1,0.0,0.8015079242960456,0.8043076923076923,12
lgbm_base,kin8nm,16,16,4,0.0,0.036102361420251805,0.03817939673874979,496
lgbm_quant,kin8nm,16,16,4,0.0,0.03610145950316036,0.03817654231373498,496
lgbm_base,kin8nm,4,4,1,0.0,0.060242187313213166,0.05960967785637079,12
lgbm_quant,kin8nm,4,4,1,0.0,0.06026883521863589,0.059634919042974605,12
lgbm_base,mushroom,16,16,4,0.0,0.9936913371287891,0.9907692307692307,424
lgbm_quant,mushroom,16,16,4,0.0,0.9936913371287891,0.9907692307692307,424
lgbm_base,california_housing,16,16,4,0.0,0.45192401600138277,0.46322393273706686,496
lgbm_quant,california_housing,16,16,4,0.0,0.4524471370091287,0.4633155466567582,496
lgbm_base,mushroom,1024,1024,8,0.0,1.0,1.0,10224
lgbm_quant,mushroom,1024,1024,8,0.0,1.0,1.0,10224
lgbm_base,mushroom,8,8,2,0.0,0.9719956916448684,0.9716923076923077,56
lgbm_quant,mushroom,8,8,2,0.0,0.9719956916448684,0.9716923076923077,56
lgbm_base,kin8nm,1,1,8,0.0,0.06374587702390558,0.06330612480270494,61
lgbm_quant,kin8nm,1,1,8,0.0,0.06374869773905659,0.063308798609156,61
lgbm_base,kin8nm,64,64,1,0.0,0.04308723522096173,0.04341597561697392,192
lgbm_base,california_housing,8,8,2,0.0,0.8086329001871687,0.8005023102471456,56
lgbm_quant,california_housing,8,8,2,0.0,0.8088203506558498,0.8003691413730403,56
lgbm_quant,kin8nm,64,64,1,0.0,0.04309668663485779,0.04341918958865332,192
lgbm_base,mushroom,32,32,8,0.0,1.0,1.0,1908
lgbm_base,mushroom,1,1,8,0.0,0.991998769041391,0.9901538461538462,49
lgbm_quant,mushroom,1,1,8,0.0,0.991998769041391,0.9901538461538462,49
lgbm_quant,mushroom,32,32,8,0.0,1.0,1.0,1908
lgbm_base,mushroom,128,128,1,0.0,0.9818433605170026,0.9766153846153847,384
lgbm_quant,mushroom,128,128,1,0.0,0.9818433605170026,0.9766153846153847,384
lgbm_base,california_housing,4,4,1,0.0,1.0865705184244836,1.0700743849083598,12
lgbm_quant,california_housing,4,4,1,0.0,1.0863924949109707,1.0698747134397035,12
lgbm_base,california_housing,1,1,8,0.0,1.1666624801332852,1.149993495354419,61
lgbm_quant,california_housing,1,1,8,0.0,1.1663837913623623,1.1496499108303841,61
lgbm_base,california_housing,128,128,1,0.0,0.4399824060831339,0.4463184656114447,384
lgbm_base,california_housing,32,32,8,0.0,0.2399762869221971,0.27566697242875654,1952
lgbm_quant,california_housing,128,128,1,0.0,0.4408909712223979,0.4466840311041212,384
lgbm_base,california_housing,256,256,2,0.0,0.2591399624140246,0.2809320343131448,1792
lgbm_base,mushroom,256,256,2,0.0,1.0,1.0,1786
lgbm_quant,california_housing,32,32,8,0.0,0.2447331157320158,0.27808459623759435,1952
lgbm_quant,mushroom,256,256,2,0.0,1.0,1.0,1786
lgbm_quant,california_housing,256,256,2,0.0,0.2646492377185097,0.28441228938288865,1792
lgbm_base,mushroom,512,512,4,0.0,1.0,1.0,6654
lgbm_quant,covtype,256,256,8,0.0,0.8732016806903481,0.8694784127776392,15616
lgbm_quant,mushroom,512,512,4,0.0,1.0,1.0,6654
lgbm_base,california_housing,512,512,4,0.0,0.13667970640772056,0.20748821455793928,13966
lgbm_quant,california_housing,512,512,4,0.0,121.85913937607044,122.50533848738715,13966
lgbm_base,covtype,128,128,2,0.0,0.7705164917202549,0.7695670507646102,896
lgbm_base,california_housing,1024,1024,8,0.0,0.03519389654962624,0.19621574313127896,62382
lgbm_base,covtype,1024,1024,1,0.0,0.7730272004199574,0.772449936748621,3072
lgbm_base,breastcancer,64,64,8,0.0,1.0,0.9473684210526315,2186
lgbm_quant,breastcancer,64,64,8,0.0,1.0,0.9473684210526315,2186
lgbm_quant,covtype,128,128,2,0.0,0.7704820689788708,0.7695498395050042,896
lgbm_base,breastcancer,32,32,4,0.0,0.9978021978021978,0.956140350877193,534
lgbm_quant,breastcancer,32,32,4,0.0,0.9978021978021978,0.956140350877193,534
lgbm_base,breastcancer,1,1,4,0.0,0.6263736263736264,0.631578947368421,15
lgbm_quant,breastcancer,1,1,4,0.0,0.6263736263736264,0.631578947368421,15
lgbm_quant,california_housing,1024,1024,8,0.0,992.9337219188902,989.0341802181858,62382
lgbm_base,kin8nm,128,128,2,0.0,0.031568748525203805,0.033886320098490776,892
lgbm_quant,kin8nm,128,128,2,0.0,0.03158196296215575,0.033900722029034845,892
lgbm_base,breastcancer,16,16,2,0.0,0.9846153846153847,0.956140350877193,112
lgbm_quant,breastcancer,16,16,2,0.0,0.9846153846153847,0.956140350877193,112
lgbm_base,covtype,256,256,4,0.0,0.8199604568758351,0.8172078173541131,7686
lgbm_base,kin8nm,16,16,2,0.0,0.04618643385148057,0.04600115078282011,112
lgbm_quant,kin8nm,16,16,2,0.0,0.04619533002131076,0.04600904330625457,112
lgbm_base,kin8nm,8,8,1,0.0,0.05560946173522016,0.05509806783230948,24
lgbm_quant,kin8nm,8,8,1,0.0,0.055628315606140684,0.05511561921351816,24
lgbm_base,mushroom,64,64,8,0.0,1.0,1.0,3860
lgbm_quant,mushroom,64,64,8,0.0,1.0,1.0,3860
lgbm_base,mushroom,2,2,8,0.0,0.9935374673026619,0.9938461538461538,100
lgbm_quant,mushroom,2,2,8,0.0,0.9935374673026619,0.9938461538461538,100
lgbm_base,breastcancer,128,128,1,0.0,0.9956043956043956,0.956140350877193,384
lgbm_quant,breastcancer,128,128,1,0.0,0.9956043956043956,0.956140350877193,384
lgbm_base,mushroom,1,1,4,0.0,0.974457608862902,0.9766153846153847,27
lgbm_quant,mushroom,1,1,4,0.0,0.974457608862902,0.9766153846153847,27
lgbm_base,mushroom,8,8,1,0.0,0.907524234497615,0.9070769230769231,24
lgbm_quant,mushroom,8,8,1,0.0,0.907524234497615,0.9070769230769231,24
lgbm_base,california_housing,1,1,4,0.0,1.1875041391546586,1.1701520429186951,31
lgbm_quant,california_housing,1,1,4,0.0,1.1874248644562388,1.1700822378434739,31
lgbm_base,mushroom,32,32,4,0.0,0.9995383905216187,0.9969230769230769,872
lgbm_quant,mushroom,32,32,4,0.0,0.9995383905216187,0.9969230769230769,872
lgbm_base,kin8nm,32,32,8,0.0,0.01870107085783231,0.023554861801335168,1952
lgbm_quant,kin8nm,32,32,8,0.0,0.17006592866855944,0.19253933201832682,1952
lgbm_base,kin8nm,2,2,8,0.0,0.05842722766343638,0.058796701938589234,122
lgbm_quant,kin8nm,2,2,8,0.0,0.05843041895600039,0.058799520896681175,122
lgbm_base,kin8nm,1,1,4,0.0,0.06465583152910268,0.0640306547183942,31
lgbm_quant,kin8nm,1,1,4,0.0,0.06464107108087012,0.06401856673664603,31
lgbm_base,kin8nm,256,256,8,0.0,0.003452596588859475,0.011717391748291816,15002
lgbm_base,mushroom,16,16,2,0.0,0.9818433605170026,0.9766153846153847,112
lgbm_quant,mushroom,16,16,2,0.0,0.9818433605170026,0.9766153846153847,112
lgbm_base,california_housing,2,2,8,0.0,1.0300310849277516,1.0178297133298289,122
lgbm_quant,california_housing,2,2,8,0.0,1.0298391466611192,1.0174684798572964,122
lgbm_quant,kin8nm,256,256,8,0.0,41.956243373404995,41.74376489078864,15002
lgbm_base,california_housing,256,256,1,0.0,0.3814915871877942,0.3929805822968683,768
lgbm_base,kin8nm,128,128,1,0.0,0.039807299519856086,0.040758603570320864,384
lgbm_base,mushroom,256,256,1,0.0,0.9881520233882136,0.9833846153846154,768
lgbm_quant,california_housing,256,256,1,0.0,0.38355871660551305,0.3940442811251406,768
lgbm_quant,kin8nm,128,128,1,0.0,0.0398161506175692,0.04075908949384891,384
lgbm_base,california_housing,16,16,2,0.0,0.6362157305603136,0.6323536991506009,112
lgbm_base,california_housing,8,8,1,0.0,0.943005953636615,0.92824597487583,24
lgbm_base,california_housing,64,64,8,0.0,0.1871866743463091,0.2391053434995106,3904
lgbm_base,california_housing,32,32,4,0.0,0.31254015475590863,0.3326257816563209,980
lgbm_quant,california_housing,16,16,2,0.0,0.6364540681822883,0.6322554004731936,112
lgbm_quant,mushroom,256,256,1,0.0,0.9881520233882136,0.9833846153846154,768
lgbm_quant,california_housing,8,8,1,0.0,0.3159033798854999,0.3351683561245558,24
lgbm_base,mushroom,512,512,2,0.0,1.0,1.0,3578
lgbm_quant,california_housing,64,64,8,0.0,1.1442856441973435,1.2017038694372046,3904
lgbm_quant,mushroom,512,512,2,0.0,1.0,1.0,3578
lgbm_quant,covtype,1024,1024,1,0.0,0.7730551688973321,0.7725359930466511,3072
lgbm_base,california_housing,512,512,2,0.0,0.23145478274157386,0.25719888908338934,3584
lgbm_base,mushroom,1024,1024,4,0.0,1.0,1.0,8192
lgbm_base,california_housing,1024,1024,4,0.0,0.09965066278283122,0.19774940993977863,27588
lgbm_quant,california_housing,512,512,2,0.0,1.4866964272715637,1.521785551906993,3584
lgbm_quant,mushroom,1024,1024,4,0.0,1.0,1.0,8192
lgbm_quant,covtype,256,256,4,0.0,0.8198528858090097,0.8170615216474618,7686
lgbm_quant,california_housing,1024,1024,4,0.0,91.44376613537324,88.2183450426436,27588
lgbm_base,breastcancer,1,1,2,0.0,0.6263736263736264,0.631578947368421,7
lgbm_quant,breastcancer,1,1,2,0.0,0.6263736263736264,0.631578947368421,7
lgbm_base,breastcancer,16,16,1,0.0,0.9538461538461539,0.9122807017543859,48
lgbm_quant,breastcancer,16,16,1,0.0,0.9538461538461539,0.9122807017543859,48
lgbm_base,breastcancer,32,32,2,0.0,0.9934065934065934,0.956140350877193,224
lgbm_quant,breastcancer,32,32,2,0.0,0.9934065934065934,0.956140350877193,224
lgbm_base,breastcancer,64,64,4,0.0,1.0,0.9473684210526315,1172
lgbm_quant,breastcancer,64,64,4,0.0,1.0,0.9473684210526315,1172
lgbm_base,covtype,128,128,1,0.0,0.7491894520114714,0.7495933839918074,384
lgbm_quant,covtype,128,128,1,0.0,0.7492281775955285,0.7496708346600346,384
lgbm_base,kin8nm,2,2,4,0.0,0.060387727111752075,0.060048224837302766,62
lgbm_quant,kin8nm,2,2,4,0.0,0.06037497698688602,0.0600378102466975,62
lgbm_base,kin8nm,4,4,8,0.0,0.05015645919316184,0.051383464802369425,244
lgbm_quant,kin8nm,4,4,8,0.0,0.050159511132915495,0.0513860094213255,244
lgbm_base,kin8nm,32,32,4,0.0,0.028348701298589202,0.031612003772535924,988
lgbm_quant,kin8nm,32,32,4,0.0,0.028356213432656714,0.03160917003127965,988
lgbm_base,mushroom,2,2,4,0.0,0.974457608862902,0.9766153846153847,54
lgbm_base,mushroom,16,16,1,0.0,0.9292198799815357,0.931076923076923,48
lgbm_quant,mushroom,2,2,4,0.0,0.974457608862902,0.9766153846153847,54
lgbm_quant,mushroom,16,16,1,0.0,0.9292198799815357,0.931076923076923,48
lgbm_base,mushroom,4,4,8,0.0,0.9936913371287891,0.9944615384615385,206
lgbm_quant,mushroom,4,4,8,0.0,0.9936913371287891,0.9944615384615385,206
lgbm_base,covtype,512,512,8,0.0,0.9044661355524527,0.8981867938005043,31232
lgbm_base,kin8nm,1,1,2,0.0,0.06571707208087692,0.06491650059514606,7
lgbm_quant,kin8nm,1,1,2,0.0,0.06574288844748098,0.0649420827311607,7
lgbm_base,kin8nm,256,256,4,0.0,0.011541185114628096,0.018652770225980563,6396
lgbm_quant,kin8nm,256,256,4,0.0,0.37243284706274105,0.37058301667741034,6396
lgbm_base,covtype,256,256,2,0.0,0.7809100081969153,0.7798335671196096,1792
lgbm_base,mushroom,512,512,1,0.0,0.9995383905216187,0.9969230769230769,1536
lgbm_base,kin8nm,16,16,1,0.0,0.05120146098684904,0.050825747789769254,48
lgbm_quant,kin8nm,16,16,1,0.0,0.051214470038809176,0.05083506196017767,48
lgbm_quant,mushroom,512,512,1,0.0,0.9995383905216187,0.9969230769230769,1536
lgbm_base,mushroom,32,32,2,0.0,0.9881520233882136,0.9858461538461538,222
lgbm_quant,mushroom,32,32,2,0.0,0.9881520233882136,0.9858461538461538,222
lgbm_base,california_housing,4,4,8,0.0,0.8210858582422484,0.8175585670001118,244
lgbm_base,kin8nm,32,32,2,0.0,0.03984014088821959,0.04035190370919044,224
lgbm_quant,kin8nm,32,32,2,0.0,0.039844424504296275,0.04035748873933377,224
lgbm_base,kin8nm,64,64,8,0.0,0.011038353045359293,0.017085713297394906,3900
lgbm_base,california_housing,32,32,2,0.0,0.47613448497484795,0.4781200392167889,224
lgbm_base,mushroom,64,64,4,0.0,1.0,1.0,1800
lgbm_quant,california_housing,32,32,2,0.0,0.47719514694964504,0.47887696405885577,224
lgbm_quant,mushroom,64,64,4,0.0,1.0,1.0,1800
lgbm_base,kin8nm,256,256,2,0.0,0.028827155461946818,0.032314865579511715,1742
lgbm_base,california_housing,64,64,4,0.0,0.2480454768430291,0.27934628240164916,1898
lgbm_quant,kin8nm,256,256,2,0.0,4.429280822351196,4.369361441858662,1742
lgbm_base,california_housing,1,1,2,0.0,1.2229039456138775,1.2031210675184463,7
lgbm_base,california_housing,16,16,1,0.0,0.7972336241214447,0.7859199928714297,48
lgbm_quant,california_housing,16,16,1,0.0,0.7971675799371324,0.785763249086493,48
lgbm_quant,california_housing,1,1,2,0.0,0.7971675799371324,0.785763249086493,7
lgbm_base,california_housing,2,2,4,0.0,1.0649378026899645,1.049739717456014,62
lgbm_quant,california_housing,64,64,4,0.0,0.2522684557279532,0.28241412570078567,1898
lgbm_quant,california_housing,2,2,4,0.0,1.0648618478649097,1.0496742564909693,62
lgbm_base,mushroom,128,128,8,0.0,1.0,1.0,7128
lgbm_quant,mushroom,128,128,8,0.0,1.0,1.0,7128
lgbm_base,california_housing,128,128,8,0.0,0.14561023327055175,0.21769107197067777,7808
lgbm_base,mushroom,1024,1024,2,0.0,1.0,1.0,5980
lgbm_quant,california_housing,128,128,8,0.0,1.1070379946728044,1.1839031928285104,7808
lgbm_quant,mushroom,1024,1024,2,0.0,1.0,1.0,5980
lgbm_base,california_housing,512,512,1,0.0,0.34272918430603055,0.35688442980175666,1536
lgbm_base,california_housing,1024,1024,2,0.0,0.20691931146662984,0.23617531700582686,7168
lgbm_base,mushroom,1,1,2,0.0,0.9099861517156486,0.9144615384615384,7
lgbm_quant,mushroom,1,1,2,0.0,0.9099861517156486,0.9144615384615384,7
lgbm_quant,california_housing,512,512,1,0.0,0.3459382603904999,0.35904821222694555,1536
lgbm_quant,covtype,256,256,2,0.0,0.7809121596182518,0.7798507783792157,1792
lgbm_base,breastcancer,128,128,4,0.0,1.0,0.956140350877193,2448
lgbm_quant,breastcancer,128,128,4,0.0,1.0,0.956140350877193,2448
lgbm_base,kin8nm,512,512,8,0.0,0.0013853400750344694,0.010956586219308125,29972
lgbm_quant,kin8nm,512,512,8,0.0,257.4512693314773,260.3213565520692,29972
ccp,breastcancer,1,1,4,0.125,1.1831830753271353,0.631578947368421,3
ccp,breastcancer,8,8,1,0.125,1.0694020436819536,0.631578947368421,12
ccp,breastcancer,2,2,4,0.5,1.3217150547146044,0.631578947368421,2
ccp,breastcancer,4,4,1,0.03125,0.8920927216494234,0.8333333333333334,12
ccp,breastcancer,16,16,1,0.5,1.3217150547146044,0.631578947368421,16
ccp,breastcancer,1,1,2,0.5,1.3217150547146044,0.631578947368421,1
ccp,breastcancer,4,4,2,0.0078125,0.8417060233511858,0.9122807017543859,22
ccp,breastcancer,8,8,2,0.03125,0.6575749833613657,0.9035087719298246,24
ccp,breastcancer,2,2,1,0.0078125,1.069407855147703,0.631578947368421,6
ccp,breastcancer,64,64,1,0.0078125,0.3545990839730328,0.9210526315789473,104
ccp,breastcancer,2,2,8,0.125,1.069407855147703,0.631578947368421,6
ccp,breastcancer,4,4,8,0.5,1.3217150547146044,0.631578947368421,4
ccp,breastcancer,8,8,4,0.0078125,0.5910886234491493,0.9385964912280702,44
lgbm_base,breastcancer,256,256,8,0.0,1.0,0.956140350877193,5550
ccp,breastcancer,16,16,2,0.125,1.0694001789745515,0.631578947368421,20
ccp,breastcancer,16,16,8,0.0078125,0.37336500508625525,0.956140350877193,68
ccp,breastcancer,1,1,8,0.03125,1.1831830753271353,0.631578947368421,3
lgbm_quant,breastcancer,256,256,8,0.0,1.0,0.956140350877193,5550
ccp,breastcancer,32,32,2,0.5,1.3217150547146044,0.631578947368421,32
ccp,breastcancer,16,16,4,0.03125,0.5446456962644574,0.9122807017543859,38
ccp,breastcancer,32,32,4,0.125,1.0693997692450175,0.631578947368421,36
ccp,breastcancer,128,128,1,0.03125,0.5446408800970659,0.9122807017543859,150
ccp,breastcancer,32,32,8,0.03125,0.5446410455630006,0.9122807017543859,54
ccp,breastcancer,128,128,2,0.0078125,0.3320895693541861,0.9473684210526315,182
ccp,breastcancer,64,64,4,0.5,1.3217150547146044,0.631578947368421,64
ccp,breastcancer,256,256,1,0.125,1.0693997546727894,0.631578947368421,260
ccp,breastcancer,64,64,8,0.125,1.0693997546899712,0.631578947368421,68
ccp,breastcancer,128,128,8,0.5,1.3217150547146044,0.631578947368421,128
ccp,breastcancer,256,256,2,0.03125,0.5446408800970656,0.9122807017543859,278
ccp,breastcancer,512,512,1,0.5,1.3217150547146044,0.631578947368421,512
ccp,breastcancer,256,256,4,0.0078125,0.32593632853720245,0.9385964912280702,314
ccp,kr-vs-kp,1,1,2,0.5,1.3845084694407774,0.5265625,1
ccp,kr-vs-kp,1,1,4,0.125,1.3845084694407774,0.5265625,1
ccp,breastcancer,512,512,2,0.125,1.0693997546727894,0.631578947368421,516
ccp,breastcancer,512,512,4,0.03125,0.5446408800970658,0.9122807017543859,534
lgbm_base,kin8nm,1024,1024,1,0.0,0.037304196784075226,0.03949310167800494,3072
lgbm_quant,kin8nm,1024,1024,1,0.0,284.70936610553014,279.92860462700236,3072
lgbm_base,wine,1,7,1,0.0,0.434673850298249,0.44384615384615383,21
lgbm_quant,wine,1,7,1,0.0,0.434673850298249,0.44384615384615383,21
lgbm_base,wine,2,14,2,0.0,0.5189532422551472,0.5346153846153846,92
lgbm_quant,wine,2,14,2,0.0,0.5187608235520492,0.5338461538461539,92
ccp,breastcancer,1024,1024,2,0.5,1.3217150547146044,0.631578947368421,1024
ccp,breastcancer,512,512,8,0.125,1.0693997546727894,0.631578947368421,516
lgbm_base,kin8nm,256,256,1,0.0,0.038191518028671906,0.03953896216454885,768
lgbm_quant,kin8nm,256,256,1,0.0,0.03820157173369392,0.039533665035194676,768
lgbm_base,wine,4,28,4,0.0,0.539349624783529,0.5407692307692308,690
lgbm_quant,wine,4,28,4,0.0,0.5395420434866269,0.54,690
lgbm_base,wine,8,56,8,0.0,0.6542235905329998,0.5869230769230769,3304
lgbm_quant,wine,8,56,8,0.0,0.6497979603617472,0.5815384615384616,3304
lgbm_base,wine,32,224,1,0.0,0.539349624783529,0.5392307692307692,672
lgbm_quant,wine,32,224,1,0.0,0.539349624783529,0.5392307692307692,672
lgbm_base,wine,64,448,2,0.0,0.5936116990571484,0.5653846153846154,3086
lgbm_quant,wine,64,448,2,0.0,0.5941889551664422,0.5646153846153846,3086
lgbm_base,kin8nm,64,64,4,0.0,0.02173716744937716,0.026316657641670172,1902
lgbm_quant,kin8nm,64,64,4,0.0,0.02176066844785653,0.026311706925410804,1902
lgbm_base,wine,128,896,4,0.0,0.8048874350586877,0.6184615384615385,20136
ccp,breastcancer,512,512,8,0.0078125,0.32593632853720245,0.9385964912280702,570
lgbm_quant,wine,128,896,4,0.0,0.7946892437944968,0.6184615384615385,20136
ccp,breastcancer,8,8,1,0.0625,0.759628802180349,0.8508771929824561,20
ccp,breastcancer,1,1,4,0.0625,1.1831830753271353,0.631578947368421,3
ccp,breastcancer,1024,1024,4,0.125,1.0693997546727894,0.631578947368421,1028
ccp,breastcancer,4,4,1,0.015625,0.8920927216494234,0.8333333333333334,12
ccp,breastcancer,1,1,1,0.0,1.1831830753271353,0.631578947368421,3
ccp,breastcancer,2,2,4,0.25,1.3217150547146044,0.631578947368421,2
ccp,breastcancer,4,4,4,0.0,0.754841889165404,0.956140350877193,100
ccp,breastcancer,16,16,1,0.25,1.3217150547146044,0.631578947368421,16
ccp,breastcancer,1,1,2,0.25,1.3217150547146044,0.631578947368421,1
ccp,breastcancer,8,8,8,0.0,0.4634652873162314,0.9473684210526315,280
ccp,breastcancer,2,2,8,0.0625,1.069407855147703,0.631578947368421,6
ccp,breastcancer,4,4,8,0.25,1.3217150547146044,0.631578947368421,4
ccp,breastcancer,2,2,2,0.0,1.0309315791692328,0.631578947368421,14
ccp,breastcancer,1,1,8,0.015625,1.1690525545558592,0.631578947368421,5
ccp,breastcancer,32,32,1,0.0,0.2451598625025162,0.9210526315789473,96
ccp,breastcancer,16,16,2,0.0625,0.7596192553054392,0.8508771929824561,28
ccp,breastcancer,8,8,2,0.015625,0.6380972114135665,0.9122807017543859,28
ccp,breastcancer,16,16,4,0.015625,0.42658567760654287,0.9210526315789473,50
ccp,breastcancer,32,32,4,0.0625,0.7596171567104355,0.8508771929824561,44
ccp,breastcancer,32,32,2,0.25,1.3217150547146044,0.631578947368421,32
ccp,breastcancer,64,64,2,0.0,0.050720753812037014,0.956140350877193,438
ccp,breastcancer,1024,1024,8,0.5,1.3217150547146044,0.631578947368421,1024
ccp,breastcancer,128,128,1,0.015625,0.44150751569294533,0.9122807017543859,158
lgbm_base,covtype,512,512,4,0.0,0.8418232004974087,0.8379732020687934,15170
ccp,breastcancer,32,32,8,0.015625,0.4265785794977208,0.9210526315789473,66
ccp,breastcancer,64,64,4,0.25,1.3217150547146044,0.631578947368421,64
ccp,breastcancer,128,128,4,0.0,2.5572595582193516e-06,0.956140350877193,3432
ccp,breastcancer,256,256,1,0.0625,0.7596170820563471,0.8508771929824561,268
lgbm_base,kin8nm,512,512,4,0.0,0.0073363779097827654,0.016445262110484235,12464
ccp,breastcancer,64,64,8,0.0625,0.7596170821443736,0.8508771929824561,76
lgbm_base,wine,1024,7168,1,0.0,0.6103521262266692,0.563076923076923,21504
ccp,breastcancer,128,128,8,0.25,1.3217150547146044,0.631578947368421,128
ccp,breastcancer,1024,1024,8,0.125,1.0693997546727894,0.631578947368421,1028
lgbm_quant,kin8nm,512,512,4,0.0,9.366209982766083,9.163175142282547,12464
lgbm_base,wine,256,1792,8,0.0,0.9994227438907062,0.6538461538461539,90950
ccp,kr-vs-kp,1,1,2,0.25,1.3845084694407774,0.5265625,1
ccp,breastcancer,256,256,2,0.015625,0.42657832693093956,0.9210526315789473,290
ccp,kr-vs-kp,1,1,4,0.0625,1.3845084694407774,0.5265625,1
lgbm_quant,covtype,512,512,8,0.0,0.5394645972861971,0.5406400867447484,31232
ccp,breastcancer,512,512,1,0.25,1.3217150547146044,0.631578947368421,512
ccp,breastcancer,256,256,8,0.0,2.0956926117278236e-08,0.9473684210526315,4680
lgbm_quant,wine,1024,7168,1,0.0,0.6072734269771022,0.5615384615384615,21504
lgbm_base,breastcancer,128,128,2,0.0,1.0,0.956140350877193,892
lgbm_quant,breastcancer,128,128,2,0.0,1.0,0.956140350877193,892
lgbm_quant,wine,256,1792,8,0.0,0.7752549547816048,0.5761538461538461,90950
ccp,kr-vs-kp,1,1,8,0.03125,1.2521987674052306,0.8859375,7
ccp,breastcancer,512,512,2,0.0625,0.7596170820563471,0.8508771929824561,524
ccp,kr-vs-kp,2,2,1,0.0078125,1.3126145184656215,0.5265625,6
ccp,kr-vs-kp,2,2,4,0.5,1.3845084694407774,0.5265625,2
lgbm_base,kin8nm,128,128,8,0.0,0.007244331934908576,0.01447512187917877,7450
lgbm_quant,kin8nm,128,128,8,0.0,27.57112624370164,27.431917243291647,7450
lgbm_base,covtype,256,256,1,0.0,0.7636018235447248,0.7635947436813163,768
ccp,kr-vs-kp,2,2,8,0.125,1.3845084694407774,0.5265625,2
ccp,kr-vs-kp,4,4,1,0.03125,1.2573324511351482,0.8859375,12
ccp,breastcancer,1024,1024,8,0.03125,0.5446408800970658,0.9122807017543859,1046
ccp,breastcancer,1024,1024,8,0.0078125,0.32593632853720245,0.9385964912280702,1082
ccp,breastcancer,512,512,4,0.015625,0.4265783269309401,0.9210526315789473,546
ccp,kr-vs-kp,4,4,2,0.0078125,1.087107426365615,0.8859375,22
ccp,breastcancer,8,8,1,0.03125,0.6575749833613657,0.9035087719298246,24
ccp,kr-vs-kp,4,4,8,0.5,1.3845084694407774,0.5265625,4
ccp,breastcancer,4,4,1,0.0078125,0.8920927216494234,0.8333333333333334,12
ccp,breastcancer,1,1,1,0.5,1.3217150547146044,0.631578947368421,1
lgbm_base,breastcancer,256,256,4,0.0,1.0,0.956140350877193,3588
ccp,breastcancer,1,1,4,0.03125,1.1831830753271353,0.631578947368421,3
lgbm_quant,breastcancer,256,256,4,0.0,1.0,0.956140350877193,3588
ccp,kr-vs-kp,8,8,1,0.125,1.3845084694407772,0.5265625,8
ccp,breastcancer,4,4,4,0.5,1.3217150547146044,0.631578947368421,4
ccp,kr-vs-kp,8,8,2,0.03125,1.08710734720777,0.8859375,26
ccp,breastcancer,16,16,1,0.125,1.0694001789745515,0.631578947368421,20
ccp,breastcancer,2,2,4,0.125,1.069407855147703,0.631578947368421,6
ccp,breastcancer,1,1,2,0.125,1.1831830753271353,0.631578947368421,3
ccp,breastcancer,1,1,8,0.0078125,1.1486463140259744,0.631578947368421,11
ccp,breastcancer,2,2,8,0.03125,1.069407855147703,0.631578947368421,6
ccp,breastcancer,4,4,8,0.125,1.0694050705190818,0.631578947368421,8
ccp,breastcancer,2,2,2,0.5,1.3217150547146044,0.631578947368421,2
ccp,breastcancer,8,8,8,0.5,1.3217150547146044,0.631578947368421,8
ccp,breastcancer,32,32,1,0.5,1.3217150547146044,0.631578947368421,32
ccp,breastcancer,16,16,4,0.0078125,0.37336500508625525,0.956140350877193,68
lgbm_base,breastcancer,2,2,1,0.0,0.6263736263736264,0.631578947368421,6
lgbm_quant,breastcancer,2,2,1,0.0,0.6263736263736264,0.631578947368421,6
ccp,breastcancer,8,8,2,0.0078125,0.5995892046139306,0.9385964912280702,40
ccp,breastcancer,16,16,2,0.03125,0.5446456962644574,0.9122807017543859,38
ccp,breastcancer,32,32,2,0.125,1.0693997692450175,0.631578947368421,36
ccp,kr-vs-kp,8,8,4,0.0078125,0.6898157513974282,0.928125,70
ccp,breastcancer,32,32,4,0.03125,0.5446410455630006,0.9122807017543859,54
ccp,breastcancer,1024,1024,2,0.25,1.3217150547146044,0.631578947368421,1024
ccp,breastcancer,64,64,2,0.5,1.3217150547146044,0.631578947368421,64
ccp,kr-vs-kp,16,16,1,0.5,1.3845084694407772,0.5265625,16
ccp,breastcancer,128,128,1,0.0078125,0.3545990834176913,0.9210526315789473,168
lgbm_quant,covtype,256,256,1,0.0,0.76366636618482,0.7637410393879676,768
lgbm_base,breastcancer,512,392,8,0.0,1.0,0.956140350877193,5958
lgbm_quant,breastcancer,512,392,8,0.0,1.0,0.956140350877193,5958
ccp,breastcancer,64,64,4,0.125,1.0693997546899712,0.631578947368421,68
ccp,breastcancer,32,32,8,0.0078125,0.32593682269161994,0.9385964912280702,90
ccp,breastcancer,1024,1024,1,0.0,0.001507684389607129,0.9736842105263158,3072
ccp,breastcancer,256,256,1,0.03125,0.5446408800970656,0.9122807017543859,278
ccp,kr-vs-kp,1,1,2,0.125,1.3845084694407774,0.5265625,1
ccp,breastcancer,128,128,4,0.5,1.3217150547146044,0.631578947368421,128
ccp,kr-vs-kp,1,1,4,0.03125,1.2521987674052306,0.8859375,7
ccp,breastcancer,64,64,8,0.03125,0.5446408802921774,0.9122807017543859,86
ccp,breastcancer,512,512,8,0.0625,0.7596170820563471,0.8508771929824561,524
ccp,breastcancer,128,128,8,0.125,1.0693997546727894,0.631578947368421,132
ccp,breastcancer,256,256,2,0.0078125,0.33208956935418565,0.9473684210526315,310
ccp,breastcancer,512,512,1,0.125,1.0693997546727894,0.631578947368421,516
ccp,kr-vs-kp,1,1,8,0.015625,1.233124917882036,0.928125,9
ccp,kr-vs-kp,2,2,4,0.25,1.3845084694407774,0.5265625,2
ccp,kr-vs-kp,2,2,2,0.0,1.2258853639031109,0.8859375,14
lgbm_base,wine,4,28,2,0.0,0.5283817587069464,0.536923076923077,188
lgbm_quant,wine,4,28,2,0.0,0.5285741774100443,0.5361538461538462,188
lgbm_base,wine,2,14,1,0.0,0.434673850298249,0.44384615384615383,42
ccp,breastcancer,256,256,8,0.5,1.3217150547146044,0.631578947368421,256
lgbm_quant,wine,2,14,1,0.0,0.434673850298249,0.44384615384615383,42
lgbm_base,wine,8,56,4,0.0,0.5728304791225707,0.5561538461538461,1428
lgbm_quant,wine,8,56,4,0.0,0.5707138733884933,0.5546153846153846,1428
ccp,kr-vs-kp,16,16,2,0.125,1.3845084694407772,0.5265625,16
lgbm_base,wine,16,112,8,0.0,0.7182990186646142,0.6023076923076923,6702
lgbm_quant,wine,16,112,8,0.0,0.7154127381181451,0.6,6702
ccp,kr-vs-kp,4,4,1,0.015625,1.2573324511351482,0.8859375,12
ccp,kr-vs-kp,16,16,4,0.03125,1.0548450586443265,0.8859375,34
lgbm_base,wine,64,448,1,0.0,0.5460842793919569,0.5423076923076923,1344
lgbm_quant,wine,64,448,1,0.0,0.5460842793919569,0.5423076923076923,1344
ccp,kr-vs-kp,2,2,8,0.0625,1.3845084694407774,0.5265625,2
ccp,breastcancer,512,512,2,0.03125,0.5446408800970658,0.9122807017543859,534
ccp,kr-vs-kp,1,1,1,0.0,1.345060742255252,0.5265625,3
lgbm_base,wine,128,896,2,0.0,0.6301712526457571,0.5761538461538461,6156
ccp,kr-vs-kp,16,16,8,0.0078125,0.618399125994659,0.928125,92
ccp,breastcancer,1024,1024,4,0.0625,0.7596170820563475,0.8508771929824561,1036
lgbm_quant,wine,128,896,2,0.0,0.4912449490090437,0.47692307692307695,6156
ccp,kr-vs-kp,4,4,4,0.0,0.9142669129733537,0.928125,90
ccp,breastcancer,4,4,2,0.0,0.8309504157518894,0.9210526315789473,28
ccp,breastcancer,8,8,1,0.015625,0.6575749833613657,0.9035087719298246,24
ccp,kr-vs-kp,4,4,8,0.25,1.3845084694407774,0.5265625,4
ccp,breastcancer,1,1,1,0.25,1.3217150547146044,0.631578947368421,1
ccp,kr-vs-kp,32,32,2,0.5,1.3845084694407774,0.5265625,32
ccp,breastcancer,1024,1024,8,0.25,1.3217150547146044,0.631578947368421,1024
ccp,kr-vs-kp,8,8,1,0.0625,1.3845084694407772,0.5265625,8
ccp,breastcancer,1,1,4,0.015625,1.1690525545558592,0.631578947368421,5
ccp,breastcancer,4,4,4,0.25,1.3217150547146044,0.631578947368421,4
ccp,breastcancer,2,2,8,0.015625,1.040064903351762,0.631578947368421,10
ccp,kr-vs-kp,8,8,2,0.015625,0.9066377271908854,0.8859375,44
ccp,breastcancer,16,16,1,0.0625,0.7596192553054392,0.8508771929824561,28
ccp,breastcancer,2,2,1,0.0,1.069407855147703,0.631578947368421,6
ccp,breastcancer,1,1,2,0.0625,1.1831830753271353,0.631578947368421,3
ccp,breastcancer,32,32,1,0.25,1.3217150547146044,0.631578947368421,32
ccp,breastcancer,8,8,8,0.25,1.3217150547146044,0.631578947368421,8
ccp,breastcancer,4,4,8,0.0625,0.8920927216494234,0.8333333333333334,12
ccp,breastcancer,2,2,4,0.0625,1.069407855147703,0.631578947368421,6
ccp,breastcancer,16,16,8,0.0,0.19252933356274207,0.9385964912280702,496
lgbm_base,wine,256,1792,4,0.0,0.9093707908408697,0.6369230769230769,38090
ccp,breastcancer,2,2,2,0.25,1.3217150547146044,0.631578947368421,2
ccp,breastcancer,16,16,2,0.015625,0.42658567760654287,0.9210526315789473,50
lgbm_quant,covtype,512,512,4,0.0,0.8292610513135503,0.8250303348450556,15170
ccp,breastcancer,8,8,4,0.0,0.4688842717786374,0.956140350877193,200
ccp,breastcancer,32,32,2,0.0625,0.7596171567104355,0.8508771929824561,44
ccp,breastcancer,64,64,2,0.25,1.3217150547146044,0.631578947368421,64
ccp,kr-vs-kp,8,8,8,0.0,0.5593022601074505,0.975,598
ccp,breastcancer,32,32,4,0.015625,0.4265785794977208,0.9210526315789473,66
ccp,kr-vs-kp,16,16,1,0.25,1.3845084694407772,0.5265625,16
lgbm_base,covtype,512,512,2,0.0,0.7894533023241804,0.7881466055093242,3578
lgbm_base,kin8nm,512,512,2,0.0,0.024743263705372352,0.02936989964922253,3466
ccp,breastcancer,128,128,2,0.0,0.017203010348357348,0.9649122807017544,868
ccp,breastcancer,64,64,4,0.0625,0.7596170821443736,0.8508771929824561,76
lgbm_quant,kin8nm,512,512,2,0.0,7.544155163134622,7.441153345591268,3466
lgbm_quant,wine,256,1792,4,0.0,0.5922647681354628,0.4646153846153846,38090
ccp,breastcancer,64,64,1,0.0,0.14509724367748514,0.956140350877193,192
ccp,kr-vs-kp,1,1,2,0.0625,1.3845084694407774,0.5265625,1
ccp,breastcancer,512,512,4,0.0078125,0.32593632853720245,0.9385964912280702,570
ccp,kr-vs-kp,1,1,4,0.015625,1.233124917882036,0.928125,9
ccp,breastcancer,256,256,1,0.015625,0.4415075156929449,0.9122807017543859,286
ccp,breastcancer,64,64,8,0.015625,0.42657832722876415,0.9210526315789473,98
ccp,breastcancer,128,128,4,0.25,1.3217150547146044,0.631578947368421,128
ccp,breastcancer,1024,1024,1,0.5,1.3217150547146044,0.631578947368421,1024
ccp,kr-vs-kp,1,1,8,0.0078125,1.233124917882036,0.928125,9
ccp,breastcancer,128,128,8,0.0625,0.7596170820563471,0.8508771929824561,140
ccp,kr-vs-kp,2,2,2,0.5,1.3845084694407774,0.5265625,2
ccp,breastcancer,1024,1024,2,0.125,1.0693997546727894,0.631578947368421,1028
ccp,breastcancer,256,256,4,0.0,1.9870424365172683e-08,0.956140350877193,4656
ccp,kr-vs-kp,2,2,4,0.125,1.3845084694407774,0.5265625,2
ccp,breastcancer,512,512,1,0.0625,0.7596170820563471,0.8508771929824561,524
ccp,kr-vs-kp,16,16,2,0.0625,1.3845084694407772,0.5265625,16
ccp,kr-vs-kp,4,4,1,0.0078125,1.2573324511351482,0.8859375,12
ccp,breastcancer,1024,1024,8,0.0625,0.7596170820563475,0.8508771929824561,1036
ccp,kr-vs-kp,32,32,4,0.125,1.3845084694407774,0.5265625,32
lgbm_base,breastcancer,256,256,2,0.0,1.0,0.956140350877193,1788
lgbm_quant,breastcancer,256,256,2,0.0,1.0,0.956140350877193,1788
ccp,kr-vs-kp,16,16,4,0.015625,0.7666288611376213,0.928125,64
ccp,kr-vs-kp,2,2,8,0.03125,1.1442558357262476,0.8859375,14
lgbm_base,wine,512,3584,8,0.0,1.0,0.6538461538461539,165856
ccp,kr-vs-kp,1,1,1,0.5,1.3845084694407774,0.5265625,1
ccp,kr-vs-kp,32,32,1,0.0,0.8381627519975183,0.8859375,96
ccp,breastcancer,256,256,8,0.25,1.3217150547146044,0.631578947368421,256
ccp,kr-vs-kp,32,32,8,0.03125,1.0548450540286602,0.8859375,50
ccp,breastcancer,4,4,2,0.5,1.3217150547146044,0.631578947368421,4
ccp,breastcancer,8,8,1,0.0078125,0.6575749833613657,0.9035087719298246,24
ccp,kr-vs-kp,4,4,8,0.125,1.3845084694407774,0.5265625,4
ccp,kr-vs-kp,4,4,4,0.5,1.3845084694407774,0.5265625,4
ccp,breastcancer,1,1,1,0.125,1.1831830753271353,0.631578947368421,3
ccp,kr-vs-kp,32,32,2,0.25,1.3845084694407774,0.5265625,32
ccp,kr-vs-kp,8,8,1,0.03125,1.22906081981603,0.8859375,18
ccp,breastcancer,4,4,4,0.125,1.0694050705190818,0.631578947368421,8
ccp,breastcancer,512,512,2,0.015625,0.4265783269309401,0.9210526315789473,546
ccp,breastcancer,1,1,4,0.0078125,1.1486463140259744,0.631578947368421,11
ccp,breastcancer,2,2,8,0.0078125,1.026725394947044,0.631578947368421,16
ccp,breastcancer,16,16,1,0.03125,0.5446456962644574,0.9122807017543859,38
ccp,kr-vs-kp,64,64,1,0.0078125,0.827892612996304,0.8859375,130
ccp,breastcancer,1,1,2,0.03125,1.1831830753271353,0.631578947368421,3
ccp,kr-vs-kp,8,8,2,0.0078125,0.9066377271908854,0.8859375,44
ccp,kr-vs-kp,64,64,4,0.5,1.3845084694407774,0.5265625,64
ccp,breastcancer,2,2,1,0.5,1.3217150547146044,0.631578947368421,2
ccp,breastcancer,2,2,4,0.03125,1.069407855147703,0.631578947368421,6
ccp,breastcancer,32,32,1,0.125,1.0693997692450175,0.631578947368421,36
ccp,breastcancer,4,4,8,0.03125,0.8920927216494234,0.8333333333333334,12
ccp,breastcancer,16,16,8,0.5,1.3217150547146044,0.631578947368421,16
ccp,breastcancer,8,8,8,0.125,1.0694020436819536,0.631578947368421,12
ccp,breastcancer,8,8,4,0.5,1.3217150547146044,0.631578947368421,8
ccp,breastcancer,16,16,2,0.0078125,0.3796761667267524,0.9473684210526315,64
ccp,breastcancer,2,2,2,0.125,1.069407855147703,0.631578947368421,6
lgbm_base,breastcancer,512,413,4,0.0,1.0,0.956140350877193,4059
lgbm_quant,breastcancer,512,413,4,0.0,1.0,0.956140350877193,4059
ccp,breastcancer,32,32,2,0.03125,0.5446410455630006,0.9122807017543859,54
ccp,kr-vs-kp,8,8,8,0.5,1.3845084694407772,0.5265625,8
ccp,kr-vs-kp,16,16,1,0.125,1.3845084694407772,0.5265625,16
ccp,breastcancer,32,32,4,0.0078125,0.32593682269161994,0.9385964912280702,90
ccp,breastcancer,64,64,2,0.125,1.0693997546899712,0.631578947368421,68
ccp,breastcancer,512,512,8,0.03125,0.5446408800970658,0.9122807017543859,534
ccp,breastcancer,64,64,1,0.5,1.3217150547146044,0.631578947368421,64
lgbm_quant,wine,512,3584,8,0.0,0.8218202809313065,0.5607692307692308,165856
ccp,breastcancer,64,64,4,0.03125,0.5446408802921774,0.9122807017543859,86
lgbm_quant,covtype,512,512,2,0.0,0.7894533023241804,0.7882842955861725,3578
ccp,breastcancer,128,128,2,0.5,1.3217150547146044,0.631578947368421,128
ccp,kr-vs-kp,1,1,2,0.03125,1.300495767506238,0.765625,5
ccp,breastcancer,1024,1024,8,0.015625,0.4265783269309401,0.9210526315789473,1058
ccp,kr-vs-kp,1,1,4,0.0078125,1.233124917882036,0.928125,9
ccp,breastcancer,256,256,1,0.0078125,0.35459908341769036,0.9210526315789473,296
ccp,breastcancer,64,64,8,0.0078125,0.3259363291199209,0.9385964912280702,122
ccp,breastcancer,512,512,8,0.0,2.095692687601048e-08,0.956140350877193,4936
ccp,breastcancer,128,128,4,0.125,1.0693997546727894,0.631578947368421,132
ccp,kr-vs-kp,2,2,1,0.0,1.3126145184656215,0.5265625,6
ccp,kr-vs-kp,2,2,4,0.0625,1.3845084694407774,0.5265625,2
ccp,kr-vs-kp,2,2,2,0.25,1.3845084694407774,0.5265625,2
lgbm_base,breastcancer,1024,1024,1,0.0,1.0,0.9649122807017544,3072
lgbm_quant,breastcancer,1024,1024,1,0.0,1.0,0.9649122807017544,3072
lgbm_base,wine,1,7,8,0.0,0.434673850298249,0.44153846153846155,381
lgbm_quant,wine,1,7,8,0.0,0.43448143159515107,0.44076923076923075,381
lgbm_base,wine,4,28,1,0.0,0.5249182220511833,0.536923076923077,84
lgbm_quant,wine,4,28,1,0.0,0.5249182220511833,0.536923076923077,84
ccp,kr-vs-kp,16,16,2,0.03125,1.0871072984642063,0.8859375,34
lgbm_base,wine,8,56,2,0.0,0.5312680392534155,0.5376923076923077,380
lgbm_quant,wine,8,56,2,0.0,0.5314604579565134,0.5376923076923077,380
ccp,breastcancer,1024,1024,4,0.03125,0.5446408800970658,0.9122807017543859,1046
ccp,breastcancer,128,128,8,0.03125,0.5446408800970659,0.9122807017543859,150
ccp,kr-vs-kp,4,4,2,0.0,1.087107426365615,0.8859375,28
lgbm_base,wine,16,112,4,0.0,0.6097748701173754,0.5684615384615385,2842
lgbm_quant,wine,16,112,4,0.0,0.6082355204925919,0.5676923076923077,2842
ccp,kr-vs-kp,16,16,4,0.0078125,0.6247169029846585,0.928125,90
ccp,kr-vs-kp,32,32,4,0.0625,1.3845084694407774,0.5265625,32
ccp,breastcancer,256,256,4,0.5,1.3217150547146044,0.631578947368421,256
ccp,breastcancer,1024,1024,1,0.25,1.3217150547146044,0.631578947368421,1024
ccp,kr-vs-kp,2,2,8,0.015625,1.109516783153862,0.928125,18
ccp,breastcancer,512,512,1,0.03125,0.5446408800970658,0.9122807017543859,534
lgbm_base,wine,128,896,1,0.0,0.5641716374831633,0.5538461538461539,2688
lgbm_quant,wine,128,896,1,0.0,0.5641716374831633,0.553076923076923,2688
ccp,kr-vs-kp,1,1,1,0.25,1.3845084694407774,0.5265625,1
lgbm_base,kin8nm,1024,1024,8,0.0,0.000343334675772461,0.010599417512757411,60300
ccp,kr-vs-kp,64,64,8,0.125,1.3845084694407774,0.5265625,64
lgbm_base,wine,32,224,8,0.0,0.8075812969020589,0.6307692307692307,13470
lgbm_quant,wine,32,224,8,0.0,0.7977679430440638,0.6261538461538462,13470
ccp,kr-vs-kp,32,32,1,0.5,1.3845084694407774,0.5265625,32
lgbm_base,wine,256,1792,2,0.0,0.6721185299211083,0.5838461538461538,12204
ccp,kr-vs-kp,32,32,8,0.015625,0.7666288594603103,0.928125,80
ccp,breastcancer,4,4,2,0.25,1.3217150547146044,0.631578947368421,4
ccp,kr-vs-kp,4,4,4,0.25,1.3845084694407774,0.5265625,4
lgbm_base,kin8nm,512,512,1,0.0,0.037614022621564165,0.03937417452777386,1536
ccp,breastcancer,8,8,2,0.0,0.572528519885447,0.9385964912280702,56
lgbm_quant,wine,256,1792,2,0.0,0.4602655378102752,0.4576923076923077,12204
lgbm_quant,kin8nm,512,512,1,0.0,81.94819076319975,82.55773451866823,1536
ccp,kr-vs-kp,4,4,8,0.0625,1.3845084694407774,0.5265625,4
ccp,kr-vs-kp,32,32,2,0.125,1.3845084694407774,0.5265625,32
ccp,breastcancer,1,1,1,0.0625,1.1831830753271353,0.631578947368421,3
ccp,breastcancer,4,4,4,0.0625,0.8920927216494234,0.8333333333333334,12
ccp,kr-vs-kp,8,8,1,0.015625,1.1585710707180403,0.8859375,24
ccp,breastcancer,1024,1024,2,0.0625,0.7596170820563475,0.8508771929824561,1036
ccp,breastcancer,1,1,8,0.0,1.1317869808219754,0.631578947368421,41
ccp,breastcancer,4,4,1,0.0,0.8920927216494234,0.8333333333333334,12
ccp,breastcancer,2,2,4,0.015625,1.040064903351762,0.631578947368421,10
ccp,breastcancer,16,16,1,0.015625,0.44151514754202,0.9122807017543859,46
ccp,breastcancer,32,32,1,0.0625,0.7596171567104355,0.8508771929824561,44
ccp,breastcancer,1,1,2,0.015625,1.1690525545558592,0.631578947368421,5
ccp,kr-vs-kp,8,8,4,0.0,0.6737896469951725,0.928125,160
ccp,breastcancer,2,2,1,0.25,1.3217150547146044,0.631578947368421,2
ccp,kr-vs-kp,64,64,2,0.0,0.35099620419677124,0.93125,448
ccp,kr-vs-kp,64,64,4,0.25,1.3845084694407774,0.5265625,64
ccp,breastcancer,2,2,2,0.0625,1.069407855147703,0.631578947368421,6
ccp,breastcancer,8,8,4,0.25,1.3217150547146044,0.631578947368421,8
ccp,breastcancer,8,8,8,0.0625,0.759628802180349,0.8508771929824561,20
ccp,breastcancer,16,16,4,0.0,0.1991308717362445,0.9385964912280702,402
ccp,breastcancer,4,4,8,0.015625,0.867981615739199,0.8157894736842105,16
ccp,breastcancer,16,16,8,0.25,1.3217150547146044,0.631578947368421,16
ccp,kr-vs-kp,8,8,8,0.25,1.3845084694407772,0.5265625,8
ccp,breastcancer,32,32,8,0.0,0.03715135303732329,0.956140350877193,928
ccp,breastcancer,32,32,2,0.015625,0.4265785794977208,0.9210526315789473,66
ccp,kr-vs-kp,16,16,1,0.0625,1.3845084694407772,0.5265625,16
ccp,breastcancer,64,64,2,0.0625,0.7596170821443736,0.8508771929824561,76
ccp,kr-vs-kp,128,128,1,0.03125,1.2290606052220165,0.8859375,138
ccp,breastcancer,256,256,8,0.125,1.0693997546727894,0.631578947368421,260
ccp,breastcancer,64,64,1,0.25,1.3217150547146044,0.631578947368421,64
ccp,breastcancer,512,512,2,0.0078125,0.33208956935418577,0.9473684210526315,566
ccp,breastcancer,64,64,4,0.015625,0.42657832722876415,0.9210526315789473,98
ccp,kr-vs-kp,1,1,2,0.015625,1.300495767506238,0.765625,5
ccp,kr-vs-kp,1,1,8,0.0,1.2085990916580351,0.9734375,67
ccp,breastcancer,128,128,2,0.25,1.3217150547146044,0.631578947368421,128
lgbm_base,wine,512,3584,4,0.0,0.9797960361747162,0.6407692307692308,74312
ccp,kr-vs-kp,128,128,2,0.0078125,0.70964880085701,0.8859375,198
ccp,kr-vs-kp,128,128,8,0.5,1.3845084694407774,0.5265625,128
ccp,breastcancer,128,128,1,0.0,0.0924890217156872,0.9649122807017544,384
ccp,breastcancer,256,256,2,0.0,0.0023846422332583135,0.9649122807017544,1746
ccp,kr-vs-kp,2,2,4,0.03125,1.1442558357262476,0.8859375,14
ccp,kr-vs-kp,2,2,1,0.5,1.3845084694407774,0.5265625,2
ccp,kr-vs-kp,2,2,2,0.125,1.3845084694407774,0.5265625,2
ccp,kr-vs-kp,256,256,1,0.125,1.3845084694407774,0.5265625,256
ccp,breastcancer,128,128,4,0.0625,0.7596170820563471,0.8508771929824561,140
lgbm_quant,wine,512,3584,4,0.0,0.4558399076390225,0.3607692307692308,74312
ccp,kr-vs-kp,16,16,2,0.015625,0.875175061341502,0.8859375,56
ccp,kr-vs-kp,256,256,2,0.03125,1.0871072873774243,0.8859375,274
lgbm_base,breastcancer,256,256,1,0.0,1.0,0.956140350877193,768
lgbm_quant,breastcancer,256,256,1,0.0,1.0,0.956140350877193,768
ccp,kr-vs-kp,4,4,2,0.5,1.3845084694407774,0.5265625,4
ccp,kr-vs-kp,16,16,8,0.0,0.28551296604635973,0.9765625,1188
ccp,kr-vs-kp,2,2,8,0.0078125,1.109516783153862,0.928125,18
ccp,kr-vs-kp,1,1,1,0.125,1.3845084694407774,0.5265625,1
ccp,kr-vs-kp,32,32,4,0.03125,1.0548450540286602,0.8859375,50
ccp,kr-vs-kp,64,64,8,0.0625,1.3845084694407774,0.5265625,64
ccp,breastcancer,128,128,8,0.015625,0.4265783269309403,0.9210526315789473,162
ccp,kr-vs-kp,32,32,1,0.25,1.3845084694407774,0.5265625,32
lgbm_base,covtype,1024,1024,8,0.0,0.9373850334223305,0.926688639708097,62464
ccp,breastcancer,512,512,8,0.5,1.3217150547146044,0.631578947368421,512
ccp,breastcancer,512,512,8,0.015625,0.4265783269309401,0.9210526315789473,546
ccp,breastcancer,512,512,1,0.015625,0.44150751569294516,0.9122807017543859,542
ccp,kr-vs-kp,32,32,8,0.0078125,0.6183991250103732,0.928125,108
ccp,kr-vs-kp,4,4,4,0.125,1.3845084694407774,0.5265625,4
ccp,breastcancer,4,4,2,0.125,1.0694050705190818,0.631578947368421,8
lgbm_base,breastcancer,512,512,2,0.0,1.0,0.9473684210526315,3196
ccp,kr-vs-kp,4,4,8,0.03125,1.0548451137861652,0.8859375,22
lgbm_quant,breastcancer,512,512,2,0.0,1.0,0.9473684210526315,3196
ccp,breastcancer,1,1,1,0.03125,1.1831830753271353,0.631578947368421,3
ccp,kr-vs-kp,32,32,2,0.0625,1.3845084694407774,0.5265625,32
ccp,breastcancer,8,8,2,0.5,1.3217150547146044,0.631578947368421,8
ccp,breastcancer,256,256,4,0.25,1.3217150547146044,0.631578947368421,256
ccp,kr-vs-kp,8,8,1,0.0078125,1.1585710707180403,0.8859375,24
ccp,breastcancer,4,4,1,0.5,1.3217150547146044,0.631578947368421,4
ccp,breastcancer,1,1,8,0.5,1.3217150547146044,0.631578947368421,1
ccp,breastcancer,16,16,1,0.0078125,0.42039175962293784,0.9122807017543859,48
ccp,breastcancer,32,32,1,0.03125,0.5446410455630006,0.9122807017543859,54
ccp,kr-vs-kp,256,256,4,0.0078125,0.6247168991355723,0.928125,330
ccp,breastcancer,2,2,4,0.0078125,1.026725394947044,0.631578947368421,16
ccp,breastcancer,1024,1024,1,0.125,1.0693997546727894,0.631578947368421,1028
ccp,breastcancer,8,8,4,0.125,1.0694020436819536,0.631578947368421,12
ccp,breastcancer,4,4,4,0.03125,0.8920927216494234,0.8333333333333334,12
ccp,kr-vs-kp,512,512,1,0.5,1.3845084694407774,0.5265625,512
ccp,breastcancer,4,4,8,0.0078125,0.830886240691731,0.8859649122807017,26
ccp,breastcancer,1,1,2,0.0078125,1.162039754245583,0.631578947368421,7
ccp,breastcancer,2,2,1,0.125,1.069407855147703,0.631578947368421,6
ccp,kr-vs-kp,64,64,4,0.125,1.3845084694407774,0.5265625,64
ccp,breastcancer,2,2,2,0.03125,1.069407855147703,0.631578947368421,6
ccp,breastcancer,16,16,4,0.5,1.3217150547146044,0.631578947368421,16
ccp,breastcancer,8,8,8,0.03125,0.6575749833613657,0.9035087719298246,24
ccp,kr-vs-kp,64,64,2,0.5,1.3845084694407774,0.5265625,64
ccp,breastcancer,16,16,8,0.125,1.0694001789745515,0.631578947368421,20
ccp,kr-vs-kp,8,8,8,0.125,1.3845084694407772,0.5265625,8
ccp,kr-vs-kp,8,8,4,0.5,1.3845084694407772,0.5265625,8
ccp,kr-vs-kp,16,16,1,0.03125,1.2290606449873513,0.8859375,26
ccp,breastcancer,32,32,2,0.0078125,0.3320900840166003,0.9473684210526315,86
ccp,breastcancer,32,32,8,0.5,1.3217150547146044,0.631578947368421,32
ccp,breastcancer,64,64,2,0.03125,0.5446408802921774,0.9122807017543859,86
ccp,kr-vs-kp,512,512,2,0.125,1.3845084694407774,0.5265625,512
ccp,kr-vs-kp,128,128,1,0.015625,0.9857220345477362,0.8859375,164
ccp,breastcancer,64,64,1,0.125,1.0693997546899712,0.631578947368421,68
ccp,kr-vs-kp,1,1,2,0.0078125,1.300495767506238,0.765625,5
lgbm_base,covtype,128,128,8,0.0,0.8448932787446026,0.8425944252730136,7808
ccp,kr-vs-kp,1,1,8,0.5,1.3845084694407774,0.5265625,1
ccp,breastcancer,64,64,4,0.0078125,0.3259363291199209,0.9385964912280702,122
ccp,breastcancer,128,128,2,0.125,1.0693997546727894,0.631578947368421,132
ccp,breastcancer,512,512,4,0.0,1.9870423766376456e-08,0.956140350877193,4912
ccp,kr-vs-kp,512,512,4,0.03125,1.0548450538645369,0.8859375,530
ccp,kr-vs-kp,128,128,4,0.0,0.08865922439335233,0.9796875,3410
ccp,breastcancer,1024,1024,2,0.03125,0.5446408800970658,0.9122807017543859,1046
ccp,breastcancer,128,128,1,0.5,1.3217150547146044,0.631578947368421,128
ccp,breastcancer,1024,1024,4,0.015625,0.4265783269309401,0.9210526315789473,1058
ccp,kr-vs-kp,128,128,8,0.25,1.3845084694407774,0.5265625,128
ccp,kr-vs-kp,2,2,4,0.015625,1.109516783153862,0.928125,18
ccp,kr-vs-kp,2,2,1,0.25,1.3845084694407774,0.5265625,2
lgbm_base,wine,1,7,4,0.0,0.4333269193765634,0.44153846153846155,163
lgbm_quant,wine,1,7,4,0.0,0.4331345006734655,0.44076923076923075,163
lgbm_base,wine,1024,7168,8,0.0,1.0,0.6592307692307692,276782
ccp,kr-vs-kp,2,2,2,0.0625,1.3845084694407774,0.5265625,2
ccp,breastcancer,256,256,8,0.0625,0.7596170820563471,0.8508771929824561,268
ccp,breastcancer,256,256,2,0.5,1.3217150547146044,0.631578947368421,256
ccp,kr-vs-kp,256,256,1,0.0625,1.3845084694407774,0.5265625,256
lgbm_base,wine,8,56,1,0.0,0.5249182220511833,0.536923076923077,168
ccp,kr-vs-kp,512,512,8,0.0078125,0.6183991249753741,0.928125,588
lgbm_quant,wine,8,56,1,0.0,0.5249182220511833,0.536923076923077,168
ccp,kr-vs-kp,512,512,8,0.125,1.3845084694407774,0.5265625,512
ccp,kr-vs-kp,16,16,2,0.0078125,0.7096488232975835,0.8859375,86
lgbm_base,wine,2,14,8,0.0,0.5405041370021166,0.5269230769230769,786
lgbm_quant,wine,2,14,8,0.0,0.5403117182990187,0.5261538461538462,786
lgbm_base,kin8nm,1024,1024,4,0.0,0.003992640340934696,0.015212872027553009,24468
ccp,kr-vs-kp,256,256,2,0.015625,0.8751750613044091,0.8859375,296
lgbm_base,wine,32,224,4,0.0,0.6563401962670772,0.5876923076923077,5628
ccp,breastcancer,128,128,4,0.03125,0.5446408800970659,0.9122807017543859,150
ccp,kr-vs-kp,4,4,2,0.25,1.3845084694407774,0.5265625,4
lgbm_quant,wine,32,224,4,0.0,0.6534539157206081,0.5853846153846154,5628
ccp,kr-vs-kp,1024,1024,2,0.5,1.3845084694407774,0.5265625,1024
lgbm_base,wine,16,112,2,0.0,0.5455070232826631,0.5430769230769231,762
lgbm_quant,kin8nm,1024,1024,4,0.0,115.22054818680228,113.46952931335565,24468
ccp,kr-vs-kp,4,4,1,0.0,1.2573324511351482,0.8859375,12
lgbm_quant,wine,16,112,2,0.0,0.5453146045795652,0.5423076923076923,762
ccp,kr-vs-kp,16,16,8,0.5,1.3845084694407772,0.5265625,16
ccp,kr-vs-kp,1,1,1,0.0625,1.3845084694407774,0.5265625,1
ccp,kr-vs-kp,32,32,4,0.015625,0.7666288594603103,0.928125,80
lgbm_base,wine,256,1792,1,0.0,0.5807196459495862,0.556923076923077,5376
ccp,kr-vs-kp,32,32,1,0.125,1.3845084694407774,0.5265625,32
lgbm_base,wine,64,448,8,0.0,0.8891668270155859,0.6407692307692308,26912
lgbm_quant,wine,256,1792,1,0.0,0.5807196459495862,0.5561538461538461,5376
ccp,kr-vs-kp,64,64,8,0.03125,1.0548450538647303,0.8859375,82
ccp,kr-vs-kp,64,64,1,0.0,0.6462677652797137,0.925,192
ccp,kr-vs-kp,4,4,4,0.0625,1.3845084694407774,0.5265625,4
ccp,breastcancer,1,1,1,0.015625,1.1831830753271353,0.631578947368421,3
lgbm_quant,wine,64,448,8,0.0,0.8785837983451992,0.6376923076923077,26912
ccp,kr-vs-kp,4,4,8,0.015625,0.9314570971533515,0.928125,34
ccp,breastcancer,4,4,2,0.0625,0.8920927216494234,0.8333333333333334,12
ccp,breastcancer,1,1,8,0.25,1.3217150547146044,0.631578947368421,1
ccp,kr-vs-kp,32,32,2,0.03125,1.0871072877581114,0.8859375,50
ccp,breastcancer,8,8,2,0.25,1.3217150547146044,0.631578947368421,8
ccp,breastcancer,4,4,1,0.25,1.3217150547146044,0.631578947368421,4
ccp,breastcancer,16,16,2,0.0,0.31544720093695927,0.9473684210526315,112
ccp,kr-vs-kp,8,8,2,0.0,0.9065687364981773,0.8859375,56
lgbm_quant,covtype,128,128,8,0.0,0.8448072218911424,0.8425772140134076,7808
ccp,breastcancer,32,32,1,0.015625,0.4415077779276953,0.9122807017543859,62
ccp,breastcancer,512,512,1,0.0078125,0.3545990834176907,0.9210526315789473,552
ccp,breastcancer,8,8,4,0.0625,0.759628802180349,0.8508771929824561,20
ccp,breastcancer,2,2,8,0.0,0.9801892565939263,0.631578947368421,74
ccp,breastcancer,128,128,8,0.0078125,0.32593632853720333,0.9385964912280702,186
ccp,breastcancer,2,2,1,0.0625,1.069407855147703,0.631578947368421,6
ccp,breastcancer,8,8,1,0.0,0.6575749833613657,0.9035087719298246,24
ccp,breastcancer,4,4,4,0.015625,0.867981615739199,0.8157894736842105,16
ccp,breastcancer,8,8,8,0.015625,0.6380972114135665,0.9122807017543859,28
ccp,breastcancer,1,1,4,0.0,1.1329761600962618,0.631578947368421,25
ccp,kr-vs-kp,64,64,4,0.0625,1.3845084694407774,0.5265625,64
ccp,breastcancer,16,16,4,0.25,1.3217150547146044,0.631578947368421,16
lgbm_base,wine,512,3584,2,0.0,0.7333076775062536,0.5946153846153847,23460
ccp,breastcancer,2,2,2,0.015625,1.040064903351762,0.631578947368421,10
ccp,kr-vs-kp,64,64,2,0.25,1.3845084694407774,0.5265625,64
ccp,kr-vs-kp,8,8,4,0.25,1.3845084694407772,0.5265625,8
ccp,breastcancer,16,16,8,0.0625,0.7596192553054392,0.8508771929824561,28
ccp,kr-vs-kp,8,8,8,0.0625,1.3845084694407772,0.5265625,8
ccp,kr-vs-kp,16,16,1,0.015625,1.0153097054707205,0.8859375,48
ccp,kr-vs-kp,512,512,1,0.25,1.3845084694407774,0.5265625,512
ccp,breastcancer,32,32,4,0.0,0.03820376180510452,0.9473684210526315,840
ccp,breastcancer,32,32,8,0.25,1.3217150547146044,0.631578947368421,32
ccp,breastcancer,64,64,2,0.015625,0.42657832722876415,0.9210526315789473,98
ccp,breastcancer,256,256,4,0.125,1.0693997546727894,0.631578947368421,260
ccp,kr-vs-kp,128,128,1,0.0078125,0.8278926119890079,0.8859375,194
lgbm_quant,wine,512,3584,2,0.0,0.43717529343852224,0.44461538461538463,23460
ccp,breastcancer,64,64,1,0.0625,0.7596170821443736,0.8508771929824561,76
ccp,kr-vs-kp,1,1,4,0.0,1.230985015247895,0.928125,23
ccp,kr-vs-kp,1,1,8,0.25,1.3845084694407774,0.5265625,1
ccp,kr-vs-kp,512,512,2,0.0625,1.3845084694407774,0.5265625,512
ccp,breastcancer,1024,1024,1,0.0625,0.7596170820563475,0.8508771929824561,1036
ccp,breastcancer,512,512,8,0.25,1.3217150547146044,0.631578947368421,512
ccp,kr-vs-kp,1024,1024,4,0.125,1.3845084694407774,0.5265625,1024
ccp,breastcancer,64,64,8,0.0,0.0014986845513696122,0.9473684210526315,1792
ccp,breastcancer,128,128,2,0.0625,0.7596170820563471,0.8508771929824561,140
lgbm_quant,wine,1024,7168,8,0.0,0.9407350394458341,0.6261538461538462,276782
ccp,kr-vs-kp,128,128,4,0.5,1.3845084694407774,0.5265625,128
ccp,kr-vs-kp,256,256,8,0.0,0.007695176806790848,0.9796875,64210
ccp,breastcancer,128,128,1,0.25,1.3217150547146044,0.631578947368421,128
ccp,kr-vs-kp,2,2,4,0.0078125,1.109516783153862,0.928125,18
ccp,kr-vs-kp,2,2,1,0.125,1.3845084694407774,0.5265625,2
lgbm_base,breastcancer,128,128,8,0.0,1.0,0.956140350877193,4644
lgbm_quant,breastcancer,128,128,8,0.0,1.0,0.956140350877193,4644
ccp,kr-vs-kp,2,2,2,0.03125,1.2258853639031109,0.8859375,10
ccp,kr-vs-kp,512,512,4,0.015625,0.7666288594006689,0.928125,560
ccp,kr-vs-kp,128,128,8,0.125,1.3845084694407774,0.5265625,128
ccp,kr-vs-kp,16,16,4,0.0,0.4431498950110112,0.928125,308
ccp,kr-vs-kp,256,256,1,0.03125,1.2290606052220168,0.8859375,266
ccp,breastcancer,256,256,2,0.25,1.3217150547146044,0.631578947368421,256
ccp,kr-vs-kp,4,4,2,0.125,1.3845084694407774,0.5265625,4
ccp,kr-vs-kp,4,4,1,0.5,1.3845084694407774,0.5265625,4
ccp,kr-vs-kp,256,256,2,0.0078125,0.70964880085701,0.8859375,326
ccp,breastcancer,512,512,4,0.5,1.3217150547146044,0.631578947368421,512
ccp,kr-vs-kp,1,1,1,0.03125,1.345060742255252,0.5265625,3
ccp,kr-vs-kp,16,16,8,0.25,1.3845084694407772,0.5265625,16
ccp,kr-vs-kp,1024,1024,1,0.0,0.20969643554352704,0.9453125,3072
lgbm_base,wine,1024,7168,4,0.0,0.9998075812969021,0.65,141326
ccp,breastcancer,128,128,4,0.015625,0.4265783269309403,0.9210526315789473,162
ccp,kr-vs-kp,32,32,4,0.0078125,0.6247168992677373,0.928125,106
ccp,breastcancer,1024,1024,2,0.015625,0.4265783269309401,0.9210526315789473,1058
ccp,kr-vs-kp,32,32,1,0.0625,1.3845084694407774,0.5265625,32
ccp,kr-vs-kp,64,64,1,0.5,1.3845084694407774,0.5265625,64
ccp,kr-vs-kp,64,64,8,0.015625,0.7666288594007394,0.928125,112
ccp,kr-vs-kp,4,4,4,0.03125,1.0548451137861652,0.8859375,22
ccp,kr-vs-kp,4,4,8,0.0078125,0.9206798706391344,0.928125,36
ccp,breastcancer,256,256,8,0.03125,0.5446408800970656,0.9122807017543859,278
ccp,breastcancer,1,1,8,0.125,1.1831830753271353,0.631578947368421,3
ccp,breastcancer,8,8,2,0.125,1.0694020436819536,0.631578947368421,12
ccp,kr-vs-kp,32,32,2,0.015625,0.8751750613056829,0.8859375,72
ccp,kr-vs-kp,1024,1024,2,0.25,1.3845084694407774,0.5265625,1024
ccp,breastcancer,1,1,1,0.0078125,1.1831830753271353,0.631578947368421,3
ccp,breastcancer,4,4,2,0.03125,0.8920927216494234,0.8333333333333334,12
ccp,breastcancer,16,16,2,0.5,1.3217150547146044,0.631578947368421,16
ccp,breastcancer,4,4,1,0.125,1.0694050705190818,0.631578947368421,8
ccp,kr-vs-kp,8,8,2,0.5,1.3845084694407772,0.5265625,8
ccp,kr-vs-kp,1024,1024,8,0.5,1.3845084694407774,0.5265625,1024
ccp,kr-vs-kp,1024,1024,8,0.125,1.3845084694407774,0.5265625,1024
lgbm_base,breastcancer,512,512,1,0.0,1.0,0.956140350877193,1536
lgbm_quant,breastcancer,512,512,1,0.0,1.0,0.956140350877193,1536
ccp,kr-vs-kp,512,512,8,0.0625,1.3845084694407774,0.5265625,512
ccp,breastcancer,32,32,1,0.0078125,0.3545995543441831,0.9210526315789473,72
ccp,breastcancer,8,8,4,0.03125,0.6575749833613657,0.9035087719298246,24
ccp,breastcancer,2,2,8,0.5,1.3217150547146044,0.631578947368421,2
ccp,breastcancer,2,2,1,0.03125,1.069407855147703,0.631578947368421,6
ccp,breastcancer,4,4,4,0.0078125,0.830886240691731,0.8859649122807017,26
ccp,breastcancer,1,1,4,0.5,1.3217150547146044,0.631578947368421,1
ccp,breastcancer,8,8,1,0.5,1.3217150547146044,0.631578947368421,8
ccp,breastcancer,8,8,8,0.0078125,0.5910886234491493,0.9385964912280702,44
ccp,breastcancer,2,2,2,0.0078125,1.0345349861108115,0.631578947368421,12
ccp,breastcancer,16,16,4,0.125,1.0694001789745515,0.631578947368421,20
ccp,kr-vs-kp,64,64,2,0.125,1.3845084694407774,0.5265625,64
ccp,kr-vs-kp,8,8,4,0.125,1.3845084694407772,0.5265625,8
ccp,breastcancer,256,256,1,0.0,0.0435199841232603,0.9649122807017544,768
ccp,kr-vs-kp,8,8,8,0.03125,1.054845079658974,0.8859375,26
ccp,breastcancer,16,16,8,0.03125,0.5446456962644574,0.9122807017543859,38
ccp,kr-vs-kp,64,64,4,0.03125,1.0548450538647303,0.8859375,82
ccp,kr-vs-kp,16,16,1,0.0078125,1.0153097054707205,0.8859375,48
ccp,breastcancer,32,32,4,0.5,1.3217150547146044,0.631578947368421,32
ccp,breastcancer,64,64,2,0.0078125,0.33208956996108496,0.9473684210526315,118
ccp,kr-vs-kp,512,512,1,0.125,1.3845084694407774,0.5265625,512
ccp,breastcancer,32,32,8,0.125,1.0693997692450175,0.631578947368421,36
ccp,kr-vs-kp,1,1,4,0.5,1.3845084694407774,0.5265625,1
ccp,breastcancer,64,64,1,0.03125,0.5446408802921774,0.9122807017543859,86
ccp,breastcancer,512,512,2,0.0,5.969590166041606e-05,0.9649122807017544,3482
ccp,kr-vs-kp,128,128,2,0.0,0.24241870544546373,0.94375,894
ccp,kr-vs-kp,1,1,8,0.125,1.3845084694407774,0.5265625,1
lgbm_quant,wine,1024,7168,4,0.0,0.5501250721570137,0.4115384615384615,141326
ccp,breastcancer,1024,1024,4,0.0078125,0.32593632853720245,0.9385964912280702,1082
ccp,breastcancer,256,256,4,0.0625,0.7596170820563471,0.8508771929824561,268
ccp,kr-vs-kp,512,512,2,0.03125,1.0871072873774243,0.8859375,530
lgbm_base,wine,1,7,2,0.0,0.4333269193765634,0.44153846153846155,45
lgbm_quant,wine,1,7,2,0.0,0.4331345006734655,0.44076923076923075,45
lgbm_base,covtype,1024,1024,4,0.0,0.873903044046049,0.868867413061625,30496
ccp,breastcancer,64,64,8,0.5,1.3217150547146044,0.631578947368421,64
ccp,breastcancer,128,128,2,0.03125,0.5446408800970659,0.9122807017543859,150
ccp,kr-vs-kp,2,2,8,0.0,1.0646183460194245,0.975,184
ccp,kr-vs-kp,128,128,4,0.25,1.3845084694407774,0.5265625,128
ccp,breastcancer,128,128,1,0.125,1.0693997546727894,0.631578947368421,132
ccp,kr-vs-kp,2,2,1,0.0625,1.3845084694407774,0.5265625,2
ccp,kr-vs-kp,2,2,2,0.015625,1.2258853639031109,0.8859375,10
lgbm_base,wine,2,14,4,0.0,0.5152972868962863,0.5261538461538462,338
lgbm_base,kin8nm,1024,1024,2,0.0,0.02166506482766013,0.028090174898478492,6924
lgbm_base,wine,4,28,8,0.0,0.591687512026169,0.5661538461538461,1608
lgbm_quant,wine,4,28,8,0.0,0.5903405811044834,0.5646153846153846,1608
ccp,breastcancer,1024,1024,1,0.03125,0.5446408800970658,0.9122807017543859,1046
ccp,kr-vs-kp,16,16,4,0.5,1.3845084694407772,0.5265625,16
ccp,kr-vs-kp,256,256,8,0.5,1.3845084694407774,0.5265625,256
lgbm_quant,kin8nm,1024,1024,2,0.0,422.0664738359892,422.6121177819872,6924
ccp,kr-vs-kp,128,128,8,0.0625,1.3845084694407774,0.5265625,128
ccp,kr-vs-kp,256,256,1,0.015625,0.9857220345477362,0.8859375,292
ccp,kr-vs-kp,4,4,2,0.0625,1.3845084694407774,0.5265625,4
ccp,kr-vs-kp,4,4,1,0.25,1.3845084694407774,0.5265625,4
ccp,kr-vs-kp,512,512,4,0.0078125,0.6247168991355722,0.928125,586
ccp,breastcancer,256,256,2,0.125,1.0693997546727894,0.631578947368421,260
ccp,kr-vs-kp,1,1,1,0.015625,1.345060742255252,0.5265625,3
ccp,kr-vs-kp,16,16,8,0.125,1.3845084694407772,0.5265625,16
lgbm_base,wine,16,112,1,0.0,0.5343467385029825,0.5392307692307692,336
lgbm_quant,wine,16,112,1,0.0,0.5343467385029825,0.5392307692307692,336
lgbm_base,wine,32,224,2,0.0,0.5618626130459881,0.5484615384615384,1536
lgbm_quant,wine,32,224,2,0.0,0.5618626130459881,0.5484615384615384,1536
ccp,kr-vs-kp,1024,1024,4,0.0625,1.3845084694407774,0.5265625,1024
ccp,kr-vs-kp,32,32,8,0.0,0.1111603846789443,0.984375,2950
lgbm_base,wine,64,448,4,0.0,0.715605156821243,0.6038461538461538,10770
ccp,kr-vs-kp,256,256,4,0.0,0.04207247874992969,0.98125,6926
lgbm_quant,wine,64,448,4,0.0,0.7082932461035213,0.6030769230769231,10770
ccp,kr-vs-kp,32,32,1,0.03125,1.2290606065874459,0.8859375,42
ccp,kr-vs-kp,64,64,1,0.25,1.3845084694407774,0.5265625,64
ccp,breastcancer,128,128,4,0.0078125,0.32593632853720333,0.9385964912280702,186
lgbm_base,covtype,512,512,1,0.0,0.7699076394820238,0.7695498395050042,1536
ccp,kr-vs-kp,4,4,4,0.015625,0.9314570971533515,0.928125,34
ccp,kr-vs-kp,1024,1024,1,0.5,1.3845084694407774,0.5265625,1024
ccp,breastcancer,1,1,8,0.0625,1.1831830753271353,0.631578947368421,3
ccp,kr-vs-kp,8,8,1,0.0,1.1585710707180403,0.8859375,24
ccp,kr-vs-kp,64,64,8,0.0078125,0.6183991249754156,0.928125,140
ccp,breastcancer,4,4,2,0.015625,0.867981615739199,0.8157894736842105,16
ccp,breastcancer,1,1,2,0.0,1.162039754245583,0.631578947368421,7
ccp,breastcancer,8,8,2,0.0625,0.759628802180349,0.8508771929824561,20
ccp,kr-vs-kp,32,32,2,0.0078125,0.7096488016275387,0.8859375,102
ccp,breastcancer,4,4,1,0.0625,0.8920927216494234,0.8333333333333334,12
ccp,breastcancer,16,16,2,0.25,1.3217150547146044,0.631578947368421,16
ccp,kr-vs-kp,1024,1024,8,0.03125,1.0548450538645369,0.8859375,1042
ccp,kr-vs-kp,8,8,2,0.25,1.3845084694407772,0.5265625,8
ccp,breastcancer,32,32,2,0.0,0.13013693191274037,0.956140350877193,224
ccp,breastcancer,2,2,8,0.25,1.3217150547146044,0.631578947368421,2
ccp,breastcancer,8,8,4,0.015625,0.6380972114135665,0.9122807017543859,28
ccp,breastcancer,2,2,1,0.015625,1.069407855147703,0.631578947368421,6
ccp,kr-vs-kp,1024,1024,8,0.0078125,0.6183991249753741,0.928125,1100
ccp,breastcancer,4,4,8,0.0,0.7512526703264678,0.9473684210526315,144
ccp,breastcancer,1,1,4,0.25,1.3217150547146044,0.631578947368421,1
ccp,breastcancer,16,16,1,0.0,0.42039175962293784,0.9122807017543859,48
ccp,breastcancer,8,8,1,0.25,1.3217150547146044,0.631578947368421,8
ccp,breastcancer,2,2,4,0.0,0.9823318690960515,0.631578947368421,50
ccp,covtype,1,1,2,0.5,1.3856916045032905,0.5129041418896242,1
ccp,kr-vs-kp,64,64,2,0.0625,1.3845084694407774,0.5265625,64
ccp,kr-vs-kp,8,8,4,0.0625,1.3845084694407772,0.5265625,8
ccp,kr-vs-kp,64,64,4,0.015625,0.7666288594007394,0.928125,112
ccp,breastcancer,16,16,4,0.0625,0.7596192553054392,0.8508771929824561,28
ccp,kr-vs-kp,8,8,8,0.015625,0.7666288687743358,0.928125,56
ccp,kr-vs-kp,16,16,2,0.0,0.7054337118500893,0.928125,112
ccp,breastcancer,16,16,8,0.015625,0.42658567760654287,0.9210526315789473,50
ccp,breastcancer,32,32,4,0.25,1.3217150547146044,0.631578947368421,32
ccp,breastcancer,256,256,1,0.5,1.3217150547146044,0.631578947368421,256
ccp,breastcancer,512,512,4,0.25,1.3217150547146044,0.631578947368421,512
ccp,kr-vs-kp,1024,1024,2,0.125,1.3845084694407774,0.5265625,1024
ccp,kr-vs-kp,1,1,4,0.25,1.3845084694407774,0.5265625,1
ccp,kr-vs-kp,1,1,8,0.0625,1.3845084694407774,0.5265625,1
ccp,breastcancer,64,64,1,0.015625,0.4415075160021714,0.9122807017543859,94
lgbm_base,wine,128,896,8,0.0,0.9722917067538965,0.65,50434
ccp,breastcancer,32,32,8,0.0625,0.7596171567104355,0.8508771929824561,44
ccp,kr-vs-kp,128,128,2,0.5,1.3845084694407774,0.5265625,128
ccp,breastcancer,64,64,4,0.0,0.0015397999779147068,0.9473684210526315,1704
ccp,kr-vs-kp,512,512,1,0.0625,1.3845084694407774,0.5265625,512
ccp,breastcancer,256,256,8,0.015625,0.42657832693093956,0.9210526315789473,290
ccp,breastcancer,1024,1024,2,0.0078125,0.33208956935418577,0.9473684210526315,1078
ccp,kr-vs-kp,512,512,8,0.03125,1.0548450538645369,0.8859375,530
lgbm_quant,wine,128,896,8,0.0,0.9622859341928035,0.6453846153846153,50434
ccp,breastcancer,512,512,2,0.5,1.3217150547146044,0.631578947368421,512
ccp,kr-vs-kp,2,2,8,0.5,1.3845084694407774,0.5265625,2
ccp,breastcancer,64,64,8,0.25,1.3217150547146044,0.631578947368421,64
ccp,breastcancer,128,128,2,0.015625,0.4265783269309403,0.9210526315789473,162
ccp,kr-vs-kp,2,2,1,0.03125,1.3126145184656215,0.5265625,6
ccp,kr-vs-kp,128,128,4,0.125,1.3845084694407774,0.5265625,128
ccp,breastcancer,128,128,1,0.0625,0.7596170820563471,0.8508771929824561,140
ccp,kr-vs-kp,512,512,2,0.015625,0.8751750613044091,0.8859375,552
ccp,kr-vs-kp,2,2,2,0.0078125,1.2258853639031109,0.8859375,10
ccp,breastcancer,1024,1024,8,0.0,2.095692687601048e-08,0.956140350877193,5448
ccp,breastcancer,256,256,4,0.03125,0.5446408800970656,0.9122807017543859,278
ccp,kr-vs-kp,16,16,4,0.25,1.3845084694407772,0.5265625,16
lgbm_quant,covtype,512,512,1,0.0,0.7699356079593984,0.7696531070626403,1536
ccp,kr-vs-kp,256,256,1,0.0078125,0.8278926119890067,0.8859375,322
ccp,kr-vs-kp,4,4,1,0.125,1.3845084694407774,0.5265625,4
lgbm_base,wine,512,3584,1,0.0,0.5957283047912257,0.556923076923077,10752
ccp,kr-vs-kp,4,4,2,0.03125,1.087107426365615,0.8859375,22
ccp,kr-vs-kp,128,128,8,0.03125,1.0548450538645366,0.8859375,146
ccp,kr-vs-kp,1024,1024,8,0.0625,1.3845084694407774,0.5265625,1024
ccp,kr-vs-kp,1024,1024,8,0.25,1.3845084694407774,0.5265625,1024
ccp,kr-vs-kp,16,16,8,0.0625,1.3845084694407772,0.5265625,16
ccp,kr-vs-kp,256,256,8,0.25,1.3845084694407774,0.5265625,256
ccp,kr-vs-kp,1,1,1,0.0078125,1.345060742255252,0.5265625,3
lgbm_quant,wine,512,3584,1,0.0,0.5957283047912257,0.5561538461538461,10752
ccp,kr-vs-kp,32,32,8,0.5,1.3845084694407774,0.5265625,32
ccp,breastcancer,256,256,2,0.0625,0.7596170820563471,0.8508771929824561,268
ccp,kr-vs-kp,32,32,1,0.015625,0.985722089695433,0.8859375,68
ccp,kr-vs-kp,64,64,1,0.125,1.3845084694407774,0.5265625,64
ccp,kr-vs-kp,4,4,4,0.0078125,0.9206798706391344,0.928125,36
ccp,breastcancer,1024,1024,1,0.015625,0.4415075156929451,0.9122807017543859,1054
ccp,kr-vs-kp,256,256,4,0.5,1.3845084694407774,0.5265625,256
ccp,kr-vs-kp,8,8,1,0.5,1.3845084694407772,0.5265625,8
lgbm_base,wine,1024,7168,2,0.0,0.8193188377910333,0.6115384615384616,45820
ccp,kr-vs-kp,128,128,1,0.0,0.475801553076527,0.925,384
ccp,kr-vs-kp,8,8,2,0.125,1.3845084694407772,0.5265625,8
ccp,breastcancer,128,128,8,0.0,2.489061695188845e-06,0.9385964912280702,3520
ccp,kr-vs-kp,32,32,4,0.0,0.26089746650535484,0.94375,752
ccp,mushroom,1,1,2,0.5,1.3844771807698029,0.5046153846153846,1
ccp,kr-vs-kp,1024,1024,4,0.03125,1.0548450538645369,0.8859375,1042
ccp,mushroom,1,1,4,0.125,1.3844771807698029,0.5046153846153846,1
ccp,kr-vs-kp,1024,1024,1,0.25,1.3845084694407774,0.5265625,1024
ccp,kr-vs-kp,8,8,8,0.0078125,0.6836051663599872,0.928125,72
ccp,mushroom,1,1,8,0.03125,1.2546423433580887,0.9144615384615384,7
ccp,mushroom,2,2,1,0.0078125,1.2669428193209447,0.788923076923077,6
ccp,kr-vs-kp,8,8,4,0.03125,1.054845079658974,0.8859375,26
ccp,kr-vs-kp,16,16,2,0.5,1.3845084694407772,0.5265625,16
ccp,kr-vs-kp,64,64,2,0.03125,1.0871072873778729,0.8859375,82
ccp,mushroom,4,4,1,0.03125,1.1710827395675087,0.8043076923076923,12
ccp,kr-vs-kp,64,64,4,0.0078125,0.6247168991357283,0.928125,138
ccp,mushroom,4,4,2,0.0078125,0.9610359647558596,0.9144615384615384,26
ccp,mushroom,2,2,8,0.125,1.3844771807698029,0.5046153846153846,2
ccp,mushroom,2,2,4,0.5,1.3844771807698029,0.5046153846153846,2
ccp,mushroom,4,4,8,0.5,1.3844771807698029,0.5046153846153846,4
ccp,covtype,2,2,1,0.0078125,1.3424874728074383,0.6673751968537818,6
ccp,mushroom,8,8,1,0.125,1.3844771807698029,0.5046153846153846,8
lgbm_base,breastcancer,2,2,2,0.0,0.6263736263736264,0.631578947368421,14
lgbm_quant,breastcancer,2,2,2,0.0,0.6263736263736264,0.631578947368421,14
lgbm_quant,wine,1024,7168,2,0.0,0.4373677121416202,0.44384615384615383,45820
ccp,mushroom,8,8,2,0.03125,0.7045185993401338,0.9618461538461538,42
ccp,breastcancer,256,256,1,0.25,1.3217150547146044,0.631578947368421,256
ccp,covtype,1,1,4,0.125,1.3856916045032905,0.5129041418896242,1
ccp,mushroom,8,8,4,0.0078125,0.5938393420959499,0.9772307692307692,68
ccp,kr-vs-kp,128,128,2,0.25,1.3845084694407774,0.5265625,128
ccp,mushroom,16,16,1,0.5,1.3844771807698029,0.5046153846153846,16
ccp,mushroom,16,16,2,0.125,1.3844771807698029,0.5046153846153846,16
ccp,kr-vs-kp,512,512,1,0.03125,1.2290606052220168,0.8859375,522
ccp,mushroom,32,32,2,0.5,1.3844771807698029,0.5046153846153846,32
ccp,mushroom,16,16,4,0.03125,0.7045175781228037,0.9618461538461538,50
ccp,mushroom,16,16,8,0.0078125,0.43285323789072816,0.9766153846153847,96
ccp,kr-vs-kp,1024,1024,2,0.0625,1.3845084694407774,0.5265625,1024
ccp,mushroom,32,32,4,0.125,1.3844771807698029,0.5046153846153846,32
ccp,covtype,4,4,1,0.03125,1.3618863609742327,0.6654131132586938,6
ccp,kr-vs-kp,2,2,8,0.25,1.3845084694407774,0.5265625,2
ccp,mushroom,32,32,8,0.03125,0.704517353813521,0.9618461538461538,66
ccp,kr-vs-kp,2,2,1,0.015625,1.3126145184656215,0.5265625,6
ccp,kr-vs-kp,512,512,8,0.0,0.007593175849317583,0.9765625,129570
ccp,breastcancer,1024,1024,4,0.0,1.9870423766376426e-08,0.9649122807017544,5424
ccp,kr-vs-kp,2,2,4,0.0,1.1056014165344228,0.928125,40
ccp,breastcancer,512,512,4,0.125,1.0693997546727894,0.631578947368421,516
ccp,kr-vs-kp,128,128,4,0.0625,1.3845084694407774,0.5265625,128
ccp,mushroom,64,64,1,0.0078125,0.4953081864119723,0.9692307692307692,142
ccp,kr-vs-kp,16,16,4,0.125,1.3845084694407772,0.5265625,16
ccp,covtype,2,2,4,0.5,1.3856916045032905,0.5129041418896242,2
ccp,kr-vs-kp,512,512,2,0.0078125,0.7096488008570098,0.8859375,582
ccp,breastcancer,512,512,2,0.25,1.3217150547146044,0.631578947368421,512
ccp,mushroom,64,64,4,0.5,1.3844771807698029,0.5046153846153846,64
ccp,covtype,1,1,1,0.0,1.3618863616898558,0.6654131132586938,3
ccp,kr-vs-kp,4,4,1,0.0625,1.3845084694407774,0.5265625,4
ccp,kr-vs-kp,512,512,8,0.015625,0.7666288594006689,0.928125,560
ccp,breastcancer,256,256,8,0.0078125,0.32593632853720245,0.9385964912280702,314
ccp,covtype,8,8,1,0.125,1.3856916045032905,0.5129041418896242,8
ccp,mushroom,128,128,1,0.03125,0.8817813767866478,0.9563076923076923,154
ccp,kr-vs-kp,1024,1024,8,0.015625,0.7666288594006689,0.928125,1072
ccp,kr-vs-kp,4,4,2,0.015625,1.087107426365615,0.8859375,22
ccp,kr-vs-kp,256,256,2,0.0,0.1643869845631808,0.95625,1776
ccp,covtype,1,1,2,0.25,1.3856916045032905,0.5129041418896242,1
ccp,covtype,4,4,2,0.0078125,1.2547978477986579,0.7312203643623658,20
ccp,mushroom,64,64,8,0.125,1.3844771807698029,0.5046153846153846,64
ccp,kr-vs-kp,16,16,8,0.03125,1.0548450586443265,0.8859375,34
ccp,kr-vs-kp,1,1,2,0.0,1.300495767506238,0.765625,7
ccp,mushroom,128,128,2,0.0078125,0.4396547984016843,0.9729230769230769,198
ccp,kr-vs-kp,128,128,8,0.015625,0.7666288594006692,0.928125,176
ccp,breastcancer,256,256,4,0.015625,0.42657832693093956,0.9210526315789473,290
ccp,covtype,1,1,8,0.03125,1.3618863616898558,0.6654131132586938,3
ccp,kr-vs-kp,32,32,1,0.0078125,0.8381627519975183,0.8859375,96
ccp,kr-vs-kp,32,32,8,0.25,1.3845084694407774,0.5265625,32
ccp,kr-vs-kp,64,64,1,0.0625,1.3845084694407774,0.5265625,64
ccp,kr-vs-kp,4,4,8,0.0,0.842593445987033,0.9734375,338
ccp,mushroom,256,256,1,0.125,1.3844771807698029,0.5046153846153846,256
ccp,kr-vs-kp,8,8,1,0.25,1.3845084694407772,0.5265625,8
ccp,kr-vs-kp,256,256,8,0.125,1.3845084694407774,0.5265625,256
ccp,kr-vs-kp,128,128,1,0.5,1.3845084694407774,0.5265625,128
ccp,kr-vs-kp,8,8,2,0.0625,1.3845084694407772,0.5265625,8
ccp,kr-vs-kp,256,256,4,0.25,1.3845084694407774,0.5265625,256
ccp,mushroom,256,256,2,0.03125,0.7045173458373866,0.9618461538461538,290
ccp,kr-vs-kp,32,32,4,0.5,1.3845084694407774,0.5265625,32
lgbm_base,kr-vs-kp,1,1,1,0.0,0.5211267605633803,0.5265625,3
lgbm_quant,kr-vs-kp,1,1,1,0.0,0.5211267605633803,0.5265625,3
ccp,mushroom,128,128,8,0.5,1.3844771807698029,0.5046153846153846,128
ccp,mushroom,1,1,2,0.25,1.3844771807698029,0.5046153846153846,1
ccp,mushroom,1,1,4,0.0625,1.319604906522331,0.788923076923077,3
ccp,kr-vs-kp,16,16,1,0.0,1.0153097054707205,0.8859375,48
ccp,mushroom,1,1,8,0.015625,1.2332977078125498,0.9144615384615384,9
ccp,kr-vs-kp,16,16,2,0.25,1.3845084694407772,0.5265625,16
ccp,kr-vs-kp,64,64,2,0.015625,0.8751750613044106,0.8859375,104
ccp,kr-vs-kp,8,8,4,0.015625,0.7666288687743358,0.928125,56
ccp,mushroom,2,2,2,0.0,1.1488537305175044,0.9144615384615384,14
ccp,mushroom,4,4,1,0.015625,1.1710827395675087,0.8043076923076923,12
ccp,mushroom,2,2,8,0.0625,1.2669428193209447,0.788923076923077,6
ccp,mushroom,512,512,1,0.5,1.3844771807698029,0.5046153846153846,512
ccp,breastcancer,1024,1024,1,0.0078125,0.35459908341769075,0.9210526315789473,1064
ccp,mushroom,4,4,4,0.0,0.8442927203292114,0.9778461538461538,110
ccp,mushroom,2,2,4,0.25,1.3844771807698029,0.5046153846153846,2
ccp,mushroom,8,8,1,0.0625,1.217059865383934,0.788923076923077,14
ccp,mushroom,4,4,8,0.25,1.3844771807698029,0.5046153846153846,4
ccp,kr-vs-kp,64,64,8,0.0,0.043138607153112546,0.9796875,8692
ccp,kr-vs-kp,1024,1024,1,0.125,1.3845084694407774,0.5265625,1024
lgbm_quant,covtype,1024,1024,8,0.0,0.7177270663864082,0.7165907936972368,62464
ccp,mushroom,8,8,2,0.015625,0.6650747999879916,0.9655384615384616,52
ccp,mushroom,8,8,8,0.0,0.4947896506733734,1.0,484
ccp,kr-vs-kp,128,128,2,0.125,1.3845084694407774,0.5265625,128
ccp,mushroom,16,16,1,0.25,1.3844771807698029,0.5046153846153846,16
ccp,covtype,8,8,2,0.03125,1.3618863605119649,0.6654131132586938,10
ccp,mushroom,16,16,2,0.0625,1.036169196190849,0.9261538461538461,28
ccp,mushroom,256,256,4,0.0078125,0.432853237115452,0.9766153846153847,336
ccp,covtype,16,16,1,0.5,1.3856916045032899,0.5129041418896242,16
ccp,mushroom,32,32,2,0.25,1.3844771807698029,0.5046153846153846,32
ccp,mushroom,16,16,4,0.015625,0.5821424772590117,0.9692307692307692,76
ccp,mushroom,32,32,1,0.0,0.5619260039631447,0.9692307692307692,96
ccp,kr-vs-kp,512,512,1,0.015625,0.9857220345477362,0.8859375,548
ccp,kr-vs-kp,1024,1024,4,0.015625,0.7666288594006689,0.928125,1072
ccp,mushroom,32,32,4,0.0625,1.0361691674719635,0.9261538461538461,44
ccp,mushroom,32,32,8,0.015625,0.5821424277693655,0.9692307692307692,92
ccp,kr-vs-kp,128,128,4,0.03125,1.0548450538645366,0.8859375,146
ccp,kr-vs-kp,16,16,4,0.0625,1.3845084694407772,0.5265625,16
ccp,kr-vs-kp,1024,1024,2,0.03125,1.0871072873774243,0.8859375,1042
ccp,mushroom,64,64,2,0.0,0.07369200193587623,0.9889230769230769,432
ccp,mushroom,512,512,2,0.125,1.3844771807698029,0.5046153846153846,512
ccp,covtype,2,2,8,0.125,1.3856916045032905,0.5129041418896242,2
ccp,california_housing,1,1,2,0.5,1.3361286263161214,1.3136235330402446,1
ccp,mushroom,128,128,1,0.015625,0.6662454462049008,0.9593846153846154,176
ccp,kr-vs-kp,256,256,2,0.5,1.3845084694407774,0.5265625,256
ccp,mushroom,64,64,4,0.25,1.3844771807698029,0.5046153846153846,64
ccp,kr-vs-kp,16,16,8,0.015625,0.7666288611376213,0.928125,64
ccp,kr-vs-kp,32,32,2,0.0,0.5079359605105103,0.928125,224
ccp,breastcancer,512,512,1,0.0,0.013556082893488846,0.9736842105263158,1536
ccp,california_housing,1,1,4,0.125,1.257174711765626,1.237459580449538,3
ccp,kr-vs-kp,64,64,1,0.03125,1.2290606052236264,0.8859375,74
ccp,kr-vs-kp,32,32,8,0.125,1.3845084694407774,0.5265625,32
ccp,california_housing,2,2,1,0.0078125,1.19156614229488,1.1747079519333512,6
ccp,california_housing,1,1,8,0.03125,1.210907405094905,1.1915474688302505,9
ccp,kr-vs-kp,128,128,8,0.0078125,0.6183991249753742,0.928125,204
ccp,kr-vs-kp,512,512,4,0.0,0.016203312384583782,0.9765625,14098
ccp,kr-vs-kp,512,512,8,0.5,1.3845084694407774,0.5265625,512
ccp,california_housing,2,2,4,0.5,1.3361286263161214,1.3136235330402446,2
ccp,mushroom,64,64,8,0.0625,1.0361691664519783,0.9261538461538461,76
ccp,california_housing,4,4,1,0.03125,1.0861953519355538,1.0709015580552312,12
ccp,breastcancer,512,512,4,0.0625,0.7596170820563471,0.8508771929824561,524
ccp,covtype,2,2,2,0.0,1.3032962570676045,0.7306782096847758,14
ccp,kr-vs-kp,128,128,1,0.25,1.3845084694407774,0.5265625,128
ccp,kr-vs-kp,32,32,4,0.25,1.3845084694407774,0.5265625,32
ccp,california_housing,2,2,8,0.125,1.166955536324543,1.148120571540257,8
ccp,mushroom,256,256,1,0.0625,1.2170598569362157,0.788923076923077,262
ccp,mushroom,128,128,4,0.0,0.00019208276739209276,1.0,2970
ccp,mushroom,1,1,2,0.125,1.3844771807698029,0.5046153846153846,1
ccp,covtype,1,1,4,0.0625,1.3856916045032905,0.5129041418896242,1
ccp,kr-vs-kp,256,256,4,0.125,1.3845084694407774,0.5265625,256
ccp,california_housing,4,4,2,0.0078125,0.9854631192214075,0.970382848517618,28
ccp,mushroom,1,1,4,0.03125,1.2546423433580887,0.9144615384615384,7
ccp,mushroom,2,2,2,0.5,1.3844771807698029,0.5046153846153846,2
ccp,mushroom,1,1,8,0.0078125,1.2199773885408929,0.9304615384615385,13
ccp,mushroom,512,512,4,0.03125,0.7045173458373867,0.9618461538461538,546
ccp,kr-vs-kp,256,256,8,0.0625,1.3845084694407774,0.5265625,256
ccp,kr-vs-kp,64,64,2,0.0078125,0.7096488008579183,0.8859375,134
ccp,mushroom,4,4,1,0.0078125,1.1710827395675087,0.8043076923076923,12
ccp,mushroom,2,2,8,0.03125,1.1488537305175044,0.9144615384615384,14
ccp,california_housing,8,8,1,0.125,0.9424778387113865,0.9278605043186035,24
ccp,mushroom,8,8,1,0.03125,1.0235985373834833,0.9070769230769231,24
ccp,mushroom,2,2,4,0.125,1.3844771807698029,0.5046153846153846,2
ccp,mushroom,4,4,4,0.5,1.3844771807698029,0.5046153846153846,4
ccp,california_housing,4,4,8,0.5,1.3361286263161214,1.3136235330402446,4
ccp,mushroom,4,4,8,0.125,1.3844771807698029,0.5046153846153846,4
ccp,mushroom,256,256,2,0.015625,0.5356755854195736,0.9729230769230769,312
ccp,mushroom,8,8,2,0.0078125,0.6650747999879916,0.9655384615384616,52
ccp,kr-vs-kp,64,64,8,0.5,1.3845084694407774,0.5265625,64
ccp,covtype,4,4,1,0.015625,1.3132682698719749,0.6673751968537818,12
ccp,covtype,1,1,1,0.5,1.3856916045032905,0.5129041418896242,1
ccp,mushroom,8,8,8,0.5,1.3844771807698029,0.5046153846153846,8
ccp,kr-vs-kp,128,128,2,0.0625,1.3845084694407774,0.5265625,128
ccp,mushroom,16,16,1,0.125,1.3844771807698029,0.5046153846153846,16
ccp,california_housing,8,8,2,0.03125,0.8164137203571783,0.8069313536370352,52
ccp,mushroom,16,16,2,0.03125,0.7045175781228037,0.9618461538461538,50
ccp,kr-vs-kp,1024,1024,1,0.0625,1.3845084694407774,0.5265625,1024
ccp,mushroom,32,32,1,0.5,1.3844771807698029,0.5046153846153846,32
ccp,mushroom,128,128,8,0.25,1.3844771807698029,0.5046153846153846,128
ccp,mushroom,32,32,2,0.125,1.3844771807698029,0.5046153846153846,32
ccp,mushroom,16,16,4,0.0078125,0.43285323789072816,0.9766153846153847,96
ccp,breastcancer,1024,1024,4,0.5,1.3217150547146044,0.631578947368421,1024
ccp,covtype,1,1,2,0.125,1.3856916045032905,0.5129041418896242,1
ccp,mushroom,512,512,1,0.25,1.3844771807698029,0.5046153846153846,512
ccp,covtype,16,16,2,0.125,1.3856916045032899,0.5129041418896242,16
ccp,kr-vs-kp,512,512,1,0.0078125,0.8278926119890067,0.8859375,578
ccp,mushroom,32,32,4,0.03125,0.704517353813521,0.9618461538461538,66
ccp,covtype,8,8,4,0.0078125,1.1947745984298943,0.7312203643623658,38
ccp,mushroom,1024,1024,2,0.5,1.3844771807698029,0.5046153846153846,1024
lgbm_base,breastcancer,1024,686,2,0.0,1.0,0.9473684210526315,3718
lgbm_quant,breastcancer,1024,686,2,0.0,1.0,0.9473684210526315,3718
ccp,kr-vs-kp,128,128,4,0.015625,0.7666288594006692,0.928125,176
ccp,breastcancer,1024,1024,2,0.0,4.1336546914990357e-08,0.9649122807017544,7002
ccp,mushroom,32,32,8,0.0078125,0.4328532371420725,0.9766153846153847,112
ccp,california_housing,8,8,4,0.0078125,0.6744780114307238,0.6739909481778855,154
ccp,mushroom,64,64,2,0.5,1.3844771807698029,0.5046153846153846,64
lgbm_base,kr-vs-kp,2,2,2,0.0,0.9088419405320813,0.8859375,12
lgbm_quant,kr-vs-kp,2,2,2,0.0,0.9088419405320813,0.8859375,12
ccp,covtype,2,2,4,0.25,1.3856916045032905,0.5129041418896242,2
ccp,kr-vs-kp,1024,1024,4,0.0078125,0.6247168991355722,0.928125,1098
ccp,mushroom,512,512,8,0.125,1.3844771807698029,0.5046153846153846,512
ccp,california_housing,1,1,2,0.25,1.257174711765626,1.237459580449538,3
ccp,mushroom,256,256,8,0.0,2.2918440335095666e-08,1.0,7004
ccp,covtype,8,8,1,0.0625,1.3856916045032905,0.5129041418896242,8
lgbm_base,breastcancer,1024,413,4,0.0,1.0,0.956140350877193,4059
ccp,mushroom,128,128,1,0.0078125,0.4953081723549954,0.9692307692307692,206
lgbm_quant,breastcancer,1024,413,4,0.0,1.0,0.956140350877193,4059
ccp,kr-vs-kp,256,256,2,0.25,1.3845084694407774,0.5265625,256
ccp,kr-vs-kp,1024,1024,2,0.015625,0.8751750613044091,0.8859375,1064
ccp,kr-vs-kp,64,64,1,0.015625,0.985722034612757,0.8859375,100
ccp,california_housing,1,1,4,0.0625,1.210907405094905,1.1915474688302505,9
ccp,kr-vs-kp,32,32,8,0.0625,1.3845084694407774,0.5265625,32
ccp,kr-vs-kp,256,256,1,0.0,0.34863389083385854,0.93125,768
ccp,california_housing,2,2,2,0.0,1.1301932998247177,1.112019445276098,14
ccp,california_housing,16,16,1,0.5,1.3361286263161214,1.3136235330402446,16
ccp,california_housing,16,16,2,0.125,0.9047771572257919,0.8899500342042942,36
ccp,california_housing,1,1,8,0.015625,1.1991323775565979,1.1825179935824355,15
ccp,mushroom,64,64,4,0.125,1.3844771807698029,0.5046153846153846,64
ccp,california_housing,2,2,4,0.25,1.19156614229488,1.1747079519333512,6
ccp,california_housing,4,4,1,0.015625,1.0861953519355538,1.0709015580552312,12
ccp,california_housing,16,16,4,0.03125,0.6326573673434508,0.6300597230973648,104
lgbm_quant,covtype,1024,1024,4,0.0,0.7928482451931869,0.789557928797019,30496
ccp,kr-vs-kp,128,128,1,0.125,1.3845084694407774,0.5265625,128
ccp,mushroom,1,1,2,0.0625,1.319604906522331,0.788923076923077,3
ccp,california_housing,2,2,8,0.0625,1.1182724755230187,1.1003854800285728,16
lgbm_base,breastcancer,1024,392,8,0.0,1.0,0.956140350877193,5958
lgbm_quant,breastcancer,1024,392,8,0.0,1.0,0.956140350877193,5958
ccp,mushroom,512,512,2,0.0625,1.0361691664507744,0.9261538461538461,524
ccp,kr-vs-kp,512,512,4,0.5,1.3845084694407774,0.5265625,512
ccp,mushroom,1,1,4,0.015625,1.2332977078125498,0.9144615384615384,9
ccp,california_housing,4,4,4,0.0,0.877301550597285,0.8663090066529562,124
ccp,mushroom,2,2,1,0.0,1.2669428193209447,0.788923076923077,6
ccp,mushroom,2,2,2,0.25,1.3844771807698029,0.5046153846153846,2
ccp,mushroom,4,4,2,0.0,0.955869838996135,0.9181538461538462,28
ccp,mushroom,256,256,1,0.03125,0.8817813767866477,0.9563076923076923,282
ccp,california_housing,32,32,2,0.5,1.3361286263161214,1.3136235330402446,32
ccp,mushroom,2,2,8,0.015625,1.1096006892788086,0.9427692307692308,18
ccp,mushroom,64,64,8,0.03125,0.7045173458467905,0.9618461538461538,98
ccp,kr-vs-kp,64,64,4,0.0,0.15355165227589646,0.9703125,1666
ccp,covtype,1,1,8,0.015625,1.343120854144489,0.7280104644458405,5
ccp,kr-vs-kp,256,256,4,0.0625,1.3845084694407774,0.5265625,256
ccp,mushroom,2,2,4,0.0625,1.2669428193209447,0.788923076923077,6
ccp,california_housing,8,8,1,0.0625,0.9424778387113865,0.9278605043186035,24
ccp,mushroom,4,4,4,0.25,1.3844771807698029,0.5046153846153846,4
ccp,mushroom,8,8,1,0.015625,1.0235985373834833,0.9070769230769231,24
ccp,mushroom,4,4,8,0.0625,1.036169539279896,0.9261538461538461,16
ccp,mushroom,128,128,4,0.5,1.3844771807698029,0.5046153846153846,128
ccp,mushroom,8,8,4,0.0,0.5545611986763999,0.9821538461538462,210
ccp,kr-vs-kp,64,64,8,0.25,1.3845084694407774,0.5265625,64
ccp,kr-vs-kp,512,512,8,0.25,1.3845084694407774,0.5265625,512
ccp,kr-vs-kp,256,256,8,0.03125,1.0548450538645369,0.8859375,274
ccp,mushroom,16,16,1,0.0625,1.2170598585016004,0.788923076923077,22
ccp,mushroom,8,8,8,0.25,1.3844771807698029,0.5046153846153846,8
ccp,california_housing,4,4,8,0.25,1.0861953519355538,1.0709015580552312,12
ccp,kr-vs-kp,128,128,2,0.03125,1.0871072873774243,0.8859375,146
ccp,mushroom,512,512,8,0.0078125,0.4328532371154519,0.9766153846153847,592
ccp,california_housing,8,8,2,0.015625,0.8078573229578863,0.7991059736195592,56
ccp,mushroom,16,16,2,0.015625,0.5356756869132182,0.9729230769230769,72
ccp,california_housing,16,16,8,0.0078125,0.45748209776182347,0.46892732799097264,318
ccp,mushroom,32,32,1,0.25,1.3844771807698029,0.5046153846153846,32
ccp,mushroom,32,32,2,0.0625,1.0361691674719635,0.9261538461538461,44
ccp,mushroom,16,16,8,0.0,0.20569802341784682,1.0,922
ccp,mushroom,256,256,2,0.0078125,0.43965479840168437,0.9729230769230769,326
ccp,mushroom,1024,1024,4,0.125,1.3844771807698029,0.5046153846153846,1024
ccp,covtype,4,4,4,0.0,1.2129571188378927,0.7515726788465014,124
ccp,mushroom,32,32,4,0.015625,0.5821424277693655,0.9692307692307692,92
ccp,kr-vs-kp,1024,1024,1,0.03125,1.2290606052220168,0.8859375,1034
ccp,kr-vs-kp,512,512,2,0.0,0.10643577605376964,0.971875,3540
ccp,covtype,4,4,8,0.5,1.3856916045032905,0.5129041418896242,4
ccp,kr-vs-kp,128,128,4,0.0078125,0.6247168991355723,0.928125,202
ccp,mushroom,64,64,1,0.0,0.3396743160917867,0.976,192
ccp,mushroom,128,128,8,0.125,1.3844771807698029,0.5046153846153846,128
ccp,mushroom,512,512,1,0.125,1.3844771807698029,0.5046153846153846,512
ccp,mushroom,64,64,2,0.25,1.3844771807698029,0.5046153846153846,64
ccp,covtype,2,2,2,0.5,1.3856916045032905,0.5129041418896242,2
ccp,california_housing,1,1,2,0.125,1.257174711765626,1.237459580449538,3
ccp,covtype,1,1,4,0.03125,1.3618863616898558,0.6654131132586938,3
ccp,covtype,1,1,1,0.25,1.3856916045032905,0.5129041418896242,1
ccp,california_housing,1,1,4,0.03125,1.210907405094905,1.1915474688302505,9
ccp,kr-vs-kp,256,256,2,0.125,1.3845084694407774,0.5265625,256
ccp,california_housing,8,8,8,0.0,0.46583412281173525,0.5149752572611102,3848
ccp,california_housing,32,32,4,0.125,0.9047771572257919,0.8899500342042942,52
ccp,california_housing,2,2,2,0.5,1.3361286263161214,1.3136235330402446,2
ccp,covtype,16,16,1,0.25,1.3856916045032899,0.5129041418896242,16
ccp,covtype,8,8,2,0.015625,1.2659936026437169,0.7306782096847758,22
ccp,kr-vs-kp,256,256,1,0.5,1.3845084694407774,0.5265625,256
ccp,mushroom,128,128,2,0.0,0.020242883319374804,0.9969230769230769,868
ccp,california_housing,16,16,1,0.25,1.0861953519355538,1.0709015580552312,24
ccp,california_housing,1,1,8,0.0078125,1.17924413651132,1.1628170074449296,35
lgbm_base,covtype,1024,1024,2,0.0,0.8003825227136308,0.7983442768258995,7158
lgbm_base,kr-vs-kp,2,2,1,0.0,0.5211267605633803,0.5265625,6
lgbm_quant,kr-vs-kp,2,2,1,0.0,0.5211267605633803,0.5265625,6
ccp,california_housing,16,16,2,0.0625,0.7603636749345709,0.750698820749206,62
ccp,kr-vs-kp,128,128,1,0.0625,1.3845084694407774,0.5265625,128
ccp,california_housing,2,2,4,0.125,1.166955536324543,1.148120571540257,8
ccp,california_housing,4,4,1,0.0078125,1.0861953519355538,1.0709015580552312,12
ccp,california_housing,64,64,1,0.0078125,0.5319238149796467,0.535648569377989,192
ccp,kr-vs-kp,1024,1024,2,0.0078125,0.7096488008570098,0.8859375,1094
ccp,covtype,4,4,1,0.0078125,1.3132682698719749,0.6673751968537818,12
ccp,mushroom,64,64,4,0.0625,1.0361691664519783,0.9261538461538461,76
ccp,mushroom,1,1,2,0.03125,1.2546423433580887,0.9144615384615384,7
ccp,mushroom,1,1,4,0.0078125,1.2199773885408929,0.9304615384615385,13
ccp,mushroom,2,2,1,0.5,1.3844771807698029,0.5046153846153846,2
ccp,covtype,1,1,2,0.0625,1.3856916045032905,0.5129041418896242,1
ccp,california_housing,2,2,8,0.03125,1.107989316042441,1.0906992711532433,18
ccp,mushroom,2,2,2,0.125,1.3844771807698029,0.5046153846153846,2
ccp,mushroom,4,4,2,0.5,1.3844771807698029,0.5046153846153846,4
ccp,california_housing,4,4,4,0.5,1.3361286263161214,1.3136235330402446,4
ccp,california_housing,16,16,4,0.015625,0.5397155018611283,0.544371005881826,170
ccp,mushroom,512,512,4,0.015625,0.5821424260095999,0.9692307692307692,572
ccp,mushroom,2,2,8,0.0078125,1.0962152397106453,0.9507692307692308,22
ccp,mushroom,2,2,4,0.03125,1.1488537305175044,0.9144615384615384,14
ccp,california_housing,8,8,1,0.03125,0.9424778387113865,0.9278605043186035,24
ccp,mushroom,8,8,1,0.0078125,1.0235985373834833,0.9070769230769231,24
ccp,mushroom,4,4,4,0.125,1.3844771807698029,0.5046153846153846,4
ccp,mushroom,4,4,8,0.03125,1.000660054130923,0.9224615384615384,22
ccp,kr-vs-kp,256,256,4,0.03125,1.0548450538645369,0.8859375,274
ccp,mushroom,8,8,4,0.5,1.3844771807698029,0.5046153846153846,8
ccp,breastcancer,1024,1024,4,0.25,1.3217150547146044,0.631578947368421,1024
ccp,mushroom,256,256,1,0.015625,0.6662454462048998,0.9593846153846154,304
ccp,kr-vs-kp,512,512,4,0.25,1.3845084694407774,0.5265625,512
ccp,california_housing,32,32,2,0.25,1.0861953519355538,1.0709015580552312,40
ccp,mushroom,8,8,8,0.125,1.3844771807698029,0.5046153846153846,8
ccp,mushroom,16,16,1,0.03125,0.8817817144687271,0.9563076923076923,42
ccp,kr-vs-kp,128,128,2,0.015625,0.8751750613044091,0.8859375,168
ccp,mushroom,64,64,8,0.015625,0.5821424260116747,0.9692307692307692,124
ccp,california_housing,32,32,8,0.03125,0.6262472499309512,0.6244177930587176,122
ccp,mushroom,16,16,2,0.0078125,0.43965479892912596,0.9729230769230769,86
ccp,california_housing,8,8,2,0.0078125,0.8078573229578863,0.7991059736195592,56
ccp,california_housing,4,4,8,0.125,1.0656305702474713,1.0501492116383724,14
ccp,mushroom,1024,1024,2,0.25,1.3844771807698029,0.5046153846153846,1024
ccp,mushroom,32,32,1,0.125,1.3844771807698029,0.5046153846153846,32
ccp,mushroom,32,32,2,0.03125,0.704517353813521,0.9618461538461538,66
ccp,kr-vs-kp,256,256,8,0.015625,0.7666288594006692,0.928125,304
ccp,california_housing,32,32,1,0.0,0.6535323211641213,0.6481703821261343,96
ccp,mushroom,16,16,8,0.5,1.3844771807698029,0.5046153846153846,16
ccp,mushroom,128,128,4,0.25,1.3844771807698029,0.5046153846153846,128
ccp,mushroom,1024,1024,8,0.125,1.3844771807698029,0.5046153846153846,1024
ccp,mushroom,256,256,8,0.5,1.3844771807698029,0.5046153846153846,256
ccp,mushroom,512,512,2,0.03125,0.7045173458373867,0.9618461538461538,546
ccp,mushroom,32,32,4,0.0078125,0.4328532371420725,0.9766153846153847,112
ccp,california_housing,128,128,1,0.03125,0.6535323211641213,0.6481703821261343,192
ccp,mushroom,1024,1024,8,0.5,1.3844771807698029,0.5046153846153846,1024
ccp,kr-vs-kp,512,512,2,0.5,1.3845084694407774,0.5265625,512
ccp,california_housing,64,64,4,0.5,1.3361286263161214,1.3136235330402446,64
ccp,covtype,32,32,2,0.5,1.3856916045032899,0.5129041418896242,32
ccp,kr-vs-kp,1024,1024,1,0.015625,0.9857220345477362,0.8859375,1060
ccp,mushroom,64,64,1,0.5,1.3844771807698029,0.5046153846153846,64
ccp,kr-vs-kp,128,128,8,0.0,0.013706012943250008,0.9796875,24174
ccp,california_housing,1,1,2,0.0625,1.2227943082214818,1.203158952173265,7
ccp,mushroom,64,64,2,0.125,1.3844771807698029,0.5046153846153846,64
ccp,covtype,16,16,4,0.03125,1.361886360227314,0.6654131132586938,18
ccp,california_housing,128,128,2,0.0078125,0.424142007619752,0.4305135292912283,354
ccp,covtype,64,64,1,0.0078125,1.219361614469612,0.7301618718965948,92
ccp,covtype,2,2,4,0.125,1.3856916045032905,0.5129041418896242,2
ccp,covtype,8,8,1,0.03125,1.3618863605119649,0.6654131132586938,10
ccp,covtype,2,2,8,0.0625,1.3856916045032905,0.5129041418896242,2
ccp,mushroom,256,256,4,0.0,2.8720822652859235e-07,1.0,6414
ccp,mushroom,1024,1024,8,0.03125,0.7045173458373867,0.9618461538461538,1058
ccp,california_housing,1,1,4,0.015625,1.1991323775565979,1.1825179935824355,15
ccp,mushroom,1024,1024,1,0.0,0.0076123494173138545,0.9969230769230769,3072
ccp,kr-vs-kp,1024,1024,8,0.0,0.007593161942573782,0.9796875,149648
ccp,california_housing,2,2,1,0.0,1.19156614229488,1.1747079519333512,6
ccp,california_housing,2,2,2,0.25,1.19156614229488,1.1747079519333512,6
ccp,kr-vs-kp,256,256,2,0.0625,1.3845084694407774,0.5265625,256
ccp,kr-vs-kp,256,256,1,0.25,1.3845084694407774,0.5265625,256
ccp,california_housing,16,16,1,0.125,0.9167060803846704,0.9038055392175586,34
ccp,california_housing,4,4,2,0.0,0.9854631192214075,0.970382848517618,28
ccp,mushroom,512,512,1,0.0625,1.2170598569362152,0.788923076923077,518
ccp,mushroom,128,128,2,0.5,1.3844771807698029,0.5046153846153846,128
ccp,california_housing,2,2,4,0.0625,1.1182724755230187,1.1003854800285728,16
ccp,mushroom,128,128,8,0.0625,1.0361691664507744,0.9261538461538461,140
ccp,mushroom,1,1,2,0.015625,1.2546423433580887,0.9144615384615384,7
ccp,california_housing,16,16,2,0.03125,0.6592887200891493,0.6577636836156114,92
ccp,california_housing,8,8,8,0.5,1.3361286263161214,1.3136235330402446,8
ccp,mushroom,1,1,8,0.0,1.194462905939397,1.0,65
ccp,mushroom,2,2,1,0.25,1.3844771807698029,0.5046153846153846,2
ccp,mushroom,2,2,2,0.0625,1.2669428193209447,0.788923076923077,6
ccp,mushroom,4,4,2,0.25,1.3844771807698029,0.5046153846153846,4
ccp,mushroom,64,64,4,0.03125,0.7045173458467905,0.9618461538461538,98
ccp,mushroom,4,4,1,0.0,1.1710827395675087,0.8043076923076923,12
ccp,california_housing,32,32,4,0.0625,0.7728436808293365,0.7593966100935937,76
ccp,california_housing,2,2,8,0.015625,1.0856932108821573,1.0716737419335598,30
ccp,mushroom,2,2,4,0.015625,1.1096006892788086,0.9427692307692308,18
ccp,california_housing,4,4,4,0.25,1.0861953519355538,1.0709015580552312,12
ccp,mushroom,8,8,2,0.0,0.6706926118926301,0.9716923076923077,56
ccp,mushroom,512,512,8,0.0625,1.0361691664507744,0.9261538461538461,524
ccp,mushroom,4,4,4,0.0625,1.036169539279896,0.9261538461538461,16
ccp,california_housing,8,8,1,0.015625,0.9424778387113865,0.9278605043186035,24
ccp,mushroom,8,8,4,0.25,1.3844771807698029,0.5046153846153846,8
ccp,mushroom,4,4,8,0.015625,0.9019215997774189,0.9612307692307692,38
ccp,california_housing,16,16,4,0.0078125,0.4844385725183,0.4944341131040806,268
ccp,california_housing,64,64,2,0.0,0.3634838824702633,0.3761348979469033,448
ccp,mushroom,16,16,1,0.015625,0.8117177316631538,0.9593846153846154,48
ccp,mushroom,8,8,8,0.0625,1.0361693269436074,0.9261538461538461,20
ccp,kr-vs-kp,256,256,4,0.015625,0.7666288594006692,0.928125,304
lgbm_base,kr-vs-kp,1,1,8,0.0,0.9581377151799687,0.9625,43
lgbm_quant,kr-vs-kp,1,1,8,0.0,0.9581377151799687,0.9625,43
ccp,mushroom,256,256,1,0.0078125,0.4953081723549758,0.9692307692307692,334
ccp,california_housing,32,32,2,0.125,0.9047771572257919,0.8899500342042942,52
ccp,covtype,1,1,1,0.125,1.3856916045032905,0.5129041418896242,1
ccp,mushroom,16,16,4,0.0,0.2677399577718568,0.9821538461538462,422
ccp,kr-vs-kp,1024,1024,4,0.0,0.008116124199887843,0.978125,29100
ccp,mushroom,32,32,2,0.015625,0.5356755889046165,0.9729230769230769,88
ccp,covtype,2,2,2,0.25,1.3856916045032905,0.5129041418896242,2
ccp,mushroom,32,32,1,0.0625,1.2170598569899658,0.788923076923077,38
ccp,kr-vs-kp,512,512,4,0.125,1.3845084694407774,0.5265625,512
ccp,california_housing,8,8,4,0.0,0.6516035224906246,0.651598313913899,248
ccp,mushroom,1024,1024,8,0.0078125,0.432853237115452,0.9766153846153847,1104
ccp,california_housing,4,4,8,0.0625,0.9919322555781045,0.9761935932828135,26
ccp,mushroom,16,16,8,0.25,1.3844771807698029,0.5046153846153846,16
ccp,covtype,1,1,8,0.0078125,1.343120854144489,0.7280104644458405,5
ccp,california_housing,64,64,8,0.125,0.9047771572257919,0.8899500342042942,84
ccp,california_housing,32,32,1,0.5,1.3361286263161214,1.3136235330402446,32
ccp,mushroom,64,64,8,0.0078125,0.43285323711548346,0.9766153846153847,144
ccp,kr-vs-kp,256,256,8,0.0078125,0.6183991249753743,0.928125,332
ccp,covtype,1,1,4,0.015625,1.343120854144489,0.7280104644458405,5
ccp,mushroom,32,32,8,0.0,0.03968691328870804,1.0,1568
ccp,covtype,1,1,2,0.03125,1.3618863616898558,0.6654131132586938,3
ccp,mushroom,128,128,4,0.125,1.3844771807698029,0.5046153846153846,128
ccp,kr-vs-kp,512,512,2,0.25,1.3845084694407774,0.5265625,512
ccp,mushroom,64,64,1,0.25,1.3844771807698029,0.5046153846153846,64
ccp,california_housing,256,256,1,0.125,0.9167060803846704,0.9038055392175586,274
ccp,california_housing,1,1,2,0.03125,1.2227943082214818,1.203158952173265,7
ccp,mushroom,64,64,2,0.0625,1.0361691664519783,0.9261538461538461,76
ccp,kr-vs-kp,1024,1024,1,0.0078125,0.8278926119890068,0.8859375,1090
ccp,california_housing,128,128,1,0.015625,0.5534572166293149,0.5557202871246036,240
ccp,california_housing,1,1,4,0.0078125,1.1905807643278021,1.1729372080508556,23
ccp,california_housing,2,2,1,0.5,1.3361286263161214,1.3136235330402446,2
ccp,california_housing,2,2,2,0.125,1.166955536324543,1.148120571540257,8
ccp,california_housing,16,16,1,0.0625,0.7964024516007857,0.7855292116574767,48
ccp,california_housing,4,4,2,0.5,1.3361286263161214,1.3136235330402446,4
ccp,mushroom,1,1,2,0.0078125,1.2546423433580887,0.9144615384615384,7
ccp,california_housing,2,2,4,0.03125,1.107989316042441,1.0906992711532433,18
ccp,mushroom,512,512,2,0.015625,0.5356755854195735,0.9729230769230769,568
ccp,mushroom,1024,1024,4,0.0625,1.0361691664507744,0.9261538461538461,1036
ccp,mushroom,2,2,1,0.125,1.3844771807698029,0.5046153846153846,2
ccp,covtype,4,4,4,0.5,1.3856916045032905,0.5129041418896242,4
ccp,mushroom,1,1,8,0.5,1.3844771807698029,0.5046153846153846,1
ccp,california_housing,32,32,8,0.015625,0.47533899666029855,0.48317890727174845,224
ccp,covtype,4,4,2,0.0,1.2466194926865353,0.7306782096847758,28
ccp,mushroom,4,4,2,0.125,1.3844771807698029,0.5046153846153846,4
ccp,mushroom,2,2,2,0.03125,1.1488537305175044,0.9144615384615384,14
ccp,california_housing,16,16,2,0.015625,0.64175576468966,0.6402099173929109,106
ccp,mushroom,4,4,1,0.5,1.3844771807698029,0.5046153846153846,4
ccp,mushroom,128,128,2,0.25,1.3844771807698029,0.5046153846153846,128
ccp,mushroom,512,512,4,0.0078125,0.4328532371154519,0.9766153846153847,592
ccp,mushroom,2,2,4,0.0078125,1.0962152397106453,0.9507692307692308,22
ccp,covtype,16,16,2,0.0625,1.3856916045032899,0.5129041418896242,16
ccp,california_housing,2,2,8,0.0078125,1.0523067074540498,1.0404463480365544,64
ccp,mushroom,8,8,2,0.5,1.3844771807698029,0.5046153846153846,8
ccp,mushroom,4,4,4,0.03125,1.000660054130923,0.9224615384615384,22
ccp,california_housing,4,4,4,0.125,1.0656305702474713,1.0501492116383724,14
ccp,mushroom,4,4,8,0.0078125,0.9054585993998809,0.9427692307692308,40
ccp,mushroom,64,64,4,0.015625,0.5821424260116747,0.9692307692307692,124
ccp,california_housing,8,8,8,0.25,1.0861953519355538,1.0709015580552312,16
ccp,california_housing,8,8,1,0.0078125,0.9424778387113865,0.9278605043186035,24
ccp,mushroom,256,256,8,0.25,1.3844771807698029,0.5046153846153846,256
ccp,mushroom,8,8,4,0.125,1.3844771807698029,0.5046153846153846,8
ccp,california_housing,64,64,4,0.25,1.0861953519355538,1.0709015580552312,72
ccp,mushroom,16,16,1,0.0078125,0.8117177316631538,0.9593846153846154,48
ccp,mushroom,8,8,8,0.03125,0.7045185993401338,0.9618461538461538,42
lgbm_quant,covtype,1024,1024,2,0.0,0.4880025989169745,0.48741426641308744,7158
ccp,mushroom,512,512,1,0.03125,0.8817813767866477,0.9563076923076923,538
ccp,mushroom,1024,1024,2,0.125,1.3844771807698029,0.5046153846153846,1024
ccp,mushroom,256,256,4,0.5,1.3844771807698029,0.5046153846153846,256
ccp,california_housing,32,32,4,0.03125,0.6262472499309512,0.6244177930587176,122
ccp,mushroom,16,16,4,0.5,1.3844771807698029,0.5046153846153846,16
ccp,mushroom,128,128,8,0.03125,0.7045173458373866,0.9618461538461538,162
ccp,mushroom,32,32,1,0.03125,0.881781388381253,0.9563076923076923,58
ccp,california_housing,1,1,1,0.0,1.257174711765626,1.237459580449538,3
ccp,mushroom,1024,1024,1,0.5,1.3844771807698029,0.5046153846153846,1024
ccp,california_housing,256,256,2,0.03125,0.6303619270110465,0.6302220100625615,340
ccp,mushroom,32,32,2,0.0078125,0.439654798419795,0.9729230769230769,102
ccp,california_housing,32,32,2,0.0625,0.7603636749345709,0.750698820749206,78
ccp,california_housing,8,8,4,0.5,1.3361286263161214,1.3136235330402446,8
ccp,california_housing,64,64,2,0.5,1.3361286263161214,1.3136235330402446,64
ccp,covtype,16,16,1,0.125,1.3856916045032899,0.5129041418896242,16
ccp,mushroom,16,16,8,0.125,1.3844771807698029,0.5046153846153846,16
ccp,california_housing,4,4,8,0.03125,0.9449246347406423,0.9311030410599666,38
ccp,covtype,8,8,2,0.0078125,1.1947745984298943,0.7312203643623658,38
ccp,mushroom,256,256,2,0.0,0.0027022643389737486,1.0,1734
ccp,california_housing,32,32,1,0.25,1.0861953519355538,1.0709015580552312,40
ccp,mushroom,128,128,1,0.0,0.18049161674986647,0.9833846153846154,384
ccp,kr-vs-kp,512,512,1,0.0,0.26211820190349705,0.9453125,1536
ccp,california_housing,16,16,8,0.0,0.24364195458394103,0.32571046741287696,7590
ccp,kr-vs-kp,512,512,4,0.0625,1.3845084694407774,0.5265625,512
ccp,mushroom,32,32,8,0.5,1.3844771807698029,0.5046153846153846,32
ccp,mushroom,64,64,1,0.125,1.3844771807698029,0.5046153846153846,64
ccp,california_housing,1,1,2,0.015625,1.2227943082214818,1.203158952173265,7
ccp,kr-vs-kp,1024,1024,4,0.5,1.3845084694407774,0.5265625,1024
ccp,mushroom,64,64,2,0.03125,0.7045173458467905,0.9618461538461538,98
ccp,california_housing,1,1,8,0.0,1.140771451077303,1.1315902237277262,485
ccp,mushroom,128,128,4,0.0625,1.0361691664507744,0.9261538461538461,140
ccp,california_housing,128,128,4,0.0,0.19635034698022197,0.24537542020378286,3838
ccp,california_housing,2,2,2,0.0625,1.1301932998247177,1.112019445276098,14
ccp,covtype,2,2,4,0.0625,1.3856916045032905,0.5129041418896242,2
ccp,california_housing,2,2,1,0.25,1.19156614229488,1.1747079519333512,6
ccp,california_housing,512,512,1,0.5,1.3361286263161214,1.3136235330402446,512
ccp,covtype,1,1,1,0.0625,1.3856916045032905,0.5129041418896242,1
ccp,covtype,8,8,1,0.015625,1.3003524508884696,0.7291980413586568,18
ccp,california_housing,16,16,1,0.03125,0.7964024516007857,0.7855292116574767,48
ccp,california_housing,4,4,2,0.25,1.0861953519355538,1.0709015580552312,12
ccp,mushroom,1,1,4,0.0,1.2084051283178838,0.9778461538461538,27
ccp,kr-vs-kp,1024,1024,2,0.0,0.06080126145352121,0.98125,7060
ccp,california_housing,2,2,4,0.015625,1.0856932108821573,1.0716737419335598,30
ccp,mushroom,1,1,8,0.25,1.3844771807698029,0.5046153846153846,1
ccp,mushroom,2,2,1,0.0625,1.2669428193209447,0.788923076923077,6
lgbm_base,kr-vs-kp,1,1,4,0.0,0.9440532081377152,0.928125,17
lgbm_quant,kr-vs-kp,1,1,4,0.0,0.9440532081377152,0.928125,17
ccp,mushroom,2,2,2,0.015625,1.1488537305175044,0.9144615384615384,14
ccp,mushroom,4,4,2,0.0625,1.036169539279896,0.9261538461538461,16
ccp,california_housing,128,128,1,0.0078125,0.479597571077691,0.4857776632262949,310
ccp,mushroom,4,4,1,0.25,1.3844771807698029,0.5046153846153846,4
ccp,covtype,2,2,1,0.0,1.3424874728074383,0.6673751968537818,6
ccp,mushroom,2,2,8,0.0,1.0389525249204805,1.0,132
ccp,california_housing,16,16,2,0.0078125,0.6350242227116047,0.633007329396107,112
ccp,california_housing,4,4,1,0.0,1.0861953519355538,1.0709015580552312,12
ccp,mushroom,8,8,2,0.25,1.3844771807698029,0.5046153846153846,8
ccp,covtype,2,2,2,0.125,1.3856916045032905,0.5129041418896242,2
ccp,mushroom,8,8,1,0.0,1.0235985373834833,0.9070769230769231,24
ccp,california_housing,4,4,4,0.0625,0.9919322555781045,0.9761935932828135,26
ccp,mushroom,4,4,4,0.015625,0.9019215997774189,0.9612307692307692,38
ccp,mushroom,128,128,2,0.125,1.3844771807698029,0.5046153846153846,128
ccp,mushroom,8,8,4,0.0625,1.0361693269436074,0.9261538461538461,20
ccp,california_housing,8,8,2,0.0,0.8078573229578863,0.7991059736195592,56
ccp,mushroom,16,16,2,0.0,0.3394686624782546,0.9766153846153847,112
ccp,mushroom,8,8,8,0.015625,0.6262225499547249,0.9692307692307692,64
ccp,california_housing,256,256,1,0.0625,0.7723216137171374,0.762825673517669,292
ccp,covtype,1,1,2,0.015625,1.343120854144489,0.7280104644458405,5
ccp,mushroom,64,64,4,0.0078125,0.43285323711548346,0.9766153846153847,144
ccp,covtype,1,1,4,0.0078125,1.343120854144489,0.7280104644458405,5
ccp,mushroom,16,16,4,0.25,1.3844771807698029,0.5046153846153846,16
ccp,california_housing,8,8,8,0.125,0.9294080985360553,0.9159017256230921,26
ccp,mushroom,32,32,1,0.015625,0.6662459712328561,0.9593846153846154,80
ccp,california_housing,1,1,1,0.5,1.3361286263161214,1.3136235330402446,1
ccp,mushroom,512,512,2,0.0078125,0.43965479840168437,0.9729230769230769,582
ccp,mushroom,32,32,4,0.0,0.06985686434639467,0.992,832
ccp,mushroom,512,512,1,0.015625,0.6662454462048999,0.9593846153846154,560
ccp,mushroom,16,16,8,0.0625,1.036169196190849,0.9261538461538461,28
ccp,california_housing,8,8,4,0.25,1.0861953519355538,1.0709015580552312,16
ccp,mushroom,128,128,1,0.5,1.3844771807698029,0.5046153846153846,128
ccp,california_housing,4,4,8,0.015625,0.9200691705355015,0.9104142642952028,52
ccp,california_housing,32,32,2,0.03125,0.6303619270110465,0.6302220100625615,116
ccp,mushroom,512,512,8,0.0,2.2918440135877487e-08,1.0,7266
ccp,california_housing,32,32,1,0.125,0.9167060803846704,0.9038055392175586,50
ccp,california_housing,32,32,4,0.015625,0.49542598275719996,0.5019753867633459,212
ccp,mushroom,64,64,1,0.0625,1.2170598569362792,0.788923076923077,70
ccp,california_housing,1,1,2,0.0078125,1.2227943082214818,1.203158952173265,7
ccp,mushroom,32,32,8,0.25,1.3844771807698029,0.5046153846153846,32
ccp,california_housing,64,64,2,0.25,1.0861953519355538,1.0709015580552312,72
ccp,california_housing,64,64,4,0.125,0.9047771572257919,0.8899500342042942,84
ccp,mushroom,512,512,8,0.03125,0.7045173458373867,0.9618461538461538,546
ccp,california_housing,32,32,8,0.0078125,0.38770546005965517,0.40134219007084176,408
ccp,mushroom,256,256,4,0.25,1.3844771807698029,0.5046153846153846,256
ccp,mushroom,256,256,2,0.5,1.3844771807698029,0.5046153846153846,256
ccp,mushroom,128,128,8,0.015625,0.5821424260095999,0.9692307692307692,188
ccp,california_housing,1,1,8,0.5,1.3361286263161214,1.3136235330402446,1
ccp,california_housing,2,2,2,0.03125,1.1301932998247177,1.112019445276098,14
ccp,california_housing,2,2,1,0.125,1.19156614229488,1.1747079519333512,6
ccp,mushroom,64,64,2,0.015625,0.5356755854236824,0.9729230769230769,120
ccp,mushroom,1,1,4,0.5,1.3844771807698029,0.5046153846153846,1
ccp,california_housing,64,64,8,0.0625,0.7728436808293365,0.7593966100935937,108
ccp,california_housing,4,4,2,0.125,1.0656305702474713,1.0501492116383724,14
ccp,mushroom,256,256,8,0.125,1.3844771807698029,0.5046153846153846,256
ccp,california_housing,16,16,1,0.015625,0.7964024516007857,0.7855292116574767,48
ccp,mushroom,2,2,1,0.03125,1.2669428193209447,0.788923076923077,6
ccp,mushroom,1,1,8,0.125,1.3844771807698029,0.5046153846153846,1
ccp,california_housing,256,256,4,0.0078125,0.40173260488550394,0.4131964332984196,578
ccp,california_housing,16,16,8,0.5,1.3361286263161214,1.3136235330402446,16
ccp,california_housing,2,2,4,0.0078125,1.0731468150949435,1.059339870230803,42
lgbm_base,breastcancer,2,2,4,0.0,0.6263736263736264,0.631578947368421,30
lgbm_quant,breastcancer,2,2,4,0.0,0.6263736263736264,0.631578947368421,30
ccp,mushroom,1024,1024,1,0.25,1.3844771807698029,0.5046153846153846,1024
ccp,mushroom,128,128,4,0.03125,0.7045173458373866,0.9618461538461538,162
ccp,covtype,2,2,8,0.03125,1.3618863613996717,0.6654131132586938,4
ccp,mushroom,2,2,2,0.0078125,1.1488537305175044,0.9144615384615384,14
ccp,mushroom,4,4,2,0.03125,1.000660054130923,0.9224615384615384,22
ccp,california_housing,512,512,2,0.125,0.9047771572257919,0.8899500342042942,532
ccp,mushroom,2,2,8,0.5,1.3844771807698029,0.5046153846153846,2
ccp,mushroom,4,4,1,0.125,1.3844771807698029,0.5046153846153846,4
ccp,california_housing,4,4,1,0.5,1.3361286263161214,1.3136235330402446,4
ccp,mushroom,8,8,2,0.125,1.3844771807698029,0.5046153846153846,8
ccp,covtype,4,4,2,0.5,1.3856916045032905,0.5129041418896242,4
ccp,california_housing,128,128,8,0.5,1.3361286263161214,1.3136235330402446,128
ccp,kr-vs-kp,1024,1024,4,0.25,1.3845084694407774,0.5265625,1024
ccp,mushroom,4,4,4,0.0078125,0.9054585993998809,0.9427692307692308,40
ccp,mushroom,8,8,4,0.03125,0.7045185993401338,0.9618461538461538,42
ccp,mushroom,8,8,1,0.5,1.3844771807698029,0.5046153846153846,8
ccp,california_housing,4,4,4,0.03125,0.9449246347406423,0.9311030410599666,38
ccp,mushroom,16,16,2,0.5,1.3844771807698029,0.5046153846153846,16
ccp,california_housing,8,8,2,0.5,1.3361286263161214,1.3136235330402446,8
ccp,mushroom,1024,1024,2,0.0625,1.0361691664507744,0.9261538461538461,1036
ccp,california_housing,16,16,4,0.0,0.44800020950790437,0.4599001354432834,494
ccp,mushroom,8,8,8,0.0078125,0.5938393420959499,0.9772307692307692,68
ccp,mushroom,128,128,2,0.0625,1.0361691664507744,0.9261538461538461,140
ccp,mushroom,16,16,4,0.125,1.3844771807698029,0.5046153846153846,16
ccp,mushroom,32,32,1,0.0078125,0.5619260039631447,0.9692307692307692,96
ccp,california_housing,1,1,1,0.25,1.257174711765626,1.237459580449538,3
ccp,mushroom,64,64,8,0.0,0.0016008434491886238,1.0,2830
ccp,mushroom,1024,1024,8,0.25,1.3844771807698029,0.5046153846153846,1024
ccp,covtype,1,1,1,0.03125,1.3618863616898558,0.6654131132586938,3
ccp,california_housing,256,256,2,0.015625,0.5061491994246956,0.5083389272975065,404
ccp,mushroom,32,32,4,0.5,1.3844771807698029,0.5046153846153846,32
ccp,mushroom,16,16,8,0.03125,0.7045175781228037,0.9618461538461538,50
ccp,covtype,4,4,8,0.25,1.3856916045032905,0.5129041418896242,4
ccp,mushroom,1024,1024,8,0.0625,1.0361691664507744,0.9261538461538461,1036
ccp,california_housing,8,8,4,0.125,0.9294080985360553,0.9159017256230921,26
ccp,california_housing,8,8,8,0.0625,0.8513390241311025,0.8382712851620551,42
ccp,mushroom,128,128,1,0.25,1.3844771807698029,0.5046153846153846,128
ccp,california_housing,128,128,2,0.0,0.2975593114634823,0.31611331991483393,892
ccp,california_housing,4,4,8,0.0078125,0.8689789906687994,0.8612878492862575,108
ccp,california_housing,32,32,1,0.0625,0.7723216137171374,0.762825673517669,68
ccp,mushroom,64,64,1,0.03125,0.881781376800318,0.9563076923076923,90
ccp,covtype,4,4,4,0.25,1.3856916045032905,0.5129041418896242,4
lgbm_base,kr-vs-kp,4,4,1,0.0,0.7578247261345853,0.7421875,12
lgbm_quant,kr-vs-kp,4,4,1,0.0,0.7578247261345853,0.7421875,12
ccp,california_housing,1,1,4,0.0,1.1872542596204245,1.1690069839608435,31
ccp,mushroom,512,512,1,0.0078125,0.4953081723549761,0.9692307692307692,590
ccp,california_housing,32,32,2,0.015625,0.5061491994246956,0.5083389272975065,180
ccp,mushroom,32,32,8,0.125,1.3844771807698029,0.5046153846153846,32
ccp,covtype,2,2,1,0.5,1.3856916045032905,0.5129041418896242,2
ccp,mushroom,1024,1024,4,0.03125,0.7045173458373867,0.9618461538461538,1058
lgbm_base,kr-vs-kp,4,4,2,0.0,0.9088419405320813,0.8859375,24
lgbm_quant,kr-vs-kp,4,4,2,0.0,0.9088419405320813,0.8859375,24
lgbm_base,kr-vs-kp,1,1,2,0.0,0.7805164319248826,0.765625,7
lgbm_quant,kr-vs-kp,1,1,2,0.0,0.7805164319248826,0.765625,7
ccp,california_housing,256,256,1,0.03125,0.6535323211641213,0.6481703821261343,320
ccp,california_housing,1,1,8,0.25,1.257174711765626,1.237459580449538,3
ccp,california_housing,2,2,1,0.0625,1.19156614229488,1.1747079519333512,6
ccp,california_housing,2,2,2,0.015625,1.1301932998247177,1.112019445276098,14
lgbm_base,kr-vs-kp,2,2,8,0.0,0.9640062597809077,0.9609375,88
lgbm_quant,kr-vs-kp,2,2,8,0.0,0.9640062597809077,0.9609375,88
ccp,mushroom,1,1,4,0.25,1.3844771807698029,0.5046153846153846,1
ccp,california_housing,4,4,2,0.0625,0.9914257647958928,0.9765086138318378,26
ccp,california_housing,32,32,4,0.0078125,0.40173260488550394,0.4131964332984196,354
ccp,mushroom,64,64,2,0.0078125,0.4396547984017057,0.9729230769230769,134
ccp,mushroom,2,2,1,0.015625,1.2669428193209447,0.788923076923077,6
ccp,california_housing,64,64,1,0.0,0.5319238149796467,0.535648569377989,192
ccp,covtype,1,1,2,0.0078125,1.343120854144489,0.7280104644458405,5
ccp,california_housing,16,16,1,0.0078125,0.7964024516007857,0.7855292116574767,48
ccp,mushroom,1,1,8,0.0625,1.319604906522331,0.788923076923077,3
ccp,mushroom,2,2,4,0.0,1.0643252249043118,0.9778461538461538,54
ccp,covtype,2,2,2,0.0625,1.3856916045032905,0.5129041418896242,2
ccp,covtype,2,2,4,0.03125,1.3618863613996717,0.6654131132586938,4
ccp,mushroom,4,4,2,0.015625,0.9610359647558596,0.9144615384615384,26
ccp,california_housing,128,128,4,0.5,1.3361286263161214,1.3136235330402446,128
ccp,mushroom,4,4,1,0.0625,1.2170598765606875,0.788923076923077,10
ccp,mushroom,2,2,8,0.25,1.3844771807698029,0.5046153846153846,2
ccp,mushroom,256,256,2,0.25,1.3844771807698029,0.5046153846153846,256
ccp,california_housing,2,2,8,0.0,0.9838368434595474,0.9844595845864145,960
ccp,california_housing,64,64,2,0.125,0.9047771572257919,0.8899500342042942,84
ccp,california_housing,512,512,1,0.25,1.0861953519355538,1.0709015580552312,520
ccp,covtype,8,8,1,0.0078125,1.2674871205246898,0.7290861681712176,24
ccp,mushroom,512,512,4,0.0,5.519168948836613e-09,1.0,8320
ccp,california_housing,4,4,1,0.25,1.0861953519355538,1.0709015580552312,12
ccp,mushroom,8,8,2,0.0625,1.0361693269436074,0.9261538461538461,20
ccp,covtype,16,16,1,0.0625,1.3856916045032899,0.5129041418896242,16
ccp,mushroom,4,4,8,0.0,0.7997820833761995,1.0,254
ccp,mushroom,8,8,1,0.25,1.3844771807698029,0.5046153846153846,8
ccp,mushroom,8,8,4,0.015625,0.6262225499547249,0.9692307692307692,64
ccp,mushroom,16,16,2,0.25,1.3844771807698029,0.5046153846153846,16
ccp,mushroom,16,16,1,0.0,0.8117177316631538,0.9593846153846154,48
ccp,california_housing,4,4,4,0.015625,0.9200691705355015,0.9104142642952028,52
ccp,california_housing,8,8,2,0.25,1.0861953519355538,1.0709015580552312,16
ccp,covtype,128,128,1,0.03125,1.3618863601625706,0.6654131132586938,130
ccp,mushroom,256,256,4,0.125,1.3844771807698029,0.5046153846153846,256
ccp,mushroom,128,128,4,0.015625,0.5821424260095999,0.9692307692307692,188
ccp,mushroom,128,128,8,0.0078125,0.432853237115452,0.9766153846153847,208
ccp,mushroom,1024,1024,8,0.015625,0.5821424260095999,0.9692307692307692,1084
ccp,california_housing,16,16,4,0.5,1.3361286263161214,1.3136235330402446,16
ccp,california_housing,64,64,4,0.0625,0.7728436808293365,0.7593966100935937,108
ccp,california_housing,16,16,8,0.25,1.0861953519355538,1.0709015580552312,24
ccp,mushroom,16,16,4,0.0625,1.036169196190849,0.9261538461538461,28
ccp,mushroom,32,32,2,0.0,0.17428035909498266,0.9833846153846154,220
ccp,mushroom,128,128,2,0.03125,0.7045173458373866,0.9618461538461538,162
ccp,california_housing,1,1,1,0.125,1.257174711765626,1.237459580449538,3
ccp,kin8nm,1,1,2,0.5,0.06967849062757504,0.06868760694503105,1
ccp,mushroom,32,32,4,0.25,1.3844771807698029,0.5046153846153846,32
ccp,mushroom,16,16,8,0.015625,0.5821424772590117,0.9692307692307692,76
ccp,mushroom,1024,1024,1,0.125,1.3844771807698029,0.5046153846153846,1024
ccp,mushroom,64,64,8,0.5,1.3844771807698029,0.5046153846153846,64
ccp,california_housing,8,8,4,0.0625,0.8513390241311025,0.8382712851620551,42
ccp,california_housing,8,8,1,0.0,0.9424778387113865,0.9278605043186035,24
ccp,mushroom,256,256,8,0.0625,1.0361691664507742,0.9261538461538461,268
ccp,mushroom,128,128,1,0.125,1.3844771807698029,0.5046153846153846,128
ccp,california_housing,1,1,4,0.5,1.3361286263161214,1.3136235330402446,1
ccp,mushroom,64,64,1,0.015625,0.6662454468239,0.9593846153846154,112
ccp,california_housing,32,32,1,0.03125,0.6535323211641213,0.6481703821261343,96
ccp,california_housing,8,8,8,0.03125,0.7578481300614756,0.7515547705424591,70
ccp,covtype,1,1,8,0.0,1.3083635250846128,0.7676652065781434,413
ccp,mushroom,32,32,8,0.0625,1.0361691674719635,0.9261538461538461,44
ccp,kin8nm,1,1,4,0.125,0.06967849062757504,0.06868760694503105,1
ccp,california_housing,2,2,1,0.03125,1.19156614229488,1.1747079519333512,6
ccp,california_housing,1,1,8,0.125,1.257174711765626,1.237459580449538,3
ccp,california_housing,2,2,2,0.0078125,1.1301932998247177,1.112019445276098,14
ccp,california_housing,32,32,2,0.0078125,0.47868606459927765,0.4830094671129314,210
ccp,covtype,16,16,2,0.03125,1.361886360227314,0.6654131132586938,18
ccp,kin8nm,1,1,8,0.03125,0.06967849062757504,0.06868760694503105,1
ccp,california_housing,4,4,2,0.03125,0.9854631192214075,0.970382848517618,28
ccp,kin8nm,2,2,1,0.0078125,0.06406963170606227,0.06332668561049676,6
ccp,kin8nm,2,2,4,0.5,0.06967849062757504,0.06868760694503105,2
ccp,kin8nm,2,2,8,0.125,0.06967849062757504,0.06868760694503105,2
ccp,kin8nm,4,4,1,0.03125,0.06967849062757504,0.06868760694503105,4
ccp,kin8nm,4,4,2,0.0078125,0.06023306448398937,0.059644785344419166,12
ccp,california_housing,16,16,2,0.0,0.6350242227116047,0.633007329396107,112
ccp,mushroom,64,64,4,0.0,0.005736355383508953,1.0,1590
ccp,kin8nm,8,8,1,0.125,0.06967849062757504,0.06868760694503105,8
ccp,kin8nm,4,4,8,0.5,0.06967849062757504,0.06868760694503105,4
ccp,kin8nm,8,8,2,0.03125,0.06967849062757504,0.06868760694503105,8
ccp,covtype,1,1,1,0.015625,1.3618863616898558,0.6654131132586938,3
ccp,california_housing,64,64,1,0.5,1.3361286263161214,1.3136235330402446,64
ccp,mushroom,512,512,8,0.5,1.3844771807698029,0.5046153846153846,512
ccp,california_housing,2,2,8,0.5,1.3361286263161214,1.3136235330402446,2
ccp,california_housing,4,4,1,0.125,1.0861953519355538,1.0709015580552312,12
ccp,california_housing,128,128,2,0.5,1.3361286263161214,1.3136235330402446,128
ccp,covtype,32,32,4,0.125,1.3856916045032899,0.5129041418896242,32
ccp,kin8nm,16,16,1,0.5,0.06967849062757504,0.06868760694503105,16
ccp,mushroom,512,512,2,0.0,7.235512876353522e-05,1.0,3526
ccp,mushroom,1024,1024,2,0.03125,0.7045173458373867,0.9618461538461538,1058
ccp,kin8nm,8,8,4,0.0078125,0.06023306448398937,0.059644785344419166,16
ccp,kin8nm,16,16,2,0.125,0.06967849062757504,0.06868760694503105,16
ccp,covtype,4,4,2,0.25,1.3856916045032905,0.5129041418896242,4
ccp,california_housing,4,4,4,0.0078125,0.8944190877575798,0.8833966861399508,80
ccp,kin8nm,16,16,4,0.03125,0.06967849062757504,0.06868760694503105,16
ccp,california_housing,8,8,2,0.125,0.9294080985360553,0.9159017256230921,26
ccp,kin8nm,32,32,2,0.5,0.06967849062757504,0.06868760694503105,32
ccp,mushroom,256,256,2,0.125,1.3844771807698029,0.5046153846153846,256
ccp,california_housing,64,64,8,0.03125,0.6262472499309512,0.6244177930587176,154
ccp,california_housing,512,512,4,0.03125,0.6262472499309512,0.6244177930587176,602
ccp,california_housing,64,64,2,0.0625,0.7603636749345709,0.750698820749206,110
ccp,kin8nm,1,1,2,0.25,0.06967849062757504,0.06868760694503105,1
ccp,california_housing,1,1,1,0.0625,1.257174711765626,1.237459580449538,3
ccp,kin8nm,16,16,8,0.0078125,0.06023306448398937,0.059644785344419166,24
ccp,mushroom,256,256,1,0.0,0.08538329498210147,0.9858461538461538,768
ccp,california_housing,256,256,1,0.015625,0.5534572166293149,0.5557202871246036,368
ccp,covtype,2,2,1,0.25,1.3856916045032905,0.5129041418896242,2
ccp,kin8nm,32,32,4,0.125,0.06967849062757504,0.06868760694503105,32
lgbm_base,kr-vs-kp,2,2,4,0.0,0.9440532081377152,0.928125,34
lgbm_quant,kr-vs-kp,2,2,4,0.0,0.9440532081377152,0.928125,34
ccp,kin8nm,64,64,1,0.0078125,0.06023306448398937,0.059644785344419166,72
lgbm_base,kr-vs-kp,4,4,4,0.0,0.9440532081377152,0.928125,68
lgbm_quant,kr-vs-kp,4,4,4,0.0,0.9440532081377152,0.928125,68
ccp,mushroom,128,128,2,0.015625,0.5356755854195736,0.9729230769230769,184
ccp,california_housing,16,16,4,0.25,1.0861953519355538,1.0709015580552312,24
ccp,mushroom,128,128,4,0.0078125,0.432853237115452,0.9766153846153847,208
ccp,covtype,8,8,4,0.0,1.119140282433228,0.7572782114059018,248
ccp,mushroom,512,512,8,0.015625,0.5821424260095999,0.9692307692307692,572
ccp,california_housing,256,256,2,0.0078125,0.424142007619752,0.4305135292912283,482
ccp,california_housing,8,8,1,0.5,1.3361286263161214,1.3136235330402446,8
ccp,california_housing,8,8,4,0.03125,0.7578481300614756,0.7515547705424591,70
ccp,mushroom,128,128,1,0.0625,1.2170598569362154,0.788923076923077,134
ccp,mushroom,256,256,4,0.0625,1.0361691664507742,0.9261538461538461,268
ccp,kin8nm,32,32,8,0.03125,0.06967849062757504,0.06868760694503105,32
ccp,california_housing,32,32,8,0.0,0.13622298525823037,0.25270321004320806,14622
ccp,california_housing,1,1,4,0.25,1.257174711765626,1.237459580449538,3
ccp,california_housing,16,16,8,0.125,0.9047771572257919,0.8899500342042942,36
ccp,mushroom,64,64,8,0.25,1.3844771807698029,0.5046153846153846,64
ccp,california_housing,32,32,1,0.015625,0.6535323211641213,0.6481703821261343,96
ccp,california_housing,2,2,1,0.015625,1.19156614229488,1.1747079519333512,6
ccp,covtype,1,1,4,0.0,1.3309423310041955,0.7446021187060575,31
ccp,kin8nm,1,1,4,0.0625,0.06967849062757504,0.06868760694503105,1
ccp,kin8nm,64,64,4,0.5,0.06967849062757504,0.06868760694503105,64
ccp,kin8nm,2,2,2,0.0,0.06247817293050265,0.061845523343028494,14
ccp,california_housing,1,1,8,0.0625,1.210907405094905,1.1915474688302505,9
ccp,california_housing,2,2,4,0.0,1.0640631131092722,1.0484788831369567,62
ccp,kin8nm,1,1,8,0.015625,0.06658370978511267,0.06572723658169505,3
ccp,covtype,2,2,2,0.03125,1.3618863613996717,0.6654131132586938,4
ccp,kin8nm,128,128,1,0.03125,0.06967849062757504,0.06868760694503105,128
ccp,california_housing,64,64,4,0.03125,0.6262472499309512,0.6244177930587176,154
ccp,california_housing,4,4,2,0.015625,0.9854631192214075,0.970382848517618,28
ccp,california_housing,8,8,8,0.015625,0.7024782613956754,0.7015607136706118,106
ccp,kin8nm,2,2,4,0.25,0.06967849062757504,0.06868760694503105,2
ccp,covtype,16,16,4,0.015625,1.2659935796882666,0.7306782096847758,30
ccp,covtype,32,32,2,0.25,1.3856916045032899,0.5129041418896242,32
ccp,kin8nm,4,4,1,0.015625,0.06658370978511267,0.06572723658169505,6
ccp,kin8nm,2,2,8,0.0625,0.06967849062757504,0.06868760694503105,2
ccp,kin8nm,4,4,4,0.0,0.05358444301323663,0.053822300621667374,124
ccp,kin8nm,128,128,2,0.0078125,0.06023306448398937,0.059644785344419166,136
ccp,kin8nm,8,8,1,0.0625,0.06967849062757504,0.06868760694503105,8
ccp,covtype,8,8,8,0.0,1.002836302065688,0.8112613271602283,3602
ccp,california_housing,16,16,2,0.5,1.3361286263161214,1.3136235330402446,16
ccp,kin8nm,4,4,8,0.25,0.06967849062757504,0.06868760694503105,4
ccp,kin8nm,8,8,2,0.015625,0.06658370978511267,0.06572723658169505,10
ccp,mushroom,512,512,4,0.5,1.3844771807698029,0.5046153846153846,512
ccp,california_housing,4,4,1,0.0625,1.0861953519355538,1.0709015580552312,12
ccp,california_housing,2,2,8,0.25,1.19156614229488,1.1747079519333512,6
ccp,mushroom,1024,1024,1,0.0625,1.2170598569362152,0.788923076923077,1030
ccp,california_housing,32,32,4,0.0,0.3154813452217778,0.3385794715132045,988
ccp,covtype,2,2,4,0.015625,1.3079730798962723,0.7306782096847758,10
ccp,kin8nm,16,16,1,0.25,0.06967849062757504,0.06868760694503105,16
ccp,california_housing,64,64,1,0.25,1.0861953519355538,1.0709015580552312,72
ccp,kin8nm,16,16,2,0.0625,0.06967849062757504,0.06868760694503105,16
ccp,california_housing,512,512,1,0.125,0.9167060803846704,0.9038055392175586,530
ccp,california_housing,128,128,4,0.25,1.0861953519355538,1.0709015580552312,136
ccp,kin8nm,8,8,8,0.0,0.02786697201410632,0.035035952843031626,3982
ccp,california_housing,512,512,2,0.0625,0.7603636749345709,0.750698820749206,558
ccp,covtype,2,2,8,0.015625,1.3079730798962723,0.7306782096847758,10
ccp,kin8nm,16,16,4,0.015625,0.06658370978511267,0.06572723658169505,18
ccp,california_housing,8,8,2,0.0625,0.8505325583068225,0.8389077199317091,42
ccp,kin8nm,32,32,2,0.25,0.06967849062757504,0.06868760694503105,32
ccp,california_housing,4,4,8,0.0,0.7449508127884993,0.7645376596512388,1920
ccp,kin8nm,64,64,8,0.125,0.06967849062757504,0.06868760694503105,64
ccp,kin8nm,1,1,2,0.125,0.06967849062757504,0.06868760694503105,1
ccp,kin8nm,32,32,1,0.0,0.04702174585340375,0.046962917114496315,96
ccp,california_housing,1,1,1,0.03125,1.257174711765626,1.237459580449538,3
ccp,covtype,4,4,4,0.125,1.3856916045032905,0.5129041418896242,4
ccp,mushroom,256,256,8,0.03125,0.7045173458373866,0.9618461538461538,290
ccp,california_housing,1024,1024,2,0.5,1.3361286263161214,1.3136235330402446,1024
ccp,mushroom,256,256,2,0.0625,1.0361691664507742,0.9261538461538461,268
ccp,mushroom,256,256,1,0.5,1.3844771807698029,0.5046153846153846,256
ccp,california_housing,64,64,2,0.03125,0.6303619270110465,0.6302220100625615,148
ccp,california_housing,8,8,1,0.25,1.0861953519355538,1.0709015580552312,16
ccp,kin8nm,32,32,4,0.0625,0.06967849062757504,0.06868760694503105,32
ccp,covtype,1,1,1,0.0078125,1.3618863616898558,0.6654131132586938,3
ccp,kin8nm,64,64,2,0.0,0.03452228646289077,0.03610789596463212,448
ccp,california_housing,16,16,4,0.125,0.9047771572257919,0.8899500342042942,36
ccp,mushroom,512,512,2,0.5,1.3844771807698029,0.5046153846153846,512
ccp,california_housing,8,8,4,0.015625,0.7104666393273995,0.7085201396254113,100
ccp,california_housing,128,128,2,0.25,1.0861953519355538,1.0709015580552312,136
ccp,kin8nm,256,256,1,0.125,0.06967849062757504,0.06868760694503105,256
ccp,kin8nm,1,1,4,0.03125,0.06967849062757504,0.06868760694503105,1
ccp,mushroom,128,128,8,0.0,2.6587206944878244e-06,1.0,5322
ccp,covtype,8,8,2,0.0,1.1757134401206535,0.7340344053079525,56
ccp,california_housing,32,32,1,0.0078125,0.6535323211641213,0.6481703821261343,96
ccp,kin8nm,2,2,2,0.5,0.06967849062757504,0.06868760694503105,2
ccp,covtype,16,16,1,0.03125,1.361886360227314,0.6654131132586938,18
ccp,kin8nm,1,1,8,0.0078125,0.06658370978511267,0.06572723658169505,3
ccp,mushroom,1024,1024,4,0.015625,0.5821424260095999,0.9692307692307692,1084
ccp,kin8nm,2,2,4,0.125,0.06967849062757504,0.06868760694503105,2
ccp,kin8nm,4,4,1,0.0078125,0.06023306448398937,0.059644785344419166,12
ccp,kin8nm,2,2,8,0.03125,0.06967849062757504,0.06868760694503105,2
ccp,kin8nm,128,128,1,0.015625,0.06658370978511267,0.06572723658169505,130
ccp,california_housing,256,256,1,0.0078125,0.479597571077691,0.4857776632262949,438
ccp,kin8nm,32,32,8,0.015625,0.06658370978511267,0.06572723658169505,34
ccp,kin8nm,256,256,2,0.03125,0.06967849062757504,0.06868760694503105,256
ccp,kin8nm,4,4,4,0.5,0.06967849062757504,0.06868760694503105,4
ccp,kin8nm,64,64,4,0.25,0.06967849062757504,0.06868760694503105,64
ccp,kin8nm,8,8,1,0.03125,0.06967849062757504,0.06868760694503105,8
ccp,kin8nm,4,4,8,0.125,0.06967849062757504,0.06868760694503105,4
ccp,kin8nm,8,8,2,0.0078125,0.06023306448398937,0.059644785344419166,16
ccp,covtype,1,1,8,0.5,1.3856916045032905,0.5129041418896242,1
ccp,california_housing,16,16,8,0.0625,0.7728436808293365,0.7593966100935937,60
ccp,mushroom,256,256,4,0.03125,0.7045173458373866,0.9618461538461538,290
ccp,covtype,2,2,1,0.125,1.3856916045032905,0.5129041418896242,2
ccp,california_housing,16,16,2,0.25,1.0861953519355538,1.0709015580552312,24
ccp,california_housing,8,8,8,0.0078125,0.6393886062223709,0.6419649250689695,198
ccp,kin8nm,16,16,1,0.125,0.06967849062757504,0.06868760694503105,16
ccp,mushroom,1024,1024,2,0.015625,0.5356755854195734,0.9729230769230769,1080
ccp,kin8nm,16,16,2,0.03125,0.06967849062757504,0.06868760694503105,16
ccp,kin8nm,512,512,1,0.5,0.06967849062757504,0.06868760694503105,512
ccp,covtype,4,4,2,0.125,1.3856916045032905,0.5129041418896242,4
ccp,california_housing,128,128,8,0.25,1.0861953519355538,1.0709015580552312,136
ccp,kin8nm,128,128,8,0.5,0.06967849062757504,0.06868760694503105,128
ccp,kin8nm,8,8,8,0.5,0.06967849062757504,0.06868760694503105,8
ccp,kin8nm,1,1,2,0.0625,0.06967849062757504,0.06868760694503105,1
ccp,kin8nm,16,16,4,0.0078125,0.06023306448398937,0.059644785344419166,24
ccp,kin8nm,32,32,2,0.125,0.06967849062757504,0.06868760694503105,32
ccp,california_housing,64,64,1,0.125,0.9167060803846704,0.9038055392175586,82
ccp,california_housing,1,1,1,0.015625,1.257174711765626,1.237459580449538,3
ccp,kin8nm,32,32,1,0.5,0.06967849062757504,0.06868760694503105,32
ccp,california_housing,32,32,4,0.5,1.3361286263161214,1.3136235330402446,32
ccp,california_housing,64,64,4,0.015625,0.49542598275719996,0.5019753867633459,244
ccp,mushroom,512,512,8,0.25,1.3844771807698029,0.5046153846153846,512
ccp,california_housing,32,32,8,0.5,1.3361286263161214,1.3136235330402446,32
ccp,kin8nm,128,128,4,0.0,0.017126010956433298,0.023533686558967353,3706
ccp,wine,1,1,2,0.5,1.2784639573472254,0.44384615384615383,7
ccp,mushroom,256,256,1,0.25,1.3844771807698029,0.5046153846153846,256
ccp,covtype,1,1,4,0.5,1.3856916045032905,0.5129041418896242,1
ccp,kin8nm,256,256,4,0.0078125,0.06023306448398937,0.059644785344419166,264
ccp,wine,1,1,4,0.125,1.2784639573472254,0.44384615384615383,7
ccp,kin8nm,64,64,2,0.5,0.06967849062757504,0.06868760694503105,64
ccp,mushroom,1024,1024,1,0.03125,0.8817813767866477,0.9563076923076923,1050
ccp,california_housing,64,64,8,0.015625,0.47533899666029855,0.48317890727174845,256
ccp,kin8nm,1,1,4,0.015625,0.06658370978511267,0.06572723658169505,3
ccp,california_housing,16,16,4,0.0625,0.7728436808293365,0.7593966100935937,60
ccp,covtype,2,2,2,0.015625,1.3079730798962723,0.7306782096847758,10
ccp,kin8nm,32,32,4,0.03125,0.06967849062757504,0.06868760694503105,32
ccp,kin8nm,512,512,2,0.125,0.06967849062757504,0.06868760694503105,512
ccp,california_housing,64,64,2,0.015625,0.5061491994246956,0.5083389272975065,212
ccp,kin8nm,2,2,2,0.25,0.06967849062757504,0.06868760694503105,2
ccp,kin8nm,2,2,1,0.0,0.06406963170606227,0.06332668561049676,6
ccp,covtype,16,16,8,0.0078125,1.194774410493931,0.7312203643623658,46
ccp,kin8nm,2,2,4,0.0625,0.06967849062757504,0.06868760694503105,2
ccp,kin8nm,2,2,8,0.015625,0.06658370978511267,0.06572723658169505,4
ccp,california_housing,32,32,2,0.0,0.4814736808475059,0.48578209478488316,224
ccp,kin8nm,4,4,2,0.0,0.05744772001748338,0.05687898865724813,28
ccp,kin8nm,4,4,4,0.25,0.06967849062757504,0.06868760694503105,4
ccp,kin8nm,64,64,8,0.0625,0.06967849062757504,0.06868760694503105,64
ccp,kin8nm,256,256,1,0.0625,0.06967849062757504,0.06868760694503105,256
ccp,kin8nm,8,8,1,0.015625,0.06658370978511267,0.06572723658169505,10
ccp,kin8nm,4,4,8,0.0625,0.06967849062757504,0.06868760694503105,4
ccp,kin8nm,8,8,4,0.0,0.044336765552874344,0.04564063649113593,248
ccp,kin8nm,16,16,1,0.0625,0.06967849062757504,0.06868760694503105,16
ccp,kin8nm,128,128,1,0.0078125,0.06023306448398937,0.059644785344419166,136
ccp,mushroom,512,512,4,0.25,1.3844771807698029,0.5046153846153846,512
ccp,wine,1,1,8,0.03125,1.2784639573472254,0.44384615384615383,7
ccp,kin8nm,16,16,2,0.015625,0.06658370978511267,0.06572723658169505,18
ccp,california_housing,16,16,1,0.0,0.7964024516007857,0.7855292116574767,48
ccp,mushroom,512,512,2,0.25,1.3844771807698029,0.5046153846153846,512
ccp,kin8nm,64,64,4,0.125,0.06967849062757504,0.06868760694503105,64
ccp,covtype,2,2,4,0.0078125,1.3079730798962723,0.7306782096847758,10
ccp,kin8nm,32,32,8,0.0078125,0.06023306448398937,0.059644785344419166,40
ccp,kin8nm,1,1,2,0.03125,0.06967849062757504,0.06868760694503105,1
ccp,california_housing,128,128,2,0.125,0.9047771572257919,0.8899500342042942,148
ccp,covtype,1,1,2,0.0,1.3406550932775236,0.7280104644458405,7
ccp,kin8nm,8,8,8,0.25,0.06967849062757504,0.06868760694503105,8
ccp,mushroom,256,256,8,0.015625,0.5821424260096,0.9692307692307692,316
ccp,california_housing,1,1,1,0.0078125,1.257174711765626,1.237459580449538,3
ccp,kin8nm,32,32,2,0.0625,0.06967849062757504,0.06868760694503105,32
ccp,california_housing,128,128,4,0.125,0.9047771572257919,0.8899500342042942,148
ccp,california_housing,512,512,1,0.0625,0.7723216137171374,0.762825673517669,548
ccp,kin8nm,32,32,1,0.25,0.06967849062757504,0.06868760694503105,32
ccp,kin8nm,16,16,8,0.0,0.013932111268876633,0.024304310899507544,7878
ccp,california_housing,64,64,1,0.0625,0.7723216137171374,0.762825673517669,100
ccp,california_housing,16,16,8,0.03125,0.6326573673434508,0.6300597230973648,104
ccp,wine,2,2,1,0.0078125,1.2444273830957848,0.44384615384615383,22
ccp,wine,1,1,2,0.25,1.2784639573472254,0.44384615384615383,7
ccp,wine,2,2,4,0.5,1.2784639573472254,0.44384615384615383,14
ccp,covtype,16,16,2,0.015625,1.2659935796882666,0.7306782096847758,30
ccp,kin8nm,256,256,2,0.015625,0.06658370978511267,0.06572723658169505,258
ccp,covtype,4,4,8,0.125,1.3856916045032905,0.5129041418896242,4
ccp,wine,1,1,4,0.0625,1.2784639573472254,0.44384615384615383,7
ccp,mushroom,256,256,4,0.015625,0.5821424260096,0.9692307692307692,316
ccp,california_housing,32,32,4,0.25,1.0861953519355538,1.0709015580552312,40
ccp,wine,2,2,8,0.125,1.2784639573472254,0.44384615384615383,14
lgbm_base,kr-vs-kp,8,8,8,0.0,0.9710485133020345,0.971875,434
lgbm_quant,kr-vs-kp,8,8,8,0.0,0.9710485133020345,0.971875,434
ccp,kin8nm,1,1,4,0.0078125,0.06658370978511267,0.06572723658169505,3
ccp,wine,4,4,1,0.03125,1.2784639573472254,0.44384615384615383,28
ccp,kin8nm,512,512,1,0.25,0.06967849062757504,0.06868760694503105,512
ccp,kin8nm,2,2,2,0.125,0.06967849062757504,0.06868760694503105,2
ccp,kin8nm,2,2,1,0.5,0.06967849062757504,0.06868760694503105,2
ccp,covtype,2,2,1,0.0625,1.3856916045032905,0.5129041418896242,2
ccp,kin8nm,64,64,2,0.25,0.06967849062757504,0.06868760694503105,64
ccp,kin8nm,2,2,8,0.0078125,0.06406963170606227,0.06332668561049676,6
ccp,kin8nm,2,2,4,0.03125,0.06967849062757504,0.06868760694503105,2
ccp,kin8nm,32,32,4,0.015625,0.06658370978511267,0.06572723658169505,34
ccp,kin8nm,4,4,2,0.5,0.06967849062757504,0.06868760694503105,4
ccp,wine,4,4,2,0.0078125,1.2166912862656911,0.5338461538461539,48
ccp,california_housing,256,256,4,0.0,0.15766181133512455,0.2257046544998561,7642
ccp,kin8nm,8,8,1,0.0078125,0.06023306448398937,0.059644785344419166,16
ccp,kin8nm,4,4,4,0.125,0.06967849062757504,0.06868760694503105,4
ccp,california_housing,64,64,4,0.0078125,0.40173260488550394,0.4131964332984196,386
ccp,kin8nm,8,8,4,0.5,0.06967849062757504,0.06868760694503105,8
ccp,california_housing,64,64,2,0.0078125,0.424142007619752,0.4305135292912283,290
ccp,kin8nm,4,4,8,0.03125,0.06967849062757504,0.06868760694503105,4
ccp,kin8nm,512,512,4,0.03125,0.06967849062757504,0.06868760694503105,512
ccp,kin8nm,128,128,4,0.5,0.06967849062757504,0.06868760694503105,128
ccp,kin8nm,16,16,1,0.03125,0.06967849062757504,0.06868760694503105,16
ccp,kin8nm,16,16,2,0.0078125,0.06023306448398937,0.059644785344419166,24
ccp,california_housing,256,256,2,0.0,0.25939807893942196,0.28432725999490255,1782
ccp,wine,1,1,8,0.015625,1.2672461641798556,0.44384615384615383,9
ccp,wine,8,8,1,0.125,1.2784639573472254,0.44384615384615383,56
ccp,california_housing,256,256,8,0.0,0.026009478487728898,0.21183428124376433,79308
ccp,covtype,4,4,4,0.0625,1.3856916045032905,0.5129041418896242,4
ccp,kin8nm,1024,1024,2,0.5,0.06967849062757504,0.06868760694503105,1024
ccp,kin8nm,1,1,2,0.015625,0.06658370978511267,0.06572723658169505,3
ccp,mushroom,1024,1024,2,0.0078125,0.43965479840168437,0.9729230769230769,1094
ccp,kin8nm,64,64,1,0.0,0.04297501747289545,0.04336247064656022,192
ccp,kin8nm,256,256,1,0.03125,0.06967849062757504,0.06868760694503105,256
ccp,wine,4,4,8,0.5,1.2784639573472254,0.44384615384615383,28
ccp,california_housing,1,1,2,0.0,1.2227943082214818,1.203158952173265,7
ccp,wine,8,8,2,0.03125,1.2784639573472254,0.44384615384615383,56
ccp,kin8nm,128,128,2,0.0,0.03135356466557949,0.03374880418425081,892
ccp,california_housing,32,32,8,0.25,1.0861953519355538,1.0709015580552312,40
ccp,kin8nm,8,8,8,0.125,0.06967849062757504,0.06868760694503105,8
ccp,mushroom,1024,1024,1,0.015625,0.6662454462048999,0.9593846153846154,1072
ccp,kin8nm,32,32,2,0.03125,0.06967849062757504,0.06868760694503105,32
ccp,wine,2,2,2,0.0,1.2014777284331974,0.5376923076923077,98
ccp,covtype,4,4,2,0.0625,1.3856916045032905,0.5129041418896242,4
ccp,covtype,1,1,4,0.25,1.3856916045032905,0.5129041418896242,1
ccp,kin8nm,32,32,1,0.125,0.06967849062757504,0.06868760694503105,32
ccp,wine,1,1,2,0.125,1.2784639573472254,0.44384615384615383,7
ccp,kin8nm,64,64,4,0.0625,0.06967849062757504,0.06868760694503105,64
ccp,wine,2,2,4,0.25,1.2784639573472254,0.44384615384615383,14
ccp,covtype,8,8,4,0.5,1.3856916045032905,0.5129041418896242,8
ccp,covtype,1,1,8,0.25,1.3856916045032905,0.5129041418896242,1
ccp,covtype,8,8,2,0.5,1.3856916045032905,0.5129041418896242,8
ccp,california_housing,64,64,1,0.03125,0.6535323211641213,0.6481703821261343,128
ccp,kin8nm,16,16,8,0.5,0.06967849062757504,0.06868760694503105,16
ccp,covtype,2,2,2,0.0078125,1.3079730798962723,0.7306782096847758,10
ccp,wine,1,1,4,0.03125,1.2784639573472254,0.44384615384615383,7
ccp,covtype,2,2,8,0.0078125,1.3079730798962723,0.7306782096847758,10
ccp,covtype,16,16,1,0.015625,1.300352443727011,0.7291980413586568,26
lgbm_base,kr-vs-kp,8,8,4,0.0,0.9440532081377152,0.928125,142
lgbm_quant,kr-vs-kp,8,8,4,0.0,0.9440532081377152,0.928125,142
ccp,kin8nm,128,128,8,0.25,0.06967849062757504,0.06868760694503105,128
ccp,kin8nm,1,1,8,0.0,0.061246169180451615,0.06164383312309552,501
ccp,wine,2,2,8,0.0625,1.2784639573472254,0.44384615384615383,14
ccp,california_housing,512,512,2,0.03125,0.6303619270110465,0.6302220100625615,596
ccp,kin8nm,64,64,8,0.03125,0.06967849062757504,0.06868760694503105,64
ccp,kin8nm,2,2,2,0.0625,0.06967849062757504,0.06868760694503105,2
ccp,wine,4,4,1,0.015625,1.2430353526369018,0.44384615384615383,36
ccp,wine,8,8,4,0.0078125,1.1986869429352431,0.5346153846153846,84
ccp,kin8nm,4,4,1,0.0,0.06023306448398937,0.059644785344419166,12
ccp,kin8nm,2,2,1,0.25,0.06967849062757504,0.06868760694503105,2
ccp,kin8nm,2,2,4,0.015625,0.06658370978511267,0.06572723658169505,4
ccp,california_housing,128,128,2,0.0625,0.7603636749345709,0.750698820749206,174
ccp,kin8nm,4,4,2,0.25,0.06967849062757504,0.06868760694503105,4
ccp,california_housing,16,16,8,0.015625,0.5290490126324081,0.5345601007315051,178
ccp,kin8nm,4,4,4,0.0625,0.06967849062757504,0.06868760694503105,4
ccp,kin8nm,64,64,2,0.125,0.06967849062757504,0.06868760694503105,64
ccp,kin8nm,8,8,2,0.0,0.05145147207919757,0.05106254510934492,56
ccp,kin8nm,32,32,4,0.0078125,0.06023306448398937,0.059644785344419166,40
ccp,kin8nm,512,512,2,0.0625,0.06967849062757504,0.06868760694503105,512
ccp,wine,4,4,4,0.0,1.0855155680564066,0.5415384615384615,788
ccp,kin8nm,8,8,4,0.25,0.06967849062757504,0.06868760694503105,8
ccp,kin8nm,4,4,8,0.015625,0.06658370978511267,0.06572723658169505,6
ccp,kin8nm,16,16,1,0.015625,0.06658370978511267,0.06572723658169505,18
ccp,kin8nm,256,256,2,0.0078125,0.06023306448398937,0.059644785344419166,264
ccp,kin8nm,16,16,4,0.0,0.03591723616225636,0.03854694801199376,496
ccp,wine,1,1,8,0.0078125,1.255992900168082,0.44384615384615383,13
ccp,mushroom,1024,1024,4,0.0078125,0.432853237115452,0.9766153846153847,1104
ccp,wine,8,8,1,0.0625,1.2784639573472254,0.44384615384615383,56
ccp,mushroom,512,512,4,0.125,1.3844771807698029,0.5046153846153846,512
ccp,kin8nm,1,1,2,0.0078125,0.06658370978511267,0.06572723658169505,3
lgbm_base,kr-vs-kp,8,8,2,0.0,0.9088419405320813,0.8859375,52
lgbm_quant,kr-vs-kp,8,8,2,0.0,0.9088419405320813,0.8859375,52
ccp,california_housing,64,64,8,0.0078125,0.38770546005965517,0.40134219007084176,440
ccp,kin8nm,64,64,1,0.5,0.06967849062757504,0.06868760694503105,64
ccp,kin8nm,512,512,1,0.125,0.06967849062757504,0.06868760694503105,512
ccp,wine,4,4,8,0.25,1.2784639573472254,0.44384615384615383,28
ccp,wine,16,16,1,0.5,1.2784639573472254,0.44384615384615383,112
ccp,mushroom,256,256,8,0.0078125,0.432853237115452,0.9766153846153847,336
ccp,wine,8,8,2,0.015625,1.2368396950933296,0.44384615384615383,66
ccp,wine,2,2,2,0.5,1.2784639573472254,0.44384615384615383,14
ccp,kin8nm,8,8,8,0.0625,0.06967849062757504,0.06868760694503105,8
ccp,kin8nm,32,32,2,0.015625,0.06658370978511267,0.06572723658169505,34
ccp,kin8nm,32,32,1,0.0625,0.06967849062757504,0.06868760694503105,32
ccp,wine,1,1,2,0.0625,1.2784639573472254,0.44384615384615383,7
ccp,covtype,2,2,1,0.03125,1.3618863613996717,0.6654131132586938,4
ccp,wine,2,2,4,0.125,1.2784639573472254,0.44384615384615383,14
ccp,kin8nm,256,256,1,0.015625,0.06658370978511267,0.06572723658169505,258
ccp,wine,16,16,2,0.125,1.2784639573472254,0.44384615384615383,112
ccp,kin8nm,128,128,2,0.5,0.06967849062757504,0.06868760694503105,128
ccp,california_housing,64,64,4,0.0,0.24162359668708785,0.27872353410388,1950
ccp,wine,1,1,4,0.015625,1.2672461641798556,0.44384615384615383,9
ccp,california_housing,512,512,1,0.03125,0.6535323211641213,0.6481703821261343,576
ccp,kin8nm,128,128,4,0.25,0.06967849062757504,0.06868760694503105,128
ccp,california_housing,64,64,1,0.015625,0.5534572166293149,0.5557202871246036,176
ccp,california_housing,128,128,4,0.0625,0.7728436808293365,0.7593966100935937,172
ccp,kin8nm,2,2,2,0.03125,0.06967849062757504,0.06868760694503105,2
ccp,kin8nm,1,1,8,0.5,0.06967849062757504,0.06868760694503105,1
ccp,kin8nm,16,16,8,0.25,0.06967849062757504,0.06868760694503105,16
ccp,kin8nm,2,2,1,0.125,0.06967849062757504,0.06868760694503105,2
ccp,wine,4,4,1,0.0078125,1.2260110122982868,0.44384615384615383,42
ccp,kin8nm,64,64,4,0.03125,0.06967849062757504,0.06868760694503105,64
ccp,kin8nm,4,4,1,0.5,0.06967849062757504,0.06868760694503105,4
ccp,kin8nm,2,2,4,0.0078125,0.06406963170606227,0.06332668561049676,6
ccp,wine,2,2,8,0.03125,1.2784639573472254,0.44384615384615383,14
ccp,wine,16,16,4,0.03125,1.2784639573472254,0.44384615384615383,112
ccp,kin8nm,4,4,2,0.125,0.06967849062757504,0.06868760694503105,4
ccp,kin8nm,4,4,4,0.03125,0.06967849062757504,0.06868760694503105,4
ccp,kin8nm,8,8,2,0.5,0.06967849062757504,0.06868760694503105,8
ccp,wine,4,4,4,0.5,1.2784639573472254,0.44384615384615383,28
ccp,covtype,64,64,2,0.0,1.0061385531169245,0.7642573771761486,448
ccp,mushroom,1024,1024,4,0.0,5.519168949247588e-09,1.0,8830
ccp,kin8nm,8,8,4,0.125,0.06967849062757504,0.06868760694503105,8
ccp,kin8nm,64,64,2,0.0625,0.06967849062757504,0.06868760694503105,64
ccp,mushroom,1024,1024,1,0.0078125,0.4953081723549761,0.9692307692307692,1102
ccp,kin8nm,256,256,8,0.0,0.00046497262143391476,0.013087142367462251,65420
ccp,wine,8,8,8,0.0,0.6605303674537937,0.6123076923076923,14378
ccp,kin8nm,16,16,1,0.0078125,0.06023306448398937,0.059644785344419166,24
ccp,kin8nm,4,4,8,0.0078125,0.06023306448398937,0.059644785344419166,12
ccp,california_housing,32,32,8,0.125,0.9047771572257919,0.8899500342042942,52
ccp,california_housing,512,512,4,0.015625,0.49542598275719996,0.5019753867633459,692
ccp,wine,2,2,1,0.0,1.2282476776176765,0.44384615384615383,42
ccp,kin8nm,16,16,4,0.5,0.06967849062757504,0.06868760694503105,16
ccp,kin8nm,1,1,4,0.0,0.06464023066550328,0.06401481059145214,31
ccp,wine,8,8,1,0.03125,1.2784639573472254,0.44384615384615383,56
ccp,kin8nm,32,32,8,0.0,0.006008558760615682,0.018643957917717946,15148
ccp,california_housing,256,256,2,0.5,1.3361286263161214,1.3136235330402446,256
ccp,kin8nm,64,64,1,0.25,0.06967849062757504,0.06868760694503105,64
ccp,wine,2,2,2,0.25,1.2784639573472254,0.44384615384615383,14
ccp,kin8nm,64,64,8,0.015625,0.06658370978511267,0.06572723658169505,66
ccp,california_housing,128,128,2,0.03125,0.6303619270110465,0.6302220100625615,212
ccp,wine,4,4,8,0.125,1.2784639573472254,0.44384615384615383,28
ccp,wine,8,8,2,0.0078125,1.1986869429352431,0.5346153846153846,84
ccp,kin8nm,32,32,2,0.0078125,0.06023306448398937,0.059644785344419166,40
ccp,wine,16,16,1,0.25,1.2784639573472254,0.44384615384615383,112
ccp,wine,16,16,8,0.0078125,1.1957200655526303,0.5392307692307692,142
ccp,kin8nm,8,8,8,0.03125,0.06967849062757504,0.06868760694503105,8
ccp,california_housing,128,128,8,0.125,0.9047771572257919,0.8899500342042942,148
ccp,kin8nm,32,32,1,0.03125,0.06967849062757504,0.06868760694503105,32
ccp,wine,1,1,2,0.03125,1.2784639573472254,0.44384615384615383,7
ccp,wine,2,2,4,0.0625,1.2784639573472254,0.44384615384615383,14
ccp,covtype,4,4,1,0.0,1.3132682698719749,0.6673751968537818,12
ccp,california_housing,64,64,8,0.0,0.0840213979533173,0.2240876465379958,25986
ccp,covtype,4,4,2,0.03125,1.3618863609742327,0.6654131132586938,6
ccp,california_housing,128,128,1,0.0,0.43818734124393466,0.4454038713962142,384
ccp,wine,1,1,4,0.0078125,1.255992900168082,0.44384615384615383,13
ccp,california_housing,1024,1024,4,0.125,0.9047771572257919,0.8899500342042942,1044
ccp,mushroom,512,512,1,0.0,0.03241565199968174,0.9969230769230769,1536
ccp,kin8nm,1,1,8,0.25,0.06967849062757504,0.06868760694503105,1
ccp,wine,16,16,2,0.0625,1.2784639573472254,0.44384615384615383,112
ccp,kin8nm,1024,1024,4,0.125,0.06967849062757504,0.06868760694503105,1024
ccp,covtype,2,2,8,0.0,1.2417167259623125,0.7963219538221905,830
ccp,kin8nm,2,2,1,0.0625,0.06967849062757504,0.06868760694503105,2
ccp,kin8nm,2,2,2,0.015625,0.06658370978511267,0.06572723658169505,4
ccp,wine,4,4,2,0.0,1.1605599615443802,0.5384615384615384,196
ccp,kin8nm,4,4,1,0.25,0.06967849062757504,0.06868760694503105,4
ccp,kin8nm,2,2,8,0.0,0.05374171355889372,0.055396179305427715,994
ccp,kin8nm,256,256,1,0.0078125,0.06023306448398937,0.059644785344419166,264
ccp,kin8nm,128,128,2,0.25,0.06967849062757504,0.06868760694503105,128
ccp,covtype,2,2,4,0.0,1.2860854399220336,0.7469944837912963,62
ccp,mushroom,1024,1024,8,0.0,2.2918440135877487e-08,1.0,7784
ccp,wine,2,2,8,0.015625,1.2578952801911771,0.44384615384615383,18
ccp,covtype,32,32,1,0.0,1.1451019194006355,0.731297815030593,96
lgbm_base,kr-vs-kp,8,8,1,0.0,0.9088419405320813,0.8859375,24
lgbm_quant,kr-vs-kp,8,8,1,0.0,0.9088419405320813,0.8859375,24
ccp,wine,32,32,2,0.5,1.2784639573472254,0.44384615384615383,224
ccp,kin8nm,4,4,2,0.0625,0.06967849062757504,0.06868760694503105,4
ccp,kin8nm,512,512,1,0.0625,0.06967849062757504,0.06868760694503105,512
ccp,kin8nm,16,16,8,0.125,0.06967849062757504,0.06868760694503105,16
ccp,covtype,4,4,4,0.03125,1.3618863609742327,0.6654131132586938,6
ccp,kin8nm,4,4,4,0.015625,0.06658370978511267,0.06572723658169505,6
ccp,covtype,1,1,8,0.125,1.3856916045032905,0.5129041418896242,1
ccp,kin8nm,8,8,2,0.25,0.06967849062757504,0.06868760694503105,8
ccp,kin8nm,64,64,4,0.015625,0.06658370978511267,0.06572723658169505,66
ccp,wine,4,4,4,0.25,1.2784639573472254,0.44384615384615383,28
ccp,kin8nm,512,512,2,0.03125,0.06967849062757504,0.06868760694503105,512
ccp,kin8nm,8,8,4,0.0625,0.06967849062757504,0.06868760694503105,8
ccp,wine,16,16,4,0.015625,1.2368394799904034,0.44384615384615383,122
ccp,kin8nm,128,128,8,0.125,0.06967849062757504,0.06868760694503105,128
ccp,mushroom,512,512,4,0.0625,1.0361691664507744,0.9261538461538461,524
ccp,kin8nm,8,8,1,0.0,0.05556328923437347,0.05506930107678081,24
ccp,kin8nm,16,16,2,0.0,0.04575717960472618,0.04568253532261943,112
ccp,kin8nm,64,64,2,0.03125,0.06967849062757504,0.06868760694503105,64
ccp,kin8nm,1,1,4,0.5,0.06967849062757504,0.06868760694503105,1
ccp,kin8nm,256,256,4,0.0,0.011992948785899099,0.02045475980632658,7324
ccp,wine,2,2,1,0.5,1.2784639573472254,0.44384615384615383,14
ccp,wine,32,32,4,0.125,1.2784639573472254,0.44384615384615383,224
ccp,covtype,2,2,1,0.015625,1.3424874728074383,0.6673751968537818,6
ccp,kin8nm,128,128,4,0.125,0.06967849062757504,0.06868760694503105,128
ccp,kin8nm,16,16,4,0.25,0.06967849062757504,0.06868760694503105,16
ccp,covtype,8,8,2,0.25,1.3856916045032905,0.5129041418896242,8
ccp,wine,8,8,1,0.015625,1.2368396950933296,0.44384615384615383,66
ccp,covtype,16,16,4,0.0078125,1.194774410493931,0.7312203643623658,46
ccp,wine,8,8,8,0.5,1.2784639573472254,0.44384615384615383,56
ccp,wine,2,2,2,0.125,1.2784639573472254,0.44384615384615383,14
ccp,california_housing,1024,1024,2,0.25,1.0861953519355538,1.0709015580552312,1032
ccp,kin8nm,512,512,4,0.015625,0.06658370978511267,0.06572723658169505,514
ccp,kin8nm,64,64,1,0.125,0.06967849062757504,0.06868760694503105,64
ccp,kin8nm,1024,1024,2,0.25,0.06967849062757504,0.06868760694503105,1024
ccp,wine,1,1,2,0.015625,1.2672461641798556,0.44384615384615383,9
ccp,kin8nm,512,512,8,0.0078125,0.06023306448398937,0.059644785344419166,520
ccp,california_housing,256,256,4,0.5,1.3361286263161214,1.3136235330402446,256
ccp,covtype,16,16,2,0.0078125,1.194774410493931,0.7312203643623658,46
ccp,kin8nm,32,32,1,0.015625,0.06658370978511267,0.06572723658169505,34
ccp,wine,16,16,1,0.125,1.2784639573472254,0.44384615384615383,112
ccp,covtype,16,16,1,0.0078125,1.219361702478041,0.7301618718965948,44
ccp,wine,2,2,4,0.03125,1.2784639573472254,0.44384615384615383,14
ccp,wine,8,8,4,0.0,0.9978912141242242,0.55,1614
ccp,kin8nm,32,32,4,0.0,0.028267017889451983,0.031970056242192214,990
ccp,kin8nm,8,8,8,0.015625,0.06658370978511267,0.06572723658169505,10
ccp,wine,4,4,8,0.0625,1.2784639573472254,0.44384615384615383,28
ccp,kin8nm,512,512,8,0.125,0.06967849062757504,0.06868760694503105,512
ccp,wine,32,32,1,0.0,1.1466517230020867,0.5561538461538461,672
ccp,wine,1,1,8,0.0,1.0942861223018063,0.48307692307692307,1259
ccp,kin8nm,32,32,8,0.5,0.06967849062757504,0.06868760694503105,32
lgbm_base,breastcancer,2,2,8,0.0,0.6263736263736264,0.631578947368421,40
lgbm_quant,breastcancer,2,2,8,0.0,0.6263736263736264,0.631578947368421,40
ccp,kin8nm,1,1,8,0.125,0.06967849062757504,0.06868760694503105,1
ccp,kin8nm,2,2,1,0.03125,0.06967849062757504,0.06868760694503105,2
ccp,covtype,32,32,2,0.125,1.3856916045032899,0.5129041418896242,32
ccp,kin8nm,2,2,2,0.0078125,0.06406963170606227,0.06332668561049676,6
ccp,kin8nm,4,4,1,0.125,0.06967849062757504,0.06868760694503105,4
ccp,wine,4,4,2,0.5,1.2784639573472254,0.44384615384615383,28
ccp,wine,16,16,2,0.03125,1.2784639573472254,0.44384615384615383,112
ccp,kin8nm,2,2,8,0.5,0.06967849062757504,0.06868760694503105,2
ccp,kin8nm,4,4,2,0.03125,0.06967849062757504,0.06868760694503105,4
ccp,wine,2,2,8,0.0078125,1.238184780116312,0.44384615384615383,26
ccp,california_housing,128,128,1,0.5,1.3361286263161214,1.3136235330402446,128
ccp,california_housing,512,512,1,0.015625,0.5534572166293149,0.5557202871246036,624
ccp,california_housing,128,128,4,0.03125,0.6262472499309512,0.6244177930587176,218
ccp,california_housing,32,32,8,0.0625,0.7728436808293365,0.7593966100935937,76
ccp,kin8nm,4,4,4,0.0078125,0.06023306448398937,0.059644785344419166,12
ccp,kin8nm,8,8,2,0.125,0.06967849062757504,0.06868760694503105,8
ccp,california_housing,128,128,2,0.015625,0.5061491994246956,0.5083389272975065,276
ccp,kin8nm,16,16,8,0.0625,0.06967849062757504,0.06868760694503105,16
ccp,wine,4,4,4,0.125,1.2784639573472254,0.44384615384615383,28
ccp,kin8nm,64,64,8,0.0078125,0.06023306448398937,0.059644785344419166,72
ccp,kin8nm,128,128,2,0.125,0.06967849062757504,0.06868760694503105,128
ccp,kin8nm,8,8,4,0.03125,0.06967849062757504,0.06868760694503105,8
ccp,california_housing,512,512,2,0.015625,0.5061491994246956,0.5083389272975065,660
ccp,kin8nm,8,8,1,0.5,0.06967849062757504,0.06868760694503105,8
ccp,mushroom,1024,1024,2,0.0,5.043940735420008e-08,1.0,7082
ccp,kin8nm,16,16,2,0.5,0.06967849062757504,0.06868760694503105,16
ccp,wine,2,2,1,0.25,1.2784639573472254,0.44384615384615383,14
ccp,wine,32,32,2,0.25,1.2784639573472254,0.44384615384615383,224
ccp,kin8nm,1,1,4,0.25,0.06967849062757504,0.06868760694503105,1
ccp,wine,64,64,1,0.0078125,1.2049541222029552,0.5146153846153846,472
lgbm_base,kr-vs-kp,4,4,8,0.0,0.9702660406885759,0.9703125,190
lgbm_quant,kr-vs-kp,4,4,8,0.0,0.9702660406885759,0.9703125,190
ccp,kin8nm,64,64,4,0.0078125,0.06023306448398937,0.059644785344419166,72
ccp,wine,8,8,1,0.0078125,1.2079382081052321,0.5046153846153846,78
ccp,kin8nm,64,64,2,0.015625,0.06658370978511267,0.06572723658169505,66
ccp,kin8nm,16,16,4,0.125,0.06967849062757504,0.06868760694503105,16
ccp,kin8nm,256,256,2,0.0,0.028673077583448073,0.032693564550151634,1768
ccp,wine,2,2,2,0.0625,1.2784639573472254,0.44384615384615383,14
ccp,wine,16,16,4,0.0078125,1.1957200655526303,0.5392307692307692,142
ccp,wine,1,1,2,0.0078125,1.255992900168082,0.44384615384615383,13
ccp,covtype,4,4,1,0.5,1.3856916045032905,0.5129041418896242,4
ccp,kin8nm,64,64,1,0.0625,0.06967849062757504,0.06868760694503105,64
ccp,kin8nm,512,512,1,0.03125,0.06967849062757504,0.06868760694503105,512
ccp,kin8nm,32,32,1,0.0078125,0.06023306448398937,0.059644785344419166,40
ccp,california_housing,256,256,2,0.25,1.0861953519355538,1.0709015580552312,264
ccp,covtype,8,8,4,0.25,1.3856916045032905,0.5129041418896242,8
ccp,wine,2,2,4,0.015625,1.2578952801911771,0.44384615384615383,18
ccp,wine,8,8,8,0.25,1.2784639573472254,0.44384615384615383,56
ccp,wine,16,16,1,0.0625,1.2784639573472254,0.44384615384615383,112
ccp,kin8nm,1,1,8,0.0625,0.06967849062757504,0.06868760694503105,1
ccp,kin8nm,8,8,8,0.0078125,0.06023306448398937,0.059644785344419166,16
ccp,wine,1,1,8,0.5,1.2784639573472254,0.44384615384615383,7
ccp,kin8nm,2,2,1,0.015625,0.06658370978511267,0.06572723658169505,4
ccp,wine,8,8,4,0.5,1.2784639573472254,0.44384615384615383,56
ccp,kin8nm,32,32,4,0.5,0.06967849062757504,0.06868760694503105,32
ccp,kin8nm,2,2,4,0.0,0.06046181837236141,0.06019371482065065,62
ccp,kin8nm,4,4,1,0.0625,0.06967849062757504,0.06868760694503105,4
ccp,wine,4,4,8,0.03125,1.2784639573472254,0.44384615384615383,28
ccp,california_housing,512,512,8,0.0078125,0.38770546005965517,0.40134219007084176,888
ccp,wine,32,32,4,0.0625,1.2784639573472254,0.44384615384615383,224
ccp,covtype,128,128,2,0.0078125,1.1947743677477787,0.7312203643623658,158
ccp,kin8nm,128,128,4,0.0625,0.06967849062757504,0.06868760694503105,128
ccp,kin8nm,2,2,8,0.25,0.06967849062757504,0.06868760694503105,2
ccp,wine,32,32,1,0.5,1.2784639573472254,0.44384615384615383,224
ccp,california_housing,512,512,8,0.125,0.9047771572257919,0.8899500342042942,532
ccp,wine,32,32,8,0.03125,1.2784639573472254,0.44384615384615383,224
ccp,kin8nm,4,4,2,0.015625,0.06658370978511267,0.06572723658169505,6
ccp,wine,4,4,2,0.25,1.2784639573472254,0.44384615384615383,28
ccp,covtype,4,4,2,0.015625,1.2659936399228486,0.7306782096847758,18
ccp,wine,4,4,1,0.0,1.1981326838821607,0.5376923076923077,84
ccp,wine,16,16,2,0.015625,1.2368394799904034,0.44384615384615383,122
ccp,kin8nm,8,8,2,0.0625,0.06967849062757504,0.06868760694503105,8
ccp,kin8nm,32,32,8,0.25,0.06967849062757504,0.06868760694503105,32
ccp,kin8nm,4,4,8,0.0,0.042165375885104106,0.04631662188485431,1984
ccp,wine,64,64,4,0.5,1.2784639573472254,0.44384615384615383,448
ccp,covtype,256,256,1,0.125,1.3856916045032899,0.5129041418896242,256
ccp,kin8nm,8,8,1,0.25,0.06967849062757504,0.06868760694503105,8
ccp,kin8nm,8,8,4,0.015625,0.06658370978511267,0.06572723658169505,10
ccp,wine,4,4,4,0.0625,1.2784639573472254,0.44384615384615383,28
ccp,wine,2,2,1,0.125,1.2784639573472254,0.44384615384615383,14
ccp,kin8nm,16,16,2,0.25,0.06967849062757504,0.06868760694503105,16
ccp,california_housing,128,128,1,0.25,1.0861953519355538,1.0709015580552312,136
ccp,kin8nm,16,16,8,0.03125,0.06967849062757504,0.06868760694503105,16
ccp,kin8nm,128,128,1,0.0,0.039668868088987175,0.04072538427030373,384
ccp,kin8nm,512,512,2,0.015625,0.06658370978511267,0.06572723658169505,514
ccp,mushroom,1024,1024,4,0.5,1.3844771807698029,0.5046153846153846,1024
ccp,covtype,64,64,4,0.5,1.3856916045032899,0.5129041418896242,64
ccp,covtype,4,4,8,0.0625,1.3856916045032905,0.5129041418896242,4
ccp,kin8nm,16,16,4,0.0625,0.06967849062757504,0.06868760694503105,16
ccp,wine,8,8,2,0.0,1.107564832848749,0.536923076923077,392
ccp,kin8nm,128,128,2,0.0625,0.06967849062757504,0.06868760694503105,128
ccp,kin8nm,256,256,4,0.5,0.06967849062757504,0.06868760694503105,256
ccp,wine,2,2,2,0.03125,1.2784639573472254,0.44384615384615383,14
ccp,california_housing,64,64,8,0.5,1.3361286263161214,1.3136235330402446,64
ccp,wine,1,1,4,0.0,1.2027725815166286,0.44,175
ccp,kin8nm,64,64,2,0.0078125,0.06023306448398937,0.059644785344419166,72
ccp,wine,32,32,2,0.125,1.2784639573472254,0.44384615384615383,224
ccp,covtype,1,1,8,0.0625,1.3856916045032905,0.5129041418896242,1
ccp,kin8nm,128,128,8,0.0625,0.06967849062757504,0.06868760694503105,128
ccp,kin8nm,64,64,1,0.03125,0.06967849062757504,0.06868760694503105,64
ccp,kin8nm,32,32,2,0.0,0.03956222645895359,0.04031276556072707,224
ccp,wine,2,2,4,0.0078125,1.238184780116312,0.44384615384615383,26
ccp,kin8nm,16,16,1,0.0,0.05114558541891358,0.05080383189180587,48
ccp,wine,1,1,8,0.25,1.2784639573472254,0.44384615384615383,7
ccp,wine,16,16,1,0.03125,1.2784639573472254,0.44384615384615383,112
ccp,wine,128,128,1,0.03125,1.2784639573472254,0.44384615384615383,896
ccp,kin8nm,1024,1024,1,0.0,0.03671817561199747,0.03971030609376936,3072
ccp,covtype,4,4,4,0.015625,1.2659936399228486,0.7306782096847758,18
ccp,wine,8,8,4,0.25,1.2784639573472254,0.44384615384615383,56
ccp,wine,4,4,2,0.125,1.2784639573472254,0.44384615384615383,28
ccp,wine,4,4,1,0.5,1.2784639573472254,0.44384615384615383,28
ccp,wine,64,64,2,0.0,0.9385533476969533,0.5584615384615385,3112
ccp,kin8nm,32,32,4,0.25,0.06967849062757504,0.06868760694503105,32
ccp,wine,4,4,8,0.015625,1.2430353526369018,0.44384615384615383,36
ccp,wine,8,8,8,0.125,1.2784639573472254,0.44384615384615383,56
ccp,kin8nm,64,64,8,0.0,0.002450552284244708,0.01491285861206195,25776
ccp,kin8nm,256,256,2,0.5,0.06967849062757504,0.06868760694503105,256
ccp,wine,32,32,1,0.25,1.2784639573472254,0.44384615384615383,224
ccp,kin8nm,256,256,8,0.5,0.06967849062757504,0.06868760694503105,256
ccp,wine,16,16,2,0.0078125,1.1957200655526303,0.5392307692307692,142
ccp,wine,16,16,8,0.0,0.44974410631692474,0.6438461538461538,30942
ccp,kin8nm,512,512,1,0.015625,0.06658370978511267,0.06572723658169505,514
cegb,breastcancer,1,1,2,0.5,0.6263736263736264,0.631578947368421,3
ccp,wine,4,4,4,0.03125,1.2784639573472254,0.44384615384615383,28
ccp,wine,2,2,1,0.0625,1.2784639573472254,0.44384615384615383,14
ccp,covtype,8,8,2,0.125,1.3856916045032905,0.5129041418896242,8
ccp,covtype,128,128,1,0.015625,1.3003524420981434,0.7291980413586568,138
ccp,california_housing,512,512,1,0.0078125,0.479597571077691,0.4857776632262949,694
ccp,california_housing,128,128,4,0.015625,0.49542598275719996,0.5019753867633459,308
ccp,covtype,8,8,8,0.5,1.3856916045032905,0.5129041418896242,8
ccp,wine,128,128,2,0.0078125,1.1957180455977723,0.5392307692307692,926
ccp,kin8nm,32,32,8,0.125,0.06967849062757504,0.06868760694503105,32
cegb,breastcancer,1,1,4,0.125,0.6263736263736264,0.631578947368421,7
ccp,kin8nm,128,128,1,0.5,0.06967849062757504,0.06868760694503105,128
ccp,kin8nm,16,16,8,0.015625,0.06658370978511267,0.06572723658169505,18
ccp,wine,2,2,2,0.015625,1.2578952801911771,0.44384615384615383,18
ccp,wine,32,32,4,0.03125,1.2784639573472254,0.44384615384615383,224
ccp,wine,1,1,4,0.5,1.2784639573472254,0.44384615384615383,7
ccp,covtype,2,2,8,0.5,1.3856916045032905,0.5129041418896242,2
ccp,covtype,4,4,1,0.25,1.3856916045032905,0.5129041418896242,4
ccp,kin8nm,128,128,4,0.03125,0.06967849062757504,0.06868760694503105,128
ccp,wine,8,8,2,0.5,1.2784639573472254,0.44384615384615383,56
cegb,breastcancer,1,1,8,0.03125,0.6263736263736264,0.631578947368421,9
ccp,california_housing,128,128,1,0.125,0.9167060803846704,0.9038055392175586,146
ccp,wine,64,64,8,0.125,1.2784639573472254,0.44384615384615383,448
cegb,breastcancer,2,2,1,0.0078125,0.6263736263736264,0.631578947368421,6
ccp,kin8nm,64,64,1,0.015625,0.06658370978511267,0.06572723658169505,66
ccp,wine,2,2,8,0.0,0.9797452764306966,0.57,3152
ccp,kin8nm,128,128,2,0.03125,0.06967849062757504,0.06868760694503105,128
ccp,wine,1,1,8,0.125,1.2784639573472254,0.44384615384615383,7
ccp,wine,32,32,2,0.0625,1.2784639573472254,0.44384615384615383,224
ccp,kin8nm,64,64,4,0.0,0.021766322209225007,0.026526610408807026,1954
ccp,wine,256,256,1,0.125,1.2784639573472254,0.44384615384615383,1792
ccp,california_housing,128,128,8,0.0625,0.7728436808293365,0.7593966100935937,172
ccp,wine,16,16,1,0.015625,1.2368394799904034,0.44384615384615383,122
ccp,california_housing,256,256,2,0.125,0.9047771572257919,0.8899500342042942,276
ccp,kin8nm,512,512,4,0.0078125,0.06023306448398937,0.059644785344419166,520
ccp,wine,4,4,1,0.25,1.2784639573472254,0.44384615384615383,28
cegb,breastcancer,2,2,4,0.5,0.6263736263736264,0.631578947368421,6
ccp,wine,4,4,2,0.0625,1.2784639573472254,0.44384615384615383,28
ccp,kin8nm,1024,1024,2,0.125,0.06967849062757504,0.06868760694503105,1024
ccp,wine,8,8,4,0.125,1.2784639573472254,0.44384615384615383,56
ccp,wine,4,4,8,0.0078125,1.2166912862656911,0.5338461538461539,48
ccp,wine,32,32,8,0.015625,1.2368394511400338,0.44384615384615383,234
ccp,wine,2,2,1,0.03125,1.2784639573472254,0.44384615384615383,14
cegb,breastcancer,1,1,2,0.25,0.6263736263736264,0.631578947368421,3
ccp,covtype,32,32,1,0.5,1.3856916045032899,0.5129041418896242,32
ccp,wine,64,64,4,0.25,1.2784639573472254,0.44384615384615383,448
ccp,wine,8,8,8,0.0625,1.2784639573472254,0.44384615384615383,56
ccp,wine,32,32,1,0.125,1.2784639573472254,0.44384615384615383,224
ccp,wine,4,4,4,0.015625,1.2430353526369018,0.44384615384615383,36
ccp,california_housing,256,256,4,0.25,1.0861953519355538,1.0709015580552312,264
cegb,breastcancer,1,1,4,0.0625,0.6263736263736264,0.631578947368421,9
cegb,breastcancer,2,2,8,0.125,0.6263736263736264,0.631578947368421,14
ccp,wine,16,16,4,0.0,0.9009160465645116,0.5723076923076923,3240
ccp,wine,2,2,2,0.0078125,1.238184780116312,0.44384615384615383,26
lgbm_base,kr-vs-kp,16,16,1,0.0,0.9088419405320813,0.8859375,48
lgbm_quant,kr-vs-kp,16,16,1,0.0,0.9088419405320813,0.8859375,48
cegb,breastcancer,1,1,8,0.015625,0.6263736263736264,0.631578947368421,9
ccp,wine,1,1,4,0.25,1.2784639573472254,0.44384615384615383,7
cegb,breastcancer,4,4,1,0.03125,0.9076923076923077,0.8333333333333334,12
lgbm_base,kr-vs-kp,16,16,2,0.0,0.9088419405320813,0.8859375,108
lgbm_quant,kr-vs-kp,16,16,2,0.0,0.9088419405320813,0.8859375,108
cegb,breastcancer,2,2,2,0.0,0.6263736263736264,0.631578947368421,14
cegb,breastcancer,4,4,2,0.0078125,0.9472527472527472,0.8859649122807017,28
ccp,kin8nm,128,128,1,0.25,0.06967849062757504,0.06868760694503105,128
lgbm_base,kr-vs-kp,32,32,1,0.0,0.9088419405320813,0.8859375,96
ccp,wine,8,8,2,0.25,1.2784639573472254,0.44384615384615383,56
lgbm_quant,kr-vs-kp,32,32,1,0.0,0.9088419405320813,0.8859375,96
cegb,breastcancer,4,3,8,0.5,0.9296703296703297,0.868421052631579,9
ccp,wine,128,128,1,0.015625,1.2368394505863347,0.44384615384615383,906
ccp,wine,1,1,8,0.0625,1.2784639573472254,0.44384615384615383,7
ccp,kin8nm,512,512,2,0.0078125,0.06023306448398937,0.059644785344419166,520
cegb,breastcancer,8,8,1,0.125,0.9428571428571428,0.9122807017543859,24
ccp,kin8nm,256,256,2,0.25,0.06967849062757504,0.06868760694503105,256
ccp,wine,64,64,2,0.5,1.2784639573472254,0.44384615384615383,448
ccp,wine,2,2,8,0.5,1.2784639573472254,0.44384615384615383,14
ccp,wine,4,4,1,0.125,1.2784639573472254,0.44384615384615383,28
ccp,covtype,16,16,2,0.0,1.112227601154179,0.7360653339414646,112
cegb,breastcancer,2,2,4,0.25,0.6263736263736264,0.631578947368421,6
ccp,california_housing,512,512,2,0.0078125,0.424142007619752,0.4305135292912283,738
ccp,wine,16,16,1,0.0078125,1.2049561301076663,0.5146153846153846,136
ccp,kin8nm,256,256,4,0.25,0.06967849062757504,0.06868760694503105,256
ccp,wine,4,4,2,0.03125,1.2784639573472254,0.44384615384615383,28
ccp,wine,16,16,8,0.5,1.2784639573472254,0.44384615384615383,112
ccp,kin8nm,64,64,8,0.5,0.06967849062757504,0.06868760694503105,64
ccp,kin8nm,32,32,8,0.0625,0.06967849062757504,0.06868760694503105,32
ccp,california_housing,128,128,1,0.0625,0.7723216137171374,0.762825673517669,164
ccp,kin8nm,512,512,1,0.0078125,0.06023306448398937,0.059644785344419166,520
ccp,kin8nm,128,128,2,0.015625,0.06658370978511267,0.06572723658169505,130
ccp,wine,8,8,1,0.0,1.1629523308675314,0.5376923076923077,168
ccp,wine,2,2,1,0.015625,1.2578952801911771,0.44384615384615383,18
ccp,wine,32,32,2,0.03125,1.2784639573472254,0.44384615384615383,224
cegb,breastcancer,1,1,2,0.125,0.6263736263736264,0.631578947368421,7
ccp,wine,8,8,4,0.0625,1.2784639573472254,0.44384615384615383,56
ccp,wine,256,256,2,0.03125,1.2784639573472254,0.44384615384615383,1792
ccp,wine,32,32,4,0.015625,1.2368394511400338,0.44384615384615383,234
ccp,kin8nm,128,128,4,0.015625,0.06658370978511267,0.06572723658169505,130
cegb,breastcancer,1,1,4,0.03125,0.6263736263736264,0.631578947368421,9
ccp,wine,4,4,4,0.0078125,1.2166912862656911,0.5338461538461539,48
cegb,breastcancer,2,2,8,0.0625,0.6263736263736264,0.631578947368421,16
cegb,breastcancer,4,4,1,0.015625,0.9076923076923077,0.8333333333333334,12
ccp,kin8nm,128,128,8,0.03125,0.06967849062757504,0.06868760694503105,128
ccp,kin8nm,1024,1024,1,0.5,0.06967849062757504,0.06868760694503105,1024
cegb,breastcancer,1,1,8,0.0078125,0.6263736263736264,0.631578947368421,9
ccp,wine,32,32,1,0.0625,1.2784639573472254,0.44384615384615383,224
cegb,breastcancer,8,8,4,0.0078125,0.9692307692307692,0.8947368421052632,78
cegb,breastcancer,8,8,2,0.03125,0.9626373626373627,0.8859649122807017,54
ccp,wine,2,2,4,0.0,1.150786297066836,0.5238461538461539,380
cegb,breastcancer,4,4,4,0.0,0.9384615384615385,0.8771929824561403,62
cegb,breastcancer,2,2,2,0.5,0.6263736263736264,0.631578947368421,6
ccp,wine,8,8,8,0.03125,1.2784639573472254,0.44384615384615383,56
cegb,breastcancer,4,4,8,0.25,0.9076923076923077,0.8333333333333334,12
ccp,covtype,32,32,4,0.0625,1.3856916045032899,0.5129041418896242,32
ccp,california_housing,64,64,8,0.25,1.0861953519355538,1.0709015580552312,72
ccp,california_housing,512,512,4,0.0078125,0.40173260488550394,0.4131964332984196,834
ccp,wine,8,8,2,0.125,1.2784639573472254,0.44384615384615383,56
cegb,breastcancer,8,8,1,0.0625,0.9428571428571428,0.9122807017543859,24
cegb,breastcancer,16,3,1,0.5,0.9296703296703297,0.868421052631579,9
ccp,covtype,4,4,1,0.125,1.3856916045032905,0.5129041418896242,4
ccp,kin8nm,128,128,1,0.125,0.06967849062757504,0.06868760694503105,128
ccp,california_housing,256,256,8,0.5,1.3361286263161214,1.3136235330402446,256
lgbm_base,kr-vs-kp,16,16,8,0.0,0.9757433489827856,0.975,922
lgbm_quant,kr-vs-kp,16,16,8,0.0,0.9757433489827856,0.975,922
ccp,wine,16,16,4,0.5,1.2784639573472254,0.44384615384615383,112
ccp,wine,2,2,8,0.25,1.2784639573472254,0.44384615384615383,14
cegb,breastcancer,2,2,4,0.125,0.6263736263736264,0.631578947368421,14
ccp,california_housing,128,128,4,0.0078125,0.40173260488550394,0.4131964332984196,450
ccp,california_housing,1024,1024,1,0.0,0.31524178700851413,0.3345931280194026,3072
ccp,wine,4,4,1,0.0625,1.2784639573472254,0.44384615384615383,28
ccp,mushroom,1024,1024,4,0.25,1.3844771807698029,0.5046153846153846,1024
ccp,wine,4,4,2,0.015625,1.2430353526369018,0.44384615384615383,36
ccp,wine,16,16,2,0.0,1.0506881634686869,0.5407692307692308,784
cegb,breastcancer,16,13,2,0.125,0.9582417582417583,0.9210526315789473,47
ccp,kin8nm,1024,1024,4,0.0625,0.06967849062757504,0.06868760694503105,1024
lgbm_base,kr-vs-kp,16,16,4,0.0,0.9440532081377152,0.928125,294
lgbm_quant,kr-vs-kp,16,16,4,0.0,0.9440532081377152,0.928125,294
cegb,breastcancer,16,16,4,0.03125,0.9824175824175824,0.9298245614035088,104
ccp,wine,512,512,1,0.5,1.2784639573472254,0.44384615384615383,3584
cegb,breastcancer,1,1,2,0.0625,0.6263736263736264,0.631578947368421,7
cegb,breastcancer,16,16,8,0.0078125,0.9846153846153847,0.9298245614035088,150
ccp,wine,8,8,1,0.5,1.2784639573472254,0.44384615384615383,56
ccp,covtype,8,8,4,0.125,1.3856916045032905,0.5129041418896242,8
ccp,california_housing,256,256,2,0.0625,0.7603636749345709,0.750698820749206,302
ccp,covtype,4,4,4,0.0078125,1.2547978477986579,0.7312203643623658,20
ccp,wine,8,8,4,0.03125,1.2784639573472254,0.44384615384615383,56
cegb,breastcancer,1,1,4,0.015625,0.6263736263736264,0.631578947368421,9
ccp,kin8nm,256,256,2,0.125,0.06967849062757504,0.06868760694503105,256
cegb,breastcancer,2,2,8,0.03125,0.6263736263736264,0.631578947368421,16
ccp,wine,64,64,2,0.25,1.2784639573472254,0.44384615384615383,448
cegb,breastcancer,4,4,1,0.0078125,0.9076923076923077,0.8333333333333334,12
cegb,breastcancer,8,8,8,0.0,0.9604395604395605,0.9122807017543859,182
cegb,breastcancer,2,2,1,0.0,0.6263736263736264,0.631578947368421,6
ccp,wine,32,32,2,0.015625,1.2368394511400338,0.44384615384615383,234
ccp,wine,128,128,1,0.0078125,1.2049541221266846,0.5146153846153846,920
ccp,wine,64,64,4,0.125,1.2784639573472254,0.44384615384615383,448
ccp,covtype,8,8,2,0.0625,1.3856916045032905,0.5129041418896242,8
ccp,wine,256,256,1,0.0625,1.2784639573472254,0.44384615384615383,1792
cegb,breastcancer,4,3,4,0.5,0.9296703296703297,0.868421052631579,9
cegb,breastcancer,32,3,2,0.5,0.9296703296703297,0.868421052631579,9
ccp,wine,32,32,8,0.0078125,1.1957180998703518,0.5392307692307692,254
cegb,breastcancer,2,2,2,0.25,0.6263736263736264,0.631578947368421,6
cegb,breastcancer,8,8,2,0.015625,0.9626373626373627,0.8859649122807017,56
cegb,breastcancer,4,4,8,0.125,0.9494505494505494,0.9122807017543859,20
ccp,wine,16,16,8,0.25,1.2784639573472254,0.44384615384615383,112
ccp,wine,4,4,8,0.0,0.844670100317805,0.5907692307692308,6828
cegb,breastcancer,8,8,1,0.03125,0.9428571428571428,0.9122807017543859,24
cegb,breastcancer,32,13,4,0.125,0.9582417582417583,0.9210526315789473,47
cegb,breastcancer,16,7,1,0.25,0.9428571428571428,0.9122807017543859,21
ccp,kin8nm,64,64,8,0.25,0.06967849062757504,0.06868760694503105,64
ccp,wine,32,32,1,0.03125,1.2784639573472254,0.44384615384615383,224
ccp,wine,8,8,2,0.0625,1.2784639573472254,0.44384615384615383,56
cegb,breastcancer,2,2,4,0.0625,0.6263736263736264,0.631578947368421,16
cegb,breastcancer,32,26,8,0.03125,0.9824175824175824,0.9385964912280702,152
cegb,breastcancer,64,64,1,0.0078125,0.9868131868131869,0.956140350877193,192
ccp,wine,8,8,8,0.015625,1.2368396950933296,0.44384615384615383,66
ccp,california_housing,1024,1024,2,0.125,0.9047771572257919,0.8899500342042942,1044
cegb,breastcancer,64,3,4,0.5,0.9296703296703297,0.868421052631579,9
ccp,kin8nm,128,128,1,0.0625,0.06967849062757504,0.06868760694503105,128
ccp,wine,32,32,4,0.0078125,1.1957180998703518,0.5392307692307692,254
ccp,kin8nm,128,128,4,0.0078125,0.06023306448398937,0.059644785344419166,136
cegb,breastcancer,64,13,8,0.125,0.9582417582417583,0.9210526315789473,47
cegb,breastcancer,16,16,2,0.0625,0.9758241758241758,0.9298245614035088,82
ccp,wine,16,16,4,0.25,1.2784639573472254,0.44384615384615383,112
cegb,breastcancer,16,16,4,0.015625,0.9824175824175824,0.9385964912280702,136
cegb,breastcancer,1,1,2,0.03125,0.6263736263736264,0.631578947368421,7
cegb,breastcancer,32,32,1,0.0,0.9736263736263736,0.9298245614035088,96
ccp,wine,128,128,4,0.0,0.5221459931703695,0.6269230769230769,25238
ccp,california_housing,512,512,2,0.0,0.22821618841579427,0.2621247093453953,3574
ccp,kin8nm,256,256,4,0.125,0.06967849062757504,0.06868760694503105,256
ccp,wine,16,16,2,0.5,1.2784639573472254,0.44384615384615383,112
cegb,breastcancer,128,34,1,0.03125,0.9736263736263736,0.9298245614035088,102
ccp,wine,8,8,1,0.25,1.2784639573472254,0.44384615384615383,56
ccp,wine,64,64,8,0.0625,1.2784639573472254,0.44384615384615383,448
cegb,breastcancer,1,1,4,0.0078125,0.6263736263736264,0.631578947368421,9
cegb,breastcancer,4,4,2,0.0,0.9472527472527472,0.8859649122807017,28
ccp,kin8nm,512,512,2,0.0,0.02476489547862044,0.031042163202625046,3546
cegb,breastcancer,2,2,1,0.5,0.6263736263736264,0.631578947368421,6
cegb,breastcancer,2,2,8,0.015625,0.6263736263736264,0.631578947368421,20
cegb,breastcancer,8,3,8,0.5,0.9296703296703297,0.868421052631579,9
ccp,kin8nm,1024,1024,8,0.03125,0.06967849062757504,0.06868760694503105,1024
ccp,kin8nm,256,256,8,0.25,0.06967849062757504,0.06868760694503105,256
ccp,wine,8,8,4,0.015625,1.2368396950933296,0.44384615384615383,66
cegb,breastcancer,32,7,2,0.25,0.9428571428571428,0.9122807017543859,21
ccp,kin8nm,1024,1024,8,0.0078125,0.06023306448398937,0.059644785344419166,1032
ccp,wine,128,128,8,0.5,1.2784639573472254,0.44384615384615383,896
cegb,breastcancer,8,8,2,0.0078125,0.9692307692307692,0.9122807017543859,56
ccp,covtype,2,2,8,0.25,1.3856916045032905,0.5129041418896242,2
ccp,kin8nm,1024,1024,8,0.5,0.06967849062757504,0.06868760694503105,1024
cegb,breastcancer,4,4,4,0.25,0.9076923076923077,0.8333333333333334,12
cegb,breastcancer,128,41,2,0.0078125,0.9956043956043956,0.956140350877193,259
cegb,breastcancer,4,4,8,0.0625,0.9494505494505494,0.8771929824561403,28
cegb,breastcancer,2,2,2,0.125,0.6263736263736264,0.631578947368421,14
cegb,breastcancer,128,3,8,0.5,0.9296703296703297,0.868421052631579,9
cegb,breastcancer,8,8,1,0.015625,0.9428571428571428,0.9122807017543859,24
ccp,kin8nm,1024,1024,2,0.0625,0.06967849062757504,0.06868760694503105,1024
cegb,breastcancer,16,14,1,0.125,0.9516483516483516,0.9035087719298246,42
cegb,breastcancer,32,20,4,0.0625,0.9736263736263736,0.9122807017543859,92
ccp,kin8nm,1024,1024,8,0.125,0.06967849062757504,0.06868760694503105,1024
ccp,covtype,4,4,1,0.0625,1.3856916045032905,0.5129041418896242,4
ccp,covtype,32,32,2,0.0625,1.3856916045032899,0.5129041418896242,32
cegb,breastcancer,256,14,1,0.125,0.9516483516483516,0.9035087719298246,42
cegb,breastcancer,256,26,2,0.03125,0.9824175824175824,0.9385964912280702,138
ccp,wine,32,32,2,0.0078125,1.1957180998703518,0.5392307692307692,254
cegb,breastcancer,2,2,4,0.03125,0.6263736263736264,0.631578947368421,16
cegb,breastcancer,64,64,2,0.0,0.9978021978021978,0.956140350877193,442
cegb,breastcancer,32,32,8,0.015625,0.9978021978021978,0.956140350877193,258
ccp,wine,64,64,1,0.0,1.1139335247991544,0.5446153846153846,1344
ccp,kin8nm,1024,1024,1,0.25,0.06967849062757504,0.06868760694503105,1024
cegb,breastcancer,64,7,4,0.25,0.9428571428571428,0.9122807017543859,21
cegb,breastcancer,256,37,4,0.0078125,0.9978021978021978,0.956140350877193,353
ccp,wine,32,32,1,0.015625,1.2368394511400338,0.44384615384615383,234
ccp,wine,256,256,4,0.0078125,1.195718045597772,0.5392307692307692,1822
cegb,breastcancer,64,20,8,0.0625,0.9736263736263736,0.9122807017543859,92
ccp,wine,64,64,2,0.125,1.2784639573472254,0.44384615384615383,448
cegb,breastcancer,16,16,2,0.03125,0.978021978021978,0.9473684210526315,94
ccp,kin8nm,256,256,2,0.0625,0.06967849062757504,0.06868760694503105,256
cegb,breastcancer,16,16,4,0.0078125,0.9846153846153847,0.9298245614035088,150
ccp,kin8nm,128,128,8,0.015625,0.06658370978511267,0.06572723658169505,130
ccp,california_housing,256,256,4,0.125,0.9047771572257919,0.8899500342042942,276
ccp,california_housing,128,128,8,0.03125,0.6262472499309512,0.6244177930587176,218
cegb,breastcancer,1,1,2,0.015625,0.6263736263736264,0.631578947368421,7
ccp,kin8nm,512,512,8,0.0625,0.06967849062757504,0.06868760694503105,512
ccp,wine,8,8,8,0.0078125,1.1986869429352431,0.5346153846153846,84
cegb,breastcancer,128,48,1,0.015625,0.978021978021978,0.9385964912280702,144
ccp,kin8nm,512,512,4,0.0,0.007065161569489692,0.017940337802136972,14474
cegb,breastcancer,32,3,1,0.5,0.9296703296703297,0.868421052631579,9
ccp,wine,16,16,8,0.125,1.2784639573472254,0.44384615384615383,112
cegb,breastcancer,512,3,1,0.5,0.9296703296703297,0.868421052631579,9
cegb,breastcancer,1,1,8,0.0,0.6263736263736264,0.631578947368421,17
cegb,breastcancer,2,2,8,0.0078125,0.6263736263736264,0.631578947368421,20
cegb,breastcancer,2,2,1,0.25,0.6263736263736264,0.631578947368421,6
cegb,breastcancer,4,3,2,0.5,0.9296703296703297,0.868421052631579,9
ccp,covtype,16,16,4,0.0,1.0197534967998907,0.7699198815865339,496
ccp,wine,16,16,2,0.25,1.2784639573472254,0.44384615384615383,112
ccp,wine,16,16,4,0.125,1.2784639573472254,0.44384615384615383,112
ccp,wine,512,512,2,0.125,1.2784639573472254,0.44384615384615383,3584
cegb,breastcancer,8,8,4,0.0,0.9604395604395605,0.9122807017543859,122
cegb,breastcancer,32,13,2,0.125,0.9582417582417583,0.9210526315789473,47
cegb,breastcancer,8,7,8,0.25,0.9428571428571428,0.9122807017543859,21
cegb,breastcancer,512,13,2,0.125,0.9582417582417583,0.9210526315789473,47
ccp,wine,1,1,1,0.0,1.2487779252476845,0.44384615384615383,21
ccp,covtype,4,4,8,0.03125,1.3618863609742327,0.6654131132586938,6
cegb,breastcancer,512,26,4,0.03125,0.9824175824175824,0.9385964912280702,152
cegb,breastcancer,4,4,4,0.125,0.9494505494505494,0.9122807017543859,20
ccp,covtype,32,32,1,0.25,1.3856916045032899,0.5129041418896242,32
cegb,breastcancer,4,4,8,0.03125,0.9494505494505494,0.8771929824561403,28
cegb,breastcancer,128,128,4,0.0,1.0,0.9473684210526315,2402
cegb,breastcancer,8,8,1,0.0078125,0.9428571428571428,0.9122807017543859,24
cegb,breastcancer,128,7,8,0.25,0.9428571428571428,0.9122807017543859,21
cegb,breastcancer,2,2,2,0.0625,0.6263736263736264,0.631578947368421,14
cegb,breastcancer,32,26,4,0.03125,0.9824175824175824,0.9385964912280702,152
cegb,breastcancer,16,16,1,0.0625,0.9516483516483516,0.9210526315789473,48
ccp,wine,64,64,4,0.0625,1.2784639573472254,0.44384615384615383,448
cegb,breastcancer,512,13,8,0.125,0.9582417582417583,0.9210526315789473,47
cegb,breastcancer,256,33,2,0.015625,0.9934065934065934,0.956140350877193,193
cegb,breastcancer,2,2,4,0.015625,0.6263736263736264,0.631578947368421,20
cegb,breastcancer,256,22,1,0.0625,0.9604395604395605,0.9210526315789473,66
cegb,breastcancer,32,32,8,0.0078125,0.9956043956043956,0.956140350877193,312
cegb,breastcancer,64,3,2,0.5,0.9296703296703297,0.868421052631579,9
ccp,wine,128,128,2,0.0,0.871853795684476,0.5684615384615385,6170
cegb,breastcancer,64,13,4,0.125,0.9582417582417583,0.9210526315789473,47
cegb,breastcancer,256,256,8,0.0,1.0,0.956140350877193,6026
ccp,wine,256,256,2,0.015625,1.2368394505863347,0.44384615384615383,1802
cegb,breastcancer,64,26,8,0.03125,0.9824175824175824,0.9385964912280702,152
cegb,breastcancer,16,16,2,0.015625,0.9824175824175824,0.9473684210526315,102
cegb,breastcancer,16,16,8,0.0,0.989010989010989,0.956140350877193,434
cegb,breastcancer,512,37,8,0.0078125,0.9956043956043956,0.956140350877193,357
ccp,wine,256,256,1,0.03125,1.2784639573472254,0.44384615384615383,1792
ccp,covtype,16,16,2,0.5,1.3856916045032899,0.5129041418896242,16
ccp,wine,32,32,1,0.0078125,1.2049541762700462,0.5146153846153846,248
cegb,breastcancer,1,1,2,0.0078125,0.6263736263736264,0.631578947368421,7
cegb,breastcancer,128,68,1,0.0078125,0.9868131868131869,0.956140350877193,204
cegb,breastcancer,32,7,1,0.25,0.9428571428571428,0.9122807017543859,21
ccp,wine,64,64,1,0.5,1.2784639573472254,0.44384615384615383,448
cegb,breastcancer,512,7,1,0.25,0.9428571428571428,0.9122807017543859,21
ccp,wine,16,16,1,0.0,1.181784918931373,0.5407692307692308,336
cegb,breastcancer,1,1,8,0.5,0.6263736263736264,0.631578947368421,3
ccp,kin8nm,128,128,8,0.0,0.0012546394712076893,0.013587124540235637,39170
cegb,breastcancer,4,4,1,0.0,0.9076923076923077,0.8333333333333334,12
cegb,breastcancer,2,2,1,0.125,0.6263736263736264,0.631578947368421,6
cegb,breastcancer,4,4,2,0.25,0.9076923076923077,0.8333333333333334,12
cegb,breastcancer,32,20,2,0.0625,0.9758241758241758,0.9298245614035088,94
cegb,breastcancer,8,8,8,0.125,0.9604395604395605,0.9210526315789473,32
ccp,wine,32,32,4,0.0,0.7943134856716877,0.5930769230769231,6498
ccp,kin8nm,256,256,4,0.0625,0.06967849062757504,0.06868760694503105,256
cegb,breastcancer,512,20,2,0.0625,0.9758241758241758,0.9298245614035088,94
cegb,breastcancer,8,3,4,0.5,0.9296703296703297,0.868421052631579,9
cegb,breastcancer,4,4,4,0.0625,0.9494505494505494,0.8771929824561403,28
ccp,wine,1,1,1,0.5,1.2784639573472254,0.44384615384615383,7
cegb,breastcancer,512,32,4,0.015625,0.9978021978021978,0.956140350877193,258
cegb,breastcancer,128,3,4,0.5,0.9296703296703297,0.868421052631579,9
ccp,wine,32,32,8,0.0,0.26635399436072066,0.6469230769230769,64096
ccp,kin8nm,512,512,2,0.5,0.06967849062757504,0.06868760694503105,512
cegb,breastcancer,128,13,8,0.125,0.9582417582417583,0.9210526315789473,47
cegb,breastcancer,8,8,2,0.0,0.9560439560439561,0.8859649122807017,56
cegb,breastcancer,4,4,8,0.015625,0.9384615384615385,0.8771929824561403,38
cegb,breastcancer,2,2,2,0.03125,0.6263736263736264,0.631578947368421,14
cegb,breastcancer,16,16,1,0.03125,0.9516483516483516,0.9210526315789473,48
ccp,california_housing,1024,1024,1,0.5,1.3361286263161214,1.3136235330402446,1024
ccp,wine,64,64,2,0.0625,1.2784639573472254,0.44384615384615383,448
cegb,breastcancer,32,32,4,0.015625,0.9978021978021978,0.956140350877193,258
ccp,wine,16,16,4,0.0625,1.2784639573472254,0.44384615384615383,112
cegb,breastcancer,256,41,2,0.0078125,0.9956043956043956,0.956140350877193,259
cegb,breastcancer,256,34,1,0.03125,0.9736263736263736,0.9298245614035088,102
cegb,breastcancer,2,2,4,0.0078125,0.6263736263736264,0.631578947368421,20
cegb,breastcancer,512,20,8,0.0625,0.9736263736263736,0.9122807017543859,92
ccp,wine,16,16,8,0.0625,1.2784639573472254,0.44384615384615383,112
cegb,breastcancer,64,64,1,0.0,0.9868131868131869,0.956140350877193,192
cegb,breastcancer,64,7,2,0.25,0.9428571428571428,0.9122807017543859,21
cegb,breastcancer,256,3,8,0.5,0.9296703296703297,0.868421052631579,9
cegb,breastcancer,64,20,4,0.0625,0.9736263736263736,0.9122807017543859,92
cegb,breastcancer,64,32,8,0.015625,0.9978021978021978,0.956140350877193,258
ccp,california_housing,128,128,8,0.0,0.05073500800857608,0.21487346789981995,45292
cegb,breastcancer,16,16,2,0.0078125,0.9846153846153847,0.956140350877193,106
cegb,breastcancer,1024,1024,1,0.0,1.0,0.9736842105263158,3072
cegb,breastcancer,16,3,8,0.5,0.9296703296703297,0.868421052631579,9
ccp,kin8nm,512,512,8,0.0,8.54144051252055e-05,0.012923903417846905,118008
cegb,breastcancer,1,1,4,0.0,0.6263736263736264,0.631578947368421,15
ccp,kin8nm,1024,1024,1,0.125,0.06967849062757504,0.06868760694503105,1024
cegb,breastcancer,128,128,2,0.0,1.0,0.956140350877193,886
ccp,wine,512,512,1,0.25,1.2784639573472254,0.44384615384615383,3584
cegb,breastcancer,32,14,1,0.125,0.9516483516483516,0.9035087719298246,42
cegb,breastcancer,512,14,1,0.125,0.9516483516483516,0.9035087719298246,42
cegb,breastcancer,1024,3,2,0.5,0.9296703296703297,0.868421052631579,9
cegb,breastcancer,1,1,8,0.25,0.6263736263736264,0.631578947368421,3
cegb,breastcancer,4,3,1,0.5,0.9296703296703297,0.868421052631579,9
cegb,breastcancer,2,2,1,0.0625,0.6263736263736264,0.631578947368421,6
cegb,breastcancer,1024,13,4,0.125,0.9582417582417583,0.9210526315789473,47
cegb,breastcancer,4,4,2,0.125,0.9494505494505494,0.9122807017543859,20
cegb,breastcancer,512,26,2,0.03125,0.9824175824175824,0.9385964912280702,138
cegb,breastcancer,8,8,8,0.0625,0.967032967032967,0.8947368421052632,52
cegb,breastcancer,8,7,4,0.25,0.9428571428571428,0.9122807017543859,21
cegb,breastcancer,4,4,4,0.03125,0.9494505494505494,0.8771929824561403,28
cegb,breastcancer,32,26,2,0.03125,0.9824175824175824,0.9385964912280702,138
ccp,wine,1,1,1,0.25,1.2784639573472254,0.44384615384615383,7
cegb,breastcancer,512,37,4,0.0078125,0.9978021978021978,0.956140350877193,353
ccp,wine,32,32,2,0.0,1.000253828841137,0.5492307692307692,1560
cegb,breastcancer,128,7,4,0.25,0.9428571428571428,0.9122807017543859,21
cegb,breastcancer,128,20,8,0.0625,0.9736263736263736,0.9122807017543859,92
cegb,breastcancer,4,4,8,0.0078125,0.9384615384615385,0.8771929824561403,38
cegb,breastcancer,8,3,2,0.5,0.9296703296703297,0.868421052631579,9
ccp,wine,128,128,4,0.5,1.2784639573472254,0.44384615384615383,896
ccp,kin8nm,128,128,8,0.0078125,0.06023306448398937,0.059644785344419166,136
cegb,breastcancer,2,2,2,0.015625,0.6263736263736264,0.631578947368421,14
cegb,breastcancer,16,16,1,0.015625,0.9516483516483516,0.9210526315789473,48
cegb,breastcancer,1024,3,8,0.5,0.9296703296703297,0.868421052631579,9
cegb,breastcancer,32,32,4,0.0078125,0.9956043956043956,0.956140350877193,312
cegb,breastcancer,256,48,1,0.015625,0.978021978021978,0.9385964912280702,144
ccp,wine,64,64,1,0.25,1.2784639573472254,0.44384615384615383,448
cegb,breastcancer,256,256,4,0.0,1.0,0.956140350877193,3886
cegb,breastcancer,2,2,8,0.0,0.6263736263736264,0.631578947368421,38
cegb,breastcancer,512,26,8,0.03125,0.9824175824175824,0.9385964912280702,152
ccp,wine,64,64,8,0.03125,1.2784639573472254,0.44384615384615383,448
cegb,breastcancer,64,13,2,0.125,0.9582417582417583,0.9210526315789473,47
ccp,covtype,8,8,4,0.0625,1.3856916045032905,0.5129041418896242,8
cegb,breastcancer,64,3,1,0.5,0.9296703296703297,0.868421052631579,9
ccp,california_housing,512,512,2,0.5,1.3361286263161214,1.3136235330402446,512
cegb,breastcancer,64,26,4,0.03125,0.9824175824175824,0.9385964912280702,152
cegb,breastcancer,256,7,8,0.25,0.9428571428571428,0.9122807017543859,21
ccp,wine,64,64,4,0.03125,1.2784639573472254,0.44384615384615383,448
cegb,breastcancer,64,37,8,0.0078125,0.9956043956043956,0.956140350877193,357
ccp,covtype,64,64,2,0.5,1.3856916045032899,0.5129041418896242,64
cegb,breastcancer,1024,3,1,0.5,0.9296703296703297,0.868421052631579,9
cegb,breastcancer,16,7,8,0.25,0.9428571428571428,0.9122807017543859,21
cegb,breastcancer,16,16,4,0.0,0.9846153846153847,0.956140350877193,254
cegb,breastcancer,1024,13,8,0.125,0.9582417582417583,0.9210526315789473,47
ccp,wine,32,32,4,0.5,1.2784639573472254,0.44384615384615383,224
cegb,breastcancer,1024,26,8,0.03125,0.9824175824175824,0.9385964912280702,152
cegb,breastcancer,1,1,4,0.5,0.6263736263736264,0.631578947368421,3
cegb,breastcancer,128,3,2,0.5,0.9296703296703297,0.868421052631579,9
cegb,breastcancer,32,22,1,0.0625,0.9604395604395605,0.9210526315789473,66
cegb,breastcancer,512,22,1,0.0625,0.9604395604395605,0.9210526315789473,66
ccp,kin8nm,1024,1024,2,0.03125,0.06967849062757504,0.06868760694503105,1024
cegb,breastcancer,1024,7,2,0.25,0.9428571428571428,0.9122807017543859,21
cegb,breastcancer,1,1,8,0.125,0.6263736263736264,0.631578947368421,7
cegb,breastcancer,1024,20,4,0.0625,0.9736263736263736,0.9122807017543859,92
ccp,california_housing,512,512,4,0.0,0.1183031582678466,0.21592468855550737,15142
cegb,breastcancer,2,2,1,0.03125,0.6263736263736264,0.631578947368421,6
cegb,breastcancer,4,4,1,0.25,0.9076923076923077,0.8333333333333334,12
ccp,wine,128,128,2,0.5,1.2784639573472254,0.44384615384615383,896
cegb,breastcancer,4,4,2,0.0625,0.9472527472527472,0.8859649122807017,26
ccp,wine,64,64,2,0.03125,1.2784639573472254,0.44384615384615383,448
cegb,breastcancer,512,33,2,0.015625,0.9934065934065934,0.956140350877193,193
cegb,breastcancer,8,8,4,0.125,0.9604395604395605,0.9210526315789473,32
cegb,breastcancer,8,8,8,0.03125,0.9758241758241758,0.9035087719298246,54
ccp,wine,1,1,1,0.125,1.2784639573472254,0.44384615384615383,7
ccp,wine,16,16,8,0.03125,1.2784639573472254,0.44384615384615383,112
cegb,breastcancer,128,13,4,0.125,0.9582417582417583,0.9210526315789473,47
cegb,breastcancer,32,32,2,0.015625,0.9934065934065934,0.956140350877193,190
cegb,breastcancer,128,26,8,0.03125,0.9824175824175824,0.9385964912280702,152
cegb,breastcancer,4,4,4,0.015625,0.9384615384615385,0.8771929824561403,38
cegb,breastcancer,1024,37,8,0.0078125,0.9956043956043956,0.956140350877193,357
cegb,breastcancer,512,512,8,0.0,1.0,0.956140350877193,6800
cegb,breastcancer,8,8,1,0.0,0.9428571428571428,0.9122807017543859,24
cegb,breastcancer,8,7,2,0.25,0.9428571428571428,0.9122807017543859,21
cegb,breastcancer,16,16,1,0.0078125,0.9516483516483516,0.9210526315789473,48
cegb,breastcancer,2,2,2,0.0078125,0.6263736263736264,0.631578947368421,14
ccp,kin8nm,256,256,8,0.125,0.06967849062757504,0.06868760694503105,256
cegb,breastcancer,32,32,8,0.0,0.9956043956043956,0.956140350877193,970
cegb,breastcancer,256,68,1,0.0078125,0.9868131868131869,0.956140350877193,204
cegb,breastcancer,1024,7,8,0.25,0.9428571428571428,0.9122807017543859,21
cegb,breastcancer,2,2,8,0.5,0.6263736263736264,0.631578947368421,6
cegb,breastcancer,256,3,4,0.5,0.9296703296703297,0.868421052631579,9
ccp,wine,256,256,1,0.015625,1.2368394505863347,0.44384615384615383,1802
cegb,breastcancer,512,32,8,0.015625,0.9978021978021978,0.956140350877193,258
cegb,breastcancer,64,20,2,0.0625,0.9758241758241758,0.9298245614035088,94
ccp,kin8nm,512,512,4,0.5,0.06967849062757504,0.06868760694503105,512
cegb,breastcancer,64,7,1,0.25,0.9428571428571428,0.9122807017543859,21
ccp,kin8nm,256,256,4,0.03125,0.06967849062757504,0.06868760694503105,256
ccp,wine,32,32,8,0.5,1.2784639573472254,0.44384615384615383,224
cegb,breastcancer,256,13,8,0.125,0.9582417582417583,0.9210526315789473,47
ccp,california_housing,256,256,4,0.0625,0.7728436808293365,0.7593966100935937,300
ccp,kin8nm,512,512,2,0.25,0.06967849062757504,0.06868760694503105,512
ccp,california_housing,1024,1024,4,0.0625,0.7728436808293365,0.7593966100935937,1068
cegb,breastcancer,64,32,4,0.015625,0.9978021978021978,0.956140350877193,258
ccp,kin8nm,256,256,1,0.0,0.0379860058525269,0.03952413730978825,768
cegb,breastcancer,128,128,1,0.0,0.9978021978021978,0.956140350877193,384
cegb,breastcancer,16,3,4,0.5,0.9296703296703297,0.868421052631579,9
cegb,breastcancer,16,13,8,0.125,0.9582417582417583,0.9210526315789473,47
cegb,breastcancer,1024,7,1,0.25,0.9428571428571428,0.9122807017543859,21
ccp,wine,64,64,1,0.125,1.2784639573472254,0.44384615384615383,448
cegb,breastcancer,1024,20,8,0.0625,0.9736263736263736,0.9122807017543859,92
cegb,breastcancer,1024,32,8,0.015625,0.9978021978021978,0.956140350877193,258
cegb,breastcancer,32,32,1,0.03125,0.9736263736263736,0.9298245614035088,96
cegb,breastcancer,1,1,4,0.25,0.6263736263736264,0.631578947368421,3
cegb,breastcancer,128,7,2,0.25,0.9428571428571428,0.9122807017543859,21
ccp,covtype,4,4,8,0.0,1.1389282639971796,0.8078018639794153,1740
cegb,breastcancer,1024,13,2,0.125,0.9582417582417583,0.9210526315789473,47
cegb,breastcancer,512,34,1,0.03125,0.9736263736263736,0.9298245614035088,102
cegb,breastcancer,1,1,8,0.0625,0.6263736263736264,0.631578947368421,9
cegb,breastcancer,1024,26,4,0.03125,0.9824175824175824,0.9385964912280702,152
ccp,kin8nm,1024,1024,4,0.03125,0.06967849062757504,0.06868760694503105,1024
cegb,breastcancer,4,4,1,0.125,0.9076923076923077,0.8333333333333334,12
cegb,breastcancer,2,2,1,0.015625,0.6263736263736264,0.631578947368421,6
lgbm_base,kr-vs-kp,64,64,1,0.0,0.9440532081377152,0.928125,192
lgbm_quant,kr-vs-kp,64,64,1,0.0,0.9440532081377152,0.928125,192
cegb,breastcancer,8,8,4,0.0625,0.967032967032967,0.8947368421052632,52
cegb,breastcancer,512,41,2,0.0078125,0.9956043956043956,0.956140350877193,259
cegb,breastcancer,4,4,2,0.03125,0.9472527472527472,0.8859649122807017,26
lgbm_base,kr-vs-kp,32,32,8,0.0,0.980829420970266,0.978125,1866
lgbm_quant,kr-vs-kp,32,32,8,0.0,0.980829420970266,0.978125,1866
cegb,breastcancer,8,8,8,0.015625,0.9692307692307692,0.8947368421052632,78
ccp,wine,1,1,1,0.0625,1.2784639573472254,0.44384615384615383,7
cegb,breastcancer,128,32,8,0.015625,0.9978021978021978,0.956140350877193,258
cegb,breastcancer,128,20,4,0.0625,0.9736263736263736,0.9122807017543859,92
cegb,breastcancer,4,4,4,0.0078125,0.9384615384615385,0.8771929824561403,38
cegb,breastcancer,32,32,2,0.0078125,0.9934065934065934,0.956140350877193,206
cegb,breastcancer,512,3,8,0.5,0.9296703296703297,0.868421052631579,9
cegb,kr-vs-kp,1,1,1,0.0,0.5211267605633803,0.5265625,3
cegb,breastcancer,8,8,2,0.125,0.9604395604395605,0.9210526315789473,32
cegb,breastcancer,8,3,1,0.5,0.9296703296703297,0.868421052631579,9
ccp,kin8nm,1024,1024,1,0.0625,0.06967849062757504,0.06868760694503105,1024
ccp,california_housing,128,128,8,0.015625,0.47533899666029855,0.48317890727174845,320
cegb,breastcancer,2,2,4,0.0,0.6263736263736264,0.631578947368421,30
cegb,kr-vs-kp,1,1,2,0.5,0.5211267605633803,0.5265625,1
cegb,breastcancer,16,16,2,0.0,0.9802197802197802,0.9385964912280702,112
lgbm_base,kr-vs-kp,32,32,2,0.0,0.9440532081377152,0.928125,220
lgbm_quant,kr-vs-kp,32,32,2,0.0,0.9440532081377152,0.928125,220
cegb,breastcancer,256,256,2,0.0,1.0,0.956140350877193,1774
cegb,breastcancer,32,3,8,0.5,0.9296703296703297,0.868421052631579,9
cegb,breastcancer,2,2,8,0.25,0.6263736263736264,0.631578947368421,6
cegb,breastcancer,64,26,2,0.03125,0.9824175824175824,0.9385964912280702,138
ccp,wine,32,32,4,0.25,1.2784639573472254,0.44384615384615383,224
cegb,kr-vs-kp,1,1,4,0.125,0.9440532081377152,0.928125,13
ccp,wine,256,256,2,0.0078125,1.195718045597772,0.5392307692307692,1822
cegb,breastcancer,256,7,4,0.25,0.9428571428571428,0.9122807017543859,21
cegb,kr-vs-kp,1,1,8,0.03125,0.9612676056338029,0.965625,29
cegb,breastcancer,64,14,1,0.125,0.9516483516483516,0.9035087719298246,42
lgbm_base,kr-vs-kp,32,32,4,0.0,0.9483568075117371,0.9359375,632
lgbm_quant,kr-vs-kp,32,32,4,0.0,0.9483568075117371,0.9359375,632
cegb,breastcancer,256,20,8,0.0625,0.9736263736263736,0.9122807017543859,92
ccp,wine,512,512,4,0.03125,1.2784639573472254,0.44384615384615383,3584
cegb,breastcancer,64,37,4,0.0078125,0.9978021978021978,0.956140350877193,353
cegb,kr-vs-kp,2,2,1,0.0078125,0.5211267605633803,0.5265625,6
cegb,breastcancer,128,3,1,0.5,0.9296703296703297,0.868421052631579,9
cegb,breastcancer,16,16,8,0.0625,0.9758241758241758,0.9122807017543859,80
ccp,covtype,32,32,1,0.125,1.3856916045032899,0.5129041418896242,32
cegb,breastcancer,16,7,4,0.25,0.9428571428571428,0.9122807017543859,21
cegb,breastcancer,1024,14,1,0.125,0.9516483516483516,0.9035087719298246,42
ccp,wine,64,64,2,0.015625,1.2368394505867772,0.44384615384615383,458
ccp,wine,16,16,8,0.015625,1.2368394799904034,0.44384615384615383,122
cegb,breastcancer,32,32,1,0.015625,0.9736263736263736,0.9298245614035088,96
cegb,breastcancer,128,13,2,0.125,0.9582417582417583,0.9210526315789473,47
cegb,kr-vs-kp,2,1,4,0.5,0.5211267605633803,0.5265625,1
cegb,kr-vs-kp,4,4,1,0.03125,0.7578247261345853,0.7421875,12
cegb,kr-vs-kp,2,2,8,0.125,0.9440532081377152,0.928125,22
cegb,breastcancer,1024,20,2,0.0625,0.9758241758241758,0.9298245614035088,94
cegb,breastcancer,512,48,1,0.015625,0.978021978021978,0.9385964912280702,144
ccp,wine,64,64,4,0.015625,1.2368394505867772,0.44384615384615383,458
ccp,california_housing,1024,1024,2,0.0625,0.7603636749345709,0.750698820749206,1070
cegb,breastcancer,1024,32,4,0.015625,0.9978021978021978,0.956140350877193,258
cegb,kr-vs-kp,4,4,2,0.0078125,0.9088419405320813,0.8859375,22
ccp,kin8nm,256,256,1,0.5,0.06967849062757504,0.06868760694503105,256
cegb,breastcancer,4,4,1,0.0625,0.9076923076923077,0.8333333333333334,12
cegb,kr-vs-kp,4,1,8,0.5,0.5211267605633803,0.5265625,1
cegb,breastcancer,8,8,4,0.03125,0.9758241758241758,0.9035087719298246,54
cegb,breastcancer,4,4,2,0.015625,0.9472527472527472,0.8859649122807017,28
cegb,breastcancer,512,512,4,0.0,1.0,0.956140350877193,4710
cegb,breastcancer,128,26,4,0.03125,0.9824175824175824,0.9385964912280702,152
cegb,kr-vs-kp,1,1,1,0.5,0.5211267605633803,0.5265625,1
ccp,wine,1,1,1,0.03125,1.2784639573472254,0.44384615384615383,7
cegb,breastcancer,32,32,4,0.0,0.9978021978021978,0.956140350877193,546
cegb,breastcancer,8,8,8,0.0078125,0.9692307692307692,0.8947368421052632,78
ccp,wine,128,128,8,0.25,1.2784639573472254,0.44384615384615383,896
cegb,breastcancer,128,37,8,0.0078125,0.9956043956043956,0.956140350877193,357
cegb,breastcancer,4,4,8,0.0,0.9384615384615385,0.8771929824561403,82
ccp,covtype,8,8,8,0.25,1.3856916045032905,0.5129041418896242,8
cegb,breastcancer,512,7,8,0.25,0.9428571428571428,0.9122807017543859,21
cegb,breastcancer,8,8,2,0.0625,0.9692307692307692,0.9122807017543859,50
ccp,california_housing,1024,1024,1,0.25,1.0861953519355538,1.0709015580552312,1032
cegb,breastcancer,8,7,1,0.25,0.9428571428571428,0.9122807017543859,21
ccp,wine,64,64,1,0.0625,1.2784639573472254,0.44384615384615383,448
ccp,covtype,16,16,2,0.25,1.3856916045032899,0.5129041418896242,16
cegb,kr-vs-kp,1,1,2,0.25,0.5211267605633803,0.5265625,1
cegb,kr-vs-kp,8,6,1,0.125,0.9088419405320813,0.8859375,18
cegb,breastcancer,16,3,2,0.5,0.9296703296703297,0.868421052631579,9
cegb,breastcancer,256,3,2,0.5,0.9296703296703297,0.868421052631579,9
cegb,kr-vs-kp,8,8,4,0.0078125,0.9440532081377152,0.928125,104
cegb,kr-vs-kp,8,8,2,0.03125,0.9088419405320813,0.8859375,46
cegb,breastcancer,32,7,8,0.25,0.9428571428571428,0.9122807017543859,21
cegb,kr-vs-kp,1,1,4,0.0625,0.9440532081377152,0.928125,13
ccp,covtype,32,32,8,0.03125,1.361886360164794,0.6654131132586938,34
cegb,breastcancer,64,33,2,0.015625,0.9934065934065934,0.956140350877193,193
cegb,kr-vs-kp,16,1,1,0.5,0.5211267605633803,0.5265625,1
cegb,breastcancer,256,13,4,0.125,0.9582417582417583,0.9210526315789473,47
ccp,wine,128,128,2,0.25,1.2784639573472254,0.44384615384615383,896
cegb,breastcancer,64,22,1,0.0625,0.9604395604395605,0.9210526315789473,66
cegb,kr-vs-kp,1,1,8,0.015625,0.9655712050078247,0.9703125,41
cegb,breastcancer,256,26,8,0.03125,0.9824175824175824,0.9385964912280702,152
cegb,breastcancer,128,7,1,0.25,0.9428571428571428,0.9122807017543859,21
cegb,kr-vs-kp,2,2,2,0.0,0.9088419405320813,0.8859375,12
ccp,wine,1024,1024,2,0.5,1.2784639573472254,0.44384615384615383,7168
cegb,breastcancer,64,64,8,0.0,1.0,0.9473684210526315,2218
cegb,breastcancer,1024,22,1,0.0625,0.9604395604395605,0.9210526315789473,66
cegb,breastcancer,16,16,8,0.03125,0.9824175824175824,0.9298245614035088,104
cegb,breastcancer,16,13,4,0.125,0.9582417582417583,0.9210526315789473,47
ccp,wine,128,128,4,0.25,1.2784639573472254,0.44384615384615383,896
cegb,kr-vs-kp,16,3,2,0.125,0.9088419405320813,0.8859375,17
lgbm_base,kr-vs-kp,64,64,2,0.0,0.9440532081377152,0.928125,444
lgbm_quant,kr-vs-kp,64,64,2,0.0,0.9440532081377152,0.928125,444
ccp,wine,32,32,8,0.25,1.2784639573472254,0.44384615384615383,224
ccp,kin8nm,256,256,4,0.015625,0.06658370978511267,0.06572723658169505,258
cegb,breastcancer,128,20,2,0.0625,0.9758241758241758,0.9298245614035088,94
cegb,breastcancer,32,32,1,0.0078125,0.9736263736263736,0.9298245614035088,96
cegb,kr-vs-kp,4,4,1,0.015625,0.7578247261345853,0.7421875,12
cegb,kr-vs-kp,2,1,4,0.25,0.5211267605633803,0.5265625,1
cegb,kr-vs-kp,2,2,8,0.0625,0.9440532081377152,0.928125,22
cegb,breastcancer,1024,26,2,0.03125,0.9824175824175824,0.9385964912280702,138
cegb,breastcancer,1024,37,4,0.0078125,0.9978021978021978,0.956140350877193,353
cegb,kr-vs-kp,4,4,4,0.0,0.9440532081377152,0.928125,66
cegb,breastcancer,512,68,1,0.0078125,0.9868131868131869,0.956140350877193,204
cegb,kr-vs-kp,4,1,8,0.25,0.5211267605633803,0.5265625,1
ccp,wine,256,256,1,0.0078125,1.2049541221266842,0.5146153846153846,1816
ccp,california_housing,256,256,8,0.25,1.0861953519355538,1.0709015580552312,264
cegb,breastcancer,8,8,4,0.015625,0.9692307692307692,0.8947368421052632,78
cegb,breastcancer,512,3,4,0.5,0.9296703296703297,0.868421052631579,9
ccp,wine,64,64,8,0.015625,1.2368394505867772,0.44384615384615383,458
cegb,breastcancer,32,3,4,0.5,0.9296703296703297,0.868421052631579,9
cegb,kr-vs-kp,1,1,1,0.25,0.5211267605633803,0.5265625,1
cegb,breastcancer,128,32,4,0.015625,0.9978021978021978,0.956140350877193,258
cegb,breastcancer,16,16,1,0.0,0.9516483516483516,0.9210526315789473,48
ccp,wine,1,1,1,0.015625,1.2672461641798556,0.44384615384615383,9
ccp,covtype,4,4,8,0.015625,1.2659936399228486,0.7306782096847758,18
cegb,breastcancer,256,256,1,0.0,0.9978021978021978,0.9649122807017544,768
cegb,kr-vs-kp,16,16,8,0.0078125,0.9773082942097027,0.971875,504
cegb,kr-vs-kp,16,13,4,0.03125,0.9440532081377152,0.928125,137
cegb,kr-vs-kp,32,14,8,0.03125,0.9632237871674492,0.965625,284
ccp,wine,512,512,1,0.125,1.2784639573472254,0.44384615384615383,3584
ccp,california_housing,512,512,2,0.25,1.0861953519355538,1.0709015580552312,520
cegb,kr-vs-kp,8,8,1,0.0625,0.9088419405320813,0.8859375,24
cegb,kr-vs-kp,32,3,4,0.125,0.9440532081377152,0.928125,31
cegb,kr-vs-kp,32,1,2,0.5,0.5211267605633803,0.5265625,1
cegb,breastcancer,16,7,2,0.25,0.9428571428571428,0.9122807017543859,21
cegb,kr-vs-kp,1,1,2,0.125,0.7805164319248826,0.765625,7
cegb,breastcancer,256,7,2,0.25,0.9428571428571428,0.9122807017543859,21
ccp,kin8nm,256,256,1,0.25,0.06967849062757504,0.06868760694503105,256
cegb,kr-vs-kp,8,8,2,0.015625,0.9088419405320813,0.8859375,46
cegb,breastcancer,64,41,2,0.0078125,0.9956043956043956,0.956140350877193,259
cegb,breastcancer,32,13,8,0.125,0.9582417582417583,0.9210526315789473,47
cegb,kr-vs-kp,1,1,4,0.03125,0.9440532081377152,0.928125,13
cegb,kr-vs-kp,8,8,8,0.0,0.9710485133020345,0.9703125,452
ccp,wine,64,64,2,0.0078125,1.1957180456751144,0.5392307692307692,478
cegb,breastcancer,256,20,4,0.0625,0.9736263736263736,0.9122807017543859,92
cegb,kr-vs-kp,16,1,1,0.25,0.5211267605633803,0.5265625,1
ccp,kin8nm,1024,1024,2,0.015625,0.06658370978511267,0.06572723658169505,1026
cegb,breastcancer,64,34,1,0.03125,0.9736263736263736,0.9298245614035088,102
cegb,kr-vs-kp,1,1,8,0.0078125,0.9655712050078247,0.9703125,41
ccp,kin8nm,1024,1024,1,0.03125,0.06967849062757504,0.06868760694503105,1024
ccp,wine,512,512,2,0.0625,1.2784639573472254,0.44384615384615383,3584
ccp,wine,64,64,1,0.03125,1.2784639573472254,0.44384615384615383,448
cegb,breastcancer,64,3,8,0.5,0.9296703296703297,0.868421052631579,9
cegb,breastcancer,256,32,8,0.015625,0.9978021978021978,0.956140350877193,258
cegb,kr-vs-kp,2,1,2,0.5,0.5211267605633803,0.5265625,1
cegb,breastcancer,128,14,1,0.125,0.9516483516483516,0.9035087719298246,42
cegb,breastcancer,16,16,4,0.0625,0.9758241758241758,0.9122807017543859,80
cegb,breastcancer,1024,34,1,0.03125,0.9736263736263736,0.9298245614035088,102
cegb,breastcancer,16,16,8,0.015625,0.9824175824175824,0.9385964912280702,136
cegb,kr-vs-kp,16,10,2,0.0625,0.9088419405320813,0.8859375,58
ccp,covtype,32,32,2,0.03125,1.361886360164794,0.6654131132586938,34
cegb,kr-vs-kp,64,64,1,0.0078125,0.9440532081377152,0.928125,192
cegb,breastcancer,32,32,2,0.0,0.9934065934065934,0.956140350877193,224
cegb,breastcancer,128,26,2,0.03125,0.9824175824175824,0.9385964912280702,138
ccp,california_housing,1024,1024,8,0.03125,0.6262472499309512,0.6244177930587176,1114
cegb,kr-vs-kp,4,4,1,0.0078125,0.7578247261345853,0.7421875,12
cegb,kr-vs-kp,2,2,4,0.125,0.9440532081377152,0.928125,22
cegb,kr-vs-kp,2,2,8,0.03125,0.9612676056338029,0.965625,50
cegb,breastcancer,1024,33,2,0.015625,0.9934065934065934,0.956140350877193,193
cegb,kr-vs-kp,4,1,4,0.5,0.5211267605633803,0.5265625,1
cegb,breastcancer,512,512,2,0.0,1.0,0.9473684210526315,3302
cegb,breastcancer,1024,1024,8,0.0,1.0,0.956140350877193,8336
ccp,covtype,8,8,4,0.03125,1.3618863605119649,0.6654131132586938,10
ccp,kin8nm,512,512,4,0.25,0.06967849062757504,0.06868760694503105,512
cegb,kr-vs-kp,4,3,8,0.125,0.9440532081377152,0.928125,31
cegb,breastcancer,512,7,4,0.25,0.9428571428571428,0.9122807017543859,21
cegb,kr-vs-kp,64,1,4,0.5,0.5211267605633803,0.5265625,1
cegb,breastcancer,32,7,4,0.25,0.9428571428571428,0.9122807017543859,21
cegb,kr-vs-kp,1,1,1,0.125,0.5211267605633803,0.5265625,3
cegb,kr-vs-kp,64,3,8,0.125,0.9440532081377152,0.928125,31
cegb,breastcancer,128,37,4,0.0078125,0.9978021978021978,0.956140350877193,353
ccp,wine,64,64,4,0.0078125,1.1957180456751144,0.5392307692307692,478
ccp,kin8nm,512,512,8,0.03125,0.06967849062757504,0.06868760694503105,512
cegb,breastcancer,256,3,1,0.5,0.9296703296703297,0.868421052631579,9
ccp,wine,1,1,1,0.0078125,1.2594823116239409,0.44384615384615383,11
cegb,kr-vs-kp,32,20,8,0.015625,0.9730046948356808,0.971875,528
cegb,kr-vs-kp,16,16,4,0.015625,0.9440532081377152,0.928125,180
cegb,kr-vs-kp,32,32,1,0.0,0.9088419405320813,0.8859375,96
cegb,kr-vs-kp,128,48,1,0.03125,0.9440532081377152,0.928125,144
cegb,kr-vs-kp,128,54,2,0.0078125,0.9440532081377152,0.928125,338
cegb,kr-vs-kp,8,8,1,0.03125,0.9088419405320813,0.8859375,24
cegb,kr-vs-kp,1,1,2,0.0625,0.7805164319248826,0.765625,7
cegb,kr-vs-kp,32,8,4,0.0625,0.9440532081377152,0.928125,84
cegb,breastcancer,256,13,2,0.125,0.9582417582417583,0.9210526315789473,47
cegb,kr-vs-kp,32,1,2,0.25,0.5211267605633803,0.5265625,1
ccp,california_housing,256,256,4,0.03125,0.6262472499309512,0.6244177930587176,346
cegb,kr-vs-kp,8,8,2,0.0078125,0.9088419405320813,0.8859375,46
cegb,breastcancer,64,64,4,0.0,1.0,0.9473684210526315,1180
cegb,kr-vs-kp,1,1,4,0.015625,0.9440532081377152,0.928125,15
cegb,kr-vs-kp,8,1,8,0.5,0.5211267605633803,0.5265625,1
cegb,breastcancer,32,20,8,0.0625,0.9736263736263736,0.9122807017543859,92
cegb,breastcancer,256,26,4,0.03125,0.9824175824175824,0.9385964912280702,152
cegb,kr-vs-kp,16,6,1,0.125,0.9088419405320813,0.8859375,18
cegb,breastcancer,64,48,1,0.015625,0.978021978021978,0.9385964912280702,144
cegb,kr-vs-kp,2,2,1,0.0,0.5211267605633803,0.5265625,6
ccp,kin8nm,256,256,8,0.0625,0.06967849062757504,0.06868760694503105,256
cegb,kr-vs-kp,128,1,8,0.5,0.5211267605633803,0.5265625,1
ccp,covtype,16,16,4,0.5,1.3856916045032899,0.5129041418896242,16
cegb,breastcancer,256,37,8,0.0078125,0.9956043956043956,0.956140350877193,357
cegb,kr-vs-kp,2,1,2,0.25,0.5211267605633803,0.5265625,1
cegb,breastcancer,64,7,8,0.25,0.9428571428571428,0.9122807017543859,21
cegb,breastcancer,128,22,1,0.0625,0.9604395604395605,0.9210526315789473,66
cegb,breastcancer,1024,48,1,0.015625,0.978021978021978,0.9385964912280702,144
cegb,kr-vs-kp,256,6,1,0.125,0.9088419405320813,0.8859375,18
ccp,wine,128,128,2,0.125,1.2784639573472254,0.44384615384615383,896
cegb,kr-vs-kp,256,21,2,0.03125,0.9440532081377152,0.928125,125
cegb,kr-vs-kp,16,16,2,0.03125,0.9088419405320813,0.8859375,92
cegb,kr-vs-kp,64,64,2,0.0,0.9440532081377152,0.928125,444
cegb,breastcancer,128,33,2,0.015625,0.9934065934065934,0.956140350877193,193
cegb,kr-vs-kp,256,26,4,0.0078125,0.9440532081377152,0.928125,308
ccp,covtype,128,128,1,0.0078125,1.2193616144660495,0.7301618718965948,156
cegb,kr-vs-kp,4,4,2,0.0,0.9088419405320813,0.8859375,24
cegb,kr-vs-kp,2,2,4,0.0625,0.9440532081377152,0.928125,22
cegb,kr-vs-kp,2,2,8,0.015625,0.9683098591549296,0.9671875,62
cegb,breastcancer,512,3,2,0.5,0.9296703296703297,0.868421052631579,9
cegb,breastcancer,1024,41,2,0.0078125,0.9956043956043956,0.956140350877193,259
cegb,kr-vs-kp,4,1,4,0.25,0.5211267605633803,0.5265625,1
ccp,wine,32,32,8,0.125,1.2784639573472254,0.44384615384615383,224
ccp,wine,64,64,1,0.015625,1.2368394505867772,0.44384615384615383,458
cegb,kr-vs-kp,512,1,1,0.5,0.5211267605633803,0.5265625,1
cegb,kr-vs-kp,4,4,8,0.0625,0.9440532081377152,0.928125,40
cegb,breastcancer,512,13,4,0.125,0.9582417582417583,0.9210526315789473,47
cegb,kr-vs-kp,64,1,4,0.25,0.5211267605633803,0.5265625,1
cegb,kr-vs-kp,1,1,1,0.0625,0.5211267605633803,0.5265625,3
cegb,kr-vs-kp,512,3,2,0.125,0.9088419405320813,0.8859375,17
cegb,kr-vs-kp,64,8,8,0.0625,0.9440532081377152,0.928125,96
cegb,breastcancer,256,7,1,0.25,0.9428571428571428,0.9122807017543859,21
ccp,wine,1,1,2,0.0,1.2326472624022256,0.44384615384615383,49
cegb,breastcancer,128,128,8,0.0,1.0,0.956140350877193,4766
cegb,kr-vs-kp,32,26,8,0.0078125,0.9780907668231612,0.9765625,796
cegb,kr-vs-kp,16,16,4,0.0078125,0.9440532081377152,0.928125,192
cegb,kr-vs-kp,1,1,2,0.03125,0.7805164319248826,0.765625,7
cegb,kr-vs-kp,32,1,1,0.5,0.5211267605633803,0.5265625,1
cegb,kr-vs-kp,128,88,1,0.015625,0.9417057902973396,0.925,264
cegb,kr-vs-kp,128,128,4,0.0,0.9874804381846636,0.9828125,2854
cegb,kr-vs-kp,32,13,4,0.03125,0.9440532081377152,0.928125,137
cegb,kr-vs-kp,32,3,2,0.125,0.9088419405320813,0.8859375,17
cegb,kr-vs-kp,8,8,1,0.015625,0.9088419405320813,0.8859375,24
cegb,breastcancer,256,20,2,0.0625,0.9758241758241758,0.9298245614035088,94
cegb,kr-vs-kp,1,1,4,0.0078125,0.9440532081377152,0.928125,15
cegb,kr-vs-kp,8,8,4,0.0,0.9440532081377152,0.928125,138
cegb,kr-vs-kp,8,1,8,0.25,0.5211267605633803,0.5265625,1
cegb,kr-vs-kp,512,13,4,0.03125,0.9440532081377152,0.928125,137
cegb,kr-vs-kp,512,3,8,0.125,0.9440532081377152,0.928125,31
cegb,kr-vs-kp,2,1,1,0.5,0.5211267605633803,0.5265625,1
cegb,breastcancer,256,32,4,0.015625,0.9978021978021978,0.956140350877193,258
cegb,kr-vs-kp,512,26,8,0.0078125,0.9780907668231612,0.9765625,796
cegb,kr-vs-kp,16,16,1,0.0625,0.9088419405320813,0.8859375,48
cegb,kr-vs-kp,128,1,8,0.25,0.5211267605633803,0.5265625,1
cegb,kr-vs-kp,2,2,2,0.125,0.9088419405320813,0.8859375,12
cegb,kr-vs-kp,1024,1,2,0.5,0.5211267605633803,0.5265625,1
cegb,breastcancer,512,512,1,0.0,1.0,0.9736842105263158,1536
ccp,california_housing,128,128,8,0.0078125,0.38770546005965517,0.40134219007084176,504
cegb,kr-vs-kp,256,22,1,0.0625,0.9088419405320813,0.8859375,66
cegb,breastcancer,1024,68,1,0.0078125,0.9868131868131869,0.956140350877193,204
cegb,kr-vs-kp,16,16,2,0.015625,0.9088419405320813,0.8859375,92
ccp,wine,64,64,4,0.0,0.6766603957379742,0.6069230769230769,12868
cegb,kr-vs-kp,64,1,2,0.5,0.5211267605633803,0.5265625,1
cegb,kr-vs-kp,256,33,2,0.015625,0.9440532081377152,0.928125,203
cegb,kr-vs-kp,2,2,4,0.03125,0.9440532081377152,0.928125,22
cegb,kr-vs-kp,2,2,8,0.0078125,0.9690923317683882,0.9671875,76
cegb,kr-vs-kp,1024,3,4,0.125,0.9440532081377152,0.928125,31
cegb,kr-vs-kp,4,1,2,0.5,0.5211267605633803,0.5265625,1
ccp,kin8nm,1024,1024,1,0.015625,0.06658370978511267,0.06572723658169505,1026
cegb,kr-vs-kp,256,256,8,0.0,0.9960876369327074,0.9796875,15530
ccp,california_housing,512,512,8,0.0625,0.7728436808293365,0.7593966100935937,556
cegb,breastcancer,512,7,2,0.25,0.9428571428571428,0.9122807017543859,21
ccp,covtype,32,32,1,0.0625,1.3856916045032899,0.5129041418896242,32
cegb,kr-vs-kp,4,3,4,0.125,0.9440532081377152,0.928125,31
ccp,california_housing,1024,1024,1,0.125,0.9167060803846704,0.9038055392175586,1042
cegb,breastcancer,1024,1024,4,0.0,1.0,0.956140350877193,6246
cegb,kr-vs-kp,1024,1,8,0.5,0.5211267605633803,0.5265625,1
cegb,kr-vs-kp,4,4,8,0.03125,0.9632237871674492,0.965625,96
cegb,kr-vs-kp,512,1,1,0.25,0.5211267605633803,0.5265625,1
cegb,breastcancer,512,20,4,0.0625,0.9736263736263736,0.9122807017543859,92
ccp,kin8nm,512,512,8,0.5,0.06967849062757504,0.06868760694503105,512
cegb,kr-vs-kp,1,1,1,0.03125,0.5211267605633803,0.5265625,3
cegb,kr-vs-kp,1024,3,8,0.125,0.9440532081377152,0.928125,31
cegb,kr-vs-kp,64,3,4,0.125,0.9440532081377152,0.928125,31
cegb,kr-vs-kp,512,10,2,0.0625,0.9088419405320813,0.8859375,58
cegb,kr-vs-kp,64,64,1,0.0,0.9440532081377152,0.928125,192
cegb,kr-vs-kp,64,14,8,0.03125,0.9632237871674492,0.965625,284
cegb,kr-vs-kp,1024,26,8,0.0078125,0.9780907668231612,0.9765625,796
cegb,kr-vs-kp,1024,14,8,0.03125,0.9632237871674492,0.965625,284
cegb,kr-vs-kp,16,16,8,0.0,0.9769170579029735,0.971875,940
cegb,kr-vs-kp,1,1,2,0.015625,0.7805164319248826,0.765625,7
ccp,wine,128,128,4,0.125,1.2784639573472254,0.44384615384615383,896
cegb,kr-vs-kp,128,1,4,0.5,0.5211267605633803,0.5265625,1
cegb,kr-vs-kp,32,1,1,0.25,0.5211267605633803,0.5265625,1
cegb,kr-vs-kp,32,10,2,0.0625,0.9088419405320813,0.8859375,58
cegb,kr-vs-kp,128,128,1,0.0078125,0.9432707355242567,0.928125,384
cegb,kr-vs-kp,32,19,4,0.015625,0.9440532081377152,0.928125,211
cegb,kr-vs-kp,8,8,1,0.0078125,0.9088419405320813,0.8859375,24
cegb,kr-vs-kp,1,1,8,0.0,0.9581377151799687,0.9625,49
cegb,kr-vs-kp,512,19,4,0.015625,0.9440532081377152,0.928125,211
cegb,kr-vs-kp,8,3,8,0.125,0.9440532081377152,0.928125,31
cegb,kr-vs-kp,8,1,4,0.5,0.5211267605633803,0.5265625,1
cegb,kr-vs-kp,2,1,1,0.25,0.5211267605633803,0.5265625,1
cegb,kr-vs-kp,16,16,1,0.03125,0.9088419405320813,0.8859375,48
cegb,kr-vs-kp,512,8,8,0.0625,0.9440532081377152,0.928125,96
cegb,kr-vs-kp,1024,1024,1,0.0,0.9581377151799687,0.9515625,3072
cegb,kr-vs-kp,128,3,8,0.125,0.9440532081377152,0.928125,31
ccp,california_housing,512,512,4,0.5,1.3361286263161214,1.3136235330402446,512
cegb,kr-vs-kp,2,2,2,0.0625,0.9088419405320813,0.8859375,12
ccp,covtype,32,32,4,0.03125,1.361886360164794,0.6654131132586938,34
cegb,kr-vs-kp,1024,1,2,0.25,0.5211267605633803,0.5265625,1
cegb,kr-vs-kp,256,48,1,0.03125,0.9440532081377152,0.928125,144
cegb,breastcancer,1024,1024,2,0.0,1.0,0.9473684210526315,4840
cegb,kr-vs-kp,16,16,2,0.0078125,0.9088419405320813,0.8859375,92
cegb,kr-vs-kp,64,1,2,0.25,0.5211267605633803,0.5265625,1
cegb,kr-vs-kp,256,54,2,0.0078125,0.9440532081377152,0.928125,338
ccp,wine,64,64,8,0.0078125,1.1957180456751144,0.5392307692307692,478
ccp,wine,256,256,2,0.0,4.793399107433901e+34,0.5838461538461538,12438
cegb,kr-vs-kp,4,4,1,0.0,0.7578247261345853,0.7421875,12
cegb,kr-vs-kp,4,1,2,0.25,0.5211267605633803,0.5265625,1
cegb,kr-vs-kp,2,2,4,0.015625,0.9440532081377152,0.928125,24
ccp,california_housing,1024,1024,8,0.125,0.9047771572257919,0.8899500342042942,1044
cegb,kr-vs-kp,1024,8,4,0.0625,0.9440532081377152,0.928125,84
cegb,kr-vs-kp,256,1,8,0.5,0.5211267605633803,0.5265625,1
lgbm_base,breastcancer,4,4,1,0.0,0.9076923076923077,0.8333333333333334,12
cegb,kr-vs-kp,4,4,4,0.0625,0.9440532081377152,0.928125,40
lgbm_quant,breastcancer,4,4,1,0.0,0.9076923076923077,0.8333333333333334,12
cegb,breastcancer,1024,3,4,0.5,0.9296703296703297,0.868421052631579,9
cegb,kr-vs-kp,4,4,8,0.015625,0.9632237871674492,0.965625,114
cegb,kr-vs-kp,1024,1,8,0.25,0.5211267605633803,0.5265625,1
cegb,covtype,1,1,2,0.5,0.5122749344354348,0.5129041418896242,1
cegb,kr-vs-kp,512,6,1,0.125,0.9088419405320813,0.8859375,18
ccp,kin8nm,1024,1024,2,0.0078125,0.06023306448398937,0.059644785344419166,1032
ccp,kin8nm,1024,1024,4,0.015625,0.06658370978511267,0.06572723658169505,1026
ccp,wine,256,256,4,0.0,0.3349870609361112,0.6376923076923077,46896
cegb,kr-vs-kp,1,1,1,0.015625,0.5211267605633803,0.5265625,3
ccp,wine,128,128,2,0.0625,1.2784639573472254,0.44384615384615383,896
cegb,kr-vs-kp,64,8,4,0.0625,0.9440532081377152,0.928125,84
ccp,wine,32,32,8,0.0625,1.2784639573472254,0.44384615384615383,224
cegb,kr-vs-kp,1024,8,8,0.0625,0.9440532081377152,0.928125,96
cegb,covtype,1,1,4,0.125,0.7294157385076451,0.7291636188394448,5
cegb,kr-vs-kp,64,1,1,0.5,0.5211267605633803,0.5265625,1
ccp,california_housing,512,512,8,0.0,0.009624983227941102,0.2097584128107449,142542
cegb,kr-vs-kp,512,21,2,0.03125,0.9440532081377152,0.928125,125
cegb,kr-vs-kp,64,20,8,0.015625,0.9730046948356808,0.971875,528
cegb,kr-vs-kp,16,1,8,0.5,0.5211267605633803,0.5265625,1
cegb,kr-vs-kp,1024,20,8,0.015625,0.9730046948356808,0.971875,528
cegb,covtype,1,1,8,0.03125,0.7610911148450223,0.7603848437647909,61
cegb,kr-vs-kp,1,1,2,0.0078125,0.7805164319248826,0.765625,7
cegb,kr-vs-kp,32,6,1,0.125,0.9088419405320813,0.8859375,18
cegb,kr-vs-kp,128,128,2,0.0,0.9514866979655712,0.9421875,892
cegb,kr-vs-kp,8,8,2,0.0,0.9088419405320813,0.8859375,52
cegb,kr-vs-kp,128,1,4,0.25,0.5211267605633803,0.5265625,1
cegb,kr-vs-kp,32,26,4,0.0078125,0.9440532081377152,0.928125,308
cegb,kr-vs-kp,32,21,2,0.03125,0.9440532081377152,0.928125,125
cegb,kr-vs-kp,1,1,8,0.5,0.5211267605633803,0.5265625,1
cegb,kr-vs-kp,512,26,4,0.0078125,0.9440532081377152,0.928125,308
ccp,california_housing,256,256,1,0.0,0.37964899240462285,0.39217143785794395,768
ccp,wine,512,512,1,0.0625,1.2784639573472254,0.44384615384615383,3584
cegb,kr-vs-kp,2,2,1,0.125,0.5211267605633803,0.5265625,6
cegb,kr-vs-kp,8,1,4,0.25,0.5211267605633803,0.5265625,1
cegb,kr-vs-kp,16,16,1,0.015625,0.9088419405320813,0.8859375,48
cegb,kr-vs-kp,8,8,8,0.0625,0.9440532081377152,0.928125,96
cegb,kr-vs-kp,512,14,8,0.03125,0.9632237871674492,0.965625,284
cegb,covtype,2,2,1,0.0078125,0.6676290691445304,0.6660241129747081,6
cegb,kr-vs-kp,1024,1,1,0.5,0.5211267605633803,0.5265625,1
ccp,covtype,16,16,8,0.0,0.8540198300747518,0.8285328261748837,7422
ccp,california_housing,1024,1024,8,0.0078125,0.38770546005965517,0.40134219007084176,1400
cegb,covtype,2,1,4,0.5,0.5122749344354348,0.5129041418896242,1
cegb,kr-vs-kp,128,8,8,0.0625,0.9440532081377152,0.928125,96
ccp,kin8nm,512,512,4,0.125,0.06967849062757504,0.06868760694503105,512
cegb,kr-vs-kp,1024,3,2,0.125,0.9088419405320813,0.8859375,17
cegb,kr-vs-kp,2,2,2,0.03125,0.9088419405320813,0.8859375,12
cegb,kr-vs-kp,16,16,4,0.0,0.9440532081377152,0.928125,284
cegb,kr-vs-kp,256,88,1,0.015625,0.9417057902973396,0.925,264
cegb,kr-vs-kp,64,3,2,0.125,0.9088419405320813,0.8859375,17
cegb,kr-vs-kp,4,1,1,0.5,0.5211267605633803,0.5265625,1
cegb,kr-vs-kp,4,3,2,0.125,0.9088419405320813,0.8859375,17
cegb,kr-vs-kp,256,256,4,0.0,0.9921752738654147,0.9828125,5682
cegb,kr-vs-kp,2,2,4,0.0078125,0.9440532081377152,0.928125,30
cegb,covtype,2,1,8,0.125,0.7294157385076451,0.7291636188394448,5
cegb,kr-vs-kp,1024,13,4,0.03125,0.9440532081377152,0.928125,137
cegb,kr-vs-kp,256,1,8,0.25,0.5211267605633803,0.5265625,1
lgbm_base,kr-vs-kp,128,128,4,0.0,0.9874804381846636,0.978125,2870
lgbm_quant,kr-vs-kp,128,128,4,0.0,0.9874804381846636,0.978125,2870
cegb,kr-vs-kp,4,4,4,0.03125,0.9440532081377152,0.928125,40
ccp,california_housing,256,256,4,0.015625,0.49542598275719996,0.5019753867633459,436
cegb,covtype,1,1,1,0.0,0.6676290691445304,0.6660241129747081,3
cegb,breastcancer,1024,7,4,0.25,0.9428571428571428,0.9122807017543859,21
cegb,kr-vs-kp,512,22,1,0.0625,0.9088419405320813,0.8859375,66
ccp,wine,128,128,8,0.125,1.2784639573472254,0.44384615384615383,896
cegb,kr-vs-kp,4,4,8,0.0078125,0.965962441314554,0.965625,130
cegb,kr-vs-kp,1,1,1,0.0078125,0.5211267605633803,0.5265625,3
cegb,kr-vs-kp,64,13,4,0.03125,0.9440532081377152,0.928125,137
ccp,kin8nm,1024,1024,1,0.0078125,0.06023306448398937,0.059644785344419166,1032
cegb,kr-vs-kp,64,1,1,0.25,0.5211267605633803,0.5265625,1
cegb,kr-vs-kp,512,33,2,0.015625,0.9440532081377152,0.928125,203
cegb,kr-vs-kp,64,26,8,0.0078125,0.9780907668231612,0.9765625,796
cegb,kr-vs-kp,1,1,4,0.0,0.9440532081377152,0.928125,17
cegb,kr-vs-kp,16,1,8,0.25,0.5211267605633803,0.5265625,1
ccp,california_housing,1024,1024,2,0.03125,0.6303619270110465,0.6302220100625615,1108
cegb,kr-vs-kp,32,22,1,0.0625,0.9088419405320813,0.8859375,66
cegb,kr-vs-kp,8,1,2,0.5,0.5211267605633803,0.5265625,1
cegb,kr-vs-kp,128,3,4,0.125,0.9440532081377152,0.928125,31
cegb,kr-vs-kp,128,1,2,0.5,0.5211267605633803,0.5265625,1
cegb,kr-vs-kp,32,32,8,0.0,0.9812206572769953,0.978125,1908
cegb,kr-vs-kp,32,32,2,0.015625,0.9440532081377152,0.928125,196
cegb,kr-vs-kp,1,1,8,0.25,0.5211267605633803,0.5265625,1
ccp,covtype,8,8,4,0.015625,1.2659936026437169,0.7306782096847758,22
cegb,kr-vs-kp,8,3,4,0.125,0.9440532081377152,0.928125,31
cegb,kr-vs-kp,2,2,1,0.0625,0.5211267605633803,0.5265625,6
ccp,wine,64,64,8,0.0,0.13088106512191877,0.66,128942
cegb,kr-vs-kp,512,20,8,0.015625,0.9730046948356808,0.971875,528
cegb,kr-vs-kp,8,8,8,0.03125,0.9612676056338029,0.965625,156
cegb,kr-vs-kp,16,16,1,0.0078125,0.9088419405320813,0.8859375,48
ccp,wine,256,256,8,0.0,0.002123796613616895,0.6638461538461539,423476
cegb,kr-vs-kp,512,512,8,0.0,0.9960876369327074,0.98125,30922
cegb,covtype,4,4,1,0.03125,0.6676290691445304,0.6660241129747081,12
ccp,kin8nm,1,1,1,0.0,0.06658370978511267,0.06572723658169505,3
cegb,kr-vs-kp,1024,1,1,0.25,0.5211267605633803,0.5265625,1
ccp,wine,128,128,1,0.0,1.0800244747070737,0.5538461538461539,2688
cegb,kr-vs-kp,128,14,8,0.03125,0.9632237871674492,0.965625,284
lgbm_base,kr-vs-kp,128,128,2,0.0,0.9514866979655712,0.9421875,892
cegb,kr-vs-kp,2,2,2,0.015625,0.9088419405320813,0.8859375,12
lgbm_quant,kr-vs-kp,128,128,2,0.0,0.9514866979655712,0.9421875,892
cegb,kr-vs-kp,1024,10,2,0.0625,0.9088419405320813,0.8859375,58
ccp,kin8nm,256,256,8,0.03125,0.06967849062757504,0.06868760694503105,256
cegb,kr-vs-kp,16,1,4,0.5,0.5211267605633803,0.5265625,1
cegb,kr-vs-kp,4,1,1,0.25,0.5211267605633803,0.5265625,1
ccp,covtype,4,4,8,0.0078125,1.2547978477986579,0.7312203643623658,20
cegb,kr-vs-kp,64,10,2,0.0625,0.9088419405320813,0.8859375,58
cegb,kr-vs-kp,256,144,1,0.0078125,0.9417057902973396,0.925,432
cegb,covtype,1,1,2,0.25,0.5122749344354348,0.5129041418896242,1
ccp,california_housing,1024,1024,8,0.5,1.3361286263161214,1.3136235330402446,1024
cegb,kr-vs-kp,2,2,8,0.0,0.9628325508607198,0.965625,96
cegb,covtype,4,1,8,0.5,0.5122749344354348,0.5129041418896242,1
cegb,kr-vs-kp,4,4,2,0.0625,0.9088419405320813,0.8859375,22
cegb,covtype,4,4,2,0.0078125,0.7294157385076451,0.7291636188394448,28
cegb,kr-vs-kp,1024,19,4,0.015625,0.9440532081377152,0.928125,211
cegb,kr-vs-kp,256,1,4,0.5,0.5211267605633803,0.5265625,1
cegb,kr-vs-kp,256,3,8,0.125,0.9440532081377152,0.928125,31
cegb,covtype,8,1,1,0.125,0.6676290691445304,0.6660241129747081,3
cegb,kr-vs-kp,4,4,4,0.015625,0.9440532081377152,0.928125,44
cegb,covtype,1,1,4,0.0625,0.7294157385076451,0.7291636188394448,5
cegb,kr-vs-kp,8,8,1,0.0,0.9088419405320813,0.8859375,24
cegb,kr-vs-kp,512,48,1,0.03125,0.9440532081377152,0.928125,144
cegb,covtype,8,8,2,0.03125,0.73104436445938,0.731332237549805,44
ccp,california_housing,256,256,1,0.5,1.3361286263161214,1.3136235330402446,256
cegb,covtype,1,1,8,0.015625,0.7602326977317565,0.7587239572128086,61
cegb,covtype,8,8,4,0.0078125,0.7516141038577135,0.7511682142457595,232
cegb,kr-vs-kp,64,19,4,0.015625,0.9440532081377152,0.928125,211
cegb,kr-vs-kp,1,1,2,0.0,0.7805164319248826,0.765625,7
cegb,kr-vs-kp,128,128,1,0.0,0.9432707355242567,0.928125,384
cegb,kr-vs-kp,64,6,1,0.125,0.9088419405320813,0.8859375,18
cegb,kr-vs-kp,512,54,2,0.0078125,0.9440532081377152,0.928125,338
cegb,kr-vs-kp,1,1,4,0.5,0.5211267605633803,0.5265625,1
cegb,kr-vs-kp,16,3,8,0.125,0.9440532081377152,0.928125,31
cegb,kr-vs-kp,32,32,1,0.03125,0.9088419405320813,0.8859375,96
cegb,kr-vs-kp,128,8,4,0.0625,0.9440532081377152,0.928125,84
cegb,covtype,2,2,2,0.0,0.7294157385076451,0.7291636188394448,14
cegb,kr-vs-kp,128,1,2,0.25,0.5211267605633803,0.5265625,1
cegb,kr-vs-kp,8,1,2,0.25,0.5211267605633803,0.5265625,1
cegb,kr-vs-kp,32,1,8,0.5,0.5211267605633803,0.5265625,1
cegb,kr-vs-kp,1,1,8,0.125,0.9440532081377152,0.928125,13
cegb,kr-vs-kp,8,8,4,0.0625,0.9440532081377152,0.928125,84
cegb,kr-vs-kp,32,32,2,0.0078125,0.9440532081377152,0.928125,196
cegb,covtype,2,1,4,0.25,0.5122749344354348,0.5129041418896242,1
lgbm_base,kr-vs-kp,128,128,1,0.0,0.9432707355242567,0.928125,384
cegb,kr-vs-kp,2,2,1,0.03125,0.5211267605633803,0.5265625,6
lgbm_quant,kr-vs-kp,128,128,1,0.0,0.9432707355242567,0.928125,384
cegb,kr-vs-kp,8,8,8,0.015625,0.9632237871674492,0.965625,222
cegb,kr-vs-kp,16,16,2,0.0,0.9088419405320813,0.8859375,108
ccp,wine,128,128,2,0.03125,1.2784639573472254,0.44384615384615383,896
cegb,kr-vs-kp,512,1,8,0.5,0.5211267605633803,0.5265625,1
ccp,kin8nm,1,1,1,0.5,0.06967849062757504,0.06868760694503105,1
cegb,kr-vs-kp,1024,6,1,0.125,0.9088419405320813,0.8859375,18
ccp,wine,128,128,4,0.0625,1.2784639573472254,0.44384615384615383,896
cegb,kr-vs-kp,128,20,8,0.015625,0.9730046948356808,0.971875,528
cegb,kr-vs-kp,16,1,4,0.25,0.5211267605633803,0.5265625,1
cegb,covtype,2,2,8,0.0625,0.7294157385076451,0.7291636188394448,10
cegb,kr-vs-kp,2,2,2,0.0078125,0.9088419405320813,0.8859375,12
ccp,wine,512,512,2,0.03125,1.2784639573472254,0.44384615384615383,3584
ccp,california_housing,1024,1024,1,0.0625,0.7723216137171374,0.762825673517669,1060
cegb,kr-vs-kp,1024,21,2,0.03125,0.9440532081377152,0.928125,125
cegb,kr-vs-kp,64,21,2,0.03125,0.9440532081377152,0.928125,125
cegb,kr-vs-kp,4,4,1,0.125,0.7578247261345853,0.7421875,12
cegb,covtype,1,1,1,0.5,0.5122749344354348,0.5129041418896242,1
cegb,covtype,16,1,1,0.5,0.5122749344354348,0.5129041418896242,1
cegb,kr-vs-kp,256,256,2,0.0,0.9690923317683882,0.96875,1776
ccp,kin8nm,1024,1024,8,0.0625,0.06967849062757504,0.06868760694503105,1024
cegb,kr-vs-kp,2,1,8,0.5,0.5211267605633803,0.5265625,1
cegb,covtype,16,1,2,0.125,0.7294157385076451,0.7291636188394448,5
cegb,kr-vs-kp,4,4,2,0.03125,0.9088419405320813,0.8859375,22
cegb,kr-vs-kp,256,1,4,0.25,0.5211267605633803,0.5265625,1
ccp,kin8nm,1024,1024,8,0.015625,0.06658370978511267,0.06572723658169505,1026
cegb,kr-vs-kp,1024,26,4,0.0078125,0.9440532081377152,0.928125,308
cegb,kr-vs-kp,256,8,8,0.0625,0.9440532081377152,0.928125,96
ccp,kin8nm,1024,1024,8,0.25,0.06967849062757504,0.06868760694503105,1024
cegb,kr-vs-kp,8,1,1,0.5,0.5211267605633803,0.5265625,1
cegb,kr-vs-kp,4,4,4,0.0078125,0.9440532081377152,0.928125,56
cegb,kr-vs-kp,512,88,1,0.015625,0.9417057902973396,0.925,264
ccp,covtype,32,32,1,0.03125,1.361886360164794,0.6654131132586938,34
lgbm_base,kr-vs-kp,64,64,8,0.0,0.9894366197183099,0.9859375,3594
cegb,kr-vs-kp,64,26,4,0.0078125,0.9440532081377152,0.928125,308
lgbm_quant,kr-vs-kp,64,64,8,0.0,0.9894366197183099,0.9859375,3594
cegb,kr-vs-kp,128,1,1,0.5,0.5211267605633803,0.5265625,1
cegb,kr-vs-kp,64,22,1,0.0625,0.9088419405320813,0.8859375,66
cegb,kr-vs-kp,1,1,4,0.25,0.5211267605633803,0.5265625,1
cegb,covtype,16,8,4,0.03125,0.7364745519127212,0.7363923478739791,96
cegb,kr-vs-kp,16,8,8,0.0625,0.9440532081377152,0.928125,96
cegb,kr-vs-kp,32,32,1,0.015625,0.9088419405320813,0.8859375,96
cegb,kr-vs-kp,8,3,2,0.125,0.9088419405320813,0.8859375,17
cegb,kr-vs-kp,512,512,4,0.0,0.9960876369327074,0.9796875,11972
cegb,covtype,4,4,1,0.015625,0.6676290691445304,0.6660241129747081,12
cegb,kr-vs-kp,128,3,2,0.125,0.9088419405320813,0.8859375,17
cegb,kr-vs-kp,32,1,8,0.25,0.5211267605633803,0.5265625,1
cegb,kr-vs-kp,128,13,4,0.03125,0.9440532081377152,0.928125,137
cegb,kr-vs-kp,32,32,4,0.0,0.9483568075117371,0.9390625,610
cegb,kr-vs-kp,1,1,8,0.0625,0.9440532081377152,0.928125,13
cegb,kr-vs-kp,8,8,4,0.03125,0.9440532081377152,0.928125,84
ccp,wine,128,128,1,0.5,1.2784639573472254,0.44384615384615383,896
cegb,kr-vs-kp,2,2,1,0.015625,0.5211267605633803,0.5265625,6
cegb,kr-vs-kp,8,8,8,0.0078125,0.9694835680751174,0.9703125,256
cegb,kr-vs-kp,16,1,2,0.5,0.5211267605633803,0.5265625,1
cegb,kr-vs-kp,512,1,8,0.25,0.5211267605633803,0.5265625,1
ccp,wine,256,256,2,0.5,1.2784639573472254,0.44384615384615383,1792
ccp,kin8nm,1,1,1,0.25,0.06967849062757504,0.06868760694503105,1
cegb,kr-vs-kp,1024,22,1,0.0625,0.9088419405320813,0.8859375,66
cegb,covtype,1,1,2,0.125,0.7294157385076451,0.7291636188394448,5
ccp,covtype,32,32,2,0.015625,1.2659935746463373,0.7306782096847758,46
cegb,kr-vs-kp,128,26,8,0.0078125,0.9780907668231612,0.9765625,796
cegb,covtype,4,1,8,0.25,0.5122749344354348,0.5129041418896242,1
cegb,kr-vs-kp,16,3,4,0.125,0.9440532081377152,0.928125,31
cegb,kr-vs-kp,2,2,4,0.0,0.9440532081377152,0.928125,32
cegb,covtype,4,4,4,0.0,0.7487677734295162,0.7478980749206131,124
ccp,california_housing,256,256,1,0.25,1.0861953519355538,1.0709015580552312,264
cegb,kr-vs-kp,4,4,1,0.0625,0.7578247261345853,0.7421875,12
cegb,kr-vs-kp,64,33,2,0.015625,0.9440532081377152,0.928125,203
cegb,kr-vs-kp,1024,33,2,0.015625,0.9440532081377152,0.928125,203
lgbm_base,kr-vs-kp,64,64,4,0.0,0.9643974960876369,0.95625,1402
lgbm_quant,kr-vs-kp,64,64,4,0.0,0.9643974960876369,0.95625,1402
cegb,covtype,1,1,4,0.03125,0.7443724196390346,0.7415729370153955,31
cegb,kr-vs-kp,256,1,2,0.5,0.5211267605633803,0.5265625,1
cegb,covtype,8,5,1,0.0625,0.7283378764180556,0.7276318167345077,15
cegb,kr-vs-kp,2,1,8,0.25,0.5211267605633803,0.5265625,1
cegb,covtype,1,1,8,0.0078125,0.7692342446036974,0.7688011497121416,61
cegb,kr-vs-kp,4,4,2,0.015625,0.9088419405320813,0.8859375,22
cegb,covtype,8,8,2,0.015625,0.7325675707656263,0.7327349552076968,56
cegb,covtype,8,8,8,0.0,0.7856431351372284,0.7847904098861476,488
cegb,kr-vs-kp,256,3,4,0.125,0.9440532081377152,0.928125,31
ccp,covtype,256,256,2,0.03125,1.3618863601625701,0.6654131132586938,258
cegb,kr-vs-kp,256,14,8,0.03125,0.9632237871674492,0.965625,284
ccp,california_housing,256,256,8,0.125,0.9047771572257919,0.8899500342042942,276
cegb,kr-vs-kp,4,4,8,0.0,0.9690923317683882,0.9671875,208
cegb,kr-vs-kp,8,1,1,0.25,0.5211267605633803,0.5265625,1
ccp,covtype,8,8,1,0.0,1.2674871205246898,0.7290861681712176,24
cegb,kr-vs-kp,512,144,1,0.0078125,0.9417057902973396,0.925,432
cegb,covtype,2,1,2,0.5,0.5122749344354348,0.5129041418896242,1
cegb,covtype,16,16,8,0.0078125,0.787826827793782,0.7878195915768096,976
ccp,kin8nm,512,512,4,0.0625,0.06967849062757504,0.06868760694503105,512
cegb,kr-vs-kp,64,64,8,0.0,0.9894366197183099,0.9796875,3830
cegb,kr-vs-kp,128,1,1,0.25,0.5211267605633803,0.5265625,1
cegb,covtype,2,1,4,0.125,0.7294157385076451,0.7291636188394448,5
cegb,kr-vs-kp,1024,1024,8,0.0,0.9960876369327074,0.9796875,57380
cegb,kr-vs-kp,16,14,8,0.03125,0.9632237871674492,0.965625,284
cegb,kr-vs-kp,64,48,1,0.03125,0.9440532081377152,0.928125,144
cegb,kr-vs-kp,8,8,2,0.0625,0.9088419405320813,0.8859375,46
cegb,kr-vs-kp,32,32,1,0.0078125,0.9088419405320813,0.8859375,96
cegb,kr-vs-kp,512,1,4,0.5,0.5211267605633803,0.5265625,1
cegb,kr-vs-kp,128,10,2,0.0625,0.9088419405320813,0.8859375,58
cegb,kr-vs-kp,8,8,4,0.015625,0.9440532081377152,0.928125,92
cegb,kr-vs-kp,128,19,4,0.015625,0.9440532081377152,0.928125,211
cegb,kr-vs-kp,32,3,8,0.125,0.9440532081377152,0.928125,31
cegb,kr-vs-kp,32,1,4,0.5,0.5211267605633803,0.5265625,1
cegb,kr-vs-kp,16,16,1,0.0,0.9088419405320813,0.8859375,48
cegb,kr-vs-kp,16,1,2,0.25,0.5211267605633803,0.5265625,1
ccp,kin8nm,512,512,8,0.015625,0.06658370978511267,0.06572723658169505,514
ccp,kin8nm,1024,1024,2,0.0,0.01978148432859722,0.029195050139962462,7120
ccp,kin8nm,1,1,1,0.125,0.06967849062757504,0.06868760694503105,1
ccp,wine,512,512,1,0.03125,1.2784639573472254,0.44384615384615383,3584
cegb,covtype,2,2,8,0.03125,0.7576595978132954,0.755384972849238,66
cegb,kr-vs-kp,1024,48,1,0.03125,0.9440532081377152,0.928125,144
ccp,covtype,16,16,4,0.25,1.3856916045032899,0.5129041418896242,16
cegb,covtype,1,1,1,0.25,0.5122749344354348,0.5129041418896242,1
ccp,covtype,64,64,2,0.25,1.3856916045032899,0.5129041418896242,64
cegb,kr-vs-kp,256,256,1,0.0,0.9440532081377152,0.928125,768
cegb,covtype,16,1,1,0.25,0.5122749344354348,0.5129041418896242,1
ccp,covtype,8,8,8,0.125,1.3856916045032905,0.5129041418896242,8
cegb,kr-vs-kp,16,8,4,0.0625,0.9440532081377152,0.928125,84
cegb,covtype,16,4,2,0.0625,0.7294157385076451,0.7291636188394448,20
ccp,wine,128,128,2,0.015625,1.2368394505863347,0.44384615384615383,906
cegb,covtype,32,1,2,0.5,0.5122749344354348,0.5129041418896242,1
cegb,kr-vs-kp,64,54,2,0.0078125,0.9440532081377152,0.928125,338
ccp,wine,512,512,8,0.125,1.2784639573472254,0.44384615384615383,3584
cegb,kr-vs-kp,1024,54,2,0.0078125,0.9440532081377152,0.928125,338
ccp,wine,64,64,8,0.5,1.2784639573472254,0.44384615384615383,448
cegb,covtype,32,1,4,0.125,0.7294157385076451,0.7291636188394448,5
ccp,wine,1024,1024,4,0.125,1.2784639573472254,0.44384615384615383,7168
cegb,kr-vs-kp,256,1,2,0.25,0.5211267605633803,0.5265625,1
cegb,covtype,32,9,8,0.03125,0.7408333315404823,0.7405660783284425,155
cegb,kr-vs-kp,256,8,4,0.0625,0.9440532081377152,0.928125,84
cegb,kr-vs-kp,256,20,8,0.015625,0.9730046948356808,0.971875,528
ccp,california_housing,1024,1024,4,0.03125,0.6262472499309512,0.6244177930587176,1114
cegb,covtype,4,4,1,0.0078125,0.6676290691445304,0.6660241129747081,12
cegb,covtype,16,12,4,0.015625,0.747436043622219,0.7464953572627213,222
cegb,kr-vs-kp,64,1,8,0.5,0.5211267605633803,0.5265625,1
cegb,kr-vs-kp,512,512,2,0.0,0.9831768388106417,0.9765625,3554
cegb,kr-vs-kp,128,6,1,0.125,0.9088419405320813,0.8859375,18
ccp,wine,128,128,1,0.25,1.2784639573472254,0.44384615384615383,896
cegb,kr-vs-kp,16,16,8,0.015625,0.9726134585289515,0.9703125,426
cegb,covtype,64,52,1,0.0078125,0.7321824663463917,0.732769377726909,156
cegb,kr-vs-kp,32,32,2,0.0,0.9440532081377152,0.928125,220
cegb,covtype,64,1,4,0.5,0.5122749344354348,0.5129041418896242,1
cegb,kr-vs-kp,64,64,1,0.015625,0.9440532081377152,0.928125,192
cegb,kr-vs-kp,128,21,2,0.03125,0.9440532081377152,0.928125,125
cegb,covtype,64,1,8,0.125,0.7294157385076451,0.7291636188394448,5
cegb,covtype,1,1,2,0.0625,0.7294157385076451,0.7291636188394448,5
cegb,kr-vs-kp,512,1,4,0.25,0.5211267605633803,0.5265625,1
cegb,kr-vs-kp,32,8,8,0.0625,0.9440532081377152,0.928125,96
cegb,kr-vs-kp,128,26,4,0.0078125,0.9440532081377152,0.928125,308
cegb,kr-vs-kp,32,1,4,0.25,0.5211267605633803,0.5265625,1
cegb,covtype,4,1,8,0.125,0.7294157385076451,0.7291636188394448,5
cegb,covtype,4,1,4,0.5,0.5122749344354348,0.5129041418896242,1
ccp,kin8nm,1,1,1,0.0625,0.06967849062757504,0.06868760694503105,1
cegb,kr-vs-kp,1024,88,1,0.015625,0.9417057902973396,0.925,264
cegb,covtype,1,1,4,0.015625,0.7492088148034999,0.7458155125082829,31
ccp,wine,512,512,4,0.015625,1.2368394505863347,0.44384615384615383,3594
cegb,covtype,128,16,1,0.03125,0.7299665023697905,0.7298004354448681,48
cegb,kr-vs-kp,256,1,1,0.5,0.5211267605633803,0.5265625,1
cegb,covtype,2,2,1,0.0,0.6676290691445304,0.6660241129747081,6
cegb,covtype,8,8,1,0.03125,0.7283378764180556,0.7276318167345077,24
cegb,covtype,8,8,2,0.0078125,0.7325675707656263,0.7327349552076968,56
cegb,covtype,8,1,8,0.5,0.5122749344354348,0.5129041418896242,1
cegb,kr-vs-kp,64,64,4,0.0,0.9651799687010955,0.9625,1374
ccp,kin8nm,256,256,8,0.015625,0.06658370978511267,0.06572723658169505,258
ccp,wine,256,256,4,0.5,1.2784639573472254,0.44384615384615383,1792
cegb,kr-vs-kp,256,3,2,0.125,0.9088419405320813,0.8859375,17
cegb,kr-vs-kp,256,13,4,0.03125,0.9440532081377152,0.928125,137
cegb,covtype,2,1,2,0.25,0.5122749344354348,0.5129041418896242,1
cegb,covtype,128,1,8,0.5,0.5122749344354348,0.5129041418896242,1
ccp,kin8nm,1024,1024,4,0.0,0.0033864239255221498,0.017174845196214886,28764
cegb,kr-vs-kp,1024,1024,4,0.0,0.9960876369327074,0.9796875,24264
cegb,kr-vs-kp,256,26,8,0.0078125,0.9780907668231612,0.9765625,796
cegb,covtype,128,21,2,0.0078125,0.7350653709373097,0.7357555312685559,145
cegb,mushroom,1,1,2,0.5,0.5213109709186029,0.5046153846153846,1
ccp,wine,128,128,4,0.03125,1.2784639573472254,0.44384615384615383,896
cegb,kr-vs-kp,64,1,8,0.25,0.5211267605633803,0.5265625,1
cegb,kr-vs-kp,512,1,2,0.5,0.5211267605633803,0.5265625,1
cegb,covtype,32,32,1,0.0,0.7310336073526975,0.731323631920002,96
ccp,california_housing,512,512,4,0.25,1.0861953519355538,1.0709015580552312,520
cegb,covtype,2,2,4,0.0625,0.7294157385076451,0.7291636188394448,10
ccp,kin8nm,1024,1024,4,0.0078125,0.06023306448398937,0.059644785344419166,1032
cegb,mushroom,1,1,4,0.125,0.9669179873826742,0.9624615384615385,21
cegb,kr-vs-kp,128,22,1,0.0625,0.9088419405320813,0.8859375,66
ccp,covtype,512,512,1,0.5,1.3856916045032899,0.5129041418896242,512
cegb,mushroom,2,2,1,0.0078125,0.7905831666410217,0.788923076923077,6
cegb,mushroom,1,1,8,0.03125,0.9886136328665949,0.9889230769230769,27
cegb,kr-vs-kp,512,3,4,0.125,0.9440532081377152,0.928125,31
cegb,kr-vs-kp,128,33,2,0.015625,0.9440532081377152,0.928125,203
cegb,mushroom,2,1,4,0.5,0.5213109709186029,0.5046153846153846,1
cegb,mushroom,2,2,8,0.125,0.9886136328665949,0.9889230769230769,54
cegb,covtype,256,1,1,0.125,0.6676290691445304,0.6660241129747081,3
cegb,kr-vs-kp,128,128,8,0.0,0.9956964006259781,0.978125,7726
ccp,california_housing,1024,1024,1,0.03125,0.6535323211641213,0.6481703821261343,1088
ccp,kin8nm,512,512,8,0.25,0.06967849062757504,0.06868760694503105,512
cegb,covtype,2,2,8,0.015625,0.7713985744682225,0.7691711917936714,122
cegb,covtype,256,9,2,0.03125,0.7294157385076451,0.7291636188394448,51
ccp,covtype,8,8,1,0.5,1.3856916045032905,0.5129041418896242,8
ccp,kin8nm,1,1,1,0.03125,0.06967849062757504,0.06868760694503105,1
cegb,covtype,1,1,1,0.125,0.6676290691445304,0.6660241129747081,3
cegb,kr-vs-kp,1024,144,1,0.0078125,0.9417057902973396,0.925,432
cegb,covtype,256,16,4,0.0078125,0.7646302029435746,0.7636033493111193,432
cegb,covtype,16,1,1,0.125,0.6676290691445304,0.6660241129747081,3
cegb,kr-vs-kp,256,1,1,0.25,0.5211267605633803,0.5265625,1
ccp,wine,512,512,8,0.0078125,1.1957180455977718,0.5392307692307692,3614
cegb,covtype,16,9,2,0.03125,0.7294157385076451,0.7291636188394448,51
cegb,mushroom,4,4,1,0.03125,0.8015079242960456,0.8043076923076923,12
cegb,covtype,32,1,2,0.25,0.5122749344354348,0.5129041418896242,1
cegb,kr-vs-kp,256,10,2,0.0625,0.9088419405320813,0.8859375,58
cegb,covtype,32,4,4,0.0625,0.7294157385076451,0.7291636188394448,20
cegb,kr-vs-kp,256,19,4,0.015625,0.9440532081377152,0.928125,211
cegb,covtype,4,4,2,0.0,0.7294157385076451,0.7291636188394448,28
cegb,covtype,32,12,8,0.015625,0.7711748266492258,0.7698424309183067,552
ccp,wine,128,128,8,0.0625,1.2784639573472254,0.44384615384615383,896
cegb,kr-vs-kp,1024,1,4,0.5,0.5211267605633803,0.5265625,1
cegb,kr-vs-kp,512,512,1,0.0,0.9514866979655712,0.9421875,1536
cegb,mushroom,1,1,2,0.25,0.9099861517156486,0.9144615384615384,7
ccp,wine,128,128,1,0.125,1.2784639573472254,0.44384615384615383,896
cegb,kr-vs-kp,512,1,2,0.25,0.5211267605633803,0.5265625,1
cegb,mushroom,4,4,2,0.0078125,0.9146022464994614,0.9181538461538462,28
cegb,covtype,16,16,4,0.0078125,0.7646302029435746,0.7636033493111193,432
cegb,mushroom,1,1,4,0.0625,0.9669179873826742,0.9624615384615385,21
cegb,covtype,1,1,2,0.03125,0.7294157385076451,0.7291636188394448,7
cegb,mushroom,2,2,2,0.0,0.9099861517156486,0.9144615384615384,14
cegb,mushroom,4,1,8,0.5,0.5213109709186029,0.5046153846153846,1
cegb,mushroom,1,1,8,0.015625,0.9886136328665949,0.9889230769230769,31
cegb,mushroom,8,8,2,0.03125,0.9719956916448684,0.9716923076923077,56
cegb,covtype,4,4,8,0.0625,0.7294157385076451,0.7291636188394448,20
cegb,kr-vs-kp,512,8,4,0.0625,0.9440532081377152,0.928125,84
cegb,mushroom,2,2,4,0.25,0.9623018925988613,0.9587692307692308,30
cegb,mushroom,8,8,1,0.125,0.907524234497615,0.9070769230769231,24
ccp,wine,256,256,2,0.25,1.2784639573472254,0.44384615384615383,1792
cegb,mushroom,2,2,8,0.0625,0.9990767810432374,0.9987692307692307,64
cegb,mushroom,8,8,4,0.0078125,0.9890752423449761,0.9870769230769231,152
lgbm_base,kr-vs-kp,256,256,8,0.0,0.9960876369327074,0.98125,15254
cegb,covtype,64,1,4,0.25,0.5122749344354348,0.5129041418896242,1
lgbm_quant,kr-vs-kp,256,256,8,0.0,0.9960876369327074,0.98125,15254
cegb,covtype,4,1,4,0.25,0.5122749344354348,0.5129041418896242,1
cegb,mushroom,16,1,1,0.5,0.5213109709186029,0.5046153846153846,1
cegb,covtype,64,4,8,0.0625,0.7294157385076451,0.7291636188394448,20
ccp,wine,1024,1024,2,0.25,1.2784639573472254,0.44384615384615383,7168
ccp,kin8nm,1,1,1,0.015625,0.06658370978511267,0.06572723658169505,3
ccp,covtype,64,64,4,0.25,1.3856916045032899,0.5129041418896242,64
cegb,covtype,512,1,1,0.5,0.5122749344354348,0.5129041418896242,1
cegb,covtype,512,1,2,0.125,0.7294157385076451,0.7291636188394448,5
cegb,covtype,1,1,4,0.0078125,0.7451684455335418,0.7430875278607265,31
cegb,covtype,64,64,2,0.0,0.7607942187005845,0.7606516182886844,448
cegb,kr-vs-kp,1024,1024,2,0.0,0.9890453834115805,0.9828125,7134
ccp,covtype,32,32,1,0.015625,1.300352442154074,0.7291980413586568,42
ccp,covtype,256,256,1,0.0625,1.3856916045032899,0.5129041418896242,256
cegb,covtype,2,1,1,0.5,0.5122749344354348,0.5129041418896242,1
cegb,covtype,8,1,8,0.25,0.5122749344354348,0.5129041418896242,1
cegb,covtype,512,8,4,0.03125,0.7364745519127212,0.7363923478739791,96
cegb,covtype,8,8,1,0.015625,0.7283378764180556,0.7276318167345077,24
cegb,mushroom,16,7,2,0.125,0.9275273118941375,0.932923076923077,43
cegb,covtype,512,1,8,0.125,0.7294157385076451,0.7291636188394448,5
ccp,california_housing,1024,1024,2,0.015625,0.5061491994246956,0.5083389272975065,1172
cegb,covtype,8,8,4,0.0,0.7510719456809141,0.7503076512654578,248
cegb,mushroom,4,4,1,0.015625,0.8015079242960456,0.8043076923076923,12
cegb,mushroom,16,16,4,0.03125,0.9798430527773504,0.9772307692307692,218
cegb,mushroom,16,16,8,0.0078125,0.9953839052161871,0.9963076923076923,490
cegb,covtype,2,1,2,0.125,0.7294157385076451,0.7291636188394448,5
cegb,covtype,512,16,8,0.0078125,0.787826827793782,0.7878195915768096,976
cegb,covtype,128,28,1,0.015625,0.7310336073526975,0.731323631920002,84
cegb,kr-vs-kp,1024,1,4,0.25,0.5211267605633803,0.5265625,1
cegb,mushroom,1,1,2,0.125,0.9099861517156486,0.9144615384615384,7
cegb,covtype,2,2,4,0.03125,0.7364422805926736,0.7351703484419507,36
cegb,mushroom,32,1,2,0.5,0.5213109709186029,0.5046153846153846,1
cegb,covtype,32,1,1,0.5,0.5122749344354348,0.5129041418896242,1
cegb,mushroom,4,4,4,0.0,0.974457608862902,0.9766153846153847,98
cegb,mushroom,4,2,8,0.25,0.9623018925988613,0.9587692307692308,30
cegb,mushroom,2,1,2,0.5,0.5213109709186029,0.5046153846153846,1
cegb,covtype,128,1,8,0.25,0.5122749344354348,0.5129041418896242,1
cegb,mushroom,1,1,4,0.03125,0.9790737036467149,0.9803076923076923,21
cegb,mushroom,1,1,8,0.0078125,0.9944606862594245,0.9950769230769231,35
cegb,mushroom,2,2,4,0.125,0.974457608862902,0.9766153846153847,42
cegb,mushroom,2,2,8,0.03125,0.9886136328665949,0.9889230769230769,48
cegb,mushroom,32,6,4,0.125,0.9623018925988613,0.9587692307692308,88
cegb,mushroom,8,8,2,0.015625,0.9719956916448684,0.9716923076923077,56
cegb,mushroom,8,8,1,0.0625,0.907524234497615,0.9070769230769231,24
cegb,mushroom,8,8,8,0.0,0.9932297276504077,0.9938461538461538,432
cegb,covtype,2,2,8,0.0078125,0.7717643160954284,0.7702813180382606,122
lgbm_base,kr-vs-kp,256,256,4,0.0,0.9921752738654147,0.9828125,5830
cegb,mushroom,16,3,1,0.25,0.7905831666410217,0.788923076923077,9
cegb,covtype,1,1,1,0.0625,0.6676290691445304,0.6660241129747081,3
lgbm_quant,kr-vs-kp,256,256,4,0.0,0.9921752738654147,0.9828125,5830
ccp,kin8nm,1,1,1,0.0078125,0.06658370978511267,0.06572723658169505,3
ccp,wine,64,64,8,0.25,1.2784639573472254,0.44384615384615383,448
cegb,covtype,16,5,1,0.0625,0.7283378764180556,0.7276318167345077,15
cegb,mushroom,32,17,8,0.03125,0.983997538082782,0.9852307692307692,343
cegb,mushroom,16,12,2,0.0625,0.9789198338205878,0.9735384615384616,84
cegb,covtype,16,14,2,0.015625,0.7338132437194632,0.7341462784953917,92
cegb,mushroom,64,64,1,0.0078125,0.9755346976457917,0.9723076923076923,192
cegb,mushroom,16,16,4,0.015625,0.9890752423449761,0.9870769230769231,262
cegb,mushroom,4,4,1,0.0078125,0.8015079242960456,0.8043076923076923,12
cegb,mushroom,32,32,1,0.0,0.9615325434682259,0.9593846153846154,96
cegb,covtype,32,1,2,0.125,0.7294157385076451,0.7291636188394448,5
lgbm_base,kr-vs-kp,128,128,8,0.0,0.9949139280125195,0.978125,7466
lgbm_quant,kr-vs-kp,128,128,8,0.0,0.9949139280125195,0.978125,7466
cegb,covtype,32,8,4,0.03125,0.7364745519127212,0.7363923478739791,96
cegb,mushroom,64,1,4,0.5,0.5213109709186029,0.5046153846153846,1
cegb,covtype,4,1,2,0.5,0.5122749344354348,0.5129041418896242,1
cegb,mushroom,1,1,2,0.0625,0.9099861517156486,0.9144615384615384,7
cegb,mushroom,32,2,2,0.25,0.8444376057855054,0.8443076923076923,12
cegb,mushroom,4,1,4,0.5,0.5213109709186029,0.5046153846153846,1
ccp,wine,128,128,1,0.0625,1.2784639573472254,0.44384615384615383,896
cegb,mushroom,4,4,8,0.125,0.983997538082782,0.9852307692307692,88
cegb,mushroom,2,2,8,0.015625,0.9886136328665949,0.9889230769230769,54
cegb,mushroom,2,2,2,0.25,0.8444376057855054,0.8443076923076923,12
ccp,covtype,8,8,1,0.25,1.3856916045032905,0.5129041418896242,8
cegb,mushroom,1,1,4,0.015625,0.9790737036467149,0.9803076923076923,21
cegb,mushroom,2,2,1,0.0,0.7905831666410217,0.788923076923077,6
cegb,mushroom,32,12,4,0.0625,0.9798430527773504,0.9772307692307692,168
cegb,mushroom,8,8,1,0.03125,0.907524234497615,0.9070769230769231,24
lgbm_base,kr-vs-kp,256,256,1,0.0,0.9440532081377152,0.928125,768
lgbm_quant,kr-vs-kp,256,256,1,0.0,0.9440532081377152,0.928125,768
cegb,covtype,32,16,8,0.0078125,0.787826827793782,0.7878195915768096,976
cegb,mushroom,2,2,4,0.0625,0.974457608862902,0.9766153846153847,44
cegb,mushroom,8,8,2,0.0078125,0.9719956916448684,0.9716923076923077,56
cegb,mushroom,16,14,1,0.125,0.9586090167718111,0.9563076923076923,42
cegb,mushroom,8,1,8,0.5,0.5213109709186029,0.5046153846153846,1
cegb,covtype,1,1,2,0.015625,0.7294157385076451,0.7291636188394448,7
cegb,covtype,256,5,1,0.0625,0.7283378764180556,0.7276318167345077,15
ccp,kin8nm,1,1,2,0.0,0.06570961682939025,0.06491896593939862,7
ccp,wine,512,512,1,0.015625,1.2368394505863347,0.44384615384615383,3594
cegb,mushroom,64,6,8,0.125,0.983997538082782,0.9852307692307692,106
cegb,covtype,128,128,4,0.0,0.8021423853668926,0.80059895183429,3888
lgbm_base,kr-vs-kp,256,256,2,0.0,0.9698748043818466,0.9671875,1776
cegb,mushroom,16,16,2,0.03125,0.9818433605170026,0.9766153846153847,112
cegb,covtype,4,4,8,0.03125,0.7409193883939424,0.7405918952178515,76
lgbm_quant,kr-vs-kp,256,256,2,0.0,0.9698748043818466,0.9671875,1776
cegb,mushroom,32,23,8,0.015625,0.9895368518233575,0.9901538461538462,537
cegb,mushroom,64,64,2,0.0,0.9986151715648561,0.9956923076923077,446
cegb,covtype,256,14,2,0.015625,0.7338132437194632,0.7341462784953917,92
cegb,mushroom,4,4,2,0.0,0.9146022464994614,0.9181538461538462,28
cegb,mushroom,16,16,4,0.0078125,0.991998769041391,0.9901538461538462,286
cegb,covtype,16,16,8,0.0,0.7939153501760938,0.7936025748044371,976
cegb,mushroom,32,1,1,0.5,0.5213109709186029,0.5046153846153846,1
cegb,covtype,4,1,4,0.125,0.7294157385076451,0.7291636188394448,5
ccp,wine,512,512,2,0.015625,1.2368394505863347,0.44384615384615383,3594
cegb,covtype,1024,1,2,0.5,0.5122749344354348,0.5129041418896242,1
cegb,covtype,1,1,8,0.0,0.7633113816642965,0.7622264485426365,61
cegb,mushroom,32,7,2,0.125,0.9275273118941375,0.932923076923077,43
cegb,covtype,1024,1,4,0.125,0.7294157385076451,0.7291636188394448,5
cegb,mushroom,64,2,4,0.25,0.9623018925988613,0.9587692307692308,30
cegb,mushroom,1,1,2,0.03125,0.9099861517156486,0.9144615384615384,7
cegb,covtype,2,1,1,0.25,0.5122749344354348,0.5129041418896242,1
cegb,mushroom,128,52,1,0.03125,0.9689182951223265,0.9692307692307692,156
cegb,covtype,64,1,4,0.125,0.7294157385076451,0.7291636188394448,5
cegb,covtype,8,8,1,0.0078125,0.7283378764180556,0.7276318167345077,24
cegb,mushroom,4,2,4,0.25,0.9623018925988613,0.9587692307692308,30
cegb,covtype,8,1,8,0.125,0.7294157385076451,0.7291636188394448,5
cegb,covtype,64,9,8,0.03125,0.7408333315404823,0.7405660783284425,155
cegb,covtype,8,1,4,0.5,0.5122749344354348,0.5129041418896242,1
cegb,covtype,64,1,2,0.5,0.5122749344354348,0.5129041418896242,1
cegb,covtype,1024,1,8,0.5,0.5122749344354348,0.5129041418896242,1
cegb,covtype,1024,1,8,0.125,0.7294157385076451,0.7291636188394448,5
cegb,covtype,2,2,2,0.0625,0.7294157385076451,0.7291636188394448,10
cegb,mushroom,128,36,2,0.0078125,0.9881520233882136,0.9858461538461538,242
cegb,mushroom,4,4,8,0.0625,0.983997538082782,0.9852307692307692,102
cegb,mushroom,2,2,2,0.125,0.9099861517156486,0.9144615384615384,14
cegb,mushroom,1,1,4,0.0078125,0.974457608862902,0.9766153846153847,21
cegb,covtype,2,2,4,0.015625,0.7515022299482153,0.7486381590836725,56
cegb,mushroom,128,1,8,0.5,0.5213109709186029,0.5046153846153846,1
cegb,mushroom,2,1,1,0.5,0.5213109709186029,0.5046153846153846,1
cegb,mushroom,2,2,8,0.0078125,0.9886136328665949,0.9889230769230769,60
cegb,mushroom,32,17,4,0.03125,0.9798430527773504,0.9772307692307692,229
cegb,covtype,1024,9,8,0.03125,0.7408333315404823,0.7405660783284425,155
cegb,mushroom,8,8,1,0.015625,0.907524234497615,0.9070769230769231,24
cegb,mushroom,2,2,4,0.03125,0.9790737036467149,0.9803076923076923,38
cegb,covtype,32,1,1,0.25,0.5122749344354348,0.5129041418896242,1
cegb,covtype,1024,16,8,0.0078125,0.787826827793782,0.7878195915768096,976
cegb,mushroom,16,16,1,0.0625,0.9292198799815357,0.931076923076923,48
cegb,covtype,4,4,1,0.0,0.6676290691445304,0.6660241129747081,12
ccp,wine,128,128,4,0.015625,1.2368394505863347,0.44384615384615383,906
cegb,mushroom,8,8,4,0.0,0.9890752423449761,0.9870769230769231,198
cegb,covtype,1,1,1,0.03125,0.6676290691445304,0.6660241129747081,3
cegb,mushroom,8,2,8,0.25,0.9623018925988613,0.9587692307692308,30
cegb,mushroom,64,11,8,0.0625,0.983997538082782,0.9852307692307692,211
cegb,mushroom,256,14,1,0.125,0.9586090167718111,0.9563076923076923,42
cegb,covtype,16,16,1,0.03125,0.7299665023697905,0.7298004354448681,48
cegb,covtype,128,52,1,0.0078125,0.7321824663463917,0.732769377726909,156
cegb,covtype,16,16,2,0.0078125,0.734441458749723,0.7353252497784051,112
cegb,mushroom,16,16,2,0.015625,0.9818433605170026,0.9766153846153847,112
cegb,mushroom,32,30,8,0.0078125,1.0,1.0,722
cegb,mushroom,64,1,2,0.5,0.5213109709186029,0.5046153846153846,1
cegb,mushroom,4,1,2,0.5,0.5213109709186029,0.5046153846153846,1
ccp,kin8nm,256,256,8,0.0078125,0.06023306448398937,0.059644785344419166,264
cegb,covtype,128,1,8,0.125,0.7294157385076451,0.7291636188394448,5
cegb,mushroom,16,16,8,0.0,0.9941529466071704,0.9950769230769231,920
cegb,mushroom,32,3,1,0.25,0.7905831666410217,0.788923076923077,9
cegb,covtype,32,4,2,0.0625,0.7294157385076451,0.7291636188394448,20
cegb,covtype,4,1,2,0.25,0.5122749344354348,0.5129041418896242,1
ccp,california_housing,1024,1024,1,0.015625,0.5534572166293149,0.5557202871246036,1136
cegb,covtype,32,12,4,0.015625,0.747436043622219,0.7464953572627213,222
cegb,mushroom,64,6,4,0.125,0.9623018925988613,0.9587692307692308,88
cegb,mushroom,32,12,2,0.0625,0.9789198338205878,0.9735384615384616,84
cegb,mushroom,1,1,2,0.015625,0.9099861517156486,0.9144615384615384,7
cegb,mushroom,4,4,4,0.125,0.9623018925988613,0.9587692307692308,70
cegb,mushroom,128,81,1,0.015625,0.9801507924296046,0.976,243
cegb,mushroom,4,4,8,0.03125,0.9886136328665949,0.9889230769230769,102
cegb,mushroom,128,128,4,0.0,1.0,1.0,3468
cegb,mushroom,2,2,2,0.0625,0.9099861517156486,0.9144615384615384,14
cegb,mushroom,128,2,8,0.25,0.9623018925988613,0.9587692307692308,30
cegb,covtype,1,1,2,0.0078125,0.7294157385076451,0.7291636188394448,7
cegb,mushroom,1,1,8,0.0,0.991998769041391,0.9901538461538462,41
cegb,mushroom,2,2,1,0.25,0.7905831666410217,0.788923076923077,6
cegb,mushroom,32,23,4,0.015625,0.991998769041391,0.9901538461538462,335
cegb,mushroom,4,4,1,0.0,0.8015079242960456,0.8043076923076923,12
cegb,mushroom,8,8,1,0.0078125,0.907524234497615,0.9070769230769231,24
cegb,mushroom,2,2,4,0.015625,0.9790737036467149,0.9803076923076923,38
cegb,covtype,512,1,1,0.25,0.5122749344354348,0.5129041418896242,1
cegb,covtype,512,4,2,0.0625,0.7294157385076451,0.7291636188394448,20
cegb,mushroom,1,1,1,0.0,0.7905831666410217,0.788923076923077,3
cegb,mushroom,8,1,4,0.5,0.5213109709186029,0.5046153846153846,1
cegb,mushroom,16,16,1,0.03125,0.9292198799815357,0.931076923076923,48
cegb,covtype,64,64,1,0.0,0.7343403419469072,0.7347486725816029,192
cegb,covtype,4,4,8,0.015625,0.778455236451962,0.7771744275104774,244
cegb,mushroom,8,6,8,0.125,0.983997538082782,0.9852307692307692,106
cegb,covtype,512,4,8,0.0625,0.7294157385076451,0.7291636188394448,20
cegb,covtype,512,12,4,0.015625,0.747436043622219,0.7464953572627213,222
cegb,mushroom,64,17,8,0.03125,0.983997538082782,0.9852307692307692,343
cegb,mushroom,256,30,1,0.0625,0.9615325434682259,0.9593846153846154,90
cegb,covtype,16,1,8,0.5,0.5122749344354348,0.5129041418896242,1
ccp,covtype,32,32,2,0.0078125,1.194774369215553,0.7312203643623658,62
cegb,covtype,128,1,4,0.5,0.5122749344354348,0.5129041418896242,1
cegb,covtype,4,4,4,0.0625,0.7294157385076451,0.7291636188394448,20
cegb,mushroom,64,64,1,0.0,0.9755346976457917,0.9723076923076923,192
cegb,mushroom,16,16,2,0.0078125,0.9818433605170026,0.9766153846153847,112
ccp,wine,256,256,2,0.125,1.2784639573472254,0.44384615384615383,1792
cegb,mushroom,64,2,2,0.25,0.8444376057855054,0.8443076923076923,12
cegb,mushroom,4,2,2,0.25,0.8444376057855054,0.8443076923076923,12
cegb,mushroom,16,1,8,0.5,0.5213109709186029,0.5046153846153846,1
cegb,mushroom,32,14,1,0.125,0.9586090167718111,0.9563076923076923,42
cegb,covtype,1,1,8,0.5,0.5122749344354348,0.5129041418896242,1
cegb,covtype,2,1,1,0.125,0.6676290691445304,0.6660241129747081,3
cegb,covtype,8,4,8,0.0625,0.7294157385076451,0.7291636188394448,20
cegb,covtype,8,1,4,0.25,0.5122749344354348,0.5129041418896242,1
cegb,covtype,8,8,2,0.0,0.7325675707656263,0.7327349552076968,56
cegb,covtype,256,16,1,0.03125,0.7299665023697905,0.7298004354448681,48
cegb,covtype,2,2,2,0.03125,0.7294157385076451,0.7291636188394448,12
cegb,mushroom,32,18,2,0.03125,0.9818433605170026,0.9766153846153847,124
cegb,mushroom,64,12,4,0.0625,0.9798430527773504,0.9772307692307692,168
cegb,covtype,2,2,4,0.0078125,0.7541441753494446,0.7520631997452734,60
cegb,covtype,256,256,8,0.0,0.8721819069768443,0.8680154557111263,15616
cegb,covtype,64,4,4,0.0625,0.7294157385076451,0.7291636188394448,20
cegb,mushroom,1,1,2,0.0078125,0.9099861517156486,0.9144615384615384,7
cegb,mushroom,128,122,1,0.0078125,0.9818433605170026,0.9766153846153847,366
cegb,mushroom,4,4,4,0.0625,0.9669179873826742,0.9624615384615385,72
cegb,covtype,64,1,2,0.25,0.5122749344354348,0.5129041418896242,1
cegb,covtype,64,12,8,0.015625,0.7711748266492258,0.7698424309183067,552
cegb,covtype,256,21,2,0.0078125,0.7350653709373097,0.7357555312685559,145
cegb,covtype,1,1,1,0.015625,0.6676290691445304,0.6660241129747081,3
cegb,mushroom,128,1,4,0.5,0.5213109709186029,0.5046153846153846,1
cegb,mushroom,4,4,8,0.015625,0.9886136328665949,0.9889230769230769,100
cegb,covtype,4,1,1,0.5,0.5122749344354348,0.5129041418896242,1
cegb,covtype,32,1,1,0.125,0.6676290691445304,0.6660241129747081,3
cegb,mushroom,1,1,8,0.5,0.5213109709186029,0.5046153846153846,1
cegb,mushroom,128,6,8,0.125,0.983997538082782,0.9852307692307692,106
cegb,mushroom,2,2,2,0.03125,0.9099861517156486,0.9144615384615384,14
cegb,mushroom,2,2,1,0.125,0.7905831666410217,0.788923076923077,6
cegb,mushroom,4,1,1,0.5,0.5213109709186029,0.5046153846153846,1
cegb,mushroom,32,29,4,0.0078125,0.9995383905216187,0.9969230769230769,429
cegb,mushroom,2,2,4,0.0078125,0.974457608862902,0.9766153846153847,40
cegb,mushroom,8,8,2,0.0,0.9719956916448684,0.9716923076923077,56
ccp,kin8nm,512,512,1,0.0,0.037252719742627824,0.03952901862186257,1536
cegb,mushroom,1,1,1,0.5,0.5213109709186029,0.5046153846153846,1
cegb,mushroom,8,8,8,0.0625,0.983997538082782,0.9852307692307692,178
cegb,mushroom,8,2,4,0.25,0.9623018925988613,0.9587692307692308,30
cegb,covtype,16,16,1,0.015625,0.7299665023697905,0.7298004354448681,48
cegb,mushroom,16,16,1,0.015625,0.9292198799815357,0.931076923076923,48
cegb,mushroom,64,23,8,0.015625,0.9895368518233575,0.9901538461538462,537
cegb,mushroom,256,52,1,0.03125,0.9689182951223265,0.9692307692307692,156
cegb,covtype,16,16,4,0.0,0.7652175409684407,0.7647306868153145,496
ccp,wine,256,256,4,0.25,1.2784639573472254,0.44384615384615383,1792
cegb,covtype,4,1,2,0.125,0.7294157385076451,0.7291636188394448,5
cegb,mushroom,64,1,1,0.5,0.5213109709186029,0.5046153846153846,1
cegb,mushroom,16,16,4,0.0,0.9936913371287891,0.9907692307692307,416
cegb,mushroom,64,7,2,0.125,0.9275273118941375,0.932923076923077,43
cegb,mushroom,4,4,2,0.125,0.9099861517156486,0.9144615384615384,26
cegb,mushroom,16,2,8,0.25,0.9623018925988613,0.9587692307692308,30
cegb,mushroom,32,30,1,0.0625,0.9615325434682259,0.9593846153846154,90
cegb,covtype,32,9,2,0.03125,0.7294157385076451,0.7291636188394448,51
ccp,california_housing,256,256,8,0.0625,0.7728436808293365,0.7593966100935937,300
ccp,covtype,32,32,1,0.0078125,1.2193616174881254,0.7301618718965948,60
cegb,mushroom,32,27,2,0.015625,0.9818433605170026,0.9766153846153847,185
ccp,covtype,32,32,4,0.015625,1.2659935746463373,0.7306782096847758,46
cegb,covtype,32,16,4,0.0078125,0.7646302029435746,0.7636033493111193,432
ccp,kin8nm,1024,1024,4,0.5,0.06967849062757504,0.06868760694503105,1024
cegb,mushroom,64,17,4,0.03125,0.9798430527773504,0.9772307692307692,229
cegb,mushroom,1,1,4,0.0,0.974457608862902,0.9766153846153847,23
cegb,covtype,128,4,8,0.0625,0.7294157385076451,0.7291636188394448,20
cegb,mushroom,4,4,4,0.03125,0.974457608862902,0.9766153846153847,68
ccp,covtype,16,16,4,0.125,1.3856916045032899,0.5129041418896242,16
cegb,mushroom,128,128,2,0.0,0.9995383905216187,0.9969230769230769,894
cegb,covtype,1,1,4,0.0,0.7452308367523004,0.7431219503799386,31
cegb,mushroom,128,2,4,0.25,0.9623018925988613,0.9587692307692308,30
cegb,mushroom,4,4,8,0.0078125,0.9886136328665949,0.9889230769230769,110
ccp,wine,256,256,8,0.5,1.2784639573472254,0.44384615384615383,1792
cegb,mushroom,2,2,2,0.015625,0.9099861517156486,0.9144615384615384,14
cegb,mushroom,1,1,8,0.25,0.9595322357285736,0.955076923076923,17
cegb,mushroom,4,3,1,0.25,0.7905831666410217,0.788923076923077,9
cegb,mushroom,128,11,8,0.0625,0.983997538082782,0.9852307692307692,211
cegb,mushroom,2,2,1,0.0625,0.7905831666410217,0.788923076923077,6
cegb,mushroom,1,1,1,0.25,0.7905831666410217,0.788923076923077,3
cegb,mushroom,8,1,2,0.5,0.5213109709186029,0.5046153846153846,1
cegb,mushroom,32,32,8,0.0,1.0,1.0,1896
cegb,mushroom,2,2,8,0.0,0.9935374673026619,0.9938461538461538,96
cegb,covtype,128,128,2,0.0,0.7705164917202549,0.7695670507646102,896
cegb,mushroom,16,16,1,0.0078125,0.9292198799815357,0.931076923076923,48
cegb,mushroom,8,6,4,0.125,0.9623018925988613,0.9587692307692308,88
cegb,mushroom,256,18,2,0.03125,0.9818433605170026,0.9766153846153847,124
cegb,mushroom,8,8,8,0.03125,0.983997538082782,0.9852307692307692,184
cegb,covtype,4,4,8,0.0078125,0.7801484050437921,0.7800745247540941,244
cegb,mushroom,64,30,8,0.0078125,1.0,1.0,722
cegb,mushroom,256,81,1,0.015625,0.9801507924296046,0.976,243
ccp,california_housing,512,512,8,0.03125,0.6262472499309512,0.6244177930587176,602
ccp,california_housing,512,512,4,0.125,0.9047771572257919,0.8899500342042942,532
cegb,mushroom,16,1,4,0.5,0.5213109709186029,0.5046153846153846,1
cegb,covtype,16,1,8,0.25,0.5122749344354348,0.5129041418896242,1
cegb,mushroom,64,3,1,0.25,0.7905831666410217,0.788923076923077,9
cegb,mushroom,64,12,2,0.0625,0.9789198338205878,0.9735384615384616,84
cegb,mushroom,16,6,8,0.125,0.983997538082782,0.9852307692307692,106
cegb,covtype,64,1,1,0.5,0.5122749344354348,0.5129041418896242,1
cegb,mushroom,4,4,2,0.0625,0.9146022464994614,0.9181538461538462,28
cegb,covtype,4,4,4,0.03125,0.73207274385823,0.7321325611214857,52
cegb,mushroom,32,32,1,0.03125,0.9615325434682259,0.9593846153846154,96
cegb,covtype,1,1,8,0.25,0.5122749344354348,0.5129041418896242,1
cegb,covtype,8,1,4,0.125,0.7294157385076451,0.7291636188394448,5
cegb,covtype,2,2,1,0.0625,0.6676290691445304,0.6660241129747081,6
ccp,wine,512,512,1,0.0078125,1.2049541221266844,0.5146153846153846,3608
cegb,mushroom,32,32,2,0.0078125,0.9881520233882136,0.9858461538461538,218
ccp,wine,128,128,8,0.03125,1.2784639573472254,0.44384615384615383,896
cegb,covtype,8,1,2,0.5,0.5122749344354348,0.5129041418896242,1
cegb,covtype,8,8,8,0.03125,0.7408634514391933,0.7408844866311541,152
cegb,mushroom,4,4,4,0.015625,0.974457608862902,0.9766153846153847,70
cegb,mushroom,1,1,4,0.5,0.5213109709186029,0.5046153846153846,1
cegb,covtype,2,2,2,0.015625,0.7294157385076451,0.7291636188394448,14
cegb,covtype,2,2,8,0.0,0.767289359715496,0.7657203342426615,122
cegb,mushroom,64,23,4,0.015625,0.991998769041391,0.9901538461538462,335
cegb,covtype,128,1,4,0.25,0.5122749344354348,0.5129041418896242,1
cegb,mushroom,128,1,2,0.5,0.5213109709186029,0.5046153846153846,1
ccp,wine,128,128,4,0.0078125,1.1957180455977723,0.5392307692307692,926
cegb,covtype,1,1,1,0.0078125,0.6676290691445304,0.6660241129747081,3
cegb,covtype,4,1,1,0.25,0.5122749344354348,0.5129041418896242,1
cegb,covtype,64,8,4,0.03125,0.7364745519127212,0.7363923478739791,96
cegb,mushroom,1,1,8,0.125,0.9849207570395445,0.9864615384615385,27
cegb,mushroom,128,6,4,0.125,0.9623018925988613,0.9587692307692308,88
cegb,covtype,64,1,2,0.125,0.7294157385076451,0.7291636188394448,5
cegb,mushroom,4,4,1,0.125,0.8015079242960456,0.8043076923076923,12
cegb,mushroom,8,8,1,0.0,0.907524234497615,0.9070769230769231,24
cegb,mushroom,2,2,2,0.0078125,0.9099861517156486,0.9144615384615384,14
cegb,covtype,32,5,1,0.0625,0.7283378764180556,0.7276318167345077,15
cegb,mushroom,2,2,1,0.03125,0.7905831666410217,0.788923076923077,6
cegb,mushroom,32,1,8,0.5,0.5213109709186029,0.5046153846153846,1
cegb,mushroom,2,1,8,0.5,0.5213109709186029,0.5046153846153846,1
cegb,mushroom,8,2,2,0.25,0.8444376057855054,0.8443076923076923,12
cegb,mushroom,128,17,8,0.03125,0.983997538082782,0.9852307692307692,343
cegb,mushroom,1,1,1,0.125,0.7905831666410217,0.788923076923077,3
cegb,mushroom,16,16,2,0.0,0.9818433605170026,0.9766153846153847,112
cegb,mushroom,8,8,4,0.0625,0.9798430527773504,0.9772307692307692,128
cegb,mushroom,256,27,2,0.015625,0.9818433605170026,0.9766153846153847,185
cegb,mushroom,8,8,8,0.015625,0.9886136328665949,0.9889230769230769,214
cegb,covtype,16,16,1,0.0078125,0.7299665023697905,0.7298004354448681,48
cegb,covtype,64,16,8,0.0078125,0.787826827793782,0.7878195915768096,976
cegb,covtype,16,1,4,0.5,0.5122749344354348,0.5129041418896242,1
cegb,mushroom,256,122,1,0.0078125,0.9818433605170026,0.9766153846153847,366
cegb,mushroom,128,128,1,0.0,0.9818433605170026,0.9766153846153847,384
cegb,mushroom,256,29,4,0.0078125,0.9995383905216187,0.9969230769230769,429
cegb,covtype,4,4,2,0.0625,0.7294157385076451,0.7291636188394448,20
cegb,mushroom,16,2,4,0.25,0.9623018925988613,0.9587692307692308,30
cegb,covtype,256,28,1,0.015625,0.7310336073526975,0.731323631920002,84
cegb,mushroom,4,4,2,0.03125,0.9146022464994614,0.9181538461538462,28
cegb,mushroom,64,14,1,0.125,0.9586090167718111,0.9563076923076923,42
cegb,mushroom,16,11,8,0.0625,0.983997538082782,0.9852307692307692,211
cegb,mushroom,64,18,2,0.03125,0.9818433605170026,0.9766153846153847,124
cegb,mushroom,32,32,1,0.015625,0.9615325434682259,0.9593846153846154,96
cegb,covtype,256,1,8,0.5,0.5122749344354348,0.5129041418896242,1
ccp,california_housing,1024,1024,2,0.0078125,0.424142007619752,0.4305135292912283,1250
cegb,covtype,32,14,2,0.015625,0.7338132437194632,0.7341462784953917,92
cegb,mushroom,32,32,4,0.0,0.9995383905216187,0.9969230769230769,858
ccp,wine,1024,1024,1,0.0,0.9669023663584613,0.5646153846153846,21504
lgbm_base,kr-vs-kp,512,512,2,0.0,0.9831768388106417,0.9765625,3520
cegb,covtype,1024,1,2,0.25,0.5122749344354348,0.5129041418896242,1
cegb,covtype,512,1,1,0.125,0.6676290691445304,0.6660241129747081,3
lgbm_quant,kr-vs-kp,512,512,2,0.0,0.9683098591549296,0.9421875,3520
cegb,covtype,512,9,2,0.03125,0.7294157385076451,0.7291636188394448,51
cegb,mushroom,1,1,4,0.25,0.9595322357285736,0.955076923076923,17
cegb,mushroom,4,4,4,0.0078125,0.974457608862902,0.9766153846153847,76
ccp,california_housing,1024,1024,1,0.0078125,0.479597571077691,0.4857776632262949,1206
cegb,covtype,1024,4,4,0.0625,0.7294157385076451,0.7291636188394448,20
cegb,covtype,1,1,4,0.5,0.5122749344354348,0.5129041418896242,1
cegb,mushroom,64,29,4,0.0078125,0.9995383905216187,0.9969230769230769,429
cegb,mushroom,128,2,2,0.25,0.8444376057855054,0.8443076923076923,12
cegb,covtype,512,9,8,0.03125,0.7408333315404823,0.7405660783284425,155
cegb,covtype,1024,1,8,0.25,0.5122749344354348,0.5129041418896242,1
cegb,covtype,512,16,4,0.0078125,0.7646302029435746,0.7636033493111193,432
cegb,covtype,1024,4,8,0.0625,0.7294157385076451,0.7291636188394448,20
cegb,mushroom,1,1,8,0.0625,0.9943068164332974,0.9956923076923077,31
cegb,mushroom,128,12,4,0.0625,0.9798430527773504,0.9772307692307692,168
cegb,covtype,128,9,8,0.03125,0.7408333315404823,0.7405660783284425,155
cegb,covtype,32,32,8,0.0,0.8063892910851554,0.8057795409757063,1952
lgbm_base,kr-vs-kp,512,512,1,0.0,0.9507042253521126,0.9421875,1536
lgbm_quant,kr-vs-kp,512,512,1,0.0,0.9507042253521126,0.9421875,1536
cegb,mushroom,8,1,1,0.5,0.5213109709186029,0.5046153846153846,1
cegb,mushroom,2,2,1,0.015625,0.7905831666410217,0.788923076923077,6
cegb,covtype,1024,12,8,0.015625,0.7711748266492258,0.7698424309183067,552
cegb,mushroom,2,2,8,0.25,0.9623018925988613,0.9587692307692308,30
cegb,mushroom,4,4,1,0.0625,0.8015079242960456,0.8043076923076923,12
cegb,mushroom,2,2,4,0.0,0.974457608862902,0.9766153846153847,50
cegb,mushroom,32,2,8,0.25,0.9623018925988613,0.9587692307692308,30
cegb,mushroom,8,7,2,0.125,0.9275273118941375,0.932923076923077,43
cegb,mushroom,128,23,8,0.015625,0.9895368518233575,0.9901538461538462,537
cegb,covtype,8,8,1,0.0,0.7283378764180556,0.7276318167345077,24
cegb,mushroom,16,1,2,0.5,0.5213109709186029,0.5046153846153846,1
cegb,mushroom,8,8,4,0.03125,0.9798430527773504,0.9772307692307692,124
cegb,mushroom,512,1,1,0.5,0.5213109709186029,0.5046153846153846,1
cegb,mushroom,256,36,2,0.0078125,0.9881520233882136,0.9858461538461538,242
cegb,mushroom,1,1,1,0.0625,0.7905831666410217,0.788923076923077,3
cegb,mushroom,8,8,8,0.0078125,0.9915371595630097,0.992,236
cegb,covtype,16,1,8,0.125,0.7294157385076451,0.7291636188394448,5
cegb,covtype,1024,1024,1,0.0,0.7731025001667352,0.7725187817870451,3072
cegb,mushroom,256,256,2,0.0,1.0,1.0,1790
cegb,mushroom,128,1,1,0.5,0.5213109709186029,0.5046153846153846,1
cegb,covtype,128,1,2,0.5,0.5122749344354348,0.5129041418896242,1
cegb,mushroom,256,256,8,0.0,1.0,1.0,7846
cegb,covtype,1,1,8,0.125,0.7294157385076451,0.7291636188394448,5
cegb,covtype,4,4,4,0.015625,0.7441271576066728,0.7431735841587567,106
cegb,mushroom,16,6,4,0.125,0.9623018925988613,0.9587692307692308,88
cegb,covtype,8,4,4,0.0625,0.7294157385076451,0.7291636188394448,20
cegb,mushroom,16,16,8,0.03125,0.983997538082782,0.9852307692307692,336
ccp,wine,256,256,2,0.0625,1.2784639573472254,0.44384615384615383,1792
cegb,covtype,2,2,1,0.03125,0.6676290691445304,0.6660241129747081,6
cegb,mushroom,64,30,1,0.0625,0.9615325434682259,0.9593846153846154,90
cegb,mushroom,4,4,2,0.015625,0.9146022464994614,0.9181538461538462,28
cegb,mushroom,64,27,2,0.015625,0.9818433605170026,0.9766153846153847,185
cegb,covtype,64,1,1,0.25,0.5122749344354348,0.5129041418896242,1
cegb,covtype,8,1,2,0.25,0.5122749344354348,0.5129041418896242,1
cegb,mushroom,32,32,1,0.0078125,0.9615325434682259,0.9593846153846154,96
cegb,covtype,2,1,8,0.5,0.5122749344354348,0.5129041418896242,1
cegb,covtype,8,8,8,0.015625,0.7782379428969749,0.777484230183386,488
cegb,covtype,2,2,2,0.0078125,0.7294157385076451,0.7291636188394448,14
cegb,mushroom,32,1,4,0.5,0.5213109709186029,0.5046153846153846,1
ccp,covtype,8,8,8,0.0625,1.3856916045032905,0.5129041418896242,8
cegb,mushroom,4,4,8,0.0,0.9936913371287891,0.9944615384615385,202
cegb,mushroom,512,7,2,0.125,0.9275273118941375,0.932923076923077,43
cegb,covtype,1,1,2,0.0,0.7294157385076451,0.7291636188394448,7
cegb,covtype,4,1,1,0.125,0.6676290691445304,0.6660241129747081,3
cegb,mushroom,128,7,2,0.125,0.9275273118941375,0.932923076923077,43
cegb,mushroom,64,64,8,0.0,1.0,1.0,3848
cegb,mushroom,512,17,4,0.03125,0.9798430527773504,0.9772307692307692,229
cegb,mushroom,512,6,8,0.125,0.983997538082782,0.9852307692307692,106
cegb,covtype,32,16,1,0.03125,0.7299665023697905,0.7298004354448681,48
cegb,covtype,128,1,4,0.125,0.7294157385076451,0.7291636188394448,5
cegb,covtype,64,12,4,0.015625,0.747436043622219,0.7464953572627213,222
cegb,mushroom,512,30,8,0.0078125,1.0,1.0,722
cegb,covtype,64,4,2,0.0625,0.7294157385076451,0.7291636188394448,20
cegb,mushroom,128,17,4,0.03125,0.9798430527773504,0.9772307692307692,229
cegb,mushroom,8,3,1,0.25,0.7905831666410217,0.788923076923077,9
cegb,covtype,16,1,4,0.25,0.5122749344354348,0.5129041418896242,1
cegb,covtype,16,16,2,0.0,0.734441458749723,0.7353252497784051,112
cegb,mushroom,32,6,8,0.125,0.983997538082782,0.9852307692307692,106
cegb,covtype,4,4,2,0.03125,0.7294157385076451,0.7291636188394448,24
cegb,mushroom,8,8,2,0.0625,0.9719956916448684,0.9716923076923077,56
cegb,mushroom,1024,1,2,0.5,0.5213109709186029,0.5046153846153846,1
cegb,mushroom,1024,6,4,0.125,0.9623018925988613,0.9587692307692308,88
cegb,covtype,256,256,4,0.0,0.8190116800664359,0.8157792828068122,7658
cegb,mushroom,16,2,2,0.25,0.8444376057855054,0.8443076923076923,12
cegb,mushroom,128,30,8,0.0078125,1.0,1.0,722
cegb,mushroom,1024,1,8,0.5,0.5213109709186029,0.5046153846153846,1
cegb,mushroom,1024,6,8,0.125,0.983997538082782,0.9852307692307692,106
cegb,mushroom,8,8,4,0.015625,0.9890752423449761,0.9870769230769231,146
ccp,wine,512,512,2,0.0078125,1.1957180455977718,0.5392307692307692,3614
cegb,mushroom,1,1,1,0.03125,0.7905831666410217,0.788923076923077,3
cegb,mushroom,16,16,1,0.0,0.9292198799815357,0.931076923076923,48
cegb,mushroom,512,3,1,0.25,0.7905831666410217,0.788923076923077,9
cegb,mushroom,256,256,4,0.0,1.0,1.0,5432
cegb,mushroom,128,3,1,0.25,0.7905831666410217,0.788923076923077,9
cegb,mushroom,256,1,2,0.5,0.5213109709186029,0.5046153846153846,1
cegb,mushroom,256,1,8,0.5,0.5213109709186029,0.5046153846153846,1
cegb,mushroom,16,12,4,0.0625,0.9798430527773504,0.9772307692307692,168
cegb,covtype,32,21,2,0.0078125,0.7350653709373097,0.7357555312685559,145
cegb,mushroom,64,52,1,0.03125,0.9689182951223265,0.9692307692307692,156
cegb,mushroom,16,16,8,0.015625,0.9886136328665949,0.9889230769230769,432
cegb,mushroom,1024,17,8,0.03125,0.983997538082782,0.9852307692307692,343
cegb,mushroom,64,36,2,0.0078125,0.9881520233882136,0.9858461538461538,242
cegb,mushroom,32,32,2,0.0,0.9881520233882136,0.9858461538461538,222
cegb,mushroom,1024,30,8,0.0078125,1.0,1.0,722
cegb,covtype,1,1,4,0.25,0.5122749344354348,0.5129041418896242,1
cegb,covtype,128,128,1,0.0,0.7491894520114714,0.7495933839918074,384
cegb,mushroom,32,2,4,0.25,0.9623018925988613,0.9587692307692308,30
cegb,california_housing,1,1,2,0.5,1.3361286263161214,1.313623533045075,1
cegb,mushroom,512,12,2,0.0625,0.9789198338205878,0.9735384615384616,84
cegb,california_housing,1,1,4,0.125,1.1921920628495402,1.1742286985180144,29
cegb,mushroom,128,12,2,0.0625,0.9789198338205878,0.9735384615384616,84
cegb,mushroom,64,1,8,0.5,0.5213109709186029,0.5046153846153846,1
cegb,covtype,32,1,8,0.5,0.5122749344354348,0.5129041418896242,1
cegb,mushroom,512,23,4,0.015625,0.991998769041391,0.9901538461538462,335
cegb,mushroom,512,11,8,0.0625,0.983997538082782,0.9852307692307692,211
cegb,covtype,8,1,1,0.5,0.5122749344354348,0.5129041418896242,1
cegb,covtype,256,1,8,0.25,0.5122749344354348,0.5129041418896242,1
cegb,covtype,256,52,1,0.0078125,0.7321824663463917,0.732769377726909,156
cegb,mushroom,128,23,4,0.015625,0.991998769041391,0.9901538461538462,335
cegb,california_housing,1,1,8,0.03125,1.1680751060656496,1.1509346138067602,61
cegb,mushroom,32,11,8,0.0625,0.983997538082782,0.9852307692307692,211
lgbm_base,kr-vs-kp,512,512,4,0.0,0.9960876369327074,0.978125,12156
cegb,california_housing,2,2,1,0.0078125,1.1918025641988952,1.174974594389737,6
cegb,mushroom,256,256,1,0.0,0.9881520233882136,0.9833846153846154,768
lgbm_quant,kr-vs-kp,512,512,4,0.0,0.9960876369327074,0.978125,12156
cegb,california_housing,2,1,4,0.5,1.3361286263161214,1.313623533045075,1
cegb,mushroom,1024,1024,1,0.0,0.9995383905216187,0.9969230769230769,3072
cegb,mushroom,1024,2,2,0.25,0.8444376057855054,0.8443076923076923,12
cegb,mushroom,1,1,1,0.015625,0.7905831666410217,0.788923076923077,3
cegb,california_housing,2,2,8,0.125,1.0883478366438255,1.0750176236016884,72
cegb,mushroom,1024,12,4,0.0625,0.9798430527773504,0.9772307692307692,168
cegb,mushroom,1024,2,8,0.25,0.9623018925988613,0.9587692307692308,30
cegb,mushroom,512,14,1,0.125,0.9586090167718111,0.9563076923076923,42
cegb,california_housing,4,4,1,0.03125,1.0865705184244836,1.0700743849083598,12
cegb,mushroom,1024,11,8,0.0625,0.983997538082782,0.9852307692307692,211
cegb,covtype,16,4,8,0.0625,0.7294157385076451,0.7291636188394448,20
cegb,mushroom,128,14,1,0.125,0.9586090167718111,0.9563076923076923,42
cegb,mushroom,256,1,4,0.5,0.5213109709186029,0.5046153846153846,1
cegb,mushroom,256,2,8,0.25,0.9623018925988613,0.9587692307692308,30
cegb,mushroom,256,2,2,0.25,0.8444376057855054,0.8443076923076923,12
cegb,covtype,1,1,8,0.0625,0.7294157385076451,0.7291636188394448,5
cegb,mushroom,64,64,1,0.015625,0.9755346976457917,0.9723076923076923,192
cegb,covtype,128,12,8,0.015625,0.7711748266492258,0.7698424309183067,552
cegb,california_housing,4,4,2,0.0078125,0.986294289843436,0.9708711976585527,28
cegb,covtype,4,4,4,0.0078125,0.7461279794496234,0.7449635551577842,118
cegb,covtype,2,2,1,0.015625,0.6676290691445304,0.6660241129747081,6
cegb,covtype,8,8,4,0.03125,0.7364745519127212,0.7363923478739791,96
cegb,mushroom,64,64,4,0.0,1.0,1.0,1770
cegb,california_housing,8,8,1,0.125,0.943005953636615,0.92824597487583,24
cegb,covtype,8,1,2,0.125,0.7294157385076451,0.7291636188394448,5
cegb,mushroom,1024,23,8,0.015625,0.9895368518233575,0.9901538461538462,537
ccp,california_housing,512,512,8,0.5,1.3361286263161214,1.3136235330402446,512
cegb,california_housing,8,8,2,0.03125,0.8086329001871687,0.8005023102471456,56
cegb,california_housing,4,1,8,0.5,1.3361286263161214,1.313623533045075,1
cegb,california_housing,1,1,1,0.0,1.2571914647574123,1.237422852167543,3
cegb,california_housing,8,8,4,0.0078125,0.650461926361501,0.6506994590444953,248
cegb,covtype,2,2,4,0.0,0.7518615173114118,0.7494298770255501,62
cegb,covtype,128,1,2,0.25,0.5122749344354348,0.5129041418896242,1
cegb,covtype,2,1,8,0.25,0.5122749344354348,0.5129041418896242,1
cegb,covtype,64,1,1,0.125,0.6676290691445304,0.6660241129747081,3
cegb,covtype,8,8,8,0.0078125,0.7871190101740715,0.7871655637117803,488
cegb,mushroom,512,18,2,0.03125,0.9818433605170026,0.9766153846153847,124
cegb,california_housing,1,1,2,0.25,1.2436103994576302,1.2258320510429106,5
cegb,mushroom,128,18,2,0.03125,0.9818433605170026,0.9766153846153847,124
cegb,california_housing,1,1,4,0.0625,1.188887440640399,1.170868640364146,31
ccp,california_housing,1024,1024,4,0.015625,0.49542598275719996,0.5019753867633459,1204
cegb,covtype,4,4,1,0.0625,0.6676290691445304,0.6660241129747081,12
cegb,mushroom,64,2,8,0.25,0.9623018925988613,0.9587692307692308,30
cegb,mushroom,512,17,8,0.03125,0.983997538082782,0.9852307692307692,343
cegb,mushroom,512,29,4,0.0078125,0.9995383905216187,0.9969230769230769,429
cegb,mushroom,128,29,4,0.0078125,0.9995383905216187,0.9969230769230769,429
lgbm_base,breastcancer,4,4,2,0.0,0.9472527472527472,0.8859649122807017,28
lgbm_quant,breastcancer,4,4,2,0.0,0.9472527472527472,0.8859649122807017,28
ccp,wine,512,512,4,0.0078125,1.1957180455977718,0.5392307692307692,3614
cegb,covtype,512,5,1,0.0625,0.7283378764180556,0.7276318167345077,15
cegb,california_housing,1,1,8,0.015625,1.166734981087697,1.1500175532009411,61
cegb,covtype,16,1,2,0.5,0.5122749344354348,0.5129041418896242,1
cegb,covtype,32,28,1,0.015625,0.7310336073526975,0.731323631920002,84
cegb,covtype,4,4,2,0.015625,0.7294157385076451,0.7291636188394448,28
cegb,covtype,16,1,4,0.125,0.7294157385076451,0.7291636188394448,5
cegb,california_housing,2,2,2,0.0,1.1303896744626412,1.1120305918300426,14
cegb,california_housing,16,1,1,0.5,1.3361286263161214,1.313623533045075,1
cegb,mushroom,256,1,1,0.5,0.5213109709186029,0.5046153846153846,1
cegb,covtype,64,9,2,0.03125,0.7294157385076451,0.7291636188394448,51
cegb,california_housing,2,2,4,0.25,1.1617537301248753,1.1464453449881187,10
cegb,covtype,64,16,4,0.0078125,0.7646302029435746,0.7636033493111193,432
cegb,mushroom,1,1,1,0.0078125,0.7905831666410217,0.788923076923077,3
ccp,kin8nm,1024,1024,8,0.0,5.18613273076434e-06,0.012883739769355293,214152
cegb,mushroom,1024,1,1,0.5,0.5213109709186029,0.5046153846153846,1
cegb,california_housing,2,2,8,0.0625,1.0465955717947657,1.0342154250812248,122
cegb,mushroom,1024,7,2,0.125,0.9275273118941375,0.932923076923077,43
cegb,california_housing,16,7,2,0.125,0.9041444570228729,0.8929261294796774,35
cegb,covtype,128,4,4,0.0625,0.7294157385076451,0.7291636188394448,20
cegb,mushroom,1024,17,4,0.03125,0.9798430527773504,0.9772307692307692,229
cegb,california_housing,4,4,1,0.015625,1.0865705184244836,1.0700743849083598,12
cegb,mushroom,256,2,4,0.25,0.9623018925988613,0.9587692307692308,30
cegb,mushroom,256,6,8,0.125,0.983997538082782,0.9852307692307692,106
cegb,covtype,512,12,8,0.015625,0.7711748266492258,0.7698424309183067,552
cegb,california_housing,16,15,4,0.03125,0.5444330525893345,0.5489160634409384,283
cegb,mushroom,512,30,1,0.0625,0.9615325434682259,0.9593846153846154,90
cegb,mushroom,256,7,2,0.125,0.9275273118941375,0.932923076923077,43
cegb,mushroom,128,30,1,0.0625,0.9615325434682259,0.9593846153846154,90
cegb,california_housing,16,16,8,0.0078125,0.37068429371402195,0.39366813213390095,976
cegb,covtype,512,14,2,0.015625,0.7338132437194632,0.7341462784953917,92
cegb,california_housing,32,1,2,0.5,1.3361286263161214,1.313623533045075,1
ccp,covtype,64,64,2,0.125,1.3856916045032899,0.5129041418896242,64
cegb,california_housing,4,4,4,0.0,0.8783111467007421,0.8673407138602505,124
cegb,california_housing,8,8,1,0.0625,0.943005953636615,0.92824597487583,24
cegb,covtype,32,32,4,0.0,0.7789973946287615,0.7777251878178705,992
cegb,california_housing,32,7,4,0.125,0.8571363432171919,0.8485409332581172,67
cegb,california_housing,8,8,2,0.015625,0.8086329001871687,0.8005023102471456,56
cegb,california_housing,32,14,8,0.03125,0.5071320447023517,0.5244036366598857,592
ccp,wine,256,256,4,0.125,1.2784639573472254,0.44384615384615383,1792
cegb,california_housing,4,3,8,0.25,1.107551380144227,1.0918993080228583,13
cegb,california_housing,1,1,1,0.5,1.3361286263161214,1.313623533045075,1
cegb,california_housing,8,8,8,0.0,0.566579991909233,0.57275698055909,488
cegb,california_housing,64,64,1,0.0078125,0.5335283376658226,0.5364387070661939,192
cegb,california_housing,64,1,4,0.5,1.3361286263161214,1.313623533045075,1
cegb,covtype,8,1,1,0.25,0.5122749344354348,0.5129041418896242,1
cegb,california_housing,1,1,2,0.125,1.2229039456138775,1.2031210675184463,7
cegb,covtype,128,1,1,0.5,0.5122749344354348,0.5129041418896242,1
cegb,mushroom,512,27,2,0.015625,0.9818433605170026,0.9766153846153847,185
cegb,california_housing,1,1,4,0.03125,1.1881620501551984,1.1706662155853453,31
cegb,mushroom,128,27,2,0.015625,0.9818433605170026,0.9766153846153847,185
cegb,covtype,256,1,4,0.5,0.5122749344354348,0.5129041418896242,1
cegb,covtype,32,1,8,0.25,0.5122749344354348,0.5129041418896242,1
cegb,california_housing,64,7,8,0.125,0.8387588609916096,0.8316200722155711,99
cegb,mushroom,512,23,8,0.015625,0.9895368518233575,0.9901538461538462,537
cegb,california_housing,128,32,1,0.03125,0.6550983797152722,0.6500186728175437,96
cegb,mushroom,128,128,8,0.0,1.0,1.0,7106
cegb,mushroom,512,512,8,0.0,1.0,1.0,8642
cegb,california_housing,1,1,8,0.0078125,1.1666624801332852,1.149993495354419,61
lgbm_base,kr-vs-kp,512,512,8,0.0,0.9960876369327074,0.9796875,30416
cegb,california_housing,2,1,2,0.5,1.3361286263161214,1.313623533045075,1
cegb,covtype,16,9,8,0.03125,0.7408333315404823,0.7405660783284425,155
lgbm_quant,kr-vs-kp,512,512,8,0.0,0.9921752738654147,0.9671875,30416
ccp,kin8nm,1024,1024,4,0.25,0.06967849062757504,0.06868760694503105,1024
cegb,california_housing,128,40,2,0.0078125,0.4335390557613218,0.4378828537445471,280
cegb,california_housing,16,4,1,0.25,1.0865705184244836,1.0700743849083598,12
cegb,mushroom,256,3,1,0.25,0.7905831666410217,0.788923076923077,9
cegb,california_housing,2,2,4,0.125,1.1069101279508344,1.092410452854201,40
cegb,covtype,4,4,8,0.0,0.7785176276707206,0.7777423990774764,244
cegb,california_housing,128,1,8,0.5,1.3361286263161214,1.313623533045075,1
cegb,mushroom,1,1,2,0.0,0.9099861517156486,0.9144615384615384,7
cegb,california_housing,2,2,8,0.03125,1.0353757807234618,1.0235822845763862,122
cegb,covtype,8,4,2,0.0625,0.7294157385076451,0.7291636188394448,20
cegb,covtype,8,8,4,0.015625,0.7505297875041146,0.7496192008812165,194
cegb,mushroom,1024,3,1,0.25,0.7905831666410217,0.788923076923077,9
cegb,mushroom,1024,12,2,0.0625,0.9789198338205878,0.9735384615384616,84
cegb,california_housing,4,4,1,0.0078125,1.0865705184244836,1.0700743849083598,12
cegb,california_housing,16,12,2,0.0625,0.7281582645986838,0.7208956019103809,74
cegb,covtype,1024,1,2,0.125,0.7294157385076451,0.7291636188394448,5
cegb,california_housing,16,16,4,0.015625,0.4864001268175716,0.4968011209755743,434
cegb,mushroom,256,6,4,0.125,0.9623018925988613,0.9587692307692308,88
cegb,mushroom,256,12,2,0.0625,0.9789198338205878,0.9735384615384616,84
cegb,mushroom,256,11,8,0.0625,0.983997538082782,0.9852307692307692,211
cegb,mushroom,1024,23,4,0.015625,0.991998769041391,0.9901538461538462,335
cegb,mushroom,512,52,1,0.03125,0.9689182951223265,0.9692307692307692,156
cegb,california_housing,256,18,2,0.03125,0.613927833650591,0.6114228475925151,122
cegb,california_housing,256,9,1,0.125,0.9175630850498618,0.9038221443289534,27
cegb,california_housing,32,32,1,0.0,0.6550983797152722,0.6500186728175437,96
cegb,california_housing,4,1,4,0.5,1.3361286263161214,1.313623533045075,1
cegb,california_housing,32,3,2,0.25,1.107551380144227,1.0918993080228583,13
cegb,covtype,256,1,8,0.125,0.7294157385076451,0.7291636188394448,5
cegb,covtype,16,16,1,0.0,0.7299665023697905,0.7298004354448681,48
lgbm_base,kr-vs-kp,1024,1024,1,0.0,0.9597026604068858,0.95,3072
cegb,california_housing,8,8,1,0.03125,0.943005953636615,0.92824597487583,24
cegb,california_housing,32,11,4,0.0625,0.6816621366896217,0.6781914118873823,139
cegb,covtype,1024,8,4,0.03125,0.7364745519127212,0.7363923478739791,96
lgbm_quant,kr-vs-kp,1024,1024,1,0.0,0.9597026604068858,0.95,3072
cegb,covtype,128,16,8,0.0078125,0.787826827793782,0.7878195915768096,976
cegb,california_housing,8,8,2,0.0078125,0.8086329001871687,0.8005023102471456,56
cegb,california_housing,4,4,8,0.125,0.9600515384991728,0.9510605777179216,86
cegb,covtype,64,5,1,0.0625,0.7283378764180556,0.7276318167345077,15
cegb,california_housing,32,17,8,0.015625,0.4102385376650834,0.4338230954942406,897
cegb,california_housing,1,1,1,0.25,1.2571914647574123,1.237422852167543,3
cegb,california_housing,8,1,8,0.5,1.3361286263161214,1.313623533045075,1
cegb,california_housing,64,3,4,0.25,1.107551380144227,1.0918993080228583,13
cegb,california_housing,64,64,2,0.0,0.36371149024764615,0.3735876700958259,448
cegb,covtype,128,1,2,0.125,0.7294157385076451,0.7291636188394448,5
cegb,california_housing,1,1,2,0.0625,1.2229039456138775,1.2031210675184463,7
cegb,california_housing,1,1,4,0.015625,1.1881620501551984,1.1706662155853453,31
cegb,mushroom,512,36,2,0.0078125,0.9881520233882136,0.9858461538461538,242
ccp,wine,512,512,2,0.0,4.793399107433901e+34,0.6015384615384616,24110
ccp,wine,1024,1024,2,0.125,1.2784639573472254,0.44384615384615383,7168
cegb,california_housing,256,22,4,0.0078125,0.394864451619222,0.40861125393375497,624
cegb,california_housing,64,11,8,0.0625,0.6563438189414225,0.6565913335622021,237
ccp,california_housing,512,512,4,0.0625,0.7728436808293365,0.7593966100935937,556
cegb,covtype,16,1,2,0.25,0.5122749344354348,0.5129041418896242,1
cegb,covtype,16,4,4,0.0625,0.7294157385076451,0.7291636188394448,20
cegb,california_housing,128,56,1,0.015625,0.5549755621549874,0.5562182283869787,168
ccp,covtype,32,32,2,0.0,1.0591979617742608,0.7459015688063131,224
cegb,covtype,32,32,1,0.0078125,0.7310336073526975,0.731323631920002,96
ccp,covtype,16,16,4,0.0625,1.3856916045032899,0.5129041418896242,16
cegb,california_housing,512,1,1,0.5,1.3361286263161214,1.313623533045075,1
cegb,california_housing,512,7,2,0.125,0.9041444570228729,0.8929261294796774,35
cegb,mushroom,512,1,8,0.5,0.5213109709186029,0.5046153846153846,1
ccp,covtype,16,16,8,0.5,1.3856916045032899,0.5129041418896242,16
cegb,california_housing,2,2,1,0.0,1.1918025641988952,1.174974594389737,6
ccp,wine,128,128,8,0.015625,1.2368394505863347,0.44384615384615383,906
cegb,california_housing,2,2,2,0.25,1.1617537301248753,1.1464453449881187,10
cegb,covtype,1024,1,1,0.5,0.5122749344354348,0.5129041418896242,1
cegb,california_housing,512,15,4,0.03125,0.5444330525893345,0.5489160634409384,283
cegb,california_housing,512,7,8,0.125,0.8387588609916096,0.8316200722155711,99
cegb,california_housing,16,9,1,0.125,0.9175630850498618,0.9038221443289534,27
cegb,california_housing,2,2,4,0.0625,1.075031114266481,1.0597286730466613,50
cegb,covtype,256,256,2,0.0,0.7809616423089915,0.7801691866819274,1792
cegb,california_housing,128,128,4,0.0,0.2062853997460129,0.24508873175160023,3672
cegb,covtype,64,14,2,0.015625,0.7338132437194632,0.7341462784953917,92
ccp,california_housing,256,256,8,0.03125,0.6262472499309512,0.6244177930587176,346
cegb,california_housing,128,3,8,0.25,1.107551380144227,1.0918993080228583,13
cegb,california_housing,512,21,8,0.0078125,0.3391644252492749,0.3645637544474774,1223
cegb,california_housing,2,2,8,0.015625,1.0314681266023171,1.019565241515096,122
cegb,mushroom,1024,14,1,0.125,0.9586090167718111,0.9563076923076923,42
cegb,california_housing,1024,1,8,0.5,1.3361286263161214,1.313623533045075,1
cegb,california_housing,4,4,2,0.0,0.986294289843436,0.9708711976585527,28
cegb,california_housing,1024,1,2,0.5,1.3361286263161214,1.313623533045075,1
cegb,mushroom,1024,18,2,0.03125,0.9818433605170026,0.9766153846153847,124
cegb,california_housing,1024,7,4,0.125,0.8571363432171919,0.8485409332581172,67
cegb,california_housing,16,16,2,0.03125,0.6442687019483333,0.640683853030262,108
cegb,covtype,32,1,4,0.5,0.5122749344354348,0.5129041418896242,1
cegb,mushroom,256,12,4,0.0625,0.9798430527773504,0.9772307692307692,168
cegb,california_housing,256,28,2,0.015625,0.5067459140089823,0.5078096550822481,194
cegb,california_housing,16,16,4,0.0078125,0.44771801224797236,0.4582994176439668,492
cegb,mushroom,256,17,8,0.03125,0.983997538082782,0.9852307692307692,343
cegb,california_housing,256,18,1,0.0625,0.7733046009463259,0.7627198012629874,54
cegb,mushroom,512,81,1,0.015625,0.9801507924296046,0.976,243
cegb,california_housing,4,3,4,0.25,1.107551380144227,1.0918993080228583,13
cegb,california_housing,32,1,1,0.5,1.3361286263161214,1.313623533045075,1
cegb,california_housing,1024,7,8,0.125,0.8387588609916096,0.8316200722155711,99
cegb,california_housing,32,7,2,0.125,0.9041444570228729,0.8929261294796774,35
cegb,mushroom,1024,29,4,0.0078125,0.9995383905216187,0.9969230769230769,429
cegb,covtype,128,8,4,0.03125,0.7364745519127212,0.7363923478739791,96
cegb,california_housing,8,8,1,0.015625,0.943005953636615,0.92824597487583,24
cegb,california_housing,32,15,4,0.03125,0.5444330525893345,0.5489160634409384,283
cegb,california_housing,4,4,8,0.0625,0.889354630093201,0.8826295903359208,164
cegb,california_housing,8,8,4,0.0,0.6506005378179411,0.6504796622887956,248
cegb,california_housing,32,21,8,0.0078125,0.3391644252492749,0.3645637544474774,1223
cegb,california_housing,8,3,8,0.25,1.107551380144227,1.0918993080228583,13
cegb,california_housing,1,1,1,0.125,1.2571914647574123,1.237422852167543,3
cegb,covtype,32,1,8,0.125,0.7294157385076451,0.7291636188394448,5
cegb,california_housing,64,7,4,0.125,0.8571363432171919,0.8485409332581172,67
cegb,california_housing,64,1,2,0.5,1.3361286263161214,1.313623533045075,1
cegb,california_housing,1,1,2,0.03125,1.2229039456138775,1.2031210675184463,7
cegb,covtype,64,64,8,0.0,0.8229251154775402,0.8216225054430608,3904
cegb,california_housing,1,1,4,0.0078125,1.1875041391546586,1.1701520429186951,31
cegb,covtype,128,1,1,0.25,0.5122749344354348,0.5129041418896242,1
cegb,california_housing,64,14,8,0.03125,0.5071320447023517,0.5244036366598857,592
cegb,mushroom,512,512,4,0.0,1.0,1.0,6702
cegb,california_housing,1024,21,8,0.0078125,0.3391644252492749,0.3645637544474774,1223
cegb,california_housing,1024,14,8,0.03125,0.5071320447023517,0.5244036366598857,592
cegb,kin8nm,1,1,2,0.5,0.06967849062757506,0.0686876069459793,1
cegb,california_housing,128,90,1,0.0078125,0.48276528111761735,0.4879205417258676,270
cegb,covtype,16,12,8,0.015625,0.7711748266492258,0.7698424309183067,552
cegb,kin8nm,1,1,8,0.03125,0.06967849062757506,0.0686876069459793,1
cegb,california_housing,512,12,2,0.0625,0.7281582645986838,0.7208956019103809,74
cegb,kin8nm,1,1,4,0.125,0.06967849062757506,0.0686876069459793,1
cegb,california_housing,256,256,8,0.0,0.10667704131274258,0.20360432200687767,15616
cegb,california_housing,512,4,1,0.25,1.0865705184244836,1.0700743849083598,12
cegb,mushroom,512,2,8,0.25,0.9623018925988613,0.9587692307692308,30
cegb,california_housing,2,1,1,0.5,1.3361286263161214,1.313623533045075,1
cegb,california_housing,2,2,2,0.125,1.1455190448708898,1.1286661905499278,12
ccp,california_housing,1024,1024,2,0.0,0.1980564707316362,0.2435864212286374,7158
cegb,covtype,512,16,1,0.03125,0.7299665023697905,0.7298004354448681,48
cegb,california_housing,512,11,8,0.0625,0.6563438189414225,0.6565913335622021,237
cegb,california_housing,2,2,4,0.03125,1.0650266924862273,1.0486839516439483,62
cegb,california_housing,16,16,1,0.0625,0.7972336241214447,0.7859199928714297,48
cegb,california_housing,512,18,4,0.015625,0.4655842659662387,0.4768001681122141,464
cegb,california_housing,128,1,4,0.5,1.3361286263161214,1.313623533045075,1
cegb,covtype,256,1,4,0.25,0.5122749344354348,0.5129041418896242,1
ccp,wine,128,128,8,0.0,0.027661826402501477,0.6592307692307692,242860
cegb,california_housing,128,7,8,0.125,0.8387588609916096,0.8316200722155711,99
cegb,california_housing,2,2,8,0.0078125,1.030294735296522,1.0185359410140142,122
cegb,kin8nm,2,2,1,0.0078125,0.06407253355180217,0.06332043023817106,6
cegb,california_housing,4,1,2,0.5,1.3361286263161214,1.313623533045075,1
cegb,mushroom,256,17,4,0.03125,0.9798430527773504,0.9772307692307692,229
cegb,california_housing,1024,3,2,0.25,1.107551380144227,1.0918993080228583,13
cegb,mushroom,1024,30,1,0.0625,0.9615325434682259,0.9593846153846154,90
cegb,california_housing,1024,11,4,0.0625,0.6816621366896217,0.6781914118873823,139
cegb,mushroom,1024,27,2,0.015625,0.9818433605170026,0.9766153846153847,185
cegb,california_housing,16,16,2,0.015625,0.6362157305603136,0.6323536991506009,112
cegb,mushroom,256,23,8,0.015625,0.9895368518233575,0.9901538461538462,537
cegb,california_housing,256,40,2,0.0078125,0.4335390557613218,0.4378828537445471,280
cegb,california_housing,1024,3,8,0.25,1.107551380144227,1.0918993080228583,13
cegb,california_housing,1024,1024,1,0.0,0.31907873478581056,0.3353544510022066,3072
cegb,california_housing,16,16,8,0.0,0.3588496142296239,0.3796890145894118,976
cegb,california_housing,256,32,1,0.03125,0.6550983797152722,0.6500186728175437,96
cegb,california_housing,4,4,4,0.125,0.9786241522453366,0.9684278888887127,54
cegb,california_housing,32,4,1,0.25,1.0865705184244836,1.0700743849083598,12
cegb,mushroom,512,122,1,0.0078125,0.9818433605170026,0.9766153846153847,366
cegb,california_housing,32,12,2,0.0625,0.7281582645986838,0.7208956019103809,74
cegb,california_housing,1024,11,8,0.0625,0.6563438189414225,0.6565913335622021,237
cegb,covtype,64,16,1,0.03125,0.7299665023697905,0.7298004354448681,48
cegb,california_housing,8,8,1,0.0078125,0.943005953636615,0.92824597487583,24
cegb,california_housing,32,18,4,0.015625,0.4655842659662387,0.4768001681122141,464
cegb,california_housing,4,4,8,0.03125,0.8374535835233003,0.8336867652938893,244
cegb,covtype,512,21,2,0.0078125,0.7350653709373097,0.7357555312685559,145
cegb,mushroom,1024,1024,8,0.0,1.0,1.0,10178
cegb,california_housing,8,1,4,0.5,1.3361286263161214,1.313623533045075,1
cegb,california_housing,1,1,1,0.0625,1.2571914647574123,1.237422852167543,3
cegb,california_housing,64,64,1,0.0,0.5335283376658226,0.5364387070661939,192
cegb,california_housing,8,7,8,0.125,0.8387588609916096,0.8316200722155711,99
cegb,california_housing,64,11,4,0.0625,0.6816621366896217,0.6781914118873823,139
cegb,california_housing,64,3,2,0.25,1.107551380144227,1.0918993080228583,13
ccp,covtype,128,128,2,0.0,0.9635783576209139,0.7721831622247274,896
cegb,california_housing,1,1,2,0.015625,1.2229039456138775,1.2031210675184463,7
cegb,california_housing,1,1,8,0.0,1.1666624801332852,1.149993495354419,61
ccp,wine,1024,1024,1,0.5,1.2784639573472254,0.44384615384615383,7168
cegb,covtype,128,4,2,0.0625,0.7294157385076451,0.7291636188394448,20
cegb,covtype,256,4,8,0.0625,0.7294157385076451,0.7291636188394448,20
cegb,california_housing,64,17,8,0.015625,0.4102385376650834,0.4338230954942406,897
cegb,covtype,32,32,2,0.0,0.740220176459578,0.7406951627754877,224
cegb,mushroom,512,1,4,0.5,0.5213109709186029,0.5046153846153846,1
cegb,kin8nm,1,1,8,0.015625,0.06658372588648219,0.06571994905758295,3
cegb,kin8nm,1,1,1,0.0,0.06658372588648219,0.06571994905758295,3
cegb,kin8nm,1,1,2,0.25,0.06967849062757506,0.0686876069459793,1
cegb,kin8nm,2,1,4,0.5,0.06967849062757506,0.0686876069459793,1
cegb,kin8nm,1,1,4,0.0625,0.06967849062757506,0.0686876069459793,1
cegb,california_housing,1024,17,8,0.015625,0.4102385376650834,0.4338230954942406,897
cegb,california_housing,128,128,2,0.0,0.2984920485144411,0.31500354834006516,896
cegb,california_housing,256,1,8,0.5,1.3361286263161214,1.313623533045075,1
cegb,california_housing,2,2,1,0.25,1.1918025641988952,1.174974594389737,6
cegb,kin8nm,2,1,8,0.125,0.06967849062757506,0.0686876069459793,1
cegb,california_housing,512,18,2,0.03125,0.613927833650591,0.6114228475925151,122
cegb,california_housing,512,9,1,0.125,0.9175630850498618,0.9038221443289534,27
cegb,california_housing,2,2,2,0.0625,1.1303896744626412,1.1120305918300426,14
cegb,kin8nm,4,1,1,0.03125,0.06967849062757506,0.0686876069459793,1
cegb,kin8nm,4,4,2,0.0078125,0.060242187313213166,0.05960967785637079,12
cegb,covtype,64,21,2,0.0078125,0.7350653709373097,0.7357555312685559,145
cegb,california_housing,16,16,1,0.03125,0.7972336241214447,0.7859199928714297,48
cegb,california_housing,512,14,8,0.03125,0.5071320447023517,0.5244036366598857,592
cegb,california_housing,2,2,4,0.015625,1.0650266924862273,1.0486839516439483,62
cegb,covtype,32,1,4,0.25,0.5122749344354348,0.5129041418896242,1
cegb,kin8nm,4,1,8,0.5,0.06967849062757506,0.0686876069459793,1
cegb,california_housing,128,3,4,0.25,1.107551380144227,1.0918993080228583,13
cegb,california_housing,512,22,4,0.0078125,0.394864451619222,0.40861125393375497,624
cegb,california_housing,4,4,1,0.0,1.0865705184244836,1.0700743849083598,12
cegb,california_housing,128,11,8,0.0625,0.6563438189414225,0.6565913335622021,237
cegb,kin8nm,2,2,2,0.0,0.06249043310550876,0.06185041583974018,14
cegb,california_housing,4,3,2,0.25,1.107551380144227,1.0918993080228583,13
cegb,covtype,256,256,1,0.0,0.7636018235447248,0.7635947436813163,768
cegb,covtype,512,512,8,0.0,0.9046447035233828,0.8991248074490331,31232
cegb,mushroom,256,23,4,0.015625,0.991998769041391,0.9901538461538462,335
cegb,mushroom,1024,36,2,0.0078125,0.9881520233882136,0.9858461538461538,242
cegb,mushroom,256,30,8,0.0078125,1.0,1.0,722
cegb,california_housing,16,16,2,0.0078125,0.6362157305603136,0.6323536991506009,112
cegb,california_housing,1024,7,2,0.125,0.9041444570228729,0.8929261294796774,35
cegb,california_housing,256,56,1,0.015625,0.5549755621549874,0.5562182283869787,168
cegb,mushroom,1024,52,1,0.03125,0.9689182951223265,0.9692307692307692,156
cegb,california_housing,1024,15,4,0.03125,0.5444330525893345,0.5489160634409384,283
cegb,california_housing,16,1,8,0.5,1.3361286263161214,1.313623533045075,1
cegb,kin8nm,8,1,1,0.125,0.06967849062757506,0.0686876069459793,1
cegb,kin8nm,8,1,2,0.03125,0.06967849062757506,0.0686876069459793,1
cegb,california_housing,4,4,4,0.0625,0.9211752227953725,0.9108932846864823,78
cegb,california_housing,1024,1,1,0.5,1.3361286263161214,1.313623533045075,1
cegb,california_housing,32,18,2,0.03125,0.613927833650591,0.6114228475925151,122
cegb,california_housing,32,9,1,0.125,0.9175630850498618,0.9038221443289534,27
cegb,covtype,32,4,8,0.0625,0.7294157385076451,0.7291636188394448,20
cegb,mushroom,512,512,2,0.0,1.0,1.0,3582
cegb,california_housing,256,256,4,0.0,0.17100724205754614,0.2221496888068244,7196
cegb,california_housing,8,8,2,0.0,0.8086329001871687,0.8005023102471456,56
cegb,california_housing,32,22,4,0.0078125,0.394864451619222,0.40861125393375497,624
cegb,california_housing,4,4,8,0.015625,0.8227783152730299,0.8185039243540981,244
cegb,kin8nm,8,4,4,0.0078125,0.060242187313213166,0.05960967785637079,12
cegb,california_housing,8,3,4,0.25,1.107551380144227,1.0918993080228583,13
cegb,covtype,256,1,2,0.5,0.5122749344354348,0.5129041418896242,1
cegb,california_housing,1,1,1,0.03125,1.2571914647574123,1.237422852167543,3
cegb,california_housing,64,1,1,0.5,1.3361286263161214,1.313623533045075,1
cegb,covtype,128,12,4,0.015625,0.747436043622219,0.7464953572627213,222
cegb,california_housing,8,8,8,0.0625,0.7107309799008714,0.7101216565741864,222
cegb,california_housing,64,15,4,0.03125,0.5444330525893345,0.5489160634409384,283
cegb,covtype,64,1,8,0.5,0.5122749344354348,0.5129041418896242,1
cegb,california_housing,64,7,2,0.125,0.9041444570228729,0.8929261294796774,35
cegb,california_housing,1,1,2,0.0078125,1.2229039456138775,1.2031210675184463,7
cegb,california_housing,1,1,8,0.5,1.3361286263161214,1.313623533045075,1
cegb,california_housing,64,21,8,0.0078125,0.3391644252492749,0.3645637544474774,1223
cegb,kin8nm,16,1,1,0.5,0.06967849062757506,0.0686876069459793,1
cegb,kin8nm,1,1,8,0.0078125,0.06658372588648219,0.06571994905758295,3
cegb,kin8nm,1,1,2,0.125,0.06967849062757506,0.0686876069459793,1
cegb,covtype,128,1,1,0.125,0.6676290691445304,0.6660241129747081,3
cegb,kin8nm,2,1,4,0.25,0.06967849062757506,0.0686876069459793,1
cegb,kin8nm,1,1,1,0.5,0.06967849062757506,0.0686876069459793,1
cegb,mushroom,512,2,4,0.25,0.9623018925988613,0.9587692307692308,30
cegb,kin8nm,1,1,4,0.03125,0.06967849062757506,0.0686876069459793,1
cegb,kin8nm,16,1,2,0.125,0.06967849062757506,0.0686876069459793,1
cegb,california_housing,2,2,1,0.125,1.1918025641988952,1.174974594389737,6
cegb,california_housing,256,3,8,0.25,1.107551380144227,1.0918993080228583,13
cegb,kin8nm,2,1,8,0.0625,0.06967849062757506,0.0686876069459793,1
cegb,california_housing,512,18,1,0.0625,0.7733046009463259,0.7627198012629874,54
cegb,kin8nm,4,1,1,0.015625,0.06658372588648219,0.06571994905758295,3
cegb,california_housing,128,1,2,0.5,1.3361286263161214,1.313623533045075,1
cegb,california_housing,512,28,2,0.015625,0.5067459140089823,0.5078096550822481,194
cegb,california_housing,2,2,2,0.03125,1.1303896744626412,1.1120305918300426,14
cegb,kin8nm,4,4,4,0.0,0.053804067279601055,0.05437661932851264,124
cegb,california_housing,16,16,1,0.015625,0.7972336241214447,0.7859199928714297,48
cegb,kin8nm,16,1,4,0.03125,0.06967849062757506,0.0686876069459793,1
cegb,california_housing,2,2,4,0.0078125,1.0649378026899645,1.049739717456014,62
cegb,kin8nm,4,1,8,0.25,0.06967849062757506,0.0686876069459793,1
cegb,california_housing,512,17,8,0.015625,0.4102385376650834,0.4338230954942406,897
cegb,california_housing,128,7,4,0.125,0.8571363432171919,0.8485409332581172,67
cegb,california_housing,4,1,1,0.5,1.3361286263161214,1.313623533045075,1
cegb,california_housing,128,14,8,0.03125,0.5071320447023517,0.5244036366598857,592
cegb,kin8nm,2,1,2,0.5,0.06967849062757506,0.0686876069459793,1
cegb,california_housing,4,4,2,0.125,1.0252717918554142,1.0118613070292326,22
cegb,kin8nm,16,4,8,0.0078125,0.060242187313213166,0.05960967785637079,12
cegb,mushroom,512,512,1,0.0,0.9995383905216187,0.9969230769230769,1536
cegb,california_housing,16,16,4,0.0,0.45194218948511083,0.46287138392971744,494
cegb,kin8nm,8,1,1,0.0625,0.06967849062757506,0.0686876069459793,1
cegb,california_housing,1024,12,2,0.0625,0.7281582645986838,0.7208956019103809,74
cegb,california_housing,16,3,8,0.25,1.107551380144227,1.0918993080228583,13
cegb,kin8nm,8,1,2,0.015625,0.06658372588648219,0.06571994905758295,3
cegb,california_housing,32,28,2,0.015625,0.5067459140089823,0.5078096550822481,194
cegb,california_housing,4,4,4,0.03125,0.8851255535229624,0.8753408972586434,114
cegb,california_housing,256,90,1,0.0078125,0.48276528111761735,0.4879205417258676,270
cegb,california_housing,32,18,1,0.0625,0.7733046009463259,0.7627198012629874,54
cegb,covtype,64,28,1,0.015625,0.7310336073526975,0.731323631920002,84
cegb,california_housing,1024,4,1,0.25,1.0865705184244836,1.0700743849083598,12
cegb,kin8nm,32,1,2,0.5,0.06967849062757506,0.0686876069459793,1
cegb,mushroom,1024,1024,4,0.0,1.0,1.0,9096
cegb,mushroom,1024,81,1,0.015625,0.9801507924296046,0.976,243
cegb,california_housing,1024,18,4,0.015625,0.4655842659662387,0.4768001681122141,464
cegb,mushroom,512,1,2,0.5,0.5213109709186029,0.5046153846153846,1
cegb,california_housing,256,1,4,0.5,1.3361286263161214,1.313623533045075,1
cegb,california_housing,512,512,8,0.0,0.06862601843421845,0.19676950906380525,31222
cegb,california_housing,32,32,8,0.0,0.2399762869221971,0.27566697242875654,1952
cegb,california_housing,8,1,2,0.5,1.3361286263161214,1.313623533045075,1
cegb,california_housing,4,4,8,0.0078125,0.8220994038565164,0.8200194837158895,244
cegb,california_housing,8,7,4,0.125,0.8571363432171919,0.8485409332581172,67
cegb,kin8nm,8,8,8,0.0,0.03967335076386639,0.041716597208649,488
cegb,california_housing,1,1,1,0.015625,1.2571914647574123,1.237422852167543,3
cegb,covtype,256,1,4,0.125,0.7294157385076451,0.7291636188394448,5
cegb,california_housing,64,4,1,0.25,1.0865705184244836,1.0700743849083598,12
cegb,california_housing,8,8,8,0.03125,0.6046357962728379,0.6156427325896958,488
cegb,covtype,1024,4,2,0.0625,0.7294157385076451,0.7291636188394448,20
cegb,california_housing,64,18,4,0.015625,0.4655842659662387,0.4768001681122141,464
ccp,covtype,32,32,4,0.0,0.9398151457291261,0.7814083973735618,992
cegb,california_housing,64,12,2,0.0625,0.7281582645986838,0.7208956019103809,74
cegb,california_housing,1,1,4,0.0,1.1875041391546586,1.1701520429186951,31
cegb,california_housing,1,1,8,0.25,1.2436103994576302,1.2258320510429106,5
cegb,kin8nm,16,1,1,0.25,0.06967849062757506,0.0686876069459793,1
ccp,wine,256,256,8,0.25,1.2784639573472254,0.44384615384615383,1792
cegb,covtype,1024,12,4,0.015625,0.747436043622219,0.7464953572627213,222
cegb,kin8nm,1,1,2,0.0625,0.06967849062757506,0.0686876069459793,1
cegb,kin8nm,2,1,4,0.125,0.06967849062757506,0.0686876069459793,1
cegb,kin8nm,2,2,1,0.0,0.06407253355180217,0.06332043023817106,6
cegb,california_housing,128,128,1,0.0,0.4399733062922949,0.446335122522368,384
cegb,kin8nm,1,1,1,0.25,0.06967849062757506,0.0686876069459793,1
cegb,kin8nm,16,1,2,0.0625,0.06967849062757506,0.0686876069459793,1
cegb,covtype,128,9,2,0.03125,0.7294157385076451,0.7291636188394448,51
cegb,mushroom,512,6,4,0.125,0.9623018925988613,0.9587692307692308,88
cegb,kin8nm,1,1,4,0.015625,0.06658372588648219,0.06571994905758295,3
cegb,california_housing,256,7,8,0.125,0.8387588609916096,0.8316200722155711,99
cegb,kin8nm,4,4,1,0.0078125,0.060242187313213166,0.05960967785637079,12
cegb,kin8nm,2,1,8,0.03125,0.06967849062757506,0.0686876069459793,1
cegb,california_housing,128,3,2,0.25,1.107551380144227,1.0918993080228583,13
cegb,california_housing,2,2,1,0.0625,1.1918025641988952,1.174974594389737,6
cegb,california_housing,512,32,1,0.03125,0.6550983797152722,0.6500186728175437,96
cegb,california_housing,2,2,2,0.015625,1.1303896744626412,1.1120305918300426,14
cegb,california_housing,512,40,2,0.0078125,0.4335390557613218,0.4378828537445471,280
cegb,kin8nm,4,1,4,0.5,0.06967849062757506,0.0686876069459793,1
cegb,kin8nm,32,1,4,0.125,0.06967849062757506,0.0686876069459793,1
ccp,wine,256,256,4,0.0625,1.2784639573472254,0.44384615384615383,1792
cegb,kin8nm,4,1,8,0.125,0.06967849062757506,0.0686876069459793,1
cegb,california_housing,16,16,1,0.0078125,0.7972336241214447,0.7859199928714297,48
cegb,kin8nm,16,1,4,0.015625,0.06658372588648219,0.06571994905758295,3
cegb,covtype,512,28,1,0.015625,0.7310336073526975,0.731323631920002,84
cegb,california_housing,2,2,8,0.0,1.0300310849277516,1.0178297133298289,122
cegb,covtype,256,9,8,0.03125,0.7408333315404823,0.7405660783284425,155
cegb,california_housing,128,11,4,0.0625,0.6816621366896217,0.6781914118873823,139
cegb,kin8nm,2,1,2,0.25,0.06967849062757506,0.0686876069459793,1
cegb,california_housing,4,4,1,0.25,1.0865705184244836,1.0700743849083598,12
cegb,california_housing,128,17,8,0.015625,0.4102385376650834,0.4338230954942406,897
cegb,california_housing,4,4,2,0.0625,0.986294289843436,0.9708711976585527,28
cegb,covtype,64,64,4,0.0,0.7892015860278093,0.7879228591344457,1974
cegb,kin8nm,32,32,1,0.0,0.04710372071942642,0.04699457204617674,96
cegb,california_housing,16,1,4,0.5,1.3361286263161214,1.313623533045075,1
cegb,california_housing,1024,18,2,0.03125,0.613927833650591,0.6114228475925151,122
cegb,kin8nm,32,1,8,0.03125,0.06967849062757506,0.0686876069459793,1
cegb,covtype,1024,1,1,0.25,0.5122749344354348,0.5129041418896242,1
cegb,kin8nm,8,4,2,0.0078125,0.060242187313213166,0.05960967785637079,12
cegb,kin8nm,8,1,1,0.03125,0.06967849062757506,0.0686876069459793,1
cegb,california_housing,16,7,8,0.125,0.8387588609916096,0.8316200722155711,99
cegb,california_housing,4,4,4,0.015625,0.8788652523981816,0.8689043743372697,124
cegb,kin8nm,64,4,1,0.0078125,0.060242187313213166,0.05960967785637079,12
cegb,kin8nm,32,1,2,0.25,0.06967849062757506,0.0686876069459793,1
cegb,california_housing,256,256,2,0.0,0.26163724114424264,0.2834652902236247,1792
cegb,california_housing,32,32,1,0.03125,0.6550983797152722,0.6500186728175437,96
cegb,california_housing,32,32,2,0.0078125,0.47613448497484795,0.4781200392167889,224
cegb,mushroom,512,2,2,0.25,0.8444376057855054,0.8443076923076923,12
cegb,california_housing,1024,22,4,0.0078125,0.394864451619222,0.40861125393375497,624
cegb,mushroom,1024,1,4,0.5,0.5213109709186029,0.5046153846153846,1
cegb,mushroom,1024,122,1,0.0078125,0.9818433605170026,0.9766153846153847,366
cegb,california_housing,512,1,8,0.5,1.3361286263161214,1.313623533045075,1
cegb,california_housing,1024,9,1,0.125,0.9175630850498618,0.9038221443289534,27
cegb,california_housing,256,3,4,0.25,1.107551380144227,1.0918993080228583,13
cegb,covtype,64,1,8,0.25,0.5122749344354348,0.5129041418896242,1
cegb,california_housing,8,3,2,0.25,1.107551380144227,1.0918993080228583,13
cegb,kin8nm,8,1,8,0.5,0.06967849062757506,0.0686876069459793,1
cegb,california_housing,8,8,1,0.0,0.943005953636615,0.92824597487583,24
cegb,california_housing,32,1,8,0.5,1.3361286263161214,1.313623533045075,1
cegb,california_housing,1,1,1,0.0078125,1.2571914647574123,1.237422852167543,3
cegb,california_housing,8,8,4,0.0625,0.7463927524579885,0.7410969889673215,122
cegb,california_housing,64,9,1,0.125,0.9175630850498618,0.9038221443289534,27
cegb,covtype,256,1,1,0.5,0.5122749344354348,0.5129041418896242,1
cegb,california_housing,8,8,8,0.015625,0.5728273804067351,0.581913808098512,488
cegb,covtype,128,16,4,0.0078125,0.7646302029435746,0.7636033493111193,432
cegb,california_housing,64,22,4,0.0078125,0.394864451619222,0.40861125393375497,624
cegb,california_housing,64,18,2,0.03125,0.613927833650591,0.6114228475925151,122
cegb,california_housing,1,1,4,0.5,1.3361286263161214,1.313623533045075,1
cegb,california_housing,1,1,8,0.125,1.1735809300722675,1.1567369075539267,61
ccp,covtype,8,8,8,0.03125,1.3618863605119649,0.6654131132586938,10
cegb,kin8nm,16,1,1,0.125,0.06967849062757506,0.0686876069459793,1
cegb,kin8nm,1,1,2,0.03125,0.06967849062757506,0.0686876069459793,1
cegb,kin8nm,2,1,4,0.0625,0.06967849062757506,0.0686876069459793,1
ccp,covtype,32,32,4,0.0078125,1.194774369215553,0.7312203643623658,62
cegb,kin8nm,2,1,1,0.5,0.06967849062757506,0.0686876069459793,1
cegb,kin8nm,1,1,1,0.125,0.06967849062757506,0.0686876069459793,1
cegb,kin8nm,16,1,2,0.03125,0.06967849062757506,0.0686876069459793,1
cegb,covtype,256,1,2,0.25,0.5122749344354348,0.5129041418896242,1
cegb,covtype,128,5,1,0.0625,0.7283378764180556,0.7276318167345077,15
cegb,california_housing,128,1,1,0.5,1.3361286263161214,1.313623533045075,1
cegb,mushroom,512,12,4,0.0625,0.9798430527773504,0.9772307692307692,168
cegb,kin8nm,4,4,2,0.0,0.05742569222437234,0.056894705618560894,28
cegb,kin8nm,2,1,8,0.015625,0.06658372588648219,0.06571994905758295,3
cegb,california_housing,2,2,1,0.03125,1.1918025641988952,1.174974594389737,6
cegb,kin8nm,1,1,4,0.0078125,0.06658372588648219,0.06571994905758295,3
cegb,california_housing,256,11,8,0.0625,0.6563438189414225,0.6565913335622021,237
ccp,wine,1024,1024,8,0.03125,1.2784639573472254,0.44384615384615383,7168
cegb,california_housing,128,7,2,0.125,0.9041444570228729,0.8929261294796774,35
cegb,california_housing,2,2,2,0.0078125,1.1303896744626412,1.1120305918300426,14
ccp,wine,1024,1024,8,0.5,1.2784639573472254,0.44384615384615383,7168
cegb,california_housing,512,56,1,0.015625,0.5549755621549874,0.5562182283869787,168
cegb,kin8nm,4,1,4,0.25,0.06967849062757506,0.0686876069459793,1
ccp,california_housing,1024,1024,8,0.015625,0.47533899666029855,0.48317890727174845,1216
cegb,kin8nm,32,1,4,0.0625,0.06967849062757506,0.0686876069459793,1
cegb,kin8nm,4,1,8,0.0625,0.06967849062757506,0.0686876069459793,1
cegb,kin8nm,16,4,4,0.0078125,0.060242187313213166,0.05960967785637079,12
cegb,california_housing,16,16,2,0.0,0.6362157305603136,0.6323536991506009,112
cegb,california_housing,512,512,4,0.0,0.1349299496346421,0.2071952341077214,14086
cegb,california_housing,2,1,8,0.5,1.3361286263161214,1.313623533045075,1
cegb,california_housing,128,15,4,0.03125,0.5444330525893345,0.5489160634409384,283
cegb,covtype,512,1,8,0.5,0.5122749344354348,0.5129041418896242,1
cegb,kin8nm,2,1,2,0.125,0.06967849062757506,0.0686876069459793,1
cegb,california_housing,4,4,1,0.125,1.0865705184244836,1.0700743849083598,12
cegb,california_housing,128,21,8,0.0078125,0.3391644252492749,0.3645637544474774,1223
cegb,kin8nm,64,1,4,0.5,0.06967849062757506,0.0686876069459793,1
cegb,california_housing,4,4,2,0.03125,0.986294289843436,0.9708711976585527,28
cegb,kin8nm,32,1,1,0.5,0.06967849062757506,0.0686876069459793,1
cegb,kin8nm,32,1,8,0.015625,0.06658372588648219,0.06571994905758295,3
cegb,california_housing,16,3,4,0.25,1.107551380144227,1.0918993080228583,13
cegb,kin8nm,8,8,4,0.0,0.045160400013740026,0.04667865062092586,248
cegb,kin8nm,8,1,1,0.015625,0.06658372588648219,0.06571994905758295,3
cegb,kin8nm,32,1,2,0.125,0.06967849062757506,0.0686876069459793,1
cegb,kin8nm,64,64,2,0.0,0.03504095862474528,0.03668423833508695,448
cegb,california_housing,1024,28,2,0.015625,0.5067459140089823,0.5078096550822481,194
cegb,california_housing,4,4,4,0.0078125,0.8783111467007421,0.8673407138602505,124
cegb,california_housing,32,32,1,0.015625,0.6550983797152722,0.6500186728175437,96
cegb,california_housing,16,11,8,0.0625,0.6563438189414225,0.6565913335622021,237
cegb,california_housing,256,1,2,0.5,1.3361286263161214,1.313623533045075,1
cegb,california_housing,32,32,4,0.0,0.31894608734549384,0.33895240750663963,978
lgbm_base,kr-vs-kp,1024,1024,8,0.0,0.9960876369327074,0.98125,53194
cegb,kin8nm,64,1,8,0.125,0.06967849062757506,0.0686876069459793,1
ccp,wine,1024,1024,4,0.0625,1.2784639573472254,0.44384615384615383,7168
cegb,mushroom,1024,2,4,0.25,0.9623018925988613,0.9587692307692308,30
cegb,california_housing,1024,18,1,0.0625,0.7733046009463259,0.7627198012629874,54
cegb,california_housing,512,3,8,0.25,1.107551380144227,1.0918993080228583,13
cegb,california_housing,8,7,2,0.125,0.9041444570228729,0.8929261294796774,35
cegb,kin8nm,128,1,1,0.03125,0.06967849062757506,0.0686876069459793,1
cegb,kin8nm,8,1,8,0.25,0.06967849062757506,0.0686876069459793,1
cegb,california_housing,256,7,4,0.125,0.8571363432171919,0.8485409332581172,67
cegb,california_housing,8,1,1,0.5,1.3361286263161214,1.313623533045075,1
ccp,wine,512,512,2,0.5,1.2784639573472254,0.44384615384615383,3584
lgbm_quant,kr-vs-kp,1024,1024,8,0.0,0.9796557120500783,0.9625,53194
cegb,california_housing,1,1,2,0.0,1.2229039456138775,1.2031210675184463,7
cegb,california_housing,8,8,4,0.03125,0.6707721348333008,0.6698703473771215,208
cegb,california_housing,32,3,8,0.25,1.107551380144227,1.0918993080228583,13
cegb,mushroom,1024,1024,2,0.0,1.0,1.0,6074
cegb,california_housing,64,18,1,0.0625,0.7733046009463259,0.7627198012629874,54
cegb,california_housing,8,8,8,0.0078125,0.5681883760709915,0.575486980473987,488
cegb,california_housing,64,28,2,0.015625,0.5067459140089823,0.5078096550822481,194
cegb,california_housing,64,64,8,0.0,0.1871866743463091,0.2391053434995106,3904
cegb,california_housing,1,1,4,0.25,1.2436103994576302,1.2258320510429106,5
ccp,california_housing,1024,1024,4,0.0,0.07814132989056695,0.21159845363371446,29894
cegb,california_housing,1,1,8,0.0625,1.1693291781213457,1.152128042532899,61
cegb,kin8nm,16,1,1,0.0625,0.06967849062757506,0.0686876069459793,1
cegb,covtype,256,4,4,0.0625,0.7294157385076451,0.7291636188394448,20
cegb,kin8nm,1,1,2,0.015625,0.06658372588648219,0.06571994905758295,3
cegb,kin8nm,16,1,2,0.015625,0.06658372588648219,0.06571994905758295,3
cegb,kin8nm,1,1,1,0.0625,0.06967849062757506,0.0686876069459793,1
cegb,kin8nm,2,1,4,0.03125,0.06967849062757506,0.0686876069459793,1
cegb,kin8nm,2,1,1,0.25,0.06967849062757506,0.0686876069459793,1
ccp,wine,1024,1024,8,0.125,1.2784639573472254,0.44384615384615383,7168
cegb,covtype,128,14,2,0.015625,0.7338132437194632,0.7341462784953917,92
ccp,wine,128,128,8,0.0078125,1.1957180455977723,0.5392307692307692,926
ccp,wine,512,512,8,0.0625,1.2784639573472254,0.44384615384615383,3584
cegb,kin8nm,128,4,2,0.0078125,0.060242187313213166,0.05960967785637079,12
cegb,kin8nm,128,1,8,0.5,0.06967849062757506,0.0686876069459793,1
cegb,kin8nm,256,1,1,0.125,0.06967849062757506,0.0686876069459793,1
cegb,california_housing,128,4,1,0.25,1.0865705184244836,1.0700743849083598,12
cegb,kin8nm,4,1,2,0.5,0.06967849062757506,0.0686876069459793,1
cegb,kin8nm,2,2,8,0.0078125,0.06407253355180217,0.06332043023817106,6
cegb,california_housing,2,2,1,0.015625,1.1918025641988952,1.174974594389737,6
cegb,kin8nm,1,1,8,0.0,0.06367959107619994,0.06306808781556292,61
cegb,california_housing,256,14,8,0.03125,0.5071320447023517,0.5244036366598857,592
cegb,california_housing,2,2,4,0.0,1.0649378026899645,1.049739717456014,62
ccp,wine,512,512,4,0.0,0.15149080377100319,0.6461538461538462,90244
cegb,california_housing,128,12,2,0.0625,0.7281582645986838,0.7208956019103809,74
cegb,california_housing,512,90,1,0.0078125,0.48276528111761735,0.4879205417258676,270
cegb,kin8nm,256,1,2,0.03125,0.06967849062757506,0.0686876069459793,1
cegb,kin8nm,4,1,4,0.125,0.06967849062757506,0.0686876069459793,1
cegb,kin8nm,32,1,4,0.03125,0.06967849062757506,0.0686876069459793,1
cegb,california_housing,1024,1024,8,0.0,0.03519389654962624,0.19621574313127896,62382
cegb,kin8nm,4,1,8,0.03125,0.06967849062757506,0.0686876069459793,1
cegb,kin8nm,16,16,8,0.0,0.028827672610063717,0.032395589095907625,976
cegb,california_housing,2,2,8,0.25,1.1617537301248753,1.1464453449881187,10
cegb,california_housing,128,18,4,0.015625,0.4655842659662387,0.4768001681122141,464
cegb,kin8nm,256,4,4,0.0078125,0.060242187313213166,0.05960967785637079,12
cegb,california_housing,16,1,2,0.5,1.3361286263161214,1.313623533045075,1
cegb,kin8nm,2,1,2,0.0625,0.06967849062757506,0.0686876069459793,1
cegb,california_housing,512,1,4,0.5,1.3361286263161214,1.313623533045075,1
cegb,california_housing,4,4,1,0.0625,1.0865705184244836,1.0700743849083598,12
cegb,kin8nm,64,1,4,0.25,0.06967849062757506,0.0686876069459793,1
cegb,california_housing,256,256,1,0.0,0.38145283759335974,0.39264416200623037,768
cegb,california_housing,4,4,2,0.015625,0.986294289843436,0.9708711976585527,28
cegb,kin8nm,32,4,8,0.0078125,0.060242187313213166,0.05960967785637079,12
cegb,kin8nm,32,1,1,0.25,0.06967849062757506,0.0686876069459793,1
cegb,kin8nm,8,1,4,0.5,0.06967849062757506,0.0686876069459793,1
cegb,california_housing,16,7,4,0.125,0.8571363432171919,0.8485409332581172,67
cegb,kin8nm,8,4,1,0.0078125,0.060242187313213166,0.05960967785637079,12
cegb,kin8nm,64,1,2,0.5,0.06967849062757506,0.0686876069459793,1
cegb,kin8nm,32,1,2,0.0625,0.06967849062757506,0.0686876069459793,1
cegb,california_housing,16,14,8,0.03125,0.5071320447023517,0.5244036366598857,592
cegb,california_housing,32,32,1,0.0078125,0.6550983797152722,0.6500186728175437,96
cegb,california_housing,4,4,8,0.0,0.8210858582422484,0.8175585670001118,244
cegb,california_housing,1024,40,2,0.0078125,0.4335390557613218,0.4378828537445471,280
cegb,california_housing,256,3,2,0.25,1.107551380144227,1.0918993080228583,13
cegb,california_housing,32,1,4,0.5,1.3361286263161214,1.313623533045075,1
cegb,kin8nm,64,1,8,0.0625,0.06967849062757506,0.0686876069459793,1
cegb,covtype,256,12,8,0.015625,0.7711748266492258,0.7698424309183067,552
cegb,california_housing,8,8,2,0.0625,0.8178613716178533,0.8093596683609909,52
cegb,california_housing,1024,32,1,0.03125,0.6550983797152722,0.6500186728175437,96
cegb,kin8nm,128,1,1,0.015625,0.06658372588648219,0.06571994905758295,3
cegb,california_housing,8,4,1,0.25,1.0865705184244836,1.0700743849083598,12
cegb,kin8nm,8,1,8,0.125,0.06967849062757506,0.0686876069459793,1
cegb,kin8nm,512,1,1,0.5,0.06967849062757506,0.0686876069459793,1
cegb,california_housing,256,11,4,0.0625,0.6816621366896217,0.6781914118873823,139
cegb,california_housing,8,8,4,0.015625,0.6524350314820904,0.652371081160025,248
cegb,kin8nm,512,1,2,0.125,0.06967849062757506,0.0686876069459793,1
cegb,california_housing,32,7,8,0.125,0.8387588609916096,0.8316200722155711,99
cegb,kin8nm,512,1,4,0.03125,0.06967849062757506,0.0686876069459793,1
cegb,kin8nm,512,1,8,0.125,0.06967849062757506,0.0686876069459793,1
cegb,california_housing,64,32,1,0.03125,0.6550983797152722,0.6500186728175437,96
cegb,california_housing,16,16,1,0.0,0.7972336241214447,0.7859199928714297,48
lgbm_base,kr-vs-kp,1024,1024,4,0.0,0.9960876369327074,0.9796875,24566
ccp,california_housing,512,512,8,0.015625,0.47533899666029855,0.48317890727174845,704
cegb,california_housing,64,1,8,0.5,1.3361286263161214,1.313623533045075,1
lgbm_quant,kr-vs-kp,1024,1024,4,0.0,0.9960876369327074,0.9796875,24566
cegb,california_housing,64,40,2,0.0078125,0.4335390557613218,0.4378828537445471,280
cegb,kin8nm,512,4,8,0.0078125,0.060242187313213166,0.05960967785637079,12
cegb,kin8nm,16,1,1,0.03125,0.06967849062757506,0.0686876069459793,1
cegb,kin8nm,1024,1,2,0.5,0.06967849062757506,0.0686876069459793,1
cegb,kin8nm,16,4,2,0.0078125,0.060242187313213166,0.05960967785637079,12
cegb,kin8nm,2,1,1,0.125,0.06967849062757506,0.0686876069459793,1
cegb,kin8nm,1,1,1,0.03125,0.06967849062757506,0.0686876069459793,1
cegb,kin8nm,2,1,4,0.015625,0.06658372588648219,0.06571994905758295,3
cegb,kin8nm,1,1,2,0.0078125,0.06658372588648219,0.06571994905758295,3
cegb,covtype,256,1,1,0.25,0.5122749344354348,0.5129041418896242,1
cegb,kin8nm,128,1,8,0.25,0.06967849062757506,0.0686876069459793,1
cegb,kin8nm,1024,1,4,0.125,0.06967849062757506,0.0686876069459793,1
cegb,kin8nm,128,128,4,0.0,0.016379753570154924,0.022137913251186327,3392
cegb,california_housing,128,9,1,0.125,0.9175630850498618,0.9038221443289534,27
cegb,kin8nm,4,1,2,0.25,0.06967849062757506,0.0686876069459793,1
cegb,kin8nm,256,1,1,0.0625,0.06967849062757506,0.0686876069459793,1
cegb,kin8nm,4,4,1,0.0,0.060242187313213166,0.05960967785637079,12
cegb,kin8nm,1,1,8,0.5,0.06967849062757506,0.0686876069459793,1
cegb,california_housing,256,17,8,0.015625,0.4102385376650834,0.4338230954942406,897
cegb,kin8nm,1024,1,8,0.5,0.06967849062757506,0.0686876069459793,1
ccp,california_housing,256,256,8,0.015625,0.47533899666029855,0.48317890727174845,448
cegb,kin8nm,1024,1,8,0.125,0.06967849062757506,0.0686876069459793,1
cegb,california_housing,128,18,2,0.03125,0.613927833650591,0.6114228475925151,122
cegb,kin8nm,256,1,2,0.015625,0.06658372588648219,0.06571994905758295,3
cegb,kin8nm,32,1,4,0.015625,0.06658372588648219,0.06571994905758295,3
cegb,kin8nm,4,1,4,0.0625,0.06967849062757506,0.0686876069459793,1
cegb,california_housing,512,512,2,0.0,0.2331649114651788,0.25866740155582607,3584
cegb,kin8nm,1024,1,8,0.03125,0.06967849062757506,0.0686876069459793,1
cegb,covtype,512,52,1,0.0078125,0.7321824663463917,0.732769377726909,156
cegb,kin8nm,16,1,8,0.5,0.06967849062757506,0.0686876069459793,1
cegb,kin8nm,4,1,8,0.015625,0.06658372588648219,0.06571994905758295,3
cegb,covtype,256,1,2,0.125,0.7294157385076451,0.7291636188394448,5
cegb,california_housing,128,22,4,0.0078125,0.394864451619222,0.40861125393375497,624
cegb,kin8nm,2,1,2,0.03125,0.06967849062757506,0.0686876069459793,1
cegb,california_housing,16,3,2,0.25,1.107551380144227,1.0918993080228583,13
cegb,california_housing,256,1,1,0.5,1.3361286263161214,1.313623533045075,1
cegb,kin8nm,64,1,4,0.125,0.06967849062757506,0.0686876069459793,1
cegb,california_housing,512,3,4,0.25,1.107551380144227,1.0918993080228583,13
cegb,kin8nm,1024,4,8,0.0078125,0.060242187313213166,0.05960967785637079,12
cegb,covtype,512,512,4,0.0,0.843385132387712,0.8389026100875192,15260
cegb,kin8nm,256,256,8,0.0,0.003537199030442901,0.011795428137495673,14986
cegb,kin8nm,64,64,1,0.0,0.04312166836820934,0.04356213149298815,192
cegb,kin8nm,32,1,1,0.125,0.06967849062757506,0.0686876069459793,1
cegb,kin8nm,8,8,2,0.0,0.05155717260805821,0.0511935112929253,56
cegb,california_housing,16,11,4,0.0625,0.6816621366896217,0.6781914118873823,139
cegb,wine,1,7,2,0.5,0.434673850298249,0.44384615384615383,7
cegb,kin8nm,64,1,2,0.25,0.06967849062757506,0.0686876069459793,1
cegb,kin8nm,8,1,4,0.25,0.06967849062757506,0.0686876069459793,1
cegb,kin8nm,32,1,2,0.03125,0.06967849062757506,0.0686876069459793,1
cegb,california_housing,16,16,8,0.015625,0.41363232924093357,0.43735657727702815,894
cegb,california_housing,32,32,2,0.0,0.47613448497484795,0.4781200392167889,224
cegb,california_housing,256,7,2,0.125,0.9041444570228729,0.8929261294796774,35
cegb,wine,1,7,4,0.125,0.434673850298249,0.44384615384615383,7
lgbm_base,kr-vs-kp,1024,1024,2,0.0,0.9890453834115805,0.98125,7098
cegb,kin8nm,64,1,8,0.03125,0.06967849062757506,0.0686876069459793,1
cegb,california_housing,32,3,4,0.25,1.107551380144227,1.0918993080228583,13
lgbm_quant,kr-vs-kp,1024,1024,2,0.0,0.8622848200312989,0.8515625,7098
cegb,kin8nm,8,1,8,0.0625,0.06967849062757506,0.0686876069459793,1
cegb,wine,1,7,8,0.03125,0.434673850298249,0.44384615384615383,159
cegb,kin8nm,128,4,1,0.0078125,0.060242187313213166,0.05960967785637079,12
cegb,kin8nm,512,1,1,0.25,0.06967849062757506,0.0686876069459793,1
cegb,california_housing,1024,56,1,0.015625,0.5549755621549874,0.5562182283869787,168
cegb,wine,2,14,1,0.0078125,0.434673850298249,0.44384615384615383,38
cegb,california_housing,32,11,8,0.0625,0.6563438189414225,0.6565913335622021,237
cegb,wine,2,7,4,0.5,0.434673850298249,0.44384615384615383,7
cegb,kin8nm,512,1,2,0.0625,0.06967849062757506,0.0686876069459793,1
cegb,california_housing,256,15,4,0.03125,0.5444330525893345,0.5489160634409384,283
cegb,kin8nm,512,1,4,0.015625,0.06658372588648219,0.06571994905758295,3
cegb,covtype,128,128,8,0.0,0.844312394983746,0.8421383268934537,7808
cegb,kin8nm,512,1,8,0.0625,0.06967849062757506,0.0686876069459793,1
cegb,california_housing,64,56,1,0.015625,0.5549755621549874,0.5562182283869787,168
cegb,wine,2,7,8,0.125,0.434673850298249,0.44384615384615383,7
cegb,covtype,1024,9,2,0.03125,0.7294157385076451,0.7291636188394448,51
cegb,wine,4,28,1,0.03125,0.434673850298249,0.44384615384615383,46
cegb,california_housing,64,3,8,0.25,1.107551380144227,1.0918993080228583,13
cegb,california_housing,64,64,4,0.0,0.24602142145128844,0.2762066533151726,1914
cegb,kin8nm,16,1,1,0.015625,0.06658372588648219,0.06571994905758295,3
cegb,kin8nm,16,16,4,0.0,0.03634147230583253,0.03904908595527486,496
cegb,kin8nm,1024,1,2,0.25,0.06967849062757506,0.0686876069459793,1
cegb,kin8nm,2,1,1,0.0625,0.06967849062757506,0.0686876069459793,1
cegb,kin8nm,2,2,4,0.0078125,0.06407253355180217,0.06332043023817106,6
cegb,california_housing,1024,1024,4,0.0,0.09845557335187881,0.1995073152641027,27732
cegb,kin8nm,1024,1024,1,0.0,0.037304599018816144,0.039499217758581534,3072
cegb,kin8nm,1,1,1,0.015625,0.06658372588648219,0.06571994905758295,3
cegb,kin8nm,1,1,4,0.0,0.06475941649296289,0.06411556478078287,31
cegb,kin8nm,128,1,8,0.125,0.06967849062757506,0.0686876069459793,1
cegb,wine,4,28,2,0.0078125,0.5262651529728689,0.5330769230769231,140
cegb,covtype,1024,16,4,0.0078125,0.7646302029435746,0.7636033493111193,432
ccp,covtype,32,32,8,0.015625,1.2659935746463373,0.7306782096847758,46
cegb,kin8nm,4,1,2,0.125,0.06967849062757506,0.0686876069459793,1
cegb,kin8nm,1024,1,4,0.0625,0.06967849062757506,0.0686876069459793,1
cegb,kin8nm,128,1,4,0.5,0.06967849062757506,0.0686876069459793,1
cegb,kin8nm,256,1,1,0.03125,0.06967849062757506,0.0686876069459793,1
cegb,california_housing,128,18,1,0.0625,0.7733046009463259,0.7627198012629874,54
cegb,kin8nm,1,1,8,0.25,0.06967849062757506,0.0686876069459793,1
cegb,kin8nm,4,1,1,0.5,0.06967849062757506,0.0686876069459793,1
ccp,covtype,128,128,4,0.0,0.8324503828927476,0.8047382597695413,3950
cegb,kin8nm,1024,1,8,0.25,0.06967849062757506,0.0686876069459793,1
cegb,kin8nm,256,4,2,0.0078125,0.060242187313213166,0.05960967785637079,12
cegb,kin8nm,32,4,4,0.0078125,0.060242187313213166,0.05960967785637079,12
cegb,kin8nm,1024,1,8,0.0625,0.06967849062757506,0.0686876069459793,1
cegb,california_housing,128,28,2,0.015625,0.5067459140089823,0.5078096550822481,194
cegb,covtype,512,1,8,0.25,0.5122749344354348,0.5129041418896242,1
cegb,california_housing,256,21,8,0.0078125,0.3391644252492749,0.3645637544474774,1223
cegb,kin8nm,4,1,4,0.03125,0.06967849062757506,0.0686876069459793,1
ccp,california_housing,1024,1024,8,0.0625,0.7728436808293365,0.7593966100935937,1068
ccp,wine,1024,1024,1,0.25,1.2784639573472254,0.44384615384615383,7168
cegb,california_housing,512,1,2,0.5,1.3361286263161214,1.313623533045075,1
ccp,wine,1024,1024,8,0.0078125,1.1957180455977718,0.5392307692307692,7198
cegb,kin8nm,1024,1,8,0.015625,0.06658372588648219,0.06571994905758295,3
cegb,covtype,256,8,4,0.03125,0.7364745519127212,0.7363923478739791,96
cegb,kin8nm,16,1,8,0.25,0.06967849062757506,0.0686876069459793,1
cegb,kin8nm,4,4,8,0.0078125,0.060242187313213166,0.05960967785637079,12
cegb,kin8nm,2,1,2,0.015625,0.06658372588648219,0.06571994905758295,3
ccp,wine,256,256,1,0.0,1.0420062334936588,0.5561538461538461,5376
cegb,kin8nm,64,1,4,0.0625,0.06967849062757506,0.0686876069459793,1
cegb,wine,1,7,1,0.0,0.434673850298249,0.44384615384615383,21
cegb,california_housing,512,7,4,0.125,0.8571363432171919,0.8485409332581172,67
cegb,california_housing,256,4,1,0.25,1.0865705184244836,1.0700743849083598,12
cegb,wine,4,7,8,0.5,0.434673850298249,0.44384615384615383,7
cegb,kin8nm,256,1,8,0.5,0.06967849062757506,0.0686876069459793,1
ccp,california_housing,1024,1024,4,0.0078125,0.40173260488550394,0.4131964332984196,1346
cegb,california_housing,128,128,8,0.0,0.14561023327055175,0.21769107197067777,7808
cegb,kin8nm,32,1,1,0.0625,0.06967849062757506,0.0686876069459793,1
cegb,kin8nm,64,1,1,0.5,0.06967849062757506,0.0686876069459793,1
cegb,wine,1,7,2,0.25,0.434673850298249,0.44384615384615383,7
cegb,kin8nm,8,1,2,0.5,0.06967849062757506,0.0686876069459793,1
cegb,covtype,1024,1,1,0.125,0.6676290691445304,0.6660241129747081,3
cegb,kin8nm,8,1,4,0.125,0.06967849062757506,0.0686876069459793,1
cegb,kin8nm,64,1,2,0.125,0.06967849062757506,0.0686876069459793,1
cegb,kin8nm,32,1,2,0.015625,0.06658372588648219,0.06571994905758295,3
cegb,wine,8,56,2,0.03125,0.5335770636905908,0.536923076923077,104
cegb,wine,1,7,4,0.0625,0.434673850298249,0.44384615384615383,15
cegb,wine,8,7,1,0.125,0.434673850298249,0.44384615384615383,7
ccp,covtype,64,64,8,0.125,1.3856916045032899,0.5129041418896242,64
cegb,california_housing,256,12,2,0.0625,0.7281582645986838,0.7208956019103809,74
cegb,kin8nm,64,1,8,0.015625,0.06658372588648219,0.06571994905758295,3
cegb,wine,8,56,4,0.0078125,0.5541658649220704,0.5507692307692308,644
cegb,kin8nm,8,1,8,0.03125,0.06967849062757506,0.0686876069459793,1
cegb,wine,16,7,1,0.5,0.434673850298249,0.44384615384615383,7
cegb,wine,1,7,8,0.015625,0.434673850298249,0.44384615384615383,175
cegb,wine,16,7,2,0.125,0.434673850298249,0.44384615384615383,7
cegb,kin8nm,128,128,2,0.0,0.03179063304836462,0.034235975933977404,894
cegb,kin8nm,512,1,1,0.125,0.06967849062757506,0.0686876069459793,1
cegb,wine,2,14,2,0.0,0.5189532422551472,0.5346153846153846,92
cegb,california_housing,1024,90,1,0.0078125,0.48276528111761735,0.4879205417258676,270
cegb,wine,2,7,4,0.25,0.434673850298249,0.44384615384615383,7
cegb,california_housing,256,18,4,0.015625,0.4655842659662387,0.4768001681122141,464
cegb,wine,16,56,4,0.03125,0.5337694823936887,0.5361538461538462,166
cegb,kin8nm,512,1,8,0.03125,0.06967849062757506,0.0686876069459793,1
cegb,kin8nm,512,1,2,0.03125,0.06967849062757506,0.0686876069459793,1
cegb,kin8nm,512,4,4,0.0078125,0.060242187313213166,0.05960967785637079,12
cegb,wine,32,7,2,0.5,0.434673850298249,0.44384615384615383,7
cegb,wine,16,112,8,0.0078125,0.607850683086396,0.5715384615384616,1836
cegb,wine,4,28,1,0.015625,0.434673850298249,0.44384615384615383,58
cegb,wine,2,14,8,0.0625,0.434673850298249,0.44384615384615383,28
cegb,wine,32,56,8,0.03125,0.539349624783529,0.536923076923077,268
cegb,wine,32,7,4,0.125,0.434673850298249,0.44384615384615383,7
cegb,kin8nm,16,4,1,0.0078125,0.060242187313213166,0.05960967785637079,12
cegb,covtype,256,16,8,0.0078125,0.787826827793782,0.7878195915768096,976
cegb,kin8nm,16,1,4,0.5,0.06967849062757506,0.0686876069459793,1
cegb,kin8nm,2,2,8,0.0,0.058594901335108786,0.058597198820791056,122
cegb,kin8nm,1,1,1,0.0078125,0.06658372588648219,0.06571994905758295,3
cegb,kin8nm,1024,1,2,0.125,0.06967849062757506,0.0686876069459793,1
cegb,kin8nm,2,1,1,0.03125,0.06967849062757506,0.0686876069459793,1
lgbm_base,covtype,1,1,1,0.0,0.6676290691445304,0.6660241129747081,3
cegb,california_housing,1024,1,4,0.5,1.3361286263161214,1.313623533045075,1
cegb,kin8nm,1024,1,1,0.5,0.06967849062757506,0.0686876069459793,1
cegb,kin8nm,1,1,4,0.5,0.06967849062757506,0.0686876069459793,1
cegb,kin8nm,128,1,8,0.0625,0.06967849062757506,0.0686876069459793,1
lgbm_quant,covtype,1,1,1,0.0,0.6673945642188512,0.6658864228978598,3
cegb,wine,4,28,4,0.0,0.5416586492207043,0.5415384615384615,698
cegb,kin8nm,1024,1,4,0.03125,0.06967849062757506,0.0686876069459793,1
cegb,kin8nm,4,1,2,0.0625,0.06967849062757506,0.0686876069459793,1
cegb,kin8nm,128,1,4,0.25,0.06967849062757506,0.0686876069459793,1
cegb,kin8nm,1,1,8,0.125,0.06967849062757506,0.0686876069459793,1
cegb,kin8nm,256,1,1,0.015625,0.06658372588648219,0.06571994905758295,3
lgbm_base,breastcancer,4,4,4,0.0,0.9428571428571428,0.8771929824561403,62
lgbm_quant,breastcancer,4,4,4,0.0,0.9428571428571428,0.8771929824561403,62
cegb,kin8nm,4,1,1,0.25,0.06967849062757506,0.0686876069459793,1
ccp,covtype,64,64,2,0.0625,1.3856916045032899,0.5129041418896242,64
cegb,kin8nm,32,32,8,0.0,0.01873401341508253,0.023656871255021826,1952
cegb,kin8nm,4,1,4,0.015625,0.06658372588648219,0.06571994905758295,3
ccp,wine,256,256,4,0.03125,1.2784639573472254,0.44384615384615383,1792
cegb,wine,64,203,1,0.0078125,0.5343467385029825,0.536923076923077,339
cegb,california_housing,512,512,1,0.0,0.34271471382704266,0.3568932675726933,1536
cegb,wine,64,7,8,0.125,0.434673850298249,0.44384615384615383,7
cegb,wine,64,7,4,0.5,0.434673850298249,0.44384615384615383,7
cegb,kin8nm,256,256,4,0.0,0.010869494315083795,0.017500339141879328,6416
cegb,california_housing,512,3,2,0.25,1.107551380144227,1.0918993080228583,13
cegb,breastcancer,1,1,1,0.0,0.6263736263736264,0.631578947368421,3
cegb,kin8nm,8,8,1,0.0,0.05560946173522016,0.05509806783230948,24
cegb,wine,128,63,1,0.03125,0.5025976524918222,0.5046153846153846,93
cegb,kin8nm,16,1,8,0.125,0.06967849062757506,0.0686876069459793,1
cegb,wine,128,112,2,0.0078125,0.5335770636905908,0.5346153846153846,362
cegb,kin8nm,2,2,2,0.0078125,0.06407253355180217,0.06332043023817106,6
cegb,wine,4,7,8,0.25,0.434673850298249,0.44384615384615383,7
cegb,kin8nm,64,1,4,0.03125,0.06967849062757506,0.0686876069459793,1
cegb,wine,1,7,1,0.5,0.434673850298249,0.44384615384615383,7
cegb,kin8nm,256,1,8,0.25,0.06967849062757506,0.0686876069459793,1
cegb,california_housing,512,11,4,0.0625,0.6816621366896217,0.6781914118873823,139
cegb,kin8nm,32,1,1,0.03125,0.06967849062757506,0.0686876069459793,1
cegb,kin8nm,64,1,1,0.25,0.06967849062757506,0.0686876069459793,1
cegb,wine,128,7,8,0.5,0.434673850298249,0.44384615384615383,7
cegb,covtype,256,4,2,0.0625,0.7294157385076451,0.7291636188394448,20
cegb,wine,1,7,2,0.125,0.434673850298249,0.44384615384615383,7
cegb,kin8nm,8,1,2,0.25,0.06967849062757506,0.0686876069459793,1
cegb,kin8nm,64,1,2,0.0625,0.06967849062757506,0.0686876069459793,1
cegb,wine,256,7,1,0.125,0.434673850298249,0.44384615384615383,7
cegb,kin8nm,32,4,2,0.0078125,0.060242187313213166,0.05960967785637079,12
cegb,kin8nm,8,1,4,0.0625,0.06967849062757506,0.0686876069459793,1
cegb,wine,1,7,4,0.03125,0.434673850298249,0.44384615384615383,79
cegb,wine,8,56,2,0.015625,0.5335770636905908,0.536923076923077,160
cegb,wine,8,28,1,0.0625,0.434673850298249,0.44384615384615383,40
cegb,kin8nm,64,4,8,0.0078125,0.060242187313213166,0.05960967785637079,12
cegb,wine,8,56,8,0.0,0.6565326149701751,0.5861538461538461,3306
cegb,kin8nm,8,1,8,0.015625,0.06658372588648219,0.06571994905758295,3
cegb,wine,16,7,1,0.25,0.434673850298249,0.44384615384615383,7
cegb,wine,256,56,2,0.03125,0.5335770636905908,0.536923076923077,104
cegb,wine,1,7,8,0.0078125,0.44294785453146046,0.44769230769230767,299
cegb,wine,2,7,2,0.5,0.434673850298249,0.44384615384615383,7
cegb,kin8nm,128,1,2,0.5,0.06967849062757506,0.0686876069459793,1
cegb,wine,16,28,2,0.0625,0.5306907831441217,0.536923076923077,46
cegb,kin8nm,512,1,1,0.0625,0.06967849062757506,0.0686876069459793,1
cegb,wine,2,7,4,0.125,0.434673850298249,0.44384615384615383,7
cegb,wine,16,84,4,0.015625,0.5362709255339619,0.5384615384615384,346
cegb,kin8nm,512,1,8,0.015625,0.06658372588648219,0.06571994905758295,3
cegb,wine,32,7,2,0.25,0.434673850298249,0.44384615384615383,7
cegb,kin8nm,512,1,2,0.015625,0.06658372588648219,0.06571994905758295,3
cegb,wine,32,224,1,0.0,0.539349624783529,0.5392307692307692,672
cegb,wine,4,28,1,0.0078125,0.5249182220511833,0.536923076923077,72
cegb,wine,256,112,4,0.0078125,0.5572445641716375,0.5538461538461539,796
cegb,wine,2,14,8,0.03125,0.45102944006157397,0.4546153846153846,172
cegb,wine,32,28,4,0.0625,0.5306907831441217,0.536923076923077,46
ccp,covtype,256,256,1,0.03125,1.3618863601625701,0.6654131132586938,258
cegb,california_housing,1024,1024,2,0.0,0.2082464105821256,0.23806666865865264,7168
cegb,wine,32,84,8,0.015625,0.5514720030786993,0.5384615384615384,696
cegb,kin8nm,16,16,2,0.0,0.04619800208358658,0.04612972846391317,112
cegb,kin8nm,512,512,8,0.0,0.0014067547301103483,0.010775445915135018,29950
cegb,kin8nm,16,1,4,0.25,0.06967849062757506,0.0686876069459793,1
cegb,kin8nm,1,1,2,0.0,0.06571707208087692,0.06491650059514606,7
cegb,kin8nm,1024,1,2,0.0625,0.06967849062757506,0.0686876069459793,1
cegb,kin8nm,1,1,4,0.25,0.06967849062757506,0.0686876069459793,1
cegb,kin8nm,2,1,8,0.5,0.06967849062757506,0.0686876069459793,1
cegb,kin8nm,2,1,1,0.015625,0.06658372588648219,0.06571994905758295,3
cegb,wine,512,7,1,0.5,0.434673850298249,0.44384615384615383,7
cegb,kin8nm,1024,1,1,0.25,0.06967849062757506,0.0686876069459793,1
cegb,kin8nm,128,1,8,0.03125,0.06967849062757506,0.0686876069459793,1
cegb,california_housing,1024,3,4,0.25,1.107551380144227,1.0918993080228583,13
cegb,kin8nm,128,1,4,0.125,0.06967849062757506,0.0686876069459793,1
cegb,wine,4,7,4,0.5,0.434673850298249,0.44384615384615383,7
cegb,kin8nm,4,1,2,0.03125,0.06967849062757506,0.0686876069459793,1
cegb,kin8nm,1024,1,4,0.015625,0.06658372588648219,0.06571994905758295,3
cegb,kin8nm,256,4,1,0.0078125,0.060242187313213166,0.05960967785637079,12
cegb,kin8nm,4,1,1,0.125,0.06967849062757506,0.0686876069459793,1
cegb,kin8nm,1,1,8,0.0625,0.06967849062757506,0.0686876069459793,1
ccp,covtype,64,64,4,0.125,1.3856916045032899,0.5129041418896242,64
cegb,covtype,512,1,4,0.5,0.5122749344354348,0.5129041418896242,1
cegb,kin8nm,32,1,8,0.5,0.06967849062757506,0.0686876069459793,1
cegb,kin8nm,4,4,4,0.0078125,0.060242187313213166,0.05960967785637079,12
cegb,kin8nm,256,1,4,0.5,0.06967849062757506,0.0686876069459793,1
cegb,wine,64,28,8,0.0625,0.5306907831441217,0.536923076923077,46
cegb,wine,64,7,4,0.25,0.434673850298249,0.44384615384615383,7
cegb,kin8nm,16,1,8,0.0625,0.06967849062757506,0.0686876069459793,1
cegb,wine,64,448,2,0.0,0.5959207234943237,0.5661538461538461,3082
cegb,breastcancer,1,1,1,0.5,0.6263736263736264,0.631578947368421,3
cegb,kin8nm,8,1,1,0.5,0.06967849062757506,0.0686876069459793,1
cegb,wine,128,133,1,0.015625,0.5316528766596114,0.5384615384615384,203
cegb,kin8nm,2,2,4,0.0,0.06072638012266793,0.06047522170849749,62
cegb,wine,512,7,2,0.125,0.434673850298249,0.44384615384615383,7
cegb,wine,4,7,8,0.125,0.434673850298249,0.44384615384615383,7
cegb,wine,1,7,1,0.25,0.434673850298249,0.44384615384615383,7
cegb,kin8nm,64,1,4,0.015625,0.06658372588648219,0.06571994905758295,3
cegb,kin8nm,256,1,8,0.125,0.06967849062757506,0.0686876069459793,1
cegb,wine,128,896,4,0.0,0.807388878198961,0.62,20206
ccp,wine,1024,1024,2,0.0625,1.2784639573472254,0.44384615384615383,7168
cegb,kin8nm,32,1,1,0.015625,0.06658372588648219,0.06571994905758295,3
cegb,kin8nm,64,1,1,0.125,0.06967849062757506,0.0686876069459793,1
cegb,wine,128,7,8,0.25,0.434673850298249,0.44384615384615383,7
cegb,wine,1,7,2,0.0625,0.434673850298249,0.44384615384615383,15
cegb,kin8nm,64,1,2,0.03125,0.06967849062757506,0.0686876069459793,1
cegb,kin8nm,8,1,2,0.125,0.06967849062757506,0.0686876069459793,1
cegb,covtype,256,12,4,0.015625,0.747436043622219,0.7464953572627213,222
cegb,wine,256,28,1,0.0625,0.434673850298249,0.44384615384615383,40
cegb,kin8nm,8,1,4,0.03125,0.06967849062757506,0.0686876069459793,1
cegb,wine,512,56,4,0.03125,0.5337694823936887,0.5361538461538462,166
cegb,kin8nm,32,32,4,0.0,0.02889348138053991,0.03255957540569648,988
cegb,wine,1,7,4,0.015625,0.434673850298249,0.44384615384615383,85
cegb,wine,8,56,2,0.0078125,0.532999807581297,0.5346153846153846,230
cegb,wine,512,7,8,0.125,0.434673850298249,0.44384615384615383,7
cegb,wine,8,56,1,0.03125,0.5025976524918222,0.5046153846153846,84
cegb,kin8nm,128,128,1,0.0,0.039807732767365156,0.040750300262256484,384
cegb,wine,8,7,8,0.5,0.434673850298249,0.44384615384615383,7
cegb,kin8nm,8,4,8,0.0078125,0.060242187313213166,0.05960967785637079,12
cegb,wine,2,14,1,0.0,0.434673850298249,0.44384615384615383,42
cegb,wine,16,7,1,0.125,0.434673850298249,0.44384615384615383,7
cegb,wine,2,7,2,0.25,0.434673850298249,0.44384615384615383,7
ccp,wine,256,256,1,0.5,1.2784639573472254,0.44384615384615383,1792
cegb,kin8nm,128,1,2,0.25,0.06967849062757506,0.0686876069459793,1
cegb,kin8nm,512,1,1,0.03125,0.06967849062757506,0.0686876069459793,1
cegb,wine,16,56,2,0.03125,0.5335770636905908,0.536923076923077,104
cegb,wine,256,84,2,0.015625,0.5343467385029825,0.536923076923077,202
cegb,wine,2,14,4,0.0625,0.434673850298249,0.44384615384615383,28
cegb,wine,16,112,4,0.0078125,0.5572445641716375,0.5538461538461539,796
cegb,kin8nm,512,4,2,0.0078125,0.060242187313213166,0.05960967785637079,12
cegb,wine,32,7,2,0.125,0.434673850298249,0.44384615384615383,7
cegb,wine,32,7,1,0.5,0.434673850298249,0.44384615384615383,7
cegb,wine,4,28,2,0.0,0.5289590148162402,0.5376923076923077,188
cegb,wine,2,14,8,0.015625,0.5014431402732346,0.5053846153846154,368
cegb,wine,512,112,8,0.0078125,0.607850683086396,0.5715384615384616,1836
cegb,wine,32,56,4,0.03125,0.5337694823936887,0.5361538461538462,166
cegb,wine,32,112,8,0.0078125,0.607850683086396,0.5715384615384616,1836
cegb,kin8nm,16,1,4,0.125,0.06967849062757506,0.0686876069459793,1
cegb,kin8nm,16,1,2,0.5,0.06967849062757506,0.0686876069459793,1
cegb,kin8nm,512,1,8,0.5,0.06967849062757506,0.0686876069459793,1
ccp,wine,512,512,2,0.25,1.2784639573472254,0.44384615384615383,3584
cegb,kin8nm,2,1,8,0.25,0.06967849062757506,0.0686876069459793,1
cegb,kin8nm,1024,1,2,0.03125,0.06967849062757506,0.0686876069459793,1
cegb,kin8nm,1024,1,1,0.125,0.06967849062757506,0.0686876069459793,1
cegb,kin8nm,128,1,8,0.015625,0.06658372588648219,0.06571994905758295,3
cegb,kin8nm,128,1,4,0.0625,0.06967849062757506,0.0686876069459793,1
cegb,kin8nm,4,1,2,0.015625,0.06658372588648219,0.06571994905758295,3
cegb,wine,4,7,4,0.25,0.434673850298249,0.44384615384615383,7
cegb,wine,512,7,1,0.25,0.434673850298249,0.44384615384615383,7
cegb,kin8nm,1024,4,4,0.0078125,0.060242187313213166,0.05960967785637079,12
cegb,wine,1024,7,2,0.5,0.434673850298249,0.44384615384615383,7
cegb,kin8nm,4,1,1,0.0625,0.06967849062757506,0.0686876069459793,1
cegb,kin8nm,256,256,2,0.0,0.02919908506732442,0.032862394944844574,1748
cegb,kin8nm,32,1,8,0.25,0.06967849062757506,0.0686876069459793,1
cegb,wine,1024,7,4,0.125,0.434673850298249,0.44384615384615383,7
cegb,wine,1024,7,8,0.5,0.434673850298249,0.44384615384615383,7
cegb,wine,1024,7,8,0.125,0.434673850298249,0.44384615384615383,7
cegb,kin8nm,4,4,8,0.0,0.05053299097980588,0.051293757445994494,244
cegb,wine,1024,56,8,0.03125,0.539349624783529,0.536923076923077,268
cegb,wine,64,7,4,0.125,0.434673850298249,0.44384615384615383,7
cegb,kin8nm,256,1,4,0.25,0.06967849062757506,0.0686876069459793,1
cegb,wine,64,7,2,0.5,0.434673850298249,0.44384615384615383,7
cegb,kin8nm,8,1,1,0.25,0.06967849062757506,0.0686876069459793,1
cegb,wine,64,56,8,0.03125,0.539349624783529,0.536923076923077,268
cegb,breastcancer,1,1,1,0.25,0.6263736263736264,0.631578947368421,3
cegb,kin8nm,16,1,8,0.03125,0.06967849062757506,0.0686876069459793,1
cegb,wine,1024,112,8,0.0078125,0.607850683086396,0.5715384615384616,1836
cegb,wine,256,1792,8,0.0,0.9994227438907062,0.6484615384615384,91240
cegb,wine,128,203,1,0.0078125,0.5343467385029825,0.536923076923077,339
cegb,wine,1,7,1,0.125,0.434673850298249,0.44384615384615383,7
cegb,wine,4,28,8,0.0625,0.5306907831441217,0.536923076923077,46
cegb,kin8nm,64,4,4,0.0078125,0.060242187313213166,0.05960967785637079,12
cegb,covtype,512,512,2,0.0,0.7902385711120051,0.7888522671531716,3580
cegb,wine,512,28,2,0.0625,0.5306907831441217,0.536923076923077,46
cegb,kin8nm,256,1,8,0.0625,0.06967849062757506,0.0686876069459793,1
cegb,wine,128,7,4,0.5,0.434673850298249,0.44384615384615383,7
cegb,kin8nm,32,4,1,0.0078125,0.060242187313213166,0.05960967785637079,12
cegb,kin8nm,64,1,2,0.015625,0.06658372588648219,0.06571994905758295,3
cegb,wine,128,7,8,0.125,0.434673850298249,0.44384615384615383,7
cegb,wine,1,7,2,0.03125,0.434673850298249,0.44384615384615383,23
cegb,kin8nm,64,1,1,0.0625,0.06967849062757506,0.0686876069459793,1
cegb,kin8nm,8,1,2,0.0625,0.06967849062757506,0.0686876069459793,1
cegb,kin8nm,8,1,4,0.015625,0.06658372588648219,0.06571994905758295,3
ccp,california_housing,512,512,8,0.25,1.0861953519355538,1.0709015580552312,520
cegb,wine,256,63,1,0.03125,0.5025976524918222,0.5046153846153846,93
cegb,wine,1,7,4,0.0078125,0.4333269193765634,0.44153846153846155,137
cegb,kin8nm,32,1,4,0.5,0.06967849062757506,0.0686876069459793,1
cegb,wine,8,56,1,0.015625,0.5025976524918222,0.5046153846153846,102
cegb,wine,8,56,4,0.0,0.5741774100442563,0.5561538461538461,1438
cegb,wine,512,84,4,0.015625,0.5362709255339619,0.5384615384615384,346
cegb,kin8nm,128,1,1,0.5,0.06967849062757506,0.0686876069459793,1
cegb,kin8nm,16,16,1,0.0,0.05120146098684904,0.050825747789769254,48
cegb,wine,8,7,8,0.25,0.434673850298249,0.44384615384615383,7
cegb,wine,2,7,1,0.5,0.434673850298249,0.44384615384615383,7
cegb,wine,512,28,8,0.0625,0.5306907831441217,0.536923076923077,46
cegb,wine,16,28,1,0.0625,0.434673850298249,0.44384615384615383,40
cegb,wine,2,7,2,0.125,0.434673850298249,0.44384615384615383,7
cegb,kin8nm,128,1,2,0.125,0.06967849062757506,0.0686876069459793,1
cegb,kin8nm,512,1,1,0.015625,0.06658372588648219,0.06571994905758295,3
cegb,wine,2,14,4,0.03125,0.434673850298249,0.44384615384615383,92
cegb,wine,16,84,2,0.015625,0.5343467385029825,0.536923076923077,202
cegb,wine,16,112,8,0.0,0.7175293438522224,0.6015384615384616,6706
cegb,wine,32,7,1,0.25,0.434673850298249,0.44384615384615383,7
cegb,wine,32,28,2,0.0625,0.5306907831441217,0.536923076923077,46
cegb,wine,256,112,2,0.0078125,0.5335770636905908,0.5346153846153846,362
cegb,covtype,1024,14,2,0.015625,0.7338132437194632,0.7341462784953917,92
cegb,kin8nm,512,512,4,0.0,0.007201557272643918,0.015879472467780528,12338
cegb,wine,2,14,8,0.0078125,0.549162978641524,0.5361538461538462,580
cegb,wine,4,7,2,0.5,0.434673850298249,0.44384615384615383,7
cegb,wine,32,84,4,0.015625,0.5362709255339619,0.5384615384615384,346
cegb,wine,64,448,1,0.0,0.5460842793919569,0.5446153846153846,1344
cegb,kin8nm,16,1,4,0.0625,0.06967849062757506,0.0686876069459793,1
cegb,kin8nm,16,1,2,0.25,0.06967849062757506,0.0686876069459793,1
cegb,kin8nm,512,1,8,0.25,0.06967849062757506,0.0686876069459793,1
cegb,kin8nm,1024,1,2,0.015625,0.06658372588648219,0.06571994905758295,3
cegb,kin8nm,128,1,4,0.03125,0.06967849062757506,0.0686876069459793,1
cegb,kin8nm,128,4,8,0.0078125,0.060242187313213166,0.05960967785637079,12
cegb,kin8nm,1024,1,1,0.0625,0.06967849062757506,0.0686876069459793,1
cegb,wine,4,7,4,0.125,0.434673850298249,0.44384615384615383,7
cegb,kin8nm,256,1,2,0.5,0.06967849062757506,0.0686876069459793,1
cegb,wine,512,7,1,0.125,0.434673850298249,0.44384615384615383,7
cegb,kin8nm,32,1,8,0.125,0.06967849062757506,0.0686876069459793,1
cegb,wine,64,28,4,0.0625,0.5306907831441217,0.536923076923077,46
cegb,wine,64,84,8,0.015625,0.5514720030786993,0.5384615384615384,696
cegb,kin8nm,256,1,4,0.125,0.06967849062757506,0.0686876069459793,1
cegb,kin8nm,16,1,8,0.015625,0.06658372588648219,0.06571994905758295,3
cegb,wine,1024,7,2,0.25,0.434673850298249,0.44384615384615383,7
cegb,wine,1024,7168,1,0.0,0.6103521262266692,0.563076923076923,21504
cegb,breastcancer,1,1,1,0.125,0.6263736263736264,0.631578947368421,3
ccp,california_housing,1024,1024,8,0.25,1.0861953519355538,1.0709015580552312,1032
cegb,wine,64,7,2,0.25,0.434673850298249,0.44384615384615383,7
cegb,wine,256,7,8,0.5,0.434673850298249,0.44384615384615383,7
cegb,wine,1024,28,4,0.0625,0.5306907831441217,0.536923076923077,46
cegb,wine,1024,7,8,0.25,0.434673850298249,0.44384615384615383,7
cegb,wine,1024,28,8,0.0625,0.5306907831441217,0.536923076923077,46
cegb,wine,1,7,1,0.0625,0.434673850298249,0.44384615384615383,11
cegb,wine,4,28,8,0.03125,0.5453146045795652,0.5353846153846153,198
cegb,kin8nm,256,1,8,0.03125,0.06967849062757506,0.0686876069459793,1
cegb,wine,128,896,2,0.0,0.6280546469116798,0.5692307692307692,6144
cegb,wine,1024,84,8,0.015625,0.5514720030786993,0.5384615384615384,696
cegb,kin8nm,64,64,8,0.0,0.011348269817562732,0.017515205581741702,3904
cegb,kin8nm,1024,1024,8,0.0,0.00032671878557993144,0.010393580567024626,60576
cegb,kin8nm,32,32,2,0.0,0.040039040141923436,0.04062449633525465,224
cegb,wine,128,7,4,0.25,0.434673850298249,0.44384615384615383,7
cegb,kin8nm,64,4,2,0.0078125,0.060242187313213166,0.05960967785637079,12
cegb,kin8nm,64,1,1,0.03125,0.06967849062757506,0.0686876069459793,1
cegb,wine,1,7,2,0.015625,0.434673850298249,0.44384615384615383,31
cegb,wine,512,56,2,0.03125,0.5335770636905908,0.536923076923077,104
cegb,wine,128,28,8,0.0625,0.5306907831441217,0.536923076923077,46
cegb,covtype,1024,5,1,0.0625,0.7283378764180556,0.7276318167345077,15
cegb,wine,1,7,8,0.0,0.434673850298249,0.44153846153846155,379
cegb,kin8nm,32,1,4,0.25,0.06967849062757506,0.0686876069459793,1
cegb,wine,8,56,1,0.0078125,0.5249182220511833,0.536923076923077,126
cegb,covtype,512,512,1,0.0,0.7699011852180143,0.7693691212791408,1536
cegb,wine,8,7,4,0.5,0.434673850298249,0.44384615384615383,7
cegb,kin8nm,128,1,1,0.25,0.06967849062757506,0.0686876069459793,1
cegb,wine,256,133,1,0.015625,0.5316528766596114,0.5384615384615384,203
cegb,wine,8,7,8,0.125,0.434673850298249,0.44384615384615383,7
cegb,wine,2,7,1,0.25,0.434673850298249,0.44384615384615383,7
cegb,wine,2,14,2,0.0625,0.434673850298249,0.44384615384615383,28
cegb,wine,16,63,1,0.03125,0.5025976524918222,0.5046153846153846,93
cegb,wine,512,112,4,0.0078125,0.5572445641716375,0.5538461538461539,796
cegb,kin8nm,128,1,2,0.0625,0.06967849062757506,0.0686876069459793,1
cegb,kin8nm,512,4,1,0.0078125,0.060242187313213166,0.05960967785637079,12
cegb,wine,32,7,1,0.125,0.434673850298249,0.44384615384615383,7
cegb,wine,16,112,2,0.0078125,0.5335770636905908,0.5346153846153846,362
cegb,wine,16,7,8,0.5,0.434673850298249,0.44384615384615383,7
cegb,wine,32,56,2,0.03125,0.5335770636905908,0.536923076923077,104
cegb,wine,2,14,4,0.015625,0.434673850298249,0.44384615384615383,168
cegb,wine,512,56,8,0.03125,0.539349624783529,0.536923076923077,268
cegb,wine,4,7,2,0.25,0.434673850298249,0.44384615384615383,7
cegb,kin8nm,512,1,4,0.5,0.06967849062757506,0.0686876069459793,1
cegb,wine,4,28,1,0.0,0.5249182220511833,0.536923076923077,84
cegb,wine,32,112,4,0.0078125,0.5572445641716375,0.5538461538461539,796
cegb,wine,64,7,1,0.5,0.434673850298249,0.44384615384615383,7
cegb,kin8nm,128,1,4,0.015625,0.06658372588648219,0.06571994905758295,3
cegb,kin8nm,256,256,1,0.0,0.038192031322405284,0.039531029784772465,768
cegb,kin8nm,1024,1,1,0.03125,0.06967849062757506,0.0686876069459793,1
cegb,kin8nm,1024,4,2,0.0078125,0.060242187313213166,0.05960967785637079,12
cegb,wine,4,28,4,0.0625,0.5306907831441217,0.536923076923077,46
cegb,covtype,512,1,4,0.25,0.5122749344354348,0.5129041418896242,1
cegb,kin8nm,256,1,2,0.25,0.06967849062757506,0.0686876069459793,1
cegb,wine,256,1792,4,0.0,0.9078314412160862,0.6392307692307693,38282
ccp,wine,256,256,1,0.25,1.2784639573472254,0.44384615384615383,1792
cegb,kin8nm,32,1,8,0.0625,0.06967849062757506,0.0686876069459793,1
ccp,wine,256,256,8,0.125,1.2784639573472254,0.44384615384615383,1792
cegb,wine,512,28,1,0.0625,0.434673850298249,0.44384615384615383,40
cegb,breastcancer,1,1,1,0.0625,0.6263736263736264,0.631578947368421,3
cegb,kin8nm,256,1,4,0.0625,0.06967849062757506,0.0686876069459793,1
cegb,wine,64,112,8,0.0078125,0.607850683086396,0.5715384615384616,1836
cegb,wine,64,56,4,0.03125,0.5337694823936887,0.5361538461538462,166
cegb,wine,64,7,2,0.125,0.434673850298249,0.44384615384615383,7
cegb,wine,1,7,1,0.03125,0.434673850298249,0.44384615384615383,13
cegb,wine,4,28,8,0.015625,0.5478160477198384,0.5384615384615384,512
cegb,kin8nm,256,1,8,0.015625,0.06658372588648219,0.06571994905758295,3
cegb,wine,256,7,8,0.25,0.434673850298249,0.44384615384615383,7
cegb,kin8nm,64,1,8,0.5,0.06967849062757506,0.0686876069459793,1
cegb,wine,128,7,2,0.5,0.434673850298249,0.44384615384615383,7
cegb,kin8nm,64,64,4,0.0,0.022227703367575225,0.027140212023126102,1906
cegb,kin8nm,64,1,1,0.015625,0.06658372588648219,0.06571994905758295,3
cegb,wine,1,7,2,0.0078125,0.4333269193765634,0.44153846153846155,41
cegb,wine,128,7,4,0.125,0.434673850298249,0.44384615384615383,7
cegb,wine,1024,7,1,0.5,0.434673850298249,0.44384615384615383,7
cegb,wine,1024,7,2,0.125,0.434673850298249,0.44384615384615383,7
cegb,wine,128,56,8,0.03125,0.539349624783529,0.536923076923077,268
cegb,wine,1024,56,4,0.03125,0.5337694823936887,0.5361538461538462,166
cegb,wine,1,7,8,0.5,0.434673850298249,0.44384615384615383,7
cegb,wine,512,84,2,0.015625,0.5343467385029825,0.536923076923077,202
cegb,kin8nm,128,1,1,0.125,0.06967849062757506,0.0686876069459793,1
cegb,wine,8,7,4,0.25,0.434673850298249,0.44384615384615383,7
ccp,covtype,8,8,8,0.015625,1.2659936026437169,0.7306782096847758,22
cegb,wine,8,56,2,0.0,0.5310756205503175,0.5384615384615384,380
cegb,wine,8,28,8,0.0625,0.5306907831441217,0.536923076923077,46
cegb,wine,256,203,1,0.0078125,0.5343467385029825,0.536923076923077,339
cegb,wine,2,7,1,0.125,0.434673850298249,0.44384615384615383,7
lgbm_base,covtype,2,2,2,0.0,0.7294157385076451,0.7291636188394448,14
cegb,wine,16,112,1,0.015625,0.5077929574754666,0.5130769230769231,176
cegb,wine,2,14,2,0.03125,0.434673850298249,0.44384615384615383,36
cegb,kin8nm,128,1,2,0.03125,0.06967849062757506,0.0686876069459793,1
lgbm_quant,covtype,2,2,2,0.0,0.729181233581966,0.7290259287625965,14
cegb,wine,32,84,2,0.015625,0.5343467385029825,0.536923076923077,202
cegb,wine,16,7,8,0.25,0.434673850298249,0.44384615384615383,7
cegb,wine,2,14,4,0.0078125,0.5172214739272657,0.5284615384615384,246
cegb,wine,16,112,4,0.0,0.6161246873196075,0.5646153846153846,2918
cegb,kin8nm,512,512,2,0.0,0.024721575874962924,0.029310155414282793,3476
cegb,wine,32,28,1,0.0625,0.434673850298249,0.44384615384615383,40
cegb,wine,4,7,2,0.125,0.434673850298249,0.44384615384615383,7
cegb,kin8nm,512,1,4,0.25,0.06967849062757506,0.0686876069459793,1
cegb,wine,4,7,1,0.5,0.434673850298249,0.44384615384615383,7
cegb,wine,512,84,8,0.015625,0.5514720030786993,0.5384615384615384,696
cegb,wine,64,7,1,0.25,0.434673850298249,0.44384615384615383,7
cegb,wine,32,224,8,0.0,0.7921878006542236,0.6238461538461538,13434
cegb,kin8nm,128,4,4,0.0078125,0.060242187313213166,0.05960967785637079,12
cegb,kin8nm,256,1,1,0.5,0.06967849062757506,0.0686876069459793,1
cegb,wine,4,28,4,0.03125,0.5281893400038484,0.5284615384615384,118
cegb,kin8nm,1024,1,1,0.015625,0.06658372588648219,0.06571994905758295,3
ccp,california_housing,256,256,8,0.0078125,0.38770546005965517,0.40134219007084176,632
cegb,kin8nm,256,1,2,0.125,0.06967849062757506,0.0686876069459793,1
cegb,wine,256,7,4,0.5,0.434673850298249,0.44384615384615383,7
cegb,breastcancer,1,1,1,0.03125,0.6263736263736264,0.631578947368421,3
cegb,kin8nm,256,1,4,0.03125,0.06967849062757506,0.0686876069459793,1
cegb,wine,64,84,4,0.015625,0.5362709255339619,0.5384615384615384,346
cegb,kin8nm,1024,1024,4,0.0,0.0039160368586599725,0.014700650558026029,24442
cegb,wine,512,63,1,0.03125,0.5025976524918222,0.5046153846153846,93
cegb,wine,1,7,1,0.015625,0.434673850298249,0.44384615384615383,19
cegb,wine,64,28,2,0.0625,0.5306907831441217,0.536923076923077,46
cegb,wine,4,28,8,0.0078125,0.5778333654031171,0.5423076923076923,1032
cegb,wine,128,896,1,0.0,0.5637868000769675,0.5523076923076923,2688
cegb,kin8nm,256,4,8,0.0078125,0.060242187313213166,0.05960967785637079,12
cegb,kin8nm,64,1,8,0.25,0.06967849062757506,0.0686876069459793,1
cegb,wine,256,7,8,0.125,0.434673850298249,0.44384615384615383,7
cegb,wine,1,7,4,0.0,0.4333269193765634,0.44153846153846155,163
cegb,wine,128,7,2,0.25,0.434673850298249,0.44384615384615383,7
cegb,wine,128,28,4,0.0625,0.5306907831441217,0.536923076923077,46
cegb,wine,128,84,8,0.015625,0.5514720030786993,0.5384615384615384,696
cegb,wine,1,7,8,0.25,0.434673850298249,0.44384615384615383,7
lgbm_base,covtype,4,4,4,0.0,0.7487677734295162,0.7478980749206131,124
cegb,kin8nm,128,1,1,0.0625,0.06967849062757506,0.0686876069459793,1
cegb,wine,8,7,4,0.125,0.434673850298249,0.44384615384615383,7
cegb,wine,8,7,2,0.5,0.434673850298249,0.44384615384615383,7
cegb,covtype,512,1,2,0.5,0.5122749344354348,0.5129041418896242,1
cegb,wine,8,56,8,0.03125,0.539349624783529,0.536923076923077,268
lgbm_quant,covtype,4,4,4,0.0,0.7487311992667957,0.7478120186225828,124
cegb,wine,2,14,1,0.0625,0.434673850298249,0.44384615384615383,22
cegb,wine,512,112,2,0.0078125,0.5335770636905908,0.5346153846153846,362
cegb,wine,16,112,1,0.0078125,0.5337694823936887,0.5376923076923077,214
cegb,kin8nm,128,1,2,0.015625,0.06658372588648219,0.06571994905758295,3
cegb,wine,1024,7,1,0.25,0.434673850298249,0.44384615384615383,7
cegb,wine,16,7,4,0.5,0.434673850298249,0.44384615384615383,7
cegb,wine,1024,28,2,0.0625,0.5306907831441217,0.536923076923077,46
cegb,wine,2,14,2,0.015625,0.434673850298249,0.44384615384615383,60
cegb,wine,32,112,2,0.0078125,0.5335770636905908,0.5346153846153846,362
cegb,wine,2,14,8,0.0,0.5433904175485857,0.5315384615384615,788
cegb,wine,32,63,1,0.03125,0.5025976524918222,0.5046153846153846,93
cegb,wine,16,7,8,0.125,0.434673850298249,0.44384615384615383,7
cegb,wine,1024,84,4,0.015625,0.5362709255339619,0.5384615384615384,346
cegb,wine,4,28,2,0.0625,0.5306907831441217,0.536923076923077,46
cegb,kin8nm,512,1,2,0.5,0.06967849062757506,0.0686876069459793,1
cegb,kin8nm,512,1,4,0.125,0.06967849062757506,0.0686876069459793,1
cegb,wine,4,7,1,0.25,0.434673850298249,0.44384615384615383,7
cegb,wine,256,1792,2,0.0,0.6738502982489898,0.5884615384615385,12142
ccp,wine,256,256,4,0.015625,1.2368394505863347,0.44384615384615383,1802
cegb,wine,32,7,8,0.5,0.434673850298249,0.44384615384615383,7
cegb,wine,512,3584,8,0.0,1.0,0.6561538461538462,165576
cegb,wine,64,7,1,0.125,0.434673850298249,0.44384615384615383,7
cegb,wine,4,28,4,0.015625,0.5389647873773331,0.5407692307692308,230
cegb,kin8nm,256,1,1,0.25,0.06967849062757506,0.0686876069459793,1
cegb,kin8nm,128,128,8,0.0,0.007157674365269433,0.01435745203260602,7488
cegb,kin8nm,1024,4,1,0.0078125,0.060242187313213166,0.05960967785637079,12
ccp,wine,1024,1024,1,0.125,1.2784639573472254,0.44384615384615383,7168
cegb,kin8nm,256,1,2,0.0625,0.06967849062757506,0.0686876069459793,1
lgbm_base,covtype,8,8,8,0.0,0.7856431351372284,0.7847904098861476,488
cegb,breastcancer,1,1,1,0.015625,0.6263736263736264,0.631578947368421,3
cegb,kin8nm,256,1,4,0.015625,0.06658372588648219,0.06571994905758295,3
cegb,wine,256,7,4,0.25,0.434673850298249,0.44384615384615383,7
lgbm_quant,covtype,8,8,8,0.0,0.7856646493505934,0.7847731986265415,488
cegb,kin8nm,1024,1,4,0.5,0.06967849062757506,0.0686876069459793,1
cegb,wine,64,112,4,0.0078125,0.5572445641716375,0.5538461538461539,796
cegb,wine,1,7,1,0.0078125,0.434673850298249,0.44384615384615383,21
cegb,wine,8,56,1,0.0,0.5249182220511833,0.536923076923077,168
cegb,wine,64,56,2,0.03125,0.5335770636905908,0.536923076923077,104
cegb,wine,128,7,1,0.5,0.434673850298249,0.44384615384615383,7
cegb,kin8nm,512,512,1,0.0,0.03761428160937726,0.03936657646478517,1536
cegb,wine,1,7,4,0.5,0.434673850298249,0.44384615384615383,7
cegb,wine,512,133,1,0.015625,0.5316528766596114,0.5384615384615384,203
cegb,wine,256,28,8,0.0625,0.5306907831441217,0.536923076923077,46
cegb,wine,128,7,2,0.125,0.434673850298249,0.44384615384615383,7
cegb,wine,1,7,8,0.125,0.434673850298249,0.44384615384615383,7
cegb,wine,128,56,4,0.03125,0.5337694823936887,0.5361538461538462,166
ccp,covtype,32,32,4,0.5,1.3856916045032899,0.5129041418896242,32
cegb,wine,8,7,2,0.25,0.434673850298249,0.44384615384615383,7
cegb,wine,8,28,4,0.0625,0.5306907831441217,0.536923076923077,46
cegb,wine,128,112,8,0.0078125,0.607850683086396,0.5715384615384616,1836
cegb,wine,2,14,1,0.03125,0.434673850298249,0.44384615384615383,24
cegb,wine,8,56,8,0.015625,0.549162978641524,0.5384615384615384,642
cegb,wine,16,112,2,0.0,0.5476236290167404,0.5415384615384615,764
cegb,wine,2,14,2,0.0078125,0.5189532422551472,0.5346153846153846,78
cegb,wine,16,7,4,0.25,0.434673850298249,0.44384615384615383,7
cegb,wine,16,28,8,0.0625,0.5306907831441217,0.536923076923077,46
cegb,kin8nm,512,1,2,0.25,0.06967849062757506,0.0686876069459793,1
cegb,wine,32,133,1,0.015625,0.5316528766596114,0.5384615384615384,203
cegb,wine,4,28,2,0.03125,0.5270348277852607,0.5338461538461539,62
cegb,wine,2,7,8,0.5,0.434673850298249,0.44384615384615383,7
cegb,wine,32,224,4,0.0,0.6548008466422937,0.5876923076923077,5708
cegb,wine,4,7,1,0.125,0.434673850298249,0.44384615384615383,7
cegb,kin8nm,512,1,4,0.0625,0.06967849062757506,0.0686876069459793,1
lgbm_base,covtype,32,32,1,0.0,0.7310336073526975,0.731323631920002,96
cegb,wine,256,7,2,0.5,0.434673850298249,0.44384615384615383,7
cegb,wine,32,7,8,0.25,0.434673850298249,0.44384615384615383,7
cegb,wine,64,28,1,0.0625,0.434673850298249,0.44384615384615383,40
cegb,wine,4,28,4,0.0078125,0.5324225514720031,0.5415384615384615,426
lgbm_quant,covtype,32,32,1,0.0,0.7308744021737961,0.7313150262901991,96
ccp,wine,512,512,4,0.5,1.2784639573472254,0.44384615384615383,3584
cegb,wine,1024,7,1,0.125,0.434673850298249,0.44384615384615383,7
cegb,wine,1024,56,2,0.03125,0.5335770636905908,0.536923076923077,104
cegb,wine,512,7,8,0.5,0.434673850298249,0.44384615384615383,7
cegb,breastcancer,1,1,1,0.0078125,0.6263736263736264,0.631578947368421,3
cegb,wine,1024,112,4,0.0078125,0.5572445641716375,0.5538461538461539,796
lgbm_base,covtype,2,2,1,0.0,0.6676290691445304,0.6660241129747081,6
cegb,kin8nm,1024,1024,2,0.0,0.021638121882603712,0.02809141248842259,6952
lgbm_quant,covtype,2,2,1,0.0,0.6673945642188512,0.6658864228978598,6
cegb,kin8nm,1024,1,4,0.25,0.06967849062757506,0.0686876069459793,1
cegb,wine,1,7,2,0.0,0.4333269193765634,0.44153846153846155,45
cegb,wine,8,7,1,0.5,0.434673850298249,0.44384615384615383,7
cegb,wine,256,7,4,0.125,0.434673850298249,0.44384615384615383,7
cegb,wine,64,84,2,0.015625,0.5343467385029825,0.536923076923077,202
cegb,wine,1,7,4,0.25,0.434673850298249,0.44384615384615383,7
cegb,wine,128,7,1,0.25,0.434673850298249,0.44384615384615383,7
cegb,wine,1,7,8,0.0625,0.434673850298249,0.44384615384615383,15
cegb,wine,128,28,2,0.0625,0.5306907831441217,0.536923076923077,46
cegb,wine,128,84,4,0.015625,0.5362709255339619,0.5384615384615384,346
cegb,wine,8,7,2,0.125,0.434673850298249,0.44384615384615383,7
cegb,wine,256,56,8,0.03125,0.539349624783529,0.536923076923077,268
cegb,wine,64,448,8,0.0,0.8847411968443333,0.6469230769230769,26938
cegb,wine,8,56,4,0.03125,0.5337694823936887,0.5361538461538462,166
cegb,wine,2,14,1,0.015625,0.434673850298249,0.44384615384615383,34
cegb,wine,16,7,2,0.5,0.434673850298249,0.44384615384615383,7
cegb,wine,512,203,1,0.0078125,0.5343467385029825,0.536923076923077,339
cegb,wine,8,56,8,0.0078125,0.601500865884164,0.5584615384615385,1498
cegb,wine,2,14,4,0.0,0.5152972868962863,0.5261538461538462,338
cegb,wine,16,7,4,0.125,0.434673850298249,0.44384615384615383,7
cegb,wine,16,56,8,0.03125,0.539349624783529,0.536923076923077,268
lgbm_base,covtype,64,64,2,0.0,0.7607942187005845,0.7606516182886844,448
cegb,wine,2,7,8,0.25,0.434673850298249,0.44384615384615383,7
cegb,wine,512,3584,4,0.0,0.9813353857994997,0.6438461538461538,74278
cegb,wine,4,28,1,0.0625,0.434673850298249,0.44384615384615383,40
cegb,wine,4,28,2,0.015625,0.5270348277852607,0.5338461538461539,100
cegb,wine,32,7,4,0.5,0.434673850298249,0.44384615384615383,7
cegb,wine,32,203,1,0.0078125,0.5343467385029825,0.536923076923077,339
cegb,wine,256,1792,1,0.0,0.581489320761978,0.556923076923077,5376
cegb,wine,32,7,8,0.125,0.434673850298249,0.44384615384615383,7
cegb,wine,4,28,8,0.0,0.5934192803540504,0.5653846153846154,1598
cegb,wine,256,7,2,0.25,0.434673850298249,0.44384615384615383,7
lgbm_base,breastcancer,4,4,8,0.0,0.9384615384615385,0.8771929824561403,96
lgbm_quant,breastcancer,4,4,8,0.0,0.9384615384615385,0.8771929824561403,96
cegb,wine,64,63,1,0.03125,0.5025976524918222,0.5046153846153846,93
cegb,breastcancer,1,1,2,0.0,0.6263736263736264,0.631578947368421,7
cegb,wine,64,112,2,0.0078125,0.5335770636905908,0.5346153846153846,362
cegb,wine,8,7,1,0.25,0.434673850298249,0.44384615384615383,7
ccp,wine,512,512,8,0.0,8.522868369555132e-06,0.6684615384615384,723458
lgbm_quant,covtype,64,64,2,0.0,0.7607813101725655,0.7608409421443508,448
cegb,wine,512,7,8,0.25,0.434673850298249,0.44384615384615383,7
cegb,wine,256,28,4,0.0625,0.5306907831441217,0.536923076923077,46
cegb,wine,128,7,1,0.125,0.434673850298249,0.44384615384615383,7
cegb,wine,8,56,4,0.015625,0.5358860881277661,0.5376923076923077,300
cegb,wine,64,7,8,0.5,0.434673850298249,0.44384615384615383,7
cegb,wine,16,7,2,0.25,0.434673850298249,0.44384615384615383,7
cegb,wine,128,112,4,0.0078125,0.5572445641716375,0.5538461538461539,796
cegb,wine,128,56,2,0.03125,0.5335770636905908,0.536923076923077,104
cegb,wine,8,28,2,0.0625,0.5306907831441217,0.536923076923077,46
cegb,wine,16,28,4,0.0625,0.5306907831441217,0.536923076923077,46
cegb,wine,256,84,8,0.015625,0.5514720030786993,0.5384615384615384,696
cegb,wine,16,112,1,0.0,0.5343467385029825,0.5392307692307692,336
ccp,covtype,16,16,8,0.25,1.3856916045032899,0.5129041418896242,16
cegb,wine,1024,28,1,0.0625,0.434673850298249,0.44384615384615383,40
cegb,wine,1024,84,2,0.015625,0.5343467385029825,0.536923076923077,202
cegb,wine,16,84,8,0.015625,0.5514720030786993,0.5384615384615384,696
cegb,wine,32,7,4,0.25,0.434673850298249,0.44384615384615383,7
ccp,california_housing,512,512,1,0.0,0.3400640891795257,0.35619947539019364,1536
cegb,covtype,512,1,4,0.125,0.7294157385076451,0.7291636188394448,5
cegb,wine,32,28,8,0.0625,0.5306907831441217,0.536923076923077,46
cegb,wine,32,224,2,0.0,0.5647488935924572,0.5507692307692308,1536
lgbm_base,breastcancer,8,8,1,0.0,0.9428571428571428,0.9122807017543859,24
lgbm_quant,breastcancer,8,8,1,0.0,0.9428571428571428,0.9122807017543859,24
cegb,wine,256,7,1,0.5,0.434673850298249,0.44384615384615383,7
cegb,wine,64,133,1,0.015625,0.5316528766596114,0.5384615384615384,203
cegb,wine,256,7,2,0.125,0.434673850298249,0.44384615384615383,7
cegb,wine,512,7,4,0.5,0.434673850298249,0.44384615384615383,7
cegb,wine,128,28,1,0.0625,0.434673850298249,0.44384615384615383,40
cegb,wine,64,448,4,0.0,0.7131037136809698,0.5976923076923077,10750
cegb,wine,64,7,8,0.25,0.434673850298249,0.44384615384615383,7
cegb,wine,256,56,4,0.03125,0.5337694823936887,0.5361538461538462,166
cegb,wine,128,84,2,0.015625,0.5343467385029825,0.536923076923077,202
cegb,covtype,1024,21,2,0.0078125,0.7350653709373097,0.7357555312685559,145
cegb,wine,512,3584,2,0.0,0.7360015393496248,0.5907692307692308,23514
cegb,wine,256,112,8,0.0078125,0.607850683086396,0.5715384615384616,1836
cegb,wine,256,7,1,0.25,0.434673850298249,0.44384615384615383,7
cegb,wine,256,28,2,0.0625,0.5306907831441217,0.536923076923077,46
cegb,wine,1024,63,1,0.03125,0.5025976524918222,0.5046153846153846,93
cegb,wine,1024,112,2,0.0078125,0.5335770636905908,0.5346153846153846,362
cegb,wine,512,7,4,0.25,0.434673850298249,0.44384615384615383,7
cegb,wine,256,84,4,0.015625,0.5362709255339619,0.5384615384615384,346
cegb,wine,128,896,8,0.0,0.9751779873003656,0.6469230769230769,50568
ccp,california_housing,1024,1024,4,0.5,1.3361286263161214,1.3136235330402446,1024
lgbm_base,covtype,4,4,2,0.0,0.7294157385076451,0.7291636188394448,28
cegb,wine,512,7,2,0.5,0.434673850298249,0.44384615384615383,7
lgbm_base,covtype,1,1,8,0.0,0.7633113816642965,0.7622264485426365,61
lgbm_quant,covtype,4,4,2,0.0,0.729181233581966,0.7290259287625965,28
lgbm_quant,covtype,1,1,8,0.0,0.7633823785684012,0.762424378028106,61
cegb,wine,512,3584,1,0.0,0.5959207234943237,0.5553846153846154,10752
lgbm_base,covtype,8,8,4,0.0,0.7510719456809141,0.7503076512654578,248
cegb,wine,512,7,4,0.125,0.434673850298249,0.44384615384615383,7
lgbm_quant,covtype,8,8,4,0.0,0.7510074030408189,0.7501269330395945,248
cegb,wine,1024,133,1,0.015625,0.5316528766596114,0.5384615384615384,203
cegb,covtype,1024,16,1,0.03125,0.7299665023697905,0.7298004354448681,48
cegb,wine,512,7,2,0.25,0.434673850298249,0.44384615384615383,7
lgbm_base,covtype,16,16,8,0.0,0.7939153501760938,0.7936025748044371,976
cegb,wine,512,28,4,0.0625,0.5306907831441217,0.536923076923077,46
cegb,covtype,512,1,2,0.25,0.5122749344354348,0.5129041418896242,1
lgbm_quant,covtype,16,16,8,0.0,0.793814233373278,0.7936972367322702,976
cegb,wine,1024,203,1,0.0078125,0.5343467385029825,0.536923076923077,339
lgbm_base,covtype,64,64,1,0.0,0.7343403419469072,0.7347486725816029,192
lgbm_quant,covtype,64,64,1,0.0,0.7344758814911071,0.7351359259227387,192
cegb,wine,1024,7168,4,0.0,0.9998075812969021,0.6476923076923077,142204
lgbm_base,covtype,1,1,4,0.0,0.7452308367523004,0.7431219503799386,31
lgbm_quant,covtype,1,1,4,0.0,0.7452609566510114,0.7433887249038321,31
cegb,wine,1024,7168,8,0.0,1.0,0.6576923076923077,277014
cegb,wine,1024,7168,2,0.0,0.8143159515104869,0.6084615384615385,45850
lgbm_base,covtype,4,4,1,0.0,0.6676290691445304,0.6660241129747081,12
lgbm_quant,covtype,4,4,1,0.0,0.6673945642188512,0.6658864228978598,12
cegb,wine,1024,7,4,0.5,0.434673850298249,0.44384615384615383,7
lgbm_base,covtype,8,8,2,0.0,0.7325675707656263,0.7327349552076968,56
cegb,covtype,512,4,4,0.0625,0.7294157385076451,0.7291636188394448,20
lgbm_quant,covtype,8,8,2,0.0,0.732459999698801,0.7327865889865149,56
lgbm_base,covtype,16,16,4,0.0,0.7652175409684407,0.7647306868153145,496
lgbm_quant,covtype,16,16,4,0.0,0.7650325187335013,0.7644294897722089,496
cegb,wine,1024,7,4,0.25,0.434673850298249,0.44384615384615383,7
lgbm_base,covtype,1,1,2,0.0,0.7294157385076451,0.7291636188394448,7
lgbm_quant,covtype,1,1,2,0.0,0.729181233581966,0.7290259287625965,7
lgbm_base,covtype,32,32,8,0.0,0.8063892910851554,0.8057795409757063,1952
lgbm_quant,covtype,32,32,8,0.0,0.8064021996131745,0.8057967522353123,1952
lgbm_base,covtype,2,2,8,0.0,0.767289359715496,0.7657203342426615,122
lgbm_quant,covtype,2,2,8,0.0,0.7673388424062357,0.7658494186897068,122
cegb,covtype,1024,1024,8,0.0,0.9349173531493581,0.9245802604063579,62464
lgbm_base,covtype,8,8,1,0.0,0.7283378764180556,0.7276318167345077,24
lgbm_quant,covtype,8,8,1,0.0,0.7282152454018748,0.7275973942152957,24
ccp,covtype,64,64,2,0.03125,1.361886360162574,0.6654131132586938,66
lgbm_base,covtype,16,16,2,0.0,0.734441458749723,0.7353252497784051,112
lgbm_quant,covtype,16,16,2,0.0,0.7345619383445673,0.7355748130426926,112
cegb,covtype,1024,28,1,0.015625,0.7310336073526975,0.731323631920002,84
lgbm_base,covtype,32,32,4,0.0,0.7789973946287615,0.7777251878178705,992
lgbm_quant,covtype,32,32,4,0.0,0.7789393062526758,0.7777854272264916,992
lgbm_base,covtype,64,64,8,0.0,0.8231165919764892,0.8218204349285303,3904
ccp,wine,1024,1024,2,0.03125,1.2784639573472254,0.44384615384615383,7168
ccp,wine,1024,1024,1,0.0625,1.2784639573472254,0.44384615384615383,7168
lgbm_base,covtype,2,2,4,0.0,0.7518615173114118,0.7494298770255501,62
lgbm_quant,covtype,2,2,4,0.0,0.7519023943168054,0.7495073276937773,62
ccp,covtype,128,128,2,0.5,1.3856916045032899,0.5129041418896242,128
lgbm_base,covtype,4,4,8,0.0,0.7785176276707206,0.7777423990774764,244
lgbm_quant,covtype,4,4,8,0.0,0.7784294193959239,0.7777165821880674,244
lgbm_quant,covtype,64,64,8,0.0,0.8230907749204512,0.8217946180391212,3904
lgbm_base,covtype,16,16,1,0.0,0.7299665023697905,0.7298004354448681,48
lgbm_quant,covtype,16,16,1,0.0,0.7299191711003875,0.7298950973727012,48
ccp,covtype,8,8,8,0.0078125,1.1947745984298943,0.7312203643623658,38
lgbm_base,covtype,32,32,2,0.0,0.740220176459578,0.7406951627754877,224
lgbm_quant,covtype,32,32,2,0.0,0.740224479302251,0.7409619372993812,224
lgbm_base,covtype,64,64,4,0.0,0.7892015860278093,0.7879228591344457,1974
ccp,wine,256,256,8,0.0625,1.2784639573472254,0.44384615384615383,1792
lgbm_quant,covtype,64,64,4,0.0,0.789085409275638,0.7877249296489763,1974
ccp,wine,1024,1024,4,0.03125,1.2784639573472254,0.44384615384615383,7168
cegb,covtype,1024,52,1,0.0078125,0.7321824663463917,0.732769377726909,156
ccp,covtype,16,16,1,0.0,1.2068959545896236,0.7299725480409284,48
ccp,wine,512,512,8,0.03125,1.2784639573472254,0.44384615384615383,3584
ccp,wine,512,512,4,0.25,1.2784639573472254,0.44384615384615383,3584
ccp,covtype,256,256,2,0.015625,1.265993574467057,0.7306782096847758,270
ccp,covtype,32,32,4,0.25,1.3856916045032899,0.5129041418896242,32
cegb,covtype,1024,1024,4,0.0,0.874987360399648,0.8701926800512896,30628
ccp,california_housing,1024,1024,4,0.25,1.0861953519355538,1.0709015580552312,1032
ccp,wine,1024,1024,1,0.03125,1.2784639573472254,0.44384615384615383,7168
ccp,covtype,512,512,1,0.25,1.3856916045032899,0.5129041418896242,512
ccp,covtype,512,512,2,0.125,1.3856916045032899,0.5129041418896242,512
ccp,covtype,64,64,2,0.015625,1.2659935744672681,0.7306782096847758,78
ccp,california_housing,1024,1024,8,0.0,0.0017240480488032491,0.20948264017478732,267842
cegb,covtype,1024,1,4,0.5,0.5122749344354348,0.5129041418896242,1
ccp,covtype,256,256,1,0.015625,1.3003524420981438,0.7291980413586568,266
cegb,covtype,1024,1024,2,0.0,0.800459973881745,0.7987143189074293,7156
ccp,covtype,64,64,4,0.0625,1.3856916045032899,0.5129041418896242,64
ccp,covtype,16,16,8,0.125,1.3856916045032899,0.5129041418896242,16
ccp,wine,1024,1024,2,0.015625,1.2368394505863347,0.44384615384615383,7178
ccp,covtype,256,256,4,0.0078125,1.1947743677477785,0.7312203643623658,286
ccp,wine,256,256,8,0.03125,1.2784639573472254,0.44384615384615383,1792
ccp,wine,1024,1024,1,0.015625,1.2368394505863347,0.44384615384615383,7178
ccp,wine,512,512,4,0.125,1.2784639573472254,0.44384615384615383,3584
ccp,covtype,32,32,8,0.0,0.7234973378869908,0.8482225071641868,15080
cegb,covtype,1024,1,4,0.25,0.5122749344354348,0.5129041418896242,1
ccp,wine,512,512,8,0.5,1.2784639573472254,0.44384615384615383,3584
ccp,covtype,32,32,8,0.0078125,1.194774369215553,0.7312203643623658,62
ccp,wine,1024,1024,1,0.0078125,1.2049541221266844,0.5146153846153846,7192
ccp,covtype,64,64,2,0.0078125,1.1947743677495097,0.7312203643623658,94
ccp,covtype,128,128,2,0.25,1.3856916045032899,0.5129041418896242,128
ccp,wine,1024,1024,2,0.0078125,1.1957180455977718,0.5392307692307692,7198
ccp,covtype,64,64,1,0.0,1.0920289389498214,0.7362632634269339,192
ccp,wine,1024,1024,8,0.25,1.2784639573472254,0.44384615384615383,7168
ccp,wine,256,256,8,0.015625,1.2368394505863347,0.44384615384615383,1802
ccp,wine,1024,1024,4,0.015625,1.2368394505863347,0.44384615384615383,7178
ccp,wine,512,512,4,0.0625,1.2784639573472254,0.44384615384615383,3584
ccp,wine,1024,1024,8,0.0625,1.2784639573472254,0.44384615384615383,7168
ccp,wine,512,512,8,0.015625,1.2368394505863347,0.44384615384615383,3594
ccp,wine,1024,1024,8,0.015625,1.2368394505863347,0.44384615384615383,7178
ccp,covtype,16,16,8,0.0625,1.3856916045032899,0.5129041418896242,16
ccp,covtype,64,64,1,0.5,1.3856916045032899,0.5129041418896242,64
ccp,wine,1024,1024,2,0.0,0.5150147062344018,0.6030769230769231,46588
ccp,covtype,128,128,4,0.5,1.3856916045032899,0.5129041418896242,128
ccp,covtype,256,256,1,0.0078125,1.2193616144660495,0.7301618718965948,284
ccp,covtype,64,64,4,0.03125,1.361886360162574,0.6654131132586938,66
ccp,wine,256,256,8,0.0078125,1.195718045597772,0.5392307692307692,1822
ccp,covtype,64,64,1,0.25,1.3856916045032899,0.5129041418896242,64
ccp,wine,512,512,8,0.25,1.2784639573472254,0.44384615384615383,3584
ccp,wine,512,512,1,0.0,1.0049637630768682,0.563076923076923,10752
ccp,wine,1024,1024,4,0.0,0.03674472043338608,0.6492307692307693,171846
ccp,covtype,64,64,1,0.125,1.3856916045032899,0.5129041418896242,64
ccp,covtype,64,64,4,0.0,0.8870173789683898,0.792587110487681,1980
ccp,covtype,128,128,2,0.125,1.3856916045032899,0.5129041418896242,128
ccp,covtype,256,256,2,0.0078125,1.1947743677477785,0.7312203643623658,286
ccp,covtype,16,16,8,0.03125,1.361886360227314,0.6654131132586938,18
ccp,wine,1024,1024,4,0.0078125,1.1957180455977718,0.5392307692307692,7198
ccp,covtype,64,64,1,0.0625,1.3856916045032899,0.5129041418896242,64
ccp,covtype,32,32,8,0.5,1.3856916045032899,0.5129041418896242,32
ccp,covtype,128,128,8,0.5,1.3856916045032899,0.5129041418896242,128
ccp,covtype,512,512,1,0.125,1.3856916045032899,0.5129041418896242,512
ccp,covtype,64,64,8,0.0625,1.3856916045032899,0.5129041418896242,64
ccp,covtype,64,64,1,0.03125,1.361886360162574,0.6654131132586938,66
ccp,covtype,64,64,4,0.015625,1.2659935744672681,0.7306782096847758,78
ccp,covtype,64,64,1,0.015625,1.3003524420982098,0.7291980413586568,74
ccp,covtype,16,16,8,0.015625,1.2659935796882666,0.7306782096847758,30
ccp,wine,1024,1024,4,0.5,1.2784639573472254,0.44384615384615383,7168
ccp,covtype,128,128,2,0.0625,1.3856916045032899,0.5129041418896242,128
ccp,covtype,256,256,2,0.0,0.922327732312288,0.781511664931198,1792
ccp,wine,1024,1024,8,0.0,1.2929077396662465e-08,0.6646153846153846,972008
ccp,covtype,128,128,4,0.25,1.3856916045032899,0.5129041418896242,128
ccp,covtype,64,64,4,0.0078125,1.1947743677495097,0.7312203643623658,94
ccp,covtype,32,32,8,0.25,1.3856916045032899,0.5129041418896242,32
ccp,wine,1024,1024,4,0.25,1.2784639573472254,0.44384615384615383,7168
ccp,covtype,1024,1024,2,0.5,1.3856916045032899,0.5129041418896242,1024
ccp,covtype,128,128,2,0.03125,1.3618863601625706,0.6654131132586938,130
ccp,covtype,512,512,2,0.0625,1.3856916045032899,0.5129041418896242,512
ccp,covtype,512,512,1,0.0625,1.3856916045032899,0.5129041418896242,512
ccp,covtype,512,512,4,0.03125,1.3618863601625704,0.6654131132586938,514
ccp,covtype,128,128,2,0.015625,1.2659935744670565,0.7306782096847758,142
ccp,covtype,256,256,2,0.5,1.3856916045032899,0.5129041418896242,256
ccp,covtype,64,64,8,0.03125,1.361886360162574,0.6654131132586938,66
ccp,covtype,32,32,8,0.125,1.3856916045032899,0.5129041418896242,32
ccp,covtype,128,128,4,0.125,1.3856916045032899,0.5129041418896242,128
ccp,covtype,256,256,4,0.0,0.7596423272241842,0.8244537576482535,7898
ccp,covtype,64,64,8,0.0,0.6247513143306298,0.8692202438835486,29362
ccp,covtype,512,512,1,0.03125,1.3618863601625704,0.6654131132586938,514
ccp,covtype,32,32,8,0.0625,1.3856916045032899,0.5129041418896242,32
ccp,covtype,256,256,2,0.25,1.3856916045032899,0.5129041418896242,256
ccp,covtype,128,128,4,0.0625,1.3856916045032899,0.5129041418896242,128
ccp,covtype,512,512,2,0.03125,1.3618863601625704,0.6654131132586938,514
ccp,covtype,64,64,8,0.015625,1.2659935744672681,0.7306782096847758,78
ccp,covtype,512,512,1,0.015625,1.3003524420981443,0.7291980413586568,522
ccp,covtype,128,128,8,0.25,1.3856916045032899,0.5129041418896242,128
ccp,covtype,256,256,2,0.125,1.3856916045032899,0.5129041418896242,256
ccp,covtype,64,64,8,0.5,1.3856916045032899,0.5129041418896242,64
ccp,covtype,128,128,4,0.03125,1.3618863601625706,0.6654131132586938,130
ccp,covtype,256,256,4,0.5,1.3856916045032899,0.5129041418896242,256
ccp,covtype,256,256,8,0.0,0.3706832840546189,0.9271103155684449,112832
ccp,covtype,512,512,1,0.0078125,1.2193616144660493,0.7301618718965948,540
ccp,covtype,64,64,8,0.0078125,1.1947743677495097,0.7312203643623658,94
ccp,covtype,256,256,2,0.0625,1.3856916045032899,0.5129041418896242,256
ccp,covtype,1024,1024,2,0.25,1.3856916045032899,0.5129041418896242,1024
ccp,covtype,128,128,4,0.015625,1.2659935744670565,0.7306782096847758,142
ccp,covtype,128,128,1,0.0,1.0395655865465834,0.7507895665344269,384
ccp,covtype,512,512,2,0.015625,1.2659935744670567,0.7306782096847758,526
ccp,covtype,128,128,1,0.5,1.3856916045032899,0.5129041418896242,128
ccp,covtype,64,64,8,0.25,1.3856916045032899,0.5129041418896242,64
ccp,covtype,1024,1024,4,0.125,1.3856916045032899,0.5129041418896242,1024
ccp,covtype,512,512,4,0.015625,1.2659935744670567,0.7306782096847758,526
ccp,covtype,128,128,1,0.25,1.3856916045032899,0.5129041418896242,128
ccp,covtype,128,128,1,0.125,1.3856916045032899,0.5129041418896242,128
ccp,covtype,128,128,4,0.0078125,1.1947743677477787,0.7312203643623658,158
ccp,covtype,256,256,4,0.25,1.3856916045032899,0.5129041418896242,256
ccp,covtype,128,128,1,0.0625,1.3856916045032899,0.5129041418896242,128
ccp,covtype,512,512,2,0.0,0.8803889159465716,0.791038097123138,3584
ccp,covtype,128,128,8,0.125,1.3856916045032899,0.5129041418896242,128
ccp,covtype,512,512,2,0.0078125,1.1947743677477787,0.7312203643623658,542
ccp,covtype,256,256,4,0.125,1.3856916045032899,0.5129041418896242,256
ccp,covtype,512,512,2,0.5,1.3856916045032899,0.5129041418896242,512
ccp,covtype,128,128,8,0.0,0.5255648020033851,0.8921112191595741,56280
ccp,covtype,512,512,8,0.0078125,1.1947743677477787,0.7312203643623658,542
ccp,covtype,1024,1024,2,0.125,1.3856916045032899,0.5129041418896242,1024
ccp,covtype,512,512,4,0.0078125,1.1947743677477787,0.7312203643623658,542
ccp,covtype,128,128,8,0.0625,1.3856916045032899,0.5129041418896242,128
ccp,covtype,512,512,8,0.125,1.3856916045032899,0.5129041418896242,512
ccp,covtype,512,512,2,0.25,1.3856916045032899,0.5129041418896242,512
ccp,covtype,256,256,4,0.0625,1.3856916045032899,0.5129041418896242,256
ccp,covtype,256,256,8,0.5,1.3856916045032899,0.5129041418896242,256
ccp,covtype,1024,1024,1,0.0,0.9538132805887297,0.7728199788301506,3072
ccp,covtype,512,512,4,0.0,0.6787449105597745,0.8475512680395515,15808
ccp,covtype,256,256,4,0.03125,1.3618863601625701,0.6654131132586938,258
ccp,covtype,128,128,8,0.03125,1.3618863601625706,0.6654131132586938,130
ccp,covtype,1024,1024,1,0.5,1.3856916045032899,0.5129041418896242,1024
ccp,covtype,1024,1024,2,0.0625,1.3856916045032899,0.5129041418896242,1024
ccp,covtype,1024,1024,4,0.0625,1.3856916045032899,0.5129041418896242,1024
ccp,covtype,256,256,4,0.015625,1.265993574467057,0.7306782096847758,270
ccp,covtype,1024,1024,1,0.25,1.3856916045032899,0.5129041418896242,1024
ccp,covtype,512,512,4,0.5,1.3856916045032899,0.5129041418896242,512
ccp,covtype,128,128,8,0.015625,1.2659935744670565,0.7306782096847758,142
ccp,covtype,1024,1024,1,0.125,1.3856916045032899,0.5129041418896242,1024
ccp,covtype,1024,1024,2,0.03125,1.3618863601625704,0.6654131132586938,1026
ccp,covtype,256,256,8,0.25,1.3856916045032899,0.5129041418896242,256
ccp,covtype,128,128,8,0.0078125,1.1947743677477787,0.7312203643623658,158
ccp,covtype,1024,1024,1,0.0625,1.3856916045032899,0.5129041418896242,1024
ccp,covtype,256,256,1,0.0,0.9982760260670629,0.7635431099024982,768
ccp,covtype,512,512,4,0.25,1.3856916045032899,0.5129041418896242,512
ccp,covtype,512,512,8,0.0,0.23721603793556795,0.9503627272961972,221382
ccp,covtype,256,256,1,0.5,1.3856916045032899,0.5129041418896242,256
ccp,covtype,1024,1024,8,0.0078125,1.1947743677477785,0.7312203643623658,1054
ccp,mushroom,1,1,1,0.0,1.319604906522331,0.788923076923077,3
ccp,mushroom,1,1,1,0.5,1.3844771807698029,0.5046153846153846,1
ccp,mushroom,1,1,1,0.25,1.3844771807698029,0.5046153846153846,1
ccp,mushroom,1,1,1,0.125,1.3844771807698029,0.5046153846153846,1
ccp,mushroom,1,1,1,0.0625,1.319604906522331,0.788923076923077,3
ccp,mushroom,1,1,1,0.03125,1.319604906522331,0.788923076923077,3
ccp,mushroom,1,1,1,0.015625,1.319604906522331,0.788923076923077,3
ccp,mushroom,1,1,1,0.0078125,1.319604906522331,0.788923076923077,3
ccp,mushroom,1,1,2,0.0,1.2546423433580887,0.9144615384615384,7
ccp,covtype,256,256,1,0.25,1.3856916045032899,0.5129041418896242,256
ccp,covtype,1024,1024,8,0.03125,1.3618863601625704,0.6654131132586938,1026
ccp,covtype,1024,1024,2,0.015625,1.2659935744670567,0.7306782096847758,1038
ccp,covtype,1024,1024,1,0.03125,1.3618863601625704,0.6654131132586938,1026
ccp,covtype,1024,1024,4,0.03125,1.3618863601625704,0.6654131132586938,1026
ccp,covtype,1024,1024,8,0.5,1.3856916045032899,0.5129041418896242,1024
ccp,covtype,512,512,8,0.0625,1.3856916045032899,0.5129041418896242,512
ccp,covtype,1024,1024,8,0.125,1.3856916045032899,0.5129041418896242,1024
ccp,covtype,1024,1024,1,0.015625,1.3003524420981443,0.7291980413586568,1034
ccp,covtype,256,256,8,0.125,1.3856916045032899,0.5129041418896242,256
ccp,covtype,512,512,4,0.125,1.3856916045032899,0.5129041418896242,512
ccp,covtype,1024,1024,2,0.0078125,1.1947743677477785,0.7312203643623658,1054
ccp,covtype,1024,1024,1,0.0078125,1.2193616144660493,0.7301618718965948,1052
ccp,covtype,512,512,4,0.0625,1.3856916045032899,0.5129041418896242,512
ccp,covtype,1024,1024,2,0.0,0.8384254748751979,0.8014767260741977,7168
ccp,covtype,256,256,8,0.0625,1.3856916045032899,0.5129041418896242,256
ccp,covtype,1024,1024,4,0.015625,1.2659935744670567,0.7306782096847758,1038
ccp,covtype,512,512,8,0.5,1.3856916045032899,0.5129041418896242,512
ccp,covtype,1024,1024,4,0.0,0.5710651035880125,0.8768534375188248,31594
ccp,covtype,512,512,8,0.03125,1.3618863601625704,0.6654131132586938,514
ccp,covtype,256,256,8,0.03125,1.3618863601625701,0.6654131132586938,258
ccp,covtype,1024,1024,4,0.0078125,1.1947743677477785,0.7312203643623658,1054
ccp,covtype,1024,1024,4,0.5,1.3856916045032899,0.5129041418896242,1024
ccp,covtype,256,256,8,0.015625,1.265993574467057,0.7306782096847758,270
ccp,covtype,512,512,8,0.25,1.3856916045032899,0.5129041418896242,512
ccp,covtype,1024,1024,8,0.015625,1.2659935744670567,0.7306782096847758,1038
ccp,covtype,512,512,8,0.015625,1.2659935744670567,0.7306782096847758,526
ccp,covtype,256,256,8,0.0078125,1.1947743677477785,0.7312203643623658,286
ccp,covtype,1024,1024,8,0.25,1.3856916045032899,0.5129041418896242,1024
ccp,covtype,1024,1024,8,0.0625,1.3856916045032899,0.5129041418896242,1024
ccp,covtype,512,512,1,0.0,0.9703635839815989,0.7696014732838222,1536
ccp,covtype,1024,1024,4,0.25,1.3856916045032899,0.5129041418896242,1024
ccp,covtype,1024,1024,8,0.0,0.11821530742797212,0.9662401142827638,437224
