no_trees,depth,no_features,no_thresholds,no_leaves,our_bits,lgb_bits,logloss,rmse,accuracy,tinygbdt_penalty_feature,tinygbdt_penalty_split
3.0,7.0,6.0,51.0,8.0,7130.0,576.0,0.0,0.0,0.9035087719298246,1.0,16.0
12.0,3.0,2.0,3.0,26.0,170.0,1872.0,0.0,0.0,0.9385964912280702,2.0,0.00390625
0.0,7.0,3.0,6.0,2.0,274.0,144.0,0.0,0.0,0.6228070175438597,1.0,128.0
6.0,5.0,2.0,3.0,15.0,122.0,1120.0,0.0,0.0,0.9385964912280702,1.0,4.0
0.0,7.0,2.0,3.0,2.0,122.0,144.0,0.0,0.0,0.6228070175438597,1.0,128.0
31.0,3.0,2.0,3.0,107.0,362.0,9424.0,0.0,0.0,0.956140350877193,0.25,0.0078125
9.0,5.0,2.0,3.0,20.0,122.0,1440.0,0.0,0.0,0.9385964912280702,2.0,0.00195312
19.0,7.0,3.0,6.0,59.0,466.0,5008.0,0.0,0.0,0.956140350877193,0.25,0.125
4.0,5.0,6.0,35.0,14.0,13444.0,1168.0,0.0,0.0,0.9298245614035088,0.25,2.0
9.0,3.0,5.0,14.0,21.0,1598.0,1552.0,0.0,0.0,0.9385964912280702,1.0,2.0
0.0,3.0,3.0,6.0,2.0,466.0,144.0,0.0,0.0,0.6228070175438597,0.25,8192.0
0.0,7.0,6.0,46.0,2.0,6397.0,144.0,0.0,0.0,0.6228070175438597,0.25,512.0
0.0,3.0,2.0,3.0,2.0,362.0,144.0,0.0,0.0,0.6228070175438597,0.25,1024.0
9.0,7.0,2.0,3.0,23.0,362.0,1776.0,0.0,0.0,0.956140350877193,1.0,0.015625
11.0,3.0,3.0,6.0,24.0,274.0,1728.0,0.0,0.0,0.9385964912280702,2.0,0.125
0.0,5.0,2.0,3.0,2.0,362.0,144.0,0.0,0.0,0.6228070175438597,2.0,8192.0
19.0,7.0,6.0,34.0,81.0,1953.0,7472.0,0.0,0.0,0.9736842105263158,0.25,0.00390625
10.0,7.0,6.0,19.0,26.0,1036.0,2032.0,0.0,0.0,0.9385964912280702,0.25,2.0
4.0,7.0,9.0,73.0,10.0,9089.0,720.0,0.0,0.0,0.9298245614035088,1.0,8.0
18.0,5.0,6.0,35.0,41.0,3977.0,3072.0,0.0,0.0,0.956140350877193,1.0,0.00195312
0.0,7.0,6.0,39.0,2.0,2177.0,144.0,0.0,0.0,0.6228070175438597,1.0,8192.0
0.0,5.0,5.0,12.0,2.0,564.0,144.0,0.0,0.0,0.6228070175438597,1.0,128.0
4.0,5.0,2.0,3.0,10.0,362.0,720.0,0.0,0.0,0.9298245614035088,2.0,8.0
0.0,7.0,2.0,3.0,2.0,170.0,144.0,0.0,0.0,0.6228070175438597,2.0,256.0
0.0,5.0,5.0,14.0,2.0,1598.0,144.0,0.0,0.0,0.6228070175438597,2.0,32768.0
17.0,3.0,2.0,3.0,39.0,122.0,2928.0,0.0,0.0,0.956140350877193,1.0,0.0625
4.0,5.0,2.0,3.0,12.0,170.0,944.0,0.0,0.0,0.9122807017543859,0.25,8.0
9.0,7.0,2.0,3.0,23.0,362.0,1776.0,0.0,0.0,0.956140350877193,1.0,0.03125
18.0,3.0,3.0,6.0,41.0,274.0,3072.0,0.0,0.0,0.956140350877193,1.0,0.000976562
2.0,3.0,6.0,34.0,6.0,14433.0,432.0,0.0,0.0,0.9035087719298246,2.0,16.0
29.0,3.0,2.0,3.0,107.0,122.0,9584.0,0.0,0.0,0.956140350877193,0.25,0.00195312
2.0,7.0,2.0,3.0,6.0,362.0,432.0,0.0,0.0,0.9035087719298246,0.25,32.0
13.0,7.0,2.0,3.0,30.0,362.0,2240.0,0.0,0.0,0.9473684210526315,1.0,0.5
15.0,3.0,4.0,9.0,34.0,435.0,2528.0,0.0,0.0,0.956140350877193,1.0,0.25
0.0,7.0,3.0,6.0,2.0,466.0,144.0,0.0,0.0,0.6228070175438597,1.0,128.0
7.0,5.0,6.0,34.0,16.0,1953.0,1152.0,0.0,0.0,0.9385964912280702,2.0,2.0
11.0,3.0,2.0,3.0,24.0,170.0,1728.0,0.0,0.0,0.9385964912280702,2.0,0.0625
0.0,7.0,2.0,3.0,2.0,362.0,144.0,0.0,0.0,0.6228070175438597,1.0,512.0
23.0,7.0,10.0,93.0,67.0,24208.0,5584.0,0.0,0.0,0.956140350877193,0.25,0.125
19.0,3.0,2.0,3.0,79.0,122.0,7248.0,0.0,0.0,0.956140350877193,0.25,0.0078125
1.0,3.0,9.0,88.0,4.0,11305.0,288.0,0.0,0.0,0.6228070175438597,0.25,64.0
11.0,5.0,4.0,9.0,24.0,795.0,1728.0,0.0,0.0,0.9385964912280702,2.0,0.25
0.0,5.0,6.0,39.0,2.0,2177.0,144.0,0.0,0.0,0.6228070175438597,0.25,16384.0
0.0,5.0,2.0,3.0,2.0,122.0,144.0,0.0,0.0,0.6228070175438597,2.0,128.0
9.0,3.0,3.0,6.0,21.0,466.0,1552.0,0.0,0.0,0.9385964912280702,1.0,2.0
33.0,3.0,6.0,17.0,116.0,866.0,10272.0,0.0,0.0,0.956140350877193,0.25,0.000976562
32.0,7.0,6.0,51.0,112.0,7130.0,9904.0,0.0,0.0,0.956140350877193,0.25,0.00390625
4.0,5.0,11.0,142.0,12.0,49711.0,944.0,0.0,0.0,0.9122807017543859,0.25,8.0
2.0,5.0,6.0,43.0,6.0,2558.0,432.0,0.0,0.0,0.9035087719298246,0.25,32.0
23.0,7.0,10.0,113.0,67.0,10786.0,5584.0,0.0,0.0,0.956140350877193,0.25,0.125
18.0,5.0,2.0,3.0,41.0,122.0,3072.0,0.0,0.0,0.956140350877193,1.0,0.00195312
4.0,7.0,5.0,12.0,10.0,3488.0,720.0,0.0,0.0,0.9298245614035088,1.0,8.0
20.0,5.0,6.0,51.0,56.0,3026.0,4592.0,0.0,0.0,0.956140350877193,0.25,0.25
4.0,5.0,8.0,38.0,10.0,2586.0,720.0,0.0,0.0,0.9298245614035088,2.0,8.0
0.0,7.0,2.0,3.0,2.0,362.0,144.0,0.0,0.0,0.6228070175438597,2.0,8192.0
0.0,7.0,2.0,3.0,2.0,170.0,144.0,0.0,0.0,0.6228070175438597,1.0,256.0
18.0,3.0,7.0,46.0,41.0,5237.0,3072.0,0.0,0.0,0.956140350877193,1.0,0.000976562
4.0,5.0,5.0,14.0,12.0,758.0,944.0,0.0,0.0,0.9122807017543859,0.25,8.0
4.0,5.0,3.0,6.0,13.0,1234.0,1056.0,0.0,0.0,0.9385964912280702,1.0,0.000976562
0.0,5.0,6.0,28.0,2.0,3487.0,144.0,0.0,0.0,0.6228070175438597,2.0,32768.0
9.0,5.0,2.0,3.0,23.0,122.0,1776.0,0.0,0.0,0.956140350877193,1.0,0.0625
32.0,3.0,2.0,3.0,113.0,170.0,10016.0,0.0,0.0,0.956140350877193,0.25,0.00195312
0.0,3.0,2.0,3.0,2.0,122.0,144.0,0.0,0.0,0.6228070175438597,2.0,8192.0
3.0,5.0,2.0,3.0,8.0,170.0,576.0,0.0,0.0,0.9035087719298246,1.0,16.0
10.0,7.0,2.0,3.0,22.0,122.0,1584.0,0.0,0.0,0.9385964912280702,2.0,0.5
0.0,5.0,6.0,28.0,2.0,11167.0,144.0,0.0,0.0,0.6228070175438597,2.0,512.0
2.0,7.0,6.0,22.0,8.0,7906.0,656.0,0.0,0.0,0.8947368421052632,0.25,16.0
13.0,5.0,10.0,106.0,30.0,41476.0,2240.0,0.0,0.0,0.9473684210526315,1.0,0.5
10.0,5.0,6.0,17.0,26.0,866.0,2032.0,0.0,0.0,0.9385964912280702,0.25,2.0
9.0,5.0,6.0,34.0,20.0,1953.0,1440.0,0.0,0.0,0.9385964912280702,2.0,1.0
0.0,5.0,7.0,55.0,2.0,21360.0,144.0,0.0,0.0,0.6228070175438597,2.0,16384.0
18.0,7.0,8.0,33.0,41.0,2419.0,3072.0,0.0,0.0,0.956140350877193,1.0,0.000976562
1.0,3.0,6.0,35.0,4.0,12425.0,288.0,0.0,0.0,0.6228070175438597,1.0,32.0
2.0,7.0,6.0,34.0,8.0,14433.0,656.0,0.0,0.0,0.8947368421052632,0.25,16.0
4.0,5.0,11.0,142.0,10.0,15919.0,720.0,0.0,0.0,0.9298245614035088,2.0,8.0
28.0,3.0,2.0,3.0,93.0,362.0,8096.0,0.0,0.0,0.956140350877193,0.25,0.03125
16.0,3.0,11.0,143.0,43.0,16310.0,3456.0,0.0,0.0,0.956140350877193,0.25,0.5
12.0,5.0,6.0,46.0,26.0,6397.0,1872.0,0.0,0.0,0.9385964912280702,2.0,0.000976562
16.0,7.0,6.0,51.0,43.0,7130.0,3456.0,0.0,0.0,0.956140350877193,0.25,0.5
1.0,5.0,6.0,17.0,4.0,866.0,288.0,0.0,0.0,0.6228070175438597,1.0,64.0
0.0,5.0,2.0,3.0,2.0,122.0,144.0,0.0,0.0,0.6228070175438597,0.25,512.0
16.0,7.0,5.0,12.0,37.0,3488.0,2784.0,0.0,0.0,0.956140350877193,1.0,0.125
11.0,5.0,11.0,148.0,24.0,16470.0,1728.0,0.0,0.0,0.9385964912280702,2.0,0.0625
0.0,5.0,2.0,3.0,2.0,122.0,144.0,0.0,0.0,0.6228070175438597,2.0,16384.0
18.0,5.0,6.0,17.0,41.0,5066.0,3072.0,0.0,0.0,0.956140350877193,1.0,0.015625
32.0,7.0,6.0,51.0,117.0,3026.0,10464.0,0.0,0.0,0.956140350877193,0.25,0.000976562
0.0,3.0,2.0,3.0,2.0,122.0,144.0,0.0,0.0,0.6228070175438597,0.25,16384.0
14.0,5.0,6.0,19.0,53.0,2212.0,4736.0,0.0,0.0,0.956140350877193,0.25,0.0625
4.0,7.0,6.0,42.0,10.0,2455.0,720.0,0.0,0.0,0.9298245614035088,1.0,8.0
12.0,5.0,10.0,106.0,26.0,5836.0,1872.0,0.0,0.0,0.9385964912280702,2.0,0.03125
0.0,3.0,5.0,14.0,2.0,758.0,144.0,0.0,0.0,0.6228070175438597,2.0,1024.0
9.0,3.0,2.0,3.0,46.0,362.0,4352.0,0.0,0.0,0.9649122807017544,0.25,0.000976562
10.0,7.0,2.0,3.0,22.0,362.0,1584.0,0.0,0.0,0.9385964912280702,2.0,0.5
4.0,5.0,2.0,3.0,10.0,170.0,720.0,0.0,0.0,0.9298245614035088,2.0,0.125
23.0,5.0,2.0,3.0,67.0,170.0,5584.0,0.0,0.0,0.956140350877193,0.25,0.125
13.0,5.0,2.0,3.0,30.0,170.0,2240.0,0.0,0.0,0.9473684210526315,1.0,0.5
15.0,7.0,6.0,28.0,34.0,3487.0,2528.0,0.0,0.0,0.956140350877193,1.0,0.25
2.0,3.0,6.0,17.0,6.0,1706.0,432.0,0.0,0.0,0.9035087719298246,0.25,32.0
1.0,3.0,6.0,22.0,4.0,7906.0,288.0,0.0,0.0,0.6228070175438597,1.0,32.0
12.0,5.0,2.0,3.0,26.0,170.0,1872.0,0.0,0.0,0.9385964912280702,2.0,0.000976562
16.0,7.0,12.0,150.0,43.0,7916.0,3456.0,0.0,0.0,0.956140350877193,0.25,0.5
0.0,5.0,6.0,22.0,2.0,2530.0,144.0,0.0,0.0,0.6228070175438597,1.0,256.0
9.0,5.0,6.0,35.0,20.0,12425.0,1440.0,0.0,0.0,0.9385964912280702,2.0,1.0
0.0,5.0,6.0,34.0,2.0,4449.0,144.0,0.0,0.0,0.6228070175438597,2.0,32768.0
0.0,3.0,4.0,9.0,2.0,2235.0,144.0,0.0,0.0,0.6228070175438597,2.0,128.0
1.0,7.0,2.0,3.0,4.0,170.0,288.0,0.0,0.0,0.6228070175438597,2.0,64.0
0.0,7.0,6.0,42.0,2.0,2455.0,144.0,0.0,0.0,0.6228070175438597,1.0,512.0
10.0,7.0,2.0,3.0,22.0,362.0,1584.0,0.0,0.0,0.9385964912280702,2.0,0.5
2.0,5.0,11.0,137.0,6.0,15057.0,432.0,0.0,0.0,0.9035087719298246,0.25,32.0
1.0,5.0,2.0,3.0,4.0,362.0,288.0,0.0,0.0,0.6228070175438597,1.0,64.0
0.0,5.0,2.0,3.0,2.0,122.0,144.0,0.0,0.0,0.6228070175438597,0.25,128.0
12.0,3.0,6.0,29.0,26.0,12228.0,1872.0,0.0,0.0,0.9385964912280702,2.0,0.015625
0.0,5.0,6.0,39.0,2.0,4865.0,144.0,0.0,0.0,0.6228070175438597,2.0,16384.0
0.0,5.0,9.0,88.0,2.0,11305.0,144.0,0.0,0.0,0.6228070175438597,0.25,4096.0
0.0,3.0,5.0,14.0,2.0,1598.0,144.0,0.0,0.0,0.6228070175438597,0.25,32768.0
0.0,3.0,6.0,43.0,2.0,19838.0,144.0,0.0,0.0,0.6228070175438597,2.0,1024.0
0.0,3.0,4.0,9.0,2.0,435.0,144.0,0.0,0.0,0.6228070175438597,0.25,512.0
0.0,7.0,3.0,6.0,2.0,274.0,144.0,0.0,0.0,0.6228070175438597,0.25,8192.0
0.0,7.0,6.0,34.0,2.0,4449.0,144.0,0.0,0.0,0.6228070175438597,2.0,16384.0
0.0,3.0,7.0,55.0,2.0,21360.0,144.0,0.0,0.0,0.6228070175438597,2.0,32768.0
16.0,5.0,4.0,9.0,37.0,795.0,2784.0,0.0,0.0,0.956140350877193,1.0,0.125
18.0,5.0,3.0,6.0,41.0,466.0,3072.0,0.0,0.0,0.956140350877193,1.0,0.000976562
4.0,3.0,6.0,27.0,12.0,3462.0,944.0,0.0,0.0,0.9122807017543859,0.25,8.0
32.0,5.0,2.0,3.0,114.0,170.0,10128.0,0.0,0.0,0.956140350877193,0.25,0.00195312
0.0,3.0,2.0,3.0,2.0,170.0,144.0,0.0,0.0,0.6228070175438597,0.25,32768.0
3.0,7.0,2.0,3.0,8.0,122.0,576.0,0.0,0.0,0.9035087719298246,1.0,16.0
4.0,7.0,3.0,6.0,12.0,1234.0,944.0,0.0,0.0,0.9122807017543859,0.25,8.0
18.0,3.0,2.0,3.0,41.0,362.0,3072.0,0.0,0.0,0.956140350877193,1.0,0.00195312
6.0,5.0,6.0,29.0,14.0,12228.0,1008.0,0.0,0.0,0.9385964912280702,2.0,4.0
14.0,3.0,2.0,3.0,33.0,170.0,2496.0,0.0,0.0,0.9473684210526315,1.0,0.015625
0.0,3.0,6.0,34.0,2.0,1953.0,144.0,0.0,0.0,0.6228070175438597,2.0,2048.0
0.0,7.0,2.0,3.0,2.0,170.0,144.0,0.0,0.0,0.6228070175438597,1.0,512.0
0.0,7.0,2.0,3.0,2.0,170.0,144.0,0.0,0.0,0.6228070175438597,2.0,8192.0
26.0,3.0,2.0,3.0,80.0,362.0,6800.0,0.0,0.0,0.956140350877193,0.25,0.0625
4.0,3.0,2.0,3.0,10.0,122.0,720.0,0.0,0.0,0.9298245614035088,2.0,8.0
0.0,5.0,2.0,3.0,2.0,122.0,144.0,0.0,0.0,0.6228070175438597,0.25,16384.0
9.0,5.0,2.0,3.0,21.0,122.0,1552.0,0.0,0.0,0.9385964912280702,1.0,2.0
0.0,5.0,2.0,3.0,2.0,362.0,144.0,0.0,0.0,0.6228070175438597,1.0,1024.0
0.0,5.0,5.0,12.0,2.0,1184.0,144.0,0.0,0.0,0.6228070175438597,2.0,128.0
0.0,5.0,6.0,29.0,2.0,12228.0,144.0,0.0,0.0,0.6228070175438597,2.0,32768.0
33.0,3.0,2.0,3.0,116.0,122.0,10272.0,0.0,0.0,0.956140350877193,0.25,0.000976562
4.0,5.0,6.0,35.0,12.0,3977.0,944.0,0.0,0.0,0.9122807017543859,0.25,8.0
7.0,7.0,2.0,3.0,16.0,170.0,1152.0,0.0,0.0,0.9385964912280702,2.0,2.0
12.0,5.0,5.0,12.0,26.0,2724.0,1872.0,0.0,0.0,0.9385964912280702,2.0,0.00195312
2.0,7.0,6.0,39.0,6.0,4865.0,432.0,0.0,0.0,0.9035087719298246,2.0,16.0
10.0,7.0,5.0,14.0,26.0,1598.0,2032.0,0.0,0.0,0.9385964912280702,0.25,2.0
7.0,5.0,6.0,27.0,16.0,3462.0,1152.0,0.0,0.0,0.9385964912280702,2.0,2.0
29.0,5.0,2.0,3.0,104.0,170.0,9248.0,0.0,0.0,0.956140350877193,0.25,0.0078125
0.0,7.0,6.0,51.0,2.0,23546.0,144.0,0.0,0.0,0.6228070175438597,1.0,512.0
0.0,3.0,3.0,6.0,2.0,274.0,144.0,0.0,0.0,0.6228070175438597,2.0,256.0
0.0,5.0,5.0,12.0,2.0,2724.0,144.0,0.0,0.0,0.6228070175438597,0.25,8192.0
0.0,7.0,6.0,34.0,2.0,4449.0,144.0,0.0,0.0,0.6228070175438597,0.25,32768.0
14.0,3.0,7.0,55.0,33.0,21360.0,2496.0,0.0,0.0,0.9473684210526315,1.0,0.03125
4.0,3.0,10.0,124.0,12.0,6608.0,944.0,0.0,0.0,0.9122807017543859,0.25,8.0
18.0,5.0,7.0,55.0,41.0,3000.0,3072.0,0.0,0.0,0.956140350877193,1.0,0.000976562
0.0,3.0,2.0,3.0,2.0,170.0,144.0,0.0,0.0,0.6228070175438597,2.0,32768.0
1.0,5.0,3.0,6.0,4.0,466.0,288.0,0.0,0.0,0.6228070175438597,2.0,32.0
3.0,7.0,6.0,46.0,8.0,21085.0,576.0,0.0,0.0,0.9035087719298246,1.0,16.0
15.0,3.0,6.0,32.0,34.0,4131.0,2528.0,0.0,0.0,0.956140350877193,1.0,0.25
31.0,7.0,2.0,3.0,108.0,170.0,9536.0,0.0,0.0,0.956140350877193,0.25,0.0078125
19.0,5.0,9.0,74.0,84.0,7231.0,7808.0,0.0,0.0,0.956140350877193,0.25,0.00195312
0.0,3.0,5.0,14.0,2.0,4958.0,144.0,0.0,0.0,0.6228070175438597,0.25,8192.0
18.0,3.0,12.0,152.0,41.0,51465.0,3072.0,0.0,0.0,0.956140350877193,1.0,0.00195312
0.0,5.0,6.0,51.0,2.0,7130.0,144.0,0.0,0.0,0.6228070175438597,0.25,1024.0
12.0,5.0,2.0,3.0,34.0,122.0,2768.0,0.0,0.0,0.956140350877193,0.25,1.0
4.0,3.0,2.0,3.0,10.0,122.0,720.0,0.0,0.0,0.9298245614035088,2.0,8.0
1.0,7.0,9.0,65.0,4.0,2966.0,288.0,0.0,0.0,0.6228070175438597,0.25,64.0
4.0,5.0,6.0,34.0,26.0,4449.0,2512.0,0.0,0.0,0.9385964912280702,0.25,0.000976562
0.0,7.0,6.0,22.0,2.0,2530.0,144.0,0.0,0.0,0.6228070175438597,1.0,512.0
0.0,3.0,6.0,32.0,2.0,1827.0,144.0,0.0,0.0,0.6228070175438597,0.25,8192.0
0.0,5.0,2.0,3.0,2.0,362.0,144.0,0.0,0.0,0.6228070175438597,2.0,16384.0
0.0,5.0,9.0,107.0,2.0,5282.0,144.0,0.0,0.0,0.6228070175438597,0.25,2048.0
0.0,3.0,2.0,3.0,2.0,362.0,144.0,0.0,0.0,0.6228070175438597,0.25,8192.0
9.0,5.0,9.0,88.0,21.0,36649.0,1552.0,0.0,0.0,0.9385964912280702,1.0,2.0
0.0,3.0,2.0,3.0,2.0,170.0,144.0,0.0,0.0,0.6228070175438597,2.0,16384.0
7.0,7.0,6.0,28.0,16.0,1567.0,1152.0,0.0,0.0,0.9385964912280702,2.0,2.0
9.0,7.0,3.0,6.0,21.0,274.0,1552.0,0.0,0.0,0.9385964912280702,1.0,2.0
16.0,7.0,2.0,3.0,43.0,170.0,3456.0,0.0,0.0,0.956140350877193,0.25,0.5
4.0,5.0,6.0,32.0,23.0,4131.0,2176.0,0.0,0.0,0.956140350877193,0.25,0.125
10.0,7.0,6.0,17.0,26.0,1706.0,2032.0,0.0,0.0,0.9385964912280702,0.25,2.0
4.0,3.0,12.0,150.0,12.0,7916.0,944.0,0.0,0.0,0.9122807017543859,0.25,8.0
26.0,7.0,11.0,143.0,80.0,51158.0,6800.0,0.0,0.0,0.956140350877193,0.25,0.0625
12.0,3.0,5.0,14.0,26.0,4958.0,1872.0,0.0,0.0,0.9385964912280702,2.0,0.00390625
0.0,7.0,6.0,51.0,2.0,7130.0,144.0,0.0,0.0,0.6228070175438597,0.25,32768.0
32.0,5.0,4.0,9.0,112.0,795.0,9904.0,0.0,0.0,0.956140350877193,0.25,0.00390625
31.0,5.0,9.0,88.0,108.0,36649.0,9536.0,0.0,0.0,0.956140350877193,0.25,0.0078125
12.0,7.0,2.0,3.0,26.0,362.0,1872.0,0.0,0.0,0.9385964912280702,2.0,0.00195312
2.0,3.0,9.0,73.0,8.0,9089.0,656.0,0.0,0.0,0.8947368421052632,0.25,16.0
4.0,5.0,5.0,14.0,10.0,1598.0,720.0,0.0,0.0,0.9298245614035088,2.0,8.0
0.0,5.0,2.0,3.0,2.0,362.0,144.0,0.0,0.0,0.6228070175438597,1.0,2048.0
0.0,3.0,5.0,19.0,2.0,1761.0,144.0,0.0,0.0,0.6228070175438597,0.25,512.0
0.0,7.0,2.0,3.0,2.0,170.0,144.0,0.0,0.0,0.6228070175438597,2.0,16384.0
0.0,5.0,6.0,51.0,2.0,3026.0,144.0,0.0,0.0,0.6228070175438597,2.0,1024.0
1.0,3.0,6.0,17.0,4.0,1706.0,288.0,0.0,0.0,0.6228070175438597,1.0,64.0
0.0,7.0,6.0,31.0,2.0,3585.0,144.0,0.0,0.0,0.6228070175438597,2.0,4096.0
0.0,3.0,11.0,146.0,2.0,7690.0,144.0,0.0,0.0,0.6228070175438597,2.0,16384.0
0.0,7.0,6.0,34.0,2.0,1953.0,144.0,0.0,0.0,0.6228070175438597,1.0,256.0
12.0,7.0,6.0,21.0,26.0,2277.0,1872.0,0.0,0.0,0.9385964912280702,2.0,0.00390625
1.0,5.0,2.0,3.0,4.0,362.0,288.0,0.0,0.0,0.6228070175438597,1.0,32.0
0.0,7.0,5.0,12.0,2.0,3488.0,144.0,0.0,0.0,0.6228070175438597,0.25,16384.0
2.0,3.0,6.0,27.0,6.0,3462.0,432.0,0.0,0.0,0.9035087719298246,0.25,32.0
0.0,5.0,9.0,79.0,2.0,28174.0,144.0,0.0,0.0,0.6228070175438597,1.0,2048.0
0.0,7.0,2.0,3.0,2.0,362.0,144.0,0.0,0.0,0.6228070175438597,2.0,4096.0
12.0,3.0,11.0,141.0,26.0,7436.0,1872.0,0.0,0.0,0.9385964912280702,2.0,0.000976562
14.0,7.0,6.0,28.0,67.0,1567.0,6304.0,0.0,0.0,0.956140350877193,0.25,0.000976562
13.0,3.0,6.0,20.0,30.0,1804.0,2240.0,0.0,0.0,0.9473684210526315,1.0,0.5
0.0,3.0,2.0,3.0,2.0,122.0,144.0,0.0,0.0,0.6228070175438597,2.0,1024.0
23.0,5.0,2.0,3.0,67.0,362.0,5584.0,0.0,0.0,0.956140350877193,0.25,0.125
2.0,5.0,2.0,3.0,6.0,170.0,432.0,0.0,0.0,0.9035087719298246,0.25,32.0
18.0,5.0,10.0,108.0,41.0,31734.0,3072.0,0.0,0.0,0.956140350877193,1.0,0.00195312
0.0,5.0,2.0,3.0,2.0,122.0,144.0,0.0,0.0,0.6228070175438597,2.0,1024.0
0.0,3.0,6.0,31.0,2.0,11265.0,144.0,0.0,0.0,0.6228070175438597,1.0,512.0
1.0,3.0,6.0,32.0,4.0,1827.0,288.0,0.0,0.0,0.6228070175438597,1.0,64.0
0.0,3.0,2.0,3.0,2.0,170.0,144.0,0.0,0.0,0.6228070175438597,2.0,512.0
1.0,5.0,2.0,3.0,4.0,362.0,288.0,0.0,0.0,0.6228070175438597,2.0,32.0
11.0,7.0,6.0,35.0,26.0,12425.0,1952.0,0.0,0.0,0.9385964912280702,1.0,1.0
0.0,3.0,6.0,51.0,2.0,7130.0,144.0,0.0,0.0,0.6228070175438597,2.0,16384.0
0.0,7.0,5.0,14.0,2.0,4958.0,144.0,0.0,0.0,0.6228070175438597,1.0,256.0
0.0,7.0,5.0,14.0,2.0,1598.0,144.0,0.0,0.0,0.6228070175438597,0.25,16384.0
4.0,5.0,6.0,17.0,10.0,1706.0,720.0,0.0,0.0,0.9298245614035088,2.0,8.0
1.0,5.0,6.0,31.0,4.0,11265.0,288.0,0.0,0.0,0.6228070175438597,1.0,32.0
16.0,5.0,6.0,51.0,37.0,3026.0,2784.0,0.0,0.0,0.956140350877193,1.0,0.125
1.0,3.0,2.0,3.0,4.0,362.0,288.0,0.0,0.0,0.6228070175438597,2.0,64.0
0.0,7.0,2.0,3.0,2.0,170.0,144.0,0.0,0.0,0.6228070175438597,2.0,128.0
12.0,3.0,6.0,48.0,26.0,2859.0,1872.0,0.0,0.0,0.9385964912280702,2.0,0.000976562
0.0,7.0,4.0,9.0,2.0,2235.0,144.0,0.0,0.0,0.6228070175438597,2.0,4096.0
20.0,5.0,6.0,39.0,56.0,15617.0,4592.0,0.0,0.0,0.956140350877193,0.25,0.25
6.0,3.0,6.0,43.0,14.0,2558.0,1008.0,0.0,0.0,0.9385964912280702,2.0,4.0
10.0,5.0,4.0,9.0,26.0,435.0,2032.0,0.0,0.0,0.9385964912280702,0.25,2.0
13.0,3.0,11.0,139.0,30.0,7209.0,2240.0,0.0,0.0,0.9473684210526315,1.0,0.5
10.0,3.0,6.0,43.0,22.0,2558.0,1584.0,0.0,0.0,0.9385964912280702,2.0,0.5
20.0,7.0,2.0,3.0,56.0,362.0,4592.0,0.0,0.0,0.956140350877193,0.25,0.25
10.0,7.0,2.0,3.0,26.0,170.0,2032.0,0.0,0.0,0.9385964912280702,0.25,2.0
16.0,7.0,6.0,31.0,37.0,3585.0,2784.0,0.0,0.0,0.956140350877193,1.0,0.125
1.0,7.0,6.0,17.0,4.0,5066.0,288.0,0.0,0.0,0.6228070175438597,1.0,32.0
4.0,7.0,6.0,39.0,10.0,4865.0,720.0,0.0,0.0,0.9298245614035088,2.0,8.0
0.0,5.0,5.0,12.0,2.0,608.0,144.0,0.0,0.0,0.6228070175438597,0.25,16384.0
0.0,5.0,4.0,9.0,2.0,795.0,144.0,0.0,0.0,0.6228070175438597,2.0,4096.0
0.0,5.0,6.0,51.0,2.0,23546.0,144.0,0.0,0.0,0.6228070175438597,2.0,128.0
16.0,3.0,5.0,14.0,43.0,1598.0,3456.0,0.0,0.0,0.956140350877193,0.25,0.5
0.0,5.0,6.0,35.0,2.0,3977.0,144.0,0.0,0.0,0.6228070175438597,1.0,256.0
7.0,3.0,2.0,3.0,16.0,362.0,1152.0,0.0,0.0,0.9385964912280702,2.0,2.0
11.0,5.0,2.0,3.0,26.0,170.0,1952.0,0.0,0.0,0.9385964912280702,1.0,1.0
1.0,7.0,9.0,88.0,4.0,4969.0,288.0,0.0,0.0,0.6228070175438597,2.0,32.0
7.0,3.0,2.0,3.0,19.0,122.0,1488.0,0.0,0.0,0.9298245614035088,0.25,4.0
1.0,3.0,5.0,14.0,4.0,4958.0,288.0,0.0,0.0,0.6228070175438597,2.0,32.0
18.0,7.0,5.0,14.0,41.0,758.0,3072.0,0.0,0.0,0.956140350877193,1.0,0.00195312
0.0,3.0,2.0,3.0,2.0,170.0,144.0,0.0,0.0,0.6228070175438597,2.0,128.0
10.0,3.0,6.0,32.0,22.0,1827.0,1584.0,0.0,0.0,0.9385964912280702,2.0,0.5
0.0,7.0,6.0,20.0,2.0,5164.0,144.0,0.0,0.0,0.6228070175438597,2.0,1024.0
14.0,5.0,6.0,31.0,67.0,3585.0,6304.0,0.0,0.0,0.956140350877193,0.25,0.000976562
10.0,3.0,10.0,108.0,22.0,10614.0,1584.0,0.0,0.0,0.9385964912280702,2.0,0.5
12.0,3.0,6.0,22.0,34.0,1186.0,2768.0,0.0,0.0,0.956140350877193,0.25,1.0
12.0,3.0,2.0,3.0,34.0,362.0,2768.0,0.0,0.0,0.956140350877193,0.25,1.0
9.0,3.0,5.0,12.0,41.0,1184.0,3792.0,0.0,0.0,0.956140350877193,0.25,0.0625
2.0,7.0,6.0,21.0,6.0,6981.0,432.0,0.0,0.0,0.9035087719298246,0.25,32.0
23.0,7.0,2.0,3.0,67.0,170.0,5584.0,0.0,0.0,0.956140350877193,0.25,0.125
2.0,3.0,2.0,3.0,6.0,122.0,432.0,0.0,0.0,0.9035087719298246,2.0,16.0
0.0,5.0,6.0,35.0,2.0,1865.0,144.0,0.0,0.0,0.6228070175438597,0.25,16384.0
1.0,7.0,2.0,3.0,4.0,170.0,288.0,0.0,0.0,0.6228070175438597,1.0,32.0
16.0,3.0,6.0,27.0,43.0,1542.0,3456.0,0.0,0.0,0.956140350877193,0.25,0.5
0.0,5.0,9.0,79.0,2.0,8974.0,144.0,0.0,0.0,0.6228070175438597,2.0,4096.0
0.0,7.0,2.0,3.0,2.0,122.0,144.0,0.0,0.0,0.6228070175438597,1.0,2048.0
0.0,5.0,6.0,27.0,2.0,11142.0,144.0,0.0,0.0,0.6228070175438597,2.0,4096.0
16.0,3.0,6.0,17.0,37.0,5066.0,2784.0,0.0,0.0,0.956140350877193,1.0,0.125
12.0,5.0,2.0,3.0,26.0,362.0,1872.0,0.0,0.0,0.9385964912280702,2.0,0.00390625
0.0,5.0,5.0,19.0,2.0,5121.0,144.0,0.0,0.0,0.6228070175438597,1.0,256.0
0.0,3.0,5.0,12.0,2.0,608.0,144.0,0.0,0.0,0.6228070175438597,2.0,512.0
0.0,7.0,6.0,46.0,2.0,2725.0,144.0,0.0,0.0,0.6228070175438597,2.0,1024.0
0.0,5.0,6.0,31.0,2.0,11265.0,144.0,0.0,0.0,0.6228070175438597,2.0,16384.0
0.0,7.0,9.0,88.0,2.0,11305.0,144.0,0.0,0.0,0.6228070175438597,1.0,2048.0
4.0,7.0,2.0,3.0,10.0,122.0,720.0,0.0,0.0,0.9298245614035088,2.0,8.0
14.0,3.0,4.0,9.0,33.0,2235.0,2496.0,0.0,0.0,0.9473684210526315,1.0,0.0625
18.0,3.0,6.0,35.0,41.0,1865.0,3072.0,0.0,0.0,0.956140350877193,1.0,0.03125
26.0,5.0,5.0,14.0,80.0,1598.0,6800.0,0.0,0.0,0.956140350877193,0.25,0.0625
10.0,5.0,6.0,51.0,26.0,23546.0,2032.0,0.0,0.0,0.9385964912280702,0.25,2.0
4.0,7.0,2.0,3.0,23.0,170.0,2176.0,0.0,0.0,0.956140350877193,0.25,0.125
0.0,3.0,2.0,3.0,2.0,122.0,144.0,0.0,0.0,0.6228070175438597,1.0,128.0
16.0,5.0,9.0,73.0,43.0,29249.0,3456.0,0.0,0.0,0.956140350877193,0.25,0.5
31.0,7.0,5.0,14.0,108.0,4958.0,9536.0,0.0,0.0,0.956140350877193,0.25,0.0078125
12.0,5.0,2.0,3.0,26.0,170.0,1872.0,0.0,0.0,0.9385964912280702,2.0,0.00195312
32.0,7.0,2.0,3.0,112.0,122.0,9904.0,0.0,0.0,0.956140350877193,0.25,0.00390625
0.0,5.0,6.0,32.0,2.0,13347.0,144.0,0.0,0.0,0.6228070175438597,0.25,32768.0
9.0,3.0,2.0,3.0,20.0,362.0,1440.0,0.0,0.0,0.9385964912280702,2.0,1.0
23.0,3.0,2.0,3.0,67.0,362.0,5584.0,0.0,0.0,0.956140350877193,0.25,0.125
9.0,7.0,11.0,143.0,21.0,16310.0,1552.0,0.0,0.0,0.9385964912280702,1.0,2.0
0.0,7.0,6.0,22.0,2.0,1186.0,144.0,0.0,0.0,0.6228070175438597,0.25,2048.0
0.0,7.0,10.0,124.0,2.0,6608.0,144.0,0.0,0.0,0.6228070175438597,2.0,16384.0
9.0,5.0,6.0,17.0,21.0,5066.0,1552.0,0.0,0.0,0.9385964912280702,1.0,2.0
2.0,3.0,2.0,3.0,6.0,170.0,432.0,0.0,0.0,0.9035087719298246,0.25,32.0
7.0,5.0,6.0,35.0,16.0,1865.0,1152.0,0.0,0.0,0.9385964912280702,2.0,2.0
7.0,3.0,6.0,22.0,19.0,7906.0,1488.0,0.0,0.0,0.9298245614035088,0.25,4.0
29.0,3.0,9.0,88.0,106.0,11305.0,9472.0,0.0,0.0,0.956140350877193,0.25,0.00390625
4.0,3.0,2.0,3.0,10.0,170.0,720.0,0.0,0.0,0.9298245614035088,1.0,8.0
0.0,5.0,2.0,3.0,2.0,122.0,144.0,0.0,0.0,0.6228070175438597,1.0,512.0
4.0,7.0,12.0,152.0,26.0,16617.0,2512.0,0.0,0.0,0.9385964912280702,0.25,0.000976562
1.0,5.0,6.0,51.0,4.0,23546.0,288.0,0.0,0.0,0.6228070175438597,0.25,64.0
12.0,7.0,6.0,17.0,34.0,866.0,2768.0,0.0,0.0,0.956140350877193,0.25,1.0
0.0,7.0,5.0,14.0,2.0,1598.0,144.0,0.0,0.0,0.6228070175438597,0.25,1024.0
1.0,7.0,9.0,74.0,4.0,21631.0,288.0,0.0,0.0,0.6228070175438597,2.0,32.0
18.0,7.0,6.0,34.0,41.0,14433.0,3072.0,0.0,0.0,0.956140350877193,1.0,0.000976562
19.0,7.0,2.0,3.0,84.0,122.0,7808.0,0.0,0.0,0.956140350877193,0.25,0.00195312
31.0,5.0,2.0,3.0,108.0,122.0,9536.0,0.0,0.0,0.956140350877193,0.25,0.0078125
3.0,5.0,3.0,6.0,8.0,1234.0,576.0,0.0,0.0,0.9035087719298246,1.0,16.0
10.0,5.0,2.0,3.0,26.0,122.0,2032.0,0.0,0.0,0.9385964912280702,0.25,2.0
7.0,7.0,2.0,3.0,16.0,362.0,1152.0,0.0,0.0,0.9385964912280702,2.0,2.0
0.0,3.0,2.0,3.0,2.0,362.0,144.0,0.0,0.0,0.6228070175438597,1.0,128.0
2.0,5.0,6.0,32.0,6.0,13347.0,432.0,0.0,0.0,0.9035087719298246,2.0,16.0
18.0,3.0,2.0,3.0,41.0,122.0,3072.0,0.0,0.0,0.956140350877193,1.0,0.015625
12.0,7.0,6.0,46.0,26.0,6397.0,1872.0,0.0,0.0,0.9385964912280702,2.0,0.00195312
0.0,5.0,5.0,12.0,2.0,996.0,144.0,0.0,0.0,0.6228070175438597,0.25,32768.0
23.0,3.0,6.0,51.0,67.0,7130.0,5584.0,0.0,0.0,0.956140350877193,0.25,0.125
0.0,7.0,2.0,3.0,2.0,362.0,144.0,0.0,0.0,0.6228070175438597,0.25,8192.0
0.0,5.0,6.0,27.0,2.0,11142.0,144.0,0.0,0.0,0.6228070175438597,1.0,512.0
0.0,3.0,5.0,14.0,2.0,4958.0,144.0,0.0,0.0,0.6228070175438597,1.0,4096.0
29.0,7.0,2.0,3.0,104.0,122.0,9248.0,0.0,0.0,0.956140350877193,0.25,0.0078125
1.0,3.0,11.0,146.0,4.0,7690.0,288.0,0.0,0.0,0.6228070175438597,1.0,32.0
0.0,7.0,2.0,3.0,2.0,122.0,144.0,0.0,0.0,0.6228070175438597,2.0,128.0
0.0,7.0,2.0,3.0,2.0,122.0,144.0,0.0,0.0,0.6228070175438597,1.0,1024.0
9.0,7.0,7.0,55.0,21.0,6672.0,1552.0,0.0,0.0,0.9385964912280702,1.0,2.0
0.0,7.0,6.0,34.0,2.0,14433.0,144.0,0.0,0.0,0.6228070175438597,0.25,16384.0
7.0,5.0,6.0,29.0,16.0,3780.0,1152.0,0.0,0.0,0.9385964912280702,2.0,2.0
4.0,7.0,5.0,12.0,12.0,3488.0,944.0,0.0,0.0,0.9122807017543859,0.25,8.0
32.0,3.0,6.0,39.0,112.0,15617.0,9904.0,0.0,0.0,0.956140350877193,0.25,0.00390625
0.0,7.0,5.0,12.0,2.0,996.0,144.0,0.0,0.0,0.6228070175438597,2.0,32768.0
0.0,3.0,2.0,3.0,2.0,362.0,144.0,0.0,0.0,0.6228070175438597,2.0,8192.0
6.0,7.0,6.0,35.0,14.0,12425.0,1008.0,0.0,0.0,0.9385964912280702,2.0,4.0
4.0,3.0,2.0,3.0,10.0,362.0,720.0,0.0,0.0,0.9298245614035088,1.0,8.0
4.0,5.0,2.0,3.0,12.0,170.0,944.0,0.0,0.0,0.9122807017543859,0.25,8.0
0.0,5.0,2.0,3.0,2.0,170.0,144.0,0.0,0.0,0.6228070175438597,2.0,8192.0
0.0,5.0,6.0,35.0,2.0,1924.0,144.0,0.0,0.0,0.6228070175438597,1.0,512.0
18.0,7.0,6.0,29.0,41.0,3780.0,3072.0,0.0,0.0,0.956140350877193,1.0,0.000976562
16.0,7.0,2.0,3.0,37.0,170.0,2784.0,0.0,0.0,0.956140350877193,1.0,0.125
12.0,3.0,3.0,6.0,26.0,466.0,1872.0,0.0,0.0,0.9385964912280702,2.0,0.00195312
3.0,5.0,6.0,34.0,8.0,1953.0,576.0,0.0,0.0,0.9035087719298246,1.0,16.0
4.0,3.0,2.0,3.0,10.0,362.0,720.0,0.0,0.0,0.9298245614035088,2.0,8.0
16.0,3.0,6.0,27.0,37.0,11142.0,2784.0,0.0,0.0,0.956140350877193,1.0,0.125
31.0,3.0,2.0,3.0,107.0,362.0,9424.0,0.0,0.0,0.956140350877193,0.25,0.0078125
32.0,7.0,3.0,6.0,114.0,1234.0,10128.0,0.0,0.0,0.956140350877193,0.25,0.00195312
0.0,7.0,4.0,9.0,2.0,2235.0,144.0,0.0,0.0,0.6228070175438597,0.25,4096.0
0.0,5.0,6.0,34.0,2.0,1953.0,144.0,0.0,0.0,0.6228070175438597,2.0,16384.0
11.0,3.0,2.0,3.0,26.0,362.0,1952.0,0.0,0.0,0.9385964912280702,1.0,1.0
0.0,5.0,2.0,3.0,2.0,362.0,144.0,0.0,0.0,0.6228070175438597,0.25,8192.0
1.0,7.0,2.0,3.0,4.0,122.0,288.0,0.0,0.0,0.6228070175438597,1.0,64.0
2.0,7.0,2.0,3.0,6.0,122.0,432.0,0.0,0.0,0.9035087719298246,0.25,32.0
10.0,5.0,3.0,6.0,22.0,274.0,1584.0,0.0,0.0,0.9385964912280702,2.0,0.5
0.0,5.0,6.0,43.0,2.0,6014.0,144.0,0.0,0.0,0.6228070175438597,1.0,512.0
1.0,5.0,7.0,55.0,4.0,6672.0,288.0,0.0,0.0,0.6228070175438597,2.0,64.0
12.0,3.0,6.0,34.0,26.0,14433.0,1872.0,0.0,0.0,0.9385964912280702,2.0,0.0078125
0.0,7.0,2.0,3.0,2.0,122.0,144.0,0.0,0.0,0.6228070175438597,1.0,256.0
0.0,7.0,6.0,29.0,2.0,3780.0,144.0,0.0,0.0,0.6228070175438597,2.0,32768.0
9.0,7.0,7.0,46.0,20.0,2429.0,1440.0,0.0,0.0,0.9385964912280702,2.0,1.0
12.0,3.0,5.0,14.0,26.0,4958.0,1872.0,0.0,0.0,0.9385964912280702,2.0,0.015625
0.0,7.0,6.0,39.0,2.0,15617.0,144.0,0.0,0.0,0.6228070175438597,2.0,16384.0
0.0,7.0,9.0,88.0,2.0,36649.0,144.0,0.0,0.0,0.6228070175438597,0.25,128.0
0.0,3.0,2.0,3.0,2.0,122.0,144.0,0.0,0.0,0.6228070175438597,1.0,256.0
15.0,5.0,4.0,9.0,34.0,795.0,2528.0,0.0,0.0,0.956140350877193,1.0,0.25
0.0,3.0,6.0,51.0,2.0,3026.0,144.0,0.0,0.0,0.6228070175438597,0.25,16384.0
1.0,3.0,6.0,34.0,4.0,14433.0,288.0,0.0,0.0,0.6228070175438597,2.0,32.0
0.0,3.0,6.0,22.0,2.0,7906.0,144.0,0.0,0.0,0.6228070175438597,2.0,4096.0
16.0,5.0,6.0,35.0,43.0,3977.0,3456.0,0.0,0.0,0.956140350877193,0.25,0.5
12.0,7.0,2.0,3.0,26.0,122.0,1872.0,0.0,0.0,0.9385964912280702,2.0,0.000976562
10.0,5.0,2.0,3.0,22.0,170.0,1584.0,0.0,0.0,0.9385964912280702,2.0,0.5
12.0,3.0,2.0,3.0,34.0,122.0,2768.0,0.0,0.0,0.956140350877193,0.25,1.0
23.0,7.0,11.0,137.0,67.0,46737.0,5584.0,0.0,0.0,0.956140350877193,0.25,0.125
13.0,7.0,2.0,3.0,30.0,170.0,2240.0,0.0,0.0,0.9473684210526315,1.0,0.5
0.0,3.0,9.0,88.0,2.0,4969.0,144.0,0.0,0.0,0.6228070175438597,0.25,2048.0
4.0,7.0,2.0,3.0,10.0,362.0,720.0,0.0,0.0,0.9298245614035088,2.0,0.125
4.0,3.0,6.0,28.0,12.0,11167.0,944.0,0.0,0.0,0.9122807017543859,0.25,8.0
4.0,5.0,2.0,3.0,10.0,362.0,720.0,0.0,0.0,0.9298245614035088,1.0,8.0
14.0,7.0,3.0,6.0,53.0,274.0,4736.0,0.0,0.0,0.956140350877193,0.25,0.0625
18.0,7.0,2.0,3.0,41.0,362.0,3072.0,0.0,0.0,0.956140350877193,1.0,0.015625
32.0,5.0,2.0,3.0,117.0,362.0,10464.0,0.0,0.0,0.956140350877193,0.25,0.000976562
0.0,3.0,2.0,3.0,2.0,362.0,144.0,0.0,0.0,0.6228070175438597,2.0,8192.0
12.0,7.0,6.0,22.0,26.0,2530.0,1872.0,0.0,0.0,0.9385964912280702,2.0,0.03125
0.0,3.0,6.0,17.0,2.0,5066.0,144.0,0.0,0.0,0.6228070175438597,0.25,16384.0
0.0,7.0,11.0,146.0,2.0,7689.0,144.0,0.0,0.0,0.6228070175438597,0.25,512.0
1.0,7.0,6.0,19.0,4.0,6916.0,288.0,0.0,0.0,0.6228070175438597,1.0,64.0
0.0,3.0,5.0,14.0,2.0,758.0,144.0,0.0,0.0,0.6228070175438597,1.0,2048.0
0.0,7.0,6.0,17.0,2.0,1706.0,144.0,0.0,0.0,0.6228070175438597,2.0,16384.0
11.0,7.0,2.0,3.0,24.0,122.0,1728.0,0.0,0.0,0.9385964912280702,2.0,0.0625
0.0,3.0,2.0,3.0,2.0,170.0,144.0,0.0,0.0,0.6228070175438597,1.0,256.0
16.0,5.0,2.0,3.0,37.0,170.0,2784.0,0.0,0.0,0.956140350877193,1.0,0.125
4.0,7.0,6.0,34.0,10.0,1953.0,720.0,0.0,0.0,0.9298245614035088,2.0,8.0
0.0,3.0,6.0,51.0,2.0,23546.0,144.0,0.0,0.0,0.6228070175438597,0.25,16384.0
32.0,3.0,6.0,46.0,113.0,21085.0,10016.0,0.0,0.0,0.956140350877193,0.25,0.00195312
0.0,3.0,11.0,141.0,2.0,7436.0,144.0,0.0,0.0,0.6228070175438597,2.0,128.0
2.0,5.0,11.0,148.0,8.0,51318.0,656.0,0.0,0.0,0.8947368421052632,0.25,16.0
18.0,5.0,5.0,12.0,41.0,1184.0,3072.0,0.0,0.0,0.956140350877193,1.0,0.000976562
0.0,7.0,5.0,14.0,2.0,758.0,144.0,0.0,0.0,0.6228070175438597,2.0,16384.0
9.0,7.0,6.0,46.0,20.0,2725.0,1440.0,0.0,0.0,0.9385964912280702,2.0,1.0
16.0,5.0,6.0,35.0,43.0,3977.0,3456.0,0.0,0.0,0.956140350877193,0.25,0.5
12.0,7.0,8.0,33.0,26.0,6259.0,1872.0,0.0,0.0,0.9385964912280702,2.0,0.000976562
0.0,3.0,2.0,3.0,2.0,122.0,144.0,0.0,0.0,0.6228070175438597,2.0,4096.0
10.0,5.0,7.0,55.0,22.0,6672.0,1584.0,0.0,0.0,0.9385964912280702,2.0,0.5
3.0,7.0,6.0,42.0,8.0,2455.0,576.0,0.0,0.0,0.9035087719298246,1.0,16.0
10.0,7.0,6.0,51.0,26.0,3026.0,2032.0,0.0,0.0,0.9385964912280702,0.25,2.0
13.0,7.0,10.0,106.0,30.0,12964.0,2240.0,0.0,0.0,0.9473684210526315,1.0,0.5
2.0,5.0,11.0,143.0,8.0,51158.0,656.0,0.0,0.0,0.8947368421052632,0.25,16.0
0.0,7.0,2.0,3.0,2.0,170.0,144.0,0.0,0.0,0.6228070175438597,2.0,512.0
0.0,7.0,6.0,27.0,2.0,1542.0,144.0,0.0,0.0,0.6228070175438597,2.0,32768.0
4.0,7.0,9.0,88.0,13.0,4969.0,1056.0,0.0,0.0,0.9385964912280702,1.0,0.000976562
4.0,7.0,6.0,34.0,12.0,4449.0,944.0,0.0,0.0,0.9122807017543859,0.25,8.0
16.0,3.0,11.0,142.0,37.0,49711.0,2784.0,0.0,0.0,0.956140350877193,1.0,0.125
9.0,7.0,2.0,3.0,23.0,362.0,1776.0,0.0,0.0,0.956140350877193,1.0,0.0625
3.0,3.0,2.0,3.0,8.0,362.0,576.0,0.0,0.0,0.9035087719298246,1.0,16.0
10.0,3.0,6.0,28.0,26.0,11167.0,2032.0,0.0,0.0,0.9385964912280702,0.25,2.0
18.0,7.0,4.0,9.0,41.0,435.0,3072.0,0.0,0.0,0.956140350877193,1.0,0.00195312
4.0,5.0,6.0,25.0,10.0,1349.0,720.0,0.0,0.0,0.9298245614035088,1.0,8.0
23.0,5.0,6.0,22.0,67.0,2530.0,5584.0,0.0,0.0,0.956140350877193,0.25,0.125
0.0,3.0,11.0,139.0,2.0,7207.0,144.0,0.0,0.0,0.6228070175438597,0.25,1024.0
2.0,7.0,6.0,28.0,6.0,3487.0,432.0,0.0,0.0,0.9035087719298246,0.25,32.0
0.0,5.0,5.0,14.0,2.0,758.0,144.0,0.0,0.0,0.6228070175438597,1.0,256.0
0.0,3.0,3.0,6.0,2.0,466.0,144.0,0.0,0.0,0.6228070175438597,1.0,512.0
0.0,3.0,7.0,46.0,2.0,16469.0,144.0,0.0,0.0,0.6228070175438597,0.25,2048.0
0.0,5.0,2.0,3.0,2.0,362.0,144.0,0.0,0.0,0.6228070175438597,2.0,8192.0
20.0,7.0,2.0,3.0,56.0,170.0,4592.0,0.0,0.0,0.956140350877193,0.25,0.25
4.0,7.0,8.0,38.0,10.0,6426.0,720.0,0.0,0.0,0.9298245614035088,2.0,8.0
0.0,7.0,6.0,51.0,2.0,23546.0,144.0,0.0,0.0,0.6228070175438597,2.0,128.0
0.0,7.0,3.0,6.0,2.0,1234.0,144.0,0.0,0.0,0.6228070175438597,0.25,16384.0
11.0,7.0,5.0,12.0,24.0,1184.0,1728.0,0.0,0.0,0.9385964912280702,2.0,0.25
28.0,3.0,10.0,113.0,93.0,31906.0,8096.0,0.0,0.0,0.956140350877193,0.25,0.03125
4.0,7.0,11.0,142.0,12.0,15919.0,944.0,0.0,0.0,0.9122807017543859,0.25,8.0
32.0,5.0,7.0,46.0,112.0,2429.0,9904.0,0.0,0.0,0.956140350877193,0.25,0.00390625
7.0,3.0,7.0,46.0,16.0,2429.0,1152.0,0.0,0.0,0.9385964912280702,2.0,2.0
7.0,7.0,10.0,93.0,16.0,8368.0,1152.0,0.0,0.0,0.9385964912280702,2.0,2.0
0.0,5.0,6.0,29.0,2.0,1668.0,144.0,0.0,0.0,0.6228070175438597,1.0,128.0
10.0,3.0,4.0,9.0,26.0,435.0,2032.0,0.0,0.0,0.9385964912280702,0.25,2.0
23.0,5.0,9.0,60.0,67.0,2794.0,5584.0,0.0,0.0,0.956140350877193,0.25,0.125
0.0,3.0,4.0,9.0,2.0,2235.0,144.0,0.0,0.0,0.6228070175438597,0.25,32768.0
0.0,5.0,9.0,88.0,2.0,36649.0,144.0,0.0,0.0,0.6228070175438597,1.0,512.0
9.0,5.0,3.0,6.0,23.0,1234.0,1776.0,0.0,0.0,0.956140350877193,1.0,0.03125
4.0,7.0,2.0,3.0,12.0,170.0,944.0,0.0,0.0,0.9122807017543859,0.25,8.0
15.0,3.0,2.0,3.0,34.0,170.0,2528.0,0.0,0.0,0.956140350877193,1.0,0.25
0.0,7.0,2.0,3.0,2.0,362.0,144.0,0.0,0.0,0.6228070175438597,2.0,32768.0
0.0,5.0,7.0,55.0,2.0,3000.0,144.0,0.0,0.0,0.6228070175438597,2.0,256.0
13.0,5.0,2.0,3.0,30.0,170.0,2240.0,0.0,0.0,0.9473684210526315,1.0,0.5
3.0,3.0,6.0,46.0,8.0,2725.0,576.0,0.0,0.0,0.9035087719298246,1.0,16.0
2.0,5.0,2.0,3.0,6.0,170.0,432.0,0.0,0.0,0.9035087719298246,0.25,32.0
0.0,5.0,6.0,34.0,2.0,4449.0,144.0,0.0,0.0,0.6228070175438597,1.0,8192.0
0.0,7.0,2.0,3.0,2.0,122.0,144.0,0.0,0.0,0.6228070175438597,1.0,128.0
23.0,3.0,2.0,3.0,67.0,362.0,5584.0,0.0,0.0,0.956140350877193,0.25,0.125
4.0,5.0,5.0,14.0,10.0,4958.0,720.0,0.0,0.0,0.9298245614035088,1.0,8.0
18.0,7.0,2.0,3.0,41.0,362.0,3072.0,0.0,0.0,0.956140350877193,1.0,0.00195312
10.0,5.0,2.0,3.0,26.0,170.0,2032.0,0.0,0.0,0.9385964912280702,0.25,2.0
4.0,7.0,6.0,29.0,10.0,1668.0,720.0,0.0,0.0,0.9298245614035088,2.0,8.0
0.0,3.0,9.0,73.0,2.0,29249.0,144.0,0.0,0.0,0.6228070175438597,1.0,512.0
4.0,3.0,6.0,35.0,10.0,12425.0,720.0,0.0,0.0,0.9298245614035088,2.0,0.0625
0.0,5.0,2.0,3.0,2.0,170.0,144.0,0.0,0.0,0.6228070175438597,0.25,512.0
11.0,3.0,6.0,46.0,24.0,21085.0,1728.0,0.0,0.0,0.9385964912280702,2.0,0.25
4.0,7.0,3.0,6.0,14.0,1234.0,1168.0,0.0,0.0,0.9298245614035088,0.25,2.0
19.0,5.0,5.0,14.0,81.0,4958.0,7472.0,0.0,0.0,0.9736842105263158,0.25,0.00390625
7.0,3.0,2.0,3.0,16.0,170.0,1152.0,0.0,0.0,0.9385964912280702,2.0,2.0
0.0,7.0,7.0,55.0,2.0,3000.0,144.0,0.0,0.0,0.6228070175438597,2.0,8192.0
9.0,5.0,2.0,3.0,23.0,170.0,1776.0,0.0,0.0,0.956140350877193,1.0,0.015625
0.0,5.0,6.0,35.0,2.0,4228.0,144.0,0.0,0.0,0.6228070175438597,1.0,128.0
6.0,7.0,3.0,6.0,15.0,1234.0,1120.0,0.0,0.0,0.9385964912280702,1.0,4.0
0.0,3.0,2.0,3.0,2.0,170.0,144.0,0.0,0.0,0.6228070175438597,0.25,512.0
10.0,3.0,6.0,22.0,26.0,1186.0,2032.0,0.0,0.0,0.9385964912280702,0.25,2.0
3.0,5.0,6.0,51.0,8.0,23546.0,576.0,0.0,0.0,0.9035087719298246,1.0,16.0
19.0,5.0,6.0,25.0,59.0,1349.0,5008.0,0.0,0.0,0.956140350877193,0.25,0.125
0.0,3.0,3.0,6.0,2.0,274.0,144.0,0.0,0.0,0.6228070175438597,0.25,32768.0
9.0,7.0,6.0,29.0,20.0,1668.0,1440.0,0.0,0.0,0.9385964912280702,2.0,0.00195312
0.0,5.0,2.0,3.0,2.0,362.0,144.0,0.0,0.0,0.6228070175438597,1.0,128.0
9.0,3.0,2.0,3.0,20.0,122.0,1440.0,0.0,0.0,0.9385964912280702,2.0,1.0
0.0,5.0,2.0,3.0,2.0,170.0,144.0,0.0,0.0,0.6228070175438597,0.25,1024.0
11.0,5.0,6.0,22.0,24.0,7906.0,1728.0,0.0,0.0,0.9385964912280702,2.0,0.125
7.0,7.0,3.0,6.0,16.0,274.0,1152.0,0.0,0.0,0.9385964912280702,2.0,2.0
0.0,3.0,2.0,3.0,2.0,170.0,144.0,0.0,0.0,0.6228070175438597,2.0,8192.0
9.0,5.0,3.0,6.0,21.0,466.0,1552.0,0.0,0.0,0.9385964912280702,1.0,2.0
4.0,3.0,2.0,3.0,14.0,170.0,1168.0,0.0,0.0,0.9298245614035088,0.25,2.0
11.0,7.0,2.0,3.0,24.0,362.0,1728.0,0.0,0.0,0.9385964912280702,2.0,0.25
0.0,5.0,6.0,29.0,2.0,12228.0,144.0,0.0,0.0,0.6228070175438597,0.25,8192.0
4.0,7.0,2.0,3.0,10.0,122.0,720.0,0.0,0.0,0.9298245614035088,2.0,0.0625
9.0,7.0,6.0,25.0,20.0,9029.0,1440.0,0.0,0.0,0.9385964912280702,2.0,1.0
31.0,5.0,3.0,6.0,108.0,1234.0,9536.0,0.0,0.0,0.956140350877193,0.25,0.0078125
0.0,7.0,6.0,51.0,2.0,3026.0,144.0,0.0,0.0,0.6228070175438597,0.25,32768.0
9.0,3.0,6.0,35.0,20.0,1865.0,1440.0,0.0,0.0,0.9385964912280702,2.0,0.00195312
10.0,7.0,6.0,39.0,26.0,4865.0,2032.0,0.0,0.0,0.9385964912280702,0.25,2.0
12.0,5.0,6.0,19.0,26.0,2212.0,1872.0,0.0,0.0,0.9385964912280702,2.0,0.00390625
0.0,7.0,9.0,73.0,2.0,4049.0,144.0,0.0,0.0,0.6228070175438597,0.25,512.0
6.0,3.0,6.0,29.0,15.0,12228.0,1120.0,0.0,0.0,0.9385964912280702,1.0,4.0
2.0,5.0,7.0,55.0,6.0,21360.0,432.0,0.0,0.0,0.9035087719298246,2.0,16.0
29.0,5.0,3.0,6.0,107.0,466.0,9584.0,0.0,0.0,0.956140350877193,0.25,0.00195312
3.0,7.0,6.0,34.0,8.0,4449.0,576.0,0.0,0.0,0.9035087719298246,1.0,16.0
15.0,5.0,3.0,6.0,34.0,274.0,2528.0,0.0,0.0,0.956140350877193,1.0,0.25
0.0,3.0,5.0,14.0,2.0,758.0,144.0,0.0,0.0,0.6228070175438597,2.0,32768.0
15.0,7.0,6.0,46.0,34.0,2725.0,2528.0,0.0,0.0,0.956140350877193,1.0,0.25
17.0,5.0,2.0,3.0,39.0,170.0,2928.0,0.0,0.0,0.956140350877193,1.0,0.0625
4.0,3.0,6.0,46.0,12.0,21085.0,944.0,0.0,0.0,0.9122807017543859,0.25,8.0
18.0,5.0,3.0,6.0,41.0,466.0,3072.0,0.0,0.0,0.956140350877193,1.0,0.000976562
0.0,7.0,2.0,3.0,2.0,122.0,144.0,0.0,0.0,0.6228070175438597,1.0,512.0
4.0,3.0,5.0,14.0,10.0,758.0,720.0,0.0,0.0,0.9298245614035088,2.0,8.0
18.0,3.0,2.0,3.0,41.0,122.0,3072.0,0.0,0.0,0.956140350877193,1.0,0.00195312
23.0,7.0,2.0,3.0,67.0,170.0,5584.0,0.0,0.0,0.956140350877193,0.25,0.125
0.0,3.0,5.0,12.0,2.0,996.0,144.0,0.0,0.0,0.6228070175438597,1.0,128.0
32.0,5.0,2.0,3.0,117.0,362.0,10464.0,0.0,0.0,0.956140350877193,0.25,0.000976562
7.0,7.0,2.0,3.0,16.0,170.0,1152.0,0.0,0.0,0.9385964912280702,2.0,2.0
4.0,3.0,4.0,9.0,12.0,435.0,944.0,0.0,0.0,0.9122807017543859,0.25,8.0
28.0,7.0,9.0,88.0,93.0,4969.0,8096.0,0.0,0.0,0.956140350877193,0.25,0.03125
1.0,5.0,9.0,60.0,4.0,14794.0,288.0,0.0,0.0,0.6228070175438597,0.25,64.0
11.0,3.0,6.0,39.0,24.0,4865.0,1728.0,0.0,0.0,0.9385964912280702,2.0,0.25
0.0,3.0,4.0,9.0,2.0,2235.0,144.0,0.0,0.0,0.6228070175438597,0.25,16384.0
0.0,3.0,6.0,29.0,2.0,12228.0,144.0,0.0,0.0,0.6228070175438597,2.0,128.0
9.0,5.0,7.0,46.0,21.0,16469.0,1552.0,0.0,0.0,0.9385964912280702,1.0,2.0
0.0,7.0,7.0,46.0,2.0,16469.0,144.0,0.0,0.0,0.6228070175438597,0.25,32768.0
19.0,5.0,7.0,55.0,80.0,21360.0,7360.0,0.0,0.0,0.956140350877193,0.25,0.0078125
10.0,7.0,6.0,34.0,26.0,4449.0,2032.0,0.0,0.0,0.9385964912280702,0.25,2.0
11.0,5.0,2.0,3.0,24.0,122.0,1728.0,0.0,0.0,0.9385964912280702,2.0,0.0625
7.0,3.0,4.0,9.0,16.0,795.0,1152.0,0.0,0.0,0.9385964912280702,2.0,2.0
3.0,7.0,3.0,6.0,8.0,274.0,576.0,0.0,0.0,0.9035087719298246,1.0,16.0
9.0,3.0,8.0,38.0,23.0,1626.0,1776.0,0.0,0.0,0.956140350877193,1.0,0.0625
16.0,7.0,7.0,46.0,37.0,2429.0,2784.0,0.0,0.0,0.956140350877193,1.0,0.125
32.0,5.0,2.0,3.0,114.0,122.0,10128.0,0.0,0.0,0.956140350877193,0.25,0.00195312
18.0,5.0,5.0,14.0,41.0,1598.0,3072.0,0.0,0.0,0.956140350877193,1.0,0.000976562
4.0,3.0,5.0,14.0,12.0,4958.0,944.0,0.0,0.0,0.9122807017543859,0.25,8.0
4.0,3.0,6.0,51.0,13.0,7130.0,1056.0,0.0,0.0,0.9385964912280702,1.0,0.000976562
0.0,3.0,10.0,111.0,2.0,5431.0,144.0,0.0,0.0,0.6228070175438597,2.0,32768.0
0.0,7.0,6.0,43.0,2.0,6014.0,144.0,0.0,0.0,0.6228070175438597,0.25,2048.0
4.0,3.0,2.0,3.0,10.0,170.0,720.0,0.0,0.0,0.9298245614035088,2.0,8.0
20.0,3.0,3.0,6.0,56.0,274.0,4592.0,0.0,0.0,0.956140350877193,0.25,0.25
0.0,7.0,2.0,3.0,2.0,170.0,144.0,0.0,0.0,0.6228070175438597,1.0,512.0
2.0,3.0,6.0,17.0,6.0,1706.0,432.0,0.0,0.0,0.9035087719298246,0.25,32.0
0.0,7.0,6.0,51.0,2.0,3026.0,144.0,0.0,0.0,0.6228070175438597,0.25,1024.0
18.0,3.0,11.0,141.0,41.0,7436.0,3072.0,0.0,0.0,0.956140350877193,1.0,0.00195312
10.0,7.0,9.0,88.0,26.0,36649.0,2032.0,0.0,0.0,0.9385964912280702,0.25,2.0
0.0,7.0,6.0,27.0,2.0,11142.0,144.0,0.0,0.0,0.6228070175438597,2.0,4096.0
28.0,5.0,11.0,146.0,93.0,7689.0,8096.0,0.0,0.0,0.956140350877193,0.25,0.03125
16.0,5.0,6.0,17.0,43.0,1706.0,3456.0,0.0,0.0,0.956140350877193,0.25,0.5
12.0,3.0,6.0,51.0,26.0,23546.0,1872.0,0.0,0.0,0.9385964912280702,2.0,0.000976562
9.0,3.0,6.0,34.0,20.0,4449.0,1440.0,0.0,0.0,0.9385964912280702,2.0,1.0
1.0,5.0,6.0,42.0,4.0,18655.0,288.0,0.0,0.0,0.6228070175438597,1.0,32.0
0.0,3.0,2.0,3.0,2.0,362.0,144.0,0.0,0.0,0.6228070175438597,2.0,16384.0
0.0,7.0,8.0,33.0,2.0,1459.0,144.0,0.0,0.0,0.6228070175438597,2.0,128.0
32.0,7.0,11.0,136.0,114.0,46715.0,10128.0,0.0,0.0,0.956140350877193,0.25,0.00195312
0.0,7.0,6.0,25.0,2.0,9029.0,144.0,0.0,0.0,0.6228070175438597,0.25,16384.0
4.0,3.0,4.0,9.0,10.0,2235.0,720.0,0.0,0.0,0.9298245614035088,2.0,8.0
0.0,3.0,2.0,3.0,2.0,170.0,144.0,0.0,0.0,0.6228070175438597,2.0,512.0
13.0,3.0,6.0,28.0,30.0,1567.0,2240.0,0.0,0.0,0.9473684210526315,1.0,0.5
10.0,3.0,2.0,3.0,26.0,122.0,2032.0,0.0,0.0,0.9385964912280702,0.25,2.0
0.0,5.0,2.0,3.0,2.0,170.0,144.0,0.0,0.0,0.6228070175438597,2.0,8192.0
3.0,3.0,2.0,3.0,8.0,170.0,576.0,0.0,0.0,0.9035087719298246,1.0,16.0
12.0,3.0,2.0,3.0,26.0,122.0,1872.0,0.0,0.0,0.9385964912280702,2.0,0.03125
0.0,7.0,10.0,106.0,2.0,12964.0,144.0,0.0,0.0,0.6228070175438597,0.25,16384.0
0.0,5.0,5.0,14.0,2.0,1598.0,144.0,0.0,0.0,0.6228070175438597,2.0,1024.0
9.0,5.0,2.0,3.0,46.0,362.0,4352.0,0.0,0.0,0.9649122807017544,0.25,0.000976562
0.0,7.0,6.0,51.0,2.0,7130.0,144.0,0.0,0.0,0.6228070175438597,2.0,8192.0
18.0,3.0,5.0,14.0,41.0,4958.0,3072.0,0.0,0.0,0.956140350877193,1.0,0.015625
0.0,5.0,6.0,19.0,2.0,1036.0,144.0,0.0,0.0,0.6228070175438597,0.25,16384.0
14.0,3.0,6.0,42.0,53.0,5695.0,4736.0,0.0,0.0,0.956140350877193,0.25,0.0625
4.0,7.0,2.0,3.0,12.0,170.0,944.0,0.0,0.0,0.9122807017543859,0.25,8.0
0.0,7.0,6.0,46.0,2.0,21085.0,144.0,0.0,0.0,0.6228070175438597,1.0,256.0
0.0,3.0,5.0,14.0,2.0,4958.0,144.0,0.0,0.0,0.6228070175438597,2.0,16384.0
11.0,3.0,11.0,146.0,24.0,7690.0,1728.0,0.0,0.0,0.9385964912280702,2.0,0.0625
0.0,7.0,11.0,142.0,2.0,49711.0,144.0,0.0,0.0,0.6228070175438597,1.0,2048.0
1.0,3.0,2.0,3.0,4.0,170.0,288.0,0.0,0.0,0.6228070175438597,1.0,64.0
0.0,3.0,6.0,46.0,2.0,2725.0,144.0,0.0,0.0,0.6228070175438597,0.25,512.0
12.0,3.0,6.0,51.0,26.0,3026.0,1872.0,0.0,0.0,0.9385964912280702,2.0,0.000976562
0.0,7.0,6.0,34.0,2.0,14433.0,144.0,0.0,0.0,0.6228070175438597,2.0,4096.0
1.0,7.0,6.0,17.0,4.0,1706.0,288.0,0.0,0.0,0.6228070175438597,2.0,32.0
0.0,7.0,2.0,3.0,2.0,170.0,144.0,0.0,0.0,0.6228070175438597,0.25,16384.0
2.0,5.0,9.0,88.0,6.0,36649.0,432.0,0.0,0.0,0.9035087719298246,0.25,32.0
1.0,5.0,2.0,3.0,4.0,122.0,288.0,0.0,0.0,0.6228070175438597,1.0,32.0
4.0,3.0,6.0,42.0,10.0,5695.0,720.0,0.0,0.0,0.9298245614035088,2.0,0.125
0.0,7.0,2.0,3.0,2.0,362.0,144.0,0.0,0.0,0.6228070175438597,0.25,2048.0
13.0,3.0,11.0,136.0,30.0,7104.0,2240.0,0.0,0.0,0.9473684210526315,1.0,0.5
23.0,3.0,2.0,3.0,67.0,170.0,5584.0,0.0,0.0,0.956140350877193,0.25,0.125
12.0,7.0,2.0,3.0,34.0,362.0,2768.0,0.0,0.0,0.956140350877193,0.25,1.0
0.0,5.0,6.0,22.0,2.0,1186.0,144.0,0.0,0.0,0.6228070175438597,0.25,32768.0
0.0,5.0,6.0,34.0,2.0,1953.0,144.0,0.0,0.0,0.6228070175438597,0.25,512.0
0.0,5.0,6.0,51.0,2.0,23546.0,144.0,0.0,0.0,0.6228070175438597,2.0,1024.0
11.0,7.0,11.0,143.0,26.0,51158.0,1952.0,0.0,0.0,0.9385964912280702,1.0,1.0
0.0,3.0,6.0,17.0,2.0,866.0,144.0,0.0,0.0,0.6228070175438597,0.25,4096.0
0.0,7.0,2.0,3.0,2.0,122.0,144.0,0.0,0.0,0.6228070175438597,1.0,256.0
0.0,3.0,12.0,152.0,2.0,16617.0,144.0,0.0,0.0,0.6228070175438597,0.25,128.0
12.0,5.0,2.0,3.0,26.0,122.0,1872.0,0.0,0.0,0.9385964912280702,2.0,0.015625
0.0,3.0,3.0,6.0,2.0,1234.0,144.0,0.0,0.0,0.6228070175438597,2.0,16384.0
12.0,7.0,2.0,3.0,26.0,122.0,1872.0,0.0,0.0,0.9385964912280702,2.0,0.015625
9.0,3.0,2.0,3.0,20.0,122.0,1440.0,0.0,0.0,0.9385964912280702,2.0,1.0
0.0,3.0,6.0,28.0,2.0,1567.0,144.0,0.0,0.0,0.6228070175438597,2.0,32768.0
0.0,3.0,2.0,3.0,2.0,362.0,144.0,0.0,0.0,0.6228070175438597,1.0,256.0
0.0,5.0,6.0,34.0,2.0,1953.0,144.0,0.0,0.0,0.6228070175438597,2.0,128.0
12.0,7.0,4.0,9.0,26.0,795.0,1872.0,0.0,0.0,0.9385964912280702,2.0,0.0078125
2.0,3.0,3.0,6.0,6.0,466.0,432.0,0.0,0.0,0.9035087719298246,0.25,32.0
1.0,3.0,3.0,6.0,4.0,1234.0,288.0,0.0,0.0,0.6228070175438597,1.0,64.0
26.0,5.0,2.0,3.0,80.0,362.0,6800.0,0.0,0.0,0.956140350877193,0.25,0.0625
4.0,5.0,2.0,3.0,10.0,362.0,720.0,0.0,0.0,0.9298245614035088,2.0,8.0
4.0,7.0,9.0,88.0,10.0,4969.0,720.0,0.0,0.0,0.9298245614035088,1.0,8.0
18.0,5.0,6.0,39.0,41.0,2177.0,3072.0,0.0,0.0,0.956140350877193,1.0,0.00195312
0.0,5.0,5.0,14.0,2.0,758.0,144.0,0.0,0.0,0.6228070175438597,2.0,2048.0
6.0,3.0,7.0,46.0,14.0,16469.0,1008.0,0.0,0.0,0.9385964912280702,2.0,4.0
14.0,5.0,6.0,35.0,33.0,13444.0,2496.0,0.0,0.0,0.9473684210526315,1.0,0.015625
0.0,7.0,2.0,3.0,2.0,170.0,144.0,0.0,0.0,0.6228070175438597,2.0,8192.0
32.0,3.0,2.0,3.0,113.0,170.0,10016.0,0.0,0.0,0.956140350877193,0.25,0.00195312
31.0,7.0,2.0,3.0,108.0,170.0,9536.0,0.0,0.0,0.956140350877193,0.25,0.0078125
0.0,5.0,2.0,3.0,2.0,122.0,144.0,0.0,0.0,0.6228070175438597,0.25,32768.0
16.0,7.0,2.0,3.0,37.0,362.0,2784.0,0.0,0.0,0.956140350877193,1.0,0.125
4.0,7.0,2.0,3.0,10.0,122.0,720.0,0.0,0.0,0.9298245614035088,2.0,8.0
0.0,5.0,6.0,34.0,2.0,4449.0,144.0,0.0,0.0,0.6228070175438597,2.0,32768.0
12.0,7.0,2.0,3.0,26.0,122.0,1872.0,0.0,0.0,0.9385964912280702,2.0,0.00195312
16.0,3.0,6.0,34.0,37.0,14433.0,2784.0,0.0,0.0,0.956140350877193,1.0,0.125
18.0,3.0,4.0,9.0,41.0,435.0,3072.0,0.0,0.0,0.956140350877193,1.0,0.000976562
4.0,5.0,3.0,6.0,12.0,274.0,944.0,0.0,0.0,0.9122807017543859,0.25,8.0
0.0,7.0,2.0,3.0,2.0,122.0,144.0,0.0,0.0,0.6228070175438597,1.0,4096.0
29.0,3.0,6.0,27.0,103.0,1542.0,9136.0,0.0,0.0,0.956140350877193,0.25,0.0078125
0.0,5.0,2.0,3.0,2.0,122.0,144.0,0.0,0.0,0.6228070175438597,2.0,256.0
23.0,7.0,6.0,34.0,67.0,14433.0,5584.0,0.0,0.0,0.956140350877193,0.25,0.125
0.0,3.0,2.0,3.0,2.0,170.0,144.0,0.0,0.0,0.6228070175438597,0.25,8192.0
14.0,5.0,6.0,34.0,33.0,1953.0,2496.0,0.0,0.0,0.9473684210526315,1.0,0.03125
12.0,3.0,2.0,3.0,26.0,362.0,1872.0,0.0,0.0,0.9385964912280702,2.0,0.00195312
18.0,7.0,10.0,124.0,41.0,14264.0,3072.0,0.0,0.0,0.956140350877193,1.0,0.015625
0.0,7.0,7.0,55.0,2.0,6672.0,144.0,0.0,0.0,0.6228070175438597,1.0,128.0
7.0,3.0,2.0,3.0,16.0,362.0,1152.0,0.0,0.0,0.9385964912280702,2.0,2.0
0.0,3.0,11.0,148.0,2.0,51318.0,144.0,0.0,0.0,0.6228070175438597,2.0,32768.0
32.0,5.0,2.0,3.0,117.0,362.0,10464.0,0.0,0.0,0.956140350877193,0.25,0.000976562
32.0,7.0,5.0,14.0,112.0,758.0,9904.0,0.0,0.0,0.956140350877193,0.25,0.00390625
4.0,3.0,6.0,27.0,12.0,1542.0,944.0,0.0,0.0,0.9122807017543859,0.25,8.0
0.0,3.0,3.0,6.0,2.0,466.0,144.0,0.0,0.0,0.6228070175438597,0.25,16384.0
9.0,3.0,2.0,3.0,21.0,122.0,1552.0,0.0,0.0,0.9385964912280702,1.0,2.0
0.0,3.0,6.0,35.0,2.0,1865.0,144.0,0.0,0.0,0.6228070175438597,1.0,1024.0
1.0,7.0,2.0,3.0,4.0,122.0,288.0,0.0,0.0,0.6228070175438597,1.0,32.0
0.0,3.0,6.0,39.0,2.0,2177.0,144.0,0.0,0.0,0.6228070175438597,2.0,128.0
12.0,3.0,5.0,12.0,34.0,608.0,2768.0,0.0,0.0,0.956140350877193,0.25,1.0
0.0,3.0,2.0,3.0,2.0,170.0,144.0,0.0,0.0,0.6228070175438597,0.25,1024.0
4.0,5.0,2.0,3.0,10.0,170.0,720.0,0.0,0.0,0.9298245614035088,2.0,8.0
4.0,3.0,9.0,65.0,26.0,5366.0,2512.0,0.0,0.0,0.9385964912280702,0.25,0.000976562
18.0,5.0,2.0,3.0,41.0,362.0,3072.0,0.0,0.0,0.956140350877193,1.0,0.00195312
4.0,7.0,6.0,34.0,10.0,1953.0,720.0,0.0,0.0,0.9298245614035088,1.0,8.0
19.0,3.0,2.0,3.0,83.0,362.0,7696.0,0.0,0.0,0.956140350877193,0.25,0.00195312
15.0,5.0,9.0,74.0,34.0,3631.0,2528.0,0.0,0.0,0.956140350877193,1.0,0.25
0.0,5.0,6.0,17.0,2.0,5066.0,144.0,0.0,0.0,0.6228070175438597,0.25,8192.0
4.0,5.0,6.0,51.0,12.0,3026.0,944.0,0.0,0.0,0.9122807017543859,0.25,8.0
18.0,3.0,2.0,3.0,41.0,170.0,3072.0,0.0,0.0,0.956140350877193,1.0,0.000976562
1.0,3.0,2.0,3.0,4.0,362.0,288.0,0.0,0.0,0.6228070175438597,2.0,32.0
0.0,5.0,2.0,3.0,2.0,122.0,144.0,0.0,0.0,0.6228070175438597,2.0,32768.0
23.0,7.0,6.0,32.0,67.0,1827.0,5584.0,0.0,0.0,0.956140350877193,0.25,0.125
9.0,7.0,2.0,3.0,20.0,122.0,1440.0,0.0,0.0,0.9385964912280702,2.0,1.0
32.0,3.0,2.0,3.0,112.0,362.0,9904.0,0.0,0.0,0.956140350877193,0.25,0.00390625
31.0,3.0,3.0,6.0,107.0,274.0,9424.0,0.0,0.0,0.956140350877193,0.25,0.0078125
0.0,7.0,6.0,17.0,2.0,866.0,144.0,0.0,0.0,0.6228070175438597,1.0,128.0
4.0,3.0,10.0,124.0,23.0,44888.0,2176.0,0.0,0.0,0.956140350877193,0.25,0.125
4.0,5.0,12.0,152.0,12.0,16617.0,944.0,0.0,0.0,0.9122807017543859,0.25,8.0
18.0,7.0,6.0,22.0,41.0,7906.0,3072.0,0.0,0.0,0.956140350877193,1.0,0.03125
12.0,5.0,2.0,3.0,26.0,122.0,1872.0,0.0,0.0,0.9385964912280702,2.0,0.00390625
14.0,7.0,6.0,28.0,33.0,3487.0,2496.0,0.0,0.0,0.9473684210526315,1.0,0.0625
29.0,7.0,3.0,6.0,106.0,466.0,9472.0,0.0,0.0,0.956140350877193,0.25,0.00390625
7.0,7.0,2.0,3.0,19.0,122.0,1488.0,0.0,0.0,0.9298245614035088,0.25,4.0
2.0,7.0,6.0,32.0,6.0,1827.0,432.0,0.0,0.0,0.9035087719298246,0.25,32.0
0.0,5.0,10.0,109.0,2.0,10639.0,144.0,0.0,0.0,0.6228070175438597,0.25,8192.0
0.0,3.0,2.0,3.0,2.0,362.0,144.0,0.0,0.0,0.6228070175438597,2.0,16384.0
0.0,5.0,6.0,32.0,2.0,4131.0,144.0,0.0,0.0,0.6228070175438597,0.25,8192.0
0.0,3.0,6.0,22.0,2.0,1186.0,144.0,0.0,0.0,0.6228070175438597,0.25,2048.0
0.0,5.0,6.0,35.0,2.0,12425.0,144.0,0.0,0.0,0.6228070175438597,2.0,16384.0
9.0,3.0,6.0,31.0,21.0,1665.0,1552.0,0.0,0.0,0.9385964912280702,1.0,2.0
0.0,5.0,6.0,46.0,2.0,21085.0,144.0,0.0,0.0,0.6228070175438597,2.0,16384.0
1.0,5.0,11.0,148.0,4.0,16470.0,288.0,0.0,0.0,0.6228070175438597,1.0,64.0
16.0,7.0,5.0,12.0,37.0,3488.0,2784.0,0.0,0.0,0.956140350877193,1.0,0.125
4.0,3.0,5.0,19.0,10.0,921.0,720.0,0.0,0.0,0.9298245614035088,2.0,8.0
0.0,5.0,2.0,3.0,2.0,122.0,144.0,0.0,0.0,0.6228070175438597,0.25,512.0
0.0,3.0,6.0,51.0,2.0,7130.0,144.0,0.0,0.0,0.6228070175438597,1.0,2048.0
0.0,3.0,6.0,17.0,2.0,866.0,144.0,0.0,0.0,0.6228070175438597,2.0,1024.0
2.0,5.0,2.0,3.0,8.0,362.0,656.0,0.0,0.0,0.8947368421052632,0.25,16.0
0.0,7.0,2.0,3.0,2.0,362.0,144.0,0.0,0.0,0.6228070175438597,2.0,512.0
13.0,5.0,5.0,14.0,30.0,758.0,2240.0,0.0,0.0,0.9473684210526315,1.0,0.5
2.0,7.0,9.0,73.0,6.0,4049.0,432.0,0.0,0.0,0.9035087719298246,2.0,16.0
0.0,5.0,6.0,51.0,2.0,3026.0,144.0,0.0,0.0,0.6228070175438597,2.0,1024.0
2.0,3.0,6.0,35.0,6.0,12425.0,432.0,0.0,0.0,0.9035087719298246,0.25,32.0
23.0,3.0,4.0,9.0,67.0,435.0,5584.0,0.0,0.0,0.956140350877193,0.25,0.125
9.0,7.0,2.0,3.0,41.0,362.0,3792.0,0.0,0.0,0.956140350877193,0.25,0.0625
12.0,7.0,6.0,22.0,34.0,7906.0,2768.0,0.0,0.0,0.956140350877193,0.25,1.0
12.0,7.0,2.0,3.0,34.0,122.0,2768.0,0.0,0.0,0.956140350877193,0.25,1.0
10.0,7.0,2.0,3.0,22.0,170.0,1584.0,0.0,0.0,0.9385964912280702,2.0,0.5
0.0,3.0,6.0,32.0,2.0,4131.0,144.0,0.0,0.0,0.6228070175438597,1.0,2048.0
16.0,7.0,6.0,20.0,43.0,964.0,3456.0,0.0,0.0,0.956140350877193,0.25,0.5
12.0,5.0,6.0,28.0,26.0,3487.0,1872.0,0.0,0.0,0.9385964912280702,2.0,0.000976562
1.0,3.0,6.0,32.0,4.0,13347.0,288.0,0.0,0.0,0.6228070175438597,1.0,32.0
2.0,5.0,2.0,3.0,6.0,170.0,432.0,0.0,0.0,0.9035087719298246,0.25,32.0
1.0,3.0,5.0,14.0,4.0,4958.0,288.0,0.0,0.0,0.6228070175438597,2.0,32.0
0.0,5.0,2.0,3.0,2.0,362.0,144.0,0.0,0.0,0.6228070175438597,2.0,512.0
0.0,5.0,6.0,27.0,2.0,1542.0,144.0,0.0,0.0,0.6228070175438597,2.0,16384.0
7.0,7.0,6.0,27.0,16.0,11142.0,1152.0,0.0,0.0,0.9385964912280702,2.0,2.0
0.0,5.0,11.0,142.0,2.0,15919.0,144.0,0.0,0.0,0.6228070175438597,1.0,512.0
1.0,5.0,6.0,35.0,4.0,12425.0,288.0,0.0,0.0,0.6228070175438597,1.0,64.0
10.0,7.0,6.0,34.0,22.0,4449.0,1584.0,0.0,0.0,0.9385964912280702,2.0,0.5
0.0,3.0,2.0,3.0,2.0,362.0,144.0,0.0,0.0,0.6228070175438597,2.0,1024.0
0.0,7.0,6.0,21.0,2.0,1101.0,144.0,0.0,0.0,0.6228070175438597,2.0,128.0
18.0,3.0,5.0,12.0,41.0,3488.0,3072.0,0.0,0.0,0.956140350877193,1.0,0.00195312
7.0,7.0,6.0,43.0,19.0,6014.0,1488.0,0.0,0.0,0.9298245614035088,0.25,4.0
1.0,7.0,4.0,9.0,4.0,795.0,288.0,0.0,0.0,0.6228070175438597,2.0,32.0
10.0,3.0,11.0,139.0,26.0,15131.0,2032.0,0.0,0.0,0.9385964912280702,0.25,2.0
13.0,5.0,6.0,17.0,30.0,866.0,2240.0,0.0,0.0,0.9473684210526315,1.0,0.5
20.0,3.0,6.0,51.0,56.0,7130.0,4592.0,0.0,0.0,0.956140350877193,0.25,0.25
10.0,7.0,2.0,3.0,22.0,122.0,1584.0,0.0,0.0,0.9385964912280702,2.0,0.5
6.0,5.0,6.0,43.0,14.0,19838.0,1008.0,0.0,0.0,0.9385964912280702,2.0,4.0
1.0,5.0,6.0,48.0,4.0,6747.0,288.0,0.0,0.0,0.6228070175438597,2.0,64.0
16.0,7.0,5.0,14.0,43.0,758.0,3456.0,0.0,0.0,0.956140350877193,0.25,0.5
12.0,5.0,2.0,3.0,26.0,362.0,1872.0,0.0,0.0,0.9385964912280702,2.0,0.000976562
1.0,3.0,9.0,88.0,4.0,36649.0,288.0,0.0,0.0,0.6228070175438597,1.0,32.0
4.0,3.0,2.0,3.0,10.0,122.0,720.0,0.0,0.0,0.9298245614035088,2.0,8.0
16.0,3.0,6.0,51.0,37.0,3026.0,2784.0,0.0,0.0,0.956140350877193,1.0,0.125
0.0,3.0,2.0,3.0,2.0,170.0,144.0,0.0,0.0,0.6228070175438597,2.0,4096.0
12.0,7.0,5.0,14.0,26.0,758.0,1872.0,0.0,0.0,0.9385964912280702,2.0,0.000976562
1.0,7.0,6.0,35.0,4.0,1865.0,288.0,0.0,0.0,0.6228070175438597,2.0,64.0
16.0,5.0,2.0,3.0,43.0,122.0,3456.0,0.0,0.0,0.956140350877193,0.25,0.5
0.0,3.0,9.0,88.0,2.0,11305.0,144.0,0.0,0.0,0.6228070175438597,2.0,128.0
0.0,3.0,11.0,139.0,2.0,46811.0,144.0,0.0,0.0,0.6228070175438597,0.25,16384.0
13.0,7.0,4.0,9.0,30.0,2235.0,2240.0,0.0,0.0,0.9473684210526315,1.0,0.5
6.0,7.0,6.0,43.0,14.0,19838.0,1008.0,0.0,0.0,0.9385964912280702,2.0,4.0
10.0,5.0,6.0,39.0,22.0,2177.0,1584.0,0.0,0.0,0.9385964912280702,2.0,0.5
0.0,5.0,5.0,12.0,2.0,1184.0,144.0,0.0,0.0,0.6228070175438597,2.0,128.0
10.0,5.0,4.0,9.0,22.0,435.0,1584.0,0.0,0.0,0.9385964912280702,2.0,0.5
1.0,5.0,6.0,48.0,4.0,22299.0,288.0,0.0,0.0,0.6228070175438597,2.0,32.0
7.0,5.0,6.0,43.0,19.0,6014.0,1488.0,0.0,0.0,0.9298245614035088,0.25,4.0
0.0,3.0,2.0,3.0,2.0,122.0,144.0,0.0,0.0,0.6228070175438597,1.0,256.0
7.0,5.0,6.0,31.0,16.0,1665.0,1152.0,0.0,0.0,0.9385964912280702,2.0,2.0
0.0,7.0,6.0,51.0,2.0,23546.0,144.0,0.0,0.0,0.6228070175438597,2.0,16384.0
11.0,3.0,11.0,142.0,26.0,49711.0,1952.0,0.0,0.0,0.9385964912280702,1.0,1.0
0.0,7.0,6.0,27.0,2.0,3462.0,144.0,0.0,0.0,0.6228070175438597,2.0,512.0
1.0,7.0,2.0,3.0,4.0,122.0,288.0,0.0,0.0,0.6228070175438597,1.0,64.0
0.0,7.0,9.0,79.0,2.0,4174.0,144.0,0.0,0.0,0.6228070175438597,1.0,512.0
12.0,7.0,2.0,3.0,26.0,170.0,1872.0,0.0,0.0,0.9385964912280702,2.0,0.000976562
16.0,5.0,5.0,12.0,43.0,608.0,3456.0,0.0,0.0,0.956140350877193,0.25,0.5
0.0,3.0,2.0,3.0,2.0,122.0,144.0,0.0,0.0,0.6228070175438597,2.0,4096.0
0.0,3.0,2.0,3.0,2.0,170.0,144.0,0.0,0.0,0.6228070175438597,0.25,16384.0
2.0,7.0,6.0,34.0,6.0,14433.0,432.0,0.0,0.0,0.9035087719298246,0.25,32.0
9.0,5.0,6.0,35.0,41.0,3977.0,3792.0,0.0,0.0,0.956140350877193,0.25,0.0625
0.0,7.0,6.0,32.0,2.0,13347.0,144.0,0.0,0.0,0.6228070175438597,2.0,1024.0
2.0,5.0,6.0,31.0,6.0,1665.0,432.0,0.0,0.0,0.9035087719298246,2.0,16.0
13.0,7.0,2.0,3.0,30.0,362.0,2240.0,0.0,0.0,0.9473684210526315,1.0,0.5
10.0,5.0,10.0,109.0,22.0,5360.0,1584.0,0.0,0.0,0.9385964912280702,2.0,0.5
14.0,3.0,6.0,22.0,65.0,2530.0,6080.0,0.0,0.0,0.9649122807017544,0.25,0.000976562
12.0,5.0,2.0,3.0,34.0,122.0,2768.0,0.0,0.0,0.956140350877193,0.25,1.0
12.0,5.0,5.0,14.0,34.0,1598.0,2768.0,0.0,0.0,0.956140350877193,0.25,1.0
0.0,3.0,2.0,3.0,2.0,362.0,144.0,0.0,0.0,0.6228070175438597,2.0,16384.0
0.0,7.0,6.0,32.0,2.0,4131.0,144.0,0.0,0.0,0.6228070175438597,0.25,512.0
0.0,5.0,6.0,28.0,2.0,11167.0,144.0,0.0,0.0,0.6228070175438597,2.0,512.0
2.0,7.0,2.0,3.0,8.0,122.0,656.0,0.0,0.0,0.8947368421052632,0.25,16.0
12.0,3.0,2.0,3.0,26.0,170.0,1872.0,0.0,0.0,0.9385964912280702,2.0,0.00390625
0.0,3.0,2.0,3.0,2.0,122.0,144.0,0.0,0.0,0.6228070175438597,1.0,256.0
0.0,7.0,2.0,3.0,2.0,170.0,144.0,0.0,0.0,0.6228070175438597,2.0,16384.0
0.0,3.0,9.0,88.0,2.0,4969.0,144.0,0.0,0.0,0.6228070175438597,2.0,4096.0
16.0,5.0,2.0,3.0,37.0,170.0,2784.0,0.0,0.0,0.956140350877193,1.0,0.125
1.0,7.0,6.0,35.0,4.0,3977.0,288.0,0.0,0.0,0.6228070175438597,1.0,64.0
9.0,3.0,5.0,14.0,21.0,758.0,1552.0,0.0,0.0,0.9385964912280702,1.0,2.0
2.0,5.0,5.0,12.0,6.0,1184.0,432.0,0.0,0.0,0.9035087719298246,0.25,32.0
7.0,5.0,11.0,148.0,19.0,51318.0,1488.0,0.0,0.0,0.9298245614035088,0.25,4.0
7.0,3.0,6.0,46.0,16.0,6397.0,1152.0,0.0,0.0,0.9385964912280702,2.0,2.0
29.0,5.0,6.0,51.0,106.0,23546.0,9472.0,0.0,0.0,0.956140350877193,0.25,0.00390625
0.0,7.0,9.0,88.0,2.0,4969.0,144.0,0.0,0.0,0.6228070175438597,2.0,16384.0
0.0,7.0,2.0,3.0,2.0,170.0,144.0,0.0,0.0,0.6228070175438597,0.25,8192.0
0.0,7.0,2.0,3.0,2.0,122.0,144.0,0.0,0.0,0.6228070175438597,0.25,8192.0
12.0,3.0,10.0,109.0,26.0,31759.0,1872.0,0.0,0.0,0.9385964912280702,2.0,0.00195312
0.0,3.0,2.0,3.0,2.0,122.0,144.0,0.0,0.0,0.6228070175438597,0.25,32768.0
9.0,5.0,6.0,35.0,20.0,3977.0,1440.0,0.0,0.0,0.9385964912280702,2.0,1.0
23.0,5.0,6.0,32.0,67.0,13347.0,5584.0,0.0,0.0,0.956140350877193,0.25,0.125
14.0,5.0,11.0,146.0,33.0,7689.0,2496.0,0.0,0.0,0.9473684210526315,1.0,0.0625
12.0,7.0,6.0,22.0,26.0,2530.0,1872.0,0.0,0.0,0.9385964912280702,2.0,0.00390625
18.0,5.0,12.0,152.0,41.0,51465.0,3072.0,0.0,0.0,0.956140350877193,1.0,0.03125
26.0,3.0,10.0,124.0,80.0,14264.0,6800.0,0.0,0.0,0.956140350877193,0.25,0.0625
4.0,7.0,3.0,6.0,12.0,1234.0,944.0,0.0,0.0,0.9122807017543859,0.25,8.0
10.0,3.0,6.0,28.0,26.0,11167.0,2032.0,0.0,0.0,0.9385964912280702,0.25,2.0
0.0,5.0,2.0,3.0,2.0,170.0,144.0,0.0,0.0,0.6228070175438597,1.0,128.0
16.0,3.0,6.0,46.0,43.0,2725.0,3456.0,0.0,0.0,0.956140350877193,0.25,0.5
0.0,7.0,2.0,3.0,2.0,170.0,144.0,0.0,0.0,0.6228070175438597,0.25,8192.0
31.0,3.0,2.0,3.0,107.0,170.0,9424.0,0.0,0.0,0.956140350877193,0.25,0.0078125
15.0,7.0,2.0,3.0,34.0,170.0,2528.0,0.0,0.0,0.956140350877193,1.0,0.25
3.0,3.0,9.0,65.0,8.0,14966.0,576.0,0.0,0.0,0.9035087719298246,1.0,16.0
0.0,7.0,2.0,3.0,2.0,362.0,144.0,0.0,0.0,0.6228070175438597,2.0,32768.0
4.0,7.0,2.0,3.0,12.0,362.0,944.0,0.0,0.0,0.9122807017543859,0.25,8.0
0.0,3.0,12.0,150.0,2.0,7916.0,144.0,0.0,0.0,0.6228070175438597,1.0,512.0
4.0,7.0,5.0,14.0,10.0,758.0,720.0,0.0,0.0,0.9298245614035088,2.0,8.0
1.0,3.0,6.0,17.0,4.0,1706.0,288.0,0.0,0.0,0.6228070175438597,0.25,64.0
18.0,7.0,5.0,12.0,41.0,564.0,3072.0,0.0,0.0,0.956140350877193,1.0,0.00195312
4.0,5.0,2.0,3.0,10.0,362.0,720.0,0.0,0.0,0.9298245614035088,1.0,8.0
7.0,3.0,6.0,29.0,16.0,1668.0,1152.0,0.0,0.0,0.9385964912280702,2.0,2.0
32.0,5.0,7.0,55.0,112.0,21360.0,9904.0,0.0,0.0,0.956140350877193,0.25,0.00390625
32.0,7.0,10.0,124.0,117.0,44888.0,10464.0,0.0,0.0,0.956140350877193,0.25,0.000976562
1.0,5.0,2.0,3.0,4.0,170.0,288.0,0.0,0.0,0.6228070175438597,1.0,32.0
14.0,7.0,7.0,55.0,33.0,3000.0,2496.0,0.0,0.0,0.9473684210526315,1.0,0.03125
0.0,3.0,5.0,12.0,2.0,564.0,144.0,0.0,0.0,0.6228070175438597,0.25,32768.0
23.0,5.0,3.0,6.0,67.0,1234.0,5584.0,0.0,0.0,0.956140350877193,0.25,0.125
0.0,3.0,6.0,51.0,2.0,3026.0,144.0,0.0,0.0,0.6228070175438597,1.0,512.0
0.0,7.0,2.0,3.0,2.0,170.0,144.0,0.0,0.0,0.6228070175438597,2.0,256.0
0.0,5.0,11.0,148.0,2.0,16470.0,144.0,0.0,0.0,0.6228070175438597,1.0,4096.0
10.0,3.0,2.0,3.0,26.0,170.0,2032.0,0.0,0.0,0.9385964912280702,0.25,2.0
0.0,5.0,6.0,34.0,2.0,4449.0,144.0,0.0,0.0,0.6228070175438597,1.0,128.0
2.0,3.0,6.0,34.0,6.0,14433.0,432.0,0.0,0.0,0.9035087719298246,2.0,16.0
18.0,5.0,2.0,3.0,41.0,170.0,3072.0,0.0,0.0,0.956140350877193,1.0,0.015625
3.0,3.0,6.0,29.0,8.0,1668.0,576.0,0.0,0.0,0.9035087719298246,1.0,16.0
4.0,5.0,2.0,3.0,10.0,122.0,720.0,0.0,0.0,0.9298245614035088,2.0,8.0
16.0,5.0,6.0,34.0,37.0,4449.0,2784.0,0.0,0.0,0.956140350877193,1.0,0.125
0.0,7.0,2.0,3.0,2.0,362.0,144.0,0.0,0.0,0.6228070175438597,0.25,32768.0
31.0,5.0,3.0,6.0,108.0,274.0,9536.0,0.0,0.0,0.956140350877193,0.25,0.0078125
4.0,7.0,2.0,3.0,12.0,122.0,944.0,0.0,0.0,0.9122807017543859,0.25,8.0
12.0,5.0,2.0,3.0,26.0,362.0,1872.0,0.0,0.0,0.9385964912280702,2.0,0.00195312
0.0,7.0,2.0,3.0,2.0,362.0,144.0,0.0,0.0,0.6228070175438597,2.0,32768.0
4.0,7.0,2.0,3.0,10.0,362.0,720.0,0.0,0.0,0.9298245614035088,2.0,8.0
26.0,7.0,2.0,3.0,80.0,122.0,6800.0,0.0,0.0,0.956140350877193,0.25,0.0625
0.0,3.0,6.0,35.0,2.0,4228.0,144.0,0.0,0.0,0.6228070175438597,2.0,8192.0
0.0,3.0,2.0,3.0,2.0,170.0,144.0,0.0,0.0,0.6228070175438597,1.0,512.0
0.0,5.0,6.0,29.0,2.0,1668.0,144.0,0.0,0.0,0.6228070175438597,2.0,8192.0
0.0,7.0,7.0,46.0,2.0,5237.0,144.0,0.0,0.0,0.6228070175438597,2.0,2048.0
14.0,7.0,7.0,55.0,33.0,3000.0,2496.0,0.0,0.0,0.9473684210526315,1.0,0.015625
4.0,5.0,2.0,3.0,10.0,170.0,720.0,0.0,0.0,0.9298245614035088,1.0,8.0
18.0,7.0,2.0,3.0,41.0,170.0,3072.0,0.0,0.0,0.956140350877193,1.0,0.00195312
4.0,3.0,3.0,6.0,12.0,466.0,944.0,0.0,0.0,0.9122807017543859,0.25,8.0
12.0,5.0,3.0,6.0,26.0,1234.0,1872.0,0.0,0.0,0.9385964912280702,2.0,0.015625
12.0,7.0,4.0,9.0,26.0,2235.0,1872.0,0.0,0.0,0.9385964912280702,2.0,0.015625
0.0,5.0,6.0,43.0,2.0,2558.0,144.0,0.0,0.0,0.6228070175438597,1.0,256.0
10.0,3.0,12.0,152.0,22.0,51465.0,1584.0,0.0,0.0,0.9385964912280702,2.0,0.5
0.0,3.0,6.0,22.0,2.0,1186.0,144.0,0.0,0.0,0.6228070175438597,1.0,512.0
0.0,7.0,11.0,143.0,2.0,16310.0,144.0,0.0,0.0,0.6228070175438597,2.0,128.0
12.0,5.0,3.0,6.0,26.0,466.0,1872.0,0.0,0.0,0.9385964912280702,2.0,0.0078125
1.0,3.0,2.0,3.0,4.0,122.0,288.0,0.0,0.0,0.6228070175438597,2.0,64.0
0.0,3.0,2.0,3.0,2.0,362.0,144.0,0.0,0.0,0.6228070175438597,2.0,16384.0
11.0,5.0,2.0,3.0,26.0,170.0,1952.0,0.0,0.0,0.9385964912280702,1.0,1.0
0.0,3.0,2.0,3.0,2.0,122.0,144.0,0.0,0.0,0.6228070175438597,0.25,8192.0
0.0,7.0,6.0,42.0,2.0,18655.0,144.0,0.0,0.0,0.6228070175438597,2.0,1024.0
0.0,7.0,9.0,88.0,2.0,11305.0,144.0,0.0,0.0,0.6228070175438597,0.25,512.0
0.0,7.0,4.0,9.0,2.0,435.0,144.0,0.0,0.0,0.6228070175438597,0.25,32768.0
0.0,5.0,6.0,51.0,2.0,7130.0,144.0,0.0,0.0,0.6228070175438597,0.25,2048.0
10.0,3.0,6.0,35.0,22.0,1865.0,1584.0,0.0,0.0,0.9385964912280702,2.0,0.5
12.0,5.0,2.0,3.0,34.0,170.0,2768.0,0.0,0.0,0.956140350877193,0.25,1.0
0.0,5.0,2.0,3.0,2.0,362.0,144.0,0.0,0.0,0.6228070175438597,2.0,4096.0
16.0,3.0,11.0,142.0,43.0,15919.0,3456.0,0.0,0.0,0.956140350877193,0.25,0.5
1.0,7.0,5.0,12.0,4.0,608.0,288.0,0.0,0.0,0.6228070175438597,1.0,32.0
2.0,7.0,5.0,14.0,6.0,1598.0,432.0,0.0,0.0,0.9035087719298246,0.25,32.0
15.0,3.0,6.0,46.0,34.0,6397.0,2528.0,0.0,0.0,0.956140350877193,1.0,0.25
0.0,5.0,2.0,3.0,2.0,362.0,144.0,0.0,0.0,0.6228070175438597,0.25,16384.0
1.0,5.0,6.0,17.0,4.0,5066.0,288.0,0.0,0.0,0.6228070175438597,2.0,32.0
0.0,5.0,6.0,34.0,2.0,4449.0,144.0,0.0,0.0,0.6228070175438597,1.0,256.0
16.0,3.0,2.0,3.0,37.0,122.0,2784.0,0.0,0.0,0.956140350877193,1.0,0.125
0.0,5.0,2.0,3.0,2.0,122.0,144.0,0.0,0.0,0.6228070175438597,1.0,2048.0
0.0,5.0,5.0,14.0,2.0,4958.0,144.0,0.0,0.0,0.6228070175438597,2.0,8192.0
9.0,7.0,10.0,106.0,46.0,41476.0,4352.0,0.0,0.0,0.9649122807017544,0.25,0.000976562
0.0,7.0,6.0,42.0,2.0,18655.0,144.0,0.0,0.0,0.6228070175438597,2.0,1024.0
0.0,5.0,2.0,3.0,2.0,362.0,144.0,0.0,0.0,0.6228070175438597,0.25,16384.0
4.0,3.0,6.0,51.0,10.0,23546.0,720.0,0.0,0.0,0.9298245614035088,1.0,8.0
4.0,5.0,5.0,14.0,12.0,1598.0,944.0,0.0,0.0,0.9122807017543859,0.25,8.0
0.0,7.0,6.0,17.0,2.0,866.0,144.0,0.0,0.0,0.6228070175438597,0.25,16384.0
33.0,3.0,2.0,3.0,116.0,170.0,10272.0,0.0,0.0,0.956140350877193,0.25,0.000976562
2.0,3.0,4.0,9.0,8.0,795.0,656.0,0.0,0.0,0.8947368421052632,0.25,16.0
10.0,3.0,6.0,22.0,22.0,1186.0,1584.0,0.0,0.0,0.9385964912280702,2.0,0.5
0.0,7.0,6.0,25.0,2.0,2885.0,144.0,0.0,0.0,0.6228070175438597,2.0,8192.0
16.0,3.0,11.0,136.0,43.0,15035.0,3456.0,0.0,0.0,0.956140350877193,0.25,0.5
16.0,7.0,6.0,28.0,43.0,1567.0,3456.0,0.0,0.0,0.956140350877193,0.25,0.5
28.0,7.0,2.0,3.0,93.0,362.0,8096.0,0.0,0.0,0.956140350877193,0.25,0.03125
0.0,5.0,2.0,3.0,2.0,362.0,144.0,0.0,0.0,0.6228070175438597,2.0,4096.0
0.0,5.0,2.0,3.0,2.0,362.0,144.0,0.0,0.0,0.6228070175438597,0.25,16384.0
32.0,5.0,2.0,3.0,114.0,122.0,10128.0,0.0,0.0,0.956140350877193,0.25,0.00195312
0.0,5.0,6.0,27.0,2.0,3462.0,144.0,0.0,0.0,0.6228070175438597,2.0,128.0
2.0,3.0,9.0,88.0,8.0,11305.0,656.0,0.0,0.0,0.8947368421052632,0.25,16.0
1.0,7.0,6.0,34.0,4.0,1953.0,288.0,0.0,0.0,0.6228070175438597,1.0,32.0
18.0,3.0,6.0,35.0,41.0,1865.0,3072.0,0.0,0.0,0.956140350877193,1.0,0.000976562
0.0,3.0,2.0,3.0,2.0,170.0,144.0,0.0,0.0,0.6228070175438597,1.0,256.0
0.0,5.0,7.0,55.0,2.0,3000.0,144.0,0.0,0.0,0.6228070175438597,1.0,512.0
0.0,5.0,6.0,42.0,2.0,5695.0,144.0,0.0,0.0,0.6228070175438597,0.25,2048.0
0.0,3.0,6.0,34.0,2.0,14433.0,144.0,0.0,0.0,0.6228070175438597,2.0,8192.0
10.0,5.0,6.0,51.0,26.0,7130.0,2032.0,0.0,0.0,0.9385964912280702,0.25,2.0
4.0,3.0,6.0,17.0,10.0,5066.0,720.0,0.0,0.0,0.9298245614035088,1.0,8.0
23.0,3.0,10.0,106.0,67.0,5836.0,5584.0,0.0,0.0,0.956140350877193,0.25,0.125
0.0,5.0,5.0,12.0,2.0,608.0,144.0,0.0,0.0,0.6228070175438597,0.25,1024.0
32.0,7.0,2.0,3.0,114.0,362.0,10128.0,0.0,0.0,0.956140350877193,0.25,0.00195312
16.0,5.0,6.0,43.0,37.0,19838.0,2784.0,0.0,0.0,0.956140350877193,1.0,0.125
3.0,5.0,11.0,141.0,8.0,7436.0,576.0,0.0,0.0,0.9035087719298246,1.0,16.0
18.0,7.0,6.0,17.0,41.0,5066.0,3072.0,0.0,0.0,0.956140350877193,1.0,0.000976562
19.0,7.0,2.0,3.0,80.0,362.0,7360.0,0.0,0.0,0.956140350877193,0.25,0.0078125
23.0,3.0,5.0,14.0,67.0,4958.0,5584.0,0.0,0.0,0.956140350877193,0.25,0.125
0.0,3.0,3.0,6.0,2.0,274.0,144.0,0.0,0.0,0.6228070175438597,1.0,512.0
0.0,5.0,2.0,3.0,2.0,122.0,144.0,0.0,0.0,0.6228070175438597,0.25,32768.0
11.0,7.0,5.0,14.0,24.0,1598.0,1728.0,0.0,0.0,0.9385964912280702,2.0,0.0625
0.0,3.0,6.0,51.0,2.0,23546.0,144.0,0.0,0.0,0.6228070175438597,1.0,128.0
10.0,5.0,2.0,3.0,26.0,122.0,2032.0,0.0,0.0,0.9385964912280702,0.25,2.0
28.0,5.0,6.0,34.0,93.0,14433.0,8096.0,0.0,0.0,0.956140350877193,0.25,0.03125
32.0,3.0,7.0,55.0,112.0,6672.0,9904.0,0.0,0.0,0.956140350877193,0.25,0.00390625
7.0,5.0,2.0,3.0,16.0,122.0,1152.0,0.0,0.0,0.9385964912280702,2.0,2.0
32.0,7.0,4.0,9.0,117.0,2235.0,10464.0,0.0,0.0,0.956140350877193,0.25,0.000976562
9.0,7.0,4.0,9.0,21.0,795.0,1552.0,0.0,0.0,0.9385964912280702,1.0,2.0
1.0,7.0,6.0,39.0,4.0,15617.0,288.0,0.0,0.0,0.6228070175438597,0.25,64.0
0.0,5.0,9.0,60.0,2.0,5194.0,144.0,0.0,0.0,0.6228070175438597,1.0,512.0
0.0,3.0,2.0,3.0,2.0,362.0,144.0,0.0,0.0,0.6228070175438597,1.0,8192.0
23.0,5.0,7.0,46.0,67.0,5237.0,5584.0,0.0,0.0,0.956140350877193,0.25,0.125
4.0,3.0,7.0,46.0,10.0,5237.0,720.0,0.0,0.0,0.9298245614035088,1.0,8.0
10.0,3.0,6.0,29.0,26.0,3780.0,2032.0,0.0,0.0,0.9385964912280702,0.25,2.0
15.0,7.0,10.0,89.0,34.0,4274.0,2528.0,0.0,0.0,0.956140350877193,1.0,0.25
13.0,3.0,2.0,3.0,30.0,362.0,2240.0,0.0,0.0,0.9473684210526315,1.0,0.5
3.0,5.0,2.0,3.0,8.0,122.0,576.0,0.0,0.0,0.9035087719298246,1.0,16.0
2.0,3.0,2.0,3.0,6.0,170.0,432.0,0.0,0.0,0.9035087719298246,0.25,32.0
29.0,7.0,5.0,12.0,107.0,2724.0,9584.0,0.0,0.0,0.956140350877193,0.25,0.00195312
2.0,7.0,2.0,3.0,6.0,122.0,432.0,0.0,0.0,0.9035087719298246,2.0,16.0
9.0,3.0,2.0,3.0,23.0,362.0,1776.0,0.0,0.0,0.956140350877193,1.0,0.03125
18.0,7.0,6.0,34.0,41.0,1953.0,3072.0,0.0,0.0,0.956140350877193,1.0,0.000976562
17.0,7.0,3.0,6.0,39.0,1234.0,2928.0,0.0,0.0,0.956140350877193,1.0,0.0625
15.0,5.0,2.0,3.0,34.0,122.0,2528.0,0.0,0.0,0.956140350877193,1.0,0.25
0.0,3.0,6.0,46.0,2.0,6397.0,144.0,0.0,0.0,0.6228070175438597,2.0,256.0
19.0,3.0,6.0,34.0,59.0,14433.0,5008.0,0.0,0.0,0.956140350877193,0.25,0.125
0.0,5.0,7.0,55.0,2.0,6672.0,144.0,0.0,0.0,0.6228070175438597,0.25,32768.0
31.0,7.0,3.0,6.0,108.0,1234.0,9536.0,0.0,0.0,0.956140350877193,0.25,0.0078125
9.0,5.0,2.0,3.0,20.0,122.0,1440.0,0.0,0.0,0.9385964912280702,2.0,1.0
0.0,3.0,2.0,3.0,2.0,122.0,144.0,0.0,0.0,0.6228070175438597,1.0,128.0
0.0,3.0,2.0,3.0,2.0,122.0,144.0,0.0,0.0,0.6228070175438597,1.0,128.0
0.0,5.0,6.0,39.0,2.0,15617.0,144.0,0.0,0.0,0.6228070175438597,0.25,512.0
12.0,7.0,6.0,29.0,26.0,3780.0,1872.0,0.0,0.0,0.9385964912280702,2.0,0.00390625
10.0,5.0,6.0,19.0,26.0,6916.0,2032.0,0.0,0.0,0.9385964912280702,0.25,2.0
3.0,3.0,6.0,29.0,8.0,3780.0,576.0,0.0,0.0,0.9035087719298246,1.0,16.0
19.0,3.0,2.0,3.0,81.0,170.0,7472.0,0.0,0.0,0.956140350877193,0.25,0.00390625
7.0,5.0,3.0,6.0,16.0,466.0,1152.0,0.0,0.0,0.9385964912280702,2.0,2.0
11.0,7.0,6.0,25.0,24.0,2885.0,1728.0,0.0,0.0,0.9385964912280702,2.0,0.125
9.0,3.0,6.0,35.0,23.0,1924.0,1776.0,0.0,0.0,0.956140350877193,1.0,0.015625
0.0,7.0,2.0,3.0,2.0,362.0,144.0,0.0,0.0,0.6228070175438597,0.25,1024.0
0.0,3.0,2.0,3.0,2.0,122.0,144.0,0.0,0.0,0.6228070175438597,0.25,512.0
4.0,5.0,6.0,22.0,10.0,2530.0,720.0,0.0,0.0,0.9298245614035088,2.0,0.0625
0.0,7.0,2.0,3.0,2.0,362.0,144.0,0.0,0.0,0.6228070175438597,0.25,8192.0
11.0,5.0,2.0,3.0,24.0,362.0,1728.0,0.0,0.0,0.9385964912280702,2.0,0.25
9.0,7.0,3.0,6.0,21.0,1234.0,1552.0,0.0,0.0,0.9385964912280702,1.0,2.0
32.0,7.0,5.0,19.0,114.0,5121.0,10128.0,0.0,0.0,0.956140350877193,0.25,0.00195312
0.0,5.0,3.0,6.0,2.0,274.0,144.0,0.0,0.0,0.6228070175438597,0.25,512.0
0.0,7.0,6.0,25.0,2.0,1349.0,144.0,0.0,0.0,0.6228070175438597,1.0,1024.0
0.0,3.0,6.0,34.0,2.0,14433.0,144.0,0.0,0.0,0.6228070175438597,1.0,16384.0
11.0,7.0,6.0,51.0,24.0,7130.0,1728.0,0.0,0.0,0.9385964912280702,2.0,0.125
9.0,3.0,4.0,9.0,20.0,795.0,1440.0,0.0,0.0,0.9385964912280702,2.0,0.0625
32.0,7.0,4.0,9.0,114.0,435.0,10128.0,0.0,0.0,0.956140350877193,0.25,0.00195312
0.0,5.0,2.0,3.0,2.0,122.0,144.0,0.0,0.0,0.6228070175438597,0.25,4096.0
15.0,3.0,6.0,51.0,34.0,23546.0,2528.0,0.0,0.0,0.956140350877193,1.0,0.25
0.0,5.0,2.0,3.0,2.0,170.0,144.0,0.0,0.0,0.6228070175438597,1.0,8192.0
16.0,3.0,2.0,3.0,37.0,122.0,2784.0,0.0,0.0,0.956140350877193,1.0,0.125
0.0,3.0,6.0,19.0,2.0,1036.0,144.0,0.0,0.0,0.6228070175438597,1.0,128.0
9.0,7.0,6.0,25.0,34.0,9029.0,3008.0,0.0,0.0,0.956140350877193,0.25,0.25
0.0,3.0,2.0,3.0,2.0,362.0,144.0,0.0,0.0,0.6228070175438597,0.25,128.0
13.0,5.0,2.0,3.0,30.0,170.0,2240.0,0.0,0.0,0.9473684210526315,1.0,0.5
10.0,5.0,6.0,43.0,26.0,19838.0,2032.0,0.0,0.0,0.9385964912280702,0.25,2.0
0.0,7.0,9.0,73.0,2.0,29249.0,144.0,0.0,0.0,0.6228070175438597,1.0,128.0
0.0,5.0,2.0,3.0,2.0,362.0,144.0,0.0,0.0,0.6228070175438597,1.0,8192.0
12.0,7.0,2.0,3.0,26.0,122.0,1872.0,0.0,0.0,0.9385964912280702,2.0,0.0078125
30.0,7.0,7.0,55.0,102.0,6672.0,8944.0,0.0,0.0,0.956140350877193,0.25,0.015625
0.0,7.0,2.0,3.0,2.0,122.0,144.0,0.0,0.0,0.6228070175438597,0.25,1024.0
14.0,3.0,11.0,142.0,33.0,49711.0,2496.0,0.0,0.0,0.9473684210526315,1.0,0.0078125
11.0,7.0,6.0,19.0,24.0,1036.0,1728.0,0.0,0.0,0.9385964912280702,2.0,0.25
7.0,3.0,6.0,25.0,19.0,1349.0,1488.0,0.0,0.0,0.9298245614035088,0.25,4.0
0.0,5.0,6.0,51.0,2.0,3026.0,144.0,0.0,0.0,0.6228070175438597,0.25,512.0
14.0,5.0,6.0,32.0,62.0,1827.0,5744.0,0.0,0.0,0.956140350877193,0.25,0.015625
10.0,5.0,2.0,3.0,22.0,170.0,1584.0,0.0,0.0,0.9385964912280702,2.0,0.5
18.0,7.0,9.0,73.0,41.0,9089.0,3072.0,0.0,0.0,0.956140350877193,1.0,0.0078125
0.0,3.0,6.0,32.0,2.0,1827.0,144.0,0.0,0.0,0.6228070175438597,1.0,16384.0
23.0,3.0,6.0,27.0,67.0,3462.0,5584.0,0.0,0.0,0.956140350877193,0.25,0.125
1.0,7.0,6.0,19.0,4.0,1036.0,288.0,0.0,0.0,0.6228070175438597,2.0,64.0
0.0,5.0,6.0,27.0,2.0,11142.0,144.0,0.0,0.0,0.6228070175438597,0.25,4096.0
16.0,3.0,6.0,34.0,37.0,4449.0,2784.0,0.0,0.0,0.956140350877193,1.0,0.125
6.0,7.0,2.0,3.0,14.0,362.0,1008.0,0.0,0.0,0.9385964912280702,2.0,4.0
0.0,3.0,6.0,34.0,2.0,14433.0,144.0,0.0,0.0,0.6228070175438597,0.25,128.0
18.0,5.0,11.0,146.0,41.0,7690.0,3072.0,0.0,0.0,0.956140350877193,1.0,0.000976562
0.0,3.0,5.0,14.0,2.0,4958.0,144.0,0.0,0.0,0.6228070175438597,1.0,8192.0
0.0,3.0,12.0,150.0,2.0,7916.0,144.0,0.0,0.0,0.6228070175438597,0.25,1024.0
23.0,5.0,6.0,35.0,67.0,4228.0,5584.0,0.0,0.0,0.956140350877193,0.25,0.125
0.0,3.0,7.0,46.0,2.0,2429.0,144.0,0.0,0.0,0.6228070175438597,1.0,2048.0
0.0,3.0,6.0,34.0,2.0,14433.0,144.0,0.0,0.0,0.6228070175438597,1.0,16384.0
6.0,3.0,6.0,43.0,14.0,19838.0,1008.0,0.0,0.0,0.9385964912280702,2.0,4.0
26.0,7.0,2.0,3.0,80.0,170.0,6800.0,0.0,0.0,0.956140350877193,0.25,0.0625
0.0,7.0,2.0,3.0,2.0,170.0,144.0,0.0,0.0,0.6228070175438597,0.25,1024.0
16.0,3.0,2.0,3.0,43.0,362.0,3456.0,0.0,0.0,0.956140350877193,0.25,0.5
12.0,7.0,5.0,14.0,26.0,4958.0,1872.0,0.0,0.0,0.9385964912280702,2.0,0.0078125
0.0,3.0,11.0,143.0,2.0,51158.0,144.0,0.0,0.0,0.6228070175438597,0.25,128.0
0.0,5.0,5.0,14.0,2.0,758.0,144.0,0.0,0.0,0.6228070175438597,0.25,256.0
16.0,5.0,6.0,34.0,43.0,1953.0,3456.0,0.0,0.0,0.956140350877193,0.25,0.5
0.0,7.0,7.0,46.0,2.0,16469.0,144.0,0.0,0.0,0.6228070175438597,2.0,16384.0
0.0,3.0,2.0,3.0,2.0,122.0,144.0,0.0,0.0,0.6228070175438597,2.0,128.0
9.0,7.0,6.0,21.0,20.0,1101.0,1440.0,0.0,0.0,0.9385964912280702,2.0,0.125
32.0,3.0,2.0,3.0,113.0,362.0,10016.0,0.0,0.0,0.956140350877193,0.25,0.00195312
6.0,3.0,6.0,39.0,14.0,15617.0,1008.0,0.0,0.0,0.9385964912280702,2.0,4.0
0.0,5.0,2.0,3.0,2.0,122.0,144.0,0.0,0.0,0.6228070175438597,1.0,1024.0
31.0,7.0,6.0,34.0,108.0,1953.0,9536.0,0.0,0.0,0.956140350877193,0.25,0.0078125
1.0,5.0,3.0,6.0,4.0,1234.0,288.0,0.0,0.0,0.6228070175438597,1.0,64.0
4.0,3.0,2.0,3.0,13.0,122.0,1056.0,0.0,0.0,0.9385964912280702,1.0,0.00390625
0.0,3.0,6.0,46.0,2.0,6397.0,144.0,0.0,0.0,0.6228070175438597,1.0,32768.0
4.0,3.0,2.0,3.0,12.0,362.0,944.0,0.0,0.0,0.9473684210526315,1.0,0.25
9.0,3.0,2.0,3.0,20.0,170.0,1440.0,0.0,0.0,0.9385964912280702,2.0,0.015625
11.0,3.0,6.0,51.0,24.0,7130.0,1728.0,0.0,0.0,0.9385964912280702,2.0,0.25
9.0,5.0,3.0,6.0,23.0,1234.0,1776.0,0.0,0.0,0.956140350877193,1.0,0.00390625
0.0,7.0,2.0,3.0,2.0,362.0,144.0,0.0,0.0,0.6228070175438597,0.25,128.0
1.0,7.0,10.0,106.0,4.0,12964.0,288.0,0.0,0.0,0.6228070175438597,0.25,64.0
18.0,7.0,7.0,55.0,41.0,6672.0,3072.0,0.0,0.0,0.956140350877193,1.0,0.015625
6.0,7.0,3.0,6.0,15.0,466.0,1120.0,0.0,0.0,0.9385964912280702,1.0,4.0
0.0,3.0,2.0,3.0,2.0,122.0,144.0,0.0,0.0,0.6228070175438597,0.25,8192.0
12.0,7.0,6.0,34.0,26.0,4449.0,1872.0,0.0,0.0,0.9385964912280702,2.0,0.03125
0.0,3.0,11.0,143.0,2.0,51158.0,144.0,0.0,0.0,0.6228070175438597,2.0,8192.0
0.0,7.0,2.0,3.0,2.0,122.0,144.0,0.0,0.0,0.6228070175438597,1.0,4096.0
6.0,5.0,2.0,3.0,14.0,122.0,1008.0,0.0,0.0,0.9385964912280702,2.0,4.0
15.0,7.0,2.0,3.0,34.0,170.0,2528.0,0.0,0.0,0.956140350877193,1.0,0.25
7.0,5.0,2.0,3.0,19.0,362.0,1488.0,0.0,0.0,0.9298245614035088,0.25,4.0
11.0,7.0,6.0,32.0,24.0,13347.0,1728.0,0.0,0.0,0.9385964912280702,2.0,0.0625
16.0,5.0,6.0,28.0,37.0,3487.0,2784.0,0.0,0.0,0.956140350877193,1.0,0.125
9.0,3.0,6.0,32.0,28.0,13347.0,2336.0,0.0,0.0,0.956140350877193,0.25,1.0
2.0,5.0,2.0,3.0,6.0,122.0,432.0,0.0,0.0,0.9035087719298246,2.0,16.0
0.0,5.0,7.0,46.0,2.0,5237.0,144.0,0.0,0.0,0.6228070175438597,0.25,256.0
9.0,3.0,6.0,46.0,20.0,6397.0,1440.0,0.0,0.0,0.9385964912280702,2.0,0.00390625
0.0,5.0,11.0,141.0,2.0,7436.0,144.0,0.0,0.0,0.6228070175438597,1.0,1024.0
12.0,7.0,6.0,51.0,26.0,23546.0,1872.0,0.0,0.0,0.9385964912280702,2.0,0.000976562
0.0,7.0,2.0,3.0,2.0,170.0,144.0,0.0,0.0,0.6228070175438597,2.0,2048.0
0.0,3.0,6.0,51.0,2.0,7130.0,144.0,0.0,0.0,0.6228070175438597,1.0,32768.0
2.0,5.0,7.0,46.0,8.0,16469.0,656.0,0.0,0.0,0.8947368421052632,0.25,16.0
0.0,3.0,8.0,58.0,2.0,2971.0,144.0,0.0,0.0,0.6228070175438597,0.25,2048.0
11.0,3.0,5.0,14.0,26.0,758.0,1952.0,0.0,0.0,0.9385964912280702,1.0,1.0
6.0,7.0,3.0,6.0,15.0,1234.0,1120.0,0.0,0.0,0.9385964912280702,1.0,4.0
6.0,5.0,2.0,3.0,14.0,170.0,1008.0,0.0,0.0,0.9385964912280702,2.0,4.0
32.0,3.0,2.0,3.0,113.0,362.0,10016.0,0.0,0.0,0.956140350877193,0.25,0.00195312
0.0,7.0,2.0,3.0,2.0,122.0,144.0,0.0,0.0,0.6228070175438597,1.0,4096.0
9.0,5.0,6.0,51.0,45.0,23546.0,4240.0,0.0,0.0,0.956140350877193,0.25,0.03125
11.0,3.0,6.0,31.0,26.0,11265.0,1952.0,0.0,0.0,0.9385964912280702,1.0,1.0
12.0,3.0,3.0,6.0,26.0,274.0,1872.0,0.0,0.0,0.9385964912280702,2.0,0.0078125
12.0,5.0,2.0,3.0,26.0,362.0,1872.0,0.0,0.0,0.9385964912280702,2.0,0.0078125
7.0,5.0,6.0,25.0,19.0,1349.0,1488.0,0.0,0.0,0.9298245614035088,0.25,4.0
2.0,7.0,2.0,3.0,6.0,122.0,432.0,0.0,0.0,0.9035087719298246,0.25,32.0
1.0,5.0,2.0,3.0,4.0,362.0,288.0,0.0,0.0,0.6228070175438597,2.0,32.0
0.0,7.0,6.0,29.0,2.0,3780.0,144.0,0.0,0.0,0.6228070175438597,0.25,128.0
12.0,5.0,2.0,3.0,34.0,170.0,2768.0,0.0,0.0,0.956140350877193,0.25,1.0
11.0,7.0,2.0,3.0,24.0,170.0,1728.0,0.0,0.0,0.9385964912280702,2.0,0.0625
0.0,3.0,2.0,3.0,2.0,170.0,144.0,0.0,0.0,0.6228070175438597,1.0,16384.0
31.0,3.0,6.0,27.0,107.0,1542.0,9424.0,0.0,0.0,0.956140350877193,0.25,0.0078125
18.0,7.0,2.0,3.0,41.0,122.0,3072.0,0.0,0.0,0.956140350877193,1.0,0.015625
16.0,5.0,6.0,34.0,37.0,14433.0,2784.0,0.0,0.0,0.956140350877193,1.0,0.125
18.0,5.0,2.0,3.0,41.0,362.0,3072.0,0.0,0.0,0.956140350877193,1.0,0.000976562
0.0,5.0,2.0,3.0,2.0,122.0,144.0,0.0,0.0,0.6228070175438597,0.25,128.0
12.0,7.0,5.0,12.0,34.0,996.0,2768.0,0.0,0.0,0.956140350877193,0.25,1.0
0.0,7.0,6.0,21.0,2.0,6981.0,144.0,0.0,0.0,0.6228070175438597,1.0,2048.0
0.0,3.0,6.0,35.0,2.0,1924.0,144.0,0.0,0.0,0.6228070175438597,0.25,4096.0
18.0,7.0,9.0,66.0,41.0,5399.0,3072.0,0.0,0.0,0.956140350877193,1.0,0.03125
14.0,3.0,6.0,35.0,44.0,1924.0,3728.0,0.0,0.0,0.956140350877193,0.25,0.25
4.0,3.0,6.0,19.0,10.0,2212.0,720.0,0.0,0.0,0.9298245614035088,2.0,0.5
1.0,7.0,11.0,146.0,4.0,7690.0,288.0,0.0,0.0,0.6228070175438597,2.0,64.0
0.0,5.0,2.0,3.0,2.0,362.0,144.0,0.0,0.0,0.6228070175438597,2.0,16384.0
7.0,3.0,4.0,9.0,19.0,2235.0,1488.0,0.0,0.0,0.9298245614035088,0.25,4.0
0.0,3.0,6.0,34.0,2.0,1953.0,144.0,0.0,0.0,0.6228070175438597,0.25,512.0
1.0,3.0,6.0,34.0,4.0,4449.0,288.0,0.0,0.0,0.6228070175438597,1.0,32.0
9.0,7.0,6.0,25.0,23.0,2885.0,1776.0,0.0,0.0,0.956140350877193,1.0,0.0078125
0.0,7.0,3.0,6.0,2.0,466.0,144.0,0.0,0.0,0.6228070175438597,1.0,1024.0
0.0,7.0,2.0,3.0,2.0,362.0,144.0,0.0,0.0,0.6228070175438597,2.0,32768.0
0.0,5.0,2.0,3.0,2.0,122.0,144.0,0.0,0.0,0.6228070175438597,1.0,16384.0
10.0,5.0,6.0,27.0,22.0,11142.0,1584.0,0.0,0.0,0.9385964912280702,2.0,0.5
12.0,3.0,11.0,146.0,26.0,7690.0,1872.0,0.0,0.0,0.9385964912280702,2.0,0.000976562
16.0,5.0,7.0,55.0,37.0,6672.0,2784.0,0.0,0.0,0.956140350877193,1.0,0.125
0.0,7.0,2.0,3.0,2.0,170.0,144.0,0.0,0.0,0.6228070175438597,1.0,512.0
1.0,7.0,2.0,3.0,4.0,362.0,288.0,0.0,0.0,0.6228070175438597,2.0,32.0
0.0,3.0,3.0,6.0,2.0,466.0,144.0,0.0,0.0,0.6228070175438597,1.0,128.0
0.0,5.0,5.0,19.0,2.0,921.0,144.0,0.0,0.0,0.6228070175438597,0.25,128.0
18.0,5.0,6.0,19.0,41.0,1036.0,3072.0,0.0,0.0,0.956140350877193,1.0,0.015625
16.0,5.0,2.0,3.0,43.0,170.0,3456.0,0.0,0.0,0.956140350877193,0.25,0.5
1.0,5.0,11.0,142.0,4.0,49711.0,288.0,0.0,0.0,0.6228070175438597,1.0,32.0
1.0,7.0,6.0,32.0,4.0,1827.0,288.0,0.0,0.0,0.6228070175438597,1.0,32.0
0.0,7.0,6.0,31.0,2.0,3585.0,144.0,0.0,0.0,0.6228070175438597,1.0,8192.0
26.0,5.0,2.0,3.0,80.0,362.0,6800.0,0.0,0.0,0.956140350877193,0.25,0.0625
32.0,7.0,2.0,3.0,112.0,122.0,9904.0,0.0,0.0,0.956140350877193,0.25,0.00390625
0.0,3.0,5.0,18.0,2.0,888.0,144.0,0.0,0.0,0.6228070175438597,0.25,4096.0
12.0,5.0,6.0,27.0,26.0,1542.0,1872.0,0.0,0.0,0.9385964912280702,2.0,0.00195312
0.0,3.0,3.0,6.0,2.0,1234.0,144.0,0.0,0.0,0.6228070175438597,1.0,16384.0
0.0,3.0,2.0,3.0,2.0,122.0,144.0,0.0,0.0,0.6228070175438597,0.25,512.0
0.0,5.0,6.0,51.0,2.0,23546.0,144.0,0.0,0.0,0.6228070175438597,1.0,16384.0
0.0,7.0,6.0,21.0,2.0,6981.0,144.0,0.0,0.0,0.6228070175438597,2.0,8192.0
11.0,7.0,2.0,3.0,24.0,122.0,1728.0,0.0,0.0,0.9385964912280702,2.0,0.125
9.0,5.0,2.0,3.0,21.0,362.0,1552.0,0.0,0.0,0.9385964912280702,1.0,2.0
7.0,3.0,6.0,19.0,19.0,2212.0,1488.0,0.0,0.0,0.9298245614035088,0.25,4.0
18.0,3.0,6.0,34.0,41.0,14433.0,3072.0,0.0,0.0,0.956140350877193,1.0,0.00195312
0.0,5.0,6.0,25.0,2.0,2885.0,144.0,0.0,0.0,0.6228070175438597,1.0,1024.0
20.0,5.0,6.0,43.0,56.0,19838.0,4592.0,0.0,0.0,0.956140350877193,0.25,0.25
11.0,3.0,4.0,9.0,24.0,795.0,1728.0,0.0,0.0,0.9385964912280702,2.0,0.125
9.0,5.0,6.0,32.0,20.0,13347.0,1440.0,0.0,0.0,0.9385964912280702,2.0,1.0
11.0,3.0,6.0,46.0,24.0,6397.0,1728.0,0.0,0.0,0.9385964912280702,2.0,0.125
12.0,7.0,7.0,39.0,26.0,1914.0,1872.0,0.0,0.0,0.9385964912280702,2.0,0.015625
0.0,7.0,2.0,3.0,2.0,170.0,144.0,0.0,0.0,0.6228070175438597,1.0,2048.0
32.0,3.0,10.0,88.0,113.0,7713.0,10016.0,0.0,0.0,0.956140350877193,0.25,0.00195312
4.0,7.0,6.0,32.0,10.0,13347.0,720.0,0.0,0.0,0.9298245614035088,2.0,8.0
6.0,3.0,6.0,25.0,14.0,1349.0,1008.0,0.0,0.0,0.9385964912280702,2.0,4.0
9.0,7.0,6.0,51.0,20.0,23546.0,1440.0,0.0,0.0,0.9385964912280702,2.0,0.25
12.0,5.0,2.0,3.0,26.0,122.0,1872.0,0.0,0.0,0.9385964912280702,2.0,0.03125
12.0,3.0,6.0,29.0,34.0,3780.0,2768.0,0.0,0.0,0.956140350877193,0.25,1.0
15.0,7.0,9.0,88.0,34.0,4969.0,2528.0,0.0,0.0,0.956140350877193,1.0,0.25
12.0,7.0,3.0,6.0,26.0,1234.0,1872.0,0.0,0.0,0.9385964912280702,2.0,0.000976562
0.0,5.0,2.0,3.0,2.0,170.0,144.0,0.0,0.0,0.6228070175438597,2.0,512.0
0.0,5.0,6.0,46.0,2.0,2725.0,144.0,0.0,0.0,0.6228070175438597,1.0,32768.0
33.0,3.0,6.0,19.0,116.0,6916.0,10272.0,0.0,0.0,0.956140350877193,0.25,0.000976562
11.0,5.0,6.0,51.0,26.0,7130.0,1952.0,0.0,0.0,0.9385964912280702,1.0,1.0
32.0,7.0,2.0,3.0,112.0,122.0,9904.0,0.0,0.0,0.956140350877193,0.25,0.00390625
0.0,7.0,2.0,3.0,2.0,122.0,144.0,0.0,0.0,0.6228070175438597,0.25,8192.0
4.0,7.0,2.0,3.0,10.0,122.0,720.0,0.0,0.0,0.9298245614035088,2.0,0.25
12.0,7.0,6.0,19.0,34.0,1036.0,2768.0,0.0,0.0,0.956140350877193,0.25,1.0
0.0,3.0,10.0,106.0,2.0,41476.0,144.0,0.0,0.0,0.6228070175438597,0.25,256.0
6.0,3.0,2.0,3.0,15.0,122.0,1120.0,0.0,0.0,0.9385964912280702,1.0,4.0
12.0,3.0,9.0,88.0,26.0,11305.0,1872.0,0.0,0.0,0.9385964912280702,2.0,0.00390625
4.0,3.0,2.0,3.0,10.0,122.0,720.0,0.0,0.0,0.9298245614035088,1.0,8.0
13.0,7.0,6.0,34.0,30.0,14433.0,2240.0,0.0,0.0,0.9473684210526315,1.0,0.5
0.0,3.0,2.0,3.0,2.0,122.0,144.0,0.0,0.0,0.6228070175438597,1.0,1024.0
0.0,7.0,2.0,3.0,2.0,362.0,144.0,0.0,0.0,0.6228070175438597,1.0,128.0
7.0,3.0,7.0,55.0,19.0,3000.0,1488.0,0.0,0.0,0.9298245614035088,0.25,4.0
12.0,7.0,2.0,3.0,26.0,362.0,1872.0,0.0,0.0,0.9385964912280702,2.0,0.00390625
18.0,5.0,11.0,148.0,41.0,51318.0,3072.0,0.0,0.0,0.956140350877193,1.0,0.00390625
4.0,7.0,2.0,3.0,13.0,170.0,1056.0,0.0,0.0,0.9385964912280702,1.0,0.00195312
1.0,3.0,6.0,32.0,4.0,13347.0,288.0,0.0,0.0,0.6228070175438597,2.0,64.0
2.0,5.0,6.0,27.0,6.0,1542.0,432.0,0.0,0.0,0.9035087719298246,2.0,16.0
18.0,7.0,2.0,3.0,41.0,122.0,3072.0,0.0,0.0,0.956140350877193,1.0,0.00195312
2.0,3.0,11.0,148.0,6.0,51318.0,432.0,0.0,0.0,0.9035087719298246,0.25,32.0
0.0,3.0,2.0,3.0,2.0,170.0,144.0,0.0,0.0,0.6228070175438597,2.0,2048.0
0.0,5.0,2.0,3.0,2.0,122.0,144.0,0.0,0.0,0.6228070175438597,2.0,8192.0
0.0,3.0,6.0,46.0,2.0,2725.0,144.0,0.0,0.0,0.6228070175438597,2.0,2048.0
6.0,3.0,8.0,47.0,14.0,13067.0,1008.0,0.0,0.0,0.9385964912280702,2.0,4.0
7.0,7.0,6.0,43.0,19.0,2558.0,1488.0,0.0,0.0,0.9298245614035088,0.25,4.0
20.0,7.0,2.0,3.0,56.0,170.0,4592.0,0.0,0.0,0.956140350877193,0.25,0.25
0.0,7.0,2.0,3.0,2.0,122.0,144.0,0.0,0.0,0.6228070175438597,0.25,128.0
0.0,5.0,6.0,39.0,2.0,4865.0,144.0,0.0,0.0,0.6228070175438597,1.0,32768.0
15.0,7.0,2.0,3.0,34.0,170.0,2528.0,0.0,0.0,0.956140350877193,1.0,0.25
0.0,7.0,2.0,3.0,2.0,362.0,144.0,0.0,0.0,0.6228070175438597,1.0,16384.0
16.0,5.0,6.0,35.0,43.0,3977.0,3456.0,0.0,0.0,0.956140350877193,0.25,0.5
0.0,3.0,2.0,3.0,2.0,362.0,144.0,0.0,0.0,0.6228070175438597,0.25,256.0
31.0,7.0,6.0,42.0,108.0,2455.0,9536.0,0.0,0.0,0.956140350877193,0.25,0.0078125
6.0,3.0,6.0,34.0,14.0,14433.0,1008.0,0.0,0.0,0.9385964912280702,2.0,4.0
0.0,3.0,11.0,134.0,2.0,48041.0,144.0,0.0,0.0,0.6228070175438597,1.0,1024.0
18.0,3.0,6.0,35.0,41.0,12425.0,3072.0,0.0,0.0,0.956140350877193,1.0,0.000976562
16.0,7.0,2.0,3.0,43.0,362.0,3456.0,0.0,0.0,0.956140350877193,0.25,0.5
31.0,5.0,2.0,3.0,108.0,170.0,9536.0,0.0,0.0,0.956140350877193,0.25,0.0078125
15.0,5.0,11.0,134.0,34.0,15305.0,2528.0,0.0,0.0,0.956140350877193,1.0,0.25
14.0,3.0,2.0,3.0,58.0,122.0,5296.0,0.0,0.0,0.956140350877193,0.25,0.03125
0.0,7.0,6.0,34.0,2.0,4449.0,144.0,0.0,0.0,0.6228070175438597,1.0,32768.0
6.0,3.0,2.0,3.0,14.0,170.0,1008.0,0.0,0.0,0.9385964912280702,2.0,4.0
0.0,5.0,2.0,3.0,2.0,362.0,144.0,0.0,0.0,0.6228070175438597,0.25,128.0
20.0,5.0,6.0,48.0,56.0,2859.0,4592.0,0.0,0.0,0.956140350877193,0.25,0.25
0.0,3.0,8.0,47.0,2.0,4427.0,144.0,0.0,0.0,0.6228070175438597,2.0,128.0
0.0,5.0,6.0,39.0,2.0,15617.0,144.0,0.0,0.0,0.6228070175438597,1.0,16384.0
4.0,3.0,9.0,73.0,10.0,4049.0,720.0,0.0,0.0,0.9298245614035088,2.0,1.0
6.0,3.0,11.0,148.0,15.0,16470.0,1120.0,0.0,0.0,0.9385964912280702,1.0,4.0
10.0,3.0,2.0,3.0,22.0,362.0,1584.0,0.0,0.0,0.9385964912280702,2.0,0.5
18.0,5.0,2.0,3.0,41.0,362.0,3072.0,0.0,0.0,0.956140350877193,1.0,0.00195312
7.0,5.0,11.0,148.0,19.0,16470.0,1488.0,0.0,0.0,0.9298245614035088,0.25,4.0
0.0,7.0,2.0,3.0,2.0,170.0,144.0,0.0,0.0,0.6228070175438597,2.0,8192.0
0.0,3.0,6.0,32.0,2.0,1827.0,144.0,0.0,0.0,0.6228070175438597,1.0,4096.0
4.0,5.0,6.0,32.0,13.0,4131.0,1056.0,0.0,0.0,0.9385964912280702,1.0,0.00195312
18.0,7.0,9.0,88.0,41.0,36649.0,3072.0,0.0,0.0,0.956140350877193,1.0,0.00390625
12.0,5.0,10.0,106.0,26.0,12964.0,1872.0,0.0,0.0,0.9385964912280702,2.0,0.00390625
1.0,3.0,2.0,3.0,4.0,170.0,288.0,0.0,0.0,0.6228070175438597,1.0,32.0
2.0,7.0,6.0,34.0,6.0,4449.0,432.0,0.0,0.0,0.9035087719298246,2.0,16.0
1.0,3.0,6.0,19.0,4.0,2212.0,288.0,0.0,0.0,0.6228070175438597,2.0,64.0
18.0,3.0,7.0,55.0,41.0,3000.0,3072.0,0.0,0.0,0.956140350877193,1.0,0.015625
12.0,5.0,6.0,51.0,34.0,23546.0,2768.0,0.0,0.0,0.956140350877193,0.25,1.0
0.0,5.0,2.0,3.0,2.0,122.0,144.0,0.0,0.0,0.6228070175438597,1.0,128.0
0.0,3.0,4.0,9.0,2.0,435.0,144.0,0.0,0.0,0.6228070175438597,1.0,8192.0
13.0,5.0,2.0,3.0,30.0,362.0,2240.0,0.0,0.0,0.9473684210526315,1.0,0.5
11.0,7.0,3.0,6.0,26.0,466.0,1952.0,0.0,0.0,0.9385964912280702,1.0,1.0
0.0,7.0,6.0,39.0,2.0,2177.0,144.0,0.0,0.0,0.6228070175438597,1.0,32768.0
0.0,7.0,6.0,32.0,2.0,4131.0,144.0,0.0,0.0,0.6228070175438597,2.0,512.0
15.0,5.0,10.0,88.0,34.0,22113.0,2528.0,0.0,0.0,0.956140350877193,1.0,0.25
12.0,5.0,2.0,3.0,26.0,362.0,1872.0,0.0,0.0,0.9385964912280702,2.0,0.000976562
0.0,3.0,6.0,29.0,2.0,12228.0,144.0,0.0,0.0,0.6228070175438597,2.0,1024.0
4.0,5.0,6.0,51.0,10.0,7130.0,720.0,0.0,0.0,0.9298245614035088,2.0,0.25
0.0,5.0,6.0,43.0,2.0,6014.0,144.0,0.0,0.0,0.6228070175438597,0.25,8192.0
32.0,5.0,6.0,25.0,112.0,9029.0,9904.0,0.0,0.0,0.956140350877193,0.25,0.00390625
9.0,7.0,5.0,16.0,20.0,823.0,1440.0,0.0,0.0,0.9385964912280702,2.0,1.0
6.0,3.0,6.0,46.0,15.0,21085.0,1120.0,0.0,0.0,0.9385964912280702,1.0,4.0
14.0,3.0,6.0,32.0,33.0,4131.0,2496.0,0.0,0.0,0.9473684210526315,1.0,0.00390625
12.0,7.0,4.0,9.0,26.0,2235.0,1872.0,0.0,0.0,0.9385964912280702,2.0,0.03125
9.0,5.0,4.0,9.0,20.0,435.0,1440.0,0.0,0.0,0.9385964912280702,2.0,0.25
0.0,3.0,6.0,21.0,2.0,2277.0,144.0,0.0,0.0,0.6228070175438597,1.0,4096.0
4.0,5.0,2.0,3.0,10.0,122.0,720.0,0.0,0.0,0.9298245614035088,2.0,8.0
4.0,3.0,6.0,51.0,10.0,7130.0,720.0,0.0,0.0,0.9298245614035088,2.0,0.00195312
12.0,5.0,6.0,34.0,26.0,4449.0,1872.0,0.0,0.0,0.9385964912280702,2.0,0.015625
0.0,5.0,6.0,19.0,2.0,6916.0,144.0,0.0,0.0,0.6228070175438597,1.0,2048.0
11.0,3.0,6.0,30.0,24.0,1632.0,1728.0,0.0,0.0,0.9385964912280702,2.0,0.125
20.0,7.0,2.0,3.0,56.0,170.0,4592.0,0.0,0.0,0.956140350877193,0.25,0.25
1.0,3.0,5.0,14.0,4.0,758.0,288.0,0.0,0.0,0.6228070175438597,1.0,32.0
0.0,7.0,6.0,43.0,2.0,2558.0,144.0,0.0,0.0,0.6228070175438597,1.0,1024.0
12.0,3.0,2.0,3.0,26.0,170.0,1872.0,0.0,0.0,0.9385964912280702,2.0,0.03125
0.0,3.0,6.0,27.0,2.0,1542.0,144.0,0.0,0.0,0.6228070175438597,2.0,2048.0
0.0,3.0,6.0,31.0,2.0,11265.0,144.0,0.0,0.0,0.6228070175438597,0.25,8192.0
9.0,7.0,2.0,3.0,21.0,122.0,1552.0,0.0,0.0,0.9385964912280702,1.0,2.0
11.0,5.0,3.0,6.0,24.0,466.0,1728.0,0.0,0.0,0.9385964912280702,2.0,0.125
0.0,5.0,6.0,27.0,2.0,1542.0,144.0,0.0,0.0,0.6228070175438597,2.0,8192.0
0.0,7.0,2.0,3.0,2.0,170.0,144.0,0.0,0.0,0.6228070175438597,1.0,16384.0
9.0,3.0,7.0,55.0,20.0,21360.0,1440.0,0.0,0.0,0.9385964912280702,2.0,1.0
26.0,7.0,2.0,3.0,80.0,362.0,6800.0,0.0,0.0,0.956140350877193,0.25,0.0625
0.0,5.0,6.0,27.0,2.0,3462.0,144.0,0.0,0.0,0.6228070175438597,1.0,8192.0
1.0,5.0,8.0,29.0,4.0,1319.0,288.0,0.0,0.0,0.6228070175438597,1.0,32.0
1.0,7.0,10.0,124.0,4.0,6608.0,288.0,0.0,0.0,0.6228070175438597,1.0,32.0
16.0,7.0,11.0,142.0,43.0,15919.0,3456.0,0.0,0.0,0.956140350877193,0.25,0.5
20.0,3.0,2.0,3.0,56.0,362.0,4592.0,0.0,0.0,0.956140350877193,0.25,0.25
12.0,7.0,3.0,6.0,26.0,1234.0,1872.0,0.0,0.0,0.9385964912280702,2.0,0.00195312
32.0,5.0,6.0,25.0,112.0,9029.0,9904.0,0.0,0.0,0.956140350877193,0.25,0.00390625
1.0,5.0,6.0,34.0,4.0,14433.0,288.0,0.0,0.0,0.6228070175438597,2.0,32.0
0.0,5.0,4.0,9.0,2.0,795.0,144.0,0.0,0.0,0.6228070175438597,1.0,512.0
16.0,7.0,3.0,6.0,37.0,274.0,2784.0,0.0,0.0,0.956140350877193,1.0,0.125
18.0,7.0,2.0,3.0,41.0,170.0,3072.0,0.0,0.0,0.956140350877193,1.0,0.015625
0.0,7.0,3.0,6.0,2.0,1234.0,144.0,0.0,0.0,0.6228070175438597,0.25,128.0
12.0,3.0,6.0,34.0,26.0,1953.0,1872.0,0.0,0.0,0.9385964912280702,2.0,0.0078125
9.0,3.0,6.0,21.0,45.0,2277.0,4240.0,0.0,0.0,0.956140350877193,0.25,0.015625
0.0,3.0,2.0,3.0,2.0,170.0,144.0,0.0,0.0,0.6228070175438597,2.0,512.0
0.0,3.0,6.0,19.0,2.0,6916.0,144.0,0.0,0.0,0.6228070175438597,0.25,1024.0
0.0,5.0,9.0,66.0,2.0,14999.0,144.0,0.0,0.0,0.6228070175438597,1.0,1024.0
9.0,5.0,2.0,3.0,23.0,170.0,1776.0,0.0,0.0,0.956140350877193,1.0,0.0078125
0.0,7.0,6.0,34.0,2.0,4449.0,144.0,0.0,0.0,0.6228070175438597,1.0,16384.0
10.0,7.0,6.0,43.0,22.0,2558.0,1584.0,0.0,0.0,0.9385964912280702,2.0,0.5
0.0,5.0,5.0,12.0,2.0,2724.0,144.0,0.0,0.0,0.6228070175438597,2.0,32768.0
12.0,5.0,6.0,51.0,34.0,3026.0,2768.0,0.0,0.0,0.956140350877193,0.25,1.0
0.0,7.0,2.0,3.0,2.0,362.0,144.0,0.0,0.0,0.6228070175438597,2.0,16384.0
1.0,5.0,5.0,14.0,4.0,758.0,288.0,0.0,0.0,0.6228070175438597,2.0,64.0
18.0,5.0,2.0,3.0,41.0,122.0,3072.0,0.0,0.0,0.956140350877193,1.0,0.03125
0.0,5.0,2.0,3.0,2.0,362.0,144.0,0.0,0.0,0.6228070175438597,1.0,2048.0
16.0,7.0,2.0,3.0,37.0,170.0,2784.0,0.0,0.0,0.956140350877193,1.0,0.125
18.0,5.0,6.0,31.0,41.0,3585.0,3072.0,0.0,0.0,0.956140350877193,1.0,0.015625
0.0,7.0,6.0,29.0,2.0,12228.0,144.0,0.0,0.0,0.6228070175438597,0.25,128.0
18.0,7.0,2.0,3.0,41.0,362.0,3072.0,0.0,0.0,0.956140350877193,1.0,0.000976562
0.0,3.0,2.0,3.0,2.0,170.0,144.0,0.0,0.0,0.6228070175438597,0.25,32768.0
11.0,5.0,7.0,46.0,24.0,5237.0,1728.0,0.0,0.0,0.9385964912280702,2.0,0.0625
0.0,3.0,6.0,51.0,2.0,7130.0,144.0,0.0,0.0,0.6228070175438597,2.0,2048.0
12.0,7.0,2.0,3.0,34.0,170.0,2768.0,0.0,0.0,0.956140350877193,0.25,1.0
0.0,3.0,2.0,3.0,2.0,362.0,144.0,0.0,0.0,0.6228070175438597,0.25,1024.0
12.0,3.0,3.0,6.0,26.0,466.0,1872.0,0.0,0.0,0.9385964912280702,2.0,0.0078125
2.0,5.0,6.0,51.0,6.0,7130.0,432.0,0.0,0.0,0.9035087719298246,0.25,32.0
7.0,7.0,6.0,46.0,19.0,21085.0,1488.0,0.0,0.0,0.9298245614035088,0.25,4.0
12.0,7.0,2.0,3.0,26.0,122.0,1872.0,0.0,0.0,0.9385964912280702,2.0,0.0078125
0.0,5.0,6.0,51.0,2.0,23546.0,144.0,0.0,0.0,0.6228070175438597,0.25,128.0
1.0,7.0,2.0,3.0,4.0,362.0,288.0,0.0,0.0,0.6228070175438597,2.0,32.0
12.0,3.0,2.0,3.0,26.0,122.0,1872.0,0.0,0.0,0.9385964912280702,2.0,0.015625
1.0,3.0,7.0,46.0,4.0,16469.0,288.0,0.0,0.0,0.6228070175438597,1.0,32.0
6.0,5.0,6.0,32.0,15.0,4131.0,1120.0,0.0,0.0,0.9385964912280702,1.0,4.0
9.0,7.0,6.0,34.0,45.0,1953.0,4240.0,0.0,0.0,0.956140350877193,0.25,0.03125
0.0,5.0,2.0,3.0,2.0,122.0,144.0,0.0,0.0,0.6228070175438597,1.0,4096.0
6.0,7.0,2.0,3.0,14.0,122.0,1008.0,0.0,0.0,0.9385964912280702,2.0,4.0
15.0,3.0,6.0,34.0,34.0,1953.0,2528.0,0.0,0.0,0.956140350877193,1.0,0.25
0.0,5.0,2.0,3.0,2.0,122.0,144.0,0.0,0.0,0.6228070175438597,2.0,2048.0
12.0,5.0,6.0,27.0,26.0,1542.0,1872.0,0.0,0.0,0.9385964912280702,2.0,0.000976562
2.0,7.0,6.0,28.0,8.0,11167.0,656.0,0.0,0.0,0.8947368421052632,0.25,16.0
0.0,7.0,6.0,32.0,2.0,4131.0,144.0,0.0,0.0,0.6228070175438597,0.25,256.0
4.0,3.0,2.0,3.0,10.0,170.0,720.0,0.0,0.0,0.9298245614035088,2.0,8.0
18.0,3.0,2.0,3.0,41.0,362.0,3072.0,0.0,0.0,0.956140350877193,1.0,0.015625
0.0,7.0,3.0,6.0,2.0,1234.0,144.0,0.0,0.0,0.6228070175438597,1.0,1024.0
0.0,3.0,7.0,55.0,2.0,21360.0,144.0,0.0,0.0,0.6228070175438597,1.0,8192.0
7.0,7.0,9.0,73.0,19.0,4049.0,1488.0,0.0,0.0,0.9298245614035088,0.25,4.0
4.0,3.0,10.0,106.0,11.0,41476.0,832.0,0.0,0.0,0.9385964912280702,1.0,2.0
15.0,5.0,2.0,3.0,34.0,170.0,2528.0,0.0,0.0,0.956140350877193,1.0,0.25
2.0,7.0,3.0,6.0,6.0,466.0,432.0,0.0,0.0,0.9035087719298246,2.0,16.0
16.0,7.0,11.0,143.0,37.0,16310.0,2784.0,0.0,0.0,0.956140350877193,1.0,0.125
11.0,5.0,6.0,34.0,24.0,14433.0,1728.0,0.0,0.0,0.9385964912280702,2.0,0.0625
6.0,5.0,2.0,3.0,15.0,170.0,1120.0,0.0,0.0,0.9385964912280702,1.0,4.0
2.0,3.0,6.0,46.0,6.0,21085.0,432.0,0.0,0.0,0.9035087719298246,2.0,16.0
0.0,3.0,3.0,6.0,2.0,466.0,144.0,0.0,0.0,0.6228070175438597,0.25,16384.0
18.0,5.0,6.0,51.0,41.0,23546.0,3072.0,0.0,0.0,0.956140350877193,1.0,0.015625
9.0,3.0,2.0,3.0,22.0,362.0,1664.0,0.0,0.0,0.9385964912280702,1.0,1.0
6.0,7.0,2.0,3.0,14.0,122.0,1008.0,0.0,0.0,0.9385964912280702,2.0,4.0
0.0,5.0,2.0,3.0,2.0,122.0,144.0,0.0,0.0,0.6228070175438597,1.0,4096.0
4.0,3.0,6.0,34.0,10.0,1953.0,720.0,0.0,0.0,0.9298245614035088,2.0,4.0
12.0,5.0,9.0,66.0,26.0,2999.0,1872.0,0.0,0.0,0.9385964912280702,2.0,0.03125
0.0,5.0,3.0,6.0,2.0,274.0,144.0,0.0,0.0,0.6228070175438597,0.25,128.0
9.0,3.0,6.0,51.0,20.0,3026.0,1440.0,0.0,0.0,0.9385964912280702,2.0,0.03125
0.0,3.0,7.0,46.0,2.0,5237.0,144.0,0.0,0.0,0.6228070175438597,2.0,512.0
9.0,7.0,2.0,3.0,23.0,122.0,1776.0,0.0,0.0,0.956140350877193,1.0,0.00390625
15.0,3.0,6.0,39.0,34.0,4865.0,2528.0,0.0,0.0,0.956140350877193,1.0,0.25
1.0,5.0,2.0,3.0,4.0,170.0,288.0,0.0,0.0,0.6228070175438597,0.25,64.0
9.0,3.0,2.0,3.0,20.0,362.0,1440.0,0.0,0.0,0.9385964912280702,2.0,1.0
9.0,5.0,2.0,3.0,20.0,362.0,1440.0,0.0,0.0,0.9385964912280702,2.0,0.125
4.0,3.0,6.0,34.0,21.0,4449.0,1952.0,0.0,0.0,0.956140350877193,0.25,0.25
0.0,5.0,6.0,43.0,2.0,6014.0,144.0,0.0,0.0,0.6228070175438597,2.0,16384.0
0.0,7.0,6.0,35.0,2.0,13444.0,144.0,0.0,0.0,0.6228070175438597,0.25,256.0
16.0,7.0,11.0,143.0,43.0,16310.0,3456.0,0.0,0.0,0.956140350877193,0.25,0.5
1.0,7.0,2.0,3.0,4.0,122.0,288.0,0.0,0.0,0.6228070175438597,1.0,64.0
28.0,3.0,5.0,14.0,93.0,1598.0,8096.0,0.0,0.0,0.956140350877193,0.25,0.03125
31.0,5.0,2.0,3.0,108.0,170.0,9536.0,0.0,0.0,0.956140350877193,0.25,0.0078125
0.0,7.0,6.0,21.0,2.0,1101.0,144.0,0.0,0.0,0.6228070175438597,1.0,1024.0
26.0,5.0,6.0,27.0,80.0,11142.0,6800.0,0.0,0.0,0.956140350877193,0.25,0.0625
23.0,7.0,5.0,14.0,67.0,1598.0,5584.0,0.0,0.0,0.956140350877193,0.25,0.125
12.0,5.0,5.0,14.0,26.0,758.0,1872.0,0.0,0.0,0.9385964912280702,2.0,0.0078125
0.0,5.0,2.0,3.0,2.0,170.0,144.0,0.0,0.0,0.6228070175438597,0.25,1024.0
6.0,5.0,6.0,34.0,14.0,4449.0,1008.0,0.0,0.0,0.9385964912280702,2.0,4.0
18.0,7.0,6.0,42.0,41.0,2455.0,3072.0,0.0,0.0,0.956140350877193,1.0,0.000976562
16.0,3.0,6.0,34.0,43.0,14433.0,3456.0,0.0,0.0,0.956140350877193,0.25,0.5
0.0,3.0,6.0,27.0,2.0,3462.0,144.0,0.0,0.0,0.6228070175438597,0.25,128.0
2.0,3.0,2.0,3.0,6.0,122.0,432.0,0.0,0.0,0.9035087719298246,2.0,16.0
0.0,7.0,9.0,73.0,2.0,29249.0,144.0,0.0,0.0,0.6228070175438597,0.25,4096.0
1.0,5.0,3.0,6.0,4.0,274.0,288.0,0.0,0.0,0.6228070175438597,2.0,64.0
14.0,7.0,2.0,3.0,62.0,362.0,5744.0,0.0,0.0,0.956140350877193,0.25,0.015625
0.0,7.0,6.0,32.0,2.0,1827.0,144.0,0.0,0.0,0.6228070175438597,0.25,512.0
13.0,3.0,7.0,55.0,30.0,21360.0,2240.0,0.0,0.0,0.9473684210526315,1.0,0.5
11.0,5.0,6.0,51.0,24.0,3026.0,1728.0,0.0,0.0,0.9385964912280702,2.0,0.25
18.0,5.0,11.0,142.0,41.0,15919.0,3072.0,0.0,0.0,0.956140350877193,1.0,0.0078125
10.0,7.0,9.0,73.0,22.0,9089.0,1584.0,0.0,0.0,0.9385964912280702,2.0,0.5
0.0,5.0,6.0,43.0,2.0,6014.0,144.0,0.0,0.0,0.6228070175438597,1.0,128.0
0.0,7.0,2.0,3.0,2.0,362.0,144.0,0.0,0.0,0.6228070175438597,1.0,8192.0
10.0,7.0,10.0,81.0,26.0,3881.0,2032.0,0.0,0.0,0.9385964912280702,0.25,2.0
0.0,5.0,6.0,19.0,2.0,1036.0,144.0,0.0,0.0,0.6228070175438597,0.25,1024.0
30.0,5.0,2.0,3.0,102.0,170.0,8944.0,0.0,0.0,0.956140350877193,0.25,0.015625
0.0,3.0,2.0,3.0,2.0,122.0,144.0,0.0,0.0,0.6228070175438597,2.0,512.0
12.0,5.0,2.0,3.0,26.0,170.0,1872.0,0.0,0.0,0.9385964912280702,2.0,0.0078125
9.0,5.0,6.0,29.0,34.0,1668.0,3008.0,0.0,0.0,0.956140350877193,0.25,0.25
0.0,7.0,6.0,51.0,2.0,7130.0,144.0,0.0,0.0,0.6228070175438597,1.0,8192.0
17.0,3.0,5.0,14.0,39.0,758.0,2928.0,0.0,0.0,0.956140350877193,1.0,0.0625
13.0,7.0,6.0,21.0,30.0,1101.0,2240.0,0.0,0.0,0.9473684210526315,1.0,0.5
32.0,5.0,6.0,25.0,114.0,2885.0,10128.0,0.0,0.0,0.956140350877193,0.25,0.00195312
20.0,3.0,2.0,3.0,56.0,362.0,4592.0,0.0,0.0,0.956140350877193,0.25,0.25
0.0,7.0,2.0,3.0,2.0,122.0,144.0,0.0,0.0,0.6228070175438597,0.25,4096.0
0.0,5.0,6.0,51.0,2.0,23546.0,144.0,0.0,0.0,0.6228070175438597,1.0,1024.0
0.0,7.0,6.0,34.0,2.0,4449.0,144.0,0.0,0.0,0.6228070175438597,0.25,512.0
32.0,5.0,3.0,6.0,114.0,274.0,10128.0,0.0,0.0,0.956140350877193,0.25,0.00195312
11.0,5.0,5.0,19.0,24.0,1761.0,1728.0,0.0,0.0,0.9385964912280702,2.0,0.125
11.0,3.0,4.0,9.0,24.0,2235.0,1728.0,0.0,0.0,0.9385964912280702,2.0,0.125
0.0,3.0,2.0,3.0,2.0,122.0,144.0,0.0,0.0,0.6228070175438597,0.25,4096.0
20.0,7.0,2.0,3.0,56.0,170.0,4592.0,0.0,0.0,0.956140350877193,0.25,0.25
11.0,7.0,2.0,3.0,24.0,362.0,1728.0,0.0,0.0,0.9385964912280702,2.0,0.125
0.0,5.0,6.0,19.0,2.0,2212.0,144.0,0.0,0.0,0.6228070175438597,1.0,16384.0
9.0,5.0,4.0,9.0,20.0,795.0,1440.0,0.0,0.0,0.9385964912280702,2.0,0.0625
0.0,3.0,6.0,21.0,2.0,6981.0,144.0,0.0,0.0,0.6228070175438597,0.25,512.0
0.0,7.0,2.0,3.0,2.0,170.0,144.0,0.0,0.0,0.6228070175438597,2.0,512.0
14.0,5.0,5.0,14.0,33.0,4958.0,2496.0,0.0,0.0,0.9473684210526315,1.0,0.0078125
10.0,3.0,6.0,29.0,26.0,12228.0,2032.0,0.0,0.0,0.9385964912280702,0.25,2.0
0.0,3.0,4.0,9.0,2.0,435.0,144.0,0.0,0.0,0.6228070175438597,1.0,8192.0
0.0,5.0,3.0,6.0,2.0,466.0,144.0,0.0,0.0,0.6228070175438597,0.25,128.0
13.0,3.0,6.0,25.0,30.0,2885.0,2240.0,0.0,0.0,0.9473684210526315,1.0,0.5
17.0,7.0,3.0,6.0,39.0,1234.0,2928.0,0.0,0.0,0.956140350877193,1.0,0.0625
15.0,5.0,6.0,51.0,34.0,3026.0,2528.0,0.0,0.0,0.956140350877193,1.0,0.25
0.0,3.0,2.0,3.0,2.0,170.0,144.0,0.0,0.0,0.6228070175438597,1.0,8192.0
0.0,5.0,6.0,19.0,2.0,2212.0,144.0,0.0,0.0,0.6228070175438597,1.0,128.0
16.0,5.0,2.0,3.0,37.0,170.0,2784.0,0.0,0.0,0.956140350877193,1.0,0.125
0.0,3.0,6.0,51.0,2.0,23546.0,144.0,0.0,0.0,0.6228070175438597,0.25,4096.0
23.0,5.0,7.0,55.0,67.0,3000.0,5584.0,0.0,0.0,0.956140350877193,0.25,0.125
2.0,7.0,2.0,3.0,6.0,362.0,432.0,0.0,0.0,0.9035087719298246,2.0,16.0
0.0,7.0,6.0,19.0,2.0,6916.0,144.0,0.0,0.0,0.6228070175438597,0.25,128.0
10.0,3.0,10.0,81.0,22.0,21881.0,1584.0,0.0,0.0,0.9385964912280702,2.0,0.5
0.0,5.0,2.0,3.0,2.0,122.0,144.0,0.0,0.0,0.6228070175438597,1.0,16384.0
7.0,5.0,6.0,19.0,19.0,2212.0,1488.0,0.0,0.0,0.9298245614035088,0.25,4.0
13.0,7.0,2.0,3.0,30.0,362.0,2240.0,0.0,0.0,0.9473684210526315,1.0,0.5
0.0,3.0,6.0,42.0,2.0,18655.0,144.0,0.0,0.0,0.6228070175438597,0.25,512.0
14.0,3.0,6.0,34.0,61.0,1953.0,5632.0,0.0,0.0,0.956140350877193,0.25,0.015625
16.0,5.0,11.0,148.0,43.0,16470.0,3456.0,0.0,0.0,0.956140350877193,0.25,0.5
0.0,5.0,5.0,14.0,2.0,4958.0,144.0,0.0,0.0,0.6228070175438597,0.25,128.0
0.0,5.0,6.0,32.0,2.0,4131.0,144.0,0.0,0.0,0.6228070175438597,0.25,1024.0
23.0,3.0,6.0,27.0,67.0,1542.0,5584.0,0.0,0.0,0.956140350877193,0.25,0.125
0.0,5.0,6.0,21.0,2.0,6981.0,144.0,0.0,0.0,0.6228070175438597,1.0,2048.0
6.0,5.0,6.0,32.0,14.0,4131.0,1008.0,0.0,0.0,0.9385964912280702,2.0,4.0
0.0,5.0,6.0,32.0,2.0,13347.0,144.0,0.0,0.0,0.6228070175438597,1.0,16384.0
16.0,7.0,2.0,3.0,43.0,122.0,3456.0,0.0,0.0,0.956140350877193,0.25,0.5
0.0,5.0,3.0,6.0,2.0,1234.0,144.0,0.0,0.0,0.6228070175438597,0.25,128.0
18.0,3.0,9.0,73.0,41.0,4049.0,3072.0,0.0,0.0,0.956140350877193,1.0,0.000976562
0.0,5.0,6.0,25.0,2.0,2885.0,144.0,0.0,0.0,0.6228070175438597,1.0,8192.0
16.0,5.0,6.0,51.0,37.0,7130.0,2784.0,0.0,0.0,0.956140350877193,1.0,0.125
9.0,7.0,2.0,3.0,20.0,170.0,1440.0,0.0,0.0,0.9385964912280702,2.0,1.0
0.0,5.0,2.0,3.0,2.0,362.0,144.0,0.0,0.0,0.6228070175438597,1.0,32768.0
15.0,7.0,6.0,34.0,34.0,4449.0,2528.0,0.0,0.0,0.956140350877193,1.0,0.25
4.0,5.0,5.0,14.0,12.0,1598.0,944.0,0.0,0.0,0.9473684210526315,1.0,0.25
9.0,5.0,3.0,6.0,20.0,1234.0,1440.0,0.0,0.0,0.9385964912280702,2.0,0.015625
11.0,5.0,6.0,51.0,24.0,23546.0,1728.0,0.0,0.0,0.9385964912280702,2.0,0.25
9.0,7.0,6.0,21.0,20.0,2277.0,1440.0,0.0,0.0,0.9385964912280702,2.0,0.03125
9.0,3.0,2.0,3.0,23.0,170.0,1776.0,0.0,0.0,0.956140350877193,1.0,0.00390625
0.0,7.0,2.0,3.0,2.0,362.0,144.0,0.0,0.0,0.6228070175438597,2.0,512.0
6.0,5.0,12.0,152.0,14.0,16617.0,1008.0,0.0,0.0,0.9385964912280702,2.0,4.0
0.0,3.0,6.0,35.0,2.0,1924.0,144.0,0.0,0.0,0.6228070175438597,1.0,1024.0
28.0,7.0,7.0,46.0,93.0,5237.0,8096.0,0.0,0.0,0.956140350877193,0.25,0.03125
1.0,3.0,2.0,3.0,4.0,122.0,288.0,0.0,0.0,0.6228070175438597,1.0,64.0
4.0,5.0,2.0,3.0,13.0,122.0,1056.0,0.0,0.0,0.9385964912280702,1.0,0.00390625
16.0,3.0,2.0,3.0,43.0,122.0,3456.0,0.0,0.0,0.956140350877193,0.25,0.5
0.0,3.0,6.0,51.0,2.0,3026.0,144.0,0.0,0.0,0.6228070175438597,0.25,256.0
4.0,7.0,2.0,3.0,21.0,170.0,1952.0,0.0,0.0,0.956140350877193,0.25,0.25
0.0,5.0,6.0,46.0,2.0,2725.0,144.0,0.0,0.0,0.6228070175438597,2.0,128.0
32.0,5.0,9.0,66.0,114.0,14999.0,10128.0,0.0,0.0,0.956140350877193,0.25,0.00195312
16.0,3.0,6.0,34.0,37.0,14433.0,2784.0,0.0,0.0,0.956140350877193,1.0,0.125
9.0,5.0,6.0,34.0,28.0,4449.0,2336.0,0.0,0.0,0.956140350877193,0.25,1.0
2.0,3.0,2.0,3.0,6.0,362.0,432.0,0.0,0.0,0.9035087719298246,2.0,16.0
4.0,7.0,2.0,3.0,11.0,362.0,832.0,0.0,0.0,0.9385964912280702,1.0,2.0
7.0,3.0,2.0,3.0,19.0,122.0,1488.0,0.0,0.0,0.9298245614035088,0.25,4.0
4.0,7.0,6.0,28.0,10.0,1567.0,720.0,0.0,0.0,0.9298245614035088,2.0,4.0
0.0,5.0,6.0,27.0,2.0,11142.0,144.0,0.0,0.0,0.6228070175438597,2.0,8192.0
6.0,3.0,2.0,3.0,14.0,362.0,1008.0,0.0,0.0,0.9385964912280702,2.0,4.0
9.0,7.0,2.0,3.0,22.0,170.0,1664.0,0.0,0.0,0.9385964912280702,1.0,1.0
0.0,7.0,6.0,34.0,2.0,14433.0,144.0,0.0,0.0,0.6228070175438597,0.25,16384.0
2.0,7.0,2.0,3.0,6.0,362.0,432.0,0.0,0.0,0.9035087719298246,2.0,16.0
0.0,5.0,2.0,3.0,2.0,170.0,144.0,0.0,0.0,0.6228070175438597,0.25,8192.0
2.0,3.0,2.0,3.0,8.0,170.0,656.0,0.0,0.0,0.8947368421052632,0.25,16.0
0.0,5.0,6.0,34.0,2.0,1953.0,144.0,0.0,0.0,0.6228070175438597,0.25,2048.0
15.0,7.0,10.0,106.0,34.0,5836.0,2528.0,0.0,0.0,0.956140350877193,1.0,0.25
0.0,5.0,9.0,73.0,2.0,29249.0,144.0,0.0,0.0,0.6228070175438597,1.0,32768.0
9.0,5.0,7.0,55.0,20.0,3000.0,1440.0,0.0,0.0,0.9385964912280702,2.0,0.00390625
0.0,7.0,3.0,6.0,2.0,274.0,144.0,0.0,0.0,0.6228070175438597,1.0,8192.0
0.0,3.0,2.0,3.0,2.0,122.0,144.0,0.0,0.0,0.6228070175438597,1.0,1024.0
18.0,7.0,6.0,51.0,41.0,3026.0,3072.0,0.0,0.0,0.956140350877193,1.0,0.015625
4.0,7.0,2.0,3.0,10.0,362.0,720.0,0.0,0.0,0.9298245614035088,2.0,8.0
0.0,3.0,6.0,46.0,2.0,2725.0,144.0,0.0,0.0,0.6228070175438597,0.25,256.0
1.0,7.0,11.0,142.0,4.0,15919.0,288.0,0.0,0.0,0.6228070175438597,1.0,32.0
12.0,7.0,2.0,3.0,26.0,362.0,1872.0,0.0,0.0,0.9385964912280702,2.0,0.015625
1.0,3.0,6.0,34.0,4.0,14433.0,288.0,0.0,0.0,0.6228070175438597,2.0,32.0
12.0,5.0,2.0,3.0,26.0,170.0,1872.0,0.0,0.0,0.9385964912280702,2.0,0.0078125
12.0,3.0,7.0,46.0,26.0,2429.0,1872.0,0.0,0.0,0.9385964912280702,2.0,0.0078125
7.0,3.0,2.0,3.0,19.0,362.0,1488.0,0.0,0.0,0.9298245614035088,0.25,4.0
32.0,5.0,2.0,3.0,114.0,122.0,10128.0,0.0,0.0,0.956140350877193,0.25,0.00195312
6.0,3.0,6.0,29.0,14.0,1668.0,1008.0,0.0,0.0,0.9385964912280702,2.0,4.0
11.0,5.0,3.0,6.0,26.0,466.0,1952.0,0.0,0.0,0.9385964912280702,1.0,1.0
9.0,3.0,6.0,25.0,45.0,2885.0,4240.0,0.0,0.0,0.956140350877193,0.25,0.03125
11.0,5.0,2.0,3.0,26.0,170.0,1952.0,0.0,0.0,0.9385964912280702,1.0,1.0
0.0,7.0,5.0,14.0,2.0,1598.0,144.0,0.0,0.0,0.6228070175438597,0.25,32768.0
18.0,3.0,8.0,58.0,41.0,6211.0,3072.0,0.0,0.0,0.956140350877193,1.0,0.000976562
0.0,3.0,2.0,3.0,2.0,122.0,144.0,0.0,0.0,0.6228070175438597,0.25,128.0
31.0,5.0,2.0,3.0,108.0,170.0,9536.0,0.0,0.0,0.956140350877193,0.25,0.0078125
16.0,3.0,2.0,3.0,37.0,170.0,2784.0,0.0,0.0,0.956140350877193,1.0,0.125
12.0,7.0,5.0,12.0,26.0,564.0,1872.0,0.0,0.0,0.9385964912280702,2.0,0.0078125
0.0,7.0,6.0,43.0,2.0,19838.0,144.0,0.0,0.0,0.6228070175438597,0.25,1024.0
12.0,3.0,2.0,3.0,34.0,170.0,2768.0,0.0,0.0,0.956140350877193,0.25,1.0
0.0,7.0,2.0,3.0,2.0,122.0,144.0,0.0,0.0,0.6228070175438597,2.0,2048.0
0.0,5.0,2.0,3.0,2.0,362.0,144.0,0.0,0.0,0.6228070175438597,1.0,16384.0
10.0,3.0,6.0,27.0,22.0,3462.0,1584.0,0.0,0.0,0.9385964912280702,2.0,0.5
0.0,3.0,5.0,14.0,2.0,4958.0,144.0,0.0,0.0,0.6228070175438597,1.0,16384.0
7.0,5.0,2.0,3.0,19.0,122.0,1488.0,0.0,0.0,0.9298245614035088,0.25,4.0
0.0,5.0,6.0,51.0,2.0,23546.0,144.0,0.0,0.0,0.6228070175438597,0.25,512.0
1.0,5.0,6.0,34.0,4.0,14433.0,288.0,0.0,0.0,0.6228070175438597,1.0,32.0
0.0,5.0,3.0,6.0,2.0,274.0,144.0,0.0,0.0,0.6228070175438597,0.25,4096.0
4.0,5.0,3.0,6.0,10.0,1234.0,720.0,0.0,0.0,0.9298245614035088,2.0,0.5
14.0,5.0,6.0,34.0,44.0,4449.0,3728.0,0.0,0.0,0.956140350877193,0.25,0.25
0.0,3.0,6.0,34.0,2.0,1953.0,144.0,0.0,0.0,0.6228070175438597,2.0,16384.0
0.0,3.0,6.0,25.0,2.0,1349.0,144.0,0.0,0.0,0.6228070175438597,0.25,128.0
18.0,3.0,6.0,35.0,41.0,4228.0,3072.0,0.0,0.0,0.956140350877193,1.0,0.015625
16.0,3.0,9.0,66.0,37.0,2999.0,2784.0,0.0,0.0,0.956140350877193,1.0,0.125
0.0,5.0,11.0,148.0,2.0,16470.0,144.0,0.0,0.0,0.6228070175438597,1.0,128.0
12.0,5.0,6.0,19.0,26.0,1036.0,1872.0,0.0,0.0,0.9385964912280702,2.0,0.000976562
0.0,7.0,6.0,35.0,2.0,4228.0,144.0,0.0,0.0,0.6228070175438597,2.0,512.0
0.0,7.0,6.0,27.0,2.0,11142.0,144.0,0.0,0.0,0.6228070175438597,0.25,1024.0
9.0,7.0,6.0,32.0,45.0,4131.0,4240.0,0.0,0.0,0.956140350877193,0.25,0.015625
12.0,7.0,6.0,27.0,26.0,11142.0,1872.0,0.0,0.0,0.9385964912280702,2.0,0.0078125
9.0,7.0,2.0,3.0,20.0,362.0,1440.0,0.0,0.0,0.9385964912280702,2.0,1.0
0.0,3.0,6.0,31.0,2.0,1665.0,144.0,0.0,0.0,0.6228070175438597,1.0,16384.0
9.0,3.0,2.0,3.0,21.0,170.0,1552.0,0.0,0.0,0.9385964912280702,1.0,2.0
0.0,7.0,6.0,43.0,2.0,19838.0,144.0,0.0,0.0,0.6228070175438597,0.25,8192.0
0.0,5.0,5.0,18.0,2.0,1728.0,144.0,0.0,0.0,0.6228070175438597,1.0,16384.0
0.0,7.0,6.0,27.0,2.0,3462.0,144.0,0.0,0.0,0.6228070175438597,2.0,2048.0
0.0,5.0,3.0,6.0,2.0,274.0,144.0,0.0,0.0,0.6228070175438597,0.25,512.0
12.0,7.0,5.0,19.0,26.0,1761.0,1872.0,0.0,0.0,0.9385964912280702,2.0,0.03125
0.0,5.0,6.0,19.0,2.0,2212.0,144.0,0.0,0.0,0.6228070175438597,0.25,4096.0
12.0,3.0,2.0,3.0,26.0,122.0,1872.0,0.0,0.0,0.9385964912280702,2.0,0.00195312
20.0,7.0,10.0,124.0,56.0,44888.0,4592.0,0.0,0.0,0.956140350877193,0.25,0.25
16.0,3.0,8.0,29.0,43.0,6119.0,3456.0,0.0,0.0,0.956140350877193,0.25,0.5
1.0,3.0,2.0,3.0,4.0,170.0,288.0,0.0,0.0,0.6228070175438597,1.0,32.0
26.0,3.0,11.0,148.0,80.0,16470.0,6800.0,0.0,0.0,0.956140350877193,0.25,0.0625
32.0,5.0,2.0,3.0,114.0,122.0,10128.0,0.0,0.0,0.956140350877193,0.25,0.00195312
4.0,7.0,7.0,55.0,10.0,3000.0,720.0,0.0,0.0,0.9298245614035088,2.0,0.00195312
6.0,5.0,4.0,9.0,14.0,435.0,1008.0,0.0,0.0,0.9385964912280702,2.0,4.0
0.0,7.0,6.0,46.0,2.0,2725.0,144.0,0.0,0.0,0.6228070175438597,1.0,4096.0
14.0,7.0,7.0,39.0,33.0,3834.0,2496.0,0.0,0.0,0.9473684210526315,1.0,0.00390625
12.0,3.0,5.0,16.0,26.0,5023.0,1872.0,0.0,0.0,0.9385964912280702,2.0,0.03125
6.0,7.0,6.0,25.0,15.0,1349.0,1120.0,0.0,0.0,0.9385964912280702,1.0,4.0
9.0,3.0,5.0,14.0,20.0,4958.0,1440.0,0.0,0.0,0.9385964912280702,2.0,1.0
11.0,5.0,2.0,3.0,24.0,170.0,1728.0,0.0,0.0,0.9385964912280702,2.0,0.125
0.0,3.0,6.0,30.0,2.0,11232.0,144.0,0.0,0.0,0.6228070175438597,1.0,1024.0
1.0,7.0,6.0,19.0,4.0,1036.0,288.0,0.0,0.0,0.6228070175438597,1.0,32.0
20.0,3.0,2.0,3.0,56.0,170.0,4592.0,0.0,0.0,0.956140350877193,0.25,0.25
11.0,5.0,2.0,3.0,24.0,362.0,1728.0,0.0,0.0,0.9385964912280702,2.0,0.125
11.0,7.0,4.0,9.0,24.0,2235.0,1728.0,0.0,0.0,0.9385964912280702,2.0,0.125
7.0,5.0,2.0,3.0,19.0,122.0,1488.0,0.0,0.0,0.9298245614035088,0.25,4.0
18.0,5.0,4.0,9.0,41.0,2235.0,3072.0,0.0,0.0,0.956140350877193,1.0,0.00195312
0.0,5.0,2.0,3.0,2.0,362.0,144.0,0.0,0.0,0.6228070175438597,1.0,1024.0
0.0,7.0,9.0,88.0,2.0,11305.0,144.0,0.0,0.0,0.6228070175438597,1.0,8192.0
1.0,7.0,2.0,3.0,4.0,170.0,288.0,0.0,0.0,0.6228070175438597,2.0,64.0
18.0,7.0,6.0,29.0,41.0,1668.0,3072.0,0.0,0.0,0.956140350877193,1.0,0.015625
6.0,5.0,2.0,3.0,15.0,122.0,1120.0,0.0,0.0,0.9385964912280702,1.0,4.0
0.0,5.0,10.0,86.0,2.0,4054.0,144.0,0.0,0.0,0.6228070175438597,0.25,256.0
4.0,5.0,6.0,25.0,10.0,2885.0,720.0,0.0,0.0,0.9298245614035088,1.0,8.0
12.0,5.0,6.0,39.0,26.0,15617.0,1872.0,0.0,0.0,0.9385964912280702,2.0,0.00390625
0.0,7.0,2.0,3.0,2.0,170.0,144.0,0.0,0.0,0.6228070175438597,2.0,1024.0
12.0,5.0,7.0,55.0,34.0,6672.0,2768.0,0.0,0.0,0.956140350877193,0.25,1.0
0.0,3.0,6.0,19.0,2.0,2212.0,144.0,0.0,0.0,0.6228070175438597,1.0,32768.0
0.0,3.0,2.0,3.0,2.0,170.0,144.0,0.0,0.0,0.6228070175438597,2.0,512.0
32.0,5.0,2.0,3.0,117.0,170.0,10464.0,0.0,0.0,0.956140350877193,0.25,0.000976562
11.0,3.0,9.0,88.0,26.0,4969.0,1952.0,0.0,0.0,0.9385964912280702,1.0,1.0
0.0,3.0,2.0,3.0,2.0,170.0,144.0,0.0,0.0,0.6228070175438597,2.0,8192.0
0.0,5.0,6.0,51.0,2.0,3026.0,144.0,0.0,0.0,0.6228070175438597,2.0,2048.0
0.0,7.0,2.0,3.0,2.0,170.0,144.0,0.0,0.0,0.6228070175438597,1.0,4096.0
6.0,5.0,7.0,55.0,14.0,21360.0,1008.0,0.0,0.0,0.9385964912280702,2.0,4.0
10.0,7.0,2.0,3.0,22.0,170.0,1584.0,0.0,0.0,0.9385964912280702,2.0,0.5
2.0,5.0,6.0,46.0,6.0,6397.0,432.0,0.0,0.0,0.9035087719298246,0.25,32.0
6.0,7.0,2.0,3.0,15.0,122.0,1120.0,0.0,0.0,0.9385964912280702,1.0,4.0
4.0,7.0,9.0,73.0,10.0,29249.0,720.0,0.0,0.0,0.9298245614035088,2.0,1.0
0.0,5.0,6.0,27.0,2.0,3462.0,144.0,0.0,0.0,0.6228070175438597,2.0,2048.0
2.0,3.0,6.0,32.0,6.0,13347.0,432.0,0.0,0.0,0.9035087719298246,2.0,16.0
7.0,5.0,2.0,3.0,19.0,170.0,1488.0,0.0,0.0,0.9298245614035088,0.25,4.0
1.0,7.0,2.0,3.0,4.0,122.0,288.0,0.0,0.0,0.6228070175438597,1.0,32.0
18.0,3.0,6.0,42.0,41.0,5695.0,3072.0,0.0,0.0,0.956140350877193,1.0,0.00390625
1.0,5.0,2.0,3.0,4.0,362.0,288.0,0.0,0.0,0.6228070175438597,2.0,64.0
6.0,5.0,2.0,3.0,14.0,122.0,1008.0,0.0,0.0,0.9385964912280702,2.0,4.0
0.0,5.0,6.0,35.0,2.0,1865.0,144.0,0.0,0.0,0.6228070175438597,1.0,1024.0
16.0,3.0,2.0,3.0,43.0,170.0,3456.0,0.0,0.0,0.956140350877193,0.25,0.5
0.0,5.0,6.0,39.0,2.0,2177.0,144.0,0.0,0.0,0.6228070175438597,0.25,256.0
18.0,7.0,6.0,46.0,41.0,6397.0,3072.0,0.0,0.0,0.956140350877193,1.0,0.000976562
0.0,7.0,2.0,3.0,2.0,170.0,144.0,0.0,0.0,0.6228070175438597,2.0,128.0
6.0,7.0,6.0,48.0,14.0,22299.0,1008.0,0.0,0.0,0.9385964912280702,2.0,4.0
0.0,3.0,6.0,43.0,2.0,6014.0,144.0,0.0,0.0,0.6228070175438597,1.0,32768.0
14.0,7.0,2.0,3.0,58.0,122.0,5296.0,0.0,0.0,0.956140350877193,0.25,0.03125
0.0,5.0,2.0,3.0,2.0,362.0,144.0,0.0,0.0,0.6228070175438597,2.0,128.0
0.0,3.0,6.0,43.0,2.0,19838.0,144.0,0.0,0.0,0.6228070175438597,1.0,16384.0
15.0,3.0,6.0,48.0,34.0,6747.0,2528.0,0.0,0.0,0.956140350877193,1.0,0.25
14.0,5.0,6.0,46.0,58.0,21085.0,5296.0,0.0,0.0,0.956140350877193,0.25,0.03125
6.0,5.0,2.0,3.0,14.0,362.0,1008.0,0.0,0.0,0.9385964912280702,2.0,4.0
0.0,3.0,8.0,47.0,2.0,2267.0,144.0,0.0,0.0,0.6228070175438597,0.25,128.0
20.0,3.0,11.0,134.0,56.0,7118.0,4592.0,0.0,0.0,0.956140350877193,0.25,0.25
0.0,7.0,2.0,3.0,2.0,170.0,144.0,0.0,0.0,0.6228070175438597,1.0,1024.0
6.0,7.0,6.0,34.0,14.0,1953.0,1008.0,0.0,0.0,0.9385964912280702,2.0,4.0
31.0,3.0,2.0,3.0,107.0,122.0,9424.0,0.0,0.0,0.956140350877193,0.25,0.0078125
18.0,5.0,6.0,42.0,41.0,18655.0,3072.0,0.0,0.0,0.956140350877193,1.0,0.000976562
0.0,7.0,2.0,3.0,2.0,122.0,144.0,0.0,0.0,0.6228070175438597,0.25,256.0
1.0,7.0,2.0,3.0,4.0,362.0,288.0,0.0,0.0,0.6228070175438597,2.0,64.0
4.0,3.0,6.0,32.0,13.0,4131.0,1056.0,0.0,0.0,0.9385964912280702,1.0,0.00195312
12.0,3.0,6.0,27.0,26.0,11142.0,1872.0,0.0,0.0,0.9385964912280702,2.0,0.00390625
1.0,5.0,6.0,32.0,4.0,1827.0,288.0,0.0,0.0,0.6228070175438597,1.0,32.0
7.0,7.0,11.0,146.0,19.0,7690.0,1488.0,0.0,0.0,0.9298245614035088,0.25,4.0
7.0,3.0,2.0,3.0,19.0,122.0,1488.0,0.0,0.0,0.9298245614035088,0.25,4.0
6.0,7.0,9.0,73.0,14.0,9089.0,1008.0,0.0,0.0,0.9385964912280702,2.0,4.0
0.0,5.0,11.0,146.0,2.0,7690.0,144.0,0.0,0.0,0.6228070175438597,1.0,4096.0
0.0,7.0,2.0,3.0,2.0,362.0,144.0,0.0,0.0,0.6228070175438597,2.0,2048.0
4.0,5.0,7.0,55.0,10.0,6672.0,720.0,0.0,0.0,0.9298245614035088,2.0,1.0
0.0,7.0,2.0,3.0,2.0,362.0,144.0,0.0,0.0,0.6228070175438597,2.0,2048.0
6.0,5.0,6.0,19.0,15.0,1036.0,1120.0,0.0,0.0,0.9385964912280702,1.0,4.0
2.0,7.0,6.0,46.0,6.0,21085.0,432.0,0.0,0.0,0.9035087719298246,0.25,32.0
10.0,5.0,2.0,3.0,22.0,122.0,1584.0,0.0,0.0,0.9385964912280702,2.0,0.5
18.0,3.0,7.0,55.0,41.0,21360.0,3072.0,0.0,0.0,0.956140350877193,1.0,0.00195312
4.0,3.0,6.0,34.0,10.0,1953.0,720.0,0.0,0.0,0.9298245614035088,2.0,0.25
0.0,5.0,2.0,3.0,2.0,362.0,144.0,0.0,0.0,0.6228070175438597,2.0,1024.0
0.0,3.0,2.0,3.0,2.0,362.0,144.0,0.0,0.0,0.6228070175438597,0.25,8192.0
32.0,3.0,2.0,3.0,112.0,362.0,9904.0,0.0,0.0,0.956140350877193,0.25,0.00390625
32.0,7.0,10.0,106.0,117.0,5836.0,10464.0,0.0,0.0,0.956140350877193,0.25,0.000976562
12.0,3.0,2.0,3.0,26.0,362.0,1872.0,0.0,0.0,0.9385964912280702,2.0,0.000976562
15.0,3.0,6.0,19.0,34.0,6916.0,2528.0,0.0,0.0,0.956140350877193,1.0,0.25
12.0,7.0,2.0,3.0,34.0,362.0,2768.0,0.0,0.0,0.956140350877193,0.25,1.0
0.0,3.0,6.0,51.0,2.0,3026.0,144.0,0.0,0.0,0.6228070175438597,1.0,128.0
0.0,5.0,6.0,39.0,2.0,4865.0,144.0,0.0,0.0,0.6228070175438597,1.0,8192.0
13.0,3.0,6.0,25.0,30.0,9029.0,2240.0,0.0,0.0,0.9473684210526315,1.0,0.5
0.0,7.0,6.0,32.0,2.0,1827.0,144.0,0.0,0.0,0.6228070175438597,1.0,1024.0
4.0,7.0,3.0,6.0,10.0,274.0,720.0,0.0,0.0,0.9298245614035088,1.0,8.0
12.0,7.0,9.0,88.0,26.0,36649.0,1872.0,0.0,0.0,0.9385964912280702,2.0,0.00390625
0.0,7.0,2.0,3.0,2.0,170.0,144.0,0.0,0.0,0.6228070175438597,0.25,256.0
6.0,7.0,4.0,9.0,15.0,795.0,1120.0,0.0,0.0,0.9385964912280702,1.0,4.0
18.0,5.0,6.0,34.0,41.0,1953.0,3072.0,0.0,0.0,0.956140350877193,1.0,0.015625
1.0,5.0,6.0,30.0,4.0,3552.0,288.0,0.0,0.0,0.6228070175438597,2.0,64.0
12.0,3.0,2.0,3.0,34.0,122.0,2768.0,0.0,0.0,0.956140350877193,0.25,1.0
11.0,5.0,2.0,3.0,24.0,362.0,1728.0,0.0,0.0,0.9385964912280702,2.0,0.125
11.0,7.0,5.0,14.0,24.0,1598.0,1728.0,0.0,0.0,0.9385964912280702,2.0,0.125
1.0,5.0,6.0,21.0,4.0,1101.0,288.0,0.0,0.0,0.6228070175438597,1.0,32.0
18.0,7.0,4.0,9.0,41.0,795.0,3072.0,0.0,0.0,0.956140350877193,1.0,0.00195312
7.0,7.0,2.0,3.0,19.0,170.0,1488.0,0.0,0.0,0.9298245614035088,0.25,4.0
14.0,5.0,6.0,51.0,33.0,3026.0,2496.0,0.0,0.0,0.9473684210526315,1.0,0.00390625
9.0,3.0,2.0,3.0,20.0,362.0,1440.0,0.0,0.0,0.9385964912280702,2.0,0.25
0.0,5.0,7.0,39.0,2.0,11514.0,144.0,0.0,0.0,0.6228070175438597,1.0,4096.0
6.0,7.0,6.0,32.0,14.0,1827.0,1008.0,0.0,0.0,0.9385964912280702,2.0,4.0
4.0,3.0,6.0,43.0,10.0,2558.0,720.0,0.0,0.0,0.9298245614035088,2.0,8.0
4.0,5.0,5.0,16.0,10.0,1663.0,720.0,0.0,0.0,0.9298245614035088,2.0,0.00195312
32.0,7.0,11.0,141.0,114.0,7436.0,10128.0,0.0,0.0,0.956140350877193,0.25,0.00195312
0.0,3.0,10.0,124.0,2.0,14264.0,144.0,0.0,0.0,0.6228070175438597,1.0,2048.0
12.0,3.0,6.0,19.0,26.0,6916.0,1872.0,0.0,0.0,0.9385964912280702,2.0,0.015625
11.0,7.0,5.0,19.0,24.0,5121.0,1728.0,0.0,0.0,0.9385964912280702,2.0,0.125
6.0,5.0,2.0,3.0,15.0,122.0,1120.0,0.0,0.0,0.9385964912280702,1.0,4.0
0.0,7.0,6.0,27.0,2.0,1542.0,144.0,0.0,0.0,0.6228070175438597,0.25,4096.0
32.0,3.0,11.0,148.0,112.0,51318.0,9904.0,0.0,0.0,0.956140350877193,0.25,0.00390625
0.0,3.0,2.0,3.0,2.0,362.0,144.0,0.0,0.0,0.6228070175438597,1.0,8192.0
1.0,3.0,8.0,29.0,4.0,2279.0,288.0,0.0,0.0,0.6228070175438597,1.0,32.0
20.0,5.0,3.0,6.0,56.0,274.0,4592.0,0.0,0.0,0.956140350877193,0.25,0.25
11.0,3.0,6.0,27.0,24.0,3462.0,1728.0,0.0,0.0,0.9385964912280702,2.0,0.125
0.0,3.0,6.0,27.0,2.0,11142.0,144.0,0.0,0.0,0.6228070175438597,2.0,8192.0
9.0,5.0,5.0,18.0,20.0,5088.0,1440.0,0.0,0.0,0.9385964912280702,2.0,1.0
12.0,5.0,6.0,43.0,26.0,6014.0,1872.0,0.0,0.0,0.9385964912280702,2.0,0.03125
0.0,7.0,2.0,3.0,2.0,362.0,144.0,0.0,0.0,0.6228070175438597,0.25,512.0
0.0,5.0,2.0,3.0,2.0,122.0,144.0,0.0,0.0,0.6228070175438597,2.0,2048.0
0.0,7.0,2.0,3.0,2.0,170.0,144.0,0.0,0.0,0.6228070175438597,1.0,16384.0
0.0,5.0,6.0,27.0,2.0,3462.0,144.0,0.0,0.0,0.6228070175438597,0.25,8192.0
12.0,5.0,6.0,32.0,26.0,13347.0,1872.0,0.0,0.0,0.9385964912280702,2.0,0.0078125
9.0,5.0,2.0,3.0,45.0,122.0,4240.0,0.0,0.0,0.956140350877193,0.25,0.015625
0.0,5.0,11.0,148.0,2.0,51318.0,144.0,0.0,0.0,0.6228070175438597,0.25,1024.0
0.0,5.0,6.0,35.0,2.0,13444.0,144.0,0.0,0.0,0.6228070175438597,2.0,512.0
12.0,7.0,6.0,35.0,26.0,13444.0,1872.0,0.0,0.0,0.9385964912280702,2.0,0.000976562
1.0,3.0,6.0,21.0,4.0,1101.0,288.0,0.0,0.0,0.6228070175438597,2.0,32.0
0.0,7.0,3.0,6.0,2.0,466.0,144.0,0.0,0.0,0.6228070175438597,1.0,128.0
0.0,3.0,2.0,3.0,2.0,122.0,144.0,0.0,0.0,0.6228070175438597,1.0,512.0
14.0,7.0,6.0,34.0,44.0,4449.0,3728.0,0.0,0.0,0.956140350877193,0.25,0.25
4.0,7.0,6.0,34.0,10.0,14433.0,720.0,0.0,0.0,0.9298245614035088,2.0,0.5
1.0,3.0,4.0,9.0,4.0,435.0,288.0,0.0,0.0,0.6228070175438597,2.0,64.0
18.0,3.0,2.0,3.0,41.0,170.0,3072.0,0.0,0.0,0.956140350877193,1.0,0.03125
0.0,3.0,6.0,27.0,2.0,11142.0,144.0,0.0,0.0,0.6228070175438597,1.0,2048.0
0.0,7.0,6.0,51.0,2.0,7130.0,144.0,0.0,0.0,0.6228070175438597,0.25,4096.0
12.0,3.0,5.0,14.0,34.0,1598.0,2768.0,0.0,0.0,0.956140350877193,0.25,1.0
0.0,3.0,2.0,3.0,2.0,362.0,144.0,0.0,0.0,0.6228070175438597,2.0,32768.0
0.0,3.0,2.0,3.0,2.0,122.0,144.0,0.0,0.0,0.6228070175438597,1.0,1024.0
9.0,3.0,6.0,34.0,23.0,1953.0,1776.0,0.0,0.0,0.956140350877193,1.0,0.0078125
1.0,7.0,2.0,3.0,4.0,362.0,288.0,0.0,0.0,0.6228070175438597,1.0,32.0
0.0,7.0,6.0,43.0,2.0,6014.0,144.0,0.0,0.0,0.6228070175438597,0.25,512.0
7.0,7.0,6.0,51.0,19.0,3026.0,1488.0,0.0,0.0,0.9298245614035088,0.25,4.0
0.0,5.0,2.0,3.0,2.0,122.0,144.0,0.0,0.0,0.6228070175438597,0.25,1024.0
12.0,5.0,2.0,3.0,26.0,362.0,1872.0,0.0,0.0,0.9385964912280702,2.0,0.0078125
0.0,7.0,8.0,58.0,2.0,19171.0,144.0,0.0,0.0,0.6228070175438597,1.0,16384.0
11.0,3.0,5.0,14.0,24.0,4958.0,1728.0,0.0,0.0,0.9385964912280702,2.0,0.0625
0.0,5.0,3.0,6.0,2.0,274.0,144.0,0.0,0.0,0.6228070175438597,2.0,2048.0
0.0,5.0,7.0,46.0,2.0,2429.0,144.0,0.0,0.0,0.6228070175438597,0.25,32768.0
18.0,3.0,2.0,3.0,41.0,122.0,3072.0,0.0,0.0,0.956140350877193,1.0,0.015625
31.0,7.0,2.0,3.0,108.0,362.0,9536.0,0.0,0.0,0.956140350877193,0.25,0.0078125
11.0,7.0,6.0,25.0,26.0,9029.0,1952.0,0.0,0.0,0.9385964912280702,1.0,1.0
0.0,3.0,2.0,3.0,2.0,122.0,144.0,0.0,0.0,0.6228070175438597,1.0,4096.0
32.0,7.0,3.0,6.0,114.0,1234.0,10128.0,0.0,0.0,0.956140350877193,0.25,0.00195312
6.0,3.0,6.0,31.0,15.0,1665.0,1120.0,0.0,0.0,0.9385964912280702,1.0,4.0
11.0,7.0,6.0,34.0,26.0,4449.0,1952.0,0.0,0.0,0.9385964912280702,1.0,1.0
0.0,3.0,2.0,3.0,2.0,170.0,144.0,0.0,0.0,0.6228070175438597,0.25,128.0
12.0,5.0,2.0,3.0,26.0,170.0,1872.0,0.0,0.0,0.9385964912280702,2.0,0.015625
1.0,5.0,2.0,3.0,4.0,362.0,288.0,0.0,0.0,0.6228070175438597,1.0,32.0
2.0,3.0,6.0,32.0,6.0,1827.0,432.0,0.0,0.0,0.9035087719298246,0.25,32.0
12.0,7.0,2.0,3.0,26.0,170.0,1872.0,0.0,0.0,0.9385964912280702,2.0,0.0078125
9.0,7.0,6.0,51.0,20.0,3026.0,1440.0,0.0,0.0,0.9385964912280702,2.0,0.00390625
0.0,5.0,11.0,142.0,2.0,49711.0,144.0,0.0,0.0,0.6228070175438597,1.0,8192.0
4.0,5.0,11.0,146.0,10.0,7689.0,720.0,0.0,0.0,0.9298245614035088,2.0,8.0
18.0,5.0,2.0,3.0,41.0,362.0,3072.0,0.0,0.0,0.956140350877193,1.0,0.015625
0.0,7.0,9.0,73.0,2.0,9089.0,144.0,0.0,0.0,0.6228070175438597,0.25,2048.0
0.0,7.0,2.0,3.0,2.0,122.0,144.0,0.0,0.0,0.6228070175438597,1.0,32768.0
15.0,5.0,3.0,6.0,34.0,274.0,2528.0,0.0,0.0,0.956140350877193,1.0,0.25
0.0,3.0,6.0,27.0,2.0,3462.0,144.0,0.0,0.0,0.6228070175438597,2.0,2048.0
12.0,3.0,6.0,32.0,26.0,1827.0,1872.0,0.0,0.0,0.9385964912280702,2.0,0.000976562
9.0,5.0,2.0,3.0,22.0,122.0,1664.0,0.0,0.0,0.9385964912280702,1.0,1.0
0.0,3.0,2.0,3.0,2.0,362.0,144.0,0.0,0.0,0.6228070175438597,1.0,4096.0
0.0,7.0,2.0,3.0,2.0,170.0,144.0,0.0,0.0,0.6228070175438597,2.0,8192.0
4.0,5.0,6.0,34.0,10.0,4449.0,720.0,0.0,0.0,0.9298245614035088,2.0,4.0
12.0,3.0,2.0,3.0,26.0,362.0,1872.0,0.0,0.0,0.9385964912280702,2.0,0.03125
0.0,7.0,2.0,3.0,2.0,170.0,144.0,0.0,0.0,0.6228070175438597,0.25,8192.0
2.0,5.0,2.0,3.0,6.0,170.0,432.0,0.0,0.0,0.9035087719298246,2.0,16.0
6.0,3.0,2.0,3.0,15.0,170.0,1120.0,0.0,0.0,0.9385964912280702,1.0,4.0
0.0,5.0,6.0,34.0,2.0,14433.0,144.0,0.0,0.0,0.6228070175438597,0.25,16384.0
18.0,3.0,6.0,34.0,41.0,4449.0,3072.0,0.0,0.0,0.956140350877193,1.0,0.015625
9.0,7.0,9.0,66.0,28.0,5399.0,2336.0,0.0,0.0,0.956140350877193,0.25,1.0
11.0,3.0,2.0,3.0,24.0,122.0,1728.0,0.0,0.0,0.9385964912280702,2.0,0.0625
4.0,5.0,3.0,6.0,11.0,274.0,832.0,0.0,0.0,0.9385964912280702,1.0,2.0
15.0,3.0,2.0,3.0,34.0,362.0,2528.0,0.0,0.0,0.956140350877193,1.0,0.25
4.0,7.0,11.0,146.0,13.0,7689.0,1056.0,0.0,0.0,0.9385964912280702,1.0,0.00390625
31.0,3.0,5.0,14.0,107.0,758.0,9424.0,0.0,0.0,0.956140350877193,0.25,0.0078125
28.0,5.0,2.0,3.0,93.0,170.0,8096.0,0.0,0.0,0.956140350877193,0.25,0.03125
6.0,7.0,2.0,3.0,14.0,122.0,1008.0,0.0,0.0,0.9385964912280702,2.0,4.0
9.0,3.0,6.0,43.0,20.0,2558.0,1440.0,0.0,0.0,0.9385964912280702,2.0,0.125
32.0,7.0,6.0,34.0,114.0,1953.0,10128.0,0.0,0.0,0.956140350877193,0.25,0.00195312
0.0,7.0,7.0,46.0,2.0,16469.0,144.0,0.0,0.0,0.6228070175438597,2.0,128.0
4.0,5.0,12.0,152.0,21.0,51465.0,1952.0,0.0,0.0,0.956140350877193,0.25,0.25
0.0,3.0,2.0,3.0,2.0,170.0,144.0,0.0,0.0,0.6228070175438597,2.0,16384.0
1.0,3.0,6.0,39.0,4.0,2177.0,288.0,0.0,0.0,0.6228070175438597,0.25,64.0
9.0,5.0,2.0,3.0,20.0,362.0,1440.0,0.0,0.0,0.9385964912280702,2.0,1.0
0.0,3.0,2.0,3.0,2.0,122.0,144.0,0.0,0.0,0.6228070175438597,0.25,128.0
0.0,5.0,2.0,3.0,2.0,362.0,144.0,0.0,0.0,0.6228070175438597,2.0,512.0
9.0,5.0,6.0,21.0,20.0,6981.0,1440.0,0.0,0.0,0.9385964912280702,2.0,0.03125
11.0,7.0,6.0,51.0,24.0,7130.0,1728.0,0.0,0.0,0.9385964912280702,2.0,0.25
9.0,7.0,3.0,6.0,20.0,466.0,1440.0,0.0,0.0,0.9385964912280702,2.0,0.015625
4.0,7.0,7.0,46.0,12.0,2429.0,944.0,0.0,0.0,0.9473684210526315,1.0,0.25
15.0,5.0,6.0,34.0,34.0,14433.0,2528.0,0.0,0.0,0.956140350877193,1.0,0.25
0.0,7.0,5.0,14.0,2.0,4958.0,144.0,0.0,0.0,0.6228070175438597,1.0,32768.0
0.0,7.0,3.0,6.0,2.0,466.0,144.0,0.0,0.0,0.6228070175438597,1.0,8192.0
0.0,7.0,6.0,32.0,2.0,4131.0,144.0,0.0,0.0,0.6228070175438597,0.25,128.0
16.0,5.0,6.0,32.0,43.0,13347.0,3456.0,0.0,0.0,0.956140350877193,0.25,0.5
6.0,3.0,6.0,51.0,14.0,23546.0,1008.0,0.0,0.0,0.9385964912280702,2.0,4.0
16.0,7.0,6.0,25.0,37.0,9029.0,2784.0,0.0,0.0,0.956140350877193,1.0,0.125
12.0,3.0,5.0,14.0,26.0,758.0,1872.0,0.0,0.0,0.9385964912280702,2.0,0.0078125
0.0,7.0,5.0,14.0,2.0,1598.0,144.0,0.0,0.0,0.6228070175438597,0.25,128.0
0.0,3.0,11.0,148.0,2.0,51318.0,144.0,0.0,0.0,0.6228070175438597,0.25,1024.0
16.0,7.0,6.0,34.0,43.0,1953.0,3456.0,0.0,0.0,0.956140350877193,0.25,0.5
26.0,3.0,2.0,3.0,80.0,122.0,6800.0,0.0,0.0,0.956140350877193,0.25,0.0625
0.0,7.0,6.0,42.0,2.0,5695.0,144.0,0.0,0.0,0.6228070175438597,1.0,16384.0
6.0,7.0,6.0,27.0,14.0,1542.0,1008.0,0.0,0.0,0.9385964912280702,2.0,4.0
0.0,7.0,2.0,3.0,2.0,170.0,144.0,0.0,0.0,0.6228070175438597,1.0,2048.0
0.0,7.0,6.0,19.0,2.0,6916.0,144.0,0.0,0.0,0.6228070175438597,0.25,1024.0
0.0,7.0,6.0,21.0,2.0,2277.0,144.0,0.0,0.0,0.6228070175438597,1.0,16384.0
18.0,3.0,6.0,32.0,41.0,13347.0,3072.0,0.0,0.0,0.956140350877193,1.0,0.0078125
13.0,5.0,2.0,3.0,30.0,170.0,2240.0,0.0,0.0,0.9473684210526315,1.0,0.5
7.0,7.0,2.0,3.0,19.0,122.0,1488.0,0.0,0.0,0.9298245614035088,0.25,4.0
11.0,3.0,9.0,73.0,24.0,4049.0,1728.0,0.0,0.0,0.9385964912280702,2.0,0.25
1.0,3.0,6.0,43.0,4.0,2558.0,288.0,0.0,0.0,0.6228070175438597,2.0,64.0
0.0,5.0,10.0,81.0,2.0,7481.0,144.0,0.0,0.0,0.6228070175438597,0.25,128.0
2.0,5.0,6.0,19.0,6.0,2212.0,432.0,0.0,0.0,0.9035087719298246,2.0,16.0
23.0,7.0,2.0,3.0,67.0,122.0,5584.0,0.0,0.0,0.956140350877193,0.25,0.125
0.0,7.0,6.0,19.0,2.0,6916.0,144.0,0.0,0.0,0.6228070175438597,0.25,128.0
0.0,7.0,11.0,141.0,2.0,7436.0,144.0,0.0,0.0,0.6228070175438597,1.0,128.0
16.0,7.0,2.0,3.0,37.0,362.0,2784.0,0.0,0.0,0.956140350877193,1.0,0.125
9.0,3.0,6.0,51.0,34.0,7130.0,3008.0,0.0,0.0,0.956140350877193,0.25,0.25
15.0,7.0,2.0,3.0,34.0,362.0,2528.0,0.0,0.0,0.956140350877193,1.0,0.25
17.0,5.0,6.0,34.0,39.0,1953.0,2928.0,0.0,0.0,0.956140350877193,1.0,0.0625
0.0,3.0,3.0,6.0,2.0,466.0,144.0,0.0,0.0,0.6228070175438597,0.25,1024.0
14.0,7.0,6.0,25.0,33.0,9029.0,2496.0,0.0,0.0,0.9473684210526315,1.0,0.0078125
30.0,3.0,3.0,6.0,102.0,1234.0,8944.0,0.0,0.0,0.956140350877193,0.25,0.015625
0.0,5.0,5.0,19.0,2.0,921.0,144.0,0.0,0.0,0.6228070175438597,2.0,512.0
12.0,3.0,6.0,25.0,26.0,1349.0,1872.0,0.0,0.0,0.9385964912280702,2.0,0.0078125
0.0,3.0,6.0,19.0,2.0,6916.0,144.0,0.0,0.0,0.6228070175438597,1.0,128.0
9.0,7.0,2.0,3.0,20.0,170.0,1440.0,0.0,0.0,0.9385964912280702,2.0,0.0625
11.0,3.0,2.0,3.0,24.0,362.0,1728.0,0.0,0.0,0.9385964912280702,2.0,0.125
0.0,7.0,6.0,29.0,2.0,3780.0,144.0,0.0,0.0,0.6228070175438597,1.0,16384.0
11.0,5.0,6.0,51.0,24.0,3026.0,1728.0,0.0,0.0,0.9385964912280702,2.0,0.125
0.0,3.0,2.0,3.0,2.0,362.0,144.0,0.0,0.0,0.6228070175438597,1.0,1024.0
32.0,3.0,5.0,14.0,113.0,1598.0,10016.0,0.0,0.0,0.956140350877193,0.25,0.00195312
32.0,3.0,6.0,21.0,113.0,2277.0,10016.0,0.0,0.0,0.956140350877193,0.25,0.00195312
20.0,5.0,4.0,9.0,56.0,2235.0,4592.0,0.0,0.0,0.956140350877193,0.25,0.25
1.0,5.0,2.0,3.0,4.0,362.0,288.0,0.0,0.0,0.6228070175438597,1.0,64.0
12.0,5.0,5.0,14.0,34.0,1598.0,2768.0,0.0,0.0,0.956140350877193,0.25,1.0
0.0,7.0,2.0,3.0,2.0,122.0,144.0,0.0,0.0,0.6228070175438597,0.25,16384.0
0.0,3.0,6.0,32.0,2.0,1827.0,144.0,0.0,0.0,0.6228070175438597,1.0,256.0
3.0,3.0,2.0,3.0,8.0,362.0,576.0,0.0,0.0,0.9035087719298246,1.0,16.0
6.0,5.0,2.0,3.0,15.0,170.0,1120.0,0.0,0.0,0.9385964912280702,1.0,4.0
4.0,7.0,2.0,3.0,10.0,170.0,720.0,0.0,0.0,0.9298245614035088,2.0,8.0
0.0,7.0,3.0,6.0,2.0,274.0,144.0,0.0,0.0,0.6228070175438597,1.0,32768.0
28.0,3.0,5.0,19.0,93.0,5121.0,8096.0,0.0,0.0,0.956140350877193,0.25,0.03125
14.0,5.0,5.0,12.0,32.0,564.0,2384.0,0.0,0.0,0.9473684210526315,1.0,0.25
11.0,7.0,2.0,3.0,26.0,122.0,1952.0,0.0,0.0,0.9385964912280702,1.0,1.0
0.0,7.0,2.0,3.0,2.0,122.0,144.0,0.0,0.0,0.6228070175438597,2.0,256.0
11.0,7.0,6.0,51.0,24.0,7130.0,1728.0,0.0,0.0,0.9385964912280702,2.0,0.25
4.0,3.0,9.0,73.0,25.0,29249.0,2400.0,0.0,0.0,0.9385964912280702,0.25,0.03125
9.0,5.0,6.0,27.0,20.0,11142.0,1440.0,0.0,0.0,0.9385964912280702,2.0,1.0
0.0,7.0,11.0,134.0,2.0,48041.0,144.0,0.0,0.0,0.6228070175438597,0.25,8192.0
3.0,7.0,2.0,3.0,8.0,362.0,576.0,0.0,0.0,0.9035087719298246,1.0,16.0
12.0,5.0,2.0,3.0,26.0,362.0,1872.0,0.0,0.0,0.9385964912280702,2.0,0.015625
18.0,3.0,8.0,37.0,41.0,1592.0,3072.0,0.0,0.0,0.956140350877193,1.0,0.00390625
12.0,7.0,2.0,3.0,26.0,362.0,1872.0,0.0,0.0,0.9385964912280702,2.0,0.03125
0.0,3.0,2.0,3.0,2.0,362.0,144.0,0.0,0.0,0.6228070175438597,1.0,1024.0
12.0,5.0,2.0,3.0,26.0,362.0,1872.0,0.0,0.0,0.9385964912280702,2.0,0.00195312
12.0,5.0,6.0,32.0,26.0,1827.0,1872.0,0.0,0.0,0.9385964912280702,2.0,0.00390625
18.0,7.0,5.0,14.0,41.0,4958.0,3072.0,0.0,0.0,0.956140350877193,1.0,0.000976562
31.0,3.0,2.0,3.0,107.0,122.0,9424.0,0.0,0.0,0.956140350877193,0.25,0.0078125
0.0,3.0,6.0,32.0,2.0,4131.0,144.0,0.0,0.0,0.6228070175438597,0.25,256.0
0.0,7.0,2.0,3.0,2.0,170.0,144.0,0.0,0.0,0.6228070175438597,1.0,8192.0
0.0,7.0,2.0,3.0,2.0,122.0,144.0,0.0,0.0,0.6228070175438597,1.0,16384.0
11.0,7.0,2.0,3.0,24.0,122.0,1728.0,0.0,0.0,0.9385964912280702,2.0,0.0625
12.0,5.0,5.0,12.0,34.0,3488.0,2768.0,0.0,0.0,0.956140350877193,0.25,1.0
2.0,3.0,6.0,34.0,6.0,4449.0,432.0,0.0,0.0,0.9035087719298246,2.0,16.0
7.0,3.0,2.0,3.0,19.0,362.0,1488.0,0.0,0.0,0.9298245614035088,0.25,4.0
4.0,3.0,2.0,3.0,10.0,122.0,720.0,0.0,0.0,0.9298245614035088,2.0,0.00390625
11.0,7.0,8.0,70.0,26.0,25324.0,1952.0,0.0,0.0,0.9385964912280702,1.0,1.0
12.0,5.0,2.0,3.0,26.0,362.0,1872.0,0.0,0.0,0.9385964912280702,2.0,0.000976562
11.0,7.0,11.0,134.0,24.0,48041.0,1728.0,0.0,0.0,0.9385964912280702,2.0,0.25
1.0,5.0,10.0,130.0,4.0,46495.0,288.0,0.0,0.0,0.6228070175438597,1.0,64.0
0.0,3.0,2.0,3.0,2.0,362.0,144.0,0.0,0.0,0.6228070175438597,1.0,2048.0
28.0,3.0,6.0,39.0,93.0,2177.0,8096.0,0.0,0.0,0.956140350877193,0.25,0.03125
0.0,5.0,2.0,3.0,2.0,170.0,144.0,0.0,0.0,0.6228070175438597,2.0,1024.0
15.0,7.0,6.0,21.0,34.0,1101.0,2528.0,0.0,0.0,0.956140350877193,1.0,0.25
9.0,5.0,2.0,3.0,20.0,362.0,1440.0,0.0,0.0,0.9385964912280702,2.0,1.0
32.0,5.0,6.0,34.0,117.0,1953.0,10464.0,0.0,0.0,0.956140350877193,0.25,0.000976562
0.0,7.0,6.0,34.0,2.0,4449.0,144.0,0.0,0.0,0.6228070175438597,0.25,8192.0
26.0,5.0,6.0,25.0,80.0,9029.0,6800.0,0.0,0.0,0.956140350877193,0.25,0.0625
0.0,7.0,6.0,34.0,2.0,1953.0,144.0,0.0,0.0,0.6228070175438597,0.25,32768.0
0.0,3.0,2.0,3.0,2.0,170.0,144.0,0.0,0.0,0.6228070175438597,1.0,4096.0
18.0,7.0,2.0,3.0,41.0,170.0,3072.0,0.0,0.0,0.956140350877193,1.0,0.03125
18.0,3.0,6.0,32.0,41.0,13347.0,3072.0,0.0,0.0,0.956140350877193,1.0,0.00390625
12.0,7.0,6.0,39.0,26.0,15617.0,1872.0,0.0,0.0,0.9385964912280702,2.0,0.03125
12.0,5.0,6.0,21.0,26.0,2277.0,1872.0,0.0,0.0,0.9385964912280702,2.0,0.015625
10.0,7.0,11.0,148.0,22.0,51318.0,1584.0,0.0,0.0,0.9385964912280702,2.0,0.5
12.0,5.0,6.0,28.0,26.0,1567.0,1872.0,0.0,0.0,0.9385964912280702,2.0,0.00390625
4.0,5.0,2.0,3.0,12.0,122.0,944.0,0.0,0.0,0.9473684210526315,1.0,1.0
0.0,7.0,6.0,34.0,2.0,1953.0,144.0,0.0,0.0,0.6228070175438597,1.0,16384.0
4.0,5.0,6.0,51.0,12.0,7130.0,944.0,0.0,0.0,0.9122807017543859,0.25,8.0
4.0,7.0,2.0,3.0,12.0,362.0,944.0,0.0,0.0,0.9473684210526315,1.0,0.5
0.0,3.0,10.0,102.0,2.0,10407.0,144.0,0.0,0.0,0.6228070175438597,0.25,32768.0
0.0,5.0,3.0,6.0,2.0,466.0,144.0,0.0,0.0,0.6228070175438597,1.0,8192.0
0.0,7.0,9.0,88.0,2.0,11305.0,144.0,0.0,0.0,0.6228070175438597,0.25,4096.0
0.0,3.0,6.0,19.0,2.0,2212.0,144.0,0.0,0.0,0.6228070175438597,0.25,256.0
1.0,3.0,2.0,3.0,4.0,362.0,288.0,0.0,0.0,0.6228070175438597,0.25,64.0
18.0,5.0,6.0,27.0,41.0,1542.0,3072.0,0.0,0.0,0.956140350877193,1.0,0.00195312
0.0,3.0,2.0,3.0,2.0,362.0,144.0,0.0,0.0,0.6228070175438597,0.25,4096.0
18.0,5.0,2.0,3.0,41.0,122.0,3072.0,0.0,0.0,0.956140350877193,1.0,0.03125
1.0,3.0,7.0,46.0,4.0,2429.0,288.0,0.0,0.0,0.6228070175438597,2.0,32.0
0.0,3.0,3.0,6.0,2.0,466.0,144.0,0.0,0.0,0.6228070175438597,2.0,2048.0
11.0,5.0,6.0,21.0,24.0,2277.0,1728.0,0.0,0.0,0.9385964912280702,2.0,0.0625
0.0,7.0,2.0,3.0,2.0,362.0,144.0,0.0,0.0,0.6228070175438597,0.25,256.0
0.0,3.0,2.0,3.0,2.0,362.0,144.0,0.0,0.0,0.6228070175438597,0.25,4096.0
0.0,7.0,6.0,34.0,2.0,1953.0,144.0,0.0,0.0,0.6228070175438597,1.0,2048.0
18.0,7.0,6.0,34.0,41.0,1953.0,3072.0,0.0,0.0,0.956140350877193,1.0,0.0078125
2.0,5.0,6.0,32.0,6.0,13347.0,432.0,0.0,0.0,0.9035087719298246,2.0,16.0
1.0,5.0,5.0,16.0,4.0,1663.0,288.0,0.0,0.0,0.6228070175438597,0.25,64.0
0.0,5.0,2.0,3.0,2.0,362.0,144.0,0.0,0.0,0.6228070175438597,2.0,32768.0
4.0,5.0,6.0,51.0,10.0,3026.0,720.0,0.0,0.0,0.9298245614035088,2.0,8.0
13.0,3.0,5.0,14.0,30.0,1598.0,2240.0,0.0,0.0,0.9473684210526315,1.0,0.5
0.0,5.0,6.0,51.0,2.0,7130.0,144.0,0.0,0.0,0.6228070175438597,1.0,8192.0
9.0,5.0,5.0,12.0,23.0,2724.0,1776.0,0.0,0.0,0.956140350877193,1.0,0.125
3.0,7.0,2.0,3.0,8.0,362.0,576.0,0.0,0.0,0.9035087719298246,1.0,16.0
0.0,3.0,2.0,3.0,2.0,122.0,144.0,0.0,0.0,0.6228070175438597,1.0,1024.0
1.0,7.0,6.0,34.0,4.0,1953.0,288.0,0.0,0.0,0.6228070175438597,2.0,64.0
0.0,7.0,2.0,3.0,2.0,362.0,144.0,0.0,0.0,0.6228070175438597,0.25,128.0
0.0,7.0,6.0,22.0,2.0,7906.0,144.0,0.0,0.0,0.6228070175438597,1.0,256.0
0.0,5.0,10.0,124.0,2.0,14264.0,144.0,0.0,0.0,0.6228070175438597,1.0,4096.0
11.0,5.0,6.0,51.0,24.0,3026.0,1728.0,0.0,0.0,0.9385964912280702,2.0,0.0625
11.0,5.0,2.0,3.0,24.0,122.0,1728.0,0.0,0.0,0.9385964912280702,2.0,0.0625
12.0,7.0,6.0,27.0,26.0,1542.0,1872.0,0.0,0.0,0.9385964912280702,2.0,0.015625
7.0,3.0,2.0,3.0,19.0,362.0,1488.0,0.0,0.0,0.9298245614035088,0.25,4.0
18.0,7.0,7.0,46.0,41.0,2429.0,3072.0,0.0,0.0,0.956140350877193,1.0,0.0078125
0.0,3.0,3.0,6.0,2.0,1234.0,144.0,0.0,0.0,0.6228070175438597,0.25,1024.0
0.0,3.0,5.0,14.0,2.0,758.0,144.0,0.0,0.0,0.6228070175438597,0.25,128.0
12.0,3.0,6.0,51.0,26.0,7130.0,1872.0,0.0,0.0,0.9385964912280702,2.0,0.0078125
12.0,3.0,2.0,3.0,26.0,362.0,1872.0,0.0,0.0,0.9385964912280702,2.0,0.000976562
12.0,3.0,3.0,6.0,26.0,466.0,1872.0,0.0,0.0,0.9385964912280702,2.0,0.00390625
4.0,5.0,4.0,9.0,11.0,795.0,832.0,0.0,0.0,0.9385964912280702,1.0,4.0
11.0,7.0,5.0,14.0,24.0,1598.0,1728.0,0.0,0.0,0.9385964912280702,2.0,0.125
18.0,3.0,6.0,39.0,41.0,2177.0,3072.0,0.0,0.0,0.956140350877193,1.0,0.0078125
4.0,5.0,2.0,3.0,10.0,170.0,720.0,0.0,0.0,0.9298245614035088,2.0,2.0
0.0,7.0,2.0,3.0,2.0,170.0,144.0,0.0,0.0,0.6228070175438597,0.25,32768.0
0.0,3.0,6.0,31.0,2.0,3585.0,144.0,0.0,0.0,0.6228070175438597,1.0,32768.0
12.0,3.0,3.0,6.0,26.0,1234.0,1872.0,0.0,0.0,0.9385964912280702,2.0,0.015625
18.0,5.0,5.0,12.0,41.0,3488.0,3072.0,0.0,0.0,0.956140350877193,1.0,0.00390625
2.0,7.0,2.0,3.0,8.0,122.0,656.0,0.0,0.0,0.8947368421052632,0.25,16.0
0.0,7.0,2.0,3.0,2.0,362.0,144.0,0.0,0.0,0.6228070175438597,2.0,2048.0
28.0,5.0,2.0,3.0,93.0,170.0,8096.0,0.0,0.0,0.956140350877193,0.25,0.03125
7.0,7.0,2.0,3.0,16.0,362.0,1152.0,0.0,0.0,0.9385964912280702,2.0,2.0
0.0,7.0,6.0,25.0,2.0,1349.0,144.0,0.0,0.0,0.6228070175438597,2.0,512.0
9.0,3.0,6.0,32.0,20.0,4131.0,1440.0,0.0,0.0,0.9385964912280702,2.0,1.0
18.0,3.0,6.0,32.0,41.0,4131.0,3072.0,0.0,0.0,0.956140350877193,1.0,0.00390625
0.0,3.0,6.0,34.0,2.0,14433.0,144.0,0.0,0.0,0.6228070175438597,0.25,256.0
0.0,7.0,6.0,34.0,2.0,1953.0,144.0,0.0,0.0,0.6228070175438597,0.25,256.0
12.0,3.0,6.0,51.0,34.0,23546.0,2768.0,0.0,0.0,0.956140350877193,0.25,1.0
18.0,5.0,2.0,3.0,41.0,122.0,3072.0,0.0,0.0,0.956140350877193,1.0,0.00195312
0.0,7.0,2.0,3.0,2.0,122.0,144.0,0.0,0.0,0.6228070175438597,1.0,1024.0
1.0,7.0,2.0,3.0,4.0,122.0,288.0,0.0,0.0,0.6228070175438597,2.0,32.0
4.0,3.0,6.0,17.0,10.0,1706.0,720.0,0.0,0.0,0.9298245614035088,2.0,0.0078125
12.0,3.0,2.0,3.0,26.0,362.0,1872.0,0.0,0.0,0.9385964912280702,2.0,0.00390625
12.0,5.0,5.0,18.0,26.0,5088.0,1872.0,0.0,0.0,0.9385964912280702,2.0,0.00195312
7.0,7.0,2.0,3.0,19.0,362.0,1488.0,0.0,0.0,0.9298245614035088,0.25,4.0
0.0,7.0,2.0,3.0,2.0,170.0,144.0,0.0,0.0,0.6228070175438597,2.0,1024.0
0.0,5.0,2.0,3.0,2.0,122.0,144.0,0.0,0.0,0.6228070175438597,2.0,1024.0
11.0,7.0,3.0,6.0,24.0,274.0,1728.0,0.0,0.0,0.9385964912280702,2.0,0.125
12.0,3.0,6.0,51.0,26.0,7130.0,1872.0,0.0,0.0,0.9385964912280702,2.0,0.00195312
0.0,5.0,3.0,6.0,2.0,274.0,144.0,0.0,0.0,0.6228070175438597,2.0,256.0
32.0,7.0,2.0,3.0,114.0,122.0,10128.0,0.0,0.0,0.956140350877193,0.25,0.00195312
13.0,7.0,6.0,51.0,30.0,7130.0,2240.0,0.0,0.0,0.9473684210526315,1.0,0.5
6.0,5.0,6.0,32.0,15.0,4131.0,1120.0,0.0,0.0,0.9385964912280702,1.0,4.0
18.0,5.0,2.0,3.0,41.0,362.0,3072.0,0.0,0.0,0.956140350877193,1.0,0.00390625
0.0,7.0,2.0,3.0,2.0,122.0,144.0,0.0,0.0,0.6228070175438597,2.0,2048.0
9.0,3.0,2.0,3.0,21.0,362.0,1552.0,0.0,0.0,0.9385964912280702,1.0,2.0
0.0,3.0,6.0,51.0,2.0,23546.0,144.0,0.0,0.0,0.6228070175438597,0.25,512.0
12.0,3.0,2.0,3.0,26.0,122.0,1872.0,0.0,0.0,0.9385964912280702,2.0,0.015625
6.0,5.0,7.0,46.0,14.0,5237.0,1008.0,0.0,0.0,0.9385964912280702,2.0,4.0
0.0,7.0,4.0,9.0,2.0,435.0,144.0,0.0,0.0,0.6228070175438597,1.0,4096.0
19.0,5.0,2.0,3.0,74.0,362.0,6688.0,0.0,0.0,0.956140350877193,0.25,0.03125
1.0,5.0,6.0,32.0,4.0,13347.0,288.0,0.0,0.0,0.6228070175438597,2.0,64.0
23.0,5.0,5.0,14.0,67.0,758.0,5584.0,0.0,0.0,0.956140350877193,0.25,0.125
0.0,7.0,6.0,25.0,2.0,1349.0,144.0,0.0,0.0,0.6228070175438597,1.0,128.0
9.0,3.0,3.0,6.0,20.0,466.0,1440.0,0.0,0.0,0.9385964912280702,2.0,1.0
1.0,5.0,2.0,3.0,4.0,122.0,288.0,0.0,0.0,0.6228070175438597,1.0,64.0
0.0,3.0,10.0,124.0,2.0,6608.0,144.0,0.0,0.0,0.6228070175438597,1.0,256.0
12.0,3.0,6.0,35.0,34.0,13444.0,2768.0,0.0,0.0,0.956140350877193,0.25,1.0
0.0,7.0,6.0,34.0,2.0,4449.0,144.0,0.0,0.0,0.6228070175438597,2.0,32768.0
0.0,7.0,6.0,32.0,2.0,13347.0,144.0,0.0,0.0,0.6228070175438597,1.0,1024.0
6.0,5.0,6.0,27.0,15.0,3462.0,1120.0,0.0,0.0,0.9385964912280702,1.0,4.0
0.0,3.0,12.0,152.0,2.0,16617.0,144.0,0.0,0.0,0.6228070175438597,1.0,16384.0
11.0,5.0,2.0,3.0,24.0,170.0,1728.0,0.0,0.0,0.9385964912280702,2.0,0.0625
0.0,7.0,6.0,43.0,2.0,19838.0,144.0,0.0,0.0,0.6228070175438597,1.0,8192.0
11.0,3.0,2.0,3.0,24.0,362.0,1728.0,0.0,0.0,0.9385964912280702,2.0,0.0625
4.0,7.0,2.0,3.0,10.0,362.0,720.0,0.0,0.0,0.9298245614035088,2.0,0.015625
0.0,5.0,10.0,106.0,2.0,12964.0,144.0,0.0,0.0,0.6228070175438597,0.25,512.0
0.0,3.0,6.0,34.0,2.0,4449.0,144.0,0.0,0.0,0.6228070175438597,1.0,1024.0
3.0,7.0,2.0,3.0,8.0,122.0,576.0,0.0,0.0,0.9035087719298246,1.0,16.0
0.0,3.0,6.0,51.0,2.0,23546.0,144.0,0.0,0.0,0.6228070175438597,1.0,512.0
12.0,5.0,6.0,51.0,26.0,3026.0,1872.0,0.0,0.0,0.9385964912280702,2.0,0.015625
0.0,3.0,6.0,34.0,2.0,14433.0,144.0,0.0,0.0,0.6228070175438597,1.0,8192.0
0.0,7.0,6.0,29.0,2.0,12228.0,144.0,0.0,0.0,0.6228070175438597,2.0,32768.0
0.0,7.0,6.0,34.0,2.0,4449.0,144.0,0.0,0.0,0.6228070175438597,0.25,4096.0
19.0,7.0,5.0,18.0,54.0,1728.0,4448.0,0.0,0.0,0.956140350877193,0.25,0.25
30.0,7.0,2.0,3.0,102.0,122.0,8944.0,0.0,0.0,0.956140350877193,0.25,0.015625
29.0,7.0,3.0,6.0,99.0,466.0,8688.0,0.0,0.0,0.956140350877193,0.25,0.015625
0.0,5.0,7.0,46.0,2.0,5237.0,144.0,0.0,0.0,0.6228070175438597,2.0,32768.0
6.0,3.0,2.0,3.0,15.0,362.0,1120.0,0.0,0.0,0.9385964912280702,1.0,4.0
0.0,7.0,6.0,21.0,2.0,2277.0,144.0,0.0,0.0,0.6228070175438597,1.0,8192.0
13.0,3.0,5.0,12.0,30.0,608.0,2240.0,0.0,0.0,0.9473684210526315,1.0,0.5
0.0,3.0,6.0,35.0,2.0,13444.0,144.0,0.0,0.0,0.6228070175438597,1.0,16384.0
11.0,3.0,2.0,3.0,24.0,362.0,1728.0,0.0,0.0,0.9385964912280702,2.0,0.0625
0.0,7.0,6.0,32.0,2.0,13347.0,144.0,0.0,0.0,0.6228070175438597,0.25,256.0
4.0,5.0,5.0,14.0,10.0,4958.0,720.0,0.0,0.0,0.9298245614035088,1.0,8.0
0.0,5.0,10.0,124.0,2.0,6608.0,144.0,0.0,0.0,0.6228070175438597,0.25,4096.0
0.0,5.0,2.0,3.0,2.0,362.0,144.0,0.0,0.0,0.6228070175438597,0.25,256.0
0.0,7.0,6.0,41.0,2.0,5183.0,144.0,0.0,0.0,0.6228070175438597,1.0,2048.0
1.0,3.0,8.0,37.0,4.0,1592.0,288.0,0.0,0.0,0.6228070175438597,2.0,32.0
4.0,7.0,6.0,27.0,13.0,3462.0,1056.0,0.0,0.0,0.9385964912280702,1.0,0.03125
0.0,3.0,2.0,3.0,2.0,362.0,144.0,0.0,0.0,0.6228070175438597,0.25,128.0
2.0,3.0,5.0,12.0,8.0,3488.0,656.0,0.0,0.0,0.8947368421052632,0.25,16.0
0.0,3.0,6.0,51.0,2.0,3026.0,144.0,0.0,0.0,0.6228070175438597,1.0,8192.0
20.0,7.0,6.0,34.0,56.0,14433.0,4592.0,0.0,0.0,0.956140350877193,0.25,0.25
18.0,5.0,6.0,34.0,41.0,4449.0,3072.0,0.0,0.0,0.956140350877193,1.0,0.00195312
0.0,7.0,6.0,34.0,2.0,4449.0,144.0,0.0,0.0,0.6228070175438597,1.0,4096.0
0.0,7.0,6.0,51.0,2.0,23546.0,144.0,0.0,0.0,0.6228070175438597,0.25,1024.0
9.0,7.0,2.0,3.0,20.0,122.0,1440.0,0.0,0.0,0.9385964912280702,2.0,0.0078125
30.0,7.0,6.0,34.0,102.0,4449.0,8944.0,0.0,0.0,0.956140350877193,0.25,0.015625
0.0,7.0,2.0,3.0,2.0,362.0,144.0,0.0,0.0,0.6228070175438597,1.0,32768.0
4.0,3.0,11.0,141.0,25.0,7436.0,2400.0,0.0,0.0,0.9385964912280702,0.25,0.015625
0.0,7.0,2.0,3.0,2.0,122.0,144.0,0.0,0.0,0.6228070175438597,1.0,4096.0
30.0,5.0,6.0,34.0,102.0,14433.0,8944.0,0.0,0.0,0.956140350877193,0.25,0.015625
9.0,5.0,6.0,51.0,20.0,7130.0,1440.0,0.0,0.0,0.9385964912280702,2.0,0.0078125
0.0,5.0,6.0,34.0,2.0,14433.0,144.0,0.0,0.0,0.6228070175438597,0.25,1024.0
0.0,5.0,2.0,3.0,2.0,170.0,144.0,0.0,0.0,0.6228070175438597,1.0,4096.0
0.0,5.0,6.0,32.0,2.0,1827.0,144.0,0.0,0.0,0.6228070175438597,1.0,4096.0
0.0,3.0,5.0,12.0,2.0,1184.0,144.0,0.0,0.0,0.6228070175438597,1.0,256.0
0.0,3.0,2.0,3.0,2.0,170.0,144.0,0.0,0.0,0.6228070175438597,1.0,32768.0
26.0,3.0,6.0,34.0,80.0,14433.0,6800.0,0.0,0.0,0.956140350877193,0.25,0.0625
0.0,5.0,6.0,34.0,2.0,4449.0,144.0,0.0,0.0,0.6228070175438597,1.0,32768.0
1.0,3.0,2.0,3.0,4.0,122.0,288.0,0.0,0.0,0.6228070175438597,1.0,32.0
0.0,3.0,6.0,41.0,2.0,16703.0,144.0,0.0,0.0,0.6228070175438597,1.0,128.0
18.0,7.0,2.0,3.0,41.0,170.0,3072.0,0.0,0.0,0.956140350877193,1.0,0.00195312
20.0,5.0,5.0,14.0,56.0,1598.0,4592.0,0.0,0.0,0.956140350877193,0.25,0.25
14.0,3.0,6.0,32.0,33.0,4131.0,2496.0,0.0,0.0,0.9473684210526315,1.0,0.125
4.0,5.0,2.0,3.0,13.0,170.0,1056.0,0.0,0.0,0.9385964912280702,1.0,0.03125
4.0,7.0,6.0,35.0,10.0,4228.0,720.0,0.0,0.0,0.9298245614035088,1.0,8.0
0.0,5.0,6.0,32.0,2.0,1827.0,144.0,0.0,0.0,0.6228070175438597,0.25,256.0
0.0,5.0,6.0,27.0,2.0,11142.0,144.0,0.0,0.0,0.6228070175438597,1.0,2048.0
0.0,7.0,6.0,48.0,2.0,2859.0,144.0,0.0,0.0,0.6228070175438597,0.25,256.0
0.0,7.0,2.0,3.0,2.0,170.0,144.0,0.0,0.0,0.6228070175438597,0.25,4096.0
18.0,3.0,6.0,34.0,41.0,1953.0,3072.0,0.0,0.0,0.956140350877193,1.0,0.0078125
29.0,5.0,7.0,46.0,99.0,16469.0,8688.0,0.0,0.0,0.956140350877193,0.25,0.015625
30.0,5.0,3.0,6.0,102.0,1234.0,8944.0,0.0,0.0,0.956140350877193,0.25,0.015625
0.0,5.0,2.0,3.0,2.0,122.0,144.0,0.0,0.0,0.6228070175438597,1.0,8192.0
0.0,7.0,6.0,21.0,2.0,6981.0,144.0,0.0,0.0,0.6228070175438597,2.0,32768.0
0.0,5.0,5.0,18.0,2.0,5088.0,144.0,0.0,0.0,0.6228070175438597,2.0,32768.0
19.0,5.0,6.0,34.0,54.0,14433.0,4448.0,0.0,0.0,0.956140350877193,0.25,0.25
0.0,3.0,6.0,29.0,2.0,3780.0,144.0,0.0,0.0,0.6228070175438597,2.0,4096.0
12.0,3.0,6.0,51.0,26.0,3026.0,1872.0,0.0,0.0,0.9385964912280702,2.0,0.00195312
0.0,5.0,6.0,32.0,2.0,1827.0,144.0,0.0,0.0,0.6228070175438597,0.25,4096.0
3.0,5.0,2.0,3.0,8.0,122.0,576.0,0.0,0.0,0.9035087719298246,1.0,16.0
12.0,3.0,10.0,106.0,26.0,41476.0,1872.0,0.0,0.0,0.9385964912280702,2.0,0.00390625
12.0,7.0,2.0,3.0,26.0,170.0,1872.0,0.0,0.0,0.9385964912280702,2.0,0.015625
1.0,3.0,2.0,3.0,4.0,170.0,288.0,0.0,0.0,0.6228070175438597,1.0,64.0
4.0,5.0,6.0,34.0,10.0,4449.0,720.0,0.0,0.0,0.9298245614035088,2.0,0.015625
0.0,5.0,6.0,51.0,2.0,7130.0,144.0,0.0,0.0,0.6228070175438597,1.0,8192.0
11.0,7.0,2.0,3.0,24.0,122.0,1728.0,0.0,0.0,0.9385964912280702,2.0,0.0625
18.0,3.0,6.0,19.0,41.0,1036.0,3072.0,0.0,0.0,0.956140350877193,1.0,0.0078125
0.0,3.0,6.0,34.0,2.0,14433.0,144.0,0.0,0.0,0.6228070175438597,1.0,2048.0
0.0,7.0,6.0,32.0,2.0,4131.0,144.0,0.0,0.0,0.6228070175438597,0.25,512.0
0.0,3.0,6.0,34.0,2.0,14433.0,144.0,0.0,0.0,0.6228070175438597,1.0,4096.0
1.0,7.0,6.0,35.0,4.0,4228.0,288.0,0.0,0.0,0.6228070175438597,1.0,64.0
12.0,3.0,2.0,3.0,26.0,122.0,1872.0,0.0,0.0,0.9385964912280702,2.0,0.015625
6.0,7.0,3.0,6.0,15.0,1234.0,1120.0,0.0,0.0,0.9385964912280702,1.0,4.0
0.0,5.0,6.0,43.0,2.0,6014.0,144.0,0.0,0.0,0.6228070175438597,1.0,1024.0
0.0,5.0,2.0,3.0,2.0,362.0,144.0,0.0,0.0,0.6228070175438597,2.0,32768.0
0.0,3.0,6.0,21.0,2.0,1101.0,144.0,0.0,0.0,0.6228070175438597,2.0,4096.0
23.0,7.0,12.0,152.0,67.0,51465.0,5584.0,0.0,0.0,0.956140350877193,0.25,0.125
1.0,7.0,6.0,27.0,4.0,11142.0,288.0,0.0,0.0,0.6228070175438597,2.0,64.0
19.0,7.0,6.0,32.0,74.0,4131.0,6688.0,0.0,0.0,0.956140350877193,0.25,0.03125
0.0,5.0,6.0,34.0,2.0,1953.0,144.0,0.0,0.0,0.6228070175438597,1.0,4096.0
11.0,3.0,2.0,3.0,26.0,170.0,1952.0,0.0,0.0,0.9385964912280702,1.0,1.0
6.0,7.0,7.0,46.0,14.0,16469.0,1008.0,0.0,0.0,0.9385964912280702,2.0,4.0
11.0,3.0,6.0,51.0,24.0,3026.0,1728.0,0.0,0.0,0.9385964912280702,2.0,0.25
0.0,5.0,6.0,27.0,2.0,1542.0,144.0,0.0,0.0,0.6228070175438597,1.0,128.0
6.0,7.0,2.0,3.0,15.0,170.0,1120.0,0.0,0.0,0.9385964912280702,1.0,4.0
13.0,5.0,6.0,32.0,30.0,13347.0,2240.0,0.0,0.0,0.9473684210526315,1.0,0.5
0.0,3.0,6.0,17.0,2.0,866.0,144.0,0.0,0.0,0.6228070175438597,0.25,8192.0
32.0,5.0,6.0,51.0,114.0,7130.0,10128.0,0.0,0.0,0.956140350877193,0.25,0.00195312
0.0,3.0,2.0,3.0,2.0,170.0,144.0,0.0,0.0,0.6228070175438597,2.0,32768.0
0.0,5.0,6.0,51.0,2.0,23546.0,144.0,0.0,0.0,0.6228070175438597,2.0,2048.0
12.0,3.0,2.0,3.0,26.0,362.0,1872.0,0.0,0.0,0.9385964912280702,2.0,0.03125
18.0,7.0,2.0,3.0,41.0,170.0,3072.0,0.0,0.0,0.956140350877193,1.0,0.00390625
0.0,5.0,6.0,51.0,2.0,23546.0,144.0,0.0,0.0,0.6228070175438597,2.0,1024.0
7.0,5.0,9.0,73.0,19.0,4049.0,1488.0,0.0,0.0,0.9298245614035088,0.25,4.0
12.0,7.0,2.0,3.0,26.0,122.0,1872.0,0.0,0.0,0.9385964912280702,2.0,0.00195312
0.0,7.0,11.0,134.0,2.0,7118.0,144.0,0.0,0.0,0.6228070175438597,2.0,256.0
11.0,5.0,10.0,106.0,24.0,5836.0,1728.0,0.0,0.0,0.9385964912280702,2.0,0.125
0.0,7.0,5.0,18.0,2.0,1728.0,144.0,0.0,0.0,0.6228070175438597,2.0,1024.0
0.0,3.0,6.0,17.0,2.0,5066.0,144.0,0.0,0.0,0.6228070175438597,0.25,256.0
0.0,5.0,2.0,3.0,2.0,170.0,144.0,0.0,0.0,0.6228070175438597,0.25,256.0
7.0,3.0,6.0,34.0,16.0,4449.0,1152.0,0.0,0.0,0.9385964912280702,2.0,2.0
1.0,5.0,6.0,32.0,4.0,13347.0,288.0,0.0,0.0,0.6228070175438597,2.0,32.0
18.0,3.0,6.0,32.0,41.0,13347.0,3072.0,0.0,0.0,0.956140350877193,1.0,0.03125
0.0,5.0,6.0,51.0,2.0,7130.0,144.0,0.0,0.0,0.6228070175438597,1.0,1024.0
18.0,7.0,8.0,38.0,41.0,1626.0,3072.0,0.0,0.0,0.956140350877193,1.0,0.00195312
11.0,3.0,5.0,12.0,26.0,1184.0,1952.0,0.0,0.0,0.9385964912280702,1.0,1.0
11.0,3.0,3.0,6.0,24.0,466.0,1728.0,0.0,0.0,0.9385964912280702,2.0,0.25
0.0,5.0,6.0,21.0,2.0,1101.0,144.0,0.0,0.0,0.6228070175438597,2.0,512.0
28.0,7.0,2.0,3.0,93.0,170.0,8096.0,0.0,0.0,0.956140350877193,0.25,0.03125
7.0,5.0,2.0,3.0,16.0,362.0,1152.0,0.0,0.0,0.9385964912280702,2.0,2.0
4.0,3.0,2.0,3.0,17.0,170.0,1504.0,0.0,0.0,0.9298245614035088,0.5,0.5
0.0,3.0,2.0,3.0,2.0,362.0,144.0,0.0,0.0,0.6228070175438597,0.25,8192.0
0.0,5.0,9.0,73.0,2.0,4049.0,144.0,0.0,0.0,0.6228070175438597,0.25,32768.0
4.0,3.0,6.0,31.0,24.0,11265.0,2288.0,0.0,0.0,0.9473684210526315,0.25,0.0625
4.0,7.0,6.0,34.0,10.0,1953.0,720.0,0.0,0.0,0.9298245614035088,2.0,2.0
0.0,5.0,4.0,9.0,2.0,2235.0,144.0,0.0,0.0,0.6228070175438597,2.0,2048.0
2.0,5.0,10.0,106.0,8.0,5261.0,656.0,0.0,0.0,0.8947368421052632,0.25,16.0
12.0,3.0,3.0,6.0,26.0,1234.0,1872.0,0.0,0.0,0.9385964912280702,2.0,0.03125
18.0,7.0,2.0,3.0,41.0,362.0,3072.0,0.0,0.0,0.956140350877193,1.0,0.00390625
18.0,3.0,5.0,14.0,41.0,4958.0,3072.0,0.0,0.0,0.956140350877193,1.0,0.00390625
0.0,3.0,2.0,3.0,2.0,170.0,144.0,0.0,0.0,0.6228070175438597,1.0,1024.0
9.0,3.0,2.0,3.0,22.0,122.0,1664.0,0.0,0.0,0.9385964912280702,1.0,0.25
1.0,3.0,6.0,51.0,4.0,3026.0,288.0,0.0,0.0,0.6228070175438597,1.0,64.0
11.0,5.0,2.0,3.0,24.0,170.0,1728.0,0.0,0.0,0.9385964912280702,2.0,0.125
4.0,7.0,6.0,51.0,11.0,23546.0,832.0,0.0,0.0,0.9385964912280702,1.0,4.0
12.0,5.0,3.0,6.0,26.0,466.0,1872.0,0.0,0.0,0.9385964912280702,2.0,0.015625
11.0,7.0,6.0,22.0,24.0,1186.0,1728.0,0.0,0.0,0.9385964912280702,2.0,0.0625
11.0,7.0,6.0,22.0,24.0,2530.0,1728.0,0.0,0.0,0.9385964912280702,2.0,0.0625
18.0,5.0,10.0,124.0,41.0,44888.0,3072.0,0.0,0.0,0.956140350877193,1.0,0.0078125
1.0,5.0,6.0,35.0,4.0,1924.0,288.0,0.0,0.0,0.6228070175438597,2.0,64.0
6.0,3.0,6.0,32.0,15.0,1827.0,1120.0,0.0,0.0,0.9385964912280702,1.0,4.0
4.0,3.0,2.0,3.0,26.0,170.0,2512.0,0.0,0.0,0.9385964912280702,0.25,0.0078125
3.0,5.0,6.0,25.0,8.0,1167.0,576.0,0.0,0.0,0.9035087719298246,1.0,16.0
0.0,7.0,8.0,35.0,2.0,1527.0,144.0,0.0,0.0,0.6228070175438597,1.0,4096.0
0.0,5.0,5.0,14.0,2.0,4958.0,144.0,0.0,0.0,0.6228070175438597,1.0,256.0
0.0,5.0,2.0,3.0,2.0,122.0,144.0,0.0,0.0,0.6228070175438597,0.25,128.0
0.0,7.0,2.0,3.0,2.0,170.0,144.0,0.0,0.0,0.6228070175438597,1.0,8192.0
20.0,3.0,2.0,3.0,56.0,122.0,4592.0,0.0,0.0,0.956140350877193,0.25,0.25
9.0,7.0,6.0,30.0,23.0,1632.0,1776.0,0.0,0.0,0.956140350877193,1.0,0.125
1.0,7.0,2.0,3.0,4.0,170.0,288.0,0.0,0.0,0.6228070175438597,0.25,64.0
19.0,3.0,5.0,12.0,77.0,996.0,7024.0,0.0,0.0,0.956140350877193,0.25,0.015625
12.0,3.0,6.0,34.0,26.0,1953.0,1872.0,0.0,0.0,0.9385964912280702,2.0,0.00390625
2.0,7.0,6.0,51.0,6.0,23546.0,432.0,0.0,0.0,0.9035087719298246,2.0,16.0
4.0,7.0,6.0,51.0,10.0,3026.0,720.0,0.0,0.0,0.9298245614035088,2.0,8.0
0.0,7.0,3.0,6.0,2.0,274.0,144.0,0.0,0.0,0.6228070175438597,2.0,32768.0
0.0,5.0,5.0,16.0,2.0,5023.0,144.0,0.0,0.0,0.6228070175438597,0.25,256.0
11.0,7.0,6.0,32.0,24.0,4131.0,1728.0,0.0,0.0,0.9385964912280702,2.0,0.0625
4.0,3.0,3.0,6.0,12.0,1234.0,944.0,0.0,0.0,0.9122807017543859,0.25,8.0
9.0,3.0,6.0,34.0,20.0,1953.0,1440.0,0.0,0.0,0.9385964912280702,2.0,1.0
18.0,5.0,2.0,3.0,41.0,122.0,3072.0,0.0,0.0,0.956140350877193,1.0,0.0078125
0.0,5.0,2.0,3.0,2.0,170.0,144.0,0.0,0.0,0.6228070175438597,1.0,2048.0
18.0,7.0,2.0,3.0,41.0,170.0,3072.0,0.0,0.0,0.956140350877193,1.0,0.03125
0.0,5.0,6.0,21.0,2.0,6981.0,144.0,0.0,0.0,0.6228070175438597,0.25,4096.0
0.0,7.0,2.0,3.0,2.0,170.0,144.0,0.0,0.0,0.6228070175438597,1.0,8192.0
18.0,7.0,6.0,19.0,41.0,6916.0,3072.0,0.0,0.0,0.956140350877193,1.0,0.00195312
20.0,3.0,6.0,35.0,56.0,1924.0,4592.0,0.0,0.0,0.956140350877193,0.25,0.25
0.0,3.0,6.0,32.0,2.0,1827.0,144.0,0.0,0.0,0.6228070175438597,0.25,512.0
30.0,3.0,2.0,3.0,102.0,122.0,8944.0,0.0,0.0,0.956140350877193,0.25,0.015625
26.0,3.0,9.0,88.0,80.0,36649.0,6800.0,0.0,0.0,0.956140350877193,0.25,0.0625
4.0,5.0,3.0,6.0,12.0,1234.0,944.0,0.0,0.0,0.9473684210526315,1.0,0.5
0.0,5.0,10.0,102.0,2.0,31527.0,144.0,0.0,0.0,0.6228070175438597,1.0,16384.0
4.0,7.0,2.0,3.0,12.0,170.0,944.0,0.0,0.0,0.9122807017543859,0.25,8.0
18.0,3.0,2.0,3.0,41.0,122.0,3072.0,0.0,0.0,0.956140350877193,1.0,0.00195312
4.0,7.0,11.0,148.0,12.0,16470.0,944.0,0.0,0.0,0.9473684210526315,1.0,1.0
12.0,7.0,2.0,3.0,26.0,122.0,1872.0,0.0,0.0,0.9385964912280702,2.0,0.00390625
10.0,5.0,6.0,21.0,22.0,6981.0,1584.0,0.0,0.0,0.9385964912280702,2.0,0.5
11.0,3.0,6.0,39.0,24.0,4865.0,1728.0,0.0,0.0,0.9385964912280702,2.0,0.125
0.0,5.0,2.0,3.0,2.0,170.0,144.0,0.0,0.0,0.6228070175438597,0.25,32768.0
26.0,7.0,6.0,34.0,80.0,1953.0,6800.0,0.0,0.0,0.956140350877193,0.25,0.0625
0.0,3.0,6.0,51.0,2.0,23546.0,144.0,0.0,0.0,0.6228070175438597,2.0,8192.0
0.0,5.0,6.0,25.0,2.0,2885.0,144.0,0.0,0.0,0.6228070175438597,0.25,8192.0
12.0,7.0,6.0,34.0,26.0,14433.0,1872.0,0.0,0.0,0.9385964912280702,2.0,0.015625
12.0,5.0,2.0,3.0,26.0,170.0,1872.0,0.0,0.0,0.9385964912280702,2.0,0.03125
18.0,5.0,6.0,32.0,41.0,4131.0,3072.0,0.0,0.0,0.956140350877193,1.0,0.03125
0.0,3.0,2.0,3.0,2.0,362.0,144.0,0.0,0.0,0.6228070175438597,2.0,2048.0
6.0,3.0,2.0,3.0,14.0,362.0,1008.0,0.0,0.0,0.9385964912280702,2.0,4.0
0.0,3.0,10.0,130.0,2.0,14815.0,144.0,0.0,0.0,0.6228070175438597,1.0,512.0
1.0,7.0,11.0,134.0,4.0,15305.0,288.0,0.0,0.0,0.6228070175438597,1.0,64.0
11.0,5.0,2.0,3.0,24.0,362.0,1728.0,0.0,0.0,0.9385964912280702,2.0,0.25
12.0,7.0,2.0,3.0,26.0,170.0,1872.0,0.0,0.0,0.9385964912280702,2.0,0.000976562
11.0,5.0,2.0,3.0,26.0,170.0,1952.0,0.0,0.0,0.9385964912280702,1.0,1.0
32.0,7.0,6.0,34.0,117.0,1953.0,10464.0,0.0,0.0,0.956140350877193,0.25,0.000976562
9.0,7.0,2.0,3.0,20.0,170.0,1440.0,0.0,0.0,0.9385964912280702,2.0,1.0
6.0,3.0,8.0,70.0,15.0,8044.0,1120.0,0.0,0.0,0.9385964912280702,1.0,4.0
15.0,5.0,2.0,3.0,34.0,122.0,2528.0,0.0,0.0,0.956140350877193,1.0,0.25
0.0,7.0,5.0,12.0,2.0,1184.0,144.0,0.0,0.0,0.6228070175438597,2.0,1024.0
12.0,7.0,6.0,34.0,34.0,1953.0,2768.0,0.0,0.0,0.956140350877193,0.25,1.0
11.0,5.0,6.0,34.0,24.0,14433.0,1728.0,0.0,0.0,0.9385964912280702,2.0,0.0625
12.0,3.0,3.0,6.0,26.0,274.0,1872.0,0.0,0.0,0.9385964912280702,2.0,0.000976562
0.0,5.0,6.0,32.0,2.0,13347.0,144.0,0.0,0.0,0.6228070175438597,1.0,16384.0
18.0,3.0,5.0,14.0,41.0,1598.0,3072.0,0.0,0.0,0.956140350877193,1.0,0.03125
18.0,5.0,2.0,3.0,41.0,170.0,3072.0,0.0,0.0,0.956140350877193,1.0,0.000976562
12.0,7.0,2.0,3.0,26.0,122.0,1872.0,0.0,0.0,0.9385964912280702,2.0,0.00390625
12.0,7.0,2.0,3.0,26.0,362.0,1872.0,0.0,0.0,0.9385964912280702,2.0,0.00195312
0.0,5.0,6.0,51.0,2.0,3026.0,144.0,0.0,0.0,0.6228070175438597,1.0,8192.0
11.0,3.0,2.0,3.0,24.0,170.0,1728.0,0.0,0.0,0.9385964912280702,2.0,0.125
3.0,5.0,2.0,3.0,8.0,170.0,576.0,0.0,0.0,0.9035087719298246,1.0,16.0
0.0,5.0,11.0,134.0,2.0,15305.0,144.0,0.0,0.0,0.6228070175438597,0.25,8192.0
12.0,5.0,6.0,27.0,26.0,3462.0,1872.0,0.0,0.0,0.9385964912280702,2.0,0.03125
0.0,3.0,2.0,3.0,2.0,122.0,144.0,0.0,0.0,0.6228070175438597,2.0,2048.0
12.0,7.0,10.0,106.0,26.0,5836.0,1872.0,0.0,0.0,0.9385964912280702,2.0,0.015625
11.0,5.0,2.0,3.0,24.0,170.0,1728.0,0.0,0.0,0.9385964912280702,2.0,0.25
0.0,5.0,2.0,3.0,2.0,170.0,144.0,0.0,0.0,0.6228070175438597,2.0,256.0
11.0,5.0,2.0,3.0,26.0,122.0,1952.0,0.0,0.0,0.9385964912280702,1.0,1.0
14.0,7.0,3.0,6.0,32.0,274.0,2384.0,0.0,0.0,0.9473684210526315,1.0,0.25
0.0,5.0,2.0,3.0,2.0,122.0,144.0,0.0,0.0,0.6228070175438597,1.0,32768.0
4.0,5.0,9.0,73.0,10.0,9089.0,720.0,0.0,0.0,0.9298245614035088,2.0,8.0
17.0,3.0,6.0,51.0,39.0,23546.0,2928.0,0.0,0.0,0.956140350877193,1.0,0.0625
11.0,3.0,6.0,42.0,24.0,2455.0,1728.0,0.0,0.0,0.9385964912280702,2.0,0.0625
9.0,7.0,5.0,19.0,20.0,1761.0,1440.0,0.0,0.0,0.9385964912280702,2.0,1.0
0.0,3.0,5.0,14.0,2.0,4958.0,144.0,0.0,0.0,0.6228070175438597,1.0,4096.0
0.0,5.0,2.0,3.0,2.0,170.0,144.0,0.0,0.0,0.6228070175438597,0.25,16384.0
12.0,3.0,2.0,3.0,26.0,362.0,1872.0,0.0,0.0,0.9385964912280702,2.0,0.015625
12.0,7.0,2.0,3.0,34.0,362.0,2768.0,0.0,0.0,0.956140350877193,0.25,1.0
1.0,7.0,6.0,51.0,4.0,3026.0,288.0,0.0,0.0,0.6228070175438597,1.0,64.0
6.0,7.0,2.0,3.0,15.0,170.0,1120.0,0.0,0.0,0.9385964912280702,1.0,4.0
9.0,3.0,3.0,6.0,20.0,466.0,1440.0,0.0,0.0,0.9385964912280702,2.0,1.0
4.0,5.0,6.0,42.0,25.0,18655.0,2400.0,0.0,0.0,0.9385964912280702,0.25,0.03125
11.0,7.0,2.0,3.0,24.0,122.0,1728.0,0.0,0.0,0.9385964912280702,2.0,0.0625
17.0,7.0,2.0,3.0,39.0,122.0,2928.0,0.0,0.0,0.956140350877193,1.0,0.0625
28.0,5.0,6.0,51.0,93.0,23546.0,8096.0,0.0,0.0,0.956140350877193,0.25,0.03125
14.0,3.0,5.0,14.0,32.0,758.0,2384.0,0.0,0.0,0.9473684210526315,1.0,0.25
3.0,5.0,2.0,3.0,8.0,170.0,576.0,0.0,0.0,0.9035087719298246,1.0,16.0
6.0,3.0,6.0,32.0,15.0,4131.0,1120.0,0.0,0.0,0.9385964912280702,1.0,4.0
1.0,3.0,2.0,3.0,4.0,362.0,288.0,0.0,0.0,0.6228070175438597,1.0,64.0
12.0,3.0,8.0,37.0,34.0,2552.0,2768.0,0.0,0.0,0.956140350877193,0.25,1.0
12.0,7.0,10.0,106.0,26.0,41476.0,1872.0,0.0,0.0,0.9385964912280702,2.0,0.015625
0.0,7.0,2.0,3.0,2.0,362.0,144.0,0.0,0.0,0.6228070175438597,1.0,4096.0
0.0,5.0,6.0,51.0,2.0,3026.0,144.0,0.0,0.0,0.6228070175438597,1.0,256.0
31.0,5.0,5.0,12.0,108.0,996.0,9536.0,0.0,0.0,0.956140350877193,0.25,0.0078125
0.0,5.0,2.0,3.0,2.0,170.0,144.0,0.0,0.0,0.6228070175438597,0.25,256.0
11.0,7.0,2.0,3.0,24.0,362.0,1728.0,0.0,0.0,0.9385964912280702,2.0,0.125
0.0,5.0,3.0,6.0,2.0,1234.0,144.0,0.0,0.0,0.6228070175438597,1.0,1024.0
12.0,3.0,2.0,3.0,26.0,170.0,1872.0,0.0,0.0,0.9385964912280702,2.0,0.00195312
12.0,3.0,3.0,6.0,26.0,1234.0,1872.0,0.0,0.0,0.9385964912280702,2.0,0.00390625
12.0,3.0,6.0,34.0,26.0,1953.0,1872.0,0.0,0.0,0.9385964912280702,2.0,0.015625
0.0,7.0,2.0,3.0,2.0,170.0,144.0,0.0,0.0,0.6228070175438597,2.0,2048.0
18.0,5.0,2.0,3.0,41.0,170.0,3072.0,0.0,0.0,0.956140350877193,1.0,0.00390625
0.0,3.0,6.0,34.0,2.0,14433.0,144.0,0.0,0.0,0.6228070175438597,2.0,1024.0
6.0,7.0,6.0,51.0,15.0,23546.0,1120.0,0.0,0.0,0.9385964912280702,1.0,4.0
9.0,3.0,2.0,3.0,20.0,122.0,1440.0,0.0,0.0,0.9385964912280702,2.0,1.0
33.0,3.0,2.0,3.0,116.0,362.0,10272.0,0.0,0.0,0.956140350877193,0.25,0.000976562
12.0,3.0,6.0,32.0,26.0,4131.0,1872.0,0.0,0.0,0.9385964912280702,2.0,0.000976562
1.0,3.0,2.0,3.0,4.0,170.0,288.0,0.0,0.0,0.6228070175438597,1.0,64.0
0.0,7.0,6.0,32.0,2.0,1827.0,144.0,0.0,0.0,0.6228070175438597,1.0,512.0
0.0,5.0,6.0,39.0,2.0,4865.0,144.0,0.0,0.0,0.6228070175438597,1.0,2048.0
28.0,5.0,6.0,21.0,93.0,2277.0,8096.0,0.0,0.0,0.956140350877193,0.25,0.03125
7.0,5.0,2.0,3.0,19.0,122.0,1488.0,0.0,0.0,0.9298245614035088,0.25,4.0
18.0,7.0,2.0,3.0,41.0,362.0,3072.0,0.0,0.0,0.956140350877193,1.0,0.03125
4.0,5.0,6.0,34.0,10.0,14433.0,720.0,0.0,0.0,0.9298245614035088,2.0,0.00390625
12.0,7.0,2.0,3.0,26.0,170.0,1872.0,0.0,0.0,0.9385964912280702,2.0,0.000976562
12.0,3.0,6.0,28.0,34.0,3487.0,2768.0,0.0,0.0,0.956140350877193,0.25,1.0
2.0,5.0,2.0,3.0,6.0,170.0,432.0,0.0,0.0,0.9035087719298246,2.0,16.0
11.0,7.0,6.0,34.0,24.0,4449.0,1728.0,0.0,0.0,0.9385964912280702,2.0,0.125
4.0,3.0,6.0,34.0,12.0,14433.0,944.0,0.0,0.0,0.9473684210526315,1.0,1.0
12.0,3.0,6.0,51.0,26.0,3026.0,1872.0,0.0,0.0,0.9385964912280702,2.0,0.00390625
18.0,7.0,6.0,21.0,41.0,1101.0,3072.0,0.0,0.0,0.956140350877193,1.0,0.00195312
6.0,7.0,2.0,3.0,14.0,362.0,1008.0,0.0,0.0,0.9385964912280702,2.0,4.0
0.0,5.0,2.0,3.0,2.0,362.0,144.0,0.0,0.0,0.6228070175438597,1.0,4096.0
0.0,7.0,6.0,34.0,2.0,4449.0,144.0,0.0,0.0,0.6228070175438597,2.0,2048.0
18.0,5.0,2.0,3.0,41.0,122.0,3072.0,0.0,0.0,0.956140350877193,1.0,0.00390625
12.0,3.0,2.0,3.0,26.0,122.0,1872.0,0.0,0.0,0.9385964912280702,2.0,0.015625
0.0,7.0,6.0,34.0,2.0,4449.0,144.0,0.0,0.0,0.6228070175438597,2.0,8192.0
26.0,3.0,6.0,34.0,80.0,1953.0,6800.0,0.0,0.0,0.956140350877193,0.25,0.0625
20.0,7.0,6.0,21.0,56.0,1101.0,4592.0,0.0,0.0,0.956140350877193,0.25,0.25
0.0,5.0,2.0,3.0,2.0,170.0,144.0,0.0,0.0,0.6228070175438597,0.25,256.0
1.0,5.0,2.0,3.0,4.0,362.0,288.0,0.0,0.0,0.6228070175438597,0.25,64.0
18.0,3.0,7.0,46.0,41.0,5237.0,3072.0,0.0,0.0,0.956140350877193,1.0,0.00195312
0.0,3.0,6.0,34.0,2.0,14433.0,144.0,0.0,0.0,0.6228070175438597,1.0,8192.0
4.0,3.0,3.0,6.0,12.0,274.0,944.0,0.0,0.0,0.9122807017543859,0.25,8.0
26.0,7.0,6.0,27.0,80.0,3462.0,6800.0,0.0,0.0,0.956140350877193,0.25,0.0625
0.0,5.0,10.0,102.0,2.0,5127.0,144.0,0.0,0.0,0.6228070175438597,0.25,32768.0
30.0,7.0,3.0,6.0,102.0,274.0,8944.0,0.0,0.0,0.956140350877193,0.25,0.015625
0.0,7.0,9.0,88.0,2.0,4969.0,144.0,0.0,0.0,0.6228070175438597,0.25,512.0
0.0,5.0,2.0,3.0,2.0,362.0,144.0,0.0,0.0,0.6228070175438597,0.25,4096.0
9.0,7.0,6.0,32.0,20.0,13347.0,1440.0,0.0,0.0,0.9385964912280702,2.0,1.0
0.0,5.0,6.0,35.0,2.0,13444.0,144.0,0.0,0.0,0.6228070175438597,2.0,2048.0
11.0,3.0,6.0,19.0,24.0,1036.0,1728.0,0.0,0.0,0.9385964912280702,2.0,0.0625
4.0,7.0,6.0,51.0,12.0,23546.0,944.0,0.0,0.0,0.9122807017543859,0.25,8.0
0.0,5.0,6.0,34.0,2.0,14433.0,144.0,0.0,0.0,0.6228070175438597,0.25,4096.0
18.0,3.0,6.0,51.0,41.0,3026.0,3072.0,0.0,0.0,0.956140350877193,1.0,0.03125
1.0,5.0,2.0,3.0,4.0,170.0,288.0,0.0,0.0,0.6228070175438597,2.0,32.0
20.0,7.0,6.0,30.0,56.0,11232.0,4592.0,0.0,0.0,0.956140350877193,0.25,0.25
9.0,3.0,6.0,34.0,23.0,4449.0,1776.0,0.0,0.0,0.956140350877193,1.0,0.125
0.0,3.0,2.0,3.0,2.0,362.0,144.0,0.0,0.0,0.6228070175438597,1.0,8192.0
0.0,3.0,2.0,3.0,2.0,362.0,144.0,0.0,0.0,0.6228070175438597,2.0,32768.0
4.0,3.0,6.0,51.0,10.0,7130.0,720.0,0.0,0.0,0.9298245614035088,2.0,8.0
13.0,5.0,5.0,14.0,30.0,758.0,2240.0,0.0,0.0,0.9473684210526315,1.0,0.5
2.0,3.0,8.0,35.0,6.0,6327.0,432.0,0.0,0.0,0.9035087719298246,2.0,16.0
12.0,7.0,5.0,16.0,26.0,823.0,1872.0,0.0,0.0,0.9385964912280702,2.0,0.00390625
19.0,7.0,6.0,34.0,77.0,4449.0,7024.0,0.0,0.0,0.956140350877193,0.25,0.015625
1.0,3.0,6.0,34.0,4.0,4449.0,288.0,0.0,0.0,0.6228070175438597,0.25,64.0
0.0,5.0,3.0,6.0,2.0,1234.0,144.0,0.0,0.0,0.6228070175438597,0.25,1024.0
0.0,5.0,6.0,22.0,2.0,7906.0,144.0,0.0,0.0,0.6228070175438597,0.25,128.0
12.0,5.0,5.0,14.0,26.0,1598.0,1872.0,0.0,0.0,0.9385964912280702,2.0,0.0078125
11.0,3.0,6.0,51.0,24.0,3026.0,1728.0,0.0,0.0,0.9385964912280702,2.0,0.0625
11.0,3.0,6.0,51.0,24.0,23546.0,1728.0,0.0,0.0,0.9385964912280702,2.0,0.0625
7.0,5.0,2.0,3.0,19.0,362.0,1488.0,0.0,0.0,0.9298245614035088,0.25,4.0
0.0,3.0,7.0,46.0,2.0,5237.0,144.0,0.0,0.0,0.6228070175438597,1.0,4096.0
4.0,7.0,6.0,25.0,26.0,5967.0,2512.0,0.0,0.0,0.9385964912280702,0.25,0.0078125
0.0,5.0,6.0,51.0,2.0,7130.0,144.0,0.0,0.0,0.6228070175438597,1.0,1024.0
6.0,7.0,2.0,3.0,15.0,170.0,1120.0,0.0,0.0,0.9385964912280702,1.0,4.0
0.0,5.0,6.0,27.0,2.0,3462.0,144.0,0.0,0.0,0.6228070175438597,1.0,32768.0
9.0,7.0,6.0,32.0,22.0,13347.0,1664.0,0.0,0.0,0.9385964912280702,1.0,0.25
12.0,5.0,6.0,35.0,26.0,13444.0,1872.0,0.0,0.0,0.9385964912280702,2.0,0.015625
0.0,7.0,10.0,124.0,2.0,6608.0,144.0,0.0,0.0,0.6228070175438597,1.0,1024.0
18.0,7.0,9.0,73.0,41.0,29249.0,3072.0,0.0,0.0,0.956140350877193,1.0,0.00390625
12.0,7.0,6.0,31.0,26.0,1665.0,1872.0,0.0,0.0,0.9385964912280702,2.0,0.03125
18.0,3.0,2.0,3.0,41.0,122.0,3072.0,0.0,0.0,0.956140350877193,1.0,0.00390625
18.0,5.0,5.0,14.0,41.0,758.0,3072.0,0.0,0.0,0.956140350877193,1.0,0.0078125
4.0,3.0,6.0,39.0,10.0,4865.0,720.0,0.0,0.0,0.9298245614035088,2.0,2.0
4.0,7.0,2.0,3.0,24.0,122.0,2288.0,0.0,0.0,0.9473684210526315,0.25,0.0625
0.0,7.0,3.0,6.0,2.0,274.0,144.0,0.0,0.0,0.6228070175438597,0.25,8192.0
4.0,3.0,10.0,105.0,11.0,31622.0,832.0,0.0,0.0,0.9385964912280702,1.0,4.0
12.0,5.0,4.0,9.0,26.0,435.0,1872.0,0.0,0.0,0.9385964912280702,2.0,0.000976562
12.0,5.0,6.0,34.0,26.0,14433.0,1872.0,0.0,0.0,0.9385964912280702,2.0,0.00390625
1.0,7.0,6.0,34.0,4.0,4449.0,288.0,0.0,0.0,0.6228070175438597,1.0,64.0
18.0,3.0,2.0,3.0,41.0,170.0,3072.0,0.0,0.0,0.956140350877193,1.0,0.00195312
18.0,7.0,2.0,3.0,41.0,170.0,3072.0,0.0,0.0,0.956140350877193,1.0,0.03125
7.0,7.0,6.0,25.0,16.0,2885.0,1152.0,0.0,0.0,0.9385964912280702,2.0,2.0
4.0,5.0,6.0,32.0,10.0,1827.0,720.0,0.0,0.0,0.9298245614035088,2.0,0.0078125
12.0,5.0,6.0,32.0,34.0,1827.0,2768.0,0.0,0.0,0.956140350877193,0.25,1.0
0.0,7.0,2.0,3.0,2.0,122.0,144.0,0.0,0.0,0.6228070175438597,0.25,256.0
9.0,5.0,6.0,21.0,20.0,6981.0,1440.0,0.0,0.0,0.9385964912280702,2.0,1.0
4.0,7.0,8.0,38.0,17.0,6426.0,1504.0,0.0,0.0,0.9298245614035088,0.5,0.5
18.0,5.0,2.0,3.0,41.0,170.0,3072.0,0.0,0.0,0.956140350877193,1.0,0.00390625
0.0,5.0,9.0,73.0,2.0,29249.0,144.0,0.0,0.0,0.6228070175438597,0.25,256.0
28.0,3.0,2.0,3.0,93.0,170.0,8096.0,0.0,0.0,0.956140350877193,0.25,0.03125
11.0,7.0,3.0,6.0,24.0,466.0,1728.0,0.0,0.0,0.9385964912280702,2.0,0.25
11.0,7.0,6.0,51.0,26.0,3026.0,1952.0,0.0,0.0,0.9385964912280702,1.0,1.0
12.0,7.0,2.0,3.0,26.0,122.0,1872.0,0.0,0.0,0.9385964912280702,2.0,0.03125
18.0,3.0,2.0,3.0,41.0,170.0,3072.0,0.0,0.0,0.956140350877193,1.0,0.00390625
9.0,5.0,6.0,17.0,21.0,866.0,1552.0,0.0,0.0,0.9385964912280702,1.0,2.0
0.0,5.0,10.0,106.0,2.0,41476.0,144.0,0.0,0.0,0.6228070175438597,0.25,512.0
12.0,5.0,11.0,134.0,26.0,48041.0,1872.0,0.0,0.0,0.9385964912280702,2.0,0.015625
0.0,7.0,2.0,3.0,2.0,362.0,144.0,0.0,0.0,0.6228070175438597,2.0,32768.0
0.0,7.0,2.0,3.0,2.0,170.0,144.0,0.0,0.0,0.6228070175438597,0.25,8192.0
6.0,3.0,6.0,32.0,15.0,1827.0,1120.0,0.0,0.0,0.9385964912280702,1.0,4.0
0.0,3.0,6.0,17.0,2.0,5066.0,144.0,0.0,0.0,0.6228070175438597,2.0,1024.0
12.0,5.0,6.0,27.0,26.0,11142.0,1872.0,0.0,0.0,0.9385964912280702,2.0,0.00195312
0.0,3.0,2.0,3.0,2.0,170.0,144.0,0.0,0.0,0.6228070175438597,2.0,256.0
12.0,5.0,3.0,6.0,26.0,466.0,1872.0,0.0,0.0,0.9385964912280702,2.0,0.00390625
12.0,3.0,2.0,3.0,26.0,170.0,1872.0,0.0,0.0,0.9385964912280702,2.0,0.00195312
6.0,3.0,6.0,51.0,15.0,3026.0,1120.0,0.0,0.0,0.9385964912280702,1.0,4.0
12.0,7.0,6.0,27.0,26.0,1542.0,1872.0,0.0,0.0,0.9385964912280702,2.0,0.015625
1.0,3.0,12.0,150.0,4.0,7916.0,288.0,0.0,0.0,0.6228070175438597,1.0,64.0
0.0,5.0,6.0,21.0,2.0,6981.0,144.0,0.0,0.0,0.6228070175438597,1.0,256.0
0.0,7.0,2.0,3.0,2.0,122.0,144.0,0.0,0.0,0.6228070175438597,1.0,4096.0
12.0,5.0,3.0,6.0,34.0,274.0,2768.0,0.0,0.0,0.956140350877193,0.25,1.0
9.0,5.0,2.0,3.0,20.0,362.0,1440.0,0.0,0.0,0.9385964912280702,2.0,1.0
11.0,7.0,2.0,3.0,24.0,170.0,1728.0,0.0,0.0,0.9385964912280702,2.0,0.25
6.0,3.0,10.0,124.0,14.0,14264.0,1008.0,0.0,0.0,0.9385964912280702,2.0,4.0
11.0,7.0,6.0,34.0,26.0,1953.0,1952.0,0.0,0.0,0.9385964912280702,1.0,1.0
19.0,3.0,5.0,14.0,74.0,1598.0,6688.0,0.0,0.0,0.956140350877193,0.25,0.03125
1.0,3.0,6.0,51.0,4.0,23546.0,288.0,0.0,0.0,0.6228070175438597,2.0,64.0
23.0,3.0,6.0,25.0,67.0,2885.0,5584.0,0.0,0.0,0.956140350877193,0.25,0.125
0.0,7.0,7.0,46.0,2.0,2429.0,144.0,0.0,0.0,0.6228070175438597,2.0,4096.0
1.0,7.0,4.0,9.0,4.0,795.0,288.0,0.0,0.0,0.6228070175438597,1.0,64.0
12.0,3.0,6.0,34.0,26.0,14433.0,1872.0,0.0,0.0,0.9385964912280702,2.0,0.015625
0.0,5.0,6.0,32.0,2.0,13347.0,144.0,0.0,0.0,0.6228070175438597,1.0,1024.0
12.0,7.0,6.0,51.0,26.0,23546.0,1872.0,0.0,0.0,0.9385964912280702,2.0,0.00390625
0.0,5.0,5.0,18.0,2.0,888.0,144.0,0.0,0.0,0.6228070175438597,1.0,512.0
0.0,3.0,6.0,34.0,2.0,1953.0,144.0,0.0,0.0,0.6228070175438597,0.25,512.0
0.0,7.0,6.0,34.0,2.0,1953.0,144.0,0.0,0.0,0.6228070175438597,1.0,2048.0
18.0,7.0,6.0,19.0,41.0,6916.0,3072.0,0.0,0.0,0.956140350877193,1.0,0.0078125
0.0,5.0,2.0,3.0,2.0,170.0,144.0,0.0,0.0,0.6228070175438597,1.0,16384.0
11.0,3.0,2.0,3.0,24.0,362.0,1728.0,0.0,0.0,0.9385964912280702,2.0,0.0625
11.0,5.0,6.0,51.0,24.0,7130.0,1728.0,0.0,0.0,0.9385964912280702,2.0,0.0625
6.0,5.0,10.0,106.0,15.0,5836.0,1120.0,0.0,0.0,0.9385964912280702,1.0,4.0
0.0,3.0,2.0,3.0,2.0,362.0,144.0,0.0,0.0,0.6228070175438597,2.0,32768.0
13.0,5.0,6.0,48.0,30.0,22299.0,2240.0,0.0,0.0,0.9473684210526315,1.0,0.5
12.0,7.0,6.0,27.0,26.0,1542.0,1872.0,0.0,0.0,0.9385964912280702,2.0,0.00195312
0.0,7.0,8.0,37.0,2.0,2552.0,144.0,0.0,0.0,0.6228070175438597,2.0,4096.0
0.0,5.0,6.0,32.0,2.0,13347.0,144.0,0.0,0.0,0.6228070175438597,1.0,8192.0
14.0,7.0,10.0,124.0,33.0,14264.0,2496.0,0.0,0.0,0.9473684210526315,1.0,0.125
1.0,5.0,6.0,41.0,4.0,2303.0,288.0,0.0,0.0,0.6228070175438597,2.0,32.0
0.0,3.0,6.0,21.0,2.0,1101.0,144.0,0.0,0.0,0.6228070175438597,0.25,4096.0
0.0,3.0,5.0,12.0,2.0,1184.0,144.0,0.0,0.0,0.6228070175438597,0.25,256.0
18.0,7.0,2.0,3.0,41.0,362.0,3072.0,0.0,0.0,0.956140350877193,1.0,0.0078125
0.0,5.0,2.0,3.0,2.0,170.0,144.0,0.0,0.0,0.6228070175438597,1.0,16384.0
11.0,5.0,3.0,6.0,24.0,274.0,1728.0,0.0,0.0,0.9385964912280702,2.0,0.0625
4.0,3.0,7.0,46.0,10.0,2429.0,720.0,0.0,0.0,0.9298245614035088,1.0,8.0
26.0,7.0,6.0,34.0,80.0,14433.0,6800.0,0.0,0.0,0.956140350877193,0.25,0.0625
0.0,7.0,6.0,32.0,2.0,13347.0,144.0,0.0,0.0,0.6228070175438597,1.0,32768.0
0.0,7.0,11.0,142.0,2.0,15919.0,144.0,0.0,0.0,0.6228070175438597,1.0,256.0
4.0,5.0,2.0,3.0,25.0,170.0,2400.0,0.0,0.0,0.9385964912280702,0.25,0.015625
18.0,3.0,6.0,34.0,41.0,1953.0,3072.0,0.0,0.0,0.956140350877193,1.0,0.00195312
0.0,7.0,2.0,3.0,2.0,170.0,144.0,0.0,0.0,0.6228070175438597,1.0,128.0
1.0,7.0,6.0,34.0,4.0,1953.0,288.0,0.0,0.0,0.6228070175438597,1.0,32.0
0.0,5.0,2.0,3.0,2.0,362.0,144.0,0.0,0.0,0.6228070175438597,0.25,128.0
2.0,5.0,6.0,51.0,8.0,7130.0,656.0,0.0,0.0,0.8947368421052632,0.25,16.0
0.0,5.0,6.0,34.0,2.0,1953.0,144.0,0.0,0.0,0.6228070175438597,1.0,8192.0
20.0,3.0,6.0,51.0,56.0,23546.0,4592.0,0.0,0.0,0.956140350877193,0.25,0.25
0.0,7.0,6.0,34.0,2.0,1953.0,144.0,0.0,0.0,0.6228070175438597,1.0,8192.0
2.0,7.0,2.0,3.0,8.0,170.0,656.0,0.0,0.0,0.8947368421052632,0.25,16.0
0.0,7.0,5.0,12.0,2.0,608.0,144.0,0.0,0.0,0.6228070175438597,0.25,128.0
1.0,5.0,2.0,3.0,4.0,122.0,288.0,0.0,0.0,0.6228070175438597,1.0,32.0
0.0,5.0,2.0,3.0,2.0,362.0,144.0,0.0,0.0,0.6228070175438597,1.0,128.0
4.0,7.0,11.0,142.0,25.0,49711.0,2400.0,0.0,0.0,0.9385964912280702,0.25,0.015625
0.0,3.0,2.0,3.0,2.0,122.0,144.0,0.0,0.0,0.6228070175438597,1.0,4096.0
0.0,5.0,6.0,32.0,2.0,4131.0,144.0,0.0,0.0,0.6228070175438597,1.0,256.0
0.0,5.0,2.0,3.0,2.0,362.0,144.0,0.0,0.0,0.6228070175438597,1.0,32768.0
26.0,5.0,6.0,51.0,80.0,3026.0,6800.0,0.0,0.0,0.956140350877193,0.25,0.0625
0.0,3.0,5.0,12.0,2.0,3488.0,144.0,0.0,0.0,0.6228070175438597,1.0,32768.0
30.0,3.0,2.0,3.0,102.0,122.0,8944.0,0.0,0.0,0.956140350877193,0.25,0.015625
9.0,3.0,6.0,34.0,20.0,4449.0,1440.0,0.0,0.0,0.9385964912280702,2.0,0.0078125
0.0,3.0,2.0,3.0,2.0,362.0,144.0,0.0,0.0,0.6228070175438597,0.25,1024.0
0.0,3.0,2.0,3.0,2.0,170.0,144.0,0.0,0.0,0.6228070175438597,1.0,4096.0
0.0,3.0,6.0,32.0,2.0,4131.0,144.0,0.0,0.0,0.6228070175438597,1.0,2048.0
18.0,5.0,8.0,37.0,41.0,6392.0,3072.0,0.0,0.0,0.956140350877193,1.0,0.0078125
0.0,3.0,6.0,48.0,2.0,6747.0,144.0,0.0,0.0,0.6228070175438597,0.25,256.0
11.0,7.0,2.0,3.0,24.0,122.0,1728.0,0.0,0.0,0.9385964912280702,2.0,0.0625
0.0,7.0,10.0,124.0,2.0,44888.0,144.0,0.0,0.0,0.6228070175438597,1.0,16384.0
4.0,3.0,5.0,14.0,13.0,758.0,1056.0,0.0,0.0,0.9385964912280702,1.0,0.03125
1.0,7.0,6.0,32.0,4.0,1827.0,288.0,0.0,0.0,0.6228070175438597,2.0,32.0
14.0,5.0,2.0,3.0,33.0,122.0,2496.0,0.0,0.0,0.9473684210526315,1.0,0.125
19.0,3.0,6.0,35.0,54.0,1924.0,4448.0,0.0,0.0,0.956140350877193,0.25,0.25
0.0,5.0,6.0,51.0,2.0,23546.0,144.0,0.0,0.0,0.6228070175438597,2.0,4096.0
12.0,5.0,6.0,34.0,26.0,1953.0,1872.0,0.0,0.0,0.9385964912280702,2.0,0.00195312
0.0,3.0,6.0,51.0,2.0,3026.0,144.0,0.0,0.0,0.6228070175438597,0.25,4096.0
0.0,3.0,2.0,3.0,2.0,170.0,144.0,0.0,0.0,0.6228070175438597,2.0,32768.0
0.0,7.0,2.0,3.0,2.0,362.0,144.0,0.0,0.0,0.6228070175438597,1.0,8192.0
13.0,7.0,6.0,19.0,30.0,2212.0,2240.0,0.0,0.0,0.9473684210526315,1.0,0.5
0.0,3.0,2.0,3.0,2.0,170.0,144.0,0.0,0.0,0.6228070175438597,1.0,8192.0
6.0,7.0,2.0,3.0,15.0,122.0,1120.0,0.0,0.0,0.9385964912280702,1.0,4.0
29.0,3.0,2.0,3.0,100.0,122.0,8800.0,0.0,0.0,0.956140350877193,0.25,0.015625
30.0,3.0,6.0,32.0,102.0,4131.0,8944.0,0.0,0.0,0.956140350877193,0.25,0.015625
18.0,5.0,6.0,29.0,41.0,1668.0,3072.0,0.0,0.0,0.956140350877193,1.0,0.0078125
0.0,5.0,6.0,51.0,2.0,7130.0,144.0,0.0,0.0,0.6228070175438597,1.0,2048.0
4.0,3.0,6.0,51.0,10.0,7130.0,720.0,0.0,0.0,0.9298245614035088,2.0,0.015625
11.0,7.0,6.0,25.0,24.0,9029.0,1728.0,0.0,0.0,0.9385964912280702,2.0,0.0625
0.0,3.0,5.0,14.0,2.0,4958.0,144.0,0.0,0.0,0.6228070175438597,1.0,8192.0
0.0,7.0,6.0,32.0,2.0,1827.0,144.0,0.0,0.0,0.6228070175438597,1.0,16384.0
1.0,5.0,6.0,34.0,4.0,4449.0,288.0,0.0,0.0,0.6228070175438597,1.0,64.0
0.0,7.0,2.0,3.0,2.0,122.0,144.0,0.0,0.0,0.6228070175438597,1.0,512.0
3.0,3.0,4.0,9.0,8.0,2235.0,576.0,0.0,0.0,0.9035087719298246,1.0,16.0
12.0,5.0,6.0,43.0,26.0,2558.0,1872.0,0.0,0.0,0.9385964912280702,2.0,0.00390625
0.0,7.0,6.0,21.0,2.0,2277.0,144.0,0.0,0.0,0.6228070175438597,1.0,1024.0
9.0,7.0,6.0,32.0,20.0,1827.0,1440.0,0.0,0.0,0.9385964912280702,2.0,1.0
0.0,3.0,6.0,35.0,2.0,1924.0,144.0,0.0,0.0,0.6228070175438597,1.0,128.0
0.0,5.0,10.0,124.0,2.0,44888.0,144.0,0.0,0.0,0.6228070175438597,2.0,4096.0
0.0,3.0,2.0,3.0,2.0,362.0,144.0,0.0,0.0,0.6228070175438597,1.0,4096.0
11.0,5.0,2.0,3.0,26.0,170.0,1952.0,0.0,0.0,0.9385964912280702,1.0,1.0
11.0,5.0,2.0,3.0,24.0,362.0,1728.0,0.0,0.0,0.9385964912280702,2.0,0.25
0.0,3.0,3.0,6.0,2.0,1234.0,144.0,0.0,0.0,0.6228070175438597,1.0,1024.0
0.0,3.0,2.0,3.0,2.0,362.0,144.0,0.0,0.0,0.6228070175438597,2.0,32768.0
12.0,7.0,6.0,51.0,34.0,3026.0,2768.0,0.0,0.0,0.956140350877193,0.25,1.0
0.0,5.0,2.0,3.0,2.0,122.0,144.0,0.0,0.0,0.6228070175438597,1.0,4096.0
0.0,7.0,2.0,3.0,2.0,362.0,144.0,0.0,0.0,0.6228070175438597,1.0,256.0
12.0,5.0,6.0,27.0,26.0,3462.0,1872.0,0.0,0.0,0.9385964912280702,2.0,0.015625
12.0,7.0,2.0,3.0,26.0,122.0,1872.0,0.0,0.0,0.9385964912280702,2.0,0.00195312
11.0,3.0,6.0,17.0,24.0,1706.0,1728.0,0.0,0.0,0.9385964912280702,2.0,0.125
0.0,3.0,10.0,106.0,2.0,12964.0,144.0,0.0,0.0,0.6228070175438597,2.0,1024.0
7.0,3.0,5.0,18.0,19.0,888.0,1488.0,0.0,0.0,0.9298245614035088,0.25,4.0
12.0,7.0,2.0,3.0,26.0,122.0,1872.0,0.0,0.0,0.9385964912280702,2.0,0.00390625
12.0,7.0,2.0,3.0,26.0,362.0,1872.0,0.0,0.0,0.9385964912280702,2.0,0.015625
0.0,7.0,2.0,3.0,2.0,170.0,144.0,0.0,0.0,0.6228070175438597,0.25,512.0
9.0,7.0,11.0,134.0,21.0,15305.0,1552.0,0.0,0.0,0.9385964912280702,1.0,2.0
0.0,3.0,3.0,6.0,2.0,1234.0,144.0,0.0,0.0,0.6228070175438597,2.0,2048.0
12.0,5.0,2.0,3.0,26.0,362.0,1872.0,0.0,0.0,0.9385964912280702,2.0,0.03125
13.0,3.0,9.0,73.0,30.0,9089.0,2240.0,0.0,0.0,0.9473684210526315,1.0,0.5
0.0,5.0,2.0,3.0,2.0,122.0,144.0,0.0,0.0,0.6228070175438597,0.25,8192.0
32.0,3.0,2.0,3.0,113.0,122.0,10016.0,0.0,0.0,0.956140350877193,0.25,0.00195312
0.0,5.0,2.0,3.0,2.0,122.0,144.0,0.0,0.0,0.6228070175438597,2.0,32768.0
0.0,7.0,2.0,3.0,2.0,362.0,144.0,0.0,0.0,0.6228070175438597,0.25,256.0
18.0,7.0,8.0,38.0,41.0,2586.0,3072.0,0.0,0.0,0.956140350877193,1.0,0.00390625
4.0,5.0,5.0,12.0,17.0,608.0,1504.0,0.0,0.0,0.9298245614035088,0.5,0.5
9.0,7.0,3.0,6.0,20.0,274.0,1440.0,0.0,0.0,0.9385964912280702,2.0,1.0
11.0,5.0,6.0,21.0,26.0,2277.0,1952.0,0.0,0.0,0.9385964912280702,1.0,1.0
11.0,5.0,2.0,3.0,24.0,362.0,1728.0,0.0,0.0,0.9385964912280702,2.0,0.25
0.0,3.0,6.0,51.0,2.0,3026.0,144.0,0.0,0.0,0.6228070175438597,2.0,512.0
7.0,3.0,2.0,3.0,16.0,362.0,1152.0,0.0,0.0,0.9385964912280702,2.0,2.0
4.0,7.0,6.0,34.0,10.0,14433.0,720.0,0.0,0.0,0.9298245614035088,2.0,0.0078125
1.0,3.0,6.0,34.0,4.0,1953.0,288.0,0.0,0.0,0.6228070175438597,2.0,32.0
7.0,5.0,6.0,25.0,16.0,9029.0,1152.0,0.0,0.0,0.9385964912280702,2.0,2.0
0.0,3.0,6.0,39.0,2.0,15617.0,144.0,0.0,0.0,0.6228070175438597,1.0,1024.0
18.0,5.0,6.0,34.0,41.0,4449.0,3072.0,0.0,0.0,0.956140350877193,1.0,0.03125
0.0,5.0,10.0,105.0,2.0,10502.0,144.0,0.0,0.0,0.6228070175438597,0.25,256.0
12.0,7.0,9.0,73.0,34.0,9089.0,2768.0,0.0,0.0,0.956140350877193,0.25,1.0
0.0,3.0,6.0,27.0,2.0,11142.0,144.0,0.0,0.0,0.6228070175438597,0.25,256.0
11.0,3.0,2.0,3.0,24.0,362.0,1728.0,0.0,0.0,0.9385964912280702,2.0,0.125
1.0,5.0,6.0,51.0,4.0,23546.0,288.0,0.0,0.0,0.6228070175438597,1.0,64.0
12.0,7.0,6.0,25.0,26.0,2127.0,1872.0,0.0,0.0,0.9385964912280702,2.0,0.00390625
12.0,7.0,6.0,22.0,26.0,1186.0,1872.0,0.0,0.0,0.9385964912280702,2.0,0.000976562
0.0,3.0,6.0,35.0,2.0,4228.0,144.0,0.0,0.0,0.6228070175438597,2.0,2048.0
2.0,3.0,6.0,32.0,8.0,4131.0,656.0,0.0,0.0,0.8947368421052632,0.25,16.0
12.0,5.0,2.0,3.0,26.0,122.0,1872.0,0.0,0.0,0.9385964912280702,2.0,0.03125
18.0,5.0,2.0,3.0,41.0,122.0,3072.0,0.0,0.0,0.956140350877193,1.0,0.00390625
0.0,5.0,6.0,51.0,2.0,7130.0,144.0,0.0,0.0,0.6228070175438597,1.0,1024.0
12.0,7.0,5.0,14.0,26.0,4958.0,1872.0,0.0,0.0,0.9385964912280702,2.0,0.015625
9.0,5.0,6.0,22.0,22.0,2530.0,1664.0,0.0,0.0,0.9385964912280702,1.0,0.25
0.0,7.0,3.0,6.0,2.0,274.0,144.0,0.0,0.0,0.6228070175438597,1.0,32768.0
0.0,5.0,7.0,46.0,2.0,16469.0,144.0,0.0,0.0,0.6228070175438597,0.25,8192.0
0.0,3.0,2.0,3.0,2.0,122.0,144.0,0.0,0.0,0.6228070175438597,0.25,32768.0
4.0,5.0,2.0,3.0,24.0,170.0,2288.0,0.0,0.0,0.9473684210526315,0.25,0.0625
18.0,7.0,6.0,32.0,41.0,1827.0,3072.0,0.0,0.0,0.956140350877193,1.0,0.0078125
0.0,3.0,3.0,6.0,2.0,466.0,144.0,0.0,0.0,0.6228070175438597,1.0,256.0
0.0,3.0,6.0,34.0,2.0,14433.0,144.0,0.0,0.0,0.6228070175438597,0.25,128.0
1.0,3.0,6.0,34.0,4.0,14433.0,288.0,0.0,0.0,0.6228070175438597,2.0,64.0
6.0,5.0,2.0,3.0,15.0,170.0,1120.0,0.0,0.0,0.9385964912280702,1.0,4.0
0.0,7.0,6.0,34.0,2.0,14433.0,144.0,0.0,0.0,0.6228070175438597,1.0,1024.0
4.0,5.0,6.0,30.0,26.0,3552.0,2512.0,0.0,0.0,0.9385964912280702,0.25,0.0078125
3.0,3.0,2.0,3.0,8.0,362.0,576.0,0.0,0.0,0.9035087719298246,1.0,16.0
12.0,7.0,2.0,3.0,26.0,122.0,1872.0,0.0,0.0,0.9385964912280702,2.0,0.0078125
0.0,7.0,5.0,12.0,2.0,564.0,144.0,0.0,0.0,0.6228070175438597,0.25,128.0
18.0,3.0,6.0,34.0,41.0,4449.0,3072.0,0.0,0.0,0.956140350877193,1.0,0.0078125
0.0,7.0,6.0,51.0,2.0,7130.0,144.0,0.0,0.0,0.6228070175438597,0.25,1024.0
7.0,7.0,8.0,35.0,19.0,2487.0,1488.0,0.0,0.0,0.9298245614035088,0.25,4.0
12.0,3.0,6.0,51.0,26.0,23546.0,1872.0,0.0,0.0,0.9385964912280702,2.0,0.015625
13.0,7.0,2.0,3.0,30.0,170.0,2240.0,0.0,0.0,0.9473684210526315,1.0,0.5
19.0,5.0,2.0,3.0,77.0,122.0,7024.0,0.0,0.0,0.956140350877193,0.25,0.015625
12.0,5.0,2.0,3.0,26.0,122.0,1872.0,0.0,0.0,0.9385964912280702,2.0,0.00390625
20.0,5.0,6.0,27.0,56.0,11142.0,4592.0,0.0,0.0,0.956140350877193,0.25,0.25
1.0,7.0,2.0,3.0,4.0,122.0,288.0,0.0,0.0,0.6228070175438597,2.0,32.0
0.0,7.0,6.0,35.0,2.0,4228.0,144.0,0.0,0.0,0.6228070175438597,0.25,4096.0
18.0,3.0,6.0,32.0,41.0,4131.0,3072.0,0.0,0.0,0.956140350877193,1.0,0.0078125
0.0,3.0,2.0,3.0,2.0,170.0,144.0,0.0,0.0,0.6228070175438597,1.0,2048.0
0.0,7.0,2.0,3.0,2.0,122.0,144.0,0.0,0.0,0.6228070175438597,0.25,4096.0
0.0,3.0,2.0,3.0,2.0,122.0,144.0,0.0,0.0,0.6228070175438597,0.25,256.0
4.0,5.0,6.0,34.0,12.0,4449.0,944.0,0.0,0.0,0.9122807017543859,0.25,8.0
0.0,7.0,7.0,46.0,2.0,16469.0,144.0,0.0,0.0,0.6228070175438597,2.0,2048.0
9.0,5.0,2.0,3.0,20.0,170.0,1440.0,0.0,0.0,0.9385964912280702,2.0,1.0
0.0,7.0,2.0,3.0,2.0,362.0,144.0,0.0,0.0,0.6228070175438597,0.25,32768.0
26.0,5.0,6.0,32.0,80.0,1827.0,6800.0,0.0,0.0,0.956140350877193,0.25,0.0625
4.0,3.0,6.0,34.0,12.0,14433.0,944.0,0.0,0.0,0.9473684210526315,1.0,0.5
0.0,3.0,6.0,25.0,2.0,1349.0,144.0,0.0,0.0,0.6228070175438597,1.0,16384.0
0.0,5.0,6.0,34.0,2.0,14433.0,144.0,0.0,0.0,0.6228070175438597,0.25,512.0
30.0,5.0,2.0,3.0,102.0,122.0,8944.0,0.0,0.0,0.956140350877193,0.25,0.015625
1.0,7.0,2.0,3.0,4.0,122.0,288.0,0.0,0.0,0.6228070175438597,0.25,64.0
0.0,7.0,6.0,34.0,2.0,4449.0,144.0,0.0,0.0,0.6228070175438597,0.25,256.0
20.0,5.0,6.0,34.0,56.0,14433.0,4592.0,0.0,0.0,0.956140350877193,0.25,0.25
0.0,3.0,2.0,3.0,2.0,362.0,144.0,0.0,0.0,0.6228070175438597,0.25,4096.0
18.0,7.0,6.0,28.0,41.0,11167.0,3072.0,0.0,0.0,0.956140350877193,1.0,0.00390625
12.0,3.0,2.0,3.0,26.0,170.0,1872.0,0.0,0.0,0.9385964912280702,2.0,0.03125
18.0,3.0,11.0,146.0,41.0,7690.0,3072.0,0.0,0.0,0.956140350877193,1.0,0.03125
0.0,5.0,2.0,3.0,2.0,170.0,144.0,0.0,0.0,0.6228070175438597,2.0,2048.0
0.0,7.0,6.0,39.0,2.0,2177.0,144.0,0.0,0.0,0.6228070175438597,1.0,4096.0
6.0,5.0,6.0,34.0,14.0,4449.0,1008.0,0.0,0.0,0.9385964912280702,2.0,4.0
0.0,3.0,2.0,3.0,2.0,122.0,144.0,0.0,0.0,0.6228070175438597,0.25,32768.0
0.0,5.0,8.0,70.0,2.0,3724.0,144.0,0.0,0.0,0.6228070175438597,2.0,8192.0
0.0,3.0,2.0,3.0,2.0,170.0,144.0,0.0,0.0,0.6228070175438597,0.25,8192.0
11.0,5.0,2.0,3.0,24.0,362.0,1728.0,0.0,0.0,0.9385964912280702,2.0,0.125
18.0,5.0,2.0,3.0,41.0,122.0,3072.0,0.0,0.0,0.956140350877193,1.0,0.00195312
10.0,3.0,6.0,21.0,22.0,6981.0,1584.0,0.0,0.0,0.9385964912280702,2.0,0.5
4.0,7.0,6.0,39.0,10.0,15617.0,720.0,0.0,0.0,0.9298245614035088,2.0,0.00390625
7.0,7.0,2.0,3.0,19.0,122.0,1488.0,0.0,0.0,0.9298245614035088,0.25,4.0
18.0,5.0,11.0,132.0,41.0,6969.0,3072.0,0.0,0.0,0.956140350877193,1.0,0.03125
2.0,7.0,11.0,134.0,6.0,7118.0,432.0,0.0,0.0,0.9035087719298246,2.0,16.0
11.0,3.0,2.0,3.0,24.0,170.0,1728.0,0.0,0.0,0.9385964912280702,2.0,0.0625
12.0,5.0,6.0,51.0,26.0,7130.0,1872.0,0.0,0.0,0.9385964912280702,2.0,0.000976562
0.0,3.0,2.0,3.0,2.0,362.0,144.0,0.0,0.0,0.6228070175438597,1.0,16384.0
6.0,5.0,5.0,14.0,15.0,758.0,1120.0,0.0,0.0,0.9385964912280702,1.0,4.0
15.0,3.0,6.0,32.0,34.0,13347.0,2528.0,0.0,0.0,0.956140350877193,1.0,0.25
28.0,7.0,2.0,3.0,93.0,122.0,8096.0,0.0,0.0,0.956140350877193,0.25,0.03125
0.0,7.0,3.0,6.0,2.0,466.0,144.0,0.0,0.0,0.6228070175438597,1.0,2048.0
0.0,5.0,5.0,12.0,2.0,608.0,144.0,0.0,0.0,0.6228070175438597,1.0,512.0
11.0,3.0,6.0,34.0,24.0,4449.0,1728.0,0.0,0.0,0.9385964912280702,2.0,0.25
11.0,3.0,2.0,3.0,26.0,362.0,1952.0,0.0,0.0,0.9385964912280702,1.0,1.0
18.0,7.0,2.0,3.0,41.0,362.0,3072.0,0.0,0.0,0.956140350877193,1.0,0.00390625
12.0,3.0,9.0,73.0,26.0,4049.0,1872.0,0.0,0.0,0.9385964912280702,2.0,0.03125
0.0,5.0,2.0,3.0,2.0,362.0,144.0,0.0,0.0,0.6228070175438597,2.0,2048.0
3.0,3.0,3.0,6.0,8.0,466.0,576.0,0.0,0.0,0.9035087719298246,1.0,16.0
0.0,3.0,2.0,3.0,2.0,170.0,144.0,0.0,0.0,0.6228070175438597,0.25,8192.0
0.0,3.0,2.0,3.0,2.0,362.0,144.0,0.0,0.0,0.6228070175438597,1.0,8192.0
11.0,5.0,5.0,12.0,24.0,2724.0,1728.0,0.0,0.0,0.9385964912280702,2.0,0.125
0.0,7.0,2.0,3.0,2.0,170.0,144.0,0.0,0.0,0.6228070175438597,0.25,256.0
31.0,7.0,10.0,106.0,108.0,12964.0,9536.0,0.0,0.0,0.956140350877193,0.25,0.0078125
18.0,3.0,2.0,3.0,41.0,122.0,3072.0,0.0,0.0,0.956140350877193,1.0,0.000976562
0.0,7.0,8.0,37.0,2.0,6392.0,144.0,0.0,0.0,0.6228070175438597,1.0,1024.0
3.0,7.0,2.0,3.0,8.0,122.0,576.0,0.0,0.0,0.9035087719298246,1.0,16.0
0.0,7.0,2.0,3.0,2.0,170.0,144.0,0.0,0.0,0.6228070175438597,1.0,256.0
0.0,5.0,2.0,3.0,2.0,122.0,144.0,0.0,0.0,0.6228070175438597,1.0,4096.0
0.0,3.0,2.0,3.0,2.0,122.0,144.0,0.0,0.0,0.6228070175438597,0.25,16384.0
12.0,5.0,11.0,134.0,26.0,7118.0,1872.0,0.0,0.0,0.9385964912280702,2.0,0.015625
17.0,5.0,6.0,27.0,39.0,1542.0,2928.0,0.0,0.0,0.956140350877193,1.0,0.0625
11.0,5.0,6.0,51.0,24.0,7130.0,1728.0,0.0,0.0,0.9385964912280702,2.0,0.0625
4.0,7.0,2.0,3.0,25.0,122.0,2400.0,0.0,0.0,0.9385964912280702,0.25,0.03125
11.0,3.0,6.0,32.0,24.0,13347.0,1728.0,0.0,0.0,0.9385964912280702,2.0,0.25
0.0,3.0,2.0,3.0,2.0,362.0,144.0,0.0,0.0,0.6228070175438597,2.0,256.0
11.0,3.0,2.0,3.0,26.0,122.0,1952.0,0.0,0.0,0.9385964912280702,1.0,1.0
28.0,7.0,5.0,19.0,93.0,921.0,8096.0,0.0,0.0,0.956140350877193,0.25,0.03125
0.0,3.0,6.0,42.0,2.0,5695.0,144.0,0.0,0.0,0.6228070175438597,1.0,32768.0
4.0,3.0,3.0,6.0,10.0,1234.0,720.0,0.0,0.0,0.9298245614035088,2.0,8.0
32.0,5.0,2.0,3.0,117.0,170.0,10464.0,0.0,0.0,0.956140350877193,0.25,0.000976562
4.0,3.0,9.0,65.0,10.0,2966.0,720.0,0.0,0.0,0.9298245614035088,1.0,8.0
1.0,5.0,6.0,17.0,4.0,5066.0,288.0,0.0,0.0,0.6228070175438597,2.0,32.0
0.0,5.0,6.0,34.0,2.0,4449.0,144.0,0.0,0.0,0.6228070175438597,2.0,4096.0
0.0,7.0,2.0,3.0,2.0,170.0,144.0,0.0,0.0,0.6228070175438597,1.0,2048.0
0.0,5.0,6.0,51.0,2.0,23546.0,144.0,0.0,0.0,0.6228070175438597,2.0,128.0
14.0,3.0,5.0,14.0,39.0,1598.0,3168.0,0.0,0.0,0.956140350877193,0.25,0.5
18.0,5.0,6.0,34.0,41.0,1953.0,3072.0,0.0,0.0,0.956140350877193,1.0,0.000976562
1.0,3.0,2.0,3.0,4.0,362.0,288.0,0.0,0.0,0.6228070175438597,2.0,64.0
28.0,5.0,5.0,14.0,93.0,4958.0,8096.0,0.0,0.0,0.956140350877193,0.25,0.03125
0.0,5.0,2.0,3.0,2.0,170.0,144.0,0.0,0.0,0.6228070175438597,0.25,32768.0
0.0,5.0,2.0,3.0,2.0,122.0,144.0,0.0,0.0,0.6228070175438597,0.25,2048.0
4.0,3.0,2.0,3.0,18.0,122.0,1616.0,0.0,0.0,0.9385964912280702,0.25,0.5
1.0,7.0,2.0,3.0,4.0,122.0,288.0,0.0,0.0,0.6228070175438597,0.25,64.0
30.0,5.0,3.0,6.0,102.0,274.0,8944.0,0.0,0.0,0.956140350877193,0.25,0.015625
0.0,3.0,2.0,3.0,2.0,170.0,144.0,0.0,0.0,0.6228070175438597,2.0,512.0
3.0,5.0,6.0,51.0,8.0,3026.0,576.0,0.0,0.0,0.9035087719298246,1.0,16.0
0.0,7.0,5.0,14.0,2.0,1598.0,144.0,0.0,0.0,0.6228070175438597,0.25,4096.0
29.0,5.0,2.0,3.0,111.0,170.0,10032.0,0.0,0.0,0.956140350877193,0.25,0.000976562
0.0,5.0,6.0,31.0,2.0,3585.0,144.0,0.0,0.0,0.6228070175438597,2.0,1024.0
0.0,5.0,2.0,3.0,2.0,122.0,144.0,0.0,0.0,0.6228070175438597,2.0,1024.0
12.0,7.0,4.0,9.0,26.0,795.0,1872.0,0.0,0.0,0.9385964912280702,2.0,0.0078125
4.0,3.0,2.0,3.0,13.0,170.0,1056.0,0.0,0.0,0.9385964912280702,1.0,0.125
4.0,3.0,6.0,48.0,13.0,6747.0,1056.0,0.0,0.0,0.9385964912280702,1.0,0.0625
0.0,3.0,10.0,124.0,2.0,6608.0,144.0,0.0,0.0,0.6228070175438597,2.0,4096.0
32.0,7.0,6.0,35.0,117.0,1865.0,10464.0,0.0,0.0,0.956140350877193,0.25,0.000976562
17.0,3.0,6.0,36.0,39.0,11437.0,2928.0,0.0,0.0,0.956140350877193,1.0,0.0625
1.0,5.0,6.0,22.0,4.0,2530.0,288.0,0.0,0.0,0.6228070175438597,2.0,32.0
0.0,5.0,6.0,35.0,2.0,13444.0,144.0,0.0,0.0,0.6228070175438597,0.25,16384.0
0.0,5.0,6.0,51.0,2.0,23546.0,144.0,0.0,0.0,0.6228070175438597,1.0,16384.0
12.0,3.0,6.0,34.0,26.0,4449.0,1872.0,0.0,0.0,0.9385964912280702,2.0,0.000976562
1.0,7.0,8.0,52.0,4.0,13234.0,288.0,0.0,0.0,0.6228070175438597,1.0,32.0
0.0,5.0,2.0,3.0,2.0,170.0,144.0,0.0,0.0,0.6228070175438597,2.0,128.0
0.0,7.0,6.0,51.0,2.0,7130.0,144.0,0.0,0.0,0.6228070175438597,1.0,2048.0
1.0,3.0,5.0,14.0,4.0,4958.0,288.0,0.0,0.0,0.6228070175438597,2.0,64.0
10.0,5.0,2.0,3.0,22.0,170.0,1584.0,0.0,0.0,0.9385964912280702,2.0,0.5
0.0,5.0,5.0,14.0,2.0,1598.0,144.0,0.0,0.0,0.6228070175438597,0.25,2048.0
11.0,3.0,9.0,65.0,26.0,14966.0,1952.0,0.0,0.0,0.9385964912280702,1.0,1.0
0.0,3.0,6.0,51.0,2.0,23546.0,144.0,0.0,0.0,0.6228070175438597,2.0,256.0
32.0,5.0,3.0,6.0,112.0,274.0,9904.0,0.0,0.0,0.956140350877193,0.25,0.00390625
4.0,3.0,2.0,3.0,10.0,122.0,720.0,0.0,0.0,0.9298245614035088,1.0,8.0
0.0,5.0,11.0,134.0,2.0,15305.0,144.0,0.0,0.0,0.6228070175438597,1.0,256.0
28.0,7.0,2.0,3.0,93.0,170.0,8096.0,0.0,0.0,0.956140350877193,0.25,0.03125
0.0,5.0,4.0,9.0,2.0,795.0,144.0,0.0,0.0,0.6228070175438597,2.0,256.0
0.0,3.0,2.0,3.0,2.0,122.0,144.0,0.0,0.0,0.6228070175438597,2.0,512.0
18.0,5.0,2.0,3.0,41.0,170.0,3072.0,0.0,0.0,0.956140350877193,1.0,0.03125
4.0,7.0,5.0,19.0,26.0,5121.0,2512.0,0.0,0.0,0.9385964912280702,0.25,0.00390625
18.0,7.0,2.0,3.0,41.0,170.0,3072.0,0.0,0.0,0.956140350877193,1.0,0.00390625
0.0,7.0,6.0,34.0,2.0,4449.0,144.0,0.0,0.0,0.6228070175438597,0.25,2048.0
0.0,5.0,6.0,48.0,2.0,6747.0,144.0,0.0,0.0,0.6228070175438597,1.0,16384.0
17.0,3.0,6.0,28.0,39.0,1567.0,2928.0,0.0,0.0,0.956140350877193,1.0,0.0625
17.0,3.0,6.0,51.0,39.0,7130.0,2928.0,0.0,0.0,0.956140350877193,1.0,0.0625
11.0,5.0,2.0,3.0,24.0,170.0,1728.0,0.0,0.0,0.9385964912280702,2.0,0.25
14.0,3.0,6.0,51.0,49.0,23546.0,4288.0,0.0,0.0,0.956140350877193,0.25,0.125
10.0,3.0,11.0,146.0,26.0,7689.0,2032.0,0.0,0.0,0.9385964912280702,0.25,2.0
11.0,7.0,5.0,12.0,26.0,996.0,1952.0,0.0,0.0,0.9385964912280702,1.0,1.0
18.0,3.0,2.0,3.0,41.0,170.0,3072.0,0.0,0.0,0.956140350877193,1.0,0.00390625
4.0,7.0,11.0,134.0,12.0,48041.0,944.0,0.0,0.0,0.9122807017543859,0.25,8.0
14.0,3.0,2.0,3.0,63.0,170.0,5856.0,0.0,0.0,0.9649122807017544,0.25,0.00390625
0.0,3.0,5.0,12.0,2.0,2724.0,144.0,0.0,0.0,0.6228070175438597,1.0,256.0
2.0,3.0,10.0,106.0,6.0,41476.0,432.0,0.0,0.0,0.9035087719298246,0.25,32.0
9.0,3.0,11.0,134.0,20.0,15305.0,1440.0,0.0,0.0,0.9385964912280702,2.0,1.0
0.0,7.0,6.0,28.0,2.0,11167.0,144.0,0.0,0.0,0.6228070175438597,2.0,4096.0
12.0,3.0,11.0,143.0,26.0,51158.0,1872.0,0.0,0.0,0.9385964912280702,2.0,0.0078125
0.0,3.0,3.0,6.0,2.0,466.0,144.0,0.0,0.0,0.6228070175438597,2.0,8192.0
0.0,7.0,2.0,3.0,2.0,362.0,144.0,0.0,0.0,0.6228070175438597,2.0,256.0
1.0,5.0,3.0,6.0,4.0,1234.0,288.0,0.0,0.0,0.6228070175438597,0.25,64.0
0.0,5.0,3.0,6.0,2.0,274.0,144.0,0.0,0.0,0.6228070175438597,0.25,2048.0
0.0,3.0,6.0,28.0,2.0,11167.0,144.0,0.0,0.0,0.6228070175438597,2.0,256.0
0.0,7.0,5.0,14.0,2.0,758.0,144.0,0.0,0.0,0.6228070175438597,0.25,128.0
2.0,7.0,3.0,6.0,6.0,274.0,432.0,0.0,0.0,0.9035087719298246,0.25,32.0
12.0,3.0,3.0,6.0,26.0,466.0,1872.0,0.0,0.0,0.9385964912280702,2.0,0.00195312
17.0,7.0,3.0,6.0,39.0,466.0,2928.0,0.0,0.0,0.956140350877193,1.0,0.0625
2.0,7.0,2.0,3.0,6.0,122.0,432.0,0.0,0.0,0.9035087719298246,2.0,16.0
3.0,5.0,2.0,3.0,8.0,170.0,576.0,0.0,0.0,0.9035087719298246,1.0,16.0
9.0,3.0,3.0,6.0,21.0,1234.0,1552.0,0.0,0.0,0.9385964912280702,1.0,2.0
12.0,5.0,2.0,3.0,26.0,122.0,1872.0,0.0,0.0,0.9385964912280702,2.0,0.03125
9.0,5.0,12.0,150.0,46.0,7916.0,4352.0,0.0,0.0,0.9649122807017544,0.25,0.00195312
17.0,3.0,10.0,106.0,39.0,41476.0,2928.0,0.0,0.0,0.956140350877193,1.0,0.0625
1.0,3.0,2.0,3.0,4.0,170.0,288.0,0.0,0.0,0.6228070175438597,0.25,64.0
4.0,5.0,2.0,3.0,26.0,170.0,2512.0,0.0,0.0,0.9385964912280702,0.25,0.00195312
0.0,5.0,2.0,3.0,2.0,170.0,144.0,0.0,0.0,0.6228070175438597,0.25,32768.0
4.0,3.0,3.0,6.0,12.0,274.0,944.0,0.0,0.0,0.9122807017543859,0.25,8.0
0.0,7.0,5.0,12.0,2.0,2724.0,144.0,0.0,0.0,0.6228070175438597,2.0,128.0
0.0,5.0,6.0,30.0,2.0,3552.0,144.0,0.0,0.0,0.6228070175438597,0.25,32768.0
9.0,5.0,6.0,51.0,23.0,3026.0,1776.0,0.0,0.0,0.956140350877193,1.0,0.000976562
14.0,7.0,6.0,27.0,63.0,3462.0,5856.0,0.0,0.0,0.956140350877193,0.25,0.0078125
2.0,5.0,3.0,6.0,8.0,274.0,656.0,0.0,0.0,0.8947368421052632,0.25,16.0
32.0,3.0,2.0,3.0,112.0,170.0,9904.0,0.0,0.0,0.956140350877193,0.25,0.00390625
12.0,3.0,7.0,40.0,26.0,11547.0,1872.0,0.0,0.0,0.9385964912280702,2.0,0.00390625
11.0,3.0,3.0,6.0,24.0,466.0,1728.0,0.0,0.0,0.9385964912280702,2.0,0.25
1.0,7.0,10.0,124.0,4.0,44888.0,288.0,0.0,0.0,0.6228070175438597,0.25,64.0
0.0,3.0,2.0,3.0,2.0,122.0,144.0,0.0,0.0,0.6228070175438597,0.25,2048.0
0.0,7.0,3.0,6.0,2.0,274.0,144.0,0.0,0.0,0.6228070175438597,1.0,512.0
0.0,5.0,2.0,3.0,2.0,170.0,144.0,0.0,0.0,0.6228070175438597,0.25,8192.0
2.0,3.0,6.0,48.0,6.0,2859.0,432.0,0.0,0.0,0.9035087719298246,0.25,32.0
7.0,5.0,2.0,3.0,16.0,122.0,1152.0,0.0,0.0,0.9385964912280702,2.0,2.0
0.0,3.0,2.0,3.0,2.0,170.0,144.0,0.0,0.0,0.6228070175438597,0.25,4096.0
0.0,3.0,10.0,111.0,2.0,5431.0,144.0,0.0,0.0,0.6228070175438597,2.0,8192.0
0.0,5.0,6.0,29.0,2.0,3780.0,144.0,0.0,0.0,0.6228070175438597,0.25,2048.0
1.0,5.0,2.0,3.0,4.0,170.0,288.0,0.0,0.0,0.6228070175438597,0.25,64.0
9.0,5.0,6.0,22.0,21.0,2530.0,1552.0,0.0,0.0,0.9385964912280702,1.0,2.0
12.0,3.0,9.0,65.0,26.0,5366.0,1872.0,0.0,0.0,0.9385964912280702,2.0,0.00195312
0.0,5.0,6.0,48.0,2.0,2859.0,144.0,0.0,0.0,0.6228070175438597,2.0,2048.0
0.0,3.0,3.0,6.0,2.0,274.0,144.0,0.0,0.0,0.6228070175438597,2.0,256.0
14.0,3.0,8.0,38.0,37.0,2586.0,2944.0,0.0,0.0,0.9473684210526315,0.5,0.5
18.0,5.0,6.0,28.0,41.0,1567.0,3072.0,0.0,0.0,0.956140350877193,1.0,0.0078125
9.0,7.0,6.0,34.0,24.0,4449.0,1888.0,0.0,0.0,0.9385964912280702,0.25,2.0
2.0,7.0,5.0,12.0,6.0,996.0,432.0,0.0,0.0,0.9035087719298246,2.0,16.0
0.0,5.0,9.0,87.0,2.0,22074.0,144.0,0.0,0.0,0.6228070175438597,1.0,32768.0
0.0,5.0,11.0,146.0,2.0,7689.0,144.0,0.0,0.0,0.6228070175438597,2.0,512.0
1.0,3.0,2.0,3.0,4.0,170.0,288.0,0.0,0.0,0.6228070175438597,0.25,64.0
2.0,7.0,6.0,17.0,8.0,866.0,656.0,0.0,0.0,0.8947368421052632,0.25,16.0
9.0,5.0,2.0,3.0,22.0,362.0,1664.0,0.0,0.0,0.9385964912280702,1.0,0.5
26.0,7.0,2.0,3.0,80.0,170.0,6800.0,0.0,0.0,0.956140350877193,0.25,0.0625
0.0,5.0,6.0,31.0,2.0,3585.0,144.0,0.0,0.0,0.6228070175438597,2.0,256.0
18.0,3.0,3.0,6.0,41.0,1234.0,3072.0,0.0,0.0,0.956140350877193,1.0,0.00390625
1.0,3.0,2.0,3.0,4.0,122.0,288.0,0.0,0.0,0.6228070175438597,1.0,64.0
9.0,5.0,2.0,3.0,20.0,362.0,1440.0,0.0,0.0,0.9385964912280702,2.0,0.000976562
1.0,5.0,6.0,34.0,4.0,1953.0,288.0,0.0,0.0,0.6228070175438597,2.0,64.0
9.0,7.0,6.0,32.0,29.0,1827.0,2448.0,0.0,0.0,0.956140350877193,0.25,0.5
0.0,5.0,2.0,3.0,2.0,122.0,144.0,0.0,0.0,0.6228070175438597,0.25,2048.0
28.0,7.0,2.0,3.0,93.0,170.0,8096.0,0.0,0.0,0.956140350877193,0.25,0.03125
0.0,5.0,4.0,9.0,2.0,435.0,144.0,0.0,0.0,0.6228070175438597,2.0,16384.0
17.0,3.0,6.0,22.0,39.0,2530.0,2928.0,0.0,0.0,0.956140350877193,1.0,0.0625
0.0,3.0,2.0,3.0,2.0,122.0,144.0,0.0,0.0,0.6228070175438597,0.25,256.0
1.0,3.0,6.0,28.0,4.0,3487.0,288.0,0.0,0.0,0.6228070175438597,2.0,32.0
0.0,3.0,2.0,3.0,2.0,170.0,144.0,0.0,0.0,0.6228070175438597,2.0,128.0
0.0,5.0,3.0,6.0,2.0,466.0,144.0,0.0,0.0,0.6228070175438597,2.0,1024.0
7.0,5.0,2.0,3.0,16.0,170.0,1152.0,0.0,0.0,0.9385964912280702,2.0,2.0
19.0,3.0,2.0,3.0,83.0,122.0,7696.0,0.0,0.0,0.956140350877193,0.25,0.000976562
0.0,5.0,6.0,34.0,2.0,1953.0,144.0,0.0,0.0,0.6228070175438597,2.0,512.0
10.0,5.0,4.0,9.0,22.0,2235.0,1584.0,0.0,0.0,0.9385964912280702,2.0,0.5
26.0,7.0,6.0,47.0,80.0,2621.0,6800.0,0.0,0.0,0.956140350877193,0.25,0.0625
30.0,5.0,6.0,51.0,102.0,7130.0,8944.0,0.0,0.0,0.956140350877193,0.25,0.015625
30.0,7.0,6.0,32.0,102.0,11306.0,8944.0,0.0,0.0,0.956140350877193,0.25,0.015625
0.0,5.0,6.0,48.0,2.0,2859.0,144.0,0.0,0.0,0.6228070175438597,2.0,512.0
2.0,7.0,2.0,3.0,8.0,362.0,656.0,0.0,0.0,0.8947368421052632,0.25,16.0
9.0,7.0,2.0,3.0,21.0,170.0,1552.0,0.0,0.0,0.9385964912280702,1.0,2.0
1.0,5.0,6.0,48.0,4.0,2859.0,288.0,0.0,0.0,0.6228070175438597,2.0,64.0
32.0,7.0,9.0,68.0,112.0,3434.0,9904.0,0.0,0.0,0.956140350877193,0.25,0.00390625
9.0,7.0,6.0,35.0,21.0,13444.0,1552.0,0.0,0.0,0.9385964912280702,1.0,2.0
0.0,7.0,6.0,35.0,2.0,1865.0,144.0,0.0,0.0,0.6228070175438597,2.0,256.0
1.0,3.0,6.0,32.0,4.0,4131.0,288.0,0.0,0.0,0.6228070175438597,1.0,32.0
1.0,7.0,6.0,51.0,4.0,3026.0,288.0,0.0,0.0,0.6228070175438597,0.25,64.0
4.0,3.0,10.0,87.0,10.0,4085.0,720.0,0.0,0.0,0.9298245614035088,1.0,8.0
1.0,3.0,2.0,3.0,4.0,122.0,288.0,0.0,0.0,0.6228070175438597,2.0,32.0
1.0,5.0,4.0,9.0,4.0,435.0,288.0,0.0,0.0,0.6228070175438597,2.0,32.0
0.0,3.0,6.0,17.0,2.0,5066.0,144.0,0.0,0.0,0.6228070175438597,2.0,128.0
0.0,5.0,2.0,3.0,2.0,362.0,144.0,0.0,0.0,0.6228070175438597,2.0,128.0
1.0,5.0,6.0,34.0,4.0,1953.0,288.0,0.0,0.0,0.6228070175438597,1.0,64.0
33.0,3.0,2.0,3.0,116.0,122.0,10272.0,0.0,0.0,0.956140350877193,0.25,0.000976562
1.0,7.0,6.0,27.0,4.0,1542.0,288.0,0.0,0.0,0.6228070175438597,2.0,64.0
0.0,3.0,2.0,3.0,2.0,362.0,144.0,0.0,0.0,0.6228070175438597,2.0,4096.0
0.0,5.0,3.0,6.0,2.0,466.0,144.0,0.0,0.0,0.6228070175438597,2.0,256.0
12.0,5.0,2.0,3.0,26.0,170.0,1872.0,0.0,0.0,0.9385964912280702,2.0,0.00195312
9.0,7.0,2.0,3.0,37.0,362.0,3344.0,0.0,0.0,0.956140350877193,0.25,0.125
18.0,5.0,4.0,9.0,41.0,2235.0,3072.0,0.0,0.0,0.956140350877193,1.0,0.0078125
4.0,7.0,6.0,34.0,10.0,1953.0,720.0,0.0,0.0,0.9298245614035088,1.0,8.0
18.0,7.0,2.0,3.0,41.0,122.0,3072.0,0.0,0.0,0.956140350877193,1.0,0.015625
4.0,5.0,5.0,12.0,10.0,1184.0,720.0,0.0,0.0,0.9298245614035088,2.0,0.000976562
0.0,5.0,6.0,48.0,2.0,22299.0,144.0,0.0,0.0,0.6228070175438597,2.0,8192.0
9.0,7.0,4.0,9.0,46.0,2235.0,4352.0,0.0,0.0,0.9649122807017544,0.25,0.00390625
1.0,3.0,12.0,145.0,4.0,15341.0,288.0,0.0,0.0,0.6228070175438597,0.25,64.0
0.0,3.0,2.0,3.0,2.0,170.0,144.0,0.0,0.0,0.6228070175438597,0.25,2048.0
30.0,5.0,2.0,3.0,102.0,170.0,8944.0,0.0,0.0,0.956140350877193,0.25,0.015625
0.0,5.0,6.0,34.0,2.0,14433.0,144.0,0.0,0.0,0.6228070175438597,0.25,1024.0
0.0,5.0,5.0,19.0,2.0,921.0,144.0,0.0,0.0,0.6228070175438597,0.25,16384.0
2.0,5.0,5.0,19.0,6.0,921.0,432.0,0.0,0.0,0.9035087719298246,0.25,32.0
0.0,3.0,12.0,152.0,2.0,51465.0,144.0,0.0,0.0,0.6228070175438597,0.25,4096.0
17.0,5.0,2.0,3.0,39.0,122.0,2928.0,0.0,0.0,0.956140350877193,1.0,0.0625
12.0,5.0,3.0,6.0,26.0,1234.0,1872.0,0.0,0.0,0.9385964912280702,2.0,0.03125
9.0,3.0,6.0,48.0,21.0,2859.0,1552.0,0.0,0.0,0.9385964912280702,1.0,2.0
0.0,5.0,3.0,6.0,2.0,466.0,144.0,0.0,0.0,0.6228070175438597,2.0,16384.0
18.0,5.0,2.0,3.0,41.0,170.0,3072.0,0.0,0.0,0.956140350877193,1.0,0.000976562
4.0,7.0,2.0,3.0,13.0,170.0,1056.0,0.0,0.0,0.9385964912280702,1.0,0.0078125
0.0,5.0,6.0,34.0,2.0,1953.0,144.0,0.0,0.0,0.6228070175438597,1.0,128.0
0.0,5.0,2.0,3.0,2.0,362.0,144.0,0.0,0.0,0.6228070175438597,2.0,32768.0
18.0,7.0,2.0,3.0,41.0,170.0,3072.0,0.0,0.0,0.956140350877193,1.0,0.03125
32.0,3.0,2.0,3.0,112.0,170.0,9904.0,0.0,0.0,0.956140350877193,0.25,0.00390625
2.0,5.0,2.0,3.0,8.0,122.0,656.0,0.0,0.0,0.8947368421052632,0.25,16.0
4.0,7.0,6.0,35.0,12.0,1924.0,944.0,0.0,0.0,0.9122807017543859,0.25,8.0
12.0,5.0,3.0,6.0,26.0,274.0,1872.0,0.0,0.0,0.9385964912280702,2.0,0.00195312
0.0,5.0,6.0,29.0,2.0,3780.0,144.0,0.0,0.0,0.6228070175438597,2.0,256.0
9.0,3.0,5.0,14.0,46.0,758.0,4352.0,0.0,0.0,0.9649122807017544,0.25,0.0078125
0.0,5.0,2.0,3.0,2.0,170.0,144.0,0.0,0.0,0.6228070175438597,1.0,4096.0
0.0,5.0,10.0,124.0,2.0,44888.0,144.0,0.0,0.0,0.6228070175438597,2.0,8192.0
18.0,7.0,11.0,143.0,41.0,16310.0,3072.0,0.0,0.0,0.956140350877193,1.0,0.015625
4.0,5.0,2.0,3.0,10.0,170.0,720.0,0.0,0.0,0.9298245614035088,1.0,8.0
12.0,3.0,2.0,3.0,26.0,122.0,1872.0,0.0,0.0,0.9385964912280702,2.0,0.0078125
0.0,7.0,8.0,38.0,2.0,6426.0,144.0,0.0,0.0,0.6228070175438597,2.0,4096.0
4.0,7.0,6.0,51.0,10.0,23546.0,720.0,0.0,0.0,0.9298245614035088,1.0,8.0
0.0,3.0,6.0,51.0,2.0,7130.0,144.0,0.0,0.0,0.6228070175438597,0.25,2048.0
1.0,3.0,12.0,152.0,4.0,16617.0,288.0,0.0,0.0,0.6228070175438597,0.25,64.0
0.0,5.0,3.0,6.0,2.0,466.0,144.0,0.0,0.0,0.6228070175438597,1.0,32768.0
0.0,3.0,5.0,14.0,2.0,758.0,144.0,0.0,0.0,0.6228070175438597,1.0,512.0
0.0,3.0,2.0,3.0,2.0,170.0,144.0,0.0,0.0,0.6228070175438597,0.25,256.0
4.0,5.0,7.0,51.0,10.0,2731.0,720.0,0.0,0.0,0.9298245614035088,2.0,8.0
18.0,3.0,2.0,3.0,41.0,170.0,3072.0,0.0,0.0,0.956140350877193,1.0,0.00390625
2.0,5.0,2.0,3.0,6.0,362.0,432.0,0.0,0.0,0.9035087719298246,0.25,32.0
0.0,5.0,3.0,6.0,2.0,274.0,144.0,0.0,0.0,0.6228070175438597,1.0,32768.0
0.0,5.0,6.0,51.0,2.0,7130.0,144.0,0.0,0.0,0.6228070175438597,1.0,4096.0
9.0,5.0,7.0,27.0,23.0,1242.0,1776.0,0.0,0.0,0.956140350877193,1.0,0.00195312
0.0,3.0,3.0,6.0,2.0,1234.0,144.0,0.0,0.0,0.6228070175438597,1.0,256.0
10.0,3.0,10.0,124.0,26.0,14264.0,2032.0,0.0,0.0,0.9385964912280702,0.25,2.0
9.0,7.0,2.0,3.0,27.0,170.0,2224.0,0.0,0.0,0.956140350877193,0.5,0.5
17.0,5.0,2.0,3.0,39.0,170.0,2928.0,0.0,0.0,0.956140350877193,1.0,0.0625
28.0,3.0,5.0,12.0,93.0,1184.0,8096.0,0.0,0.0,0.956140350877193,0.25,0.03125
18.0,7.0,2.0,3.0,41.0,362.0,3072.0,0.0,0.0,0.956140350877193,1.0,0.03125
7.0,5.0,11.0,134.0,16.0,15305.0,1152.0,0.0,0.0,0.9385964912280702,2.0,2.0
11.0,7.0,2.0,3.0,26.0,122.0,1952.0,0.0,0.0,0.9385964912280702,1.0,1.0
2.0,3.0,11.0,134.0,8.0,48041.0,656.0,0.0,0.0,0.8947368421052632,0.25,16.0
17.0,7.0,5.0,12.0,39.0,564.0,2928.0,0.0,0.0,0.956140350877193,1.0,0.0625
9.0,5.0,2.0,3.0,27.0,170.0,2224.0,0.0,0.0,0.956140350877193,0.5,0.5
11.0,5.0,9.0,90.0,26.0,4713.0,1952.0,0.0,0.0,0.9385964912280702,1.0,1.0
7.0,7.0,5.0,12.0,16.0,3488.0,1152.0,0.0,0.0,0.9385964912280702,2.0,2.0
0.0,3.0,2.0,3.0,2.0,122.0,144.0,0.0,0.0,0.6228070175438597,2.0,4096.0
18.0,5.0,6.0,27.0,41.0,1542.0,3072.0,0.0,0.0,0.956140350877193,1.0,0.03125
9.0,3.0,12.0,150.0,21.0,7916.0,1552.0,0.0,0.0,0.9385964912280702,1.0,2.0
4.0,7.0,6.0,51.0,10.0,23546.0,720.0,0.0,0.0,0.9298245614035088,2.0,8.0
9.0,7.0,2.0,3.0,23.0,362.0,1776.0,0.0,0.0,0.956140350877193,1.0,0.00195312
0.0,7.0,11.0,141.0,2.0,7436.0,144.0,0.0,0.0,0.6228070175438597,1.0,4096.0
0.0,7.0,6.0,34.0,2.0,1953.0,144.0,0.0,0.0,0.6228070175438597,1.0,32768.0
2.0,7.0,2.0,3.0,6.0,362.0,432.0,0.0,0.0,0.9035087719298246,0.25,32.0
4.0,5.0,10.0,124.0,10.0,44888.0,720.0,0.0,0.0,0.9298245614035088,1.0,8.0
0.0,5.0,2.0,3.0,2.0,122.0,144.0,0.0,0.0,0.6228070175438597,2.0,4096.0
4.0,7.0,3.0,6.0,10.0,466.0,720.0,0.0,0.0,0.9298245614035088,1.0,8.0
18.0,5.0,6.0,51.0,41.0,3026.0,3072.0,0.0,0.0,0.956140350877193,1.0,0.015625
7.0,3.0,3.0,6.0,16.0,1234.0,1152.0,0.0,0.0,0.9385964912280702,2.0,2.0
0.0,7.0,2.0,3.0,2.0,170.0,144.0,0.0,0.0,0.6228070175438597,2.0,8192.0
0.0,3.0,2.0,3.0,2.0,362.0,144.0,0.0,0.0,0.6228070175438597,0.25,512.0
0.0,3.0,6.0,34.0,2.0,1953.0,144.0,0.0,0.0,0.6228070175438597,2.0,1024.0
0.0,7.0,2.0,3.0,2.0,122.0,144.0,0.0,0.0,0.6228070175438597,1.0,32768.0
0.0,7.0,2.0,3.0,2.0,362.0,144.0,0.0,0.0,0.6228070175438597,2.0,256.0
0.0,3.0,12.0,152.0,2.0,51465.0,144.0,0.0,0.0,0.6228070175438597,0.25,32768.0
14.0,3.0,6.0,39.0,33.0,2177.0,2496.0,0.0,0.0,0.9473684210526315,1.0,0.000976562
12.0,7.0,10.0,106.0,26.0,5836.0,1872.0,0.0,0.0,0.9385964912280702,2.0,0.00195312
4.0,5.0,2.0,3.0,12.0,122.0,944.0,0.0,0.0,0.9122807017543859,0.25,8.0
14.0,3.0,5.0,12.0,65.0,564.0,6080.0,0.0,0.0,0.9649122807017544,0.25,0.00195312
2.0,3.0,2.0,3.0,6.0,362.0,432.0,0.0,0.0,0.9035087719298246,2.0,16.0
0.0,7.0,6.0,51.0,2.0,23546.0,144.0,0.0,0.0,0.6228070175438597,1.0,4096.0
0.0,7.0,6.0,51.0,2.0,7130.0,144.0,0.0,0.0,0.6228070175438597,1.0,128.0
4.0,5.0,8.0,38.0,13.0,2586.0,1056.0,0.0,0.0,0.9385964912280702,1.0,0.0078125
3.0,3.0,6.0,29.0,8.0,12228.0,576.0,0.0,0.0,0.9035087719298246,1.0,16.0
18.0,7.0,6.0,32.0,41.0,1827.0,3072.0,0.0,0.0,0.956140350877193,1.0,0.000976562
0.0,7.0,3.0,6.0,2.0,274.0,144.0,0.0,0.0,0.6228070175438597,2.0,16384.0
17.0,7.0,2.0,3.0,39.0,362.0,2928.0,0.0,0.0,0.956140350877193,1.0,0.0625
12.0,7.0,2.0,3.0,26.0,122.0,1872.0,0.0,0.0,0.9385964912280702,2.0,0.03125
2.0,7.0,11.0,143.0,8.0,51158.0,656.0,0.0,0.0,0.8947368421052632,0.25,16.0
18.0,5.0,10.0,124.0,41.0,14264.0,3072.0,0.0,0.0,0.956140350877193,1.0,0.03125
0.0,7.0,2.0,3.0,2.0,362.0,144.0,0.0,0.0,0.6228070175438597,2.0,32768.0
0.0,7.0,2.0,3.0,2.0,362.0,144.0,0.0,0.0,0.6228070175438597,0.25,1024.0
30.0,7.0,2.0,3.0,102.0,362.0,8944.0,0.0,0.0,0.956140350877193,0.25,0.015625
4.0,3.0,3.0,6.0,13.0,1234.0,1056.0,0.0,0.0,0.9210526315789473,0.25,4.0
2.0,7.0,3.0,6.0,6.0,466.0,432.0,0.0,0.0,0.9035087719298246,0.25,32.0
0.0,7.0,4.0,9.0,2.0,435.0,144.0,0.0,0.0,0.6228070175438597,0.25,16384.0
6.0,3.0,2.0,3.0,15.0,362.0,1120.0,0.0,0.0,0.9385964912280702,1.0,4.0
30.0,3.0,2.0,3.0,102.0,170.0,8944.0,0.0,0.0,0.956140350877193,0.25,0.015625
4.0,3.0,2.0,3.0,10.0,122.0,720.0,0.0,0.0,0.9298245614035088,2.0,0.03125
9.0,5.0,2.0,3.0,46.0,362.0,4352.0,0.0,0.0,0.9649122807017544,0.25,0.00390625
4.0,7.0,2.0,3.0,10.0,362.0,720.0,0.0,0.0,0.9298245614035088,2.0,0.000976562
0.0,7.0,12.0,145.0,2.0,47021.0,144.0,0.0,0.0,0.6228070175438597,2.0,8192.0
18.0,5.0,3.0,6.0,41.0,274.0,3072.0,0.0,0.0,0.956140350877193,1.0,0.015625
9.0,5.0,5.0,12.0,37.0,608.0,3344.0,0.0,0.0,0.956140350877193,0.25,0.125
10.0,3.0,12.0,152.0,26.0,16617.0,2032.0,0.0,0.0,0.9385964912280702,0.25,2.0
12.0,7.0,6.0,34.0,26.0,4449.0,1872.0,0.0,0.0,0.9385964912280702,2.0,0.00195312
0.0,3.0,2.0,3.0,2.0,122.0,144.0,0.0,0.0,0.6228070175438597,1.0,512.0
0.0,7.0,4.0,9.0,2.0,795.0,144.0,0.0,0.0,0.6228070175438597,2.0,256.0
4.0,5.0,2.0,3.0,10.0,170.0,720.0,0.0,0.0,0.9298245614035088,1.0,8.0
2.0,3.0,4.0,9.0,6.0,795.0,432.0,0.0,0.0,0.9035087719298246,2.0,16.0
18.0,7.0,6.0,48.0,41.0,6747.0,3072.0,0.0,0.0,0.956140350877193,1.0,0.0078125
1.0,5.0,5.0,12.0,4.0,3488.0,288.0,0.0,0.0,0.6228070175438597,2.0,64.0
0.0,3.0,2.0,3.0,2.0,122.0,144.0,0.0,0.0,0.6228070175438597,0.25,1024.0
0.0,3.0,6.0,51.0,2.0,3026.0,144.0,0.0,0.0,0.6228070175438597,1.0,256.0
0.0,3.0,2.0,3.0,2.0,170.0,144.0,0.0,0.0,0.6228070175438597,2.0,2048.0
1.0,7.0,2.0,3.0,4.0,122.0,288.0,0.0,0.0,0.6228070175438597,1.0,64.0
0.0,3.0,2.0,3.0,2.0,362.0,144.0,0.0,0.0,0.6228070175438597,1.0,2048.0
0.0,7.0,3.0,6.0,2.0,1234.0,144.0,0.0,0.0,0.6228070175438597,2.0,128.0
1.0,7.0,2.0,3.0,4.0,170.0,288.0,0.0,0.0,0.6228070175438597,2.0,32.0
2.0,3.0,6.0,34.0,8.0,1953.0,656.0,0.0,0.0,0.8947368421052632,0.25,16.0
11.0,3.0,6.0,17.0,24.0,1706.0,1728.0,0.0,0.0,0.9385964912280702,2.0,0.125
32.0,5.0,2.0,3.0,112.0,122.0,9904.0,0.0,0.0,0.956140350877193,0.25,0.00390625
1.0,7.0,2.0,3.0,4.0,362.0,288.0,0.0,0.0,0.6228070175438597,2.0,64.0
1.0,5.0,2.0,3.0,4.0,170.0,288.0,0.0,0.0,0.6228070175438597,0.25,64.0
0.0,5.0,6.0,32.0,2.0,13347.0,144.0,0.0,0.0,0.6228070175438597,2.0,256.0
9.0,5.0,2.0,3.0,21.0,122.0,1552.0,0.0,0.0,0.9385964912280702,1.0,2.0
0.0,3.0,6.0,51.0,2.0,3026.0,144.0,0.0,0.0,0.6228070175438597,0.25,16384.0
2.0,5.0,6.0,35.0,8.0,4228.0,656.0,0.0,0.0,0.8947368421052632,0.25,16.0
0.0,7.0,2.0,3.0,2.0,362.0,144.0,0.0,0.0,0.6228070175438597,2.0,512.0
30.0,5.0,6.0,32.0,102.0,3626.0,8944.0,0.0,0.0,0.956140350877193,0.25,0.015625
30.0,7.0,6.0,51.0,102.0,23546.0,8944.0,0.0,0.0,0.956140350877193,0.25,0.015625
26.0,5.0,4.0,9.0,80.0,795.0,6800.0,0.0,0.0,0.956140350877193,0.25,0.0625
0.0,3.0,6.0,51.0,2.0,3026.0,144.0,0.0,0.0,0.6228070175438597,0.25,512.0
9.0,5.0,6.0,34.0,21.0,1953.0,1552.0,0.0,0.0,0.9385964912280702,1.0,2.0
0.0,3.0,6.0,42.0,2.0,2455.0,144.0,0.0,0.0,0.6228070175438597,0.25,1024.0
0.0,3.0,6.0,25.0,2.0,1349.0,144.0,0.0,0.0,0.6228070175438597,2.0,1024.0
10.0,7.0,5.0,14.0,22.0,758.0,1584.0,0.0,0.0,0.9385964912280702,2.0,0.5
0.0,7.0,3.0,6.0,2.0,1234.0,144.0,0.0,0.0,0.6228070175438597,2.0,512.0
7.0,7.0,2.0,3.0,16.0,362.0,1152.0,0.0,0.0,0.9385964912280702,2.0,2.0
0.0,3.0,6.0,28.0,2.0,11167.0,144.0,0.0,0.0,0.6228070175438597,1.0,32768.0
0.0,7.0,2.0,3.0,2.0,170.0,144.0,0.0,0.0,0.6228070175438597,2.0,1024.0
18.0,3.0,7.0,27.0,41.0,1242.0,3072.0,0.0,0.0,0.956140350877193,1.0,0.0078125
4.0,3.0,3.0,6.0,13.0,466.0,1056.0,0.0,0.0,0.9385964912280702,1.0,0.015625
0.0,7.0,6.0,22.0,2.0,7906.0,144.0,0.0,0.0,0.6228070175438597,2.0,16384.0
0.0,3.0,2.0,3.0,2.0,362.0,144.0,0.0,0.0,0.6228070175438597,1.0,2048.0
1.0,7.0,5.0,14.0,4.0,758.0,288.0,0.0,0.0,0.6228070175438597,2.0,64.0
0.0,7.0,3.0,6.0,2.0,274.0,144.0,0.0,0.0,0.6228070175438597,0.25,2048.0
9.0,5.0,6.0,34.0,29.0,14433.0,2448.0,0.0,0.0,0.956140350877193,0.25,0.5
9.0,7.0,8.0,38.0,20.0,6426.0,1440.0,0.0,0.0,0.9385964912280702,2.0,0.000976562
11.0,3.0,9.0,65.0,24.0,14966.0,1728.0,0.0,0.0,0.9385964912280702,2.0,0.25
0.0,3.0,6.0,31.0,2.0,11265.0,144.0,0.0,0.0,0.6228070175438597,2.0,4096.0
28.0,5.0,2.0,3.0,93.0,362.0,8096.0,0.0,0.0,0.956140350877193,0.25,0.03125
0.0,7.0,6.0,51.0,2.0,3026.0,144.0,0.0,0.0,0.6228070175438597,2.0,256.0
26.0,5.0,2.0,3.0,80.0,170.0,6800.0,0.0,0.0,0.956140350877193,0.25,0.0625
9.0,7.0,2.0,3.0,22.0,362.0,1664.0,0.0,0.0,0.9385964912280702,1.0,0.5
18.0,3.0,5.0,12.0,41.0,2724.0,3072.0,0.0,0.0,0.956140350877193,1.0,0.0078125
2.0,5.0,9.0,87.0,8.0,7674.0,656.0,0.0,0.0,0.8947368421052632,0.25,16.0
0.0,7.0,6.0,22.0,2.0,7906.0,144.0,0.0,0.0,0.6228070175438597,2.0,512.0
0.0,7.0,2.0,3.0,2.0,362.0,144.0,0.0,0.0,0.6228070175438597,1.0,32768.0
20.0,3.0,2.0,3.0,56.0,122.0,4592.0,0.0,0.0,0.956140350877193,0.25,0.25
0.0,3.0,6.0,29.0,2.0,12228.0,144.0,0.0,0.0,0.6228070175438597,1.0,32768.0
0.0,7.0,2.0,3.0,2.0,362.0,144.0,0.0,0.0,0.6228070175438597,2.0,2048.0
2.0,5.0,6.0,51.0,6.0,3026.0,432.0,0.0,0.0,0.9035087719298246,2.0,16.0
9.0,5.0,2.0,3.0,24.0,362.0,1888.0,0.0,0.0,0.9385964912280702,0.25,2.0
18.0,7.0,5.0,19.0,41.0,921.0,3072.0,0.0,0.0,0.956140350877193,1.0,0.0078125
18.0,3.0,2.0,3.0,41.0,122.0,3072.0,0.0,0.0,0.956140350877193,1.0,0.015625
12.0,3.0,6.0,32.0,26.0,1827.0,1872.0,0.0,0.0,0.9385964912280702,2.0,0.0078125
14.0,3.0,2.0,3.0,33.0,122.0,2496.0,0.0,0.0,0.9473684210526315,1.0,0.00195312
7.0,3.0,7.0,40.0,19.0,3867.0,1488.0,0.0,0.0,0.9298245614035088,0.25,4.0
9.0,7.0,2.0,3.0,21.0,362.0,1552.0,0.0,0.0,0.9385964912280702,1.0,2.0
4.0,3.0,3.0,6.0,10.0,1234.0,720.0,0.0,0.0,0.9298245614035088,2.0,8.0
1.0,7.0,6.0,27.0,4.0,11142.0,288.0,0.0,0.0,0.6228070175438597,0.25,64.0
0.0,7.0,10.0,124.0,2.0,14264.0,144.0,0.0,0.0,0.6228070175438597,0.25,2048.0
0.0,5.0,6.0,30.0,2.0,11232.0,144.0,0.0,0.0,0.6228070175438597,1.0,512.0
1.0,5.0,5.0,12.0,4.0,996.0,288.0,0.0,0.0,0.6228070175438597,0.25,64.0
4.0,3.0,6.0,51.0,18.0,3026.0,1616.0,0.0,0.0,0.9385964912280702,0.25,1.0
4.0,3.0,2.0,3.0,10.0,362.0,720.0,0.0,0.0,0.9298245614035088,1.0,8.0
1.0,3.0,2.0,3.0,4.0,362.0,288.0,0.0,0.0,0.6228070175438597,2.0,64.0
7.0,7.0,2.0,3.0,16.0,362.0,1152.0,0.0,0.0,0.9385964912280702,2.0,2.0
0.0,7.0,10.0,106.0,2.0,12964.0,144.0,0.0,0.0,0.6228070175438597,0.25,8192.0
4.0,7.0,2.0,3.0,26.0,122.0,2512.0,0.0,0.0,0.9385964912280702,0.25,0.00195312
9.0,7.0,9.0,73.0,46.0,4049.0,4352.0,0.0,0.0,0.9649122807017544,0.25,0.00195312
12.0,7.0,3.0,6.0,26.0,466.0,1872.0,0.0,0.0,0.9385964912280702,2.0,0.03125
14.0,5.0,2.0,3.0,63.0,122.0,5856.0,0.0,0.0,0.956140350877193,0.25,0.0078125
2.0,7.0,2.0,3.0,8.0,122.0,656.0,0.0,0.0,0.8947368421052632,0.25,16.0
9.0,7.0,2.0,3.0,23.0,362.0,1776.0,0.0,0.0,0.956140350877193,1.0,0.000976562
18.0,3.0,3.0,6.0,41.0,1234.0,3072.0,0.0,0.0,0.956140350877193,1.0,0.03125
0.0,7.0,2.0,3.0,2.0,122.0,144.0,0.0,0.0,0.6228070175438597,0.25,32768.0
0.0,5.0,3.0,6.0,2.0,1234.0,144.0,0.0,0.0,0.6228070175438597,2.0,128.0
0.0,7.0,2.0,3.0,2.0,122.0,144.0,0.0,0.0,0.6228070175438597,0.25,32768.0
2.0,5.0,3.0,6.0,6.0,1234.0,432.0,0.0,0.0,0.9035087719298246,0.25,32.0
0.0,5.0,5.0,12.0,2.0,564.0,144.0,0.0,0.0,0.6228070175438597,0.25,128.0
0.0,3.0,6.0,32.0,2.0,1827.0,144.0,0.0,0.0,0.6228070175438597,2.0,32768.0
3.0,7.0,11.0,143.0,8.0,16310.0,576.0,0.0,0.0,0.9035087719298246,1.0,16.0
0.0,3.0,6.0,28.0,2.0,3487.0,144.0,0.0,0.0,0.6228070175438597,1.0,128.0
2.0,5.0,2.0,3.0,6.0,122.0,432.0,0.0,0.0,0.9035087719298246,2.0,16.0
17.0,5.0,3.0,6.0,39.0,466.0,2928.0,0.0,0.0,0.956140350877193,1.0,0.0625
0.0,5.0,2.0,3.0,2.0,170.0,144.0,0.0,0.0,0.6228070175438597,2.0,4096.0
18.0,3.0,11.0,134.0,41.0,48041.0,3072.0,0.0,0.0,0.956140350877193,1.0,0.015625
0.0,7.0,10.0,106.0,2.0,12964.0,144.0,0.0,0.0,0.6228070175438597,0.25,2048.0
1.0,7.0,5.0,12.0,4.0,996.0,288.0,0.0,0.0,0.6228070175438597,0.25,64.0
0.0,5.0,2.0,3.0,2.0,362.0,144.0,0.0,0.0,0.6228070175438597,2.0,256.0
0.0,3.0,11.0,134.0,2.0,15305.0,144.0,0.0,0.0,0.6228070175438597,0.25,4096.0
12.0,3.0,2.0,3.0,26.0,122.0,1872.0,0.0,0.0,0.9385964912280702,2.0,0.03125
0.0,3.0,2.0,3.0,2.0,122.0,144.0,0.0,0.0,0.6228070175438597,2.0,256.0
4.0,5.0,2.0,3.0,12.0,122.0,944.0,0.0,0.0,0.9122807017543859,0.25,8.0
0.0,7.0,6.0,28.0,2.0,3487.0,144.0,0.0,0.0,0.6228070175438597,1.0,16384.0
0.0,5.0,2.0,3.0,2.0,362.0,144.0,0.0,0.0,0.6228070175438597,0.25,2048.0
0.0,3.0,6.0,51.0,2.0,23546.0,144.0,0.0,0.0,0.6228070175438597,0.25,2048.0
18.0,3.0,6.0,34.0,41.0,14433.0,3072.0,0.0,0.0,0.956140350877193,1.0,0.03125
11.0,5.0,6.0,48.0,26.0,22299.0,1952.0,0.0,0.0,0.9385964912280702,1.0,1.0
11.0,7.0,2.0,3.0,24.0,362.0,1728.0,0.0,0.0,0.9385964912280702,2.0,0.25
0.0,7.0,5.0,12.0,2.0,608.0,144.0,0.0,0.0,0.6228070175438597,2.0,256.0
2.0,3.0,5.0,19.0,8.0,1761.0,656.0,0.0,0.0,0.8947368421052632,0.25,16.0
26.0,3.0,2.0,3.0,80.0,362.0,6800.0,0.0,0.0,0.956140350877193,0.25,0.0625
0.0,3.0,5.0,12.0,2.0,2724.0,144.0,0.0,0.0,0.6228070175438597,0.25,16384.0
18.0,5.0,6.0,51.0,41.0,7130.0,3072.0,0.0,0.0,0.956140350877193,1.0,0.00390625
4.0,5.0,2.0,3.0,26.0,362.0,2512.0,0.0,0.0,0.9385964912280702,0.25,0.00390625
18.0,7.0,11.0,134.0,41.0,48041.0,3072.0,0.0,0.0,0.956140350877193,1.0,0.03125
1.0,3.0,2.0,3.0,4.0,362.0,288.0,0.0,0.0,0.6228070175438597,1.0,64.0
0.0,7.0,6.0,21.0,2.0,1101.0,144.0,0.0,0.0,0.6228070175438597,0.25,2048.0
0.0,3.0,11.0,134.0,2.0,7118.0,144.0,0.0,0.0,0.6228070175438597,2.0,512.0
10.0,7.0,5.0,14.0,22.0,758.0,1584.0,0.0,0.0,0.9385964912280702,2.0,0.5
11.0,3.0,6.0,19.0,24.0,931.0,1728.0,0.0,0.0,0.9385964912280702,2.0,0.25
28.0,5.0,4.0,9.0,93.0,2235.0,8096.0,0.0,0.0,0.956140350877193,0.25,0.03125
0.0,7.0,6.0,51.0,2.0,7130.0,144.0,0.0,0.0,0.6228070175438597,1.0,256.0
32.0,7.0,9.0,65.0,112.0,5366.0,9904.0,0.0,0.0,0.956140350877193,0.25,0.00390625
1.0,5.0,2.0,3.0,4.0,362.0,288.0,0.0,0.0,0.6228070175438597,1.0,32.0
2.0,3.0,5.0,14.0,6.0,4958.0,432.0,0.0,0.0,0.9035087719298246,2.0,16.0
0.0,7.0,2.0,3.0,2.0,362.0,144.0,0.0,0.0,0.6228070175438597,1.0,16384.0
0.0,7.0,8.0,52.0,2.0,4594.0,144.0,0.0,0.0,0.6228070175438597,0.25,16384.0
1.0,7.0,6.0,35.0,4.0,1865.0,288.0,0.0,0.0,0.6228070175438597,2.0,32.0
0.0,5.0,2.0,3.0,2.0,122.0,144.0,0.0,0.0,0.6228070175438597,1.0,2048.0
0.0,7.0,6.0,34.0,2.0,14433.0,144.0,0.0,0.0,0.6228070175438597,2.0,128.0
1.0,3.0,5.0,14.0,4.0,1598.0,288.0,0.0,0.0,0.6228070175438597,1.0,64.0
0.0,7.0,4.0,9.0,2.0,435.0,144.0,0.0,0.0,0.6228070175438597,2.0,1024.0
0.0,3.0,6.0,51.0,2.0,23546.0,144.0,0.0,0.0,0.6228070175438597,1.0,32768.0
0.0,7.0,6.0,36.0,2.0,3757.0,144.0,0.0,0.0,0.6228070175438597,2.0,1024.0
29.0,7.0,5.0,12.0,111.0,564.0,10032.0,0.0,0.0,0.956140350877193,0.25,0.000976562
32.0,5.0,6.0,48.0,117.0,22299.0,10464.0,0.0,0.0,0.956140350877193,0.25,0.000976562
12.0,5.0,2.0,3.0,26.0,122.0,1872.0,0.0,0.0,0.9385964912280702,2.0,0.0078125
3.0,3.0,6.0,51.0,8.0,7130.0,576.0,0.0,0.0,0.9035087719298246,1.0,16.0
0.0,5.0,6.0,35.0,2.0,4228.0,144.0,0.0,0.0,0.6228070175438597,0.25,4096.0
19.0,3.0,6.0,22.0,66.0,7906.0,5792.0,0.0,0.0,0.956140350877193,0.25,0.0625
3.0,7.0,5.0,14.0,8.0,4958.0,576.0,0.0,0.0,0.9035087719298246,1.0,16.0
2.0,3.0,6.0,28.0,8.0,1567.0,656.0,0.0,0.0,0.8947368421052632,0.25,16.0
30.0,7.0,2.0,3.0,102.0,362.0,8944.0,0.0,0.0,0.956140350877193,0.25,0.015625
9.0,3.0,4.0,9.0,20.0,2235.0,1440.0,0.0,0.0,0.9385964912280702,2.0,0.5
0.0,3.0,6.0,31.0,2.0,11265.0,144.0,0.0,0.0,0.6228070175438597,0.25,1024.0
18.0,7.0,2.0,3.0,41.0,362.0,3072.0,0.0,0.0,0.956140350877193,1.0,0.000976562
33.0,3.0,6.0,22.0,116.0,1186.0,10272.0,0.0,0.0,0.956140350877193,0.25,0.000976562
1.0,5.0,2.0,3.0,4.0,362.0,288.0,0.0,0.0,0.6228070175438597,0.25,64.0
0.0,7.0,5.0,14.0,2.0,1598.0,144.0,0.0,0.0,0.6228070175438597,0.25,2048.0
31.0,3.0,2.0,3.0,107.0,170.0,9424.0,0.0,0.0,0.956140350877193,0.25,0.0078125
12.0,3.0,5.0,14.0,26.0,4958.0,1872.0,0.0,0.0,0.9385964912280702,2.0,0.03125
0.0,3.0,6.0,51.0,2.0,7130.0,144.0,0.0,0.0,0.6228070175438597,2.0,16384.0
0.0,7.0,2.0,3.0,2.0,362.0,144.0,0.0,0.0,0.6228070175438597,0.25,32768.0
28.0,7.0,2.0,3.0,93.0,122.0,8096.0,0.0,0.0,0.956140350877193,0.25,0.03125
1.0,7.0,2.0,3.0,4.0,122.0,288.0,0.0,0.0,0.6228070175438597,2.0,32.0
18.0,3.0,2.0,3.0,41.0,122.0,3072.0,0.0,0.0,0.956140350877193,1.0,0.0078125
12.0,3.0,6.0,34.0,26.0,14433.0,1872.0,0.0,0.0,0.9385964912280702,2.0,0.000976562
0.0,7.0,6.0,42.0,2.0,2455.0,144.0,0.0,0.0,0.6228070175438597,2.0,128.0
0.0,3.0,6.0,17.0,2.0,1706.0,144.0,0.0,0.0,0.6228070175438597,2.0,2048.0
0.0,5.0,2.0,3.0,2.0,362.0,144.0,0.0,0.0,0.6228070175438597,1.0,2048.0
0.0,7.0,2.0,3.0,2.0,362.0,144.0,0.0,0.0,0.6228070175438597,2.0,4096.0
32.0,7.0,10.0,89.0,117.0,4274.0,10464.0,0.0,0.0,0.956140350877193,0.25,0.000976562
13.0,3.0,4.0,9.0,30.0,435.0,2240.0,0.0,0.0,0.9473684210526315,1.0,0.5
0.0,3.0,2.0,3.0,2.0,362.0,144.0,0.0,0.0,0.6228070175438597,2.0,4096.0
14.0,5.0,2.0,3.0,39.0,170.0,3168.0,0.0,0.0,0.956140350877193,0.25,0.5
0.0,7.0,2.0,3.0,2.0,170.0,144.0,0.0,0.0,0.6228070175438597,2.0,2048.0
0.0,3.0,2.0,3.0,2.0,170.0,144.0,0.0,0.0,0.6228070175438597,2.0,128.0
12.0,7.0,3.0,6.0,26.0,466.0,1872.0,0.0,0.0,0.9385964912280702,2.0,0.000976562
4.0,5.0,2.0,3.0,10.0,362.0,720.0,0.0,0.0,0.9298245614035088,1.0,8.0
18.0,7.0,2.0,3.0,41.0,122.0,3072.0,0.0,0.0,0.956140350877193,1.0,0.0078125
1.0,3.0,5.0,14.0,4.0,758.0,288.0,0.0,0.0,0.6228070175438597,2.0,32.0
13.0,7.0,6.0,34.0,30.0,4449.0,2240.0,0.0,0.0,0.9473684210526315,1.0,0.5
33.0,3.0,6.0,22.0,116.0,7906.0,10272.0,0.0,0.0,0.956140350877193,0.25,0.000976562
0.0,7.0,2.0,3.0,2.0,122.0,144.0,0.0,0.0,0.6228070175438597,0.25,1024.0
9.0,7.0,4.0,9.0,20.0,2235.0,1440.0,0.0,0.0,0.9385964912280702,2.0,0.5
30.0,3.0,10.0,93.0,102.0,24208.0,8944.0,0.0,0.0,0.956140350877193,0.25,0.015625
2.0,7.0,2.0,3.0,8.0,122.0,656.0,0.0,0.0,0.8947368421052632,0.25,16.0
0.0,5.0,2.0,3.0,2.0,122.0,144.0,0.0,0.0,0.6228070175438597,2.0,512.0
3.0,3.0,9.0,65.0,8.0,5366.0,576.0,0.0,0.0,0.9035087719298246,1.0,16.0
19.0,7.0,2.0,3.0,66.0,362.0,5792.0,0.0,0.0,0.956140350877193,0.25,0.0625
28.0,3.0,6.0,42.0,93.0,18655.0,8096.0,0.0,0.0,0.956140350877193,0.25,0.03125
0.0,3.0,6.0,34.0,2.0,1953.0,144.0,0.0,0.0,0.6228070175438597,0.25,32768.0
0.0,7.0,6.0,22.0,2.0,1186.0,144.0,0.0,0.0,0.6228070175438597,2.0,16384.0
12.0,7.0,2.0,3.0,26.0,362.0,1872.0,0.0,0.0,0.9385964912280702,2.0,0.03125
31.0,7.0,6.0,48.0,108.0,2859.0,9536.0,0.0,0.0,0.956140350877193,0.25,0.0078125
0.0,3.0,5.0,12.0,2.0,2724.0,144.0,0.0,0.0,0.6228070175438597,0.25,2048.0
4.0,5.0,10.0,124.0,18.0,14264.0,1616.0,0.0,0.0,0.9385964912280702,0.25,0.5
32.0,7.0,6.0,35.0,117.0,3977.0,10464.0,0.0,0.0,0.956140350877193,0.25,0.000976562
1.0,5.0,6.0,31.0,4.0,1665.0,288.0,0.0,0.0,0.6228070175438597,2.0,64.0
18.0,3.0,2.0,3.0,41.0,122.0,3072.0,0.0,0.0,0.956140350877193,1.0,0.000976562
0.0,3.0,2.0,3.0,2.0,170.0,144.0,0.0,0.0,0.6228070175438597,2.0,128.0
17.0,5.0,4.0,9.0,39.0,435.0,2928.0,0.0,0.0,0.956140350877193,1.0,0.0625
1.0,3.0,2.0,3.0,4.0,122.0,288.0,0.0,0.0,0.6228070175438597,2.0,32.0
0.0,3.0,6.0,28.0,2.0,11167.0,144.0,0.0,0.0,0.6228070175438597,0.25,16384.0
0.0,3.0,6.0,51.0,2.0,7130.0,144.0,0.0,0.0,0.6228070175438597,1.0,16384.0
12.0,5.0,5.0,14.0,26.0,758.0,1872.0,0.0,0.0,0.9385964912280702,2.0,0.000976562
2.0,7.0,3.0,6.0,6.0,466.0,432.0,0.0,0.0,0.9035087719298246,2.0,16.0
3.0,7.0,2.0,3.0,8.0,170.0,576.0,0.0,0.0,0.9035087719298246,1.0,16.0
4.0,5.0,5.0,14.0,13.0,758.0,1056.0,0.0,0.0,0.9385964912280702,1.0,0.0625
4.0,5.0,2.0,3.0,13.0,122.0,1056.0,0.0,0.0,0.9385964912280702,1.0,0.125
0.0,5.0,4.0,9.0,2.0,2235.0,144.0,0.0,0.0,0.6228070175438597,2.0,4096.0
29.0,3.0,6.0,51.0,107.0,3026.0,9584.0,0.0,0.0,0.956140350877193,0.25,0.000976562
0.0,3.0,6.0,34.0,2.0,1953.0,144.0,0.0,0.0,0.6228070175438597,2.0,1024.0
0.0,7.0,2.0,3.0,2.0,362.0,144.0,0.0,0.0,0.6228070175438597,1.0,32768.0
0.0,3.0,6.0,35.0,2.0,12425.0,144.0,0.0,0.0,0.6228070175438597,2.0,1024.0
1.0,7.0,2.0,3.0,4.0,122.0,288.0,0.0,0.0,0.6228070175438597,1.0,64.0
18.0,3.0,11.0,143.0,41.0,16310.0,3072.0,0.0,0.0,0.956140350877193,1.0,0.03125
0.0,7.0,5.0,12.0,2.0,564.0,144.0,0.0,0.0,0.6228070175438597,0.25,16384.0
26.0,7.0,2.0,3.0,80.0,122.0,6800.0,0.0,0.0,0.956140350877193,0.25,0.0625
2.0,7.0,5.0,12.0,8.0,3488.0,656.0,0.0,0.0,0.8947368421052632,0.25,16.0
0.0,3.0,2.0,3.0,2.0,122.0,144.0,0.0,0.0,0.6228070175438597,2.0,256.0
0.0,5.0,6.0,48.0,2.0,2859.0,144.0,0.0,0.0,0.6228070175438597,2.0,512.0
32.0,3.0,6.0,34.0,112.0,1953.0,9904.0,0.0,0.0,0.956140350877193,0.25,0.00390625
4.0,5.0,6.0,28.0,10.0,3487.0,720.0,0.0,0.0,0.9298245614035088,1.0,8.0
0.0,3.0,2.0,3.0,2.0,122.0,144.0,0.0,0.0,0.6228070175438597,1.0,256.0
1.0,5.0,6.0,51.0,4.0,3026.0,288.0,0.0,0.0,0.6228070175438597,2.0,64.0
11.0,7.0,4.0,9.0,24.0,435.0,1728.0,0.0,0.0,0.9385964912280702,2.0,0.25
10.0,3.0,6.0,19.0,22.0,5131.0,1584.0,0.0,0.0,0.9385964912280702,2.0,0.5
0.0,7.0,2.0,3.0,2.0,170.0,144.0,0.0,0.0,0.6228070175438597,2.0,512.0
0.0,3.0,11.0,134.0,2.0,48041.0,144.0,0.0,0.0,0.6228070175438597,0.25,2048.0
1.0,7.0,5.0,14.0,4.0,4958.0,288.0,0.0,0.0,0.6228070175438597,1.0,64.0
0.0,5.0,6.0,21.0,2.0,6981.0,144.0,0.0,0.0,0.6228070175438597,2.0,256.0
11.0,5.0,2.0,3.0,26.0,122.0,1952.0,0.0,0.0,0.9385964912280702,1.0,1.0
14.0,5.0,2.0,3.0,65.0,122.0,6080.0,0.0,0.0,0.9649122807017544,0.25,0.00390625
0.0,5.0,11.0,134.0,2.0,7118.0,144.0,0.0,0.0,0.6228070175438597,1.0,256.0
0.0,7.0,3.0,6.0,2.0,466.0,144.0,0.0,0.0,0.6228070175438597,2.0,256.0
2.0,5.0,2.0,3.0,6.0,362.0,432.0,0.0,0.0,0.9035087719298246,0.25,32.0
12.0,7.0,5.0,12.0,26.0,2724.0,1872.0,0.0,0.0,0.9385964912280702,2.0,0.03125
18.0,5.0,6.0,32.0,41.0,13347.0,3072.0,0.0,0.0,0.956140350877193,1.0,0.00390625
11.0,3.0,3.0,6.0,24.0,274.0,1728.0,0.0,0.0,0.9385964912280702,2.0,0.25
14.0,5.0,2.0,3.0,49.0,362.0,4288.0,0.0,0.0,0.956140350877193,0.25,0.125
10.0,5.0,2.0,3.0,26.0,362.0,2032.0,0.0,0.0,0.9385964912280702,0.25,2.0
18.0,7.0,2.0,3.0,41.0,362.0,3072.0,0.0,0.0,0.956140350877193,1.0,0.03125
0.0,7.0,2.0,3.0,2.0,122.0,144.0,0.0,0.0,0.6228070175438597,0.25,2048.0
0.0,3.0,11.0,134.0,2.0,7118.0,144.0,0.0,0.0,0.6228070175438597,1.0,16384.0
17.0,5.0,2.0,3.0,39.0,362.0,2928.0,0.0,0.0,0.956140350877193,1.0,0.0625
17.0,5.0,2.0,3.0,39.0,170.0,2928.0,0.0,0.0,0.956140350877193,1.0,0.0625
0.0,7.0,12.0,152.0,2.0,16617.0,144.0,0.0,0.0,0.6228070175438597,1.0,128.0
3.0,3.0,2.0,3.0,8.0,362.0,576.0,0.0,0.0,0.9035087719298246,1.0,16.0
0.0,7.0,2.0,3.0,2.0,362.0,144.0,0.0,0.0,0.6228070175438597,2.0,32768.0
0.0,5.0,3.0,6.0,2.0,274.0,144.0,0.0,0.0,0.6228070175438597,2.0,256.0
12.0,5.0,3.0,6.0,26.0,274.0,1872.0,0.0,0.0,0.9385964912280702,2.0,0.00195312
0.0,7.0,2.0,3.0,2.0,170.0,144.0,0.0,0.0,0.6228070175438597,0.25,4096.0
1.0,3.0,2.0,3.0,4.0,122.0,288.0,0.0,0.0,0.6228070175438597,0.25,64.0
0.0,3.0,2.0,3.0,2.0,362.0,144.0,0.0,0.0,0.6228070175438597,0.25,2048.0
9.0,5.0,3.0,6.0,20.0,466.0,1440.0,0.0,0.0,0.9385964912280702,2.0,1.0
18.0,7.0,5.0,14.0,41.0,1598.0,3072.0,0.0,0.0,0.956140350877193,1.0,0.015625
12.0,5.0,3.0,6.0,26.0,466.0,1872.0,0.0,0.0,0.9385964912280702,2.0,0.0078125
0.0,5.0,6.0,27.0,2.0,1542.0,144.0,0.0,0.0,0.6228070175438597,2.0,8192.0
0.0,3.0,3.0,6.0,2.0,274.0,144.0,0.0,0.0,0.6228070175438597,0.25,8192.0
2.0,5.0,2.0,3.0,6.0,122.0,432.0,0.0,0.0,0.9035087719298246,0.25,32.0
7.0,3.0,2.0,3.0,16.0,362.0,1152.0,0.0,0.0,0.9385964912280702,2.0,2.0
0.0,5.0,6.0,32.0,2.0,13347.0,144.0,0.0,0.0,0.6228070175438597,0.25,4096.0
4.0,7.0,9.0,73.0,10.0,29249.0,720.0,0.0,0.0,0.9298245614035088,1.0,8.0
1.0,7.0,6.0,51.0,4.0,7130.0,288.0,0.0,0.0,0.6228070175438597,2.0,64.0
12.0,5.0,2.0,3.0,26.0,362.0,1872.0,0.0,0.0,0.9385964912280702,2.0,0.00390625
11.0,5.0,2.0,3.0,24.0,122.0,1728.0,0.0,0.0,0.9385964912280702,2.0,0.25
0.0,5.0,2.0,3.0,2.0,122.0,144.0,0.0,0.0,0.6228070175438597,0.25,2048.0
4.0,7.0,3.0,6.0,18.0,466.0,1616.0,0.0,0.0,0.9385964912280702,0.25,1.0
0.0,3.0,2.0,3.0,2.0,122.0,144.0,0.0,0.0,0.6228070175438597,0.25,32768.0
4.0,5.0,6.0,51.0,12.0,23546.0,944.0,0.0,0.0,0.9122807017543859,0.25,8.0
9.0,3.0,6.0,30.0,23.0,1632.0,1776.0,0.0,0.0,0.956140350877193,1.0,0.000976562
0.0,3.0,6.0,51.0,2.0,23546.0,144.0,0.0,0.0,0.6228070175438597,0.25,32768.0
18.0,7.0,6.0,29.0,41.0,1668.0,3072.0,0.0,0.0,0.956140350877193,1.0,0.03125
2.0,3.0,2.0,3.0,8.0,122.0,656.0,0.0,0.0,0.8947368421052632,0.25,16.0
32.0,5.0,10.0,113.0,112.0,10786.0,9904.0,0.0,0.0,0.956140350877193,0.25,0.00390625
9.0,5.0,2.0,3.0,21.0,362.0,1552.0,0.0,0.0,0.9385964912280702,1.0,2.0
12.0,3.0,2.0,3.0,26.0,122.0,1872.0,0.0,0.0,0.9385964912280702,2.0,0.03125
9.0,3.0,6.0,22.0,46.0,1186.0,4352.0,0.0,0.0,0.9649122807017544,0.25,0.00195312
1.0,5.0,2.0,3.0,4.0,170.0,288.0,0.0,0.0,0.6228070175438597,0.25,64.0
17.0,5.0,2.0,3.0,39.0,362.0,2928.0,0.0,0.0,0.956140350877193,1.0,0.0625
4.0,3.0,2.0,3.0,26.0,170.0,2512.0,0.0,0.0,0.9385964912280702,0.25,0.00195312
14.0,5.0,3.0,6.0,37.0,466.0,2944.0,0.0,0.0,0.9473684210526315,0.5,0.5
18.0,3.0,5.0,19.0,41.0,5121.0,3072.0,0.0,0.0,0.956140350877193,1.0,0.0078125
12.0,5.0,2.0,3.0,26.0,122.0,1872.0,0.0,0.0,0.9385964912280702,2.0,0.00195312
0.0,3.0,6.0,48.0,2.0,6747.0,144.0,0.0,0.0,0.6228070175438597,2.0,2048.0
0.0,5.0,2.0,3.0,2.0,170.0,144.0,0.0,0.0,0.6228070175438597,2.0,256.0
4.0,7.0,5.0,14.0,10.0,4958.0,720.0,0.0,0.0,0.9298245614035088,2.0,8.0
0.0,3.0,3.0,6.0,2.0,1234.0,144.0,0.0,0.0,0.6228070175438597,0.25,2048.0
1.0,3.0,2.0,3.0,4.0,122.0,288.0,0.0,0.0,0.6228070175438597,0.25,64.0
9.0,3.0,4.0,9.0,21.0,795.0,1552.0,0.0,0.0,0.9385964912280702,1.0,2.0
0.0,5.0,6.0,22.0,2.0,1186.0,144.0,0.0,0.0,0.6228070175438597,2.0,8192.0
7.0,7.0,2.0,3.0,19.0,170.0,1488.0,0.0,0.0,0.9298245614035088,0.25,4.0
14.0,7.0,7.0,27.0,33.0,6042.0,2496.0,0.0,0.0,0.9473684210526315,1.0,0.00195312
12.0,7.0,6.0,34.0,26.0,4449.0,1872.0,0.0,0.0,0.9385964912280702,2.0,0.0078125
18.0,7.0,6.0,32.0,41.0,4131.0,3072.0,0.0,0.0,0.956140350877193,1.0,0.015625
0.0,7.0,5.0,12.0,2.0,564.0,144.0,0.0,0.0,0.6228070175438597,2.0,4096.0
11.0,7.0,11.0,143.0,24.0,16310.0,1728.0,0.0,0.0,0.9385964912280702,2.0,0.25
9.0,3.0,2.0,3.0,20.0,122.0,1440.0,0.0,0.0,0.9385964912280702,2.0,0.000976562
1.0,5.0,6.0,17.0,4.0,1706.0,288.0,0.0,0.0,0.6228070175438597,1.0,64.0
0.0,3.0,6.0,31.0,2.0,1665.0,144.0,0.0,0.0,0.6228070175438597,0.25,2048.0
1.0,3.0,6.0,51.0,4.0,23546.0,288.0,0.0,0.0,0.6228070175438597,2.0,64.0
0.0,7.0,2.0,3.0,2.0,122.0,144.0,0.0,0.0,0.6228070175438597,1.0,32768.0
20.0,7.0,9.0,65.0,56.0,2966.0,4592.0,0.0,0.0,0.956140350877193,0.25,0.25
18.0,5.0,3.0,6.0,41.0,466.0,3072.0,0.0,0.0,0.956140350877193,1.0,0.00390625
0.0,3.0,6.0,48.0,2.0,6747.0,144.0,0.0,0.0,0.6228070175438597,1.0,32768.0
1.0,5.0,8.0,38.0,4.0,1626.0,288.0,0.0,0.0,0.6228070175438597,0.25,64.0
0.0,3.0,6.0,28.0,2.0,3487.0,144.0,0.0,0.0,0.6228070175438597,2.0,512.0
18.0,7.0,6.0,34.0,41.0,1953.0,3072.0,0.0,0.0,0.956140350877193,1.0,0.0078125
9.0,3.0,6.0,47.0,22.0,5861.0,1664.0,0.0,0.0,0.9385964912280702,1.0,0.5
0.0,3.0,6.0,51.0,2.0,3026.0,144.0,0.0,0.0,0.6228070175438597,2.0,256.0
18.0,7.0,2.0,3.0,41.0,122.0,3072.0,0.0,0.0,0.956140350877193,1.0,0.0078125
0.0,3.0,2.0,3.0,2.0,170.0,144.0,0.0,0.0,0.6228070175438597,2.0,1024.0
0.0,7.0,6.0,34.0,2.0,4449.0,144.0,0.0,0.0,0.6228070175438597,1.0,32768.0
7.0,3.0,6.0,28.0,16.0,1567.0,1152.0,0.0,0.0,0.9385964912280702,2.0,2.0
10.0,3.0,5.0,14.0,22.0,4958.0,1584.0,0.0,0.0,0.9385964912280702,2.0,0.5
19.0,5.0,2.0,3.0,84.0,122.0,7808.0,0.0,0.0,0.956140350877193,0.25,0.000976562
0.0,3.0,3.0,6.0,2.0,274.0,144.0,0.0,0.0,0.6228070175438597,2.0,512.0
0.0,7.0,6.0,25.0,2.0,9029.0,144.0,0.0,0.0,0.6228070175438597,1.0,2048.0
0.0,5.0,6.0,42.0,2.0,18655.0,144.0,0.0,0.0,0.6228070175438597,2.0,128.0
0.0,3.0,6.0,34.0,2.0,14433.0,144.0,0.0,0.0,0.6228070175438597,2.0,16384.0
17.0,5.0,6.0,51.0,39.0,23546.0,2928.0,0.0,0.0,0.956140350877193,1.0,0.0625
0.0,5.0,2.0,3.0,2.0,170.0,144.0,0.0,0.0,0.6228070175438597,0.25,256.0
1.0,5.0,10.0,90.0,4.0,8266.0,288.0,0.0,0.0,0.6228070175438597,2.0,32.0
4.0,7.0,2.0,3.0,13.0,170.0,1056.0,0.0,0.0,0.9385964912280702,1.0,0.015625
0.0,7.0,2.0,3.0,2.0,362.0,144.0,0.0,0.0,0.6228070175438597,0.25,16384.0
1.0,5.0,4.0,9.0,4.0,795.0,288.0,0.0,0.0,0.6228070175438597,1.0,32.0
1.0,3.0,6.0,34.0,4.0,14433.0,288.0,0.0,0.0,0.6228070175438597,2.0,64.0
2.0,7.0,6.0,51.0,8.0,7130.0,656.0,0.0,0.0,0.8947368421052632,0.25,16.0
11.0,7.0,9.0,68.0,24.0,7034.0,1728.0,0.0,0.0,0.9385964912280702,2.0,0.125
0.0,7.0,6.0,35.0,2.0,3977.0,144.0,0.0,0.0,0.6228070175438597,2.0,1024.0
0.0,7.0,6.0,51.0,2.0,23546.0,144.0,0.0,0.0,0.6228070175438597,0.25,1024.0
0.0,7.0,2.0,3.0,2.0,362.0,144.0,0.0,0.0,0.6228070175438597,0.25,512.0
30.0,3.0,6.0,32.0,102.0,1827.0,8944.0,0.0,0.0,0.956140350877193,0.25,0.015625
0.0,3.0,6.0,48.0,2.0,6747.0,144.0,0.0,0.0,0.6228070175438597,2.0,512.0
0.0,7.0,2.0,3.0,2.0,122.0,144.0,0.0,0.0,0.6228070175438597,0.25,1024.0
32.0,5.0,6.0,48.0,117.0,6747.0,10464.0,0.0,0.0,0.956140350877193,0.25,0.000976562
0.0,5.0,2.0,3.0,2.0,362.0,144.0,0.0,0.0,0.6228070175438597,2.0,4096.0
1.0,3.0,5.0,12.0,4.0,608.0,288.0,0.0,0.0,0.6228070175438597,2.0,32.0
0.0,5.0,6.0,34.0,2.0,4449.0,144.0,0.0,0.0,0.6228070175438597,2.0,128.0
0.0,3.0,2.0,3.0,2.0,362.0,144.0,0.0,0.0,0.6228070175438597,2.0,128.0
0.0,7.0,2.0,3.0,2.0,170.0,144.0,0.0,0.0,0.6228070175438597,1.0,2048.0
0.0,7.0,3.0,6.0,2.0,274.0,144.0,0.0,0.0,0.6228070175438597,2.0,2048.0
1.0,3.0,2.0,3.0,4.0,122.0,288.0,0.0,0.0,0.6228070175438597,1.0,64.0
1.0,5.0,2.0,3.0,4.0,362.0,288.0,0.0,0.0,0.6228070175438597,2.0,32.0
4.0,5.0,6.0,34.0,10.0,4449.0,720.0,0.0,0.0,0.9298245614035088,1.0,8.0
0.0,7.0,2.0,3.0,2.0,170.0,144.0,0.0,0.0,0.6228070175438597,1.0,256.0
1.0,5.0,6.0,27.0,4.0,3462.0,288.0,0.0,0.0,0.6228070175438597,0.25,64.0
0.0,5.0,6.0,51.0,2.0,23546.0,144.0,0.0,0.0,0.6228070175438597,0.25,2048.0
0.0,3.0,2.0,3.0,2.0,122.0,144.0,0.0,0.0,0.6228070175438597,2.0,8192.0
4.0,3.0,4.0,9.0,10.0,2235.0,720.0,0.0,0.0,0.9298245614035088,2.0,0.000976562
2.0,7.0,6.0,48.0,6.0,6747.0,432.0,0.0,0.0,0.9035087719298246,2.0,16.0
18.0,3.0,3.0,6.0,41.0,274.0,3072.0,0.0,0.0,0.956140350877193,1.0,0.0078125
0.0,3.0,2.0,3.0,2.0,122.0,144.0,0.0,0.0,0.6228070175438597,2.0,256.0
0.0,7.0,2.0,3.0,2.0,122.0,144.0,0.0,0.0,0.6228070175438597,1.0,512.0
12.0,3.0,6.0,34.0,26.0,4449.0,1872.0,0.0,0.0,0.9385964912280702,2.0,0.00195312
10.0,7.0,5.0,19.0,26.0,1761.0,2032.0,0.0,0.0,0.9385964912280702,0.25,2.0
0.0,3.0,5.0,19.0,2.0,1761.0,144.0,0.0,0.0,0.6228070175438597,2.0,32768.0
32.0,5.0,2.0,3.0,112.0,170.0,9904.0,0.0,0.0,0.956140350877193,0.25,0.00390625
2.0,3.0,5.0,12.0,8.0,3488.0,656.0,0.0,0.0,0.8947368421052632,0.25,16.0
12.0,3.0,3.0,6.0,26.0,1234.0,1872.0,0.0,0.0,0.9385964912280702,2.0,0.03125
17.0,3.0,11.0,139.0,39.0,7209.0,2928.0,0.0,0.0,0.956140350877193,1.0,0.0625
9.0,5.0,2.0,3.0,21.0,122.0,1552.0,0.0,0.0,0.9385964912280702,1.0,2.0
18.0,3.0,2.0,3.0,41.0,122.0,3072.0,0.0,0.0,0.956140350877193,1.0,0.000976562
0.0,3.0,2.0,3.0,2.0,362.0,144.0,0.0,0.0,0.6228070175438597,2.0,16384.0
3.0,7.0,6.0,51.0,8.0,3026.0,576.0,0.0,0.0,0.9035087719298246,1.0,16.0
0.0,3.0,2.0,3.0,2.0,122.0,144.0,0.0,0.0,0.6228070175438597,1.0,128.0
30.0,7.0,5.0,12.0,102.0,2724.0,8944.0,0.0,0.0,0.956140350877193,0.25,0.015625
4.0,7.0,2.0,3.0,10.0,170.0,720.0,0.0,0.0,0.9298245614035088,2.0,0.03125
6.0,7.0,2.0,3.0,15.0,362.0,1120.0,0.0,0.0,0.9385964912280702,1.0,4.0
0.0,3.0,10.0,106.0,2.0,41476.0,144.0,0.0,0.0,0.6228070175438597,0.25,16384.0
2.0,3.0,5.0,14.0,6.0,1598.0,432.0,0.0,0.0,0.9035087719298246,0.25,32.0
4.0,7.0,2.0,3.0,13.0,122.0,1056.0,0.0,0.0,0.9210526315789473,0.25,4.0
0.0,5.0,11.0,146.0,2.0,7689.0,144.0,0.0,0.0,0.6228070175438597,0.25,4096.0
0.0,3.0,2.0,3.0,2.0,362.0,144.0,0.0,0.0,0.6228070175438597,0.25,1024.0
30.0,3.0,2.0,3.0,102.0,122.0,8944.0,0.0,0.0,0.956140350877193,0.25,0.015625
0.0,5.0,3.0,6.0,2.0,1234.0,144.0,0.0,0.0,0.6228070175438597,0.25,2048.0
1.0,5.0,6.0,35.0,4.0,4228.0,288.0,0.0,0.0,0.6228070175438597,0.25,64.0
0.0,3.0,2.0,3.0,2.0,170.0,144.0,0.0,0.0,0.6228070175438597,1.0,32768.0
0.0,7.0,3.0,6.0,2.0,466.0,144.0,0.0,0.0,0.6228070175438597,2.0,1024.0
0.0,7.0,6.0,32.0,2.0,13347.0,144.0,0.0,0.0,0.6228070175438597,0.25,512.0
0.0,5.0,6.0,29.0,2.0,1668.0,144.0,0.0,0.0,0.6228070175438597,1.0,512.0
0.0,5.0,7.0,51.0,2.0,5971.0,144.0,0.0,0.0,0.6228070175438597,0.25,256.0
7.0,7.0,2.0,3.0,16.0,122.0,1152.0,0.0,0.0,0.9385964912280702,2.0,2.0
0.0,3.0,2.0,3.0,2.0,362.0,144.0,0.0,0.0,0.6228070175438597,2.0,8192.0
4.0,3.0,6.0,34.0,10.0,14433.0,720.0,0.0,0.0,0.9298245614035088,1.0,8.0
12.0,5.0,2.0,3.0,26.0,122.0,1872.0,0.0,0.0,0.9385964912280702,2.0,0.0078125
0.0,3.0,3.0,6.0,2.0,274.0,144.0,0.0,0.0,0.6228070175438597,1.0,4096.0
2.0,7.0,5.0,14.0,6.0,1598.0,432.0,0.0,0.0,0.9035087719298246,2.0,16.0
14.0,7.0,6.0,51.0,67.0,23546.0,6304.0,0.0,0.0,0.956140350877193,0.25,0.00195312
0.0,7.0,6.0,39.0,2.0,15617.0,144.0,0.0,0.0,0.6228070175438597,0.25,32768.0
12.0,3.0,12.0,150.0,26.0,7916.0,1872.0,0.0,0.0,0.9385964912280702,2.0,0.00195312
14.0,7.0,6.0,27.0,33.0,11142.0,2496.0,0.0,0.0,0.9473684210526315,1.0,0.000976562
0.0,3.0,2.0,3.0,2.0,362.0,144.0,0.0,0.0,0.6228070175438597,2.0,256.0
9.0,5.0,5.0,12.0,46.0,608.0,4352.0,0.0,0.0,0.9649122807017544,0.25,0.0078125
0.0,7.0,9.0,90.0,2.0,31113.0,144.0,0.0,0.0,0.6228070175438597,2.0,4096.0
7.0,3.0,5.0,12.0,16.0,2724.0,1152.0,0.0,0.0,0.9385964912280702,2.0,2.0
10.0,5.0,11.0,134.0,26.0,7118.0,2032.0,0.0,0.0,0.9385964912280702,0.25,2.0
17.0,3.0,2.0,3.0,39.0,170.0,2928.0,0.0,0.0,0.956140350877193,1.0,0.0625
2.0,7.0,7.0,27.0,8.0,2202.0,656.0,0.0,0.0,0.8947368421052632,0.25,16.0
28.0,5.0,2.0,3.0,93.0,362.0,8096.0,0.0,0.0,0.956140350877193,0.25,0.03125
2.0,3.0,10.0,124.0,6.0,6608.0,432.0,0.0,0.0,0.9035087719298246,0.25,32.0
0.0,3.0,2.0,3.0,2.0,122.0,144.0,0.0,0.0,0.6228070175438597,1.0,32768.0
9.0,3.0,6.0,34.0,23.0,14433.0,1776.0,0.0,0.0,0.956140350877193,1.0,0.00195312
0.0,3.0,11.0,142.0,2.0,49711.0,144.0,0.0,0.0,0.6228070175438597,1.0,4096.0
0.0,5.0,2.0,3.0,2.0,122.0,144.0,0.0,0.0,0.6228070175438597,1.0,256.0
4.0,3.0,6.0,51.0,10.0,3026.0,720.0,0.0,0.0,0.9298245614035088,2.0,8.0
9.0,7.0,3.0,6.0,21.0,466.0,1552.0,0.0,0.0,0.9385964912280702,1.0,2.0
18.0,5.0,12.0,152.0,41.0,51465.0,3072.0,0.0,0.0,0.956140350877193,1.0,0.00390625
0.0,7.0,11.0,142.0,2.0,15919.0,144.0,0.0,0.0,0.6228070175438597,1.0,256.0
18.0,7.0,6.0,34.0,41.0,4449.0,3072.0,0.0,0.0,0.956140350877193,1.0,0.00390625
9.0,5.0,2.0,3.0,21.0,170.0,1552.0,0.0,0.0,0.9385964912280702,1.0,2.0
11.0,3.0,3.0,6.0,26.0,274.0,1952.0,0.0,0.0,0.9385964912280702,1.0,1.0
18.0,3.0,7.0,27.0,41.0,6042.0,3072.0,0.0,0.0,0.956140350877193,1.0,0.03125
0.0,5.0,12.0,152.0,2.0,16617.0,144.0,0.0,0.0,0.6228070175438597,2.0,4096.0
28.0,7.0,3.0,6.0,93.0,1234.0,8096.0,0.0,0.0,0.956140350877193,0.25,0.03125
2.0,5.0,2.0,3.0,8.0,170.0,656.0,0.0,0.0,0.8947368421052632,0.25,16.0
9.0,3.0,6.0,27.0,27.0,3462.0,2224.0,0.0,0.0,0.956140350877193,0.5,0.5
10.0,7.0,2.0,3.0,26.0,362.0,2032.0,0.0,0.0,0.9385964912280702,0.25,2.0
14.0,5.0,5.0,12.0,67.0,996.0,6304.0,0.0,0.0,0.956140350877193,0.25,0.00195312
2.0,5.0,2.0,3.0,6.0,122.0,432.0,0.0,0.0,0.9035087719298246,2.0,16.0
9.0,7.0,9.0,90.0,46.0,9993.0,4352.0,0.0,0.0,0.9649122807017544,0.25,0.0078125
14.0,5.0,6.0,39.0,33.0,4865.0,2496.0,0.0,0.0,0.9473684210526315,1.0,0.000976562
0.0,5.0,2.0,3.0,2.0,122.0,144.0,0.0,0.0,0.6228070175438597,0.25,32768.0
4.0,3.0,6.0,34.0,12.0,4449.0,944.0,0.0,0.0,0.9122807017543859,0.25,8.0
0.0,7.0,2.0,3.0,2.0,170.0,144.0,0.0,0.0,0.6228070175438597,0.25,256.0
0.0,7.0,7.0,51.0,2.0,18931.0,144.0,0.0,0.0,0.6228070175438597,1.0,512.0
0.0,5.0,6.0,51.0,2.0,7130.0,144.0,0.0,0.0,0.6228070175438597,0.25,512.0
0.0,5.0,5.0,14.0,2.0,4958.0,144.0,0.0,0.0,0.6228070175438597,2.0,1024.0
1.0,7.0,10.0,124.0,4.0,6608.0,288.0,0.0,0.0,0.6228070175438597,0.25,64.0
0.0,7.0,5.0,14.0,2.0,4958.0,144.0,0.0,0.0,0.6228070175438597,0.25,2048.0
4.0,3.0,6.0,32.0,10.0,4131.0,720.0,0.0,0.0,0.9298245614035088,1.0,8.0
0.0,3.0,3.0,6.0,2.0,1234.0,144.0,0.0,0.0,0.6228070175438597,2.0,4096.0
12.0,7.0,6.0,35.0,26.0,13444.0,1872.0,0.0,0.0,0.9385964912280702,2.0,0.0078125
18.0,3.0,2.0,3.0,41.0,362.0,3072.0,0.0,0.0,0.956140350877193,1.0,0.015625
7.0,5.0,3.0,6.0,16.0,466.0,1152.0,0.0,0.0,0.9385964912280702,2.0,2.0
0.0,7.0,2.0,3.0,2.0,170.0,144.0,0.0,0.0,0.6228070175438597,0.25,4096.0
4.0,5.0,8.0,38.0,13.0,1626.0,1056.0,0.0,0.0,0.9210526315789473,0.25,4.0
6.0,5.0,6.0,51.0,15.0,3026.0,1120.0,0.0,0.0,0.9385964912280702,1.0,4.0
4.0,5.0,10.0,106.0,10.0,12964.0,720.0,0.0,0.0,0.9298245614035088,2.0,0.03125
30.0,5.0,2.0,3.0,102.0,170.0,8944.0,0.0,0.0,0.956140350877193,0.25,0.015625
32.0,7.0,2.0,3.0,112.0,362.0,9904.0,0.0,0.0,0.956140350877193,0.25,0.00390625
18.0,3.0,5.0,12.0,41.0,996.0,3072.0,0.0,0.0,0.956140350877193,1.0,0.03125
3.0,5.0,5.0,12.0,8.0,1184.0,576.0,0.0,0.0,0.9035087719298246,1.0,16.0
4.0,3.0,2.0,3.0,13.0,362.0,1056.0,0.0,0.0,0.9385964912280702,1.0,0.0078125
9.0,7.0,12.0,150.0,21.0,7916.0,1552.0,0.0,0.0,0.9385964912280702,1.0,2.0
4.0,3.0,5.0,19.0,10.0,5121.0,720.0,0.0,0.0,0.9298245614035088,1.0,8.0
2.0,5.0,5.0,19.0,6.0,5121.0,432.0,0.0,0.0,0.9035087719298246,2.0,16.0
9.0,3.0,6.0,34.0,37.0,1953.0,3344.0,0.0,0.0,0.956140350877193,0.25,0.125
10.0,5.0,2.0,3.0,26.0,170.0,2032.0,0.0,0.0,0.9385964912280702,0.25,2.0
0.0,5.0,3.0,6.0,2.0,466.0,144.0,0.0,0.0,0.6228070175438597,1.0,512.0
0.0,7.0,2.0,3.0,2.0,122.0,144.0,0.0,0.0,0.6228070175438597,0.25,2048.0
1.0,7.0,6.0,34.0,4.0,14433.0,288.0,0.0,0.0,0.6228070175438597,0.25,64.0
9.0,3.0,6.0,48.0,46.0,22299.0,4352.0,0.0,0.0,0.9649122807017544,0.25,0.00390625
18.0,3.0,3.0,6.0,41.0,274.0,3072.0,0.0,0.0,0.956140350877193,1.0,0.015625
0.0,5.0,4.0,9.0,2.0,795.0,144.0,0.0,0.0,0.6228070175438597,2.0,2048.0
0.0,5.0,2.0,3.0,2.0,170.0,144.0,0.0,0.0,0.6228070175438597,1.0,2048.0
0.0,7.0,2.0,3.0,2.0,122.0,144.0,0.0,0.0,0.6228070175438597,2.0,128.0
0.0,5.0,6.0,51.0,2.0,7130.0,144.0,0.0,0.0,0.6228070175438597,1.0,256.0
4.0,7.0,6.0,27.0,10.0,11142.0,720.0,0.0,0.0,0.9298245614035088,1.0,8.0
1.0,7.0,2.0,3.0,4.0,362.0,288.0,0.0,0.0,0.6228070175438597,2.0,32.0
0.0,5.0,6.0,34.0,2.0,14433.0,144.0,0.0,0.0,0.6228070175438597,0.25,1024.0
0.0,7.0,2.0,3.0,2.0,122.0,144.0,0.0,0.0,0.6228070175438597,2.0,4096.0
1.0,3.0,4.0,9.0,4.0,435.0,288.0,0.0,0.0,0.6228070175438597,2.0,64.0
32.0,7.0,6.0,48.0,117.0,2859.0,10464.0,0.0,0.0,0.956140350877193,0.25,0.000976562
0.0,5.0,2.0,3.0,2.0,170.0,144.0,0.0,0.0,0.6228070175438597,0.25,512.0
9.0,3.0,2.0,3.0,21.0,362.0,1552.0,0.0,0.0,0.9385964912280702,1.0,2.0
0.0,5.0,2.0,3.0,2.0,170.0,144.0,0.0,0.0,0.6228070175438597,0.25,1024.0
0.0,5.0,6.0,34.0,2.0,14433.0,144.0,0.0,0.0,0.6228070175438597,2.0,1024.0
2.0,3.0,4.0,9.0,8.0,435.0,656.0,0.0,0.0,0.8947368421052632,0.25,16.0
30.0,3.0,2.0,3.0,102.0,122.0,8944.0,0.0,0.0,0.956140350877193,0.25,0.015625
26.0,3.0,2.0,3.0,80.0,170.0,6800.0,0.0,0.0,0.956140350877193,0.25,0.0625
1.0,3.0,6.0,51.0,4.0,7130.0,288.0,0.0,0.0,0.6228070175438597,0.25,64.0
1.0,7.0,6.0,35.0,4.0,12425.0,288.0,0.0,0.0,0.6228070175438597,1.0,32.0
0.0,3.0,6.0,35.0,2.0,1924.0,144.0,0.0,0.0,0.6228070175438597,2.0,256.0
9.0,3.0,9.0,68.0,21.0,21434.0,1552.0,0.0,0.0,0.9385964912280702,1.0,2.0
0.0,5.0,6.0,48.0,2.0,22299.0,144.0,0.0,0.0,0.6228070175438597,0.25,16384.0
11.0,5.0,2.0,3.0,24.0,122.0,1728.0,0.0,0.0,0.9385964912280702,2.0,0.125
2.0,5.0,6.0,48.0,8.0,22299.0,656.0,0.0,0.0,0.8947368421052632,0.25,16.0
32.0,3.0,6.0,17.0,112.0,866.0,9904.0,0.0,0.0,0.956140350877193,0.25,0.00390625
0.0,7.0,4.0,9.0,2.0,2235.0,144.0,0.0,0.0,0.6228070175438597,2.0,128.0
0.0,5.0,2.0,3.0,2.0,170.0,144.0,0.0,0.0,0.6228070175438597,1.0,2048.0
4.0,5.0,2.0,3.0,13.0,362.0,1056.0,0.0,0.0,0.9385964912280702,1.0,0.015625
1.0,7.0,10.0,90.0,4.0,24106.0,288.0,0.0,0.0,0.6228070175438597,2.0,32.0
0.0,7.0,6.0,51.0,2.0,23546.0,144.0,0.0,0.0,0.6228070175438597,0.25,256.0
17.0,7.0,6.0,34.0,39.0,4449.0,2928.0,0.0,0.0,0.956140350877193,1.0,0.0625
18.0,5.0,5.0,14.0,41.0,1598.0,3072.0,0.0,0.0,0.956140350877193,1.0,0.0078125
19.0,7.0,2.0,3.0,84.0,362.0,7808.0,0.0,0.0,0.956140350877193,0.25,0.000976562
0.0,5.0,6.0,51.0,2.0,7130.0,144.0,0.0,0.0,0.6228070175438597,1.0,32768.0
18.0,7.0,6.0,34.0,41.0,4449.0,3072.0,0.0,0.0,0.956140350877193,1.0,0.00390625
20.0,5.0,6.0,42.0,56.0,5695.0,4592.0,0.0,0.0,0.956140350877193,0.25,0.25
0.0,5.0,6.0,25.0,2.0,2885.0,144.0,0.0,0.0,0.6228070175438597,1.0,32768.0
26.0,3.0,6.0,32.0,80.0,1706.0,6800.0,0.0,0.0,0.956140350877193,0.25,0.0625
2.0,3.0,4.0,9.0,8.0,435.0,656.0,0.0,0.0,0.8947368421052632,0.25,16.0
18.0,5.0,6.0,34.0,41.0,14433.0,3072.0,0.0,0.0,0.956140350877193,1.0,0.0078125
1.0,7.0,2.0,3.0,4.0,362.0,288.0,0.0,0.0,0.6228070175438597,0.25,64.0
28.0,3.0,6.0,51.0,93.0,7130.0,8096.0,0.0,0.0,0.956140350877193,0.25,0.03125
9.0,3.0,6.0,17.0,29.0,5066.0,2448.0,0.0,0.0,0.956140350877193,0.25,0.5
1.0,7.0,2.0,3.0,4.0,122.0,288.0,0.0,0.0,0.6228070175438597,1.0,64.0
11.0,5.0,11.0,143.0,24.0,51158.0,1728.0,0.0,0.0,0.9385964912280702,2.0,0.25
0.0,5.0,9.0,85.0,2.0,4008.0,144.0,0.0,0.0,0.6228070175438597,2.0,4096.0
4.0,5.0,6.0,28.0,10.0,11167.0,720.0,0.0,0.0,0.9298245614035088,2.0,8.0
18.0,5.0,6.0,48.0,41.0,22299.0,3072.0,0.0,0.0,0.956140350877193,1.0,0.015625
12.0,5.0,3.0,6.0,26.0,1234.0,1872.0,0.0,0.0,0.9385964912280702,2.0,0.0078125
14.0,5.0,4.0,9.0,33.0,2235.0,2496.0,0.0,0.0,0.9473684210526315,1.0,0.00195312
7.0,5.0,3.0,6.0,19.0,466.0,1488.0,0.0,0.0,0.9298245614035088,0.25,4.0
0.0,7.0,5.0,14.0,2.0,1598.0,144.0,0.0,0.0,0.6228070175438597,2.0,8192.0
2.0,3.0,2.0,3.0,6.0,362.0,432.0,0.0,0.0,0.9035087719298246,2.0,16.0
9.0,3.0,6.0,32.0,24.0,13347.0,1888.0,0.0,0.0,0.9385964912280702,0.25,2.0
0.0,7.0,6.0,34.0,2.0,14433.0,144.0,0.0,0.0,0.6228070175438597,2.0,256.0
12.0,7.0,2.0,3.0,26.0,122.0,1872.0,0.0,0.0,0.9385964912280702,2.0,0.00195312
32.0,7.0,7.0,27.0,112.0,2202.0,9904.0,0.0,0.0,0.956140350877193,0.25,0.00390625
14.0,3.0,3.0,6.0,62.0,274.0,5744.0,0.0,0.0,0.956140350877193,0.25,0.0078125
18.0,5.0,2.0,3.0,41.0,362.0,3072.0,0.0,0.0,0.956140350877193,1.0,0.03125
4.0,7.0,2.0,3.0,12.0,170.0,944.0,0.0,0.0,0.9122807017543859,0.25,8.0
0.0,3.0,2.0,3.0,2.0,362.0,144.0,0.0,0.0,0.6228070175438597,2.0,128.0
17.0,7.0,6.0,48.0,39.0,22299.0,2928.0,0.0,0.0,0.956140350877193,1.0,0.0625
1.0,7.0,5.0,19.0,4.0,1761.0,288.0,0.0,0.0,0.6228070175438597,0.25,64.0
9.0,7.0,3.0,6.0,21.0,1234.0,1552.0,0.0,0.0,0.9385964912280702,1.0,2.0
1.0,5.0,2.0,3.0,4.0,362.0,288.0,0.0,0.0,0.6228070175438597,2.0,64.0
4.0,5.0,6.0,51.0,10.0,7130.0,720.0,0.0,0.0,0.9298245614035088,1.0,8.0
0.0,7.0,2.0,3.0,2.0,170.0,144.0,0.0,0.0,0.6228070175438597,0.25,4096.0
2.0,7.0,10.0,113.0,6.0,31906.0,432.0,0.0,0.0,0.9035087719298246,0.25,32.0
0.0,3.0,2.0,3.0,2.0,170.0,144.0,0.0,0.0,0.6228070175438597,1.0,512.0
1.0,3.0,6.0,51.0,4.0,23546.0,288.0,0.0,0.0,0.6228070175438597,0.25,64.0
4.0,5.0,9.0,73.0,18.0,9089.0,1616.0,0.0,0.0,0.9385964912280702,0.25,1.0
0.0,7.0,6.0,51.0,2.0,7130.0,144.0,0.0,0.0,0.6228070175438597,0.25,2048.0
11.0,7.0,5.0,12.0,24.0,564.0,1728.0,0.0,0.0,0.9385964912280702,2.0,0.25
12.0,7.0,3.0,6.0,26.0,1234.0,1872.0,0.0,0.0,0.9385964912280702,2.0,0.00390625
0.0,3.0,10.0,106.0,2.0,5836.0,144.0,0.0,0.0,0.6228070175438597,2.0,256.0
0.0,5.0,10.0,124.0,2.0,6608.0,144.0,0.0,0.0,0.6228070175438597,0.25,4096.0
0.0,7.0,6.0,32.0,2.0,4131.0,144.0,0.0,0.0,0.6228070175438597,2.0,8192.0
12.0,7.0,2.0,3.0,26.0,170.0,1872.0,0.0,0.0,0.9385964912280702,2.0,0.0078125
0.0,3.0,7.0,40.0,2.0,1947.0,144.0,0.0,0.0,0.6228070175438597,2.0,4096.0
18.0,5.0,3.0,6.0,41.0,1234.0,3072.0,0.0,0.0,0.956140350877193,1.0,0.015625
9.0,7.0,2.0,3.0,20.0,362.0,1440.0,0.0,0.0,0.9385964912280702,2.0,1.0
0.0,5.0,2.0,3.0,2.0,170.0,144.0,0.0,0.0,0.6228070175438597,1.0,128.0
2.0,3.0,2.0,3.0,6.0,170.0,432.0,0.0,0.0,0.9035087719298246,2.0,16.0
17.0,3.0,5.0,14.0,39.0,4958.0,2928.0,0.0,0.0,0.956140350877193,1.0,0.0625
12.0,7.0,3.0,6.0,26.0,1234.0,1872.0,0.0,0.0,0.9385964912280702,2.0,0.00195312
2.0,3.0,2.0,3.0,6.0,170.0,432.0,0.0,0.0,0.9035087719298246,0.25,32.0
0.0,3.0,2.0,3.0,2.0,170.0,144.0,0.0,0.0,0.6228070175438597,0.25,128.0
0.0,7.0,12.0,152.0,2.0,51465.0,144.0,0.0,0.0,0.6228070175438597,2.0,256.0
0.0,5.0,2.0,3.0,2.0,362.0,144.0,0.0,0.0,0.6228070175438597,2.0,32768.0
0.0,5.0,3.0,6.0,2.0,274.0,144.0,0.0,0.0,0.6228070175438597,0.25,2048.0
18.0,5.0,2.0,3.0,41.0,170.0,3072.0,0.0,0.0,0.956140350877193,1.0,0.03125
11.0,3.0,2.0,3.0,26.0,170.0,1952.0,0.0,0.0,0.9385964912280702,1.0,1.0
10.0,7.0,2.0,3.0,26.0,170.0,2032.0,0.0,0.0,0.9385964912280702,0.25,2.0
14.0,7.0,6.0,28.0,49.0,1567.0,4288.0,0.0,0.0,0.956140350877193,0.25,0.125
17.0,7.0,10.0,106.0,39.0,5836.0,2928.0,0.0,0.0,0.956140350877193,1.0,0.0625
17.0,7.0,5.0,12.0,39.0,564.0,2928.0,0.0,0.0,0.956140350877193,1.0,0.0625
0.0,3.0,11.0,134.0,2.0,7118.0,144.0,0.0,0.0,0.6228070175438597,0.25,2048.0
2.0,7.0,6.0,28.0,6.0,1567.0,432.0,0.0,0.0,0.9035087719298246,0.25,32.0
0.0,5.0,2.0,3.0,2.0,170.0,144.0,0.0,0.0,0.6228070175438597,2.0,256.0
0.0,7.0,3.0,6.0,2.0,1234.0,144.0,0.0,0.0,0.6228070175438597,1.0,256.0
14.0,7.0,3.0,6.0,65.0,274.0,6080.0,0.0,0.0,0.9649122807017544,0.25,0.00390625
4.0,3.0,2.0,3.0,12.0,122.0,944.0,0.0,0.0,0.9122807017543859,0.25,8.0
18.0,7.0,6.0,32.0,41.0,4131.0,3072.0,0.0,0.0,0.956140350877193,1.0,0.00390625
12.0,5.0,5.0,12.0,26.0,996.0,1872.0,0.0,0.0,0.9385964912280702,2.0,0.03125
28.0,3.0,11.0,146.0,93.0,7689.0,8096.0,0.0,0.0,0.956140350877193,0.25,0.03125
4.0,7.0,6.0,21.0,10.0,2277.0,720.0,0.0,0.0,0.9298245614035088,1.0,8.0
0.0,7.0,5.0,14.0,2.0,1598.0,144.0,0.0,0.0,0.6228070175438597,2.0,256.0
11.0,7.0,11.0,134.0,26.0,15305.0,1952.0,0.0,0.0,0.9385964912280702,1.0,1.0
1.0,5.0,2.0,3.0,4.0,362.0,288.0,0.0,0.0,0.6228070175438597,1.0,64.0
0.0,5.0,6.0,19.0,2.0,1771.0,144.0,0.0,0.0,0.6228070175438597,2.0,512.0
11.0,5.0,11.0,143.0,24.0,51158.0,1728.0,0.0,0.0,0.9385964912280702,2.0,0.25
1.0,7.0,6.0,51.0,4.0,3026.0,288.0,0.0,0.0,0.6228070175438597,2.0,64.0
4.0,3.0,6.0,28.0,26.0,11167.0,2512.0,0.0,0.0,0.9385964912280702,0.25,0.00390625
18.0,3.0,5.0,19.0,41.0,921.0,3072.0,0.0,0.0,0.956140350877193,1.0,0.00390625
0.0,7.0,5.0,12.0,2.0,1184.0,144.0,0.0,0.0,0.6228070175438597,2.0,512.0
2.0,5.0,5.0,14.0,8.0,758.0,656.0,0.0,0.0,0.8947368421052632,0.25,16.0
26.0,5.0,4.0,9.0,80.0,795.0,6800.0,0.0,0.0,0.956140350877193,0.25,0.0625
0.0,5.0,8.0,52.0,2.0,2434.0,144.0,0.0,0.0,0.6228070175438597,0.25,16384.0
33.0,3.0,6.0,35.0,116.0,3977.0,10272.0,0.0,0.0,0.956140350877193,0.25,0.000976562
0.0,7.0,2.0,3.0,2.0,170.0,144.0,0.0,0.0,0.6228070175438597,2.0,4096.0
4.0,7.0,2.0,3.0,13.0,362.0,1056.0,0.0,0.0,0.9385964912280702,1.0,0.0625
4.0,7.0,3.0,6.0,13.0,1234.0,1056.0,0.0,0.0,0.9385964912280702,1.0,0.125
12.0,3.0,6.0,51.0,26.0,3026.0,1872.0,0.0,0.0,0.9385964912280702,2.0,0.0078125
3.0,5.0,9.0,65.0,8.0,2966.0,576.0,0.0,0.0,0.9035087719298246,1.0,16.0
1.0,5.0,2.0,3.0,4.0,362.0,288.0,0.0,0.0,0.6228070175438597,1.0,64.0
0.0,5.0,6.0,51.0,2.0,23546.0,144.0,0.0,0.0,0.6228070175438597,1.0,32768.0
0.0,3.0,6.0,28.0,2.0,3487.0,144.0,0.0,0.0,0.6228070175438597,1.0,2048.0
1.0,3.0,6.0,51.0,4.0,3026.0,288.0,0.0,0.0,0.6228070175438597,1.0,32.0
2.0,5.0,2.0,3.0,6.0,170.0,432.0,0.0,0.0,0.9035087719298246,2.0,16.0
12.0,7.0,6.0,35.0,26.0,1924.0,1872.0,0.0,0.0,0.9385964912280702,2.0,0.000976562
17.0,7.0,6.0,36.0,39.0,1837.0,2928.0,0.0,0.0,0.956140350877193,1.0,0.0625
1.0,3.0,6.0,35.0,4.0,12425.0,288.0,0.0,0.0,0.6228070175438597,0.25,64.0
4.0,7.0,10.0,124.0,18.0,44888.0,1616.0,0.0,0.0,0.9385964912280702,0.25,0.5
31.0,5.0,5.0,12.0,108.0,996.0,9536.0,0.0,0.0,0.956140350877193,0.25,0.0078125
12.0,5.0,10.0,93.0,26.0,8368.0,1872.0,0.0,0.0,0.9385964912280702,2.0,0.03125
0.0,5.0,4.0,9.0,2.0,795.0,144.0,0.0,0.0,0.6228070175438597,2.0,16384.0
1.0,7.0,6.0,42.0,4.0,5695.0,288.0,0.0,0.0,0.6228070175438597,2.0,64.0
32.0,5.0,2.0,3.0,117.0,170.0,10464.0,0.0,0.0,0.956140350877193,0.25,0.000976562
9.0,5.0,6.0,17.0,20.0,866.0,1440.0,0.0,0.0,0.9385964912280702,2.0,0.5
0.0,5.0,9.0,65.0,2.0,14966.0,144.0,0.0,0.0,0.6228070175438597,0.25,1024.0
0.0,3.0,2.0,3.0,2.0,170.0,144.0,0.0,0.0,0.6228070175438597,0.25,4096.0
19.0,5.0,3.0,6.0,66.0,1234.0,5792.0,0.0,0.0,0.956140350877193,0.25,0.0625
0.0,7.0,2.0,3.0,2.0,362.0,144.0,0.0,0.0,0.6228070175438597,2.0,512.0
2.0,5.0,2.0,3.0,8.0,362.0,656.0,0.0,0.0,0.8947368421052632,0.25,16.0
13.0,5.0,2.0,3.0,30.0,362.0,2240.0,0.0,0.0,0.9473684210526315,1.0,0.5
12.0,5.0,2.0,3.0,26.0,170.0,1872.0,0.0,0.0,0.9385964912280702,2.0,0.000976562
0.0,5.0,6.0,22.0,2.0,2530.0,144.0,0.0,0.0,0.6228070175438597,2.0,2048.0
14.0,7.0,5.0,14.0,39.0,758.0,3168.0,0.0,0.0,0.956140350877193,0.25,0.5
0.0,3.0,2.0,3.0,2.0,122.0,144.0,0.0,0.0,0.6228070175438597,1.0,2048.0
18.0,5.0,6.0,34.0,41.0,14433.0,3072.0,0.0,0.0,0.956140350877193,1.0,0.0078125
4.0,7.0,6.0,51.0,10.0,3026.0,720.0,0.0,0.0,0.9298245614035088,1.0,8.0
