model,dataset,max_trees,no_trees,depth,alpha,train_loss,test_accuracy,nodes
lgbm_base,breastcancer,1,1,1,0.0,0.6329670329670329,0.6052631578947368,3
lgbm_base,breastcancer,32,32,1,0.0,0.9692307692307692,0.9122807017543859,96
lgbm_base,breastcancer,8,8,8,0.0,0.978021978021978,0.9298245614035088,212
lgbm_quant,breastcancer,8,8,8,0.0,0.978021978021978,0.9298245614035088,212
lgbm_quant,breastcancer,1,1,1,0.0,0.9692307692307692,0.9122807017543859,3
lgbm_base,breastcancer,64,64,2,0.0,0.9956043956043956,0.9385964912280702,448
lgbm_quant,breastcancer,64,64,2,0.0,0.9956043956043956,0.9385964912280702,448
lgbm_base,kin8nm,32,32,1,0.0,0.04678580576805811,0.04858863228258106,96
lgbm_quant,kin8nm,32,32,1,0.0,0.046784656059278236,0.048586657758128274,96
lgbm_base,mushroom,32,32,1,0.0,0.968148945991691,0.9723076923076923,96
lgbm_quant,mushroom,32,32,1,0.0,0.968148945991691,0.9723076923076923,96
lgbm_base,california_housing,4,4,4,0.0,0.8730120982922631,0.8953762858130344,124
lgbm_base,california_housing,8,8,8,0.0,0.5577614420883822,0.5810792883517257,488
lgbm_quant,california_housing,4,4,4,0.0,0.8731572661985252,0.895348939096015,124
lgbm_quant,california_housing,8,8,8,0.0,0.5593152442440714,0.5817413797616523,488
lgbm_base,mushroom,64,64,2,0.0,0.9981535620864749,0.9975384615384615,446
lgbm_quant,mushroom,64,64,2,0.0,0.9981535620864749,0.9975384615384615,446
lgbm_base,mushroom,128,128,4,0.0,1.0,1.0,3408
lgbm_quant,mushroom,128,128,4,0.0,1.0,1.0,3408
lgbm_base,california_housing,1024,1024,1,0.0,0.31659641005203604,0.34385713835918624,3072
lgbm_base,california_housing,1,1,1,0.0,1.2492948562742885,1.2683547415985175,3
lgbm_quant,california_housing,1,1,1,0.0,1.2499504148793439,1.2690132825615548,3
lgbm_base,california_housing,32,32,1,0.0,0.6492240303000508,0.6723931528164611,96
lgbm_base,mushroom,4,4,4,0.0,0.9783043545160794,0.976,104
lgbm_quant,mushroom,4,4,4,0.0,0.9783043545160794,0.976,104
lgbm_base,kin8nm,4,4,4,0.0,0.053326731021414366,0.05606245361544723,124
lgbm_quant,california_housing,32,32,1,0.0,0.6495874889762053,0.6725765076064611,96
lgbm_quant,kin8nm,4,4,4,0.0,0.05333404061372853,0.056068144903686605,124
lgbm_base,kin8nm,1,1,1,0.0,0.06606371687997134,0.06802546627389565,3
lgbm_quant,kin8nm,1,1,1,0.0,0.06606035068633975,0.06802139176685888,3
lgbm_base,california_housing,2,2,2,0.0,1.1220749409729727,1.1410828966518654,14
lgbm_quant,california_housing,2,2,2,0.0,1.121967695457814,1.140981679527719,14
lgbm_base,kin8nm,8,8,8,0.0,0.03957997878145067,0.0441507935379727,488
lgbm_base,california_housing,64,64,2,0.0,0.3592099927215397,0.3866231939323454,448
lgbm_quant,kin8nm,8,8,8,0.0,0.842569934632946,0.8507036031624751,488
lgbm_base,kin8nm,2,2,2,0.0,0.06188037701106369,0.06407309976776074,14
lgbm_quant,kin8nm,2,2,2,0.0,0.06190795256931695,0.0640996986909508,14
lgbm_quant,california_housing,64,64,2,0.0,0.3615998244302678,0.38916123892681015,448
lgbm_base,mushroom,8,8,8,0.0,0.99523003539006,0.9969230769230769,458
lgbm_quant,mushroom,8,8,8,0.0,0.99523003539006,0.9969230769230769,458
lgbm_base,mushroom,2,2,2,0.0,0.9106016310201569,0.912,14
lgbm_quant,mushroom,2,2,2,0.0,0.9106016310201569,0.912,14
lgbm_base,california_housing,128,128,4,0.0,0.20546527126698952,0.25010026186116857,3670
lgbm_base,mushroom,256,256,8,0.0,1.0,1.0,7842
lgbm_base,mushroom,1024,1024,1,0.0,1.0,1.0,3072
lgbm_quant,mushroom,256,256,8,0.0,1.0,1.0,7842
lgbm_quant,california_housing,1024,1024,1,0.0,0.3208748790802768,0.3468725064841657,3072
lgbm_quant,california_housing,128,128,4,0.0,0.24313187314160378,0.28812186115631816,3670
lgbm_quant,mushroom,1024,1024,1,0.0,1.0,1.0,3072
lgbm_base,california_housing,256,256,8,0.0,0.10588487880209296,0.20631325154357058,15614
lgbm_quant,california_housing,256,256,8,0.0,16.951692276678227,16.96519408330547,15614
lgbm_base,mushroom,1,1,1,0.0,0.7864286813355901,0.8055384615384615,3
lgbm_quant,mushroom,1,1,1,0.0,0.7864286813355901,0.8055384615384615,3
lgbm_base,breastcancer,8,8,4,0.0,0.978021978021978,0.9298245614035088,120
lgbm_quant,breastcancer,8,8,4,0.0,0.978021978021978,0.9298245614035088,120
lgbm_base,breastcancer,16,16,8,0.0,0.9934065934065934,0.9298245614035088,458
lgbm_quant,breastcancer,16,16,8,0.0,0.9934065934065934,0.9298245614035088,458
lgbm_base,breastcancer,64,64,1,0.0,0.9912087912087912,0.9298245614035088,192
lgbm_quant,breastcancer,64,64,1,0.0,0.9912087912087912,0.9298245614035088,192
lgbm_base,covtype,128,128,4,0.0,0.8044659204103191,0.8004268392382297,3894
lgbm_base,mushroom,64,64,1,0.0,0.9746114786890291,0.976,192
lgbm_quant,mushroom,64,64,1,0.0,0.9746114786890291,0.976,192
lgbm_base,kin8nm,4,4,2,0.0,0.05692590043209845,0.05910488429394084,28
lgbm_quant,kin8nm,4,4,2,0.0,0.05694835270908654,0.05912636496203198,28
lgbm_base,california_housing,256,256,4,0.0,0.16962844462383556,0.22474521268698178,7228
lgbm_quant,california_housing,256,256,4,0.0,0.21006442633708297,0.26504669925826607,7228
lgbm_base,mushroom,4,4,2,0.0,0.9106016310201569,0.912,28
lgbm_quant,mushroom,4,4,2,0.0,0.9106016310201569,0.912,28
lgbm_base,california_housing,2,2,1,0.0,1.1840586067669492,1.204435949687965,6
lgbm_quant,california_housing,2,2,1,0.0,1.1846602455252404,1.2050254582502047,6
lgbm_base,kin8nm,8,8,4,0.0,0.04498487884865543,0.048138070964654105,248
lgbm_base,kin8nm,2,2,1,0.0,0.06360830996260533,0.06548092029734409,6
lgbm_quant,kin8nm,2,2,1,0.0,0.06360467390051404,0.06547653616469687,6
lgbm_quant,kin8nm,8,8,4,0.0,0.04499031666292585,0.04814344698440796,248
lgbm_base,mushroom,2,2,1,0.0,0.7864286813355901,0.8055384615384615,6
lgbm_quant,mushroom,2,2,1,0.0,0.7864286813355901,0.8055384615384615,6
lgbm_base,california_housing,8,8,4,0.0,0.6498159225854324,0.6759120198737983,248
lgbm_base,california_housing,4,4,2,0.0,0.9765518778189951,0.9967990262674069,28
lgbm_quant,california_housing,8,8,4,0.0,0.6501155933721181,0.6758698181726164,248
lgbm_quant,california_housing,4,4,2,0.0,0.9764842377474732,0.9966537738642172,28
lgbm_base,mushroom,128,128,2,0.0,0.9992306508693645,0.9981538461538462,892
lgbm_quant,mushroom,128,128,2,0.0,0.9992306508693645,0.9981538461538462,892
lgbm_base,kin8nm,16,16,8,0.0,0.028542351851798643,0.034215320064755333,976
lgbm_base,mushroom,8,8,4,0.0,0.9783043545160794,0.976,204
lgbm_quant,kin8nm,16,16,8,0.0,0.028556353849613223,0.03421730241056829,976
lgbm_quant,mushroom,8,8,4,0.0,0.9783043545160794,0.976,204
lgbm_base,california_housing,16,16,8,0.0,0.3546019198916001,0.3854787523798945,976
lgbm_base,california_housing,64,64,1,0.0,0.5299850717907777,0.5545040162242775,192
lgbm_base,mushroom,16,16,8,0.0,0.9963071241729496,0.9975384615384615,928
lgbm_quant,california_housing,16,16,8,0.0,0.357310412720113,0.386587005771952,976
lgbm_quant,california_housing,64,64,1,0.0,0.5304251950005,0.5548110798156588,192
lgbm_quant,mushroom,16,16,8,0.0,0.9963071241729496,0.9975384615384615,928
lgbm_base,mushroom,256,256,4,0.0,1.0,1.0,5310
lgbm_base,california_housing,128,128,2,0.0,0.29728994765025246,0.3237166449187369,896
lgbm_base,mushroom,512,512,8,0.0,1.0,1.0,8620
lgbm_quant,california_housing,128,128,2,0.0,46.27922008316198,45.28905544309773,896
lgbm_quant,mushroom,256,256,4,0.0,1.0,1.0,5310
lgbm_base,kin8nm,64,64,2,0.0,0.03481347788718687,0.0377849775885218,448
lgbm_quant,kin8nm,64,64,2,0.0,10.169884571156718,10.064936592674243,448
lgbm_quant,mushroom,512,512,8,0.0,1.0,1.0,8620
lgbm_quant,covtype,128,128,4,0.0,0.8043949235062143,0.8003493885700025,3894
lgbm_base,california_housing,512,512,8,0.0,0.0678985902359933,0.19889713280706933,31184
lgbm_quant,california_housing,512,512,8,0.0,71.7162242901603,72.10522914261233,31184
lgbm_base,breastcancer,16,16,4,0.0,0.9912087912087912,0.9298245614035088,248
lgbm_quant,breastcancer,16,16,4,0.0,0.9912087912087912,0.9298245614035088,248
lgbm_base,breastcancer,8,8,2,0.0,0.9758241758241758,0.9473684210526315,56
lgbm_quant,breastcancer,8,8,2,0.0,0.9758241758241758,0.9473684210526315,56
lgbm_base,breastcancer,32,32,8,0.0,0.9956043956043956,0.9473684210526315,982
lgbm_quant,breastcancer,32,32,8,0.0,0.9956043956043956,0.9473684210526315,982
lgbm_base,kin8nm,128,128,4,0.0,0.01678120113919843,0.023923748285465972,3288
lgbm_quant,kin8nm,128,128,4,0.0,0.016801177978441245,0.023919279534033742,3288
lgbm_base,breastcancer,1,1,8,0.0,0.6329670329670329,0.6052631578947368,17
lgbm_quant,breastcancer,1,1,8,0.0,0.6329670329670329,0.6052631578947368,17
lgbm_base,covtype,256,256,8,0.0,0.8722206325609013,0.8656747244047056,15616
lgbm_base,kin8nm,1,1,8,0.0,0.06292497066826885,0.0653434237063946,61
lgbm_quant,kin8nm,1,1,8,0.0,0.06293183827428055,0.06534725531245866,61
lgbm_base,kin8nm,4,4,1,0.0,0.059890298240104584,0.061533426162836566,12
lgbm_quant,kin8nm,4,4,1,0.0,0.05988766617827024,0.06153007898269175,12
lgbm_base,kin8nm,16,16,4,0.0,0.036652412317449416,0.04017466977853468,496
lgbm_quant,kin8nm,16,16,4,0.0,0.0366576725231906,0.04017968220772724,496
lgbm_base,mushroom,8,8,2,0.0,0.9244499153715956,0.9267692307692308,56
lgbm_quant,mushroom,8,8,2,0.0,0.9244499153715956,0.9267692307692308,56
lgbm_base,mushroom,128,128,1,0.0,0.9787659639944607,0.9815384615384616,384
lgbm_quant,mushroom,128,128,1,0.0,0.9787659639944607,0.9815384615384616,384
lgbm_base,mushroom,32,32,8,0.0,1.0,1.0,1902
lgbm_quant,mushroom,32,32,8,0.0,1.0,1.0,1902
lgbm_base,california_housing,1,1,8,0.0,1.1640919805635146,1.183405043865271,61
lgbm_quant,california_housing,1,1,8,0.0,1.1642986216632931,1.1835607045278562,61
lgbm_base,kin8nm,8,8,2,0.0,0.051060184668120685,0.05312395892640106,56
lgbm_quant,kin8nm,8,8,2,0.0,0.05107800925177921,0.053139482232845286,56
lgbm_base,mushroom,4,4,1,0.0,0.7978150484689952,0.819076923076923,12
lgbm_quant,mushroom,4,4,1,0.0,0.7978150484689952,0.819076923076923,12
lgbm_base,mushroom,1,1,8,0.0,0.99523003539006,0.9969230769230769,55
lgbm_quant,mushroom,1,1,8,0.0,0.99523003539006,0.9969230769230769,55
lgbm_base,mushroom,16,16,4,0.0,0.9926142483458994,0.9926153846153846,414
lgbm_quant,mushroom,16,16,4,0.0,0.9926142483458994,0.9926153846153846,414
lgbm_base,california_housing,4,4,1,0.0,1.0778690788012046,1.0995719172390273,12
lgbm_quant,california_housing,4,4,1,0.0,1.0783663655903737,1.1000807636731165,12
lgbm_base,california_housing,128,128,1,0.0,0.43638072517488297,0.46201277585633616,384
lgbm_base,kin8nm,64,64,1,0.0,0.04282196779106657,0.04468905480811636,192
lgbm_quant,kin8nm,64,64,1,0.0,0.042820768916025084,0.04468740416496087,192
lgbm_quant,california_housing,128,128,1,0.0,0.43717763841509055,0.4624815782455936,384
lgbm_base,mushroom,256,256,2,0.0,1.0,1.0,1782
lgbm_base,california_housing,32,32,8,0.0,0.24041975735539736,0.27918568398609844,1952
lgbm_base,california_housing,8,8,2,0.0,0.8008610904245628,0.8244596077075775,56
lgbm_quant,mushroom,256,256,2,0.0,1.0,1.0,1782
lgbm_base,california_housing,16,16,4,0.0,0.44873408408337834,0.4767256716279527,492
lgbm_quant,california_housing,32,32,8,0.0,0.24413785884921535,0.2806831417708318,1952
lgbm_quant,california_housing,8,8,2,0.0,0.24413785884921535,0.2806831417708318,56
lgbm_quant,california_housing,16,16,4,0.0,0.4497133302134679,0.47685547104771775,492
lgbm_base,california_housing,256,256,2,0.0,0.2596375583547956,0.2880052637986767,1792
lgbm_base,mushroom,512,512,4,0.0,1.0,1.0,6232
lgbm_quant,california_housing,256,256,2,0.0,24.768137582760392,24.562693103634963,1792
lgbm_quant,mushroom,512,512,4,0.0,1.0,1.0,6232
lgbm_base,mushroom,1024,1024,8,0.0,1.0,1.0,10156
lgbm_base,california_housing,512,512,4,0.0,0.1344886721455036,0.20890052379137647,14130
lgbm_quant,mushroom,1024,1024,8,0.0,1.0,1.0,10156
lgbm_quant,covtype,256,256,8,0.0,0.5197446693157834,0.521337659096581,15616
lgbm_quant,california_housing,512,512,4,0.0,4.1103573828366375,4.217777298543887,14130
lgbm_base,california_housing,1024,1024,8,0.0,0.034020387238859924,0.19814559581988728,62358
lgbm_base,covtype,128,128,2,0.0,0.7720784236105583,0.7687667271929296,896
lgbm_quant,california_housing,1024,1024,8,0.0,1339.7594898162906,1357.4778123096628,62358
lgbm_base,breastcancer,16,16,2,0.0,0.978021978021978,0.9385964912280702,112
lgbm_quant,breastcancer,16,16,2,0.0,0.978021978021978,0.9385964912280702,112
lgbm_base,covtype,1024,1024,1,0.0,0.7733456107777603,0.7704534306343209,3072
lgbm_base,breastcancer,64,64,8,0.0,1.0,0.9649122807017544,2328
lgbm_quant,breastcancer,64,64,8,0.0,1.0,0.9649122807017544,2328
lgbm_base,breastcancer,1,1,4,0.0,0.6329670329670329,0.6052631578947368,15
lgbm_quant,breastcancer,1,1,4,0.0,0.6329670329670329,0.6052631578947368,15
lgbm_base,breastcancer,32,32,4,0.0,0.9956043956043956,0.9473684210526315,546
lgbm_quant,breastcancer,32,32,4,0.0,0.9956043956043956,0.9473684210526315,546
lgbm_quant,covtype,128,128,2,0.0,0.7720633636612028,0.7687323046737176,896
lgbm_base,kin8nm,128,128,2,0.0,0.03170068655921446,0.03540522260687625,880
lgbm_quant,kin8nm,128,128,2,0.0,10.167494971590326,10.063591495133107,880
lgbm_base,covtype,256,256,4,0.0,0.820679031602228,0.816192353037357,7638
lgbm_base,kin8nm,2,2,8,0.0,0.057897795689707085,0.060778008087793114,122
lgbm_quant,kin8nm,2,2,8,0.0,0.05790477706019241,0.06078073505966575,122
lgbm_base,california_housing,2,2,8,0.0,1.0238419425042717,1.043257516230987,122
lgbm_quant,california_housing,2,2,8,0.0,1.0245535549449059,1.0439208926212538,122
lgbm_base,kin8nm,1,1,4,0.0,0.06405669890315037,0.0662947628810444,31
lgbm_quant,kin8nm,1,1,4,0.0,0.06406610848441827,0.06630289980646269,31
lgbm_base,kin8nm,8,8,1,0.0,0.055316601797319065,0.05676939445185325,24
lgbm_quant,kin8nm,8,8,1,0.0,0.05531475054435123,0.05676679804827391,24
lgbm_base,kin8nm,16,16,2,0.0,0.045673247011582055,0.047840547621754326,112
lgbm_quant,kin8nm,16,16,2,0.0,0.04568460197672396,0.047849189496343404,112
lgbm_base,mushroom,32,32,4,0.0,0.9992306508693645,0.9981538461538462,860
lgbm_quant,mushroom,32,32,4,0.0,0.9992306508693645,0.9981538461538462,860
lgbm_base,california_housing,64,64,8,0.0,0.18634395250490604,0.23788666494428182,3904
lgbm_base,california_housing,512,512,2,0.0,0.2319993900294643,0.26195848817770817,3584
lgbm_quant,california_housing,64,64,8,0.0,0.19408367748490704,0.2421430571547758,3904
lgbm_base,mushroom,1024,1024,4,0.0,1.0,1.0,7768
lgbm_quant,california_housing,512,512,2,0.0,25.532797087466633,25.35735054701132,3584
lgbm_quant,mushroom,1024,1024,4,0.0,1.0,1.0,7768
lgbm_base,breastcancer,128,128,1,0.0,0.9934065934065934,0.9385964912280702,384
lgbm_quant,breastcancer,128,128,1,0.0,0.9934065934065934,0.9385964912280702,384
lgbm_base,mushroom,8,8,1,0.0,0.9016771811047853,0.9083076923076923,24
lgbm_quant,mushroom,8,8,1,0.0,0.9016771811047853,0.9083076923076923,24
lgbm_base,mushroom,16,16,2,0.0,0.9718418218187413,0.976,112
lgbm_quant,mushroom,16,16,2,0.0,0.9718418218187413,0.976,112
lgbm_base,kin8nm,32,32,8,0.0,0.019044408174144035,0.02577311678190394,1952
lgbm_base,mushroom,256,256,1,0.0,0.9893829819972303,0.9883076923076923,768
lgbm_quant,kin8nm,32,32,8,0.0,0.019063425588142748,0.025777783948126205,1952
lgbm_quant,mushroom,256,256,1,0.0,0.9893829819972303,0.9883076923076923,768
lgbm_base,mushroom,1,1,4,0.0,0.9783043545160794,0.976,29
lgbm_base,mushroom,2,2,8,0.0,0.99523003539006,0.9969230769230769,114
lgbm_quant,mushroom,1,1,4,0.0,0.9783043545160794,0.976,29
lgbm_quant,mushroom,2,2,8,0.0,0.99523003539006,0.9969230769230769,114
lgbm_base,california_housing,32,32,4,0.0,0.3077972269675489,0.3391724437252385,978
lgbm_base,california_housing,1,1,4,0.0,1.180470490018006,1.200982212154914,31
lgbm_quant,california_housing,1,1,4,0.0,1.1806450288945243,1.2011563807276733,31
lgbm_quant,california_housing,32,32,4,0.0,0.34319368707968995,0.3741949424598907,978
lgbm_base,kin8nm,128,128,1,0.0,0.039586838958140795,0.041599102870764355,384
lgbm_base,mushroom,64,64,8,0.0,1.0,1.0,3854
lgbm_base,california_housing,8,8,1,0.0,0.9340069121202247,0.9573131347602386,24
lgbm_quant,kin8nm,128,128,1,0.0,0.039588525619795145,0.04159783390008928,384
lgbm_quant,california_housing,8,8,1,0.0,0.9344713843183121,0.9577487116846576,24
lgbm_quant,mushroom,64,64,8,0.0,1.0,1.0,3854
lgbm_base,california_housing,16,16,2,0.0,0.6292757670018729,0.6565179169449183,112
lgbm_quant,california_housing,16,16,2,0.0,0.629480857453781,0.6564745513241244,112
lgbm_base,mushroom,512,512,2,0.0,1.0,1.0,3572
lgbm_base,california_housing,256,256,1,0.0,0.3790068785716843,0.40582145112260193,768
lgbm_quant,mushroom,512,512,2,0.0,1.0,1.0,3572
lgbm_quant,california_housing,256,256,1,0.0,0.3810428815592804,0.4073771716496545,768
lgbm_quant,covtype,1024,1024,1,0.0,0.7733025823510302,0.7705394869323512,3072
lgbm_base,kin8nm,256,256,8,0.0,0.003353730647542115,0.013125779934435878,15460
lgbm_quant,kin8nm,256,256,8,0.0,12.288538681503502,11.948779555624316,15460
lgbm_base,california_housing,1024,1024,4,0.0,0.09740472604477274,0.1986682086666819,27674
lgbm_quant,covtype,256,256,4,0.0,0.8205585520073837,0.8160890854797208,7638
lgbm_quant,california_housing,1024,1024,4,0.0,85.49176587474939,82.8073277998298,27674
lgbm_base,breastcancer,32,32,2,0.0,0.9934065934065934,0.9473684210526315,224
lgbm_quant,breastcancer,32,32,2,0.0,0.9934065934065934,0.9473684210526315,224
lgbm_base,breastcancer,16,16,1,0.0,0.9604395604395605,0.9122807017543859,48
lgbm_quant,breastcancer,16,16,1,0.0,0.9604395604395605,0.9122807017543859,48
lgbm_base,breastcancer,1,1,2,0.0,0.6329670329670329,0.6052631578947368,7
lgbm_quant,breastcancer,1,1,2,0.0,0.6329670329670329,0.6052631578947368,7
lgbm_base,breastcancer,64,64,4,0.0,1.0,0.956140350877193,1186
lgbm_quant,breastcancer,64,64,4,0.0,1.0,0.956140350877193,1186
lgbm_base,covtype,128,128,1,0.0,0.7492109662248364,0.7464351178541001,384
lgbm_quant,covtype,128,128,1,0.0,0.7492948716569602,0.7465297797819334,384
lgbm_base,kin8nm,32,32,2,0.0,0.03953710720587778,0.04190593304769605,224
lgbm_quant,kin8nm,32,32,2,0.0,0.03954470406971149,0.04191132275087818,224
lgbm_base,mushroom,32,32,2,0.0,0.9876904139098323,0.9876923076923076,222
lgbm_base,mushroom,64,64,4,0.0,1.0,1.0,1702
lgbm_quant,mushroom,32,32,2,0.0,0.9876904139098323,0.9876923076923076,222
lgbm_base,california_housing,4,4,8,0.0,0.8121045903102183,0.8311745350459601,244
lgbm_base,kin8nm,32,32,4,0.0,0.02864361091369482,0.0329951427947792,978
lgbm_quant,california_housing,4,4,8,0.0,0.8130051577320159,0.8318599886103986,244
lgbm_quant,mushroom,64,64,4,0.0,1.0,1.0,1702
lgbm_quant,kin8nm,32,32,4,0.0,0.02865609164777844,0.03300252003006288,978
lgbm_base,california_housing,16,16,1,0.0,0.7890813704196586,0.8136083813470519,48
lgbm_quant,california_housing,16,16,1,0.0,0.7894583660131251,0.813798099876105,48
lgbm_base,mushroom,128,128,8,0.0,1.0,1.0,7088
lgbm_quant,mushroom,128,128,8,0.0,1.0,1.0,7088
lgbm_base,kin8nm,256,256,4,0.0,0.011557199105953113,0.01996565293824776,6214
lgbm_quant,kin8nm,256,256,4,0.0,8.077317637319231,7.999197064950366,6214
lgbm_base,covtype,512,512,8,0.0,0.9052169815988933,0.8966377804359612,31232
lgbm_base,kin8nm,256,256,2,0.0,0.028961888678099495,0.03388649628994692,1716
lgbm_quant,kin8nm,256,256,2,0.0,13.756406748096765,13.814080570205054,1716
lgbm_base,kin8nm,4,4,8,0.0,0.04998147940622075,0.0533885936965482,244
lgbm_quant,kin8nm,4,4,8,0.0,0.049988101279279606,0.053390185491624685,244
lgbm_base,kin8nm,1,1,2,0.0,0.06515247310321194,0.06727767318467717,7
lgbm_quant,kin8nm,1,1,2,0.0,0.06518334980728885,0.06730758528095297,7
lgbm_base,mushroom,16,16,1,0.0,0.9589167564240653,0.96,48
lgbm_base,kin8nm,2,2,4,0.0,0.05997060874120361,0.06229966126560036,62
lgbm_quant,kin8nm,2,2,4,0.0,0.059979106272683054,0.0623070006627788,62
lgbm_quant,mushroom,16,16,1,0.0,0.9589167564240653,0.96,48
lgbm_base,kin8nm,16,16,1,0.0,0.05083839392980076,0.052482721896492154,48
lgbm_quant,kin8nm,16,16,1,0.0,0.05083702979087428,0.05248046751535479,48
lgbm_base,mushroom,4,4,8,0.0,0.99523003539006,0.9969230769230769,234
lgbm_quant,mushroom,4,4,8,0.0,0.99523003539006,0.9969230769230769,234
lgbm_base,california_housing,32,32,2,0.0,0.4725593596609104,0.5004066485647001,224
lgbm_base,kin8nm,64,64,8,0.0,0.011184646279341915,0.01870456064623168,3904
lgbm_base,covtype,256,256,2,0.0,0.7810713647971532,0.7780522017503851,1792
lgbm_quant,california_housing,32,32,2,0.0,0.47317461986703085,0.5006244500467487,224
lgbm_base,mushroom,2,2,4,0.0,0.9783043545160794,0.976,54
lgbm_base,california_housing,2,2,4,0.0,1.0593132083603463,1.080857258574948,62
lgbm_quant,mushroom,2,2,4,0.0,0.9783043545160794,0.976,54
lgbm_quant,california_housing,2,2,4,0.0,1.0594708893038751,1.080855065516866,62
lgbm_quant,kin8nm,64,64,8,0.0,0.01120533670369783,0.018701950052275366,3904
lgbm_base,mushroom,512,512,1,0.0,0.9992306508693645,0.9981538461538462,1536
lgbm_base,california_housing,64,64,4,0.0,0.24439472321884786,0.27925099443468726,1888
lgbm_base,california_housing,1,1,2,0.0,1.2145301539886326,1.2337483039795372,7
lgbm_quant,california_housing,1,1,2,0.0,0.2793256830553147,0.31458020946393456,7
lgbm_quant,california_housing,64,64,4,0.0,0.2793256830553147,0.31458020946393456,1888
lgbm_base,california_housing,512,512,1,0.0,0.3403867556106396,0.36724007743495546,1536
lgbm_base,california_housing,128,128,8,0.0,0.14496779396569257,0.21734658075268826,7808
lgbm_quant,california_housing,512,512,1,0.0,0.3435194546825576,0.36941993090700576,1536
lgbm_quant,california_housing,128,128,8,0.0,0.1554384610626061,0.2235564250560356,7808
lgbm_base,mushroom,1024,1024,2,0.0,1.0,1.0,5858
lgbm_base,california_housing,1024,1024,2,0.0,0.20764467198422698,0.24397604458415414,7168
lgbm_quant,mushroom,1024,1024,2,0.0,1.0,1.0,5858
lgbm_base,mushroom,1,1,2,0.0,0.9106016310201569,0.912,7
lgbm_quant,mushroom,1,1,2,0.0,0.9106016310201569,0.912,7
lgbm_quant,california_housing,1024,1024,2,0.0,54.981699313016215,55.404182316477545,7168
lgbm_base,kin8nm,512,512,8,0.0,0.00136750657437493,0.012430973525892687,30710
lgbm_quant,kin8nm,512,512,8,0.0,148.13259919937178,148.51243811014197,30710
lgbm_base,breastcancer,128,128,4,0.0,1.0,0.9649122807017544,2412
lgbm_quant,breastcancer,128,128,4,0.0,1.0,0.9649122807017544,2412
ccp,breastcancer,1,1,4,0.125,1.1774519584756584,0.6052631578947368,3
ccp,breastcancer,2,2,4,0.5,1.3147153436040961,0.6052631578947368,2
ccp,breastcancer,4,4,1,0.03125,0.8940938962336461,0.9035087719298246,12
ccp,breastcancer,4,4,8,0.5,1.3147153436040961,0.6052631578947368,4
ccp,breastcancer,4,4,2,0.0078125,0.8403433585846227,0.8947368421052632,24
ccp,breastcancer,1,1,2,0.5,1.3147153436040961,0.6052631578947368,1
ccp,breastcancer,2,2,8,0.125,1.068113265289999,0.6052631578947368,6
ccp,breastcancer,1,1,8,0.03125,1.1774519584756584,0.6052631578947368,3
ccp,breastcancer,32,32,2,0.5,1.3147153436040961,0.6052631578947368,32
ccp,breastcancer,16,16,2,0.125,1.068105480973457,0.6052631578947368,20
ccp,breastcancer,16,16,1,0.5,1.3147153436040961,0.6052631578947368,16
ccp,breastcancer,16,16,8,0.0078125,0.3658384331218799,0.9210526315789473,74
ccp,breastcancer,8,8,2,0.03125,0.6645078067219299,0.9210526315789473,24
ccp,breastcancer,16,16,4,0.03125,0.5867825945195384,0.9298245614035088,36
ccp,breastcancer,8,8,4,0.0078125,0.5808461159794722,0.9210526315789473,48
ccp,breastcancer,8,8,1,0.125,1.0681073720107206,0.6052631578947368,12
ccp,breastcancer,32,32,4,0.125,1.0681050654476905,0.6052631578947368,36
lgbm_base,breastcancer,256,256,8,0.0,1.0,0.9649122807017544,5636
lgbm_quant,breastcancer,256,256,8,0.0,1.0,0.9649122807017544,5636
ccp,breastcancer,128,128,1,0.03125,0.5867787608575443,0.9298245614035088,148
ccp,breastcancer,2,2,1,0.0078125,1.068113265289999,0.6052631578947368,6
ccp,breastcancer,64,64,8,0.125,1.068105050686538,0.6052631578947368,68
ccp,breastcancer,128,128,2,0.0078125,0.3351302432196715,0.9210526315789473,186
ccp,breastcancer,32,32,8,0.03125,0.5867788925692016,0.9298245614035088,52
ccp,breastcancer,64,64,1,0.0078125,0.3674293544271313,0.9210526315789473,104
ccp,breastcancer,64,64,4,0.5,1.3147153436040961,0.6052631578947368,64
ccp,breastcancer,256,256,1,0.125,1.068105050669113,0.6052631578947368,260
ccp,breastcancer,128,128,8,0.5,1.3147153436040961,0.6052631578947368,128
ccp,breastcancer,256,256,2,0.03125,0.5867787608575442,0.9298245614035088,276
ccp,breastcancer,512,512,1,0.5,1.3147153436040961,0.6052631578947368,512
ccp,breastcancer,256,256,4,0.0078125,0.32194761186245185,0.9210526315789473,320
ccp,breastcancer,512,512,2,0.125,1.0681050506691128,0.6052631578947368,516
ccp,kr-vs-kp,1,1,2,0.5,1.384015263196494,0.515625,1
ccp,breastcancer,512,512,4,0.03125,0.5867787608575443,0.9298245614035088,532
ccp,kr-vs-kp,1,1,4,0.125,1.384015263196494,0.515625,1
ccp,breastcancer,1024,1024,2,0.5,1.3147153436040961,0.6052631578947368,1024
lgbm_base,kin8nm,1024,1024,1,0.0,0.03701759758503891,0.040401039651710983,3072
lgbm_quant,kin8nm,1024,1024,1,0.0,173.73318947926853,170.85876848181485,3072
ccp,breastcancer,512,512,8,0.125,1.0681050506691128,0.6052631578947368,516
lgbm_base,wine,1,7,1,0.0,0.43294208197036754,0.45076923076923076,21
lgbm_quant,wine,1,7,1,0.0,0.43294208197036754,0.45076923076923076,21
lgbm_base,wine,2,14,2,0.0,0.5208774292861266,0.5353846153846153,96
lgbm_quant,wine,2,14,2,0.0,0.5208774292861266,0.5353846153846153,96
lgbm_base,wine,32,224,1,0.0,0.5422359053299981,0.5538461538461539,672
lgbm_quant,wine,32,224,1,0.0,0.5422359053299981,0.5538461538461539,672
lgbm_base,wine,4,28,4,0.0,0.542620742736194,0.5484615384615384,738
lgbm_quant,wine,4,28,4,0.0,0.5414662305176063,0.5476923076923077,738
lgbm_base,wine,64,448,2,0.0,0.598229747931499,0.5715384615384616,3102
lgbm_base,wine,8,56,8,0.0,0.6432557244564172,0.5846153846153846,3320
lgbm_quant,wine,8,56,8,0.0,0.6417163748316337,0.5838461538461538,3320
ccp,breastcancer,512,512,8,0.0078125,0.3219476118624518,0.9210526315789473,576
lgbm_quant,wine,64,448,2,0.0,0.5974600731191072,0.573076923076923,3102
ccp,breastcancer,1024,1024,4,0.125,1.0681050506691128,0.6052631578947368,1028
lgbm_base,kin8nm,64,64,4,0.0,0.02184662327138563,0.027722898794230483,1832
lgbm_quant,kin8nm,64,64,4,0.0,0.021859268483938932,0.027726721880639203,1832
lgbm_base,kin8nm,256,256,1,0.0,0.03793527470987242,0.040214518570005284,768
lgbm_quant,kin8nm,256,256,1,0.0,0.03794112568221015,0.040212329568130964,768
lgbm_base,wine,128,896,4,0.0,0.8033480854339041,0.6323076923076923,20552
ccp,breastcancer,2,2,4,0.25,1.3147153436040961,0.6052631578947368,2
ccp,breastcancer,1,1,4,0.0625,1.1774519584756584,0.6052631578947368,3
ccp,breastcancer,32,32,1,0.0,0.25979552082905627,0.9122807017543859,96
lgbm_quant,wine,128,896,4,0.0,0.7956513373099865,0.6323076923076923,20552
ccp,breastcancer,1,1,2,0.25,1.3147153436040961,0.6052631578947368,1
ccp,breastcancer,1,1,8,0.015625,1.1774519584756584,0.6052631578947368,3
ccp,breastcancer,4,4,1,0.015625,0.8940938962336461,0.9035087719298246,12
ccp,breastcancer,4,4,8,0.25,1.3147153436040961,0.6052631578947368,4
ccp,breastcancer,16,16,1,0.25,1.3147153436040961,0.6052631578947368,16
ccp,breastcancer,1,1,1,0.0,1.1774519584756584,0.6052631578947368,3
ccp,breastcancer,8,8,2,0.015625,0.6303648902353868,0.9210526315789473,30
ccp,breastcancer,32,32,2,0.25,1.3147153436040961,0.6052631578947368,32
ccp,breastcancer,16,16,2,0.0625,0.7650917028895874,0.9385964912280702,28
ccp,breastcancer,1024,1024,8,0.5,1.3147153436040961,0.6052631578947368,1024
ccp,breastcancer,4,4,4,0.0,0.7666023129149493,0.9385964912280702,80
ccp,breastcancer,2,2,8,0.0625,1.068113265289999,0.6052631578947368,6
ccp,breastcancer,8,8,1,0.0625,0.765100815990507,0.9385964912280702,20
ccp,breastcancer,8,8,8,0.0,0.46001145186290654,0.9385964912280702,226
ccp,breastcancer,16,16,4,0.015625,0.42614409528980557,0.9210526315789473,52
ccp,breastcancer,32,32,4,0.0625,0.7650896995609056,0.9385964912280702,44
ccp,breastcancer,2,2,2,0.0,1.0294250678055845,0.6052631578947368,14
ccp,breastcancer,64,64,2,0.0,0.04129693189425699,0.9385964912280702,448
ccp,breastcancer,128,128,1,0.015625,0.4511618506512256,0.9298245614035088,158
ccp,breastcancer,32,32,8,0.015625,0.42613748671775825,0.9210526315789473,68
ccp,breastcancer,64,64,4,0.25,1.3147153436040961,0.6052631578947368,64
ccp,breastcancer,64,64,8,0.0625,0.7650896283781788,0.9385964912280702,76
ccp,breastcancer,128,128,4,0.0,2.83511661972763e-05,0.9035087719298246,3502
ccp,breastcancer,256,256,1,0.0625,0.7650896282941453,0.9385964912280702,268
ccp,breastcancer,128,128,8,0.25,1.3147153436040961,0.6052631578947368,128
ccp,breastcancer,256,256,2,0.015625,0.42613725156030513,0.9210526315789473,292
lgbm_base,wine,256,1792,8,0.0,0.9994227438907062,0.6730769230769231,90876
ccp,kr-vs-kp,1,1,2,0.25,1.384015263196494,0.515625,1
lgbm_base,covtype,512,512,4,0.0,0.8447814048351043,0.8399094687744723,15202
lgbm_base,wine,1024,7168,1,0.0,0.611121801039061,0.5592307692307692,21504
ccp,breastcancer,1024,1024,8,0.125,1.0681050506691128,0.6052631578947368,1028
ccp,breastcancer,512,512,1,0.25,1.3147153436040961,0.6052631578947368,512
lgbm_quant,covtype,512,512,8,0.0,0.5256696836765209,0.5273529943288899,31232
lgbm_base,kin8nm,512,512,4,0.0,0.007307649206252239,0.017972219208579623,12210
ccp,breastcancer,256,256,8,0.0,1.9747242586081226e-08,0.9210526315789473,4696
lgbm_quant,kin8nm,512,512,4,0.0,11.357128850085784,11.497432177774401,12210
ccp,kr-vs-kp,1,1,4,0.0625,1.384015263196494,0.515625,1
lgbm_quant,wine,1024,7168,1,0.0,0.6105445449297672,0.5561538461538461,21504
lgbm_quant,wine,256,1792,8,0.0,0.33904175485857224,0.23923076923076922,90876
ccp,breastcancer,512,512,2,0.0625,0.7650896282941458,0.9385964912280702,524
lgbm_base,breastcancer,128,128,2,0.0,1.0,0.9649122807017544,888
lgbm_quant,breastcancer,128,128,2,0.0,1.0,0.9649122807017544,888
ccp,kr-vs-kp,1,1,8,0.03125,1.252738081289278,0.89375,7
ccp,kr-vs-kp,2,2,1,0.0078125,1.3121396896696638,0.515625,6
ccp,kr-vs-kp,2,2,4,0.5,1.384015263196494,0.515625,2
lgbm_base,kin8nm,128,128,8,0.0,0.006398634546054673,0.015168627854147129,7798
lgbm_quant,kin8nm,128,128,8,0.0,0.1364156961952931,0.12331458057968137,7798
ccp,kr-vs-kp,2,2,8,0.125,1.384015263196494,0.515625,2
ccp,breastcancer,1024,1024,8,0.03125,0.5867787608575444,0.9298245614035088,1044
ccp,breastcancer,1024,1024,8,0.0078125,0.3219476118624518,0.9210526315789473,1088
lgbm_base,covtype,256,256,1,0.0,0.7637911486223373,0.7607807027357297,768
ccp,breastcancer,512,512,4,0.015625,0.42613725156030535,0.9210526315789473,548
ccp,kr-vs-kp,4,4,1,0.03125,1.255898620163311,0.89375,12
lgbm_base,breastcancer,256,256,4,0.0,1.0,0.9649122807017544,3650
lgbm_quant,breastcancer,256,256,4,0.0,1.0,0.9649122807017544,3650
ccp,breastcancer,2,2,4,0.125,1.068113265289999,0.6052631578947368,6
ccp,breastcancer,1,1,4,0.03125,1.1774519584756584,0.6052631578947368,3
ccp,kr-vs-kp,8,8,2,0.03125,1.0888397805102588,0.89375,26
ccp,kr-vs-kp,4,4,2,0.0078125,1.0888398848131813,0.89375,22
ccp,breastcancer,32,32,1,0.5,1.3147153436040961,0.6052631578947368,32
ccp,breastcancer,1,1,8,0.0078125,1.1478705260972295,0.6052631578947368,9
ccp,breastcancer,1,1,1,0.5,1.3147153436040961,0.6052631578947368,1
ccp,breastcancer,8,8,1,0.03125,0.6645078067219299,0.9210526315789473,24
ccp,kr-vs-kp,8,8,1,0.125,1.3840152631964941,0.515625,8
ccp,breastcancer,1024,1024,2,0.25,1.3147153436040961,0.6052631578947368,1024
ccp,breastcancer,8,8,2,0.0078125,0.5873177927781433,0.9210526315789473,44
ccp,breastcancer,4,4,8,0.125,1.0681104414952676,0.6052631578947368,8
ccp,breastcancer,16,16,1,0.125,1.068105480973457,0.6052631578947368,20
ccp,breastcancer,8,8,8,0.5,1.3147153436040961,0.6052631578947368,8
ccp,breastcancer,2,2,8,0.03125,1.068113265289999,0.6052631578947368,6
ccp,breastcancer,1,1,2,0.125,1.1774519584756584,0.6052631578947368,3
ccp,kr-vs-kp,4,4,8,0.5,1.384015263196494,0.515625,4
ccp,breastcancer,4,4,4,0.5,1.3147153436040961,0.6052631578947368,4
ccp,breastcancer,16,16,2,0.03125,0.5867825945195384,0.9298245614035088,36
ccp,breastcancer,4,4,1,0.0078125,0.8940938962336461,0.9035087719298246,12
lgbm_base,breastcancer,2,2,1,0.0,0.6329670329670329,0.6052631578947368,6
ccp,breastcancer,32,32,2,0.125,1.0681050654476905,0.6052631578947368,36
lgbm_quant,breastcancer,2,2,1,0.0,0.6329670329670329,0.6052631578947368,6
ccp,breastcancer,16,16,4,0.0078125,0.3658384331218799,0.9210526315789473,74
ccp,kr-vs-kp,16,16,1,0.5,1.3840152631964941,0.515625,16
ccp,breastcancer,32,32,4,0.03125,0.5867788925692016,0.9298245614035088,52
ccp,kr-vs-kp,8,8,4,0.0078125,0.6867610136032775,0.9359375,72
ccp,breastcancer,2,2,2,0.5,1.3147153436040961,0.6052631578947368,2
ccp,breastcancer,1024,1024,1,0.0,0.0011886366156269184,0.9473684210526315,3072
ccp,breastcancer,32,32,8,0.0078125,0.3219480064262993,0.9210526315789473,96
ccp,breastcancer,128,128,1,0.0078125,0.3674293540200189,0.9210526315789473,168
lgbm_quant,covtype,256,256,1,0.0,0.7638169656783754,0.7609958434808052,768
ccp,breastcancer,64,64,2,0.5,1.3147153436040961,0.6052631578947368,64
ccp,breastcancer,64,64,4,0.125,1.068105050686538,0.6052631578947368,68
lgbm_base,breastcancer,512,446,8,0.0,1.0,0.9649122807017544,6206
lgbm_quant,breastcancer,512,446,8,0.0,1.0,0.9649122807017544,6206
ccp,breastcancer,64,64,8,0.03125,0.5867787610128544,0.9298245614035088,84
ccp,breastcancer,128,128,4,0.5,1.3147153436040961,0.6052631578947368,128
ccp,kr-vs-kp,1,1,2,0.125,1.384015263196494,0.515625,1
ccp,breastcancer,256,256,1,0.03125,0.5867787608575442,0.9298245614035088,276
ccp,breastcancer,512,512,8,0.0625,0.7650896282941458,0.9385964912280702,524
ccp,breastcancer,128,128,8,0.125,1.0681050506691125,0.6052631578947368,132
ccp,breastcancer,256,256,2,0.0078125,0.33513024321967094,0.9210526315789473,314
ccp,kr-vs-kp,1,1,4,0.03125,1.252738081289278,0.89375,7
ccp,breastcancer,512,512,1,0.125,1.0681050506691128,0.6052631578947368,516
ccp,kr-vs-kp,1,1,8,0.015625,1.2338357824811612,0.9359375,9
ccp,kr-vs-kp,2,2,2,0.0,1.226097642140796,0.89375,10
ccp,breastcancer,256,256,8,0.5,1.3147153436040961,0.6052631578947368,256
ccp,kr-vs-kp,2,2,4,0.25,1.384015263196494,0.515625,2
ccp,kr-vs-kp,16,16,2,0.125,1.3840152631964941,0.515625,16
ccp,kr-vs-kp,16,16,4,0.03125,1.0570095911500268,0.89375,34
ccp,kr-vs-kp,2,2,8,0.0625,1.384015263196494,0.515625,2
lgbm_base,wine,2,14,1,0.0,0.43294208197036754,0.45076923076923076,42
lgbm_quant,wine,2,14,1,0.0,0.43294208197036754,0.45076923076923076,42
ccp,breastcancer,1024,1024,4,0.0625,0.7650896282941458,0.9385964912280702,1036
ccp,kr-vs-kp,16,16,8,0.0078125,0.6232034191760063,0.9359375,92
ccp,kr-vs-kp,32,32,2,0.5,1.3840152631964941,0.515625,32
lgbm_base,wine,4,28,2,0.0,0.5268424090821627,0.54,190
lgbm_quant,wine,4,28,2,0.0,0.5268424090821627,0.54,190
ccp,breastcancer,512,512,2,0.03125,0.5867787608575443,0.9298245614035088,532
ccp,kr-vs-kp,1,1,1,0.0,1.3445907061091549,0.515625,3
lgbm_base,wine,8,56,4,0.0,0.5695593611699057,0.563076923076923,1522
lgbm_base,wine,64,448,1,0.0,0.552434096594189,0.5546153846153846,1344
lgbm_quant,wine,8,56,4,0.0,0.5691745237637098,0.5615384615384615,1522
lgbm_quant,wine,64,448,1,0.0,0.5533961901096787,0.5561538461538461,1344
lgbm_base,wine,16,112,8,0.0,0.7219549740234751,0.6023076923076923,6726
lgbm_quant,wine,16,112,8,0.0,0.7163748316336348,0.6007692307692307,6726
ccp,breastcancer,1024,1024,8,0.25,1.3147153436040961,0.6052631578947368,1024
lgbm_base,wine,128,896,2,0.0,0.6311333461612468,0.5738461538461539,6168
lgbm_quant,wine,128,896,2,0.0,0.6294015778333654,0.573076923076923,6168
ccp,breastcancer,2,2,4,0.0625,1.068113265289999,0.6052631578947368,6
ccp,kr-vs-kp,4,4,1,0.015625,1.255898620163311,0.89375,12
ccp,kr-vs-kp,4,4,4,0.0,0.9179287311031873,0.9359375,64
ccp,kr-vs-kp,8,8,1,0.0625,1.3840152631964941,0.515625,8
ccp,breastcancer,8,8,1,0.015625,0.6645078067219299,0.9210526315789473,24
ccp,breastcancer,1,1,4,0.015625,1.1774519584756584,0.6052631578947368,3
ccp,breastcancer,1,1,1,0.25,1.3147153436040961,0.6052631578947368,1
ccp,breastcancer,4,4,2,0.0,0.8318960367823218,0.8947368421052632,28
ccp,breastcancer,2,2,1,0.0,1.068113265289999,0.6052631578947368,6
ccp,kr-vs-kp,8,8,2,0.015625,0.9109872317395953,0.89375,44
ccp,breastcancer,8,8,8,0.25,1.3147153436040961,0.6052631578947368,8
ccp,breastcancer,32,32,1,0.25,1.3147153436040961,0.6052631578947368,32
ccp,breastcancer,1,1,2,0.0625,1.1774519584756584,0.6052631578947368,3
ccp,breastcancer,2,2,8,0.015625,1.046745832036066,0.6052631578947368,8
ccp,breastcancer,16,16,2,0.015625,0.42614409528980557,0.9210526315789473,52
ccp,kr-vs-kp,4,4,8,0.25,1.384015263196494,0.515625,4
ccp,breastcancer,16,16,1,0.0625,0.7650917028895874,0.9385964912280702,28
ccp,breastcancer,8,8,4,0.0,0.4867153736554558,0.9385964912280702,180
ccp,breastcancer,32,32,2,0.0625,0.7650896995609056,0.9385964912280702,44
ccp,breastcancer,4,4,4,0.25,1.3147153436040961,0.6052631578947368,4
ccp,kr-vs-kp,8,8,8,0.0,0.5586658375744591,0.971875,592
ccp,breastcancer,16,16,8,0.0,0.1910792804340844,0.9210526315789473,448
ccp,kr-vs-kp,16,16,1,0.25,1.3840152631964941,0.515625,16
ccp,breastcancer,4,4,8,0.0625,0.8940938962336461,0.9035087719298246,12
lgbm_base,wine,256,1792,4,0.0,0.9068693477005965,0.6407692307692308,38978
ccp,breastcancer,32,32,4,0.015625,0.42613748671775825,0.9210526315789473,68
ccp,breastcancer,2,2,2,0.25,1.3147153436040961,0.6052631578947368,2
ccp,breastcancer,64,64,1,0.0,0.15336212087434023,0.9473684210526315,192
lgbm_base,kin8nm,512,512,2,0.0,0.024601831437158717,0.030962736398907786,3452
lgbm_base,covtype,512,512,2,0.0,0.7903289308081384,0.7872085918607953,3580
lgbm_quant,kin8nm,512,512,2,0.0,96.68668437707127,95.38603704402409,3452
ccp,breastcancer,128,128,2,0.0,0.010034259728849193,0.9473684210526315,896
lgbm_quant,wine,256,1792,4,0.0,0.4244756590340581,0.3769230769230769,38978
ccp,breastcancer,64,64,4,0.0625,0.7650896283781788,0.9385964912280702,76
ccp,breastcancer,64,64,2,0.25,1.3147153436040961,0.6052631578947368,64
ccp,breastcancer,512,512,4,0.0078125,0.3219476118624518,0.9210526315789473,576
ccp,kr-vs-kp,1,1,2,0.0625,1.384015263196494,0.515625,1
ccp,breastcancer,64,64,8,0.015625,0.426137251837603,0.9210526315789473,100
ccp,breastcancer,256,256,1,0.015625,0.4511618506512256,0.9298245614035088,286
ccp,breastcancer,128,128,4,0.25,1.3147153436040961,0.6052631578947368,128
ccp,breastcancer,1024,1024,1,0.5,1.3147153436040961,0.6052631578947368,1024
ccp,kr-vs-kp,1,1,4,0.015625,1.2338357824811612,0.9359375,9
ccp,breastcancer,1024,1024,2,0.125,1.0681050506691128,0.6052631578947368,1028
ccp,breastcancer,128,128,8,0.0625,0.7650896282941455,0.9385964912280702,140
ccp,kr-vs-kp,1,1,8,0.0078125,1.2338357824811612,0.9359375,9
ccp,breastcancer,256,256,4,0.0,1.5729642066073067e-08,0.9298245614035088,6990
ccp,breastcancer,1024,1024,8,0.0625,0.7650896282941458,0.9385964912280702,1036
ccp,kr-vs-kp,2,2,2,0.5,1.384015263196494,0.515625,2
ccp,breastcancer,512,512,1,0.0625,0.7650896282941458,0.9385964912280702,524
ccp,kr-vs-kp,2,2,8,0.03125,1.1456732906772185,0.89375,14
ccp,kr-vs-kp,2,2,4,0.125,1.384015263196494,0.515625,2
ccp,kr-vs-kp,16,16,2,0.0625,1.3840152631964941,0.515625,16
lgbm_base,wine,512,3584,8,0.0,1.0,0.6776923076923077,166068
ccp,kr-vs-kp,32,32,1,0.0,0.8365684287676378,0.89375,96
ccp,kr-vs-kp,16,16,4,0.015625,0.7719443678080237,0.9359375,64
ccp,kr-vs-kp,32,32,2,0.25,1.3840152631964941,0.515625,32
lgbm_base,breastcancer,256,256,2,0.0,1.0,0.9649122807017544,1756
lgbm_quant,breastcancer,256,256,2,0.0,1.0,0.9649122807017544,1756
ccp,kr-vs-kp,1,1,1,0.5,1.384015263196494,0.515625,1
ccp,breastcancer,256,256,8,0.25,1.3147153436040961,0.6052631578947368,256
ccp,kr-vs-kp,32,32,4,0.125,1.3840152631964941,0.515625,32
ccp,kr-vs-kp,4,4,1,0.0078125,1.255898620163311,0.89375,12
ccp,kr-vs-kp,64,64,1,0.0078125,0.8365679248978726,0.89375,128
ccp,breastcancer,2,2,4,0.03125,1.068113265289999,0.6052631578947368,6
ccp,kr-vs-kp,32,32,8,0.03125,1.0570095841413454,0.89375,50
ccp,breastcancer,512,512,2,0.015625,0.42613725156030535,0.9210526315789473,548
ccp,kr-vs-kp,64,64,4,0.5,1.3840152631964941,0.515625,64
ccp,kr-vs-kp,4,4,4,0.5,1.384015263196494,0.515625,4
ccp,kr-vs-kp,8,8,1,0.03125,1.2277180077924943,0.89375,18
ccp,breastcancer,1,1,4,0.0078125,1.1478705260972295,0.6052631578947368,9
ccp,breastcancer,1,1,1,0.125,1.1774519584756584,0.6052631578947368,3
ccp,breastcancer,8,8,1,0.0078125,0.6645078067219299,0.9210526315789473,24
ccp,breastcancer,2,2,1,0.5,1.3147153436040961,0.6052631578947368,2
ccp,breastcancer,4,4,2,0.5,1.3147153436040961,0.6052631578947368,4
ccp,kr-vs-kp,8,8,2,0.0078125,0.9109872317395953,0.89375,44
ccp,breastcancer,1,1,2,0.03125,1.1774519584756584,0.6052631578947368,3
ccp,kr-vs-kp,4,4,8,0.125,1.384015263196494,0.515625,4
ccp,breastcancer,8,8,4,0.5,1.3147153436040961,0.6052631578947368,8
ccp,breastcancer,16,16,1,0.03125,0.5867825945195384,0.9298245614035088,36
ccp,breastcancer,16,16,2,0.0078125,0.3788880275749074,0.9385964912280702,68
ccp,breastcancer,16,16,8,0.5,1.3147153436040961,0.6052631578947368,16
ccp,breastcancer,2,2,8,0.0078125,1.0078695238376523,0.6052631578947368,20
ccp,breastcancer,8,8,8,0.125,1.0681073720107206,0.6052631578947368,12
ccp,kr-vs-kp,8,8,8,0.5,1.3840152631964941,0.515625,8
ccp,breastcancer,4,4,8,0.03125,0.8940938962336461,0.9035087719298246,12
lgbm_base,breastcancer,512,508,4,0.0,1.0,0.9649122807017544,4406
ccp,breastcancer,4,4,4,0.125,1.0681104414952676,0.6052631578947368,8
ccp,breastcancer,32,32,2,0.03125,0.5867788925692016,0.9298245614035088,52
ccp,kr-vs-kp,16,16,1,0.125,1.3840152631964941,0.515625,16
ccp,breastcancer,32,32,1,0.125,1.0681050654476905,0.6052631578947368,36
lgbm_quant,breastcancer,512,508,4,0.0,1.0,0.9649122807017544,4406
ccp,breastcancer,512,512,8,0.03125,0.5867787608575443,0.9298245614035088,532
ccp,breastcancer,2,2,2,0.125,1.068113265289999,0.6052631578947368,6
ccp,breastcancer,32,32,4,0.0078125,0.3219480064262993,0.9210526315789473,96
ccp,breastcancer,64,64,1,0.5,1.3147153436040961,0.6052631578947368,64
lgbm_quant,covtype,512,512,2,0.0,0.790369807813532,0.7871827749713863,3580
ccp,breastcancer,128,128,2,0.5,1.3147153436040961,0.6052631578947368,128
ccp,breastcancer,64,64,2,0.125,1.068105050686538,0.6052631578947368,68
ccp,breastcancer,64,64,4,0.03125,0.5867787610128544,0.9298245614035088,84
ccp,breastcancer,1024,1024,8,0.015625,0.42613725156030535,0.9210526315789473,1060
ccp,kr-vs-kp,1,1,2,0.03125,1.299403794417941,0.7546875,5
ccp,breastcancer,256,256,1,0.0078125,0.36742935402001853,0.9210526315789473,296
ccp,breastcancer,64,64,8,0.0078125,0.3219476123277413,0.9210526315789473,128
ccp,breastcancer,512,512,8,0.0,1.9747242302964467e-08,0.9210526315789473,4952
ccp,kr-vs-kp,1,1,4,0.0078125,1.2338357824811612,0.9359375,9
ccp,breastcancer,128,128,4,0.125,1.0681050506691125,0.6052631578947368,132
lgbm_base,breastcancer,1024,1024,1,0.0,1.0,0.956140350877193,3072
lgbm_quant,breastcancer,1024,1024,1,0.0,1.0,0.956140350877193,3072
ccp,breastcancer,1024,1024,4,0.03125,0.5867787608575444,0.9298245614035088,1044
ccp,kr-vs-kp,2,2,2,0.25,1.384015263196494,0.515625,2
ccp,kr-vs-kp,2,2,1,0.0,1.3121396896696638,0.515625,6
ccp,kr-vs-kp,2,2,8,0.015625,1.111249243432755,0.9359375,18
ccp,breastcancer,1024,1024,1,0.25,1.3147153436040961,0.6052631578947368,1024
ccp,kr-vs-kp,2,2,4,0.0625,1.384015263196494,0.515625,2
lgbm_base,wine,1,7,8,0.0,0.45699441985761013,0.4676923076923077,351
ccp,kr-vs-kp,16,16,2,0.03125,1.0888397162827061,0.89375,34
ccp,kr-vs-kp,32,32,1,0.5,1.3840152631964941,0.515625,32
lgbm_quant,wine,1,7,8,0.0,0.45660958245141425,0.4676923076923077,351
ccp,kr-vs-kp,16,16,4,0.0078125,0.6220679786632898,0.9359375,92
ccp,kr-vs-kp,64,64,8,0.125,1.3840152631964941,0.515625,64
ccp,breastcancer,512,512,1,0.03125,0.5867787608575443,0.9298245614035088,532
ccp,breastcancer,128,128,8,0.03125,0.5867787608575443,0.9298245614035088,148
ccp,kr-vs-kp,32,32,2,0.125,1.3840152631964941,0.515625,32
ccp,breastcancer,256,256,4,0.5,1.3147153436040961,0.6052631578947368,256
lgbm_base,wine,8,56,2,0.0,0.532999807581297,0.5484615384615384,386
lgbm_quant,wine,8,56,2,0.0,0.532999807581297,0.5484615384615384,386
lgbm_base,wine,4,28,1,0.0,0.5249182220511833,0.5376923076923077,84
ccp,kr-vs-kp,1,1,1,0.25,1.384015263196494,0.515625,1
lgbm_quant,wine,4,28,1,0.0,0.5249182220511833,0.5376923076923077,84
lgbm_base,wine,16,112,4,0.0,0.6122763132576486,0.5892307692307692,2972
lgbm_base,wine,128,896,1,0.0,0.5634019626707716,0.5653846153846154,2688
lgbm_quant,wine,16,112,4,0.0,0.6128535693669425,0.5884615384615385,2972
lgbm_base,wine,32,224,8,0.0,0.7994997113719453,0.6215384615384615,13474
lgbm_quant,wine,128,896,1,0.0,0.5635943813738695,0.5653846153846154,2688
ccp,kr-vs-kp,32,32,4,0.0625,1.3840152631964941,0.515625,32
lgbm_base,kin8nm,1024,1024,8,0.0,0.0003197662033211952,0.01207938537540765,61160
lgbm_quant,wine,32,224,8,0.0,0.7900711949201462,0.6207692307692307,13474
ccp,kr-vs-kp,32,32,8,0.015625,0.7719443677529105,0.9359375,80
ccp,kr-vs-kp,64,64,2,0.0,0.34855789335937704,0.94375,442
ccp,breastcancer,2,2,4,0.015625,1.046745832036066,0.6052631578947368,8
ccp,breastcancer,1024,1024,2,0.0625,0.7650896282941458,0.9385964912280702,1036
ccp,kr-vs-kp,4,4,2,0.0,1.0888398848131813,0.89375,22
lgbm_base,wine,256,1792,2,0.0,0.6844333269193765,0.5961538461538461,12258
ccp,kr-vs-kp,64,64,4,0.25,1.3840152631964941,0.515625,64
ccp,kr-vs-kp,4,4,4,0.25,1.384015263196494,0.515625,4
ccp,kr-vs-kp,8,8,1,0.015625,1.1566975807632838,0.89375,24
ccp,breastcancer,1,1,1,0.0625,1.1774519584756584,0.6052631578947368,3
lgbm_quant,wine,256,1792,2,0.0,0.5903405811044834,0.52,12258
ccp,breastcancer,8,8,2,0.0,0.5688294701482497,0.9122807017543859,56
ccp,breastcancer,16,16,1,0.015625,0.4511676352403426,0.9210526315789473,46
ccp,breastcancer,1,1,8,0.0,1.1247975418022693,0.6052631578947368,27
ccp,breastcancer,8,8,4,0.25,1.3147153436040961,0.6052631578947368,8
ccp,breastcancer,4,4,2,0.25,1.3147153436040961,0.6052631578947368,4
ccp,breastcancer,2,2,1,0.25,1.3147153436040961,0.6052631578947368,2
ccp,kr-vs-kp,4,4,8,0.0625,1.384015263196494,0.515625,4
ccp,breastcancer,1,1,2,0.015625,1.1774519584756584,0.6052631578947368,3
ccp,breastcancer,4,4,1,0.0,0.8940938962336461,0.9035087719298246,12
ccp,breastcancer,16,16,4,0.0,0.20924760674707113,0.9122807017543859,422
ccp,breastcancer,8,8,8,0.0625,0.765100815990507,0.9385964912280702,20
ccp,kr-vs-kp,8,8,4,0.0,0.6756055047629946,0.9359375,140
ccp,breastcancer,16,16,8,0.25,1.3147153436040961,0.6052631578947368,16
ccp,breastcancer,32,32,1,0.0625,0.7650896995609056,0.9385964912280702,44
lgbm_quant,kin8nm,1024,1024,8,0.0,158.34530407984704,157.03363864503163,61160
ccp,breastcancer,4,4,8,0.015625,0.8606544949832007,0.9210526315789473,16
ccp,breastcancer,4,4,4,0.0625,0.8940938962336461,0.9035087719298246,12
ccp,breastcancer,32,32,2,0.015625,0.42613748671775825,0.9210526315789473,68
ccp,kr-vs-kp,8,8,8,0.25,1.3840152631964941,0.515625,8
ccp,kr-vs-kp,16,16,1,0.0625,1.3840152631964941,0.515625,16
ccp,breastcancer,256,256,8,0.125,1.068105050669113,0.6052631578947368,260
lgbm_base,kin8nm,512,512,1,0.0,0.037354492198224516,0.04019888567650698,1536
lgbm_quant,kin8nm,512,512,1,0.0,0.5897371450300287,0.5493211517812088,1536
ccp,breastcancer,512,512,2,0.0078125,0.3351302432196713,0.9210526315789473,570
ccp,breastcancer,2,2,2,0.0625,1.068113265289999,0.6052631578947368,6
ccp,breastcancer,64,64,1,0.25,1.3147153436040961,0.6052631578947368,64
ccp,breastcancer,32,32,8,0.0,0.03687216601259472,0.9210526315789473,878
ccp,kr-vs-kp,1,1,2,0.015625,1.299403794417941,0.7546875,5
ccp,breastcancer,64,64,2,0.0625,0.7650896283781788,0.9385964912280702,76
ccp,kr-vs-kp,128,128,1,0.03125,1.2277177718861638,0.89375,138
ccp,breastcancer,128,128,2,0.25,1.3147153436040961,0.6052631578947368,128
ccp,breastcancer,64,64,4,0.015625,0.426137251837603,0.9210526315789473,100
lgbm_base,wine,512,3584,4,0.0,0.9826823167211853,0.6692307692307692,74714
ccp,kr-vs-kp,128,128,2,0.0078125,0.7161489434118714,0.89375,198
ccp,kr-vs-kp,1,1,8,0.0,1.2081354462937413,0.9609375,63
ccp,breastcancer,128,128,1,0.0,0.0899241174596696,0.9385964912280702,384
ccp,kr-vs-kp,256,256,1,0.125,1.3840152631964941,0.515625,256
ccp,breastcancer,128,128,4,0.0625,0.7650896282941455,0.9385964912280702,140
ccp,kr-vs-kp,128,128,8,0.5,1.3840152631964941,0.515625,128
ccp,breastcancer,256,256,2,0.0,0.0012040982143081138,0.956140350877193,1784
ccp,kr-vs-kp,2,2,2,0.125,1.384015263196494,0.515625,2
ccp,kr-vs-kp,2,2,1,0.5,1.384015263196494,0.515625,2
lgbm_quant,wine,512,3584,4,0.0,0.506638445256879,0.4653846153846154,74714
ccp,kr-vs-kp,2,2,8,0.0078125,1.111249243432755,0.9359375,18
ccp,kr-vs-kp,2,2,4,0.03125,1.1456732906772185,0.89375,14
ccp,kr-vs-kp,32,32,1,0.25,1.3840152631964941,0.515625,32
ccp,kr-vs-kp,16,16,2,0.015625,0.8833353093825927,0.89375,56
lgbm_base,breastcancer,256,256,1,0.0,1.0,0.9473684210526315,768
lgbm_quant,breastcancer,256,256,1,0.0,1.0,0.9473684210526315,768
ccp,kr-vs-kp,32,32,2,0.0625,1.3840152631964941,0.515625,32
ccp,kr-vs-kp,16,16,8,0.0,0.2825745680148704,0.975,1320
ccp,kr-vs-kp,256,256,2,0.03125,1.0888397016740248,0.89375,274
ccp,kr-vs-kp,64,64,8,0.0625,1.3840152631964941,0.515625,64
ccp,kr-vs-kp,1,1,1,0.125,1.384015263196494,0.515625,1
ccp,breastcancer,512,512,1,0.015625,0.451161850651226,0.9298245614035088,542
ccp,breastcancer,512,512,8,0.5,1.3147153436040961,0.6052631578947368,512
ccp,breastcancer,512,512,8,0.015625,0.42613725156030535,0.9210526315789473,548
ccp,breastcancer,128,128,8,0.015625,0.4261372515603055,0.9210526315789473,164
ccp,kr-vs-kp,32,32,4,0.03125,1.0570095841413454,0.89375,50
ccp,breastcancer,256,256,4,0.25,1.3147153436040961,0.6052631578947368,256
lgbm_base,covtype,1024,1024,8,0.0,0.9383746872371233,0.9274287238711565,62464
ccp,breastcancer,1024,1024,1,0.125,1.0681050506691128,0.6052631578947368,1028
ccp,breastcancer,2,2,4,0.0078125,1.0078695238376523,0.6052631578947368,20
ccp,kr-vs-kp,64,64,2,0.5,1.3840152631964941,0.515625,64
ccp,kr-vs-kp,4,4,2,0.5,1.384015263196494,0.515625,4
ccp,kr-vs-kp,32,32,8,0.0078125,0.6232034191272697,0.9359375,108
ccp,kr-vs-kp,4,4,4,0.125,1.384015263196494,0.515625,4
ccp,kr-vs-kp,64,64,4,0.125,1.3840152631964941,0.515625,64
ccp,kr-vs-kp,8,8,1,0.0078125,1.1566975807632838,0.89375,24
ccp,breastcancer,8,8,4,0.125,1.0681073720107206,0.6052631578947368,12
ccp,breastcancer,1,1,1,0.03125,1.1774519584756584,0.6052631578947368,3
ccp,breastcancer,4,4,1,0.5,1.3147153436040961,0.6052631578947368,4
ccp,breastcancer,1,1,8,0.5,1.3147153436040961,0.6052631578947368,1
ccp,breastcancer,8,8,2,0.5,1.3147153436040961,0.6052631578947368,8
ccp,breastcancer,16,16,1,0.0078125,0.43020492713124087,0.9210526315789473,48
ccp,breastcancer,16,16,4,0.5,1.3147153436040961,0.6052631578947368,16
ccp,kr-vs-kp,8,8,4,0.5,1.3840152631964941,0.515625,8
ccp,kr-vs-kp,4,4,8,0.03125,1.0570096748800288,0.89375,22
ccp,breastcancer,2,2,1,0.125,1.068113265289999,0.6052631578947368,6
ccp,breastcancer,4,4,2,0.125,1.0681104414952676,0.6052631578947368,8
ccp,breastcancer,1,1,2,0.0078125,1.1571870891682094,0.6052631578947368,7
ccp,breastcancer,8,8,8,0.03125,0.6645078067219299,0.9210526315789473,24
ccp,breastcancer,4,4,4,0.03125,0.8940938962336461,0.9035087719298246,12
ccp,kr-vs-kp,256,256,4,0.0078125,0.6220679695932689,0.9359375,332
lgbm_base,breastcancer,512,512,2,0.0,1.0,0.956140350877193,3132
ccp,kr-vs-kp,8,8,8,0.125,1.3840152631964941,0.515625,8
ccp,breastcancer,16,16,8,0.125,1.068105480973457,0.6052631578947368,20
ccp,breastcancer,32,32,1,0.03125,0.5867788925692016,0.9298245614035088,52
lgbm_quant,breastcancer,512,512,2,0.0,1.0,0.956140350877193,3132
ccp,kr-vs-kp,16,16,1,0.03125,1.227717815600911,0.89375,26
ccp,breastcancer,32,32,2,0.0078125,0.33513053793305475,0.9210526315789473,90
ccp,breastcancer,4,4,8,0.0078125,0.8201935596401924,0.9210526315789473,30
ccp,breastcancer,2,2,2,0.03125,1.068113265289999,0.6052631578947368,6
ccp,kr-vs-kp,512,512,1,0.5,1.3840152631964941,0.515625,512
ccp,breastcancer,64,64,1,0.125,1.068105050686538,0.6052631578947368,68
ccp,breastcancer,32,32,8,0.5,1.3147153436040961,0.6052631578947368,32
ccp,kr-vs-kp,1,1,2,0.0078125,1.299403794417941,0.7546875,5
ccp,kr-vs-kp,512,512,2,0.125,1.3840152631964941,0.515625,512
ccp,kr-vs-kp,128,128,1,0.015625,0.983566098048268,0.89375,164
lgbm_base,covtype,128,128,8,0.0,0.8457172731164844,0.8399180744042752,7808
ccp,breastcancer,64,64,2,0.03125,0.5867787610128544,0.9298245614035088,84
ccp,breastcancer,128,128,2,0.125,1.0681050506691125,0.6052631578947368,132
ccp,breastcancer,64,64,4,0.0078125,0.3219476123277413,0.9210526315789473,128
ccp,breastcancer,1024,1024,4,0.015625,0.42613725156030535,0.9210526315789473,1060
ccp,breastcancer,512,512,4,0.0,1.1713746253926194e-08,0.9210526315789473,7352
ccp,breastcancer,1024,1024,2,0.03125,0.5867787608575444,0.9298245614035088,1044
ccp,kr-vs-kp,512,512,4,0.03125,1.0570095838921312,0.89375,530
ccp,kr-vs-kp,128,128,4,0.0,0.08465509723426846,0.9859375,3658
ccp,breastcancer,256,256,8,0.0625,0.7650896282941453,0.9385964912280702,268
ccp,kr-vs-kp,1,1,8,0.5,1.384015263196494,0.515625,1
ccp,breastcancer,128,128,1,0.5,1.3147153436040961,0.6052631578947368,128
lgbm_base,wine,1024,7168,8,0.0,1.0,0.6746153846153846,277686
ccp,kr-vs-kp,2,2,2,0.0625,1.384015263196494,0.515625,2
ccp,kr-vs-kp,2,2,1,0.25,1.384015263196494,0.515625,2
ccp,kr-vs-kp,256,256,1,0.0625,1.3840152631964941,0.515625,256
ccp,kr-vs-kp,512,512,8,0.125,1.3840152631964941,0.515625,512
ccp,kr-vs-kp,4,4,1,0.0,1.255898620163311,0.89375,12
ccp,breastcancer,128,128,4,0.03125,0.5867787608575443,0.9298245614035088,148
ccp,kr-vs-kp,2,2,4,0.015625,1.111249243432755,0.9359375,18
ccp,kr-vs-kp,128,128,8,0.25,1.3840152631964941,0.515625,128
ccp,kr-vs-kp,16,16,2,0.0078125,0.7161489872362968,0.89375,86
ccp,breastcancer,256,256,2,0.5,1.3147153436040961,0.6052631578947368,256
ccp,kr-vs-kp,32,32,1,0.125,1.3840152631964941,0.515625,32
ccp,kr-vs-kp,512,512,8,0.0078125,0.623203419125537,0.9359375,588
ccp,kr-vs-kp,16,16,8,0.5,1.3840152631964941,0.515625,16
ccp,kr-vs-kp,32,32,2,0.03125,1.0888397021756444,0.89375,50
lgbm_base,kin8nm,1024,1024,4,0.0,0.004122961817639479,0.01738451927495926,24082
ccp,kr-vs-kp,1024,1024,2,0.5,1.3840152631964941,0.515625,1024
ccp,kr-vs-kp,256,256,2,0.015625,0.883335294498417,0.89375,296
ccp,kr-vs-kp,64,64,8,0.03125,1.0570095838924247,0.89375,82
lgbm_base,wine,16,112,2,0.0,0.5435828362516837,0.5553846153846154,778
lgbm_quant,wine,16,112,2,0.0,0.5435828362516837,0.5553846153846154,778
lgbm_quant,kin8nm,1024,1024,4,0.0,347.87363767220546,350.7775191666125,24082
lgbm_base,wine,8,56,1,0.0,0.5249182220511833,0.5376923076923077,168
lgbm_quant,wine,8,56,1,0.0,0.5249182220511833,0.5376923076923077,168
ccp,kr-vs-kp,1,1,1,0.0625,1.384015263196494,0.515625,1
lgbm_base,wine,1,7,4,0.0,0.4323648258610737,0.45076923076923076,169
lgbm_quant,wine,1,7,4,0.0,0.43197998845487784,0.45076923076923076,169
lgbm_base,wine,32,224,4,0.0,0.6567250336732731,0.6092307692307692,5754
lgbm_base,wine,2,14,8,0.0,0.5441600923609775,0.5323076923076923,772
lgbm_quant,wine,2,14,8,0.0,0.542428324033096,0.5315384615384615,772
lgbm_base,wine,256,1792,1,0.0,0.5795651337309986,0.5623076923076923,5376
ccp,kr-vs-kp,32,32,4,0.015625,0.7719443677529105,0.9359375,80
lgbm_quant,wine,256,1792,1,0.0,0.5786030402155089,0.5615384615384615,5376
ccp,breastcancer,2,2,8,0.0,0.9736560524335306,0.6052631578947368,60
ccp,kr-vs-kp,64,64,1,0.0,0.6464919748286889,0.9328125,192
ccp,kr-vs-kp,4,4,2,0.25,1.384015263196494,0.515625,4
ccp,kr-vs-kp,4,4,4,0.0625,1.384015263196494,0.515625,4
ccp,kr-vs-kp,64,64,2,0.25,1.3840152631964941,0.515625,64
lgbm_base,wine,64,448,8,0.0,0.8918606888589571,0.6484615384615384,27042
ccp,kr-vs-kp,64,64,4,0.0625,1.3840152631964941,0.515625,64
ccp,kr-vs-kp,8,8,2,0.0,0.9109240471314729,0.89375,50
ccp,breastcancer,512,512,1,0.0078125,0.3674293540200185,0.9210526315789473,552
lgbm_quant,wine,64,448,8,0.0,0.8797383105637868,0.6492307692307693,27042
ccp,breastcancer,1,1,8,0.25,1.3147153436040961,0.6052631578947368,1
ccp,breastcancer,8,8,4,0.0625,0.765100815990507,0.9385964912280702,20
lgbm_quant,covtype,128,128,8,0.0,0.8456269134203511,0.8399180744042752,7808
ccp,breastcancer,16,16,4,0.25,1.3147153436040961,0.6052631578947368,16
ccp,breastcancer,1,1,1,0.015625,1.1774519584756584,0.6052631578947368,3
ccp,breastcancer,16,16,2,0.0,0.31201241735553437,0.9210526315789473,112
ccp,breastcancer,4,4,2,0.0625,0.8940938962336461,0.9035087719298246,12
ccp,breastcancer,1,1,4,0.0,1.1315598907985465,0.6052631578947368,19
ccp,breastcancer,4,4,1,0.25,1.3147153436040961,0.6052631578947368,4
ccp,breastcancer,128,128,8,0.0078125,0.3219476118624524,0.9210526315789473,192
ccp,kr-vs-kp,8,8,4,0.25,1.3840152631964941,0.515625,8
ccp,breastcancer,16,16,8,0.0625,0.7650917028895874,0.9385964912280702,28
ccp,breastcancer,2,2,1,0.0625,1.068113265289999,0.6052631578947368,6
ccp,kr-vs-kp,16,16,1,0.015625,1.0128015986047592,0.89375,48
ccp,kr-vs-kp,8,8,8,0.0625,1.3840152631964941,0.515625,8
ccp,breastcancer,8,8,2,0.25,1.3147153436040961,0.6052631578947368,8
ccp,breastcancer,4,4,4,0.015625,0.8606544949832007,0.9210526315789473,16
ccp,breastcancer,32,32,1,0.015625,0.4511620494206804,0.9298245614035088,62
ccp,kr-vs-kp,4,4,8,0.015625,0.935076230124095,0.9359375,34
ccp,breastcancer,8,8,1,0.0,0.6645078067219299,0.9210526315789473,24
lgbm_base,wine,512,3584,2,0.0,0.74485279969213,0.6030769230769231,23806
ccp,breastcancer,32,32,4,0.0,0.04547549221308041,0.9035087719298246,902
ccp,breastcancer,256,256,4,0.125,1.068105050669113,0.6052631578947368,260
ccp,breastcancer,8,8,8,0.015625,0.6303648902353868,0.9210526315789473,30
ccp,breastcancer,2,2,2,0.015625,1.046745832036066,0.6052631578947368,8
ccp,breastcancer,1024,1024,1,0.0625,0.7650896282941458,0.9385964912280702,1036
ccp,breastcancer,64,64,1,0.0625,0.7650896283781788,0.9385964912280702,76
ccp,breastcancer,32,32,8,0.25,1.3147153436040961,0.6052631578947368,32
ccp,breastcancer,512,512,8,0.25,1.3147153436040961,0.6052631578947368,512
lgbm_quant,wine,512,3584,2,0.0,0.5551279584375601,0.5215384615384615,23806
ccp,kr-vs-kp,512,512,1,0.25,1.3840152631964941,0.515625,512
ccp,kr-vs-kp,1,1,4,0.0,1.2318467997669784,0.9359375,17
ccp,kr-vs-kp,1024,1024,4,0.125,1.3840152631964941,0.515625,1024
ccp,kr-vs-kp,128,128,1,0.0078125,0.8365679243030804,0.89375,192
ccp,breastcancer,64,64,2,0.015625,0.426137251837603,0.9210526315789473,100
ccp,breastcancer,128,128,2,0.0625,0.7650896282941455,0.9385964912280702,140
ccp,breastcancer,64,64,8,0.0,0.0014874354411768846,0.9210526315789473,1742
ccp,kr-vs-kp,512,512,2,0.0625,1.3840152631964941,0.515625,512
ccp,kr-vs-kp,1,1,8,0.25,1.384015263196494,0.515625,1
ccp,kr-vs-kp,128,128,4,0.5,1.3840152631964941,0.515625,128
ccp,kr-vs-kp,256,256,8,0.0,0.008743078530256305,0.9796875,66362
ccp,kr-vs-kp,2,2,2,0.03125,1.226097642140796,0.89375,10
ccp,kr-vs-kp,2,2,1,0.125,1.384015263196494,0.515625,2
ccp,breastcancer,128,128,1,0.25,1.3147153436040961,0.6052631578947368,128
ccp,kr-vs-kp,4,4,1,0.5,1.384015263196494,0.515625,4
ccp,kr-vs-kp,256,256,1,0.03125,1.227717771886164,0.89375,266
ccp,kr-vs-kp,512,512,4,0.015625,0.7719443677509508,0.9359375,560
ccp,kr-vs-kp,2,2,4,0.0078125,1.111249243432755,0.9359375,18
ccp,kr-vs-kp,16,16,4,0.0,0.44400438698879174,0.9359375,286
ccp,kr-vs-kp,32,32,1,0.0625,1.3840152631964941,0.515625,32
ccp,kr-vs-kp,1024,1024,8,0.5,1.3840152631964941,0.515625,1024
ccp,kr-vs-kp,32,32,2,0.015625,0.8833352950094968,0.89375,72
ccp,kr-vs-kp,16,16,8,0.25,1.3840152631964941,0.515625,16
ccp,breastcancer,128,128,4,0.015625,0.4261372515603055,0.9210526315789473,164
ccp,kr-vs-kp,128,128,8,0.125,1.3840152631964941,0.515625,128
lgbm_base,breastcancer,128,128,8,0.0,1.0,0.956140350877193,4866
lgbm_quant,breastcancer,128,128,8,0.0,1.0,0.956140350877193,4866
ccp,breastcancer,512,512,4,0.5,1.3147153436040961,0.6052631578947368,512
ccp,breastcancer,256,256,2,0.25,1.3147153436040961,0.6052631578947368,256
ccp,kr-vs-kp,256,256,2,0.0078125,0.7161489434118714,0.89375,326
ccp,kr-vs-kp,64,64,8,0.015625,0.7719443677509534,0.9359375,112
ccp,kr-vs-kp,1,1,1,0.03125,1.3445907061091549,0.515625,3
ccp,kr-vs-kp,1024,1024,1,0.0,0.2118310863938756,0.9546875,3072
ccp,breastcancer,256,256,8,0.03125,0.5867787608575442,0.9298245614035088,276
ccp,breastcancer,1024,1024,2,0.015625,0.42613725156030535,0.9210526315789473,1060
lgbm_base,wine,1024,7168,4,0.0,0.9998075812969021,0.6684615384615384,141566
ccp,kr-vs-kp,32,32,4,0.0078125,0.6220679699047068,0.9359375,108
ccp,kr-vs-kp,4,4,4,0.03125,1.0570096748800288,0.89375,22
ccp,kr-vs-kp,1024,1024,2,0.25,1.3840152631964941,0.515625,1024
ccp,breastcancer,2,2,8,0.5,1.3147153436040961,0.6052631578947368,2
ccp,kr-vs-kp,4,4,2,0.125,1.384015263196494,0.515625,4
ccp,kr-vs-kp,64,64,1,0.5,1.3840152631964941,0.515625,64
ccp,kr-vs-kp,64,64,2,0.125,1.3840152631964941,0.515625,64
ccp,kr-vs-kp,64,64,4,0.03125,1.0570095838924247,0.89375,82
ccp,kr-vs-kp,512,512,8,0.0625,1.3840152631964941,0.515625,512
ccp,kr-vs-kp,8,8,2,0.5,1.3840152631964941,0.515625,8
ccp,kr-vs-kp,1024,1024,8,0.125,1.3840152631964941,0.515625,1024
ccp,breastcancer,1,1,8,0.125,1.1774519584756584,0.6052631578947368,3
ccp,breastcancer,1,1,1,0.0078125,1.1774519584756584,0.6052631578947368,3
ccp,breastcancer,4,4,2,0.03125,0.8940938962336461,0.9035087719298246,12
ccp,breastcancer,4,4,1,0.125,1.0681104414952676,0.6052631578947368,8
ccp,breastcancer,8,8,4,0.03125,0.6645078067219299,0.9210526315789473,24
ccp,breastcancer,8,8,2,0.125,1.0681073720107206,0.6052631578947368,12
ccp,breastcancer,16,16,4,0.125,1.068105480973457,0.6052631578947368,20
ccp,breastcancer,1,1,4,0.5,1.3147153436040961,0.6052631578947368,1
ccp,breastcancer,16,16,2,0.5,1.3147153436040961,0.6052631578947368,16
ccp,kr-vs-kp,8,8,8,0.03125,1.0570096230597346,0.89375,26
ccp,breastcancer,2,2,1,0.03125,1.068113265289999,0.6052631578947368,6
ccp,breastcancer,16,16,8,0.03125,0.5867825945195384,0.9298245614035088,36
ccp,kr-vs-kp,4,4,8,0.0078125,0.9244019639534988,0.9359375,36
ccp,kr-vs-kp,8,8,4,0.125,1.3840152631964941,0.515625,8
ccp,breastcancer,8,8,1,0.5,1.3147153436040961,0.6052631578947368,8
lgbm_base,breastcancer,512,512,1,0.0,1.0,0.956140350877193,1536
lgbm_quant,breastcancer,512,512,1,0.0,1.0,0.956140350877193,1536
ccp,breastcancer,4,4,4,0.0078125,0.8201935596401924,0.9210526315789473,30
ccp,breastcancer,32,32,1,0.0078125,0.3674296992431139,0.9210526315789473,72
ccp,kr-vs-kp,16,16,1,0.0078125,1.0128015986047592,0.89375,48
ccp,breastcancer,8,8,8,0.0078125,0.5808461159794722,0.9210526315789473,48
ccp,breastcancer,256,256,1,0.0,0.04183937788479593,0.9385964912280702,768
ccp,breastcancer,32,32,4,0.5,1.3147153436040961,0.6052631578947368,32
ccp,breastcancer,2,2,2,0.0078125,1.0294250678055845,0.6052631578947368,14
ccp,breastcancer,1024,1024,4,0.0078125,0.3219476118624518,0.9210526315789473,1088
ccp,breastcancer,64,64,1,0.03125,0.5867787610128544,0.9298245614035088,84
ccp,breastcancer,512,512,2,0.0,1.8220825564220805e-05,0.956140350877193,3562
ccp,breastcancer,32,32,8,0.125,1.0681050654476905,0.6052631578947368,36
ccp,breastcancer,256,256,4,0.0625,0.7650896282941453,0.9385964912280702,268
ccp,kr-vs-kp,1,1,4,0.5,1.384015263196494,0.515625,1
ccp,kr-vs-kp,128,128,2,0.0,0.24332672195262356,0.953125,890
ccp,kr-vs-kp,512,512,1,0.125,1.3840152631964941,0.515625,512
ccp,breastcancer,64,64,2,0.0078125,0.3351302435672041,0.9210526315789473,122
lgbm_quant,wine,1024,7168,4,0.0,0.47565903405811044,0.4592307692307692,141566
ccp,kr-vs-kp,1,1,8,0.125,1.384015263196494,0.515625,1
ccp,breastcancer,128,128,2,0.03125,0.5867787608575443,0.9298245614035088,148
ccp,breastcancer,64,64,8,0.5,1.3147153436040961,0.6052631578947368,64
ccp,breastcancer,1024,1024,1,0.03125,0.5867787608575444,0.9298245614035088,1044
ccp,kr-vs-kp,512,512,2,0.03125,1.088839701674025,0.89375,530
lgbm_base,covtype,1024,1024,4,0.0,0.876424509852434,0.8704766658347891,30606
ccp,kr-vs-kp,128,128,4,0.25,1.3840152631964941,0.515625,128
ccp,kr-vs-kp,2,2,1,0.0625,1.384015263196494,0.515625,2
ccp,kr-vs-kp,2,2,2,0.015625,1.226097642140796,0.89375,10
lgbm_base,wine,1,7,2,0.0,0.43294208197036754,0.45076923076923076,47
lgbm_quant,wine,1,7,2,0.0,0.43294208197036754,0.45076923076923076,47
ccp,breastcancer,128,128,1,0.125,1.0681050506691125,0.6052631578947368,132
ccp,kr-vs-kp,4,4,1,0.25,1.384015263196494,0.515625,4
lgbm_base,kin8nm,1024,1024,2,0.0,0.02101614509294518,0.029782181304425302,6990
ccp,kr-vs-kp,2,2,8,0.0,1.064230843018668,0.9609375,144
ccp,kr-vs-kp,256,256,1,0.015625,0.9835660980482679,0.89375,292
ccp,kr-vs-kp,256,256,8,0.5,1.3840152631964941,0.515625,256
ccp,kr-vs-kp,32,32,1,0.03125,1.2277177733872076,0.89375,42
ccp,kr-vs-kp,16,16,4,0.5,1.3840152631964941,0.515625,16
lgbm_quant,kin8nm,1024,1024,2,0.0,193.15662506831754,192.40941179304951,6990
ccp,kr-vs-kp,16,16,8,0.125,1.3840152631964941,0.515625,16
ccp,kr-vs-kp,32,32,2,0.0078125,0.716148944916634,0.89375,102
ccp,kr-vs-kp,1024,1024,4,0.0625,1.3840152631964941,0.515625,1024
lgbm_base,wine,2,14,4,0.0,0.5243409659418895,0.536923076923077,356
lgbm_quant,wine,2,14,4,0.0,0.5239561285356936,0.536923076923077,356
lgbm_base,wine,32,224,2,0.0,0.565326149701751,0.5607692307692308,1556
lgbm_quant,wine,32,224,2,0.0,0.5641716374831633,0.5592307692307692,1556
ccp,kr-vs-kp,128,128,8,0.0625,1.3840152631964941,0.515625,128
ccp,breastcancer,128,128,4,0.0078125,0.3219476118624524,0.9210526315789473,192
ccp,kr-vs-kp,512,512,4,0.0078125,0.6220679695932688,0.9359375,588
lgbm_base,wine,4,28,8,0.0,0.5847604387146431,0.5576923076923077,1618
lgbm_quant,wine,4,28,8,0.0,0.5843756013084472,0.5576923076923077,1618
lgbm_base,wine,16,112,1,0.0,0.529536270925534,0.5423076923076923,336
ccp,kr-vs-kp,1,1,1,0.015625,1.3445907061091549,0.515625,3
lgbm_quant,wine,16,112,1,0.0,0.529536270925534,0.5423076923076923,336
ccp,kr-vs-kp,64,64,8,0.0078125,0.6232034191255388,0.9359375,140
ccp,breastcancer,256,256,2,0.125,1.068105050669113,0.6052631578947368,260
lgbm_base,wine,64,448,4,0.0,0.7165672503367327,0.6207692307692307,10886
ccp,kr-vs-kp,4,4,4,0.015625,0.935076230124095,0.9359375,34
lgbm_quant,wine,64,448,4,0.0,0.7106022705406966,0.6169230769230769,10886
ccp,kr-vs-kp,256,256,4,0.0,0.04124334541143719,0.98125,7570
ccp,breastcancer,2,2,8,0.25,1.3147153436040961,0.6052631578947368,2
ccp,kr-vs-kp,4,4,2,0.0625,1.384015263196494,0.515625,4
ccp,kr-vs-kp,32,32,8,0.0,0.11006247038205658,0.9796875,3204
ccp,kr-vs-kp,64,64,1,0.25,1.3840152631964941,0.515625,64
ccp,kr-vs-kp,64,64,2,0.0625,1.3840152631964941,0.515625,64
ccp,covtype,1,1,2,0.5,1.3857056791728541,0.5134807190864263,1
ccp,kr-vs-kp,8,8,2,0.25,1.3840152631964941,0.515625,8
ccp,kr-vs-kp,64,64,4,0.015625,0.7719443677509534,0.9359375,112
ccp,kr-vs-kp,1024,1024,8,0.03125,1.0570095838921312,0.89375,1042
ccp,breastcancer,1,1,8,0.0625,1.1774519584756584,0.6052631578947368,3
ccp,kr-vs-kp,1024,1024,1,0.5,1.3840152631964941,0.515625,1024
ccp,breastcancer,1,1,2,0.0,1.1571870891682094,0.6052631578947368,7
ccp,breastcancer,4,4,1,0.0625,0.8940938962336461,0.9035087719298246,12
ccp,breastcancer,1,1,4,0.25,1.3147153436040961,0.6052631578947368,1
ccp,kr-vs-kp,1024,1024,8,0.0078125,0.623203419125537,0.9359375,1100
ccp,breastcancer,8,8,2,0.0625,0.765100815990507,0.9385964912280702,20
ccp,breastcancer,4,4,2,0.015625,0.8606544949832007,0.9210526315789473,16
lgbm_base,covtype,512,512,1,0.0,0.7700754503462712,0.7673812207946439,1536
ccp,breastcancer,16,16,4,0.0625,0.7650917028895874,0.9385964912280702,28
ccp,kr-vs-kp,8,8,4,0.0625,1.3840152631964941,0.515625,8
ccp,breastcancer,2,2,1,0.015625,1.068113265289999,0.6052631578947368,6
ccp,kr-vs-kp,8,8,8,0.015625,0.7719443680589486,0.9359375,56
ccp,breastcancer,16,16,2,0.25,1.3147153436040961,0.6052631578947368,16
ccp,kr-vs-kp,8,8,1,0.0,1.1566975807632838,0.89375,24
ccp,breastcancer,8,8,4,0.015625,0.6303648902353868,0.9210526315789473,30
ccp,kr-vs-kp,16,16,2,0.0,0.6920982934121886,0.9359375,106
ccp,breastcancer,16,16,8,0.015625,0.42614409528980557,0.9210526315789473,52
ccp,breastcancer,512,512,4,0.25,1.3147153436040961,0.6052631578947368,512
ccp,breastcancer,4,4,8,0.0,0.7458820107101437,0.9298245614035088,114
ccp,breastcancer,8,8,1,0.25,1.3147153436040961,0.6052631578947368,8
ccp,breastcancer,32,32,2,0.0,0.13776263137447747,0.9210526315789473,224
ccp,breastcancer,16,16,1,0.0,0.43020492713124087,0.9210526315789473,48
ccp,breastcancer,32,32,4,0.25,1.3147153436040961,0.6052631578947368,32
ccp,kr-vs-kp,1024,1024,2,0.125,1.3840152631964941,0.515625,1024
ccp,breastcancer,2,2,4,0.0,0.9858984016919629,0.6052631578947368,42
ccp,covtype,1,1,4,0.125,1.3857056791728541,0.5134807190864263,1
ccp,breastcancer,64,64,1,0.015625,0.4511618508856157,0.9298245614035088,94
ccp,breastcancer,256,256,1,0.5,1.3147153436040961,0.6052631578947368,256
ccp,breastcancer,256,256,8,0.015625,0.42613725156030513,0.9210526315789473,292
ccp,kr-vs-kp,1,1,4,0.25,1.384015263196494,0.515625,1
ccp,breastcancer,32,32,8,0.0625,0.7650896995609056,0.9385964912280702,44
lgbm_base,wine,128,896,8,0.0,0.9753704060034636,0.6623076923076923,51054
ccp,breastcancer,1024,1024,2,0.0078125,0.3351302432196713,0.9210526315789473,1082
ccp,kr-vs-kp,128,128,2,0.5,1.3840152631964941,0.515625,128
ccp,kr-vs-kp,512,512,8,0.03125,1.0570095838921312,0.89375,530
lgbm_quant,wine,128,896,8,0.0,0.7989224552626515,0.5561538461538461,51054
ccp,kr-vs-kp,1,1,8,0.0625,1.384015263196494,0.515625,1
ccp,breastcancer,1024,1024,8,0.0,1.974724230296331e-08,0.9210526315789473,5464
ccp,breastcancer,64,64,4,0.0,0.0025370854639376727,0.8947368421052632,1806
ccp,kr-vs-kp,512,512,1,0.0625,1.3840152631964941,0.515625,512
ccp,kr-vs-kp,1024,1024,8,0.25,1.3840152631964941,0.515625,1024
ccp,breastcancer,512,512,2,0.5,1.3147153436040961,0.6052631578947368,512
ccp,breastcancer,64,64,8,0.25,1.3147153436040961,0.6052631578947368,64
ccp,breastcancer,128,128,2,0.015625,0.4261372515603055,0.9210526315789473,164
ccp,breastcancer,256,256,4,0.03125,0.5867787608575442,0.9298245614035088,276
ccp,kr-vs-kp,128,128,4,0.125,1.3840152631964941,0.515625,128
ccp,kr-vs-kp,2,2,2,0.0078125,1.226097642140796,0.89375,10
ccp,kr-vs-kp,2,2,1,0.03125,1.3121396896696638,0.515625,6
ccp,kr-vs-kp,4,4,1,0.125,1.384015263196494,0.515625,4
ccp,kr-vs-kp,512,512,2,0.015625,0.8833352944984172,0.89375,552
ccp,breastcancer,128,128,1,0.0625,0.7650896282941455,0.9385964912280702,140
ccp,kr-vs-kp,2,2,8,0.5,1.384015263196494,0.515625,2
ccp,kr-vs-kp,32,32,1,0.015625,0.9835661568199121,0.89375,68
ccp,kr-vs-kp,16,16,4,0.25,1.3840152631964941,0.515625,16
ccp,kr-vs-kp,32,32,4,0.0,0.2576958382864921,0.9515625,712
lgbm_base,wine,512,3584,1,0.0,0.5920723494323649,0.566923076923077,10752
ccp,kr-vs-kp,16,16,8,0.0625,1.3840152631964941,0.515625,16
ccp,kr-vs-kp,256,256,1,0.0078125,0.8365679243030792,0.89375,320
ccp,breastcancer,1024,1024,1,0.015625,0.451161850651226,0.9298245614035088,1054
lgbm_quant,covtype,512,512,1,0.0,0.7700862074529538,0.767450065833068,1536
lgbm_quant,wine,512,3584,1,0.0,0.5913026746199731,0.566923076923077,10752
ccp,kr-vs-kp,1024,1024,8,0.0625,1.3840152631964941,0.515625,1024
ccp,kr-vs-kp,1,1,1,0.0078125,1.3445907061091549,0.515625,3
ccp,kr-vs-kp,256,256,8,0.25,1.3840152631964941,0.515625,256
ccp,kr-vs-kp,128,128,1,0.0,0.4778910547496553,0.9328125,384
ccp,kr-vs-kp,128,128,8,0.03125,1.057009583892131,0.89375,146
ccp,breastcancer,128,128,8,0.0,2.4703798430179236e-06,0.9210526315789473,3470
ccp,kr-vs-kp,4,4,4,0.0078125,0.9244019639534988,0.9359375,36
ccp,kr-vs-kp,4,4,2,0.03125,1.0888398848131813,0.89375,22
lgbm_base,wine,1024,7168,2,0.0,0.8208581874158168,0.6161538461538462,46156
ccp,kr-vs-kp,64,64,2,0.03125,1.088839701674616,0.89375,82
ccp,breastcancer,256,256,2,0.0625,0.7650896282941453,0.9385964912280702,268
ccp,kr-vs-kp,32,32,8,0.5,1.3840152631964941,0.515625,32
ccp,kr-vs-kp,64,64,1,0.125,1.3840152631964941,0.515625,64
ccp,kr-vs-kp,64,64,4,0.0078125,0.622067969593636,0.9359375,140
ccp,kr-vs-kp,8,8,2,0.125,1.3840152631964941,0.515625,8
ccp,kr-vs-kp,256,256,4,0.5,1.3840152631964941,0.515625,256
ccp,kr-vs-kp,8,8,4,0.03125,1.0570096230597346,0.89375,26
ccp,kr-vs-kp,8,8,8,0.0078125,0.6878483896200807,0.9359375,72
ccp,kr-vs-kp,8,8,1,0.5,1.3840152631964941,0.515625,8
ccp,kr-vs-kp,16,16,2,0.5,1.3840152631964941,0.515625,16
ccp,kr-vs-kp,1024,1024,4,0.03125,1.0570095838921312,0.89375,1042
ccp,mushroom,1,1,8,0.03125,1.2550787196338495,0.912,7
ccp,mushroom,2,2,1,0.0078125,1.2705940025610234,0.8055384615384615,6
ccp,mushroom,1,1,2,0.5,1.3853753814463896,0.5292307692307693,1
ccp,mushroom,1,1,4,0.125,1.3853753814463896,0.5292307692307693,1
ccp,mushroom,2,2,4,0.5,1.38537538144639,0.5292307692307693,2
ccp,kr-vs-kp,1024,1024,1,0.25,1.3840152631964941,0.515625,1024
ccp,mushroom,2,2,8,0.125,1.38537538144639,0.5292307692307693,2
ccp,mushroom,4,4,1,0.03125,1.1759060311271756,0.819076923076923,12
ccp,mushroom,4,4,2,0.0078125,0.960585365795928,0.912,26
ccp,mushroom,4,4,8,0.5,1.38537538144639,0.5292307692307693,4
lgbm_base,breastcancer,2,2,2,0.0,0.6329670329670329,0.6052631578947368,14
lgbm_quant,breastcancer,2,2,2,0.0,0.6329670329670329,0.6052631578947368,14
lgbm_quant,wine,1024,7168,2,0.0,0.48720415624398694,0.45384615384615384,46156
ccp,mushroom,8,8,1,0.125,1.38537538144639,0.5292307692307693,8
ccp,mushroom,8,8,2,0.03125,0.7055441662540106,0.9661538461538461,42
ccp,mushroom,8,8,4,0.0078125,0.6033705028829164,0.9735384615384616,70
ccp,breastcancer,256,256,1,0.25,1.3147153436040961,0.6052631578947368,256
ccp,mushroom,16,16,2,0.125,1.38537538144639,0.5292307692307693,16
ccp,covtype,2,2,1,0.0078125,1.3423918194488438,0.6662736762389956,6
ccp,mushroom,16,16,1,0.5,1.38537538144639,0.5292307692307693,16
ccp,kr-vs-kp,128,128,2,0.25,1.3840152631964941,0.515625,128
ccp,mushroom,16,16,4,0.03125,0.7055435801505938,0.9661538461538461,50
ccp,kr-vs-kp,1024,1024,2,0.0625,1.3840152631964941,0.515625,1024
ccp,mushroom,32,32,2,0.5,1.38537538144639,0.5292307692307693,32
ccp,mushroom,16,16,8,0.0078125,0.44131729038562234,0.9833846153846154,98
ccp,breastcancer,512,512,4,0.125,1.0681050506691128,0.6052631578947368,516
ccp,covtype,4,4,1,0.03125,1.3618520323025716,0.6646644234658313,6
ccp,kr-vs-kp,2,2,4,0.0,1.1076154410904997,0.9359375,34
ccp,kr-vs-kp,2,2,1,0.015625,1.3121396896696638,0.515625,6
ccp,kr-vs-kp,512,512,1,0.03125,1.227717771886164,0.89375,522
ccp,kr-vs-kp,4,4,1,0.0625,1.384015263196494,0.515625,4
ccp,mushroom,64,64,1,0.0078125,0.49963629678300303,0.9723076923076923,142
ccp,mushroom,32,32,4,0.125,1.38537538144639,0.5292307692307693,32
ccp,kr-vs-kp,128,128,4,0.0625,1.3840152631964941,0.515625,128
ccp,breastcancer,256,256,8,0.0078125,0.32194761186245185,0.9210526315789473,320
ccp,kr-vs-kp,512,512,8,0.0,0.008677920644233695,0.975,128032
ccp,kr-vs-kp,2,2,8,0.25,1.384015263196494,0.515625,2
ccp,covtype,1,1,1,0.0,1.3618520330087065,0.6646644234658313,3
ccp,mushroom,32,32,8,0.03125,0.7055434514161586,0.9661538461538461,66
ccp,mushroom,128,128,1,0.03125,0.9111181844112946,0.928,152
ccp,breastcancer,1024,1024,4,0.0,1.1713746253932583e-08,0.9298245614035088,7864
ccp,kr-vs-kp,32,32,1,0.0078125,0.8365684287676378,0.89375,96
ccp,covtype,1,1,2,0.25,1.3857056791728541,0.5134807190864263,1
ccp,mushroom,64,64,4,0.5,1.38537538144639,0.5292307692307693,64
ccp,kr-vs-kp,16,16,4,0.125,1.3840152631964941,0.515625,16
ccp,kr-vs-kp,32,32,4,0.5,1.3840152631964941,0.515625,32
ccp,kr-vs-kp,16,16,8,0.03125,1.0570095911500268,0.89375,34
ccp,kr-vs-kp,1024,1024,8,0.015625,0.7719443677509508,0.9359375,1072
ccp,breastcancer,512,512,2,0.25,1.3147153436040961,0.6052631578947368,512
ccp,kr-vs-kp,512,512,2,0.0078125,0.7161489434118711,0.89375,582
ccp,breastcancer,256,256,4,0.015625,0.42613725156030513,0.9210526315789473,292
ccp,kr-vs-kp,256,256,2,0.0,0.16919005305324797,0.9734375,1786
ccp,mushroom,64,64,8,0.125,1.38537538144639,0.5292307692307693,64
ccp,kr-vs-kp,512,512,8,0.015625,0.7719443677509508,0.9359375,560
ccp,mushroom,128,128,2,0.0078125,0.40678146137319465,0.9661538461538461,206
ccp,covtype,8,8,1,0.125,1.3857056791728541,0.5134807190864263,8
ccp,covtype,2,2,4,0.5,1.3857056791728541,0.5134807190864263,2
ccp,kr-vs-kp,1,1,2,0.0,1.299403794417941,0.7546875,5
ccp,covtype,4,4,2,0.0078125,1.2540601153004645,0.728285844599537,20
ccp,kr-vs-kp,128,128,1,0.5,1.3840152631964941,0.515625,128
ccp,kr-vs-kp,4,4,8,0.0,0.8425793296217408,0.9640625,304
ccp,kr-vs-kp,4,4,2,0.015625,1.0888398848131813,0.89375,22
ccp,kr-vs-kp,64,64,2,0.015625,0.8833352944990196,0.89375,104
ccp,covtype,1,1,8,0.03125,1.3618520330087065,0.6646644234658313,3
ccp,mushroom,256,256,1,0.125,1.38537538144639,0.5292307692307693,256
ccp,kr-vs-kp,64,64,1,0.0625,1.3840152631964941,0.515625,64
ccp,kr-vs-kp,8,8,2,0.0625,1.3840152631964941,0.515625,8
ccp,kr-vs-kp,32,32,8,0.25,1.3840152631964941,0.515625,32
ccp,breastcancer,1024,1024,1,0.0078125,0.36742935402001853,0.9210526315789473,1064
ccp,covtype,1,1,4,0.0625,1.3857056791728541,0.5134807190864263,1
ccp,kr-vs-kp,256,256,8,0.125,1.3840152631964941,0.515625,256
ccp,mushroom,128,128,8,0.5,1.38537538144639,0.5292307692307693,128
ccp,kr-vs-kp,128,128,8,0.015625,0.771944367750951,0.9359375,176
ccp,kr-vs-kp,64,64,8,0.0,0.0394378522696681,0.9765625,9992
ccp,kr-vs-kp,16,16,1,0.0,1.0128015986047592,0.89375,48
ccp,kr-vs-kp,8,8,4,0.015625,0.7719443680589486,0.9359375,56
ccp,mushroom,256,256,2,0.03125,0.7055434468385846,0.9661538461538461,290
ccp,kr-vs-kp,16,16,2,0.25,1.3840152631964941,0.515625,16
ccp,kr-vs-kp,8,8,1,0.25,1.3840152631964941,0.515625,8
lgbm_base,kr-vs-kp,1,1,1,0.0,0.5238654147104851,0.515625,3
lgbm_quant,kr-vs-kp,1,1,1,0.0,0.5238654147104851,0.515625,3
ccp,kr-vs-kp,256,256,4,0.25,1.3840152631964941,0.515625,256
ccp,mushroom,1,1,2,0.25,1.3853753814463896,0.5292307692307693,1
ccp,mushroom,1,1,8,0.015625,1.2330077997662527,0.9396923076923077,9
lgbm_quant,covtype,1024,1024,8,0.0,0.7737242609329854,0.7682676006643546,62464
ccp,mushroom,2,2,4,0.25,1.38537538144639,0.5292307692307693,2
ccp,mushroom,1,1,4,0.0625,1.3220381959995247,0.8055384615384615,3
ccp,mushroom,2,2,2,0.0,1.1488304054396872,0.912,14
ccp,mushroom,4,4,1,0.015625,1.1759060311271756,0.819076923076923,12
ccp,mushroom,2,2,8,0.0625,1.2705940025610234,0.8055384615384615,6
ccp,mushroom,4,4,4,0.0,0.8427012908461398,0.976,108
ccp,mushroom,8,8,1,0.0625,1.2221799996349072,0.8055384615384615,14
ccp,mushroom,4,4,8,0.25,1.38537538144639,0.5292307692307693,4
ccp,mushroom,512,512,1,0.5,1.38537538144639,0.5292307692307693,512
ccp,mushroom,8,8,2,0.015625,0.7034109906858115,0.9735384615384616,46
ccp,mushroom,8,8,8,0.0,0.4952425464189998,1.0,490
ccp,mushroom,256,256,4,0.0078125,0.44131727830766887,0.9833846153846154,338
ccp,mushroom,16,16,1,0.25,1.38537538144639,0.5292307692307693,16
ccp,mushroom,16,16,2,0.0625,1.0428583906274542,0.9396923076923077,28
ccp,covtype,8,8,2,0.03125,1.3618520318464338,0.6646644234658313,10
ccp,kr-vs-kp,1024,1024,1,0.125,1.3840152631964941,0.515625,1024
ccp,mushroom,16,16,4,0.015625,0.5752202045079646,0.9735384615384616,78
ccp,kr-vs-kp,128,128,2,0.125,1.3840152631964941,0.515625,128
ccp,kr-vs-kp,1024,1024,4,0.015625,0.7719443677509508,0.9359375,1072
ccp,mushroom,32,32,2,0.25,1.38537538144639,0.5292307692307693,32
ccp,mushroom,32,32,1,0.0,0.5647564080244142,0.9723076923076923,96
ccp,covtype,16,16,1,0.5,1.3857056791728541,0.5134807190864263,16
ccp,kr-vs-kp,1024,1024,2,0.03125,1.088839701674025,0.89375,1042
ccp,mushroom,32,32,4,0.0625,1.0428583762089703,0.9396923076923077,44
ccp,mushroom,64,64,2,0.0,0.07937587621427372,0.9926153846153846,424
ccp,kr-vs-kp,512,512,1,0.015625,0.983566098048268,0.89375,548
ccp,kr-vs-kp,128,128,4,0.03125,1.057009583892131,0.89375,146
ccp,mushroom,512,512,2,0.125,1.38537538144639,0.5292307692307693,512
ccp,kr-vs-kp,32,32,2,0.0,0.49513595893209394,0.9359375,218
ccp,kr-vs-kp,16,16,4,0.0625,1.3840152631964941,0.515625,16
ccp,kr-vs-kp,32,32,4,0.25,1.3840152631964941,0.515625,32
ccp,breastcancer,512,512,1,0.0,0.011210987794721015,0.9473684210526315,1536
ccp,kr-vs-kp,16,16,8,0.015625,0.7719443678080237,0.9359375,64
ccp,mushroom,128,128,1,0.015625,0.6700315139821799,0.968,176
ccp,mushroom,32,32,8,0.015625,0.5752201871749063,0.9735384615384616,94
ccp,kr-vs-kp,256,256,2,0.5,1.3840152631964941,0.515625,256
ccp,california_housing,1,1,2,0.5,1.3276217235799053,1.3473246598968645,1
ccp,mushroom,64,64,4,0.25,1.38537538144639,0.5292307692307693,64
ccp,california_housing,1,1,4,0.125,1.2492481115084735,1.2683525644001783,3
ccp,kr-vs-kp,128,128,1,0.25,1.3840152631964941,0.515625,128
ccp,kr-vs-kp,64,64,2,0.0078125,0.7161489434136455,0.89375,134
ccp,breastcancer,512,512,4,0.0625,0.7650896282941458,0.9385964912280702,524
ccp,covtype,2,2,8,0.125,1.3857056791728541,0.5134807190864263,2
ccp,california_housing,1,1,8,0.03125,1.2028348285849995,1.2223365279438023,9
ccp,california_housing,2,2,1,0.0078125,1.1835332066784214,1.203122459469883,6
ccp,california_housing,2,2,4,0.5,1.3276217235799053,1.3473246598968645,2
ccp,kr-vs-kp,64,64,1,0.03125,1.2277177718879337,0.89375,74
ccp,kr-vs-kp,512,512,8,0.5,1.3840152631964941,0.515625,512
ccp,kr-vs-kp,512,512,4,0.0,0.01438326854135228,0.9796875,15298
ccp,mushroom,64,64,8,0.0625,1.042858375696883,0.9396923076923077,76
ccp,mushroom,128,128,4,0.0,0.00030399127050725303,1.0,3134
ccp,kr-vs-kp,32,32,8,0.125,1.3840152631964941,0.515625,32
ccp,kr-vs-kp,64,64,8,0.5,1.3840152631964941,0.515625,64
ccp,covtype,2,2,2,0.0,1.3030164270253561,0.728285844599537,14
ccp,california_housing,4,4,1,0.03125,1.0775424914093958,1.099237091366297,12
ccp,california_housing,2,2,8,0.125,1.1583410398327174,1.1790721014269392,8
ccp,mushroom,256,256,1,0.0625,1.2221799980112842,0.8055384615384615,262
ccp,california_housing,4,4,2,0.0078125,0.9758451028475328,0.9957517452367655,28
ccp,kr-vs-kp,128,128,8,0.0078125,0.6232034191255368,0.9359375,204
ccp,california_housing,8,8,1,0.125,0.933596014039122,0.9565027902614672,24
ccp,mushroom,1,1,2,0.125,1.3853753814463896,0.5292307692307693,1
ccp,mushroom,512,512,4,0.03125,0.7055434468385846,0.9661538461538461,546
ccp,mushroom,1,1,8,0.0078125,1.2259748641818664,0.9495384615384616,11
ccp,mushroom,1,1,4,0.03125,1.2550787196338495,0.912,7
ccp,mushroom,2,2,2,0.5,1.38537538144639,0.5292307692307693,2
ccp,mushroom,2,2,4,0.125,1.38537538144639,0.5292307692307693,2
ccp,mushroom,4,4,1,0.0078125,1.1759060311271756,0.819076923076923,12
ccp,california_housing,4,4,8,0.5,1.3276217235799053,1.3473246598968645,4
ccp,mushroom,2,2,8,0.03125,1.1488304054396872,0.912,14
ccp,mushroom,8,8,1,0.03125,1.028128792223235,0.9083076923076923,24
ccp,kr-vs-kp,256,256,8,0.0625,1.3840152631964941,0.515625,256
ccp,mushroom,4,4,4,0.5,1.38537538144639,0.5292307692307693,4
ccp,mushroom,8,8,2,0.0078125,0.7008969789200195,0.9316923076923077,48
ccp,mushroom,4,4,8,0.125,1.38537538144639,0.5292307692307693,4
ccp,california_housing,8,8,2,0.03125,0.8092825707335896,0.8323482279284254,52
ccp,kr-vs-kp,256,256,4,0.125,1.3840152631964941,0.515625,256
ccp,covtype,1,1,1,0.5,1.3857056791728541,0.5134807190864263,1
ccp,mushroom,256,256,2,0.015625,0.5277350373645144,0.9661538461538461,310
ccp,mushroom,8,8,8,0.5,1.38537538144639,0.5292307692307693,8
ccp,covtype,4,4,1,0.015625,1.3130523017514568,0.6662736762389956,12
ccp,mushroom,16,16,1,0.125,1.38537538144639,0.5292307692307693,16
ccp,mushroom,16,16,2,0.03125,0.7055435801505938,0.9661538461538461,50
ccp,covtype,1,1,2,0.125,1.3857056791728541,0.5134807190864263,1
ccp,breastcancer,1024,1024,4,0.5,1.3147153436040961,0.6052631578947368,1024
ccp,mushroom,16,16,4,0.0078125,0.44131729038562234,0.9833846153846154,98
ccp,mushroom,128,128,8,0.25,1.38537538144639,0.5292307692307693,128
ccp,covtype,16,16,2,0.125,1.3857056791728541,0.5134807190864263,16
ccp,kr-vs-kp,128,128,2,0.0625,1.3840152631964941,0.515625,128
ccp,mushroom,32,32,2,0.125,1.38537538144639,0.5292307692307693,32
ccp,mushroom,32,32,1,0.5,1.38537538144639,0.5292307692307693,32
lgbm_base,breastcancer,1024,747,2,0.0,1.0,0.9649122807017544,3837
ccp,mushroom,512,512,1,0.25,1.38537538144639,0.5292307692307693,512
ccp,breastcancer,1024,1024,2,0.0,1.0643786719489314e-08,0.9385964912280702,6824
lgbm_quant,breastcancer,1024,747,2,0.0,1.0,0.9649122807017544,3837
ccp,kr-vs-kp,1024,1024,1,0.0625,1.3840152631964941,0.515625,1024
ccp,mushroom,1024,1024,2,0.5,1.38537538144639,0.5292307692307693,1024
ccp,covtype,8,8,4,0.0078125,1.1938989133983957,0.7284665628254003,38
ccp,kr-vs-kp,128,128,4,0.015625,0.771944367750951,0.9359375,176
ccp,mushroom,32,32,4,0.03125,0.7055434514161586,0.9661538461538461,66
ccp,mushroom,64,64,2,0.5,1.38537538144639,0.5292307692307693,64
ccp,mushroom,256,256,8,0.0,2.390642835710616e-08,1.0,6998
ccp,kr-vs-kp,512,512,1,0.0078125,0.8365679243030792,0.89375,576
lgbm_base,breastcancer,1024,446,8,0.0,1.0,0.9649122807017544,6206
lgbm_quant,breastcancer,1024,446,8,0.0,1.0,0.9649122807017544,6206
ccp,california_housing,16,16,1,0.5,1.3276217235799053,1.3473246598968645,16
lgbm_base,kr-vs-kp,2,2,2,0.0,0.906885758998435,0.89375,14
lgbm_quant,kr-vs-kp,2,2,2,0.0,0.906885758998435,0.89375,14
ccp,california_housing,8,8,4,0.0078125,0.6777735275201524,0.7019728970583251,144
ccp,mushroom,128,128,1,0.0078125,0.4996362827559209,0.9723076923076923,206
ccp,california_housing,16,16,2,0.125,0.8954955931108983,0.91994215390186,36
ccp,kr-vs-kp,1024,1024,4,0.0078125,0.6220679695932688,0.9359375,1100
ccp,california_housing,1,1,2,0.25,1.2492481115084735,1.2683525644001783,3
ccp,kr-vs-kp,256,256,2,0.25,1.3840152631964941,0.515625,256
ccp,kr-vs-kp,1024,1024,2,0.015625,0.8833352944984172,0.89375,1064
ccp,covtype,1,1,4,0.03125,1.3618520330087065,0.6646644234658313,3
ccp,california_housing,1,1,4,0.0625,1.2143483688997525,1.2334053825949192,7
ccp,california_housing,16,16,4,0.03125,0.6247914149046215,0.6493331263620207,104
ccp,mushroom,32,32,8,0.0078125,0.4413172787223841,0.9833846153846154,114
ccp,kr-vs-kp,128,128,1,0.125,1.3840152631964941,0.515625,128
ccp,mushroom,512,512,8,0.125,1.38537538144639,0.5292307692307693,512
ccp,covtype,8,8,1,0.0625,1.3857056791728541,0.5134807190864263,8
ccp,covtype,2,2,4,0.25,1.3857056791728541,0.5134807190864263,2
ccp,kr-vs-kp,64,64,4,0.0,0.15000284181973272,0.975,1694
lgbm_base,breastcancer,1024,508,4,0.0,1.0,0.9649122807017544,4406
ccp,mushroom,64,64,4,0.125,1.38537538144639,0.5292307692307693,64
lgbm_quant,breastcancer,1024,508,4,0.0,1.0,0.9649122807017544,4406
ccp,california_housing,1,1,8,0.015625,1.1946792595990203,1.2146094343138716,13
ccp,california_housing,2,2,2,0.0,1.1215593000209638,1.1404820160651208,14
ccp,kr-vs-kp,64,64,1,0.015625,0.9835660981175615,0.89375,100
ccp,california_housing,2,2,4,0.25,1.1835332066784214,1.203122459469883,6
ccp,kr-vs-kp,32,32,8,0.0625,1.3840152631964941,0.515625,32
ccp,california_housing,32,32,2,0.5,1.3276217235799053,1.3473246598968645,32
ccp,california_housing,4,4,1,0.015625,1.0775424914093958,1.099237091366297,12
lgbm_quant,covtype,1024,1024,4,0.0,0.5342947318145733,0.532877808662427,30606
ccp,california_housing,16,16,8,0.0078125,0.4498715941369162,0.47283473332925946,324
ccp,kr-vs-kp,64,64,8,0.25,1.3840152631964941,0.515625,64
ccp,california_housing,8,8,1,0.0625,0.933596014039122,0.9565027902614672,24
ccp,mushroom,512,512,2,0.0625,1.042858375696279,0.9396923076923077,524
ccp,california_housing,2,2,8,0.0625,1.116194552415481,1.1360382328451581,14
ccp,california_housing,4,4,4,0.0,0.8712900407213852,0.8937416068521387,124
ccp,kr-vs-kp,256,256,1,0.0,0.3506954177408888,0.940625,768
ccp,kr-vs-kp,512,512,4,0.5,1.3840152631964941,0.515625,512
ccp,mushroom,1,1,2,0.0625,1.3220381959995247,0.8055384615384615,3
ccp,mushroom,2,2,2,0.25,1.38537538144639,0.5292307692307693,2
ccp,mushroom,2,2,4,0.0625,1.2705940025610234,0.8055384615384615,6
ccp,mushroom,2,2,1,0.0,1.2705940025610234,0.8055384615384615,6
ccp,mushroom,1,1,4,0.015625,1.2330077997662527,0.9396923076923077,9
ccp,mushroom,64,64,8,0.03125,0.7055434468439816,0.9661538461538461,98
ccp,mushroom,4,4,2,0.0,0.9553419409774325,0.912,28
ccp,mushroom,2,2,8,0.015625,1.1084281859114977,0.9396923076923077,18
ccp,mushroom,4,4,4,0.25,1.38537538144639,0.5292307692307693,4
ccp,mushroom,256,256,1,0.03125,0.9111181844112944,0.928,280
ccp,mushroom,8,8,1,0.015625,1.028128792223235,0.9083076923076923,24
ccp,mushroom,128,128,4,0.5,1.38537538144639,0.5292307692307693,128
ccp,mushroom,4,4,8,0.0625,1.0428585628798257,0.9396923076923077,16
ccp,california_housing,8,8,2,0.015625,0.8000326764444609,0.8242328561242248,56
ccp,mushroom,8,8,4,0.0,0.5596023712233666,0.976,204
ccp,california_housing,4,4,8,0.25,1.0775424914093958,1.099237091366297,12
ccp,kr-vs-kp,256,256,4,0.0625,1.3840152631964941,0.515625,256
ccp,mushroom,16,16,1,0.0625,1.222179998312145,0.8055384615384615,22
ccp,mushroom,8,8,8,0.25,1.38537538144639,0.5292307692307693,8
ccp,covtype,1,1,8,0.015625,1.3429436794967495,0.7258246344758741,5
ccp,mushroom,512,512,8,0.0078125,0.44131727830766887,0.9833846153846154,594
ccp,kr-vs-kp,512,512,8,0.25,1.3840152631964941,0.515625,512
ccp,mushroom,16,16,2,0.015625,0.527735259684633,0.9661538461538461,70
ccp,kr-vs-kp,256,256,8,0.03125,1.057009583892131,0.89375,274
ccp,mushroom,16,16,8,0.0,0.2058886530966817,1.0,896
ccp,covtype,4,4,4,0.0,1.211821209930012,0.7498773697753071,124
ccp,kr-vs-kp,128,128,2,0.03125,1.0888397016740246,0.89375,146
ccp,mushroom,32,32,1,0.25,1.38537538144639,0.5292307692307693,32
ccp,mushroom,32,32,2,0.0625,1.0428583762089703,0.9396923076923077,44
ccp,mushroom,256,256,2,0.0078125,0.40678146137319465,0.9661538461538461,334
ccp,mushroom,1024,1024,4,0.125,1.38537538144639,0.5292307692307693,1024
ccp,kr-vs-kp,1024,1024,1,0.03125,1.227717771886164,0.89375,1034
ccp,kr-vs-kp,128,128,4,0.0078125,0.6220679695932689,0.9359375,204
ccp,mushroom,64,64,2,0.25,1.38537538144639,0.5292307692307693,64
ccp,mushroom,32,32,4,0.015625,0.5752201871749063,0.9735384615384616,94
ccp,covtype,4,4,8,0.5,1.3857056791728541,0.5134807190864263,4
ccp,mushroom,512,512,1,0.125,1.38537538144639,0.5292307692307693,512
ccp,mushroom,128,128,8,0.125,1.38537538144639,0.5292307692307693,128
ccp,california_housing,16,16,1,0.25,1.0775424914093958,1.099237091366297,24
ccp,covtype,2,2,2,0.5,1.3857056791728541,0.5134807190864263,2
ccp,california_housing,1,1,2,0.125,1.2492481115084735,1.2683525644001783,3
ccp,california_housing,32,32,4,0.125,0.8954955931108983,0.91994215390186,52
ccp,kr-vs-kp,512,512,2,0.0,0.10783948730821745,0.9796875,3580
ccp,covtype,1,1,1,0.25,1.3857056791728541,0.5134807190864263,1
ccp,kr-vs-kp,256,256,2,0.125,1.3840152631964941,0.515625,256
ccp,kr-vs-kp,128,128,1,0.0625,1.3840152631964941,0.515625,128
ccp,california_housing,1,1,4,0.03125,1.2028348285849995,1.2223365279438023,9
ccp,california_housing,64,64,1,0.0078125,0.528550161769513,0.5528078505201439,192
ccp,california_housing,16,16,2,0.0625,0.7746475385777153,0.7993185987404937,58
ccp,mushroom,128,128,2,0.0,0.02272938785554895,0.9981538461538462,850
ccp,mushroom,64,64,1,0.0,0.34376269147110405,0.976,192
ccp,california_housing,8,8,8,0.0,0.45689152860423077,0.5188719050166141,3852
ccp,california_housing,16,16,4,0.015625,0.5372617045001318,0.560959209281929,168
lgbm_base,kr-vs-kp,2,2,1,0.0,0.5238654147104851,0.515625,6
lgbm_quant,kr-vs-kp,2,2,1,0.0,0.5238654147104851,0.515625,6
ccp,california_housing,2,2,2,0.5,1.3276217235799053,1.3473246598968645,2
ccp,california_housing,1,1,8,0.0078125,1.1795618313961942,1.1989131032634501,27
lgbm_base,covtype,1024,1024,2,0.0,0.8004836395164465,0.7965973339758871,7156
ccp,covtype,1,1,2,0.0625,1.3857056791728541,0.5134807190864263,1
ccp,covtype,8,8,2,0.015625,1.265404026684563,0.728285844599537,22
ccp,california_housing,2,2,4,0.125,1.1583410398327174,1.1790721014269392,8
ccp,kr-vs-kp,1024,1024,2,0.0078125,0.716148943411871,0.89375,1094
ccp,mushroom,64,64,4,0.0625,1.042858375696883,0.9396923076923077,76
ccp,breastcancer,1024,1024,4,0.25,1.3147153436040961,0.6052631578947368,1024
ccp,california_housing,4,4,1,0.0078125,1.0775424914093958,1.099237091366297,12
ccp,covtype,4,4,1,0.0078125,1.3130523017514568,0.6662736762389956,12
ccp,california_housing,8,8,1,0.03125,0.933596014039122,0.9565027902614672,24
ccp,covtype,16,16,1,0.25,1.3857056791728541,0.5134807190864263,16
ccp,california_housing,32,32,1,0.0,0.6481588438994537,0.6724471404772713,96
ccp,mushroom,512,512,4,0.015625,0.5752201865585771,0.9735384615384616,574
ccp,mushroom,2,2,4,0.03125,1.1488304054396872,0.912,14
ccp,california_housing,32,32,2,0.25,1.0775424914093958,1.099237091366297,40
ccp,mushroom,2,2,2,0.125,1.38537538144639,0.5292307692307693,2
ccp,california_housing,32,32,8,0.03125,0.6186204080045533,0.6436123456960643,122
ccp,kr-vs-kp,256,256,1,0.5,1.3840152631964941,0.515625,256
ccp,mushroom,1,1,2,0.03125,1.2550787196338495,0.912,7
ccp,mushroom,2,2,1,0.5,1.38537538144639,0.5292307692307693,2
ccp,california_housing,2,2,8,0.03125,1.0993738476981283,1.118595722701655,18
ccp,mushroom,4,4,2,0.5,1.38537538144639,0.5292307692307693,4
ccp,california_housing,4,4,4,0.5,1.3276217235799053,1.3473246598968645,4
ccp,mushroom,1,1,4,0.0078125,1.2259748641818664,0.9495384615384616,11
ccp,mushroom,2,2,8,0.0078125,1.1013591090321388,0.9495384615384616,20
ccp,mushroom,4,4,4,0.125,1.38537538144639,0.5292307692307693,4
ccp,mushroom,8,8,1,0.0078125,1.028128792223235,0.9083076923076923,24
ccp,mushroom,4,4,8,0.03125,0.9983883108253948,0.912,22
ccp,mushroom,8,8,4,0.5,1.38537538144639,0.5292307692307693,8
ccp,california_housing,8,8,2,0.0078125,0.8000326764444609,0.8242328561242248,56
ccp,mushroom,16,16,1,0.03125,0.9111184164570363,0.928,40
ccp,mushroom,8,8,8,0.125,1.38537538144639,0.5292307692307693,8
ccp,mushroom,16,16,2,0.0078125,0.40678146244999497,0.9661538461538461,94
ccp,kr-vs-kp,512,512,4,0.25,1.3840152631964941,0.515625,512
ccp,mushroom,256,256,1,0.015625,0.670031513982179,0.968,304
ccp,mushroom,256,256,8,0.5,1.38537538144639,0.5292307692307693,256
ccp,kr-vs-kp,256,256,4,0.03125,1.057009583892131,0.89375,274
ccp,california_housing,4,4,8,0.125,1.0555674379414286,1.0783731177162688,14
ccp,california_housing,128,128,1,0.03125,0.6481588438994537,0.6724471404772713,192
ccp,mushroom,64,64,8,0.015625,0.5752201865593038,0.9735384615384616,126
ccp,mushroom,16,16,8,0.5,1.38537538144639,0.5292307692307693,16
ccp,kr-vs-kp,128,128,2,0.015625,0.883335294498417,0.89375,168
ccp,mushroom,32,32,1,0.125,1.38537538144639,0.5292307692307693,32
ccp,mushroom,32,32,2,0.03125,0.7055434514161586,0.9661538461538461,66
ccp,mushroom,1024,1024,2,0.25,1.38537538144639,0.5292307692307693,1024
ccp,mushroom,128,128,4,0.25,1.38537538144639,0.5292307692307693,128
ccp,mushroom,1024,1024,8,0.5,1.38537538144639,0.5292307692307693,1024
ccp,california_housing,64,64,4,0.5,1.3276217235799053,1.3473246598968645,64
ccp,covtype,1,1,4,0.015625,1.3429436794967495,0.7258246344758741,5
ccp,mushroom,512,512,2,0.03125,0.7055434468385846,0.9661538461538461,546
ccp,kr-vs-kp,256,256,8,0.015625,0.771944367750951,0.9359375,304
ccp,covtype,64,64,1,0.0078125,1.2185581334748494,0.7283891121571732,92
ccp,covtype,32,32,2,0.5,1.3857056791728541,0.5134807190864263,32
ccp,mushroom,1024,1024,8,0.125,1.38537538144639,0.5292307692307693,1024
ccp,mushroom,64,64,2,0.125,1.38537538144639,0.5292307692307693,64
ccp,mushroom,32,32,4,0.0078125,0.4413172787223841,0.9833846153846154,114
ccp,covtype,16,16,4,0.03125,1.361852031565557,0.6646644234658313,18
ccp,california_housing,16,16,1,0.125,0.9078449424002707,0.9310302300543698,34
ccp,california_housing,1,1,2,0.0625,1.2143483688997525,1.2334053825949192,7
ccp,kr-vs-kp,1024,1024,1,0.015625,0.983566098048268,0.89375,1060
ccp,kr-vs-kp,128,128,8,0.0,0.012219168925993345,0.9828125,29656
ccp,california_housing,1,1,4,0.015625,1.1946792595990203,1.2146094343138716,13
ccp,kr-vs-kp,256,256,2,0.0625,1.3840152631964941,0.515625,256
ccp,kr-vs-kp,512,512,2,0.5,1.3840152631964941,0.515625,512
ccp,mushroom,1024,1024,1,0.0,0.008222469500192993,0.9987692307692307,3072
ccp,california_housing,128,128,2,0.0078125,0.43508097326409745,0.4632241343489626,342
ccp,mushroom,256,256,4,0.0,2.924418465129498e-07,1.0,6942
ccp,covtype,2,2,4,0.125,1.3857056791728541,0.5134807190864263,2
ccp,california_housing,16,16,2,0.03125,0.6581791431461649,0.683902733000224,90
ccp,mushroom,64,64,1,0.5,1.38537538144639,0.5292307692307693,64
ccp,kr-vs-kp,1024,1024,8,0.0,0.008677899175135891,0.9765625,149114
ccp,mushroom,128,128,2,0.5,1.38537538144639,0.5292307692307693,128
ccp,covtype,2,2,8,0.0625,1.3857056791728541,0.5134807190864263,2
ccp,california_housing,2,2,2,0.25,1.1835332066784214,1.203122459469883,6
ccp,covtype,8,8,1,0.03125,1.3618520318464338,0.6646644234658313,10
ccp,mushroom,512,512,1,0.0625,1.2221799980112842,0.8055384615384615,518
ccp,california_housing,2,2,1,0.0,1.1835332066784214,1.203122459469883,6
ccp,california_housing,2,2,4,0.0625,1.116194552415481,1.1360382328451581,14
ccp,california_housing,32,32,4,0.0625,0.7730898222733464,0.7969584333851376,74
ccp,california_housing,4,4,2,0.0,0.9758451028475328,0.9957517452367655,28
ccp,california_housing,16,16,4,0.0078125,0.48618109950147803,0.5100934721000537,256
ccp,mushroom,1024,1024,8,0.03125,0.7055434468385846,0.9661538461538461,1058
ccp,california_housing,8,8,8,0.5,1.3276217235799053,1.3473246598968645,8
ccp,california_housing,64,64,2,0.0,0.3597162702668329,0.38733870063196785,448
ccp,mushroom,64,64,4,0.03125,0.7055434468439816,0.9661538461538461,98
ccp,california_housing,8,8,1,0.015625,0.933596014039122,0.9565027902614672,24
ccp,mushroom,1024,1024,8,0.0078125,0.44131727830766876,0.9833846153846154,1106
ccp,mushroom,2,2,4,0.015625,1.1084281859114977,0.9396923076923077,18
ccp,mushroom,128,128,8,0.0625,1.0428583756962786,0.9396923076923077,140
ccp,mushroom,2,2,1,0.25,1.38537538144639,0.5292307692307693,2
ccp,mushroom,2,2,2,0.0625,1.2705940025610234,0.8055384615384615,6
ccp,mushroom,1,1,2,0.015625,1.2550787196338495,0.912,7
ccp,mushroom,1,1,8,0.0,1.195359945289762,1.0,57
ccp,california_housing,4,4,4,0.25,1.0775424914093958,1.099237091366297,12
ccp,mushroom,4,4,1,0.0,1.1759060311271756,0.819076923076923,12
ccp,california_housing,32,32,1,0.5,1.3276217235799053,1.3473246598968645,32
ccp,mushroom,4,4,2,0.25,1.38537538144639,0.5292307692307693,4
ccp,kr-vs-kp,256,256,1,0.25,1.3840152631964941,0.515625,256
ccp,mushroom,4,4,4,0.0625,1.0428585628798257,0.9396923076923077,16
ccp,mushroom,8,8,2,0.0,0.6845564805296686,0.9575384615384616,56
ccp,california_housing,2,2,8,0.015625,1.080819041668858,1.1005378116481757,28
ccp,mushroom,4,4,8,0.015625,0.9020345770707211,0.9636923076923077,38
ccp,mushroom,8,8,4,0.25,1.38537538144639,0.5292307692307693,8
ccp,california_housing,32,32,2,0.125,0.8954955931108983,0.91994215390186,52
ccp,mushroom,16,16,1,0.015625,0.8167013875505243,0.9624615384615385,48
ccp,mushroom,8,8,8,0.0625,1.0428584562731997,0.9396923076923077,20
ccp,california_housing,8,8,4,0.0,0.6466326109115197,0.6704716899871074,248
ccp,mushroom,16,16,4,0.0,0.27212775303707537,0.9901538461538462,416
ccp,covtype,1,1,1,0.125,1.3857056791728541,0.5134807190864263,1
ccp,kr-vs-kp,256,256,4,0.015625,0.771944367750951,0.9359375,304
lgbm_base,kr-vs-kp,1,1,8,0.0,0.960093896713615,0.953125,47
lgbm_quant,kr-vs-kp,1,1,8,0.0,0.960093896713615,0.953125,47
ccp,kr-vs-kp,1024,1024,4,0.0,0.008975922212476528,0.9828125,30730
ccp,mushroom,16,16,8,0.25,1.38537538144639,0.5292307692307693,16
ccp,mushroom,32,32,1,0.0625,1.2221799980216148,0.8055384615384615,38
ccp,mushroom,256,256,1,0.0078125,0.4996362827559016,0.9723076923076923,334
ccp,covtype,2,2,2,0.25,1.3857056791728541,0.5134807190864263,2
ccp,california_housing,4,4,8,0.0625,0.9889758369359558,1.009345026207535,24
ccp,mushroom,32,32,2,0.015625,0.5277350449984515,0.9661538461538461,86
ccp,kr-vs-kp,512,512,4,0.125,1.3840152631964941,0.515625,512
ccp,california_housing,64,64,8,0.125,0.8954955931108983,0.91994215390186,84
ccp,mushroom,512,512,8,0.0625,1.042858375696279,0.9396923076923077,524
ccp,california_housing,256,256,1,0.125,0.9078449424002707,0.9310302300543698,274
ccp,covtype,1,1,2,0.03125,1.3618520330087065,0.6646644234658313,3
ccp,mushroom,64,64,8,0.0078125,0.44131727830815776,0.9833846153846154,146
ccp,california_housing,128,128,1,0.015625,0.5558978951992264,0.5804537955588424,236
ccp,mushroom,128,128,4,0.125,1.38537538144639,0.5292307692307693,128
ccp,mushroom,64,64,2,0.0625,1.042858375696883,0.9396923076923077,76
ccp,kr-vs-kp,256,256,8,0.0078125,0.6232034191255368,0.9359375,332
ccp,california_housing,1,1,2,0.03125,1.2143483688997525,1.2334053825949192,7
ccp,covtype,1,1,8,0.0078125,1.3429436794967495,0.7258246344758741,5
ccp,mushroom,32,32,8,0.0,0.03972361970458897,1.0,1572
ccp,california_housing,16,16,1,0.0625,0.7880761948303172,0.8120889509935658,48
ccp,california_housing,1,1,4,0.0078125,1.183736517681566,1.2040317119891992,23
ccp,california_housing,32,32,8,0.015625,0.46482196477184273,0.4881227910449683,226
ccp,kr-vs-kp,512,512,2,0.25,1.3840152631964941,0.515625,512
ccp,kr-vs-kp,1024,1024,1,0.0078125,0.8365679243030792,0.89375,1088
ccp,mushroom,64,64,1,0.25,1.38537538144639,0.5292307692307693,64
ccp,california_housing,2,2,2,0.125,1.1583410398327174,1.1790721014269392,8
ccp,covtype,4,4,4,0.5,1.3857056791728541,0.5134807190864263,4
ccp,california_housing,16,16,2,0.015625,0.6401009961440134,0.6665490903411271,102
ccp,california_housing,2,2,1,0.5,1.3276217235799053,1.3473246598968645,2
ccp,mushroom,512,512,2,0.015625,0.5277350373645145,0.9661538461538461,566
ccp,california_housing,2,2,4,0.03125,1.0993738476981283,1.118595722701655,18
ccp,california_housing,4,4,2,0.5,1.3276217235799053,1.3473246598968645,4
ccp,covtype,16,16,2,0.0625,1.3857056791728541,0.5134807190864263,16
ccp,mushroom,128,128,2,0.25,1.38537538144639,0.5292307692307693,128
ccp,mushroom,256,256,8,0.25,1.38537538144639,0.5292307692307693,256
ccp,california_housing,8,8,1,0.0078125,0.933596014039122,0.9565027902614672,24
ccp,covtype,4,4,2,0.0,1.2459546481950408,0.728285844599537,28
ccp,california_housing,64,64,4,0.25,1.0775424914093958,1.099237091366297,72
ccp,mushroom,2,2,4,0.0078125,1.1013591090321388,0.9495384615384616,20
ccp,california_housing,1,1,1,0.0,1.2492481115084735,1.2683525644001783,3
ccp,mushroom,512,512,4,0.0078125,0.44131727830766887,0.9833846153846154,594
ccp,mushroom,2,2,1,0.125,1.38537538144639,0.5292307692307693,2
ccp,mushroom,1,1,8,0.5,1.3853753814463896,0.5292307692307693,1
ccp,mushroom,1,1,2,0.0078125,1.2550787196338495,0.912,7
ccp,mushroom,2,2,2,0.03125,1.1488304054396872,0.912,14
ccp,mushroom,4,4,2,0.125,1.38537538144639,0.5292307692307693,4
ccp,mushroom,4,4,1,0.5,1.38537538144639,0.5292307692307693,4
ccp,mushroom,4,4,4,0.03125,0.9983883108253948,0.912,22
ccp,california_housing,4,4,4,0.125,1.0555674379414286,1.0783731177162688,14
ccp,mushroom,8,8,2,0.5,1.38537538144639,0.5292307692307693,8
ccp,mushroom,64,64,4,0.015625,0.5752201865593038,0.9735384615384616,126
ccp,mushroom,4,4,8,0.0078125,0.9100289419016623,0.9396923076923077,38
ccp,mushroom,512,512,1,0.03125,0.9111181844112944,0.928,536
ccp,california_housing,8,8,8,0.25,1.0775424914093958,1.099237091366297,16
ccp,california_housing,32,32,1,0.25,1.0775424914093958,1.099237091366297,40
ccp,mushroom,8,8,4,0.125,1.38537538144639,0.5292307692307693,8
ccp,california_housing,2,2,8,0.0078125,1.0521981382114156,1.0700827057613898,56
ccp,california_housing,32,32,4,0.03125,0.6186204080045533,0.6436123456960643,122
lgbm_quant,covtype,1024,1024,2,0.0,0.5462458773388639,0.5467931120539057,7156
ccp,mushroom,16,16,1,0.0078125,0.8167013875505243,0.9624615384615385,48
ccp,covtype,1,1,4,0.0078125,1.3429436794967495,0.7258246344758741,5
ccp,mushroom,1024,1024,4,0.0625,1.042858375696279,0.9396923076923077,1036
ccp,mushroom,8,8,8,0.03125,0.7055441662540106,0.9661538461538461,42
ccp,mushroom,16,16,4,0.5,1.38537538144639,0.5292307692307693,16
ccp,california_housing,64,64,2,0.5,1.3276217235799053,1.3473246598968645,64
ccp,mushroom,256,256,4,0.5,1.38537538144639,0.5292307692307693,256
ccp,california_housing,32,32,2,0.0625,0.7746475385777153,0.7993185987404937,74
ccp,mushroom,1024,1024,2,0.125,1.38537538144639,0.5292307692307693,1024
ccp,mushroom,1024,1024,1,0.5,1.38537538144639,0.5292307692307693,1024
ccp,california_housing,8,8,4,0.5,1.3276217235799053,1.3473246598968645,8
ccp,california_housing,16,16,8,0.0,0.24311059931285411,0.3375167540653599,7640
ccp,mushroom,32,32,1,0.03125,0.9111181923788733,0.928,56
ccp,mushroom,32,32,2,0.0078125,0.40678146141016847,0.9661538461538461,110
ccp,mushroom,16,16,8,0.125,1.38537538144639,0.5292307692307693,16
ccp,california_housing,256,256,2,0.03125,0.6237775907251125,0.6493245969753374,340
ccp,california_housing,4,4,8,0.03125,0.9406915399710276,0.9613622972468039,36
ccp,mushroom,128,128,8,0.03125,0.7055434468385846,0.9661538461538461,162
ccp,covtype,16,16,1,0.125,1.3857056791728541,0.5134807190864263,16
ccp,mushroom,256,256,2,0.0,0.003034192421755641,1.0,1702
ccp,mushroom,128,128,1,0.0,0.18552506786845122,0.9858461538461538,384
ccp,kr-vs-kp,512,512,4,0.0625,1.3840152631964941,0.515625,512
ccp,covtype,8,8,2,0.0078125,1.1938989133983957,0.7284665628254003,38
ccp,california_housing,1,1,2,0.015625,1.2143483688997525,1.2334053825949192,7
ccp,mushroom,64,64,2,0.03125,0.7055434468439816,0.9661538461538461,98
ccp,kr-vs-kp,1024,1024,4,0.5,1.3840152631964941,0.515625,1024
ccp,california_housing,16,16,1,0.03125,0.7880761948303172,0.8120889509935658,48
ccp,kr-vs-kp,512,512,1,0.0,0.26417045066162687,0.9484375,1536
ccp,california_housing,1,1,8,0.0,1.1359924846957428,1.1612869544446471,485
ccp,mushroom,32,32,8,0.5,1.38537538144639,0.5292307692307693,32
ccp,california_housing,128,128,1,0.0078125,0.4794579195717079,0.5042981125408714,306
ccp,covtype,1,1,1,0.0625,1.3857056791728541,0.5134807190864263,1
ccp,mushroom,128,128,4,0.0625,1.0428583756962786,0.9396923076923077,140
ccp,california_housing,2,2,2,0.0625,1.128854475732579,1.1490472438269528,12
ccp,mushroom,64,64,1,0.125,1.38537538144639,0.5292307692307693,64
ccp,california_housing,128,128,4,0.0,0.19571128834678125,0.2484691301465584,3858
ccp,california_housing,2,2,1,0.25,1.1835332066784214,1.203122459469883,6
ccp,california_housing,512,512,1,0.5,1.3276217235799053,1.3473246598968645,512
ccp,covtype,8,8,1,0.015625,1.3000523153368984,0.7269433663502664,18
ccp,california_housing,16,16,2,0.0078125,0.6293858645930652,0.6567556073459984,112
ccp,covtype,2,2,4,0.0625,1.3857056791728541,0.5134807190864263,2
ccp,california_housing,2,2,4,0.015625,1.080819041668858,1.1005378116481757,28
ccp,california_housing,4,4,2,0.25,1.0775424914093958,1.099237091366297,12
lgbm_base,kr-vs-kp,1,1,4,0.0,0.9420970266040689,0.9359375,19
lgbm_quant,kr-vs-kp,1,1,4,0.0,0.9420970266040689,0.9359375,19
ccp,california_housing,256,256,1,0.0625,0.7760779873655176,0.8005246781885221,290
ccp,mushroom,2,2,8,0.0,1.039795806352266,1.0,104
ccp,california_housing,8,8,2,0.0,0.8000326764444609,0.8242328561242248,56
ccp,kr-vs-kp,1024,1024,2,0.0,0.06270908028979463,0.984375,7162
ccp,california_housing,1,1,1,0.5,1.3276217235799053,1.3473246598968645,1
ccp,mushroom,2,2,1,0.0625,1.2705940025610234,0.8055384615384615,6
ccp,mushroom,1,1,4,0.0,1.209033105190427,0.976,27
ccp,mushroom,1,1,8,0.25,1.3853753814463896,0.5292307692307693,1
ccp,mushroom,128,128,2,0.125,1.38537538144639,0.5292307692307693,128
ccp,mushroom,4,4,1,0.25,1.38537538144639,0.5292307692307693,4
ccp,mushroom,4,4,2,0.0625,1.0428585628798257,0.9396923076923077,16
ccp,mushroom,2,2,2,0.015625,1.1488304054396872,0.912,14
ccp,mushroom,4,4,4,0.015625,0.9020345770707211,0.9636923076923077,38
ccp,mushroom,8,8,2,0.25,1.38537538144639,0.5292307692307693,8
ccp,california_housing,4,4,4,0.0625,0.9889758369359558,1.009345026207535,24
ccp,covtype,1,1,2,0.015625,1.3429436794967495,0.7258246344758741,5
ccp,covtype,2,2,2,0.125,1.3857056791728541,0.5134807190864263,2
ccp,mushroom,8,8,1,0.0,1.028128792223235,0.9083076923076923,24
ccp,mushroom,8,8,4,0.0625,1.0428584562731997,0.9396923076923077,20
ccp,california_housing,4,4,1,0.0,1.0775424914093958,1.099237091366297,12
ccp,mushroom,16,16,2,0.0,0.3474701758169806,0.9772307692307692,112
ccp,mushroom,64,64,4,0.0078125,0.44131727830815776,0.9833846153846154,146
ccp,mushroom,8,8,8,0.015625,0.6643824498054061,0.9735384615384616,62
ccp,california_housing,32,32,1,0.125,0.9078449424002707,0.9310302300543698,50
ccp,covtype,2,2,1,0.0,1.3423918194488438,0.6662736762389956,6
ccp,mushroom,16,16,4,0.25,1.38537538144639,0.5292307692307693,16
ccp,mushroom,512,512,2,0.0078125,0.40678146137319476,0.9661538461538461,590
ccp,california_housing,8,8,8,0.125,0.9196634977505224,0.9444490191998905,26
ccp,california_housing,8,8,4,0.25,1.0775424914093958,1.099237091366297,16
ccp,mushroom,32,32,1,0.015625,0.6700321047136668,0.968,80
ccp,mushroom,16,16,8,0.0625,1.0428583906274542,0.9396923076923077,28
ccp,california_housing,32,32,2,0.03125,0.6237775907251125,0.6493245969753374,116
ccp,california_housing,32,32,8,0.0078125,0.3978378923997165,0.41810599215679173,396
ccp,mushroom,32,32,4,0.0,0.07099653654076406,0.9932307692307693,822
ccp,mushroom,512,512,1,0.015625,0.670031513982179,0.968,560
ccp,california_housing,32,32,4,0.015625,0.4826050277951361,0.5077643771778548,212
ccp,mushroom,512,512,8,0.0,2.3906428081543405e-08,1.0,7254
ccp,california_housing,4,4,8,0.015625,0.9171980167298027,0.9375563479145611,50
ccp,california_housing,64,64,2,0.25,1.0775424914093958,1.099237091366297,72
ccp,california_housing,64,64,4,0.125,0.8954955931108983,0.91994215390186,84
ccp,california_housing,1,1,2,0.0078125,1.2143483688997525,1.2334053825949192,7
ccp,mushroom,128,128,1,0.5,1.38537538144639,0.5292307692307693,128
ccp,california_housing,16,16,8,0.5,1.3276217235799053,1.3473246598968645,16
ccp,mushroom,64,64,2,0.015625,0.5277350373735152,0.9661538461538461,118
ccp,california_housing,16,16,1,0.015625,0.7880761948303172,0.8120889509935658,48
ccp,mushroom,256,256,8,0.125,1.38537538144639,0.5292307692307693,256
ccp,california_housing,1,1,8,0.5,1.3276217235799053,1.3473246598968645,1
ccp,mushroom,32,32,8,0.25,1.38537538144639,0.5292307692307693,32
ccp,mushroom,256,256,4,0.25,1.38537538144639,0.5292307692307693,256
ccp,mushroom,256,256,2,0.5,1.38537538144639,0.5292307692307693,256
ccp,california_housing,2,2,2,0.03125,1.1215593000209638,1.1404820160651208,14
ccp,california_housing,256,256,4,0.0078125,0.41578212874647286,0.4405581096238173,552
ccp,mushroom,1024,1024,1,0.25,1.38537538144639,0.5292307692307693,1024
ccp,california_housing,128,128,8,0.5,1.3276217235799053,1.3473246598968645,128
ccp,mushroom,64,64,1,0.0625,1.2221799980112962,0.8055384615384615,70
ccp,california_housing,2,2,1,0.125,1.1835332066784214,1.203122459469883,6
ccp,california_housing,64,64,8,0.0625,0.7730898222733464,0.7969584333851376,106
lgbm_base,breastcancer,2,2,4,0.0,0.6329670329670329,0.6052631578947368,30
lgbm_quant,breastcancer,2,2,4,0.0,0.6329670329670329,0.6052631578947368,30
ccp,mushroom,128,128,8,0.015625,0.575220186558577,0.9735384615384616,190
ccp,california_housing,2,2,4,0.0078125,1.0659375185309274,1.0861716130119543,42
ccp,california_housing,4,4,2,0.125,1.0555674379414286,1.0783731177162688,14
ccp,mushroom,2,2,8,0.5,1.38537538144639,0.5292307692307693,2
ccp,covtype,2,2,8,0.03125,1.36185203272237,0.6646644234658313,4
ccp,california_housing,8,8,2,0.5,1.3276217235799053,1.3473246598968645,8
ccp,mushroom,1,1,4,0.5,1.3853753814463896,0.5292307692307693,1
ccp,mushroom,1,1,8,0.125,1.3853753814463896,0.5292307692307693,1
ccp,california_housing,1,1,1,0.25,1.2492481115084735,1.2683525644001783,3
ccp,mushroom,2,2,1,0.03125,1.2705940025610234,0.8055384615384615,6
ccp,california_housing,512,512,2,0.125,0.8954955931108983,0.91994215390186,532
ccp,mushroom,128,128,4,0.03125,0.7055434468385846,0.9661538461538461,162
ccp,mushroom,4,4,4,0.0078125,0.9100289419016623,0.9396923076923077,38
ccp,mushroom,4,4,1,0.125,1.38537538144639,0.5292307692307693,4
ccp,mushroom,4,4,2,0.03125,0.9983883108253948,0.912,22
ccp,california_housing,16,16,4,0.0,0.44016551555349037,0.4690281577788899,496
ccp,mushroom,2,2,2,0.0078125,1.1488304054396872,0.912,14
ccp,kr-vs-kp,1024,1024,4,0.25,1.3840152631964941,0.515625,1024
ccp,california_housing,4,4,4,0.03125,0.9406915399710276,0.9613622972468039,36
ccp,covtype,4,4,2,0.5,1.3857056791728541,0.5134807190864263,4
ccp,mushroom,8,8,1,0.5,1.38537538144639,0.5292307692307693,8
ccp,mushroom,8,8,2,0.125,1.38537538144639,0.5292307692307693,8
ccp,mushroom,128,128,2,0.0625,1.0428583756962786,0.9396923076923077,140
ccp,mushroom,512,512,8,0.03125,0.7055434468385846,0.9661538461538461,546
ccp,mushroom,8,8,4,0.03125,0.7055441662540106,0.9661538461538461,42
ccp,california_housing,4,4,1,0.5,1.3276217235799053,1.3473246598968645,4
ccp,mushroom,8,8,8,0.0078125,0.6033705028829164,0.9735384615384616,70
ccp,mushroom,16,16,2,0.5,1.38537538144639,0.5292307692307693,16
ccp,mushroom,16,16,4,0.125,1.38537538144639,0.5292307692307693,16
ccp,california_housing,32,32,1,0.0625,0.7760779873655176,0.8005246781885221,66
ccp,mushroom,1024,1024,2,0.0625,1.042858375696279,0.9396923076923077,1036
ccp,california_housing,128,128,2,0.0,0.29506802535821774,0.3227004713099114,896
ccp,mushroom,64,64,8,0.0,0.0016023223044984581,1.0,2812
ccp,mushroom,32,32,1,0.0078125,0.5647564080244142,0.9723076923076923,96
ccp,mushroom,1024,1024,8,0.25,1.38537538144639,0.5292307692307693,1024
ccp,california_housing,8,8,4,0.125,0.9196634977505224,0.9444490191998905,26
ccp,mushroom,16,16,8,0.03125,0.7055435801505938,0.9661538461538461,50
ccp,covtype,1,1,1,0.03125,1.3618520330087065,0.6646644234658313,3
ccp,covtype,4,4,8,0.25,1.3857056791728541,0.5134807190864263,4
ccp,mushroom,32,32,4,0.5,1.38537538144639,0.5292307692307693,32
ccp,covtype,4,4,4,0.25,1.3857056791728541,0.5134807190864263,4
ccp,california_housing,256,256,1,0.03125,0.6481588438994537,0.6724471404772713,320
ccp,california_housing,64,64,1,0.0,0.528550161769513,0.5528078505201439,192
ccp,california_housing,32,32,2,0.015625,0.5023518365287484,0.5293984790290079,176
ccp,california_housing,8,8,8,0.0625,0.8370198681334124,0.858901167072935,42
ccp,california_housing,256,256,2,0.015625,0.5023518365287484,0.5293984790290079,400
ccp,california_housing,1,1,4,0.0,1.180123994522877,1.2000001119056882,31
lgbm_base,kr-vs-kp,4,4,1,0.0,0.7832550860719875,0.7546875,12
lgbm_quant,kr-vs-kp,4,4,1,0.0,0.7832550860719875,0.7546875,12
ccp,california_housing,4,4,8,0.0078125,0.8617534845298844,0.8806829597051888,108
ccp,mushroom,512,512,1,0.0078125,0.4996362827559016,0.9723076923076923,590
ccp,mushroom,128,128,1,0.25,1.38537538144639,0.5292307692307693,128
lgbm_base,kr-vs-kp,4,4,2,0.0,0.906885758998435,0.89375,26
lgbm_quant,kr-vs-kp,4,4,2,0.0,0.906885758998435,0.89375,26
ccp,california_housing,32,32,4,0.0078125,0.41578212874647286,0.4405581096238173,328
ccp,california_housing,1,1,8,0.25,1.2492481115084735,1.2683525644001783,3
ccp,covtype,1,1,8,0.0,1.3082794712687824,0.780513411874048,425
ccp,mushroom,64,64,2,0.0078125,0.40678146137323823,0.9661538461538461,142
ccp,california_housing,16,16,1,0.0078125,0.7880761948303172,0.8120889509935658,48
ccp,california_housing,2,2,2,0.015625,1.1215593000209638,1.1404820160651208,14
ccp,covtype,1,1,2,0.0078125,1.3429436794967495,0.7258246344758741,5
ccp,california_housing,64,64,2,0.125,0.8954955931108983,0.91994215390186,84
ccp,mushroom,32,32,8,0.125,1.38537538144639,0.5292307692307693,32
lgbm_base,kr-vs-kp,1,1,2,0.0,0.7832550860719875,0.7546875,7
lgbm_quant,kr-vs-kp,1,1,2,0.0,0.7832550860719875,0.7546875,7
ccp,covtype,32,32,4,0.125,1.3857056791728541,0.5134807190864263,32
lgbm_base,kr-vs-kp,2,2,8,0.0,0.9636150234741784,0.95625,90
lgbm_quant,kr-vs-kp,2,2,8,0.0,0.9636150234741784,0.95625,90
ccp,mushroom,64,64,1,0.03125,0.9111181844206884,0.928,88
ccp,california_housing,2,2,1,0.0625,1.1835332066784214,1.203122459469883,6
ccp,california_housing,4,4,2,0.0625,0.9897426552156479,1.0108455231326736,24
ccp,covtype,2,2,1,0.5,1.3857056791728541,0.5134807190864263,2
ccp,california_housing,2,2,8,0.0,0.9778812158774467,1.0081079441438667,966
ccp,mushroom,512,512,4,0.0,7.899627779597776e-09,1.0,8832
ccp,mushroom,2,2,8,0.25,1.38537538144639,0.5292307692307693,2
ccp,covtype,2,2,2,0.0625,1.3857056791728541,0.5134807190864263,2
ccp,california_housing,8,8,2,0.25,1.0775424914093958,1.099237091366297,16
ccp,mushroom,1,1,4,0.25,1.3853753814463896,0.5292307692307693,1
ccp,mushroom,256,256,2,0.25,1.38537538144639,0.5292307692307693,256
ccp,california_housing,1,1,1,0.125,1.2492481115084735,1.2683525644001783,3
ccp,mushroom,1,1,8,0.0625,1.3220381959995247,0.8055384615384615,3
ccp,covtype,8,8,1,0.0078125,1.2669819542493999,0.726779859384009,24
ccp,mushroom,4,4,8,0.0,0.8004813794343643,1.0,244
ccp,mushroom,2,2,1,0.015625,1.2705940025610234,0.8055384615384615,6
ccp,mushroom,1024,1024,4,0.03125,0.7055434468385846,0.9661538461538461,1058
ccp,mushroom,4,4,1,0.0625,1.22218000178305,0.8055384615384615,10
ccp,california_housing,512,512,1,0.25,1.0775424914093958,1.099237091366297,520
ccp,california_housing,128,128,4,0.5,1.3276217235799053,1.3473246598968645,128
ccp,mushroom,2,2,4,0.0,1.0647233475481734,0.976,54
ccp,mushroom,4,4,2,0.015625,0.960585365795928,0.912,26
ccp,california_housing,16,16,8,0.25,1.0775424914093958,1.099237091366297,24
ccp,mushroom,8,8,1,0.25,1.38537538144639,0.5292307692307693,8
ccp,mushroom,8,8,2,0.0625,1.0428584562731997,0.9396923076923077,20
ccp,california_housing,4,4,4,0.015625,0.9171980167298027,0.9375563479145611,50
ccp,california_housing,64,64,4,0.0625,0.7730898222733464,0.7969584333851376,106
ccp,california_housing,4,4,1,0.25,1.0775424914093958,1.099237091366297,12
ccp,mushroom,8,8,4,0.015625,0.6643824498054061,0.9735384615384616,62
ccp,covtype,2,2,4,0.03125,1.36185203272237,0.6646644234658313,4
ccp,mushroom,1024,1024,8,0.0625,1.042858375696279,0.9396923076923077,1036
ccp,mushroom,16,16,1,0.0,0.8167013875505243,0.9624615384615385,48
ccp,mushroom,16,16,2,0.25,1.38537538144639,0.5292307692307693,16
ccp,mushroom,128,128,2,0.03125,0.7055434468385846,0.9661538461538461,162
ccp,california_housing,16,16,4,0.5,1.3276217235799053,1.3473246598968645,16
ccp,covtype,16,16,1,0.0625,1.3857056791728541,0.5134807190864263,16
ccp,mushroom,16,16,4,0.0625,1.0428583906274542,0.9396923076923077,28
ccp,mushroom,128,128,4,0.015625,0.575220186558577,0.9735384615384616,190
ccp,mushroom,256,256,4,0.125,1.38537538144639,0.5292307692307693,256
ccp,california_housing,32,32,1,0.03125,0.6481588438994537,0.6724471404772713,96
ccp,mushroom,1024,1024,1,0.125,1.38537538144639,0.5292307692307693,1024
ccp,kin8nm,1,1,2,0.5,0.06907644570634451,0.0710960971386598,1
ccp,mushroom,128,128,8,0.0078125,0.44131727830766887,0.9833846153846154,210
ccp,mushroom,32,32,2,0.0,0.17743259902374248,0.9889230769230769,216
ccp,mushroom,16,16,8,0.015625,0.5752202045079646,0.9735384615384616,78
ccp,covtype,128,128,1,0.03125,1.3618520315016724,0.6646644234658313,130
ccp,california_housing,8,8,4,0.0625,0.8370198681334124,0.858901167072935,42
ccp,mushroom,32,32,4,0.25,1.38537538144639,0.5292307692307693,32
ccp,mushroom,64,64,8,0.5,1.38537538144639,0.5292307692307693,64
ccp,mushroom,1024,1024,8,0.015625,0.5752201865585772,0.9735384615384616,1086
ccp,mushroom,256,256,8,0.0625,1.0428583756962786,0.9396923076923077,268
ccp,california_housing,8,8,1,0.0,0.933596014039122,0.9565027902614672,24
ccp,california_housing,1,1,4,0.5,1.3276217235799053,1.3473246598968645,1
ccp,california_housing,64,64,1,0.5,1.3276217235799053,1.3473246598968645,64
ccp,california_housing,32,32,2,0.0078125,0.4820588834146367,0.5105832637276754,202
ccp,covtype,16,16,2,0.03125,1.361852031565557,0.6646644234658313,18
ccp,california_housing,1,1,8,0.125,1.2492481115084735,1.2683525644001783,3
ccp,mushroom,128,128,1,0.125,1.38537538144639,0.5292307692307693,128
ccp,california_housing,8,8,8,0.03125,0.7743830393082983,0.7969009840050038,62
ccp,california_housing,2,2,2,0.0078125,1.1215593000209638,1.1404820160651208,14
ccp,california_housing,16,16,2,0.0,0.6293858645930652,0.6567556073459984,112
ccp,kin8nm,1,1,4,0.125,0.06907644570634451,0.0710960971386598,1
ccp,mushroom,64,64,4,0.0,0.0076689397232184535,1.0,1564
ccp,california_housing,2,2,1,0.03125,1.1835332066784214,1.203122459469883,6
ccp,california_housing,128,128,2,0.5,1.3276217235799053,1.3473246598968645,128
ccp,mushroom,64,64,1,0.015625,0.6700315146786484,0.968,112
ccp,kin8nm,1,1,8,0.03125,0.06907644570634451,0.0710960971386598,1
ccp,california_housing,4,4,2,0.03125,0.9758451028475328,0.9957517452367655,28
ccp,kin8nm,2,2,1,0.0078125,0.06357741661419214,0.06550803834709315,6
ccp,mushroom,32,32,8,0.0625,1.0428583762089703,0.9396923076923077,44
ccp,kin8nm,2,2,4,0.5,0.06907644570634451,0.0710960971386598,2
ccp,california_housing,2,2,8,0.5,1.3276217235799053,1.3473246598968645,2
ccp,california_housing,1,1,1,0.0625,1.2492481115084735,1.2683525644001783,3
ccp,california_housing,8,8,2,0.125,0.9196634977505224,0.9444490191998905,26
ccp,mushroom,512,512,8,0.5,1.38537538144639,0.5292307692307693,512
ccp,covtype,1,1,1,0.015625,1.3618520330087065,0.6646644234658313,3
ccp,kin8nm,2,2,8,0.125,0.06907644570634451,0.0710960971386598,2
ccp,kin8nm,4,4,1,0.03125,0.06907644570634451,0.0710960971386598,4
ccp,kin8nm,4,4,2,0.0078125,0.05984587394193814,0.06158528656045845,12
ccp,kin8nm,8,8,2,0.03125,0.06907644570634451,0.0710960971386598,8
ccp,kin8nm,8,8,1,0.125,0.06907644570634451,0.0710960971386598,8
ccp,california_housing,256,256,1,0.015625,0.5558978951992264,0.5804537955588424,364
ccp,california_housing,64,64,2,0.0625,0.7746475385777153,0.7993185987404937,106
ccp,kin8nm,4,4,8,0.5,0.06907644570634451,0.0710960971386598,4
ccp,california_housing,4,4,4,0.0078125,0.8874861665529779,0.9090300981483299,80
ccp,kin8nm,8,8,4,0.0078125,0.05984587394193814,0.06158528656045845,16
ccp,california_housing,4,4,1,0.125,1.0775424914093958,1.099237091366297,12
ccp,covtype,4,4,2,0.25,1.3857056791728541,0.5134807190864263,4
ccp,kin8nm,16,16,1,0.5,0.06907644570634451,0.0710960971386598,16
ccp,mushroom,512,512,2,0.0,8.774705198384809e-05,1.0,3492
ccp,mushroom,256,256,2,0.125,1.38537538144639,0.5292307692307693,256
ccp,kin8nm,16,16,2,0.125,0.06907644570634451,0.0710960971386598,16
ccp,mushroom,1024,1024,2,0.03125,0.7055434468385846,0.9661538461538461,1058
ccp,california_housing,64,64,8,0.03125,0.6186204080045533,0.6436123456960643,154
ccp,kin8nm,16,16,4,0.03125,0.06907644570634451,0.0710960971386598,16
ccp,kin8nm,32,32,2,0.5,0.06907644570634451,0.0710960971386598,32
ccp,mushroom,128,128,2,0.015625,0.5277350373645145,0.9661538461538461,182
ccp,california_housing,16,16,4,0.25,1.0775424914093958,1.099237091366297,24
ccp,kin8nm,1,1,2,0.25,0.06907644570634451,0.0710960971386598,1
ccp,california_housing,32,32,1,0.015625,0.6481588438994537,0.6724471404772713,96
ccp,kin8nm,16,16,8,0.0078125,0.05984587394193814,0.06158528656045845,24
ccp,kin8nm,32,32,4,0.125,0.06907644570634451,0.0710960971386598,32
lgbm_base,kr-vs-kp,2,2,4,0.0,0.9420970266040689,0.9359375,36
lgbm_quant,kr-vs-kp,2,2,4,0.0,0.9420970266040689,0.9359375,36
ccp,california_housing,16,16,8,0.125,0.8954955931108983,0.91994215390186,36
ccp,kin8nm,64,64,1,0.0078125,0.05984587394193814,0.06158528656045845,72
ccp,california_housing,512,512,4,0.03125,0.6186204080045533,0.6436123456960643,602
ccp,mushroom,128,128,4,0.0078125,0.44131727830766887,0.9833846153846154,210
ccp,california_housing,8,8,4,0.03125,0.7743830393082983,0.7969009840050038,62
ccp,mushroom,256,256,1,0.0,0.08803691390990147,0.9895384615384616,768
ccp,california_housing,32,32,8,0.0,0.13393405144817794,0.25558554040979214,14600
ccp,california_housing,1,1,4,0.25,1.2492481115084735,1.2683525644001783,3
ccp,california_housing,8,8,1,0.5,1.3276217235799053,1.3473246598968645,8
ccp,covtype,2,2,1,0.25,1.3857056791728541,0.5134807190864263,2
ccp,mushroom,64,64,8,0.25,1.38537538144639,0.5292307692307693,64
ccp,covtype,1,1,4,0.0,1.3308126290478077,0.7428293589666359,31
ccp,covtype,16,16,4,0.015625,1.2654040031053395,0.728285844599537,30
ccp,kin8nm,32,32,8,0.03125,0.06907644570634451,0.0710960971386598,32
ccp,california_housing,1,1,8,0.0625,1.2143483688997525,1.2334053825949192,7
ccp,california_housing,2,2,4,0.0,1.0584294270392023,1.0799527412030618,62
ccp,kin8nm,64,64,4,0.5,0.06907644570634451,0.0710960971386598,64
ccp,california_housing,64,64,4,0.03125,0.6186204080045533,0.6436123456960643,154
ccp,california_housing,256,256,2,0.0078125,0.43508097326409745,0.4632241343489626,470
ccp,mushroom,128,128,1,0.0625,1.222179998011284,0.8055384615384615,134
ccp,kin8nm,1,1,4,0.0625,0.06907644570634451,0.0710960971386598,1
lgbm_base,kr-vs-kp,4,4,4,0.0,0.9420970266040689,0.9359375,74
lgbm_quant,kr-vs-kp,4,4,4,0.0,0.9420970266040689,0.9359375,74
ccp,california_housing,64,64,1,0.25,1.0775424914093958,1.099237091366297,72
ccp,covtype,2,2,2,0.03125,1.36185203272237,0.6646644234658313,4
ccp,mushroom,256,256,4,0.0625,1.0428583756962786,0.9396923076923077,268
ccp,california_housing,16,16,2,0.5,1.3276217235799053,1.3473246598968645,16
ccp,california_housing,2,2,1,0.015625,1.1835332066784214,1.203122459469883,6
ccp,kin8nm,1,1,8,0.015625,0.06605257365749215,0.06805826396514195,3
ccp,kin8nm,2,2,2,0.0,0.06185376505224857,0.06409530018482515,14
ccp,kin8nm,2,2,4,0.25,0.06907644570634451,0.0710960971386598,2
ccp,covtype,8,8,4,0.0,1.1177538707152013,0.7577429154152646,248
ccp,california_housing,4,4,2,0.015625,0.9758451028475328,0.9957517452367655,28
ccp,california_housing,8,8,8,0.015625,0.6968110149635782,0.7193580983984895,102
ccp,mushroom,1024,1024,1,0.0625,1.2221799980112842,0.8055384615384615,1030
ccp,california_housing,2,2,8,0.25,1.1835332066784214,1.203122459469883,6
ccp,california_housing,32,32,4,0.0,0.3162817446587982,0.3499267907248849,988
ccp,kin8nm,128,128,1,0.03125,0.06907644570634451,0.0710960971386598,128
ccp,mushroom,512,512,8,0.015625,0.5752201865585771,0.9735384615384616,574
ccp,california_housing,1,1,1,0.03125,1.2492481115084735,1.2683525644001783,3
ccp,california_housing,8,8,2,0.0625,0.8384882132720829,0.8612213975396221,42
ccp,kin8nm,2,2,8,0.0625,0.06907644570634451,0.0710960971386598,2
ccp,kin8nm,4,4,1,0.015625,0.06605257365749215,0.06805826396514195,6
ccp,mushroom,512,512,4,0.5,1.38537538144639,0.5292307692307693,512
ccp,kin8nm,4,4,4,0.0,0.05312622684008645,0.0559587715010049,124
ccp,kin8nm,8,8,1,0.0625,0.06907644570634451,0.0710960971386598,8
ccp,kin8nm,8,8,2,0.015625,0.06605257365749215,0.06805826396514195,10
ccp,kin8nm,4,4,8,0.25,0.06907644570634451,0.0710960971386598,4
ccp,covtype,8,8,8,0.0,0.9989208453568227,0.8133611008321644,3772
ccp,covtype,32,32,2,0.25,1.3857056791728541,0.5134807190864263,32
ccp,kin8nm,128,128,2,0.0078125,0.05984587394193814,0.06158528656045845,136
ccp,covtype,1,1,8,0.5,1.3857056791728541,0.5134807190864263,1
ccp,california_housing,4,4,1,0.0625,1.0775424914093958,1.099237091366297,12
ccp,kin8nm,16,16,1,0.25,0.06907644570634451,0.0710960971386598,16
ccp,covtype,2,2,8,0.015625,1.3075991268933296,0.728285844599537,10
ccp,california_housing,4,4,8,0.0,0.7384310156378937,0.7787308695643543,1934
ccp,kin8nm,8,8,8,0.0,0.02786262534705606,0.037181736738650994,3984
ccp,covtype,4,4,4,0.125,1.3857056791728541,0.5134807190864263,4
ccp,kin8nm,16,16,2,0.0625,0.06907644570634451,0.0710960971386598,16
ccp,california_housing,512,512,1,0.125,0.9078449424002707,0.9310302300543698,530
ccp,covtype,2,2,4,0.015625,1.3075991268933296,0.728285844599537,10
ccp,california_housing,128,128,4,0.25,1.0775424914093958,1.099237091366297,136
ccp,kin8nm,32,32,2,0.25,0.06907644570634451,0.0710960971386598,32
ccp,california_housing,512,512,2,0.0625,0.7746475385777153,0.7993185987404937,554
ccp,kin8nm,16,16,4,0.015625,0.06605257365749215,0.06805826396514195,18
ccp,kin8nm,1,1,2,0.125,0.06907644570634451,0.0710960971386598,1
ccp,kin8nm,64,64,8,0.125,0.06907644570634451,0.0710960971386598,64
ccp,california_housing,32,32,1,0.0078125,0.6481588438994537,0.6724471404772713,96
ccp,california_housing,64,64,2,0.03125,0.6237775907251125,0.6493245969753374,148
ccp,california_housing,128,128,2,0.25,1.0775424914093958,1.099237091366297,136
ccp,kin8nm,32,32,1,0.0,0.04667459486479712,0.04860858531332657,96
ccp,mushroom,256,256,2,0.0625,1.0428583756962786,0.9396923076923077,268
ccp,mushroom,256,256,8,0.03125,0.7055434468385846,0.9661538461538461,290
ccp,california_housing,16,16,4,0.125,0.8954955931108983,0.91994215390186,36
ccp,california_housing,1024,1024,2,0.5,1.3276217235799053,1.3473246598968645,1024
ccp,kin8nm,32,32,4,0.0625,0.06907644570634451,0.0710960971386598,32
ccp,kin8nm,256,256,1,0.125,0.06907644570634451,0.0710960971386598,256
ccp,california_housing,8,8,4,0.015625,0.7131281043415201,0.7348221758784182,94
ccp,kin8nm,64,64,2,0.0,0.034617000264753055,0.03791559775591552,448
ccp,california_housing,8,8,1,0.25,1.0775424914093958,1.099237091366297,16
ccp,covtype,1,1,1,0.0078125,1.3618520330087065,0.6646644234658313,3
ccp,mushroom,256,256,1,0.5,1.38537538144639,0.5292307692307693,256
ccp,california_housing,256,256,1,0.0078125,0.4794579195717079,0.5042981125408714,434
ccp,mushroom,512,512,2,0.5,1.38537538144639,0.5292307692307693,512
ccp,covtype,8,8,2,0.0,1.174869532091979,0.7288968443155512,56
ccp,kin8nm,1,1,4,0.03125,0.06907644570634451,0.0710960971386598,1
ccp,mushroom,128,128,8,0.0,2.661176679364337e-06,1.0,5306
ccp,california_housing,16,16,8,0.0625,0.7730898222733464,0.7969584333851376,58
ccp,kin8nm,2,2,2,0.5,0.06907644570634451,0.0710960971386598,2
ccp,covtype,16,16,1,0.03125,1.361852031565557,0.6646644234658313,18
ccp,kin8nm,1,1,8,0.0078125,0.06605257365749215,0.06805826396514195,3
ccp,california_housing,16,16,2,0.25,1.0775424914093958,1.099237091366297,24
ccp,kin8nm,2,2,4,0.125,0.06907644570634451,0.0710960971386598,2
ccp,kin8nm,256,256,2,0.03125,0.06907644570634451,0.0710960971386598,256
ccp,california_housing,1,1,1,0.015625,1.2492481115084735,1.2683525644001783,3
ccp,california_housing,64,64,1,0.125,0.9078449424002707,0.9310302300543698,82
ccp,california_housing,128,128,8,0.25,1.0775424914093958,1.099237091366297,136
ccp,kin8nm,32,32,8,0.015625,0.06605257365749215,0.06805826396514195,34
ccp,kin8nm,2,2,8,0.03125,0.06907644570634451,0.0710960971386598,2
ccp,kin8nm,4,4,1,0.0078125,0.05984587394193814,0.06158528656045845,12
ccp,kin8nm,64,64,4,0.25,0.06907644570634451,0.0710960971386598,64
ccp,kin8nm,8,8,1,0.03125,0.06907644570634451,0.0710960971386598,8
ccp,kin8nm,8,8,2,0.0078125,0.05984587394193814,0.06158528656045845,16
ccp,kin8nm,4,4,4,0.5,0.06907644570634451,0.0710960971386598,4
ccp,mushroom,1024,1024,4,0.015625,0.5752201865585772,0.9735384615384616,1086
ccp,kin8nm,128,128,1,0.015625,0.06605257365749215,0.06805826396514195,130
ccp,california_housing,8,8,8,0.0078125,0.6319990248935268,0.6541489757283198,198
ccp,kin8nm,4,4,8,0.125,0.06907644570634451,0.0710960971386598,4
ccp,kin8nm,16,16,1,0.125,0.06907644570634451,0.0710960971386598,16
ccp,kin8nm,512,512,1,0.5,0.06907644570634451,0.0710960971386598,512
ccp,kin8nm,16,16,2,0.03125,0.06907644570634451,0.0710960971386598,16
ccp,covtype,4,4,2,0.125,1.3857056791728541,0.5134807190864263,4
ccp,mushroom,1024,1024,2,0.015625,0.5277350373645143,0.9661538461538461,1078
ccp,kin8nm,128,128,8,0.5,0.06907644570634451,0.0710960971386598,128
ccp,california_housing,32,32,4,0.5,1.3276217235799053,1.3473246598968645,32
ccp,kin8nm,8,8,8,0.5,0.06907644570634451,0.0710960971386598,8
ccp,kin8nm,1,1,2,0.0625,0.06907644570634451,0.0710960971386598,1
ccp,mushroom,256,256,4,0.03125,0.7055434468385846,0.9661538461538461,290
ccp,california_housing,32,32,8,0.5,1.3276217235799053,1.3473246598968645,32
ccp,covtype,2,2,1,0.125,1.3857056791728541,0.5134807190864263,2
ccp,kin8nm,16,16,4,0.0078125,0.05984587394193814,0.06158528656045845,24
ccp,california_housing,64,64,4,0.015625,0.4826050277951361,0.5077643771778548,244
ccp,kin8nm,32,32,2,0.125,0.06907644570634451,0.0710960971386598,32
ccp,kin8nm,32,32,1,0.5,0.06907644570634451,0.0710960971386598,32
ccp,california_housing,32,32,2,0.0,0.4727325643616346,0.5002308932303353,224
ccp,covtype,1,1,4,0.5,1.3857056791728541,0.5134807190864263,1
ccp,california_housing,16,16,4,0.0625,0.7730898222733464,0.7969584333851376,58
ccp,mushroom,1024,1024,1,0.03125,0.9111181844112944,0.928,1048
ccp,wine,1,1,2,0.5,1.2802360586551225,0.45076923076923076,7
ccp,mushroom,512,512,8,0.25,1.38537538144639,0.5292307692307693,512
ccp,kin8nm,32,32,4,0.03125,0.06907644570634451,0.0710960971386598,32
ccp,wine,1,1,4,0.125,1.2802360586551225,0.45076923076923076,7
ccp,covtype,2,2,2,0.015625,1.3075991268933296,0.728285844599537,10
ccp,california_housing,64,64,2,0.015625,0.5023518365287484,0.5293984790290079,208
ccp,kin8nm,128,128,4,0.0,0.017516620842526556,0.02595263390828992,3724
ccp,kin8nm,256,256,4,0.0078125,0.05984587394193814,0.06158528656045845,264
ccp,mushroom,256,256,1,0.25,1.38537538144639,0.5292307692307693,256
ccp,kin8nm,64,64,2,0.5,0.06907644570634451,0.0710960971386598,64
ccp,california_housing,64,64,8,0.015625,0.46482196477184273,0.4881227910449683,258
ccp,kin8nm,1,1,4,0.015625,0.06605257365749215,0.06805826396514195,3
ccp,kin8nm,256,256,1,0.0625,0.06907644570634451,0.0710960971386598,256
ccp,kin8nm,2,2,2,0.25,0.06907644570634451,0.0710960971386598,2
ccp,kin8nm,2,2,1,0.0,0.06357741661419214,0.06550803834709315,6
ccp,kin8nm,2,2,4,0.0625,0.06907644570634451,0.0710960971386598,2
ccp,kin8nm,512,512,2,0.125,0.06907644570634451,0.0710960971386598,512
ccp,wine,1,1,8,0.03125,1.2802360586551225,0.45076923076923076,7
ccp,california_housing,1,1,1,0.0078125,1.2492481115084735,1.2683525644001783,3
ccp,kin8nm,4,4,2,0.0,0.05686640512438554,0.0591578996875376,28
ccp,california_housing,128,128,2,0.125,0.8954955931108983,0.91994215390186,148
ccp,kin8nm,2,2,8,0.015625,0.06605257365749215,0.06805826396514195,4
ccp,kin8nm,64,64,8,0.0625,0.06907644570634451,0.0710960971386598,64
ccp,kin8nm,8,8,4,0.0,0.04441145124895808,0.04777073277324074,248
ccp,kin8nm,8,8,1,0.015625,0.06605257365749215,0.06805826396514195,10
ccp,kin8nm,4,4,4,0.25,0.06907644570634451,0.0710960971386598,4
ccp,california_housing,64,64,1,0.0625,0.7760779873655176,0.8005246781885221,98
ccp,kin8nm,16,16,1,0.0625,0.06907644570634451,0.0710960971386598,16
ccp,california_housing,16,16,1,0.0,0.7880761948303172,0.8120889509935658,48
ccp,mushroom,512,512,2,0.25,1.38537538144639,0.5292307692307693,512
ccp,mushroom,512,512,4,0.25,1.38537538144639,0.5292307692307693,512
ccp,kin8nm,4,4,8,0.0625,0.06907644570634451,0.0710960971386598,4
ccp,kin8nm,128,128,1,0.0078125,0.05984587394193814,0.06158528656045845,136
ccp,california_housing,16,16,8,0.03125,0.6247914149046215,0.6493331263620207,104
ccp,kin8nm,1,1,2,0.03125,0.06907644570634451,0.0710960971386598,1
ccp,kin8nm,16,16,2,0.015625,0.06605257365749215,0.06805826396514195,18
ccp,kin8nm,8,8,8,0.25,0.06907644570634451,0.0710960971386598,8
ccp,kin8nm,32,32,8,0.0078125,0.05984587394193814,0.06158528656045845,40
ccp,kin8nm,64,64,4,0.125,0.06907644570634451,0.0710960971386598,64
ccp,covtype,1,1,2,0.0,1.3405393318375385,0.7258246344758741,7
ccp,kin8nm,32,32,1,0.25,0.06907644570634451,0.0710960971386598,32
ccp,kin8nm,32,32,2,0.0625,0.06907644570634451,0.0710960971386598,32
ccp,mushroom,256,256,8,0.015625,0.5752201865585771,0.9735384615384616,318
ccp,wine,2,2,1,0.0078125,1.247079827355302,0.45076923076923076,22
ccp,covtype,16,16,2,0.015625,1.2654040031053395,0.728285844599537,30
ccp,wine,2,2,4,0.5,1.2802360586551225,0.45076923076923076,14
ccp,kin8nm,256,256,2,0.015625,0.06605257365749215,0.06805826396514195,258
ccp,covtype,2,2,4,0.0078125,1.3075991268933296,0.728285844599537,10
ccp,california_housing,512,512,1,0.0625,0.7760779873655176,0.8005246781885221,546
ccp,kin8nm,16,16,8,0.0,0.014051507781181295,0.026044780011142337,7878
ccp,california_housing,128,128,4,0.125,0.8954955931108983,0.91994215390186,148
ccp,wine,1,1,2,0.25,1.2802360586551225,0.45076923076923076,7
ccp,california_housing,32,32,4,0.25,1.0775424914093958,1.099237091366297,40
ccp,wine,4,4,1,0.03125,1.2802360586551225,0.45076923076923076,28
ccp,wine,1,1,4,0.0625,1.2802360586551225,0.45076923076923076,7
ccp,wine,2,2,8,0.125,1.2802360586551225,0.45076923076923076,14
ccp,kin8nm,32,32,4,0.015625,0.06605257365749215,0.06805826396514195,34
ccp,kin8nm,1,1,4,0.0078125,0.06605257365749215,0.06805826396514195,3
lgbm_base,kr-vs-kp,8,8,8,0.0,0.9694835680751174,0.9625,364
lgbm_quant,kr-vs-kp,8,8,8,0.0,0.9694835680751174,0.9625,364
ccp,covtype,1,1,8,0.25,1.3857056791728541,0.5134807190864263,1
ccp,kin8nm,512,512,1,0.25,0.06907644570634451,0.0710960971386598,512
ccp,wine,4,4,2,0.0078125,1.2185374111238778,0.5376923076923077,48
ccp,covtype,4,4,8,0.125,1.3857056791728541,0.5134807190864263,4
ccp,california_housing,256,256,2,0.0,0.2567798118447981,0.2879488369422081,1790
ccp,kin8nm,2,2,2,0.125,0.06907644570634451,0.0710960971386598,2
ccp,kin8nm,2,2,1,0.5,0.06907644570634451,0.0710960971386598,2
ccp,kin8nm,2,2,4,0.03125,0.06907644570634451,0.0710960971386598,2
ccp,kin8nm,64,64,2,0.25,0.06907644570634451,0.0710960971386598,64
ccp,mushroom,256,256,4,0.015625,0.5752201865585771,0.9735384615384616,318
ccp,wine,1,1,8,0.015625,1.2697513967390586,0.45076923076923076,9
ccp,california_housing,1,1,2,0.0,1.2143483688997525,1.2334053825949192,7
ccp,kin8nm,8,8,1,0.0078125,0.05984587394193814,0.06158528656045845,16
ccp,kin8nm,4,4,2,0.5,0.06907644570634451,0.0710960971386598,4
ccp,california_housing,64,64,2,0.0078125,0.43508097326409745,0.4632241343489626,278
ccp,kin8nm,2,2,8,0.0078125,0.06357741661419214,0.06550803834709315,6
ccp,kin8nm,8,8,4,0.5,0.06907644570634451,0.0710960971386598,8
ccp,california_housing,64,64,4,0.0078125,0.41578212874647286,0.4405581096238173,360
ccp,kin8nm,4,4,4,0.125,0.06907644570634451,0.0710960971386598,4
ccp,covtype,4,4,4,0.0625,1.3857056791728541,0.5134807190864263,4
ccp,covtype,2,2,1,0.0625,1.3857056791728541,0.5134807190864263,2
ccp,kin8nm,256,256,1,0.03125,0.06907644570634451,0.0710960971386598,256
ccp,california_housing,256,256,8,0.0,0.02407199856495668,0.21065743480630947,81320
ccp,kin8nm,512,512,4,0.03125,0.06907644570634451,0.0710960971386598,512
ccp,kin8nm,16,16,1,0.03125,0.06907644570634451,0.0710960971386598,16
ccp,kin8nm,1,1,2,0.015625,0.06605257365749215,0.06805826396514195,3
ccp,wine,8,8,1,0.125,1.2802360586551225,0.45076923076923076,56
ccp,kin8nm,4,4,8,0.03125,0.06907644570634451,0.0710960971386598,4
ccp,covtype,16,16,8,0.0078125,1.1938987602554685,0.7284665628254003,46
ccp,california_housing,64,64,1,0.03125,0.6481588438994537,0.6724471404772713,128
ccp,california_housing,32,32,8,0.25,1.0775424914093958,1.099237091366297,40
ccp,kin8nm,16,16,2,0.0078125,0.05984587394193814,0.06158528656045845,24
ccp,wine,4,4,8,0.5,1.2802360586551225,0.45076923076923076,28
ccp,kin8nm,64,64,1,0.0,0.04267408461632692,0.04471594340813049,192
ccp,mushroom,1024,1024,1,0.015625,0.670031513982179,0.968,1072
ccp,california_housing,256,256,4,0.0,0.15630337521504353,0.22646239944784735,7696
ccp,kin8nm,1024,1024,2,0.5,0.06907644570634451,0.0710960971386598,1024
ccp,kin8nm,8,8,8,0.125,0.06907644570634451,0.0710960971386598,8
ccp,kin8nm,128,128,4,0.5,0.06907644570634451,0.0710960971386598,128
ccp,covtype,1,1,4,0.25,1.3857056791728541,0.5134807190864263,1
ccp,mushroom,1024,1024,2,0.0078125,0.4067814613731949,0.9661538461538461,1102
ccp,kin8nm,32,32,1,0.125,0.06907644570634451,0.0710960971386598,32
ccp,wine,8,8,2,0.03125,1.2802360586551225,0.45076923076923076,56
ccp,kin8nm,32,32,2,0.03125,0.06907644570634451,0.0710960971386598,32
ccp,wine,2,2,2,0.0,1.208830213167656,0.5346153846153846,98
ccp,covtype,4,4,2,0.0625,1.3857056791728541,0.5134807190864263,4
ccp,covtype,8,8,2,0.5,1.3857056791728541,0.5134807190864263,8
ccp,kin8nm,128,128,2,0.0,0.03131476023609996,0.03531681019114979,896
ccp,wine,1,1,2,0.125,1.2802360586551225,0.45076923076923076,7
ccp,wine,2,2,4,0.25,1.2802360586551225,0.45076923076923076,14
ccp,kin8nm,64,64,4,0.0625,0.06907644570634451,0.0710960971386598,64
ccp,covtype,2,2,2,0.0078125,1.3075991268933296,0.728285844599537,10
ccp,wine,4,4,1,0.015625,1.2464728080327925,0.45076923076923076,36
ccp,california_housing,128,128,2,0.0625,0.7746475385777153,0.7993185987404937,170
ccp,california_housing,16,16,8,0.015625,0.524791594416915,0.5471211625009609,176
ccp,covtype,2,2,8,0.0078125,1.3075991268933296,0.728285844599537,10
ccp,wine,1,1,4,0.03125,1.2802360586551225,0.45076923076923076,7
ccp,covtype,16,16,1,0.015625,1.3000523084842983,0.7269433663502664,26
ccp,kin8nm,16,16,8,0.5,0.06907644570634451,0.0710960971386598,16
ccp,wine,8,8,4,0.0078125,1.1981698046519678,0.5484615384615384,86
ccp,kin8nm,128,128,8,0.25,0.06907644570634451,0.0710960971386598,128
lgbm_base,kr-vs-kp,8,8,4,0.0,0.9420970266040689,0.9359375,142
lgbm_quant,kr-vs-kp,8,8,4,0.0,0.9420970266040689,0.9359375,142
ccp,wine,2,2,8,0.0625,1.2802360586551225,0.45076923076923076,14
ccp,kin8nm,64,64,8,0.03125,0.06907644570634451,0.0710960971386598,64
ccp,kin8nm,1,1,8,0.0,0.0604643973514706,0.06371774689878172,495
ccp,kin8nm,2,2,2,0.0625,0.06907644570634451,0.0710960971386598,2
ccp,california_housing,512,512,2,0.03125,0.6237775907251125,0.6493245969753374,596
ccp,wine,4,4,4,0.0,1.1005996073146604,0.5492307692307692,792
ccp,kin8nm,2,2,4,0.015625,0.06605257365749215,0.06805826396514195,4
ccp,kin8nm,2,2,1,0.25,0.06907644570634451,0.0710960971386598,2
ccp,covtype,64,64,2,0.0,1.005264262898668,0.7620371246869703,448
ccp,kin8nm,32,32,4,0.0078125,0.05984587394193814,0.06158528656045845,40
ccp,wine,1,1,8,0.0078125,1.2583235458549988,0.45076923076923076,13
ccp,kin8nm,4,4,2,0.25,0.06907644570634451,0.0710960971386598,4
ccp,kin8nm,4,4,1,0.0,0.05984587394193814,0.06158528656045845,12
ccp,kin8nm,8,8,2,0.0,0.050999024818822375,0.05313977848855265,56
ccp,kin8nm,64,64,2,0.125,0.06907644570634451,0.0710960971386598,64
ccp,kin8nm,256,256,2,0.0078125,0.05984587394193814,0.06158528656045845,264
ccp,kin8nm,8,8,4,0.25,0.06907644570634451,0.0710960971386598,8
ccp,kin8nm,512,512,2,0.0625,0.06907644570634451,0.0710960971386598,512
ccp,wine,16,16,1,0.5,1.2802360586551225,0.45076923076923076,112
ccp,kin8nm,4,4,4,0.0625,0.06907644570634451,0.0710960971386598,4
ccp,kin8nm,16,16,1,0.015625,0.06605257365749215,0.06805826396514195,18
ccp,covtype,8,8,4,0.5,1.3857056791728541,0.5134807190864263,8
ccp,kin8nm,1,1,2,0.0078125,0.06605257365749215,0.06805826396514195,3
ccp,mushroom,512,512,4,0.125,1.38537538144639,0.5292307692307693,512
ccp,wine,8,8,1,0.0625,1.2802360586551225,0.45076923076923076,56
ccp,kin8nm,4,4,8,0.015625,0.06605257365749215,0.06805826396514195,6
ccp,mushroom,1024,1024,4,0.0078125,0.44131727830766876,0.9833846153846154,1106
ccp,kin8nm,16,16,4,0.0,0.03601031015118746,0.03975348428286678,496
ccp,kin8nm,64,64,1,0.5,0.06907644570634451,0.0710960971386598,64
ccp,kin8nm,512,512,1,0.125,0.06907644570634451,0.0710960971386598,512
ccp,california_housing,64,64,8,0.0078125,0.3978378923997165,0.41810599215679173,428
ccp,california_housing,64,64,1,0.015625,0.5558978951992264,0.5804537955588424,172
ccp,kin8nm,256,256,1,0.015625,0.06605257365749215,0.06805826396514195,258
ccp,wine,2,2,2,0.5,1.2802360586551225,0.45076923076923076,14
ccp,mushroom,256,256,8,0.0078125,0.44131727830766887,0.9833846153846154,338
ccp,kin8nm,8,8,8,0.0625,0.06907644570634451,0.0710960971386598,8
ccp,wine,4,4,8,0.25,1.2802360586551225,0.45076923076923076,28
lgbm_base,kr-vs-kp,8,8,2,0.0,0.906885758998435,0.89375,52
lgbm_quant,kr-vs-kp,8,8,2,0.0,0.906885758998435,0.89375,52
ccp,wine,8,8,2,0.015625,1.2464725458357708,0.45076923076923076,64
ccp,kin8nm,32,32,1,0.0625,0.06907644570634451,0.0710960971386598,32
ccp,wine,1,1,2,0.0625,1.2802360586551225,0.45076923076923076,7
ccp,kin8nm,32,32,2,0.015625,0.06605257365749215,0.06805826396514195,34
ccp,wine,2,2,4,0.125,1.2802360586551225,0.45076923076923076,14
ccp,wine,4,4,1,0.0078125,1.2289051872380534,0.45076923076923076,42
ccp,wine,16,16,2,0.125,1.2802360586551225,0.45076923076923076,112
ccp,california_housing,64,64,4,0.0,0.2407776309745979,0.28070785788162284,1966
ccp,wine,1,1,4,0.015625,1.2697513967390586,0.45076923076923076,9
ccp,california_housing,128,128,4,0.0625,0.7730898222733464,0.7969584333851376,170
ccp,california_housing,512,512,1,0.03125,0.6481588438994537,0.6724471404772713,576
ccp,kin8nm,1,1,8,0.5,0.06907644570634451,0.0710960971386598,1
ccp,kin8nm,128,128,2,0.5,0.06907644570634451,0.0710960971386598,128
ccp,kin8nm,2,2,2,0.03125,0.06907644570634451,0.0710960971386598,2
ccp,kin8nm,2,2,1,0.125,0.06907644570634451,0.0710960971386598,2
ccp,wine,2,2,8,0.03125,1.2802360586551225,0.45076923076923076,14
ccp,kin8nm,2,2,4,0.0078125,0.06357741661419214,0.06550803834709315,6
ccp,kin8nm,16,16,8,0.25,0.06907644570634451,0.0710960971386598,16
ccp,wine,4,4,4,0.5,1.2802360586551225,0.45076923076923076,28
ccp,covtype,2,2,1,0.03125,1.36185203272237,0.6646644234658313,4
ccp,wine,16,16,4,0.03125,1.2802360586551225,0.45076923076923076,112
ccp,kin8nm,64,64,4,0.03125,0.06907644570634451,0.0710960971386598,64
ccp,kin8nm,128,128,4,0.25,0.06907644570634451,0.0710960971386598,128
ccp,kin8nm,8,8,2,0.5,0.06907644570634451,0.0710960971386598,8
ccp,wine,2,2,1,0.0,1.2321541419751805,0.45076923076923076,42
ccp,kin8nm,4,4,2,0.125,0.06907644570634451,0.0710960971386598,4
ccp,mushroom,1024,1024,1,0.0078125,0.4996362827559016,0.9723076923076923,1102
ccp,kin8nm,4,4,1,0.5,0.06907644570634451,0.0710960971386598,4
ccp,california_housing,256,256,2,0.5,1.3276217235799053,1.3473246598968645,256
ccp,kin8nm,4,4,4,0.03125,0.06907644570634451,0.0710960971386598,4
ccp,wine,8,8,8,0.0,0.6559767288016554,0.6184615384615385,14642
ccp,kin8nm,8,8,4,0.125,0.06907644570634451,0.0710960971386598,8
ccp,california_housing,32,32,8,0.125,0.8954955931108983,0.91994215390186,52
ccp,wine,16,16,1,0.25,1.2802360586551225,0.45076923076923076,112
ccp,kin8nm,64,64,2,0.0625,0.06907644570634451,0.0710960971386598,64
ccp,kin8nm,256,256,8,0.0,0.0004619339579337707,0.014798841392022038,65094
ccp,kin8nm,1,1,4,0.0,0.06403646080654649,0.06626833278445299,31
ccp,kin8nm,16,16,1,0.0078125,0.05984587394193814,0.06158528656045845,24
ccp,kin8nm,32,32,8,0.0,0.005597614696851565,0.01948797904976879,15218
ccp,mushroom,1024,1024,4,0.0,7.899627779551137e-09,1.0,9344
ccp,wine,16,16,8,0.0078125,1.194702190927368,0.5453846153846154,144
ccp,kin8nm,4,4,8,0.0078125,0.05984587394193814,0.06158528656045845,12
ccp,california_housing,128,128,2,0.03125,0.6237775907251125,0.6493245969753374,212
ccp,wine,8,8,1,0.03125,1.2802360586551225,0.45076923076923076,56
ccp,covtype,1,1,8,0.125,1.3857056791728541,0.5134807190864263,1
ccp,california_housing,512,512,4,0.015625,0.4826050277951361,0.5077643771778548,692
ccp,wine,2,2,2,0.25,1.2802360586551225,0.45076923076923076,14
ccp,kin8nm,64,64,1,0.25,0.06907644570634451,0.0710960971386598,64
ccp,kin8nm,64,64,8,0.015625,0.06605257365749215,0.06805826396514195,66
ccp,kin8nm,16,16,4,0.5,0.06907644570634451,0.0710960971386598,16
ccp,california_housing,128,128,8,0.125,0.8954955931108983,0.91994215390186,148
ccp,wine,8,8,2,0.0078125,1.1981698046519678,0.5484615384615384,86
ccp,kin8nm,8,8,8,0.03125,0.06907644570634451,0.0710960971386598,8
ccp,kin8nm,32,32,1,0.03125,0.06907644570634451,0.0710960971386598,32
ccp,wine,1,1,2,0.03125,1.2802360586551225,0.45076923076923076,7
ccp,covtype,4,4,1,0.0,1.3130523017514568,0.6662736762389956,12
ccp,wine,4,4,8,0.125,1.2802360586551225,0.45076923076923076,28
ccp,kin8nm,32,32,2,0.0078125,0.05984587394193814,0.06158528656045845,40
ccp,wine,2,2,4,0.0625,1.2802360586551225,0.45076923076923076,14
ccp,wine,1,1,4,0.0078125,1.2583235458549988,0.45076923076923076,13
ccp,wine,4,4,2,0.0,1.1593551464488938,0.5438461538461539,196
ccp,california_housing,64,64,8,0.0,0.0803532010437671,0.22707294484232038,26364
ccp,kin8nm,256,256,1,0.0078125,0.05984587394193814,0.06158528656045845,264
ccp,covtype,4,4,2,0.03125,1.3618520323025716,0.6646644234658313,6
ccp,mushroom,512,512,1,0.0,0.03394189939066139,0.9981538461538462,1536
ccp,california_housing,128,128,1,0.0,0.43470658865664596,0.46078327975954236,384
ccp,wine,16,16,2,0.0625,1.2802360586551225,0.45076923076923076,112
ccp,kin8nm,2,2,2,0.015625,0.06605257365749215,0.06805826396514195,4
ccp,wine,32,32,2,0.5,1.2802360586551225,0.45076923076923076,224
ccp,kin8nm,2,2,8,0.0,0.05334139301686344,0.05796088193679108,998
ccp,kin8nm,2,2,1,0.0625,0.06907644570634451,0.0710960971386598,2
ccp,kin8nm,1,1,8,0.25,0.06907644570634451,0.0710960971386598,1
ccp,wine,2,2,8,0.015625,1.2607856511069135,0.45076923076923076,18
ccp,kin8nm,1024,1024,4,0.125,0.06907644570634451,0.0710960971386598,1024
ccp,covtype,2,2,4,0.0,1.2843061923406596,0.7481390325550975,62
ccp,wine,4,4,4,0.25,1.2802360586551225,0.45076923076923076,28
lgbm_base,kr-vs-kp,8,8,1,0.0,0.906885758998435,0.89375,24
lgbm_quant,kr-vs-kp,8,8,1,0.0,0.906885758998435,0.89375,24
ccp,kin8nm,4,4,2,0.0625,0.06907644570634451,0.0710960971386598,4
ccp,wine,2,2,1,0.5,1.2802360586551225,0.45076923076923076,14
ccp,kin8nm,8,8,2,0.25,0.06907644570634451,0.0710960971386598,8
ccp,kin8nm,4,4,1,0.25,0.06907644570634451,0.0710960971386598,4
ccp,kin8nm,16,16,8,0.125,0.06907644570634451,0.0710960971386598,16
ccp,covtype,2,2,8,0.0,1.2409388028291488,0.7995490649983219,876
ccp,covtype,4,4,4,0.03125,1.3618520323025716,0.6646644234658313,6
ccp,kin8nm,512,512,1,0.0625,0.06907644570634451,0.0710960971386598,512
ccp,kin8nm,4,4,4,0.015625,0.06605257365749215,0.06805826396514195,6
ccp,mushroom,1024,1024,8,0.0,2.390642808154326e-08,1.0,7762
ccp,kin8nm,128,128,2,0.25,0.06907644570634451,0.0710960971386598,128
ccp,kin8nm,8,8,4,0.0625,0.06907644570634451,0.0710960971386598,8
ccp,wine,16,16,4,0.015625,1.2464724289453182,0.45076923076923076,120
ccp,kin8nm,64,64,4,0.015625,0.06605257365749215,0.06805826396514195,66
ccp,covtype,16,16,4,0.0078125,1.1938987602554685,0.7284665628254003,46
ccp,kin8nm,1,1,4,0.5,0.06907644570634451,0.0710960971386598,1
ccp,wine,16,16,1,0.125,1.2802360586551225,0.45076923076923076,112
ccp,kin8nm,128,128,8,0.125,0.06907644570634451,0.0710960971386598,128
ccp,kin8nm,256,256,4,0.0,0.011448491761343431,0.021482867115746627,7356
ccp,wine,32,32,4,0.125,1.2802360586551225,0.45076923076923076,224
ccp,kin8nm,16,16,2,0.0,0.04557620981512179,0.04776527789210198,112
ccp,california_housing,1024,1024,4,0.125,0.8954955931108983,0.91994215390186,1044
ccp,kin8nm,64,64,2,0.03125,0.06907644570634451,0.0710960971386598,64
ccp,kin8nm,8,8,1,0.0,0.0552518234579852,0.056791486535025686,24
ccp,kin8nm,512,512,2,0.03125,0.06907644570634451,0.0710960971386598,512
ccp,wine,8,8,8,0.5,1.2802360586551225,0.45076923076923076,56
ccp,mushroom,512,512,4,0.0625,1.042858375696279,0.9396923076923077,524
ccp,wine,8,8,1,0.015625,1.2464725458357708,0.45076923076923076,64
ccp,covtype,8,8,2,0.25,1.3857056791728541,0.5134807190864263,8
ccp,wine,2,2,2,0.125,1.2802360586551225,0.45076923076923076,14
ccp,kin8nm,64,64,1,0.125,0.06907644570634451,0.0710960971386598,64
ccp,wine,32,32,1,0.0,1.1901430593015987,0.556923076923077,672
ccp,california_housing,1024,1024,2,0.25,1.0775424914093958,1.099237091366297,1032
ccp,wine,1,1,2,0.015625,1.2697513967390586,0.45076923076923076,9
ccp,covtype,16,16,2,0.0078125,1.1938987602554685,0.7284665628254003,46
ccp,kin8nm,128,128,4,0.125,0.06907644570634451,0.0710960971386598,128
ccp,kin8nm,16,16,4,0.25,0.06907644570634451,0.0710960971386598,16
ccp,kin8nm,32,32,1,0.015625,0.06605257365749215,0.06805826396514195,34
lgbm_base,breastcancer,2,2,8,0.0,0.6329670329670329,0.6052631578947368,38
lgbm_quant,breastcancer,2,2,8,0.0,0.6329670329670329,0.6052631578947368,38
ccp,kin8nm,512,512,4,0.015625,0.06605257365749215,0.06805826396514195,514
ccp,kin8nm,32,32,8,0.5,0.06907644570634451,0.0710960971386598,32
ccp,kin8nm,8,8,8,0.015625,0.06605257365749215,0.06805826396514195,10
ccp,covtype,16,16,1,0.0078125,1.2185582215082265,0.7283891121571732,44
ccp,wine,2,2,4,0.03125,1.2802360586551225,0.45076923076923076,14
ccp,wine,8,8,4,0.0,1.0136865685441274,0.5661538461538461,1598
ccp,covtype,2,2,1,0.015625,1.3423918194488438,0.6662736762389956,6
ccp,wine,1,1,8,0.0,1.1026806427650044,0.4846153846153846,1269
ccp,wine,4,4,8,0.0625,1.2802360586551225,0.45076923076923076,28
ccp,wine,4,4,2,0.5,1.2802360586551225,0.45076923076923076,28
ccp,kin8nm,32,32,4,0.0,0.028807464464492605,0.03376890029494405,992
ccp,kin8nm,2,2,2,0.0078125,0.06357741661419214,0.06550803834709315,6
ccp,kin8nm,512,512,8,0.125,0.06907644570634451,0.0710960971386598,512
ccp,kin8nm,1024,1024,2,0.25,0.06907644570634451,0.0710960971386598,1024
ccp,kin8nm,512,512,8,0.0078125,0.05984587394193814,0.06158528656045845,520
ccp,kin8nm,1,1,8,0.125,0.06907644570634451,0.0710960971386598,1
ccp,covtype,128,128,2,0.0078125,1.19389872542304,0.7284665628254003,158
ccp,kin8nm,2,2,1,0.03125,0.06907644570634451,0.0710960971386598,2
ccp,kin8nm,2,2,8,0.5,0.06907644570634451,0.0710960971386598,2
ccp,wine,2,2,8,0.0078125,1.2400096238713503,0.45076923076923076,26
ccp,covtype,32,32,2,0.125,1.3857056791728541,0.5134807190864263,32
ccp,wine,16,16,2,0.03125,1.2802360586551225,0.45076923076923076,112
ccp,california_housing,128,128,2,0.015625,0.5023518365287484,0.5293984790290079,272
ccp,wine,4,4,4,0.125,1.2802360586551225,0.45076923076923076,28
ccp,kin8nm,4,4,2,0.03125,0.06907644570634451,0.0710960971386598,4
ccp,california_housing,32,32,8,0.0625,0.7730898222733464,0.7969584333851376,74
ccp,kin8nm,8,8,2,0.125,0.06907644570634451,0.0710960971386598,8
ccp,wine,2,2,1,0.25,1.2802360586551225,0.45076923076923076,14
ccp,california_housing,256,256,4,0.5,1.3276217235799053,1.3473246598968645,256
ccp,kin8nm,4,4,1,0.125,0.06907644570634451,0.0710960971386598,4
ccp,mushroom,1024,1024,2,0.0,1.795045143303862e-08,1.0,7026
ccp,california_housing,128,128,4,0.03125,0.6186204080045533,0.6436123456960643,218
ccp,california_housing,128,128,1,0.5,1.3276217235799053,1.3473246598968645,128
ccp,wine,32,32,2,0.25,1.2802360586551225,0.45076923076923076,224
ccp,kin8nm,4,4,4,0.0078125,0.05984587394193814,0.06158528656045845,12
ccp,kin8nm,8,8,4,0.03125,0.06907644570634451,0.0710960971386598,8
ccp,california_housing,512,512,1,0.015625,0.5558978951992264,0.5804537955588424,620
ccp,kin8nm,64,64,8,0.0078125,0.05984587394193814,0.06158528656045845,72
ccp,kin8nm,16,16,8,0.0625,0.06907644570634451,0.0710960971386598,16
ccp,kin8nm,1,1,4,0.25,0.06907644570634451,0.0710960971386598,1
ccp,wine,64,64,1,0.0078125,1.2075618375984598,0.52,472
ccp,kin8nm,8,8,1,0.5,0.06907644570634451,0.0710960971386598,8
ccp,wine,16,16,1,0.0625,1.2802360586551225,0.45076923076923076,112
ccp,kin8nm,16,16,2,0.5,0.06907644570634451,0.0710960971386598,16
ccp,california_housing,512,512,2,0.015625,0.5023518365287484,0.5293984790290079,656
ccp,kin8nm,256,256,2,0.0,0.02877784224337789,0.034126144725841745,1784
ccp,california_housing,256,256,2,0.25,1.0775424914093958,1.099237091366297,264
ccp,kin8nm,128,128,2,0.125,0.06907644570634451,0.0710960971386598,128
ccp,wine,8,8,1,0.0078125,1.2110255091754945,0.52,78
ccp,kin8nm,64,64,2,0.015625,0.06605257365749215,0.06805826396514195,66
ccp,wine,16,16,4,0.0078125,1.194702190927368,0.5453846153846154,144
ccp,covtype,64,64,4,0.5,1.3857056791728541,0.5134807190864263,64
ccp,wine,2,2,2,0.0625,1.2802360586551225,0.45076923076923076,14
ccp,covtype,4,4,1,0.5,1.3857056791728541,0.5134807190864263,4
ccp,kin8nm,64,64,4,0.0078125,0.05984587394193814,0.06158528656045845,72
ccp,wine,1,1,2,0.0078125,1.2583235458549988,0.45076923076923076,13
lgbm_base,kr-vs-kp,4,4,8,0.0,0.9655712050078247,0.95625,184
lgbm_quant,kr-vs-kp,4,4,8,0.0,0.9655712050078247,0.95625,184
ccp,kin8nm,64,64,1,0.0625,0.06907644570634451,0.0710960971386598,64
ccp,wine,8,8,8,0.25,1.2802360586551225,0.45076923076923076,56
ccp,kin8nm,512,512,1,0.03125,0.06907644570634451,0.0710960971386598,512
ccp,kin8nm,32,32,1,0.0078125,0.05984587394193814,0.06158528656045845,40
ccp,kin8nm,16,16,4,0.125,0.06907644570634451,0.0710960971386598,16
ccp,covtype,32,32,1,0.0,1.1439725599960169,0.7291722244692478,96
ccp,kin8nm,8,8,8,0.0078125,0.05984587394193814,0.06158528656045845,16
ccp,wine,2,2,4,0.015625,1.2607856511069135,0.45076923076923076,18
ccp,wine,32,32,1,0.5,1.2802360586551225,0.45076923076923076,224
ccp,wine,1,1,8,0.5,1.2802360586551225,0.45076923076923076,7
ccp,covtype,256,256,1,0.125,1.3857056791728541,0.5134807190864263,256
ccp,kin8nm,2,2,4,0.0,0.05988732833359908,0.06236955481285113,62
ccp,wine,8,8,4,0.5,1.2802360586551225,0.45076923076923076,56
ccp,wine,4,4,2,0.25,1.2802360586551225,0.45076923076923076,28
ccp,wine,32,32,4,0.0625,1.2802360586551225,0.45076923076923076,224
ccp,kin8nm,1,1,8,0.0625,0.06907644570634451,0.0710960971386598,1
ccp,kin8nm,2,2,8,0.25,0.06907644570634451,0.0710960971386598,2
ccp,covtype,1,1,8,0.0625,1.3857056791728541,0.5134807190864263,1
ccp,wine,4,4,8,0.03125,1.2802360586551225,0.45076923076923076,28
ccp,wine,4,4,1,0.0,1.294697292521888,0.5376923076923077,84
ccp,kin8nm,2,2,1,0.015625,0.06605257365749215,0.06805826396514195,4
ccp,kin8nm,32,32,4,0.5,0.06907644570634451,0.0710960971386598,32
ccp,wine,32,32,8,0.03125,1.2802360586551225,0.45076923076923076,224
ccp,covtype,4,4,2,0.015625,1.2654040649766898,0.728285844599537,18
ccp,kin8nm,32,32,8,0.25,0.06907644570634451,0.0710960971386598,32
ccp,kin8nm,4,4,2,0.015625,0.06605257365749215,0.06805826396514195,6
ccp,wine,2,2,1,0.125,1.2802360586551225,0.45076923076923076,14
ccp,kin8nm,8,8,2,0.0625,0.06907644570634451,0.0710960971386598,8
ccp,kin8nm,4,4,1,0.0625,0.06907644570634451,0.0710960971386598,4
ccp,wine,4,4,4,0.0625,1.2802360586551225,0.45076923076923076,28
ccp,wine,16,16,2,0.015625,1.2464724289453182,0.45076923076923076,120
ccp,kin8nm,4,4,8,0.0,0.0420196267772648,0.048562504755770945,1976
ccp,kin8nm,128,128,4,0.0625,0.06907644570634451,0.0710960971386598,128
ccp,kin8nm,8,8,4,0.015625,0.06605257365749215,0.06805826396514195,10
ccp,wine,64,64,4,0.5,1.2802360586551225,0.45076923076923076,448
ccp,covtype,4,4,8,0.0625,1.3857056791728541,0.5134807190864263,4
ccp,kin8nm,128,128,1,0.0,0.03941882511082767,0.04176393407602338,384
ccp,kin8nm,8,8,1,0.25,0.06907644570634451,0.0710960971386598,8
ccp,kin8nm,16,16,2,0.25,0.06907644570634451,0.0710960971386598,16
ccp,kin8nm,16,16,8,0.03125,0.06907644570634451,0.0710960971386598,16
ccp,covtype,8,8,4,0.25,1.3857056791728541,0.5134807190864263,8
ccp,wine,16,16,1,0.03125,1.2802360586551225,0.45076923076923076,112
ccp,california_housing,128,128,1,0.25,1.0775424914093958,1.099237091366297,136
ccp,wine,32,32,2,0.125,1.2802360586551225,0.45076923076923076,224
ccp,kin8nm,256,256,4,0.5,0.06907644570634451,0.0710960971386598,256
ccp,california_housing,64,64,8,0.5,1.3276217235799053,1.3473246598968645,64
ccp,mushroom,1024,1024,4,0.5,1.38537538144639,0.5292307692307693,1024
ccp,kin8nm,512,512,2,0.015625,0.06605257365749215,0.06805826396514195,514
ccp,wine,2,2,2,0.03125,1.2802360586551225,0.45076923076923076,14
ccp,wine,8,8,2,0.0,1.1103249894457239,0.5423076923076923,392
ccp,kin8nm,64,64,2,0.0078125,0.05984587394193814,0.06158528656045845,72
ccp,wine,1,1,4,0.0,1.2198481843131583,0.45,181
ccp,wine,128,128,1,0.03125,1.2802360586551225,0.45076923076923076,896
ccp,kin8nm,128,128,8,0.0625,0.06907644570634451,0.0710960971386598,128
ccp,kin8nm,16,16,4,0.0625,0.06907644570634451,0.0710960971386598,16
ccp,kin8nm,64,64,1,0.03125,0.06907644570634451,0.0710960971386598,64
ccp,wine,2,2,4,0.0078125,1.2400096238713503,0.45076923076923076,26
ccp,kin8nm,128,128,2,0.0625,0.06907644570634451,0.0710960971386598,128
ccp,wine,1,1,8,0.25,1.2802360586551225,0.45076923076923076,7
ccp,kin8nm,16,16,1,0.0,0.05076658368514828,0.05258444308653783,48
ccp,kin8nm,32,32,2,0.0,0.03921552031561157,0.04179380521724164,224
ccp,wine,4,4,2,0.125,1.2802360586551225,0.45076923076923076,28
ccp,wine,64,64,2,0.0,0.9407416528251219,0.5707692307692308,3130
ccp,wine,4,4,1,0.5,1.2802360586551225,0.45076923076923076,28
ccp,covtype,4,4,4,0.015625,1.2654040649766898,0.728285844599537,18
ccp,kin8nm,256,256,2,0.5,0.06907644570634451,0.0710960971386598,256
ccp,wine,8,8,8,0.125,1.2802360586551225,0.45076923076923076,56
ccp,wine,32,32,1,0.25,1.2802360586551225,0.45076923076923076,224
ccp,kin8nm,1024,1024,1,0.0,0.03639995287010586,0.04051624254107485,3072
ccp,wine,8,8,4,0.25,1.2802360586551225,0.45076923076923076,56
ccp,california_housing,512,512,8,0.125,0.8954955931108983,0.91994215390186,532
ccp,wine,2,2,1,0.0625,1.2802360586551225,0.45076923076923076,14
ccp,kin8nm,32,32,4,0.25,0.06907644570634451,0.0710960971386598,32
ccp,wine,4,4,8,0.015625,1.2464728080327925,0.45076923076923076,36
ccp,kin8nm,256,256,8,0.5,0.06907644570634451,0.0710960971386598,256
ccp,wine,4,4,4,0.03125,1.2802360586551225,0.45076923076923076,28
ccp,covtype,8,8,2,0.125,1.3857056791728541,0.5134807190864263,8
ccp,kin8nm,64,64,8,0.0,0.0024273660766465787,0.016441343289915686,25240
ccp,wine,16,16,8,0.0,0.44361861170882516,0.6484615384615384,31984
ccp,wine,16,16,2,0.0078125,1.194702190927368,0.5453846153846154,144
cegb,breastcancer,1,1,2,0.5,0.6329670329670329,0.6052631578947368,3
ccp,wine,128,128,2,0.0078125,1.194700442984978,0.5484615384615384,928
ccp,california_housing,512,512,8,0.0078125,0.3978378923997165,0.41810599215679173,876
ccp,california_housing,128,128,4,0.015625,0.4826050277951361,0.5077643771778548,308
ccp,kin8nm,512,512,1,0.015625,0.06605257365749215,0.06805826396514195,514
ccp,kin8nm,32,32,8,0.125,0.06907644570634451,0.0710960971386598,32
ccp,kin8nm,128,128,1,0.5,0.06907644570634451,0.0710960971386598,128
ccp,wine,32,32,4,0.03125,1.2802360586551225,0.45076923076923076,224
ccp,wine,2,2,2,0.015625,1.2607856511069135,0.45076923076923076,18
ccp,wine,16,16,1,0.015625,1.2464724289453182,0.45076923076923076,120
cegb,breastcancer,1,1,4,0.125,0.6329670329670329,0.6052631578947368,13
ccp,california_housing,512,512,1,0.0078125,0.4794579195717079,0.5042981125408714,690
ccp,kin8nm,16,16,8,0.015625,0.06605257365749215,0.06805826396514195,18
ccp,covtype,4,4,1,0.25,1.3857056791728541,0.5134807190864263,4
ccp,wine,1,1,4,0.5,1.2802360586551225,0.45076923076923076,7
ccp,wine,8,8,2,0.5,1.2802360586551225,0.45076923076923076,56
ccp,covtype,2,2,8,0.5,1.3857056791728541,0.5134807190864263,2
cegb,breastcancer,1,1,8,0.03125,0.6329670329670329,0.6052631578947368,11
cegb,breastcancer,2,2,1,0.0078125,0.6329670329670329,0.6052631578947368,6
ccp,wine,1,1,8,0.125,1.2802360586551225,0.45076923076923076,7
ccp,kin8nm,64,64,1,0.015625,0.06605257365749215,0.06805826396514195,66
ccp,california_housing,256,256,2,0.125,0.8954955931108983,0.91994215390186,276
ccp,california_housing,128,128,1,0.125,0.9078449424002707,0.9310302300543698,146
ccp,wine,2,2,8,0.0,0.9919277068528383,0.5561538461538461,3154
ccp,wine,32,32,2,0.0625,1.2802360586551225,0.45076923076923076,224
ccp,wine,4,4,2,0.0625,1.2802360586551225,0.45076923076923076,28
ccp,wine,64,64,8,0.125,1.2802360586551225,0.45076923076923076,448
ccp,wine,4,4,1,0.25,1.2802360586551225,0.45076923076923076,28
ccp,kin8nm,128,128,4,0.03125,0.06907644570634451,0.0710960971386598,128
ccp,covtype,8,8,8,0.5,1.3857056791728541,0.5134807190864263,8
ccp,kin8nm,64,64,4,0.0,0.021659480151830057,0.028371516865407297,1976
ccp,wine,2,2,1,0.03125,1.2802360586551225,0.45076923076923076,14
cegb,breastcancer,2,2,4,0.5,0.6329670329670329,0.6052631578947368,6
ccp,covtype,32,32,4,0.0625,1.3857056791728541,0.5134807190864263,32
ccp,covtype,128,128,1,0.015625,1.30005230692568,0.7269433663502664,138
ccp,wine,256,256,1,0.125,1.2802360586551225,0.45076923076923076,1792
ccp,california_housing,128,128,8,0.0625,0.7730898222733464,0.7969584333851376,170
ccp,kin8nm,128,128,2,0.03125,0.06907644570634451,0.0710960971386598,128
ccp,wine,4,4,4,0.015625,1.2464728080327925,0.45076923076923076,36
ccp,wine,8,8,4,0.125,1.2802360586551225,0.45076923076923076,56
ccp,wine,4,4,8,0.0078125,1.2185374111238778,0.5376923076923077,48
ccp,wine,32,32,1,0.125,1.2802360586551225,0.45076923076923076,224
ccp,kin8nm,512,512,4,0.0078125,0.05984587394193814,0.06158528656045845,520
ccp,wine,8,8,8,0.0625,1.2802360586551225,0.45076923076923076,56
cegb,breastcancer,1,1,2,0.25,0.6329670329670329,0.6052631578947368,3
ccp,wine,32,32,8,0.015625,1.2464724132339688,0.45076923076923076,232
ccp,kin8nm,1024,1024,2,0.125,0.06907644570634451,0.0710960971386598,1024
cegb,breastcancer,2,2,8,0.125,0.6329670329670329,0.6052631578947368,16
ccp,wine,2,2,2,0.0078125,1.2400096238713503,0.45076923076923076,26
cegb,breastcancer,1,1,4,0.0625,0.6329670329670329,0.6052631578947368,13
cegb,breastcancer,4,4,1,0.03125,0.9120879120879121,0.9210526315789473,12
ccp,wine,1,1,4,0.25,1.2802360586551225,0.45076923076923076,7
ccp,wine,16,16,4,0.0,0.9160293225893337,0.5853846153846154,3150
ccp,kin8nm,256,256,2,0.25,0.06907644570634451,0.0710960971386598,256
ccp,wine,16,16,1,0.0078125,1.2075636032577672,0.52,136
ccp,wine,128,128,1,0.015625,1.2464724129309404,0.45076923076923076,904
cegb,breastcancer,4,4,2,0.0078125,0.945054945054945,0.9122807017543859,28
ccp,wine,64,64,4,0.25,1.2802360586551225,0.45076923076923076,448
ccp,wine,64,64,2,0.5,1.2802360586551225,0.45076923076923076,448
ccp,kin8nm,128,128,1,0.25,0.06907644570634451,0.0710960971386598,128
cegb,breastcancer,1,1,8,0.015625,0.6329670329670329,0.6052631578947368,13
lgbm_base,kr-vs-kp,16,16,1,0.0,0.906885758998435,0.89375,48
lgbm_quant,kr-vs-kp,16,16,1,0.0,0.906885758998435,0.89375,48
cegb,breastcancer,2,2,2,0.0,0.6329670329670329,0.6052631578947368,14
lgbm_base,kr-vs-kp,32,32,1,0.0,0.906885758998435,0.89375,96
lgbm_quant,kr-vs-kp,32,32,1,0.0,0.906885758998435,0.89375,96
ccp,wine,8,8,2,0.25,1.2802360586551225,0.45076923076923076,56
cegb,breastcancer,4,2,8,0.5,0.6329670329670329,0.6052631578947368,6
ccp,wine,1,1,8,0.0625,1.2802360586551225,0.45076923076923076,7
ccp,wine,2,2,8,0.5,1.2802360586551225,0.45076923076923076,14
ccp,wine,4,4,2,0.03125,1.2802360586551225,0.45076923076923076,28
cegb,breastcancer,8,8,1,0.125,0.9340659340659341,0.9298245614035088,24
ccp,kin8nm,32,32,8,0.0625,0.06907644570634451,0.0710960971386598,32
lgbm_base,kr-vs-kp,16,16,2,0.0,0.906885758998435,0.89375,108
lgbm_quant,kr-vs-kp,16,16,2,0.0,0.906885758998435,0.89375,108
ccp,wine,4,4,1,0.125,1.2802360586551225,0.45076923076923076,28
ccp,kin8nm,512,512,2,0.0078125,0.05984587394193814,0.06158528656045845,520
ccp,kin8nm,256,256,4,0.25,0.06907644570634451,0.0710960971386598,256
cegb,breastcancer,2,2,4,0.25,0.6329670329670329,0.6052631578947368,6
ccp,wine,16,16,8,0.5,1.2802360586551225,0.45076923076923076,112
ccp,california_housing,256,256,4,0.25,1.0775424914093958,1.099237091366297,264
ccp,wine,2,2,1,0.015625,1.2607856511069135,0.45076923076923076,18
ccp,kin8nm,64,64,8,0.5,0.06907644570634451,0.0710960971386598,64
ccp,kin8nm,512,512,1,0.0078125,0.05984587394193814,0.06158528656045845,520
ccp,wine,32,32,2,0.03125,1.2802360586551225,0.45076923076923076,224
ccp,california_housing,128,128,1,0.0625,0.7760779873655176,0.8005246781885221,162
ccp,wine,32,32,4,0.015625,1.2464724132339688,0.45076923076923076,232
ccp,wine,8,8,1,0.0,1.2597032254728273,0.5376923076923077,168
ccp,wine,4,4,4,0.0078125,1.2185374111238778,0.5376923076923077,48
cegb,breastcancer,1,1,2,0.125,0.6329670329670329,0.6052631578947368,5
ccp,covtype,16,16,2,0.0,1.1111368669749682,0.7336471519668167,112
ccp,wine,8,8,4,0.0625,1.2802360586551225,0.45076923076923076,56
ccp,california_housing,512,512,2,0.0078125,0.43508097326409745,0.4632241343489626,726
ccp,wine,32,32,1,0.0625,1.2802360586551225,0.45076923076923076,224
ccp,kin8nm,128,128,2,0.015625,0.06605257365749215,0.06805826396514195,130
cegb,breastcancer,2,2,8,0.0625,0.6329670329670329,0.6052631578947368,24
ccp,kin8nm,128,128,8,0.03125,0.06907644570634451,0.0710960971386598,128
ccp,kin8nm,1024,1024,1,0.5,0.06907644570634451,0.0710960971386598,1024
cegb,breastcancer,1,1,4,0.03125,0.6329670329670329,0.6052631578947368,11
ccp,wine,8,8,8,0.03125,1.2802360586551225,0.45076923076923076,56
ccp,wine,2,2,4,0.0,1.1705438461617568,0.536923076923077,384
ccp,wine,256,256,2,0.03125,1.2802360586551225,0.45076923076923076,1792
cegb,breastcancer,4,4,1,0.015625,0.9120879120879121,0.9210526315789473,12
ccp,kin8nm,128,128,4,0.015625,0.06605257365749215,0.06805826396514195,130
cegb,breastcancer,8,8,2,0.03125,0.9692307692307692,0.9210526315789473,54
cegb,breastcancer,4,4,4,0.0,0.9494505494505494,0.9122807017543859,62
ccp,california_housing,512,512,4,0.0078125,0.41578212874647286,0.4405581096238173,808
ccp,california_housing,64,64,8,0.25,1.0775424914093958,1.099237091366297,72
cegb,breastcancer,1,1,8,0.0078125,0.6329670329670329,0.6052631578947368,13
cegb,breastcancer,8,8,4,0.0078125,0.9802197802197802,0.9298245614035088,78
ccp,covtype,4,4,1,0.125,1.3857056791728541,0.5134807190864263,4
cegb,breastcancer,2,2,2,0.5,0.6329670329670329,0.6052631578947368,6
cegb,breastcancer,4,4,8,0.25,0.9120879120879121,0.9210526315789473,12
cegb,breastcancer,16,2,1,0.5,0.6329670329670329,0.6052631578947368,6
ccp,wine,16,16,2,0.0,1.0571362036674228,0.56,784
ccp,california_housing,128,128,4,0.0078125,0.41578212874647286,0.4405581096238173,424
ccp,kin8nm,128,128,1,0.125,0.06907644570634451,0.0710960971386598,128
ccp,wine,8,8,2,0.125,1.2802360586551225,0.45076923076923076,56
ccp,wine,2,2,8,0.25,1.2802360586551225,0.45076923076923076,14
cegb,breastcancer,8,8,1,0.0625,0.9340659340659341,0.9298245614035088,24
ccp,wine,4,4,1,0.0625,1.2802360586551225,0.45076923076923076,28
lgbm_base,kr-vs-kp,16,16,8,0.0,0.9761345852895149,0.9703125,824
lgbm_quant,kr-vs-kp,16,16,8,0.0,0.9761345852895149,0.9703125,824
ccp,wine,16,16,4,0.5,1.2802360586551225,0.45076923076923076,112
ccp,california_housing,256,256,8,0.5,1.3276217235799053,1.3473246598968645,256
ccp,wine,4,4,2,0.015625,1.2464728080327925,0.45076923076923076,36
cegb,breastcancer,2,2,4,0.125,0.6329670329670329,0.6052631578947368,16
cegb,breastcancer,16,13,2,0.125,0.9428571428571428,0.9035087719298246,45
ccp,covtype,4,4,4,0.0078125,1.2540601153004645,0.728285844599537,20
ccp,kin8nm,1024,1024,4,0.0625,0.06907644570634451,0.0710960971386598,1024
ccp,mushroom,1024,1024,4,0.25,1.38537538144639,0.5292307692307693,1024
cegb,breastcancer,16,16,4,0.03125,0.9846153846153847,0.9385964912280702,118
cegb,breastcancer,1,1,2,0.0625,0.6329670329670329,0.6052631578947368,7
ccp,wine,8,8,1,0.5,1.2802360586551225,0.45076923076923076,56
ccp,california_housing,256,256,2,0.0625,0.7746475385777153,0.7993185987404937,298
ccp,kin8nm,256,256,2,0.125,0.06907644570634451,0.0710960971386598,256
ccp,wine,512,512,1,0.5,1.2802360586551225,0.45076923076923076,3584
ccp,wine,64,64,2,0.25,1.2802360586551225,0.45076923076923076,448
ccp,wine,4,4,8,0.0,0.8476258070141117,0.5846153846153846,6942
ccp,wine,32,32,2,0.015625,1.2464724132339688,0.45076923076923076,232
cegb,breastcancer,16,16,8,0.0078125,0.9868131868131869,0.9385964912280702,156
cegb,breastcancer,2,2,8,0.03125,0.6329670329670329,0.6052631578947368,20
cegb,breastcancer,1,1,4,0.015625,0.6329670329670329,0.6052631578947368,13
ccp,wine,8,8,4,0.03125,1.2802360586551225,0.45076923076923076,56
ccp,wine,128,128,1,0.0078125,1.2075618375315065,0.52,920
cegb,breastcancer,32,2,2,0.5,0.6329670329670329,0.6052631578947368,6
ccp,covtype,8,8,2,0.0625,1.3857056791728541,0.5134807190864263,8
cegb,breastcancer,4,4,1,0.0078125,0.9120879120879121,0.9210526315789473,12
lgbm_base,kr-vs-kp,16,16,4,0.0,0.9420970266040689,0.9359375,288
lgbm_quant,kr-vs-kp,16,16,4,0.0,0.9420970266040689,0.9359375,288
cegb,breastcancer,8,8,2,0.015625,0.9692307692307692,0.9210526315789473,54
ccp,covtype,32,32,1,0.5,1.3857056791728541,0.5134807190864263,32
cegb,breastcancer,2,2,1,0.0,0.6329670329670329,0.6052631578947368,6
cegb,breastcancer,4,2,4,0.5,0.6329670329670329,0.6052631578947368,6
cegb,breastcancer,8,8,8,0.0,0.9736263736263736,0.9298245614035088,214
ccp,wine,32,32,1,0.03125,1.2802360586551225,0.45076923076923076,224
cegb,breastcancer,32,14,4,0.125,0.9516483516483516,0.9210526315789473,52
ccp,wine,16,16,8,0.25,1.2802360586551225,0.45076923076923076,112
cegb,breastcancer,2,2,2,0.25,0.6329670329670329,0.6052631578947368,6
cegb,breastcancer,4,4,8,0.125,0.9340659340659341,0.9298245614035088,22
ccp,wine,32,32,8,0.0078125,1.1947004899461262,0.5484615384615384,256
cegb,breastcancer,16,7,1,0.25,0.9340659340659341,0.9298245614035088,21
ccp,wine,8,8,8,0.015625,1.2464725458357708,0.45076923076923076,64
ccp,wine,32,32,4,0.0078125,1.1947004899461262,0.5484615384615384,256
cegb,breastcancer,8,8,1,0.03125,0.9340659340659341,0.9298245614035088,24
ccp,wine,256,256,1,0.0625,1.2802360586551225,0.45076923076923076,1792
cegb,breastcancer,64,64,1,0.0078125,0.9912087912087912,0.9298245614035088,192
cegb,breastcancer,32,25,8,0.03125,0.9912087912087912,0.9298245614035088,157
ccp,kin8nm,64,64,8,0.25,0.06907644570634451,0.0710960971386598,64
cegb,breastcancer,64,2,4,0.5,0.6329670329670329,0.6052631578947368,6
cegb,breastcancer,2,2,4,0.0625,0.6329670329670329,0.6052631578947368,24
ccp,wine,16,16,2,0.5,1.2802360586551225,0.45076923076923076,112
ccp,wine,8,8,2,0.0625,1.2802360586551225,0.45076923076923076,56
ccp,kin8nm,128,128,1,0.0625,0.06907644570634451,0.0710960971386598,128
ccp,wine,64,64,4,0.125,1.2802360586551225,0.45076923076923076,448
cegb,breastcancer,16,16,2,0.0625,0.9714285714285714,0.9210526315789473,80
ccp,wine,128,128,4,0.0,0.5354346283962641,0.6361538461538462,24554
ccp,covtype,8,8,4,0.125,1.3857056791728541,0.5134807190864263,8
cegb,breastcancer,64,14,8,0.125,0.9516483516483516,0.9210526315789473,52
cegb,breastcancer,128,33,1,0.03125,0.9714285714285714,0.9210526315789473,99
ccp,california_housing,1024,1024,2,0.125,0.8954955931108983,0.91994215390186,1044
cegb,breastcancer,16,16,4,0.015625,0.9868131868131869,0.9298245614035088,136
cegb,breastcancer,1,1,2,0.03125,0.6329670329670329,0.6052631578947368,7
ccp,wine,16,16,4,0.25,1.2802360586551225,0.45076923076923076,112
ccp,kin8nm,128,128,4,0.0078125,0.05984587394193814,0.06158528656045845,136
ccp,kin8nm,256,256,4,0.125,0.06907644570634451,0.0710960971386598,256
ccp,wine,8,8,1,0.25,1.2802360586551225,0.45076923076923076,56
ccp,california_housing,1024,1024,1,0.0,0.3141936992915257,0.3431134325410148,3072
ccp,california_housing,512,512,2,0.0,0.22535265666723758,0.26354193779138635,3582
cegb,breastcancer,32,32,1,0.0,0.9692307692307692,0.9122807017543859,96
ccp,wine,128,128,8,0.5,1.2802360586551225,0.45076923076923076,896
ccp,wine,64,64,8,0.0625,1.2802360586551225,0.45076923076923076,448
ccp,kin8nm,512,512,2,0.0,0.0244925451387173,0.031928379488664095,3570
ccp,kin8nm,1024,1024,8,0.5,0.06907644570634451,0.0710960971386598,1024
cegb,breastcancer,2,2,8,0.015625,0.6329670329670329,0.6052631578947368,22
cegb,breastcancer,1,1,4,0.0078125,0.6329670329670329,0.6052631578947368,13
ccp,kin8nm,256,256,8,0.25,0.06907644570634451,0.0710960971386598,256
ccp,covtype,2,2,8,0.25,1.3857056791728541,0.5134807190864263,2
cegb,breastcancer,8,8,2,0.0078125,0.9692307692307692,0.9210526315789473,56
cegb,breastcancer,4,4,2,0.0,0.945054945054945,0.9122807017543859,28
ccp,kin8nm,1024,1024,8,0.125,0.06907644570634451,0.0710960971386598,1024
cegb,breastcancer,32,7,2,0.25,0.9340659340659341,0.9298245614035088,21
cegb,breastcancer,128,42,2,0.0078125,0.9934065934065934,0.9385964912280702,276
ccp,wine,8,8,4,0.015625,1.2464725458357708,0.45076923076923076,64
cegb,breastcancer,4,4,4,0.25,0.9120879120879121,0.9210526315789473,12
cegb,breastcancer,2,2,1,0.5,0.6329670329670329,0.6052631578947368,6
ccp,kin8nm,1024,1024,8,0.03125,0.06907644570634451,0.0710960971386598,1024
cegb,breastcancer,32,19,4,0.0625,0.978021978021978,0.9210526315789473,107
cegb,breastcancer,2,2,2,0.125,0.6329670329670329,0.6052631578947368,8
cegb,breastcancer,8,2,8,0.5,0.6329670329670329,0.6052631578947368,6
ccp,covtype,16,16,4,0.0,1.022329996482282,0.7680782768086882,496
ccp,covtype,4,4,1,0.0625,1.3857056791728541,0.5134807190864263,4
cegb,breastcancer,4,4,8,0.0625,0.9406593406593406,0.9122807017543859,42
ccp,wine,32,32,2,0.0078125,1.1947004899461262,0.5484615384615384,256
cegb,breastcancer,16,14,1,0.125,0.9516483516483516,0.9122807017543859,42
ccp,wine,32,32,1,0.015625,1.2464724132339688,0.45076923076923076,232
ccp,kin8nm,1024,1024,1,0.25,0.06907644570634451,0.0710960971386598,1024
ccp,kin8nm,1024,1024,8,0.0078125,0.05984587394193814,0.06158528656045845,1032
ccp,kin8nm,256,256,2,0.0625,0.06907644570634451,0.0710960971386598,256
cegb,breastcancer,8,8,1,0.015625,0.9340659340659341,0.9298245614035088,24
cegb,breastcancer,32,32,8,0.015625,0.9934065934065934,0.9298245614035088,246
cegb,breastcancer,128,2,8,0.5,0.6329670329670329,0.6052631578947368,6
cegb,breastcancer,2,2,4,0.03125,0.6329670329670329,0.6052631578947368,20
cegb,breastcancer,64,64,2,0.0,0.9956043956043956,0.9385964912280702,448
cegb,breastcancer,64,7,4,0.25,0.9340659340659341,0.9298245614035088,21
cegb,breastcancer,256,14,1,0.125,0.9516483516483516,0.9122807017543859,42
cegb,breastcancer,256,36,4,0.0078125,0.9956043956043956,0.9385964912280702,350
cegb,breastcancer,256,26,2,0.03125,0.9868131868131869,0.9210526315789473,140
ccp,kin8nm,128,128,8,0.015625,0.06605257365749215,0.06805826396514195,130
ccp,kin8nm,1024,1024,2,0.0625,0.06907644570634451,0.0710960971386598,1024
ccp,wine,64,64,2,0.125,1.2802360586551225,0.45076923076923076,448
cegb,breastcancer,16,16,2,0.03125,0.9758241758241758,0.9298245614035088,98
ccp,wine,16,16,2,0.25,1.2802360586551225,0.45076923076923076,112
ccp,covtype,32,32,2,0.0625,1.3857056791728541,0.5134807190864263,32
cegb,breastcancer,128,49,1,0.015625,0.9846153846153847,0.9210526315789473,147
cegb,breastcancer,1,1,2,0.015625,0.6329670329670329,0.6052631578947368,7
ccp,wine,8,8,8,0.0078125,1.1981698046519678,0.5484615384615384,86
ccp,wine,64,64,1,0.0,1.1565021922457484,0.5492307692307692,1344
cegb,breastcancer,16,16,4,0.0078125,0.9868131868131869,0.9385964912280702,156
cegb,breastcancer,64,19,8,0.0625,0.978021978021978,0.9210526315789473,107
ccp,wine,256,256,4,0.0078125,1.1947004429849775,0.5484615384615384,1824
ccp,wine,16,16,8,0.125,1.2802360586551225,0.45076923076923076,112
cegb,breastcancer,512,2,1,0.5,0.6329670329670329,0.6052631578947368,6
ccp,covtype,4,4,8,0.03125,1.3618520323025716,0.6646644234658313,6
cegb,breastcancer,32,2,1,0.5,0.6329670329670329,0.6052631578947368,6
ccp,kin8nm,512,512,4,0.0,0.006434524514957372,0.018830877713315746,14704
ccp,california_housing,128,128,8,0.03125,0.6186204080045533,0.6436123456960643,218
ccp,kin8nm,512,512,8,0.0625,0.06907644570634451,0.0710960971386598,512
cegb,breastcancer,1,1,8,0.0,0.6329670329670329,0.6052631578947368,19
cegb,breastcancer,2,2,8,0.0078125,0.6329670329670329,0.6052631578947368,22
cegb,breastcancer,512,13,2,0.125,0.9428571428571428,0.9035087719298246,45
cegb,breastcancer,4,2,2,0.5,0.6329670329670329,0.6052631578947368,6
ccp,wine,16,16,4,0.125,1.2802360586551225,0.45076923076923076,112
cegb,breastcancer,32,13,2,0.125,0.9428571428571428,0.9035087719298246,45
cegb,breastcancer,8,8,4,0.0,0.9736263736263736,0.9298245614035088,122
cegb,breastcancer,128,128,4,0.0,1.0,0.9473684210526315,2502
cegb,breastcancer,2,2,1,0.25,0.6329670329670329,0.6052631578947368,6
cegb,breastcancer,512,25,4,0.03125,0.9912087912087912,0.9298245614035088,157
cegb,breastcancer,4,4,4,0.125,0.9340659340659341,0.9298245614035088,22
cegb,breastcancer,32,25,4,0.03125,0.9912087912087912,0.9298245614035088,157
cegb,breastcancer,8,7,8,0.25,0.9340659340659341,0.9298245614035088,21
cegb,breastcancer,2,2,2,0.0625,0.6329670329670329,0.6052631578947368,14
cegb,breastcancer,4,4,8,0.03125,0.9406593406593406,0.9122807017543859,36
ccp,wine,512,512,2,0.125,1.2802360586551225,0.45076923076923076,3584
cegb,breastcancer,512,14,8,0.125,0.9516483516483516,0.9210526315789473,52
cegb,breastcancer,16,16,1,0.0625,0.9538461538461539,0.9210526315789473,48
ccp,california_housing,256,256,4,0.125,0.8954955931108983,0.91994215390186,276
ccp,wine,1,1,1,0.0,1.253389083164628,0.45076923076923076,21
cegb,breastcancer,8,8,1,0.0078125,0.9340659340659341,0.9298245614035088,24
ccp,wine,128,128,2,0.0,0.8658734150189197,0.5838461538461538,6254
cegb,breastcancer,128,7,8,0.25,0.9340659340659341,0.9298245614035088,21
cegb,breastcancer,32,32,8,0.0078125,0.9934065934065934,0.9298245614035088,326
cegb,breastcancer,64,14,4,0.125,0.9516483516483516,0.9210526315789473,52
cegb,breastcancer,64,2,2,0.5,0.6329670329670329,0.6052631578947368,6
cegb,breastcancer,512,36,8,0.0078125,0.9956043956043956,0.9298245614035088,370
cegb,breastcancer,2,2,4,0.015625,0.6329670329670329,0.6052631578947368,22
cegb,breastcancer,256,21,1,0.0625,0.9604395604395605,0.9122807017543859,63
ccp,wine,32,32,1,0.0078125,1.2075618852158876,0.52,248
cegb,breastcancer,256,33,2,0.015625,0.9934065934065934,0.9298245614035088,199
cegb,breastcancer,256,256,8,0.0,1.0,0.956140350877193,5950
cegb,breastcancer,16,16,2,0.015625,0.9802197802197802,0.9298245614035088,102
cegb,breastcancer,128,74,1,0.0078125,0.9912087912087912,0.9298245614035088,222
cegb,breastcancer,1,1,2,0.0078125,0.6329670329670329,0.6052631578947368,7
cegb,breastcancer,16,16,8,0.0,0.9934065934065934,0.9298245614035088,466
cegb,breastcancer,64,25,8,0.03125,0.9912087912087912,0.9298245614035088,157
ccp,wine,64,64,4,0.0625,1.2802360586551225,0.45076923076923076,448
cegb,breastcancer,32,7,1,0.25,0.9340659340659341,0.9298245614035088,21
cegb,breastcancer,512,7,1,0.25,0.9340659340659341,0.9298245614035088,21
ccp,wine,16,16,1,0.0,1.2246997901817762,0.5415384615384615,336
ccp,wine,256,256,2,0.015625,1.2464724129309408,0.45076923076923076,1800
cegb,breastcancer,4,4,1,0.0,0.9120879120879121,0.9210526315789473,12
ccp,wine,32,32,8,0.0,0.24780465758571632,0.6630769230769231,65412
ccp,wine,256,256,1,0.03125,1.2802360586551225,0.45076923076923076,1792
ccp,wine,32,32,4,0.0,0.814548604757191,0.6023076923076923,6126
cegb,breastcancer,512,19,2,0.0625,0.9714285714285714,0.9210526315789473,89
cegb,breastcancer,1,1,8,0.5,0.6329670329670329,0.6052631578947368,3
cegb,breastcancer,4,4,2,0.25,0.9120879120879121,0.9210526315789473,12
cegb,breastcancer,32,19,2,0.0625,0.9714285714285714,0.9210526315789473,89
ccp,kin8nm,256,256,4,0.0625,0.06907644570634451,0.0710960971386598,256
cegb,breastcancer,8,2,4,0.5,0.6329670329670329,0.6052631578947368,6
cegb,breastcancer,2,2,1,0.125,0.6329670329670329,0.6052631578947368,6
cegb,breastcancer,512,32,4,0.015625,0.9934065934065934,0.9298245614035088,246
cegb,breastcancer,128,2,4,0.5,0.6329670329670329,0.6052631578947368,6
cegb,breastcancer,32,32,4,0.015625,0.9934065934065934,0.9298245614035088,246
ccp,wine,64,64,1,0.5,1.2802360586551225,0.45076923076923076,448
ccp,kin8nm,128,128,8,0.0,0.0013895974566468798,0.015513560575974113,37562
ccp,covtype,16,16,2,0.5,1.3857056791728541,0.5134807190864263,16
cegb,breastcancer,4,4,4,0.0625,0.9406593406593406,0.9122807017543859,42
cegb,breastcancer,2,2,2,0.03125,0.6329670329670329,0.6052631578947368,14
cegb,breastcancer,8,8,8,0.125,0.9428571428571428,0.9122807017543859,34
cegb,breastcancer,512,19,8,0.0625,0.978021978021978,0.9210526315789473,107
cegb,breastcancer,4,4,8,0.015625,0.9494505494505494,0.9122807017543859,44
cegb,breastcancer,16,16,1,0.03125,0.9538461538461539,0.9210526315789473,48
ccp,wine,16,16,4,0.0625,1.2802360586551225,0.45076923076923076,112
ccp,wine,64,64,2,0.0625,1.2802360586551225,0.45076923076923076,448
ccp,kin8nm,512,512,2,0.5,0.06907644570634451,0.0710960971386598,512
cegb,breastcancer,8,8,2,0.0,0.9692307692307692,0.9210526315789473,56
cegb,breastcancer,128,14,8,0.125,0.9516483516483516,0.9210526315789473,52
cegb,breastcancer,64,64,1,0.0,0.9912087912087912,0.9298245614035088,192
cegb,breastcancer,64,7,2,0.25,0.9340659340659341,0.9298245614035088,21
cegb,breastcancer,64,19,4,0.0625,0.978021978021978,0.9210526315789473,107
cegb,breastcancer,2,2,4,0.0078125,0.6329670329670329,0.6052631578947368,22
ccp,wine,16,16,8,0.0625,1.2802360586551225,0.45076923076923076,112
cegb,breastcancer,256,33,1,0.03125,0.9714285714285714,0.9210526315789473,99
ccp,wine,1,1,1,0.5,1.2802360586551225,0.45076923076923076,7
cegb,breastcancer,1024,1024,1,0.0,1.0,0.9473684210526315,3072
cegb,breastcancer,256,2,8,0.5,0.6329670329670329,0.6052631578947368,6
cegb,breastcancer,256,42,2,0.0078125,0.9934065934065934,0.9385964912280702,276
cegb,breastcancer,16,16,2,0.0078125,0.9802197802197802,0.9122807017543859,110
ccp,california_housing,128,128,8,0.0,0.04977574622255421,0.21564522681624762,45184
cegb,breastcancer,128,128,2,0.0,1.0,0.9473684210526315,888
cegb,breastcancer,1,1,4,0.0,0.6329670329670329,0.6052631578947368,17
ccp,covtype,64,64,2,0.5,1.3857056791728541,0.5134807190864263,64
cegb,breastcancer,64,32,8,0.015625,0.9934065934065934,0.9298245614035088,246
cegb,breastcancer,16,2,8,0.5,0.6329670329670329,0.6052631578947368,6
cegb,breastcancer,32,14,1,0.125,0.9516483516483516,0.9122807017543859,42
cegb,breastcancer,512,14,1,0.125,0.9516483516483516,0.9122807017543859,42
cegb,breastcancer,1024,2,2,0.5,0.6329670329670329,0.6052631578947368,6
ccp,wine,32,32,2,0.0,1.0019661383096783,0.5638461538461539,1566
ccp,kin8nm,1024,1024,1,0.125,0.06907644570634451,0.0710960971386598,1024
cegb,breastcancer,4,2,1,0.5,0.6329670329670329,0.6052631578947368,6
cegb,breastcancer,512,26,2,0.03125,0.9868131868131869,0.9210526315789473,140
cegb,breastcancer,4,4,2,0.125,0.9340659340659341,0.9385964912280702,18
cegb,breastcancer,1,1,8,0.25,0.6329670329670329,0.6052631578947368,3
cegb,breastcancer,8,7,4,0.25,0.9340659340659341,0.9298245614035088,21
cegb,breastcancer,32,26,2,0.03125,0.9868131868131869,0.9210526315789473,140
cegb,breastcancer,512,36,4,0.0078125,0.9956043956043956,0.9385964912280702,350
cegb,breastcancer,2,2,1,0.0625,0.6329670329670329,0.6052631578947368,6
ccp,wine,512,512,1,0.25,1.2802360586551225,0.45076923076923076,3584
cegb,breastcancer,2,2,2,0.015625,0.6329670329670329,0.6052631578947368,14
cegb,breastcancer,128,7,4,0.25,0.9340659340659341,0.9298245614035088,21
ccp,kin8nm,512,512,8,0.0,8.40317761987265e-05,0.014718702050142522,115844
cegb,breastcancer,32,32,4,0.0078125,0.9956043956043956,0.9385964912280702,312
cegb,breastcancer,4,4,4,0.03125,0.9406593406593406,0.9122807017543859,36
cegb,breastcancer,8,8,8,0.0625,0.9604395604395605,0.9210526315789473,66
cegb,breastcancer,1024,14,4,0.125,0.9516483516483516,0.9210526315789473,52
cegb,breastcancer,4,4,8,0.0078125,0.9494505494505494,0.9122807017543859,44
cegb,breastcancer,16,16,1,0.015625,0.9538461538461539,0.9210526315789473,48
cegb,breastcancer,512,25,8,0.03125,0.9912087912087912,0.9298245614035088,157
ccp,kin8nm,128,128,8,0.0078125,0.05984587394193814,0.06158528656045845,136
ccp,wine,128,128,4,0.5,1.2802360586551225,0.45076923076923076,896
cegb,breastcancer,1024,2,8,0.5,0.6329670329670329,0.6052631578947368,6
cegb,breastcancer,8,2,2,0.5,0.6329670329670329,0.6052631578947368,6
cegb,breastcancer,128,19,8,0.0625,0.978021978021978,0.9210526315789473,107
cegb,breastcancer,64,2,1,0.5,0.6329670329670329,0.6052631578947368,6
cegb,breastcancer,64,13,2,0.125,0.9428571428571428,0.9035087719298246,45
cegb,breastcancer,2,2,8,0.0,0.6329670329670329,0.6052631578947368,36
cegb,breastcancer,256,49,1,0.015625,0.9846153846153847,0.9210526315789473,147
ccp,wine,1,1,1,0.25,1.2802360586551225,0.45076923076923076,7
cegb,breastcancer,64,25,4,0.03125,0.9912087912087912,0.9298245614035088,157
cegb,breastcancer,1024,2,1,0.5,0.6329670329670329,0.6052631578947368,6
cegb,breastcancer,256,7,8,0.25,0.9340659340659341,0.9298245614035088,21
cegb,breastcancer,256,256,4,0.0,1.0,0.9473684210526315,3946
cegb,breastcancer,16,16,4,0.0,0.9912087912087912,0.9210526315789473,254
ccp,wine,64,64,8,0.03125,1.2802360586551225,0.45076923076923076,448
ccp,wine,64,64,1,0.25,1.2802360586551225,0.45076923076923076,448
cegb,breastcancer,1024,14,8,0.125,0.9516483516483516,0.9210526315789473,52
ccp,wine,32,32,4,0.5,1.2802360586551225,0.45076923076923076,224
cegb,breastcancer,128,2,2,0.5,0.6329670329670329,0.6052631578947368,6
ccp,california_housing,512,512,2,0.5,1.3276217235799053,1.3473246598968645,512
cegb,breastcancer,1,1,4,0.5,0.6329670329670329,0.6052631578947368,3
cegb,breastcancer,16,7,8,0.25,0.9340659340659341,0.9298245614035088,21
cegb,breastcancer,64,36,8,0.0078125,0.9956043956043956,0.9298245614035088,370
cegb,breastcancer,32,21,1,0.0625,0.9604395604395605,0.9122807017543859,63
cegb,breastcancer,512,21,1,0.0625,0.9604395604395605,0.9122807017543859,63
ccp,california_housing,1024,1024,1,0.5,1.3276217235799053,1.3473246598968645,1024
cegb,breastcancer,1024,25,8,0.03125,0.9912087912087912,0.9298245614035088,157
cegb,breastcancer,1024,7,2,0.25,0.9340659340659341,0.9298245614035088,21
ccp,wine,128,128,2,0.5,1.2802360586551225,0.45076923076923076,896
ccp,covtype,32,32,8,0.03125,1.3618520315038658,0.6646644234658313,34
ccp,covtype,32,32,1,0.25,1.3857056791728541,0.5134807190864263,32
ccp,wine,64,64,2,0.03125,1.2802360586551225,0.45076923076923076,448
cegb,breastcancer,4,4,1,0.25,0.9120879120879121,0.9210526315789473,12
cegb,breastcancer,512,33,2,0.015625,0.9934065934065934,0.9298245614035088,199
ccp,wine,64,64,4,0.03125,1.2802360586551225,0.45076923076923076,448
cegb,breastcancer,4,4,2,0.0625,0.9428571428571428,0.9210526315789473,26
cegb,breastcancer,8,8,4,0.125,0.9428571428571428,0.9122807017543859,34
cegb,breastcancer,2,2,1,0.03125,0.6329670329670329,0.6052631578947368,6
ccp,wine,16,16,8,0.03125,1.2802360586551225,0.45076923076923076,112
cegb,breastcancer,1,1,8,0.125,0.6329670329670329,0.6052631578947368,13
cegb,breastcancer,1024,36,8,0.0078125,0.9956043956043956,0.9298245614035088,370
cegb,breastcancer,32,32,2,0.015625,0.9934065934065934,0.9298245614035088,194
cegb,breastcancer,2,2,2,0.0078125,0.6329670329670329,0.6052631578947368,14
cegb,breastcancer,32,32,8,0.0,0.9956043956043956,0.9473684210526315,990
cegb,breastcancer,128,14,4,0.125,0.9516483516483516,0.9210526315789473,52
cegb,breastcancer,512,512,8,0.0,1.0,0.956140350877193,6718
cegb,breastcancer,4,4,4,0.015625,0.9494505494505494,0.9122807017543859,44
cegb,breastcancer,8,8,1,0.0,0.9340659340659341,0.9298245614035088,24
ccp,covtype,8,8,4,0.0625,1.3857056791728541,0.5134807190864263,8
cegb,breastcancer,8,8,8,0.03125,0.9692307692307692,0.9298245614035088,70
cegb,breastcancer,16,16,1,0.0078125,0.9538461538461539,0.9210526315789473,48
ccp,kin8nm,1024,1024,2,0.03125,0.06907644570634451,0.0710960971386598,1024
cegb,breastcancer,1024,19,4,0.0625,0.978021978021978,0.9210526315789473,107
cegb,breastcancer,512,32,8,0.015625,0.9934065934065934,0.9298245614035088,246
ccp,wine,32,32,8,0.5,1.2802360586551225,0.45076923076923076,224
ccp,kin8nm,256,256,8,0.125,0.06907644570634451,0.0710960971386598,256
cegb,breastcancer,1024,7,8,0.25,0.9340659340659341,0.9298245614035088,21
cegb,breastcancer,8,7,2,0.25,0.9340659340659341,0.9298245614035088,21
ccp,kin8nm,256,256,4,0.03125,0.06907644570634451,0.0710960971386598,256
ccp,covtype,4,4,8,0.0,1.1390006743830239,0.8038604855296335,1838
cegb,breastcancer,128,25,8,0.03125,0.9912087912087912,0.9298245614035088,157
ccp,wine,1,1,1,0.125,1.2802360586551225,0.45076923076923076,7
cegb,breastcancer,64,32,4,0.015625,0.9934065934065934,0.9298245614035088,246
cegb,breastcancer,64,19,2,0.0625,0.9714285714285714,0.9210526315789473,89
cegb,breastcancer,64,7,1,0.25,0.9340659340659341,0.9298245614035088,21
cegb,breastcancer,1024,7,1,0.25,0.9340659340659341,0.9298245614035088,21
cegb,breastcancer,2,2,8,0.5,0.6329670329670329,0.6052631578947368,6
cegb,breastcancer,256,74,1,0.0078125,0.9912087912087912,0.9298245614035088,222
cegb,breastcancer,16,2,4,0.5,0.6329670329670329,0.6052631578947368,6
cegb,breastcancer,256,14,8,0.125,0.9516483516483516,0.9210526315789473,52
cegb,breastcancer,256,2,4,0.5,0.6329670329670329,0.6052631578947368,6
lgbm_base,kr-vs-kp,64,64,1,0.0,0.9420970266040689,0.9359375,192
lgbm_quant,kr-vs-kp,64,64,1,0.0,0.9420970266040689,0.9359375,192
ccp,kin8nm,256,256,1,0.0,0.037708663510078455,0.040318917080688244,768
ccp,california_housing,512,512,4,0.0,0.11718597300528032,0.21461125883275983,15212
cegb,breastcancer,1024,19,8,0.0625,0.978021978021978,0.9210526315789473,107
ccp,kin8nm,512,512,4,0.5,0.06907644570634451,0.0710960971386598,512
ccp,wine,256,256,1,0.015625,1.2464724129309408,0.45076923076923076,1800
ccp,kin8nm,512,512,2,0.25,0.06907644570634451,0.0710960971386598,512
cegb,breastcancer,128,7,2,0.25,0.9340659340659341,0.9298245614035088,21
cegb,breastcancer,1,1,4,0.25,0.6329670329670329,0.6052631578947368,3
cegb,breastcancer,16,14,8,0.125,0.9516483516483516,0.9210526315789473,52
cegb,breastcancer,128,128,1,0.0,0.9934065934065934,0.9385964912280702,384
cegb,breastcancer,32,32,1,0.03125,0.9692307692307692,0.9122807017543859,96
lgbm_base,kr-vs-kp,32,32,8,0.0,0.9839593114241002,0.96875,1716
lgbm_quant,kr-vs-kp,32,32,8,0.0,0.9839593114241002,0.96875,1716
cegb,breastcancer,512,33,1,0.03125,0.9714285714285714,0.9210526315789473,99
cegb,breastcancer,1024,13,2,0.125,0.9428571428571428,0.9035087719298246,45
cegb,breastcancer,1024,32,8,0.015625,0.9934065934065934,0.9298245614035088,246
ccp,kin8nm,1024,1024,4,0.03125,0.06907644570634451,0.0710960971386598,1024
cegb,breastcancer,512,42,2,0.0078125,0.9934065934065934,0.9385964912280702,276
ccp,wine,64,64,1,0.125,1.2802360586551225,0.45076923076923076,448
cegb,breastcancer,4,4,1,0.125,0.9120879120879121,0.9210526315789473,12
cegb,breastcancer,2,2,1,0.015625,0.6329670329670329,0.6052631578947368,6
cegb,breastcancer,4,4,2,0.03125,0.945054945054945,0.9122807017543859,28
cegb,breastcancer,8,8,4,0.0625,0.9604395604395605,0.9210526315789473,66
cegb,breastcancer,1,1,8,0.0625,0.6329670329670329,0.6052631578947368,13
cegb,breastcancer,32,32,2,0.0078125,0.9934065934065934,0.9385964912280702,212
cegb,breastcancer,2,2,4,0.0,0.6329670329670329,0.6052631578947368,32
cegb,kr-vs-kp,1,1,1,0.0,0.5238654147104851,0.515625,3
cegb,breastcancer,128,19,4,0.0625,0.978021978021978,0.9210526315789473,107
cegb,breastcancer,512,2,8,0.5,0.6329670329670329,0.6052631578947368,6
cegb,breastcancer,32,2,8,0.5,0.6329670329670329,0.6052631578947368,6
cegb,breastcancer,4,4,4,0.0078125,0.9494505494505494,0.9122807017543859,44
lgbm_base,kr-vs-kp,32,32,2,0.0,0.9420970266040689,0.9359375,220
lgbm_quant,kr-vs-kp,32,32,2,0.0,0.9420970266040689,0.9359375,220
cegb,breastcancer,8,8,8,0.015625,0.9802197802197802,0.9298245614035088,78
cegb,breastcancer,8,2,1,0.5,0.6329670329670329,0.6052631578947368,6
ccp,wine,32,32,4,0.25,1.2802360586551225,0.45076923076923076,224
ccp,california_housing,256,256,4,0.0625,0.7730898222733464,0.7969584333851376,298
ccp,kin8nm,1024,1024,1,0.0625,0.06907644570634451,0.0710960971386598,1024
cegb,breastcancer,1024,25,4,0.03125,0.9912087912087912,0.9298245614035088,157
cegb,breastcancer,16,16,2,0.0,0.9802197802197802,0.9122807017543859,112
ccp,california_housing,1024,1024,4,0.0625,0.7730898222733464,0.7969584333851376,1066
cegb,kr-vs-kp,1,1,2,0.5,0.5238654147104851,0.515625,1
cegb,kr-vs-kp,1,1,4,0.125,0.9420970266040689,0.9359375,11
cegb,breastcancer,8,8,2,0.125,0.9318681318681319,0.9210526315789473,30
cegb,kr-vs-kp,1,1,8,0.03125,0.9628325508607198,0.959375,31
lgbm_base,kr-vs-kp,32,32,4,0.0,0.94679186228482,0.94375,616
lgbm_quant,kr-vs-kp,32,32,4,0.0,0.94679186228482,0.94375,616
cegb,breastcancer,128,32,8,0.015625,0.9934065934065934,0.9298245614035088,246
cegb,breastcancer,64,26,2,0.03125,0.9868131868131869,0.9210526315789473,140
cegb,breastcancer,64,36,4,0.0078125,0.9956043956043956,0.9385964912280702,350
cegb,breastcancer,64,14,1,0.125,0.9516483516483516,0.9122807017543859,42
cegb,breastcancer,2,2,8,0.25,0.6329670329670329,0.6052631578947368,6
cegb,breastcancer,1024,14,1,0.125,0.9516483516483516,0.9122807017543859,42
ccp,wine,1,1,1,0.0625,1.2802360586551225,0.45076923076923076,7
cegb,kr-vs-kp,2,2,1,0.0078125,0.5238654147104851,0.515625,6
cegb,breastcancer,256,256,2,0.0,1.0,0.956140350877193,1762
cegb,breastcancer,256,7,4,0.25,0.9340659340659341,0.9298245614035088,21
cegb,breastcancer,16,7,4,0.25,0.9340659340659341,0.9298245614035088,21
cegb,breastcancer,256,19,8,0.0625,0.978021978021978,0.9210526315789473,107
ccp,california_housing,128,128,8,0.015625,0.46482196477184273,0.4881227910449683,322
ccp,wine,256,256,2,0.0078125,1.1947004429849775,0.5484615384615384,1824
ccp,wine,64,64,2,0.015625,1.246472412931184,0.45076923076923076,456
cegb,breastcancer,128,13,2,0.125,0.9428571428571428,0.9035087719298246,45
ccp,wine,16,16,8,0.015625,1.2464724289453182,0.45076923076923076,120
cegb,kr-vs-kp,2,1,4,0.5,0.5238654147104851,0.515625,1
cegb,breastcancer,128,2,1,0.5,0.6329670329670329,0.6052631578947368,6
cegb,breastcancer,16,16,8,0.0625,0.9758241758241758,0.9210526315789473,98
cegb,kr-vs-kp,2,2,8,0.125,0.9420970266040689,0.9359375,20
cegb,breastcancer,32,32,1,0.015625,0.9692307692307692,0.9122807017543859,96
cegb,breastcancer,512,49,1,0.015625,0.9846153846153847,0.9210526315789473,147
cegb,breastcancer,1024,19,2,0.0625,0.9714285714285714,0.9210526315789473,89
cegb,kr-vs-kp,4,4,1,0.03125,0.7832550860719875,0.7546875,12
ccp,kin8nm,256,256,1,0.5,0.06907644570634451,0.0710960971386598,256
cegb,breastcancer,512,512,4,0.0,1.0,0.956140350877193,4740
ccp,wine,512,512,4,0.03125,1.2802360586551225,0.45076923076923076,3584
cegb,breastcancer,4,4,1,0.0625,0.9120879120879121,0.9210526315789473,12
cegb,breastcancer,8,8,4,0.03125,0.9692307692307692,0.9298245614035088,70
ccp,wine,128,128,8,0.25,1.2802360586551225,0.45076923076923076,896
cegb,kr-vs-kp,4,4,2,0.0078125,0.906885758998435,0.89375,20
cegb,breastcancer,32,32,4,0.0,0.9956043956043956,0.9473684210526315,560
cegb,breastcancer,4,4,2,0.015625,0.945054945054945,0.9122807017543859,28
cegb,kr-vs-kp,1,1,1,0.5,0.5238654147104851,0.515625,1
cegb,kr-vs-kp,8,5,1,0.125,0.906885758998435,0.89375,15
cegb,breastcancer,512,7,8,0.25,0.9340659340659341,0.9298245614035088,21
cegb,kr-vs-kp,4,1,8,0.5,0.5238654147104851,0.515625,1
cegb,breastcancer,32,7,8,0.25,0.9340659340659341,0.9298245614035088,21
cegb,breastcancer,128,25,4,0.03125,0.9912087912087912,0.9298245614035088,157
cegb,breastcancer,4,4,8,0.0,0.9494505494505494,0.9122807017543859,88
cegb,breastcancer,8,8,8,0.0078125,0.9802197802197802,0.9298245614035088,78
cegb,kr-vs-kp,8,8,4,0.0078125,0.9420970266040689,0.9359375,110
cegb,kr-vs-kp,8,8,2,0.03125,0.906885758998435,0.89375,44
ccp,wine,128,128,2,0.25,1.2802360586551225,0.45076923076923076,896
cegb,breastcancer,8,7,1,0.25,0.9340659340659341,0.9298245614035088,21
cegb,breastcancer,16,2,2,0.5,0.6329670329670329,0.6052631578947368,6
cegb,kr-vs-kp,1,1,2,0.25,0.5238654147104851,0.515625,1
cegb,breastcancer,1024,32,4,0.015625,0.9934065934065934,0.9298245614035088,246
ccp,wine,64,64,4,0.015625,1.246472412931184,0.45076923076923076,456
cegb,kr-vs-kp,1,1,4,0.0625,0.9420970266040689,0.9359375,11
ccp,wine,64,64,1,0.0625,1.2802360586551225,0.45076923076923076,448
cegb,breastcancer,8,8,2,0.0625,0.9516483516483516,0.9210526315789473,46
ccp,california_housing,1024,1024,2,0.0625,0.7746475385777153,0.7993185987404937,1066
cegb,breastcancer,128,36,8,0.0078125,0.9956043956043956,0.9298245614035088,370
cegb,kr-vs-kp,1,1,8,0.015625,0.9604851330203443,0.959375,45
cegb,breastcancer,1024,21,1,0.0625,0.9604395604395605,0.9122807017543859,63
cegb,breastcancer,64,64,8,0.0,1.0,0.9473684210526315,2392
ccp,wine,1,1,1,0.03125,1.2802360586551225,0.45076923076923076,7
cegb,kr-vs-kp,2,2,2,0.0,0.906885758998435,0.89375,10
cegb,breastcancer,64,33,2,0.015625,0.9934065934065934,0.9298245614035088,199
cegb,breastcancer,64,21,1,0.0625,0.9604395604395605,0.9122807017543859,63
cegb,breastcancer,256,2,2,0.5,0.6329670329670329,0.6052631578947368,6
cegb,kr-vs-kp,16,1,1,0.5,0.5238654147104851,0.515625,1
ccp,wine,32,32,8,0.25,1.2802360586551225,0.45076923076923076,224
cegb,breastcancer,16,14,4,0.125,0.9516483516483516,0.9210526315789473,52
cegb,breastcancer,256,14,4,0.125,0.9516483516483516,0.9210526315789473,52
cegb,breastcancer,256,25,8,0.03125,0.9912087912087912,0.9298245614035088,157
lgbm_base,kr-vs-kp,64,64,2,0.0,0.9420970266040689,0.9359375,444
lgbm_quant,kr-vs-kp,64,64,2,0.0,0.9420970266040689,0.9359375,444
ccp,covtype,16,16,2,0.25,1.3857056791728541,0.5134807190864263,16
ccp,covtype,4,4,8,0.015625,1.2654040649766898,0.728285844599537,18
cegb,breastcancer,128,19,2,0.0625,0.9714285714285714,0.9210526315789473,89
ccp,kin8nm,256,256,4,0.015625,0.06605257365749215,0.06805826396514195,258
cegb,kr-vs-kp,16,3,2,0.125,0.906885758998435,0.89375,15
cegb,breastcancer,128,7,1,0.25,0.9340659340659341,0.9298245614035088,21
ccp,wine,1024,1024,2,0.5,1.2802360586551225,0.45076923076923076,7168
cegb,kr-vs-kp,2,1,4,0.25,0.5238654147104851,0.515625,1
ccp,wine,128,128,4,0.25,1.2802360586551225,0.45076923076923076,896
cegb,breastcancer,32,32,1,0.0078125,0.9692307692307692,0.9122807017543859,96
cegb,kr-vs-kp,2,2,8,0.0625,0.9420970266040689,0.9359375,20
cegb,breastcancer,16,16,8,0.03125,0.9846153846153847,0.9385964912280702,118
ccp,covtype,8,8,8,0.25,1.3857056791728541,0.5134807190864263,8
cegb,breastcancer,512,74,1,0.0078125,0.9912087912087912,0.9298245614035088,222
cegb,kr-vs-kp,4,4,1,0.015625,0.7832550860719875,0.7546875,12
cegb,breastcancer,1024,26,2,0.03125,0.9868131868131869,0.9210526315789473,140
cegb,breastcancer,512,2,4,0.5,0.6329670329670329,0.6052631578947368,6
cegb,breastcancer,8,8,4,0.015625,0.9802197802197802,0.9298245614035088,78
cegb,kr-vs-kp,4,4,4,0.0,0.9420970266040689,0.9359375,70
cegb,breastcancer,32,2,4,0.5,0.6329670329670329,0.6052631578947368,6
cegb,kr-vs-kp,8,8,1,0.0625,0.906885758998435,0.89375,24
ccp,wine,64,64,8,0.015625,1.246472412931184,0.45076923076923076,456
cegb,breastcancer,32,14,8,0.125,0.9516483516483516,0.9210526315789473,52
cegb,kr-vs-kp,1,1,1,0.25,0.5238654147104851,0.515625,1
cegb,kr-vs-kp,16,13,4,0.03125,0.9420970266040689,0.9359375,135
cegb,kr-vs-kp,4,1,8,0.25,0.5238654147104851,0.515625,1
cegb,breastcancer,128,32,4,0.015625,0.9934065934065934,0.9298245614035088,246
cegb,kr-vs-kp,8,8,8,0.0,0.9698748043818466,0.9578125,362
cegb,kr-vs-kp,16,16,8,0.0078125,0.9702660406885759,0.965625,558
ccp,california_housing,256,256,8,0.25,1.0775424914093958,1.099237091366297,264
ccp,wine,256,256,1,0.0078125,1.2075618375315063,0.52,1816
cegb,breastcancer,16,16,1,0.0,0.9538461538461539,0.9210526315789473,48
cegb,kr-vs-kp,8,8,2,0.015625,0.906885758998435,0.89375,44
ccp,kin8nm,256,256,1,0.25,0.06907644570634451,0.0710960971386598,256
ccp,wine,512,512,1,0.125,1.2802360586551225,0.45076923076923076,3584
cegb,kr-vs-kp,32,1,2,0.5,0.5238654147104851,0.515625,1
cegb,breastcancer,16,7,2,0.25,0.9340659340659341,0.9298245614035088,21
ccp,covtype,16,16,4,0.5,1.3857056791728541,0.5134807190864263,16
ccp,wine,64,64,2,0.0078125,1.194700443052172,0.5484615384615384,480
cegb,kr-vs-kp,1,1,2,0.125,0.7832550860719875,0.7546875,5
cegb,breastcancer,1024,36,4,0.0078125,0.9956043956043956,0.9385964912280702,350
cegb,kr-vs-kp,1,1,4,0.03125,0.9420970266040689,0.9359375,11
cegb,kr-vs-kp,32,3,4,0.125,0.9420970266040689,0.9359375,29
cegb,kr-vs-kp,1,1,8,0.0078125,0.9604851330203443,0.959375,45
cegb,breastcancer,256,256,1,0.0,0.9956043956043956,0.9473684210526315,768
cegb,breastcancer,1024,33,1,0.03125,0.9714285714285714,0.9210526315789473,99
ccp,california_housing,512,512,2,0.25,1.0775424914093958,1.099237091366297,520
cegb,breastcancer,64,42,2,0.0078125,0.9934065934065934,0.9385964912280702,276
cegb,breastcancer,64,2,8,0.5,0.6329670329670329,0.6052631578947368,6
ccp,wine,1,1,1,0.015625,1.2697513967390586,0.45076923076923076,9
cegb,kr-vs-kp,2,1,2,0.5,0.5238654147104851,0.515625,1
cegb,kr-vs-kp,16,1,1,0.25,0.5238654147104851,0.515625,1
cegb,breastcancer,16,16,4,0.0625,0.9758241758241758,0.9210526315789473,98
cegb,breastcancer,256,7,2,0.25,0.9340659340659341,0.9298245614035088,21
cegb,breastcancer,64,33,1,0.03125,0.9714285714285714,0.9210526315789473,99
ccp,california_housing,1024,1024,1,0.25,1.0775424914093958,1.099237091366297,1032
cegb,breastcancer,256,19,4,0.0625,0.978021978021978,0.9210526315789473,107
cegb,breastcancer,256,32,8,0.015625,0.9934065934065934,0.9298245614035088,246
cegb,kr-vs-kp,32,14,8,0.03125,0.9628325508607198,0.959375,302
ccp,kin8nm,1024,1024,1,0.03125,0.06907644570634451,0.0710960971386598,1024
cegb,breastcancer,128,26,2,0.03125,0.9868131868131869,0.9210526315789473,140
cegb,breastcancer,128,14,1,0.125,0.9516483516483516,0.9122807017543859,42
cegb,kr-vs-kp,16,9,2,0.0625,0.906885758998435,0.89375,49
cegb,kr-vs-kp,2,2,4,0.125,0.9420970266040689,0.9359375,20
ccp,wine,64,64,1,0.03125,1.2802360586551225,0.45076923076923076,448
cegb,kr-vs-kp,64,64,1,0.0078125,0.9420970266040689,0.9359375,192
cegb,breastcancer,16,16,8,0.015625,0.9868131868131869,0.9298245614035088,136
cegb,kr-vs-kp,2,2,8,0.03125,0.9628325508607198,0.959375,52
cegb,breastcancer,32,32,2,0.0,0.9934065934065934,0.9385964912280702,224
ccp,kin8nm,1024,1024,2,0.015625,0.06605257365749215,0.06805826396514195,1026
cegb,kr-vs-kp,4,4,1,0.0078125,0.7832550860719875,0.7546875,12
cegb,breastcancer,1024,33,2,0.015625,0.9934065934065934,0.9298245614035088,199
cegb,breastcancer,512,512,2,0.0,1.0,0.956140350877193,3418
ccp,wine,512,512,2,0.0625,1.2802360586551225,0.45076923076923076,3584
cegb,breastcancer,512,7,4,0.25,0.9340659340659341,0.9298245614035088,21
cegb,kr-vs-kp,64,1,4,0.5,0.5238654147104851,0.515625,1
cegb,kr-vs-kp,4,1,4,0.5,0.5238654147104851,0.515625,1
ccp,covtype,32,32,2,0.03125,1.3618520315038658,0.6646644234658313,34
cegb,breastcancer,32,19,8,0.0625,0.978021978021978,0.9210526315789473,107
cegb,kr-vs-kp,8,8,1,0.03125,0.906885758998435,0.89375,24
cegb,breastcancer,32,7,4,0.25,0.9340659340659341,0.9298245614035088,21
cegb,kr-vs-kp,16,16,4,0.015625,0.9420970266040689,0.9359375,184
cegb,kr-vs-kp,1,1,1,0.125,0.5238654147104851,0.515625,3
cegb,kr-vs-kp,4,3,8,0.125,0.9420970266040689,0.9359375,29
cegb,breastcancer,128,36,4,0.0078125,0.9956043956043956,0.9385964912280702,350
ccp,kin8nm,512,512,4,0.25,0.06907644570634451,0.0710960971386598,512
cegb,kr-vs-kp,8,1,8,0.5,0.5238654147104851,0.515625,1
ccp,california_housing,1024,1024,8,0.03125,0.6186204080045533,0.6436123456960643,1114
cegb,kr-vs-kp,32,32,1,0.0,0.906885758998435,0.89375,96
cegb,kr-vs-kp,8,8,2,0.0078125,0.906885758998435,0.89375,44
cegb,kr-vs-kp,64,3,8,0.125,0.9420970266040689,0.9359375,29
cegb,kr-vs-kp,128,48,1,0.03125,0.9420970266040689,0.9359375,144
cegb,kr-vs-kp,32,1,2,0.25,0.5238654147104851,0.515625,1
cegb,kr-vs-kp,128,54,2,0.0078125,0.9420970266040689,0.9359375,330
ccp,kin8nm,512,512,8,0.03125,0.06907644570634451,0.0710960971386598,512
cegb,kr-vs-kp,1,1,2,0.0625,0.7832550860719875,0.7546875,5
ccp,covtype,32,32,1,0.125,1.3857056791728541,0.5134807190864263,32
cegb,kr-vs-kp,1,1,4,0.015625,0.9420970266040689,0.9359375,15
cegb,breastcancer,1024,1024,8,0.0,1.0,0.956140350877193,8254
cegb,kr-vs-kp,32,8,4,0.0625,0.9420970266040689,0.9359375,82
ccp,kin8nm,256,256,8,0.0625,0.06907644570634451,0.0710960971386598,256
cegb,breastcancer,1024,49,1,0.015625,0.9846153846153847,0.9210526315789473,147
cegb,breastcancer,256,2,1,0.5,0.6329670329670329,0.6052631578947368,6
cegb,breastcancer,64,7,8,0.25,0.9340659340659341,0.9298245614035088,21
cegb,kr-vs-kp,2,2,1,0.0,0.5238654147104851,0.515625,6
ccp,covtype,8,8,4,0.03125,1.3618520318464338,0.6646644234658313,10
cegb,breastcancer,64,64,4,0.0,1.0,0.9473684210526315,1188
cegb,kr-vs-kp,2,1,2,0.25,0.5238654147104851,0.515625,1
ccp,wine,1,1,1,0.0078125,1.2619293641018376,0.45076923076923076,11
cegb,kr-vs-kp,128,1,8,0.5,0.5238654147104851,0.515625,1
cegb,breastcancer,256,13,2,0.125,0.9428571428571428,0.9035087719298246,45
ccp,wine,128,128,2,0.125,1.2802360586551225,0.45076923076923076,896
cegb,kr-vs-kp,16,5,1,0.125,0.906885758998435,0.89375,15
cegb,breastcancer,64,49,1,0.015625,0.9846153846153847,0.9210526315789473,147
ccp,wine,64,64,4,0.0078125,1.194700443052172,0.5484615384615384,480
cegb,kr-vs-kp,256,5,1,0.125,0.906885758998435,0.89375,15
cegb,breastcancer,256,25,4,0.03125,0.9912087912087912,0.9298245614035088,157
cegb,breastcancer,256,36,8,0.0078125,0.9956043956043956,0.9298245614035088,370
cegb,kr-vs-kp,32,20,8,0.015625,0.9730046948356808,0.9640625,558
cegb,breastcancer,128,33,2,0.015625,0.9934065934065934,0.9298245614035088,199
cegb,kr-vs-kp,16,16,2,0.03125,0.906885758998435,0.89375,90
cegb,kr-vs-kp,2,2,4,0.0625,0.9420970266040689,0.9359375,20
cegb,breastcancer,128,21,1,0.0625,0.9604395604395605,0.9122807017543859,63
cegb,kr-vs-kp,64,64,2,0.0,0.9420970266040689,0.9359375,440
ccp,wine,32,32,8,0.125,1.2802360586551225,0.45076923076923076,224
cegb,kr-vs-kp,2,2,8,0.015625,0.9628325508607198,0.959375,66
ccp,california_housing,256,256,4,0.03125,0.6186204080045533,0.6436123456960643,346
cegb,kr-vs-kp,256,20,2,0.03125,0.939358372456964,0.9296875,116
cegb,kr-vs-kp,256,26,4,0.0078125,0.9420970266040689,0.9359375,314
cegb,kr-vs-kp,4,4,2,0.0,0.906885758998435,0.89375,22
cegb,breastcancer,1024,42,2,0.0078125,0.9934065934065934,0.9385964912280702,276
cegb,breastcancer,512,2,2,0.5,0.6329670329670329,0.6052631578947368,6
cegb,kr-vs-kp,64,1,4,0.25,0.5238654147104851,0.515625,1
cegb,breastcancer,512,14,4,0.125,0.9516483516483516,0.9210526315789473,52
cegb,kr-vs-kp,8,8,1,0.015625,0.906885758998435,0.89375,24
cegb,kr-vs-kp,512,1,1,0.5,0.5238654147104851,0.515625,1
cegb,kr-vs-kp,4,1,4,0.25,0.5238654147104851,0.515625,1
cegb,kr-vs-kp,16,16,4,0.0078125,0.9420970266040689,0.9359375,198
cegb,kr-vs-kp,1,1,1,0.0625,0.5238654147104851,0.515625,3
cegb,kr-vs-kp,512,3,2,0.125,0.906885758998435,0.89375,15
cegb,kr-vs-kp,4,4,8,0.0625,0.9420970266040689,0.9359375,38
cegb,kr-vs-kp,8,1,8,0.25,0.5238654147104851,0.515625,1
ccp,wine,64,64,1,0.015625,1.246472412931184,0.45076923076923076,456
cegb,breastcancer,128,128,8,0.0,1.0,0.956140350877193,4976
cegb,kr-vs-kp,32,1,1,0.5,0.5238654147104851,0.515625,1
cegb,kr-vs-kp,8,8,4,0.0,0.9420970266040689,0.9359375,138
ccp,covtype,128,128,1,0.0078125,1.2185581334712854,0.7283891121571732,156
cegb,kr-vs-kp,64,8,8,0.0625,0.9420970266040689,0.9359375,94
cegb,kr-vs-kp,32,3,2,0.125,0.906885758998435,0.89375,15
ccp,covtype,32,32,4,0.03125,1.3618520315038658,0.6646644234658313,34
cegb,kr-vs-kp,128,86,1,0.015625,0.9397496087636933,0.9328125,258
cegb,kr-vs-kp,1,1,2,0.03125,0.7832550860719875,0.7546875,5
cegb,kr-vs-kp,128,128,4,0.0,0.9835680751173709,0.9828125,2828
cegb,kr-vs-kp,1,1,4,0.0078125,0.9420970266040689,0.9359375,15
cegb,kr-vs-kp,32,13,4,0.03125,0.9420970266040689,0.9359375,135
cegb,kr-vs-kp,512,13,4,0.03125,0.9420970266040689,0.9359375,135
cegb,breastcancer,1024,74,1,0.0078125,0.9912087912087912,0.9298245614035088,222
cegb,kr-vs-kp,512,3,8,0.125,0.9420970266040689,0.9359375,29
cegb,breastcancer,256,7,1,0.25,0.9340659340659341,0.9298245614035088,21
cegb,kr-vs-kp,2,2,2,0.125,0.906885758998435,0.89375,10
cegb,kr-vs-kp,2,1,1,0.5,0.5238654147104851,0.515625,1
cegb,kr-vs-kp,512,26,8,0.0078125,0.980829420970266,0.96875,896
ccp,wine,1,1,2,0.0,1.23620616860296,0.45076923076923076,49
ccp,wine,64,64,4,0.0,0.6937367818105482,0.6153846153846154,12256
cegb,kr-vs-kp,128,1,8,0.25,0.5238654147104851,0.515625,1
cegb,kr-vs-kp,16,16,1,0.0625,0.906885758998435,0.89375,48
cegb,breastcancer,256,19,2,0.0625,0.9714285714285714,0.9210526315789473,89
cegb,breastcancer,256,32,4,0.015625,0.9934065934065934,0.9298245614035088,246
cegb,kr-vs-kp,1024,1,2,0.5,0.5238654147104851,0.515625,1
cegb,kr-vs-kp,256,22,1,0.0625,0.906885758998435,0.89375,66
cegb,kr-vs-kp,32,26,8,0.0078125,0.980829420970266,0.96875,896
cegb,breastcancer,512,512,1,0.0,1.0,0.9473684210526315,1536
cegb,kr-vs-kp,16,16,2,0.015625,0.906885758998435,0.89375,90
cegb,kr-vs-kp,64,1,2,0.5,0.5238654147104851,0.515625,1
cegb,kr-vs-kp,2,2,4,0.03125,0.9420970266040689,0.9359375,20
cegb,kr-vs-kp,2,2,8,0.0078125,0.9663536776212832,0.959375,84
cegb,kr-vs-kp,1024,3,4,0.125,0.9420970266040689,0.9359375,29
ccp,kin8nm,1024,1024,1,0.015625,0.06605257365749215,0.06805826396514195,1026
cegb,kr-vs-kp,256,33,2,0.015625,0.9420970266040689,0.9359375,195
cegb,kr-vs-kp,4,1,2,0.5,0.5238654147104851,0.515625,1
cegb,kr-vs-kp,1024,1,8,0.5,0.5238654147104851,0.515625,1
cegb,breastcancer,512,7,2,0.25,0.9340659340659341,0.9298245614035088,21
cegb,breastcancer,1024,1024,4,0.0,1.0,0.956140350877193,6276
cegb,kr-vs-kp,64,3,4,0.125,0.9420970266040689,0.9359375,29
cegb,kr-vs-kp,256,256,8,0.0,0.9956964006259781,0.978125,15432
cegb,breastcancer,512,19,4,0.0625,0.978021978021978,0.9210526315789473,107
cegb,kr-vs-kp,8,8,1,0.0078125,0.906885758998435,0.89375,24
ccp,wine,128,128,4,0.125,1.2802360586551225,0.45076923076923076,896
cegb,kr-vs-kp,4,3,4,0.125,0.9420970266040689,0.9359375,29
cegb,kr-vs-kp,512,1,1,0.25,0.5238654147104851,0.515625,1
cegb,kr-vs-kp,16,16,8,0.0,0.9710485133020345,0.965625,848
ccp,california_housing,128,128,8,0.0078125,0.3978378923997165,0.41810599215679173,492
cegb,kr-vs-kp,1,1,1,0.03125,0.5238654147104851,0.515625,3
cegb,kr-vs-kp,4,4,8,0.03125,0.9628325508607198,0.959375,94
cegb,kr-vs-kp,512,9,2,0.0625,0.906885758998435,0.89375,49
cegb,kr-vs-kp,8,3,8,0.125,0.9420970266040689,0.9359375,29
cegb,kr-vs-kp,32,1,1,0.25,0.5238654147104851,0.515625,1
ccp,kin8nm,512,512,8,0.5,0.06907644570634451,0.0710960971386598,512
cegb,kr-vs-kp,1024,14,8,0.03125,0.9628325508607198,0.959375,302
cegb,kr-vs-kp,1024,3,8,0.125,0.9420970266040689,0.9359375,29
cegb,kr-vs-kp,8,1,4,0.5,0.5238654147104851,0.515625,1
cegb,kr-vs-kp,64,14,8,0.03125,0.9628325508607198,0.959375,302
cegb,kr-vs-kp,32,9,2,0.0625,0.906885758998435,0.89375,49
cegb,kr-vs-kp,1,1,2,0.015625,0.7832550860719875,0.7546875,5
cegb,kr-vs-kp,128,128,1,0.0078125,0.9397496087636933,0.9328125,384
cegb,kr-vs-kp,128,1,4,0.5,0.5238654147104851,0.515625,1
cegb,kr-vs-kp,1,1,8,0.0,0.960093896713615,0.953125,43
cegb,kr-vs-kp,32,19,4,0.015625,0.9420970266040689,0.9359375,213
cegb,kr-vs-kp,512,19,4,0.015625,0.9420970266040689,0.9359375,213
cegb,breastcancer,1024,1024,2,0.0,1.0,0.956140350877193,5196
cegb,kr-vs-kp,2,2,2,0.0625,0.906885758998435,0.89375,10
cegb,kr-vs-kp,512,8,8,0.0625,0.9420970266040689,0.9359375,94
cegb,kr-vs-kp,2,1,1,0.25,0.5238654147104851,0.515625,1
cegb,kr-vs-kp,1024,1024,1,0.0,0.9585289514866979,0.953125,3072
cegb,kr-vs-kp,128,3,8,0.125,0.9420970266040689,0.9359375,29
cegb,kr-vs-kp,1024,26,8,0.0078125,0.980829420970266,0.96875,896
cegb,kr-vs-kp,16,16,1,0.03125,0.906885758998435,0.89375,48
cegb,kr-vs-kp,1024,1,2,0.25,0.5238654147104851,0.515625,1
cegb,kr-vs-kp,256,48,1,0.03125,0.9420970266040689,0.9359375,144
cegb,kr-vs-kp,64,64,1,0.0,0.9420970266040689,0.9359375,192
ccp,wine,64,64,8,0.0078125,1.194700443052172,0.5484615384615384,480
cegb,kr-vs-kp,64,1,2,0.25,0.5238654147104851,0.515625,1
cegb,kr-vs-kp,2,2,4,0.015625,0.9420970266040689,0.9359375,24
cegb,kr-vs-kp,16,16,2,0.0078125,0.906885758998435,0.89375,90
cegb,kr-vs-kp,4,4,1,0.0,0.7832550860719875,0.7546875,12
cegb,kr-vs-kp,1024,8,4,0.0625,0.9420970266040689,0.9359375,82
cegb,kr-vs-kp,256,54,2,0.0078125,0.9420970266040689,0.9359375,330
ccp,california_housing,512,512,8,0.0,0.00911638865405042,0.2087195971667267,146946
cegb,kr-vs-kp,1024,1,8,0.25,0.5238654147104851,0.515625,1
cegb,kr-vs-kp,4,1,2,0.25,0.5238654147104851,0.515625,1
ccp,wine,128,128,2,0.0625,1.2802360586551225,0.45076923076923076,896
ccp,wine,256,256,2,0.0,0.7755266401779894,0.5861538461538461,12488
cegb,kr-vs-kp,256,1,8,0.5,0.5238654147104851,0.515625,1
cegb,kr-vs-kp,64,8,4,0.0625,0.9420970266040689,0.9359375,82
cegb,breastcancer,1024,2,4,0.5,0.6329670329670329,0.6052631578947368,6
ccp,kin8nm,1024,1024,4,0.015625,0.06605257365749215,0.06805826396514195,1026
ccp,wine,32,32,8,0.0625,1.2802360586551225,0.45076923076923076,224
cegb,kr-vs-kp,8,8,2,0.0,0.906885758998435,0.89375,48
lgbm_base,breastcancer,4,4,1,0.0,0.9120879120879121,0.9210526315789473,12
lgbm_quant,breastcancer,4,4,1,0.0,0.9120879120879121,0.9210526315789473,12
cegb,kr-vs-kp,4,4,4,0.0625,0.9420970266040689,0.9359375,38
ccp,california_housing,512,512,4,0.5,1.3276217235799053,1.3473246598968645,512
cegb,kr-vs-kp,16,1,8,0.5,0.5238654147104851,0.515625,1
cegb,kr-vs-kp,512,5,1,0.125,0.906885758998435,0.89375,15
cegb,kr-vs-kp,512,20,2,0.03125,0.939358372456964,0.9296875,116
cegb,kr-vs-kp,4,4,8,0.015625,0.9628325508607198,0.959375,108
cegb,kr-vs-kp,32,5,1,0.125,0.906885758998435,0.89375,15
cegb,kr-vs-kp,8,8,8,0.0625,0.9420970266040689,0.9359375,94
cegb,kr-vs-kp,1,1,1,0.015625,0.5238654147104851,0.515625,3
cegb,kr-vs-kp,1024,20,8,0.015625,0.9730046948356808,0.9640625,558
ccp,wine,256,256,4,0.0,0.3376209500439008,0.6569230769230769,46452
ccp,covtype,16,16,8,0.0,0.8489031014721047,0.8258220527869332,7632
cegb,kr-vs-kp,1024,8,8,0.0625,0.9420970266040689,0.9359375,94
cegb,kr-vs-kp,8,1,4,0.25,0.5238654147104851,0.515625,1
cegb,kr-vs-kp,32,20,2,0.03125,0.939358372456964,0.9296875,116
cegb,kr-vs-kp,64,20,8,0.015625,0.9730046948356808,0.9640625,558
ccp,california_housing,1024,1024,1,0.125,0.9078449424002707,0.9310302300543698,1042
cegb,covtype,1,1,2,0.5,0.5121307892058888,0.5134807190864263,1
cegb,kr-vs-kp,1,1,2,0.0078125,0.7832550860719875,0.7546875,5
cegb,kr-vs-kp,128,128,2,0.0,0.9491392801251957,0.9515625,888
cegb,kr-vs-kp,128,1,4,0.25,0.5238654147104851,0.515625,1
cegb,covtype,1,1,4,0.125,0.7296631519613432,0.7264442398216914,5
ccp,kin8nm,1024,1024,2,0.0078125,0.05984587394193814,0.06158528656045845,1032
cegb,kr-vs-kp,1,1,8,0.5,0.5238654147104851,0.515625,1
cegb,covtype,1,1,8,0.03125,0.7562009341471443,0.751366143731229,61
cegb,kr-vs-kp,512,26,4,0.0078125,0.9420970266040689,0.9359375,314
cegb,kr-vs-kp,32,26,4,0.0078125,0.9420970266040689,0.9359375,314
ccp,california_housing,512,512,8,0.0625,0.7730898222733464,0.7969584333851376,554
ccp,wine,512,512,1,0.0625,1.2802360586551225,0.45076923076923076,3584
cegb,covtype,2,2,1,0.0078125,0.6674203812748892,0.6648967754705128,6
cegb,kr-vs-kp,2,2,2,0.03125,0.906885758998435,0.89375,10
cegb,kr-vs-kp,128,8,8,0.0625,0.9420970266040689,0.9359375,94
cegb,covtype,2,1,4,0.5,0.5121307892058888,0.5134807190864263,1
cegb,kr-vs-kp,2,2,1,0.125,0.5238654147104851,0.515625,6
cegb,kr-vs-kp,1024,1,1,0.5,0.5238654147104851,0.515625,1
cegb,kr-vs-kp,512,14,8,0.03125,0.9628325508607198,0.959375,302
cegb,kr-vs-kp,16,16,1,0.015625,0.906885758998435,0.89375,48
cegb,kr-vs-kp,64,1,1,0.5,0.5238654147104851,0.515625,1
cegb,kr-vs-kp,256,86,1,0.015625,0.9397496087636933,0.9328125,258
ccp,kin8nm,512,512,4,0.125,0.06907644570634451,0.0710960971386598,512
cegb,kr-vs-kp,1024,3,2,0.125,0.906885758998435,0.89375,15
cegb,kr-vs-kp,64,3,2,0.125,0.906885758998435,0.89375,15
cegb,kr-vs-kp,2,2,4,0.0078125,0.9420970266040689,0.9359375,30
cegb,kr-vs-kp,16,16,4,0.0,0.9420970266040689,0.9359375,282
ccp,wine,128,128,8,0.125,1.2802360586551225,0.45076923076923076,896
cegb,kr-vs-kp,4,1,1,0.5,0.5238654147104851,0.515625,1
cegb,covtype,2,1,8,0.125,0.7296631519613432,0.7264442398216914,5
ccp,california_housing,256,256,1,0.0,0.37727043851782305,0.40452166365885023,768
cegb,kr-vs-kp,1024,13,4,0.03125,0.9420970266040689,0.9359375,135
cegb,kr-vs-kp,256,256,4,0.0,0.9933489827856025,0.9796875,5830
lgbm_base,kr-vs-kp,128,128,4,0.0,0.9870892018779343,0.9828125,2902
lgbm_quant,kr-vs-kp,128,128,4,0.0,0.9870892018779343,0.9828125,2902
cegb,breastcancer,1024,7,4,0.25,0.9340659340659341,0.9298245614035088,21
cegb,kr-vs-kp,64,13,4,0.03125,0.9420970266040689,0.9359375,135
cegb,kr-vs-kp,4,3,2,0.125,0.906885758998435,0.89375,15
cegb,kr-vs-kp,256,1,8,0.25,0.5238654147104851,0.515625,1
cegb,kr-vs-kp,4,4,4,0.03125,0.9420970266040689,0.9359375,38
cegb,kr-vs-kp,16,1,8,0.25,0.5238654147104851,0.515625,1
cegb,kr-vs-kp,8,1,2,0.5,0.5238654147104851,0.515625,1
ccp,covtype,4,4,8,0.0078125,1.2540601153004645,0.728285844599537,20
cegb,kr-vs-kp,512,22,1,0.0625,0.906885758998435,0.89375,66
cegb,kr-vs-kp,32,22,1,0.0625,0.906885758998435,0.89375,66
ccp,kin8nm,1024,1024,1,0.0078125,0.05984587394193814,0.06158528656045845,1032
cegb,kr-vs-kp,8,8,8,0.03125,0.9628325508607198,0.959375,162
cegb,kr-vs-kp,1,1,1,0.0078125,0.5238654147104851,0.515625,3
cegb,kr-vs-kp,4,4,8,0.0078125,0.9675273865414711,0.9578125,148
cegb,kr-vs-kp,512,33,2,0.015625,0.9420970266040689,0.9359375,195
cegb,kr-vs-kp,8,3,4,0.125,0.9420970266040689,0.9359375,29
cegb,kr-vs-kp,32,32,2,0.015625,0.9420970266040689,0.9359375,188
cegb,covtype,4,4,1,0.03125,0.6674203812748892,0.6648967754705128,12
cegb,covtype,1,1,1,0.0,0.6674203812748892,0.6648967754705128,3
cegb,kr-vs-kp,64,26,8,0.0078125,0.980829420970266,0.96875,896
cegb,kr-vs-kp,1,1,4,0.0,0.9420970266040689,0.9359375,19
cegb,kr-vs-kp,128,3,4,0.125,0.9420970266040689,0.9359375,29
cegb,kr-vs-kp,128,1,2,0.5,0.5238654147104851,0.515625,1
cegb,covtype,4,4,2,0.0078125,0.731192812531599,0.728260027710128,28
cegb,kr-vs-kp,1,1,8,0.25,0.5238654147104851,0.515625,1
cegb,kr-vs-kp,128,14,8,0.03125,0.9628325508607198,0.959375,302
cegb,kr-vs-kp,32,32,8,0.0,0.9835680751173709,0.9703125,1822
cegb,kr-vs-kp,2,2,2,0.015625,0.906885758998435,0.89375,10
ccp,wine,128,128,1,0.0,1.1201021953453507,0.5515384615384615,2688
ccp,california_housing,256,256,4,0.015625,0.4826050277951361,0.5077643771778548,436
cegb,kr-vs-kp,2,2,1,0.0625,0.5238654147104851,0.515625,6
ccp,kin8nm,256,256,8,0.03125,0.06907644570634451,0.0710960971386598,256
cegb,kr-vs-kp,1024,1,1,0.25,0.5238654147104851,0.515625,1
cegb,kr-vs-kp,16,16,1,0.0078125,0.906885758998435,0.89375,48
ccp,covtype,32,32,1,0.0625,1.3857056791728541,0.5134807190864263,32
cegb,kr-vs-kp,512,20,8,0.015625,0.9730046948356808,0.9640625,558
cegb,kr-vs-kp,512,512,8,0.0,0.9956964006259781,0.978125,30736
ccp,california_housing,1024,1024,2,0.03125,0.6237775907251125,0.6493245969753374,1108
cegb,kr-vs-kp,64,1,1,0.25,0.5238654147104851,0.515625,1
cegb,kr-vs-kp,256,142,1,0.0078125,0.9397496087636933,0.9328125,426
cegb,kr-vs-kp,1024,9,2,0.0625,0.906885758998435,0.89375,49
cegb,covtype,4,1,8,0.5,0.5121307892058888,0.5134807190864263,1
ccp,wine,256,256,8,0.0,0.0014776657138679836,0.6807692307692308,432642
cegb,kr-vs-kp,2,2,8,0.0,0.9636150234741784,0.95625,86
cegb,kr-vs-kp,16,1,4,0.5,0.5238654147104851,0.515625,1
ccp,covtype,8,8,4,0.015625,1.265404026684563,0.728285844599537,22
cegb,kr-vs-kp,64,9,2,0.0625,0.906885758998435,0.89375,49
lgbm_base,kr-vs-kp,128,128,2,0.0,0.9487480438184663,0.9515625,892
lgbm_quant,kr-vs-kp,128,128,2,0.0,0.9487480438184663,0.9515625,892
ccp,wine,64,64,8,0.0,0.10778623688086938,0.6715384615384615,132966
cegb,kr-vs-kp,4,1,1,0.25,0.5238654147104851,0.515625,1
ccp,california_housing,1024,1024,8,0.125,0.8954955931108983,0.91994215390186,1044
cegb,kr-vs-kp,1024,19,4,0.015625,0.9420970266040689,0.9359375,213
cegb,kr-vs-kp,256,1,4,0.5,0.5238654147104851,0.515625,1
cegb,covtype,8,1,1,0.125,0.6674203812748892,0.6648967754705128,3
cegb,kr-vs-kp,4,4,2,0.0625,0.906885758998435,0.89375,20
cegb,kr-vs-kp,256,3,8,0.125,0.9420970266040689,0.9359375,29
cegb,kr-vs-kp,64,19,4,0.015625,0.9420970266040689,0.9359375,213
cegb,kr-vs-kp,4,4,4,0.015625,0.9420970266040689,0.9359375,42
cegb,kr-vs-kp,16,3,8,0.125,0.9420970266040689,0.9359375,29
cegb,kr-vs-kp,8,1,2,0.25,0.5238654147104851,0.515625,1
cegb,covtype,8,8,2,0.03125,0.731192812531599,0.728260027710128,44
cegb,kr-vs-kp,8,8,8,0.015625,0.9643974960876369,0.9609375,222
cegb,kr-vs-kp,512,48,1,0.03125,0.9420970266040689,0.9359375,144
cegb,covtype,1,1,2,0.25,0.5121307892058888,0.5134807190864263,1
cegb,covtype,8,8,4,0.0078125,0.752844716862195,0.7489737786459902,232
cegb,kr-vs-kp,32,32,1,0.03125,0.906885758998435,0.89375,96
cegb,kr-vs-kp,1,1,2,0.0,0.7832550860719875,0.7546875,5
cegb,kr-vs-kp,512,54,2,0.0078125,0.9420970266040689,0.9359375,330
cegb,kr-vs-kp,8,8,1,0.0,0.906885758998435,0.89375,24
ccp,california_housing,1024,1024,8,0.5,1.3276217235799053,1.3473246598968645,1024
cegb,kr-vs-kp,32,32,2,0.0078125,0.9420970266040689,0.9359375,188
cegb,covtype,1,1,4,0.0625,0.7296631519613432,0.7264442398216914,5
cegb,covtype,1,1,8,0.015625,0.7608609127620162,0.7562369301997367,61
cegb,kr-vs-kp,128,128,1,0.0,0.9397496087636933,0.9328125,384
cegb,kr-vs-kp,8,8,4,0.0625,0.9420970266040689,0.9359375,82
cegb,covtype,2,2,2,0.0,0.731192812531599,0.728260027710128,14
ccp,wine,128,128,2,0.03125,1.2802360586551225,0.45076923076923076,896
cegb,covtype,2,1,4,0.25,0.5121307892058888,0.5134807190864263,1
cegb,kr-vs-kp,128,8,4,0.0625,0.9420970266040689,0.9359375,82
cegb,kr-vs-kp,128,1,2,0.25,0.5238654147104851,0.515625,1
cegb,kr-vs-kp,1,1,4,0.5,0.5238654147104851,0.515625,1
lgbm_base,kr-vs-kp,128,128,1,0.0,0.9397496087636933,0.9328125,384
lgbm_quant,kr-vs-kp,128,128,1,0.0,0.9397496087636933,0.9328125,384
cegb,kr-vs-kp,32,1,8,0.5,0.5238654147104851,0.515625,1
cegb,kr-vs-kp,1,1,8,0.125,0.9420970266040689,0.9359375,11
cegb,kr-vs-kp,128,20,8,0.015625,0.9730046948356808,0.9640625,558
cegb,kr-vs-kp,2,2,2,0.0078125,0.906885758998435,0.89375,10
cegb,kr-vs-kp,16,16,2,0.0,0.906885758998435,0.89375,104
cegb,kr-vs-kp,1024,5,1,0.125,0.906885758998435,0.89375,15
cegb,kr-vs-kp,2,2,1,0.03125,0.5238654147104851,0.515625,6
ccp,kin8nm,1024,1024,8,0.25,0.06907644570634451,0.0710960971386598,1024
cegb,kr-vs-kp,512,1,8,0.5,0.5238654147104851,0.515625,1
ccp,california_housing,256,256,1,0.5,1.3276217235799053,1.3473246598968645,256
ccp,wine,128,128,4,0.0625,1.2802360586551225,0.45076923076923076,896
ccp,kin8nm,1024,1024,8,0.015625,0.06605257365749215,0.06805826396514195,1026
cegb,covtype,2,2,8,0.0625,0.731192812531599,0.728260027710128,10
cegb,kr-vs-kp,64,5,1,0.125,0.906885758998435,0.89375,15
cegb,kr-vs-kp,256,256,2,0.0,0.9694835680751174,0.9734375,1784
ccp,kin8nm,1024,1024,8,0.0625,0.06907644570634451,0.0710960971386598,1024
cegb,kr-vs-kp,16,1,4,0.25,0.5238654147104851,0.515625,1
cegb,kr-vs-kp,2,1,8,0.5,0.5238654147104851,0.515625,1
cegb,kr-vs-kp,1024,20,2,0.03125,0.939358372456964,0.9296875,116
cegb,kr-vs-kp,64,20,2,0.03125,0.939358372456964,0.9296875,116
ccp,california_housing,1024,1024,8,0.0078125,0.3978378923997165,0.41810599215679173,1388
cegb,kr-vs-kp,4,4,1,0.125,0.7832550860719875,0.7546875,12
cegb,covtype,16,1,1,0.5,0.5121307892058888,0.5134807190864263,1
cegb,kr-vs-kp,1024,26,4,0.0078125,0.9420970266040689,0.9359375,314
cegb,kr-vs-kp,256,1,4,0.25,0.5238654147104851,0.515625,1
cegb,kr-vs-kp,4,4,2,0.03125,0.906885758998435,0.89375,20
cegb,kr-vs-kp,256,8,8,0.0625,0.9420970266040689,0.9359375,94
cegb,kr-vs-kp,64,26,4,0.0078125,0.9420970266040689,0.9359375,314
ccp,covtype,16,16,4,0.25,1.3857056791728541,0.5134807190864263,16
cegb,covtype,4,4,1,0.015625,0.6674203812748892,0.6648967754705128,12
cegb,kr-vs-kp,4,4,4,0.0078125,0.9420970266040689,0.9359375,56
cegb,covtype,1,1,1,0.5,0.5121307892058888,0.5134807190864263,1
cegb,kr-vs-kp,8,3,2,0.125,0.906885758998435,0.89375,15
cegb,kr-vs-kp,16,8,8,0.0625,0.9420970266040689,0.9359375,94
cegb,kr-vs-kp,8,8,8,0.0078125,0.9698748043818466,0.965625,282
lgbm_base,kr-vs-kp,64,64,8,0.0,0.9917840375586855,0.978125,3434
lgbm_quant,kr-vs-kp,64,64,8,0.0,0.9917840375586855,0.978125,3434
cegb,covtype,4,4,4,0.0,0.7472746870219811,0.7430272884521054,124
cegb,kr-vs-kp,512,86,1,0.015625,0.9397496087636933,0.9328125,258
cegb,kr-vs-kp,32,32,1,0.015625,0.906885758998435,0.89375,96
ccp,wine,128,128,1,0.5,1.2802360586551225,0.45076923076923076,896
ccp,wine,512,512,2,0.03125,1.2802360586551225,0.45076923076923076,3584
cegb,kr-vs-kp,8,1,1,0.5,0.5238654147104851,0.515625,1
cegb,kr-vs-kp,32,32,4,0.0,0.94679186228482,0.94375,602
cegb,kr-vs-kp,512,512,4,0.0,0.9956964006259781,0.98125,12060
cegb,kr-vs-kp,128,1,1,0.5,0.5238654147104851,0.515625,1
cegb,kr-vs-kp,8,8,4,0.03125,0.9420970266040689,0.9359375,82
cegb,kr-vs-kp,1,1,4,0.25,0.5238654147104851,0.515625,1
cegb,covtype,16,1,2,0.125,0.7296631519613432,0.7264442398216914,5
cegb,kr-vs-kp,128,3,2,0.125,0.906885758998435,0.89375,15
cegb,kr-vs-kp,128,13,4,0.03125,0.9420970266040689,0.9359375,135
cegb,kr-vs-kp,1,1,8,0.0625,0.9420970266040689,0.9359375,11
cegb,kr-vs-kp,128,26,8,0.0078125,0.980829420970266,0.96875,896
cegb,kr-vs-kp,32,1,8,0.25,0.5238654147104851,0.515625,1
ccp,covtype,8,8,1,0.0,1.2669819542493999,0.726779859384009,24
cegb,covtype,16,9,4,0.03125,0.7360249048533914,0.7335697012985896,97
cegb,covtype,4,1,8,0.25,0.5121307892058888,0.5134807190864263,1
cegb,kr-vs-kp,2,2,4,0.0,0.9420970266040689,0.9359375,34
cegb,kr-vs-kp,16,1,2,0.5,0.5238654147104851,0.515625,1
cegb,kr-vs-kp,1024,22,1,0.0625,0.906885758998435,0.89375,66
cegb,kr-vs-kp,2,2,1,0.015625,0.5238654147104851,0.515625,6
cegb,kr-vs-kp,512,1,8,0.25,0.5238654147104851,0.515625,1
lgbm_base,kr-vs-kp,64,64,4,0.0,0.97339593114241,0.9734375,1412
lgbm_quant,kr-vs-kp,64,64,4,0.0,0.97339593114241,0.9734375,1412
ccp,covtype,32,32,2,0.015625,1.2654039979264047,0.728285844599537,46
ccp,wine,256,256,2,0.5,1.2802360586551225,0.45076923076923076,1792
cegb,kr-vs-kp,64,22,1,0.0625,0.906885758998435,0.89375,66
cegb,kr-vs-kp,256,1,2,0.5,0.5238654147104851,0.515625,1
cegb,covtype,8,5,1,0.0625,0.7286025012424459,0.7255234374327685,15
cegb,kr-vs-kp,2,1,8,0.25,0.5238654147104851,0.515625,1
cegb,kr-vs-kp,16,3,4,0.125,0.9420970266040689,0.9359375,29
cegb,kr-vs-kp,1024,33,2,0.015625,0.9420970266040689,0.9359375,195
ccp,kin8nm,1,1,1,0.0,0.06605257365749215,0.06805826396514195,3
cegb,kr-vs-kp,64,33,2,0.015625,0.9420970266040689,0.9359375,195
cegb,kr-vs-kp,4,4,1,0.0625,0.7832550860719875,0.7546875,12
cegb,kr-vs-kp,256,3,4,0.125,0.9420970266040689,0.9359375,29
cegb,covtype,1,1,2,0.125,0.7296631519613432,0.7264442398216914,5
ccp,covtype,64,64,2,0.25,1.3857056791728541,0.5134807190864263,64
cegb,covtype,8,8,2,0.015625,0.7323050973625725,0.7291205906904297,56
cegb,kr-vs-kp,4,4,2,0.015625,0.906885758998435,0.89375,20
cegb,kr-vs-kp,256,14,8,0.03125,0.9628325508607198,0.959375,302
cegb,kr-vs-kp,64,64,8,0.0,0.9913928012519562,0.9765625,3772
cegb,covtype,8,8,8,0.0,0.7876095342387949,0.7838954243866337,488
cegb,covtype,2,1,4,0.125,0.7296631519613432,0.7264442398216914,5
cegb,covtype,1,1,4,0.03125,0.7442691514148823,0.7397657547567619,31
ccp,california_housing,1024,1024,1,0.0625,0.7760779873655176,0.8005246781885221,1058
cegb,kr-vs-kp,4,4,8,0.0,0.9655712050078247,0.9578125,176
cegb,covtype,1,1,8,0.0078125,0.7656284624437134,0.7619940965379551,61
cegb,kr-vs-kp,16,14,8,0.03125,0.9628325508607198,0.959375,302
cegb,kr-vs-kp,8,8,2,0.0625,0.906885758998435,0.89375,44
cegb,covtype,2,1,2,0.5,0.5121307892058888,0.5134807190864263,1
cegb,covtype,16,16,8,0.0078125,0.7883861973412735,0.7843257058767846,966
cegb,kr-vs-kp,1024,1024,8,0.0,0.9956964006259781,0.978125,59104
cegb,kr-vs-kp,16,16,1,0.0,0.906885758998435,0.89375,48
cegb,kr-vs-kp,32,32,1,0.0078125,0.906885758998435,0.89375,96
cegb,kr-vs-kp,512,142,1,0.0078125,0.9397496087636933,0.9328125,426
cegb,kr-vs-kp,8,1,1,0.25,0.5238654147104851,0.515625,1
ccp,kin8nm,512,512,4,0.0625,0.06907644570634451,0.0710960971386598,512
cegb,kr-vs-kp,512,1,4,0.5,0.5238654147104851,0.515625,1
ccp,california_housing,256,256,1,0.25,1.0775424914093958,1.099237091366297,264
cegb,kr-vs-kp,8,8,4,0.015625,0.9420970266040689,0.9359375,92
cegb,kr-vs-kp,32,1,4,0.5,0.5238654147104851,0.515625,1
cegb,kr-vs-kp,128,1,1,0.25,0.5238654147104851,0.515625,1
cegb,kr-vs-kp,128,19,4,0.015625,0.9420970266040689,0.9359375,213
cegb,kr-vs-kp,128,9,2,0.0625,0.906885758998435,0.89375,49
ccp,wine,1024,1024,4,0.125,1.2802360586551225,0.45076923076923076,7168
cegb,kr-vs-kp,32,3,8,0.125,0.9420970266040689,0.9359375,29
cegb,kr-vs-kp,256,256,1,0.0,0.9432707355242567,0.9359375,768
cegb,covtype,32,1,2,0.5,0.5121307892058888,0.5134807190864263,1
cegb,covtype,2,2,8,0.03125,0.7608028243859306,0.7568479299157509,66
cegb,kr-vs-kp,16,1,2,0.25,0.5238654147104851,0.515625,1
ccp,covtype,256,256,2,0.03125,1.361852031501671,0.6646644234658313,258
ccp,kin8nm,512,512,8,0.015625,0.06605257365749215,0.06805826396514195,514
cegb,kr-vs-kp,1024,48,1,0.03125,0.9420970266040689,0.9359375,144
cegb,covtype,32,1,4,0.125,0.7296631519613432,0.7264442398216914,5
ccp,california_housing,256,256,8,0.125,0.8954955931108983,0.91994215390186,276
ccp,kin8nm,1024,1024,2,0.0,0.019600684085465128,0.03052159677258319,7150
ccp,wine,128,128,2,0.015625,1.2464724129309404,0.45076923076923076,904
cegb,covtype,32,9,8,0.03125,0.7399103717871212,0.736788206844918,155
cegb,kr-vs-kp,64,48,1,0.03125,0.9420970266040689,0.9359375,144
cegb,kr-vs-kp,256,1,2,0.25,0.5238654147104851,0.515625,1
cegb,covtype,16,1,1,0.25,0.5121307892058888,0.5134807190864263,1
cegb,kr-vs-kp,16,8,4,0.0625,0.9420970266040689,0.9359375,82
cegb,kr-vs-kp,1024,54,2,0.0078125,0.9420970266040689,0.9359375,330
ccp,wine,512,512,1,0.03125,1.2802360586551225,0.45076923076923076,3584
cegb,kr-vs-kp,64,54,2,0.0078125,0.9420970266040689,0.9359375,330
ccp,kin8nm,1,1,1,0.5,0.06907644570634451,0.0710960971386598,1
cegb,covtype,4,4,1,0.0078125,0.6674203812748892,0.6648967754705128,12
ccp,wine,512,512,8,0.125,1.2802360586551225,0.45076923076923076,3584
cegb,covtype,1,1,1,0.25,0.5121307892058888,0.5134807190864263,1
cegb,kr-vs-kp,256,8,4,0.0625,0.9420970266040689,0.9359375,82
cegb,kr-vs-kp,64,1,8,0.5,0.5238654147104851,0.515625,1
cegb,covtype,4,1,4,0.5,0.5121307892058888,0.5134807190864263,1
ccp,wine,128,128,1,0.25,1.2802360586551225,0.45076923076923076,896
cegb,kr-vs-kp,256,20,8,0.015625,0.9730046948356808,0.9640625,558
cegb,kr-vs-kp,16,16,8,0.015625,0.9679186228482003,0.9609375,478
cegb,kr-vs-kp,32,32,2,0.0,0.9420970266040689,0.9359375,216
cegb,covtype,16,4,2,0.0625,0.731192812531599,0.728260027710128,20
cegb,kr-vs-kp,512,512,2,0.0,0.9820031298904538,0.984375,3550
ccp,wine,64,64,8,0.5,1.2802360586551225,0.45076923076923076,448
cegb,covtype,4,1,8,0.125,0.7296631519613432,0.7264442398216914,5
cegb,kr-vs-kp,512,1,4,0.25,0.5238654147104851,0.515625,1
cegb,kr-vs-kp,32,1,4,0.25,0.5238654147104851,0.515625,1
cegb,kr-vs-kp,128,5,1,0.125,0.906885758998435,0.89375,15
cegb,kr-vs-kp,128,26,4,0.0078125,0.9420970266040689,0.9359375,314
cegb,kr-vs-kp,128,20,2,0.03125,0.939358372456964,0.9296875,116
ccp,covtype,8,8,8,0.125,1.3857056791728541,0.5134807190864263,8
cegb,covtype,16,12,4,0.015625,0.7506136929362384,0.7470375119403113,260
cegb,covtype,64,1,4,0.5,0.5121307892058888,0.5134807190864263,1
cegb,covtype,64,52,1,0.0078125,0.7331226374704448,0.7304974914589124,156
cegb,kr-vs-kp,256,1,1,0.5,0.5238654147104851,0.515625,1
cegb,covtype,64,1,8,0.125,0.7296631519613432,0.7264442398216914,5
cegb,kr-vs-kp,32,8,8,0.0625,0.9420970266040689,0.9359375,94
cegb,covtype,8,8,1,0.03125,0.7286025012424459,0.7255234374327685,24
ccp,kin8nm,256,256,8,0.015625,0.06605257365749215,0.06805826396514195,258
ccp,california_housing,1024,1024,4,0.03125,0.6186204080045533,0.6436123456960643,1114
cegb,kr-vs-kp,1024,86,1,0.015625,0.9397496087636933,0.9328125,258
cegb,covtype,1,1,2,0.0625,0.7296631519613432,0.7264442398216914,5
cegb,kr-vs-kp,64,64,1,0.015625,0.9420970266040689,0.9359375,192
cegb,kr-vs-kp,256,3,2,0.125,0.906885758998435,0.89375,15
ccp,covtype,8,8,1,0.5,1.3857056791728541,0.5134807190864263,8
cegb,covtype,128,16,1,0.03125,0.7307453168936058,0.7278727743689922,48
cegb,covtype,128,21,2,0.0078125,0.7365347917101434,0.7336815744860288,147
cegb,covtype,8,8,2,0.0078125,0.7323050973625725,0.7291205906904297,56
cegb,covtype,128,1,8,0.5,0.5121307892058888,0.5134807190864263,1
cegb,kr-vs-kp,64,64,4,0.0,0.971830985915493,0.975,1374
cegb,covtype,8,1,8,0.5,0.5121307892058888,0.5134807190864263,1
cegb,covtype,1,1,4,0.015625,0.7347146892594593,0.730764265982806,31
ccp,covtype,256,256,1,0.0625,1.3857056791728541,0.5134807190864263,256
cegb,covtype,2,2,4,0.0625,0.731192812531599,0.728260027710128,10
ccp,wine,512,512,4,0.015625,1.2464724129309408,0.45076923076923076,3592
cegb,covtype,2,2,1,0.0,0.6674203812748892,0.6648967754705128,6
cegb,covtype,2,1,2,0.25,0.5121307892058888,0.5134807190864263,1
cegb,kr-vs-kp,1024,1024,4,0.0,0.9956964006259781,0.98125,25026
cegb,kr-vs-kp,256,13,4,0.03125,0.9420970266040689,0.9359375,135
ccp,kin8nm,1,1,1,0.25,0.06907644570634451,0.0710960971386598,1
ccp,wine,256,256,4,0.5,1.2802360586551225,0.45076923076923076,1792
ccp,covtype,32,32,1,0.03125,1.3618520315038658,0.6646644234658313,34
ccp,kin8nm,1024,1024,4,0.0078125,0.05984587394193814,0.06158528656045845,1032
cegb,kr-vs-kp,64,1,8,0.25,0.5238654147104851,0.515625,1
cegb,covtype,32,32,1,0.0,0.7317973619271572,0.728784971128112,96
ccp,wine,128,128,4,0.03125,1.2802360586551225,0.45076923076923076,896
cegb,kr-vs-kp,256,26,8,0.0078125,0.980829420970266,0.96875,896
cegb,mushroom,1,1,2,0.5,0.515156177873519,0.5292307692307693,1
cegb,mushroom,1,1,4,0.125,0.9650715494691491,0.9698461538461538,21
cegb,mushroom,1,1,8,0.03125,0.9915371595630097,0.992,41
cegb,mushroom,2,2,1,0.0078125,0.7864286813355901,0.8055384615384615,6
cegb,kr-vs-kp,512,3,4,0.125,0.9420970266040689,0.9359375,29
cegb,kr-vs-kp,512,1,2,0.5,0.5238654147104851,0.515625,1
cegb,covtype,2,2,8,0.015625,0.7750602935829556,0.7719163877008339,122
cegb,covtype,256,1,1,0.125,0.6674203812748892,0.6648967754705128,3
ccp,kin8nm,1024,1024,4,0.0,0.0032066016563576482,0.018316898553496212,28788
ccp,kin8nm,512,512,8,0.25,0.06907644570634451,0.0710960971386598,512
cegb,covtype,32,1,2,0.25,0.5121307892058888,0.5134807190864263,1
cegb,mushroom,2,1,4,0.5,0.515156177873519,0.5292307692307693,1
cegb,kr-vs-kp,128,33,2,0.015625,0.9420970266040689,0.9359375,195
cegb,kr-vs-kp,128,128,8,0.0,0.9953051643192489,0.9796875,7658
cegb,kr-vs-kp,128,22,1,0.0625,0.906885758998435,0.89375,66
cegb,mushroom,2,2,8,0.125,0.9907678104323742,0.9901538461538462,54
cegb,kr-vs-kp,256,1,1,0.25,0.5238654147104851,0.515625,1
cegb,covtype,256,9,2,0.03125,0.731192812531599,0.728260027710128,47
cegb,covtype,32,4,4,0.0625,0.731192812531599,0.728260027710128,20
cegb,kr-vs-kp,1024,142,1,0.0078125,0.9397496087636933,0.9328125,426
cegb,covtype,16,1,1,0.125,0.6674203812748892,0.6648967754705128,3
ccp,wine,512,512,8,0.0078125,1.1947004429849775,0.5484615384615384,3616
cegb,covtype,32,12,8,0.015625,0.772493647928504,0.7690162904572171,606
ccp,california_housing,512,512,4,0.25,1.0775424914093958,1.099237091366297,520
ccp,wine,128,128,8,0.0625,1.2802360586551225,0.45076923076923076,896
cegb,covtype,256,17,4,0.0078125,0.7632188705468268,0.7598168721977918,449
cegb,covtype,4,4,2,0.0,0.731192812531599,0.728260027710128,28
cegb,kr-vs-kp,256,9,2,0.0625,0.906885758998435,0.89375,49
cegb,covtype,1,1,1,0.125,0.6674203812748892,0.6648967754705128,3
cegb,mushroom,4,4,1,0.03125,0.7978150484689952,0.819076923076923,12
ccp,wine,128,128,1,0.125,1.2802360586551225,0.45076923076923076,896
cegb,covtype,4,1,4,0.25,0.5121307892058888,0.5134807190864263,1
cegb,kr-vs-kp,256,19,4,0.015625,0.9420970266040689,0.9359375,213
ccp,kin8nm,1,1,1,0.125,0.06907644570634451,0.0710960971386598,1
cegb,kr-vs-kp,1024,1,4,0.5,0.5238654147104851,0.515625,1
cegb,mushroom,4,4,2,0.0078125,0.9106016310201569,0.912,28
cegb,mushroom,1,1,2,0.25,0.9106016310201569,0.912,7
cegb,covtype,16,9,2,0.03125,0.731192812531599,0.728260027710128,47
cegb,covtype,4,4,8,0.0625,0.731192812531599,0.728260027710128,20
cegb,kr-vs-kp,512,512,1,0.0,0.951095461658842,0.95,1536
cegb,mushroom,1,1,4,0.0625,0.9650715494691491,0.9698461538461538,21
cegb,mushroom,1,1,8,0.015625,0.9915371595630097,0.992,37
cegb,mushroom,2,2,2,0.0,0.9106016310201569,0.912,14
ccp,wine,1024,1024,2,0.25,1.2802360586551225,0.45076923076923076,7168
cegb,kr-vs-kp,512,8,4,0.0625,0.9420970266040689,0.9359375,82
cegb,kr-vs-kp,512,1,2,0.25,0.5238654147104851,0.515625,1
cegb,covtype,16,16,4,0.0078125,0.7633952870964202,0.7598685059766099,428
cegb,covtype,512,1,1,0.5,0.5121307892058888,0.5134807190864263,1
cegb,mushroom,4,1,8,0.5,0.515156177873519,0.5292307692307693,1
cegb,mushroom,2,2,4,0.25,0.9604554546853362,0.9661538461538461,30
cegb,mushroom,8,8,1,0.125,0.9016771811047853,0.9083076923076923,24
cegb,mushroom,8,8,2,0.03125,0.9244499153715956,0.9267692307692308,56
cegb,mushroom,8,8,4,0.0078125,0.9783043545160794,0.976,170
cegb,mushroom,16,1,1,0.5,0.515156177873519,0.5292307692307693,1
cegb,mushroom,2,2,8,0.0625,0.9915371595630097,0.992,66
cegb,covtype,64,1,4,0.25,0.5121307892058888,0.5134807190864263,1
cegb,mushroom,16,6,2,0.125,0.9106016310201569,0.912,36
cegb,covtype,8,8,1,0.015625,0.7286025012424459,0.7255234374327685,24
ccp,wine,256,256,2,0.25,1.2802360586551225,0.45076923076923076,1792
cegb,covtype,512,1,2,0.125,0.7296631519613432,0.7264442398216914,5
ccp,covtype,512,512,1,0.5,1.3857056791728541,0.5134807190864263,512
cegb,covtype,64,4,8,0.0625,0.731192812531599,0.728260027710128,20
cegb,covtype,512,9,4,0.03125,0.7360249048533914,0.7335697012985896,97
cegb,kr-vs-kp,1024,1024,2,0.0,0.9917840375586855,0.984375,7130
cegb,covtype,1,1,2,0.03125,0.7296631519613432,0.7264442398216914,7
cegb,covtype,512,1,8,0.125,0.7296631519613432,0.7264442398216914,5
cegb,covtype,512,16,8,0.0078125,0.7883861973412735,0.7843257058767846,966
cegb,covtype,64,64,2,0.0,0.7622937593721292,0.7590251542559142,448
cegb,mushroom,16,16,4,0.03125,0.9783043545160794,0.9833846153846154,250
cegb,covtype,1,1,4,0.0078125,0.7461043138149218,0.7420634579141675,31
cegb,covtype,8,1,8,0.25,0.5121307892058888,0.5134807190864263,1
cegb,covtype,8,8,4,0.0,0.752874836760906,0.7487586379009148,248
lgbm_base,kr-vs-kp,256,256,8,0.0,0.9956964006259781,0.9796875,15002
cegb,mushroom,4,4,1,0.015625,0.7978150484689952,0.819076923076923,12
lgbm_quant,kr-vs-kp,256,256,8,0.0,0.9953051643192489,0.9796875,15002
cegb,covtype,2,1,1,0.5,0.5121307892058888,0.5134807190864263,1
cegb,covtype,2,1,2,0.125,0.7296631519613432,0.7264442398216914,5
cegb,covtype,2,2,4,0.03125,0.7366552713049876,0.7333717718131202,36
ccp,california_housing,1024,1024,1,0.03125,0.6481588438994537,0.6724471404772713,1088
ccp,kin8nm,1,1,1,0.0625,0.06907644570634451,0.0710960971386598,1
cegb,mushroom,16,16,8,0.0078125,0.9975380827819664,0.9975384615384615,488
cegb,kr-vs-kp,1024,1,4,0.25,0.5238654147104851,0.515625,1
ccp,california_housing,1024,1024,2,0.015625,0.5023518365287484,0.5293984790290079,1168
cegb,mushroom,4,4,4,0.0,0.9783043545160794,0.976,100
cegb,covtype,32,1,1,0.5,0.5121307892058888,0.5134807190864263,1
cegb,mushroom,1,1,2,0.125,0.9106016310201569,0.912,7
cegb,covtype,128,28,1,0.015625,0.7317973619271572,0.728784971128112,84
cegb,covtype,128,1,8,0.25,0.5121307892058888,0.5134807190864263,1
ccp,covtype,64,64,4,0.25,1.3857056791728541,0.5134807190864263,64
cegb,mushroom,1,1,8,0.0078125,0.9915371595630097,0.992,39
cegb,mushroom,1,1,4,0.03125,0.9796891829512233,0.9778461538461538,25
cegb,mushroom,2,1,2,0.5,0.515156177873519,0.5292307692307693,1
cegb,covtype,2,2,8,0.0078125,0.7766544967933064,0.7732072321712865,122
cegb,mushroom,32,1,2,0.5,0.515156177873519,0.5292307692307693,1
ccp,covtype,8,8,1,0.25,1.3857056791728541,0.5134807190864263,8
cegb,covtype,32,1,2,0.125,0.7296631519613432,0.7264442398216914,5
cegb,mushroom,32,6,4,0.125,0.9706108632097246,0.9698461538461538,88
cegb,mushroom,4,2,8,0.25,0.9604554546853362,0.9661538461538461,30
cegb,mushroom,2,2,4,0.125,0.9752269579935374,0.9735384615384616,40
cegb,covtype,16,5,1,0.0625,0.7286025012424459,0.7255234374327685,15
cegb,covtype,32,9,4,0.03125,0.7360249048533914,0.7335697012985896,97
cegb,mushroom,2,2,8,0.03125,0.9915371595630097,0.992,64
cegb,mushroom,8,8,2,0.015625,0.9244499153715956,0.9267692307692308,56
cegb,mushroom,8,8,8,0.0,0.99523003539006,0.9969230769230769,434
cegb,mushroom,16,3,1,0.25,0.7864286813355901,0.8055384615384615,9
cegb,mushroom,8,8,1,0.0625,0.9016771811047853,0.9083076923076923,24
cegb,covtype,4,1,2,0.5,0.5121307892058888,0.5134807190864263,1
cegb,mushroom,16,12,2,0.0625,0.9699953839052162,0.976,84
cegb,covtype,1,1,1,0.0625,0.6674203812748892,0.6648967754705128,3
lgbm_base,kr-vs-kp,256,256,4,0.0,0.9913928012519562,0.9828125,5758
lgbm_quant,kr-vs-kp,256,256,4,0.0,0.9913928012519562,0.9828125,5758
ccp,wine,128,128,1,0.0625,1.2802360586551225,0.45076923076923076,896
cegb,covtype,32,16,8,0.0078125,0.7883861973412735,0.7843257058767846,966
cegb,mushroom,32,17,8,0.03125,0.9838436682566549,0.9858461538461538,361
cegb,covtype,4,1,4,0.125,0.7296631519613432,0.7264442398216914,5
cegb,mushroom,16,16,4,0.015625,0.9893829819972303,0.9907692307692307,282
cegb,mushroom,4,4,1,0.0078125,0.7978150484689952,0.819076923076923,12
cegb,covtype,128,128,4,0.0,0.8034052696914217,0.7990585440995499,3898
lgbm_base,kr-vs-kp,128,128,8,0.0,0.9953051643192489,0.9796875,7270
lgbm_quant,kr-vs-kp,128,128,8,0.0,0.9953051643192489,0.9796875,7270
ccp,wine,64,64,8,0.25,1.2802360586551225,0.45076923076923076,448
ccp,kin8nm,1,1,1,0.03125,0.06907644570634451,0.0710960971386598,1
cegb,mushroom,32,32,1,0.0,0.968148945991691,0.9723076923076923,96
cegb,mushroom,64,64,1,0.0078125,0.9746114786890291,0.976,192
cegb,covtype,4,4,8,0.03125,0.7414680008347515,0.7379413612385223,76
cegb,covtype,256,5,1,0.0625,0.7286025012424459,0.7255234374327685,15
cegb,mushroom,64,1,4,0.5,0.515156177873519,0.5292307692307693,1
cegb,covtype,16,14,2,0.015625,0.734611421035307,0.731280603770987,94
cegb,mushroom,1,1,2,0.0625,0.9106016310201569,0.912,7
cegb,covtype,1024,1,2,0.5,0.5121307892058888,0.5134807190864263,1
cegb,mushroom,4,1,4,0.5,0.515156177873519,0.5292307692307693,1
cegb,covtype,1024,1,4,0.125,0.7296631519613432,0.7264442398216914,5
cegb,covtype,256,14,2,0.015625,0.734611421035307,0.731280603770987,94
ccp,wine,512,512,1,0.015625,1.2464724129309408,0.45076923076923076,3592
cegb,mushroom,2,2,1,0.0,0.7864286813355901,0.8055384615384615,6
cegb,mushroom,1,1,4,0.015625,0.9796891829512233,0.9778461538461538,25
cegb,mushroom,2,2,2,0.25,0.9106016310201569,0.912,12
cegb,mushroom,32,2,2,0.25,0.9106016310201569,0.912,12
cegb,mushroom,64,6,8,0.125,0.9838436682566549,0.9858461538461538,106
cegb,mushroom,32,12,4,0.0625,0.9706108632097246,0.9698461538461538,174
cegb,mushroom,4,4,8,0.125,0.9838436682566549,0.9858461538461538,88
cegb,mushroom,2,2,4,0.0625,0.9752269579935374,0.9735384615384616,42
cegb,covtype,8,8,1,0.0078125,0.7286025012424459,0.7255234374327685,24
cegb,covtype,1024,1,8,0.5,0.5121307892058888,0.5134807190864263,1
cegb,mushroom,8,8,2,0.0078125,0.9244499153715956,0.9267692307692308,56
cegb,mushroom,2,2,8,0.015625,0.9915371595630097,0.992,60
cegb,covtype,16,16,8,0.0,0.7939304101254494,0.7907885338588505,976
cegb,mushroom,16,14,1,0.125,0.9589167564240653,0.96,42
cegb,covtype,1,1,2,0.015625,0.7296631519613432,0.7264442398216914,7
cegb,mushroom,8,1,8,0.5,0.515156177873519,0.5292307692307693,1
cegb,covtype,1024,9,8,0.03125,0.7399103717871212,0.736788206844918,155
cegb,mushroom,8,8,1,0.03125,0.9016771811047853,0.9083076923076923,24
cegb,covtype,1024,1,8,0.125,0.7296631519613432,0.7264442398216914,5
cegb,mushroom,16,16,2,0.03125,0.9718418218187413,0.976,112
cegb,covtype,64,1,4,0.125,0.7296631519613432,0.7264442398216914,5
cegb,covtype,8,1,4,0.5,0.5121307892058888,0.5134807190864263,1
cegb,covtype,64,9,8,0.03125,0.7399103717871212,0.736788206844918,155
cegb,covtype,1,1,8,0.0,0.7644129093885875,0.7615035756391831,61
cegb,mushroom,128,52,1,0.03125,0.968148945991691,0.9723076923076923,156
lgbm_base,kr-vs-kp,256,256,1,0.0,0.9432707355242567,0.9359375,768
lgbm_quant,kr-vs-kp,256,256,1,0.0,0.9432707355242567,0.9359375,768
cegb,mushroom,32,23,8,0.015625,0.9926142483458994,0.9926153846153846,549
cegb,covtype,2,1,1,0.25,0.5121307892058888,0.5134807190864263,1
cegb,covtype,8,1,8,0.125,0.7296631519613432,0.7264442398216914,5
cegb,covtype,2,2,2,0.0625,0.731192812531599,0.728260027710128,10
lgbm_base,kr-vs-kp,256,256,2,0.0,0.9710485133020345,0.9734375,1788
cegb,covtype,2,2,4,0.015625,0.7466851975757784,0.7426830632599847,58
lgbm_quant,kr-vs-kp,256,256,2,0.0,0.9710485133020345,0.9734375,1788
cegb,covtype,64,1,2,0.5,0.5121307892058888,0.5134807190864263,1
ccp,wine,128,128,4,0.015625,1.2464724129309404,0.45076923076923076,904
cegb,mushroom,16,16,4,0.0078125,0.9926142483458994,0.9926153846153846,310
cegb,covtype,1024,16,8,0.0078125,0.7883861973412735,0.7843257058767846,966
cegb,mushroom,4,4,2,0.0,0.9106016310201569,0.912,28
cegb,mushroom,128,41,2,0.0078125,0.9876904139098323,0.9876923076923076,269
ccp,wine,512,512,2,0.015625,1.2464724129309408,0.45076923076923076,3592
cegb,mushroom,128,1,8,0.5,0.515156177873519,0.5292307692307693,1
cegb,mushroom,32,1,1,0.5,0.515156177873519,0.5292307692307693,1
ccp,kin8nm,256,256,8,0.0078125,0.05984587394193814,0.06158528656045845,264
ccp,kin8nm,1,1,1,0.015625,0.06605257365749215,0.06805826396514195,3
cegb,mushroom,64,64,2,0.0,0.992152638867518,0.992,446
cegb,covtype,32,1,1,0.25,0.5121307892058888,0.5134807190864263,1
cegb,mushroom,64,2,4,0.25,0.9604554546853362,0.9661538461538461,30
cegb,covtype,4,4,1,0.0,0.6674203812748892,0.6648967754705128,12
cegb,mushroom,1,1,2,0.03125,0.9106016310201569,0.912,7
cegb,mushroom,4,2,4,0.25,0.9604554546853362,0.9661538461538461,30
cegb,mushroom,2,1,1,0.5,0.515156177873519,0.5292307692307693,1
cegb,mushroom,1,1,4,0.0078125,0.9783043545160794,0.976,25
cegb,mushroom,2,2,2,0.125,0.9106016310201569,0.912,14
cegb,covtype,32,4,2,0.0625,0.731192812531599,0.728260027710128,20
cegb,mushroom,32,6,2,0.125,0.9106016310201569,0.912,36
cegb,covtype,16,16,1,0.03125,0.7307453168936058,0.7278727743689922,48
cegb,covtype,128,1,8,0.125,0.7296631519613432,0.7264442398216914,5
cegb,mushroom,64,11,8,0.0625,0.9838436682566549,0.9858461538461538,219
cegb,covtype,1,1,1,0.03125,0.6674203812748892,0.6648967754705128,3
cegb,covtype,32,12,4,0.015625,0.7506136929362384,0.7470375119403113,260
cegb,covtype,4,1,2,0.25,0.5121307892058888,0.5134807190864263,1
cegb,covtype,128,52,1,0.0078125,0.7331226374704448,0.7304974914589124,156
cegb,mushroom,4,4,8,0.0625,0.9883058932143407,0.9901538461538462,104
ccp,covtype,16,16,4,0.125,1.3857056791728541,0.5134807190864263,16
cegb,mushroom,8,8,4,0.0,0.9783043545160794,0.976,198
cegb,mushroom,2,2,4,0.03125,0.9796891829512233,0.9778461538461538,42
cegb,mushroom,32,17,4,0.03125,0.9783043545160794,0.9833846153846154,257
cegb,mushroom,2,2,8,0.0078125,0.9915371595630097,0.992,80
cegb,mushroom,8,8,1,0.015625,0.9016771811047853,0.9083076923076923,24
cegb,mushroom,8,2,8,0.25,0.9604554546853362,0.9661538461538461,30
cegb,mushroom,16,16,1,0.0625,0.9589167564240653,0.96,48
cegb,mushroom,16,16,2,0.015625,0.9718418218187413,0.976,112
ccp,covtype,32,32,1,0.015625,1.3000523069791978,0.7269433663502664,42
cegb,covtype,4,4,4,0.0625,0.731192812531599,0.728260027710128,20
ccp,covtype,32,32,2,0.0078125,1.19389872661908,0.7284665628254003,62
cegb,covtype,512,1,1,0.25,0.5121307892058888,0.5134807190864263,1
cegb,mushroom,32,30,8,0.0078125,0.9986151715648561,0.9981538461538462,734
cegb,mushroom,128,84,1,0.015625,0.9746114786890291,0.976,252
cegb,covtype,64,64,1,0.0,0.7348868029663798,0.7320378991936525,192
cegb,mushroom,16,16,8,0.0,0.9963071241729496,0.9975384615384615,894
cegb,mushroom,1,1,1,0.0,0.7864286813355901,0.8055384615384615,3
cegb,covtype,4,4,8,0.015625,0.7778872612191244,0.774523893531148,244
cegb,mushroom,4,1,2,0.5,0.515156177873519,0.5292307692307693,1
cegb,covtype,512,4,2,0.0625,0.731192812531599,0.728260027710128,20
cegb,mushroom,128,128,4,0.0,1.0,1.0,3370
cegb,mushroom,32,3,1,0.25,0.7864286813355901,0.8055384615384615,9
cegb,mushroom,128,2,8,0.25,0.9604554546853362,0.9661538461538461,30
cegb,covtype,16,16,2,0.0078125,0.7346286324059991,0.7314010825882292,112
cegb,covtype,512,12,4,0.015625,0.7506136929362384,0.7470375119403113,260
ccp,kin8nm,1,1,1,0.0078125,0.06605257365749215,0.06805826396514195,3
cegb,mushroom,64,1,2,0.5,0.515156177873519,0.5292307692307693,1
cegb,covtype,128,1,4,0.5,0.5121307892058888,0.5134807190864263,1
cegb,covtype,512,4,8,0.0625,0.731192812531599,0.728260027710128,20
cegb,mushroom,64,6,4,0.125,0.9706108632097246,0.9698461538461538,88
cegb,mushroom,1,1,2,0.015625,0.9106016310201569,0.912,7
cegb,mushroom,4,4,4,0.125,0.9706108632097246,0.9698461538461538,70
cegb,mushroom,2,2,1,0.25,0.7864286813355901,0.8055384615384615,6
cegb,mushroom,1,1,8,0.0,0.9944606862594245,0.9950769230769231,55
cegb,mushroom,32,12,2,0.0625,0.9699953839052162,0.976,84
cegb,mushroom,2,2,2,0.0625,0.9106016310201569,0.912,14
cegb,covtype,8,8,2,0.0,0.7323050973625725,0.7291205906904297,56
cegb,covtype,1,1,2,0.0078125,0.7296631519613432,0.7264442398216914,7
ccp,wine,256,256,2,0.125,1.2802360586551225,0.45076923076923076,1792
cegb,covtype,16,1,8,0.5,0.5121307892058888,0.5134807190864263,1
cegb,covtype,256,256,8,0.0,0.8730489297754561,0.8662771184909167,15616
cegb,mushroom,64,17,8,0.03125,0.9838436682566549,0.9858461538461538,361
cegb,mushroom,4,4,8,0.03125,0.9883058932143407,0.9901538461538462,106
cegb,mushroom,8,1,4,0.5,0.515156177873519,0.5292307692307693,1
cegb,mushroom,32,23,4,0.015625,0.9918448992152639,0.9907692307692307,359
cegb,covtype,8,1,4,0.25,0.5121307892058888,0.5134807190864263,1
cegb,mushroom,2,2,4,0.015625,0.9796891829512233,0.9778461538461538,42
cegb,covtype,1,1,8,0.5,0.5121307892058888,0.5134807190864263,1
cegb,mushroom,8,8,1,0.0078125,0.9016771811047853,0.9083076923076923,24
cegb,mushroom,4,4,1,0.0,0.7978150484689952,0.819076923076923,12
cegb,mushroom,16,16,1,0.03125,0.9589167564240653,0.96,48
cegb,mushroom,8,6,8,0.125,0.9838436682566549,0.9858461538461538,106
ccp,kin8nm,512,512,1,0.0,0.036966089767628454,0.040288667271251306,1536
cegb,covtype,2,1,1,0.125,0.6674203812748892,0.6648967754705128,3
cegb,mushroom,16,16,2,0.0078125,0.9718418218187413,0.976,112
cegb,covtype,2,2,4,0.0078125,0.7548154188064344,0.7511079748371384,62
cegb,covtype,256,16,1,0.03125,0.7307453168936058,0.7278727743689922,48
cegb,covtype,8,4,8,0.0625,0.731192812531599,0.728260027710128,20
cegb,covtype,2,2,2,0.03125,0.731192812531599,0.728260027710128,12
cegb,covtype,64,4,4,0.0625,0.731192812531599,0.728260027710128,20
ccp,covtype,32,32,4,0.015625,1.2654039979264047,0.728285844599537,46
cegb,covtype,256,21,2,0.0078125,0.7365347917101434,0.7336815744860288,147
ccp,california_housing,1024,1024,1,0.015625,0.5558978951992264,0.5804537955588424,1132
cegb,mushroom,64,64,1,0.0,0.9746114786890291,0.976,192
cegb,mushroom,16,1,8,0.5,0.515156177873519,0.5292307692307693,1
cegb,covtype,64,12,8,0.015625,0.772493647928504,0.7690162904572171,606
cegb,mushroom,128,123,1,0.0078125,0.9787659639944607,0.9815384615384616,369
cegb,covtype,64,1,2,0.25,0.5121307892058888,0.5134807190864263,1
cegb,mushroom,1,1,1,0.5,0.515156177873519,0.5292307692307693,1
cegb,mushroom,4,2,2,0.25,0.9106016310201569,0.912,12
cegb,mushroom,128,1,4,0.5,0.515156177873519,0.5292307692307693,1
cegb,covtype,4,1,1,0.5,0.5121307892058888,0.5134807190864263,1
cegb,mushroom,32,14,1,0.125,0.9589167564240653,0.96,42
cegb,mushroom,128,6,8,0.125,0.9838436682566549,0.9858461538461538,106
ccp,kin8nm,1,1,2,0.0,0.06516014767748017,0.06731441669703651,7
cegb,covtype,32,1,1,0.125,0.6674203812748892,0.6648967754705128,3
cegb,mushroom,64,2,2,0.25,0.9106016310201569,0.912,12
cegb,mushroom,64,12,4,0.0625,0.9706108632097246,0.9698461538461538,174
cegb,mushroom,1,1,2,0.0078125,0.9106016310201569,0.912,7
cegb,mushroom,4,4,4,0.0625,0.9752269579935374,0.9735384615384616,72
cegb,mushroom,2,2,1,0.125,0.7864286813355901,0.8055384615384615,6
ccp,wine,256,256,4,0.25,1.2802360586551225,0.45076923076923076,1792
cegb,covtype,16,16,1,0.015625,0.7307453168936058,0.7278727743689922,48
cegb,mushroom,1,1,8,0.5,0.515156177873519,0.5292307692307693,1
cegb,covtype,32,9,2,0.03125,0.731192812531599,0.728260027710128,47
cegb,covtype,1,1,1,0.015625,0.6674203812748892,0.6648967754705128,3
cegb,mushroom,32,18,2,0.03125,0.9724573011232497,0.9772307692307692,126
cegb,mushroom,2,2,2,0.03125,0.9106016310201569,0.912,14
cegb,covtype,4,1,2,0.125,0.7296631519613432,0.7264442398216914,5
cegb,mushroom,64,23,8,0.015625,0.9926142483458994,0.9926153846153846,549
cegb,covtype,32,17,4,0.0078125,0.7632188705468268,0.7598168721977918,449
cegb,mushroom,4,4,8,0.015625,0.9883058932143407,0.9901538461538462,106
cegb,mushroom,8,2,4,0.25,0.9604554546853362,0.9661538461538461,30
cegb,mushroom,32,29,4,0.0078125,0.9955377750423142,0.9932307692307693,461
cegb,mushroom,2,2,4,0.0078125,0.9783043545160794,0.976,46
cegb,mushroom,8,8,2,0.0,0.9244499153715956,0.9267692307692308,56
cegb,covtype,4,4,4,0.03125,0.7327741072139309,0.7303253788628521,46
cegb,mushroom,4,1,1,0.5,0.515156177873519,0.5292307692307693,1
cegb,mushroom,16,16,1,0.015625,0.9589167564240653,0.96,48
cegb,mushroom,8,8,8,0.0625,0.9838436682566549,0.9858461538461538,186
cegb,covtype,128,4,8,0.0625,0.731192812531599,0.728260027710128,20
cegb,mushroom,16,16,4,0.0,0.9926142483458994,0.9926153846153846,408
cegb,mushroom,256,14,1,0.125,0.9589167564240653,0.96,42
cegb,covtype,4,4,8,0.0078125,0.7828032589730406,0.779523764446701,244
ccp,kin8nm,1024,1024,4,0.5,0.06907644570634451,0.0710960971386598,1024
cegb,mushroom,64,1,1,0.5,0.515156177873519,0.5292307692307693,1
cegb,mushroom,128,128,2,0.0,0.9992306508693645,0.9981538461538462,894
cegb,mushroom,16,2,8,0.25,0.9604554546853362,0.9661538461538461,30
cegb,covtype,64,1,1,0.5,0.5121307892058888,0.5134807190864263,1
cegb,mushroom,1,1,1,0.25,0.7864286813355901,0.8055384615384615,3
ccp,wine,128,128,8,0.03125,1.2802360586551225,0.45076923076923076,896
cegb,mushroom,4,4,2,0.125,0.9106016310201569,0.912,26
cegb,mushroom,128,2,4,0.25,0.9604554546853362,0.9661538461538461,30
cegb,covtype,16,16,4,0.0,0.7668052899147823,0.7636635887197405,496
cegb,mushroom,32,30,1,0.0625,0.9603015848592091,0.9643076923076923,90
cegb,mushroom,128,11,8,0.0625,0.9838436682566549,0.9858461538461538,219
cegb,mushroom,256,18,2,0.03125,0.9724573011232497,0.9772307692307692,126
cegb,mushroom,64,6,2,0.125,0.9106016310201569,0.912,36
cegb,covtype,128,128,2,0.0,0.7720784236105583,0.7687667271929296,896
cegb,mushroom,64,17,4,0.03125,0.9783043545160794,0.9833846153846154,257
ccp,wine,256,256,8,0.5,1.2802360586551225,0.45076923076923076,1792
cegb,mushroom,1,1,4,0.0,0.9783043545160794,0.976,27
cegb,mushroom,4,4,4,0.03125,0.9750730881674103,0.9741538461538461,72
cegb,mushroom,2,2,1,0.0625,0.7864286813355901,0.8055384615384615,6
cegb,covtype,1,1,4,0.0,0.746164553612344,0.7421495142121977,31
cegb,mushroom,1,1,8,0.25,0.9576857978150485,0.9624615384615385,17
cegb,covtype,8,1,2,0.5,0.5121307892058888,0.5134807190864263,1
ccp,california_housing,256,256,8,0.0625,0.7730898222733464,0.7969584333851376,298
cegb,covtype,16,1,8,0.25,0.5121307892058888,0.5134807190864263,1
cegb,covtype,128,1,4,0.25,0.5121307892058888,0.5134807190864263,1
cegb,mushroom,2,2,2,0.015625,0.9106016310201569,0.912,14
cegb,mushroom,32,27,2,0.015625,0.9853823665179259,0.9870769230769231,185
cegb,covtype,8,1,4,0.125,0.7296631519613432,0.7264442398216914,5
cegb,covtype,1,1,8,0.25,0.5121307892058888,0.5134807190864263,1
cegb,mushroom,64,30,8,0.0078125,0.9986151715648561,0.9981538461538462,734
cegb,mushroom,4,4,8,0.0078125,0.9915371595630097,0.992,136
cegb,mushroom,2,2,8,0.0,0.99523003539006,0.9969230769230769,112
ccp,california_housing,512,512,4,0.125,0.8954955931108983,0.91994215390186,532
ccp,wine,128,128,4,0.0078125,1.194700442984978,0.5484615384615384,928
cegb,covtype,2,2,1,0.0625,0.6674203812748892,0.6648967754705128,6
cegb,mushroom,32,32,8,0.0,1.0,1.0,1870
cegb,mushroom,8,6,4,0.125,0.9706108632097246,0.9698461538461538,88
cegb,mushroom,16,16,1,0.0078125,0.9589167564240653,0.96,48
cegb,covtype,2,2,8,0.0,0.7719041584823013,0.7674844883522801,122
cegb,covtype,2,2,2,0.015625,0.731192812531599,0.728260027710128,14
cegb,covtype,8,8,8,0.03125,0.7398953118377656,0.7367365730660999,152
ccp,wine,512,512,1,0.0078125,1.2075618375315063,0.52,3608
cegb,mushroom,4,3,1,0.25,0.7864286813355901,0.8055384615384615,9
cegb,mushroom,8,8,8,0.03125,0.9838436682566549,0.9858461538461538,190
cegb,mushroom,16,1,4,0.5,0.515156177873519,0.5292307692307693,1
cegb,mushroom,8,1,2,0.5,0.515156177873519,0.5292307692307693,1
cegb,mushroom,256,30,1,0.0625,0.9603015848592091,0.9643076923076923,90
cegb,covtype,64,9,4,0.03125,0.7360249048533914,0.7335697012985896,97
cegb,covtype,4,1,1,0.25,0.5121307892058888,0.5134807190864263,1
cegb,mushroom,64,3,1,0.25,0.7864286813355901,0.8055384615384615,9
cegb,mushroom,128,1,2,0.5,0.515156177873519,0.5292307692307693,1
cegb,covtype,64,1,2,0.125,0.7296631519613432,0.7264442398216914,5
cegb,mushroom,16,6,8,0.125,0.9838436682566549,0.9858461538461538,106
cegb,mushroom,1,1,1,0.125,0.7864286813355901,0.8055384615384615,3
cegb,covtype,1024,1,2,0.25,0.5121307892058888,0.5134807190864263,1
cegb,covtype,64,16,8,0.0078125,0.7883861973412735,0.7843257058767846,966
cegb,covtype,32,5,1,0.0625,0.7286025012424459,0.7255234374327685,15
cegb,mushroom,4,4,2,0.0625,0.9106016310201569,0.912,28
cegb,mushroom,128,6,4,0.125,0.9706108632097246,0.9698461538461538,88
cegb,covtype,256,1,8,0.5,0.5121307892058888,0.5134807190864263,1
cegb,covtype,1024,4,4,0.0625,0.731192812531599,0.728260027710128,20
cegb,mushroom,64,12,2,0.0625,0.9699953839052162,0.976,84
cegb,mushroom,32,32,1,0.03125,0.968148945991691,0.9723076923076923,96
cegb,mushroom,128,17,8,0.03125,0.9838436682566549,0.9858461538461538,361
cegb,mushroom,256,27,2,0.015625,0.9853823665179259,0.9870769230769231,185
cegb,covtype,512,1,1,0.125,0.6674203812748892,0.6648967754705128,3
cegb,mushroom,64,23,4,0.015625,0.9918448992152639,0.9907692307692307,359
ccp,wine,1024,1024,1,0.0,1.0069353442702373,0.5607692307692308,21504
cegb,covtype,1,1,1,0.0078125,0.6674203812748892,0.6648967754705128,3
cegb,mushroom,1,1,4,0.5,0.515156177873519,0.5292307692307693,1
cegb,covtype,16,16,1,0.0078125,0.7307453168936058,0.7278727743689922,48
cegb,covtype,4,4,2,0.0625,0.731192812531599,0.728260027710128,20
cegb,mushroom,2,2,1,0.03125,0.7864286813355901,0.8055384615384615,6
cegb,mushroom,4,4,4,0.015625,0.9750730881674103,0.9741538461538461,76
cegb,covtype,32,14,2,0.015625,0.734611421035307,0.731280603770987,94
cegb,covtype,512,9,2,0.03125,0.731192812531599,0.728260027710128,47
cegb,mushroom,1,1,8,0.125,0.9863055854746884,0.9858461538461538,29
cegb,covtype,1024,1,8,0.25,0.5121307892058888,0.5134807190864263,1
cegb,covtype,256,28,1,0.015625,0.7317973619271572,0.728784971128112,84
cegb,mushroom,2,2,2,0.0078125,0.9106016310201569,0.912,14
cegb,mushroom,32,32,2,0.0078125,0.9876904139098323,0.9876923076923076,216
cegb,covtype,512,17,4,0.0078125,0.7632188705468268,0.7598168721977918,449
cegb,covtype,1024,4,8,0.0625,0.731192812531599,0.728260027710128,20
cegb,covtype,512,9,8,0.03125,0.7399103717871212,0.736788206844918,155
cegb,covtype,4,4,4,0.015625,0.7479093563162503,0.7442923160331489,112
cegb,mushroom,128,128,1,0.0,0.9787659639944607,0.9815384615384616,384
cegb,covtype,1024,12,8,0.015625,0.772493647928504,0.7690162904572171,606
ccp,california_housing,512,512,8,0.03125,0.6186204080045533,0.6436123456960643,602
cegb,mushroom,8,8,1,0.0,0.9016771811047853,0.9083076923076923,24
cegb,mushroom,2,1,8,0.5,0.515156177873519,0.5292307692307693,1
cegb,mushroom,16,16,2,0.0,0.9718418218187413,0.976,112
cegb,mushroom,8,8,4,0.0625,0.9706108632097246,0.9698461538461538,132
cegb,mushroom,32,1,8,0.5,0.515156177873519,0.5292307692307693,1
ccp,california_housing,1024,1024,2,0.0078125,0.43508097326409745,0.4632241343489626,1238
cegb,mushroom,8,8,8,0.015625,0.9883058932143407,0.9901538461538462,204
cegb,mushroom,4,4,1,0.125,0.7978150484689952,0.819076923076923,12
cegb,covtype,8,8,1,0.0,0.7286025012424459,0.7255234374327685,24
cegb,mushroom,16,2,4,0.25,0.9604554546853362,0.9661538461538461,30
cegb,mushroom,256,52,1,0.03125,0.968148945991691,0.9723076923076923,156
cegb,mushroom,8,2,2,0.25,0.9106016310201569,0.912,12
cegb,covtype,32,32,8,0.0,0.8091646246092481,0.8049275836252077,1952
cegb,covtype,1024,1024,1,0.0,0.7732832195590017,0.7703243461872757,3072
cegb,mushroom,64,14,1,0.125,0.9589167564240653,0.96,42
cegb,covtype,16,1,4,0.5,0.5121307892058888,0.5134807190864263,1
cegb,covtype,64,1,1,0.25,0.5121307892058888,0.5134807190864263,1
cegb,covtype,128,9,8,0.03125,0.7399103717871212,0.736788206844918,155
cegb,mushroom,128,2,2,0.25,0.9106016310201569,0.912,12
cegb,mushroom,256,29,4,0.0078125,0.9955377750423142,0.9932307692307693,461
cegb,mushroom,1,1,1,0.0625,0.7864286813355901,0.8055384615384615,3
cegb,mushroom,16,11,8,0.0625,0.9838436682566549,0.9858461538461538,219
cegb,covtype,1,1,4,0.5,0.5121307892058888,0.5134807190864263,1
cegb,mushroom,64,18,2,0.03125,0.9724573011232497,0.9772307692307692,126
cegb,mushroom,32,32,1,0.015625,0.968148945991691,0.9723076923076923,96
cegb,mushroom,128,23,8,0.015625,0.9926142483458994,0.9926153846153846,549
cegb,mushroom,4,4,2,0.03125,0.9106016310201569,0.912,28
cegb,mushroom,128,12,4,0.0625,0.9706108632097246,0.9698461538461538,174
cegb,covtype,8,1,2,0.25,0.5121307892058888,0.5134807190864263,1
ccp,wine,256,256,2,0.0625,1.2802360586551225,0.45076923076923076,1792
cegb,covtype,16,1,8,0.125,0.7296631519613432,0.7264442398216914,5
cegb,mushroom,256,41,2,0.0078125,0.9876904139098323,0.9876923076923076,269
cegb,mushroom,1,1,4,0.25,0.9576857978150485,0.9624615384615385,17
ccp,covtype,32,32,1,0.0078125,1.2185581364942182,0.7283891121571732,60
cegb,mushroom,64,29,4,0.0078125,0.9955377750423142,0.9932307692307693,461
cegb,mushroom,2,2,1,0.015625,0.7864286813355901,0.8055384615384615,6
cegb,covtype,1,1,8,0.125,0.7296631519613432,0.7264442398216914,5
cegb,covtype,8,4,4,0.0625,0.731192812531599,0.728260027710128,20
cegb,mushroom,4,4,4,0.0078125,0.9783043545160794,0.976,88
cegb,covtype,128,1,2,0.5,0.5121307892058888,0.5134807190864263,1
cegb,mushroom,1,1,8,0.0625,0.996768733651331,0.9956923076923077,41
lgbm_base,kr-vs-kp,512,512,2,0.0,0.9823943661971831,0.98125,3544
lgbm_quant,kr-vs-kp,512,512,2,0.0,0.9823943661971831,0.98125,3544
cegb,mushroom,32,32,4,0.0,0.9992306508693645,0.9981538461538462,860
cegb,mushroom,512,1,1,0.5,0.515156177873519,0.5292307692307693,1
cegb,mushroom,2,2,4,0.0,0.9783043545160794,0.976,52
cegb,covtype,2,2,1,0.03125,0.6674203812748892,0.6648967754705128,6
cegb,covtype,2,2,2,0.0078125,0.731192812531599,0.728260027710128,14
cegb,covtype,2,1,8,0.5,0.5121307892058888,0.5134807190864263,1
cegb,covtype,128,1,4,0.125,0.7296631519613432,0.7264442398216914,5
cegb,mushroom,128,1,1,0.5,0.515156177873519,0.5292307692307693,1
cegb,mushroom,512,6,2,0.125,0.9106016310201569,0.912,36
cegb,covtype,8,8,8,0.015625,0.7770589640045696,0.773482612324983,488
ccp,california_housing,1024,1024,1,0.0078125,0.4794579195717079,0.5042981125408714,1202
cegb,mushroom,2,2,8,0.25,0.9604554546853362,0.9661538461538461,30
cegb,mushroom,512,17,4,0.03125,0.9783043545160794,0.9833846153846154,257
cegb,mushroom,8,1,1,0.5,0.515156177873519,0.5292307692307693,1
cegb,mushroom,16,1,2,0.5,0.515156177873519,0.5292307692307693,1
cegb,covtype,4,1,1,0.125,0.6674203812748892,0.6648967754705128,3
cegb,mushroom,8,8,4,0.03125,0.9706108632097246,0.9698461538461538,134
cegb,mushroom,32,2,8,0.25,0.9604554546853362,0.9661538461538461,30
cegb,mushroom,8,8,8,0.0078125,0.9915371595630097,0.992,238
cegb,mushroom,4,4,1,0.0625,0.7978150484689952,0.819076923076923,12
cegb,mushroom,16,6,4,0.125,0.9706108632097246,0.9698461538461538,88
cegb,mushroom,8,6,2,0.125,0.9106016310201569,0.912,36
cegb,mushroom,512,6,8,0.125,0.9838436682566549,0.9858461538461538,106
cegb,mushroom,256,84,1,0.015625,0.9746114786890291,0.976,252
cegb,covtype,64,12,4,0.015625,0.7506136929362384,0.7470375119403113,260
cegb,covtype,256,256,4,0.0,0.8196334408326861,0.8150391986437527,7684
cegb,mushroom,64,30,1,0.0625,0.9603015848592091,0.9643076923076923,90
cegb,covtype,32,16,1,0.03125,0.7307453168936058,0.7278727743689922,48
cegb,mushroom,1,1,1,0.03125,0.7864286813355901,0.8055384615384615,3
cegb,covtype,64,4,2,0.0625,0.731192812531599,0.728260027710128,20
cegb,mushroom,128,6,2,0.125,0.9106016310201569,0.912,36
cegb,mushroom,16,16,8,0.03125,0.9838436682566549,0.9858461538461538,352
cegb,covtype,1,1,2,0.0,0.7296631519613432,0.7264442398216914,7
lgbm_base,kr-vs-kp,512,512,1,0.0,0.9499217527386542,0.9484375,1536
lgbm_quant,kr-vs-kp,512,512,1,0.0,0.9499217527386542,0.9484375,1536
ccp,covtype,8,8,8,0.0625,1.3857056791728541,0.5134807190864263,8
cegb,mushroom,256,256,8,0.0,1.0,1.0,7838
cegb,mushroom,64,27,2,0.015625,0.9853823665179259,0.9870769230769231,185
cegb,covtype,4,4,2,0.03125,0.731192812531599,0.728260027710128,22
cegb,covtype,16,16,2,0.0,0.7346286324059991,0.7314010825882292,112
cegb,mushroom,4,4,2,0.015625,0.9106016310201569,0.912,28
cegb,mushroom,128,17,4,0.03125,0.9783043545160794,0.9833846153846154,257
cegb,mushroom,32,32,1,0.0078125,0.968148945991691,0.9723076923076923,96
cegb,mushroom,128,30,8,0.0078125,0.9986151715648561,0.9981538461538462,734
cegb,mushroom,512,30,8,0.0078125,0.9986151715648561,0.9981538461538462,734
cegb,mushroom,64,64,8,0.0,1.0,1.0,3822
cegb,mushroom,256,256,4,0.0,1.0,1.0,5148
cegb,covtype,32,21,2,0.0078125,0.7365347917101434,0.7336815744860288,147
cegb,mushroom,1024,1,2,0.5,0.515156177873519,0.5292307692307693,1
cegb,mushroom,4,4,8,0.0,0.99523003539006,0.9969230769230769,228
cegb,mushroom,1024,6,4,0.125,0.9706108632097246,0.9698461538461538,88
cegb,covtype,4,4,4,0.0078125,0.7525951519871603,0.7490942574632324,120
cegb,mushroom,1024,1,8,0.5,0.515156177873519,0.5292307692307693,1
cegb,mushroom,32,1,4,0.5,0.515156177873519,0.5292307692307693,1
cegb,covtype,128,128,1,0.0,0.7492109662248364,0.7464351178541001,384
cegb,mushroom,512,3,1,0.25,0.7864286813355901,0.8055384615384615,9
cegb,mushroom,128,3,1,0.25,0.7864286813355901,0.8055384615384615,9
ccp,wine,512,512,2,0.0078125,1.1947004429849775,0.5484615384615384,3616
cegb,mushroom,512,12,2,0.0625,0.9699953839052162,0.976,84
cegb,covtype,8,1,1,0.5,0.5121307892058888,0.5134807190864263,1
cegb,covtype,256,1,8,0.25,0.5121307892058888,0.5134807190864263,1
cegb,mushroom,8,8,4,0.015625,0.9750730881674103,0.9741538461538461,152
cegb,mushroom,512,23,4,0.015625,0.9918448992152639,0.9907692307692307,359
cegb,mushroom,32,6,8,0.125,0.9838436682566549,0.9858461538461538,106
cegb,covtype,32,1,8,0.5,0.5121307892058888,0.5134807190864263,1
cegb,mushroom,16,16,1,0.0,0.9589167564240653,0.96,48
cegb,mushroom,8,3,1,0.25,0.7864286813355901,0.8055384615384615,9
cegb,mushroom,16,2,2,0.25,0.9106016310201569,0.912,12
cegb,mushroom,16,12,4,0.0625,0.9706108632097246,0.9698461538461538,174
cegb,mushroom,8,8,2,0.0625,0.9244499153715956,0.9267692307692308,56
cegb,mushroom,1024,6,8,0.125,0.9838436682566549,0.9858461538461538,106
cegb,covtype,16,1,4,0.25,0.5121307892058888,0.5134807190864263,1
cegb,mushroom,512,11,8,0.0625,0.9838436682566549,0.9858461538461538,219
ccp,california_housing,512,512,8,0.5,1.3276217235799053,1.3473246598968645,512
cegb,mushroom,256,123,1,0.0078125,0.9787659639944607,0.9815384615384616,369
cegb,mushroom,64,52,1,0.03125,0.968148945991691,0.9723076923076923,156
cegb,covtype,64,1,1,0.125,0.6674203812748892,0.6648967754705128,3
cegb,covtype,1,1,4,0.25,0.5121307892058888,0.5134807190864263,1
cegb,mushroom,128,12,2,0.0625,0.9699953839052162,0.976,84
cegb,mushroom,16,16,8,0.015625,0.9915371595630097,0.992,436
cegb,mushroom,1,1,1,0.015625,0.7864286813355901,0.8055384615384615,3
cegb,mushroom,256,1,8,0.5,0.515156177873519,0.5292307692307693,1
cegb,covtype,8,1,2,0.125,0.7296631519613432,0.7264442398216914,5
cegb,covtype,16,4,8,0.0625,0.731192812531599,0.728260027710128,20
cegb,mushroom,1024,17,8,0.03125,0.9838436682566549,0.9858461538461538,361
cegb,covtype,256,52,1,0.0078125,0.7331226374704448,0.7304974914589124,156
cegb,mushroom,1024,30,8,0.0078125,0.9986151715648561,0.9981538461538462,734
cegb,mushroom,128,23,4,0.015625,0.9918448992152639,0.9907692307692307,359
cegb,mushroom,64,41,2,0.0078125,0.9876904139098323,0.9876923076923076,269
cegb,california_housing,1,1,2,0.5,1.327621723579905,1.347324659892472,1
cegb,mushroom,32,32,2,0.0,0.9876904139098323,0.9876923076923076,222
cegb,covtype,1,1,8,0.0625,0.7296631519613432,0.7264442398216914,5
cegb,mushroom,256,256,1,0.0,0.9893829819972303,0.9883076923076923,768
cegb,covtype,8,8,4,0.03125,0.7346372380913451,0.7323304906069551,92
cegb,covtype,128,12,8,0.015625,0.772493647928504,0.7690162904572171,606
ccp,covtype,64,64,2,0.125,1.3857056791728541,0.5134807190864263,64
cegb,mushroom,64,1,8,0.5,0.515156177873519,0.5292307692307693,1
cegb,mushroom,256,1,4,0.5,0.515156177873519,0.5292307692307693,1
cegb,mushroom,1024,1024,1,0.0,1.0,1.0,3072
cegb,covtype,2,2,4,0.0,0.7536106228579912,0.7496105952514135,62
cegb,covtype,2,2,1,0.015625,0.6674203812748892,0.6648967754705128,6
cegb,mushroom,1024,12,4,0.0625,0.9706108632097246,0.9698461538461538,174
cegb,covtype,2,1,8,0.25,0.5121307892058888,0.5134807190864263,1
cegb,mushroom,1024,2,2,0.25,0.9106016310201569,0.912,12
cegb,california_housing,1,1,4,0.125,1.1852928150017503,1.2055372993841698,31
cegb,covtype,512,5,1,0.0625,0.7286025012424459,0.7255234374327685,15
cegb,mushroom,1024,2,8,0.25,0.9604554546853362,0.9661538461538461,30
cegb,mushroom,32,2,4,0.25,0.9604554546853362,0.9661538461538461,30
cegb,mushroom,512,14,1,0.125,0.9589167564240653,0.96,42
ccp,wine,512,512,4,0.0078125,1.1947004429849775,0.5484615384615384,3616
cegb,covtype,4,4,1,0.0625,0.6674203812748892,0.6648967754705128,12
cegb,covtype,128,1,2,0.25,0.5121307892058888,0.5134807190864263,1
cegb,mushroom,128,14,1,0.125,0.9589167564240653,0.96,42
cegb,covtype,8,8,8,0.0078125,0.7881646009436134,0.7848764661841777,488
cegb,covtype,512,14,2,0.015625,0.734611421035307,0.731280603770987,94
cegb,mushroom,512,18,2,0.03125,0.9724573011232497,0.9772307692307692,126
ccp,kin8nm,1024,1024,8,0.0,3.919709945437016e-06,0.01466619383765097,214748
ccp,california_housing,1024,1024,4,0.015625,0.4826050277951361,0.5077643771778548,1204
ccp,covtype,16,16,4,0.0625,1.3857056791728541,0.5134807190864263,16
cegb,mushroom,32,11,8,0.0625,0.9838436682566549,0.9858461538461538,219
cegb,california_housing,1,1,8,0.03125,1.1613758816858022,1.1802446065044745,61
cegb,covtype,128,4,4,0.0625,0.731192812531599,0.728260027710128,20
cegb,mushroom,512,29,4,0.0078125,0.9955377750423142,0.9932307692307693,461
cegb,california_housing,2,2,1,0.0078125,1.1840586067669492,1.204435949687965,6
cegb,california_housing,4,4,1,0.03125,1.0778690788012046,1.0995719172390273,12
cegb,california_housing,2,1,4,0.5,1.327621723579905,1.347324659892472,1
cegb,mushroom,1024,11,8,0.0625,0.9838436682566549,0.9858461538461538,219
cegb,california_housing,2,2,8,0.125,1.0567905425187578,1.0766766805119659,76
cegb,covtype,512,12,8,0.015625,0.772493647928504,0.7690162904572171,606
cegb,mushroom,512,17,8,0.03125,0.9838436682566549,0.9858461538461538,361
cegb,mushroom,64,64,1,0.015625,0.9746114786890291,0.976,192
cegb,mushroom,256,256,2,0.0,1.0,1.0,1790
cegb,covtype,32,28,1,0.015625,0.7317973619271572,0.728784971128112,84
cegb,covtype,64,17,4,0.0078125,0.7632188705468268,0.7598168721977918,449
lgbm_base,kr-vs-kp,512,512,4,0.0,0.9956964006259781,0.9828125,11716
cegb,covtype,4,4,2,0.015625,0.731192812531599,0.728260027710128,28
lgbm_quant,kr-vs-kp,512,512,4,0.0,0.9956964006259781,0.9828125,11716
cegb,covtype,16,1,2,0.5,0.5121307892058888,0.5134807190864263,1
cegb,california_housing,4,4,2,0.0078125,0.9765518778189951,0.9967990262674069,28
cegb,mushroom,1,1,1,0.0078125,0.7864286813355901,0.8055384615384615,3
cegb,california_housing,4,1,8,0.5,1.327621723579905,1.347324659892472,1
cegb,mushroom,128,18,2,0.03125,0.9724573011232497,0.9772307692307692,126
cegb,covtype,64,9,2,0.03125,0.731192812531599,0.728260027710128,47
cegb,mushroom,256,2,8,0.25,0.9604554546853362,0.9661538461538461,30
cegb,california_housing,1,1,1,0.0,1.2492948562742885,1.2683547415985175,3
cegb,mushroom,64,64,4,0.0,1.0,1.0,1668
cegb,covtype,4,4,8,0.0,0.7811143932238833,0.7778112441159006,244
cegb,mushroom,1024,23,8,0.015625,0.9926142483458994,0.9926153846153846,549
cegb,mushroom,128,29,4,0.0078125,0.9955377750423142,0.9932307692307693,461
cegb,california_housing,1,1,2,0.25,1.2355961376460167,1.2534761221923156,5
ccp,wine,256,256,4,0.125,1.2802360586551225,0.45076923076923076,1792
cegb,california_housing,8,8,2,0.03125,0.8008610904245628,0.8244596077075775,56
cegb,california_housing,8,8,1,0.125,0.9340069121202247,0.9573131347602386,24
cegb,mushroom,256,1,1,0.5,0.515156177873519,0.5292307692307693,1
cegb,mushroom,64,2,8,0.25,0.9604554546853362,0.9661538461538461,30
cegb,covtype,32,32,4,0.0,0.7809594908876549,0.7777337934476735,992
cegb,mushroom,256,2,4,0.25,0.9604554546853362,0.9661538461538461,30
cegb,california_housing,16,1,1,0.5,1.327621723579905,1.347324659892472,1
cegb,california_housing,8,8,4,0.0078125,0.6479634506694402,0.6747581668988258,248
cegb,mushroom,1024,1,1,0.5,0.515156177873519,0.5292307692307693,1
cegb,covtype,256,1,4,0.5,0.5121307892058888,0.5134807190864263,1
cegb,california_housing,16,7,2,0.125,0.8862341846469332,0.906915561640453,37
cegb,covtype,8,1,1,0.25,0.5121307892058888,0.5134807190864263,1
cegb,california_housing,16,14,4,0.03125,0.5444137217435732,0.5715632009129448,294
cegb,mushroom,1024,17,4,0.03125,0.9783043545160794,0.9833846153846154,257
cegb,california_housing,1,1,4,0.0625,1.1842950750009165,1.2045807490019709,31
cegb,mushroom,1024,6,2,0.125,0.9106016310201569,0.912,36
lgbm_base,breastcancer,4,4,2,0.0,0.9560439560439561,0.9210526315789473,28
cegb,california_housing,16,16,8,0.0078125,0.37015926188274084,0.4019276470655738,976
lgbm_quant,breastcancer,4,4,2,0.0,0.9560439560439561,0.9210526315789473,28
cegb,california_housing,32,1,2,0.5,1.327621723579905,1.347324659892472,1
cegb,mushroom,512,30,1,0.0625,0.9603015848592091,0.9643076923076923,90
cegb,mushroom,128,30,1,0.0625,0.9603015848592091,0.9643076923076923,90
ccp,covtype,16,16,8,0.5,1.3857056791728541,0.5134807190864263,16
cegb,covtype,128,1,1,0.5,0.5121307892058888,0.5134807190864263,1
cegb,covtype,32,1,8,0.25,0.5121307892058888,0.5134807190864263,1
cegb,covtype,1024,1,2,0.125,0.7296631519613432,0.7264442398216914,5
cegb,covtype,16,1,4,0.125,0.7296631519613432,0.7264442398216914,5
cegb,california_housing,32,7,4,0.125,0.8396333782488427,0.8598468083692412,69
cegb,mushroom,512,27,2,0.015625,0.9853823665179259,0.9870769230769231,185
cegb,california_housing,1,1,8,0.015625,1.1603883182313632,1.1793277216729354,61
cegb,covtype,1024,9,4,0.03125,0.7360249048533914,0.7335697012985896,97
cegb,california_housing,64,64,1,0.0078125,0.5299850717907777,0.5545040162242775,192
cegb,california_housing,32,15,8,0.03125,0.5058831829606891,0.5294005255524643,603
cegb,california_housing,2,2,2,0.0,1.1220749409729727,1.1410828966518654,14
cegb,california_housing,2,2,4,0.25,1.1490090945303422,1.167995383308594,10
cegb,california_housing,4,4,1,0.015625,1.0778690788012046,1.0995719172390273,12
cegb,covtype,8,4,2,0.0625,0.731192812531599,0.728260027710128,20
cegb,covtype,64,5,1,0.0625,0.7286025012424459,0.7255234374327685,15
cegb,mushroom,512,512,8,0.0,1.0,1.0,8620
cegb,mushroom,512,23,8,0.015625,0.9926142483458994,0.9926153846153846,549
cegb,california_housing,2,2,8,0.0625,1.0441370609155252,1.0606464248074314,122
cegb,california_housing,64,7,8,0.125,0.8197573711541677,0.8399395087836652,101
cegb,california_housing,64,1,4,0.5,1.327621723579905,1.347324659892472,1
cegb,covtype,16,9,8,0.03125,0.7399103717871212,0.736788206844918,155
cegb,california_housing,128,32,1,0.03125,0.6492240303000508,0.6723931528164611,96
cegb,california_housing,128,39,2,0.0078125,0.4378077642146178,0.46584857616512015,271
cegb,mushroom,256,1,2,0.5,0.515156177873519,0.5292307692307693,1
ccp,kin8nm,1024,1024,4,0.25,0.06907644570634451,0.0710960971386598,1024
cegb,mushroom,1,1,2,0.0,0.9106016310201569,0.912,7
cegb,california_housing,4,3,8,0.25,1.09572839341621,1.114240879145807,13
cegb,california_housing,4,4,4,0.0,0.8730120982922631,0.8953762858130344,124
cegb,covtype,8,8,4,0.015625,0.7505685130881717,0.746899821863463,198
cegb,mushroom,128,27,2,0.015625,0.9853823665179259,0.9870769230769231,185
ccp,wine,128,128,8,0.015625,1.2464724129309404,0.45076923076923076,904
cegb,mushroom,256,6,8,0.125,0.9838436682566549,0.9858461538461538,106
cegb,covtype,256,1,8,0.125,0.7296631519613432,0.7264442398216914,5
cegb,california_housing,1,1,1,0.5,1.327621723579905,1.347324659892472,1
cegb,mushroom,128,128,8,0.0,1.0,1.0,7104
cegb,california_housing,128,1,8,0.5,1.327621723579905,1.347324659892472,1
cegb,california_housing,256,18,2,0.03125,0.6068822462690745,0.6335775665714034,124
cegb,california_housing,1,1,2,0.125,1.2145301539886326,1.2337483039795372,7
cegb,california_housing,8,8,2,0.015625,0.8008610904245628,0.8244596077075775,56
cegb,california_housing,256,9,1,0.125,0.9084169311948082,0.9320404371902846,27
cegb,california_housing,8,8,1,0.0625,0.9340069121202247,0.9573131347602386,24
cegb,mushroom,256,6,4,0.125,0.9706108632097246,0.9698461538461538,88
cegb,mushroom,256,3,1,0.25,0.7864286813355901,0.8055384615384615,9
ccp,wine,1024,1024,2,0.125,1.2802360586551225,0.45076923076923076,7168
cegb,california_housing,16,4,1,0.25,1.0778690788012046,1.0995719172390273,12
cegb,covtype,1024,1,1,0.5,0.5121307892058888,0.5134807190864263,1
cegb,covtype,128,16,8,0.0078125,0.7883861973412735,0.7843257058767846,966
cegb,mushroom,1024,3,1,0.25,0.7864286813355901,0.8055384615384615,9
cegb,california_housing,8,8,8,0.0,0.5577614420883822,0.5810792883517257,488
cegb,california_housing,16,12,2,0.0625,0.7319113618752011,0.7588531109708108,72
cegb,california_housing,1,1,4,0.03125,1.1808289356598205,1.2007355245532685,31
cegb,california_housing,256,22,4,0.0078125,0.39044331206214583,0.420726362597542,628
cegb,california_housing,16,16,4,0.015625,0.4783027863244475,0.5063748691752178,422
cegb,covtype,16,16,1,0.0,0.7307453168936058,0.7278727743689922,48
cegb,mushroom,1024,23,4,0.015625,0.9918448992152639,0.9907692307692307,359
cegb,california_housing,32,3,2,0.25,1.09572839341621,1.114240879145807,13
cegb,california_housing,32,32,1,0.0,0.6492240303000508,0.6723931528164611,96
cegb,mushroom,1024,12,2,0.0625,0.9699953839052162,0.976,84
cegb,mushroom,512,52,1,0.03125,0.968148945991691,0.9723076923076923,156
lgbm_base,kr-vs-kp,1024,1024,1,0.0,0.9585289514866979,0.953125,3072
cegb,california_housing,512,1,1,0.5,1.327621723579905,1.347324659892472,1
lgbm_quant,kr-vs-kp,1024,1024,1,0.0,0.9585289514866979,0.953125,3072
cegb,covtype,128,1,2,0.125,0.7296631519613432,0.7264442398216914,5
cegb,california_housing,32,11,4,0.0625,0.680216359669409,0.7020205374431427,149
lgbm_base,kr-vs-kp,512,512,8,0.0,0.9956964006259781,0.9796875,30094
cegb,mushroom,512,41,2,0.0078125,0.9876904139098323,0.9876923076923076,269
cegb,california_housing,64,64,2,0.0,0.35895931233729556,0.38623266000932843,448
cegb,california_housing,1,1,8,0.0078125,1.1603883182313632,1.1793277216729354,61
cegb,california_housing,2,1,2,0.5,1.327621723579905,1.347324659892472,1
cegb,california_housing,32,18,8,0.015625,0.4015654228304465,0.43018125320916034,876
lgbm_quant,kr-vs-kp,512,512,8,0.0,0.9913928012519562,0.9796875,30094
cegb,covtype,16,1,2,0.25,0.5121307892058888,0.5134807190864263,1
cegb,california_housing,2,2,4,0.125,1.0771032477869467,1.0969159312083245,44
cegb,covtype,32,32,1,0.0078125,0.7317973619271572,0.728784971128112,96
cegb,california_housing,4,4,1,0.0078125,1.0778690788012046,1.0995719172390273,12
cegb,mushroom,512,1,8,0.5,0.515156177873519,0.5292307692307693,1
cegb,california_housing,2,2,8,0.03125,1.0284104889826795,1.047039472269013,122
cegb,california_housing,64,11,8,0.0625,0.6437058273500655,0.664081546941423,283
cegb,california_housing,512,14,4,0.03125,0.5444137217435732,0.5715632009129448,294
cegb,california_housing,64,3,4,0.25,1.09572839341621,1.114240879145807,13
cegb,california_housing,512,7,2,0.125,0.8862341846469332,0.906915561640453,37
cegb,covtype,128,9,4,0.03125,0.7360249048533914,0.7335697012985896,97
ccp,covtype,128,128,2,0.0,0.9617241359607972,0.7711504866483654,896
cegb,california_housing,128,55,1,0.015625,0.5540928343053724,0.5779596600640875,165
cegb,mushroom,256,2,2,0.25,0.9106016310201569,0.912,12
cegb,california_housing,128,128,4,0.0,0.20546527126698952,0.25010026186116857,3670
cegb,california_housing,4,4,8,0.125,0.9288727782289768,0.9486010623044425,88
cegb,california_housing,4,1,4,0.5,1.327621723579905,1.347324659892472,1
cegb,california_housing,1024,1,2,0.5,1.327621723579905,1.347324659892472,1
cegb,california_housing,512,21,8,0.0078125,0.3377284243094638,0.37200752809254284,1219
cegb,california_housing,512,7,8,0.125,0.8197573711541677,0.8399395087836652,101
cegb,covtype,64,14,2,0.015625,0.734611421035307,0.731280603770987,94
cegb,california_housing,1024,7,4,0.125,0.8396333782488427,0.8598468083692412,69
cegb,mushroom,256,11,8,0.0625,0.9838436682566549,0.9858461538461538,219
ccp,california_housing,512,512,4,0.0625,0.7730898222733464,0.7969584333851376,554
cegb,california_housing,1,1,1,0.25,1.2492948562742885,1.2683547415985175,3
cegb,covtype,32,1,4,0.5,0.5121307892058888,0.5134807190864263,1
ccp,wine,512,512,2,0.0,0.6621227573853152,0.6046153846153847,24958
cegb,california_housing,128,3,8,0.25,1.09572839341621,1.114240879145807,13
cegb,california_housing,256,16,1,0.0625,0.7890813704196586,0.8136083813470519,48
cegb,california_housing,1,1,2,0.0625,1.2145301539886326,1.2337483039795372,7
cegb,california_housing,8,8,1,0.03125,0.9340069121202247,0.9573131347602386,24
cegb,california_housing,256,29,2,0.015625,0.4965622690111672,0.523889636423488,201
cegb,california_housing,8,8,2,0.0078125,0.8008610904245628,0.8244596077075775,56
cegb,california_housing,1024,1,8,0.5,1.327621723579905,1.347324659892472,1
cegb,mushroom,256,12,4,0.0625,0.9706108632097246,0.9698461538461538,174
cegb,covtype,256,256,2,0.0,0.7809960650503756,0.7777165821880674,1792
cegb,california_housing,16,9,1,0.125,0.9084169311948082,0.9320404371902846,27
cegb,california_housing,1024,7,8,0.125,0.8197573711541677,0.8399395087836652,101
cegb,california_housing,8,1,8,0.5,1.327621723579905,1.347324659892472,1
cegb,california_housing,16,16,2,0.03125,0.6292757670018729,0.6565179169449183,112
cegb,california_housing,1,1,4,0.015625,1.1808289356598205,1.2007355245532685,31
cegb,mushroom,1024,14,1,0.125,0.9589167564240653,0.96,42
cegb,covtype,32,1,8,0.125,0.7296631519613432,0.7264442398216914,5
cegb,california_housing,32,1,1,0.5,1.327621723579905,1.347324659892472,1
cegb,california_housing,16,16,4,0.0078125,0.4506403087482448,0.478446361857039,488
cegb,california_housing,32,7,2,0.125,0.8862341846469332,0.906915561640453,37
cegb,covtype,16,4,4,0.0625,0.731192812531599,0.728260027710128,20
cegb,mushroom,1024,29,4,0.0078125,0.9955377750423142,0.9932307692307693,461
cegb,covtype,64,64,8,0.0,0.8254767011826363,0.8205898298666988,3904
cegb,mushroom,1024,18,2,0.03125,0.9724573011232497,0.9772307692307692,126
cegb,california_housing,512,4,1,0.25,1.0778690788012046,1.0995719172390273,12
cegb,mushroom,512,84,1,0.015625,0.9746114786890291,0.976,252
cegb,california_housing,256,256,8,0.0,0.10520072755492561,0.20451149792758477,15608
ccp,california_housing,256,256,8,0.03125,0.6186204080045533,0.6436123456960643,346
cegb,covtype,512,16,1,0.03125,0.7307453168936058,0.7278727743689922,48
cegb,covtype,128,1,1,0.25,0.5121307892058888,0.5134807190864263,1
cegb,california_housing,32,14,4,0.03125,0.5444137217435732,0.5715632009129448,294
cegb,covtype,16,12,8,0.015625,0.772493647928504,0.7690162904572171,606
cegb,california_housing,64,1,2,0.5,1.327621723579905,1.347324659892472,1
cegb,california_housing,2,2,1,0.0,1.1840586067669492,1.204435949687965,6
cegb,covtype,64,16,1,0.03125,0.7307453168936058,0.7278727743689922,48
cegb,covtype,512,21,2,0.0078125,0.7365347917101434,0.7336815744860288,147
cegb,california_housing,32,21,8,0.0078125,0.3377284243094638,0.37200752809254284,1219
cegb,california_housing,2,2,2,0.25,1.1490090945303422,1.167995383308594,10
cegb,california_housing,4,4,2,0.0,0.9765518778189951,0.9967990262674069,28
cegb,mushroom,512,512,4,0.0,1.0,1.0,6080
cegb,covtype,256,1,4,0.25,0.5121307892058888,0.5134807190864263,1
cegb,california_housing,2,2,4,0.0625,1.0742893281040473,1.0939912274798735,48
cegb,california_housing,64,7,4,0.125,0.8396333782488427,0.8598468083692412,69
cegb,mushroom,512,2,8,0.25,0.9604554546853362,0.9661538461538461,30
cegb,california_housing,64,15,8,0.03125,0.5058831829606891,0.5294005255524643,603
cegb,california_housing,2,2,8,0.015625,1.026242837736526,1.0453432023567004,122
cegb,california_housing,1024,15,8,0.03125,0.5058831829606891,0.5294005255524643,603
ccp,wine,128,128,8,0.0,0.024887771911629372,0.6746153846153846,260410
cegb,california_housing,512,12,2,0.0625,0.7319113618752011,0.7588531109708108,72
cegb,california_housing,512,18,4,0.015625,0.469169076930697,0.4972298788586069,444
cegb,california_housing,128,89,1,0.0078125,0.48102080336365916,0.5057104266109446,267
cegb,mushroom,256,6,2,0.125,0.9106016310201569,0.912,36
cegb,california_housing,128,1,4,0.5,1.327621723579905,1.347324659892472,1
cegb,california_housing,4,4,8,0.0625,0.8575832858555327,0.8742341391889453,204
cegb,california_housing,4,3,4,0.25,1.09572839341621,1.114240879145807,13
cegb,california_housing,1024,3,2,0.25,1.09572839341621,1.114240879145807,13
cegb,california_housing,512,11,8,0.0625,0.6437058273500655,0.664081546941423,283
cegb,mushroom,256,17,8,0.03125,0.9838436682566549,0.9858461538461538,361
cegb,california_housing,1024,11,4,0.0625,0.680216359669409,0.7020205374431427,149
cegb,california_housing,1024,21,8,0.0078125,0.3377284243094638,0.37200752809254284,1219
cegb,california_housing,1,1,1,0.125,1.2492948562742885,1.2683547415985175,3
cegb,california_housing,1024,1024,1,0.0,0.3165926957764942,0.3440131346129804,3072
cegb,california_housing,1,1,2,0.03125,1.2145301539886326,1.2337483039795372,7
cegb,california_housing,256,32,1,0.03125,0.6492240303000508,0.6723931528164611,96
cegb,california_housing,128,7,8,0.125,0.8197573711541677,0.8399395087836652,101
cegb,california_housing,256,39,2,0.0078125,0.4378077642146178,0.46584857616512015,271
cegb,california_housing,8,8,1,0.015625,0.9340069121202247,0.9573131347602386,24
cegb,california_housing,8,8,4,0.0,0.6498159225854324,0.6759120198737983,248
cegb,california_housing,1024,3,8,0.25,1.09572839341621,1.114240879145807,13
cegb,mushroom,256,17,4,0.03125,0.9783043545160794,0.9833846153846154,257
cegb,california_housing,16,16,1,0.0625,0.7890813704196586,0.8136083813470519,48
cegb,california_housing,1024,11,8,0.0625,0.6437058273500655,0.664081546941423,283
cegb,california_housing,16,16,2,0.015625,0.6292757670018729,0.6565179169449183,112
cegb,california_housing,1,1,4,0.0078125,1.1808289356598205,1.2007355245532685,31
cegb,california_housing,8,3,8,0.25,1.09572839341621,1.114240879145807,13
cegb,california_housing,32,4,1,0.25,1.0778690788012046,1.0995719172390273,12
cegb,california_housing,32,12,2,0.0625,0.7319113618752011,0.7588531109708108,72
ccp,wine,1024,1024,1,0.5,1.2802360586551225,0.45076923076923076,7168
cegb,mushroom,1024,30,1,0.0625,0.9603015848592091,0.9643076923076923,90
cegb,california_housing,16,16,8,0.0,0.3561140104985748,0.3869277111679893,976
cegb,kin8nm,1,1,2,0.5,0.06907644570634452,0.07109609713609565,1
cegb,covtype,256,4,8,0.0625,0.731192812531599,0.728260027710128,20
cegb,mushroom,1024,27,2,0.015625,0.9853823665179259,0.9870769230769231,185
cegb,mushroom,512,123,1,0.0078125,0.9787659639944607,0.9815384615384616,369
cegb,california_housing,512,9,1,0.125,0.9084169311948082,0.9320404371902846,27
cegb,mushroom,1024,1024,8,0.0,1.0,1.0,10156
cegb,california_housing,256,1,8,0.5,1.327621723579905,1.347324659892472,1
ccp,covtype,32,32,2,0.0,1.057661494028173,0.7405488670688364,224
cegb,covtype,128,4,2,0.0625,0.731192812531599,0.728260027710128,20
cegb,california_housing,32,18,4,0.015625,0.469169076930697,0.4972298788586069,444
ccp,california_housing,1024,1024,2,0.0,0.19540803427227857,0.24724096539283563,7166
cegb,kin8nm,1,1,4,0.125,0.06907644570634452,0.07109609713609565,1
cegb,california_housing,64,3,2,0.25,1.09572839341621,1.114240879145807,13
cegb,covtype,32,32,2,0.0,0.7417025057604306,0.7378897274597042,224
cegb,california_housing,2,1,1,0.5,1.327621723579905,1.347324659892472,1
cegb,covtype,512,512,8,0.0,0.9037712264607614,0.8959149075325078,31232
cegb,mushroom,512,1,4,0.5,0.515156177873519,0.5292307692307693,1
cegb,california_housing,4,1,2,0.5,1.327621723579905,1.347324659892472,1
cegb,california_housing,2,2,2,0.125,1.1220749409729727,1.1410828966518654,14
cegb,california_housing,64,64,1,0.0,0.5299850717907777,0.5545040162242775,192
cegb,california_housing,64,11,4,0.0625,0.680216359669409,0.7020205374431427,149
cegb,california_housing,2,2,4,0.03125,1.0604408441203668,1.080848908931143,60
cegb,kin8nm,1,1,8,0.03125,0.06907644570634452,0.07109609713609565,1
cegb,kin8nm,2,2,1,0.0078125,0.06360830996260533,0.06548092029734409,6
cegb,california_housing,64,18,8,0.015625,0.4015654228304465,0.43018125320916034,876
cegb,california_housing,2,2,8,0.0078125,1.0259779497794916,1.044748894696981,122
cegb,kin8nm,2,1,4,0.5,0.06907644570634452,0.07109609713609565,1
cegb,california_housing,1024,18,8,0.015625,0.4015654228304465,0.43018125320916034,876
cegb,california_housing,512,18,2,0.03125,0.6068822462690745,0.6335775665714034,124
cegb,mushroom,256,12,2,0.0625,0.9699953839052162,0.976,84
cegb,california_housing,512,22,4,0.0078125,0.39044331206214583,0.420726362597542,628
cegb,california_housing,128,3,4,0.25,1.09572839341621,1.114240879145807,13
cegb,california_housing,4,4,4,0.125,0.94896595979496,0.9686572926501058,56
cegb,california_housing,128,128,2,0.0,0.29892827864085575,0.3262463973455535,896
cegb,covtype,32,1,4,0.25,0.5121307892058888,0.5134807190864263,1
cegb,california_housing,4,4,8,0.03125,0.8339433630453859,0.8531521544824071,244
cegb,covtype,64,21,2,0.0078125,0.7365347917101434,0.7336815744860288,147
cegb,covtype,128,12,4,0.015625,0.7506136929362384,0.7470375119403113,260
cegb,mushroom,256,23,8,0.015625,0.9926142483458994,0.9926153846153846,549
cegb,california_housing,512,15,8,0.03125,0.5058831829606891,0.5294005255524643,603
cegb,california_housing,1024,14,4,0.03125,0.5444137217435732,0.5715632009129448,294
cegb,kin8nm,1,1,1,0.0,0.06606371687997134,0.06802546627389565,3
cegb,california_housing,1024,7,2,0.125,0.8862341846469332,0.906915561640453,37
cegb,covtype,256,256,1,0.0,0.7637911486223373,0.7607807027357297,768
cegb,california_housing,1,1,1,0.0625,1.2492948562742885,1.2683547415985175,3
cegb,california_housing,1,1,2,0.015625,1.2145301539886326,1.2337483039795372,7
cegb,california_housing,128,11,8,0.0625,0.6437058273500655,0.664081546941423,283
cegb,california_housing,1024,1,1,0.5,1.327621723579905,1.347324659892472,1
cegb,california_housing,256,55,1,0.015625,0.5540928343053724,0.5779596600640875,165
cegb,california_housing,8,8,1,0.0078125,0.9340069121202247,0.9573131347602386,24
cegb,california_housing,8,1,4,0.5,1.327621723579905,1.347324659892472,1
cegb,covtype,32,4,8,0.0625,0.731192812531599,0.728260027710128,20
cegb,mushroom,256,23,4,0.015625,0.9918448992152639,0.9907692307692307,359
cegb,kin8nm,2,1,8,0.125,0.06907644570634452,0.07109609713609565,1
cegb,california_housing,256,256,4,0.0,0.16962844462383556,0.22474521268698178,7228
cegb,kin8nm,4,1,1,0.03125,0.06907644570634452,0.07109609713609565,1
cegb,california_housing,16,16,1,0.03125,0.7890813704196586,0.8136083813470519,48
cegb,covtype,64,1,8,0.5,0.5121307892058888,0.5134807190864263,1
cegb,california_housing,16,16,2,0.0078125,0.6292757670018729,0.6565179169449183,112
cegb,california_housing,8,7,8,0.125,0.8197573711541677,0.8399395087836652,101
cegb,california_housing,32,9,1,0.125,0.9084169311948082,0.9320404371902846,27
cegb,california_housing,1,1,8,0.0,1.1640919805635146,1.183405043865271,61
cegb,california_housing,32,18,2,0.03125,0.6068822462690745,0.6335775665714034,124
cegb,california_housing,16,1,8,0.5,1.327621723579905,1.347324659892472,1
cegb,kin8nm,1,1,2,0.25,0.06907644570634452,0.07109609713609565,1
cegb,mushroom,1024,52,1,0.03125,0.968148945991691,0.9723076923076923,156
cegb,mushroom,1024,41,2,0.0078125,0.9876904139098323,0.9876923076923076,269
cegb,california_housing,512,16,1,0.0625,0.7890813704196586,0.8136083813470519,48
cegb,mushroom,512,512,2,0.0,1.0,1.0,3582
cegb,covtype,256,1,2,0.5,0.5121307892058888,0.5134807190864263,1
cegb,kin8nm,4,4,2,0.0078125,0.059890298240104584,0.061533426162836566,12
cegb,california_housing,256,3,8,0.25,1.09572839341621,1.114240879145807,13
cegb,covtype,64,28,1,0.015625,0.7317973619271572,0.728784971128112,84
cegb,covtype,128,1,1,0.125,0.6674203812748892,0.6648967754705128,3
cegb,kin8nm,4,1,8,0.5,0.06907644570634452,0.07109609713609565,1
cegb,kin8nm,1,1,4,0.0625,0.06907644570634452,0.07109609713609565,1
ccp,covtype,32,32,4,0.0,0.9389998672718759,0.7799970740858669,992
cegb,california_housing,32,22,4,0.0078125,0.39044331206214583,0.420726362597542,628
cegb,kin8nm,8,1,2,0.03125,0.06907644570634452,0.07109609713609565,1
cegb,kin8nm,8,1,1,0.125,0.06907644570634452,0.07109609713609565,1
cegb,california_housing,2,2,1,0.25,1.1840586067669492,1.204435949687965,6
cegb,california_housing,64,7,2,0.125,0.8862341846469332,0.906915561640453,37
cegb,california_housing,64,1,1,0.5,1.327621723579905,1.347324659892472,1
cegb,california_housing,2,2,2,0.0625,1.1220749409729727,1.1410828966518654,14
cegb,kin8nm,1,1,8,0.015625,0.06606371687997134,0.06802546627389565,3
cegb,kin8nm,2,2,2,0.0,0.06188037701106369,0.06407309976776074,14
cegb,california_housing,4,3,2,0.25,1.09572839341621,1.114240879145807,13
cegb,california_housing,2,2,4,0.015625,1.0575260443843115,1.0785425044894803,62
cegb,mushroom,512,2,4,0.25,0.9604554546853362,0.9661538461538461,30
cegb,california_housing,64,14,4,0.03125,0.5444137217435732,0.5715632009129448,294
cegb,california_housing,4,4,1,0.0,1.0778690788012046,1.0995719172390273,12
cegb,california_housing,64,21,8,0.0078125,0.3377284243094638,0.37200752809254284,1219
cegb,kin8nm,2,1,4,0.25,0.06907644570634452,0.07109609713609565,1
cegb,kin8nm,8,4,4,0.0078125,0.059890298240104584,0.061533426162836566,12
cegb,kin8nm,16,1,1,0.5,0.06907644570634452,0.07109609713609565,1
cegb,kin8nm,16,1,2,0.125,0.06907644570634452,0.07109609713609565,1
cegb,covtype,1024,4,2,0.0625,0.731192812531599,0.728260027710128,20
cegb,california_housing,128,7,4,0.125,0.8396333782488427,0.8598468083692412,69
cegb,california_housing,512,29,2,0.015625,0.4965622690111672,0.523889636423488,201
cegb,california_housing,128,1,2,0.5,1.327621723579905,1.347324659892472,1
cegb,california_housing,4,4,4,0.0625,0.9006927465730497,0.9217691107641367,92
cegb,california_housing,4,4,8,0.015625,0.8164058561083539,0.8367687591441987,244
cegb,kin8nm,16,1,4,0.03125,0.06907644570634452,0.07109609713609565,1
cegb,mushroom,256,30,8,0.0078125,0.9986151715648561,0.9981538461538462,734
cegb,covtype,1024,12,4,0.015625,0.7506136929362384,0.7470375119403113,260
cegb,california_housing,512,18,8,0.015625,0.4015654228304465,0.43018125320916034,876
cegb,kin8nm,1,1,1,0.5,0.06907644570634452,0.07109609713609565,1
cegb,california_housing,1024,12,2,0.0625,0.7319113618752011,0.7588531109708108,72
cegb,california_housing,1024,18,4,0.015625,0.469169076930697,0.4972298788586069,444
cegb,covtype,256,1,4,0.125,0.7296631519613432,0.7264442398216914,5
cegb,california_housing,1,1,1,0.03125,1.2492948562742885,1.2683547415985175,3
cegb,california_housing,128,15,8,0.03125,0.5058831829606891,0.5294005255524643,603
cegb,california_housing,1,1,2,0.0078125,1.2145301539886326,1.2337483039795372,7
cegb,california_housing,8,3,4,0.25,1.09572839341621,1.114240879145807,13
cegb,california_housing,256,89,1,0.0078125,0.48102080336365916,0.5057104266109446,267
cegb,kin8nm,16,4,8,0.0078125,0.059890298240104584,0.061533426162836566,12
cegb,california_housing,1024,4,1,0.25,1.0778690788012046,1.0995719172390273,12
cegb,california_housing,8,8,2,0.0,0.8008610904245628,0.8244596077075775,56
cegb,california_housing,512,512,8,0.0,0.06726068276695166,0.19886375608205165,31200
cegb,kin8nm,2,1,8,0.0625,0.06907644570634452,0.07109609713609565,1
cegb,kin8nm,32,1,2,0.5,0.06907644570634452,0.07109609713609565,1
cegb,california_housing,256,1,4,0.5,1.327621723579905,1.347324659892472,1
cegb,kin8nm,4,1,1,0.015625,0.06606371687997134,0.06802546627389565,3
cegb,california_housing,16,16,4,0.0,0.44873408408337834,0.4767256716279527,492
cegb,california_housing,16,16,1,0.015625,0.7890813704196586,0.8136083813470519,48
cegb,california_housing,1,1,8,0.5,1.327621723579905,1.347324659892472,1
cegb,california_housing,32,16,1,0.0625,0.7890813704196586,0.8136083813470519,48
cegb,california_housing,8,8,8,0.0625,0.692117092201838,0.7109554735388584,272
cegb,kin8nm,1,1,2,0.125,0.06907644570634452,0.07109609713609565,1
cegb,california_housing,16,3,8,0.25,1.09572839341621,1.114240879145807,13
cegb,california_housing,32,29,2,0.015625,0.4965622690111672,0.523889636423488,201
ccp,covtype,32,32,4,0.0078125,1.19389872661908,0.7284665628254003,62
cegb,mushroom,1024,84,1,0.015625,0.9746114786890291,0.976,252
cegb,california_housing,256,7,8,0.125,0.8197573711541677,0.8399395087836652,101
cegb,california_housing,512,32,1,0.03125,0.6492240303000508,0.6723931528164611,96
cegb,kin8nm,4,4,4,0.0,0.053196257842873296,0.05596308768947033,124
cegb,covtype,1024,1,1,0.25,0.5121307892058888,0.5134807190864263,1
cegb,mushroom,512,1,2,0.5,0.515156177873519,0.5292307692307693,1
cegb,covtype,512,28,1,0.015625,0.7317973619271572,0.728784971128112,84
cegb,mushroom,1024,1024,4,0.0,1.0,1.0,7616
cegb,covtype,128,9,2,0.03125,0.731192812531599,0.728260027710128,47
ccp,wine,256,256,4,0.0625,1.2802360586551225,0.45076923076923076,1792
cegb,kin8nm,4,1,8,0.25,0.06907644570634452,0.07109609713609565,1
cegb,kin8nm,32,1,4,0.125,0.06907644570634452,0.07109609713609565,1
cegb,kin8nm,1,1,4,0.03125,0.06907644570634452,0.07109609713609565,1
cegb,kin8nm,8,1,2,0.015625,0.06606371687997134,0.06802546627389565,3
cegb,kin8nm,8,1,1,0.0625,0.06907644570634452,0.07109609713609565,1
cegb,california_housing,64,12,2,0.0625,0.7319113618752011,0.7588531109708108,72
cegb,california_housing,32,32,8,0.0,0.23945153588619952,0.2762133173424171,1952
cegb,california_housing,2,2,1,0.125,1.1840586067669492,1.204435949687965,6
ccp,wine,256,256,8,0.25,1.2802360586551225,0.45076923076923076,1792
cegb,california_housing,2,2,4,0.0078125,1.0575260443843115,1.0785425044894803,62
cegb,california_housing,64,4,1,0.25,1.0778690788012046,1.0995719172390273,12
cegb,california_housing,2,2,2,0.03125,1.1220749409729727,1.1410828966518654,14
cegb,kin8nm,1,1,8,0.0078125,0.06606371687997134,0.06802546627389565,3
cegb,california_housing,4,4,2,0.125,0.9967057746780587,1.0166498380981528,24
cegb,kin8nm,2,1,2,0.5,0.06907644570634452,0.07109609713609565,1
cegb,california_housing,4,1,1,0.5,1.327621723579905,1.347324659892472,1
cegb,kin8nm,2,1,4,0.125,0.06907644570634452,0.07109609713609565,1
cegb,california_housing,64,18,4,0.015625,0.469169076930697,0.4972298788586069,444
cegb,california_housing,128,128,1,0.0,0.43638072517488297,0.46201277585633616,384
cegb,mushroom,512,6,4,0.125,0.9706108632097246,0.9698461538461538,88
cegb,kin8nm,16,1,2,0.0625,0.06907644570634452,0.07109609713609565,1
cegb,kin8nm,8,8,8,0.0,0.0396690025713459,0.04387102871279024,488
cegb,kin8nm,16,1,1,0.25,0.06907644570634452,0.07109609713609565,1
cegb,california_housing,128,11,4,0.0625,0.680216359669409,0.7020205374431427,149
cegb,california_housing,4,4,4,0.03125,0.876234062993165,0.8994908549555827,118
cegb,california_housing,128,3,2,0.25,1.09572839341621,1.114240879145807,13
cegb,kin8nm,16,1,4,0.015625,0.06606371687997134,0.06802546627389565,3
cegb,california_housing,512,39,2,0.0078125,0.4378077642146178,0.46584857616512015,271
cegb,california_housing,4,4,8,0.0078125,0.8144621650909348,0.8341763732096096,244
cegb,covtype,256,9,8,0.03125,0.7399103717871212,0.736788206844918,155
cegb,mushroom,512,512,1,0.0,0.9992306508693645,0.9981538461538462,1536
cegb,kin8nm,1,1,1,0.25,0.06907644570634452,0.07109609713609565,1
cegb,california_housing,1024,18,2,0.03125,0.6068822462690745,0.6335775665714034,124
cegb,covtype,128,17,4,0.0078125,0.7632188705468268,0.7598168721977918,449
cegb,california_housing,1024,22,4,0.0078125,0.39044331206214583,0.420726362597542,628
cegb,california_housing,1,1,4,0.0,1.180470490018006,1.200982212154914,31
cegb,california_housing,1,1,1,0.015625,1.2492948562742885,1.2683547415985175,3
cegb,california_housing,8,1,2,0.5,1.327621723579905,1.347324659892472,1
cegb,california_housing,128,18,8,0.015625,0.4015654228304465,0.43018125320916034,876
cegb,covtype,64,1,8,0.25,0.5121307892058888,0.5134807190864263,1
cegb,california_housing,8,7,4,0.125,0.8396333782488427,0.8598468083692412,69
cegb,kin8nm,32,32,1,0.0,0.0467858433711732,0.048588515478144946,96
cegb,kin8nm,2,1,8,0.03125,0.06907644570634452,0.07109609713609565,1
cegb,covtype,64,64,4,0.0,0.7908000920808332,0.7871655637117803,1982
cegb,california_housing,512,1,8,0.5,1.327621723579905,1.347324659892472,1
cegb,kin8nm,4,4,1,0.0078125,0.059890298240104584,0.061533426162836566,12
cegb,california_housing,1024,9,1,0.125,0.9084169311948082,0.9320404371902846,27
cegb,kin8nm,32,1,2,0.25,0.06907644570634452,0.07109609713609565,1
cegb,california_housing,256,256,2,0.0,0.25978582896652297,0.2884129208221685,1792
cegb,california_housing,256,3,4,0.25,1.09572839341621,1.114240879145807,13
cegb,california_housing,16,16,1,0.0078125,0.7890813704196586,0.8136083813470519,48
ccp,wine,1024,1024,8,0.5,1.2802360586551225,0.45076923076923076,7168
cegb,california_housing,16,1,4,0.5,1.327621723579905,1.347324659892472,1
cegb,california_housing,1,1,8,0.25,1.2355961376460167,1.2534761221923156,5
cegb,california_housing,32,32,1,0.03125,0.6492240303000508,0.6723931528164611,96
cegb,kin8nm,1,1,2,0.0625,0.06907644570634452,0.07109609713609565,1
cegb,california_housing,8,8,8,0.03125,0.615911951216608,0.6363263108167253,476
cegb,california_housing,32,32,2,0.0078125,0.4725593596609104,0.5004066485647001,224
cegb,california_housing,16,7,8,0.125,0.8197573711541677,0.8399395087836652,101
cegb,covtype,256,1,1,0.5,0.5121307892058888,0.5134807190864263,1
ccp,wine,1024,1024,8,0.125,1.2802360586551225,0.45076923076923076,7168
ccp,wine,1024,1024,8,0.03125,1.2802360586551225,0.45076923076923076,7168
cegb,kin8nm,32,1,8,0.03125,0.06907644570634452,0.07109609713609565,1
cegb,mushroom,1024,123,1,0.0078125,0.9787659639944607,0.9815384615384616,369
cegb,kin8nm,4,1,4,0.5,0.06907644570634452,0.07109609713609565,1
cegb,california_housing,512,55,1,0.015625,0.5540928343053724,0.5779596600640875,165
cegb,california_housing,256,11,8,0.0625,0.6437058273500655,0.664081546941423,283
cegb,kin8nm,4,1,8,0.125,0.06907644570634452,0.07109609713609565,1
cegb,covtype,128,5,1,0.0625,0.7286025012424459,0.7255234374327685,15
cegb,mushroom,512,2,2,0.25,0.9106016310201569,0.912,12
cegb,mushroom,1024,1,4,0.5,0.515156177873519,0.5292307692307693,1
ccp,wine,1024,1024,4,0.0625,1.2802360586551225,0.45076923076923076,7168
cegb,kin8nm,8,1,1,0.03125,0.06907644570634452,0.07109609713609565,1
cegb,kin8nm,32,1,4,0.0625,0.06907644570634452,0.07109609713609565,1
cegb,kin8nm,1,1,4,0.015625,0.06606371687997134,0.06802546627389565,3
cegb,california_housing,64,18,2,0.03125,0.6068822462690745,0.6335775665714034,124
cegb,kin8nm,8,4,2,0.0078125,0.059890298240104584,0.061533426162836566,12
cegb,california_housing,32,1,8,0.5,1.327621723579905,1.347324659892472,1
cegb,covtype,512,1,8,0.5,0.5121307892058888,0.5134807190864263,1
cegb,kin8nm,2,2,1,0.0,0.06360830996260533,0.06548092029734409,6
cegb,california_housing,2,2,8,0.0,1.0238419425042717,1.043257516230987,122
cegb,kin8nm,2,1,2,0.25,0.06907644570634452,0.07109609713609565,1
cegb,california_housing,2,2,1,0.0625,1.1840586067669492,1.204435949687965,6
ccp,covtype,128,128,4,0.0,0.832798711078298,0.804144471313133,3962
cegb,california_housing,64,9,1,0.125,0.9084169311948082,0.9320404371902846,27
cegb,california_housing,2,2,2,0.015625,1.1220749409729727,1.1410828966518654,14
cegb,california_housing,4,4,2,0.0625,0.9765518778189951,0.9967990262674069,28
cegb,kin8nm,2,1,4,0.0625,0.06907644570634452,0.07109609713609565,1
cegb,california_housing,4,4,1,0.25,1.0778690788012046,1.0995719172390273,12
cegb,kin8nm,16,1,2,0.03125,0.06907644570634452,0.07109609713609565,1
cegb,california_housing,64,22,4,0.0078125,0.39044331206214583,0.420726362597542,628
cegb,kin8nm,16,1,1,0.125,0.06907644570634452,0.07109609713609565,1
cegb,california_housing,128,1,1,0.5,1.327621723579905,1.347324659892472,1
cegb,mushroom,512,12,4,0.0625,0.9706108632097246,0.9698461538461538,174
cegb,kin8nm,8,1,8,0.5,0.06907644570634452,0.07109609713609565,1
cegb,california_housing,128,14,4,0.03125,0.5444137217435732,0.5715632009129448,294
ccp,wine,128,128,8,0.0078125,1.194700442984978,0.5484615384615384,928
cegb,california_housing,4,4,4,0.015625,0.8731329017868896,0.8948880630537509,124
cegb,covtype,256,1,2,0.25,0.5121307892058888,0.5134807190864263,1
cegb,california_housing,128,7,2,0.125,0.8862341846469332,0.906915561640453,37
cegb,kin8nm,16,4,4,0.0078125,0.059890298240104584,0.061533426162836566,12
cegb,california_housing,8,8,1,0.0,0.9340069121202247,0.9573131347602386,24
cegb,kin8nm,64,4,1,0.0078125,0.059890298240104584,0.061533426162836566,12
ccp,california_housing,1024,1024,8,0.015625,0.46482196477184273,0.4881227910449683,1218
cegb,kin8nm,1,1,1,0.125,0.06907644570634452,0.07109609713609565,1
cegb,california_housing,512,512,4,0.0,0.1344886721455036,0.20890052379137647,14130
cegb,california_housing,1024,29,2,0.015625,0.4965622690111672,0.523889636423488,201
cegb,california_housing,1,1,1,0.0078125,1.2492948562742885,1.2683547415985175,3
cegb,california_housing,1,1,4,0.5,1.327621723579905,1.347324659892472,1
ccp,covtype,8,8,8,0.03125,1.3618520318464338,0.6646644234658313,10
cegb,california_housing,8,3,2,0.25,1.09572839341621,1.114240879145807,13
cegb,california_housing,128,21,8,0.0078125,0.3377284243094638,0.37200752809254284,1219
cegb,kin8nm,32,1,1,0.5,0.06907644570634452,0.07109609713609565,1
cegb,kin8nm,64,1,4,0.5,0.06907644570634452,0.07109609713609565,1
cegb,california_housing,8,8,4,0.0625,0.727760376939141,0.7488198474121989,138
cegb,kin8nm,2,1,8,0.015625,0.06606371687997134,0.06802546627389565,3
cegb,kin8nm,32,1,2,0.125,0.06907644570634452,0.07109609713609565,1
cegb,kin8nm,4,4,2,0.0,0.05692590043209845,0.05910488429394084,28
cegb,kin8nm,64,1,8,0.125,0.06907644570634452,0.07109609713609565,1
cegb,california_housing,512,3,8,0.25,1.09572839341621,1.114240879145807,13
cegb,california_housing,256,1,2,0.5,1.327621723579905,1.347324659892472,1
cegb,california_housing,1024,16,1,0.0625,0.7890813704196586,0.8136083813470519,48
cegb,california_housing,16,16,2,0.0,0.6292757670018729,0.6565179169449183,112
cegb,california_housing,256,7,4,0.125,0.8396333782488427,0.8598468083692412,69
cegb,california_housing,16,3,4,0.25,1.09572839341621,1.114240879145807,13
cegb,california_housing,1,1,8,0.125,1.1671091151864577,1.186933568595222,61
cegb,kin8nm,1,1,2,0.03125,0.06907644570634452,0.07109609713609565,1
cegb,california_housing,32,32,1,0.015625,0.6492240303000508,0.6723931528164611,96
cegb,california_housing,8,8,8,0.015625,0.5680439363404232,0.5911870086082494,488
cegb,covtype,256,4,4,0.0625,0.731192812531599,0.728260027710128,20
cegb,california_housing,32,32,4,0.0,0.3077972269675489,0.3391724437252385,978
cegb,california_housing,16,11,8,0.0625,0.6437058273500655,0.664081546941423,283
ccp,wine,512,512,8,0.0625,1.2802360586551225,0.45076923076923076,3584
lgbm_base,kr-vs-kp,1024,1024,8,0.0,0.9956964006259781,0.9796875,56272
cegb,kin8nm,32,1,8,0.015625,0.06606371687997134,0.06802546627389565,3
ccp,california_housing,1024,1024,4,0.0,0.07817631901498194,0.2086558349717412,30094
cegb,kin8nm,4,1,4,0.25,0.06907644570634452,0.07109609713609565,1
lgbm_quant,kr-vs-kp,1024,1024,8,0.0,0.974960876369327,0.9578125,56272
cegb,california_housing,512,89,1,0.0078125,0.48102080336365916,0.5057104266109446,267
cegb,california_housing,256,15,8,0.03125,0.5058831829606891,0.5294005255524643,603
cegb,kin8nm,128,1,1,0.03125,0.06907644570634452,0.07109609713609565,1
cegb,kin8nm,128,4,2,0.0078125,0.059890298240104584,0.061533426162836566,12
cegb,kin8nm,32,1,4,0.03125,0.06907644570634452,0.07109609713609565,1
cegb,kin8nm,4,1,8,0.0625,0.06907644570634452,0.07109609713609565,1
cegb,kin8nm,8,1,1,0.015625,0.06606371687997134,0.06802546627389565,3
cegb,mushroom,1024,1024,2,0.0,1.0,1.0,6008
cegb,kin8nm,1,1,4,0.0078125,0.06606371687997134,0.06802546627389565,3
cegb,california_housing,64,29,2,0.015625,0.4965622690111672,0.523889636423488,201
cegb,california_housing,32,3,8,0.25,1.09572839341621,1.114240879145807,13
cegb,covtype,128,14,2,0.015625,0.734611421035307,0.731280603770987,94
cegb,kin8nm,8,8,4,0.0,0.04491416063634249,0.048040972868682245,248
cegb,mushroom,1024,2,4,0.25,0.9604554546853362,0.9661538461538461,30
cegb,california_housing,1024,1024,8,0.0,0.034237208547886776,0.19904673691877633,62390
cegb,kin8nm,2,1,2,0.125,0.06907644570634452,0.07109609713609565,1
cegb,california_housing,2,1,8,0.5,1.327621723579905,1.347324659892472,1
cegb,california_housing,64,16,1,0.0625,0.7890813704196586,0.8136083813470519,48
cegb,california_housing,2,2,1,0.03125,1.1840586067669492,1.204435949687965,6
cegb,kin8nm,2,1,1,0.5,0.06907644570634452,0.07109609713609565,1
cegb,kin8nm,2,1,4,0.03125,0.06907644570634452,0.07109609713609565,1
cegb,california_housing,2,2,2,0.0078125,1.1220749409729727,1.1410828966518654,14
cegb,california_housing,4,4,2,0.03125,0.9765518778189951,0.9967990262674069,28
cegb,kin8nm,16,1,2,0.015625,0.06606371687997134,0.06802546627389565,3
cegb,california_housing,4,4,1,0.125,1.0778690788012046,1.0995719172390273,12
cegb,california_housing,64,64,8,0.0,0.18364766934782015,0.23492757180482068,3904
cegb,california_housing,128,4,1,0.25,1.0778690788012046,1.0995719172390273,12
cegb,kin8nm,16,1,1,0.0625,0.06907644570634452,0.07109609713609565,1
cegb,kin8nm,8,1,8,0.25,0.06907644570634452,0.07109609713609565,1
ccp,wine,512,512,2,0.5,1.2802360586551225,0.45076923076923076,3584
cegb,kin8nm,128,1,8,0.5,0.06907644570634452,0.07109609713609565,1
cegb,california_housing,128,18,4,0.015625,0.469169076930697,0.4972298788586069,444
cegb,california_housing,4,4,4,0.0078125,0.8719504161961901,0.8943340430246214,124
cegb,kin8nm,16,16,8,0.0,0.028290110143427583,0.033039498419649246,976
cegb,california_housing,128,12,2,0.0625,0.7319113618752011,0.7588531109708108,72
ccp,wine,512,512,4,0.0,0.15260571780707216,0.6576923076923077,89872
cegb,california_housing,8,1,1,0.5,1.327621723579905,1.347324659892472,1
cegb,kin8nm,64,64,2,0.0,0.03491096335047399,0.03803193484232209,448
cegb,kin8nm,1,1,1,0.0625,0.06907644570634452,0.07109609713609565,1
cegb,kin8nm,256,1,2,0.03125,0.06907644570634452,0.07109609713609565,1
cegb,kin8nm,256,1,1,0.125,0.06907644570634452,0.07109609713609565,1
cegb,california_housing,512,1,4,0.5,1.327621723579905,1.347324659892472,1
cegb,california_housing,1,1,2,0.0,1.2145301539886326,1.2337483039795372,7
cegb,california_housing,1024,39,2,0.0078125,0.4378077642146178,0.46584857616512015,271
cegb,california_housing,8,7,2,0.125,0.8862341846469332,0.906915561640453,37
cegb,california_housing,1,1,4,0.25,1.2355961376460167,1.2534761221923156,5
cegb,kin8nm,32,1,1,0.25,0.06907644570634452,0.07109609713609565,1
cegb,kin8nm,64,1,4,0.25,0.06907644570634452,0.07109609713609565,1
cegb,kin8nm,32,1,2,0.0625,0.06907644570634452,0.07109609713609565,1
cegb,california_housing,256,256,1,0.0,0.37900686180745496,0.405819920767702,768
cegb,california_housing,8,8,4,0.03125,0.6723803701964005,0.6976999458200299,208
cegb,kin8nm,2,2,8,0.0078125,0.06360830996260533,0.06548092029734409,6
cegb,kin8nm,4,1,2,0.5,0.06907644570634452,0.07109609713609565,1
cegb,kin8nm,64,1,8,0.0625,0.06907644570634452,0.07109609713609565,1
cegb,kin8nm,256,4,4,0.0078125,0.059890298240104584,0.061533426162836566,12
cegb,california_housing,256,3,2,0.25,1.09572839341621,1.114240879145807,13
lgbm_base,kr-vs-kp,1024,1024,4,0.0,0.9956964006259781,0.9828125,24740
cegb,california_housing,256,11,4,0.0625,0.680216359669409,0.7020205374431427,149
cegb,california_housing,1024,32,1,0.03125,0.6492240303000508,0.6723931528164611,96
cegb,covtype,256,12,8,0.015625,0.772493647928504,0.7690162904572171,606
cegb,california_housing,16,1,2,0.5,1.327621723579905,1.347324659892472,1
cegb,california_housing,32,32,1,0.0078125,0.6492240303000508,0.6723931528164611,96
lgbm_quant,kr-vs-kp,1024,1024,4,0.0,0.9937402190923318,0.9828125,24740
cegb,california_housing,1,1,8,0.0625,1.1626150191300462,1.1812143013465746,61
cegb,kin8nm,1,1,2,0.015625,0.06606371687997134,0.06802546627389565,3
cegb,california_housing,16,7,4,0.125,0.8396333782488427,0.8598468083692412,69
cegb,california_housing,32,1,4,0.5,1.327621723579905,1.347324659892472,1
cegb,california_housing,16,15,8,0.03125,0.5058831829606891,0.5294005255524643,603
cegb,california_housing,8,8,8,0.0078125,0.5575398557707063,0.5804221856470552,488
cegb,covtype,512,512,4,0.0,0.8458076328126176,0.8405118628606835,15308
cegb,kin8nm,32,4,8,0.0078125,0.059890298240104584,0.061533426162836566,12
cegb,kin8nm,4,1,4,0.125,0.06907644570634452,0.07109609713609565,1
cegb,covtype,512,52,1,0.0078125,0.7331226374704448,0.7304974914589124,156
cegb,kin8nm,512,1,1,0.5,0.06907644570634452,0.07109609713609565,1
cegb,kin8nm,128,1,1,0.015625,0.06606371687997134,0.06802546627389565,3
cegb,kin8nm,8,4,1,0.0078125,0.059890298240104584,0.061533426162836566,12
cegb,kin8nm,32,1,4,0.015625,0.06606371687997134,0.06802546627389565,3
cegb,kin8nm,4,1,8,0.03125,0.06907644570634452,0.07109609713609565,1
cegb,california_housing,256,18,8,0.015625,0.4015654228304465,0.43018125320916034,876
cegb,california_housing,512,512,2,0.0,0.23188720588458106,0.2628091654046369,3584
cegb,kin8nm,512,1,2,0.125,0.06907644570634452,0.07109609713609565,1
cegb,kin8nm,1,1,8,0.0,0.06295965685992808,0.06538889307292163,61
cegb,kin8nm,512,1,4,0.03125,0.06907644570634452,0.07109609713609565,1
cegb,california_housing,64,39,2,0.0078125,0.4378077642146178,0.46584857616512015,271
cegb,california_housing,32,7,8,0.125,0.8197573711541677,0.8399395087836652,101
cegb,kin8nm,128,128,4,0.0,0.017295446119251604,0.024513051291866192,3304
cegb,covtype,256,1,1,0.25,0.5121307892058888,0.5134807190864263,1
cegb,kin8nm,8,1,4,0.5,0.06907644570634452,0.07109609713609565,1
cegb,kin8nm,512,1,8,0.125,0.06907644570634452,0.07109609713609565,1
cegb,kin8nm,2,1,1,0.25,0.06907644570634452,0.07109609713609565,1
cegb,kin8nm,2,1,2,0.0625,0.06907644570634452,0.07109609713609565,1
cegb,california_housing,64,32,1,0.03125,0.6492240303000508,0.6723931528164611,96
cegb,kin8nm,512,4,8,0.0078125,0.059890298240104584,0.061533426162836566,12
cegb,kin8nm,2,1,4,0.015625,0.06606371687997134,0.06802546627389565,3
cegb,california_housing,2,2,8,0.25,1.1490090945303422,1.167995383308594,10
cegb,california_housing,4,4,2,0.015625,0.9765518778189951,0.9967990262674069,28
cegb,california_housing,2,2,1,0.015625,1.1840586067669492,1.204435949687965,6
cegb,kin8nm,16,4,2,0.0078125,0.059890298240104584,0.061533426162836566,12
cegb,california_housing,2,2,4,0.0,1.0593132083603463,1.080857258574948,62
cegb,california_housing,4,4,1,0.0625,1.0778690788012046,1.0995719172390273,12
cegb,california_housing,64,1,8,0.5,1.327621723579905,1.347324659892472,1
cegb,california_housing,128,9,1,0.125,0.9084169311948082,0.9320404371902846,27
cegb,kin8nm,16,1,1,0.03125,0.06907644570634452,0.07109609713609565,1
cegb,kin8nm,8,1,8,0.125,0.06907644570634452,0.07109609713609565,1
cegb,kin8nm,128,1,8,0.25,0.06907644570634452,0.07109609713609565,1
cegb,california_housing,4,4,8,0.0,0.8121045903102183,0.8311745350459601,244
cegb,california_housing,128,22,4,0.0078125,0.39044331206214583,0.420726362597542,628
cegb,kin8nm,16,1,8,0.5,0.06907644570634452,0.07109609713609565,1
cegb,california_housing,128,18,2,0.03125,0.6068822462690745,0.6335775665714034,124
cegb,california_housing,8,4,1,0.25,1.0778690788012046,1.0995719172390273,12
cegb,kin8nm,1,1,1,0.03125,0.06907644570634452,0.07109609713609565,1
cegb,kin8nm,64,1,2,0.5,0.06907644570634452,0.07109609713609565,1
cegb,covtype,1024,9,2,0.03125,0.731192812531599,0.728260027710128,47
cegb,kin8nm,256,1,2,0.015625,0.06606371687997134,0.06802546627389565,3
cegb,covtype,128,128,8,0.0,0.8442521551863238,0.8385928074146106,7808
cegb,kin8nm,256,1,1,0.0625,0.06907644570634452,0.07109609713609565,1
cegb,california_housing,512,3,4,0.25,1.09572839341621,1.114240879145807,13
cegb,kin8nm,1024,1,2,0.5,0.06907644570634452,0.07109609713609565,1
cegb,california_housing,8,8,2,0.0625,0.8179522178624032,0.8414213836997262,52
cegb,covtype,1024,17,4,0.0078125,0.7632188705468268,0.7598168721977918,449
cegb,covtype,256,1,2,0.125,0.7296631519613432,0.7264442398216914,5
cegb,kin8nm,4,4,1,0.0,0.059890298240104584,0.061533426162836566,12
cegb,kin8nm,1024,1,4,0.125,0.06907644570634452,0.07109609713609565,1
cegb,kin8nm,32,1,1,0.125,0.06907644570634452,0.07109609713609565,1
cegb,kin8nm,32,1,2,0.03125,0.06907644570634452,0.07109609713609565,1
cegb,kin8nm,64,1,4,0.125,0.06907644570634452,0.07109609713609565,1
cegb,kin8nm,4,1,2,0.25,0.06907644570634452,0.07109609713609565,1
cegb,kin8nm,64,1,8,0.03125,0.06907644570634452,0.07109609713609565,1
cegb,california_housing,8,8,4,0.015625,0.648711921731842,0.6730502990786124,246
cegb,california_housing,256,1,1,0.5,1.327621723579905,1.347324659892472,1
ccp,covtype,32,32,8,0.015625,1.2654039979264047,0.728285844599537,46
cegb,california_housing,256,7,2,0.125,0.8862341846469332,0.906915561640453,37
ccp,wine,256,256,1,0.0,1.0818343612798191,0.5615384615384615,5376
ccp,covtype,64,64,8,0.125,1.3857056791728541,0.5134807190864263,64
cegb,california_housing,256,14,4,0.03125,0.5444137217435732,0.5715632009129448,294
cegb,california_housing,1024,55,1,0.015625,0.5540928343053724,0.5779596600640875,165
cegb,california_housing,16,3,2,0.25,1.09572839341621,1.114240879145807,13
cegb,california_housing,32,32,2,0.0,0.4725593596609104,0.5004066485647001,224
cegb,kin8nm,1,1,2,0.0078125,0.06606371687997134,0.06802546627389565,3
cegb,kin8nm,256,256,8,0.0,0.0033556623725171115,0.012534735826463186,15232
cegb,kin8nm,1024,1,8,0.5,0.06907644570634452,0.07109609713609565,1
lgbm_base,kr-vs-kp,1024,1024,2,0.0,0.991001564945227,0.984375,7096
cegb,california_housing,16,11,4,0.0625,0.680216359669409,0.7020205374431427,149
cegb,california_housing,16,16,8,0.015625,0.4079715787137268,0.43658416543334755,870
lgbm_quant,kr-vs-kp,1024,1024,2,0.0,0.9737871674491393,0.9734375,7096
cegb,california_housing,16,16,1,0.0,0.7890813704196586,0.8136083813470519,48
cegb,california_housing,32,3,4,0.25,1.09572839341621,1.114240879145807,13
cegb,kin8nm,4,1,4,0.0625,0.06907644570634452,0.07109609713609565,1
cegb,kin8nm,64,64,1,0.0,0.04282051215940946,0.044642314955305185,192
cegb,california_housing,1024,1024,4,0.0,0.09740472604477274,0.1986682086666819,27674
cegb,kin8nm,512,1,1,0.25,0.06907644570634452,0.07109609713609565,1
ccp,california_housing,256,256,8,0.015625,0.46482196477184273,0.4881227910449683,450
cegb,kin8nm,128,4,1,0.0078125,0.059890298240104584,0.061533426162836566,12
cegb,covtype,512,1,8,0.25,0.5121307892058888,0.5134807190864263,1
cegb,kin8nm,32,4,4,0.0078125,0.059890298240104584,0.061533426162836566,12
cegb,kin8nm,8,8,2,0.0,0.05107833903056706,0.05321601596681545,56
cegb,kin8nm,4,1,8,0.015625,0.06606371687997134,0.06802546627389565,3
cegb,california_housing,256,21,8,0.0078125,0.3377284243094638,0.37200752809254284,1219
cegb,kin8nm,512,1,2,0.0625,0.06907644570634452,0.07109609713609565,1
cegb,covtype,1024,1,1,0.125,0.6674203812748892,0.6648967754705128,3
cegb,kin8nm,1,1,8,0.5,0.06907644570634452,0.07109609713609565,1
cegb,kin8nm,512,1,4,0.015625,0.06606371687997134,0.06802546627389565,3
cegb,california_housing,512,1,2,0.5,1.327621723579905,1.347324659892472,1
cegb,kin8nm,128,1,4,0.5,0.06907644570634452,0.07109609713609565,1
cegb,kin8nm,8,1,4,0.25,0.06907644570634452,0.07109609713609565,1
cegb,california_housing,32,11,8,0.0625,0.6437058273500655,0.664081546941423,283
cegb,covtype,256,9,4,0.03125,0.7360249048533914,0.7335697012985896,97
cegb,california_housing,64,64,4,0.0,0.24439472321884786,0.27925099443468726,1888
cegb,kin8nm,2,2,4,0.0078125,0.06360830996260533,0.06548092029734409,6
ccp,covtype,256,256,1,0.03125,1.361852031501671,0.6646644234658313,258
cegb,kin8nm,2,1,1,0.125,0.06907644570634452,0.07109609713609565,1
cegb,california_housing,64,55,1,0.015625,0.5540928343053724,0.5779596600640875,165
cegb,kin8nm,512,1,8,0.0625,0.06907644570634452,0.07109609713609565,1
cegb,kin8nm,2,1,2,0.03125,0.06907644570634452,0.07109609713609565,1
cegb,kin8nm,1024,1,8,0.125,0.06907644570634452,0.07109609713609565,1
cegb,kin8nm,16,16,4,0.0,0.036713554392344555,0.040147493066024574,496
cegb,kin8nm,1024,1,8,0.03125,0.06907644570634452,0.07109609713609565,1
cegb,wine,1,7,2,0.5,0.43294208197036754,0.45076923076923076,7
cegb,kin8nm,1024,1024,1,0.0,0.037017889147693134,0.040393954096841204,3072
cegb,kin8nm,16,1,1,0.015625,0.06606371687997134,0.06802546627389565,3
ccp,wine,1024,1024,8,0.0078125,1.1947004429849775,0.5484615384615384,7200
cegb,kin8nm,128,1,8,0.125,0.06907644570634452,0.07109609713609565,1
cegb,wine,1,7,4,0.125,0.43294208197036754,0.45076923076923076,7
cegb,california_housing,64,3,8,0.25,1.09572839341621,1.114240879145807,13
cegb,kin8nm,8,1,8,0.0625,0.06907644570634452,0.07109609713609565,1
cegb,california_housing,128,16,1,0.0625,0.7890813704196586,0.8136083813470519,48
cegb,kin8nm,1024,4,8,0.0078125,0.059890298240104584,0.061533426162836566,12
ccp,wine,1024,1024,1,0.25,1.2802360586551225,0.45076923076923076,7168
ccp,california_housing,1024,1024,4,0.0078125,0.41578212874647286,0.4405581096238173,1320
cegb,wine,1,7,8,0.03125,0.43294208197036754,0.45076923076923076,71
cegb,kin8nm,16,1,8,0.25,0.06907644570634452,0.07109609713609565,1
cegb,california_housing,128,29,2,0.015625,0.4965622690111672,0.523889636423488,201
cegb,wine,2,14,1,0.0078125,0.43294208197036754,0.45076923076923076,38
cegb,california_housing,128,128,8,0.0,0.143242821648966,0.21593208569097685,7808
ccp,california_housing,512,512,8,0.015625,0.46482196477184273,0.4881227910449683,706
cegb,kin8nm,64,1,2,0.25,0.06907644570634452,0.07109609713609565,1
cegb,kin8nm,1,1,1,0.015625,0.06606371687997134,0.06802546627389565,3
ccp,covtype,64,64,2,0.0625,1.3857056791728541,0.5134807190864263,64
cegb,kin8nm,256,4,2,0.0078125,0.059890298240104584,0.061533426162836566,12
cegb,kin8nm,256,1,1,0.03125,0.06907644570634452,0.07109609713609565,1
cegb,wine,2,7,4,0.5,0.43294208197036754,0.45076923076923076,7
cegb,california_housing,512,7,4,0.125,0.8396333782488427,0.8598468083692412,69
cegb,kin8nm,1024,1,2,0.25,0.06907644570634452,0.07109609713609565,1
cegb,wine,2,7,8,0.125,0.43294208197036754,0.45076923076923076,7
cegb,kin8nm,4,1,1,0.5,0.06907644570634452,0.07109609713609565,1
cegb,kin8nm,32,1,1,0.0625,0.06907644570634452,0.07109609713609565,1
cegb,kin8nm,1024,1,4,0.0625,0.06907644570634452,0.07109609713609565,1
cegb,kin8nm,32,1,2,0.015625,0.06606371687997134,0.06802546627389565,3
cegb,kin8nm,4,1,2,0.125,0.06907644570634452,0.07109609713609565,1
cegb,kin8nm,64,1,4,0.0625,0.06907644570634452,0.07109609713609565,1
cegb,kin8nm,64,1,8,0.015625,0.06606371687997134,0.06802546627389565,3
cegb,wine,4,28,1,0.03125,0.43294208197036754,0.45076923076923076,44
cegb,california_housing,256,4,1,0.25,1.0778690788012046,1.0995719172390273,12
cegb,wine,4,28,2,0.0078125,0.5247258033480854,0.5392307692307692,140
cegb,california_housing,256,12,2,0.0625,0.7319113618752011,0.7588531109708108,72
cegb,california_housing,256,18,4,0.015625,0.469169076930697,0.4972298788586069,444
cegb,kin8nm,1,1,4,0.0,0.06408457148801538,0.06632963774873578,31
cegb,wine,4,7,8,0.5,0.43294208197036754,0.45076923076923076,7
cegb,california_housing,1024,89,1,0.0078125,0.48102080336365916,0.5057104266109446,267
cegb,kin8nm,256,1,8,0.5,0.06907644570634452,0.07109609713609565,1
cegb,kin8nm,1024,1,8,0.25,0.06907644570634452,0.07109609713609565,1
cegb,wine,8,7,1,0.125,0.43294208197036754,0.45076923076923076,7
cegb,wine,8,56,2,0.03125,0.5318452953627093,0.5446153846153846,104
cegb,wine,8,56,4,0.0078125,0.555512795843756,0.5515384615384615,584
cegb,kin8nm,4,1,4,0.03125,0.06907644570634452,0.07109609713609565,1
cegb,wine,16,7,1,0.5,0.43294208197036754,0.45076923076923076,7
cegb,wine,16,7,2,0.125,0.43294208197036754,0.45076923076923076,7
cegb,kin8nm,64,1,1,0.5,0.06907644570634452,0.07109609713609565,1
cegb,california_housing,1024,1,4,0.5,1.327621723579905,1.347324659892472,1
cegb,kin8nm,512,1,1,0.125,0.06907644570634452,0.07109609713609565,1
cegb,covtype,256,16,8,0.0078125,0.7883861973412735,0.7843257058767846,966
cegb,kin8nm,32,32,8,0.0,0.01897731331145402,0.02485650909417819,1952
cegb,kin8nm,128,128,2,0.0,0.03184900507968092,0.03569173797746142,882
cegb,kin8nm,1,1,8,0.25,0.06907644570634452,0.07109609713609565,1
cegb,kin8nm,4,4,8,0.0078125,0.059890298240104584,0.061533426162836566,12
ccp,wine,256,256,4,0.03125,1.2802360586551225,0.45076923076923076,1792
cegb,wine,16,63,4,0.03125,0.5358860881277661,0.5492307692307692,129
cegb,kin8nm,8,1,2,0.5,0.06907644570634452,0.07109609713609565,1
cegb,kin8nm,512,1,2,0.03125,0.06907644570634452,0.07109609713609565,1
cegb,kin8nm,512,4,4,0.0078125,0.059890298240104584,0.061533426162836566,12
cegb,california_housing,512,3,2,0.25,1.09572839341621,1.114240879145807,13
cegb,kin8nm,128,1,4,0.25,0.06907644570634452,0.07109609713609565,1
cegb,kin8nm,8,1,4,0.125,0.06907644570634452,0.07109609713609565,1
cegb,kin8nm,2,2,8,0.0,0.057855669491160486,0.06068414902229359,122
cegb,kin8nm,2,1,1,0.0625,0.06907644570634452,0.07109609713609565,1
cegb,california_housing,512,512,1,0.0,0.34038748572705463,0.36722903847541766,1536
cegb,kin8nm,512,1,8,0.03125,0.06907644570634452,0.07109609713609565,1
cegb,wine,16,112,8,0.0078125,0.6217048297094477,0.5723076923076923,1802
cegb,kin8nm,2,1,2,0.015625,0.06606371687997134,0.06802546627389565,3
cegb,kin8nm,1024,1,8,0.0625,0.06907644570634452,0.07109609713609565,1
cegb,wine,32,7,2,0.5,0.43294208197036754,0.45076923076923076,7
cegb,kin8nm,16,1,4,0.5,0.06907644570634452,0.07109609713609565,1
cegb,wine,32,7,4,0.125,0.43294208197036754,0.45076923076923076,7
cegb,wine,1,7,4,0.0625,0.43294208197036754,0.45076923076923076,15
cegb,wine,1,7,2,0.25,0.43294208197036754,0.45076923076923076,7
cegb,kin8nm,16,4,1,0.0078125,0.059890298240104584,0.061533426162836566,12
cegb,breastcancer,1,1,1,0.0,0.6329670329670329,0.6052631578947368,3
cegb,kin8nm,1024,1,8,0.015625,0.06606371687997134,0.06802546627389565,3
cegb,kin8nm,8,1,8,0.03125,0.06907644570634452,0.07109609713609565,1
cegb,kin8nm,1024,1,1,0.5,0.06907644570634452,0.07109609713609565,1
cegb,kin8nm,128,1,8,0.0625,0.06907644570634452,0.07109609713609565,1
cegb,wine,1,7,1,0.0,0.43294208197036754,0.45076923076923076,21
lgbm_base,breastcancer,4,4,4,0.0,0.9538461538461539,0.9210526315789473,60
lgbm_quant,breastcancer,4,4,4,0.0,0.9538461538461539,0.9210526315789473,60
cegb,wine,1,7,8,0.015625,0.4392918991725996,0.45384615384615384,203
cegb,wine,32,56,8,0.03125,0.5374254377525496,0.5484615384615384,152
cegb,kin8nm,16,1,8,0.125,0.06907644570634452,0.07109609713609565,1
cegb,wine,2,14,2,0.0,0.5210698479892245,0.5353846153846153,96
cegb,wine,64,210,1,0.0078125,0.5289590148162402,0.5423076923076923,346
cegb,kin8nm,64,1,2,0.125,0.06907644570634452,0.07109609713609565,1
cegb,kin8nm,1,1,1,0.0078125,0.06606371687997134,0.06802546627389565,3
cegb,wine,64,7,4,0.5,0.43294208197036754,0.45076923076923076,7
cegb,wine,2,7,4,0.25,0.43294208197036754,0.45076923076923076,7
cegb,kin8nm,256,1,1,0.015625,0.06606371687997134,0.06802546627389565,3
cegb,kin8nm,256,256,4,0.0,0.011898857567538288,0.020825028766221835,6262
cegb,california_housing,512,11,4,0.0625,0.680216359669409,0.7020205374431427,149
cegb,kin8nm,32,4,2,0.0078125,0.059890298240104584,0.061533426162836566,12
cegb,kin8nm,4,1,1,0.25,0.06907644570634452,0.07109609713609565,1
cegb,kin8nm,4,1,2,0.0625,0.06907644570634452,0.07109609713609565,1
cegb,kin8nm,32,1,1,0.03125,0.06907644570634452,0.07109609713609565,1
cegb,kin8nm,64,4,8,0.0078125,0.059890298240104584,0.061533426162836566,12
cegb,kin8nm,1024,1,2,0.125,0.06907644570634452,0.07109609713609565,1
cegb,wine,2,14,8,0.0625,0.43294208197036754,0.45076923076923076,28
cegb,kin8nm,64,1,4,0.03125,0.06907644570634452,0.07109609713609565,1
cegb,kin8nm,1024,1,4,0.03125,0.06907644570634452,0.07109609713609565,1
cegb,wine,4,28,1,0.015625,0.43294208197036754,0.45076923076923076,60
cegb,covtype,512,1,4,0.5,0.5121307892058888,0.5134807190864263,1
cegb,wine,64,7,8,0.125,0.43294208197036754,0.45076923076923076,7
cegb,wine,4,28,4,0.0,0.5414662305176063,0.546923076923077,736
cegb,wine,128,70,1,0.03125,0.503174908601116,0.52,100
cegb,kin8nm,1,1,4,0.5,0.06907644570634452,0.07109609713609565,1
cegb,wine,4,7,8,0.25,0.43294208197036754,0.45076923076923076,7
cegb,wine,128,112,2,0.0078125,0.5343467385029825,0.5492307692307692,360
cegb,kin8nm,256,1,8,0.25,0.06907644570634452,0.07109609713609565,1
cegb,covtype,256,4,2,0.0625,0.731192812531599,0.728260027710128,20
cegb,wine,8,28,1,0.0625,0.43294208197036754,0.45076923076923076,40
cegb,wine,128,7,8,0.5,0.43294208197036754,0.45076923076923076,7
cegb,wine,8,56,2,0.015625,0.5310756205503175,0.5461538461538461,162
cegb,kin8nm,4,1,4,0.015625,0.06606371687997134,0.06802546627389565,3
cegb,wine,256,7,1,0.125,0.43294208197036754,0.45076923076923076,7
lgbm_base,covtype,1,1,1,0.0,0.6674203812748892,0.6648967754705128,3
cegb,wine,8,56,8,0.0,0.6432557244564172,0.5823076923076923,3306
cegb,wine,16,7,1,0.25,0.43294208197036754,0.45076923076923076,7
cegb,wine,16,28,2,0.0625,0.5287665961131423,0.5430769230769231,46
cegb,kin8nm,64,1,1,0.25,0.06907644570634452,0.07109609713609565,1
lgbm_quant,covtype,1,1,1,0.0,0.6673020531013815,0.6647160572446494,3
cegb,california_housing,1024,1024,2,0.0,0.207923543508609,0.24536602156671594,7166
cegb,kin8nm,512,1,1,0.0625,0.06907644570634452,0.07109609713609565,1
cegb,california_housing,1024,3,4,0.25,1.09572839341621,1.114240879145807,13
cegb,kin8nm,128,1,2,0.5,0.06907644570634452,0.07109609713609565,1
cegb,kin8nm,1,1,8,0.125,0.06907644570634452,0.07109609713609565,1
cegb,kin8nm,32,1,8,0.5,0.06907644570634452,0.07109609713609565,1
cegb,kin8nm,8,8,1,0.0,0.055316601797319065,0.05676939445185325,24
ccp,wine,256,256,1,0.5,1.2802360586551225,0.45076923076923076,1792
cegb,wine,16,84,4,0.015625,0.5385799499711372,0.5484615384615384,366
cegb,kin8nm,8,1,2,0.25,0.06907644570634452,0.07109609713609565,1
cegb,kin8nm,512,1,2,0.015625,0.06606371687997134,0.06802546627389565,3
cegb,kin8nm,8,1,4,0.0625,0.06907644570634452,0.07109609713609565,1
cegb,kin8nm,128,1,4,0.125,0.06907644570634452,0.07109609713609565,1
cegb,kin8nm,2,1,8,0.5,0.06907644570634452,0.07109609713609565,1
cegb,kin8nm,2,1,1,0.03125,0.06907644570634452,0.07109609713609565,1
cegb,kin8nm,512,1,8,0.015625,0.06606371687997134,0.06802546627389565,3
cegb,wine,32,224,1,0.0,0.5422359053299981,0.5538461538461539,672
cegb,kin8nm,2,2,2,0.0078125,0.06360830996260533,0.06548092029734409,6
cegb,wine,256,56,2,0.03125,0.5318452953627093,0.5446153846153846,104
cegb,wine,32,7,2,0.25,0.43294208197036754,0.45076923076923076,7
cegb,wine,256,112,4,0.0078125,0.5585914950933231,0.5561538461538461,760
cegb,wine,32,28,4,0.0625,0.5287665961131423,0.5430769230769231,46
cegb,wine,1,7,2,0.125,0.43294208197036754,0.45076923076923076,7
cegb,kin8nm,16,16,2,0.0,0.0457611045471066,0.047988183099276965,112
cegb,kin8nm,16,1,4,0.25,0.06907644570634452,0.07109609713609565,1
cegb,wine,1,7,4,0.03125,0.43294208197036754,0.45076923076923076,37
cegb,breastcancer,1,1,1,0.5,0.6329670329670329,0.6052631578947368,3
cegb,kin8nm,8,1,8,0.015625,0.06606371687997134,0.06802546627389565,3
cegb,wine,512,7,1,0.5,0.43294208197036754,0.45076923076923076,7
cegb,kin8nm,1024,1,1,0.25,0.06907644570634452,0.07109609713609565,1
cegb,kin8nm,128,1,8,0.03125,0.06907644570634452,0.07109609713609565,1
cegb,wine,1,7,1,0.5,0.43294208197036754,0.45076923076923076,7
cegb,wine,1,7,8,0.0078125,0.441216086203579,0.45615384615384613,295
ccp,wine,1024,1024,2,0.0625,1.2802360586551225,0.45076923076923076,7168
cegb,kin8nm,512,512,8,0.0,0.0013328672506890105,0.011709177529851624,30538
cegb,kin8nm,16,1,8,0.0625,0.06907644570634452,0.07109609713609565,1
cegb,wine,32,84,8,0.015625,0.5591687512026169,0.55,696
cegb,covtype,256,12,4,0.015625,0.7506136929362384,0.7470375119403113,260
cegb,wine,2,7,2,0.5,0.43294208197036754,0.45076923076923076,7
cegb,kin8nm,64,1,2,0.0625,0.06907644570634452,0.07109609713609565,1
cegb,kin8nm,1,1,2,0.0,0.06515247310321194,0.06727767318467717,7
cegb,wine,64,448,2,0.0,0.5984221666345969,0.5753846153846154,3098
cegb,wine,64,7,4,0.25,0.43294208197036754,0.45076923076923076,7
cegb,wine,2,7,4,0.125,0.43294208197036754,0.45076923076923076,7
cegb,kin8nm,256,4,1,0.0078125,0.059890298240104584,0.061533426162836566,12
cegb,kin8nm,256,1,4,0.5,0.06907644570634452,0.07109609713609565,1
cegb,kin8nm,32,32,4,0.0,0.02955381352738489,0.03401484385958977,982
cegb,kin8nm,32,1,1,0.015625,0.06606371687997134,0.06802546627389565,3
ccp,california_housing,1024,1024,8,0.0625,0.7730898222733464,0.7969584333851376,1066
cegb,kin8nm,128,128,1,0.0,0.039586934668877784,0.04160200608985255,384
cegb,wine,2,14,8,0.03125,0.4360207812199346,0.45153846153846156,84
cegb,kin8nm,4,1,2,0.03125,0.06907644570634452,0.07109609713609565,1
cegb,kin8nm,64,1,4,0.015625,0.06606371687997134,0.06802546627389565,3
cegb,kin8nm,4,1,1,0.125,0.06907644570634452,0.07109609713609565,1
cegb,kin8nm,1024,1,2,0.0625,0.06907644570634452,0.07109609713609565,1
cegb,kin8nm,1024,1,4,0.015625,0.06606371687997134,0.06802546627389565,3
cegb,wine,4,28,1,0.0078125,0.5247258033480854,0.5376923076923077,72
cegb,wine,512,7,2,0.125,0.43294208197036754,0.45076923076923076,7
cegb,wine,4,7,4,0.5,0.43294208197036754,0.45076923076923076,7
cegb,wine,64,28,8,0.0625,0.5287665961131423,0.5430769230769231,46
cegb,kin8nm,1,1,4,0.25,0.06907644570634452,0.07109609713609565,1
cegb,wine,4,7,8,0.125,0.43294208197036754,0.45076923076923076,7
cegb,wine,128,133,1,0.015625,0.529728689628632,0.5407692307692308,205
cegb,kin8nm,256,1,8,0.125,0.06907644570634452,0.07109609713609565,1
cegb,wine,8,56,1,0.03125,0.503174908601116,0.52,82
cegb,kin8nm,4,4,4,0.0078125,0.059890298240104584,0.061533426162836566,12
cegb,wine,128,7,8,0.25,0.43294208197036754,0.45076923076923076,7
cegb,wine,8,56,2,0.0078125,0.5272272464883586,0.54,232
cegb,wine,8,7,8,0.5,0.43294208197036754,0.45076923076923076,7
cegb,wine,128,896,4,0.0,0.807196459495863,0.6353846153846154,20792
cegb,wine,16,7,1,0.125,0.43294208197036754,0.45076923076923076,7
cegb,wine,16,56,2,0.03125,0.5318452953627093,0.5446153846153846,104
cegb,wine,256,28,1,0.0625,0.43294208197036754,0.45076923076923076,40
cegb,kin8nm,64,1,1,0.125,0.06907644570634452,0.07109609713609565,1
cegb,wine,512,63,4,0.03125,0.5358860881277661,0.5492307692307692,129
cegb,kin8nm,512,1,1,0.03125,0.06907644570634452,0.07109609713609565,1
ccp,covtype,64,64,4,0.125,1.3857056791728541,0.5134807190864263,64
cegb,kin8nm,128,1,2,0.25,0.06907644570634452,0.07109609713609565,1
cegb,kin8nm,1,1,8,0.0625,0.06907644570634452,0.07109609713609565,1
cegb,kin8nm,32,1,8,0.25,0.06907644570634452,0.07109609713609565,1
cegb,wine,16,112,4,0.0078125,0.5585914950933231,0.5561538461538461,760
cegb,kin8nm,8,1,2,0.125,0.06907644570634452,0.07109609713609565,1
cegb,wine,512,7,8,0.125,0.43294208197036754,0.45076923076923076,7
cegb,kin8nm,8,1,1,0.5,0.06907644570634452,0.07109609713609565,1
cegb,covtype,512,512,2,0.0,0.7904128362402622,0.787518394533704,3580
cegb,wine,512,112,8,0.0078125,0.6217048297094477,0.5723076923076923,1802
cegb,kin8nm,8,1,4,0.03125,0.06907644570634452,0.07109609713609565,1
cegb,kin8nm,2,1,8,0.25,0.06907644570634452,0.07109609713609565,1
cegb,kin8nm,512,4,2,0.0078125,0.059890298240104584,0.061533426162836566,12
cegb,kin8nm,128,1,4,0.0625,0.06907644570634452,0.07109609713609565,1
cegb,kin8nm,2,1,1,0.015625,0.06606371687997134,0.06802546627389565,3
cegb,kin8nm,2,2,4,0.0,0.059907426108997866,0.062332710556747994,62
cegb,wine,32,7,2,0.125,0.43294208197036754,0.45076923076923076,7
cegb,wine,32,7,1,0.5,0.43294208197036754,0.45076923076923076,7
cegb,wine,32,63,4,0.03125,0.5358860881277661,0.5492307692307692,129
cegb,wine,1,7,2,0.0625,0.43294208197036754,0.45076923076923076,15
cegb,breastcancer,1,1,1,0.25,0.6329670329670329,0.6052631578947368,3
cegb,kin8nm,16,1,4,0.125,0.06907644570634452,0.07109609713609565,1
cegb,wine,256,84,2,0.015625,0.5310756205503175,0.5476923076923077,204
cegb,wine,1,7,4,0.015625,0.43294208197036754,0.45076923076923076,91
ccp,california_housing,512,512,8,0.25,1.0775424914093958,1.099237091366297,520
cegb,wine,2,14,1,0.0,0.43294208197036754,0.45076923076923076,42
cegb,kin8nm,128,1,8,0.015625,0.06606371687997134,0.06802546627389565,3
cegb,kin8nm,8,4,8,0.0078125,0.059890298240104584,0.061533426162836566,12
cegb,kin8nm,16,1,2,0.5,0.06907644570634452,0.07109609713609565,1
cegb,kin8nm,1024,1,1,0.125,0.06907644570634452,0.07109609713609565,1
cegb,kin8nm,512,1,8,0.5,0.06907644570634452,0.07109609713609565,1
cegb,wine,1,7,1,0.25,0.43294208197036754,0.45076923076923076,7
cegb,wine,32,112,8,0.0078125,0.6217048297094477,0.5723076923076923,1802
cegb,kin8nm,16,1,8,0.03125,0.06907644570634452,0.07109609713609565,1
cegb,wine,512,7,1,0.25,0.43294208197036754,0.45076923076923076,7
cegb,wine,1024,7,2,0.5,0.43294208197036754,0.45076923076923076,7
cegb,covtype,1024,14,2,0.015625,0.734611421035307,0.731280603770987,94
cegb,wine,2,7,2,0.25,0.43294208197036754,0.45076923076923076,7
cegb,kin8nm,64,1,2,0.03125,0.06907644570634452,0.07109609713609565,1
cegb,wine,64,7,4,0.125,0.43294208197036754,0.45076923076923076,7
cegb,wine,64,7,2,0.5,0.43294208197036754,0.45076923076923076,7
cegb,wine,2,14,4,0.0625,0.43294208197036754,0.45076923076923076,28
cegb,kin8nm,256,1,4,0.25,0.06907644570634452,0.07109609713609565,1
cegb,kin8nm,256,256,2,0.0,0.02913934499667807,0.034044222500073676,1720
cegb,wine,1024,7,4,0.125,0.43294208197036754,0.45076923076923076,7
cegb,kin8nm,32,4,1,0.0078125,0.059890298240104584,0.061533426162836566,12
cegb,kin8nm,4,1,2,0.015625,0.06606371687997134,0.06802546627389565,3
cegb,wine,2,14,8,0.015625,0.5249182220511833,0.5238461538461539,336
cegb,kin8nm,32,1,4,0.5,0.06907644570634452,0.07109609713609565,1
cegb,kin8nm,128,1,1,0.5,0.06907644570634452,0.07109609713609565,1
cegb,kin8nm,64,4,4,0.0078125,0.059890298240104584,0.061533426162836566,12
cegb,kin8nm,4,1,1,0.0625,0.06907644570634452,0.07109609713609565,1
cegb,kin8nm,1024,1,2,0.03125,0.06907644570634452,0.07109609713609565,1
cegb,wine,1024,7,8,0.5,0.43294208197036754,0.45076923076923076,7
cegb,wine,256,1792,8,0.0,0.9996151625938041,0.6723076923076923,90622
cegb,wine,4,28,2,0.0,0.5270348277852607,0.54,190
cegb,wine,4,7,4,0.25,0.43294208197036754,0.45076923076923076,7
cegb,kin8nm,1024,4,4,0.0078125,0.059890298240104584,0.061533426162836566,12
cegb,wine,64,56,8,0.03125,0.5374254377525496,0.5484615384615384,152
cegb,wine,512,28,2,0.0625,0.5287665961131423,0.5430769230769231,46
cegb,wine,4,28,8,0.0625,0.5287665961131423,0.5430769230769231,46
ccp,wine,512,512,2,0.25,1.2802360586551225,0.45076923076923076,3584
cegb,wine,128,210,1,0.0078125,0.5289590148162402,0.5423076923076923,346
cegb,kin8nm,256,1,8,0.0625,0.06907644570634452,0.07109609713609565,1
cegb,wine,8,56,1,0.015625,0.503174908601116,0.52,104
cegb,wine,1024,7,8,0.125,0.43294208197036754,0.45076923076923076,7
cegb,kin8nm,4,4,8,0.0,0.05001445209039899,0.05335319476512091,244
cegb,wine,8,56,4,0.0,0.5687896863575139,0.5584615384615385,1514
cegb,wine,128,7,8,0.125,0.43294208197036754,0.45076923076923076,7
cegb,wine,8,7,8,0.25,0.43294208197036754,0.45076923076923076,7
cegb,kin8nm,64,1,1,0.0625,0.06907644570634452,0.07109609713609565,1
cegb,wine,16,84,2,0.015625,0.5310756205503175,0.5476923076923077,204
cegb,wine,16,28,1,0.0625,0.43294208197036754,0.45076923076923076,40
cegb,wine,256,70,1,0.03125,0.503174908601116,0.52,100
cegb,wine,128,7,4,0.5,0.43294208197036754,0.45076923076923076,7
cegb,wine,1024,56,8,0.03125,0.5374254377525496,0.5484615384615384,152
ccp,california_housing,1024,1024,8,0.25,1.0775424914093958,1.099237091366297,1032
cegb,wine,512,84,4,0.015625,0.5385799499711372,0.5484615384615384,366
cegb,kin8nm,128,1,2,0.125,0.06907644570634452,0.07109609713609565,1
cegb,kin8nm,512,1,1,0.015625,0.06606371687997134,0.06802546627389565,3
cegb,kin8nm,32,1,8,0.125,0.06907644570634452,0.07109609713609565,1
cegb,covtype,1024,5,1,0.0625,0.7286025012424459,0.7255234374327685,15
cegb,kin8nm,8,1,2,0.0625,0.06907644570634452,0.07109609713609565,1
cegb,kin8nm,8,1,1,0.25,0.06907644570634452,0.07109609713609565,1
cegb,wine,16,112,8,0.0,0.7217625553203771,0.6084615384615385,6716
cegb,kin8nm,128,1,4,0.03125,0.06907644570634452,0.07109609713609565,1
cegb,kin8nm,8,1,4,0.015625,0.06606371687997134,0.06802546627389565,3
cegb,wine,32,28,2,0.0625,0.5287665961131423,0.5430769230769231,46
cegb,wine,512,28,8,0.0625,0.5287665961131423,0.5430769230769231,46
cegb,wine,32,7,1,0.25,0.43294208197036754,0.45076923076923076,7
cegb,breastcancer,1,1,1,0.125,0.6329670329670329,0.6052631578947368,3
cegb,kin8nm,512,512,4,0.0,0.007314217000350429,0.018253149851564798,12358
cegb,wine,32,84,4,0.015625,0.5385799499711372,0.5484615384615384,366
cegb,wine,1024,112,8,0.0078125,0.6217048297094477,0.5723076923076923,1802
cegb,kin8nm,16,1,4,0.0625,0.06907644570634452,0.07109609713609565,1
cegb,wine,1,7,2,0.03125,0.43294208197036754,0.45076923076923076,17
cegb,wine,1,7,4,0.0078125,0.43294208197036754,0.45076923076923076,127
ccp,wine,256,256,1,0.25,1.2802360586551225,0.45076923076923076,1792
cegb,wine,2,7,1,0.5,0.43294208197036754,0.45076923076923076,7
cegb,wine,256,112,2,0.0078125,0.5343467385029825,0.5492307692307692,360
cegb,kin8nm,128,4,8,0.0078125,0.059890298240104584,0.061533426162836566,12
cegb,kin8nm,16,16,1,0.0,0.05083839694871937,0.052482714828091956,48
cegb,wine,1,7,1,0.125,0.43294208197036754,0.45076923076923076,7
cegb,kin8nm,16,1,2,0.25,0.06907644570634452,0.07109609713609565,1
cegb,kin8nm,1024,1,1,0.0625,0.06907644570634452,0.07109609713609565,1
cegb,kin8nm,512,1,8,0.25,0.06907644570634452,0.07109609713609565,1
cegb,wine,64,448,1,0.0,0.5510871656725034,0.5523076923076923,1344
cegb,kin8nm,16,1,8,0.015625,0.06606371687997134,0.06802546627389565,3
cegb,wine,512,7,1,0.125,0.43294208197036754,0.45076923076923076,7
cegb,wine,2,7,2,0.125,0.43294208197036754,0.45076923076923076,7
cegb,kin8nm,64,1,2,0.015625,0.06606371687997134,0.06802546627389565,3
cegb,covtype,512,1,4,0.25,0.5121307892058888,0.5134807190864263,1
cegb,wine,1024,7168,1,0.0,0.6103521262266692,0.5576923076923077,21504
cegb,wine,64,28,4,0.0625,0.5287665961131423,0.5430769230769231,46
cegb,wine,2,14,4,0.03125,0.43294208197036754,0.45076923076923076,50
cegb,wine,1024,7,2,0.25,0.43294208197036754,0.45076923076923076,7
cegb,covtype,512,512,1,0.0,0.7703680436480361,0.7675361221310981,1536
cegb,kin8nm,256,1,4,0.125,0.06907644570634452,0.07109609713609565,1
cegb,kin8nm,256,1,2,0.5,0.06907644570634452,0.07109609713609565,1
cegb,wine,64,7,2,0.25,0.43294208197036754,0.45076923076923076,7
cegb,kin8nm,32,32,2,0.0,0.03983660359537971,0.04238048477425572,224
cegb,kin8nm,32,1,4,0.25,0.06907644570634452,0.07109609713609565,1
cegb,kin8nm,128,1,1,0.25,0.06907644570634452,0.07109609713609565,1
cegb,wine,2,14,8,0.0078125,0.5435828362516837,0.5353846153846153,546
cegb,kin8nm,1024,1,2,0.015625,0.06606371687997134,0.06802546627389565,3
cegb,kin8nm,64,64,8,0.0,0.011411100847317697,0.01835707316985107,3896
cegb,wine,4,7,2,0.5,0.43294208197036754,0.45076923076923076,7
cegb,wine,256,7,8,0.5,0.43294208197036754,0.45076923076923076,7
cegb,wine,4,7,4,0.125,0.43294208197036754,0.45076923076923076,7
cegb,wine,1024,28,4,0.0625,0.5287665961131423,0.5430769230769231,46
cegb,wine,64,84,8,0.015625,0.5591687512026169,0.55,696
cegb,wine,4,28,8,0.03125,0.5414662305176063,0.5453846153846154,110
cegb,kin8nm,256,1,8,0.03125,0.06907644570634452,0.07109609713609565,1
cegb,wine,8,56,1,0.0078125,0.5247258033480854,0.5376923076923077,126
cegb,wine,8,7,4,0.5,0.43294208197036754,0.45076923076923076,7
cegb,wine,512,56,2,0.03125,0.5318452953627093,0.5446153846153846,104
cegb,wine,1024,7,8,0.25,0.43294208197036754,0.45076923076923076,7
cegb,wine,128,28,8,0.0625,0.5287665961131423,0.5430769230769231,46
cegb,wine,8,7,8,0.125,0.43294208197036754,0.45076923076923076,7
cegb,wine,128,896,2,0.0,0.6365210698479892,0.5892307692307692,6160
cegb,wine,16,70,1,0.03125,0.503174908601116,0.52,100
cegb,kin8nm,64,1,1,0.03125,0.06907644570634452,0.07109609713609565,1
cegb,wine,128,7,4,0.25,0.43294208197036754,0.45076923076923076,7
cegb,wine,16,112,2,0.0078125,0.5343467385029825,0.5492307692307692,360
cegb,wine,256,133,1,0.015625,0.529728689628632,0.5407692307692308,205
cegb,wine,1024,28,8,0.0625,0.5287665961131423,0.5430769230769231,46
cegb,kin8nm,128,1,2,0.0625,0.06907644570634452,0.07109609713609565,1
cegb,kin8nm,512,4,1,0.0078125,0.059890298240104584,0.061533426162836566,12
cegb,kin8nm,32,1,8,0.0625,0.06907644570634452,0.07109609713609565,1
cegb,kin8nm,1024,1024,8,0.0,0.0003330416105840483,0.011444566581920746,60972
cegb,wine,512,112,4,0.0078125,0.5585914950933231,0.5561538461538461,760
cegb,wine,16,7,8,0.5,0.43294208197036754,0.45076923076923076,7
cegb,kin8nm,128,1,4,0.015625,0.06606371687997134,0.06802546627389565,3
cegb,wine,1024,84,8,0.015625,0.5591687512026169,0.55,696
cegb,wine,32,56,2,0.03125,0.5318452953627093,0.5446153846153846,104
cegb,breastcancer,1,1,1,0.0625,0.6329670329670329,0.6052631578947368,3
cegb,wine,32,7,1,0.125,0.43294208197036754,0.45076923076923076,7
cegb,wine,1,7,2,0.015625,0.43294208197036754,0.45076923076923076,37
cegb,kin8nm,512,1,4,0.5,0.06907644570634452,0.07109609713609565,1
cegb,wine,32,112,4,0.0078125,0.5585914950933231,0.5561538461538461,760
cegb,wine,2,7,1,0.25,0.43294208197036754,0.45076923076923076,7
cegb,wine,1,7,8,0.0,0.45699441985761013,0.4676923076923077,349
cegb,wine,1,7,1,0.0625,0.43294208197036754,0.45076923076923076,11
cegb,wine,512,56,8,0.03125,0.5374254377525496,0.5484615384615384,152
cegb,kin8nm,256,256,1,0.0,0.03793547020367363,0.040215482615057405,768
cegb,kin8nm,1024,1,1,0.03125,0.06907644570634452,0.07109609713609565,1
cegb,wine,64,7,1,0.5,0.43294208197036754,0.45076923076923076,7
cegb,wine,2,14,2,0.0625,0.43294208197036754,0.45076923076923076,28
cegb,kin8nm,64,4,2,0.0078125,0.059890298240104584,0.061533426162836566,12
ccp,wine,256,256,8,0.125,1.2802360586551225,0.45076923076923076,1792
cegb,wine,2,14,4,0.015625,0.5201077544737348,0.5330769230769231,154
cegb,wine,64,63,4,0.03125,0.5358860881277661,0.5492307692307692,129
cegb,kin8nm,256,1,4,0.0625,0.06907644570634452,0.07109609713609565,1
cegb,wine,512,28,1,0.0625,0.43294208197036754,0.45076923076923076,40
cegb,kin8nm,256,1,2,0.25,0.06907644570634452,0.07109609713609565,1
cegb,wine,64,7,2,0.125,0.43294208197036754,0.45076923076923076,7
cegb,kin8nm,128,1,1,0.125,0.06907644570634452,0.07109609713609565,1
cegb,wine,256,1792,4,0.0,0.9057148354820088,0.6392307692307693,39150
cegb,kin8nm,1024,4,2,0.0078125,0.059890298240104584,0.061533426162836566,12
cegb,kin8nm,64,1,8,0.5,0.06907644570634452,0.07109609713609565,1
cegb,wine,4,7,2,0.25,0.43294208197036754,0.45076923076923076,7
cegb,wine,4,28,1,0.0,0.5249182220511833,0.5376923076923077,84
cegb,wine,1024,7,1,0.5,0.43294208197036754,0.45076923076923076,7
cegb,wine,1024,7,2,0.125,0.43294208197036754,0.45076923076923076,7
cegb,wine,4,28,4,0.0625,0.5287665961131423,0.5430769230769231,46
cegb,wine,4,28,8,0.015625,0.5572445641716375,0.5461538461538461,504
cegb,wine,256,7,8,0.25,0.43294208197036754,0.45076923076923076,7
cegb,wine,64,112,8,0.0078125,0.6217048297094477,0.5723076923076923,1802
cegb,wine,8,7,4,0.25,0.43294208197036754,0.45076923076923076,7
cegb,wine,8,56,2,0.0,0.5331922262843949,0.5484615384615384,386
cegb,kin8nm,256,1,8,0.015625,0.06606371687997134,0.06802546627389565,3
ccp,covtype,32,32,4,0.5,1.3857056791728541,0.5134807190864263,32
cegb,wine,8,28,8,0.0625,0.5287665961131423,0.5430769230769231,46
cegb,wine,128,7,2,0.5,0.43294208197036754,0.45076923076923076,7
cegb,wine,128,56,8,0.03125,0.5374254377525496,0.5484615384615384,152
cegb,wine,512,84,2,0.015625,0.5310756205503175,0.5476923076923077,204
cegb,wine,16,112,1,0.015625,0.5289590148162402,0.5423076923076923,178
cegb,kin8nm,64,1,1,0.015625,0.06606371687997134,0.06802546627389565,3
cegb,wine,128,7,4,0.125,0.43294208197036754,0.45076923076923076,7
cegb,wine,16,112,4,0.0,0.6140080815855301,0.5876923076923077,2974
cegb,wine,1024,63,4,0.03125,0.5358860881277661,0.5492307692307692,129
cegb,kin8nm,128,1,2,0.03125,0.06907644570634452,0.07109609713609565,1
cegb,wine,256,210,1,0.0078125,0.5289590148162402,0.5423076923076923,346
cegb,kin8nm,512,512,2,0.0,0.024952691044061878,0.03143345530672741,3450
cegb,covtype,512,1,2,0.5,0.5121307892058888,0.5134807190864263,1
cegb,wine,16,7,8,0.25,0.43294208197036754,0.45076923076923076,7
cegb,kin8nm,128,4,4,0.0078125,0.059890298240104584,0.061533426162836566,12
cegb,breastcancer,1,1,1,0.03125,0.6329670329670329,0.6052631578947368,3
cegb,kin8nm,512,1,4,0.25,0.06907644570634452,0.07109609713609565,1
cegb,wine,32,28,1,0.0625,0.43294208197036754,0.45076923076923076,40
cegb,wine,32,84,2,0.015625,0.5310756205503175,0.5476923076923077,204
cegb,wine,1,7,2,0.0078125,0.43294208197036754,0.45076923076923076,39
ccp,covtype,8,8,8,0.015625,1.265404026684563,0.728285844599537,22
cegb,wine,2,7,1,0.125,0.43294208197036754,0.45076923076923076,7
cegb,wine,1,7,1,0.03125,0.43294208197036754,0.45076923076923076,11
cegb,wine,32,224,8,0.0,0.8025784106215124,0.6223076923076923,13500
cegb,wine,1,7,8,0.5,0.43294208197036754,0.45076923076923076,7
cegb,kin8nm,256,1,1,0.5,0.06907644570634452,0.07109609713609565,1
cegb,kin8nm,1024,1,1,0.015625,0.06606371687997134,0.06802546627389565,3
cegb,wine,64,7,1,0.25,0.43294208197036754,0.45076923076923076,7
cegb,wine,512,84,8,0.015625,0.5591687512026169,0.55,696
ccp,wine,256,256,4,0.015625,1.2464724129309408,0.45076923076923076,1800
cegb,kin8nm,64,64,4,0.0,0.0223772418727393,0.028342905216211897,1852
cegb,wine,2,14,2,0.03125,0.43294208197036754,0.45076923076923076,36
lgbm_base,covtype,2,2,2,0.0,0.731192812531599,0.728260027710128,14
cegb,wine,2,14,4,0.0078125,0.5208774292861266,0.5346153846153846,230
cegb,wine,64,84,4,0.015625,0.5385799499711372,0.5484615384615384,366
cegb,kin8nm,256,1,2,0.125,0.06907644570634452,0.07109609713609565,1
cegb,kin8nm,256,1,4,0.03125,0.06907644570634452,0.07109609713609565,1
lgbm_quant,covtype,2,2,2,0.0,0.7312078724809545,0.7284235346763853,14
cegb,wine,64,28,2,0.0625,0.5287665961131423,0.5430769230769231,46
cegb,wine,512,70,1,0.03125,0.503174908601116,0.52,100
cegb,kin8nm,128,1,1,0.0625,0.06907644570634452,0.07109609713609565,1
ccp,wine,1024,1024,1,0.125,1.2802360586551225,0.45076923076923076,7168
cegb,wine,4,7,2,0.125,0.43294208197036754,0.45076923076923076,7
cegb,kin8nm,64,1,8,0.25,0.06907644570634452,0.07109609713609565,1
cegb,wine,256,7,4,0.5,0.43294208197036754,0.45076923076923076,7
cegb,wine,4,7,1,0.5,0.43294208197036754,0.45076923076923076,7
ccp,covtype,16,16,8,0.25,1.3857056791728541,0.5134807190864263,16
cegb,wine,4,28,4,0.03125,0.5254954781604771,0.5392307692307692,76
cegb,wine,4,28,8,0.0078125,0.5710987107946892,0.546923076923077,948
cegb,wine,8,7,2,0.5,0.43294208197036754,0.45076923076923076,7
cegb,wine,8,7,4,0.125,0.43294208197036754,0.45076923076923076,7
cegb,kin8nm,256,4,8,0.0078125,0.059890298240104584,0.061533426162836566,12
cegb,wine,256,7,8,0.125,0.43294208197036754,0.45076923076923076,7
cegb,wine,128,896,1,0.0,0.5643640561862613,0.5638461538461539,2688
cegb,wine,8,56,8,0.03125,0.5374254377525496,0.5484615384615384,152
cegb,wine,1024,28,2,0.0625,0.5287665961131423,0.5430769230769231,46
cegb,wine,128,7,2,0.25,0.43294208197036754,0.45076923076923076,7
cegb,kin8nm,1024,1024,4,0.0,0.003966812222695884,0.016851191063419108,24382
cegb,wine,1024,7,1,0.25,0.43294208197036754,0.45076923076923076,7
cegb,wine,128,84,8,0.015625,0.5591687512026169,0.55,696
cegb,wine,16,112,1,0.0078125,0.5289590148162402,0.5423076923076923,214
cegb,wine,16,7,4,0.5,0.43294208197036754,0.45076923076923076,7
cegb,wine,128,28,4,0.0625,0.5287665961131423,0.5430769230769231,46
lgbm_base,covtype,4,4,4,0.0,0.7472746870219811,0.7430272884521054,124
cegb,kin8nm,128,1,2,0.015625,0.06606371687997134,0.06802546627389565,3
cegb,wine,512,112,2,0.0078125,0.5343467385029825,0.5492307692307692,360
cegb,kin8nm,512,1,2,0.5,0.06907644570634452,0.07109609713609565,1
cegb,wine,16,7,8,0.125,0.43294208197036754,0.45076923076923076,7
lgbm_quant,covtype,4,4,4,0.0,0.7472962012353461,0.7429756546732873,124
cegb,breastcancer,1,1,1,0.015625,0.6329670329670329,0.6052631578947368,3
cegb,kin8nm,128,128,8,0.0,0.006551259288897766,0.014760259999896,7742
cegb,wine,1024,84,4,0.015625,0.5385799499711372,0.5484615384615384,366
cegb,wine,1,7,4,0.0,0.4321724071579758,0.45076923076923076,169
cegb,kin8nm,512,1,4,0.125,0.06907644570634452,0.07109609713609565,1
cegb,wine,32,112,2,0.0078125,0.5343467385029825,0.5492307692307692,360
cegb,wine,32,70,1,0.03125,0.503174908601116,0.52,100
cegb,wine,512,3584,8,0.0,1.0,0.666923076923077,166036
cegb,wine,256,1792,2,0.0,0.6834712334038868,0.5953846153846154,12254
cegb,wine,2,14,1,0.0625,0.43294208197036754,0.45076923076923076,22
cegb,kin8nm,256,1,1,0.25,0.06907644570634452,0.07109609713609565,1
cegb,kin8nm,1024,4,1,0.0078125,0.059890298240104584,0.061533426162836566,12
cegb,wine,1,7,1,0.015625,0.43294208197036754,0.45076923076923076,19
cegb,wine,1,7,8,0.25,0.43294208197036754,0.45076923076923076,7
cegb,wine,32,7,8,0.5,0.43294208197036754,0.45076923076923076,7
cegb,wine,64,7,1,0.125,0.43294208197036754,0.45076923076923076,7
cegb,wine,2,14,2,0.015625,0.43294208197036754,0.45076923076923076,62
cegb,wine,2,14,8,0.0,0.5455070232826631,0.5323076923076923,762
cegb,kin8nm,256,1,4,0.015625,0.06606371687997134,0.06802546627389565,3
ccp,california_housing,256,256,8,0.0078125,0.3978378923997165,0.41810599215679173,620
cegb,kin8nm,256,1,2,0.0625,0.06907644570634452,0.07109609713609565,1
cegb,wine,64,112,4,0.0078125,0.5585914950933231,0.5561538461538461,760
cegb,wine,64,56,2,0.03125,0.5318452953627093,0.5446153846153846,104
ccp,wine,512,512,4,0.5,1.2802360586551225,0.45076923076923076,3584
cegb,wine,4,28,2,0.0625,0.5287665961131423,0.5430769230769231,46
cegb,wine,4,7,1,0.25,0.43294208197036754,0.45076923076923076,7
cegb,wine,4,28,4,0.015625,0.5335770636905908,0.5415384615384615,238
cegb,wine,256,7,4,0.25,0.43294208197036754,0.45076923076923076,7
cegb,wine,8,56,1,0.0,0.5249182220511833,0.5376923076923077,168
cegb,wine,512,133,1,0.015625,0.529728689628632,0.5407692307692308,205
cegb,wine,8,28,4,0.0625,0.5287665961131423,0.5430769230769231,46
lgbm_base,covtype,8,8,8,0.0,0.7876095342387949,0.7838954243866337,488
cegb,wine,8,56,8,0.015625,0.5580142389840292,0.5492307692307692,640
cegb,wine,8,7,2,0.25,0.43294208197036754,0.45076923076923076,7
cegb,kin8nm,512,512,1,0.0,0.03735472237964357,0.04020527549669856,1536
cegb,wine,128,7,1,0.5,0.43294208197036754,0.45076923076923076,7
lgbm_base,covtype,2,2,1,0.0,0.6674203812748892,0.6648967754705128,6
cegb,wine,128,7,2,0.125,0.43294208197036754,0.45076923076923076,7
cegb,kin8nm,1024,1,4,0.5,0.06907644570634452,0.07109609713609565,1
cegb,wine,256,28,8,0.0625,0.5287665961131423,0.5430769230769231,46
cegb,wine,16,112,2,0.0,0.5443525110640755,0.5538461538461539,778
lgbm_quant,covtype,8,8,8,0.0,0.7876461084015155,0.7838179737184066,488
cegb,wine,16,7,4,0.25,0.43294208197036754,0.45076923076923076,7
cegb,wine,128,112,8,0.0078125,0.6217048297094477,0.5723076923076923,1802
cegb,covtype,512,1,4,0.125,0.7296631519613432,0.7264442398216914,5
lgbm_quant,covtype,2,2,1,0.0,0.6673020531013815,0.6647160572446494,6
cegb,wine,128,63,4,0.03125,0.5358860881277661,0.5492307692307692,129
cegb,wine,16,28,8,0.0625,0.5287665961131423,0.5430769230769231,46
cegb,kin8nm,512,1,2,0.25,0.06907644570634452,0.07109609713609565,1
lgbm_base,covtype,32,32,1,0.0,0.7317973619271572,0.728784971128112,96
cegb,breastcancer,1,1,1,0.0078125,0.6329670329670329,0.6052631578947368,3
cegb,wine,1024,56,2,0.03125,0.5318452953627093,0.5446153846153846,104
cegb,kin8nm,512,1,4,0.0625,0.06907644570634452,0.07109609713609565,1
cegb,wine,1,7,4,0.5,0.43294208197036754,0.45076923076923076,7
cegb,wine,1024,7,1,0.125,0.43294208197036754,0.45076923076923076,7
cegb,wine,32,133,1,0.015625,0.529728689628632,0.5407692307692308,205
lgbm_quant,covtype,32,32,1,0.0,0.7318016647698302,0.7288021823877181,96
cegb,wine,32,224,4,0.0,0.6574947084856648,0.6046153846153847,5766
cegb,wine,1,7,1,0.0078125,0.43294208197036754,0.45076923076923076,19
cegb,wine,2,14,1,0.03125,0.43294208197036754,0.45076923076923076,22
cegb,wine,1,7,8,0.125,0.43294208197036754,0.45076923076923076,7
cegb,wine,256,7,2,0.5,0.43294208197036754,0.45076923076923076,7
cegb,wine,32,7,8,0.25,0.43294208197036754,0.45076923076923076,7
cegb,wine,64,28,1,0.0625,0.43294208197036754,0.45076923076923076,40
cegb,wine,512,7,8,0.5,0.43294208197036754,0.45076923076923076,7
cegb,wine,2,7,8,0.5,0.43294208197036754,0.45076923076923076,7
cegb,kin8nm,1024,1024,2,0.0,0.02108598382290928,0.029917675801185557,6970
cegb,wine,2,14,2,0.0078125,0.5206850105830286,0.5353846153846153,72
cegb,covtype,1024,21,2,0.0078125,0.7365347917101434,0.7336815744860288,147
ccp,wine,512,512,8,0.0,5.882767881763786e-06,0.6746153846153846,741680
cegb,wine,1024,112,4,0.0078125,0.5585914950933231,0.5561538461538461,760
lgbm_base,covtype,64,64,2,0.0,0.7622937593721292,0.7590251542559142,448
cegb,wine,64,84,2,0.015625,0.5310756205503175,0.5476923076923077,204
cegb,wine,4,7,1,0.125,0.43294208197036754,0.45076923076923076,7
cegb,wine,4,28,2,0.03125,0.5224167789109101,0.5376923076923077,62
cegb,wine,4,28,4,0.0078125,0.532999807581297,0.5430769230769231,380
cegb,wine,8,7,1,0.5,0.43294208197036754,0.45076923076923076,7
cegb,wine,256,7,4,0.125,0.43294208197036754,0.45076923076923076,7
cegb,wine,64,448,8,0.0,0.8934000384837406,0.6384615384615384,26846
cegb,wine,8,7,2,0.125,0.43294208197036754,0.45076923076923076,7
cegb,wine,8,56,8,0.0078125,0.6090051953049836,0.5646153846153846,1436
cegb,wine,8,56,4,0.03125,0.5318452953627093,0.5461538461538461,120
lgbm_quant,covtype,64,64,2,0.0,0.7623453934842054,0.7591284218135504,448
cegb,wine,128,7,1,0.25,0.43294208197036754,0.45076923076923076,7
cegb,wine,16,7,2,0.5,0.43294208197036754,0.45076923076923076,7
cegb,kin8nm,1024,1,4,0.25,0.06907644570634452,0.07109609713609565,1
cegb,wine,512,210,1,0.0078125,0.5289590148162402,0.5423076923076923,346
cegb,wine,128,28,2,0.0625,0.5287665961131423,0.5430769230769231,46
cegb,wine,16,7,4,0.125,0.43294208197036754,0.45076923076923076,7
cegb,wine,256,56,8,0.03125,0.5374254377525496,0.5484615384615384,152
cegb,wine,512,3584,4,0.0,0.9834519915335771,0.67,74998
cegb,wine,128,84,4,0.015625,0.5385799499711372,0.5484615384615384,366
cegb,wine,16,56,8,0.03125,0.5374254377525496,0.5484615384615384,152
cegb,breastcancer,1,1,2,0.0,0.6329670329670329,0.6052631578947368,7
cegb,wine,256,1792,1,0.0,0.578410621512411,0.5584615384615385,5376
cegb,wine,1,7,4,0.25,0.43294208197036754,0.45076923076923076,7
lgbm_base,breastcancer,4,4,8,0.0,0.9538461538461539,0.9210526315789473,92
lgbm_quant,breastcancer,4,4,8,0.0,0.9538461538461539,0.9210526315789473,92
cegb,wine,32,7,4,0.5,0.43294208197036754,0.45076923076923076,7
cegb,wine,32,210,1,0.0078125,0.5289590148162402,0.5423076923076923,346
cegb,wine,1,7,2,0.0,0.43294208197036754,0.45076923076923076,47
cegb,wine,2,14,1,0.015625,0.43294208197036754,0.45076923076923076,36
cegb,wine,1,7,8,0.0625,0.43294208197036754,0.45076923076923076,15
cegb,wine,32,7,8,0.125,0.43294208197036754,0.45076923076923076,7
cegb,wine,64,70,1,0.03125,0.503174908601116,0.52,100
cegb,wine,2,14,4,0.0,0.5229940350202039,0.536923076923077,354
cegb,wine,2,7,8,0.25,0.43294208197036754,0.45076923076923076,7
cegb,wine,256,7,2,0.25,0.43294208197036754,0.45076923076923076,7
cegb,wine,1024,84,2,0.015625,0.5310756205503175,0.5476923076923077,204
cegb,wine,4,28,1,0.0625,0.43294208197036754,0.45076923076923076,40
cegb,wine,64,112,2,0.0078125,0.5343467385029825,0.5492307692307692,360
cegb,wine,4,28,2,0.015625,0.5247258033480854,0.5376923076923077,102
cegb,wine,512,7,8,0.25,0.43294208197036754,0.45076923076923076,7
cegb,wine,8,7,1,0.25,0.43294208197036754,0.45076923076923076,7
cegb,wine,4,28,8,0.0,0.5832210890898595,0.5576923076923077,1598
cegb,wine,1024,28,1,0.0625,0.43294208197036754,0.45076923076923076,40
cegb,wine,8,28,2,0.0625,0.5287665961131423,0.5430769230769231,46
cegb,wine,64,7,8,0.5,0.43294208197036754,0.45076923076923076,7
cegb,wine,16,112,1,0.0,0.529536270925534,0.5423076923076923,336
cegb,wine,8,56,4,0.015625,0.5412738118145084,0.5438461538461539,320
cegb,wine,16,7,2,0.25,0.43294208197036754,0.45076923076923076,7
cegb,wine,16,28,4,0.0625,0.5287665961131423,0.5430769230769231,46
cegb,wine,128,7,1,0.125,0.43294208197036754,0.45076923076923076,7
cegb,wine,256,28,4,0.0625,0.5287665961131423,0.5430769230769231,46
cegb,covtype,1024,16,1,0.03125,0.7307453168936058,0.7278727743689922,48
cegb,wine,128,56,2,0.03125,0.5318452953627093,0.5446153846153846,104
cegb,wine,16,84,8,0.015625,0.5591687512026169,0.55,696
cegb,wine,128,112,4,0.0078125,0.5585914950933231,0.5561538461538461,760
cegb,wine,256,84,8,0.015625,0.5591687512026169,0.55,696
cegb,wine,32,7,4,0.25,0.43294208197036754,0.45076923076923076,7
cegb,wine,256,7,1,0.5,0.43294208197036754,0.45076923076923076,7
cegb,wine,32,224,2,0.0,0.565133730998653,0.5538461538461539,1556
cegb,wine,512,7,4,0.5,0.43294208197036754,0.45076923076923076,7
cegb,wine,32,28,8,0.0625,0.5287665961131423,0.5430769230769231,46
cegb,wine,64,133,1,0.015625,0.529728689628632,0.5407692307692308,205
ccp,california_housing,1024,1024,4,0.5,1.3276217235799053,1.3473246598968645,1024
cegb,wine,256,7,2,0.125,0.43294208197036754,0.45076923076923076,7
lgbm_base,breastcancer,8,8,1,0.0,0.9340659340659341,0.9298245614035088,24
lgbm_quant,breastcancer,8,8,1,0.0,0.9340659340659341,0.9298245614035088,24
cegb,wine,64,7,8,0.25,0.43294208197036754,0.45076923076923076,7
cegb,wine,64,448,4,0.0,0.7200307869924957,0.6153846153846154,11002
cegb,wine,128,28,1,0.0625,0.43294208197036754,0.45076923076923076,40
cegb,wine,128,84,2,0.015625,0.5310756205503175,0.5476923076923077,204
cegb,wine,512,3584,2,0.0,0.7394650760053877,0.6,23752
cegb,wine,256,63,4,0.03125,0.5358860881277661,0.5492307692307692,129
cegb,wine,256,112,8,0.0078125,0.6217048297094477,0.5723076923076923,1802
cegb,wine,1024,112,2,0.0078125,0.5343467385029825,0.5492307692307692,360
cegb,wine,256,7,1,0.25,0.43294208197036754,0.45076923076923076,7
cegb,wine,1024,70,1,0.03125,0.503174908601116,0.52,100
cegb,wine,512,7,4,0.25,0.43294208197036754,0.45076923076923076,7
cegb,covtype,512,1,2,0.25,0.5121307892058888,0.5134807190864263,1
cegb,wine,256,28,2,0.0625,0.5287665961131423,0.5430769230769231,46
lgbm_base,covtype,4,4,2,0.0,0.731192812531599,0.728260027710128,28
lgbm_base,covtype,1,1,8,0.0,0.7644129093885875,0.7615035756391831,61
cegb,wine,128,896,8,0.0,0.9734462189724842,0.6607692307692308,50652
cegb,wine,256,84,4,0.015625,0.5385799499711372,0.5484615384615384,366
lgbm_quant,covtype,4,4,2,0.0,0.7312078724809545,0.7284235346763853,28
ccp,california_housing,512,512,1,0.0,0.33859176608878183,0.3660841894016464,1536
cegb,wine,512,7,2,0.5,0.43294208197036754,0.45076923076923076,7
lgbm_quant,covtype,1,1,8,0.0,0.764376335225867,0.7614863643795772,61
cegb,wine,512,7,4,0.125,0.43294208197036754,0.45076923076923076,7
cegb,wine,512,3584,1,0.0,0.5918799307292669,0.5653846153846154,10752
cegb,wine,1024,133,1,0.015625,0.529728689628632,0.5407692307692308,205
lgbm_base,covtype,8,8,4,0.0,0.752874836760906,0.7487586379009148,248
lgbm_quant,covtype,8,8,4,0.0,0.7530017706197599,0.748870511088354,248
cegb,wine,512,7,2,0.25,0.43294208197036754,0.45076923076923076,7
cegb,wine,512,28,4,0.0625,0.5287665961131423,0.5430769230769231,46
lgbm_base,covtype,16,16,8,0.0,0.7939304101254494,0.7907885338588505,976
cegb,wine,1024,210,1,0.0078125,0.5289590148162402,0.5423076923076923,346
lgbm_base,covtype,64,64,1,0.0,0.7348868029663798,0.7320378991936525,192
lgbm_quant,covtype,16,16,8,0.0,0.7939820442375255,0.7907885338588505,976
lgbm_quant,covtype,64,64,1,0.0,0.7348975600730623,0.7320465048234555,192
cegb,covtype,512,4,4,0.0625,0.731192812531599,0.728260027710128,20
cegb,wine,1024,7168,4,0.0,0.9998075812969021,0.6715384615384615,142266
lgbm_base,covtype,1,1,4,0.0,0.746164553612344,0.7421495142121977,31
lgbm_quant,covtype,1,1,4,0.0,0.7462118848817472,0.7422183592506217,31
cegb,wine,1024,7168,8,0.0,1.0,0.666923076923077,278410
cegb,wine,1024,7168,2,0.0,0.8187415816817395,0.6084615384615385,46096
lgbm_base,covtype,4,4,1,0.0,0.6674203812748892,0.6648967754705128,12
cegb,wine,1024,7,4,0.5,0.43294208197036754,0.45076923076923076,7
lgbm_quant,covtype,4,4,1,0.0,0.6673020531013815,0.6647160572446494,12
lgbm_base,covtype,8,8,2,0.0,0.7323050973625725,0.7291205906904297,56
lgbm_quant,covtype,8,8,2,0.0,0.7321846177677283,0.7291636188394448,56
cegb,covtype,1024,1024,8,0.0,0.9371827998166989,0.9265165271120367,62464
cegb,wine,1024,7,4,0.25,0.43294208197036754,0.45076923076923076,7
ccp,covtype,64,64,2,0.03125,1.3618520315016742,0.6646644234658313,66
lgbm_base,covtype,16,16,4,0.0,0.7668052899147823,0.7636635887197405,496
lgbm_quant,covtype,16,16,4,0.0,0.7668160470214648,0.7636205605707254,496
lgbm_base,covtype,1,1,2,0.0,0.7296631519613432,0.7264442398216914,7
lgbm_quant,covtype,1,1,2,0.0,0.7295491266305084,0.726280732855434,7
lgbm_base,covtype,32,32,8,0.0,0.8091646246092481,0.8049275836252077,1952
ccp,covtype,128,128,2,0.5,1.3857056791728541,0.5134807190864263,128
lgbm_quant,covtype,32,32,8,0.0,0.8091065362331624,0.8047382597695413,1952
cegb,covtype,1024,28,1,0.015625,0.7317973619271572,0.728784971128112,84
lgbm_base,covtype,2,2,8,0.0,0.7719041584823013,0.7674844883522801,122
lgbm_quant,covtype,2,2,8,0.0,0.7718847956902728,0.7676479953185373,122
lgbm_base,covtype,8,8,1,0.0,0.7286025012424459,0.7255234374327685,24
lgbm_quant,covtype,8,8,1,0.0,0.7285938955570997,0.7253857473559202,24
lgbm_base,covtype,16,16,2,0.0,0.7346286324059991,0.7314010825882292,112
lgbm_quant,covtype,16,16,2,0.0,0.7345705440299134,0.7314699276266533,112
ccp,wine,1024,1024,2,0.03125,1.2802360586551225,0.45076923076923076,7168
lgbm_base,covtype,32,32,4,0.0,0.7809594908876549,0.7777337934476735,992
ccp,wine,1024,1024,1,0.0625,1.2802360586551225,0.45076923076923076,7168
lgbm_quant,covtype,32,32,4,0.0,0.7810089735783946,0.7777510047072795,992
lgbm_base,covtype,64,64,8,0.0,0.8247903977762909,0.8195743655499428,3904
lgbm_base,covtype,2,2,4,0.0,0.7536106228579912,0.7496105952514135,62
lgbm_quant,covtype,2,2,4,0.0,0.7536880740261054,0.7495761727322015,62
lgbm_quant,covtype,64,64,8,0.0,0.8247129466081767,0.8196690274777759,3904
lgbm_base,covtype,4,4,8,0.0,0.7811143932238833,0.7778112441159006,244
lgbm_quant,covtype,4,4,8,0.0,0.7810541534264612,0.7776993709284614,244
lgbm_base,covtype,16,16,1,0.0,0.7307453168936058,0.7278727743689922,48
lgbm_quant,covtype,16,16,1,0.0,0.7308550393817675,0.7279158025180072,48
lgbm_base,covtype,32,32,2,0.0,0.7417025057604306,0.7378897274597042,224
lgbm_quant,covtype,32,32,2,0.0,0.7417627455578528,0.7380962625749765,224
ccp,wine,1024,1024,4,0.03125,1.2802360586551225,0.45076923076923076,7168
ccp,covtype,8,8,8,0.0078125,1.1938989133983957,0.7284665628254003,38
lgbm_base,covtype,64,64,4,0.0,0.7902385711120051,0.7868127328898565,1974
ccp,wine,256,256,8,0.0625,1.2802360586551225,0.45076923076923076,1792
lgbm_quant,covtype,64,64,4,0.0,0.7903031137521003,0.7866750428130083,1974
cegb,covtype,1024,52,1,0.0078125,0.7331226374704448,0.7304974914589124,156
ccp,covtype,256,256,4,0.0078125,1.1938987254230402,0.7284665628254003,286
ccp,wine,512,512,8,0.03125,1.2802360586551225,0.45076923076923076,3584
ccp,wine,512,512,4,0.25,1.2802360586551225,0.45076923076923076,3584
ccp,covtype,32,32,4,0.25,1.3857056791728541,0.5134807190864263,32
ccp,covtype,16,16,1,0.0,1.2060345385754663,0.7274338872490383,48
ccp,covtype,512,512,2,0.125,1.3857056791728541,0.5134807190864263,512
ccp,covtype,256,256,2,0.015625,1.2654039977422527,0.728285844599537,270
cegb,covtype,1024,1024,4,0.0,0.8753810705042286,0.8691083706961094,30626
ccp,wine,1024,1024,1,0.03125,1.2802360586551225,0.45076923076923076,7168
ccp,california_housing,1024,1024,4,0.25,1.0775424914093958,1.099237091366297,1032
ccp,covtype,512,512,1,0.25,1.3857056791728541,0.5134807190864263,512
ccp,covtype,256,256,1,0.015625,1.3000523069256795,0.7269433663502664,266
ccp,covtype,64,64,2,0.015625,1.2654039977424694,0.728285844599537,78
ccp,california_housing,1024,1024,8,0.0,0.0016705114918777928,0.20761820608035061,273214
cegb,covtype,1024,1,4,0.5,0.5121307892058888,0.5134807190864263,1
ccp,wine,1024,1024,2,0.015625,1.2464724129309408,0.45076923076923076,7176
ccp,covtype,16,16,8,0.125,1.3857056791728541,0.5134807190864263,16
cegb,covtype,1024,1024,2,0.0,0.800830018351624,0.797079249244856,7154
ccp,covtype,64,64,4,0.0625,1.3857056791728541,0.5134807190864263,64
ccp,covtype,32,32,8,0.0,0.7199169521340274,0.8465616206122045,15374
ccp,wine,256,256,8,0.03125,1.2802360586551225,0.45076923076923076,1792
ccp,wine,1024,1024,1,0.015625,1.2464724129309408,0.45076923076923076,7176
ccp,wine,512,512,4,0.125,1.2802360586551225,0.45076923076923076,3584
cegb,covtype,1024,1,4,0.25,0.5121307892058888,0.5134807190864263,1
ccp,wine,512,512,8,0.5,1.2802360586551225,0.45076923076923076,3584
ccp,covtype,32,32,8,0.0078125,1.19389872661908,0.7284665628254003,62
ccp,covtype,128,128,2,0.25,1.3857056791728541,0.5134807190864263,128
ccp,covtype,64,64,2,0.0078125,1.1938987254244497,0.7284665628254003,94
ccp,wine,1024,1024,1,0.0078125,1.2075618375315063,0.52,7192
ccp,wine,1024,1024,2,0.0078125,1.1947004429849775,0.5484615384615384,7200
ccp,wine,1024,1024,8,0.25,1.2802360586551225,0.45076923076923076,7168
ccp,wine,1024,1024,8,0.0625,1.2802360586551225,0.45076923076923076,7168
ccp,wine,1024,1024,4,0.015625,1.2464724129309408,0.45076923076923076,7176
ccp,covtype,64,64,1,0.0,1.0911711571718212,0.7328296171355301,192
ccp,wine,1024,1024,8,0.015625,1.2464724129309408,0.45076923076923076,7176
ccp,wine,256,256,8,0.015625,1.2464724129309408,0.45076923076923076,1800
ccp,wine,512,512,4,0.0625,1.2802360586551225,0.45076923076923076,3584
ccp,covtype,128,128,4,0.5,1.3857056791728541,0.5134807190864263,128
ccp,wine,512,512,8,0.015625,1.2464724129309408,0.45076923076923076,3592
ccp,covtype,16,16,8,0.0625,1.3857056791728541,0.5134807190864263,16
ccp,covtype,256,256,1,0.0078125,1.2185581334712856,0.7283891121571732,284
ccp,covtype,64,64,1,0.5,1.3857056791728541,0.5134807190864263,64
ccp,wine,1024,1024,2,0.0,0.5189886183584976,0.6338461538461538,47112
ccp,covtype,64,64,4,0.03125,1.3618520315016742,0.6646644234658313,66
ccp,wine,256,256,8,0.0078125,1.1947004429849775,0.5484615384615384,1824
ccp,wine,512,512,8,0.25,1.2802360586551225,0.45076923076923076,3584
ccp,covtype,64,64,1,0.25,1.3857056791728541,0.5134807190864263,64
ccp,wine,512,512,1,0.0,1.0441918693128651,0.5561538461538461,10752
ccp,wine,1024,1024,4,0.0,0.037210184546232164,0.6684615384615384,171250
ccp,covtype,128,128,2,0.125,1.3857056791728541,0.5134807190864263,128
ccp,covtype,64,64,4,0.0,0.885815684970649,0.7912360266086074,1982
ccp,covtype,64,64,1,0.125,1.3857056791728541,0.5134807190864263,64
ccp,covtype,16,16,8,0.03125,1.361852031565557,0.6646644234658313,18
ccp,wine,1024,1024,4,0.0078125,1.1947004429849775,0.5484615384615384,7200
ccp,covtype,32,32,8,0.5,1.3857056791728541,0.5134807190864263,32
ccp,covtype,256,256,2,0.0078125,1.1938987254230402,0.7284665628254003,286
ccp,covtype,64,64,1,0.0625,1.3857056791728541,0.5134807190864263,64
ccp,covtype,512,512,1,0.125,1.3857056791728541,0.5134807190864263,512
ccp,covtype,64,64,8,0.0625,1.3857056791728541,0.5134807190864263,64
ccp,covtype,128,128,8,0.5,1.3857056791728541,0.5134807190864263,128
ccp,covtype,64,64,1,0.03125,1.3618520315016742,0.6646644234658313,66
ccp,covtype,64,64,4,0.015625,1.2654039977424694,0.728285844599537,78
ccp,covtype,16,16,8,0.015625,1.2654040031053395,0.728285844599537,30
ccp,covtype,64,64,1,0.015625,1.300052306925743,0.7269433663502664,74
ccp,wine,1024,1024,4,0.5,1.2802360586551225,0.45076923076923076,7168
ccp,covtype,128,128,2,0.0625,1.3857056791728541,0.5134807190864263,128
ccp,covtype,128,128,4,0.25,1.3857056791728541,0.5134807190864263,128
ccp,covtype,256,256,2,0.0,0.9195248018593991,0.7809006652151838,1792
ccp,wine,1024,1024,8,0.0,1.3122800180185157e-08,0.6792307692307692,977870
ccp,covtype,32,32,8,0.25,1.3857056791728541,0.5134807190864263,32
ccp,covtype,64,64,4,0.0078125,1.1938987254244497,0.7284665628254003,94
ccp,wine,1024,1024,4,0.25,1.2802360586551225,0.45076923076923076,7168
ccp,covtype,128,128,2,0.03125,1.3618520315016724,0.6646644234658313,130
ccp,covtype,512,512,2,0.0625,1.3857056791728541,0.5134807190864263,512
ccp,covtype,1024,1024,2,0.5,1.3857056791728541,0.5134807190864263,1024
ccp,covtype,512,512,1,0.0625,1.3857056791728541,0.5134807190864263,512
ccp,covtype,512,512,4,0.03125,1.361852031501671,0.6646644234658313,514
ccp,covtype,128,128,2,0.015625,1.2654039977422527,0.728285844599537,142
ccp,covtype,256,256,2,0.5,1.3857056791728541,0.5134807190864263,256
ccp,covtype,32,32,8,0.125,1.3857056791728541,0.5134807190864263,32
ccp,covtype,128,128,4,0.125,1.3857056791728541,0.5134807190864263,128
ccp,covtype,64,64,8,0.03125,1.3618520315016742,0.6646644234658313,66
ccp,covtype,256,256,4,0.0,0.7553299154258996,0.8235587721487397,7922
ccp,covtype,64,64,8,0.0,0.6276448899459287,0.865889865149781,29286
ccp,covtype,512,512,1,0.03125,1.361852031501671,0.6646644234658313,514
ccp,covtype,32,32,8,0.0625,1.3857056791728541,0.5134807190864263,32
ccp,covtype,256,256,2,0.25,1.3857056791728541,0.5134807190864263,256
ccp,covtype,128,128,4,0.0625,1.3857056791728541,0.5134807190864263,128
ccp,covtype,512,512,2,0.03125,1.361852031501671,0.6646644234658313,514
ccp,covtype,64,64,8,0.015625,1.2654039977424694,0.728285844599537,78
ccp,covtype,512,512,1,0.015625,1.3000523069256802,0.7269433663502664,522
ccp,covtype,128,128,8,0.25,1.3857056791728541,0.5134807190864263,128
ccp,covtype,256,256,2,0.125,1.3857056791728541,0.5134807190864263,256
ccp,covtype,64,64,8,0.5,1.3857056791728541,0.5134807190864263,64
ccp,covtype,128,128,4,0.03125,1.3618520315016724,0.6646644234658313,130
ccp,covtype,256,256,8,0.0,0.3771615829378661,0.9253805839780385,112248
ccp,covtype,256,256,4,0.5,1.3857056791728541,0.5134807190864263,256
ccp,covtype,512,512,1,0.0078125,1.2185581334712856,0.7283891121571732,540
ccp,covtype,256,256,2,0.0625,1.3857056791728541,0.5134807190864263,256
ccp,covtype,64,64,8,0.0078125,1.1938987254244497,0.7284665628254003,94
ccp,covtype,128,128,4,0.015625,1.2654039977422527,0.728285844599537,142
ccp,covtype,512,512,2,0.015625,1.2654039977422524,0.728285844599537,526
ccp,covtype,128,128,1,0.0,1.0395966816284345,0.748354173300173,384
ccp,covtype,1024,1024,2,0.25,1.3857056791728541,0.5134807190864263,1024
ccp,covtype,128,128,1,0.5,1.3857056791728541,0.5134807190864263,128
ccp,covtype,64,64,8,0.25,1.3857056791728541,0.5134807190864263,64
ccp,covtype,512,512,4,0.015625,1.2654039977422524,0.728285844599537,526
ccp,covtype,1024,1024,4,0.125,1.3857056791728541,0.5134807190864263,1024
ccp,covtype,128,128,1,0.25,1.3857056791728541,0.5134807190864263,128
ccp,covtype,128,128,1,0.125,1.3857056791728541,0.5134807190864263,128
ccp,covtype,128,128,4,0.0078125,1.19389872542304,0.7284665628254003,158
ccp,covtype,128,128,1,0.0625,1.3857056791728541,0.5134807190864263,128
ccp,covtype,256,256,4,0.25,1.3857056791728541,0.5134807190864263,256
ccp,covtype,512,512,2,0.0,0.8780187253172161,0.7905992100031841,3584
ccp,covtype,128,128,8,0.125,1.3857056791728541,0.5134807190864263,128
ccp,covtype,512,512,2,0.0078125,1.1938987254230402,0.7284665628254003,542
ccp,covtype,512,512,2,0.5,1.3857056791728541,0.5134807190864263,512
ccp,covtype,256,256,4,0.125,1.3857056791728541,0.5134807190864263,256
ccp,covtype,128,128,8,0.0,0.5135707448955894,0.8936085987452992,56982
ccp,covtype,512,512,8,0.0078125,1.1938987254230402,0.7284665628254003,542
ccp,covtype,1024,1024,2,0.125,1.3857056791728541,0.5134807190864263,1024
ccp,covtype,512,512,4,0.0078125,1.1938987254230402,0.7284665628254003,542
ccp,covtype,512,512,8,0.125,1.3857056791728541,0.5134807190864263,512
ccp,covtype,128,128,8,0.0625,1.3857056791728541,0.5134807190864263,128
ccp,covtype,256,256,8,0.5,1.3857056791728541,0.5134807190864263,256
ccp,covtype,512,512,2,0.25,1.3857056791728541,0.5134807190864263,512
ccp,covtype,256,256,4,0.0625,1.3857056791728541,0.5134807190864263,256
ccp,covtype,1024,1024,1,0.0,0.952733983292116,0.7703931912256998,3072
ccp,covtype,512,512,4,0.0,0.673119003871824,0.8480331833085204,15822
ccp,covtype,256,256,4,0.03125,1.361852031501671,0.6646644234658313,258
ccp,covtype,128,128,8,0.03125,1.3618520315016724,0.6646644234658313,130
ccp,covtype,1024,1024,1,0.5,1.3857056791728541,0.5134807190864263,1024
ccp,covtype,1024,1024,2,0.0625,1.3857056791728541,0.5134807190864263,1024
ccp,covtype,1024,1024,4,0.0625,1.3857056791728541,0.5134807190864263,1024
ccp,covtype,256,256,4,0.015625,1.2654039977422527,0.728285844599537,270
ccp,covtype,1024,1024,1,0.25,1.3857056791728541,0.5134807190864263,1024
ccp,covtype,512,512,4,0.5,1.3857056791728541,0.5134807190864263,512
ccp,covtype,128,128,8,0.015625,1.2654039977422527,0.728285844599537,142
ccp,covtype,256,256,8,0.25,1.3857056791728541,0.5134807190864263,256
ccp,covtype,1024,1024,2,0.03125,1.361852031501671,0.6646644234658313,1026
ccp,covtype,1024,1024,1,0.125,1.3857056791728541,0.5134807190864263,1024
ccp,covtype,128,128,8,0.0078125,1.19389872542304,0.7284665628254003,158
ccp,covtype,1024,1024,1,0.0625,1.3857056791728541,0.5134807190864263,1024
ccp,covtype,512,512,4,0.25,1.3857056791728541,0.5134807190864263,512
ccp,covtype,256,256,1,0.0,0.9977948383511084,0.7612970405239108,768
ccp,covtype,512,512,8,0.0,0.23460936517756806,0.9509651213824084,222922
ccp,covtype,256,256,1,0.5,1.3857056791728541,0.5134807190864263,256
ccp,covtype,256,256,1,0.25,1.3857056791728541,0.5134807190864263,256
ccp,covtype,1024,1024,8,0.0078125,1.1938987254230402,0.7284665628254003,1054
ccp,mushroom,1,1,1,0.0,1.3220381959995247,0.8055384615384615,3
ccp,mushroom,1,1,1,0.5,1.3853753814463896,0.5292307692307693,1
ccp,mushroom,1,1,1,0.25,1.3853753814463896,0.5292307692307693,1
ccp,mushroom,1,1,1,0.125,1.3853753814463896,0.5292307692307693,1
ccp,mushroom,1,1,1,0.0625,1.3220381959995247,0.8055384615384615,3
ccp,mushroom,1,1,1,0.03125,1.3220381959995247,0.8055384615384615,3
ccp,mushroom,1,1,1,0.015625,1.3220381959995247,0.8055384615384615,3
ccp,mushroom,1,1,1,0.0078125,1.3220381959995247,0.8055384615384615,3
ccp,mushroom,1,1,2,0.0,1.2550787196338495,0.912,7
ccp,covtype,1024,1024,2,0.015625,1.2654039977422524,0.728285844599537,1038
ccp,covtype,1024,1024,8,0.03125,1.361852031501671,0.6646644234658313,1026
ccp,covtype,1024,1024,1,0.03125,1.361852031501671,0.6646644234658313,1026
ccp,covtype,1024,1024,4,0.03125,1.361852031501671,0.6646644234658313,1026
ccp,covtype,1024,1024,8,0.125,1.3857056791728541,0.5134807190864263,1024
ccp,covtype,512,512,8,0.0625,1.3857056791728541,0.5134807190864263,512
ccp,covtype,1024,1024,8,0.5,1.3857056791728541,0.5134807190864263,1024
ccp,covtype,256,256,8,0.125,1.3857056791728541,0.5134807190864263,256
ccp,covtype,1024,1024,1,0.015625,1.3000523069256802,0.7269433663502664,1034
ccp,covtype,512,512,4,0.125,1.3857056791728541,0.5134807190864263,512
ccp,covtype,1024,1024,2,0.0078125,1.1938987254230402,0.7284665628254003,1054
ccp,covtype,1024,1024,1,0.0078125,1.2185581334712856,0.7283891121571732,1052
ccp,covtype,512,512,4,0.0625,1.3857056791728541,0.5134807190864263,512
ccp,covtype,256,256,8,0.0625,1.3857056791728541,0.5134807190864263,256
ccp,covtype,1024,1024,2,0.0,0.8383840618910212,0.8001428534547301,7168
ccp,covtype,1024,1024,4,0.015625,1.2654039977422524,0.728285844599537,1038
ccp,covtype,512,512,8,0.5,1.3857056791728541,0.5134807190864263,512
ccp,covtype,1024,1024,4,0.0,0.5699267975262241,0.875949846389508,31630
ccp,covtype,512,512,8,0.03125,1.361852031501671,0.6646644234658313,514
ccp,covtype,256,256,8,0.03125,1.361852031501671,0.6646644234658313,258
ccp,covtype,1024,1024,4,0.0078125,1.1938987254230402,0.7284665628254003,1054
ccp,covtype,1024,1024,4,0.5,1.3857056791728541,0.5134807190864263,1024
ccp,covtype,256,256,8,0.015625,1.2654039977422527,0.728285844599537,270
ccp,covtype,512,512,8,0.25,1.3857056791728541,0.5134807190864263,512
ccp,covtype,1024,1024,8,0.015625,1.2654039977422524,0.728285844599537,1038
ccp,covtype,512,512,8,0.015625,1.2654039977422524,0.728285844599537,526
ccp,covtype,1024,1024,8,0.0625,1.3857056791728541,0.5134807190864263,1024
ccp,covtype,256,256,8,0.0078125,1.1938987254230402,0.7284665628254003,286
ccp,covtype,1024,1024,8,0.25,1.3857056791728541,0.5134807190864263,1024
ccp,covtype,512,512,1,0.0,0.9692966448781424,0.7675963615397193,1536
ccp,covtype,1024,1024,4,0.25,1.3857056791728541,0.5134807190864263,1024
ccp,covtype,1024,1024,8,0.0,0.12134841286609234,0.9659561284992643,435248
